/Users/aariassantagmail.com/WORKSPACE/TRADING-DECK/server.py:2094: DeprecationWarning: 
        on_event is deprecated, use lifespan event handlers instead.

        Read more about it in the
        [FastAPI docs for Lifespan Events](https://fastapi.tiangolo.com/advanced/events/).
        
  @app.on_event("startup")
INFO:     Will watch for changes in these directories: ['/Users/aariassantagmail.com/WORKSPACE/TRADING-DECK']
INFO:     Uvicorn running on http://0.0.0.0:8000 (Press CTRL+C to quit)
INFO:     Started reloader process [12771] using WatchFiles
INFO:     Started server process [12775]
INFO:     Waiting for application startup.
2026-08-31 15:27:04,831 [INFO] Started 1-minute Auto-Refresh loop.
2026-08-31 15:27:04,831 [INFO] Started 30-second Level Monitor loop.
2026-08-31 15:27:04,831 [INFO] Started 15-second Position Refresh loop.
2026-08-31 15:27:04,831 [INFO] Started 10-minute Recommendation Engine loop.
INFO:     Application startup complete.
INFO:     127.0.0.1:56012 - "GET / HTTP/1.1" 200 OK
2026-08-31 15:27:05,202 [INFO] 49 changes detected
2026-08-31 15:27:07,345 [INFO] 4 changes detected
2026-08-31 15:35:36,084 [INFO] 2 changes detected
2026-08-31 15:39:09,084 [INFO] 3 changes detected
2026-08-31 15:39:13,380 [INFO] 3 changes detected
2026-08-31 15:39:16,388 [INFO] 3 changes detected
2026-08-31 15:39:17,992 [INFO] 2 changes detected
2026-08-31 15:39:18,357 [INFO] 28 changes detected
2026-08-31 15:39:48,537 [INFO] 41 changes detected
2026-08-31 15:39:50,794 [INFO] 4 changes detected
INFO:     127.0.0.1:56172 - "GET /api/bot/status HTTP/1.1" 200 OK
2026-08-31 15:46:41,355 [INFO] 3 changes detected
2026-08-31 15:55:45,009 [INFO] 3 changes detected
WARNING:  WatchFiles detected changes in 'engine.py'. Reloading...
INFO:     Shutting down
INFO:     Waiting for application shutdown.
INFO:     Application shutdown complete.
INFO:     Finished server process [12775]
2026-08-31 15:55:45,833 [INFO] 3 changes detected
INFO:     Started server process [17200]
INFO:     Waiting for application startup.
2026-08-31 15:55:46,665 [INFO] Started 1-minute Auto-Refresh loop.
2026-08-31 15:55:46,665 [INFO] Started 30-second Level Monitor loop.
2026-08-31 15:55:46,665 [INFO] Started 15-second Position Refresh loop.
2026-08-31 15:55:46,665 [INFO] Started 10-minute Recommendation Engine loop.
INFO:     Application startup complete.
2026-08-31 15:55:48,214 [INFO] 3 changes detected
2026-08-31 15:55:51,984 [INFO] 29 changes detected
2026-08-31 15:55:54,226 [INFO] 4 changes detected
2026-08-31 16:12:39,832 [INFO] 3 changes detected
WARNING:  WatchFiles detected changes in 'engine.py'. Reloading...
INFO:     Shutting down
INFO:     Waiting for application shutdown.
INFO:     Application shutdown complete.
INFO:     Finished server process [17200]
2026-08-31 16:12:40,639 [INFO] 3 changes detected
INFO:     Started server process [19120]
INFO:     Waiting for application startup.
2026-08-31 16:12:41,497 [INFO] Started 1-minute Auto-Refresh loop.
2026-08-31 16:12:41,497 [INFO] Started 30-second Level Monitor loop.
2026-08-31 16:12:41,497 [INFO] Started 15-second Position Refresh loop.
2026-08-31 16:12:41,497 [INFO] Started 10-minute Recommendation Engine loop.
INFO:     Application startup complete.
2026-08-31 16:12:43,289 [INFO] 29 changes detected
2026-08-31 16:12:45,548 [INFO] 4 changes detected
2026-08-31 16:28:49,935 [INFO] 3 changes detected
WARNING:  WatchFiles detected changes in 'server.py'. Reloading...
INFO:     Shutting down
INFO:     Waiting for application shutdown.
INFO:     Application shutdown complete.
INFO:     Finished server process [19120]
INFO:     Started server process [21452]
INFO:     Waiting for application startup.
2026-08-31 16:28:51,604 [INFO] Started 1-minute Auto-Refresh loop.
2026-08-31 16:28:51,604 [INFO] Started 30-second Level Monitor loop.
2026-08-31 16:28:51,604 [INFO] Started 15-second Position Refresh loop.
2026-08-31 16:28:51,604 [INFO] Started 10-minute Recommendation Engine loop.
INFO:     Application startup complete.
2026-08-31 16:28:51,696 [INFO] 3 changes detected
2026-08-31 16:29:15,792 [INFO] 3 changes detected
2026-08-31 16:29:17,076 [INFO] 29 changes detected
2026-08-31 16:29:19,265 [INFO] 4 changes detected
2026-08-31 16:32:13,282 [INFO] 3 changes detected
WARNING:  WatchFiles detected changes in 'server.py'. Reloading...
INFO:     Shutting down
INFO:     Waiting for application shutdown.
INFO:     Application shutdown complete.
INFO:     Finished server process [21452]
INFO:     Started server process [21924]
INFO:     Waiting for application startup.
2026-08-31 16:32:14,932 [INFO] Started 1-minute Auto-Refresh loop.
2026-08-31 16:32:14,932 [INFO] Started 30-second Level Monitor loop.
2026-08-31 16:32:14,932 [INFO] Started 15-second Position Refresh loop.
2026-08-31 16:32:14,932 [INFO] Started 10-minute Recommendation Engine loop.
INFO:     Application startup complete.
2026-08-31 16:32:15,029 [INFO] 3 changes detected
2026-08-31 16:32:16,034 [INFO] 3 changes detected
WARNING:  WatchFiles detected changes in 'bot_engine.py'. Reloading...
INFO:     Shutting down
INFO:     Waiting for application shutdown.
INFO:     Application shutdown complete.
INFO:     Finished server process [21924]
2026-08-31 16:32:17,563 [INFO] 3 changes detected
INFO:     Started server process [21943]
INFO:     Waiting for application startup.
2026-08-31 16:32:17,629 [INFO] Started 1-minute Auto-Refresh loop.
2026-08-31 16:32:17,629 [INFO] Started 30-second Level Monitor loop.
2026-08-31 16:32:17,629 [INFO] Started 15-second Position Refresh loop.
2026-08-31 16:32:17,629 [INFO] Started 10-minute Recommendation Engine loop.
INFO:     Application startup complete.
2026-08-31 16:32:24,316 [INFO] 3 changes detected
2026-08-31 16:32:25,815 [INFO] 33 changes detected
2026-08-31 16:32:28,048 [INFO] 4 changes detected
2026-08-31 16:35:20,245 [INFO] 3 changes detected
WARNING:  WatchFiles detected changes in 'server.py'. Reloading...
INFO:     Shutting down
INFO:     Waiting for application shutdown.
INFO:     Application shutdown complete.
INFO:     Finished server process [21943]
INFO:     Started server process [22409]
INFO:     Waiting for application startup.
2026-08-31 16:35:21,856 [INFO] Started 1-minute Auto-Refresh loop.
2026-08-31 16:35:21,856 [INFO] Started 30-second Level Monitor loop.
2026-08-31 16:35:21,856 [INFO] Started 15-second Position Refresh loop.
2026-08-31 16:35:21,856 [INFO] Started 10-minute Recommendation Engine loop.
INFO:     Application startup complete.
2026-08-31 16:35:21,939 [INFO] 3 changes detected
2026-08-31 16:35:23,543 [INFO] 29 changes detected
2026-08-31 16:35:25,882 [INFO] 4 changes detected
2026-08-31 16:42:57,721 [INFO] 3 changes detected
WARNING:  WatchFiles detected changes in 'server.py'. Reloading...
INFO:     Shutting down
INFO:     Waiting for application shutdown.
INFO:     Application shutdown complete.
INFO:     Finished server process [22409]
INFO:     Started server process [23222]
INFO:     Waiting for application startup.
2026-08-31 16:42:59,379 [INFO] Started 1-minute Auto-Refresh loop.
2026-08-31 16:42:59,379 [INFO] Started 30-second Level Monitor loop.
2026-08-31 16:42:59,379 [INFO] Started 15-second Position Refresh loop.
2026-08-31 16:42:59,379 [INFO] Started 10-minute Recommendation Engine loop.
INFO:     Application startup complete.
2026-08-31 16:42:59,491 [INFO] 3 changes detected
2026-08-31 16:43:02,942 [INFO] 29 changes detected
2026-08-31 16:43:05,180 [INFO] 4 changes detected
2026-08-31 16:51:31,022 [INFO] 3 changes detected
WARNING:  WatchFiles detected changes in 'bot_engine.py'. Reloading...
INFO:     Shutting down
INFO:     Waiting for application shutdown.
INFO:     Application shutdown complete.
INFO:     Finished server process [23222]
INFO:     Started server process [24062]
INFO:     Waiting for application startup.
2026-08-31 16:51:32,602 [INFO] Started 1-minute Auto-Refresh loop.
2026-08-31 16:51:32,602 [INFO] Started 30-second Level Monitor loop.
2026-08-31 16:51:32,602 [INFO] Started 15-second Position Refresh loop.
2026-08-31 16:51:32,602 [INFO] Started 10-minute Recommendation Engine loop.
INFO:     Application startup complete.
2026-08-31 16:51:32,606 [INFO] 3 changes detected
2026-08-31 16:51:43,550 [INFO] 3 changes detected
WARNING:  WatchFiles detected changes in 'bot_engine.py'. Reloading...
INFO:     Shutting down
INFO:     Waiting for application shutdown.
INFO:     Application shutdown complete.
INFO:     Finished server process [24062]
2026-08-31 16:51:45,136 [INFO] 3 changes detected
INFO:     Started server process [24221]
INFO:     Waiting for application startup.
2026-08-31 16:51:45,159 [INFO] Started 1-minute Auto-Refresh loop.
2026-08-31 16:51:45,159 [INFO] Started 30-second Level Monitor loop.
2026-08-31 16:51:45,159 [INFO] Started 15-second Position Refresh loop.
2026-08-31 16:51:45,159 [INFO] Started 10-minute Recommendation Engine loop.
INFO:     Application startup complete.
2026-08-31 16:51:49,681 [INFO] 3 changes detected
WARNING:  WatchFiles detected changes in 'bot_engine.py'. Reloading...
INFO:     Shutting down
INFO:     Waiting for application shutdown.
INFO:     Application shutdown complete.
INFO:     Finished server process [24221]
2026-08-31 16:51:51,214 [INFO] 3 changes detected
INFO:     Started server process [24288]
INFO:     Waiting for application startup.
2026-08-31 16:51:51,263 [INFO] Started 1-minute Auto-Refresh loop.
2026-08-31 16:51:51,263 [INFO] Started 30-second Level Monitor loop.
2026-08-31 16:51:51,263 [INFO] Started 15-second Position Refresh loop.
2026-08-31 16:51:51,263 [INFO] Started 10-minute Recommendation Engine loop.
INFO:     Application startup complete.
2026-08-31 16:51:52,883 [INFO] 3 changes detected
WARNING:  WatchFiles detected changes in 'bot_engine.py'. Reloading...
INFO:     Shutting down
INFO:     Waiting for application shutdown.
INFO:     Application shutdown complete.
INFO:     Finished server process [24288]
2026-08-31 16:51:54,544 [INFO] 3 changes detected
INFO:     Started server process [24345]
INFO:     Waiting for application startup.
2026-08-31 16:51:54,553 [INFO] Started 1-minute Auto-Refresh loop.
2026-08-31 16:51:54,553 [INFO] Started 30-second Level Monitor loop.
2026-08-31 16:51:54,553 [INFO] Started 15-second Position Refresh loop.
2026-08-31 16:51:54,554 [INFO] Started 10-minute Recommendation Engine loop.
INFO:     Application startup complete.
2026-08-31 16:51:56,479 [INFO] 3 changes detected
WARNING:  WatchFiles detected changes in 'bot_engine.py'. Reloading...
INFO:     Shutting down
INFO:     Waiting for application shutdown.
INFO:     Application shutdown complete.
INFO:     Finished server process [24345]
2026-08-31 16:51:58,098 [INFO] 3 changes detected
INFO:     Started server process [24419]
INFO:     Waiting for application startup.
2026-08-31 16:51:58,143 [INFO] Started 1-minute Auto-Refresh loop.
2026-08-31 16:51:58,143 [INFO] Started 30-second Level Monitor loop.
2026-08-31 16:51:58,143 [INFO] Started 15-second Position Refresh loop.
2026-08-31 16:51:58,143 [INFO] Started 10-minute Recommendation Engine loop.
INFO:     Application startup complete.
2026-08-31 16:52:00,736 [INFO] 3 changes detected
WARNING:  WatchFiles detected changes in 'server.py'. Reloading...
INFO:     Shutting down
INFO:     Waiting for application shutdown.
INFO:     Application shutdown complete.
INFO:     Finished server process [24419]
INFO:     Started server process [24467]
INFO:     Waiting for application startup.
2026-08-31 16:52:02,350 [INFO] Started 1-minute Auto-Refresh loop.
2026-08-31 16:52:02,350 [INFO] Started 30-second Level Monitor loop.
2026-08-31 16:52:02,350 [INFO] Started 15-second Position Refresh loop.
2026-08-31 16:52:02,350 [INFO] Started 10-minute Recommendation Engine loop.
INFO:     Application startup complete.
2026-08-31 16:52:02,448 [INFO] 3 changes detected
2026-08-31 16:52:05,558 [INFO] 33 changes detected
2026-08-31 16:52:07,849 [INFO] 4 changes detected
2026-08-31 17:01:23,381 [INFO] 3 changes detected
WARNING:  WatchFiles detected changes in 'server.py'. Reloading...
INFO:     Shutting down
INFO:     Waiting for application shutdown.
INFO:     Application shutdown complete.
INFO:     Finished server process [24467]
INFO:     Started server process [25502]
INFO:     Waiting for application startup.
2026-08-31 17:01:24,958 [INFO] Started 1-minute Auto-Refresh loop.
2026-08-31 17:01:24,958 [INFO] Started 30-second Level Monitor loop.
2026-08-31 17:01:24,958 [INFO] Started 15-second Position Refresh loop.
2026-08-31 17:01:24,958 [INFO] Started 10-minute Recommendation Engine loop.
INFO:     Application startup complete.
2026-08-31 17:01:25,053 [INFO] 3 changes detected
2026-08-31 17:01:28,695 [INFO] 29 changes detected
2026-08-31 17:01:30,944 [INFO] 4 changes detected
2026-08-31 17:02:11,858 [INFO] 3 changes detected
WARNING:  WatchFiles detected changes in 'engine.py'. Reloading...
INFO:     Shutting down
INFO:     Waiting for application shutdown.
INFO:     Application shutdown complete.
INFO:     Finished server process [25502]
2026-08-31 17:02:12,701 [INFO] 3 changes detected
INFO:     Started server process [25762]
INFO:     Waiting for application startup.
2026-08-31 17:02:13,539 [INFO] Started 1-minute Auto-Refresh loop.
2026-08-31 17:02:13,539 [INFO] Started 30-second Level Monitor loop.
2026-08-31 17:02:13,539 [INFO] Started 15-second Position Refresh loop.
2026-08-31 17:02:13,539 [INFO] Started 10-minute Recommendation Engine loop.
INFO:     Application startup complete.
2026-08-31 17:02:19,525 [INFO] 3 changes detected
2026-08-31 17:02:21,080 [INFO] 29 changes detected
2026-08-31 17:02:23,328 [INFO] 4 changes detected
2026-08-31 17:08:14,638 [INFO] 3 changes detected
WARNING:  WatchFiles detected changes in 'engine.py'. Reloading...
INFO:     Shutting down
INFO:     Waiting for application shutdown.
INFO:     Application shutdown complete.
INFO:     Finished server process [25762]
2026-08-31 17:08:15,518 [INFO] 3 changes detected
INFO:     Started server process [26585]
INFO:     Waiting for application startup.
2026-08-31 17:08:16,328 [INFO] Started 1-minute Auto-Refresh loop.
2026-08-31 17:08:16,328 [INFO] Started 30-second Level Monitor loop.
2026-08-31 17:08:16,328 [INFO] Started 15-second Position Refresh loop.
2026-08-31 17:08:16,328 [INFO] Started 10-minute Recommendation Engine loop.
INFO:     Application startup complete.
2026-08-31 17:08:20,844 [INFO] 29 changes detected
2026-08-31 17:08:26,068 [INFO] 4 changes detected
2026-08-31 17:09:33,059 [INFO] 3 changes detected
WARNING:  WatchFiles detected changes in 'engine.py'. Reloading...
INFO:     Shutting down
INFO:     Waiting for application shutdown.
INFO:     Application shutdown complete.
INFO:     Finished server process [26585]
2026-08-31 17:09:33,906 [INFO] 3 changes detected
INFO:     Started server process [26904]
INFO:     Waiting for application startup.
2026-08-31 17:09:34,741 [INFO] Started 1-minute Auto-Refresh loop.
2026-08-31 17:09:34,741 [INFO] Started 30-second Level Monitor loop.
2026-08-31 17:09:34,741 [INFO] Started 15-second Position Refresh loop.
2026-08-31 17:09:34,741 [INFO] Started 10-minute Recommendation Engine loop.
INFO:     Application startup complete.
2026-08-31 17:09:35,669 [INFO] 29 changes detected
2026-08-31 17:09:38,082 [INFO] 4 changes detected
2026-08-31 17:11:38,925 [INFO] 3 changes detected
WARNING:  WatchFiles detected changes in 'engine.py'. Reloading...
INFO:     Shutting down
INFO:     Waiting for application shutdown.
INFO:     Application shutdown complete.
INFO:     Finished server process [26904]
2026-08-31 17:11:39,698 [INFO] 3 changes detected
INFO:     Started server process [27335]
INFO:     Waiting for application startup.
2026-08-31 17:11:40,537 [INFO] Started 1-minute Auto-Refresh loop.
2026-08-31 17:11:40,537 [INFO] Started 30-second Level Monitor loop.
2026-08-31 17:11:40,537 [INFO] Started 15-second Position Refresh loop.
2026-08-31 17:11:40,537 [INFO] Started 10-minute Recommendation Engine loop.
INFO:     Application startup complete.
2026-08-31 17:11:42,103 [INFO] 3 changes detected
WARNING:  WatchFiles detected changes in 'engine.py'. Reloading...
INFO:     Shutting down
INFO:     Waiting for application shutdown.
INFO:     Application shutdown complete.
INFO:     Finished server process [27335]
2026-08-31 17:11:42,900 [INFO] 3 changes detected
INFO:     Started server process [27389]
INFO:     Waiting for application startup.
2026-08-31 17:11:43,707 [INFO] Started 1-minute Auto-Refresh loop.
2026-08-31 17:11:43,707 [INFO] Started 30-second Level Monitor loop.
2026-08-31 17:11:43,707 [INFO] Started 15-second Position Refresh loop.
2026-08-31 17:11:43,707 [INFO] Started 10-minute Recommendation Engine loop.
INFO:     Application startup complete.
2026-08-31 17:11:45,433 [INFO] 29 changes detected
2026-08-31 17:11:48,109 [INFO] 4 changes detected
2026-08-31 17:13:45,161 [INFO] 3 changes detected
WARNING:  WatchFiles detected changes in 'engine.py'. Reloading...
INFO:     Shutting down
INFO:     Waiting for application shutdown.
INFO:     Application shutdown complete.
INFO:     Finished server process [27389]
2026-08-31 17:13:45,975 [INFO] 3 changes detected
INFO:     Started server process [27726]
INFO:     Waiting for application startup.
2026-08-31 17:13:46,774 [INFO] Started 1-minute Auto-Refresh loop.
2026-08-31 17:13:46,775 [INFO] Started 30-second Level Monitor loop.
2026-08-31 17:13:46,775 [INFO] Started 15-second Position Refresh loop.
2026-08-31 17:13:46,775 [INFO] Started 10-minute Recommendation Engine loop.
INFO:     Application startup complete.
2026-08-31 17:13:47,314 [INFO] 29 changes detected
2026-08-31 17:13:49,458 [INFO] 4 changes detected
2026-08-31 17:15:17,066 [INFO] 3 changes detected
WARNING:  WatchFiles detected changes in 'engine.py'. Reloading...
INFO:     Shutting down
INFO:     Waiting for application shutdown.
INFO:     Application shutdown complete.
INFO:     Finished server process [27726]
2026-08-31 17:15:17,905 [INFO] 3 changes detected
INFO:     Started server process [28064]
INFO:     Waiting for application startup.
2026-08-31 17:15:18,745 [INFO] Started 1-minute Auto-Refresh loop.
2026-08-31 17:15:18,745 [INFO] Started 30-second Level Monitor loop.
2026-08-31 17:15:18,745 [INFO] Started 15-second Position Refresh loop.
2026-08-31 17:15:18,745 [INFO] Started 10-minute Recommendation Engine loop.
INFO:     Application startup complete.
2026-08-31 17:15:21,092 [INFO] 3 changes detected
WARNING:  WatchFiles detected changes in 'engine.py'. Reloading...
INFO:     Shutting down
INFO:     Waiting for application shutdown.
INFO:     Application shutdown complete.
INFO:     Finished server process [28064]
2026-08-31 17:15:21,931 [INFO] 3 changes detected
INFO:     Started server process [28096]
INFO:     Waiting for application startup.
2026-08-31 17:15:22,723 [INFO] Started 1-minute Auto-Refresh loop.
2026-08-31 17:15:22,723 [INFO] Started 30-second Level Monitor loop.
2026-08-31 17:15:22,723 [INFO] Started 15-second Position Refresh loop.
2026-08-31 17:15:22,723 [INFO] Started 10-minute Recommendation Engine loop.
INFO:     Application startup complete.
2026-08-31 17:15:24,486 [INFO] 3 changes detected
WARNING:  WatchFiles detected changes in 'engine.py'. Reloading...
INFO:     Shutting down
INFO:     Waiting for application shutdown.
INFO:     Application shutdown complete.
INFO:     Finished server process [28096]
2026-08-31 17:15:25,286 [INFO] 3 changes detected
INFO:     Started server process [28164]
INFO:     Waiting for application startup.
2026-08-31 17:15:26,118 [INFO] Started 1-minute Auto-Refresh loop.
2026-08-31 17:15:26,118 [INFO] Started 30-second Level Monitor loop.
2026-08-31 17:15:26,118 [INFO] Started 15-second Position Refresh loop.
2026-08-31 17:15:26,118 [INFO] Started 10-minute Recommendation Engine loop.
INFO:     Application startup complete.
2026-08-31 17:15:27,218 [INFO] 29 changes detected
2026-08-31 17:15:29,504 [INFO] 4 changes detected
2026-08-31 17:28:43,556 [INFO] 3 changes detected
WARNING:  WatchFiles detected changes in 'bot_engine.py'. Reloading...
INFO:     Shutting down
INFO:     Waiting for application shutdown.
INFO:     Application shutdown complete.
INFO:     Finished server process [28164]
2026-08-31 17:28:45,187 [INFO] 3 changes detected
INFO:     Started server process [29868]
INFO:     Waiting for application startup.
2026-08-31 17:28:45,207 [INFO] Started 1-minute Auto-Refresh loop.
2026-08-31 17:28:45,207 [INFO] Started 30-second Level Monitor loop.
2026-08-31 17:28:45,207 [INFO] Started 15-second Position Refresh loop.
2026-08-31 17:28:45,207 [INFO] Started 10-minute Recommendation Engine loop.
INFO:     Application startup complete.
2026-08-31 17:28:52,237 [INFO] 3 changes detected
WARNING:  WatchFiles detected changes in 'bot_engine.py'. Reloading...
INFO:     Shutting down
INFO:     Waiting for application shutdown.
INFO:     Application shutdown complete.
INFO:     Finished server process [29868]
2026-08-31 17:28:53,790 [INFO] 3 changes detected
INFO:     Started server process [29954]
INFO:     Waiting for application startup.
2026-08-31 17:28:53,845 [INFO] Started 1-minute Auto-Refresh loop.
2026-08-31 17:28:53,845 [INFO] Started 30-second Level Monitor loop.
2026-08-31 17:28:53,845 [INFO] Started 15-second Position Refresh loop.
2026-08-31 17:28:53,845 [INFO] Started 10-minute Recommendation Engine loop.
INFO:     Application startup complete.
2026-08-31 17:28:59,556 [INFO] 3 changes detected
WARNING:  WatchFiles detected changes in 'bot_engine.py'. Reloading...
INFO:     Shutting down
INFO:     Waiting for application shutdown.
INFO:     Application shutdown complete.
INFO:     Finished server process [29954]
INFO:     Started server process [30023]
INFO:     Waiting for application startup.
2026-08-31 17:29:01,189 [INFO] Started 1-minute Auto-Refresh loop.
2026-08-31 17:29:01,189 [INFO] Started 30-second Level Monitor loop.
2026-08-31 17:29:01,190 [INFO] Started 15-second Position Refresh loop.
2026-08-31 17:29:01,190 [INFO] Started 10-minute Recommendation Engine loop.
INFO:     Application startup complete.
2026-08-31 17:29:01,190 [INFO] 3 changes detected
2026-08-31 17:29:06,406 [INFO] 3 changes detected
WARNING:  WatchFiles detected changes in 'bot_engine.py'. Reloading...
INFO:     Shutting down
INFO:     Waiting for application shutdown.
INFO:     Application shutdown complete.
INFO:     Finished server process [30023]
2026-08-31 17:29:07,957 [INFO] 3 changes detected
INFO:     Started server process [30104]
INFO:     Waiting for application startup.
2026-08-31 17:29:08,024 [INFO] Started 1-minute Auto-Refresh loop.
2026-08-31 17:29:08,024 [INFO] Started 30-second Level Monitor loop.
2026-08-31 17:29:08,024 [INFO] Started 15-second Position Refresh loop.
2026-08-31 17:29:08,024 [INFO] Started 10-minute Recommendation Engine loop.
INFO:     Application startup complete.
2026-08-31 17:29:12,829 [INFO] 3 changes detected
WARNING:  WatchFiles detected changes in 'bot_engine.py'. Reloading...
INFO:     Shutting down
INFO:     Waiting for application shutdown.
INFO:     Application shutdown complete.
INFO:     Finished server process [30104]
2026-08-31 17:29:14,396 [INFO] 3 changes detected
INFO:     Started server process [30161]
INFO:     Waiting for application startup.
2026-08-31 17:29:14,442 [INFO] Started 1-minute Auto-Refresh loop.
2026-08-31 17:29:14,442 [INFO] Started 30-second Level Monitor loop.
2026-08-31 17:29:14,442 [INFO] Started 15-second Position Refresh loop.
2026-08-31 17:29:14,442 [INFO] Started 10-minute Recommendation Engine loop.
INFO:     Application startup complete.
2026-08-31 17:29:53,090 [INFO] 3 changes detected
WARNING:  WatchFiles detected changes in 'bot_engine.py'. Reloading...
INFO:     Shutting down
INFO:     Waiting for application shutdown.
INFO:     Application shutdown complete.
INFO:     Finished server process [30161]
2026-08-31 17:29:54,670 [INFO] 3 changes detected
INFO:     Started server process [30454]
INFO:     Waiting for application startup.
2026-08-31 17:29:54,733 [INFO] Started 1-minute Auto-Refresh loop.
2026-08-31 17:29:54,733 [INFO] Started 30-second Level Monitor loop.
2026-08-31 17:29:54,734 [INFO] Started 15-second Position Refresh loop.
2026-08-31 17:29:54,734 [INFO] Started 10-minute Recommendation Engine loop.
INFO:     Application startup complete.
2026-08-31 17:30:18,767 [INFO] 3 changes detected
WARNING:  WatchFiles detected changes in 'bot_engine.py'. Reloading...
INFO:     Shutting down
INFO:     Waiting for application shutdown.
INFO:     Application shutdown complete.
INFO:     Finished server process [30454]
2026-08-31 17:30:20,296 [INFO] 3 changes detected
INFO:     Started server process [30604]
INFO:     Waiting for application startup.
2026-08-31 17:30:20,341 [INFO] Started 1-minute Auto-Refresh loop.
2026-08-31 17:30:20,342 [INFO] Started 30-second Level Monitor loop.
2026-08-31 17:30:20,342 [INFO] Started 15-second Position Refresh loop.
2026-08-31 17:30:20,342 [INFO] Started 10-minute Recommendation Engine loop.
INFO:     Application startup complete.
2026-08-31 17:30:25,947 [INFO] 3 changes detected
WARNING:  WatchFiles detected changes in 'bot_engine.py'. Reloading...
INFO:     Shutting down
INFO:     Waiting for application shutdown.
INFO:     Application shutdown complete.
INFO:     Finished server process [30604]
2026-08-31 17:30:27,511 [INFO] 3 changes detected
INFO:     Started server process [30697]
INFO:     Waiting for application startup.
2026-08-31 17:30:27,581 [INFO] Started 1-minute Auto-Refresh loop.
2026-08-31 17:30:27,581 [INFO] Started 30-second Level Monitor loop.
2026-08-31 17:30:27,581 [INFO] Started 15-second Position Refresh loop.
2026-08-31 17:30:27,581 [INFO] Started 10-minute Recommendation Engine loop.
INFO:     Application startup complete.
2026-08-31 17:30:32,329 [INFO] 3 changes detected
WARNING:  WatchFiles detected changes in 'bot_engine.py'. Reloading...
INFO:     Shutting down
INFO:     Waiting for application shutdown.
INFO:     Application shutdown complete.
INFO:     Finished server process [30697]
2026-08-31 17:30:33,841 [INFO] 3 changes detected
INFO:     Started server process [30731]
INFO:     Waiting for application startup.
2026-08-31 17:30:33,875 [INFO] Started 1-minute Auto-Refresh loop.
2026-08-31 17:30:33,875 [INFO] Started 30-second Level Monitor loop.
2026-08-31 17:30:33,875 [INFO] Started 15-second Position Refresh loop.
2026-08-31 17:30:33,875 [INFO] Started 10-minute Recommendation Engine loop.
INFO:     Application startup complete.
2026-08-31 17:31:47,637 [INFO] 3 changes detected
2026-08-31 17:31:52,980 [INFO] 29 changes detected
2026-08-31 17:31:55,283 [INFO] 4 changes detected
2026-08-31 17:34:06,817 [INFO] 3 changes detected
2026-08-31 17:34:09,978 [INFO] 3 changes detected
2026-08-31 17:34:36,928 [INFO] 45 changes detected
2026-08-31 17:34:40,192 [INFO] 4 changes detected
2026-08-31 17:42:46,487 [INFO] 3 changes detected
2026-08-31 17:42:56,992 [INFO] 2 changes detected
2026-08-31 17:42:59,651 [INFO] 2 changes detected
2026-08-31 17:43:46,768 [INFO] 45 changes detected
2026-08-31 17:43:49,169 [INFO] 4 changes detected
INFO:     192.168.1.56:55146 - "GET /api/history/net_drift?t=1788193442795 HTTP/1.1" 200 OK
INFO:     192.168.1.56:55147 - "WebSocket /ws/market_data" [accepted]
2026-08-31 18:24:02,853 [INFO] WebSocket client connected. Total: 1
INFO:     192.168.1.56:55148 - "GET /api/metrics HTTP/1.1" 400 Bad Request
INFO:     connection open
INFO:     192.168.1.56:55146 - "GET /api/metrics HTTP/1.1" 400 Bad Request
INFO:     192.168.1.56:55148 - "GET /api/bot/signals HTTP/1.1" 400 Bad Request
2026-08-31 18:24:21,461 [INFO] WebSocket client disconnected. Total: 0
INFO:     connection closed
2026-08-31 18:26:36,845 [INFO] 3 changes detected
WARNING:  WatchFiles detected changes in 'engine.py'. Reloading...
INFO:     Shutting down
INFO:     Waiting for application shutdown.
INFO:     Application shutdown complete.
INFO:     Finished server process [30731]
Traceback (most recent call last):
  File "<string>", line 1, in <module>
    from multiprocessing.spawn import spawn_main; spawn_main(tracker_fd=5, pipe_handle=7)
                                                  ~~~~~~~~~~^^^^^^^^^^^^^^^^^^^^^^^^^^^^^
  File "/opt/homebrew/Cellar/python@3.14/3.14.6/Frameworks/Python.framework/Versions/3.14/lib/python3.14/multiprocessing/spawn.py", line 122, in spawn_main
    exitcode = _main(fd, parent_sentinel)
  File "/opt/homebrew/Cellar/python@3.14/3.14.6/Frameworks/Python.framework/Versions/3.14/lib/python3.14/multiprocessing/spawn.py", line 131, in _main
    prepare(preparation_data)
    ~~~~~~~^^^^^^^^^^^^^^^^^^
  File "/opt/homebrew/Cellar/python@3.14/3.14.6/Frameworks/Python.framework/Versions/3.14/lib/python3.14/multiprocessing/spawn.py", line 246, in prepare
    _fixup_main_from_path(data['init_main_from_path'])
    ~~~~~~~~~~~~~~~~~~~~~^^^^^^^^^^^^^^^^^^^^^^^^^^^^^
  File "/opt/homebrew/Cellar/python@3.14/3.14.6/Frameworks/Python.framework/Versions/3.14/lib/python3.14/multiprocessing/spawn.py", line 297, in _fixup_main_from_path
    main_content = runpy.run_path(main_path,
                                  run_name="__mp_main__")
  File "<frozen runpy>", line 294, in run_path
  File "<frozen runpy>", line 98, in _run_module_code
  File "<frozen runpy>", line 88, in _run_code
  File "/Users/aariassantagmail.com/WORKSPACE/TRADING-DECK/server.py", line 15, in <module>
    from engine import IBKREngine, _to_native
  File "/Users/aariassantagmail.com/WORKSPACE/TRADING-DECK/engine.py", line 485
    ),
    ^
SyntaxError: positional argument follows keyword argument
2026-08-31 18:26:41,044 [INFO] 29 changes detected
2026-08-31 18:26:43,933 [INFO] 4 changes detected
2026-08-31 18:28:22,937 [INFO] 3 changes detected
WARNING:  WatchFiles detected changes in 'engine.py'. Reloading...
2026-08-31 18:28:23,634 [INFO] 3 changes detected
INFO:     Started server process [38315]
INFO:     Waiting for application startup.
2026-08-31 18:28:24,465 [INFO] Started 1-minute Auto-Refresh loop.
2026-08-31 18:28:24,465 [INFO] Started 30-second Level Monitor loop.
2026-08-31 18:28:24,465 [INFO] Started 15-second Position Refresh loop.
2026-08-31 18:28:24,465 [INFO] Started 10-minute Recommendation Engine loop.
INFO:     Application startup complete.
2026-08-31 18:28:30,190 [INFO] 29 changes detected
2026-08-31 18:28:32,722 [INFO] 4 changes detected
2026-08-31 18:59:58,973 [INFO] 3 changes detected
WARNING:  WatchFiles detected changes in 'engine.py'. Reloading...
INFO:     Shutting down
INFO:     Waiting for application shutdown.
INFO:     Application shutdown complete.
INFO:     Finished server process [38315]
2026-08-31 18:59:59,941 [INFO] 3 changes detected
INFO:     Started server process [41848]
INFO:     Waiting for application startup.
2026-08-31 19:00:00,886 [INFO] Started 1-minute Auto-Refresh loop.
2026-08-31 19:00:00,886 [INFO] Started 30-second Level Monitor loop.
2026-08-31 19:00:00,886 [INFO] Started 15-second Position Refresh loop.
2026-08-31 19:00:00,887 [INFO] Started 10-minute Recommendation Engine loop.
INFO:     Application startup complete.
2026-08-31 19:00:03,564 [INFO] 29 changes detected
2026-08-31 19:00:06,511 [INFO] 4 changes detected
2026-08-31 19:05:24,325 [INFO] 3 changes detected
WARNING:  WatchFiles detected changes in 'engine.py'. Reloading...
INFO:     Shutting down
INFO:     Waiting for application shutdown.
INFO:     Application shutdown complete.
INFO:     Finished server process [41848]
2026-08-31 19:05:25,229 [INFO] 3 changes detected
INFO:     Started server process [42566]
INFO:     Waiting for application startup.
2026-08-31 19:05:26,167 [INFO] Started 1-minute Auto-Refresh loop.
2026-08-31 19:05:26,167 [INFO] Started 30-second Level Monitor loop.
2026-08-31 19:05:26,167 [INFO] Started 15-second Position Refresh loop.
2026-08-31 19:05:26,167 [INFO] Started 10-minute Recommendation Engine loop.
INFO:     Application startup complete.
2026-08-31 19:05:31,525 [INFO] 3 changes detected
WARNING:  WatchFiles detected changes in 'engine.py'. Reloading...
INFO:     Shutting down
INFO:     Waiting for application shutdown.
INFO:     Application shutdown complete.
INFO:     Finished server process [42566]
2026-08-31 19:05:32,374 [INFO] 3 changes detected
INFO:     Started server process [42646]
INFO:     Waiting for application startup.
2026-08-31 19:05:33,176 [INFO] Started 1-minute Auto-Refresh loop.
2026-08-31 19:05:33,176 [INFO] Started 30-second Level Monitor loop.
2026-08-31 19:05:33,176 [INFO] Started 15-second Position Refresh loop.
2026-08-31 19:05:33,176 [INFO] Started 10-minute Recommendation Engine loop.
INFO:     Application startup complete.
2026-08-31 19:05:47,265 [INFO] 29 changes detected
2026-08-31 19:05:49,439 [INFO] 4 changes detected
2026-08-31 19:07:54,965 [INFO] 3 changes detected
WARNING:  WatchFiles detected changes in 'engine.py'. Reloading...
INFO:     Shutting down
INFO:     Waiting for application shutdown.
INFO:     Application shutdown complete.
INFO:     Finished server process [42646]
2026-08-31 19:07:55,863 [INFO] 3 changes detected
INFO:     Started server process [43076]
INFO:     Waiting for application startup.
2026-08-31 19:07:56,797 [INFO] Started 1-minute Auto-Refresh loop.
2026-08-31 19:07:56,797 [INFO] Started 30-second Level Monitor loop.
2026-08-31 19:07:56,797 [INFO] Started 15-second Position Refresh loop.
2026-08-31 19:07:56,797 [INFO] Started 10-minute Recommendation Engine loop.
INFO:     Application startup complete.
2026-08-31 19:07:59,114 [INFO] 29 changes detected
2026-08-31 19:08:01,475 [INFO] 4 changes detected
INFO:     127.0.0.1:58271 - "GET /api/metrics HTTP/1.1" 400 Bad Request
2026-08-31 19:09:48,495 [INFO] 3 changes detected
2026-08-31 19:11:23,850 [INFO] 3 changes detected
WARNING:  WatchFiles detected changes in 'engine.py'. Reloading...
INFO:     Shutting down
INFO:     Waiting for application shutdown.
INFO:     Application shutdown complete.
INFO:     Finished server process [43076]
2026-08-31 19:11:24,637 [INFO] 3 changes detected
INFO:     Started server process [45193]
INFO:     Waiting for application startup.
2026-08-31 19:11:25,487 [INFO] Started 1-minute Auto-Refresh loop.
2026-08-31 19:11:25,487 [INFO] Started 30-second Level Monitor loop.
2026-08-31 19:11:25,487 [INFO] Started 15-second Position Refresh loop.
2026-08-31 19:11:25,487 [INFO] Started 10-minute Recommendation Engine loop.
INFO:     Application startup complete.
2026-08-31 19:12:07,227 [INFO] 29 changes detected
2026-08-31 19:12:09,375 [INFO] 4 changes detected
2026-08-31 19:13:04,240 [INFO] 3 changes detected
WARNING:  WatchFiles detected changes in 'engine.py'. Reloading...
INFO:     Shutting down
INFO:     Waiting for application shutdown.
INFO:     Application shutdown complete.
INFO:     Finished server process [45193]
2026-08-31 19:13:05,082 [INFO] 3 changes detected
INFO:     Started server process [45813]
INFO:     Waiting for application startup.
2026-08-31 19:13:05,926 [INFO] Started 1-minute Auto-Refresh loop.
2026-08-31 19:13:05,926 [INFO] Started 30-second Level Monitor loop.
2026-08-31 19:13:05,926 [INFO] Started 15-second Position Refresh loop.
2026-08-31 19:13:05,926 [INFO] Started 10-minute Recommendation Engine loop.
INFO:     Application startup complete.
2026-08-31 19:13:36,632 [INFO] 23 changes detected
2026-08-31 19:13:38,859 [INFO] 4 changes detected
2026-08-31 19:14:19,082 [INFO] 3 changes detected
WARNING:  WatchFiles detected changes in 'server.py'. Reloading...
INFO:     Shutting down
INFO:     Waiting for application shutdown.
INFO:     Application shutdown complete.
INFO:     Finished server process [45813]
INFO:     Started server process [46122]
INFO:     Waiting for application startup.
2026-08-31 19:14:20,729 [INFO] Started 1-minute Auto-Refresh loop.
2026-08-31 19:14:20,729 [INFO] Started 30-second Level Monitor loop.
2026-08-31 19:14:20,729 [INFO] Started 15-second Position Refresh loop.
2026-08-31 19:14:20,729 [INFO] Started 10-minute Recommendation Engine loop.
INFO:     Application startup complete.
2026-08-31 19:14:20,800 [INFO] 3 changes detected
2026-08-31 19:14:23,419 [INFO] 29 changes detected
2026-08-31 19:14:25,685 [INFO] 4 changes detected
2026-08-31 19:21:46,513 [INFO] 3 changes detected
WARNING:  WatchFiles detected changes in 'engine.py'. Reloading...
INFO:     Shutting down
INFO:     Waiting for application shutdown.
INFO:     Application shutdown complete.
INFO:     Finished server process [46122]
2026-08-31 19:21:47,434 [INFO] 3 changes detected
INFO:     Started server process [46955]
INFO:     Waiting for application startup.
2026-08-31 19:21:48,298 [INFO] Started 1-minute Auto-Refresh loop.
2026-08-31 19:21:48,298 [INFO] Started 30-second Level Monitor loop.
2026-08-31 19:21:48,298 [INFO] Started 15-second Position Refresh loop.
2026-08-31 19:21:48,298 [INFO] Started 10-minute Recommendation Engine loop.
INFO:     Application startup complete.
2026-08-31 19:21:56,637 [INFO] 29 changes detected
2026-08-31 19:21:58,828 [INFO] 4 changes detected
2026-08-31 19:23:43,635 [INFO] 3 changes detected
WARNING:  WatchFiles detected changes in 'engine.py'. Reloading...
INFO:     Shutting down
INFO:     Waiting for application shutdown.
INFO:     Application shutdown complete.
INFO:     Finished server process [46955]
2026-08-31 19:23:44,436 [INFO] 3 changes detected
INFO:     Started server process [47530]
INFO:     Waiting for application startup.
2026-08-31 19:23:45,251 [INFO] Started 1-minute Auto-Refresh loop.
2026-08-31 19:23:45,252 [INFO] Started 30-second Level Monitor loop.
2026-08-31 19:23:45,252 [INFO] Started 15-second Position Refresh loop.
2026-08-31 19:23:45,252 [INFO] Started 10-minute Recommendation Engine loop.
INFO:     Application startup complete.
2026-08-31 19:23:59,318 [INFO] 3 changes detected
WARNING:  WatchFiles detected changes in 'engine.py'. Reloading...
INFO:     Shutting down
INFO:     Waiting for application shutdown.
INFO:     Application shutdown complete.
INFO:     Finished server process [47530]
2026-08-31 19:24:00,152 [INFO] 3 changes detected
INFO:     Started server process [47718]
INFO:     Waiting for application startup.
2026-08-31 19:24:00,985 [INFO] Started 1-minute Auto-Refresh loop.
2026-08-31 19:24:00,985 [INFO] Started 30-second Level Monitor loop.
2026-08-31 19:24:00,985 [INFO] Started 15-second Position Refresh loop.
2026-08-31 19:24:00,985 [INFO] Started 10-minute Recommendation Engine loop.
INFO:     Application startup complete.
2026-08-31 19:24:02,475 [INFO] 29 changes detected
2026-08-31 19:24:04,622 [INFO] 4 changes detected
2026-08-31 19:29:39,971 [INFO] 3 changes detected
WARNING:  WatchFiles detected changes in 'server.py'. Reloading...
INFO:     Shutting down
INFO:     Waiting for application shutdown.
INFO:     Application shutdown complete.
INFO:     Finished server process [47718]
INFO:     Started server process [48632]
INFO:     Waiting for application startup.
2026-08-31 19:29:41,793 [INFO] Started 1-minute Auto-Refresh loop.
2026-08-31 19:29:41,793 [INFO] Started 30-second Level Monitor loop.
2026-08-31 19:29:41,793 [INFO] Started 15-second Position Refresh loop.
2026-08-31 19:29:41,794 [INFO] Started 10-minute Recommendation Engine loop.
INFO:     Application startup complete.
2026-08-31 19:29:41,895 [INFO] 3 changes detected
2026-08-31 19:29:46,103 [INFO] 29 changes detected
2026-08-31 19:29:48,244 [INFO] 4 changes detected
2026-08-31 19:30:34,771 [INFO] 2 changes detected
INFO:     127.0.0.1:58717 - "GET /api/bot/status HTTP/1.1" 200 OK
2026-08-31 19:43:06,582 [INFO] 3 changes detected
WARNING:  WatchFiles detected changes in 'server.py'. Reloading...
INFO:     Shutting down
INFO:     Waiting for application shutdown.
INFO:     Application shutdown complete.
INFO:     Finished server process [48632]
INFO:     Started server process [50467]
INFO:     Waiting for application startup.
2026-08-31 19:43:08,263 [INFO] Started 1-minute Auto-Refresh loop.
2026-08-31 19:43:08,263 [INFO] Started 30-second Level Monitor loop.
2026-08-31 19:43:08,263 [INFO] Started 15-second Position Refresh loop.
2026-08-31 19:43:08,263 [INFO] Started 10-minute Recommendation Engine loop.
INFO:     Application startup complete.
2026-08-31 19:43:08,322 [INFO] 3 changes detected
INFO:     127.0.0.1:58760 - "GET /api/bot/status HTTP/1.1" 200 OK
2026-08-31 19:43:13,600 [INFO] 29 changes detected
2026-08-31 19:43:15,955 [INFO] 4 changes detected
INFO:     127.0.0.1:58787 - "GET /api/bot/status HTTP/1.1" 200 OK
2026-08-31 19:45:00,523 [INFO] 3 changes detected
WARNING:  WatchFiles detected changes in 'engine.py'. Reloading...
INFO:     Shutting down
INFO:     Waiting for application shutdown.
INFO:     Application shutdown complete.
INFO:     Finished server process [50467]
2026-08-31 19:45:01,353 [INFO] 3 changes detected
INFO:     Started server process [51283]
INFO:     Waiting for application startup.
2026-08-31 19:45:02,152 [INFO] Started 1-minute Auto-Refresh loop.
2026-08-31 19:45:02,152 [INFO] Started 30-second Level Monitor loop.
2026-08-31 19:45:02,152 [INFO] Started 15-second Position Refresh loop.
2026-08-31 19:45:02,152 [INFO] Started 10-minute Recommendation Engine loop.
INFO:     Application startup complete.
2026-08-31 19:45:03,338 [INFO] 29 changes detected
2026-08-31 19:45:05,602 [INFO] 4 changes detected
2026-08-31 19:47:26,863 [INFO] 3 changes detected
WARNING:  WatchFiles detected changes in 'engine.py'. Reloading...
INFO:     Shutting down
INFO:     Waiting for application shutdown.
INFO:     Application shutdown complete.
INFO:     Finished server process [51283]
2026-08-31 19:47:27,632 [INFO] 3 changes detected
INFO:     Started server process [51769]
INFO:     Waiting for application startup.
2026-08-31 19:47:28,479 [INFO] Started 1-minute Auto-Refresh loop.
2026-08-31 19:47:28,479 [INFO] Started 30-second Level Monitor loop.
2026-08-31 19:47:28,479 [INFO] Started 15-second Position Refresh loop.
2026-08-31 19:47:28,479 [INFO] Started 10-minute Recommendation Engine loop.
INFO:     Application startup complete.
2026-08-31 19:47:33,254 [INFO] 3 changes detected
WARNING:  WatchFiles detected changes in 'engine.py'. Reloading...
INFO:     Shutting down
INFO:     Waiting for application shutdown.
INFO:     Application shutdown complete.
INFO:     Finished server process [51769]
2026-08-31 19:47:34,079 [INFO] 3 changes detected
INFO:     Started server process [51824]
INFO:     Waiting for application startup.
2026-08-31 19:47:34,908 [INFO] Started 1-minute Auto-Refresh loop.
2026-08-31 19:47:34,908 [INFO] Started 30-second Level Monitor loop.
2026-08-31 19:47:34,908 [INFO] Started 15-second Position Refresh loop.
2026-08-31 19:47:34,908 [INFO] Started 10-minute Recommendation Engine loop.
INFO:     Application startup complete.
2026-08-31 19:47:37,252 [INFO] 3 changes detected
WARNING:  WatchFiles detected changes in 'engine.py'. Reloading...
INFO:     Shutting down
INFO:     Waiting for application shutdown.
INFO:     Application shutdown complete.
INFO:     Finished server process [51824]
2026-08-31 19:47:38,141 [INFO] 3 changes detected
INFO:     Started server process [51833]
INFO:     Waiting for application startup.
2026-08-31 19:47:38,934 [INFO] Started 1-minute Auto-Refresh loop.
2026-08-31 19:47:38,934 [INFO] Started 30-second Level Monitor loop.
2026-08-31 19:47:38,934 [INFO] Started 15-second Position Refresh loop.
2026-08-31 19:47:38,934 [INFO] Started 10-minute Recommendation Engine loop.
INFO:     Application startup complete.
2026-08-31 19:47:45,515 [INFO] 29 changes detected
2026-08-31 19:47:47,705 [INFO] 4 changes detected
INFO:     127.0.0.1:58875 - "GET /api/bot/status HTTP/1.1" 200 OK
INFO:     127.0.0.1:58893 - "GET /api/metrics HTTP/1.1" 400 Bad Request
INFO:     127.0.0.1:58897 - "GET /api/metrics HTTP/1.1" 400 Bad Request
2026-08-31 19:49:02,108 [INFO] 3 changes detected
WARNING:  WatchFiles detected changes in 'engine.py'. Reloading...
INFO:     Shutting down
INFO:     Waiting for application shutdown.
INFO:     Application shutdown complete.
INFO:     Finished server process [51833]
2026-08-31 19:49:02,866 [INFO] 3 changes detected
INFO:     Started server process [52322]
INFO:     Waiting for application startup.
2026-08-31 19:49:03,701 [INFO] Started 1-minute Auto-Refresh loop.
2026-08-31 19:49:03,701 [INFO] Started 30-second Level Monitor loop.
2026-08-31 19:49:03,701 [INFO] Started 15-second Position Refresh loop.
2026-08-31 19:49:03,701 [INFO] Started 10-minute Recommendation Engine loop.
INFO:     Application startup complete.
2026-08-31 19:49:06,231 [INFO] 3 changes detected
WARNING:  WatchFiles detected changes in 'engine.py'. Reloading...
INFO:     Shutting down
INFO:     Waiting for application shutdown.
INFO:     Application shutdown complete.
INFO:     Finished server process [52322]
2026-08-31 19:49:07,140 [INFO] 3 changes detected
INFO:     Started server process [52334]
INFO:     Waiting for application startup.
2026-08-31 19:49:07,941 [INFO] Started 1-minute Auto-Refresh loop.
2026-08-31 19:49:07,941 [INFO] Started 30-second Level Monitor loop.
2026-08-31 19:49:07,941 [INFO] Started 15-second Position Refresh loop.
2026-08-31 19:49:07,941 [INFO] Started 10-minute Recommendation Engine loop.
INFO:     Application startup complete.
2026-08-31 19:49:09,763 [INFO] 29 changes detected
2026-08-31 19:49:11,909 [INFO] 4 changes detected
INFO:     127.0.0.1:58909 - "GET /api/bot/status HTTP/1.1" 200 OK
INFO:     127.0.0.1:58913 - "GET /api/engine/status HTTP/1.1" 404 Not Found
INFO:     127.0.0.1:58915 - "GET /api/connection HTTP/1.1" 404 Not Found
INFO:     127.0.0.1:58917 - "GET /api/ibkr/status HTTP/1.1" 404 Not Found
2026-08-31 19:49:20,950 [INFO] 7 changes detected
INFO:     127.0.0.1:58923 - "GET /api/status HTTP/1.1" 200 OK
2026-08-31 19:49:27,224 [INFO] 3 changes detected
2026-08-31 19:49:46,461 [INFO] 2 changes detected
2026-08-31 19:53:53,777 [INFO] 3 changes detected
WARNING:  WatchFiles detected changes in 'bot_engine.py'. Reloading...
INFO:     Shutting down
INFO:     Waiting for application shutdown.
INFO:     Application shutdown complete.
INFO:     Finished server process [52334]
2026-08-31 19:53:55,369 [INFO] 3 changes detected
INFO:     Started server process [53484]
INFO:     Waiting for application startup.
2026-08-31 19:53:55,410 [INFO] Started 1-minute Auto-Refresh loop.
2026-08-31 19:53:55,410 [INFO] Started 30-second Level Monitor loop.
2026-08-31 19:53:55,410 [INFO] Started 15-second Position Refresh loop.
2026-08-31 19:53:55,410 [INFO] Started 10-minute Recommendation Engine loop.
INFO:     Application startup complete.
2026-08-31 19:53:56,379 [INFO] 3 changes detected
WARNING:  WatchFiles detected changes in 'bot_engine.py'. Reloading...
INFO:     Shutting down
INFO:     Waiting for application shutdown.
INFO:     Application shutdown complete.
INFO:     Finished server process [53484]
INFO:     Started server process [53516]
INFO:     Waiting for application startup.
2026-08-31 19:53:57,991 [INFO] 3 changes detected
2026-08-31 19:53:57,991 [INFO] Started 1-minute Auto-Refresh loop.
2026-08-31 19:53:57,991 [INFO] Started 30-second Level Monitor loop.
2026-08-31 19:53:57,991 [INFO] Started 15-second Position Refresh loop.
2026-08-31 19:53:57,991 [INFO] Started 10-minute Recommendation Engine loop.
INFO:     Application startup complete.
2026-08-31 19:53:59,910 [INFO] 3 changes detected
WARNING:  WatchFiles detected changes in 'bot_engine.py'. Reloading...
INFO:     Shutting down
INFO:     Waiting for application shutdown.
INFO:     Application shutdown complete.
INFO:     Finished server process [53516]
2026-08-31 19:54:01,526 [INFO] 3 changes detected
INFO:     Started server process [53547]
INFO:     Waiting for application startup.
2026-08-31 19:54:01,589 [INFO] Started 1-minute Auto-Refresh loop.
2026-08-31 19:54:01,589 [INFO] Started 30-second Level Monitor loop.
2026-08-31 19:54:01,589 [INFO] Started 15-second Position Refresh loop.
2026-08-31 19:54:01,589 [INFO] Started 10-minute Recommendation Engine loop.
INFO:     Application startup complete.
2026-08-31 19:54:03,782 [INFO] 29 changes detected
2026-08-31 19:54:05,921 [INFO] 4 changes detected
INFO:     127.0.0.1:59009 - "GET /api/bot/status HTTP/1.1" 200 OK
INFO:     127.0.0.1:60111 - "GET /api/metrics HTTP/1.1" 400 Bad Request
INFO:     127.0.0.1:60115 - "GET /api/metrics HTTP/1.1" 400 Bad Request
INFO:     127.0.0.1:60117 - "GET /api/status HTTP/1.1" 200 OK
2026-09-01 12:05:03,371 [INFO] 3 changes detected
WARNING:  WatchFiles detected changes in 'engine.py'. Reloading...
INFO:     Shutting down
INFO:     Waiting for application shutdown.
INFO:     Application shutdown complete.
INFO:     Finished server process [53547]
2026-09-01 12:05:04,356 [INFO] 3 changes detected
INFO:     Started server process [58549]
INFO:     Waiting for application startup.
2026-09-01 12:05:05,293 [INFO] Started 1-minute Auto-Refresh loop.
2026-09-01 12:05:05,293 [INFO] Started 30-second Level Monitor loop.
2026-09-01 12:05:05,293 [INFO] Started 15-second Position Refresh loop.
2026-09-01 12:05:05,293 [INFO] Started 10-minute Recommendation Engine loop.
INFO:     Application startup complete.
2026-09-01 12:05:09,158 [INFO] 29 changes detected
2026-09-01 12:05:11,565 [INFO] 4 changes detected
2026-09-01 12:05:56,562 [INFO] 2 changes detected
2026-09-01 12:08:21,333 [INFO] 3 changes detected
WARNING:  WatchFiles detected changes in 'engine.py'. Reloading...
INFO:     Shutting down
INFO:     Waiting for application shutdown.
INFO:     Application shutdown complete.
INFO:     Finished server process [58549]
2026-09-01 12:08:22,252 [INFO] 3 changes detected
INFO:     Started server process [59006]
INFO:     Waiting for application startup.
2026-09-01 12:08:23,167 [INFO] Started 1-minute Auto-Refresh loop.
2026-09-01 12:08:23,167 [INFO] Started 30-second Level Monitor loop.
2026-09-01 12:08:23,167 [INFO] Started 15-second Position Refresh loop.
2026-09-01 12:08:23,167 [INFO] Started 10-minute Recommendation Engine loop.
INFO:     Application startup complete.
2026-09-01 12:08:27,353 [INFO] 7 changes detected
2026-09-01 12:08:31,577 [INFO] 25 changes detected
2026-09-01 12:08:33,779 [INFO] 4 changes detected
2026-09-01 12:08:55,869 [INFO] 2 changes detected
2026-09-01 12:14:08,701 [INFO] 3 changes detected
WARNING:  WatchFiles detected changes in 'server.py'. Reloading...
INFO:     Shutting down
INFO:     Waiting for application shutdown.
INFO:     Application shutdown complete.
INFO:     Finished server process [59006]
INFO:     Started server process [60014]
INFO:     Waiting for application startup.
2026-09-01 12:14:10,631 [INFO] Started 1-minute Auto-Refresh loop.
2026-09-01 12:14:10,631 [INFO] Started 30-second Level Monitor loop.
2026-09-01 12:14:10,631 [INFO] Started 15-second Position Refresh loop.
2026-09-01 12:14:10,631 [INFO] Started 10-minute Recommendation Engine loop.
INFO:     Application startup complete.
2026-09-01 12:14:10,697 [INFO] 3 changes detected
2026-09-01 12:14:11,278 [INFO] 3 changes detected
WARNING:  WatchFiles detected changes in 'server.py'. Reloading...
INFO:     Shutting down
INFO:     Waiting for application shutdown.
INFO:     Application shutdown complete.
INFO:     Finished server process [60014]
INFO:     Started server process [60035]
INFO:     Waiting for application startup.
2026-09-01 12:14:12,928 [INFO] Started 1-minute Auto-Refresh loop.
2026-09-01 12:14:12,928 [INFO] Started 30-second Level Monitor loop.
2026-09-01 12:14:12,928 [INFO] Started 15-second Position Refresh loop.
2026-09-01 12:14:12,928 [INFO] Started 10-minute Recommendation Engine loop.
INFO:     Application startup complete.
2026-09-01 12:14:13,011 [INFO] 3 changes detected
2026-09-01 12:14:27,572 [INFO] 3 changes detected
WARNING:  WatchFiles detected changes in 'server.py'. Reloading...
INFO:     Shutting down
INFO:     Waiting for application shutdown.
INFO:     Application shutdown complete.
INFO:     Finished server process [60035]
INFO:     Started server process [60096]
INFO:     Waiting for application startup.
2026-09-01 12:14:29,180 [INFO] Started 1-minute Auto-Refresh loop.
2026-09-01 12:14:29,180 [INFO] Started 30-second Level Monitor loop.
2026-09-01 12:14:29,180 [INFO] Started 15-second Position Refresh loop.
2026-09-01 12:14:29,181 [INFO] Started 10-minute Recommendation Engine loop.
INFO:     Application startup complete.
2026-09-01 12:14:29,269 [INFO] 3 changes detected
2026-09-01 12:14:48,366 [INFO] 3 changes detected
WARNING:  WatchFiles detected changes in 'server.py'. Reloading...
INFO:     Shutting down
INFO:     Waiting for application shutdown.
INFO:     Application shutdown complete.
INFO:     Finished server process [60096]
INFO:     Started server process [60222]
INFO:     Waiting for application startup.
2026-09-01 12:14:49,985 [INFO] Started 1-minute Auto-Refresh loop.
2026-09-01 12:14:49,985 [INFO] Started 30-second Level Monitor loop.
2026-09-01 12:14:49,985 [INFO] Started 15-second Position Refresh loop.
2026-09-01 12:14:49,985 [INFO] Started 10-minute Recommendation Engine loop.
INFO:     Application startup complete.
2026-09-01 12:14:50,058 [INFO] 3 changes detected
2026-09-01 12:14:53,753 [INFO] 3 changes detected
INFO:     127.0.0.1:60291 - "POST /api/recommendation/refresh HTTP/1.1" 503 Service Unavailable
2026-09-01 12:15:05,764 [INFO] 3 changes detected
2026-09-01 12:15:09,053 [INFO] 3 changes detected
2026-09-01 12:15:27,301 [INFO] 3 changes detected
2026-09-01 12:15:32,934 [INFO] 3 changes detected
2026-09-01 12:15:43,951 [INFO] 3 changes detected
2026-09-01 12:15:50,775 [INFO] 2 changes detected
2026-09-01 12:15:51,138 [INFO] 28 changes detected
2026-09-01 12:16:10,480 [INFO] 49 changes detected
2026-09-01 12:16:13,001 [INFO] 4 changes detected
2026-09-01 12:17:22,417 [INFO] 2 changes detected
2026-09-01 12:21:04,523 [INFO] 3 changes detected
WARNING:  WatchFiles detected changes in 'engine.py'. Reloading...
INFO:     Shutting down
INFO:     Waiting for application shutdown.
INFO:     Application shutdown complete.
INFO:     Finished server process [60222]
2026-09-01 12:21:05,403 [INFO] 3 changes detected
INFO:     Started server process [63361]
INFO:     Waiting for application startup.
2026-09-01 12:21:06,225 [INFO] Started 1-minute Auto-Refresh loop.
2026-09-01 12:21:06,225 [INFO] Started 30-second Level Monitor loop.
2026-09-01 12:21:06,225 [INFO] Started 15-second Position Refresh loop.
2026-09-01 12:21:06,225 [INFO] Started 10-minute Recommendation Engine loop.
INFO:     Application startup complete.
2026-09-01 12:21:22,147 [INFO] 29 changes detected
2026-09-01 12:21:24,445 [INFO] 4 changes detected
2026-09-01 12:29:12,443 [INFO] 3 changes detected
WARNING:  WatchFiles detected changes in 'engine.py'. Reloading...
INFO:     Shutting down
INFO:     Waiting for application shutdown.
INFO:     Application shutdown complete.
INFO:     Finished server process [63361]
2026-09-01 12:29:13,339 [INFO] 3 changes detected
INFO:     Started server process [64437]
INFO:     Waiting for application startup.
2026-09-01 12:29:14,148 [INFO] Started 1-minute Auto-Refresh loop.
2026-09-01 12:29:14,148 [INFO] Started 30-second Level Monitor loop.
2026-09-01 12:29:14,148 [INFO] Started 15-second Position Refresh loop.
2026-09-01 12:29:14,148 [INFO] Started 10-minute Recommendation Engine loop.
INFO:     Application startup complete.
2026-09-01 12:29:18,181 [INFO] 3 changes detected
WARNING:  WatchFiles detected changes in 'engine.py'. Reloading...
INFO:     Shutting down
INFO:     Waiting for application shutdown.
INFO:     Application shutdown complete.
INFO:     Finished server process [64437]
2026-09-01 12:29:18,992 [INFO] 3 changes detected
INFO:     Started server process [64495]
INFO:     Waiting for application startup.
2026-09-01 12:29:19,784 [INFO] Started 1-minute Auto-Refresh loop.
2026-09-01 12:29:19,784 [INFO] Started 30-second Level Monitor loop.
2026-09-01 12:29:19,784 [INFO] Started 15-second Position Refresh loop.
2026-09-01 12:29:19,784 [INFO] Started 10-minute Recommendation Engine loop.
INFO:     Application startup complete.
2026-09-01 12:29:24,028 [INFO] 3 changes detected
WARNING:  WatchFiles detected changes in 'engine.py'. Reloading...
INFO:     Shutting down
INFO:     Waiting for application shutdown.
INFO:     Application shutdown complete.
INFO:     Finished server process [64495]
2026-09-01 12:29:24,934 [INFO] 3 changes detected
INFO:     Started server process [64577]
INFO:     Waiting for application startup.
2026-09-01 12:29:25,726 [INFO] Started 1-minute Auto-Refresh loop.
2026-09-01 12:29:25,726 [INFO] Started 30-second Level Monitor loop.
2026-09-01 12:29:25,726 [INFO] Started 15-second Position Refresh loop.
2026-09-01 12:29:25,726 [INFO] Started 10-minute Recommendation Engine loop.
INFO:     Application startup complete.
2026-09-01 12:30:31,346 [INFO] 2 changes detected
2026-09-01 12:30:35,375 [INFO] 7 changes detected
2026-09-01 12:30:41,001 [INFO] 25 changes detected
2026-09-01 12:30:54,889 [INFO] 4 changes detected
2026-09-01 12:35:42,102 [INFO] 2 changes detected
2026-09-01 12:36:18,284 [INFO] 3 changes detected
2026-09-01 12:37:19,282 [INFO] 5 changes detected
2026-09-01 12:37:21,043 [INFO] 7 changes detected
2026-09-01 12:37:38,250 [INFO] 40 changes detected
2026-09-01 12:37:42,167 [INFO] 4 changes detected
2026-09-01 12:40:16,236 [INFO] 3 changes detected
2026-09-01 12:40:30,347 [INFO] 151 changes detected
WARNING:  WatchFiles detected changes in 'venv_new/lib/python3.14/site-packages/markdown/extensions/codehilite.py', 'venv_new/lib/python3.14/site-packages/markdown/__main__.py', 'venv_new/lib/python3.14/site-packages/markdown/test_tools.py', 'venv_new/lib/python3.14/site-packages/markdown/blockprocessors.py', 'venv_new/lib/python3.14/site-packages/markdown/extensions/toc.py', 'venv_new/lib/python3.14/site-packages/markdown/extensions/legacy_em.py', 'venv_new/lib/python3.14/site-packages/markdown/extensions/nl2br.py', 'venv_new/lib/python3.14/site-packages/markdown/extensions/sane_lists.py', 'venv_new/lib/python3.14/site-packages/markdown/util.py', 'venv_new/lib/python3.14/site-packages/markdown/extensions/footnotes.py', 'venv_new/lib/python3.14/site-packages/markdown/extensions/abbr.py', 'venv_new/lib/python3.14/site-packages/markdown/__init__.py', 'venv_new/lib/python3.14/site-packages/markdown/extensions/admonition.py', 'venv_new/lib/python3.14/site-packages/markdown/extensions/attr_list.py', 'venv_new/lib/python3.14/site-packages/markdown/extensions/def_list.py', 'venv_new/lib/python3.14/site-packages/markdown/serializers.py', 'venv_new/lib/python3.14/site-packages/markdown/extensions/md_in_html.py', 'venv_new/lib/python3.14/site-packages/markdown/htmlparser.py', 'venv_new/lib/python3.14/site-packages/markdown/extensions/__init__.py', 'venv_new/lib/python3.14/site-packages/markdown/treeprocessors.py', 'venv_new/lib/python3.14/site-packages/markdown/inlinepatterns.py', 'venv_new/lib/python3.14/site-packages/markdown/extensions/wikilinks.py', 'venv_new/lib/python3.14/site-packages/markdown/extensions/legacy_attrs.py', 'venv_new/lib/python3.14/site-packages/markdown/extensions/tables.py', 'venv_new/lib/python3.14/site-packages/markdown/extensions/extra.py', 'venv_new/lib/python3.14/site-packages/markdown/extensions/fenced_code.py', 'venv_new/lib/python3.14/site-packages/markdown/core.py', 'venv_new/lib/python3.14/site-packages/markdown/extensions/meta.py', 'venv_new/lib/python3.14/site-packages/markdown/__meta__.py', 'venv_new/lib/python3.14/site-packages/markdown/preprocessors.py', 'venv_new/lib/python3.14/site-packages/markdown/extensions/smarty.py', 'venv_new/lib/python3.14/site-packages/markdown/blockparser.py', 'venv_new/lib/python3.14/site-packages/markdown/postprocessors.py'. Reloading...
INFO:     Shutting down
INFO:     Waiting for application shutdown.
INFO:     Application shutdown complete.
INFO:     Finished server process [64577]
INFO:     Started server process [66656]
INFO:     Waiting for application startup.
2026-09-01 12:40:32,071 [INFO] Started 1-minute Auto-Refresh loop.
2026-09-01 12:40:32,071 [INFO] Started 30-second Level Monitor loop.
2026-09-01 12:40:32,071 [INFO] Started 15-second Position Refresh loop.
2026-09-01 12:40:32,071 [INFO] Started 10-minute Recommendation Engine loop.
INFO:     Application startup complete.
2026-09-01 12:41:05,154 [INFO] 1 change detected
2026-09-01 12:41:08,722 [INFO] 4 changes detected
2026-09-01 15:32:36,315 [INFO] 3 changes detected
WARNING:  WatchFiles detected changes in 'engine.py'. Reloading...
INFO:     Shutting down
INFO:     Waiting for application shutdown.
INFO:     Application shutdown complete.
INFO:     Finished server process [66656]
2026-09-01 15:32:37,427 [INFO] 3 changes detected
INFO:     Started server process [72321]
INFO:     Waiting for application startup.
2026-09-01 15:32:38,445 [INFO] Started 1-minute Auto-Refresh loop.
2026-09-01 15:32:38,445 [INFO] Started 30-second Level Monitor loop.
2026-09-01 15:32:38,445 [INFO] Started 15-second Position Refresh loop.
2026-09-01 15:32:38,445 [INFO] Started 10-minute Recommendation Engine loop.
INFO:     Application startup complete.
2026-09-01 15:37:23,946 [INFO] 3 changes detected
WARNING:  WatchFiles detected changes in 'server.py'. Reloading...
INFO:     Shutting down
INFO:     Waiting for application shutdown.
INFO:     Application shutdown complete.
INFO:     Finished server process [72321]
INFO:     Started server process [73688]
INFO:     Waiting for application startup.
2026-09-01 15:37:25,792 [INFO] Started 1-minute Auto-Refresh loop.
2026-09-01 15:37:25,792 [INFO] Started 30-second Level Monitor loop.
2026-09-01 15:37:25,792 [INFO] Started 15-second Position Refresh loop.
2026-09-01 15:37:25,792 [INFO] Started 10-minute Recommendation Engine loop.
INFO:     Application startup complete.
2026-09-01 15:37:25,901 [INFO] 3 changes detected
2026-09-01 15:37:28,060 [INFO] 3 changes detected
WARNING:  WatchFiles detected changes in 'server.py'. Reloading...
INFO:     Shutting down
INFO:     Waiting for application shutdown.
INFO:     Application shutdown complete.
INFO:     Finished server process [73688]
INFO:     Started server process [73722]
INFO:     Waiting for application startup.
2026-09-01 15:37:29,754 [INFO] Started 1-minute Auto-Refresh loop.
2026-09-01 15:37:29,754 [INFO] Started 30-second Level Monitor loop.
2026-09-01 15:37:29,754 [INFO] Started 15-second Position Refresh loop.
2026-09-01 15:37:29,754 [INFO] Started 10-minute Recommendation Engine loop.
INFO:     Application startup complete.
2026-09-01 15:37:29,858 [INFO] 3 changes detected
2026-09-01 15:37:40,076 [INFO] 3 changes detected
WARNING:  WatchFiles detected changes in 'server.py'. Reloading...
INFO:     Shutting down
INFO:     Waiting for application shutdown.
INFO:     Application shutdown complete.
INFO:     Finished server process [73722]
INFO:     Started server process [73757]
INFO:     Waiting for application startup.
2026-09-01 15:37:41,823 [INFO] Started 1-minute Auto-Refresh loop.
2026-09-01 15:37:41,823 [INFO] Started 30-second Level Monitor loop.
2026-09-01 15:37:41,823 [INFO] Started 15-second Position Refresh loop.
2026-09-01 15:37:41,823 [INFO] Started 10-minute Recommendation Engine loop.
INFO:     Application startup complete.
2026-09-01 15:37:41,901 [INFO] 3 changes detected
2026-09-01 15:37:48,489 [INFO] 3 changes detected
WARNING:  WatchFiles detected changes in 'server.py'. Reloading...
INFO:     Shutting down
INFO:     Waiting for application shutdown.
INFO:     Application shutdown complete.
INFO:     Finished server process [73757]
INFO:     Started server process [73873]
INFO:     Waiting for application startup.
2026-09-01 15:37:50,086 [INFO] Started 1-minute Auto-Refresh loop.
2026-09-01 15:37:50,086 [INFO] Started 30-second Level Monitor loop.
2026-09-01 15:37:50,086 [INFO] Started 15-second Position Refresh loop.
2026-09-01 15:37:50,086 [INFO] Started 10-minute Recommendation Engine loop.
INFO:     Application startup complete.
2026-09-01 15:37:50,171 [INFO] 3 changes detected
2026-09-01 15:37:57,488 [INFO] 3 changes detected
2026-09-01 15:38:00,609 [INFO] 3 changes detected
2026-09-01 15:38:15,390 [INFO] 3 changes detected
2026-09-01 15:38:39,395 [INFO] 2 changes detected
2026-09-01 15:40:08,680 [INFO] 2 changes detected
2026-09-01 15:40:10,976 [INFO] 15 changes detected
2026-09-01 15:40:17,079 [INFO] 37 changes detected
2026-09-01 15:40:21,320 [INFO] 4 changes detected
2026-09-01 15:58:18,483 [INFO] 3 changes detected
WARNING:  WatchFiles detected changes in 'bot_engine.py'. Reloading...
INFO:     Shutting down
INFO:     Waiting for application shutdown.
INFO:     Application shutdown complete.
INFO:     Finished server process [73873]
2026-09-01 15:58:20,396 [INFO] 3 changes detected
INFO:     Started server process [79542]
INFO:     Waiting for application startup.
2026-09-01 15:58:20,463 [INFO] Started 1-minute Auto-Refresh loop.
2026-09-01 15:58:20,463 [INFO] Started 30-second Level Monitor loop.
2026-09-01 15:58:20,463 [INFO] Started 15-second Position Refresh loop.
2026-09-01 15:58:20,463 [INFO] Started 10-minute Recommendation Engine loop.
INFO:     Application startup complete.
2026-09-01 16:02:39,423 [INFO] 2 changes detected
2026-09-01 16:02:56,271 [INFO] 29 changes detected
2026-09-01 16:03:00,517 [INFO] 4 changes detected
2026-09-01 16:18:35,188 [INFO] 3 changes detected
WARNING:  WatchFiles detected changes in 'server.py'. Reloading...
INFO:     Shutting down
INFO:     Waiting for application shutdown.
INFO:     Application shutdown complete.
INFO:     Finished server process [79542]
INFO:     Started server process [81819]
INFO:     Waiting for application startup.
2026-09-01 16:18:37,040 [INFO] Started 1-minute Auto-Refresh loop.
2026-09-01 16:18:37,040 [INFO] Started 30-second Level Monitor loop.
2026-09-01 16:18:37,040 [INFO] Started 15-second Position Refresh loop.
2026-09-01 16:18:37,040 [INFO] Started 10-minute Recommendation Engine loop.
INFO:     Application startup complete.
2026-09-01 16:18:37,136 [INFO] 3 changes detected
2026-09-01 16:18:45,789 [INFO] 3 changes detected
WARNING:  WatchFiles detected changes in 'server.py'. Reloading...
INFO:     Shutting down
INFO:     Waiting for application shutdown.
INFO:     Application shutdown complete.
INFO:     Finished server process [81819]
INFO:     Started server process [81857]
INFO:     Waiting for application startup.
2026-09-01 16:18:47,499 [INFO] Started 1-minute Auto-Refresh loop.
2026-09-01 16:18:47,499 [INFO] Started 30-second Level Monitor loop.
2026-09-01 16:18:47,499 [INFO] Started 15-second Position Refresh loop.
2026-09-01 16:18:47,499 [INFO] Started 10-minute Recommendation Engine loop.
INFO:     Application startup complete.
2026-09-01 16:18:47,572 [INFO] 3 changes detected
2026-09-01 16:18:52,461 [INFO] 7 changes detected
2026-09-01 16:18:56,429 [INFO] 25 changes detected
2026-09-01 16:19:00,456 [INFO] 4 changes detected
2026-09-01 16:27:50,843 [INFO] 3 changes detected
2026-09-01 16:27:59,059 [INFO] 3 changes detected
2026-09-01 16:28:16,354 [INFO] 3 changes detected
2026-09-01 16:28:19,874 [INFO] 3 changes detected
2026-09-01 16:28:38,059 [INFO] 3 changes detected
2026-09-01 16:28:43,079 [INFO] 3 changes detected
2026-09-01 16:28:49,454 [INFO] 3 changes detected
2026-09-01 16:28:54,397 [INFO] 1 change detected
2026-09-01 16:28:54,762 [INFO] 1 change detected
2026-09-01 16:28:58,642 [INFO] 1 change detected
2026-09-01 16:28:59,003 [INFO] 1 change detected
2026-09-01 16:28:59,417 [INFO] 18 changes detected
2026-09-01 16:28:59,781 [INFO] 12 changes detected
2026-09-01 16:29:05,599 [INFO] 2 changes detected
2026-09-01 16:29:11,827 [INFO] 63 changes detected
2026-09-01 16:29:15,969 [INFO] 4 changes detected
2026-09-02 17:35:00,669 [INFO] 3 changes detected
WARNING:  WatchFiles detected changes in 'engine.py'. Reloading...
INFO:     Shutting down
INFO:     Waiting for application shutdown.
INFO:     Application shutdown complete.
INFO:     Finished server process [81857]
2026-09-02 17:35:01,843 [INFO] 3 changes detected
INFO:     Started server process [50910]
INFO:     Waiting for application startup.
2026-09-02 17:35:02,847 [INFO] Started 1-minute Auto-Refresh loop.
2026-09-02 17:35:02,847 [INFO] Started 30-second Level Monitor loop.
2026-09-02 17:35:02,847 [INFO] Started 15-second Position Refresh loop.
2026-09-02 17:35:02,847 [INFO] Started 10-minute Recommendation Engine loop.
INFO:     Application startup complete.
2026-09-02 17:35:27,941 [INFO] 1 change detected
2026-09-02 17:35:32,591 [INFO] 2 changes detected
2026-09-02 17:35:38,224 [INFO] 1 change detected
2026-09-02 17:35:38,587 [INFO] 3 changes detected
2026-09-02 17:35:53,666 [INFO] 3 changes detected
WARNING:  WatchFiles detected changes in 'test_execute_single_leg_right.py'. Reloading...
INFO:     Shutting down
INFO:     Waiting for application shutdown.
INFO:     Application shutdown complete.
INFO:     Finished server process [50910]
INFO:     Started server process [51509]
INFO:     Waiting for application startup.
2026-09-02 17:35:55,545 [INFO] Started 1-minute Auto-Refresh loop.
2026-09-02 17:35:55,545 [INFO] Started 30-second Level Monitor loop.
2026-09-02 17:35:55,545 [INFO] Started 15-second Position Refresh loop.
2026-09-02 17:35:55,545 [INFO] Started 10-minute Recommendation Engine loop.
INFO:     Application startup complete.
2026-09-02 17:35:57,441 [INFO] 2 changes detected
2026-09-02 17:36:00,087 [INFO] 3 changes detected
WARNING:  WatchFiles detected changes in 'test_execute_single_leg_right.py'. Reloading...
INFO:     Shutting down
INFO:     Waiting for application shutdown.
INFO:     Application shutdown complete.
INFO:     Finished server process [51509]
INFO:     Started server process [51602]
INFO:     Waiting for application startup.
2026-09-02 17:36:01,664 [INFO] Started 1-minute Auto-Refresh loop.
2026-09-02 17:36:01,665 [INFO] Started 30-second Level Monitor loop.
2026-09-02 17:36:01,665 [INFO] Started 15-second Position Refresh loop.
2026-09-02 17:36:01,665 [INFO] Started 10-minute Recommendation Engine loop.
INFO:     Application startup complete.
2026-09-02 17:36:02,347 [INFO] 5 changes detected
2026-09-02 17:36:06,470 [INFO] 3 changes detected
WARNING:  WatchFiles detected changes in 'test_execute_single_leg_right.py'. Reloading...
INFO:     Shutting down
INFO:     Waiting for application shutdown.
INFO:     Application shutdown complete.
INFO:     Finished server process [51602]
INFO:     Started server process [51730]
INFO:     Waiting for application startup.
2026-09-02 17:36:08,107 [INFO] Started 1-minute Auto-Refresh loop.
2026-09-02 17:36:08,107 [INFO] Started 30-second Level Monitor loop.
2026-09-02 17:36:08,107 [INFO] Started 15-second Position Refresh loop.
2026-09-02 17:36:08,107 [INFO] Started 10-minute Recommendation Engine loop.
INFO:     Application startup complete.
2026-09-02 17:36:08,418 [INFO] 5 changes detected
2026-09-02 17:36:11,194 [INFO] 11 changes detected
2026-09-02 17:36:14,243 [INFO] 25 changes detected
2026-09-02 17:38:16,022 [INFO] 2 changes detected
2026-09-02 17:38:20,840 [INFO] 4 changes detected
2026-09-03 15:52:08,597 [INFO] 3 changes detected
WARNING:  WatchFiles detected changes in 'bot_engine.py'. Reloading...
INFO:     Shutting down
INFO:     Waiting for application shutdown.
INFO:     Application shutdown complete.
INFO:     Finished server process [51730]
2026-09-03 15:52:11,952 [INFO] 3 changes detected
INFO:     Started server process [97083]
INFO:     Waiting for application startup.
2026-09-03 15:52:12,094 [INFO] Started 1-minute Auto-Refresh loop.
2026-09-03 15:52:12,094 [INFO] Started 30-second Level Monitor loop.
2026-09-03 15:52:12,094 [INFO] Started 15-second Position Refresh loop.
2026-09-03 15:52:12,094 [INFO] Started 10-minute Recommendation Engine loop.
INFO:     Application startup complete.
2026-09-03 15:52:12,592 [INFO] 3 changes detected
WARNING:  WatchFiles detected changes in 'bot_engine.py'. Reloading...
INFO:     Shutting down
INFO:     Waiting for application shutdown.
INFO:     Application shutdown complete.
INFO:     Finished server process [97083]
2026-09-03 15:52:14,168 [INFO] 3 changes detected
INFO:     Started server process [97098]
INFO:     Waiting for application startup.
2026-09-03 15:52:14,192 [INFO] Started 1-minute Auto-Refresh loop.
2026-09-03 15:52:14,192 [INFO] Started 30-second Level Monitor loop.
2026-09-03 15:52:14,192 [INFO] Started 15-second Position Refresh loop.
2026-09-03 15:52:14,192 [INFO] Started 10-minute Recommendation Engine loop.
INFO:     Application startup complete.
2026-09-03 15:52:24,220 [INFO] 3 changes detected
WARNING:  WatchFiles detected changes in 'bot_engine.py'. Reloading...
INFO:     Shutting down
INFO:     Waiting for application shutdown.
INFO:     Application shutdown complete.
INFO:     Finished server process [97098]
2026-09-03 15:52:25,864 [INFO] 3 changes detected
INFO:     Started server process [97162]
INFO:     Waiting for application startup.
2026-09-03 15:52:25,939 [INFO] Started 1-minute Auto-Refresh loop.
2026-09-03 15:52:25,939 [INFO] Started 30-second Level Monitor loop.
2026-09-03 15:52:25,939 [INFO] Started 15-second Position Refresh loop.
2026-09-03 15:52:25,939 [INFO] Started 10-minute Recommendation Engine loop.
INFO:     Application startup complete.
2026-09-03 15:52:27,783 [INFO] 3 changes detected
WARNING:  WatchFiles detected changes in 'bot_engine.py'. Reloading...
INFO:     Shutting down
INFO:     Waiting for application shutdown.
INFO:     Application shutdown complete.
INFO:     Finished server process [97162]
2026-09-03 15:52:29,368 [INFO] 3 changes detected
INFO:     Started server process [97262]
INFO:     Waiting for application startup.
2026-09-03 15:52:29,439 [INFO] Started 1-minute Auto-Refresh loop.
2026-09-03 15:52:29,439 [INFO] Started 30-second Level Monitor loop.
2026-09-03 15:52:29,439 [INFO] Started 15-second Position Refresh loop.
2026-09-03 15:52:29,439 [INFO] Started 10-minute Recommendation Engine loop.
INFO:     Application startup complete.
2026-09-03 15:52:45,153 [INFO] 3 changes detected
WARNING:  WatchFiles detected changes in 'test_orb15_day_rollover.py'. Reloading...
INFO:     Shutting down
INFO:     Waiting for application shutdown.
INFO:     Application shutdown complete.
INFO:     Finished server process [97262]
INFO:     Started server process [97361]
INFO:     Waiting for application startup.
2026-09-03 15:52:46,770 [INFO] Started 1-minute Auto-Refresh loop.
2026-09-03 15:52:46,770 [INFO] Started 30-second Level Monitor loop.
2026-09-03 15:52:46,770 [INFO] Started 15-second Position Refresh loop.
2026-09-03 15:52:46,770 [INFO] Started 10-minute Recommendation Engine loop.
INFO:     Application startup complete.
2026-09-03 15:52:47,527 [INFO] 4 changes detected
2026-09-03 15:52:54,296 [INFO] 33 changes detected
2026-09-03 15:52:56,531 [INFO] 4 changes detected
2026-09-03 15:57:24,069 [INFO] 3 changes detected
WARNING:  WatchFiles detected changes in 'bot_engine.py'. Reloading...
INFO:     Shutting down
INFO:     Waiting for application shutdown.
INFO:     Application shutdown complete.
INFO:     Finished server process [97361]
2026-09-03 15:57:25,838 [INFO] 3 changes detected
INFO:     Started server process [98068]
INFO:     Waiting for application startup.
2026-09-03 15:57:25,904 [INFO] Started 1-minute Auto-Refresh loop.
2026-09-03 15:57:25,904 [INFO] Started 30-second Level Monitor loop.
2026-09-03 15:57:25,904 [INFO] Started 15-second Position Refresh loop.
2026-09-03 15:57:25,904 [INFO] Started 10-minute Recommendation Engine loop.
INFO:     Application startup complete.
2026-09-03 15:57:35,934 [INFO] 3 changes detected
WARNING:  WatchFiles detected changes in 'test_orb15_median_body.py'. Reloading...
INFO:     Shutting down
INFO:     Waiting for application shutdown.
INFO:     Application shutdown complete.
INFO:     Finished server process [98068]
INFO:     Started server process [98178]
INFO:     Waiting for application startup.
2026-09-03 15:57:37,779 [INFO] Started 1-minute Auto-Refresh loop.
2026-09-03 15:57:37,779 [INFO] Started 30-second Level Monitor loop.
2026-09-03 15:57:37,779 [INFO] Started 15-second Position Refresh loop.
2026-09-03 15:57:37,779 [INFO] Started 10-minute Recommendation Engine loop.
INFO:     Application startup complete.
2026-09-03 15:58:08,537 [INFO] 4 changes detected
2026-09-03 15:58:12,544 [INFO] 33 changes detected
2026-09-03 15:58:14,688 [INFO] 4 changes detected
2026-09-03 15:58:46,031 [INFO] 2 changes detected
2026-09-03 15:58:50,535 [INFO] 41 changes detected
2026-09-03 15:58:52,678 [INFO] 4 changes detected
2026-09-03 16:03:54,290 [INFO] 3 changes detected
WARNING:  WatchFiles detected changes in 'test_orb15_loop_state.py'. Reloading...
INFO:     Shutting down
INFO:     Waiting for application shutdown.
INFO:     Application shutdown complete.
INFO:     Finished server process [98178]
INFO:     Started server process [99765]
INFO:     Waiting for application startup.
2026-09-03 16:03:56,143 [INFO] Started 1-minute Auto-Refresh loop.
2026-09-03 16:03:56,143 [INFO] Started 30-second Level Monitor loop.
2026-09-03 16:03:56,143 [INFO] Started 15-second Position Refresh loop.
2026-09-03 16:03:56,143 [INFO] Started 10-minute Recommendation Engine loop.
INFO:     Application startup complete.
2026-09-03 16:03:58,735 [INFO] 4 changes detected
2026-09-03 16:04:05,503 [INFO] 29 changes detected
2026-09-03 16:04:07,682 [INFO] 4 changes detected
2026-09-04 16:51:38,358 [INFO] 3 changes detected
WARNING:  WatchFiles detected changes in 'bot_engine.py'. Reloading...
INFO:     Shutting down
INFO:     Waiting for application shutdown.
INFO:     Application shutdown complete.
INFO:     Finished server process [99765]
2026-09-04 16:51:40,402 [INFO] 3 changes detected
INFO:     Started server process [44917]
INFO:     Waiting for application startup.
2026-09-04 16:51:40,480 [INFO] Started 1-minute Auto-Refresh loop.
2026-09-04 16:51:40,480 [INFO] Started 30-second Level Monitor loop.
2026-09-04 16:51:40,480 [INFO] Started 15-second Position Refresh loop.
2026-09-04 16:51:40,480 [INFO] Started 10-minute Recommendation Engine loop.
INFO:     Application startup complete.
2026-09-04 16:51:45,327 [INFO] 3 changes detected
WARNING:  WatchFiles detected changes in 'bot_engine.py'. Reloading...
INFO:     Shutting down
INFO:     Waiting for application shutdown.
INFO:     Application shutdown complete.
INFO:     Finished server process [44917]
2026-09-04 16:51:46,897 [INFO] 3 changes detected
INFO:     Started server process [44989]
INFO:     Waiting for application startup.
2026-09-04 16:51:46,905 [INFO] Started 1-minute Auto-Refresh loop.
2026-09-04 16:51:46,905 [INFO] Started 30-second Level Monitor loop.
2026-09-04 16:51:46,906 [INFO] Started 15-second Position Refresh loop.
2026-09-04 16:51:46,906 [INFO] Started 10-minute Recommendation Engine loop.
INFO:     Application startup complete.
2026-09-04 16:52:21,947 [INFO] 29 changes detected
2026-09-04 16:52:24,309 [INFO] 4 changes detected
2026-09-04 16:57:25,694 [INFO] 3 changes detected
2026-09-04 16:57:31,730 [INFO] 3 changes detected
2026-09-04 16:57:54,420 [INFO] 2 changes detected
2026-09-04 16:57:58,071 [INFO] 41 changes detected
2026-09-04 16:58:01,610 [INFO] 4 changes detected
2026-09-04 17:21:44,719 [INFO] 4 changes detected
2026-09-04 17:21:49,663 [INFO] 2 changes detected
2026-09-04 17:21:55,297 [INFO] 41 changes detected
2026-09-04 17:21:57,556 [INFO] 4 changes detected
2026-09-04 17:29:55,492 [INFO] 2 changes detected
INFO:     127.0.0.1:65042 - "GET / HTTP/1.1" 200 OK
2026-09-04 17:30:04,412 [INFO] 3 changes detected
2026-09-04 17:30:05,155 [INFO] 3 changes detected
2026-09-04 17:30:05,733 [INFO] 1 change detected
2026-09-04 17:30:08,307 [INFO] 4 changes detected
INFO:     127.0.0.1:65051 - "GET / HTTP/1.1" 200 OK
INFO:     127.0.0.1:65051 - "GET /assets/index-DsIJNR0F.js HTTP/1.1" 200 OK
INFO:     127.0.0.1:65055 - "GET /assets/rolldown-runtime-Dw2cE7zH.js HTTP/1.1" 200 OK
INFO:     127.0.0.1:65057 - "GET /assets/index-DOXIcjtg.css HTTP/1.1" 200 OK
INFO:     127.0.0.1:65058 - "GET /assets/lucide-BFow7rOM.js HTTP/1.1" 200 OK
INFO:     127.0.0.1:65060 - "GET /assets/react-vendor-BdVeBHZp.js HTTP/1.1" 200 OK
INFO:     127.0.0.1:65061 - "GET /assets/recharts-BPwyGONv.js HTTP/1.1" 200 OK
INFO:     127.0.0.1:65061 - "GET /api/history/net_drift?t=1788535808743 HTTP/1.1" 200 OK
INFO:     127.0.0.1:65060 - "GET /api/metrics HTTP/1.1" 400 Bad Request
INFO:     127.0.0.1:65066 - "WebSocket /ws/market_data" [accepted]
2026-09-04 17:30:08,767 [INFO] WebSocket client connected. Total: 1
INFO:     connection open
INFO:     127.0.0.1:65060 - "GET /api/bot/signals HTTP/1.1" 400 Bad Request
INFO:     127.0.0.1:65061 - "GET /api/metrics HTTP/1.1" 400 Bad Request
INFO:     127.0.0.1:65051 - "GET /api/recommendation HTTP/1.1" 503 Service Unavailable
2026-09-04 17:30:08,783 [INFO] 4 changes detected
2026-09-04 17:30:09,737 [INFO] 2 changes detected
2026-09-04 17:30:11,670 [INFO] 1 change detected
2026-09-04 17:30:15,098 [INFO] 1 change detected
2026-09-04 17:30:17,990 [INFO] 1 change detected
2026-09-04 17:30:24,026 [INFO] 1 change detected
2026-09-04 17:30:32,923 [INFO] 1 change detected
2026-09-04 17:30:34,993 [INFO] 1 change detected
2026-09-04 17:30:35,358 [INFO] 1 change detected
INFO:     127.0.0.1:65102 - "GET / HTTP/1.1" 304 Not Modified
2026-09-04 17:30:46,169 [INFO] WebSocket client disconnected. Total: 0
INFO:     connection closed
INFO:     127.0.0.1:65102 - "GET /api/history/net_drift?t=1788535846190 HTTP/1.1" 200 OK
INFO:     127.0.0.1:65104 - "WebSocket /ws/market_data" [accepted]
2026-09-04 17:30:46,197 [INFO] WebSocket client connected. Total: 1
INFO:     127.0.0.1:65106 - "GET /api/metrics HTTP/1.1" 400 Bad Request
INFO:     connection open
INFO:     127.0.0.1:65106 - "GET /api/metrics HTTP/1.1" 400 Bad Request
INFO:     127.0.0.1:65102 - "GET /api/bot/signals HTTP/1.1" 400 Bad Request
INFO:     127.0.0.1:65108 - "GET /api/recommendation HTTP/1.1" 503 Service Unavailable
2026-09-04 17:30:46,293 [INFO] 1 change detected
2026-09-04 17:30:47,033 [INFO] 2 changes detected
2026-09-04 17:30:47,395 [INFO] 1 change detected
2026-09-04 17:31:08,348 [INFO] 11 changes detected
2026-09-04 17:31:18,505 [INFO] 1 change detected
2026-09-04 17:31:22,405 [INFO] 1 change detected
2026-09-04 17:31:23,628 [INFO] 1 change detected
2026-09-04 17:31:25,765 [INFO] 1 change detected
2026-09-04 17:31:26,125 [INFO] 1 change detected
INFO:     127.0.0.1:65124 - "GET / HTTP/1.1" 304 Not Modified
2026-09-04 17:31:32,395 [INFO] WebSocket client disconnected. Total: 0
INFO:     connection closed
INFO:     127.0.0.1:65124 - "GET /api/history/net_drift?t=1788535892416 HTTP/1.1" 200 OK
INFO:     127.0.0.1:65126 - "WebSocket /ws/market_data" [accepted]
2026-09-04 17:31:32,423 [INFO] WebSocket client connected. Total: 1
INFO:     127.0.0.1:65128 - "GET /api/metrics HTTP/1.1" 400 Bad Request
INFO:     connection open
INFO:     127.0.0.1:65128 - "GET /api/metrics HTTP/1.1" 400 Bad Request
INFO:     127.0.0.1:65124 - "GET /api/bot/signals HTTP/1.1" 400 Bad Request
INFO:     127.0.0.1:65130 - "GET /api/recommendation HTTP/1.1" 503 Service Unavailable
2026-09-04 17:31:32,483 [INFO] 1 change detected
2026-09-04 17:31:33,064 [INFO] 2 changes detected
2026-09-04 17:31:33,583 [INFO] 1 change detected
2026-09-04 17:31:38,660 [INFO] 1 change detected
2026-09-04 17:31:40,793 [INFO] 1 change detected
INFO:     127.0.0.1:65147 - "GET / HTTP/1.1" 304 Not Modified
2026-09-04 17:31:46,652 [INFO] WebSocket client disconnected. Total: 0
INFO:     connection closed
INFO:     127.0.0.1:65147 - "GET /api/history/net_drift?t=1788535906667 HTTP/1.1" 200 OK
INFO:     127.0.0.1:65149 - "WebSocket /ws/market_data" [accepted]
2026-09-04 17:31:46,673 [INFO] WebSocket client connected. Total: 1
INFO:     127.0.0.1:65151 - "GET /api/metrics HTTP/1.1" 400 Bad Request
INFO:     connection open
INFO:     127.0.0.1:65151 - "GET /api/metrics HTTP/1.1" 400 Bad Request
INFO:     127.0.0.1:65147 - "GET /api/bot/signals HTTP/1.1" 400 Bad Request
INFO:     127.0.0.1:65153 - "GET /api/recommendation HTTP/1.1" 503 Service Unavailable
2026-09-04 17:31:46,738 [INFO] 1 change detected
2026-09-04 17:31:47,101 [INFO] 2 changes detected
2026-09-04 17:31:47,844 [INFO] 1 change detected
2026-09-04 17:31:50,027 [INFO] 1 change detected
INFO:     127.0.0.1:65153 - "GET / HTTP/1.1" 304 Not Modified
2026-09-04 17:31:50,037 [INFO] WebSocket client disconnected. Total: 0
INFO:     connection closed
INFO:     127.0.0.1:65153 - "GET /api/history/net_drift?t=1788535910053 HTTP/1.1" 200 OK
INFO:     127.0.0.1:65147 - "GET /api/metrics HTTP/1.1" 400 Bad Request
INFO:     127.0.0.1:65158 - "WebSocket /ws/market_data" [accepted]
2026-09-04 17:31:50,062 [INFO] WebSocket client connected. Total: 1
INFO:     connection open
INFO:     127.0.0.1:65147 - "GET /api/metrics HTTP/1.1" 400 Bad Request
INFO:     127.0.0.1:65153 - "GET /api/bot/signals HTTP/1.1" 400 Bad Request
INFO:     127.0.0.1:65151 - "GET /api/recommendation HTTP/1.1" 503 Service Unavailable
2026-09-04 17:31:50,389 [INFO] 1 change detected
2026-09-04 17:31:51,078 [INFO] 2 changes detected
2026-09-04 17:31:51,439 [INFO] 1 change detected
2026-09-04 17:31:53,369 [INFO] 1 change detected
INFO:     127.0.0.1:65165 - "GET / HTTP/1.1" 304 Not Modified
2026-09-04 17:31:57,041 [INFO] WebSocket client disconnected. Total: 0
INFO:     connection closed
INFO:     127.0.0.1:65165 - "GET /api/history/net_drift?t=1788535917055 HTTP/1.1" 200 OK
INFO:     127.0.0.1:65167 - "WebSocket /ws/market_data" [accepted]
2026-09-04 17:31:57,062 [INFO] WebSocket client connected. Total: 1
INFO:     127.0.0.1:65169 - "GET /api/metrics HTTP/1.1" 400 Bad Request
INFO:     connection open
INFO:     127.0.0.1:65169 - "GET /api/metrics HTTP/1.1" 400 Bad Request
INFO:     127.0.0.1:65165 - "GET /api/bot/signals HTTP/1.1" 400 Bad Request
INFO:     127.0.0.1:65171 - "GET /api/recommendation HTTP/1.1" 503 Service Unavailable
2026-09-04 17:31:57,164 [INFO] 1 change detected
2026-09-04 17:31:58,105 [INFO] 2 changes detected
2026-09-04 17:31:58,469 [INFO] 1 change detected
2026-09-04 17:32:01,731 [INFO] 1 change detected
2026-09-04 17:32:03,875 [INFO] 1 change detected
INFO:     127.0.0.1:65184 - "GET / HTTP/1.1" 304 Not Modified
2026-09-04 17:32:09,490 [INFO] WebSocket client disconnected. Total: 0
INFO:     connection closed
INFO:     127.0.0.1:65184 - "GET /api/history/net_drift?t=1788535929504 HTTP/1.1" 200 OK
INFO:     127.0.0.1:65186 - "WebSocket /ws/market_data" [accepted]
2026-09-04 17:32:09,511 [INFO] WebSocket client connected. Total: 1
INFO:     127.0.0.1:65188 - "GET /api/metrics HTTP/1.1" 400 Bad Request
INFO:     connection open
INFO:     127.0.0.1:65188 - "GET /api/metrics HTTP/1.1" 400 Bad Request
INFO:     127.0.0.1:65184 - "GET /api/bot/signals HTTP/1.1" 400 Bad Request
INFO:     127.0.0.1:65190 - "GET /api/recommendation HTTP/1.1" 503 Service Unavailable
2026-09-04 17:32:09,573 [INFO] 1 change detected
2026-09-04 17:32:10,093 [INFO] 2 changes detected
2026-09-04 17:32:10,670 [INFO] 1 change detected
INFO:     127.0.0.1:65190 - "GET / HTTP/1.1" 304 Not Modified
2026-09-04 17:32:13,728 [INFO] WebSocket client disconnected. Total: 0
INFO:     connection closed
INFO:     127.0.0.1:65190 - "GET /api/history/net_drift?t=1788535933742 HTTP/1.1" 200 OK
INFO:     127.0.0.1:65184 - "GET /api/metrics HTTP/1.1" 400 Bad Request
INFO:     127.0.0.1:65196 - "WebSocket /ws/market_data" [accepted]
2026-09-04 17:32:13,749 [INFO] WebSocket client connected. Total: 1
INFO:     connection open
INFO:     127.0.0.1:65184 - "GET /api/metrics HTTP/1.1" 400 Bad Request
INFO:     127.0.0.1:65190 - "GET /api/bot/signals HTTP/1.1" 400 Bad Request
INFO:     127.0.0.1:65188 - "GET /api/recommendation HTTP/1.1" 503 Service Unavailable
2026-09-04 17:32:13,841 [INFO] 1 change detected
2026-09-04 17:32:14,198 [INFO] 2 changes detected
2026-09-04 17:32:14,888 [INFO] 1 change detected
2026-09-04 17:32:17,880 [INFO] 1 change detected
2026-09-04 17:32:20,017 [INFO] 1 change detected
INFO:     127.0.0.1:65210 - "GET / HTTP/1.1" 304 Not Modified
2026-09-04 17:32:27,257 [INFO] WebSocket client disconnected. Total: 0
INFO:     connection closed
INFO:     127.0.0.1:65210 - "GET /api/history/net_drift?t=1788535947271 HTTP/1.1" 200 OK
INFO:     127.0.0.1:65212 - "WebSocket /ws/market_data" [accepted]
2026-09-04 17:32:27,278 [INFO] WebSocket client connected. Total: 1
INFO:     127.0.0.1:65214 - "GET /api/metrics HTTP/1.1" 400 Bad Request
INFO:     connection open
INFO:     127.0.0.1:65214 - "GET /api/metrics HTTP/1.1" 400 Bad Request
INFO:     127.0.0.1:65210 - "GET /api/bot/signals HTTP/1.1" 400 Bad Request
INFO:     127.0.0.1:65216 - "GET /api/recommendation HTTP/1.1" 503 Service Unavailable
2026-09-04 17:32:27,374 [INFO] 1 change detected
2026-09-04 17:32:28,116 [INFO] 2 changes detected
2026-09-04 17:32:28,480 [INFO] 1 change detected
2026-09-04 17:32:59,827 [INFO] 1 change detected
2026-09-04 17:33:03,502 [INFO] 1 change detected
INFO:     127.0.0.1:65230 - "GET / HTTP/1.1" 304 Not Modified
2026-09-04 17:33:04,896 [INFO] WebSocket client disconnected. Total: 0
INFO:     connection closed
INFO:     127.0.0.1:65230 - "GET /api/history/net_drift?t=1788535984909 HTTP/1.1" 200 OK
INFO:     127.0.0.1:65232 - "WebSocket /ws/market_data" [accepted]
2026-09-04 17:33:04,916 [INFO] WebSocket client connected. Total: 1
INFO:     127.0.0.1:65234 - "GET /api/metrics HTTP/1.1" 400 Bad Request
INFO:     connection open
INFO:     127.0.0.1:65234 - "GET /api/metrics HTTP/1.1" 400 Bad Request
INFO:     127.0.0.1:65230 - "GET /api/bot/signals HTTP/1.1" 400 Bad Request
INFO:     127.0.0.1:65236 - "GET /api/recommendation HTTP/1.1" 503 Service Unavailable
2026-09-04 17:33:04,995 [INFO] 1 change detected
2026-09-04 17:33:05,357 [INFO] 2 changes detected
2026-09-04 17:33:06,094 [INFO] 1 change detected
2026-09-04 17:33:37,418 [INFO] 1 change detected
2026-09-04 17:33:41,139 [INFO] 1 change detected
INFO:     127.0.0.1:65251 - "GET / HTTP/1.1" 304 Not Modified
2026-09-04 17:33:42,853 [INFO] WebSocket client disconnected. Total: 0
INFO:     connection closed
INFO:     127.0.0.1:65251 - "GET /api/history/net_drift?t=1788536022867 HTTP/1.1" 200 OK
INFO:     127.0.0.1:65253 - "WebSocket /ws/market_data" [accepted]
2026-09-04 17:33:42,873 [INFO] WebSocket client connected. Total: 1
INFO:     127.0.0.1:65255 - "GET /api/metrics HTTP/1.1" 400 Bad Request
INFO:     connection open
INFO:     127.0.0.1:65255 - "GET /api/metrics HTTP/1.1" 400 Bad Request
INFO:     127.0.0.1:65251 - "GET /api/bot/signals HTTP/1.1" 400 Bad Request
INFO:     127.0.0.1:65257 - "GET /api/recommendation HTTP/1.1" 503 Service Unavailable
2026-09-04 17:33:42,956 [INFO] 1 change detected
2026-09-04 17:33:43,322 [INFO] 2 changes detected
2026-09-04 17:33:44,057 [INFO] 1 change detected
2026-09-04 17:34:16,266 [INFO] 1 change detected
2026-09-04 17:34:19,107 [INFO] 1 change detected
2026-09-04 17:34:39,239 [INFO] 3 changes detected
INFO:     127.0.0.1:65274 - "GET /api/history/net_drift?t=1788536082869 HTTP/1.1" 200 OK
2026-09-04 17:34:43,271 [INFO] 1 change detected
INFO:     127.0.0.1:65487 - "GET /api/history/net_drift?t=1788536142868 HTTP/1.1" 200 OK
2026-09-04 17:35:43,314 [INFO] 1 change detected
INFO:     127.0.0.1:65507 - "GET /api/history/net_drift?t=1788536202868 HTTP/1.1" 200 OK
2026-09-04 17:36:44,852 [INFO] 1 change detected
INFO:     127.0.0.1:65529 - "GET /api/history/net_drift?t=1788536262885 HTTP/1.1" 200 OK
2026-09-04 17:37:44,964 [INFO] 1 change detected
INFO:     127.0.0.1:49160 - "GET /api/history/net_drift?t=1788536322895 HTTP/1.1" 200 OK
2026-09-04 17:38:43,747 [INFO] 1 change detected
INFO:     127.0.0.1:49176 - "GET /api/history/net_drift?t=1788536382895 HTTP/1.1" 200 OK
2026-09-04 17:39:44,569 [INFO] 1 change detected
INFO:     127.0.0.1:49186 - "GET /api/history/net_drift?t=1788536442895 HTTP/1.1" 200 OK
2026-09-04 17:40:43,608 [INFO] 1 change detected
INFO:     127.0.0.1:49200 - "GET /api/history/net_drift?t=1788536502896 HTTP/1.1" 200 OK
2026-09-04 17:41:43,686 [INFO] 1 change detected
INFO:     127.0.0.1:49219 - "GET /api/history/net_drift?t=1788536562896 HTTP/1.1" 200 OK
2026-09-04 17:42:44,240 [INFO] 1 change detected
INFO:     127.0.0.1:49255 - "GET /api/history/net_drift?t=1788536622896 HTTP/1.1" 200 OK
2026-09-04 17:43:43,861 [INFO] 1 change detected
INFO:     127.0.0.1:49275 - "GET /api/history/net_drift?t=1788536682896 HTTP/1.1" 200 OK
2026-09-04 17:44:43,838 [INFO] 1 change detected
INFO:     127.0.0.1:49291 - "GET /api/history/net_drift?t=1788536742896 HTTP/1.1" 200 OK
2026-09-04 17:45:45,364 [INFO] 1 change detected
INFO:     127.0.0.1:49317 - "GET /api/history/net_drift?t=1788536802896 HTTP/1.1" 200 OK
2026-09-04 17:46:43,983 [INFO] 1 change detected
INFO:     127.0.0.1:49330 - "GET /api/history/net_drift?t=1788536862898 HTTP/1.1" 200 OK
2026-09-04 17:47:44,144 [INFO] 1 change detected
INFO:     127.0.0.1:49344 - "GET /api/history/net_drift?t=1788536922898 HTTP/1.1" 200 OK
2026-09-04 17:48:43,234 [INFO] 1 change detected
INFO:     127.0.0.1:49355 - "GET /api/history/net_drift?t=1788536982898 HTTP/1.1" 200 OK
2026-09-04 17:49:43,298 [INFO] 1 change detected
INFO:     192.168.1.56:60357 - "GET / HTTP/1.1" 200 OK
INFO:     192.168.1.56:60357 - "GET /assets/index-DsIJNR0F.js HTTP/1.1" 200 OK
INFO:     192.168.1.56:60358 - "GET /assets/rolldown-runtime-Dw2cE7zH.js HTTP/1.1" 200 OK
INFO:     192.168.1.56:60359 - "GET /assets/lucide-BFow7rOM.js HTTP/1.1" 200 OK
INFO:     192.168.1.56:60360 - "GET /assets/index-DOXIcjtg.css HTTP/1.1" 200 OK
INFO:     192.168.1.56:60358 - "GET /api/history/net_drift?t=1788536995483 HTTP/1.1" 200 OK
INFO:     192.168.1.56:60360 - "GET /api/metrics HTTP/1.1" 400 Bad Request
INFO:     192.168.1.56:60362 - "WebSocket /ws/market_data" [accepted]
2026-09-04 17:49:55,387 [INFO] WebSocket client connected. Total: 2
INFO:     connection open
INFO:     192.168.1.56:60359 - "GET /api/metrics HTTP/1.1" 400 Bad Request
INFO:     192.168.1.56:60357 - "GET /api/bot/signals HTTP/1.1" 400 Bad Request
INFO:     192.168.1.56:60363 - "GET /api/recommendation HTTP/1.1" 503 Service Unavailable
INFO:     192.168.1.56:60358 - "GET / HTTP/1.1" 200 OK
2026-09-04 17:49:58,062 [INFO] WebSocket client disconnected. Total: 1
INFO:     connection closed
INFO:     192.168.1.56:60360 - "GET /api/history/net_drift?t=1788536998210 HTTP/1.1" 200 OK
INFO:     192.168.1.56:60359 - "GET /api/metrics HTTP/1.1" 400 Bad Request
INFO:     192.168.1.56:60365 - "WebSocket /ws/market_data" [accepted]
2026-09-04 17:49:58,113 [INFO] WebSocket client connected. Total: 2
INFO:     connection open
INFO:     192.168.1.56:60357 - "GET /api/metrics HTTP/1.1" 400 Bad Request
INFO:     192.168.1.56:60363 - "GET /api/bot/signals HTTP/1.1" 400 Bad Request
INFO:     192.168.1.56:60358 - "GET /api/recommendation HTTP/1.1" 503 Service Unavailable
INFO:     192.168.1.56:60366 - "GET /api/metrics HTTP/1.1" 400 Bad Request
INFO:     192.168.1.56:60367 - "GET / HTTP/1.1" 200 OK
2026-09-04 17:50:16,179 [INFO] WebSocket client disconnected. Total: 1
INFO:     connection closed
INFO:     192.168.1.56:60367 - "GET /api/history/net_drift?t=1788537016328 HTTP/1.1" 200 OK
INFO:     192.168.1.56:60369 - "WebSocket /ws/market_data" [accepted]
2026-09-04 17:50:16,232 [INFO] WebSocket client connected. Total: 2
INFO:     192.168.1.56:60370 - "GET /api/metrics HTTP/1.1" 400 Bad Request
INFO:     connection open
INFO:     192.168.1.56:60367 - "GET /api/metrics HTTP/1.1" 400 Bad Request
INFO:     192.168.1.56:60370 - "GET /api/bot/signals HTTP/1.1" 400 Bad Request
INFO:     192.168.1.56:60371 - "GET /api/recommendation HTTP/1.1" 503 Service Unavailable
INFO:     192.168.1.56:60367 - "GET / HTTP/1.1" 200 OK
2026-09-04 17:50:17,481 [INFO] WebSocket client disconnected. Total: 1
INFO:     connection closed
INFO:     192.168.1.56:60370 - "GET /api/history/net_drift?t=1788537017633 HTTP/1.1" 200 OK
INFO:     192.168.1.56:60371 - "GET /api/metrics HTTP/1.1" 400 Bad Request
INFO:     192.168.1.56:60373 - "WebSocket /ws/market_data" [accepted]
2026-09-04 17:50:17,537 [INFO] WebSocket client connected. Total: 2
INFO:     connection open
INFO:     192.168.1.56:60367 - "GET /api/metrics HTTP/1.1" 400 Bad Request
INFO:     192.168.1.56:60370 - "GET /api/bot/signals HTTP/1.1" 400 Bad Request
INFO:     192.168.1.56:60371 - "GET /api/recommendation HTTP/1.1" 503 Service Unavailable
INFO:     192.168.1.56:60376 - "GET / HTTP/1.1" 200 OK
INFO:     192.168.1.56:60375 - "GET / HTTP/1.1" 200 OK
INFO:     192.168.1.56:60378 - "GET /apple-touch-icon-precomposed.png HTTP/1.1" 404 Not Found
INFO:     192.168.1.56:60380 - "GET /favicon.ico HTTP/1.1" 404 Not Found
INFO:     192.168.1.56:60379 - "GET /apple-touch-icon.png HTTP/1.1" 404 Not Found
INFO:     192.168.1.56:60376 - "GET /vite.svg HTTP/1.1" 404 Not Found
INFO:     192.168.1.56:60381 - "GET /apple-touch-icon-120x120-precomposed.png HTTP/1.1" 404 Not Found
INFO:     192.168.1.56:60381 - "GET /apple-touch-icon-120x120.png HTTP/1.1" 404 Not Found
INFO:     192.168.1.56:60381 - "GET /apple-touch-icon-precomposed.png HTTP/1.1" 404 Not Found
INFO:     192.168.1.56:60381 - "GET /apple-touch-icon.png HTTP/1.1" 404 Not Found
INFO:     192.168.1.56:60381 - "GET /vite.svg HTTP/1.1" 404 Not Found
INFO:     192.168.1.56:60381 - "GET /favicon.ico HTTP/1.1" 404 Not Found
INFO:     192.168.1.56:60381 - "GET /apple-touch-icon-120x120-precomposed.png HTTP/1.1" 404 Not Found
INFO:     192.168.1.56:60381 - "GET /apple-touch-icon-120x120.png HTTP/1.1" 404 Not Found
INFO:     192.168.1.56:60381 - "GET /apple-touch-icon-precomposed.png HTTP/1.1" 404 Not Found
INFO:     192.168.1.56:60381 - "GET /apple-touch-icon.png HTTP/1.1" 404 Not Found
INFO:     192.168.1.56:60381 - "GET /vite.svg HTTP/1.1" 404 Not Found
INFO:     192.168.1.56:60381 - "GET /favicon.ico HTTP/1.1" 404 Not Found
INFO:     192.168.1.56:60370 - "GET / HTTP/1.1" 200 OK
2026-09-04 17:50:21,410 [INFO] WebSocket client disconnected. Total: 1
INFO:     connection closed
INFO:     192.168.1.56:60371 - "GET /apple-touch-icon-precomposed.png HTTP/1.1" 404 Not Found
INFO:     192.168.1.56:60367 - "GET /apple-touch-icon.png HTTP/1.1" 404 Not Found
INFO:     192.168.1.56:60370 - "GET /favicon.ico HTTP/1.1" 404 Not Found
INFO:     192.168.1.56:60382 - "GET /vite.svg HTTP/1.1" 404 Not Found
INFO:     192.168.1.56:60371 - "GET /api/history/net_drift?t=1788537021545 HTTP/1.1" 200 OK
INFO:     192.168.1.56:60367 - "GET /api/metrics HTTP/1.1" 400 Bad Request
INFO:     192.168.1.56:60384 - "WebSocket /ws/market_data" [accepted]
2026-09-04 17:50:21,448 [INFO] WebSocket client connected. Total: 2
INFO:     connection open
INFO:     192.168.1.56:60370 - "GET /api/metrics HTTP/1.1" 400 Bad Request
INFO:     192.168.1.56:60382 - "GET /api/bot/signals HTTP/1.1" 400 Bad Request
INFO:     192.168.1.56:60371 - "GET /api/recommendation HTTP/1.1" 503 Service Unavailable
INFO:     192.168.1.56:60385 - "GET /api/bot/status HTTP/1.1" 200 OK
INFO:     192.168.1.56:60386 - "POST /api/bot/auto_mode HTTP/1.1" 400 Bad Request
INFO:     127.0.0.1:49362 - "GET /api/history/net_drift?t=1788537042898 HTTP/1.1" 200 OK
2026-09-04 17:50:43,349 [ERROR] Bot start error: 400: Paper engine not connected. Connect to IBKR first.
Traceback (most recent call last):
  File "/Users/aariassantagmail.com/WORKSPACE/TRADING-DECK/server.py", line 1567, in bot_start
    bot = _get_bot_engine()
  File "/Users/aariassantagmail.com/WORKSPACE/TRADING-DECK/server.py", line 1541, in _get_bot_engine
    raise HTTPException(status_code=400, detail="Paper engine not connected. Connect to IBKR first.")
fastapi.exceptions.HTTPException: 400: Paper engine not connected. Connect to IBKR first.
INFO:     192.168.1.56:60386 - "POST /api/bot/start HTTP/1.1" 500 Internal Server Error
2026-09-04 17:50:43,857 [INFO] 1 change detected
INFO:     192.168.1.56:60386 - "POST /api/bot/auto_mode HTTP/1.1" 400 Bad Request
2026-09-04 17:50:46,867 [ERROR] Bot start error: 400: Paper engine not connected. Connect to IBKR first.
Traceback (most recent call last):
  File "/Users/aariassantagmail.com/WORKSPACE/TRADING-DECK/server.py", line 1567, in bot_start
    bot = _get_bot_engine()
  File "/Users/aariassantagmail.com/WORKSPACE/TRADING-DECK/server.py", line 1541, in _get_bot_engine
    raise HTTPException(status_code=400, detail="Paper engine not connected. Connect to IBKR first.")
fastapi.exceptions.HTTPException: 400: Paper engine not connected. Connect to IBKR first.
INFO:     192.168.1.56:60386 - "POST /api/bot/start HTTP/1.1" 500 Internal Server Error
INFO:     192.168.1.56:60387 - "GET /api/bot/status HTTP/1.1" 200 OK
2026-09-04 17:51:06,721 [INFO] WebSocket client disconnected. Total: 1
INFO:     connection closed
INFO:     127.0.0.1:49371 - "GET /api/history/net_drift?t=1788537102898 HTTP/1.1" 200 OK
2026-09-04 17:51:43,428 [INFO] 1 change detected
INFO:     127.0.0.1:49379 - "GET /api/history/net_drift?t=1788537162899 HTTP/1.1" 200 OK
2026-09-04 17:52:44,718 [INFO] 1 change detected
INFO:     127.0.0.1:49386 - "GET /api/history/net_drift?t=1788537222898 HTTP/1.1" 200 OK
2026-09-04 17:53:44,277 [INFO] 1 change detected
INFO:     127.0.0.1:49395 - "GET /api/history/net_drift?t=1788537282898 HTTP/1.1" 200 OK
2026-09-04 17:54:43,753 [INFO] 1 change detected
INFO:     127.0.0.1:49404 - "GET /api/history/net_drift?t=1788537342898 HTTP/1.1" 200 OK
2026-09-04 17:55:43,824 [INFO] 1 change detected
INFO:     127.0.0.1:49414 - "GET /api/history/net_drift?t=1788537402898 HTTP/1.1" 200 OK
2026-09-04 17:56:43,501 [INFO] 1 change detected
INFO:     127.0.0.1:49420 - "GET /api/history/net_drift?t=1788537462899 HTTP/1.1" 200 OK
2026-09-04 17:57:45,018 [INFO] 1 change detected
INFO:     127.0.0.1:49428 - "GET /api/history/net_drift?t=1788537522899 HTTP/1.1" 200 OK
2026-09-04 17:58:44,036 [INFO] 1 change detected
INFO:     127.0.0.1:49434 - "GET /api/history/net_drift?t=1788537582926 HTTP/1.1" 200 OK
2026-09-04 17:59:43,644 [INFO] 1 change detected
INFO:     127.0.0.1:49441 - "GET /api/history/net_drift?t=1788537642932 HTTP/1.1" 200 OK
2026-09-04 18:00:44,678 [INFO] 1 change detected
INFO:     127.0.0.1:49454 - "GET /api/history/net_drift?t=1788537702933 HTTP/1.1" 200 OK
2026-09-04 18:01:43,798 [INFO] 1 change detected
INFO:     127.0.0.1:49461 - "GET /api/history/net_drift?t=1788537762933 HTTP/1.1" 200 OK
2026-09-04 18:02:44,003 [INFO] 1 change detected
INFO:     127.0.0.1:49468 - "GET /api/history/net_drift?t=1788537822934 HTTP/1.1" 200 OK
2026-09-04 18:03:45,348 [INFO] 1 change detected
INFO:     127.0.0.1:49475 - "GET /api/history/net_drift?t=1788537882934 HTTP/1.1" 200 OK
2026-09-04 18:04:44,637 [INFO] 1 change detected
2026-09-04 18:05:05,772 [INFO] WebSocket client disconnected. Total: 0
INFO:     connection closed
2026-09-04 18:05:05,875 [INFO] 3 changes detected
2026-09-04 18:05:10,873 [INFO] 1 change detected
2026-09-04 18:53:46,409 [INFO] 3 changes detected
2026-09-04 18:54:59,253 [INFO] 3 changes detected
2026-09-04 18:55:05,831 [INFO] 3 changes detected
2026-09-04 18:55:09,463 [INFO] 3 changes detected
2026-09-04 18:55:14,485 [INFO] 3 changes detected
2026-09-04 18:55:18,030 [INFO] 3 changes detected
2026-09-04 18:55:20,602 [INFO] 3 changes detected
2026-09-04 18:55:28,646 [INFO] 3 changes detected
2026-09-04 18:55:31,765 [INFO] 2 changes detected
2026-09-04 18:55:32,125 [INFO] 16 changes detected
2026-09-04 18:55:32,487 [INFO] 12 changes detected
2026-09-04 18:56:15,745 [INFO] 27 changes detected
2026-09-04 18:56:17,813 [INFO] 3 changes detected
2026-09-04 18:56:21,517 [INFO] 45 changes detected
2026-09-04 18:56:25,376 [INFO] 4 changes detected
2026-09-04 19:08:20,273 [INFO] 3 changes detected
2026-09-04 19:08:33,393 [INFO] 2 changes detected
2026-09-04 19:08:33,753 [INFO] 28 changes detected
2026-09-04 19:08:46,104 [INFO] 46 changes detected
2026-09-04 19:08:48,397 [INFO] 4 changes detected
2026-09-04 19:11:49,195 [INFO] 3 changes detected
2026-09-04 19:11:52,349 [INFO] 2 changes detected
2026-09-04 19:11:52,710 [INFO] 28 changes detected
2026-09-04 19:11:59,481 [INFO] 49 changes detected
2026-09-04 19:12:01,665 [INFO] 4 changes detected
2026-09-04 19:13:37,137 [INFO] 3 changes detected
2026-09-04 19:13:59,128 [INFO] 3 changes detected
2026-09-04 19:14:02,942 [INFO] 2 changes detected
2026-09-04 19:14:03,306 [INFO] 28 changes detected
2026-09-04 19:14:15,099 [INFO] 49 changes detected
2026-09-04 19:14:17,343 [INFO] 4 changes detected
2026-09-04 19:17:44,074 [INFO] 3 changes detected
2026-09-04 19:17:47,543 [INFO] 2 changes detected
2026-09-04 19:17:47,902 [INFO] 28 changes detected
2026-09-04 19:17:57,950 [INFO] 49 changes detected
2026-09-04 19:18:00,233 [INFO] 4 changes detected
2026-09-04 19:19:36,910 [INFO] 3 changes detected
2026-09-04 19:19:44,780 [INFO] 2 changes detected
2026-09-04 19:19:45,137 [INFO] 77 changes detected
2026-09-04 19:19:47,318 [INFO] 4 changes detected
2026-09-04 19:21:52,876 [INFO] 3 changes detected
2026-09-04 19:22:04,022 [INFO] 2 changes detected
2026-09-04 19:22:04,387 [INFO] 77 changes detected
2026-09-04 19:22:06,522 [INFO] 4 changes detected
2026-09-04 19:24:30,167 [INFO] 3 changes detected
2026-09-04 19:24:37,959 [INFO] 2 changes detected
2026-09-04 19:24:38,324 [INFO] 77 changes detected
2026-09-04 19:24:40,398 [INFO] 4 changes detected
2026-09-04 19:30:16,634 [INFO] 2 changes detected
2026-09-04 19:30:45,488 [INFO] 22 changes detected
2026-09-04 19:30:45,847 [INFO] 19 changes detected
2026-09-04 20:03:01,568 [INFO] 3 changes detected
2026-09-04 20:03:06,649 [INFO] 3 changes detected
2026-09-04 20:03:19,268 [INFO] 3 changes detected
2026-09-04 20:03:22,903 [INFO] 3 changes detected
2026-09-04 20:03:36,300 [INFO] 3 changes detected
2026-09-04 20:03:39,611 [INFO] 2 changes detected
2026-09-04 20:03:39,972 [INFO] 28 changes detected
