Timestamp,Spot,Strike,NetGEX,Volume
09:08:20,6967.38,6895.0,70.5727,170.0
09:08:20,6967.38,6900.0,345.4733,715.0
09:08:20,6967.38,6905.0,95.0103,826.0
09:08:20,6967.38,6910.0,-64.8744,394.0
09:08:20,6967.38,6915.0,3.2712,409.0
09:08:20,6967.38,6920.0,-65.5287,285.0
09:08:20,6967.38,6925.0,-5.6515,147.0
09:08:20,6967.38,6930.0,-61.4567,227.0
09:08:20,6967.38,6935.0,-97.5568,703.0
09:08:20,6967.38,6940.0,231.649,603.0
09:08:20,6967.38,6945.0,131.7892,346.0
09:08:20,6967.38,6950.0,1119.7982,509.0
09:08:20,6967.38,6955.0,92.8346,270.0
09:08:20,6967.38,6960.0,444.9174,579.0
09:08:20,6967.38,6965.0,-172.468,906.0
09:08:20,6967.38,6970.0,376.3534,999.0
09:08:20,6967.38,6975.0,730.7545,470.0
09:08:20,6967.38,6980.0,701.5338,563.0
09:08:20,6967.38,6985.0,-1.5153,673.0
09:08:20,6967.38,6990.0,232.1332,485.0
09:08:20,6967.38,6995.0,172.322,352.0
09:08:20,6967.38,7000.0,374.598,1184.0
09:08:20,6967.38,7005.0,71.1957,237.0
09:08:20,6967.38,7010.0,228.5366,828.0
09:08:20,6967.38,7015.0,87.5885,373.0
09:08:20,6967.38,7020.0,138.9981,693.0
09:08:20,6967.38,7025.0,121.3261,615.0
09:08:20,6967.38,7030.0,44.5784,294.0
09:08:20,6967.38,7035.0,36.5343,237.0
09:08:20,6967.38,7040.0,53.5694,807.0
09:08:55,6967.38,6895.0,83.6695,170.0
09:08:55,6967.38,6900.0,391.5077,720.0
09:08:55,6967.38,6905.0,95.0103,826.0
09:08:55,6967.38,6910.0,101.2787,394.0
09:08:55,6967.38,6915.0,96.2091,410.0
09:08:55,6967.38,6920.0,440.1875,296.0
09:08:55,6967.38,6925.0,629.4721,147.0
09:08:55,6967.38,6930.0,203.7773,227.0
09:08:55,6967.38,6935.0,128.3809,703.0
09:08:55,6967.38,6940.0,242.1713,603.0
09:08:55,6967.38,6945.0,140.7767,346.0
09:08:55,6967.38,6950.0,1223.4715,509.0
09:08:55,6967.38,6955.0,104.3727,270.0
09:08:55,6967.38,6960.0,444.9174,579.0
09:08:55,6967.38,6965.0,-172.468,906.0
09:08:55,6967.38,6970.0,376.3534,999.0
09:08:55,6967.38,6975.0,868.2264,470.0
09:08:55,6967.38,6980.0,833.8596,563.0
09:08:55,6967.38,6985.0,-23.3448,673.0
09:08:55,6967.38,6990.0,266.6935,485.0
09:08:55,6967.38,6995.0,188.5202,352.0
09:08:55,6967.38,7000.0,873.0916,1188.0
09:08:55,6967.38,7005.0,72.3973,237.0
09:08:55,6967.38,7010.0,243.1652,828.0
09:08:55,6967.38,7015.0,37.5715,373.0
09:08:55,6967.38,7020.0,199.4936,693.0
09:08:55,6967.38,7025.0,259.1417,615.0
09:08:55,6967.38,7030.0,37.292,294.0
09:08:55,6967.38,7035.0,30.3654,237.0
09:08:55,6967.38,7040.0,43.482,807.0
09:11:04,6967.38,6895.0,84.844,170.0
09:11:04,6967.38,6900.0,396.2568,723.0
09:11:04,6967.38,6905.0,103.7985,832.0
09:11:04,6967.38,6910.0,101.2784,395.0
09:11:04,6967.38,6915.0,96.2091,410.0
09:11:04,6967.38,6920.0,448.2804,310.0
09:11:04,6967.38,6925.0,635.1184,160.0
09:11:04,6967.38,6930.0,205.8375,228.0
09:11:04,6967.38,6935.0,131.4937,704.0
09:11:04,6967.38,6940.0,240.9569,600.0
09:11:04,6967.38,6945.0,140.1957,346.0
09:11:04,6967.38,6950.0,1217.8691,511.0
09:11:04,6967.38,6955.0,104.3455,270.0
09:11:04,6967.38,6960.0,442.8929,580.0
09:11:04,6967.38,6965.0,-172.9984,907.0
09:11:04,6967.38,6970.0,376.4225,1000.0
09:11:04,6967.38,6975.0,872.692,471.0
09:11:04,6967.38,6980.0,834.4567,564.0
09:11:04,6967.38,6985.0,-0.4006,674.0
09:11:04,6967.38,6990.0,266.4391,488.0
09:11:04,6967.38,6995.0,210.1973,353.0
09:11:04,6967.38,7000.0,874.0108,1195.0
09:11:04,6967.38,7005.0,74.724,241.0
09:11:04,6967.38,7010.0,243.2714,838.0
09:11:04,6967.38,7015.0,37.5715,393.0
09:11:04,6967.38,7020.0,199.4936,716.0
09:11:04,6967.38,7025.0,255.4991,618.0
09:11:04,6967.38,7030.0,36.8178,294.0
09:11:04,6967.38,7035.0,30.3654,237.0
09:11:04,6967.38,7040.0,43.482,814.0
09:13:14,6967.38,6895.0,83.6439,171.0
09:13:14,6967.38,6900.0,396.7837,729.0
09:13:14,6967.38,6905.0,102.7942,833.0
09:13:14,6967.38,6910.0,100.2843,398.0
09:13:14,6967.38,6915.0,95.3491,413.0
09:13:14,6967.38,6920.0,447.9133,323.0
09:13:14,6967.38,6925.0,636.7788,161.0
09:13:14,6967.38,6930.0,206.7167,227.0
09:13:14,6967.38,6935.0,128.1724,705.0
09:13:14,6967.38,6940.0,240.9607,600.0
09:13:14,6967.38,6945.0,140.1973,360.0
09:13:14,6967.38,6950.0,1209.5339,521.0
09:13:14,6967.38,6955.0,104.1711,272.0
09:13:14,6967.38,6960.0,442.4838,580.0
09:13:14,6967.38,6965.0,-174.2088,912.0
09:13:14,6967.38,6970.0,377.2746,1000.0
09:13:14,6967.38,6975.0,869.8836,475.0
09:13:14,6967.38,6980.0,835.1038,567.0
09:13:14,6967.38,6985.0,-1.7909,680.0
09:13:14,6967.38,6990.0,269.7489,498.0
09:13:14,6967.38,6995.0,211.5904,354.0
09:13:14,6967.38,7000.0,936.5382,1194.0
09:13:14,6967.38,7005.0,75.6797,244.0
09:13:14,6967.38,7010.0,237.8769,847.0
09:13:14,6967.38,7015.0,37.801,395.0
09:13:14,6967.38,7020.0,199.5594,731.0
09:13:14,6967.38,7025.0,257.7377,620.0
09:13:14,6967.38,7030.0,36.8178,294.0
09:13:14,6967.38,7035.0,30.6904,247.0
09:13:14,6967.38,7040.0,42.2402,814.0
09:15:24,6967.38,6895.0,83.691,171.0
09:15:24,6967.38,6900.0,388.5325,729.0
09:15:24,6967.38,6905.0,102.7942,833.0
09:15:24,6967.38,6910.0,100.2843,398.0
09:15:24,6967.38,6915.0,95.3491,413.0
09:15:24,6967.38,6920.0,447.9386,323.0
09:15:24,6967.38,6925.0,636.7788,161.0
09:15:24,6967.38,6930.0,206.7167,227.0
09:15:24,6967.38,6935.0,128.1724,705.0
09:15:24,6967.38,6940.0,240.2989,600.0
09:15:24,6967.38,6945.0,140.1973,360.0
09:15:24,6967.38,6950.0,1209.5339,521.0
09:15:24,6967.38,6955.0,104.1711,272.0
09:15:24,6967.38,6960.0,442.4842,580.0
09:15:24,6967.38,6965.0,-174.2088,912.0
09:15:24,6967.38,6970.0,377.2746,1000.0
09:15:24,6967.38,6975.0,869.8836,475.0
09:15:24,6967.38,6980.0,835.1038,567.0
09:15:24,6967.38,6985.0,-1.7909,680.0
09:15:24,6967.38,6990.0,269.7489,498.0
09:15:24,6967.38,6995.0,211.5904,354.0
09:15:24,6967.38,7000.0,936.5382,1194.0
09:15:24,6967.38,7005.0,75.6757,244.0
09:15:24,6967.38,7010.0,237.8742,847.0
09:15:24,6967.38,7015.0,37.801,395.0
09:15:24,6967.38,7020.0,199.5594,731.0
09:15:24,6967.38,7025.0,257.7377,620.0
09:15:24,6967.38,7030.0,36.9753,294.0
09:15:24,6967.38,7035.0,30.6904,247.0
09:15:24,6967.38,7040.0,42.2402,814.0
09:17:33,6967.38,6895.0,83.691,171.0
09:17:33,6967.38,6900.0,388.5325,729.0
09:17:33,6967.38,6905.0,102.7942,833.0
09:17:33,6967.38,6910.0,100.2843,398.0
09:17:33,6967.38,6915.0,95.3491,413.0
09:17:33,6967.38,6920.0,447.9386,323.0
09:17:33,6967.38,6925.0,636.7788,161.0
09:17:33,6967.38,6930.0,206.7167,227.0
09:17:33,6967.38,6935.0,128.1724,705.0
09:17:33,6967.38,6940.0,240.2989,600.0
09:17:33,6967.38,6945.0,140.1973,360.0
09:17:33,6967.38,6950.0,1209.5339,521.0
09:17:33,6967.38,6955.0,104.1711,272.0
09:17:33,6967.38,6960.0,442.4842,580.0
09:17:33,6967.38,6965.0,-174.2088,912.0
09:17:33,6967.38,6970.0,377.2746,1000.0
09:17:33,6967.38,6975.0,869.8836,475.0
09:17:33,6967.38,6980.0,835.1038,567.0
09:17:33,6967.38,6985.0,-1.7909,680.0
09:17:33,6967.38,6990.0,269.7489,498.0
09:17:33,6967.38,6995.0,211.5904,354.0
09:17:33,6967.38,7000.0,936.5382,1194.0
09:17:33,6967.38,7005.0,75.6757,244.0
09:17:33,6967.38,7010.0,237.8742,847.0
09:17:33,6967.38,7015.0,37.801,395.0
09:17:33,6967.38,7020.0,199.5594,731.0
09:17:33,6967.38,7025.0,257.7377,620.0
09:17:33,6967.38,7030.0,36.9753,294.0
09:17:33,6967.38,7035.0,30.6904,247.0
09:17:33,6967.38,7040.0,42.2402,814.0
09:19:43,6967.38,6895.0,90.4592,185.0
09:19:43,6967.38,6900.0,418.0804,746.0
09:19:43,6967.38,6905.0,111.1032,844.0
09:19:43,6967.38,6910.0,108.2144,416.0
09:19:43,6967.38,6915.0,102.4489,420.0
09:19:43,6967.38,6920.0,475.7553,358.0
09:19:43,6967.38,6925.0,665.436,164.0
09:19:43,6967.38,6930.0,215.7575,230.0
09:19:43,6967.38,6935.0,136.2606,708.0
09:19:43,6967.38,6940.0,240.2271,608.0
09:19:43,6967.38,6945.0,145.4293,367.0
09:19:43,6967.38,6950.0,1208.8807,532.0
09:19:43,6967.38,6955.0,105.6115,287.0
09:19:43,6967.38,6960.0,442.474,604.0
09:19:43,6967.38,6965.0,-185.0022,936.0
09:19:43,6967.38,6970.0,377.2897,1020.0
09:19:43,6967.38,6975.0,867.0239,481.0
09:19:43,6967.38,6980.0,813.9417,590.0
09:19:43,6967.38,6985.0,-1.7165,699.0
09:19:43,6967.38,6990.0,269.7861,533.0
09:19:43,6967.38,6995.0,211.5904,368.0
09:19:43,6967.38,7000.0,871.1324,1499.0
09:19:43,6967.38,7005.0,69.5106,252.0
09:19:43,6967.38,7010.0,220.6714,885.0
09:19:43,6967.38,7015.0,33.604,406.0
09:19:43,6967.38,7020.0,176.5472,746.0
09:19:43,6967.38,7025.0,257.9397,628.0
09:19:43,6967.38,7030.0,36.9753,302.0
09:19:43,6967.38,7035.0,29.1135,260.0
09:19:43,6967.38,7040.0,38.1015,817.0
09:21:52,6967.38,6895.0,90.2723,186.0
09:21:52,6967.38,6900.0,403.572,753.0
09:21:52,6967.38,6905.0,111.1032,849.0
09:21:52,6967.38,6910.0,108.1669,416.0
09:21:52,6967.38,6915.0,102.527,424.0
09:21:52,6967.38,6920.0,475.6103,359.0
09:21:52,6967.38,6925.0,665.7271,163.0
09:21:52,6967.38,6930.0,215.8195,230.0
09:21:52,6967.38,6935.0,134.5934,710.0
09:21:52,6967.38,6940.0,249.751,611.0
09:21:52,6967.38,6945.0,143.8519,368.0
09:21:52,6967.38,6950.0,1243.9477,534.0
09:21:52,6967.38,6955.0,104.2166,289.0
09:21:52,6967.38,6960.0,452.0908,607.0
09:21:52,6967.38,6965.0,-186.7739,945.0
09:21:52,6967.38,6970.0,379.6574,1024.0
09:21:52,6967.38,6975.0,876.2689,482.0
09:21:52,6967.38,6980.0,832.0739,590.0
09:21:52,6967.38,6985.0,-1.7464,702.0
09:21:52,6967.38,6990.0,263.9784,533.0
09:21:52,6967.38,6995.0,200.6545,371.0
09:21:52,6967.38,7000.0,920.1026,1527.0
09:21:52,6967.38,7005.0,72.2893,257.0
09:21:52,6967.38,7010.0,227.5285,890.0
09:21:52,6967.38,7015.0,33.604,407.0
09:21:52,6967.38,7020.0,176.5472,746.0
09:21:52,6967.38,7025.0,236.3852,628.0
09:21:52,6967.38,7030.0,33.8813,302.0
09:21:52,6967.38,7035.0,29.4494,263.0
09:21:52,6967.38,7040.0,38.1015,817.0
09:24:02,6967.38,6895.0,89.1168,187.0
09:24:02,6967.38,6900.0,403.8804,758.0
09:24:02,6967.38,6905.0,108.9617,850.0
09:24:02,6967.38,6910.0,105.7609,417.0
09:24:02,6967.38,6915.0,100.38,424.0
09:24:02,6967.38,6920.0,466.9287,358.0
09:24:02,6967.38,6925.0,665.4787,165.0
09:24:02,6967.38,6930.0,210.9283,229.0
09:24:02,6967.38,6935.0,134.5214,711.0
09:24:02,6967.38,6940.0,251.3192,608.0
09:24:02,6967.38,6945.0,146.1269,371.0
09:24:02,6967.38,6950.0,1263.013,534.0
09:24:02,6967.38,6955.0,105.2785,293.0
09:24:02,6967.38,6960.0,455.1726,608.0
09:24:02,6967.38,6965.0,-187.6935,956.0
09:24:02,6967.38,6970.0,380.4221,1024.0
09:24:02,6967.38,6975.0,878.927,483.0
09:24:02,6967.38,6980.0,824.9898,590.0
09:24:02,6967.38,6985.0,-1.7452,703.0
09:24:02,6967.38,6990.0,259.106,535.0
09:24:02,6967.38,6995.0,200.9977,395.0
09:24:02,6967.38,7000.0,891.3411,1559.0
09:24:02,6967.38,7005.0,69.967,259.0
09:24:02,6967.38,7010.0,221.7202,901.0
09:24:02,6967.38,7015.0,34.6493,409.0
09:24:02,6967.38,7020.0,182.9782,748.0
09:24:02,6967.38,7025.0,236.8713,631.0
09:24:02,6967.38,7030.0,33.9919,303.0
09:24:02,6967.38,7035.0,29.7402,263.0
09:24:02,6967.38,7040.0,38.248,817.0
09:26:11,6967.38,6895.0,89.9237,188.0
09:26:11,6967.38,6900.0,418.3438,767.0
09:26:11,6967.38,6905.0,110.5622,861.0
09:26:11,6967.38,6910.0,107.6701,423.0
09:26:11,6967.38,6915.0,100.3002,425.0
09:26:11,6967.38,6920.0,474.8078,372.0
09:26:11,6967.38,6925.0,670.2567,165.0
09:26:11,6967.38,6930.0,216.8341,233.0
09:26:11,6967.38,6935.0,136.1592,711.0
09:26:11,6967.38,6940.0,251.2995,609.0
09:26:11,6967.38,6945.0,147.5254,372.0
09:26:11,6967.38,6950.0,1276.802,534.0
09:26:11,6967.38,6955.0,106.2576,295.0
09:26:11,6967.38,6960.0,457.0448,623.0
09:26:11,6967.38,6965.0,-190.444,971.0
09:26:11,6967.38,6970.0,380.5413,1029.0
09:26:11,6967.38,6975.0,870.1959,485.0
09:26:11,6967.38,6980.0,818.4569,590.0
09:26:11,6967.38,6985.0,-1.7326,704.0
09:26:11,6967.38,6990.0,255.0668,536.0
09:26:11,6967.38,6995.0,197.9523,399.0
09:26:11,6967.38,7000.0,875.2208,1579.0
09:26:11,6967.38,7005.0,68.7648,260.0
09:26:11,6967.38,7010.0,217.6263,905.0
09:26:11,6967.38,7015.0,33.5104,410.0
09:26:11,6967.38,7020.0,175.7955,753.0
09:26:11,6967.38,7025.0,226.4887,636.0
09:26:11,6967.38,7030.0,33.9919,304.0
09:26:11,6967.38,7035.0,29.6301,265.0
09:26:11,6967.38,7040.0,37.9621,817.0
09:28:21,6967.38,6895.0,89.892,190.0
09:28:21,6967.38,6900.0,418.0741,768.0
09:28:21,6967.38,6905.0,110.5622,865.0
09:28:21,6967.38,6910.0,106.5774,428.0
09:28:21,6967.38,6915.0,101.2014,425.0
09:28:21,6967.38,6920.0,471.1921,372.0
09:28:21,6967.38,6925.0,670.2567,165.0
09:28:21,6967.38,6930.0,216.8341,233.0
09:28:21,6967.38,6935.0,135.5162,711.0
09:28:21,6967.38,6940.0,253.1092,612.0
09:28:21,6967.38,6945.0,145.8852,375.0
09:28:21,6967.38,6950.0,1276.8602,545.0
09:28:21,6967.38,6955.0,105.3422,296.0
09:28:21,6967.38,6960.0,456.9393,627.0
09:28:21,6967.38,6965.0,-190.933,979.0
09:28:21,6967.38,6970.0,380.4065,1038.0
09:28:21,6967.38,6975.0,870.1959,487.0
09:28:21,6967.38,6980.0,816.3187,596.0
09:28:21,6967.38,6985.0,-2.1657,705.0
09:28:21,6967.38,6990.0,255.0668,537.0
09:28:21,6967.38,6995.0,197.9578,400.0
09:28:21,6967.38,7000.0,885.2044,1599.0
09:28:21,6967.38,7005.0,68.7933,260.0
09:28:21,6967.38,7010.0,217.6298,906.0
09:28:21,6967.38,7015.0,34.142,411.0
09:28:21,6967.38,7020.0,179.2064,757.0
09:28:21,6967.38,7025.0,230.7121,637.0
09:28:21,6967.38,7030.0,32.4179,308.0
09:28:21,6967.38,7035.0,29.2649,269.0
09:28:21,6967.38,7040.0,37.1036,824.0
09:30:30,6967.38,6895.0,89.5217,190.0
09:30:30,6967.38,6900.0,418.6163,772.0
09:30:30,6967.38,6905.0,109.2233,871.0
09:30:30,6967.38,6910.0,106.4161,428.0
09:30:30,6967.38,6915.0,101.2091,425.0
09:30:30,6967.38,6920.0,471.1921,372.0
09:30:30,6967.38,6925.0,674.1112,165.0
09:30:30,6967.38,6930.0,218.1145,235.0
09:30:30,6967.38,6935.0,134.4452,711.0
09:30:30,6967.38,6940.0,251.891,612.0
09:30:30,6967.38,6945.0,146.5726,376.0
09:30:30,6967.38,6950.0,1268.8646,545.0
09:30:30,6967.38,6955.0,105.1737,296.0
09:30:30,6967.38,6960.0,454.9711,630.0
09:30:30,6967.38,6965.0,-190.5602,980.0
09:30:30,6967.38,6970.0,379.6131,1043.0
09:30:30,6967.38,6975.0,874.4616,489.0
09:30:30,6967.38,6980.0,815.5367,597.0
09:30:30,6967.38,6985.0,-2.176,705.0
09:30:30,6967.38,6990.0,258.9117,539.0
09:30:30,6967.38,6995.0,201.0463,401.0
09:30:30,6967.38,7000.0,881.126,1643.0
09:30:30,6967.38,7005.0,68.4873,260.0
09:30:30,6967.38,7010.0,216.3945,929.0
09:30:30,6967.38,7015.0,34.142,411.0
09:30:30,6967.38,7020.0,179.2064,778.0
09:30:30,6967.38,7025.0,232.9759,638.0
09:30:30,6967.38,7030.0,33.4866,311.0
09:30:30,6967.38,7035.0,30.2174,269.0
09:30:30,6967.38,7040.0,38.4112,824.0
09:32:40,6967.38,6895.0,89.5217,193.0
09:32:40,6967.38,6900.0,414.3498,778.0
09:32:40,6967.38,6905.0,109.2233,873.0
09:32:40,6967.38,6910.0,106.4161,440.0
09:32:40,6967.38,6915.0,101.0277,426.0
09:32:40,6967.38,6920.0,470.4162,392.0
09:32:40,6967.38,6925.0,667.1568,181.0
09:32:40,6967.38,6930.0,216.6505,235.0
09:32:40,6967.38,6935.0,134.4452,711.0
09:32:40,6967.38,6940.0,251.8981,610.0
09:32:40,6967.38,6945.0,146.5726,377.0
09:32:40,6967.38,6950.0,1268.8646,553.0
09:32:40,6967.38,6955.0,105.1737,296.0
09:32:40,6967.38,6960.0,454.9711,632.0
09:32:40,6967.38,6965.0,-191.0402,982.0
09:32:40,6967.38,6970.0,379.6131,1043.0
09:32:40,6967.38,6975.0,874.4616,492.0
09:32:40,6967.38,6980.0,824.4052,601.0
09:32:40,6967.38,6985.0,-2.176,706.0
09:32:40,6967.38,6990.0,258.9117,540.0
09:32:40,6967.38,6995.0,201.0463,381.0
09:32:40,6967.38,7000.0,881.126,1647.0
09:32:40,6967.38,7005.0,69.5214,261.0
09:32:40,6967.38,7010.0,220.2428,932.0
09:32:40,6967.38,7015.0,34.3353,414.0
09:32:40,6967.38,7020.0,180.4641,807.0
09:32:40,6967.38,7025.0,232.9759,643.0
09:32:40,6967.38,7030.0,33.4866,314.0
09:32:40,6967.38,7035.0,30.2174,269.0
09:32:40,6967.38,7040.0,38.4112,826.0
09:34:50,6967.38,6895.0,89.5217,194.0
09:34:50,6967.38,6900.0,414.3498,781.0
09:34:50,6967.38,6905.0,109.2233,874.0
09:34:50,6967.38,6910.0,106.4161,443.0
09:34:50,6967.38,6915.0,101.0277,428.0
09:34:50,6967.38,6920.0,470.4162,415.0
09:34:50,6967.38,6925.0,667.1568,181.0
09:34:50,6967.38,6930.0,216.6505,236.0
09:34:50,6967.38,6935.0,134.1057,712.0
09:34:50,6967.38,6940.0,251.8981,613.0
09:34:50,6967.38,6945.0,146.5726,399.0
09:34:50,6967.38,6950.0,1268.8646,553.0
09:34:50,6967.38,6955.0,105.1737,296.0
09:34:50,6967.38,6960.0,454.9711,633.0
09:34:50,6967.38,6965.0,-191.0402,982.0
09:34:50,6967.38,6970.0,379.6131,1045.0
09:34:50,6967.38,6975.0,874.4616,492.0
09:34:50,6967.38,6980.0,824.4052,606.0
09:34:50,6967.38,6985.0,-2.176,706.0
09:34:50,6967.38,6990.0,258.9117,540.0
09:34:50,6967.38,6995.0,201.0463,403.0
09:34:50,6967.38,7000.0,881.126,1657.0
09:34:50,6967.38,7005.0,69.5171,263.0
09:34:50,6967.38,7010.0,220.2428,933.0
09:34:50,6967.38,7015.0,34.3353,415.0
09:34:50,6967.38,7020.0,180.4641,813.0
09:34:50,6967.38,7025.0,232.9759,643.0
09:34:50,6967.38,7030.0,33.4866,314.0
09:34:50,6967.38,7035.0,30.2174,269.0
09:34:50,6967.38,7040.0,38.4112,826.0
09:36:59,6967.38,6895.0,89.5217,196.0
09:36:59,6967.38,6900.0,414.3498,783.0
09:36:59,6967.38,6905.0,109.2233,874.0
09:36:59,6967.38,6910.0,106.4161,443.0
09:36:59,6967.38,6915.0,101.0277,430.0
09:36:59,6967.38,6920.0,470.4162,411.0
09:36:59,6967.38,6925.0,667.1568,181.0
09:36:59,6967.38,6930.0,216.6505,237.0
09:36:59,6967.38,6935.0,133.4267,714.0
09:36:59,6967.38,6940.0,251.8981,615.0
09:36:59,6967.38,6945.0,146.5726,401.0
09:36:59,6967.38,6950.0,1268.8646,554.0
09:36:59,6967.38,6955.0,105.1737,296.0
09:36:59,6967.38,6960.0,454.9711,634.0
09:36:59,6967.38,6965.0,-191.5202,985.0
09:36:59,6967.38,6970.0,379.6131,1055.0
09:36:59,6967.38,6975.0,874.4616,499.0
09:36:59,6967.38,6980.0,824.4052,606.0
09:36:59,6967.38,6985.0,-2.176,707.0
09:36:59,6967.38,6990.0,258.9117,542.0
09:36:59,6967.38,6995.0,201.0463,385.0
09:36:59,6967.38,7000.0,881.126,1667.0
09:36:59,6967.38,7005.0,69.5171,264.0
09:36:59,6967.38,7010.0,220.2428,944.0
09:36:59,6967.38,7015.0,34.3353,417.0
09:36:59,6967.38,7020.0,180.4641,813.0
09:36:59,6967.38,7025.0,232.9759,644.0
09:36:59,6967.38,7030.0,33.4866,314.0
09:36:59,6967.38,7035.0,30.3298,270.0
09:36:59,6967.38,7040.0,38.4112,826.0
09:39:09,6967.38,6895.0,89.5217,201.0
09:39:09,6967.38,6900.0,414.3498,789.0
09:39:09,6967.38,6905.0,109.2233,879.0
09:39:09,6967.38,6910.0,106.4161,446.0
09:39:09,6967.38,6915.0,101.0277,432.0
09:39:09,6967.38,6920.0,470.4162,413.0
09:39:09,6967.38,6925.0,667.1568,181.0
09:39:09,6967.38,6930.0,216.6505,240.0
09:39:09,6967.38,6935.0,124.5994,740.0
09:39:09,6967.38,6940.0,251.8981,613.0
09:39:09,6967.38,6945.0,146.5726,427.0
09:39:09,6967.38,6950.0,1268.8646,631.0
09:39:09,6967.38,6955.0,105.1737,296.0
09:39:09,6967.38,6960.0,454.9711,636.0
09:39:09,6967.38,6965.0,-194.4002,991.0
09:39:09,6967.38,6970.0,379.6131,1056.0
09:39:09,6967.38,6975.0,874.4616,503.0
09:39:09,6967.38,6980.0,823.9439,611.0
09:39:09,6967.38,6985.0,-3.4816,713.0
09:39:09,6967.38,6990.0,258.9117,552.0
09:39:09,6967.38,6995.0,201.0463,407.0
09:39:09,6967.38,7000.0,881.126,1698.0
09:39:09,6967.38,7005.0,69.5171,265.0
09:39:09,6967.38,7010.0,220.2428,946.0
09:39:09,6967.38,7015.0,34.3353,417.0
09:39:09,6967.38,7020.0,180.4641,814.0
09:39:09,6967.38,7025.0,232.9759,644.0
09:39:09,6967.38,7030.0,33.4866,314.0
09:39:09,6967.38,7035.0,30.3298,270.0
09:39:09,6967.38,7040.0,38.4112,826.0
09:41:18,6967.38,6895.0,89.5217,202.0
09:41:18,6967.38,6900.0,414.3498,794.0
09:41:18,6967.38,6905.0,109.2233,879.0
09:41:18,6967.38,6910.0,106.4161,447.0
09:41:18,6967.38,6915.0,101.0277,441.0
09:41:18,6967.38,6920.0,470.4162,412.0
09:41:18,6967.38,6925.0,667.1568,181.0
09:41:18,6967.38,6930.0,216.6505,240.0
09:41:18,6967.38,6935.0,116.1117,765.0
09:41:18,6967.38,6940.0,251.8981,617.0
09:41:18,6967.38,6945.0,146.5726,432.0
09:41:18,6967.38,6950.0,1268.8646,632.0
09:41:18,6967.38,6955.0,104.7242,297.0
09:41:18,6967.38,6960.0,454.9711,639.0
09:41:18,6967.38,6965.0,-195.3602,993.0
09:41:18,6967.38,6970.0,379.6131,1056.0
09:41:18,6967.38,6975.0,874.4616,513.0
09:41:18,6967.38,6980.0,823.9439,611.0
09:41:18,6967.38,6985.0,-3.4816,713.0
09:41:18,6967.38,6990.0,258.9117,554.0
09:41:18,6967.38,6995.0,201.0463,386.0
09:41:18,6967.38,7000.0,881.126,1702.0
09:41:18,6967.38,7005.0,69.5171,265.0
09:41:18,6967.38,7010.0,220.2428,947.0
09:41:18,6967.38,7015.0,34.3353,418.0
09:41:18,6967.38,7020.0,180.4641,814.0
09:41:18,6967.38,7025.0,232.9759,655.0
09:41:18,6967.38,7030.0,33.4866,314.0
09:41:18,6967.38,7035.0,30.3298,270.0
09:41:18,6967.38,7040.0,38.4112,832.0
09:43:28,6967.38,6895.0,89.5217,202.0
09:43:28,6967.38,6900.0,414.3498,846.0
09:43:28,6967.38,6905.0,109.2233,882.0
09:43:28,6967.38,6910.0,106.4161,448.0
09:43:28,6967.38,6915.0,101.0277,443.0
09:43:28,6967.38,6920.0,470.4162,413.0
09:43:28,6967.38,6925.0,667.1568,181.0
09:43:28,6967.38,6930.0,216.6505,241.0
09:43:28,6967.38,6935.0,107.624,790.0
09:43:28,6967.38,6940.0,251.8981,614.0
09:43:28,6967.38,6945.0,146.5726,431.0
09:43:28,6967.38,6950.0,1268.8646,634.0
09:43:28,6967.38,6955.0,104.7242,297.0
09:43:28,6967.38,6960.0,454.9711,640.0
09:43:28,6967.38,6965.0,-195.8402,994.0
09:43:28,6967.38,6970.0,379.6131,1059.0
09:43:28,6967.38,6975.0,874.4616,514.0
09:43:28,6967.38,6980.0,823.4826,612.0
09:43:28,6967.38,6985.0,-3.4816,713.0
09:43:28,6967.38,6990.0,258.9117,555.0
09:43:28,6967.38,6995.0,201.0463,387.0
09:43:28,6967.38,7000.0,881.126,1714.0
09:43:28,6967.38,7005.0,69.5171,267.0
09:43:28,6967.38,7010.0,220.2428,953.0
09:43:28,6967.38,7015.0,34.3353,418.0
09:43:28,6967.38,7020.0,180.4641,815.0
09:43:28,6967.38,7025.0,232.9759,655.0
09:43:28,6967.38,7030.0,33.4866,314.0
09:43:28,6967.38,7035.0,30.4421,271.0
09:43:28,6967.38,7040.0,38.4112,832.0
09:45:38,6967.38,6895.0,89.5217,222.0
09:45:38,6967.38,6900.0,414.3498,876.0
09:45:38,6967.38,6905.0,109.2233,882.0
09:45:38,6967.38,6910.0,106.4161,448.0
09:45:38,6967.38,6915.0,101.0277,443.0
09:45:38,6967.38,6920.0,470.4162,412.0
09:45:38,6967.38,6925.0,667.1568,181.0
09:45:38,6967.38,6930.0,216.6505,242.0
09:45:38,6967.38,6935.0,107.2845,791.0
09:45:38,6967.38,6940.0,251.8981,619.0
09:45:38,6967.38,6945.0,146.5726,436.0
09:45:38,6967.38,6950.0,1268.8646,661.0
09:45:38,6967.38,6955.0,103.0894,297.0
09:45:38,6967.38,6960.0,452.2159,652.0
09:45:38,6967.38,6965.0,-195.4794,1015.0
09:45:38,6967.38,6970.0,379.646,1076.0
09:45:38,6967.38,6975.0,874.5657,545.0
09:45:38,6967.38,6980.0,824.9535,634.0
09:45:38,6967.38,6985.0,-3.4816,714.0
09:45:38,6967.38,6990.0,258.9117,558.0
09:45:38,6967.38,6995.0,201.0463,423.0
09:45:38,6967.38,7000.0,881.126,1762.0
09:45:38,6967.38,7005.0,69.5171,278.0
09:45:38,6967.38,7010.0,220.2428,972.0
09:45:38,6967.38,7015.0,34.3353,418.0
09:45:38,6967.38,7020.0,180.4641,815.0
09:45:38,6967.38,7025.0,232.9759,655.0
09:45:38,6967.38,7030.0,33.4866,316.0
09:45:38,6967.38,7035.0,30.6668,273.0
09:45:38,6967.38,7040.0,37.2379,833.0
09:47:47,6967.38,6895.0,89.5217,222.0
09:47:47,6967.38,6900.0,409.0839,891.0
09:47:47,6967.38,6905.0,109.2233,898.0
09:47:47,6967.38,6910.0,106.4161,499.0
09:47:47,6967.38,6915.0,101.0277,451.0
09:47:47,6967.38,6920.0,470.4162,439.0
09:47:47,6967.38,6925.0,667.1568,180.0
09:47:47,6967.38,6930.0,216.6505,242.0
09:47:47,6967.38,6935.0,106.266,794.0
09:47:47,6967.38,6940.0,251.9009,617.0
09:47:47,6967.38,6945.0,146.5726,435.0
09:47:47,6967.38,6950.0,1268.8646,661.0
09:47:47,6967.38,6955.0,103.0894,297.0
09:47:47,6967.38,6960.0,452.2159,658.0
09:47:47,6967.38,6965.0,-202.5964,1058.0
09:47:47,6967.38,6970.0,379.646,1085.0
09:47:47,6967.38,6975.0,874.5657,548.0
09:47:47,6967.38,6980.0,824.9535,637.0
09:47:47,6967.38,6985.0,-3.4816,715.0
09:47:47,6967.38,6990.0,258.9117,562.0
09:47:47,6967.38,6995.0,201.0463,425.0
09:47:47,6967.38,7000.0,881.126,1773.0
09:47:47,6967.38,7005.0,69.5171,280.0
09:47:47,6967.38,7010.0,220.2428,974.0
09:47:47,6967.38,7015.0,34.423,422.0
09:47:47,6967.38,7020.0,180.4641,820.0
09:47:47,6967.38,7025.0,232.9633,661.0
09:47:47,6967.38,7030.0,33.4866,317.0
09:47:47,6967.38,7035.0,30.6668,273.0
09:47:47,6967.38,7040.0,37.2379,834.0
09:49:57,6967.38,6895.0,89.5217,224.0
09:49:57,6967.38,6900.0,409.0839,906.0
09:49:57,6967.38,6905.0,109.2233,898.0
09:49:57,6967.38,6910.0,106.4161,501.0
09:49:57,6967.38,6915.0,101.0277,453.0
09:49:57,6967.38,6920.0,470.4162,443.0
09:49:57,6967.38,6925.0,667.1568,180.0
09:49:57,6967.38,6930.0,216.6505,245.0
09:49:57,6967.38,6935.0,106.266,797.0
09:49:57,6967.38,6940.0,251.9009,617.0
09:49:57,6967.38,6945.0,146.5726,436.0
09:49:57,6967.38,6950.0,1268.8646,663.0
09:49:57,6967.38,6955.0,102.64,298.0
09:49:57,6967.38,6960.0,452.2159,662.0
09:49:57,6967.38,6965.0,-207.8155,1070.0
09:49:57,6967.38,6970.0,379.646,1093.0
09:49:57,6967.38,6975.0,874.5657,549.0
09:49:57,6967.38,6980.0,824.0424,645.0
09:49:57,6967.38,6985.0,-3.4816,715.0
09:49:57,6967.38,6990.0,258.9117,583.0
09:49:57,6967.38,6995.0,201.0463,408.0
09:49:57,6967.38,7000.0,881.126,1824.0
09:49:57,6967.38,7005.0,69.5171,283.0
09:49:57,6967.38,7010.0,220.2428,997.0
09:49:57,6967.38,7015.0,34.423,423.0
09:49:57,6967.38,7020.0,180.4641,844.0
09:49:57,6967.38,7025.0,232.9633,661.0
09:49:57,6967.38,7030.0,33.4866,317.0
09:49:57,6967.38,7035.0,33.1381,295.0
09:49:57,6967.38,7040.0,37.2379,836.0
09:52:06,6967.38,6895.0,89.5217,235.0
09:52:06,6967.38,6900.0,409.0839,912.0
09:52:06,6967.38,6905.0,109.2233,907.0
09:52:06,6967.38,6910.0,106.4161,503.0
09:52:06,6967.38,6915.0,101.0277,455.0
09:52:06,6967.38,6920.0,470.4162,442.0
09:52:06,6967.38,6925.0,667.1568,181.0
09:52:06,6967.38,6930.0,216.6505,245.0
09:52:06,6967.38,6935.0,106.266,797.0
09:52:06,6967.38,6940.0,251.9009,620.0
09:52:06,6967.38,6945.0,146.5726,436.0
09:52:06,6967.38,6950.0,1268.8646,664.0
09:52:06,6967.38,6955.0,102.64,298.0
09:52:06,6967.38,6960.0,452.2159,664.0
09:52:06,6967.38,6965.0,-208.7644,1075.0
09:52:06,6967.38,6970.0,379.646,1098.0
09:52:06,6967.38,6975.0,874.5657,550.0
09:52:06,6967.38,6980.0,823.5869,649.0
09:52:06,6967.38,6985.0,-3.4816,715.0
09:52:06,6967.38,6990.0,258.9117,590.0
09:52:06,6967.38,6995.0,201.0463,411.0
09:52:06,6967.38,7000.0,881.126,1847.0
09:52:06,6967.38,7005.0,69.5171,285.0
09:52:06,6967.38,7010.0,220.2428,999.0
09:52:06,6967.38,7015.0,38.6884,424.0
09:52:06,6967.38,7020.0,180.4641,849.0
09:52:06,6967.38,7025.0,232.9633,663.0
09:52:06,6967.38,7030.0,33.4866,317.0
09:52:06,6967.38,7035.0,33.1381,295.0
09:52:06,6967.38,7040.0,37.2379,837.0
09:54:16,6967.38,6895.0,89.5217,235.0
09:54:16,6967.38,6900.0,409.0839,915.0
09:54:16,6967.38,6905.0,109.2233,907.0
09:54:16,6967.38,6910.0,106.4161,503.0
09:54:16,6967.38,6915.0,101.0277,456.0
09:54:16,6967.38,6920.0,470.4162,443.0
09:54:16,6967.38,6925.0,667.1568,194.0
09:54:16,6967.38,6930.0,216.6505,246.0
09:54:16,6967.38,6935.0,101.8524,810.0
09:54:16,6967.38,6940.0,251.9009,620.0
09:54:16,6967.38,6945.0,146.5726,437.0
09:54:16,6967.38,6950.0,1268.8646,665.0
09:54:16,6967.38,6955.0,102.64,298.0
09:54:16,6967.38,6960.0,452.2159,669.0
09:54:16,6967.38,6965.0,-208.7644,1076.0
09:54:16,6967.38,6970.0,379.646,1106.0
09:54:16,6967.38,6975.0,874.5657,551.0
09:54:16,6967.38,6980.0,823.5869,653.0
09:54:16,6967.38,6985.0,-3.4816,715.0
09:54:16,6967.38,6990.0,258.9117,594.0
09:54:16,6967.38,6995.0,201.0463,442.0
09:54:16,6967.38,7000.0,881.126,1855.0
09:54:16,6967.38,7005.0,69.5171,286.0
09:54:16,6967.38,7010.0,220.2428,1001.0
09:54:16,6967.38,7015.0,38.6884,426.0
09:54:16,6967.38,7020.0,180.4641,852.0
09:54:16,6967.38,7025.0,232.9633,665.0
09:54:16,6967.38,7030.0,33.4866,320.0
09:54:16,6967.38,7035.0,33.1381,295.0
09:54:16,6967.38,7040.0,37.2379,838.0
09:56:25,6967.38,6895.0,89.5217,235.0
09:56:25,6967.38,6900.0,409.0839,916.0
09:56:25,6967.38,6905.0,109.2233,908.0
09:56:25,6967.38,6910.0,106.4161,506.0
09:56:25,6967.38,6915.0,101.0277,457.0
09:56:25,6967.38,6920.0,470.4162,457.0
09:56:25,6967.38,6925.0,667.1568,198.0
09:56:25,6967.38,6930.0,216.6505,247.0
09:56:25,6967.38,6935.0,101.8524,810.0
09:56:25,6967.38,6940.0,251.9009,620.0
09:56:25,6967.38,6945.0,146.5726,441.0
09:56:25,6967.38,6950.0,1268.8646,666.0
09:56:25,6967.38,6955.0,98.1454,308.0
09:56:25,6967.38,6960.0,452.2159,681.0
09:56:25,6967.38,6965.0,-211.1368,1083.0
09:56:25,6967.38,6970.0,379.646,1115.0
09:56:25,6967.38,6975.0,874.5657,560.0
09:56:25,6967.38,6980.0,823.5869,655.0
09:56:25,6967.38,6985.0,-3.4816,717.0
09:56:25,6967.38,6990.0,258.9117,595.0
09:56:25,6967.38,6995.0,201.0463,443.0
09:56:25,6967.38,7000.0,881.126,1863.0
09:56:25,6967.38,7005.0,69.5171,290.0
09:56:25,6967.38,7010.0,220.2428,1005.0
09:56:25,6967.38,7015.0,38.6884,427.0
09:56:25,6967.38,7020.0,180.4641,852.0
09:56:25,6967.38,7025.0,232.9633,665.0
09:56:25,6967.38,7030.0,33.4866,326.0
09:56:25,6967.38,7035.0,49.8756,444.0
09:56:25,6967.38,7040.0,37.2379,838.0
09:58:35,6967.38,6895.0,89.5217,235.0
09:58:35,6967.38,6900.0,409.0839,920.0
09:58:35,6967.38,6905.0,109.2233,909.0
09:58:35,6967.38,6910.0,106.4161,507.0
09:58:35,6967.38,6915.0,101.0277,458.0
09:58:35,6967.38,6920.0,470.4162,456.0
09:58:35,6967.38,6925.0,667.1568,201.0
09:58:35,6967.38,6930.0,216.6505,253.0
09:58:35,6967.38,6935.0,101.8524,810.0
09:58:35,6967.38,6940.0,251.9009,620.0
09:58:35,6967.38,6945.0,146.5726,444.0
09:58:35,6967.38,6950.0,1268.8646,668.0
09:58:35,6967.38,6955.0,98.1454,312.0
09:58:35,6967.38,6960.0,452.2159,682.0
09:58:35,6967.38,6965.0,-212.5602,1087.0
09:58:35,6967.38,6970.0,379.646,1122.0
09:58:35,6967.38,6975.0,874.5657,561.0
09:58:35,6967.38,6980.0,823.1314,657.0
09:58:35,6967.38,6985.0,-3.4816,721.0
09:58:35,6967.38,6990.0,258.9117,595.0
09:58:35,6967.38,6995.0,201.0463,444.0
09:58:35,6967.38,7000.0,881.126,1879.0
09:58:35,6967.38,7005.0,69.5171,292.0
09:58:35,6967.38,7010.0,220.2428,1006.0
09:58:35,6967.38,7015.0,37.5692,428.0
09:58:35,6967.38,7020.0,180.4641,852.0
09:58:35,6967.38,7025.0,232.9633,666.0
09:58:35,6967.38,7030.0,33.4866,326.0
09:58:35,6967.38,7035.0,44.4837,396.0
09:58:35,6967.38,7040.0,37.2379,839.0
10:00:45,6967.38,6895.0,89.5217,241.0
10:00:45,6967.38,6900.0,409.0839,947.0
10:00:45,6967.38,6905.0,109.2233,912.0
10:00:45,6967.38,6910.0,106.4161,516.0
10:00:45,6967.38,6915.0,101.0277,477.0
10:00:45,6967.38,6920.0,470.4162,459.0
10:00:45,6967.38,6925.0,667.1568,202.0
10:00:45,6967.38,6930.0,216.6505,255.0
10:00:45,6967.38,6935.0,101.5129,811.0
10:00:45,6967.38,6940.0,251.9009,622.0
10:00:45,6967.38,6945.0,146.5726,447.0
10:00:45,6967.38,6950.0,1268.8646,674.0
10:00:45,6967.38,6955.0,97.6959,313.0
10:00:45,6967.38,6960.0,452.2159,682.0
10:00:45,6967.38,6965.0,-213.0346,1091.0
10:00:45,6967.38,6970.0,379.646,1124.0
10:00:45,6967.38,6975.0,874.5657,561.0
10:00:45,6967.38,6980.0,821.3093,663.0
10:00:45,6967.38,6985.0,-3.4816,721.0
10:00:45,6967.38,6990.0,258.9117,594.0
10:00:45,6967.38,6995.0,201.0463,467.0
10:00:45,6967.38,7000.0,881.126,1912.0
10:00:45,6967.38,7005.0,69.5171,292.0
10:00:45,6967.38,7010.0,220.2428,1007.0
10:00:45,6967.38,7015.0,37.5692,429.0
10:00:45,6967.38,7020.0,180.4641,853.0
10:00:45,6967.38,7025.0,232.9633,673.0
10:00:45,6967.38,7030.0,33.4866,326.0
10:00:45,6967.38,7035.0,44.4837,396.0
10:00:45,6967.38,7040.0,37.2379,839.0
10:02:54,6967.38,6895.0,89.5217,245.0
10:02:54,6967.38,6900.0,409.0839,970.0
10:02:54,6967.38,6905.0,109.2233,929.0
10:02:54,6967.38,6910.0,106.4161,523.0
10:02:54,6967.38,6915.0,101.0277,482.0
10:02:54,6967.38,6920.0,470.4162,468.0
10:02:54,6967.38,6925.0,667.1568,205.0
10:02:54,6967.38,6930.0,216.6505,256.0
10:02:54,6967.38,6935.0,100.1549,815.0
10:02:54,6967.38,6940.0,251.9009,625.0
10:02:54,6967.38,6945.0,146.5726,454.0
10:02:54,6967.38,6950.0,1268.8646,675.0
10:02:54,6967.38,6955.0,97.2465,314.0
10:02:54,6967.38,6960.0,452.2159,683.0
10:02:54,6967.38,6965.0,-214.458,1100.0
10:02:54,6967.38,6970.0,379.646,1133.0
10:02:54,6967.38,6975.0,874.5657,568.0
10:02:54,6967.38,6980.0,821.3093,664.0
10:02:54,6967.38,6985.0,-5.2224,727.0
10:02:54,6967.38,6990.0,258.9117,602.0
10:02:54,6967.38,6995.0,201.0463,474.0
10:02:54,6967.38,7000.0,881.126,1925.0
10:02:54,6967.38,7005.0,69.5171,295.0
10:02:54,6967.38,7010.0,220.2428,1009.0
10:02:54,6967.38,7015.0,36.8683,430.0
10:02:54,6967.38,7020.0,180.4641,856.0
10:02:54,6967.38,7025.0,232.9633,674.0
10:02:54,6967.38,7030.0,33.4866,326.0
10:02:54,6967.38,7035.0,55.6046,499.0
10:02:54,6967.38,7040.0,37.2379,839.0
10:05:04,6967.38,6895.0,89.5217,247.0
10:05:04,6967.38,6900.0,409.0839,976.0
10:05:04,6967.38,6905.0,109.2233,1000.0
10:05:04,6967.38,6910.0,106.4161,526.0
10:05:04,6967.38,6915.0,101.0277,487.0
10:05:04,6967.38,6920.0,470.4162,482.0
10:05:04,6967.38,6925.0,667.1568,207.0
10:05:04,6967.38,6930.0,216.6505,259.0
10:05:04,6967.38,6935.0,99.4759,817.0
10:05:04,6967.38,6940.0,251.9009,630.0
10:05:04,6967.38,6945.0,146.5726,464.0
10:05:04,6967.38,6950.0,1268.8646,685.0
10:05:04,6967.38,6955.0,97.2465,314.0
10:05:04,6967.38,6960.0,452.2159,687.0
10:05:04,6967.38,6965.0,-215.8814,1103.0
10:05:04,6967.38,6970.0,379.646,1139.0
10:05:04,6967.38,6975.0,874.5657,570.0
10:05:04,6967.38,6980.0,821.3093,665.0
10:05:04,6967.38,6985.0,-6.5281,733.0
10:05:04,6967.38,6990.0,258.9117,607.0
10:05:04,6967.38,6995.0,201.0463,474.0
10:05:04,6967.38,7000.0,881.126,1976.0
10:05:04,6967.38,7005.0,69.5171,299.0
10:05:04,6967.38,7010.0,220.2428,1016.0
10:05:04,6967.38,7015.0,36.8683,433.0
10:05:04,6967.38,7020.0,180.4641,856.0
10:05:04,6967.38,7025.0,232.9633,674.0
10:05:04,6967.38,7030.0,33.4866,327.0
10:05:04,6967.38,7035.0,55.7169,500.0
10:05:04,6967.38,7040.0,37.2379,839.0
10:11:26,6967.38,6895.0,89.5217,247.0
10:11:26,6967.38,6900.0,409.0839,976.0
10:11:26,6967.38,6905.0,109.2233,1000.0
10:11:26,6967.38,6910.0,106.4161,526.0
10:11:26,6967.38,6915.0,101.0277,487.0
10:11:26,6967.38,6920.0,470.4162,482.0
10:11:26,6967.38,6925.0,667.1568,207.0
10:11:26,6967.38,6930.0,216.6505,259.0
10:11:26,6967.38,6935.0,99.4759,817.0
10:11:26,6967.38,6940.0,251.9009,630.0
10:11:26,6967.38,6945.0,146.5726,464.0
10:11:26,6967.38,6950.0,1268.8646,685.0
10:11:26,6967.38,6955.0,97.2465,314.0
10:11:26,6967.38,6960.0,452.2159,687.0
10:11:26,6967.38,6965.0,-215.8814,1103.0
10:11:26,6967.38,6970.0,379.646,1139.0
10:11:26,6967.38,6975.0,874.5657,570.0
10:11:26,6967.38,6980.0,821.3093,665.0
10:11:26,6967.38,6985.0,-6.5281,733.0
10:11:26,6967.38,6990.0,258.9117,607.0
10:11:26,6967.38,6995.0,201.0463,474.0
10:11:26,6967.38,7000.0,881.126,1976.0
10:11:26,6967.38,7005.0,69.5171,299.0
10:11:26,6967.38,7010.0,220.2428,1016.0
10:11:26,6967.38,7015.0,36.8683,433.0
10:11:26,6967.38,7020.0,180.4641,856.0
10:11:26,6967.38,7025.0,232.9633,674.0
10:11:26,6967.38,7030.0,33.4866,327.0
10:11:26,6967.38,7035.0,55.7169,500.0
10:11:26,6967.38,7040.0,37.2379,839.0
10:13:36,6967.38,6895.0,89.5217,250.0
10:13:36,6967.38,6900.0,409.0839,992.0
10:13:36,6967.38,6905.0,109.2233,1004.0
10:13:36,6967.38,6910.0,106.4161,561.0
10:13:36,6967.38,6915.0,97.5756,497.0
10:13:36,6967.38,6920.0,457.8338,490.0
10:13:36,6967.38,6925.0,667.1568,209.0
10:13:36,6967.38,6930.0,216.6505,264.0
10:13:36,6967.38,6935.0,99.1363,818.0
10:13:36,6967.38,6940.0,251.9009,631.0
10:13:36,6967.38,6945.0,146.5667,483.0
10:13:36,6967.38,6950.0,1268.8646,696.0
10:13:36,6967.38,6955.0,94.9992,319.0
10:13:36,6967.38,6960.0,452.1954,704.0
10:13:36,6967.38,6965.0,-222.0495,1120.0
10:13:36,6967.38,6970.0,379.313,1159.0
10:13:36,6967.38,6975.0,874.5657,572.0
10:13:36,6967.38,6980.0,811.7352,674.0
10:13:36,6967.38,6985.0,-6.5281,738.0
10:13:36,6967.38,6990.0,258.9117,635.0
10:13:36,6967.38,6995.0,201.0463,478.0
10:13:36,6967.38,7000.0,881.126,2106.0
10:13:36,6967.38,7005.0,69.5171,306.0
10:13:36,6967.38,7010.0,226.434,1038.0
10:13:36,6967.38,7015.0,35.4503,443.0
10:13:36,6967.38,7020.0,180.4641,862.0
10:13:36,6967.38,7025.0,232.9633,686.0
10:13:36,6967.38,7030.0,33.4866,330.0
10:13:36,6967.38,7035.0,61.3335,550.0
10:13:36,6967.38,7040.0,37.2379,845.0
10:15:45,6967.38,6895.0,89.5217,250.0
10:15:45,6967.38,6900.0,409.0839,997.0
10:15:45,6967.38,6905.0,109.4871,1007.0
10:15:45,6967.38,6910.0,106.4161,563.0
10:15:45,6967.38,6915.0,97.5756,501.0
10:15:45,6967.38,6920.0,457.8338,492.0
10:15:45,6967.38,6925.0,667.1568,209.0
10:15:45,6967.38,6930.0,216.6505,264.0
10:15:45,6967.38,6935.0,98.4573,820.0
10:15:45,6967.38,6940.0,251.9009,631.0
10:15:45,6967.38,6945.0,146.5722,483.0
10:15:45,6967.38,6950.0,1268.8646,699.0
10:15:45,6967.38,6955.0,94.5497,326.0
10:15:45,6967.38,6960.0,452.1959,707.0
10:15:45,6967.38,6965.0,-222.9984,1122.0
10:15:45,6967.38,6970.0,379.3246,1162.0
10:15:45,6967.38,6975.0,874.5657,579.0
10:15:45,6967.38,6980.0,811.7823,678.0
10:15:45,6967.38,6985.0,-7.3985,743.0
10:15:45,6967.38,6990.0,258.9117,635.0
10:15:45,6967.38,6995.0,201.0463,480.0
10:15:45,6967.38,7000.0,881.126,2106.0
10:15:45,6967.38,7005.0,69.5171,306.0
10:15:45,6967.38,7010.0,226.434,1041.0
10:15:45,6967.38,7015.0,35.4503,445.0
10:15:45,6967.38,7020.0,180.4641,863.0
10:15:45,6967.38,7025.0,232.9633,686.0
10:15:45,6967.38,7030.0,33.4866,330.0
10:15:45,6967.38,7035.0,61.3335,550.0
10:15:45,6967.38,7040.0,37.2379,845.0
10:17:55,6967.38,6895.0,89.5217,250.0
10:17:55,6967.38,6900.0,409.0839,1000.0
10:17:55,6967.38,6905.0,109.5837,1007.0
10:17:55,6967.38,6910.0,106.4161,564.0
10:17:55,6967.38,6915.0,94.6776,500.0
10:17:55,6967.38,6920.0,446.5061,494.0
10:17:55,6967.38,6925.0,667.1568,208.0
10:17:55,6967.38,6930.0,216.6505,264.0
10:17:55,6967.38,6935.0,98.4573,820.0
10:17:55,6967.38,6940.0,251.9009,632.0
10:17:55,6967.38,6945.0,146.5722,485.0
10:17:55,6967.38,6950.0,1268.8646,700.0
10:17:55,6967.38,6955.0,94.5497,326.0
10:17:55,6967.38,6960.0,452.1986,707.0
10:17:55,6967.38,6965.0,-223.4728,1123.0
10:17:55,6967.38,6970.0,379.3471,1163.0
10:17:55,6967.38,6975.0,874.5657,579.0
10:17:55,6967.38,6980.0,811.7823,678.0
10:17:55,6967.38,6985.0,-7.3985,743.0
10:17:55,6967.38,6990.0,258.9117,635.0
10:17:55,6967.38,6995.0,201.0463,481.0
10:17:55,6967.38,7000.0,881.126,2107.0
10:17:55,6967.38,7005.0,69.5171,310.0
10:17:55,6967.38,7010.0,226.434,1041.0
10:17:55,6967.38,7015.0,36.8025,445.0
10:17:55,6967.38,7020.0,180.4641,863.0
10:17:55,6967.38,7025.0,232.9633,686.0
10:17:55,6967.38,7030.0,33.4866,331.0
10:17:55,6967.38,7035.0,61.3335,550.0
10:17:55,6967.38,7040.0,37.2379,845.0
10:20:04,6967.38,6895.0,89.5217,251.0
10:20:04,6967.38,6900.0,409.0839,1009.0
10:20:04,6967.38,6905.0,103.4529,1068.0
10:20:04,6967.38,6910.0,106.4547,567.0
10:20:04,6967.38,6915.0,94.6776,505.0
10:20:04,6967.38,6920.0,446.5061,494.0
10:20:04,6967.38,6925.0,667.1568,208.0
10:20:04,6967.38,6930.0,216.6505,271.0
10:20:04,6967.38,6935.0,98.1178,821.0
10:20:04,6967.38,6940.0,251.9009,632.0
10:20:04,6967.38,6945.0,146.5722,494.0
10:20:04,6967.38,6950.0,1268.8646,709.0
10:20:04,6967.38,6955.0,97.5543,328.0
10:20:04,6967.38,6960.0,469.9269,718.0
10:20:04,6967.38,6965.0,-237.4986,1131.0
10:20:04,6967.38,6970.0,396.5022,1169.0
10:20:04,6967.38,6975.0,919.1993,595.0
10:20:04,6967.38,6980.0,809.8142,683.0
10:20:04,6967.38,6985.0,-7.3985,746.0
10:20:04,6967.38,6990.0,258.9117,642.0
10:20:04,6967.38,6995.0,201.0463,482.0
10:20:04,6967.38,7000.0,881.126,2145.0
10:20:04,6967.38,7005.0,69.5171,312.0
10:20:04,6967.38,7010.0,226.434,1054.0
10:20:04,6967.38,7015.0,36.8025,452.0
10:20:04,6967.38,7020.0,180.4641,863.0
10:20:04,6967.38,7025.0,235.047,691.0
10:20:04,6967.38,7030.0,33.4866,333.0
10:20:04,6967.38,7035.0,61.4459,551.0
10:20:04,6967.38,7040.0,37.2379,845.0
10:22:14,6967.38,6895.0,83.9003,251.0
10:22:14,6967.38,6900.0,392.2021,1022.0
10:22:14,6967.38,6905.0,103.4529,1071.0
10:22:14,6967.38,6910.0,101.9985,568.0
10:22:14,6967.38,6915.0,96.6709,506.0
10:22:14,6967.38,6920.0,458.7236,497.0
10:22:14,6967.38,6925.0,656.4323,208.0
10:22:14,6967.38,6930.0,214.0852,272.0
10:22:14,6967.38,6935.0,91.7977,831.0
10:22:14,6967.38,6940.0,253.9994,632.0
10:22:14,6967.38,6945.0,147.6541,494.0
10:22:14,6967.38,6950.0,1268.6364,709.0
10:22:14,6967.38,6955.0,97.1599,328.0
10:22:14,6967.38,6960.0,468.9509,736.0
10:22:14,6967.38,6965.0,-236.7266,1133.0
10:22:14,6967.38,6970.0,396.7314,1171.0
10:22:14,6967.38,6975.0,909.5761,597.0
10:22:14,6967.38,6980.0,859.0777,684.0
10:22:14,6967.38,6985.0,-8.2959,747.0
10:22:14,6967.38,6990.0,272.2712,644.0
10:22:14,6967.38,6995.0,211.3916,484.0
10:22:14,6967.38,7000.0,939.3171,2222.0
10:22:14,6967.38,7005.0,74.1413,312.0
10:22:14,6967.38,7010.0,236.3865,1055.0
10:22:14,6967.38,7015.0,35.5559,455.0
10:22:14,6967.38,7020.0,184.9028,863.0
10:22:14,6967.38,7025.0,236.6999,691.0
10:22:14,6967.38,7030.0,33.2682,333.0
10:22:14,6967.38,7035.0,60.8198,551.0
10:22:14,6967.38,7040.0,36.932,846.0
10:26:19,6967.38,6895.0,83.9003,251.0
10:26:19,6967.38,6900.0,392.2021,1022.0
10:26:19,6967.38,6905.0,103.4529,1071.0
10:26:19,6967.38,6910.0,101.9985,568.0
10:26:19,6967.38,6915.0,96.6709,506.0
10:26:19,6967.38,6920.0,458.7236,497.0
10:26:19,6967.38,6925.0,656.4323,208.0
10:26:19,6967.38,6930.0,214.0852,272.0
10:26:19,6967.38,6935.0,91.7977,831.0
10:26:19,6967.38,6940.0,253.9994,632.0
10:26:19,6967.38,6945.0,147.6541,494.0
10:26:19,6967.38,6950.0,1268.6364,709.0
10:26:19,6967.38,6955.0,97.1599,328.0
10:26:19,6967.38,6960.0,468.9509,736.0
10:26:19,6967.38,6965.0,-236.7266,1133.0
10:26:19,6967.38,6970.0,396.7314,1171.0
10:26:19,6967.38,6975.0,909.5761,597.0
10:26:19,6967.38,6980.0,859.0777,684.0
10:26:19,6967.38,6985.0,-8.2959,747.0
10:26:19,6967.38,6990.0,272.2712,644.0
10:26:19,6967.38,6995.0,211.3916,484.0
10:26:19,6967.38,7000.0,939.3171,2222.0
10:26:19,6967.38,7005.0,74.1413,312.0
10:26:19,6967.38,7010.0,236.3865,1055.0
10:26:19,6967.38,7015.0,35.5559,455.0
10:26:19,6967.38,7020.0,184.9028,863.0
10:26:19,6967.38,7025.0,236.6999,691.0
10:26:19,6967.38,7030.0,33.2682,333.0
10:26:19,6967.38,7035.0,60.8198,551.0
10:26:19,6967.38,7040.0,36.932,846.0
10:28:51,6967.38,6895.0,83.9003,251.0
10:28:51,6967.38,6900.0,392.2021,1043.0
10:28:51,6967.38,6905.0,103.4529,1123.0
10:28:51,6967.38,6910.0,101.9985,572.0
10:28:51,6967.38,6915.0,96.6709,508.0
10:28:51,6967.38,6920.0,458.7236,501.0
10:28:51,6967.38,6925.0,656.4323,209.0
10:28:51,6967.38,6930.0,214.0852,275.0
10:28:51,6967.38,6935.0,91.7977,831.0
10:28:51,6967.38,6940.0,253.9994,632.0
10:28:51,6967.38,6945.0,147.6541,500.0
10:28:51,6967.38,6950.0,1268.6364,721.0
10:28:51,6967.38,6955.0,97.1599,331.0
10:28:51,6967.38,6960.0,468.9509,747.0
10:28:51,6967.38,6965.0,-238.7076,1140.0
10:28:51,6967.38,6970.0,396.7314,1184.0
10:28:51,6967.38,6975.0,909.5761,609.0
10:28:51,6967.38,6980.0,859.0777,691.0
10:28:51,6967.38,6985.0,-8.2959,753.0
10:28:51,6967.38,6990.0,272.2712,649.0
10:28:51,6967.38,6995.0,211.3916,486.0
10:28:51,6967.38,7000.0,939.3171,2270.0
10:28:51,6967.38,7005.0,74.1413,319.0
10:28:51,6967.38,7010.0,236.3865,1112.0
10:28:51,6967.38,7015.0,35.5559,458.0
10:28:51,6967.38,7020.0,184.9028,867.0
10:28:51,6967.38,7025.0,236.6999,693.0
10:28:51,6967.38,7030.0,33.2682,338.0
10:28:51,6967.38,7035.0,60.8198,551.0
10:28:51,6967.38,7040.0,36.932,867.0
10:31:01,6967.38,6895.0,78.3904,253.0
10:31:01,6967.38,6900.0,355.3352,1045.0
10:31:01,6967.38,6905.0,98.1224,1123.0
10:31:01,6967.38,6910.0,95.2011,581.0
10:31:01,6967.38,6915.0,92.0919,512.0
10:31:01,6967.38,6920.0,437.4606,504.0
10:31:01,6967.38,6925.0,627.3862,211.0
10:31:01,6967.38,6930.0,202.9969,282.0
10:31:01,6967.38,6935.0,90.0343,831.0
10:31:01,6967.38,6940.0,242.0223,697.0
10:31:01,6967.38,6945.0,142.3022,564.0
10:31:01,6967.38,6950.0,1235.272,723.0
10:31:01,6967.38,6955.0,93.1234,333.0
10:31:01,6967.38,6960.0,461.4078,754.0
10:31:01,6967.38,6965.0,-244.1503,1153.0
10:31:01,6967.38,6970.0,401.1079,1193.0
10:31:01,6967.38,6975.0,936.2026,636.0
10:31:01,6967.38,6980.0,891.0408,700.0
10:31:01,6967.38,6985.0,-8.224,756.0
10:31:01,6967.38,6990.0,287.0785,651.0
10:31:01,6967.38,6995.0,229.75,488.0
10:31:01,6967.38,7000.0,998.9978,2352.0
10:31:01,6967.38,7005.0,77.7806,331.0
10:31:01,6967.38,7010.0,244.5105,1124.0
10:31:01,6967.38,7015.0,37.9066,464.0
10:31:01,6967.38,7020.0,201.4045,868.0
10:31:01,6967.38,7025.0,257.6906,697.0
10:31:01,6967.38,7030.0,37.1978,353.0
10:31:01,6967.38,7035.0,65.3274,551.0
10:31:01,6967.38,7040.0,39.7838,869.0
10:33:10,6967.38,6895.0,76.5272,253.0
10:33:10,6967.38,6900.0,359.022,1045.0
10:33:10,6967.38,6905.0,95.7665,1125.0
10:33:10,6967.38,6910.0,95.2101,584.0
10:33:10,6967.38,6915.0,92.0919,514.0
10:33:10,6967.38,6920.0,426.7335,506.0
10:33:10,6967.38,6925.0,613.7323,211.0
10:33:10,6967.38,6930.0,202.9969,283.0
10:33:10,6967.38,6935.0,89.7044,832.0
10:33:10,6967.38,6940.0,241.067,697.0
10:33:10,6967.38,6945.0,141.9827,567.0
10:33:10,6967.38,6950.0,1250.4293,730.0
10:33:10,6967.38,6955.0,94.1546,334.0
10:33:10,6967.38,6960.0,462.9637,773.0
10:33:10,6967.38,6965.0,-251.3904,1164.0
10:33:10,6967.38,6970.0,402.242,1200.0
10:33:10,6967.38,6975.0,939.6627,639.0
10:33:10,6967.38,6980.0,887.8739,705.0
10:33:10,6967.38,6985.0,-9.6985,761.0
10:33:10,6967.38,6990.0,291.0226,652.0
10:33:10,6967.38,6995.0,226.2028,490.0
10:33:10,6967.38,7000.0,1004.0071,2392.0
10:33:10,6967.38,7005.0,77.6744,332.0
10:33:10,6967.38,7010.0,247.5651,1144.0
10:33:10,6967.38,7015.0,39.4649,465.0
10:33:10,6967.38,7020.0,201.4045,868.0
10:33:10,6967.38,7025.0,262.2579,698.0
10:33:10,6967.38,7030.0,35.7037,353.0
10:33:10,6967.38,7035.0,64.6157,551.0
10:33:10,6967.38,7040.0,39.178,869.0
10:35:20,6967.38,6895.0,75.4054,254.0
10:35:20,6967.38,6900.0,354.5716,1056.0
10:35:20,6967.38,6905.0,95.8416,1136.0
10:35:20,6967.38,6910.0,92.662,591.0
10:35:20,6967.38,6915.0,89.5134,517.0
10:35:20,6967.38,6920.0,419.9205,510.0
10:35:20,6967.38,6925.0,613.7323,212.0
10:35:20,6967.38,6930.0,202.9969,285.0
10:35:20,6967.38,6935.0,89.3817,836.0
10:35:20,6967.38,6940.0,241.067,698.0
10:35:20,6967.38,6945.0,141.9827,572.0
10:35:20,6967.38,6950.0,1250.4293,730.0
10:35:20,6967.38,6955.0,90.8318,346.0
10:35:20,6967.38,6960.0,460.3385,774.0
10:35:20,6967.38,6965.0,-252.386,1171.0
10:35:20,6967.38,6970.0,402.2408,1206.0
10:35:20,6967.38,6975.0,940.8906,678.0
10:35:20,6967.38,6980.0,887.8739,711.0
10:35:20,6967.38,6985.0,-10.1834,765.0
10:35:20,6967.38,6990.0,291.0226,652.0
10:35:20,6967.38,6995.0,226.2028,493.0
10:35:20,6967.38,7000.0,1004.0071,2414.0
10:35:20,6967.38,7005.0,77.6744,337.0
10:35:20,6967.38,7010.0,247.5651,1167.0
10:35:20,6967.38,7015.0,40.6358,465.0
10:35:20,6967.38,7020.0,210.8415,869.0
10:35:20,6967.38,7025.0,265.5578,698.0
10:35:20,6967.38,7030.0,37.5304,353.0
10:35:20,6967.38,7035.0,67.2132,551.0
10:35:20,6967.38,7040.0,40.4247,886.0
10:37:29,6967.38,6895.0,77.7264,254.0
10:37:29,6967.38,6900.0,362.0607,1059.0
10:37:29,6967.38,6905.0,96.8866,1136.0
10:37:29,6967.38,6910.0,92.6437,591.0
10:37:29,6967.38,6915.0,89.5134,516.0
10:37:29,6967.38,6920.0,419.9205,512.0
10:37:29,6967.38,6925.0,603.8821,212.0
10:37:29,6967.38,6930.0,198.2314,285.0
10:37:29,6967.38,6935.0,88.9938,833.0
10:37:29,6967.38,6940.0,240.928,728.0
10:37:29,6967.38,6945.0,141.258,605.0
10:37:29,6967.38,6950.0,1242.7658,738.0
10:37:29,6967.38,6955.0,90.712,349.0
10:37:29,6967.38,6960.0,462.188,779.0
10:37:29,6967.38,6965.0,-251.7529,1172.0
10:37:29,6967.38,6970.0,402.3119,1210.0
10:37:29,6967.38,6975.0,934.8687,708.0
10:37:29,6967.38,6980.0,885.3804,718.0
10:37:29,6967.38,6985.0,-13.4879,773.0
10:37:29,6967.38,6990.0,287.8828,657.0
10:37:29,6967.38,6995.0,227.2571,494.0
10:37:29,6967.38,7000.0,1001.4212,2426.0
10:37:29,6967.38,7005.0,80.8847,339.0
10:37:29,6967.38,7010.0,258.5418,1183.0
10:37:29,6967.38,7015.0,40.6358,467.0
10:37:29,6967.38,7020.0,210.8415,870.0
10:37:29,6967.38,7025.0,256.8399,708.0
10:37:29,6967.38,7030.0,36.3132,353.0
10:37:29,6967.38,7035.0,65.5828,551.0
10:37:29,6967.38,7040.0,40.1042,886.0
10:39:39,6967.38,6895.0,75.9915,254.0
10:39:39,6967.38,6900.0,356.4416,1070.0
10:39:39,6967.38,6905.0,95.0415,1136.0
10:39:39,6967.38,6910.0,94.3302,592.0
10:39:39,6967.38,6915.0,90.1094,517.0
10:39:39,6967.38,6920.0,428.7829,516.0
10:39:39,6967.38,6925.0,616.1244,212.0
10:39:39,6967.38,6930.0,202.3137,287.0
10:39:39,6967.38,6935.0,88.9938,836.0
10:39:39,6967.38,6940.0,240.928,729.0
10:39:39,6967.38,6945.0,141.258,614.0
10:39:39,6967.38,6950.0,1242.7658,739.0
10:39:39,6967.38,6955.0,89.9102,349.0
10:39:39,6967.38,6960.0,460.2028,781.0
10:39:39,6967.38,6965.0,-251.7078,1175.0
10:39:39,6967.38,6970.0,400.8914,1217.0
10:39:39,6967.38,6975.0,932.0923,708.0
10:39:39,6967.38,6980.0,887.0648,721.0
10:39:39,6967.38,6985.0,-13.4879,774.0
10:39:39,6967.38,6990.0,287.8828,657.0
10:39:39,6967.38,6995.0,227.2571,495.0
10:39:39,6967.38,7000.0,1001.4212,2432.0
10:39:39,6967.38,7005.0,79.2224,343.0
10:39:39,6967.38,7010.0,249.2233,1185.0
10:39:39,6967.38,7015.0,39.0936,468.0
10:39:39,6967.38,7020.0,206.0573,871.0
10:39:39,6967.38,7025.0,261.6737,708.0
10:39:39,6967.38,7030.0,36.5614,354.0
10:39:39,6967.38,7035.0,66.8963,551.0
10:39:39,6967.38,7040.0,40.996,887.0
10:41:48,6967.38,6895.0,75.9915,255.0
10:41:48,6967.38,6900.0,356.4416,1073.0
10:41:48,6967.38,6905.0,95.065,1136.0
10:41:48,6967.38,6910.0,93.752,595.0
10:41:48,6967.38,6915.0,90.1299,517.0
10:41:48,6967.38,6920.0,428.8221,518.0
10:41:48,6967.38,6925.0,616.1244,211.0
10:41:48,6967.38,6930.0,202.3137,287.0
10:41:48,6967.38,6935.0,88.9938,836.0
10:41:48,6967.38,6940.0,240.928,729.0
10:41:48,6967.38,6945.0,141.258,612.0
10:41:48,6967.38,6950.0,1242.7658,749.0
10:41:48,6967.38,6955.0,82.057,372.0
10:41:48,6967.38,6960.0,464.6234,789.0
10:41:48,6967.38,6965.0,-282.3538,1236.0
10:41:48,6967.38,6970.0,402.3706,1268.0
10:41:48,6967.38,6975.0,936.6475,709.0
10:41:48,6967.38,6980.0,887.0648,721.0
10:41:48,6967.38,6985.0,-14.933,777.0
10:41:48,6967.38,6990.0,287.8828,658.0
10:41:48,6967.38,6995.0,227.2571,497.0
10:41:48,6967.38,7000.0,1001.4212,2526.0
10:41:48,6967.38,7005.0,79.2224,344.0
10:41:48,6967.38,7010.0,249.2233,1230.0
10:41:48,6967.38,7015.0,39.541,470.0
10:41:48,6967.38,7020.0,205.3559,875.0
10:41:48,6967.38,7025.0,260.9456,709.0
10:41:48,6967.38,7030.0,36.5614,354.0
10:41:48,6967.38,7035.0,66.8963,551.0
10:41:48,6967.38,7040.0,40.996,890.0
10:43:58,6967.38,6895.0,75.8346,255.0
10:43:58,6967.38,6900.0,359.0356,1074.0
10:43:58,6967.38,6905.0,95.0971,1138.0
10:43:58,6967.38,6910.0,93.7067,596.0
10:43:58,6967.38,6915.0,89.5641,522.0
10:43:58,6967.38,6920.0,424.4858,521.0
10:43:58,6967.38,6925.0,610.7687,213.0
10:43:58,6967.38,6930.0,200.3405,288.0
10:43:58,6967.38,6935.0,88.3591,836.0
10:43:58,6967.38,6940.0,239.4064,729.0
10:43:58,6967.38,6945.0,140.7174,614.0
10:43:58,6967.38,6950.0,1243.0114,752.0
10:43:58,6967.38,6955.0,80.9529,370.0
10:43:58,6967.38,6960.0,461.7879,788.0
10:43:58,6967.38,6965.0,-282.3164,1237.0
10:43:58,6967.38,6970.0,402.1448,1274.0
10:43:58,6967.38,6975.0,939.4817,713.0
10:43:58,6967.38,6980.0,888.4939,724.0
10:43:58,6967.38,6985.0,-14.974,779.0
10:43:58,6967.38,6990.0,289.452,658.0
10:43:58,6967.38,6995.0,228.4769,498.0
10:43:58,6967.38,7000.0,1014.5419,2548.0
10:43:58,6967.38,7005.0,80.7042,346.0
10:43:58,6967.38,7010.0,256.0948,1232.0
10:43:58,6967.38,7015.0,39.4171,471.0
10:43:58,6967.38,7020.0,206.5178,877.0
10:43:58,6967.38,7025.0,262.7323,711.0
10:43:58,6967.38,7030.0,36.9788,354.0
10:43:58,6967.38,7035.0,67.2777,552.0
10:43:58,6967.38,7040.0,41.3767,890.0
10:46:20,6967.38,6895.0,75.8346,255.0
10:46:20,6967.38,6900.0,359.0356,1074.0
10:46:20,6967.38,6905.0,95.0971,1138.0
10:46:20,6967.38,6910.0,93.7067,596.0
10:46:20,6967.38,6915.0,89.5641,522.0
10:46:20,6967.38,6920.0,424.4858,521.0
10:46:20,6967.38,6925.0,610.7687,213.0
10:46:20,6967.38,6930.0,200.3405,288.0
10:46:20,6967.38,6935.0,88.3591,836.0
10:46:20,6967.38,6940.0,239.4064,729.0
10:46:20,6967.38,6945.0,140.7174,614.0
10:46:20,6967.38,6950.0,1243.0114,752.0
10:46:20,6967.38,6955.0,80.9529,370.0
10:46:20,6967.38,6960.0,461.7879,788.0
10:46:20,6967.38,6965.0,-282.3164,1237.0
10:46:20,6967.38,6970.0,402.1448,1274.0
10:46:20,6967.38,6975.0,939.4817,713.0
10:46:20,6967.38,6980.0,888.4939,724.0
10:46:20,6967.38,6985.0,-14.974,779.0
10:46:20,6967.38,6990.0,289.452,658.0
10:46:20,6967.38,6995.0,228.4769,498.0
10:46:20,6967.38,7000.0,1014.5419,2548.0
10:46:20,6967.38,7005.0,80.7042,346.0
10:46:20,6967.38,7010.0,256.0948,1232.0
10:46:20,6967.38,7015.0,39.4171,471.0
10:46:20,6967.38,7020.0,206.5178,877.0
10:46:20,6967.38,7025.0,262.7323,711.0
10:46:20,6967.38,7030.0,36.9788,354.0
10:46:20,6967.38,7035.0,67.2777,552.0
10:46:20,6967.38,7040.0,41.3767,890.0
10:59:55,6967.38,6895.0,75.8346,255.0
10:59:55,6967.38,6900.0,359.0356,1074.0
10:59:55,6967.38,6905.0,95.0971,1138.0
10:59:55,6967.38,6910.0,93.7067,596.0
10:59:55,6967.38,6915.0,89.5641,522.0
10:59:55,6967.38,6920.0,424.4858,521.0
10:59:55,6967.38,6925.0,610.7687,213.0
10:59:55,6967.38,6930.0,200.3405,288.0
10:59:55,6967.38,6935.0,88.3591,836.0
10:59:55,6967.38,6940.0,239.4064,729.0
10:59:55,6967.38,6945.0,140.7174,614.0
10:59:55,6967.38,6950.0,1243.0114,752.0
10:59:55,6967.38,6955.0,80.9529,370.0
10:59:55,6967.38,6960.0,461.7879,788.0
10:59:55,6967.38,6965.0,-292.7358,1270.0
10:59:55,6967.38,6970.0,402.1448,1290.0
10:59:55,6967.38,6975.0,939.4817,713.0
10:59:55,6967.38,6980.0,888.4939,724.0
10:59:55,6967.38,6985.0,-14.974,779.0
10:59:55,6967.38,6990.0,289.452,658.0
10:59:55,6967.38,6995.0,228.4769,498.0
10:59:55,6967.38,7000.0,1014.5419,2548.0
10:59:55,6967.38,7005.0,80.7042,346.0
10:59:55,6967.38,7010.0,256.0948,1232.0
10:59:55,6967.38,7015.0,39.4171,471.0
10:59:55,6967.38,7020.0,206.5178,877.0
10:59:55,6967.38,7025.0,262.7323,711.0
10:59:55,6967.38,7030.0,36.9788,354.0
10:59:55,6967.38,7035.0,67.2777,552.0
10:59:55,6967.38,7040.0,41.3767,890.0
11:04:16,6967.38,6895.0,75.8346,255.0
11:04:16,6967.38,6900.0,359.0356,1074.0
11:04:16,6967.38,6905.0,95.0971,1138.0
11:04:16,6967.38,6910.0,93.7067,596.0
11:04:16,6967.38,6915.0,89.5641,522.0
11:04:16,6967.38,6920.0,424.4858,521.0
11:04:16,6967.38,6925.0,610.7687,213.0
11:04:16,6967.38,6930.0,200.3405,288.0
11:04:16,6967.38,6935.0,88.3591,836.0
11:04:16,6967.38,6940.0,239.4064,729.0
11:04:16,6967.38,6945.0,140.7174,614.0
11:04:16,6967.38,6950.0,1243.0114,752.0
11:04:16,6967.38,6955.0,80.9529,370.0
11:04:16,6967.38,6960.0,461.7879,788.0
11:04:16,6967.38,6965.0,-292.7358,1270.0
11:04:16,6967.38,6970.0,402.1448,1290.0
11:04:16,6967.38,6975.0,939.4817,713.0
11:04:16,6967.38,6980.0,888.4939,724.0
11:04:16,6967.38,6985.0,-14.974,779.0
11:04:16,6967.38,6990.0,289.452,658.0
11:04:16,6967.38,6995.0,228.4769,498.0
11:04:16,6967.38,7000.0,1014.5419,2548.0
11:04:16,6967.38,7005.0,80.7042,346.0
11:04:16,6967.38,7010.0,256.0948,1232.0
11:04:16,6967.38,7015.0,39.4171,471.0
11:04:16,6967.38,7020.0,206.5178,877.0
11:04:16,6967.38,7025.0,262.7323,711.0
11:04:16,6967.38,7030.0,36.9788,354.0
11:04:16,6967.38,7035.0,67.2777,552.0
11:04:16,6967.38,7040.0,41.3767,890.0
11:07:24,6967.38,6895.0,75.8346,255.0
11:07:24,6967.38,6900.0,359.0356,1074.0
11:07:24,6967.38,6905.0,95.0971,1138.0
11:07:24,6967.38,6910.0,93.7067,596.0
11:07:24,6967.38,6915.0,89.5641,522.0
11:07:24,6967.38,6920.0,424.4858,521.0
11:07:24,6967.38,6925.0,610.7687,213.0
11:07:24,6967.38,6930.0,200.3405,288.0
11:07:24,6967.38,6935.0,88.3591,836.0
11:07:24,6967.38,6940.0,239.4064,729.0
11:07:24,6967.38,6945.0,140.7174,614.0
11:07:24,6967.38,6950.0,1243.0114,752.0
11:07:24,6967.38,6955.0,80.9529,370.0
11:07:24,6967.38,6960.0,461.7879,788.0
11:07:24,6967.38,6965.0,-292.7358,1270.0
11:07:24,6967.38,6970.0,402.1448,1290.0
11:07:24,6967.38,6975.0,939.4817,713.0
11:07:24,6967.38,6980.0,888.4939,724.0
11:07:24,6967.38,6985.0,-14.974,779.0
11:07:24,6967.38,6990.0,289.452,658.0
11:07:24,6967.38,6995.0,228.4769,498.0
11:07:24,6967.38,7000.0,1014.5419,2548.0
11:07:24,6967.38,7005.0,80.7042,346.0
11:07:24,6967.38,7010.0,256.0948,1232.0
11:07:24,6967.38,7015.0,39.4171,471.0
11:07:24,6967.38,7020.0,206.5178,877.0
11:07:24,6967.38,7025.0,262.7323,711.0
11:07:24,6967.38,7030.0,36.9788,354.0
11:07:24,6967.38,7035.0,67.2777,552.0
11:07:24,6967.38,7040.0,41.3767,890.0
11:09:34,6967.38,6895.0,87.7732,266.0
11:09:34,6967.38,6900.0,410.8304,1291.0
11:09:34,6967.38,6905.0,95.0971,1257.0
11:09:34,6967.38,6910.0,106.1498,678.0
11:09:34,6967.38,6915.0,89.024,570.0
11:09:34,6967.38,6920.0,424.1463,582.0
11:09:34,6967.38,6925.0,608.996,222.0
11:09:34,6967.38,6930.0,220.7739,326.0
11:09:34,6967.38,6935.0,77.8326,866.0
11:09:34,6967.38,6940.0,239.4064,755.0
11:09:34,6967.38,6945.0,140.7174,677.0
11:09:34,6967.38,6950.0,1243.0114,851.0
11:09:34,6967.38,6955.0,63.8101,426.0
11:09:34,6967.38,6960.0,468.2885,911.0
11:09:34,6967.38,6965.0,-322.2582,1356.0
11:09:34,6967.38,6970.0,391.1616,1416.0
11:09:34,6967.38,6975.0,895.4874,791.0
11:09:34,6967.38,6980.0,879.9361,805.0
11:09:34,6967.38,6985.0,-24.1516,867.0
11:09:34,6967.38,6990.0,289.452,773.0
11:09:34,6967.38,6995.0,228.4769,538.0
11:09:34,6967.38,7000.0,1014.5419,2982.0
11:09:34,6967.38,7005.0,68.5861,410.0
11:09:34,6967.38,7010.0,215.5947,1316.0
11:09:34,6967.38,7015.0,33.0472,527.0
11:09:34,6967.38,7020.0,172.2483,903.0
11:09:34,6967.38,7025.0,262.7323,750.0
11:09:34,6967.38,7030.0,31.3498,370.0
11:09:34,6967.38,7035.0,58.2027,566.0
11:09:34,6967.38,7040.0,34.8506,904.0
11:22:27,6967.38,6895.0,87.7732,266.0
11:22:27,6967.38,6900.0,410.8304,1291.0
11:22:27,6967.38,6905.0,95.0971,1257.0
11:22:27,6967.38,6910.0,106.1498,791.0
11:22:27,6967.38,6915.0,89.024,596.0
11:22:27,6967.38,6920.0,424.1463,613.0
11:22:27,6967.38,6925.0,608.996,233.0
11:22:27,6967.38,6930.0,220.7739,345.0
11:22:27,6967.38,6935.0,74.6427,876.0
11:22:27,6967.38,6940.0,239.4064,771.0
11:22:27,6967.38,6945.0,140.7174,699.0
11:22:27,6967.38,6950.0,1243.0114,900.0
11:22:27,6967.38,6955.0,54.7876,446.0
11:22:27,6967.38,6960.0,468.2885,945.0
11:22:27,6967.38,6965.0,-322.2582,1356.0
11:22:27,6967.38,6970.0,391.1616,1416.0
11:22:27,6967.38,6975.0,895.4874,833.0
11:22:27,6967.38,6980.0,877.4192,842.0
11:22:27,6967.38,6985.0,-28.982,903.0
11:22:27,6967.38,6990.0,289.452,795.0
11:22:27,6967.38,6995.0,228.4769,588.0
11:22:27,6967.38,7000.0,1014.5419,3102.0
11:22:27,6967.38,7005.0,68.5861,444.0
11:22:27,6967.38,7010.0,215.5947,1369.0
11:22:27,6967.38,7015.0,33.0472,536.0
11:22:27,6967.38,7020.0,172.2483,919.0
11:22:27,6967.38,7025.0,262.7323,758.0
11:22:27,6967.38,7030.0,31.3498,370.0
11:22:27,6967.38,7035.0,58.2027,566.0
11:22:27,6967.38,7040.0,34.8506,904.0
11:40:42,6967.38,6895.0,87.7732,266.0
11:40:42,6967.38,6900.0,410.8304,1291.0
11:40:42,6967.38,6905.0,95.0971,1257.0
11:40:42,6967.38,6910.0,106.1498,791.0
11:40:42,6967.38,6915.0,89.024,596.0
11:40:42,6967.38,6920.0,424.1463,613.0
11:40:42,6967.38,6925.0,608.996,233.0
11:40:42,6967.38,6930.0,220.7739,345.0
11:40:42,6967.38,6935.0,74.6427,876.0
11:40:42,6967.38,6940.0,239.4064,771.0
11:40:42,6967.38,6945.0,140.7174,699.0
11:40:42,6967.38,6950.0,1243.0114,900.0
11:40:42,6967.38,6955.0,54.7876,446.0
11:40:42,6967.38,6960.0,468.2885,945.0
11:40:42,6967.38,6965.0,-322.2582,1356.0
11:40:42,6967.38,6970.0,391.1616,1416.0
11:40:42,6967.38,6975.0,895.4874,833.0
11:40:42,6967.38,6980.0,877.4192,842.0
11:40:42,6967.38,6985.0,-28.982,903.0
11:40:42,6967.38,6990.0,289.452,795.0
11:40:42,6967.38,6995.0,228.4769,588.0
11:40:42,6967.38,7000.0,1014.5419,3102.0
11:40:42,6967.38,7005.0,68.5861,444.0
11:40:42,6967.38,7010.0,215.5947,1369.0
11:40:42,6967.38,7015.0,33.0472,536.0
11:40:42,6967.38,7020.0,172.2483,919.0
11:40:42,6967.38,7025.0,262.7323,758.0
11:40:42,6967.38,7030.0,31.3498,370.0
11:40:42,6967.38,7035.0,58.2027,566.0
11:40:42,6967.38,7040.0,34.8506,904.0
11:43:12,6967.38,6895.0,87.7732,266.0
11:43:12,6967.38,6900.0,410.8304,1291.0
11:43:12,6967.38,6905.0,95.0971,1257.0
11:43:12,6967.38,6910.0,106.1498,791.0
11:43:12,6967.38,6915.0,89.024,596.0
11:43:12,6967.38,6920.0,424.1463,613.0
11:43:12,6967.38,6925.0,608.996,233.0
11:43:12,6967.38,6930.0,220.7739,345.0
11:43:12,6967.38,6935.0,74.6427,876.0
11:43:12,6967.38,6940.0,239.4064,771.0
11:43:12,6967.38,6945.0,140.7174,699.0
11:43:12,6967.38,6950.0,1243.0114,900.0
11:43:12,6967.38,6955.0,54.7876,446.0
11:43:12,6967.38,6960.0,468.2885,945.0
11:43:12,6967.38,6965.0,-322.2582,1356.0
11:43:12,6967.38,6970.0,391.1616,1416.0
11:43:12,6967.38,6975.0,895.4874,833.0
11:43:12,6967.38,6980.0,877.4192,842.0
11:43:12,6967.38,6985.0,-28.982,903.0
11:43:12,6967.38,6990.0,289.452,795.0
11:43:12,6967.38,6995.0,228.4769,588.0
11:43:12,6967.38,7000.0,1014.5419,3102.0
11:43:12,6967.38,7005.0,68.5861,444.0
11:43:12,6967.38,7010.0,215.5947,1369.0
11:43:12,6967.38,7015.0,33.0472,536.0
11:43:12,6967.38,7020.0,172.2483,919.0
11:43:12,6967.38,7025.0,262.7323,758.0
11:43:12,6967.38,7030.0,31.3498,370.0
11:43:12,6967.38,7035.0,58.2027,566.0
11:43:12,6967.38,7040.0,34.8506,904.0
12:04:00,6967.38,6895.0,87.7732,266.0
12:04:00,6967.38,6900.0,410.8304,1291.0
12:04:00,6967.38,6905.0,95.0971,1257.0
12:04:00,6967.38,6910.0,106.1498,791.0
12:04:00,6967.38,6915.0,89.024,596.0
12:04:00,6967.38,6920.0,424.1463,613.0
12:04:00,6967.38,6925.0,608.996,233.0
12:04:00,6967.38,6930.0,220.7739,345.0
12:04:00,6967.38,6935.0,74.6427,876.0
12:04:00,6967.38,6940.0,239.4064,771.0
12:04:00,6967.38,6945.0,140.7174,699.0
12:04:00,6967.38,6950.0,1243.0114,900.0
12:04:00,6967.38,6955.0,54.7876,446.0
12:04:00,6967.38,6960.0,468.2885,945.0
12:04:00,6967.38,6965.0,-322.2582,1356.0
12:04:00,6967.38,6970.0,391.1616,1416.0
12:04:00,6967.38,6975.0,895.4874,833.0
12:04:00,6967.38,6980.0,877.4192,842.0
12:04:00,6967.38,6985.0,-28.982,903.0
12:04:00,6967.38,6990.0,289.452,795.0
12:04:00,6967.38,6995.0,228.4769,588.0
12:04:00,6967.38,7000.0,1014.5419,3102.0
12:04:00,6967.38,7005.0,68.5861,444.0
12:04:00,6967.38,7010.0,215.5947,1369.0
12:04:00,6967.38,7015.0,33.0472,536.0
12:04:00,6967.38,7020.0,172.2483,919.0
12:04:00,6967.38,7025.0,262.7323,758.0
12:04:00,6967.38,7030.0,31.3498,370.0
12:04:00,6967.38,7035.0,58.2027,566.0
12:04:00,6967.38,7040.0,34.8506,904.0
12:06:57,6967.38,6895.0,87.7732,266.0
12:06:57,6967.38,6900.0,410.8304,1291.0
12:06:57,6967.38,6905.0,95.0971,1257.0
12:06:57,6967.38,6910.0,106.1498,791.0
12:06:57,6967.38,6915.0,89.024,596.0
12:06:57,6967.38,6920.0,424.1463,613.0
12:06:57,6967.38,6925.0,608.996,233.0
12:06:57,6967.38,6930.0,220.7739,345.0
12:06:57,6967.38,6935.0,74.6427,876.0
12:06:57,6967.38,6940.0,239.4064,771.0
12:06:57,6967.38,6945.0,140.7174,699.0
12:06:57,6967.38,6950.0,1243.0114,900.0
12:06:57,6967.38,6955.0,54.7876,446.0
12:06:57,6967.38,6960.0,468.2885,945.0
12:06:57,6967.38,6965.0,-322.2582,1356.0
12:06:57,6967.38,6970.0,391.1616,1416.0
12:06:57,6967.38,6975.0,895.4874,833.0
12:06:57,6967.38,6980.0,877.4192,842.0
12:06:57,6967.38,6985.0,-28.982,903.0
12:06:57,6967.38,6990.0,289.452,795.0
12:06:57,6967.38,6995.0,228.4769,588.0
12:06:57,6967.38,7000.0,1014.5419,3102.0
12:06:57,6967.38,7005.0,68.5861,444.0
12:06:57,6967.38,7010.0,215.5947,1369.0
12:06:57,6967.38,7015.0,33.0472,536.0
12:06:57,6967.38,7020.0,172.2483,919.0
12:06:57,6967.38,7025.0,262.7323,758.0
12:06:57,6967.38,7030.0,31.3498,370.0
12:06:57,6967.38,7035.0,58.2027,566.0
12:06:57,6967.38,7040.0,34.8506,904.0
12:09:21,6967.38,6895.0,87.7732,303.0
12:09:21,6967.38,6900.0,410.8304,1431.0
12:09:21,6967.38,6905.0,95.0971,1411.0
12:09:21,6967.38,6910.0,106.1498,791.0
12:09:21,6967.38,6915.0,89.024,596.0
12:09:21,6967.38,6920.0,424.1463,613.0
12:09:21,6967.38,6925.0,608.996,233.0
12:09:21,6967.38,6930.0,220.7739,345.0
12:09:21,6967.38,6935.0,74.6427,876.0
12:09:21,6967.38,6940.0,239.4064,771.0
12:09:21,6967.38,6945.0,140.7174,699.0
12:09:21,6967.38,6950.0,1243.0114,900.0
12:09:21,6967.38,6955.0,54.7876,446.0
12:09:21,6967.38,6960.0,468.2885,945.0
12:09:21,6967.38,6965.0,-432.9727,1808.0
12:09:21,6967.38,6970.0,391.1616,1749.0
12:09:21,6967.38,6975.0,895.4874,833.0
12:09:21,6967.38,6980.0,877.4192,842.0
12:09:21,6967.38,6985.0,-28.982,903.0
12:09:21,6967.38,6990.0,289.452,795.0
12:09:21,6967.38,6995.0,228.4769,588.0
12:09:21,6967.38,7000.0,1014.5419,3102.0
12:09:21,6967.38,7005.0,68.5861,444.0
12:09:21,6967.38,7010.0,215.5947,1369.0
12:09:21,6967.38,7015.0,33.0472,536.0
12:09:21,6967.38,7020.0,172.2483,919.0
12:09:21,6967.38,7025.0,262.7323,758.0
12:09:21,6967.38,7030.0,31.3498,390.0
12:09:21,6967.38,7035.0,59.7561,581.0
12:09:21,6967.38,7040.0,34.8506,988.0
12:11:30,6967.38,6895.0,83.2171,303.0
12:11:30,6967.38,6900.0,391.0486,1435.0
12:11:30,6967.38,6905.0,94.6814,1422.0
12:11:30,6967.38,6910.0,106.1498,838.0
12:11:30,6967.38,6915.0,89.024,648.0
12:11:30,6967.38,6920.0,424.1463,693.0
12:11:30,6967.38,6925.0,608.996,265.0
12:11:30,6967.38,6930.0,221.5724,381.0
12:11:30,6967.38,6935.0,63.4803,933.0
12:11:30,6967.38,6940.0,262.4944,845.0
12:11:30,6967.38,6945.0,153.8665,919.0
12:11:30,6967.38,6950.0,1337.0,1012.0
12:11:30,6967.38,6955.0,49.1536,509.0
12:11:30,6967.38,6960.0,488.2292,1137.0
12:11:30,6967.38,6965.0,-454.8564,1818.0
12:11:30,6967.38,6970.0,409.0804,1754.0
12:11:30,6967.38,6975.0,936.4031,935.0
12:11:30,6967.38,6980.0,855.5722,991.0
12:11:30,6967.38,6985.0,-41.9658,976.0
12:11:30,6967.38,6990.0,273.5166,903.0
12:11:30,6967.38,6995.0,209.7685,757.0
12:11:30,6967.38,7000.0,902.4641,3512.0
12:11:30,6967.38,7005.0,68.5861,518.0
12:11:30,6967.38,7010.0,215.5947,1499.0
12:11:30,6967.38,7015.0,33.0472,589.0
12:11:30,6967.38,7020.0,172.2483,1011.0
12:11:30,6967.38,7025.0,262.7323,816.0
12:11:30,6967.38,7030.0,28.6676,390.0
12:11:30,6967.38,7035.0,53.4807,581.0
12:11:30,6967.38,7040.0,30.712,988.0
12:13:40,6967.38,6895.0,83.2171,303.0
12:13:40,6967.38,6900.0,391.0486,1447.0
12:13:40,6967.38,6905.0,104.3825,1423.0
12:13:40,6967.38,6910.0,104.9064,838.0
12:13:40,6967.38,6915.0,100.9141,652.0
12:13:40,6967.38,6920.0,472.8077,694.0
12:13:40,6967.38,6925.0,680.4898,266.0
12:13:40,6967.38,6930.0,221.5724,382.0
12:13:40,6967.38,6935.0,63.4803,933.0
12:13:40,6967.38,6940.0,262.4944,848.0
12:13:40,6967.38,6945.0,153.8665,917.0
12:13:40,6967.38,6950.0,1337.0,1013.0
12:13:40,6967.38,6955.0,49.4329,510.0
12:13:40,6967.38,6960.0,487.419,1142.0
12:13:40,6967.38,6965.0,-465.8833,1845.0
12:13:40,6967.38,6970.0,407.8537,1760.0
12:13:40,6967.38,6975.0,934.4844,950.0
12:13:40,6967.38,6980.0,855.0794,992.0
12:13:40,6967.38,6985.0,-41.9658,979.0
12:13:40,6967.38,6990.0,273.5166,904.0
12:13:40,6967.38,6995.0,209.8004,758.0
12:13:40,6967.38,7000.0,902.4641,3511.0
12:13:40,6967.38,7005.0,69.0379,518.0
12:13:40,6967.38,7010.0,219.4638,1501.0
12:13:40,6967.38,7015.0,32.9165,592.0
12:13:40,6967.38,7020.0,167.2347,1011.0
12:13:40,6967.38,7025.0,208.3147,819.0
12:13:40,6967.38,7030.0,28.6676,390.0
12:13:40,6967.38,7035.0,53.4807,581.0
12:13:40,6967.38,7040.0,30.712,988.0
12:15:50,6967.38,6895.0,85.8954,304.0
12:15:50,6967.38,6900.0,405.5503,1452.0
12:15:50,6967.38,6905.0,108.9021,1424.0
12:15:50,6967.38,6910.0,104.9064,838.0
12:15:50,6967.38,6915.0,100.9141,651.0
12:15:50,6967.38,6920.0,472.8077,697.0
12:15:50,6967.38,6925.0,695.1433,265.0
12:15:50,6967.38,6930.0,227.2241,382.0
12:15:50,6967.38,6935.0,65.9283,934.0
12:15:50,6967.38,6940.0,268.1253,846.0
12:15:50,6967.38,6945.0,158.1529,919.0
12:15:50,6967.38,6950.0,1360.2981,1015.0
12:15:50,6967.38,6955.0,48.065,514.0
12:15:50,6967.38,6960.0,489.4884,1146.0
12:15:50,6967.38,6965.0,-467.544,1858.0
12:15:50,6967.38,6970.0,403.8196,1775.0
12:15:50,6967.38,6975.0,916.2408,955.0
12:15:50,6967.38,6980.0,836.2555,996.0
12:15:50,6967.38,6985.0,-40.6213,979.0
12:15:50,6967.38,6990.0,262.6705,908.0
12:15:50,6967.38,6995.0,200.4891,763.0
12:15:50,6967.38,7000.0,871.1898,3517.0
12:15:50,6967.38,7005.0,67.1217,519.0
12:15:50,6967.38,7010.0,207.0981,1502.0
12:15:50,6967.38,7015.0,32.9165,592.0
12:15:50,6967.38,7020.0,167.2347,1012.0
12:15:50,6967.38,7025.0,208.3593,820.0
12:15:50,6967.38,7030.0,27.7513,391.0
12:15:50,6967.38,7035.0,52.2106,581.0
12:15:50,6967.38,7040.0,30.2297,988.0
12:17:59,6967.38,6895.0,85.8954,311.0
12:17:59,6967.38,6900.0,405.5503,1481.0
12:17:59,6967.38,6905.0,108.5431,1460.0
12:17:59,6967.38,6910.0,104.9064,866.0
12:17:59,6967.38,6915.0,110.4918,678.0
12:17:59,6967.38,6920.0,529.1536,719.0
12:17:59,6967.38,6925.0,752.1493,294.0
12:17:59,6967.38,6930.0,242.7189,393.0
12:17:59,6967.38,6935.0,62.6427,949.0
12:17:59,6967.38,6940.0,268.0501,859.0
12:17:59,6967.38,6945.0,158.1529,950.0
12:17:59,6967.38,6950.0,1360.2981,1074.0
12:17:59,6967.38,6955.0,39.3259,567.0
12:17:59,6967.38,6960.0,489.4884,1195.0
12:17:59,6967.38,6965.0,-455.3931,1884.0
12:17:59,6967.38,6970.0,385.5366,1811.0
12:17:59,6967.38,6975.0,916.2408,980.0
12:17:59,6967.38,6980.0,834.8095,1017.0
12:17:59,6967.38,6985.0,-40.6213,1003.0
12:17:59,6967.38,6990.0,262.6705,936.0
12:17:59,6967.38,6995.0,178.2247,772.0
12:17:59,6967.38,7000.0,765.0453,3569.0
12:17:59,6967.38,7005.0,58.6402,531.0
12:17:59,6967.38,7010.0,180.4356,1560.0
12:17:59,6967.38,7015.0,27.5523,597.0
12:17:59,6967.38,7020.0,167.2347,1020.0
12:17:59,6967.38,7025.0,208.3593,834.0
12:17:59,6967.38,7030.0,27.7513,391.0
12:17:59,6967.38,7035.0,52.2106,581.0
12:17:59,6967.38,7040.0,30.2297,988.0
12:20:09,6967.38,6895.0,85.8954,313.0
12:20:09,6967.38,6900.0,405.5503,1489.0
12:20:09,6967.38,6905.0,118.2795,1575.0
12:20:09,6967.38,6910.0,118.6276,878.0
12:20:09,6967.38,6915.0,110.4918,679.0
12:20:09,6967.38,6920.0,529.1536,725.0
12:20:09,6967.38,6925.0,752.1493,295.0
12:20:09,6967.38,6930.0,242.7189,397.0
12:20:09,6967.38,6935.0,59.5434,958.0
12:20:09,6967.38,6940.0,284.0422,863.0
12:20:09,6967.38,6945.0,164.4069,956.0
12:20:09,6967.38,6950.0,1403.1263,1076.0
12:20:09,6967.38,6955.0,38.3397,578.0
12:20:09,6967.38,6960.0,486.6418,1212.0
12:20:09,6967.38,6965.0,-463.6527,1890.0
12:20:09,6967.38,6970.0,391.7304,1831.0
12:20:09,6967.38,6975.0,874.7055,985.0
12:20:09,6967.38,6980.0,779.6335,1020.0
12:20:09,6967.38,6985.0,-37.2122,1006.0
12:20:09,6967.38,6990.0,243.8732,937.0
12:20:09,6967.38,6995.0,179.8368,776.0
12:20:09,6967.38,7000.0,788.5706,3623.0
12:20:09,6967.38,7005.0,58.6402,538.0
12:20:09,6967.38,7010.0,180.4356,1560.0
12:20:09,6967.38,7015.0,27.5523,600.0
12:20:09,6967.38,7020.0,156.2425,1021.0
12:20:09,6967.38,7025.0,194.6177,836.0
12:20:09,6967.38,7030.0,27.7513,393.0
12:20:09,6967.38,7035.0,52.2106,581.0
12:20:09,6967.38,7040.0,30.2297,996.0
12:22:18,6967.38,6895.0,95.6675,337.0
12:22:18,6967.38,6900.0,440.5459,1529.0
12:22:18,6967.38,6905.0,122.2932,1592.0
12:22:18,6967.38,6910.0,120.3153,909.0
12:22:18,6967.38,6915.0,117.9964,698.0
12:22:18,6967.38,6920.0,540.1243,734.0
12:22:18,6967.38,6925.0,764.8678,301.0
12:22:18,6967.38,6930.0,244.6115,401.0
12:22:18,6967.38,6935.0,58.747,963.0
12:22:18,6967.38,6940.0,284.0245,866.0
12:22:18,6967.38,6945.0,164.4069,973.0
12:22:18,6967.38,6950.0,1388.8143,1092.0
12:22:18,6967.38,6955.0,37.8482,585.0
12:22:18,6967.38,6960.0,481.2391,1231.0
12:22:18,6967.38,6965.0,-458.8224,1894.0
12:22:18,6967.38,6970.0,385.1147,1840.0
12:22:18,6967.38,6975.0,858.8502,1007.0
12:22:18,6967.38,6980.0,765.6289,1038.0
12:22:18,6967.38,6985.0,-37.2122,1011.0
12:22:18,6967.38,6990.0,236.737,941.0
12:22:18,6967.38,6995.0,174.827,784.0
12:22:18,6967.38,7000.0,731.9695,3661.0
12:22:18,6967.38,7005.0,53.8896,547.0
12:22:18,6967.38,7010.0,165.8051,1563.0
12:22:18,6967.38,7015.0,27.0361,601.0
12:22:18,6967.38,7020.0,145.2301,1021.0
12:22:18,6967.38,7025.0,179.3965,837.0
12:22:18,6967.38,7030.0,24.8381,397.0
12:22:18,6967.38,7035.0,46.1693,581.0
12:22:18,6967.38,7040.0,26.6987,997.0
12:24:28,6967.38,6895.0,104.4416,345.0
12:24:28,6967.38,6900.0,482.7115,1570.0
12:24:28,6967.38,6905.0,127.2501,1611.0
12:24:28,6967.38,6910.0,124.2507,930.0
12:24:28,6967.38,6915.0,118.5236,710.0
12:24:28,6967.38,6920.0,551.3722,780.0
12:24:28,6967.38,6925.0,778.6292,307.0
12:24:28,6967.38,6930.0,244.5599,407.0
12:24:28,6967.38,6935.0,56.8146,969.0
12:24:28,6967.38,6940.0,284.0245,877.0
12:24:28,6967.38,6945.0,164.4069,976.0
12:24:28,6967.38,6950.0,1388.8143,1153.0
12:24:28,6967.38,6955.0,35.3905,593.0
12:24:28,6967.38,6960.0,474.1779,1254.0
12:24:28,6967.38,6965.0,-449.6358,1911.0
12:24:28,6967.38,6970.0,372.4189,1853.0
12:24:28,6967.38,6975.0,829.6961,1019.0
12:24:28,6967.38,6980.0,765.6289,1045.0
12:24:28,6967.38,6985.0,-57.4721,1068.0
12:24:28,6967.38,6990.0,236.737,950.0
12:24:28,6967.38,6995.0,174.827,810.0
12:24:28,6967.38,7000.0,731.9695,3750.0
12:24:28,6967.38,7005.0,53.8865,557.0
12:24:28,6967.38,7010.0,169.8662,1582.0
12:24:28,6967.38,7015.0,26.1985,603.0
12:24:28,6967.38,7020.0,134.4511,1032.0
12:24:28,6967.38,7025.0,168.3529,837.0
12:24:28,6967.38,7030.0,23.4555,399.0
12:24:28,6967.38,7035.0,45.0156,582.0
12:24:28,6967.38,7040.0,26.1138,1000.0
12:26:37,6967.38,6895.0,104.4416,383.0
12:26:37,6967.38,6900.0,482.7115,1607.0
12:26:37,6967.38,6905.0,129.4233,1632.0
12:26:37,6967.38,6910.0,125.6682,962.0
12:26:37,6967.38,6915.0,119.1984,725.0
12:26:37,6967.38,6920.0,553.7783,809.0
12:26:37,6967.38,6925.0,797.1879,315.0
12:26:37,6967.38,6930.0,254.4666,417.0
12:26:37,6967.38,6935.0,57.6915,970.0
12:26:37,6967.38,6940.0,284.1265,882.0
12:26:37,6967.38,6945.0,161.912,986.0
12:26:37,6967.38,6950.0,1385.6921,1207.0
12:26:37,6967.38,6955.0,25.6949,613.0
12:26:37,6967.38,6960.0,472.9825,1270.0
12:26:37,6967.38,6965.0,-482.5432,1992.0
12:26:37,6967.38,6970.0,369.6886,1934.0
12:26:37,6967.38,6975.0,830.134,1021.0
12:26:37,6967.38,6980.0,734.3964,1061.0
12:26:37,6967.38,6985.0,-54.443,1086.0
12:26:37,6967.38,6990.0,222.9378,968.0
12:26:37,6967.38,6995.0,164.2599,823.0
12:26:37,6967.38,7000.0,702.1847,3789.0
12:26:37,6967.38,7005.0,53.6919,561.0
12:26:37,6967.38,7010.0,166.2083,1631.0
12:26:37,6967.38,7015.0,25.1635,610.0
12:26:37,6967.38,7020.0,130.4362,1039.0
12:26:37,6967.38,7025.0,162.8272,838.0
12:26:37,6967.38,7030.0,23.4555,399.0
12:26:37,6967.38,7035.0,45.0156,582.0
12:26:37,6967.38,7040.0,26.1138,1000.0
12:28:47,6967.38,6895.0,107.0457,396.0
12:28:47,6967.38,6900.0,496.9285,1627.0
12:28:47,6967.38,6905.0,130.8565,1663.0
12:28:47,6967.38,6910.0,127.4073,972.0
12:28:47,6967.38,6915.0,119.1295,728.0
12:28:47,6967.38,6920.0,553.7783,829.0
12:28:47,6967.38,6925.0,797.1879,337.0
12:28:47,6967.38,6930.0,254.4666,422.0
12:28:47,6967.38,6935.0,55.7021,975.0
12:28:47,6967.38,6940.0,288.7574,892.0
12:28:47,6967.38,6945.0,164.5051,993.0
12:28:47,6967.38,6950.0,1400.0169,1225.0
12:28:47,6967.38,6955.0,-4.8166,682.0
12:28:47,6967.38,6960.0,471.6688,1276.0
12:28:47,6967.38,6965.0,-481.6987,1998.0
12:28:47,6967.38,6970.0,366.3569,1942.0
12:28:47,6967.38,6975.0,805.272,1022.0
12:28:47,6967.38,6980.0,720.5974,1075.0
12:28:47,6967.38,6985.0,-52.9837,1088.0
12:28:47,6967.38,6990.0,213.4687,968.0
12:28:47,6967.38,6995.0,164.2599,830.0
12:28:47,6967.38,7000.0,702.1847,3812.0
12:28:47,6967.38,7005.0,53.6919,573.0
12:28:47,6967.38,7010.0,166.2083,1650.0
12:28:47,6967.38,7015.0,25.1635,611.0
12:28:47,6967.38,7020.0,128.7085,1041.0
12:28:47,6967.38,7025.0,160.5132,840.0
12:28:47,6967.38,7030.0,22.0953,405.0
12:28:47,6967.38,7035.0,41.0177,582.0
12:28:47,6967.38,7040.0,23.5613,1009.0
12:30:56,6967.38,6895.0,-85.4384,407.0
12:30:56,6967.38,6900.0,466.3193,1654.0
12:30:56,6967.38,6905.0,-126.0478,1675.0
12:30:56,6967.38,6910.0,-173.387,981.0
12:30:56,6967.38,6915.0,-238.5856,737.0
12:30:56,6967.38,6920.0,-149.8603,859.0
12:30:56,6967.38,6925.0,255.959,343.0
12:30:56,6967.38,6930.0,14.3206,424.0
12:30:56,6967.38,6935.0,278.9084,980.0
12:30:56,6967.38,6940.0,116.8578,953.0
12:30:56,6967.38,6945.0,423.5895,1001.0
12:30:56,6967.38,6950.0,666.6747,1246.0
12:30:56,6967.38,6955.0,280.805,702.0
12:30:56,6967.38,6960.0,348.1213,1288.0
12:30:56,6967.38,6965.0,1226.4388,2115.0
12:30:56,6967.38,6970.0,691.9266,1943.0
12:30:56,6967.38,6975.0,1298.3222,1033.0
12:30:56,6967.38,6980.0,1210.154,1077.0
12:30:56,6967.38,6985.0,1076.7044,1090.0
12:30:56,6967.38,6990.0,698.5339,969.0
12:30:56,6967.38,6995.0,469.3568,839.0
12:30:56,6967.38,7000.0,389.2065,3837.0
12:30:56,6967.38,7005.0,1019.4783,585.0
12:30:56,6967.38,7010.0,161.4918,1652.0
12:30:56,6967.38,7015.0,534.7253,616.0
12:30:56,6967.38,7020.0,466.7967,1063.0
12:30:56,6967.38,7025.0,1503.0529,840.0
12:30:56,6967.38,7030.0,640.4127,405.0
12:30:56,6967.38,7035.0,507.3257,582.0
12:30:56,6967.38,7040.0,23.8439,1009.0
12:33:06,6967.38,6895.0,-85.4384,419.0
12:33:06,6967.38,6900.0,-645.7513,1671.0
12:33:06,6967.38,6905.0,-116.6537,1682.0
12:33:06,6967.38,6910.0,-165.3715,990.0
12:33:06,6967.38,6915.0,-190.8574,739.0
12:33:06,6967.38,6920.0,-145.9652,867.0
12:33:06,6967.38,6925.0,250.104,345.0
12:33:06,6967.38,6930.0,14.1345,425.0
12:33:06,6967.38,6935.0,271.941,983.0
12:33:06,6967.38,6940.0,115.3725,990.0
12:33:06,6967.38,6945.0,1.3372,1002.0
12:33:06,6967.38,6950.0,667.0705,1257.0
12:33:06,6967.38,6955.0,23.8452,711.0
12:33:06,6967.38,6960.0,348.0334,1399.0
12:33:06,6967.38,6965.0,1224.6345,2069.0
12:33:06,6967.38,6970.0,697.4789,1949.0
12:33:06,6967.38,6975.0,1314.5417,1035.0
12:33:06,6967.38,6980.0,1263.781,1080.0
12:33:06,6967.38,6985.0,1131.8727,1093.0
12:33:06,6967.38,6990.0,742.56,979.0
12:33:06,6967.38,6995.0,470.6596,850.0
12:33:06,6967.38,7000.0,1842.1381,3878.0
12:33:06,6967.38,7005.0,1039.2603,587.0
12:33:06,6967.38,7010.0,550.2562,1660.0
12:33:06,6967.38,7015.0,561.5723,617.0
12:33:06,6967.38,7020.0,473.6489,1065.0
12:33:06,6967.38,7025.0,1534.8879,840.0
12:33:06,6967.38,7030.0,640.4127,405.0
12:33:06,6967.38,7035.0,507.3257,583.0
12:33:06,6967.38,7040.0,137.2068,1036.0
12:35:15,6967.38,6895.0,-90.3329,425.0
12:35:15,6967.38,6900.0,-677.3147,1697.0
12:35:15,6967.38,6905.0,-126.5116,1698.0
12:35:15,6967.38,6910.0,-176.0908,995.0
12:35:15,6967.38,6915.0,-190.8574,741.0
12:35:15,6967.38,6920.0,-125.6984,915.0
12:35:15,6967.38,6925.0,257.2655,355.0
12:35:15,6967.38,6930.0,14.6329,430.0
12:35:15,6967.38,6935.0,283.997,985.0
12:35:15,6967.38,6940.0,119.4871,999.0
12:35:15,6967.38,6945.0,1.3675,1005.0
12:35:15,6967.38,6950.0,674.2523,1272.0
12:35:15,6967.38,6955.0,23.776,721.0
12:35:15,6967.38,6960.0,343.2274,1406.0
12:35:15,6967.38,6965.0,1196.3367,2100.0
12:35:15,6967.38,6970.0,667.7894,1964.0
12:35:15,6967.38,6975.0,1246.5784,1043.0
12:35:15,6967.38,6980.0,1181.2651,1086.0
12:35:15,6967.38,6985.0,1045.2204,1094.0
12:35:15,6967.38,6990.0,671.9486,988.0
12:35:15,6967.38,6995.0,426.2187,870.0
12:35:15,6967.38,7000.0,1682.7042,3909.0
12:35:15,6967.38,7005.0,972.6224,591.0
12:35:15,6967.38,7010.0,507.7656,1662.0
12:35:15,6967.38,7015.0,561.5723,619.0
12:35:15,6967.38,7020.0,473.6489,1072.0
12:35:15,6967.38,7025.0,1413.308,843.0
12:35:15,6967.38,7030.0,622.3161,407.0
12:35:15,6967.38,7035.0,489.1365,583.0
12:35:15,6967.38,7040.0,133.7646,1032.0
12:37:25,6967.38,6895.0,-90.3329,430.0
12:37:25,6967.38,6900.0,-677.3147,1709.0
12:37:25,6967.38,6905.0,-122.1372,1703.0
12:37:25,6967.38,6910.0,-170.1384,998.0
12:37:25,6967.38,6915.0,-201.792,742.0
12:37:25,6967.38,6920.0,-125.6984,920.0
12:37:25,6967.38,6925.0,257.2655,355.0
12:37:25,6967.38,6930.0,14.6329,437.0
12:37:25,6967.38,6935.0,283.997,988.0
12:37:25,6967.38,6940.0,119.4871,1002.0
12:37:25,6967.38,6945.0,1.3675,1004.0
12:37:25,6967.38,6950.0,674.2523,1276.0
12:37:25,6967.38,6955.0,23.776,735.0
12:37:25,6967.38,6960.0,340.0428,1414.0
12:37:25,6967.38,6965.0,1199.4777,2107.0
12:37:25,6967.38,6970.0,672.5028,1970.0
12:37:25,6967.38,6975.0,1246.5784,1045.0
12:37:25,6967.38,6980.0,1181.2651,1087.0
12:37:25,6967.38,6985.0,1045.2204,1095.0
12:37:25,6967.38,6990.0,671.9486,989.0
12:37:25,6967.38,6995.0,426.2187,874.0
12:37:25,6967.38,7000.0,1682.7042,3928.0
12:37:25,6967.38,7005.0,972.6224,596.0
12:37:25,6967.38,7010.0,507.7656,1680.0
12:37:25,6967.38,7015.0,561.6948,624.0
12:37:25,6967.38,7020.0,434.2928,1072.0
12:37:25,6967.38,7025.0,1415.4651,843.0
12:37:25,6967.38,7030.0,622.3161,408.0
12:37:25,6967.38,7035.0,489.1365,583.0
12:37:25,6967.38,7040.0,133.7646,1043.0
12:39:34,6967.38,6895.0,-90.3329,439.0
12:39:34,6967.38,6900.0,-677.3147,1719.0
12:39:34,6967.38,6905.0,-120.3284,1815.0
12:39:34,6967.38,6910.0,-167.82,999.0
12:39:34,6967.38,6915.0,-201.792,757.0
12:39:34,6967.38,6920.0,-153.3157,932.0
12:39:34,6967.38,6925.0,253.4177,360.0
12:39:34,6967.38,6930.0,14.4843,442.0
12:39:34,6967.38,6935.0,273.5642,997.0
12:39:34,6967.38,6940.0,115.5873,1006.0
12:39:34,6967.38,6945.0,1.3324,1007.0
12:39:34,6967.38,6950.0,665.5935,1302.0
12:39:34,6967.38,6955.0,23.7372,737.0
12:39:34,6967.38,6960.0,346.1086,1422.0
12:39:34,6967.38,6965.0,1216.272,2133.0
12:39:34,6967.38,6970.0,692.5445,1970.0
12:39:34,6967.38,6975.0,1305.7844,1046.0
12:39:34,6967.38,6980.0,1249.1484,1090.0
12:39:34,6967.38,6985.0,1115.6784,1101.0
12:39:34,6967.38,6990.0,723.837,998.0
12:39:34,6967.38,6995.0,453.8566,877.0
12:39:34,6967.38,7000.0,1807.0959,3930.0
12:39:34,6967.38,7005.0,997.7001,598.0
12:39:34,6967.38,7010.0,508.9126,1687.0
12:39:34,6967.38,7015.0,502.0641,630.0
12:39:34,6967.38,7020.0,435.4465,1072.0
12:39:34,6967.38,7025.0,1570.1599,844.0
12:39:34,6967.38,7030.0,622.3161,409.0
12:39:34,6967.38,7035.0,489.1365,583.0
12:39:34,6967.38,7040.0,133.7646,1043.0
12:41:44,6967.38,6895.0,-83.4034,446.0
12:41:44,6967.38,6900.0,-629.1631,1733.0
12:41:44,6967.38,6905.0,-120.3284,1826.0
12:41:44,6967.38,6910.0,-167.82,1028.0
12:41:44,6967.38,6915.0,-195.3286,761.0
12:41:44,6967.38,6920.0,-149.4745,939.0
12:41:44,6967.38,6925.0,247.6345,361.0
12:41:44,6967.38,6930.0,13.9923,457.0
12:41:44,6967.38,6935.0,273.5642,1000.0
12:41:44,6967.38,6940.0,115.5873,1027.0
12:41:44,6967.38,6945.0,1.3324,1009.0
12:41:44,6967.38,6950.0,665.5935,1330.0
12:41:44,6967.38,6955.0,23.7372,745.0
12:41:44,6967.38,6960.0,341.8893,1432.0
12:41:44,6967.38,6965.0,1227.5229,2138.0
12:41:44,6967.38,6970.0,692.5445,1976.0
12:41:44,6967.38,6975.0,1322.8373,1050.0
12:41:44,6967.38,6980.0,1249.1484,1094.0
12:41:44,6967.38,6985.0,1115.6784,1103.0
12:41:44,6967.38,6990.0,723.837,1005.0
12:41:44,6967.38,6995.0,453.8566,885.0
12:41:44,6967.38,7000.0,1807.0959,3939.0
12:41:44,6967.38,7005.0,1047.0946,605.0
12:41:44,6967.38,7010.0,564.9858,1686.0
12:41:44,6967.38,7015.0,555.7747,630.0
12:41:44,6967.38,7020.0,482.5417,1075.0
12:41:44,6967.38,7025.0,1570.1599,1102.0
12:41:44,6967.38,7030.0,696.7411,410.0
12:41:44,6967.38,7035.0,549.3003,591.0
12:41:44,6967.38,7040.0,150.9463,1043.0
12:43:54,6967.38,6895.0,-74.9648,479.0
12:43:54,6967.38,6900.0,-564.7507,1921.0
12:43:54,6967.38,6905.0,-135.3848,1837.0
12:43:54,6967.38,6910.0,-150.593,1043.0
12:43:54,6967.38,6915.0,-159.6744,769.0
12:43:54,6967.38,6920.0,-105.2966,952.0
12:43:54,6967.38,6925.0,247.6345,366.0
12:43:54,6967.38,6930.0,13.9923,460.0
12:43:54,6967.38,6935.0,273.5642,1003.0
12:43:54,6967.38,6940.0,115.5873,1060.0
12:43:54,6967.38,6945.0,1.3324,1011.0
12:43:54,6967.38,6950.0,665.5935,1336.0
12:43:54,6967.38,6955.0,23.7372,756.0
12:43:54,6967.38,6960.0,350.3902,1564.0
12:43:54,6967.38,6965.0,1252.9791,2151.0
12:43:54,6967.38,6970.0,727.009,1990.0
12:43:54,6967.38,6975.0,1393.4865,1072.0
12:43:54,6967.38,6980.0,1249.1484,1130.0
12:43:54,6967.38,6985.0,1115.6784,1105.0
12:43:54,6967.38,6990.0,723.837,1013.0
12:43:54,6967.38,6995.0,453.8566,890.0
12:43:54,6967.38,7000.0,1807.0959,4006.0
12:43:54,6967.38,7005.0,1047.0946,609.0
12:43:54,6967.38,7010.0,564.9858,1688.0
12:43:54,6967.38,7015.0,633.6126,630.0
12:43:54,6967.38,7020.0,582.4937,1078.0
12:43:54,6967.38,7025.0,1889.8046,1106.0
12:43:54,6967.38,7030.0,774.1006,410.0
12:43:54,6967.38,7035.0,606.941,591.0
12:43:54,6967.38,7040.0,165.7563,1046.0
12:46:03,6967.38,6895.0,-73.336,488.0
12:46:03,6967.38,6900.0,-566.2345,1975.0
12:46:03,6967.38,6905.0,-106.3707,1857.0
12:46:03,6967.38,6910.0,-146.8581,1052.0
12:46:03,6967.38,6915.0,-173.1091,779.0
12:46:03,6967.38,6920.0,-132.1761,958.0
12:46:03,6967.38,6925.0,236.2817,379.0
12:46:03,6967.38,6930.0,12.9584,464.0
12:46:03,6967.38,6935.0,260.1584,1007.0
12:46:03,6967.38,6940.0,110.9543,1075.0
12:46:03,6967.38,6945.0,1.2988,1065.0
12:46:03,6967.38,6950.0,652.9757,1365.0
12:46:03,6967.38,6955.0,22.3431,763.0
12:46:03,6967.38,6960.0,351.8196,1574.0
12:46:03,6967.38,6965.0,1268.1735,2193.0
12:46:03,6967.38,6970.0,740.768,2004.0
12:46:03,6967.38,6975.0,1435.477,1112.0
12:46:03,6967.38,6980.0,1352.5646,1146.0
12:46:03,6967.38,6985.0,1239.09,1119.0
12:46:03,6967.38,6990.0,801.6374,1014.0
12:46:03,6967.38,6995.0,532.681,901.0
12:46:03,6967.38,7000.0,2106.0344,4027.0
12:46:03,6967.38,7005.0,1216.716,619.0
12:46:03,6967.38,7010.0,675.6245,1729.0
12:46:03,6967.38,7015.0,674.0076,633.0
12:46:03,6967.38,7020.0,589.2487,1085.0
12:46:03,6967.38,7025.0,1863.5265,1109.0
12:46:03,6967.38,7030.0,813.8302,410.0
12:46:03,6967.38,7035.0,637.4731,591.0
12:46:03,6967.38,7040.0,173.8664,1046.0
12:48:13,6967.38,6895.0,-73.6234,493.0
12:48:13,6967.38,6900.0,-549.618,1994.0
12:48:13,6967.38,6905.0,-103.4565,1865.0
12:48:13,6967.38,6910.0,-147.8064,1061.0
12:48:13,6967.38,6915.0,-166.3619,781.0
12:48:13,6967.38,6920.0,-131.8262,977.0
12:48:13,6967.38,6925.0,224.2824,381.0
12:48:13,6967.38,6930.0,12.8188,464.0
12:48:13,6967.38,6935.0,251.2284,1011.0
12:48:13,6967.38,6940.0,108.0992,1077.0
12:48:13,6967.38,6945.0,1.2729,1068.0
12:48:13,6967.38,6950.0,645.4058,1374.0
12:48:13,6967.38,6955.0,23.641,768.0
12:48:13,6967.38,6960.0,351.9504,1611.0
12:48:13,6967.38,6965.0,1265.5843,2210.0
12:48:13,6967.38,6970.0,735.6142,2015.0
12:48:13,6967.38,6975.0,1418.8867,1118.0
12:48:13,6967.38,6980.0,1392.3021,1156.0
12:48:13,6967.38,6985.0,1274.8188,1131.0
12:48:13,6967.38,6990.0,841.0791,1027.0
12:48:13,6967.38,6995.0,544.4076,945.0
12:48:13,6967.38,7000.0,2135.0927,4071.0
12:48:13,6967.38,7005.0,1279.239,625.0
12:48:13,6967.38,7010.0,672.0875,1754.0
12:48:13,6967.38,7015.0,674.0076,636.0
12:48:13,6967.38,7020.0,588.4886,1086.0
12:48:13,6967.38,7025.0,1982.5132,1115.0
12:48:13,6967.38,7030.0,840.6603,411.0
12:48:13,6967.38,7035.0,654.1422,591.0
12:48:13,6967.38,7040.0,176.8094,1047.0
12:50:22,6967.38,6895.0,-74.5729,506.0
12:50:22,6967.38,6900.0,-563.6905,1998.0
12:50:22,6967.38,6905.0,-106.1706,1868.0
12:50:22,6967.38,6910.0,-149.9003,1063.0
12:50:22,6967.38,6915.0,-172.7002,782.0
12:50:22,6967.38,6920.0,-132.7183,981.0
12:50:22,6967.38,6925.0,225.1316,384.0
12:50:22,6967.38,6930.0,12.9194,465.0
12:50:22,6967.38,6935.0,255.9468,1011.0
12:50:22,6967.38,6940.0,109.4376,1100.0
12:50:22,6967.38,6945.0,1.289,1070.0
12:50:22,6967.38,6950.0,651.7544,1376.0
12:50:22,6967.38,6955.0,23.641,771.0
12:50:22,6967.38,6960.0,351.9504,1615.0
12:50:22,6967.38,6965.0,1277.4418,2216.0
12:50:22,6967.38,6970.0,735.6142,2026.0
12:50:22,6967.38,6975.0,1418.8867,1120.0
12:50:22,6967.38,6980.0,1382.2635,1160.0
12:50:22,6967.38,6985.0,1259.0574,1138.0
12:50:22,6967.38,6990.0,828.4456,1030.0
12:50:22,6967.38,6995.0,534.9687,946.0
12:50:22,6967.38,7000.0,2129.8649,4107.0
12:50:22,6967.38,7005.0,1244.6783,631.0
12:50:22,6967.38,7010.0,661.4427,1774.0
12:50:22,6967.38,7015.0,662.1324,638.0
12:50:22,6967.38,7020.0,580.794,1089.0
12:50:22,6967.38,7025.0,1916.3584,1115.0
12:50:22,6967.38,7030.0,816.4779,412.0
12:50:22,6967.38,7035.0,640.3177,594.0
12:50:22,6967.38,7040.0,174.4961,1047.0
12:52:32,6967.38,6895.0,-74.5729,506.0
12:52:32,6967.38,6900.0,-563.6905,2013.0
12:52:32,6967.38,6905.0,-108.3746,1873.0
12:52:32,6967.38,6910.0,-152.5451,1067.0
12:52:32,6967.38,6915.0,-176.9587,788.0
12:52:32,6967.38,6920.0,-132.7183,984.0
12:52:32,6967.38,6925.0,225.1316,388.0
12:52:32,6967.38,6930.0,12.9194,466.0
12:52:32,6967.38,6935.0,255.9468,1014.0
12:52:32,6967.38,6940.0,109.4376,1132.0
12:52:32,6967.38,6945.0,1.289,1111.0
12:52:32,6967.38,6950.0,651.7544,1377.0
12:52:32,6967.38,6955.0,36.1741,790.0
12:52:32,6967.38,6960.0,358.4936,1621.0
12:52:32,6967.38,6965.0,1282.4394,2244.0
12:52:32,6967.38,6970.0,739.3347,2032.0
12:52:32,6967.38,6975.0,1411.9403,1137.0
12:52:32,6967.38,6980.0,1382.2635,1197.0
12:52:32,6967.38,6985.0,1259.0574,1152.0
12:52:32,6967.38,6990.0,828.4456,1038.0
12:52:32,6967.38,6995.0,534.9687,956.0
12:52:32,6967.38,7000.0,2129.8649,4192.0
12:52:32,6967.38,7005.0,1244.6783,633.0
12:52:32,6967.38,7010.0,661.4427,1782.0
12:52:32,6967.38,7015.0,662.1712,640.0
12:52:32,6967.38,7020.0,566.6861,1091.0
12:52:32,6967.38,7025.0,1840.4371,1115.0
12:52:32,6967.38,7030.0,816.4779,413.0
12:52:32,6967.38,7035.0,640.3177,594.0
12:52:32,6967.38,7040.0,174.4961,1047.0
12:54:42,6967.38,6895.0,-70.1334,510.0
12:54:42,6967.38,6900.0,-551.5774,2041.0
12:54:42,6967.38,6905.0,-108.3746,1889.0
12:54:42,6967.38,6910.0,-152.5451,1077.0
12:54:42,6967.38,6915.0,-176.9587,794.0
12:54:42,6967.38,6920.0,-124.5568,992.0
12:54:42,6967.38,6925.0,232.8718,396.0
12:54:42,6967.38,6930.0,13.305,473.0
12:54:42,6967.38,6935.0,260.5991,1016.0
12:54:42,6967.38,6940.0,112.3614,1137.0
12:54:42,6967.38,6945.0,1.3176,1129.0
12:54:42,6967.38,6950.0,625.6027,1398.0
12:54:42,6967.38,6955.0,24.0368,813.0
12:54:42,6967.38,6960.0,359.5949,1643.0
12:54:42,6967.38,6965.0,1294.3041,2290.0
12:54:42,6967.38,6970.0,755.5475,2046.0
12:54:42,6967.38,6975.0,1457.5884,1144.0
12:54:42,6967.38,6980.0,1421.5044,1238.0
12:54:42,6967.38,6985.0,1298.0448,1168.0
12:54:42,6967.38,6990.0,816.5758,1038.0
12:54:42,6967.38,6995.0,524.1753,960.0
12:54:42,6967.38,7000.0,2044.4368,4202.0
12:54:42,6967.38,7005.0,1198.1718,644.0
12:54:42,6967.38,7010.0,641.1424,1782.0
12:54:42,6967.38,7015.0,662.1712,641.0
12:54:42,6967.38,7020.0,566.6861,1092.0
12:54:42,6967.38,7025.0,1840.4371,1118.0
12:54:42,6967.38,7030.0,844.2969,413.0
12:54:42,6967.38,7035.0,664.8258,594.0
12:54:42,6967.38,7040.0,181.4067,1050.0
12:56:51,6967.38,6895.0,-74.302,510.0
12:56:51,6967.38,6900.0,-560.2011,2047.0
12:56:51,6967.38,6905.0,-105.636,1891.0
12:56:51,6967.38,6910.0,-154.5896,1080.0
12:56:51,6967.38,6915.0,-173.4111,796.0
12:56:51,6967.38,6920.0,-134.0386,995.0
12:56:51,6967.38,6925.0,230.5631,397.0
12:56:51,6967.38,6930.0,13.2404,486.0
12:56:51,6967.38,6935.0,260.339,1025.0
12:56:51,6967.38,6940.0,112.6452,1140.0
12:56:51,6967.38,6945.0,1.3354,1129.0
12:56:51,6967.38,6950.0,680.6886,1400.0
12:56:51,6967.38,6955.0,24.625,814.0
12:56:51,6967.38,6960.0,368.6697,1645.0
12:56:51,6967.38,6965.0,1323.3986,2300.0
12:56:51,6967.38,6970.0,767.4963,2061.0
12:56:51,6967.38,6975.0,1467.0103,1153.0
12:56:51,6967.38,6980.0,1429.9496,1238.0
12:56:51,6967.38,6985.0,1280.455,1180.0
12:56:51,6967.38,6990.0,842.1748,1043.0
12:56:51,6967.38,6995.0,538.8246,961.0
12:56:51,6967.38,7000.0,2076.2687,4209.0
12:56:51,6967.38,7005.0,1225.4433,656.0
12:56:51,6967.38,7010.0,639.6796,1786.0
12:56:51,6967.38,7015.0,635.6425,645.0
12:56:51,6967.38,7020.0,555.1145,1095.0
12:56:51,6967.38,7025.0,1840.2236,1146.0
12:56:51,6967.38,7030.0,790.9302,413.0
12:56:51,6967.38,7035.0,619.801,594.0
12:56:51,6967.38,7040.0,168.7706,1050.0
12:59:01,6967.38,6895.0,-74.302,510.0
12:59:01,6967.38,6900.0,-560.2011,2051.0
12:59:01,6967.38,6905.0,-104.1,1900.0
12:59:01,6967.38,6910.0,-146.6155,1085.0
12:59:01,6967.38,6915.0,-170.7747,802.0
12:59:01,6967.38,6920.0,-132.8366,1003.0
12:59:01,6967.38,6925.0,230.5631,396.0
12:59:01,6967.38,6930.0,13.2404,487.0
12:59:01,6967.38,6935.0,260.339,1024.0
12:59:01,6967.38,6940.0,112.6452,1143.0
12:59:01,6967.38,6945.0,1.3354,1143.0
12:59:01,6967.38,6950.0,680.6886,1404.0
12:59:01,6967.38,6955.0,24.625,814.0
12:59:01,6967.38,6960.0,367.961,1647.0
12:59:01,6967.38,6965.0,1330.0989,2304.0
12:59:01,6967.38,6970.0,771.3779,2063.0
12:59:01,6967.38,6975.0,1481.8545,1156.0
12:59:01,6967.38,6980.0,1429.9496,1238.0
12:59:01,6967.38,6985.0,1280.455,1181.0
12:59:01,6967.38,6990.0,842.1748,1044.0
12:59:01,6967.38,6995.0,538.8246,960.0
12:59:01,6967.38,7000.0,2076.2687,4215.0
12:59:01,6967.38,7005.0,1225.4433,658.0
12:59:01,6967.38,7010.0,639.6796,1787.0
12:59:01,6967.38,7015.0,683.5717,654.0
12:59:01,6967.38,7020.0,601.9734,1095.0
12:59:01,6967.38,7025.0,1895.5686,1150.0
12:59:01,6967.38,7030.0,790.9302,413.0
12:59:01,6967.38,7035.0,619.801,594.0
12:59:01,6967.38,7040.0,168.7706,1050.0
13:01:10,6967.38,6895.0,-70.8757,512.0
13:01:10,6967.38,6900.0,-539.1837,2069.0
13:01:10,6967.38,6905.0,-99.8833,1918.0
13:01:10,6967.38,6910.0,-146.6155,1088.0
13:01:10,6967.38,6915.0,-170.7747,803.0
13:01:10,6967.38,6920.0,-132.8366,1004.0
13:01:10,6967.38,6925.0,225.6025,401.0
13:01:10,6967.38,6930.0,12.767,488.0
13:01:10,6967.38,6935.0,254.9085,1026.0
13:01:10,6967.38,6940.0,109.5681,1142.0
13:01:10,6967.38,6945.0,1.298,1141.0
13:01:10,6967.38,6950.0,661.9665,1425.0
13:01:10,6967.38,6955.0,24.4637,816.0
13:01:10,6967.38,6960.0,368.0549,1647.0
13:01:10,6967.38,6965.0,1330.0869,2307.0
13:01:10,6967.38,6970.0,776.1313,2065.0
13:01:10,6967.38,6975.0,1495.7077,1170.0
13:01:10,6967.38,6980.0,1456.5012,1240.0
13:01:10,6967.38,6985.0,1338.6247,1183.0
13:01:10,6967.38,6990.0,880.4669,1048.0
13:01:10,6967.38,6995.0,559.5721,969.0
13:01:10,6967.38,7000.0,2207.7369,4226.0
13:01:10,6967.38,7005.0,1248.2546,661.0
13:01:10,6967.38,7010.0,662.8491,1791.0
13:01:10,6967.38,7015.0,683.5717,655.0
13:01:10,6967.38,7020.0,601.9734,1096.0
13:01:10,6967.38,7025.0,1895.5686,1173.0
13:01:10,6967.38,7030.0,849.1022,413.0
13:01:10,6967.38,7035.0,666.6215,594.0
13:01:10,6967.38,7040.0,181.896,1053.0
13:03:20,6967.38,6895.0,-68.8243,514.0
13:03:20,6967.38,6900.0,-526.7647,2086.0
13:03:20,6967.38,6905.0,-94.7787,1921.0
13:03:20,6967.38,6910.0,-150.8492,1096.0
13:03:20,6967.38,6915.0,-164.0936,820.0
13:03:20,6967.38,6920.0,-128.8702,1009.0
13:03:20,6967.38,6925.0,214.1886,407.0
13:03:20,6967.38,6930.0,23.2652,493.0
13:03:20,6967.38,6935.0,257.597,1027.0
13:03:20,6967.38,6940.0,109.6921,1146.0
13:03:20,6967.38,6945.0,1.9015,1157.0
13:03:20,6967.38,6950.0,656.9461,1439.0
13:03:20,6967.38,6955.0,24.3607,829.0
13:03:20,6967.38,6960.0,367.3205,1655.0
13:03:20,6967.38,6965.0,1331.7233,2318.0
13:03:20,6967.38,6970.0,783.2879,2072.0
13:03:20,6967.38,6975.0,1525.2221,1190.0
13:03:20,6967.38,6980.0,1477.6398,1245.0
13:03:20,6967.38,6985.0,1365.9608,1203.0
13:03:20,6967.38,6990.0,879.8129,1052.0
13:03:20,6967.38,6995.0,568.7045,981.0
13:03:20,6967.38,7000.0,2215.2076,4235.0
13:03:20,6967.38,7005.0,1319.4613,669.0
13:03:20,6967.38,7010.0,689.4736,1802.0
13:03:20,6967.38,7015.0,703.2344,655.0
13:03:20,6967.38,7020.0,616.99,1123.0
13:03:20,6967.38,7025.0,1895.5686,1222.0
13:03:20,6967.38,7030.0,866.27,435.0
13:03:20,6967.38,7035.0,682.4821,594.0
13:03:20,6967.38,7040.0,187.0946,1055.0
13:05:30,6967.38,6895.0,-68.8243,523.0
13:05:30,6967.38,6900.0,-526.7647,2094.0
13:05:30,6967.38,6905.0,-98.4505,1926.0
13:05:30,6967.38,6910.0,-142.4313,1100.0
13:05:30,6967.38,6915.0,-164.0936,822.0
13:05:30,6967.38,6920.0,-128.8702,1014.0
13:05:30,6967.38,6925.0,214.1886,407.0
13:05:30,6967.38,6930.0,12.3968,493.0
13:05:30,6967.38,6935.0,252.9655,1027.0
13:05:30,6967.38,6940.0,109.6921,1147.0
13:05:30,6967.38,6945.0,1.296,1158.0
13:05:30,6967.38,6950.0,656.9461,1442.0
13:05:30,6967.38,6955.0,24.3607,832.0
13:05:30,6967.38,6960.0,366.2579,1657.0
13:05:30,6967.38,6965.0,1330.9012,2341.0
13:05:30,6967.38,6970.0,782.6952,2078.0
13:05:30,6967.38,6975.0,1515.8009,1202.0
13:05:30,6967.38,6980.0,1477.6398,1247.0
13:05:30,6967.38,6985.0,1365.9608,1205.0
13:05:30,6967.38,6990.0,879.8225,1058.0
13:05:30,6967.38,6995.0,568.3133,987.0
13:05:30,6967.38,7000.0,2213.913,4241.0
13:05:30,6967.38,7005.0,1319.4613,669.0
13:05:30,6967.38,7010.0,689.4736,1803.0
13:05:30,6967.38,7015.0,703.2344,657.0
13:05:30,6967.38,7020.0,616.99,1124.0
13:05:30,6967.38,7025.0,2041.8823,1225.0
13:05:30,6967.38,7030.0,866.27,437.0
13:05:30,6967.38,7035.0,682.4821,594.0
13:05:30,6967.38,7040.0,187.0946,1055.0
13:07:39,6967.38,6895.0,-71.6478,524.0
13:07:39,6967.38,6900.0,-544.6551,2103.0
13:07:39,6967.38,6905.0,-98.4505,1931.0
13:07:39,6967.38,6910.0,-139.8608,1114.0
13:07:39,6967.38,6915.0,-162.2289,826.0
13:07:39,6967.38,6920.0,-126.0788,1027.0
13:07:39,6967.38,6925.0,225.4248,410.0
13:07:39,6967.38,6930.0,12.8889,493.0
13:07:39,6967.38,6935.0,256.1332,1029.0
13:07:39,6967.38,6940.0,110.5124,1147.0
13:07:39,6967.38,6945.0,1.3091,1158.0
13:07:39,6967.38,6950.0,669.3488,1443.0
13:07:39,6967.38,6955.0,16.4848,836.0
13:07:39,6967.38,6960.0,368.201,1662.0
13:07:39,6967.38,6965.0,1330.5464,2397.0
13:07:39,6967.38,6970.0,777.8393,2088.0
13:07:39,6967.38,6975.0,1516.3057,1215.0
13:07:39,6967.38,6980.0,1469.3639,1249.0
13:07:39,6967.38,6985.0,1327.2519,1222.0
13:07:39,6967.38,6990.0,871.9045,1059.0
13:07:39,6967.38,6995.0,556.3827,992.0
13:07:39,6967.38,7000.0,2164.2897,4264.0
13:07:39,6967.38,7005.0,1256.465,672.0
13:07:39,6967.38,7010.0,665.3638,1805.0
13:07:39,6967.38,7015.0,712.4256,659.0
13:07:39,6967.38,7020.0,624.423,1127.0
13:07:39,6967.38,7025.0,2041.8823,1243.0
13:07:39,6967.38,7030.0,824.8633,437.0
13:07:39,6967.38,7035.0,646.4639,594.0
13:07:39,6967.38,7040.0,175.6466,1055.0
13:09:49,6967.38,6895.0,-68.7341,526.0
13:09:49,6967.38,6900.0,-527.2632,2105.0
13:09:49,6967.38,6905.0,-100.0195,1933.0
13:09:49,6967.38,6910.0,-143.5669,1117.0
13:09:49,6967.38,6915.0,-160.053,826.0
13:09:49,6967.38,6920.0,-134.8619,1029.0
13:09:49,6967.38,6925.0,225.4248,412.0
13:09:49,6967.38,6930.0,12.8889,493.0
13:09:49,6967.38,6935.0,256.1332,1028.0
13:09:49,6967.38,6940.0,110.5124,1146.0
13:09:49,6967.38,6945.0,1.3091,1159.0
13:09:49,6967.38,6950.0,669.3488,1450.0
13:09:49,6967.38,6955.0,23.92,837.0
13:09:49,6967.38,6960.0,368.201,1666.0
13:09:49,6967.38,6965.0,1334.4276,2405.0
13:09:49,6967.38,6970.0,777.5366,2094.0
13:09:49,6967.38,6975.0,1517.1677,1221.0
13:09:49,6967.38,6980.0,1469.3639,1250.0
13:09:49,6967.38,6985.0,1327.2519,1223.0
13:09:49,6967.38,6990.0,871.9045,1099.0
13:09:49,6967.38,6995.0,556.3827,999.0
13:09:49,6967.38,7000.0,2164.2897,4271.0
13:09:49,6967.38,7005.0,1256.465,674.0
13:09:49,6967.38,7010.0,665.3638,1805.0
13:09:49,6967.38,7015.0,708.3514,659.0
13:09:49,6967.38,7020.0,624.423,1128.0
13:09:49,6967.38,7025.0,2062.1411,1247.0
13:09:49,6967.38,7030.0,887.7149,437.0
13:09:49,6967.38,7035.0,693.689,594.0
13:09:49,6967.38,7040.0,187.8132,1055.0
13:12:00,6967.38,6895.0,-68.7341,526.0
13:12:00,6967.38,6900.0,-527.2632,2127.0
13:12:00,6967.38,6905.0,-93.9386,1945.0
13:12:00,6967.38,6910.0,-136.004,1134.0
13:12:00,6967.38,6915.0,-164.8699,838.0
13:12:00,6967.38,6920.0,-141.2612,1037.0
13:12:00,6967.38,6925.0,209.4792,417.0
13:12:00,6967.38,6930.0,12.025,499.0
13:12:00,6967.38,6935.0,240.3811,1032.0
13:12:00,6967.38,6940.0,105.5982,1150.0
13:12:00,6967.38,6945.0,1.2584,1166.0
13:12:00,6967.38,6950.0,649.8416,1462.0
13:12:00,6967.38,6955.0,23.8828,841.0
13:12:00,6967.38,6960.0,365.602,1682.0
13:12:00,6967.38,6965.0,1341.553,2415.0
13:12:00,6967.38,6970.0,789.3941,2121.0
13:12:00,6967.38,6975.0,1534.4088,1229.0
13:12:00,6967.38,6980.0,1528.4406,1252.0
13:12:00,6967.38,6985.0,1394.1558,1229.0
13:12:00,6967.38,6990.0,927.9124,1121.0
13:12:00,6967.38,6995.0,602.2023,1009.0
13:12:00,6967.38,7000.0,2410.8206,4530.0
13:12:00,6967.38,7005.0,1399.3033,685.0
13:12:00,6967.38,7010.0,735.9882,1887.0
13:12:00,6967.38,7015.0,708.3514,661.0
13:12:00,6967.38,7020.0,625.0949,1130.0
13:12:00,6967.38,7025.0,2197.5992,1250.0
13:12:00,6967.38,7030.0,887.7149,437.0
13:12:00,6967.38,7035.0,693.689,594.0
13:12:00,6967.38,7040.0,187.8132,1056.0
13:14:09,6967.38,6895.0,-64.6972,526.0
13:14:09,6967.38,6900.0,-495.1485,2138.0
13:14:09,6967.38,6905.0,-93.9386,1952.0
13:14:09,6967.38,6910.0,-135.0372,1137.0
13:14:09,6967.38,6915.0,-155.7565,839.0
13:14:09,6967.38,6920.0,-122.0019,1039.0
13:14:09,6967.38,6925.0,211.1307,416.0
13:14:09,6967.38,6930.0,12.0107,501.0
13:14:09,6967.38,6935.0,239.5073,1036.0
13:14:09,6967.38,6940.0,104.4272,1153.0
13:14:09,6967.38,6945.0,1.2478,1169.0
13:14:09,6967.38,6950.0,648.1108,1463.0
13:14:09,6967.38,6955.0,21.1954,842.0
13:14:09,6967.38,6960.0,364.4771,1686.0
13:14:09,6967.38,6965.0,1336.8287,2416.0
13:14:09,6967.38,6970.0,786.438,2125.0
13:14:09,6967.38,6975.0,1534.4088,1237.0
13:14:09,6967.38,6980.0,1521.3421,1264.0
13:14:09,6967.38,6985.0,1391.3071,1230.0
13:14:09,6967.38,6990.0,923.0747,1120.0
13:14:09,6967.38,6995.0,609.5556,1015.0
13:14:09,6967.38,7000.0,2411.5022,4569.0
13:14:09,6967.38,7005.0,1374.3165,688.0
13:14:09,6967.38,7010.0,741.9021,1899.0
13:14:09,6967.38,7015.0,758.8841,664.0
13:14:09,6967.38,7020.0,668.1706,1130.0
13:14:09,6967.38,7025.0,2190.2936,1255.0
13:14:09,6967.38,7030.0,944.4096,437.0
13:14:09,6967.38,7035.0,735.8724,596.0
13:14:09,6967.38,7040.0,198.3667,1057.0
13:16:19,6967.38,6895.0,-64.6864,526.0
13:16:19,6967.38,6900.0,-497.0725,2139.0
13:16:19,6967.38,6905.0,-94.2813,1956.0
13:16:19,6967.38,6910.0,-138.3378,1140.0
13:16:19,6967.38,6915.0,-158.2115,841.0
13:16:19,6967.38,6920.0,-123.9606,1040.0
13:16:19,6967.38,6925.0,211.1307,418.0
13:16:19,6967.38,6930.0,12.0107,503.0
13:16:19,6967.38,6935.0,239.5073,1037.0
13:16:19,6967.38,6940.0,104.4272,1154.0
13:16:19,6967.38,6945.0,1.2478,1179.0
13:16:19,6967.38,6950.0,648.1108,1485.0
13:16:19,6967.38,6955.0,24.2126,846.0
13:16:19,6967.38,6960.0,365.4065,1717.0
13:16:19,6967.38,6965.0,1345.2743,2417.0
13:16:19,6967.38,6970.0,792.383,2136.0
13:16:19,6967.38,6975.0,1532.8857,1256.0
13:16:19,6967.38,6980.0,1510.3892,1264.0
13:16:19,6967.38,6985.0,1391.3071,1233.0
13:16:19,6967.38,6990.0,923.0747,1122.0
13:16:19,6967.38,6995.0,609.5556,1020.0
13:16:19,6967.38,7000.0,2411.5022,4579.0
13:16:19,6967.38,7005.0,1374.3165,689.0
13:16:19,6967.38,7010.0,741.9021,1911.0
13:16:19,6967.38,7015.0,739.4166,667.0
13:16:19,6967.38,7020.0,652.4217,1131.0
13:16:19,6967.38,7025.0,2146.6205,1261.0
13:16:19,6967.38,7030.0,909.6881,437.0
13:16:19,6967.38,7035.0,708.7495,596.0
13:16:19,6967.38,7040.0,191.6941,1058.0
13:18:28,6967.38,6895.0,-64.6864,526.0
13:18:28,6967.38,6900.0,-497.0725,2144.0
13:18:28,6967.38,6905.0,-99.9743,1959.0
13:18:28,6967.38,6910.0,-142.5637,1142.0
13:18:28,6967.38,6915.0,-158.2115,842.0
13:18:28,6967.38,6920.0,-111.9586,1054.0
13:18:28,6967.38,6925.0,221.2999,420.0
13:18:28,6967.38,6930.0,12.7284,502.0
13:18:28,6967.38,6935.0,252.394,1037.0
13:18:28,6967.38,6940.0,109.7364,1155.0
13:18:28,6967.38,6945.0,1.2992,1185.0
13:18:28,6967.38,6950.0,668.5667,1514.0
13:18:28,6967.38,6955.0,24.6226,849.0
13:18:28,6967.38,6960.0,370.338,1724.0
13:18:28,6967.38,6965.0,1342.0036,2421.0
13:18:28,6967.38,6970.0,788.3531,2146.0
13:18:28,6967.38,6975.0,1519.3941,1269.0
13:18:28,6967.38,6980.0,1481.8817,1274.0
13:18:28,6967.38,6985.0,1356.7508,1234.0
13:18:28,6967.38,6990.0,892.1494,1124.0
13:18:28,6967.38,6995.0,569.7922,1026.0
13:18:28,6967.38,7000.0,2228.8419,4604.0
13:18:28,6967.38,7005.0,1291.7669,692.0
13:18:28,6967.38,7010.0,687.6643,1917.0
13:18:28,6967.38,7015.0,739.4166,669.0
13:18:28,6967.38,7020.0,652.8834,1133.0
13:18:28,6967.38,7025.0,2027.2715,1265.0
13:18:28,6967.38,7030.0,909.6881,437.0
13:18:28,6967.38,7035.0,708.7495,596.0
13:18:28,6967.38,7040.0,191.6941,1070.0
13:21:00,6967.38,6895.0,-64.6864,526.0
13:21:00,6967.38,6900.0,-497.0725,2144.0
13:21:00,6967.38,6905.0,-99.9743,1959.0
13:21:00,6967.38,6910.0,-142.5637,1142.0
13:21:00,6967.38,6915.0,-158.2115,842.0
13:21:00,6967.38,6920.0,-111.9586,1054.0
13:21:00,6967.38,6925.0,221.2999,420.0
13:21:00,6967.38,6930.0,12.7284,502.0
13:21:00,6967.38,6935.0,252.394,1037.0
13:21:00,6967.38,6940.0,109.7364,1155.0
13:21:00,6967.38,6945.0,1.2992,1185.0
13:21:00,6967.38,6950.0,668.5667,1514.0
13:21:00,6967.38,6955.0,24.6226,849.0
13:21:00,6967.38,6960.0,370.338,1724.0
13:21:00,6967.38,6965.0,1342.0036,2421.0
13:21:00,6967.38,6970.0,788.3531,2146.0
13:21:00,6967.38,6975.0,1519.3941,1269.0
13:21:00,6967.38,6980.0,1481.8817,1274.0
13:21:00,6967.38,6985.0,1356.7508,1234.0
13:21:00,6967.38,6990.0,892.1494,1124.0
13:21:00,6967.38,6995.0,569.7922,1026.0
13:21:00,6967.38,7000.0,2228.8419,4604.0
13:21:00,6967.38,7005.0,1291.7669,692.0
13:21:00,6967.38,7010.0,687.6643,1917.0
13:21:00,6967.38,7015.0,739.4166,669.0
13:21:00,6967.38,7020.0,654.0168,1133.0
13:21:00,6967.38,7025.0,2027.2715,1265.0
13:21:00,6967.38,7030.0,909.6881,437.0
13:21:00,6967.38,7035.0,708.7495,596.0
13:21:00,6967.38,7040.0,191.6941,1070.0
13:23:09,6967.38,6895.0,-64.6864,529.0
13:23:09,6967.38,6900.0,-497.0725,2151.0
13:23:09,6967.38,6905.0,-99.9743,1972.0
13:23:09,6967.38,6910.0,-142.5637,1154.0
13:23:09,6967.38,6915.0,-158.2115,857.0
13:23:09,6967.38,6920.0,-111.9586,1057.0
13:23:09,6967.38,6925.0,221.2999,423.0
13:23:09,6967.38,6930.0,12.7284,507.0
13:23:09,6967.38,6935.0,252.394,1037.0
13:23:09,6967.38,6940.0,109.7364,1158.0
13:23:09,6967.38,6945.0,1.2992,1191.0
13:23:09,6967.38,6950.0,668.5667,1535.0
13:23:09,6967.38,6955.0,24.6226,855.0
13:23:09,6967.38,6960.0,370.338,1730.0
13:23:09,6967.38,6965.0,1342.0036,2428.0
13:23:09,6967.38,6970.0,788.3531,2152.0
13:23:09,6967.38,6975.0,1519.3941,1278.0
13:23:09,6967.38,6980.0,1481.8817,1282.0
13:23:09,6967.38,6985.0,1356.7508,1245.0
13:23:09,6967.38,6990.0,892.1494,1128.0
13:23:09,6967.38,6995.0,569.7922,1029.0
13:23:09,6967.38,7000.0,2228.8419,4627.0
13:23:09,6967.38,7005.0,1291.7669,702.0
13:23:09,6967.38,7010.0,687.6643,1921.0
13:23:09,6967.38,7015.0,739.4166,670.0
13:23:09,6967.38,7020.0,654.0168,1136.0
13:23:09,6967.38,7025.0,2027.2715,1281.0
13:23:09,6967.38,7030.0,909.6881,440.0
13:23:09,6967.38,7035.0,708.7495,596.0
13:23:09,6967.38,7040.0,191.6941,1136.0
13:25:19,6967.38,6895.0,-64.6864,529.0
13:25:19,6967.38,6900.0,-497.0725,2155.0
13:25:19,6967.38,6905.0,-99.9743,1995.0
13:25:19,6967.38,6910.0,-142.5637,1161.0
13:25:19,6967.38,6915.0,-158.2115,862.0
13:25:19,6967.38,6920.0,-111.9586,1061.0
13:25:19,6967.38,6925.0,221.2999,424.0
13:25:19,6967.38,6930.0,12.7284,512.0
13:25:19,6967.38,6935.0,252.394,1038.0
13:25:19,6967.38,6940.0,109.7364,1159.0
13:25:19,6967.38,6945.0,1.2992,1199.0
13:25:19,6967.38,6950.0,668.5667,1543.0
13:25:19,6967.38,6955.0,24.6226,855.0
13:25:19,6967.38,6960.0,370.338,1758.0
13:25:19,6967.38,6965.0,1342.0036,2450.0
13:25:19,6967.38,6970.0,788.3531,2163.0
13:25:19,6967.38,6975.0,1519.3941,1290.0
13:25:19,6967.38,6980.0,1481.8817,1284.0
13:25:19,6967.38,6985.0,1356.7508,1255.0
13:25:19,6967.38,6990.0,892.1494,1128.0
13:25:19,6967.38,6995.0,569.7922,1037.0
13:25:19,6967.38,7000.0,2228.8419,4629.0
13:25:19,6967.38,7005.0,1291.7669,709.0
13:25:19,6967.38,7010.0,687.6643,1923.0
13:25:19,6967.38,7015.0,739.4166,670.0
13:25:19,6967.38,7020.0,654.0168,1137.0
13:25:19,6967.38,7025.0,2027.2715,1282.0
13:25:19,6967.38,7030.0,909.6881,440.0
13:25:19,6967.38,7035.0,708.7495,597.0
13:25:19,6967.38,7040.0,191.6941,1137.0
13:27:29,6967.38,6895.0,-64.6864,532.0
13:27:29,6967.38,6900.0,-497.0725,2172.0
13:27:29,6967.38,6905.0,-99.9743,2012.0
13:27:29,6967.38,6910.0,-142.5637,1169.0
13:27:29,6967.38,6915.0,-158.2115,877.0
13:27:29,6967.38,6920.0,-111.9586,1095.0
13:27:29,6967.38,6925.0,221.2999,425.0
13:27:29,6967.38,6930.0,12.7284,514.0
13:27:29,6967.38,6935.0,252.394,1040.0
13:27:29,6967.38,6940.0,109.7364,1164.0
13:27:29,6967.38,6945.0,1.2992,1203.0
13:27:29,6967.38,6950.0,668.5667,1548.0
13:27:29,6967.38,6955.0,24.6226,862.0
13:27:29,6967.38,6960.0,370.338,1760.0
13:27:29,6967.38,6965.0,1342.0036,2459.0
13:27:29,6967.38,6970.0,788.3531,2171.0
13:27:29,6967.38,6975.0,1519.3941,1300.0
13:27:29,6967.38,6980.0,1481.8817,1309.0
13:27:29,6967.38,6985.0,1356.7508,1265.0
13:27:29,6967.38,6990.0,892.1494,1133.0
13:27:29,6967.38,6995.0,569.7922,1039.0
13:27:29,6967.38,7000.0,2228.8419,4636.0
13:27:29,6967.38,7005.0,1291.7669,715.0
13:27:29,6967.38,7010.0,687.6643,1925.0
13:27:29,6967.38,7015.0,739.4166,671.0
13:27:29,6967.38,7020.0,654.0168,1142.0
13:27:29,6967.38,7025.0,2027.2715,1289.0
13:27:29,6967.38,7030.0,909.6881,440.0
13:27:29,6967.38,7035.0,708.7495,601.0
13:27:29,6967.38,7040.0,191.6941,1137.0
13:31:05,6967.38,6895.0,-64.6864,532.0
13:31:05,6967.38,6900.0,-497.0725,2172.0
13:31:05,6967.38,6905.0,-99.9743,2012.0
13:31:05,6967.38,6910.0,-142.5637,1169.0
13:31:05,6967.38,6915.0,-158.2115,877.0
13:31:05,6967.38,6920.0,-111.9586,1095.0
13:31:05,6967.38,6925.0,221.2999,425.0
13:31:05,6967.38,6930.0,12.7284,514.0
13:31:05,6967.38,6935.0,252.394,1040.0
13:31:05,6967.38,6940.0,109.7364,1164.0
13:31:05,6967.38,6945.0,1.2992,1203.0
13:31:05,6967.38,6950.0,668.5667,1548.0
13:31:05,6967.38,6955.0,24.6226,862.0
13:31:05,6967.38,6960.0,370.338,1760.0
13:31:05,6967.38,6965.0,1342.0036,2459.0
13:31:05,6967.38,6970.0,788.3531,2171.0
13:31:05,6967.38,6975.0,1519.3941,1300.0
13:31:05,6967.38,6980.0,1481.8817,1309.0
13:31:05,6967.38,6985.0,1356.7508,1265.0
13:31:05,6967.38,6990.0,892.1494,1133.0
13:31:05,6967.38,6995.0,569.7922,1039.0
13:31:05,6967.38,7000.0,2228.8419,4636.0
13:31:05,6967.38,7005.0,1291.7669,715.0
13:31:05,6967.38,7010.0,687.6643,1925.0
13:31:05,6967.38,7015.0,739.4166,671.0
13:31:05,6967.38,7020.0,654.0168,1142.0
13:31:05,6967.38,7025.0,2027.2715,1289.0
13:31:05,6967.38,7030.0,909.6881,440.0
13:31:05,6967.38,7035.0,708.7495,601.0
13:31:05,6967.38,7040.0,191.6941,1137.0
13:58:45,6967.38,6895.0,-64.6864,532.0
13:58:45,6967.38,6900.0,-497.0725,2172.0
13:58:45,6967.38,6905.0,-99.9743,2012.0
13:58:45,6967.38,6910.0,-142.5637,1169.0
13:58:45,6967.38,6915.0,-158.2115,877.0
13:58:45,6967.38,6920.0,-111.9586,1095.0
13:58:45,6967.38,6925.0,221.2999,425.0
13:58:45,6967.38,6930.0,12.7284,514.0
13:58:45,6967.38,6935.0,252.394,1040.0
13:58:45,6967.38,6940.0,109.7364,1164.0
13:58:45,6967.38,6945.0,1.2992,1203.0
13:58:45,6967.38,6950.0,668.5667,1548.0
13:58:45,6967.38,6955.0,24.6226,862.0
13:58:45,6967.38,6960.0,370.338,1760.0
13:58:45,6967.38,6965.0,1342.0036,2459.0
13:58:45,6967.38,6970.0,788.3531,2171.0
13:58:45,6967.38,6975.0,1519.3941,1300.0
13:58:45,6967.38,6980.0,1481.8817,1309.0
13:58:45,6967.38,6985.0,1356.7508,1265.0
13:58:45,6967.38,6990.0,892.1494,1133.0
13:58:45,6967.38,6995.0,569.7922,1039.0
13:58:45,6967.38,7000.0,2228.8419,4636.0
13:58:45,6967.38,7005.0,1291.7669,715.0
13:58:45,6967.38,7010.0,687.6643,1925.0
13:58:45,6967.38,7015.0,739.4166,671.0
13:58:45,6967.38,7020.0,654.0168,1142.0
13:58:45,6967.38,7025.0,2027.2715,1289.0
13:58:45,6967.38,7030.0,909.6881,440.0
13:58:45,6967.38,7035.0,708.7495,601.0
13:58:45,6967.38,7040.0,191.6941,1137.0
14:03:02,6967.38,6895.0,-64.6864,532.0
14:03:02,6967.38,6900.0,-497.0725,2172.0
14:03:02,6967.38,6905.0,-99.9743,2012.0
14:03:02,6967.38,6910.0,-142.5637,1169.0
14:03:02,6967.38,6915.0,-158.2115,877.0
14:03:02,6967.38,6920.0,-111.9586,1095.0
14:03:02,6967.38,6925.0,221.2999,425.0
14:03:02,6967.38,6930.0,12.7284,514.0
14:03:02,6967.38,6935.0,252.394,1040.0
14:03:02,6967.38,6940.0,109.7364,1164.0
14:03:02,6967.38,6945.0,1.2992,1203.0
14:03:02,6967.38,6950.0,668.5667,1548.0
14:03:02,6967.38,6955.0,24.6226,862.0
14:03:02,6967.38,6960.0,370.338,1760.0
14:03:02,6967.38,6965.0,1342.0036,2459.0
14:03:02,6967.38,6970.0,788.3531,2171.0
14:03:02,6967.38,6975.0,1519.3941,1300.0
14:03:02,6967.38,6980.0,1481.8817,1309.0
14:03:02,6967.38,6985.0,1356.7508,1265.0
14:03:02,6967.38,6990.0,892.1494,1133.0
14:03:02,6967.38,6995.0,569.7922,1039.0
14:03:02,6967.38,7000.0,2228.8419,4636.0
14:03:02,6967.38,7005.0,1291.7669,715.0
14:03:02,6967.38,7010.0,687.6643,1925.0
14:03:02,6967.38,7015.0,739.4166,671.0
14:03:02,6967.38,7020.0,654.0168,1142.0
14:03:02,6967.38,7025.0,2027.2715,1289.0
14:03:02,6967.38,7030.0,909.6881,440.0
14:03:02,6967.38,7035.0,708.7495,601.0
14:03:02,6967.38,7040.0,191.6941,1137.0
14:22:54,6967.38,6895.0,-64.6864,532.0
14:22:54,6967.38,6900.0,-497.0725,2172.0
14:22:54,6967.38,6905.0,-99.9743,2012.0
14:22:54,6967.38,6910.0,-142.5637,1169.0
14:22:54,6967.38,6915.0,-158.2115,877.0
14:22:54,6967.38,6920.0,-111.9586,1095.0
14:22:54,6967.38,6925.0,221.2999,425.0
14:22:54,6967.38,6930.0,12.7284,514.0
14:22:54,6967.38,6935.0,252.394,1040.0
14:22:54,6967.38,6940.0,109.7364,1164.0
14:22:54,6967.38,6945.0,1.2992,1203.0
14:22:54,6967.38,6950.0,668.5667,1548.0
14:22:54,6967.38,6955.0,24.6226,862.0
14:22:54,6967.38,6960.0,370.338,1760.0
14:22:54,6967.38,6965.0,1342.0036,2459.0
14:22:54,6967.38,6970.0,788.3531,2171.0
14:22:54,6967.38,6975.0,1519.3941,1300.0
14:22:54,6967.38,6980.0,1481.8817,1309.0
14:22:54,6967.38,6985.0,1356.7508,1265.0
14:22:54,6967.38,6990.0,892.1494,1133.0
14:22:54,6967.38,6995.0,569.7922,1039.0
14:22:54,6967.38,7000.0,2228.8419,4636.0
14:22:54,6967.38,7005.0,1291.7669,715.0
14:22:54,6967.38,7010.0,687.6643,1925.0
14:22:54,6967.38,7015.0,739.4166,671.0
14:22:54,6967.38,7020.0,654.0168,1142.0
14:22:54,6967.38,7025.0,2027.2715,1289.0
14:22:54,6967.38,7030.0,909.6881,440.0
14:22:54,6967.38,7035.0,708.7495,601.0
14:22:54,6967.38,7040.0,191.6941,1137.0
14:25:04,6967.38,6895.0,-57.6294,574.0
14:25:04,6967.38,6900.0,-476.0153,2695.0
14:25:04,6967.38,6905.0,-99.9743,2015.0
14:25:04,6967.38,6910.0,-142.5637,1169.0
14:25:04,6967.38,6915.0,-158.2115,1136.0
14:25:04,6967.38,6920.0,-111.9586,1096.0
14:25:04,6967.38,6925.0,221.2999,495.0
14:25:04,6967.38,6930.0,12.1838,754.0
14:25:04,6967.38,6935.0,243.3725,1429.0
14:25:04,6967.38,6940.0,107.0239,1908.0
14:25:04,6967.38,6945.0,1.2834,1419.0
14:25:04,6967.38,6950.0,696.478,1985.0
14:25:04,6967.38,6955.0,24.6226,1088.0
14:25:04,6967.38,6960.0,370.338,1999.0
14:25:04,6967.38,6965.0,1342.0036,3235.0
14:25:04,6967.38,6970.0,788.3531,2626.0
14:25:04,6967.38,6975.0,1519.3941,1793.0
14:25:04,6967.38,6980.0,1481.8817,1612.0
14:25:04,6967.38,6985.0,1454.283,1472.0
14:25:04,6967.38,6990.0,939.1696,1476.0
14:25:04,6967.38,6995.0,609.6914,1570.0
14:25:04,6967.38,7000.0,2393.6835,5620.0
14:25:04,6967.38,7005.0,1291.7669,986.0
14:25:04,6967.38,7010.0,687.6643,1925.0
14:25:04,6967.38,7015.0,739.4166,806.0
14:25:04,6967.38,7020.0,654.0168,1142.0
14:25:04,6967.38,7025.0,2027.2715,1289.0
14:25:04,6967.38,7030.0,909.6628,616.0
14:25:04,6967.38,7035.0,708.6164,663.0
14:25:04,6967.38,7040.0,195.5461,1325.0
14:27:15,6967.38,6895.0,-61.4756,577.0
14:27:15,6967.38,6900.0,-542.493,2703.0
14:27:15,6967.38,6905.0,-93.6418,2245.0
14:27:15,6967.38,6910.0,-142.5637,1364.0
14:27:15,6967.38,6915.0,-158.2115,1139.0
14:27:15,6967.38,6920.0,-111.9586,1524.0
14:27:15,6967.38,6925.0,170.0443,497.0
14:27:15,6967.38,6930.0,11.9487,754.0
14:27:15,6967.38,6935.0,239.8246,1454.0
14:27:15,6967.38,6940.0,105.8601,1909.0
14:27:15,6967.38,6945.0,1.2598,1422.0
14:27:15,6967.38,6950.0,653.5368,1999.0
14:27:15,6967.38,6955.0,24.464,1091.0
14:27:15,6967.38,6960.0,370.338,2015.0
14:27:15,6967.38,6965.0,1342.0036,3252.0
14:27:15,6967.38,6970.0,788.3531,2637.0
14:27:15,6967.38,6975.0,1515.0279,1799.0
14:27:15,6967.38,6980.0,1572.5072,1619.0
14:27:15,6967.38,6985.0,1453.4613,1477.0
14:27:15,6967.38,6990.0,964.5547,1480.0
14:27:15,6967.38,6995.0,623.9036,1578.0
14:27:15,6967.38,7000.0,2467.2664,5672.0
14:27:15,6967.38,7005.0,1436.2298,989.0
14:27:15,6967.38,7010.0,687.6643,2173.0
14:27:15,6967.38,7015.0,739.4166,830.0
14:27:15,6967.38,7020.0,654.0168,1691.0
14:27:15,6967.38,7025.0,2027.09,1547.0
14:27:15,6967.38,7030.0,844.864,619.0
14:27:15,6967.38,7035.0,743.6232,666.0
14:27:15,6967.38,7040.0,195.5461,1400.0
14:29:25,6967.38,6895.0,-61.4756,579.0
14:29:25,6967.38,6900.0,-542.493,2704.0
14:29:25,6967.38,6905.0,-93.6418,2246.0
14:29:25,6967.38,6910.0,-132.8052,1370.0
14:29:25,6967.38,6915.0,-157.5686,1147.0
14:29:25,6967.38,6920.0,-122.8091,1526.0
14:29:25,6967.38,6925.0,216.2981,497.0
14:29:25,6967.38,6930.0,12.4982,756.0
14:29:25,6967.38,6935.0,251.7967,1456.0
14:29:25,6967.38,6940.0,108.4816,1911.0
14:29:25,6967.38,6945.0,1.3,1424.0
14:29:25,6967.38,6950.0,668.9376,2003.0
14:29:25,6967.38,6955.0,24.6526,1098.0
14:29:25,6967.38,6960.0,362.61,2017.0
14:29:25,6967.38,6965.0,1342.0036,3258.0
14:29:25,6967.38,6970.0,788.3531,2642.0
14:29:25,6967.38,6975.0,1582.0781,1800.0
14:29:25,6967.38,6980.0,1529.8255,1624.0
14:29:25,6967.38,6985.0,1396.9891,1477.0
14:29:25,6967.38,6990.0,918.4004,1481.0
14:29:25,6967.38,6995.0,598.9354,1582.0
14:29:25,6967.38,7000.0,2285.6043,5712.0
14:29:25,6967.38,7005.0,1337.2205,993.0
14:29:25,6967.38,7010.0,732.2948,2175.0
14:29:25,6967.38,7015.0,723.7188,832.0
14:29:25,6967.38,7020.0,628.3486,1695.0
14:29:25,6967.38,7025.0,2040.7768,1549.0
14:29:25,6967.38,7030.0,844.864,720.0
14:29:25,6967.38,7035.0,743.6232,667.0
14:29:25,6967.38,7040.0,195.5461,1427.0
14:31:35,6967.38,6895.0,-66.0496,579.0
14:31:35,6967.38,6900.0,-507.2497,2732.0
14:31:35,6967.38,6905.0,-96.9982,2246.0
14:31:35,6967.38,6910.0,-137.0183,1372.0
14:31:35,6967.38,6915.0,-159.5468,1148.0
14:31:35,6967.38,6920.0,-124.325,1529.0
14:31:35,6967.38,6925.0,210.7863,500.0
14:31:35,6967.38,6930.0,12.4982,756.0
14:31:35,6967.38,6935.0,251.7967,1458.0
14:31:35,6967.38,6940.0,108.4816,1912.0
14:31:35,6967.38,6945.0,1.3,1424.0
14:31:35,6967.38,6950.0,668.9376,2009.0
14:31:35,6967.38,6955.0,24.6526,1098.0
14:31:35,6967.38,6960.0,362.61,2019.0
14:31:35,6967.38,6965.0,1342.0036,3260.0
14:31:35,6967.38,6970.0,788.3531,2656.0
14:31:35,6967.38,6975.0,1582.0781,1802.0
14:31:35,6967.38,6980.0,1529.8255,1628.0
14:31:35,6967.38,6985.0,1396.9891,1478.0
14:31:35,6967.38,6990.0,918.4004,1482.0
14:31:35,6967.38,6995.0,598.9354,1584.0
14:31:35,6967.38,7000.0,2285.6043,5730.0
14:31:35,6967.38,7005.0,1379.1274,994.0
14:31:35,6967.38,7010.0,727.0731,2177.0
14:31:35,6967.38,7015.0,693.5434,850.0
14:31:35,6967.38,7020.0,601.3108,1695.0
14:31:35,6967.38,7025.0,1936.22,1551.0
14:31:35,6967.38,7030.0,840.7491,726.0
14:31:35,6967.38,7035.0,653.0504,667.0
14:31:35,6967.38,7040.0,179.8004,1427.0
14:33:44,6967.38,6895.0,-62.7145,581.0
14:33:44,6967.38,6900.0,-482.6697,2737.0
14:33:44,6967.38,6905.0,-92.4825,2251.0
14:33:44,6967.38,6910.0,-137.0183,1374.0
14:33:44,6967.38,6915.0,-159.5468,1151.0
14:33:44,6967.38,6920.0,-136.8828,1534.0
14:33:44,6967.38,6925.0,205.1771,500.0
14:33:44,6967.38,6930.0,12.0859,756.0
14:33:44,6967.38,6935.0,243.5614,1461.0
14:33:44,6967.38,6940.0,106.1221,1913.0
14:33:44,6967.38,6945.0,1.2675,1426.0
14:33:44,6967.38,6950.0,656.5132,2027.0
14:33:44,6967.38,6955.0,24.333,1108.0
14:33:44,6967.38,6960.0,372.0735,2023.0
14:33:44,6967.38,6965.0,1368.9288,3262.0
14:33:44,6967.38,6970.0,812.1121,2666.0
14:33:44,6967.38,6975.0,1586.4932,1810.0
14:33:44,6967.38,6980.0,1582.3847,1640.0
14:33:44,6967.38,6985.0,1451.641,1482.0
14:33:44,6967.38,6990.0,959.4434,1528.0
14:33:44,6967.38,6995.0,615.5899,1586.0
14:33:44,6967.38,7000.0,2411.0902,5737.0
14:33:44,6967.38,7005.0,1407.239,996.0
14:33:44,6967.38,7010.0,742.3192,2180.0
14:33:44,6967.38,7015.0,693.5434,850.0
14:33:44,6967.38,7020.0,601.3108,1696.0
14:33:44,6967.38,7025.0,1936.22,1554.0
14:33:44,6967.38,7030.0,875.7918,730.0
14:33:44,6967.38,7035.0,683.6128,667.0
14:33:44,6967.38,7040.0,183.1611,1427.0
14:38:57,6967.38,6895.0,-32.7291,596.0
14:38:57,6967.38,6900.0,-291.9614,2757.0
14:38:57,6967.38,6905.0,-87.5525,2266.0
14:38:57,6967.38,6910.0,-124.0523,1386.0
14:38:57,6967.38,6915.0,-143.892,1167.0
14:38:57,6967.38,6920.0,-112.8833,1551.0
14:38:57,6967.38,6925.0,195.2617,504.0
14:38:57,6967.38,6930.0,11.2581,772.0
14:38:57,6967.38,6935.0,277.6168,1477.0
14:38:57,6967.38,6940.0,109.7028,1926.0
14:38:57,6967.38,6945.0,1.3127,1442.0
14:38:57,6967.38,6950.0,671.0744,2082.0
14:38:57,6967.38,6955.0,24.1109,1114.0
14:38:57,6967.38,6960.0,373.6423,2036.0
14:38:57,6967.38,6965.0,1372.228,3286.0
14:38:57,6967.38,6970.0,824.1607,2714.0
14:38:57,6967.38,6975.0,1477.1401,1831.0
14:38:57,6967.38,6980.0,1463.4599,1689.0
14:38:57,6967.38,6985.0,1354.8612,1489.0
14:38:57,6967.38,6990.0,911.6438,1543.0
14:38:57,6967.38,6995.0,603.0414,1622.0
14:38:57,6967.38,7000.0,2640.4745,5781.0
14:38:57,6967.38,7005.0,1554.4106,1003.0
14:38:57,6967.38,7010.0,785.0078,2184.0
14:38:57,6967.38,7015.0,774.7982,1454.0
14:38:57,6967.38,7020.0,670.2619,1716.0
14:38:57,6967.38,7025.0,2134.2205,1588.0
14:38:57,6967.38,7030.0,922.3962,734.0
14:38:57,6967.38,7035.0,686.9986,667.0
14:38:57,6967.38,7040.0,173.4505,1428.0
14:39:57,6967.38,6895.0,-55.9255,598.0
14:39:57,6967.38,6900.0,-433.291,2758.0
14:39:57,6967.38,6905.0,-87.5525,2266.0
14:39:57,6967.38,6910.0,-120.8938,1387.0
14:39:57,6967.38,6915.0,-136.5622,1169.0
14:39:57,6967.38,6920.0,-107.5719,1553.0
14:39:57,6967.38,6925.0,187.7999,504.0
14:39:57,6967.38,6930.0,11.2581,775.0
14:39:57,6967.38,6935.0,277.7524,1478.0
14:39:57,6967.38,6940.0,142.0495,1929.0
14:39:57,6967.38,6945.0,1.2169,1443.0
14:39:57,6967.38,6950.0,639.3916,2087.0
14:39:57,6967.38,6955.0,24.1109,1115.0
14:39:57,6967.38,6960.0,366.1966,2041.0
14:39:57,6967.38,6965.0,1370.8578,3293.0
14:39:57,6967.38,6970.0,828.6523,2727.0
14:39:57,6967.38,6975.0,1656.619,1836.0
14:39:57,6967.38,6980.0,1464.9186,1752.0
14:39:57,6967.38,6985.0,1351.8935,1492.0
14:39:57,6967.38,6990.0,1034.9514,1544.0
14:39:57,6967.38,6995.0,603.3314,1623.0
14:39:57,6967.38,7000.0,2640.4745,5795.0
14:39:57,6967.38,7005.0,1554.4106,1004.0
14:39:57,6967.38,7010.0,810.4275,2185.0
14:39:57,6967.38,7015.0,798.2819,1455.0
14:39:57,6967.38,7020.0,687.2629,1723.0
14:39:57,6967.38,7025.0,2202.9036,1588.0
14:39:57,6967.38,7030.0,958.5833,734.0
14:39:57,6967.38,7035.0,739.6703,667.0
14:39:57,6967.38,7040.0,191.2247,1428.0
14:41:19,6967.38,6895.0,-55.9255,598.0
14:41:19,6967.38,6900.0,-433.291,2782.0
14:41:19,6967.38,6905.0,-84.8351,2267.0
14:41:19,6967.38,6910.0,-120.8938,1387.0
14:41:19,6967.38,6915.0,-132.6612,1171.0
14:41:19,6967.38,6920.0,-110.8386,1555.0
14:41:19,6967.38,6925.0,192.1196,509.0
14:41:19,6967.38,6930.0,16.4173,777.0
14:41:19,6967.38,6935.0,225.2819,1480.0
14:41:19,6967.38,6940.0,92.2159,1929.0
14:41:19,6967.38,6945.0,-3.2627,1443.0
14:41:19,6967.38,6950.0,626.084,2092.0
14:41:19,6967.38,6955.0,23.8943,1115.0
14:41:19,6967.38,6960.0,366.1966,2044.0
14:41:19,6967.38,6965.0,1376.5463,3296.0
14:41:19,6967.38,6970.0,830.3874,2742.0
14:41:19,6967.38,6975.0,1655.1773,1842.0
14:41:19,6967.38,6980.0,1659.8174,1752.0
14:41:19,6967.38,6985.0,1553.9986,1496.0
14:41:19,6967.38,6990.0,1034.8133,1544.0
14:41:19,6967.38,6995.0,680.4768,1627.0
14:41:19,6967.38,7000.0,2730.4263,5806.0
14:41:19,6967.38,7005.0,1578.5919,1006.0
14:41:19,6967.38,7010.0,810.3225,2187.0
14:41:19,6967.38,7015.0,804.2995,1456.0
14:41:19,6967.38,7020.0,687.2629,1726.0
14:41:19,6967.38,7025.0,2201.9929,1588.0
14:41:19,6967.38,7030.0,958.552,735.0
14:41:19,6967.38,7035.0,739.6703,667.0
14:41:19,6967.38,7040.0,199.2634,1428.0
14:42:07,6967.38,6895.0,-57.286,599.0
14:42:07,6967.38,6900.0,-439.5909,2784.0
14:42:07,6967.38,6905.0,-81.1284,2268.0
14:42:07,6967.38,6910.0,-118.7806,1389.0
14:42:07,6967.38,6915.0,-141.2971,1176.0
14:42:07,6967.38,6920.0,-110.8386,1565.0
14:42:07,6967.38,6925.0,192.1196,511.0
14:42:07,6967.38,6930.0,16.4173,781.0
14:42:07,6967.38,6935.0,225.2819,1481.0
14:42:07,6967.38,6940.0,92.2159,1929.0
14:42:07,6967.38,6945.0,-3.2627,1445.0
14:42:07,6967.38,6950.0,626.084,2102.0
14:42:07,6967.38,6955.0,23.2773,1121.0
14:42:07,6967.38,6960.0,363.4845,2048.0
14:42:07,6967.38,6965.0,1382.5963,3298.0
14:42:07,6967.38,6970.0,829.4992,2746.0
14:42:07,6967.38,6975.0,1665.9929,1843.0
14:42:07,6967.38,6980.0,1659.8174,1758.0
14:42:07,6967.38,6985.0,1553.9986,1499.0
14:42:07,6967.38,6990.0,1034.8133,1548.0
14:42:07,6967.38,6995.0,680.4768,1634.0
14:42:07,6967.38,7000.0,2730.4263,5827.0
14:42:07,6967.38,7005.0,1578.5919,1006.0
14:42:07,6967.38,7010.0,810.3225,2189.0
14:42:07,6967.38,7015.0,804.2995,1457.0
14:42:07,6967.38,7020.0,686.9932,1726.0
14:42:07,6967.38,7025.0,2187.3736,1592.0
14:42:07,6967.38,7030.0,915.2907,735.0
14:42:07,6967.38,7035.0,703.5104,672.0
14:42:07,6967.38,7040.0,194.747,1429.0
14:44:17,6967.38,6895.0,-58.3069,599.0
14:44:17,6967.38,6900.0,-439.5909,2788.0
14:44:17,6967.38,6905.0,-79.9212,2273.0
14:44:17,6967.38,6910.0,-118.7806,1395.0
14:44:17,6967.38,6915.0,-139.5276,1178.0
14:44:17,6967.38,6920.0,-109.4528,1568.0
14:44:17,6967.38,6925.0,180.443,515.0
14:44:17,6967.38,6930.0,10.6424,781.0
14:44:17,6967.38,6935.0,216.0144,1482.0
14:44:17,6967.38,6940.0,95.6569,1931.0
14:44:17,6967.38,6945.0,10.3997,1446.0
14:44:17,6967.38,6950.0,647.9076,2108.0
14:44:17,6967.38,6955.0,23.2773,1134.0
14:44:17,6967.38,6960.0,363.4845,2060.0
14:44:17,6967.38,6965.0,1382.5963,3298.0
14:44:17,6967.38,6970.0,829.4992,2757.0
14:44:17,6967.38,6975.0,1665.9929,1888.0
14:44:17,6967.38,6980.0,1661.3126,1766.0
14:44:17,6967.38,6985.0,1590.2053,1505.0
14:44:17,6967.38,6990.0,1078.9018,1551.0
14:44:17,6967.38,6995.0,705.5425,1649.0
14:44:17,6967.38,7000.0,2823.743,5938.0
14:44:17,6967.38,7005.0,1578.4152,1009.0
14:44:17,6967.38,7010.0,887.8926,2194.0
14:44:17,6967.38,7015.0,804.2995,1462.0
14:44:17,6967.38,7020.0,686.9932,1728.0
14:44:17,6967.38,7025.0,2371.1853,1599.0
14:44:17,6967.38,7030.0,915.2907,735.0
14:44:17,6967.38,7035.0,709.7776,672.0
14:44:17,6967.38,7040.0,192.6267,1430.0
14:46:27,6967.38,6895.0,-58.3069,599.0
14:46:27,6967.38,6900.0,-439.5909,2795.0
14:46:27,6967.38,6905.0,-79.9212,2274.0
14:46:27,6967.38,6910.0,-118.7806,1397.0
14:46:27,6967.38,6915.0,-139.5276,1185.0
14:46:27,6967.38,6920.0,-109.4528,1568.0
14:46:27,6967.38,6925.0,180.443,519.0
14:46:27,6967.38,6930.0,31.9882,782.0
14:46:27,6967.38,6935.0,216.0144,1486.0
14:46:27,6967.38,6940.0,77.0824,1931.0
14:46:27,6967.38,6945.0,1.198,1447.0
14:46:27,6967.38,6950.0,627.6398,2130.0
14:46:27,6967.38,6955.0,23.8059,1137.0
14:46:27,6967.38,6960.0,369.4638,2076.0
14:46:27,6967.38,6965.0,1376.4896,3302.0
14:46:27,6967.38,6970.0,830.1225,2760.0
14:46:27,6967.38,6975.0,1655.6992,1889.0
14:46:27,6967.38,6980.0,1661.3126,1773.0
14:46:27,6967.38,6985.0,1590.2053,1510.0
14:46:27,6967.38,6990.0,1050.9019,1553.0
14:46:27,6967.38,6995.0,705.5425,1654.0
14:46:27,6967.38,7000.0,2857.4709,5982.0
14:46:27,6967.38,7005.0,1543.408,1025.0
14:46:27,6967.38,7010.0,808.8409,2202.0
14:46:27,6967.38,7015.0,804.2995,1470.0
14:46:27,6967.38,7020.0,695.8277,1730.0
14:46:27,6967.38,7025.0,2371.1853,1611.0
14:46:27,6967.38,7030.0,915.2907,738.0
14:46:27,6967.38,7035.0,709.7776,672.0
14:46:27,6967.38,7040.0,192.6267,1430.0
14:48:37,6967.38,6895.0,-55.9573,599.0
14:48:37,6967.38,6900.0,-431.5719,2802.0
14:48:37,6967.38,6905.0,-81.7059,2274.0
14:48:37,6967.38,6910.0,-116.8055,1398.0
14:48:37,6967.38,6915.0,-139.3282,1190.0
14:48:37,6967.38,6920.0,-109.3189,1573.0
14:48:37,6967.38,6925.0,188.7989,522.0
14:48:37,6967.38,6930.0,19.6473,782.0
14:48:37,6967.38,6935.0,222.3783,1486.0
14:48:37,6967.38,6940.0,87.6552,1931.0
14:48:37,6967.38,6945.0,-1.9048,1449.0
14:48:37,6967.38,6950.0,616.7461,2132.0
14:48:37,6967.38,6955.0,19.0336,1137.0
14:48:37,6967.38,6960.0,365.1982,2076.0
14:48:37,6967.38,6965.0,1361.0644,3308.0
14:48:37,6967.38,6970.0,826.2235,2793.0
14:48:37,6967.38,6975.0,1654.5904,1892.0
14:48:37,6967.38,6980.0,1667.8568,1776.0
14:48:37,6967.38,6985.0,1567.3415,1513.0
14:48:37,6967.38,6990.0,1050.8046,1568.0
14:48:37,6967.38,6995.0,688.898,1657.0
14:48:37,6967.38,7000.0,2747.1909,6004.0
14:48:37,6967.38,7005.0,1530.1175,1028.0
14:48:37,6967.38,7010.0,809.6177,2214.0
14:48:37,6967.38,7015.0,807.737,1472.0
14:48:37,6967.38,7020.0,695.1897,1732.0
14:48:37,6967.38,7025.0,2296.6205,1622.0
14:48:37,6967.38,7030.0,967.3378,739.0
14:48:37,6967.38,7035.0,750.8716,672.0
14:48:37,6967.38,7040.0,203.1753,1430.0
14:49:40,6967.38,6895.0,-55.9573,599.0
14:49:40,6967.38,6900.0,-431.5719,2803.0
14:49:40,6967.38,6905.0,-82.4976,2274.0
14:49:40,6967.38,6910.0,-119.9219,1399.0
14:49:40,6967.38,6915.0,-137.4702,1195.0
14:49:40,6967.38,6920.0,-107.932,1573.0
14:49:40,6967.38,6925.0,187.3529,522.0
14:49:40,6967.38,6930.0,11.0507,784.0
14:49:40,6967.38,6935.0,223.0969,1486.0
14:49:40,6967.38,6940.0,98.1337,1932.0
14:49:40,6967.38,6945.0,1.1862,1449.0
14:49:40,6967.38,6950.0,621.5961,2142.0
14:49:40,6967.38,6955.0,22.1941,1137.0
14:49:40,6967.38,6960.0,365.5202,2077.0
14:49:40,6967.38,6965.0,1386.2664,3313.0
14:49:40,6967.38,6970.0,827.3634,2869.0
14:49:40,6967.38,6975.0,1654.5904,1893.0
14:49:40,6967.38,6980.0,1667.3257,1781.0
14:49:40,6967.38,6985.0,1568.2733,1513.0
14:49:40,6967.38,6990.0,1061.577,1570.0
14:49:40,6967.38,6995.0,694.6872,1659.0
14:49:40,6967.38,7000.0,2732.5728,6018.0
14:49:40,6967.38,7005.0,1606.0337,1032.0
14:49:40,6967.38,7010.0,845.313,2217.0
14:49:40,6967.38,7015.0,824.2596,1473.0
14:49:40,6967.38,7020.0,708.1192,1737.0
14:49:40,6967.38,7025.0,2296.6205,1624.0
14:49:40,6967.38,7030.0,967.3378,739.0
14:49:40,6967.38,7035.0,750.8716,672.0
14:49:40,6967.38,7040.0,203.1753,1430.0
14:50:46,6967.38,6895.0,-56.3324,599.0
14:50:46,6967.38,6900.0,-431.7166,2803.0
14:50:46,6967.38,6905.0,-83.8763,2274.0
14:50:46,6967.38,6910.0,-118.8999,1400.0
14:50:46,6967.38,6915.0,-139.7372,1196.0
14:50:46,6967.38,6920.0,-109.7878,1574.0
14:50:46,6967.38,6925.0,190.585,523.0
14:50:46,6967.38,6930.0,11.2675,784.0
14:50:46,6967.38,6935.0,226.575,1486.0
14:50:46,6967.38,6940.0,99.8779,1935.0
14:50:46,6967.38,6945.0,-6.5248,1450.0
14:50:46,6967.38,6950.0,601.678,2144.0
14:50:46,6967.38,6955.0,23.625,1137.0
14:50:46,6967.38,6960.0,370.7433,2079.0
14:50:46,6967.38,6965.0,1399.2236,3315.0
14:50:46,6967.38,6970.0,835.3435,2932.0
14:50:46,6967.38,6975.0,1664.9929,1896.0
14:50:46,6967.38,6980.0,1669.3035,1785.0
14:50:46,6967.38,6985.0,1560.3615,1514.0
14:50:46,6967.38,6990.0,1047.8586,1572.0
14:50:46,6967.38,6995.0,684.1803,1664.0
14:50:46,6967.38,7000.0,2660.3247,6078.0
14:50:46,6967.38,7005.0,1606.1307,1034.0
14:50:46,6967.38,7010.0,825.3454,2218.0
14:50:46,6967.38,7015.0,804.3486,1474.0
14:50:46,6967.38,7020.0,693.1625,1738.0
14:50:46,6967.38,7025.0,2194.6944,1634.0
14:50:46,6967.38,7030.0,985.6867,740.0
14:50:46,6967.38,7035.0,749.236,673.0
14:50:46,6967.38,7040.0,201.4815,1431.0
14:52:56,6967.38,6895.0,-56.3324,599.0
14:52:56,6967.38,6900.0,-431.7166,2812.0
14:52:56,6967.38,6905.0,-83.8763,2278.0
14:52:56,6967.38,6910.0,-117.9067,1403.0
14:52:56,6967.38,6915.0,-145.4399,1212.0
14:52:56,6967.38,6920.0,-109.7878,1581.0
14:52:56,6967.38,6925.0,190.585,530.0
14:52:56,6967.38,6930.0,17.1583,795.0
14:52:56,6967.38,6935.0,226.575,1689.0
14:52:56,6967.38,6940.0,90.7537,1939.0
14:52:56,6967.38,6945.0,1.2473,1450.0
14:52:56,6967.38,6950.0,640.5907,2147.0
14:52:56,6967.38,6955.0,24.3523,1137.0
14:52:56,6967.38,6960.0,378.1289,2083.0
14:52:56,6967.38,6965.0,1413.5908,3321.0
14:52:56,6967.38,6970.0,852.6017,2955.0
14:52:56,6967.38,6975.0,1696.6513,1898.0
14:52:56,6967.38,6980.0,1669.3035,1785.0
14:52:56,6967.38,6985.0,1560.3615,1521.0
14:52:56,6967.38,6990.0,1055.1295,1589.0
14:52:56,6967.38,6995.0,684.1803,1674.0
14:52:56,6967.38,7000.0,2648.5888,6165.0
14:52:56,6967.38,7005.0,1528.4606,1038.0
14:52:56,6967.38,7010.0,802.3121,2222.0
14:52:56,6967.38,7015.0,804.3486,1477.0
14:52:56,6967.38,7020.0,667.2262,1744.0
14:52:56,6967.38,7025.0,2194.6944,1635.0
14:52:56,6967.38,7030.0,985.6867,740.0
14:52:56,6967.38,7035.0,749.236,673.0
14:52:56,6967.38,7040.0,201.4815,1434.0
14:55:05,6967.38,6895.0,-53.6537,602.0
14:55:05,6967.38,6900.0,-416.152,2817.0
14:55:05,6967.38,6905.0,-79.7375,2279.0
14:55:05,6967.38,6910.0,-113.8014,1416.0
14:55:05,6967.38,6915.0,-134.3296,1217.0
14:55:05,6967.38,6920.0,-106.0428,1616.0
14:55:05,6967.38,6925.0,186.4586,530.0
14:55:05,6967.38,6930.0,10.9535,798.0
14:55:05,6967.38,6935.0,223.3584,1693.0
14:55:05,6967.38,6940.0,99.1545,1940.0
14:55:05,6967.38,6945.0,-9.9426,1450.0
14:55:05,6967.38,6950.0,634.0133,2148.0
14:55:05,6967.38,6955.0,24.3523,1143.0
14:55:05,6967.38,6960.0,384.611,2086.0
14:55:05,6967.38,6965.0,1413.3621,3332.0
14:55:05,6967.38,6970.0,852.3699,2961.0
14:55:05,6967.38,6975.0,1693.1389,1898.0
14:55:05,6967.38,6980.0,1703.108,1789.0
14:55:05,6967.38,6985.0,1591.7451,1521.0
14:55:05,6967.38,6990.0,1054.9301,1598.0
14:55:05,6967.38,6995.0,695.3103,1688.0
14:55:05,6967.38,7000.0,2753.7867,6189.0
14:55:05,6967.38,7005.0,1602.119,1042.0
14:55:05,6967.38,7010.0,843.3536,2224.0
14:55:05,6967.38,7015.0,829.4037,1478.0
14:55:05,6967.38,7020.0,713.7099,1744.0
14:55:05,6967.38,7025.0,2264.9733,1636.0
14:55:05,6967.38,7030.0,964.7489,740.0
14:55:05,6967.38,7035.0,746.9819,675.0
14:55:05,6967.38,7040.0,202.1502,1435.0
14:57:15,6967.38,6895.0,-54.0642,602.0
14:57:15,6967.38,6900.0,-421.2802,2827.0
14:57:15,6967.38,6905.0,-80.141,2283.0
14:57:15,6967.38,6910.0,-114.2425,1418.0
14:57:15,6967.38,6915.0,-136.4108,1222.0
14:57:15,6967.38,6920.0,-107.6568,1618.0
14:57:15,6967.38,6925.0,187.3721,532.0
14:57:15,6967.38,6930.0,11.0577,800.0
14:57:15,6967.38,6935.0,226.6195,1699.0
14:57:15,6967.38,6940.0,100.5273,1970.0
14:57:15,6967.38,6945.0,1.2233,1453.0
14:57:15,6967.38,6950.0,636.5267,2152.0
14:57:15,6967.38,6955.0,24.1533,1145.0
14:57:15,6967.38,6960.0,376.4279,2090.0
14:57:15,6967.38,6965.0,1408.8566,3339.0
14:57:15,6967.38,6970.0,855.8856,2964.0
14:57:15,6967.38,6975.0,1698.8165,1902.0
14:57:15,6967.38,6980.0,1710.557,1792.0
14:57:15,6967.38,6985.0,1598.9682,1525.0
14:57:15,6967.38,6990.0,1079.2371,1610.0
14:57:15,6967.38,6995.0,700.2698,1695.0
14:57:15,6967.38,7000.0,2737.9232,6226.0
14:57:15,6967.38,7005.0,1574.8403,1047.0
14:57:15,6967.38,7010.0,827.1865,2226.0
14:57:15,6967.38,7015.0,826.2054,1480.0
14:57:15,6967.38,7020.0,710.922,1746.0
14:57:15,6967.38,7025.0,2254.5486,1642.0
14:57:15,6967.38,7030.0,957.0609,742.0
14:57:15,6967.38,7035.0,740.3499,679.0
14:57:15,6967.38,7040.0,199.9385,1436.0
14:57:18,6967.38,6895.0,-54.0642,602.0
14:57:18,6967.38,6900.0,-421.2802,2827.0
14:57:18,6967.38,6905.0,-80.141,2283.0
14:57:18,6967.38,6910.0,-114.2425,1418.0
14:57:18,6967.38,6915.0,-136.4108,1222.0
14:57:18,6967.38,6920.0,-107.6568,1618.0
14:57:18,6967.38,6925.0,187.3721,532.0
14:57:18,6967.38,6930.0,11.0577,800.0
14:57:18,6967.38,6935.0,226.6195,1699.0
14:57:18,6967.38,6940.0,100.5273,1970.0
14:57:18,6967.38,6945.0,1.2233,1453.0
14:57:18,6967.38,6950.0,636.5267,2152.0
14:57:18,6967.38,6955.0,24.1533,1145.0
14:57:18,6967.38,6960.0,376.4279,2090.0
14:57:18,6967.38,6965.0,1408.8566,3339.0
14:57:18,6967.38,6970.0,855.8856,2964.0
14:57:18,6967.38,6975.0,1698.8165,1902.0
14:57:18,6967.38,6980.0,1710.557,1792.0
14:57:18,6967.38,6985.0,1598.9682,1525.0
14:57:18,6967.38,6990.0,1079.2371,1610.0
14:57:18,6967.38,6995.0,700.2698,1695.0
14:57:18,6967.38,7000.0,2737.9232,6226.0
14:57:18,6967.38,7005.0,1574.8403,1047.0
14:57:18,6967.38,7010.0,827.1865,2226.0
14:57:18,6967.38,7015.0,826.2054,1480.0
14:57:18,6967.38,7020.0,710.922,1746.0
14:57:18,6967.38,7025.0,2254.5486,1642.0
14:57:18,6967.38,7030.0,957.0609,742.0
14:57:18,6967.38,7035.0,740.3499,679.0
14:57:18,6967.38,7040.0,199.9385,1436.0
15:13:47,6967.38,6895.0,-28.7118,604.0
15:13:47,6967.38,6900.0,-262.1045,2901.0
15:13:47,6967.38,6905.0,-33.5612,2308.0
15:13:47,6967.38,6910.0,-113.4801,1430.0
15:13:47,6967.38,6915.0,-123.6023,1249.0
15:13:47,6967.38,6920.0,-105.7698,1649.0
15:13:47,6967.38,6925.0,195.9687,569.0
15:13:47,6967.38,6930.0,12.0232,845.0
15:13:47,6967.38,6935.0,250.0428,1734.0
15:13:47,6967.38,6940.0,111.558,1999.0
15:13:47,6967.38,6945.0,1.3458,1467.0
15:13:47,6967.38,6950.0,692.4818,2195.0
15:13:47,6967.38,6955.0,27.3232,1148.0
15:13:47,6967.38,6960.0,392.001,2134.0
15:13:47,6967.38,6965.0,1464.7831,3415.0
15:13:47,6967.38,6970.0,881.5307,3100.0
15:13:47,6967.38,6975.0,1745.6805,1950.0
15:13:47,6967.38,6980.0,1517.2276,1819.0
15:13:47,6967.38,6985.0,1397.7696,1550.0
15:13:47,6967.38,6990.0,934.4064,1650.0
15:13:47,6967.38,6995.0,613.0953,1780.0
15:13:47,6967.38,7000.0,2446.7845,6658.0
15:13:47,6967.38,7005.0,1440.3953,1082.0
15:13:47,6967.38,7010.0,766.7202,2253.0
15:13:47,6967.38,7015.0,758.668,1500.0
15:13:47,6967.38,7020.0,651.1501,1815.0
15:13:47,6967.38,7025.0,2156.3737,1698.0
15:13:47,6967.38,7030.0,847.0877,755.0
15:13:47,6967.38,7035.0,617.866,681.0
15:13:47,6967.38,7040.0,152.53,1440.0
15:15:25,6967.38,6895.0,-28.4752,606.0
15:15:25,6967.38,6900.0,-150.4065,2909.0
15:15:25,6967.38,6905.0,-32.88,2309.0
15:15:25,6967.38,6910.0,-107.8305,1430.0
15:15:25,6967.38,6915.0,-130.6192,1251.0
15:15:25,6967.38,6920.0,-103.7841,1653.0
15:15:25,6967.38,6925.0,183.913,572.0
15:15:25,6967.38,6930.0,48.5997,847.0
15:15:25,6967.38,6935.0,250.1244,1745.0
15:15:25,6967.38,6940.0,111.6625,2002.0
15:15:25,6967.38,6945.0,1.3477,1470.0
15:15:25,6967.38,6950.0,693.7634,2204.0
15:15:25,6967.38,6955.0,39.3168,1148.0
15:15:25,6967.38,6960.0,385.6633,2139.0
15:15:25,6967.38,6965.0,1448.7917,3424.0
15:15:25,6967.38,6970.0,883.0455,3110.0
15:15:25,6967.38,6975.0,1761.4949,1953.0
15:15:25,6967.38,6980.0,1773.2894,1830.0
15:15:25,6967.38,6985.0,1400.3369,1550.0
15:15:25,6967.38,6990.0,935.7423,1652.0
15:15:25,6967.38,6995.0,613.6607,1799.0
15:15:25,6967.38,7000.0,2447.5547,6679.0
15:15:25,6967.38,7005.0,1622.5044,1085.0
15:15:25,6967.38,7010.0,861.7568,2254.0
15:15:25,6967.38,7015.0,844.1308,1504.0
15:15:25,6967.38,7020.0,647.4929,1822.0
15:15:25,6967.38,7025.0,2361.0101,1701.0
15:15:25,6967.38,7030.0,941.1953,755.0
15:15:25,6967.38,7035.0,613.7257,683.0
15:15:25,6967.38,7040.0,151.2958,1440.0
15:17:34,6967.38,6895.0,-50.003,613.0
15:17:34,6967.38,6900.0,-392.8785,2911.0
15:17:34,6967.38,6905.0,-74.9271,2314.0
15:17:34,6967.38,6910.0,-107.8436,1431.0
15:17:34,6967.38,6915.0,-130.6192,1255.0
15:17:34,6967.38,6920.0,-103.7841,1659.0
15:17:34,6967.38,6925.0,183.913,575.0
15:17:34,6967.38,6930.0,10.7286,850.0
15:17:34,6967.38,6935.0,219.308,1750.0
15:17:34,6967.38,6940.0,99.9126,2006.0
15:17:34,6967.38,6945.0,1.224,1473.0
15:17:34,6967.38,6950.0,652.0575,2209.0
15:17:34,6967.38,6955.0,25.0746,1149.0
15:17:34,6967.38,6960.0,390.0545,2184.0
15:17:34,6967.38,6965.0,1468.1847,3429.0
15:17:34,6967.38,6970.0,887.0491,3131.0
15:17:34,6967.38,6975.0,1768.211,1956.0
15:17:34,6967.38,6980.0,1771.5704,1840.0
15:17:34,6967.38,6985.0,1644.3931,1575.0
15:17:34,6967.38,6990.0,1097.9039,1673.0
15:17:34,6967.38,6995.0,711.5028,1806.0
15:17:34,6967.38,7000.0,2791.0816,6714.0
15:17:34,6967.38,7005.0,1620.7442,1092.0
15:17:34,6967.38,7010.0,861.2412,2260.0
15:17:34,6967.38,7015.0,844.1308,1507.0
15:17:34,6967.38,7020.0,645.3842,1830.0
15:17:34,6967.38,7025.0,2310.8786,1712.0
15:17:34,6967.38,7030.0,980.0233,761.0
15:17:34,6967.38,7035.0,754.4396,686.0
15:17:34,6967.38,7040.0,202.2472,1440.0
15:19:44,6967.38,6895.0,-50.003,613.0
15:19:44,6967.38,6900.0,-407.8667,2920.0
15:19:44,6967.38,6905.0,-74.9271,2314.0
15:19:44,6967.38,6910.0,-113.8474,1448.0
15:19:44,6967.38,6915.0,-133.4184,1256.0
15:19:44,6967.38,6920.0,-106.4406,1671.0
15:19:44,6967.38,6925.0,186.7314,575.0
15:19:44,6967.38,6930.0,10.8873,864.0
15:19:44,6967.38,6935.0,227.8418,1751.0
15:19:44,6967.38,6940.0,102.735,2007.0
15:19:44,6967.38,6945.0,1.2614,1481.0
15:19:44,6967.38,6950.0,669.9275,2214.0
15:19:44,6967.38,6955.0,25.6086,1152.0
15:19:44,6967.38,6960.0,398.0629,2210.0
15:19:44,6967.38,6965.0,1482.7439,3434.0
15:19:44,6967.38,6970.0,890.8514,3161.0
15:19:44,6967.38,6975.0,1765.9508,1988.0
15:19:44,6967.38,6980.0,1772.4342,1848.0
15:19:44,6967.38,6985.0,1616.2826,1578.0
15:19:44,6967.38,6990.0,1070.7119,1679.0
15:19:44,6967.38,6995.0,685.1796,1817.0
15:19:44,6967.38,7000.0,2679.6245,6760.0
15:19:44,6967.38,7005.0,1607.6607,1096.0
15:19:44,6967.38,7010.0,808.0119,2279.0
15:19:44,6967.38,7015.0,777.7676,1509.0
15:19:44,6967.38,7020.0,662.3045,1843.0
15:19:44,6967.38,7025.0,2200.4222,1714.0
15:19:44,6967.38,7030.0,936.6426,788.0
15:19:44,6967.38,7035.0,754.4396,687.0
15:19:44,6967.38,7040.0,202.2472,1441.0
15:20:12,6967.38,6895.0,-52.5478,613.0
15:20:12,6967.38,6900.0,-407.8667,2921.0
15:20:12,6967.38,6905.0,-77.5184,2314.0
15:20:12,6967.38,6910.0,-110.2674,1448.0
15:20:12,6967.38,6915.0,-133.4184,1256.0
15:20:12,6967.38,6920.0,-106.4406,1672.0
15:20:12,6967.38,6925.0,186.7314,576.0
15:20:12,6967.38,6930.0,11.1858,868.0
15:20:12,6967.38,6935.0,227.8418,1752.0
15:20:12,6967.38,6940.0,102.735,2009.0
15:20:12,6967.38,6945.0,1.2614,1485.0
15:20:12,6967.38,6950.0,669.9275,2216.0
15:20:12,6967.38,6955.0,33.1404,1161.0
15:20:12,6967.38,6960.0,393.9468,2210.0
15:20:12,6967.38,6965.0,1480.7077,3436.0
15:20:12,6967.38,6970.0,892.0425,3175.0
15:20:12,6967.38,6975.0,1774.4659,1991.0
15:20:12,6967.38,6980.0,1752.2552,1848.0
15:20:12,6967.38,6985.0,1616.2826,1579.0
15:20:12,6967.38,6990.0,1070.7119,1679.0
15:20:12,6967.38,6995.0,685.1796,1822.0
15:20:12,6967.38,7000.0,2698.9382,6767.0
15:20:12,6967.38,7005.0,1550.2354,1096.0
15:20:12,6967.38,7010.0,808.0119,2280.0
15:20:12,6967.38,7015.0,777.7676,1509.0
15:20:12,6967.38,7020.0,689.7723,1843.0
15:20:12,6967.38,7025.0,2200.4222,1716.0
15:20:12,6967.38,7030.0,936.6426,788.0
15:20:12,6967.38,7035.0,728.864,687.0
15:20:12,6967.38,7040.0,197.6697,1441.0
15:21:54,6967.38,6895.0,-52.5478,615.0
15:21:54,6967.38,6900.0,-407.8667,2923.0
15:21:54,6967.38,6905.0,-77.5184,2317.0
15:21:54,6967.38,6910.0,-106.1523,1449.0
15:21:54,6967.38,6915.0,-133.4184,1259.0
15:21:54,6967.38,6920.0,-106.4406,1698.0
15:21:54,6967.38,6925.0,186.7314,578.0
15:21:54,6967.38,6930.0,11.1858,886.0
15:21:54,6967.38,6935.0,227.8418,1758.0
15:21:54,6967.38,6940.0,102.735,2021.0
15:21:54,6967.38,6945.0,1.2614,1486.0
15:21:54,6967.38,6950.0,669.9275,2252.0
15:21:54,6967.38,6955.0,24.7831,1161.0
15:21:54,6967.38,6960.0,388.1634,2250.0
15:21:54,6967.38,6965.0,1466.1067,3444.0
15:21:54,6967.38,6970.0,890.9595,3196.0
15:21:54,6967.38,6975.0,1778.2583,2001.0
15:21:54,6967.38,6980.0,1789.5675,1866.0
15:21:54,6967.38,6985.0,1616.2826,1607.0
15:21:54,6967.38,6990.0,1070.7119,1718.0
15:21:54,6967.38,6995.0,685.1796,1826.0
15:21:54,6967.38,7000.0,2698.9382,6792.0
15:21:54,6967.38,7005.0,1550.2354,1109.0
15:21:54,6967.38,7010.0,808.0119,2284.0
15:21:54,6967.38,7015.0,777.7676,1511.0
15:21:54,6967.38,7020.0,724.2158,1858.0
15:21:54,6967.38,7025.0,2362.3039,1717.0
15:21:54,6967.38,7030.0,936.6426,788.0
15:21:54,6967.38,7035.0,728.864,692.0
15:21:54,6967.38,7040.0,197.6697,1443.0
15:24:03,6967.38,6895.0,-52.5478,615.0
15:24:03,6967.38,6900.0,-407.8667,2963.0
15:24:03,6967.38,6905.0,-74.4432,2319.0
15:24:03,6967.38,6910.0,-106.7265,1455.0
15:24:03,6967.38,6915.0,-129.6998,1261.0
15:24:03,6967.38,6920.0,-103.3482,1700.0
15:24:03,6967.38,6925.0,185.6614,581.0
15:24:03,6967.38,6930.0,10.8384,903.0
15:24:03,6967.38,6935.0,222.2355,1767.0
15:24:03,6967.38,6940.0,100.2655,2024.0
15:24:03,6967.38,6945.0,1.2428,1490.0
15:24:03,6967.38,6950.0,648.1578,2258.0
15:24:03,6967.38,6955.0,24.817,1164.0
15:24:03,6967.38,6960.0,390.3973,2254.0
15:24:03,6967.38,6965.0,1478.206,3455.0
15:24:03,6967.38,6970.0,903.309,3206.0
15:24:03,6967.38,6975.0,1803.5373,2020.0
15:24:03,6967.38,6980.0,1816.0811,1880.0
15:24:03,6967.38,6985.0,1690.4461,1612.0
15:24:03,6967.38,6990.0,1129.5359,1720.0
15:24:03,6967.38,6995.0,732.7361,1848.0
15:24:03,6967.38,7000.0,2858.4604,6924.0
15:24:03,6967.38,7005.0,1616.1411,1117.0
15:24:03,6967.38,7010.0,836.8543,2374.0
15:24:03,6967.38,7015.0,845.3938,1514.0
15:24:03,6967.38,7020.0,728.5684,1864.0
15:24:03,6967.38,7025.0,2263.0632,1729.0
15:24:03,6967.38,7030.0,936.6426,842.0
15:24:03,6967.38,7035.0,728.864,692.0
15:24:03,6967.38,7040.0,197.6697,1443.0
15:26:13,6967.38,6895.0,-75.1675,615.0
15:26:13,6967.38,6900.0,-558.0289,2963.0
15:26:13,6967.38,6905.0,-102.6489,2319.0
15:26:13,6967.38,6910.0,-140.7397,1456.0
15:26:13,6967.38,6915.0,-158.7084,1261.0
15:26:13,6967.38,6920.0,-120.6666,1700.0
15:26:13,6967.38,6925.0,199.7813,581.0
15:26:13,6967.38,6930.0,11.035,910.0
15:26:13,6967.38,6935.0,213.3331,1770.0
15:26:13,6967.38,6940.0,89.6304,2027.0
15:26:13,6967.38,6945.0,1.0354,1493.0
15:26:13,6967.38,6950.0,517.741,2560.0
15:26:13,6967.38,6955.0,18.7217,1167.0
15:26:13,6967.38,6960.0,279.9284,2257.0
15:26:13,6967.38,6965.0,1017.0496,3459.0
15:26:13,6967.38,6970.0,602.2767,3219.0
15:26:13,6967.38,6975.0,1188.5481,2032.0
15:26:13,6967.38,6980.0,1843.7645,1885.0
15:26:13,6967.38,6985.0,1136.5851,1614.0
15:26:13,6967.38,6990.0,786.6463,1723.0
15:26:13,6967.38,6995.0,539.0176,2127.0
15:26:13,6967.38,7000.0,2244.7025,6952.0
15:26:13,6967.38,7005.0,1352.5029,1121.0
15:26:13,6967.38,7010.0,764.4346,2381.0
15:26:13,6967.38,7015.0,797.5363,1515.0
15:26:13,6967.38,7020.0,736.494,1866.0
15:26:13,6967.38,7025.0,2538.3196,1737.0
15:26:13,6967.38,7030.0,1078.4301,819.0
15:26:13,6967.38,7035.0,870.7298,692.0
15:26:13,6967.38,7040.0,243.481,1443.0
15:28:22,6967.38,6895.0,-75.1675,615.0
15:28:22,6967.38,6900.0,-558.0289,2963.0
15:28:22,6967.38,6905.0,-102.6489,2319.0
15:28:22,6967.38,6910.0,-140.7397,1456.0
15:28:22,6967.38,6915.0,-158.7084,1261.0
15:28:22,6967.38,6920.0,-120.6666,1700.0
15:28:22,6967.38,6925.0,199.7813,581.0
15:28:22,6967.38,6930.0,11.035,910.0
15:28:22,6967.38,6935.0,213.3331,1770.0
15:28:22,6967.38,6940.0,89.6304,2027.0
15:28:22,6967.38,6945.0,1.0354,1493.0
15:28:22,6967.38,6950.0,517.741,2560.0
15:28:22,6967.38,6955.0,18.7217,1167.0
15:28:22,6967.38,6960.0,279.9284,2257.0
15:28:22,6967.38,6965.0,1017.0496,3459.0
15:28:22,6967.38,6970.0,602.2767,3219.0
15:28:22,6967.38,6975.0,1188.5481,2032.0
15:28:22,6967.38,6980.0,1197.0375,1885.0
15:28:22,6967.38,6985.0,1136.5851,1614.0
15:28:22,6967.38,6990.0,786.6463,1723.0
15:28:22,6967.38,6995.0,539.0176,2127.0
15:28:22,6967.38,7000.0,2244.7025,6952.0
15:28:22,6967.38,7005.0,1352.5029,1121.0
15:28:22,6967.38,7010.0,764.4346,2381.0
15:28:22,6967.38,7015.0,797.5363,1515.0
15:28:22,6967.38,7020.0,736.494,1866.0
15:28:22,6967.38,7025.0,2538.3196,1737.0
15:28:22,6967.38,7030.0,1078.4301,819.0
15:28:22,6967.38,7035.0,870.7298,692.0
15:28:22,6967.38,7040.0,243.481,1443.0
15:30:32,6977.63,6905.0,-77.9434,94.0
15:30:32,6977.63,6910.0,-112.5076,106.0
15:30:32,6977.63,6915.0,-134.1929,33.0
15:30:32,6977.63,6920.0,-106.6497,66.0
15:30:32,6977.63,6925.0,188.0015,132.0
15:30:32,6977.63,6930.0,11.1856,67.0
15:30:32,6977.63,6935.0,230.4103,21.0
15:30:32,6977.63,6940.0,103.616,44.0
15:30:32,6977.63,6945.0,1.2788,32.0
15:30:32,6977.63,6950.0,678.4458,69.0
15:30:32,6977.63,6955.0,25.987,23.0
15:30:32,6977.63,6960.0,405.5557,59.0
15:30:32,6977.63,6965.0,1509.5965,272.0
15:30:32,6977.63,6970.0,908.043,160.0
15:30:32,6977.63,6975.0,1796.6362,114.0
15:30:32,6977.63,6980.0,1779.4823,169.0
15:30:32,6977.63,6985.0,1642.9391,103.0
15:30:32,6977.63,6990.0,1090.3352,137.0
15:30:32,6977.63,6995.0,699.2671,85.0
15:30:32,6977.63,7000.0,2714.2857,200.0
15:30:32,6977.63,7005.0,1555.0202,133.0
15:30:32,6977.63,7010.0,811.1492,81.0
15:30:32,6977.63,7015.0,795.069,36.0
15:30:32,6977.63,7020.0,685.1029,193.0
15:30:32,6977.63,7025.0,2209.0658,172.0
15:30:32,6977.63,7030.0,942.5097,14.0
15:30:32,6977.63,7035.0,733.6453,111.0
15:30:32,6977.63,7040.0,199.1495,66.0
15:30:32,6977.63,7045.0,61.8698,84.0
15:30:32,6977.63,7050.0,504.4208,39.0
15:32:41,6977.56,6905.0,-63.2859,667.0
15:32:41,6977.56,6910.0,-91.0189,672.0
15:32:41,6977.56,6915.0,-109.1384,594.0
15:32:41,6977.56,6920.0,-86.2953,484.0
15:32:41,6977.56,6925.0,156.686,771.0
15:32:41,6977.56,6930.0,9.4362,567.0
15:32:41,6977.56,6935.0,192.506,468.0
15:32:41,6977.56,6940.0,87.9135,487.0
15:32:41,6977.56,6945.0,1.0983,555.0
15:32:41,6977.56,6950.0,589.4544,1024.0
15:32:41,6977.56,6955.0,22.9302,588.0
15:32:41,6977.56,6960.0,360.2537,1005.0
15:32:41,6977.56,6965.0,1373.1275,1056.0
15:32:41,6977.56,6970.0,848.0759,987.0
15:32:41,6977.56,6975.0,1722.9129,1422.0
15:32:41,6977.56,6980.0,1766.4095,1694.0
15:32:41,6977.56,6985.0,1680.0759,1532.0
15:32:41,6977.56,6990.0,1152.6652,897.0
15:32:41,6977.56,6995.0,768.9561,1518.0
15:32:41,6977.56,7000.0,3229.8189,2578.0
15:32:41,6977.56,7005.0,1822.9446,954.0
15:32:41,6977.56,7010.0,1016.6585,984.0
15:32:41,6977.56,7015.0,1011.958,1213.0
15:32:41,6977.56,7020.0,896.8682,1656.0
15:32:41,6977.56,7025.0,2892.6584,1579.0
15:32:41,6977.56,7030.0,1266.5215,903.0
15:32:41,6977.56,7035.0,962.3296,570.0
15:32:41,6977.56,7040.0,260.5934,826.0
15:32:41,6977.56,7045.0,83.1166,631.0
15:32:41,6977.56,7050.0,634.9333,764.0
15:35:19,6981.92,6910.0,-92.1084,1161.0
15:35:19,6981.92,6915.0,-101.2218,872.0
15:35:19,6981.92,6920.0,-80.5627,901.0
15:35:19,6981.92,6925.0,147.519,1235.0
15:35:19,6981.92,6930.0,8.3452,1182.0
15:35:19,6981.92,6935.0,192.7466,993.0
15:35:19,6981.92,6940.0,88.0234,926.0
15:35:19,6981.92,6945.0,1.0997,1065.0
15:35:19,6981.92,6950.0,590.1913,2097.0
15:35:19,6981.92,6955.0,22.9588,1069.0
15:35:19,6981.92,6960.0,360.704,1402.0
15:35:19,6981.92,6965.0,1374.8441,1629.0
15:35:19,6981.92,6970.0,778.4529,1980.0
15:35:19,6981.92,6975.0,1663.4303,2632.0
15:35:19,6981.92,6980.0,1746.6114,3988.0
15:35:19,6981.92,6985.0,1706.0662,3086.0
15:35:19,6981.92,6990.0,1198.1498,1834.0
15:35:19,6981.92,6995.0,769.9174,2634.0
15:35:19,6981.92,7000.0,3233.8565,5266.0
15:35:19,6981.92,7005.0,1825.2235,2493.0
15:35:19,6981.92,7010.0,1017.9294,1848.0
15:35:19,6981.92,7015.0,1013.223,2058.0
15:35:19,6981.92,7020.0,897.9894,2783.0
15:35:19,6981.92,7025.0,2896.2746,2489.0
15:35:19,6981.92,7030.0,1267.9806,1696.0
15:35:19,6981.92,7035.0,1109.1227,1293.0
15:35:19,6981.92,7040.0,302.4838,1485.0
15:35:19,6981.92,7045.0,83.2206,838.0
15:35:19,6981.92,7050.0,635.727,1875.0
15:35:19,6981.92,7055.0,45.5488,467.0
15:37:56,6980.78,6910.0,-88.2435,1443.0
15:37:56,6980.78,6915.0,-106.3372,1513.0
15:37:56,6980.78,6920.0,-82.9767,1351.0
15:37:56,6980.78,6925.0,138.5223,1660.0
15:37:56,6980.78,6930.0,8.3425,1914.0
15:37:56,6980.78,6935.0,171.5013,1469.0
15:37:56,6980.78,6940.0,82.3637,1513.0
15:37:56,6980.78,6945.0,0.9651,1588.0
15:37:56,6980.78,6950.0,499.3019,2924.0
15:37:56,6980.78,6955.0,19.1589,1608.0
15:37:56,6980.78,6960.0,307.3736,2054.0
15:37:56,6980.78,6965.0,1204.8806,2161.0
15:37:56,6980.78,6970.0,771.8101,3185.0
15:37:56,6980.78,6975.0,1639.6756,3654.0
15:37:56,6980.78,6980.0,1746.0411,6203.0
15:37:56,6980.78,6985.0,1725.9272,4761.0
15:37:56,6980.78,6990.0,1234.1947,3008.0
15:37:56,6980.78,6995.0,861.506,3648.0
15:37:56,6980.78,7000.0,3620.7628,8644.0
15:37:56,6980.78,7005.0,2235.1601,4149.0
15:37:56,6980.78,7010.0,1258.8908,3162.0
15:37:56,6980.78,7015.0,1279.0484,2916.0
15:37:56,6980.78,7020.0,980.1484,3967.0
15:37:56,6980.78,7025.0,3244.5994,3148.0
15:37:56,6980.78,7030.0,1398.8903,2403.0
15:37:56,6980.78,7035.0,1108.7605,1772.0
15:37:56,6980.78,7040.0,363.4574,2144.0
15:37:56,6980.78,7045.0,117.0813,1096.0
15:37:56,6980.78,7050.0,895.9941,2839.0
15:37:56,6980.78,7055.0,54.8501,694.0
15:42:26,6985.37,6915.0,-106.4771,1513.0
15:42:26,6985.37,6920.0,-83.0858,1351.0
15:42:26,6985.37,6925.0,138.7045,1660.0
15:42:26,6985.37,6930.0,8.3534,1914.0
15:42:26,6985.37,6935.0,171.7269,1469.0
15:42:26,6985.37,6940.0,82.472,1513.0
15:42:26,6985.37,6945.0,0.9663,1588.0
15:42:26,6985.37,6950.0,499.9587,2924.0
15:42:26,6985.37,6955.0,19.1841,1608.0
15:42:26,6985.37,6960.0,307.7779,2054.0
15:42:26,6985.37,6965.0,1206.4656,2161.0
15:42:26,6985.37,6970.0,772.8253,3185.0
15:42:26,6985.37,6975.0,1641.8326,3654.0
15:42:26,6985.37,6980.0,1748.338,6203.0
15:42:26,6985.37,6985.0,1732.5095,8057.0
15:42:26,6985.37,6990.0,1247.6299,5237.0
15:42:26,6985.37,6995.0,862.6393,3648.0
15:42:26,6985.37,7000.0,3625.5258,8644.0
15:42:26,6985.37,7005.0,2238.1003,4149.0
15:42:26,6985.37,7010.0,1260.5469,3162.0
15:42:26,6985.37,7015.0,1280.731,2916.0
15:42:26,6985.37,7020.0,981.4377,3967.0
15:42:26,6985.37,7025.0,3248.8676,3148.0
15:42:26,6985.37,7030.0,1400.7305,2403.0
15:42:26,6985.37,7035.0,1110.2191,1772.0
15:42:26,6985.37,7040.0,363.9356,2144.0
15:42:26,6985.37,7045.0,117.2353,1096.0
15:42:26,6985.37,7050.0,897.1728,2839.0
15:42:26,6985.37,7055.0,54.9222,694.0
15:44:35,6976.31,6905.0,-63.2633,2062.0
15:44:35,6976.31,6910.0,-88.1306,2201.0
15:44:35,6976.31,6915.0,-123.0632,1995.0
15:44:35,6976.31,6920.0,-82.8704,2743.0
15:44:35,6976.31,6925.0,175.2496,3157.0
15:44:35,6976.31,6930.0,9.9397,3273.0
15:44:35,6976.31,6935.0,207.6381,2651.0
15:44:35,6976.31,6940.0,91.7397,5017.0
15:44:35,6976.31,6945.0,1.108,2918.0
15:44:35,6976.31,6950.0,599.5371,7050.0
15:44:35,6976.31,6955.0,22.83,2805.0
15:44:35,6976.31,6960.0,359.2119,3856.0
15:44:35,6976.31,6965.0,1362.1502,4207.0
15:44:35,6976.31,6970.0,834.2683,5655.0
15:44:35,6976.31,6975.0,1680.1603,6156.0
15:44:35,6976.31,6980.0,1721.7193,10748.0
15:44:35,6976.31,6985.0,1635.5856,9890.0
15:44:35,6976.31,6990.0,1117.5704,7046.0
15:44:35,6976.31,6995.0,740.1073,6412.0
15:44:35,6976.31,7000.0,2972.6461,14686.0
15:44:35,6976.31,7005.0,1812.6752,7032.0
15:44:35,6976.31,7010.0,980.6531,5806.0
15:44:35,6976.31,7015.0,989.7067,4968.0
15:44:35,6976.31,7020.0,854.3606,6908.0
15:44:35,6976.31,7025.0,2810.7812,5746.0
15:44:35,6976.31,7030.0,1397.0994,4355.0
15:44:35,6976.31,7035.0,1107.3411,2904.0
15:44:35,6976.31,7040.0,362.9921,3331.0
15:44:35,6976.31,7045.0,116.9314,2054.0
15:44:35,6976.31,7050.0,894.847,3524.0
15:46:45,6970.32,6900.0,-357.8472,5377.0
15:46:45,6970.32,6905.0,-85.42,2554.0
15:46:45,6970.32,6910.0,-121.0433,2878.0
15:46:45,6970.32,6915.0,-141.7419,2745.0
15:46:45,6970.32,6920.0,-138.4394,3670.0
15:46:45,6970.32,6925.0,174.9488,4085.0
15:46:45,6970.32,6930.0,11.1059,4363.0
15:46:45,6970.32,6935.0,222.3774,3573.0
15:46:45,6970.32,6940.0,96.9016,6153.0
15:46:45,6970.32,6945.0,1.1601,3859.0
15:46:45,6970.32,6950.0,599.991,8342.0
15:46:45,6970.32,6955.0,22.3243,3529.0
15:46:45,6970.32,6960.0,396.4378,5103.0
15:46:45,6970.32,6965.0,1359.8121,5318.0
15:46:45,6970.32,6970.0,705.746,7814.0
15:46:45,6970.32,6975.0,1677.2763,8030.0
15:46:45,6970.32,6980.0,1482.4866,13110.0
15:46:45,6970.32,6985.0,1399.4974,11248.0
15:46:45,6970.32,6990.0,955.6527,8456.0
15:46:45,6970.32,6995.0,640.4369,7205.0
15:46:45,6970.32,7000.0,2610.1153,17783.0
15:46:45,6970.32,7005.0,1572.6587,8319.0
15:46:45,6970.32,7010.0,874.4826,7167.0
15:46:45,6970.32,7015.0,884.4433,7595.0
15:46:45,6970.32,7020.0,852.894,8210.0
15:46:45,6970.32,7025.0,2570.8994,8588.0
15:46:45,6970.32,7030.0,1141.2943,4921.0
15:46:45,6970.32,7035.0,927.2452,3334.0
15:46:45,6970.32,7040.0,244.9351,3749.0
15:46:45,6970.32,7045.0,82.6303,2415.0
15:48:54,6975.18,6905.0,-68.597,2686.0
15:48:54,6975.18,6910.0,-99.2708,3048.0
15:48:54,6975.18,6915.0,-141.9396,3012.0
15:48:54,6975.18,6920.0,-109.7568,4120.0
15:48:54,6975.18,6925.0,191.642,4392.0
15:48:54,6975.18,6930.0,11.1214,4962.0
15:48:54,6975.18,6935.0,222.6876,3968.0
15:48:54,6975.18,6940.0,90.0817,6715.0
15:48:54,6975.18,6945.0,1.0909,4381.0
15:48:54,6975.18,6950.0,582.4677,9433.0
15:48:54,6975.18,6955.0,22.4423,3948.0
15:48:54,6975.18,6960.0,352.5672,5786.0
15:48:54,6975.18,6965.0,1329.7071,6097.0
15:48:54,6975.18,6970.0,818.9736,9362.0
15:48:54,6975.18,6975.0,1651.5229,9383.0
15:48:54,6975.18,6980.0,1687.7027,14505.0
15:48:54,6975.18,6985.0,1604.3017,11913.0
15:48:54,6975.18,6990.0,1106.4285,9139.0
15:48:54,6975.18,6995.0,743.2999,7896.0
15:48:54,6975.18,7000.0,3022.6935,19360.0
15:48:54,6975.18,7005.0,1793.8166,8731.0
15:48:54,6975.18,7010.0,987.5337,7637.0
15:48:54,6975.18,7015.0,885.8901,8102.0
15:48:54,6975.18,7020.0,801.8134,8714.0
15:48:54,6975.18,7025.0,2574.4857,9173.0
15:48:54,6975.18,7030.0,1142.8864,5257.0
15:48:54,6975.18,7035.0,928.5387,3678.0
15:48:54,6975.18,7040.0,283.1288,3855.0
15:48:54,6975.18,7045.0,82.7456,2641.0
15:48:54,6975.18,7050.0,894.5572,3990.0
15:48:57,6975.32,6905.0,-68.5998,2686.0
15:48:57,6975.32,6910.0,-99.2748,3048.0
15:48:57,6975.32,6915.0,-119.2264,3016.0
15:48:57,6975.32,6920.0,-94.7964,4122.0
15:48:57,6975.32,6925.0,163.3377,4397.0
15:48:57,6975.32,6930.0,9.8854,4969.0
15:48:57,6975.32,6935.0,202.6934,4004.0
15:48:57,6975.32,6940.0,90.6086,6720.0
15:48:57,6975.32,6945.0,1.1247,4383.0
15:48:57,6975.32,6950.0,593.3842,9440.0
15:48:57,6975.32,6955.0,22.5486,3948.0
15:48:57,6975.32,6960.0,354.0299,5787.0
15:48:57,6975.32,6965.0,1334.2244,6097.0
15:48:57,6975.32,6970.0,819.0065,9363.0
15:48:57,6975.32,6975.0,1654.786,9390.0
15:48:57,6975.32,6980.0,1684.2576,14508.0
15:48:57,6975.32,6985.0,1604.3662,11915.0
15:48:57,6975.32,6990.0,1104.3598,9147.0
15:48:57,6975.32,6995.0,740.9743,7900.0
15:48:57,6975.32,7000.0,3009.4854,19362.0
15:48:57,6975.32,7005.0,1793.8886,8733.0
15:48:57,6975.32,7010.0,980.7252,7660.0
15:48:57,6975.32,7015.0,982.2996,8106.0
15:48:57,6975.32,7020.0,887.9227,8728.0
15:48:57,6975.32,7025.0,2912.7982,9174.0
15:48:57,6975.32,7030.0,1340.6548,5261.0
15:48:57,6975.32,7035.0,1048.7045,3680.0
15:48:57,6975.32,7040.0,283.1402,3855.0
15:48:57,6975.32,7045.0,82.7489,2641.0
15:48:57,6975.32,7050.0,894.5931,3990.0
15:51:04,6974.29,6900.0,-445.8342,5750.0
15:51:04,6974.29,6905.0,-70.5886,2832.0
15:51:04,6974.29,6910.0,-99.8401,3358.0
15:51:04,6974.29,6915.0,-114.6941,3154.0
15:51:04,6974.29,6920.0,-95.7583,4443.0
15:51:04,6974.29,6925.0,172.0494,4867.0
15:51:04,6974.29,6930.0,10.3444,5502.0
15:51:04,6974.29,6935.0,189.6988,4179.0
15:51:04,6974.29,6940.0,90.5818,7136.0
15:51:04,6974.29,6945.0,1.1244,4838.0
15:51:04,6974.29,6950.0,593.209,10296.0
15:51:04,6974.29,6955.0,2.5881,4359.0
15:51:04,6974.29,6960.0,353.9254,6309.0
15:51:04,6974.29,6965.0,1393.8684,6596.0
15:51:04,6974.29,6970.0,854.2275,10287.0
15:51:04,6974.29,6975.0,1714.9268,10497.0
15:51:04,6974.29,6980.0,1732.6646,15456.0
15:51:04,6974.29,6985.0,1634.0124,12399.0
15:51:04,6974.29,6990.0,1104.0337,9681.0
15:51:04,6974.29,6995.0,740.7555,8601.0
15:51:04,6974.29,7000.0,3008.5967,20564.0
15:51:04,6974.29,7005.0,1793.3589,9084.0
15:51:04,6974.29,7010.0,980.4356,8048.0
15:51:04,6974.29,7015.0,929.3696,8255.0
15:51:04,6974.29,7020.0,813.0303,9039.0
15:51:04,6974.29,7025.0,2720.9934,9452.0
15:51:04,6974.29,7030.0,1242.7812,5544.0
15:51:04,6974.29,7035.0,1048.3949,3712.0
15:51:04,6974.29,7040.0,288.417,3921.0
15:51:04,6974.29,7045.0,91.1018,2753.0
15:53:13,6973.56,6900.0,-445.7409,6016.0
15:53:13,6973.56,6905.0,-76.3778,3013.0
15:53:13,6973.56,6910.0,-105.7261,3601.0
15:53:13,6973.56,6915.0,-125.4109,3391.0
15:53:13,6973.56,6920.0,-100.4835,4843.0
15:53:13,6973.56,6925.0,172.0134,5213.0
15:53:13,6973.56,6930.0,10.3422,5923.0
15:53:13,6973.56,6935.0,211.9369,4537.0
15:53:13,6973.56,6940.0,97.1425,8167.0
15:53:13,6973.56,6945.0,1.1574,5152.0
15:53:13,6973.56,6950.0,613.7087,11166.0
15:53:13,6973.56,6955.0,23.3865,4886.0
15:53:13,6973.56,6960.0,371.1714,6884.0
15:53:13,6973.56,6965.0,1393.6556,7104.0
15:53:13,6973.56,6970.0,846.6953,11397.0
15:53:13,6973.56,6975.0,1698.8369,11548.0
15:53:13,6973.56,6980.0,1720.5764,16145.0
15:53:13,6973.56,6985.0,1611.4428,13102.0
15:53:13,6973.56,6990.0,1097.6662,10221.0
15:53:13,6973.56,6995.0,731.2307,9150.0
15:53:13,6973.56,7000.0,2868.0527,22235.0
15:53:13,6973.56,7005.0,1686.4348,10044.0
15:53:13,6973.56,7010.0,922.1841,8933.0
15:53:13,6973.56,7015.0,929.175,8752.0
15:53:13,6973.56,7020.0,812.8601,9392.0
15:53:13,6973.56,7025.0,2720.4238,9906.0
15:53:13,6973.56,7030.0,1089.9098,5700.0
15:53:13,6973.56,7035.0,998.7734,3841.0
15:53:13,6973.56,7040.0,230.8715,4609.0
15:53:13,6973.56,7045.0,85.3142,2829.0
15:55:23,6974.35,6900.0,-423.1408,6130.0
15:55:23,6974.35,6905.0,-76.3951,3103.0
15:55:23,6974.35,6910.0,-105.75,3735.0
15:55:23,6974.35,6915.0,-123.1466,3510.0
15:55:23,6974.35,6920.0,-94.9123,4969.0
15:55:23,6974.35,6925.0,177.2423,5441.0
15:55:23,6974.35,6930.0,10.3767,6218.0
15:55:23,6974.35,6935.0,210.0126,5174.0
15:55:23,6974.35,6940.0,93.4946,8554.0
15:55:23,6974.35,6945.0,1.1576,5422.0
15:55:23,6974.35,6950.0,613.8478,11585.0
15:55:23,6974.35,6955.0,23.3918,5154.0
15:55:23,6974.35,6960.0,365.9236,7264.0
15:55:23,6974.35,6965.0,1397.902,7505.0
15:55:23,6974.35,6970.0,857.6517,12276.0
15:55:23,6974.35,6975.0,1731.9831,12364.0
15:55:23,6974.35,6980.0,1768.9273,16568.0
15:55:23,6974.35,6985.0,1634.3238,13516.0
15:55:23,6974.35,6990.0,1097.9149,10842.0
15:55:23,6974.35,6995.0,731.3964,9450.0
15:55:23,6974.35,7000.0,2961.0325,23202.0
15:55:23,6974.35,7005.0,1686.8169,10326.0
15:55:23,6974.35,7010.0,936.5795,9365.0
15:55:23,6974.35,7015.0,932.0057,8907.0
15:55:23,6974.35,7020.0,882.8352,9601.0
15:55:23,6974.35,7025.0,2837.4029,10080.0
15:55:23,6974.35,7030.0,1257.6882,5944.0
15:55:23,6974.35,7035.0,1018.5155,3936.0
15:55:23,6974.35,7040.0,230.9238,4757.0
15:55:23,6974.35,7045.0,85.3335,2908.0
15:57:33,6977.25,6905.0,-76.4586,3178.0
15:57:33,6977.25,6910.0,-105.838,3840.0
15:57:33,6977.25,6915.0,-127.5079,3634.0
15:57:33,6977.25,6920.0,-94.7468,5213.0
15:57:33,6977.25,6925.0,200.0802,5546.0
15:57:33,6977.25,6930.0,36.981,6355.0
15:57:33,6977.25,6935.0,210.1873,5426.0
15:57:33,6977.25,6940.0,93.5724,8924.0
15:57:33,6977.25,6945.0,1.1586,5710.0
15:57:33,6977.25,6950.0,614.3584,12082.0
15:57:33,6977.25,6955.0,33.622,5396.0
15:57:33,6977.25,6960.0,366.228,7629.0
15:57:33,6977.25,6965.0,1406.485,7823.0
15:57:33,6977.25,6970.0,862.9361,12981.0
15:57:33,6977.25,6975.0,1758.3798,13229.0
15:57:33,6977.25,6980.0,1810.6885,17173.0
15:57:33,6977.25,6985.0,1732.745,13857.0
15:57:33,6977.25,6990.0,1098.8282,11205.0
15:57:33,6977.25,6995.0,732.0048,9758.0
15:57:33,6977.25,7000.0,2963.4954,23958.0
15:57:33,6977.25,7005.0,1688.22,10573.0
15:57:33,6977.25,7010.0,937.3585,9784.0
15:57:33,6977.25,7015.0,932.7809,9095.0
15:57:33,6977.25,7020.0,883.5695,9762.0
15:57:33,6977.25,7025.0,2936.4349,10269.0
15:57:33,6977.25,7030.0,1296.0062,6145.0
15:57:33,6977.25,7035.0,1033.3282,4019.0
15:57:33,6977.25,7040.0,231.1159,4833.0
15:57:33,6977.25,7045.0,94.5111,2946.0
15:57:33,6977.25,7050.0,743.1733,4517.0
15:59:42,6980.36,6910.0,-99.8495,4037.0
15:59:42,6980.36,6915.0,-118.185,3797.0
15:59:42,6980.36,6920.0,-94.8312,5718.0
15:59:42,6980.36,6925.0,114.4904,5806.0
15:59:42,6980.36,6930.0,8.6132,6676.0
15:59:42,6980.36,6935.0,172.1249,5630.0
15:59:42,6980.36,6940.0,81.9452,9503.0
15:59:42,6980.36,6945.0,0.9891,6014.0
15:59:42,6980.36,6950.0,542.0299,12792.0
15:59:42,6980.36,6955.0,21.042,5774.0
15:59:42,6980.36,6960.0,346.8022,8158.0
15:59:42,6980.36,6965.0,1355.3757,8368.0
15:59:42,6980.36,6970.0,866.0592,14014.0
15:59:42,6980.36,6975.0,1799.6836,14720.0
15:59:42,6980.36,6980.0,1890.0942,19016.0
15:59:42,6980.36,6985.0,1837.7494,14703.0
15:59:42,6980.36,6990.0,1286.1927,12539.0
15:59:42,6980.36,6995.0,872.9044,10371.0
15:59:42,6980.36,7000.0,3561.9466,25276.0
15:59:42,6980.36,7005.0,2089.3541,11034.0
15:59:42,6980.36,7010.0,1149.1671,10332.0
15:59:42,6980.36,7015.0,1171.9926,9500.0
15:59:42,6980.36,7020.0,1044.5062,10241.0
15:59:42,6980.36,7025.0,3224.9386,10547.0
15:59:42,6980.36,7030.0,1470.998,6424.0
15:59:42,6980.36,7035.0,1166.754,4352.0
15:59:42,6980.36,7040.0,302.2237,5016.0
15:59:42,6980.36,7045.0,94.5954,3001.0
15:59:42,6980.36,7050.0,751.9103,4705.0
15:59:42,6980.36,7055.0,54.8609,1403.0
16:01:52,6975.95,6905.0,-67.6949,3318.0
16:01:52,6975.95,6910.0,-96.8617,4205.0
16:01:52,6975.95,6915.0,-111.9768,4080.0
16:01:52,6975.95,6920.0,-88.7036,5917.0
16:01:52,6975.95,6925.0,149.9838,6085.0
16:01:52,6975.95,6930.0,8.6023,7146.0
16:01:52,6975.95,6935.0,171.9075,6046.0
16:01:52,6975.95,6940.0,81.8417,10631.0
16:01:52,6975.95,6945.0,1.1446,6484.0
16:01:52,6975.95,6950.0,612.6285,14132.0
16:01:52,6975.95,6955.0,23.9886,6496.0
16:01:52,6975.95,6960.0,386.3551,8955.0
16:01:52,6975.95,6965.0,1487.561,9473.0
16:01:52,6975.95,6970.0,938.0605,14976.0
16:01:52,6975.95,6975.0,1914.8119,16447.0
16:01:52,6975.95,6980.0,1960.329,20747.0
16:01:52,6975.95,6985.0,1845.2425,15759.0
16:01:52,6975.95,6990.0,1252.5198,13602.0
16:01:52,6975.95,6995.0,815.5944,11013.0
16:01:52,6975.95,7000.0,3199.2927,26514.0
16:01:52,6975.95,7005.0,1846.5015,11723.0
16:01:52,6975.95,7010.0,948.4715,11057.0
16:01:52,6975.95,7015.0,1170.5122,10103.0
16:01:52,6975.95,7020.0,1043.1868,10691.0
16:01:52,6975.95,7025.0,3220.8651,10986.0
16:01:52,6975.95,7030.0,1127.5786,6643.0
16:01:52,6975.95,7035.0,999.6242,4493.0
16:01:52,6975.95,7040.0,260.8573,5109.0
16:01:52,6975.95,7045.0,94.4759,3057.0
16:01:52,6975.95,7050.0,646.3859,4859.0
16:04:01,6977.42,6905.0,-61.1794,3454.0
16:04:01,6977.42,6910.0,-88.4061,4351.0
16:04:01,6977.42,6915.0,-112.024,4142.0
16:04:01,6977.42,6920.0,-88.741,6027.0
16:04:01,6977.42,6925.0,150.047,6413.0
16:04:01,6977.42,6930.0,8.6059,7391.0
16:04:01,6977.42,6935.0,182.445,6340.0
16:04:01,6977.42,6940.0,83.3864,10858.0
16:04:01,6977.42,6945.0,1.0442,6661.0
16:04:01,6977.42,6950.0,555.8159,14550.0
16:04:01,6977.42,6955.0,22.5096,6749.0
16:04:01,6977.42,6960.0,360.4514,9274.0
16:04:01,6977.42,6965.0,1527.0576,9770.0
16:04:01,6977.42,6970.0,938.4559,15555.0
16:04:01,6977.42,6975.0,1841.9249,17462.0
16:04:01,6977.42,6980.0,1961.1552,21618.0
16:04:01,6977.42,6985.0,1846.0203,16269.0
16:04:01,6977.42,6990.0,1275.9068,14149.0
16:04:01,6977.42,6995.0,850.7797,11304.0
16:04:01,6977.42,7000.0,3430.746,27143.0
16:04:01,6977.42,7005.0,2006.6219,12196.0
16:04:01,6977.42,7010.0,1079.8987,11408.0
16:04:01,6977.42,7015.0,1081.9136,10330.0
16:04:01,6977.42,7020.0,962.275,10862.0
16:04:01,6977.42,7025.0,3222.2226,11219.0
16:04:01,6977.42,7030.0,1128.0539,6720.0
16:04:01,6977.42,7035.0,1000.0455,4584.0
16:04:01,6977.42,7040.0,313.9418,5155.0
16:04:01,6977.42,7045.0,101.2376,3104.0
16:04:01,6977.42,7050.0,793.7504,4961.0
16:06:11,6976.07,6905.0,-65.5069,3519.0
16:06:11,6976.07,6910.0,-93.4093,4422.0
16:06:11,6976.07,6915.0,-114.9638,4225.0
16:06:11,6976.07,6920.0,-88.3748,6130.0
16:06:11,6976.07,6925.0,156.9822,6569.0
16:06:11,6976.07,6930.0,9.3533,7666.0
16:06:11,6976.07,6935.0,182.3744,6594.0
16:06:11,6976.07,6940.0,83.3541,11182.0
16:06:11,6976.07,6945.0,1.1209,6853.0
16:06:11,6976.07,6950.0,592.1496,15359.0
16:06:11,6976.07,6955.0,23.6333,7474.0
16:06:11,6976.07,6960.0,378.6873,9557.0
16:06:11,6976.07,6965.0,1449.1312,10371.0
16:06:11,6976.07,6970.0,904.3265,16017.0
16:06:11,6976.07,6975.0,1853.7211,18180.0
16:06:11,6976.07,6980.0,1899.805,22456.0
16:06:11,6976.07,6985.0,1816.9904,16714.0
16:06:11,6976.07,6990.0,1241.779,14522.0
16:06:11,6976.07,6995.0,813.2544,11545.0
16:06:11,6976.07,7000.0,3270.7191,28079.0
16:06:11,6976.07,7005.0,1893.596,12602.0
16:06:11,6976.07,7010.0,983.2533,11797.0
16:06:11,6976.07,7015.0,1081.4949,10644.0
16:06:11,6976.07,7020.0,964.2866,10985.0
16:06:11,6976.07,7025.0,2958.8143,11444.0
16:06:11,6976.07,7030.0,1273.0201,6942.0
16:06:11,6976.07,7035.0,1037.7306,4665.0
16:06:11,6976.07,7040.0,291.6041,5236.0
16:06:11,6976.07,7045.0,95.2694,3234.0
16:06:11,6976.07,7050.0,736.8212,5006.0
16:08:20,6978.05,6905.0,-65.5902,3572.0
16:08:20,6978.05,6910.0,-93.762,4530.0
16:08:20,6978.05,6915.0,-110.4815,4378.0
16:08:20,6978.05,6920.0,-88.425,6255.0
16:08:20,6978.05,6925.0,157.0713,6717.0
16:08:20,6978.05,6930.0,9.3586,7877.0
16:08:20,6978.05,6935.0,192.0485,6808.0
16:08:20,6978.05,6940.0,91.4079,11452.0
16:08:20,6978.05,6945.0,1.1216,7197.0
16:08:20,6978.05,6950.0,579.6465,16846.0
16:08:20,6978.05,6955.0,22.8997,8644.0
16:08:20,6978.05,6960.0,369.6442,10016.0
16:08:20,6978.05,6965.0,1428.594,10711.0
16:08:20,6978.05,6970.0,892.2987,16857.0
16:08:20,6978.05,6975.0,1867.4591,18911.0
16:08:20,6978.05,6980.0,1933.1354,23355.0
16:08:20,6978.05,6985.0,1858.7354,17218.0
16:08:20,6978.05,6990.0,1219.3637,15331.0
16:08:20,6978.05,6995.0,852.81,11952.0
16:08:20,6978.05,7000.0,3359.0673,29304.0
16:08:20,6978.05,7005.0,1940.4819,12975.0
16:08:20,6978.05,7010.0,983.8116,12204.0
16:08:20,6978.05,7015.0,958.4176,10806.0
16:08:20,6978.05,7020.0,901.5331,11225.0
16:08:20,6978.05,7025.0,2960.4942,11634.0
16:08:20,6978.05,7030.0,1273.7429,7009.0
16:08:20,6978.05,7035.0,1038.3198,4774.0
16:08:20,6978.05,7040.0,291.7697,5522.0
16:08:20,6978.05,7045.0,90.3732,3292.0
16:08:20,6978.05,7050.0,716.8339,5098.0
16:10:30,6978.99,6905.0,-65.6078,3614.0
16:10:30,6978.99,6910.0,-93.7872,4553.0
16:10:30,6978.99,6915.0,-110.5113,4406.0
16:10:30,6978.99,6920.0,-88.4488,6389.0
16:10:30,6978.99,6925.0,147.0792,6785.0
16:10:30,6978.99,6930.0,8.7947,8030.0
16:10:30,6978.99,6935.0,179.6527,6884.0
16:10:30,6978.99,6940.0,81.7249,11758.0
16:10:30,6978.99,6945.0,1.0428,7357.0
16:10:30,6978.99,6950.0,579.8027,17297.0
16:10:30,6978.99,6955.0,22.9058,8903.0
16:10:30,6978.99,6960.0,369.7438,10210.0
16:10:30,6978.99,6965.0,1431.7687,10942.0
16:10:30,6978.99,6970.0,892.5391,17328.0
16:10:30,6978.99,6975.0,1878.6737,19660.0
16:10:30,6978.99,6980.0,1953.9341,24155.0
16:10:30,6978.99,6985.0,1879.0868,17639.0
16:10:30,6978.99,6990.0,1219.6922,15753.0
16:10:30,6978.99,6995.0,853.0397,12177.0
16:10:30,6978.99,7000.0,3359.9723,30500.0
16:10:30,6978.99,7005.0,1941.0047,13690.0
16:10:30,6978.99,7010.0,1069.7078,12415.0
16:10:30,6978.99,7015.0,1081.4158,11046.0
16:10:30,6978.99,7020.0,955.4496,11402.0
16:10:30,6978.99,7025.0,3148.189,11849.0
16:10:30,6978.99,7030.0,1366.6645,7158.0
16:10:30,6978.99,7035.0,1108.6674,4790.0
16:10:30,6978.99,7040.0,291.8483,5596.0
16:10:30,6978.99,7045.0,90.3976,3347.0
16:10:30,6978.99,7050.0,717.027,5198.0
16:12:40,6980.7,6910.0,-88.525,4607.0
16:12:40,6980.7,6915.0,-103.56,4489.0
16:12:40,6980.7,6920.0,-81.9635,6481.0
16:12:40,6980.7,6925.0,144.8192,7043.0
16:12:40,6980.7,6930.0,8.799,8323.0
16:12:40,6980.7,6935.0,179.7407,7018.0
16:12:40,6980.7,6940.0,81.765,12096.0
16:12:40,6980.7,6945.0,1.0433,7762.0
16:12:40,6980.7,6950.0,541.8456,17884.0
16:12:40,6980.7,6955.0,21.6199,9208.0
16:12:40,6980.7,6960.0,354.0279,10571.0
16:12:40,6980.7,6965.0,1398.7578,11239.0
16:12:40,6980.7,6970.0,890.2448,17951.0
16:12:40,6980.7,6975.0,1871.8092,20419.0
16:12:40,6980.7,6980.0,1972.5463,25352.0
16:12:40,6980.7,6985.0,1922.0231,18123.0
16:12:40,6980.7,6990.0,1329.4388,16285.0
16:12:40,6980.7,6995.0,886.6872,12572.0
16:12:40,6980.7,7000.0,3601.326,31701.0
16:12:40,6980.7,7005.0,2136.6452,13977.0
16:12:40,6980.7,7010.0,1120.4772,13298.0
16:12:40,6980.7,7015.0,1134.4494,11308.0
16:12:40,6980.7,7020.0,955.9178,11695.0
16:12:40,6980.7,7025.0,3149.732,12314.0
16:12:40,6980.7,7030.0,1367.3343,7276.0
16:12:40,6980.7,7035.0,1108.9768,4846.0
16:12:40,6980.7,7040.0,299.3438,5646.0
16:12:40,6980.7,7045.0,96.908,3478.0
16:12:40,6980.7,7050.0,749.669,5220.0
16:12:40,6980.7,7055.0,54.8727,1591.0
16:14:50,6982.84,6910.0,-88.5793,4677.0
16:14:50,6982.84,6915.0,-103.6235,4615.0
16:14:50,6982.84,6920.0,-82.0137,6592.0
16:14:50,6982.84,6925.0,167.1228,7264.0
16:14:50,6982.84,6930.0,8.8044,8472.0
16:14:50,6982.84,6935.0,165.3902,7147.0
16:14:50,6982.84,6940.0,78.8875,12614.0
16:14:50,6982.84,6945.0,0.9933,8011.0
16:14:50,6982.84,6950.0,542.1779,18609.0
16:14:50,6982.84,6955.0,21.6332,9540.0
16:14:50,6982.84,6960.0,354.245,11085.0
16:14:50,6982.84,6965.0,1360.907,11508.0
16:14:50,6982.84,6970.0,890.7907,18680.0
16:14:50,6982.84,6975.0,1867.315,21167.0
16:14:50,6982.84,6980.0,1994.561,26955.0
16:14:50,6982.84,6985.0,1953.1031,19134.0
16:14:50,6982.84,6990.0,1368.0424,16844.0
16:14:50,6982.84,6995.0,931.8824,13029.0
16:14:50,6982.84,7000.0,3564.0078,33159.0
16:14:50,6982.84,7005.0,2137.9554,14373.0
16:14:50,6982.84,7010.0,1148.573,14128.0
16:14:50,6982.84,7015.0,1135.1451,11488.0
16:14:50,6982.84,7020.0,1007.6795,11949.0
16:14:50,6982.84,7025.0,3151.8532,12524.0
16:14:50,6982.84,7030.0,1394.0112,7468.0
16:14:50,6982.84,7035.0,1109.6568,4894.0
16:14:50,6982.84,7040.0,299.46,5707.0
16:14:50,6982.84,7045.0,111.0105,3492.0
16:14:50,6982.84,7050.0,750.1287,5252.0
16:14:50,6982.84,7055.0,47.9641,1601.0
16:14:58,6983.16,6910.0,-80.3213,4677.0
16:14:58,6983.16,6915.0,-92.721,4615.0
16:14:58,6983.16,6920.0,-72.8281,6601.0
16:14:58,6983.16,6925.0,134.5063,7305.0
16:14:58,6983.16,6930.0,7.8267,8506.0
16:14:58,6983.16,6935.0,161.7954,7153.0
16:14:58,6983.16,6940.0,73.5799,12617.0
16:14:58,6983.16,6945.0,0.9384,8049.0
16:14:58,6983.16,6950.0,517.6034,18626.0
16:14:58,6983.16,6955.0,20.6693,9562.0
16:14:58,6983.16,6960.0,337.929,11106.0
16:14:58,6983.16,6965.0,1361.0317,11599.0
16:14:58,6983.16,6970.0,876.3864,18752.0
16:14:58,6983.16,6975.0,1867.4862,21218.0
16:14:58,6983.16,6980.0,1994.7438,27011.0
16:14:58,6983.16,6985.0,1953.2821,19202.0
16:14:58,6983.16,6990.0,1368.1678,16877.0
16:14:58,6983.16,6995.0,931.9678,13199.0
16:14:58,6983.16,7000.0,3792.458,33186.0
16:14:58,6983.16,7005.0,2261.1576,14389.0
16:14:58,6983.16,7010.0,1214.6992,14139.0
16:14:58,6983.16,7015.0,1207.3706,11496.0
16:14:58,6983.16,7020.0,1081.5778,11952.0
16:14:58,6983.16,7025.0,3585.098,12538.0
16:14:58,6983.16,7030.0,1562.9653,7501.0
16:14:58,6983.16,7035.0,1218.1243,4896.0
16:14:58,6983.16,7040.0,338.1888,5707.0
16:14:58,6983.16,7045.0,111.0207,3492.0
16:14:58,6983.16,7050.0,847.6671,5253.0
16:14:58,6983.16,7055.0,52.7792,1601.0
16:17:00,6986.32,6915.0,-92.8049,4739.0
16:17:00,6986.32,6920.0,-72.894,6885.0
16:17:00,6986.32,6925.0,134.6281,7411.0
16:17:00,6986.32,6930.0,7.8338,8893.0
16:17:00,6986.32,6935.0,161.9419,7479.0
16:17:00,6986.32,6940.0,73.6465,13247.0
16:17:00,6986.32,6945.0,0.9393,8330.0
16:17:00,6986.32,6950.0,518.0719,19437.0
16:17:00,6986.32,6955.0,61.607,9867.0
16:17:00,6986.32,6960.0,338.2349,11785.0
16:17:00,6986.32,6965.0,1405.6888,12271.0
16:17:00,6986.32,6970.0,877.1798,19581.0
16:17:00,6986.32,6975.0,1871.2946,22335.0
16:17:00,6986.32,6980.0,1985.8824,28926.0
16:17:00,6986.32,6985.0,2024.1852,20877.0
16:17:00,6986.32,6990.0,1462.8187,18289.0
16:17:00,6986.32,6995.0,932.8115,14288.0
16:17:00,6986.32,7000.0,3795.891,34764.0
16:17:00,6986.32,7005.0,2263.2045,15024.0
16:17:00,6986.32,7010.0,1215.7988,14788.0
16:17:00,6986.32,7015.0,1208.4636,11965.0
16:17:00,6986.32,7020.0,1082.5569,12384.0
16:17:00,6986.32,7025.0,3588.3434,12854.0
16:17:00,6986.32,7030.0,1564.3801,7816.0
16:17:00,6986.32,7035.0,1219.227,5015.0
16:17:00,6986.32,7040.0,338.495,5817.0
16:17:00,6986.32,7045.0,111.1212,3624.0
16:17:00,6986.32,7050.0,848.4345,5517.0
16:17:00,6986.32,7055.0,52.827,1683.0
16:17:00,6986.32,7060.0,130.8098,2374.0
16:19:09,6985.92,6915.0,-85.8461,4857.0
16:19:09,6985.92,6920.0,-68.0414,7068.0
16:19:09,6985.92,6925.0,119.991,7615.0
16:19:09,6985.92,6930.0,7.8329,9133.0
16:19:09,6985.92,6935.0,161.9233,7712.0
16:19:09,6985.92,6940.0,73.6381,13763.0
16:19:09,6985.92,6945.0,0.9392,8777.0
16:19:09,6985.92,6950.0,472.8229,20952.0
16:19:09,6985.92,6955.0,26.6426,10354.0
16:19:09,6985.92,6960.0,314.7953,12323.0
16:19:09,6985.92,6965.0,1277.2733,12580.0
16:19:09,6985.92,6970.0,840.5895,20114.0
16:19:09,6985.92,6975.0,1827.9358,23131.0
16:19:09,6985.92,6980.0,2022.0388,30282.0
16:19:09,6985.92,6985.0,2054.5306,22576.0
16:19:09,6985.92,6990.0,1477.3435,19615.0
16:19:09,6985.92,6995.0,1030.7882,14934.0
16:19:09,6985.92,7000.0,4265.3851,36202.0
16:19:09,6985.92,7005.0,2549.4536,15748.0
16:19:09,6985.92,7010.0,1360.7461,15702.0
16:19:09,6985.92,7015.0,1341.9518,12437.0
16:19:09,6985.92,7020.0,1111.5974,12684.0
16:19:09,6985.92,7025.0,3587.9325,13254.0
16:19:09,6985.92,7030.0,1564.201,8149.0
16:19:09,6985.92,7035.0,1219.0874,5143.0
16:19:09,6985.92,7040.0,338.4562,5957.0
16:19:09,6985.92,7045.0,111.1085,3643.0
16:19:09,6985.92,7050.0,820.3199,5671.0
16:19:09,6985.92,7055.0,52.821,1748.0
16:19:09,6985.92,7060.0,220.4638,2384.0
16:21:19,6984.64,6910.0,-80.3553,5475.0
16:21:19,6984.64,6915.0,-82.152,4950.0
16:21:19,6984.64,6920.0,-68.0165,7459.0
16:21:19,6984.64,6925.0,119.9471,7972.0
16:21:19,6984.64,6930.0,29.5095,9277.0
16:21:19,6984.64,6935.0,146.9295,7861.0
16:21:19,6984.64,6940.0,67.461,14060.0
16:21:19,6984.64,6945.0,0.8588,9054.0
16:21:19,6984.64,6950.0,472.6497,21648.0
16:21:19,6984.64,6955.0,18.9743,10988.0
16:21:19,6984.64,6960.0,314.68,12969.0
16:21:19,6984.64,6965.0,1261.3559,13250.0
16:21:19,6984.64,6970.0,840.2815,20708.0
16:21:19,6984.64,6975.0,1825.1271,23774.0
16:21:19,6984.64,6980.0,2058.4406,31421.0
16:21:19,6984.64,6985.0,2072.732,23755.0
16:21:19,6984.64,6990.0,1486.3119,20799.0
16:21:19,6984.64,6995.0,1030.4105,15532.0
16:21:19,6984.64,7000.0,4263.8222,37269.0
16:21:19,6984.64,7005.0,2548.5195,16243.0
16:21:19,6984.64,7010.0,1360.2475,16281.0
16:21:19,6984.64,7015.0,1341.4601,12628.0
16:21:19,6984.64,7020.0,1141.0796,12938.0
16:21:19,6984.64,7025.0,3763.6112,13873.0
16:21:19,6984.64,7030.0,1582.0586,8426.0
16:21:19,6984.64,7035.0,1218.6407,5295.0
16:21:19,6984.64,7040.0,303.8087,6043.0
16:21:19,6984.64,7045.0,103.5088,3922.0
16:21:19,6984.64,7050.0,753.5649,6005.0
16:21:19,6984.64,7055.0,45.6893,1804.0
16:23:29,6988.84,6915.0,-82.2508,5035.0
16:23:29,6988.84,6920.0,-68.0983,7540.0
16:23:29,6988.84,6925.0,122.552,8071.0
16:23:29,6988.84,6930.0,6.1838,9693.0
16:23:29,6988.84,6935.0,147.1063,7976.0
16:23:29,6988.84,6940.0,70.0424,14547.0
16:23:29,6988.84,6945.0,0.7992,9340.0
16:23:29,6988.84,6950.0,443.7022,22237.0
16:23:29,6988.84,6955.0,17.8801,11227.0
16:23:29,6988.84,6960.0,294.1322,13345.0
16:23:29,6988.84,6965.0,1262.8734,13500.0
16:23:29,6988.84,6970.0,841.2923,21249.0
16:23:29,6988.84,6975.0,1827.3228,24490.0
16:23:29,6988.84,6980.0,2060.9169,32499.0
16:23:29,6988.84,6985.0,2045.5278,25092.0
16:23:29,6988.84,6990.0,1502.8156,22367.0
16:23:29,6988.84,6995.0,1031.6501,16629.0
16:23:29,6988.84,7000.0,4268.9516,39689.0
16:23:29,6988.84,7005.0,2551.5853,17116.0
16:23:29,6988.84,7010.0,1361.8839,18498.0
16:23:29,6988.84,7015.0,1450.9819,13552.0
16:23:29,6988.84,7020.0,1255.8154,13583.0
16:23:29,6988.84,7025.0,3922.0501,14421.0
16:23:29,6988.84,7030.0,1687.938,8846.0
16:23:29,6988.84,7035.0,1220.1067,5476.0
16:23:29,6988.84,7040.0,304.1742,6311.0
16:23:29,6988.84,7045.0,100.997,4183.0
16:23:29,6988.84,7050.0,754.4715,6113.0
16:23:29,6988.84,7055.0,45.7442,1817.0
16:23:29,6988.84,7060.0,220.6481,2549.0
16:25:39,6990.85,6920.0,-68.1375,7699.0
16:25:39,6990.85,6925.0,122.6225,8423.0
16:25:39,6990.85,6930.0,0.6556,9930.0
16:25:39,6990.85,6935.0,124.6149,8341.0
16:25:39,6990.85,6940.0,104.2221,15095.0
16:25:39,6990.85,6945.0,0.7996,9671.0
16:25:39,6990.85,6950.0,443.9575,23117.0
16:25:39,6990.85,6955.0,17.8904,11582.0
16:25:39,6990.85,6960.0,294.3014,14135.0
16:25:39,6990.85,6965.0,1344.0769,14156.0
16:25:39,6990.85,6970.0,841.7763,21856.0
16:25:39,6990.85,6975.0,1778.7116,25456.0
16:25:39,6990.85,6980.0,1975.6692,33992.0
16:25:39,6990.85,6985.0,2002.437,27055.0
16:25:39,6990.85,6990.0,1498.2488,24679.0
16:25:39,6990.85,6995.0,1071.9398,18002.0
16:25:39,6990.85,7000.0,4271.4074,44457.0
16:25:39,6990.85,7005.0,2553.0532,18360.0
16:25:39,6990.85,7010.0,1362.6673,20472.0
16:25:39,6990.85,7015.0,1451.8167,14319.0
16:25:39,6990.85,7020.0,1256.5379,15122.0
16:25:39,6990.85,7025.0,3924.3064,15475.0
16:25:39,6990.85,7030.0,1688.909,9349.0
16:25:39,6990.85,7035.0,1310.05,6069.0
16:25:39,6990.85,7040.0,376.2428,6942.0
16:25:39,6990.85,7045.0,132.1846,4449.0
16:25:39,6990.85,7050.0,1026.1422,6426.0
16:25:39,6990.85,7055.0,45.7705,1930.0
16:25:39,6990.85,7060.0,220.7751,2594.0
16:25:39,6990.85,7065.0,24.478,2332.0
16:27:49,6992.35,6920.0,-55.6768,7773.0
16:27:49,6992.35,6925.0,122.6751,8573.0
16:27:49,6992.35,6930.0,5.712,10141.0
16:27:49,6992.35,6935.0,117.5577,8818.0
16:27:49,6992.35,6940.0,53.5915,15344.0
16:27:49,6992.35,6945.0,18.928,9897.0
16:27:49,6992.35,6950.0,504.3632,23929.0
16:27:49,6992.35,6955.0,44.1114,11865.0
16:27:49,6992.35,6960.0,325.3987,14811.0
16:27:49,6992.35,6965.0,1376.5066,14913.0
16:27:49,6992.35,6970.0,842.1376,22307.0
16:27:49,6992.35,6975.0,1692.6904,26114.0
16:27:49,6992.35,6980.0,1868.016,35060.0
16:27:49,6992.35,6985.0,1993.303,28169.0
16:27:49,6992.35,6990.0,1502.0166,27421.0
16:27:49,6992.35,6995.0,1102.1522,20291.0
16:27:49,6992.35,7000.0,4813.7934,46439.0
16:27:49,6992.35,7005.0,2554.1489,19165.0
16:27:49,6992.35,7010.0,1363.2522,21827.0
16:27:49,6992.35,7015.0,1452.4398,15081.0
16:27:49,6992.35,7020.0,1257.0772,15663.0
16:27:49,6992.35,7025.0,4512.0204,15949.0
16:27:49,6992.35,7030.0,1689.4141,9704.0
16:27:49,6992.35,7035.0,1504.3973,6369.0
16:27:49,6992.35,7040.0,411.4665,7579.0
16:27:49,6992.35,7045.0,134.0702,4585.0
16:27:49,6992.35,7050.0,1054.9188,6505.0
16:27:49,6992.35,7055.0,45.7902,2017.0
16:27:49,6992.35,7060.0,261.5205,2706.0
16:27:49,6992.35,7065.0,26.9389,2349.0
16:30:01,6992.61,6920.0,-55.6809,7967.0
16:30:01,6992.61,6925.0,122.6842,8698.0
16:30:01,6992.61,6930.0,5.7124,10288.0
16:30:01,6992.61,6935.0,117.5665,8949.0
16:30:01,6992.61,6940.0,64.621,15604.0
16:30:01,6992.61,6945.0,0.6944,10165.0
16:30:01,6992.61,6950.0,376.2734,24238.0
16:30:01,6992.61,6955.0,15.4606,12319.0
16:30:01,6992.61,6960.0,325.4229,15388.0
16:30:01,6992.61,6965.0,1374.7755,15369.0
16:30:01,6992.61,6970.0,842.2002,22873.0
16:30:01,6992.61,6975.0,1691.9028,26577.0
16:30:01,6992.61,6980.0,1868.1549,35708.0
16:30:01,6992.61,6985.0,1981.0558,28801.0
16:30:01,6992.61,6990.0,1508.6876,29743.0
16:30:01,6992.61,6995.0,1101.9395,21908.0
16:30:01,6992.61,7000.0,4814.1514,48148.0
16:30:01,6992.61,7005.0,3022.8884,19748.0
16:30:01,6992.61,7010.0,1363.3535,22373.0
16:30:01,6992.61,7015.0,1452.5478,15626.0
16:30:01,6992.61,7020.0,1257.1706,16115.0
16:30:01,6992.61,7025.0,4512.356,16423.0
16:30:01,6992.61,7030.0,1689.5398,9988.0
16:30:01,6992.61,7035.0,1504.5092,6566.0
16:30:01,6992.61,7040.0,411.4971,7713.0
16:30:01,6992.61,7045.0,130.7979,4665.0
16:30:01,6992.61,7050.0,1054.9972,6607.0
16:30:01,6992.61,7055.0,64.0666,2095.0
16:30:01,6992.61,7060.0,261.54,2770.0
16:30:01,6992.61,7065.0,26.9304,2360.0
16:32:11,6993.7,6920.0,-53.6829,8223.0
16:32:11,6993.7,6925.0,122.7225,9008.0
16:32:11,6993.7,6930.0,5.7142,10505.0
16:32:11,6993.7,6935.0,114.5597,9126.0
16:32:11,6993.7,6940.0,53.9034,15938.0
16:32:11,6993.7,6945.0,0.6564,10470.0
16:32:11,6993.7,6950.0,376.3907,24907.0
16:32:11,6993.7,6955.0,17.9038,12954.0
16:32:11,6993.7,6960.0,325.5243,16106.0
16:32:11,6993.7,6965.0,1399.332,16379.0
16:32:11,6993.7,6970.0,842.4628,23509.0
16:32:11,6993.7,6975.0,1694.7098,27090.0
16:32:11,6993.7,6980.0,1868.7374,36552.0
16:32:11,6993.7,6985.0,2000.0929,29679.0
16:32:11,6993.7,6990.0,1544.8245,31454.0
16:32:11,6993.7,6995.0,1134.8845,23389.0
16:32:11,6993.7,7000.0,5012.8168,50659.0
16:32:11,6993.7,7005.0,3023.8309,20518.0
16:32:11,6993.7,7010.0,1363.7786,23221.0
16:32:11,6993.7,7015.0,1453.0006,16162.0
16:32:11,6993.7,7020.0,1257.5626,16825.0
16:32:11,6993.7,7025.0,4513.7628,16941.0
16:32:11,6993.7,7030.0,1690.0665,10456.0
16:32:11,6993.7,7035.0,1550.3279,6725.0
16:32:11,6993.7,7040.0,414.8375,7970.0
16:32:11,6993.7,7045.0,131.7599,4752.0
16:32:11,6993.7,7050.0,990.6108,6680.0
16:32:11,6993.7,7055.0,60.6823,2215.0
16:32:11,6993.7,7060.0,259.2012,2792.0
16:32:11,6993.7,7065.0,28.7625,2400.0
16:34:20,6990.8,6920.0,-51.6336,8314.0
16:34:20,6990.8,6925.0,103.3677,9129.0
16:34:20,6990.8,6930.0,6.0196,10607.0
16:34:20,6990.8,6935.0,122.5268,9283.0
16:34:20,6990.8,6940.0,55.573,16806.0
16:34:20,6990.8,6945.0,0.6963,10704.0
16:34:20,6990.8,6950.0,406.7158,25330.0
16:34:20,6990.8,6955.0,16.247,15541.0
16:34:20,6990.8,6960.0,271.9821,16595.0
16:34:20,6990.8,6965.0,1128.4173,19010.0
16:34:20,6990.8,6970.0,760.0752,24403.0
16:34:20,6990.8,6975.0,1721.331,27682.0
16:34:20,6990.8,6980.0,1969.2732,37150.0
16:34:20,6990.8,6985.0,2106.7756,30360.0
16:34:20,6990.8,6990.0,1580.5063,32905.0
16:34:20,6990.8,6995.0,1136.5307,24749.0
16:34:20,6990.8,7000.0,4831.066,52441.0
16:34:20,6990.8,7005.0,3004.4484,21362.0
16:34:20,6990.8,7010.0,1636.7923,23850.0
16:34:20,6990.8,7015.0,1620.3486,16569.0
16:34:20,6990.8,7020.0,1415.0515,17260.0
16:34:20,6990.8,7025.0,4412.1577,17256.0
16:34:20,6990.8,7030.0,1839.2633,10598.0
16:34:20,6990.8,7035.0,1513.2388,6919.0
16:34:20,6990.8,7040.0,398.7624,8101.0
16:34:20,6990.8,7045.0,121.8476,4799.0
16:34:20,6990.8,7050.0,893.3545,6874.0
16:34:20,6990.8,7055.0,66.3442,2229.0
16:34:20,6990.8,7060.0,253.3702,2840.0
16:34:20,6990.8,7065.0,43.825,2403.0
16:36:30,6990.63,6920.0,-62.6745,8471.0
16:36:30,6990.63,6925.0,109.8134,9369.0
16:36:30,6990.63,6930.0,6.1662,10980.0
16:36:30,6990.63,6935.0,125.2843,9671.0
16:36:30,6990.63,6940.0,56.5427,17599.0
16:36:30,6990.63,6945.0,-11.407,11021.0
16:36:30,6990.63,6950.0,406.696,26583.0
16:36:30,6990.63,6955.0,16.2462,16744.0
16:36:30,6990.63,6960.0,271.9689,17224.0
16:36:30,6990.63,6965.0,1112.2586,20547.0
16:36:30,6990.63,6970.0,778.5924,24966.0
16:36:30,6990.63,6975.0,1719.11,28398.0
16:36:30,6990.63,6980.0,2003.5977,38418.0
16:36:30,6990.63,6985.0,2117.5355,31928.0
16:36:30,6990.63,6990.0,1585.3252,35459.0
16:36:30,6990.63,6995.0,1136.4154,26234.0
16:36:30,6990.63,7000.0,4813.1693,54193.0
16:36:30,6990.63,7005.0,2935.9398,22099.0
16:36:30,6990.63,7010.0,1588.0726,24756.0
16:36:30,6990.63,7015.0,1620.2698,17250.0
16:36:30,6990.63,7020.0,1414.9827,17770.0
16:36:30,6990.63,7025.0,4411.9431,17756.0
16:36:30,6990.63,7030.0,1839.1738,10873.0
16:36:30,6990.63,7035.0,1513.1652,7132.0
16:36:30,6990.63,7040.0,381.1434,8249.0
16:36:30,6990.63,7045.0,113.3682,4904.0
16:36:30,6990.63,7050.0,789.1769,6987.0
16:36:30,6990.63,7055.0,48.3151,2240.0
16:36:30,6990.63,7060.0,230.378,2870.0
16:36:30,6990.63,7065.0,39.9686,2444.0
16:38:39,6990.13,6920.0,-60.9507,8539.0
16:38:39,6990.13,6925.0,105.64,9484.0
16:38:39,6990.13,6930.0,8.5031,11000.0
16:38:39,6990.13,6935.0,123.6624,9695.0
16:38:39,6990.13,6940.0,56.5346,17668.0
16:38:39,6990.13,6945.0,-11.4053,11099.0
16:38:39,6990.13,6950.0,406.6378,26691.0
16:38:39,6990.13,6955.0,13.6627,16891.0
16:38:39,6990.13,6960.0,271.93,17400.0
16:38:39,6990.13,6965.0,1119.4337,20685.0
16:38:39,6990.13,6970.0,778.4811,25207.0
16:38:39,6990.13,6975.0,1717.2984,28663.0
16:38:39,6990.13,6980.0,1972.8644,38831.0
16:38:39,6990.13,6985.0,2077.2084,32269.0
16:38:39,6990.13,6990.0,1557.2884,36214.0
16:38:39,6990.13,6995.0,1116.441,26718.0
16:38:39,6990.13,7000.0,4753.3014,55050.0
16:38:39,6990.13,7005.0,2935.5198,22324.0
16:38:39,6990.13,7010.0,1587.8454,25268.0
16:38:39,6990.13,7015.0,1620.0381,17418.0
16:38:39,6990.13,7020.0,1414.7803,18081.0
16:38:39,6990.13,7025.0,4411.312,18194.0
16:38:39,6990.13,7030.0,1838.9108,10979.0
16:38:39,6990.13,7035.0,1510.6021,7425.0
16:38:39,6990.13,7040.0,381.0888,8311.0
16:38:39,6990.13,7045.0,113.352,4920.0
16:38:39,6990.13,7050.0,915.7912,7048.0
16:38:39,6990.13,7055.0,56.0124,2242.0
16:38:39,6990.13,7060.0,239.7161,2885.0
16:38:39,6990.13,7065.0,41.5922,2483.0
16:40:49,6988.06,6915.0,-82.2325,6096.0
16:40:49,6988.06,6920.0,-71.6627,8723.0
16:40:49,6988.06,6925.0,120.6784,9634.0
16:40:49,6988.06,6930.0,7.1479,11255.0
16:40:49,6988.06,6935.0,147.2373,10018.0
16:40:49,6988.06,6940.0,63.0651,18086.0
16:40:49,6988.06,6945.0,0.7179,11673.0
16:40:49,6988.06,6950.0,397.1992,27738.0
16:40:49,6988.06,6955.0,16.3665,17681.0
16:40:49,6988.06,6960.0,281.1096,18523.0
16:40:49,6988.06,6965.0,1123.2278,21863.0
16:40:49,6988.06,6970.0,769.6316,26487.0
16:40:49,6988.06,6975.0,1712.6906,29775.0
16:40:49,6988.06,6980.0,2003.0819,40793.0
16:40:49,6988.06,6985.0,2086.1457,34332.0
16:40:49,6988.06,6990.0,1548.821,38741.0
16:40:49,6988.06,6995.0,1101.0148,28112.0
16:40:49,6988.06,7000.0,4641.3652,57327.0
16:40:49,6988.06,7005.0,2952.5082,23238.0
16:40:49,6988.06,7010.0,1599.9768,26398.0
16:40:49,6988.06,7015.0,1580.7504,18060.0
16:40:49,6988.06,7020.0,1352.118,18865.0
16:40:49,6988.06,7025.0,4573.1088,18917.0
16:40:49,6988.06,7030.0,1907.0138,11607.0
16:40:49,6988.06,7035.0,1509.7076,7668.0
16:40:49,6988.06,7040.0,291.8062,8445.0
16:40:49,6988.06,7045.0,88.3835,5007.0
16:40:49,6988.06,7050.0,716.3594,7228.0
16:40:49,6988.06,7055.0,43.8595,2376.0
16:40:49,6988.06,7060.0,164.1768,2908.0
16:42:59,6988.36,6915.0,-75.4565,6174.0
16:42:59,6988.36,6920.0,-71.6689,8777.0
16:42:59,6988.36,6925.0,120.6888,9792.0
16:42:59,6988.36,6930.0,6.0789,11437.0
16:42:59,6988.36,6935.0,134.9567,10109.0
16:42:59,6988.36,6940.0,59.7234,18206.0
16:42:59,6988.36,6945.0,0.7549,11915.0
16:42:59,6988.36,6950.0,433.6611,28048.0
16:42:59,6988.36,6955.0,16.901,18022.0
16:42:59,6988.36,6960.0,295.8639,18899.0
16:42:59,6988.36,6965.0,1210.0408,22367.0
16:42:59,6988.36,6970.0,808.0985,26814.0
16:42:59,6988.36,6975.0,1766.0407,30137.0
16:42:59,6988.36,6980.0,2022.7536,41474.0
16:42:59,6988.36,6985.0,2121.1444,35596.0
16:42:59,6988.36,6990.0,1576.5432,40100.0
16:42:59,6988.36,6995.0,1113.0226,29071.0
16:42:59,6988.36,7000.0,4789.8404,58465.0
16:42:59,6988.36,7005.0,2846.4226,23747.0
16:42:59,6988.36,7010.0,1530.0384,26928.0
16:42:59,6988.36,7015.0,1491.2532,18663.0
16:42:59,6988.36,7020.0,1329.2989,19152.0
16:42:59,6988.36,7025.0,4226.3253,19374.0
16:42:59,6988.36,7030.0,1690.9937,11767.0
16:42:59,6988.36,7035.0,1509.8372,7845.0
16:42:59,6988.36,7040.0,291.8313,8513.0
16:42:59,6988.36,7045.0,122.7286,5035.0
16:42:59,6988.36,7050.0,884.6668,7256.0
16:42:59,6988.36,7055.0,43.8632,2418.0
16:42:59,6988.36,7060.0,164.1909,2917.0
16:45:08,6991.42,6920.0,-55.6087,8812.0
16:45:08,6991.42,6925.0,98.2749,9878.0
16:45:08,6991.42,6930.0,6.0842,11497.0
16:45:08,6991.42,6935.0,154.8748,10199.0
16:45:08,6991.42,6940.0,55.6097,18316.0
16:45:08,6991.42,6945.0,0.7065,12105.0
16:45:08,6991.42,6950.0,394.2876,28435.0
16:45:08,6991.42,6955.0,15.9868,18220.0
16:45:08,6991.42,6960.0,269.8523,19200.0
16:45:08,6991.42,6965.0,1071.7401,22688.0
16:45:08,6991.42,6970.0,808.8063,27125.0
16:45:08,6991.42,6975.0,1767.5876,30473.0
16:45:08,6991.42,6980.0,2024.5254,41930.0
16:45:08,6991.42,6985.0,2087.8896,36230.0
16:45:08,6991.42,6990.0,1587.1851,41133.0
16:45:08,6991.42,6995.0,1147.4816,29874.0
16:45:08,6991.42,7000.0,4794.036,59834.0
16:45:08,6991.42,7005.0,2848.9159,24212.0
16:45:08,6991.42,7010.0,1531.3787,27461.0
16:45:08,6991.42,7015.0,1492.5595,18819.0
16:45:08,6991.42,7020.0,1427.3982,19336.0
16:45:08,6991.42,7025.0,4601.4871,19550.0
16:45:08,6991.42,7030.0,1928.9664,11976.0
16:45:08,6991.42,7035.0,1434.0662,7916.0
16:45:08,6991.42,7040.0,390.4969,8591.0
16:45:08,6991.42,7045.0,125.0481,5099.0
16:45:08,6991.42,7050.0,885.4417,7282.0
16:45:08,6991.42,7055.0,55.8821,2434.0
16:45:08,6991.42,7060.0,221.4737,2928.0
16:45:08,6991.42,7065.0,38.6708,2514.0
16:47:18,6990.52,6920.0,-54.4321,8841.0
16:47:18,6990.52,6925.0,96.8453,10057.0
16:47:18,6990.52,6930.0,5.8306,11588.0
16:47:18,6990.52,6935.0,119.056,10287.0
16:47:18,6990.52,6940.0,60.5868,18420.0
16:47:18,6990.52,6945.0,0.7064,12171.0
16:47:18,6990.52,6950.0,394.1861,28656.0
16:47:18,6990.52,6955.0,15.9827,18526.0
16:47:18,6990.52,6960.0,277.9261,19420.0
16:47:18,6990.52,6965.0,1140.2658,22995.0
16:47:18,6990.52,6970.0,782.7728,27454.0
16:47:18,6990.52,6975.0,1764.3542,30795.0
16:47:18,6990.52,6980.0,2044.4588,42526.0
16:47:18,6990.52,6985.0,2174.5494,36709.0
16:47:18,6990.52,6990.0,1647.13,41938.0
16:47:18,6990.52,6995.0,1184.1333,30630.0
16:47:18,6990.52,7000.0,5036.533,60569.0
16:47:18,6990.52,7005.0,3085.8047,24521.0
16:47:18,6990.52,7010.0,1654.4481,27814.0
16:47:18,6990.52,7015.0,1625.1651,19080.0
16:47:18,6990.52,7020.0,1354.7388,19525.0
16:47:18,6990.52,7025.0,4645.8176,20485.0
16:47:18,6990.52,7030.0,1928.4698,12041.0
16:47:18,6990.52,7035.0,1433.6971,7966.0
16:47:18,6990.52,7040.0,390.3964,8661.0
16:47:18,6990.52,7045.0,109.1439,5117.0
16:47:18,6990.52,7050.0,871.3653,8260.0
16:47:18,6990.52,7055.0,52.7227,2449.0
16:47:18,6990.52,7060.0,227.7069,2938.0
16:47:18,6990.52,7065.0,39.7162,2537.0
16:49:27,6993.21,6920.0,-54.474,8869.0
16:49:27,6993.21,6925.0,96.9198,10224.0
16:49:27,6993.21,6930.0,-8.7604,11717.0
16:49:27,6993.21,6935.0,113.4665,10316.0
16:49:27,6993.21,6940.0,51.9909,18603.0
16:49:27,6993.21,6945.0,0.6631,12246.0
16:49:27,6993.21,6950.0,376.7088,28984.0
16:49:27,6993.21,6955.0,6.7487,19060.0
16:49:27,6993.21,6960.0,278.14,19719.0
16:49:27,6993.21,6965.0,1141.1435,23632.0
16:49:27,6993.21,6970.0,783.3753,28126.0
16:49:27,6993.21,6975.0,1765.7124,31097.0
16:49:27,6993.21,6980.0,2046.0326,43052.0
16:49:27,6993.21,6985.0,2135.6226,37247.0
16:49:27,6993.21,6990.0,1644.7562,42913.0
16:49:27,6993.21,6995.0,1206.7106,31302.0
16:49:27,6993.21,7000.0,5212.4899,61407.0
16:49:27,6993.21,7005.0,3088.18,24822.0
16:49:27,6993.21,7010.0,1771.7542,28380.0
16:49:27,6993.21,7015.0,1777.8235,19434.0
16:49:27,6993.21,7020.0,1355.7817,19870.0
16:49:27,6993.21,7025.0,4649.3938,20787.0
16:49:27,6993.21,7030.0,1942.3756,12257.0
16:49:27,6993.21,7035.0,1465.7326,8004.0
16:49:27,6993.21,7040.0,396.5865,8680.0
16:49:27,6993.21,7045.0,121.2695,5151.0
16:49:27,6993.21,7050.0,910.9176,8379.0
16:49:27,6993.21,7055.0,54.7019,2465.0
16:49:27,6993.21,7060.0,227.8822,3006.0
16:49:27,6993.21,7065.0,39.7468,2543.0
16:51:37,6992.16,6920.0,-50.6101,8965.0
16:51:37,6992.16,6925.0,90.591,10315.0
16:51:37,6992.16,6930.0,5.3972,11988.0
16:51:37,6992.16,6935.0,116.7739,10466.0
16:51:37,6992.16,6940.0,53.0527,18938.0
16:51:37,6992.16,6945.0,0.6629,12402.0
16:51:37,6992.16,6950.0,376.5957,29486.0
16:51:37,6992.16,6955.0,15.3165,19398.0
16:51:37,6992.16,6960.0,278.0565,20162.0
16:51:37,6992.16,6965.0,1157.2585,24076.0
16:51:37,6992.16,6970.0,783.1401,28688.0
16:51:37,6992.16,6975.0,1720.409,31641.0
16:51:37,6992.16,6980.0,1997.7922,43661.0
16:51:37,6992.16,6985.0,2134.9814,38141.0
16:51:37,6992.16,6990.0,1676.9137,44474.0
16:51:37,6992.16,6995.0,1206.3483,32619.0
16:51:37,6992.16,7000.0,5299.3116,62822.0
16:51:37,6992.16,7005.0,3087.2527,25386.0
16:51:37,6992.16,7010.0,1771.2222,29167.0
16:51:37,6992.16,7015.0,1777.2897,19930.0
16:51:37,6992.16,7020.0,1355.3746,20374.0
16:51:37,6992.16,7025.0,4647.9977,21147.0
16:51:37,6992.16,7030.0,1941.7924,12569.0
16:51:37,6992.16,7035.0,1465.2925,8535.0
16:51:37,6992.16,7040.0,396.4674,8835.0
16:51:37,6992.16,7045.0,116.7874,5290.0
16:51:37,6992.16,7050.0,861.6525,8478.0
16:51:37,6992.16,7055.0,51.6171,2489.0
16:51:37,6992.16,7060.0,214.8507,3008.0
16:51:37,6992.16,7065.0,39.7349,2576.0
16:53:46,6992.11,6920.0,-55.9201,9176.0
16:53:46,6992.11,6925.0,90.8497,10452.0
16:53:46,6992.11,6930.0,5.3971,12059.0
16:53:46,6992.11,6935.0,113.9203,10576.0
16:53:46,6992.11,6940.0,52.2204,19092.0
16:53:46,6992.11,6945.0,0.6687,12561.0
16:53:46,6992.11,6950.0,369.386,30062.0
16:53:46,6992.11,6955.0,15.1293,19672.0
16:53:46,6992.11,6960.0,257.4168,20488.0
16:53:46,6992.11,6965.0,1085.7176,24388.0
16:53:46,6992.11,6970.0,743.8753,29091.0
16:53:46,6992.11,6975.0,1703.0665,32176.0
16:53:46,6992.11,6980.0,1998.8557,44354.0
16:53:46,6992.11,6985.0,2143.0431,38857.0
16:53:46,6992.11,6990.0,1649.9084,45842.0
16:53:46,6992.11,6995.0,1209.2134,33950.0
16:53:46,6992.11,7000.0,5238.5523,64029.0
16:53:46,6992.11,7005.0,3205.65,25919.0
16:53:46,6992.11,7010.0,1725.7142,29504.0
16:53:46,6992.11,7015.0,1704.4652,20177.0
16:53:46,6992.11,7020.0,1490.6821,20627.0
16:53:46,6992.11,7025.0,4296.0824,21321.0
16:53:46,6992.11,7030.0,1809.1625,12698.0
16:53:46,6992.11,7035.0,1491.2947,8630.0
16:53:46,6992.11,7040.0,377.6561,8914.0
16:53:46,6992.11,7045.0,114.4551,5314.0
16:53:46,6992.11,7050.0,888.3728,8546.0
16:53:46,6992.11,7055.0,53.1845,2516.0
16:53:46,6992.11,7060.0,210.1289,3015.0
16:53:46,6992.11,7065.0,36.4366,2619.0
16:55:56,6991.7,6920.0,-55.9135,9214.0
16:55:56,6991.7,6925.0,90.8391,10494.0
16:55:56,6991.7,6930.0,16.3663,12101.0
16:55:56,6991.7,6935.0,124.7311,10599.0
16:55:56,6991.7,6940.0,52.2143,19188.0
16:55:56,6991.7,6945.0,7.236,12672.0
16:55:56,6991.7,6950.0,397.9492,30182.0
16:55:56,6991.7,6955.0,16.2153,19837.0
16:55:56,6991.7,6960.0,274.9666,20678.0
16:55:56,6991.7,6965.0,1144.2205,24656.0
16:55:56,6991.7,6970.0,752.6707,29308.0
16:55:56,6991.7,6975.0,1701.8458,32532.0
16:55:56,6991.7,6980.0,1998.6213,44720.0
16:55:56,6991.7,6985.0,2146.0255,39285.0
16:55:56,6991.7,6990.0,1642.5736,46642.0
16:55:56,6991.7,6995.0,1192.5636,34670.0
16:55:56,6991.7,7000.0,5128.061,64785.0
16:55:56,6991.7,7005.0,3144.775,26225.0
16:55:56,6991.7,7010.0,1722.6871,29905.0
16:55:56,6991.7,7015.0,1619.2711,20384.0
16:55:56,6991.7,7020.0,1363.9555,20744.0
16:55:56,6991.7,7025.0,4263.7916,21432.0
16:55:56,6991.7,7030.0,1847.9576,12791.0
16:55:56,6991.7,7035.0,1366.2485,8671.0
16:55:56,6991.7,7040.0,365.1058,8968.0
16:55:56,6991.7,7045.0,113.4831,5337.0
16:55:56,6991.7,7050.0,858.1706,8596.0
16:55:56,6991.7,7055.0,53.1782,2524.0
16:55:56,6991.7,7060.0,210.1043,3018.0
16:55:56,6991.7,7065.0,36.4324,2635.0
16:58:05,6993.27,6920.0,-50.1241,9277.0
16:58:05,6993.27,6925.0,91.8365,10538.0
16:58:05,6993.27,6930.0,6.0688,12194.0
16:58:05,6993.27,6935.0,113.3087,10636.0
16:58:05,6993.27,6940.0,52.2378,19253.0
16:58:05,6993.27,6945.0,7.2393,12759.0
16:58:05,6993.27,6950.0,365.2529,30321.0
16:58:05,6993.27,6955.0,15.0033,19953.0
16:58:05,6993.27,6960.0,252.3707,20880.0
16:58:05,6993.27,6965.0,1055.8523,24781.0
16:58:05,6993.27,6970.0,719.2999,29764.0
16:58:05,6993.27,6975.0,1649.4832,32941.0
16:58:05,6993.27,6980.0,1941.5851,45126.0
16:58:05,6993.27,6985.0,2110.2124,39580.0
16:58:05,6993.27,6990.0,1642.6477,47252.0
16:58:05,6993.27,6995.0,1220.4908,35371.0
16:58:05,6993.27,7000.0,5367.7042,65856.0
16:58:05,6993.27,7005.0,3335.4643,26526.0
16:58:05,6993.27,7010.0,1827.0375,30207.0
16:58:05,6993.27,7015.0,1805.3885,20563.0
16:58:05,6993.27,7020.0,1517.2565,20847.0
16:58:05,6993.27,7025.0,4728.2812,21486.0
16:58:05,6993.27,7030.0,2061.5406,12834.0
16:58:05,6993.27,7035.0,1458.9343,8721.0
16:58:05,6993.27,7040.0,388.0199,9018.0
16:58:05,6993.27,7045.0,113.534,5345.0
16:58:05,6993.27,7050.0,884.4648,8616.0
16:58:05,6993.27,7055.0,52.8494,2553.0
16:58:05,6993.27,7060.0,238.9676,3114.0
16:58:05,6993.27,7065.0,36.4487,2649.0
17:00:15,6992.18,6920.0,-50.1084,9333.0
17:00:15,6992.18,6925.0,91.8078,10584.0
17:00:15,6992.18,6930.0,5.6573,12280.0
17:00:15,6992.18,6935.0,116.5012,10711.0
17:00:15,6992.18,6940.0,52.8893,19423.0
17:00:15,6992.18,6945.0,0.6735,12801.0
17:00:15,6992.18,6950.0,365.139,30512.0
17:00:15,6992.18,6955.0,14.9986,20089.0
17:00:15,6992.18,6960.0,252.2921,20991.0
17:00:15,6992.18,6965.0,1030.902,24962.0
17:00:15,6992.18,6970.0,719.0757,30022.0
17:00:15,6992.18,6975.0,1645.1731,33199.0
17:00:15,6992.18,6980.0,1993.7177,45388.0
17:00:15,6992.18,6985.0,2132.9577,39809.0
17:00:15,6992.18,6990.0,1641.5697,47874.0
17:00:15,6992.18,6995.0,1204.4207,35950.0
17:00:15,6992.18,7000.0,5230.6097,66290.0
17:00:15,6992.18,7005.0,3334.4246,26918.0
17:00:15,6992.18,7010.0,1826.468,30475.0
17:00:15,6992.18,7015.0,1804.8257,21708.0
17:00:15,6992.18,7020.0,1516.7835,21038.0
17:00:15,6992.18,7025.0,4726.8074,22608.0
17:00:15,6992.18,7030.0,2060.898,12906.0
17:00:15,6992.18,7035.0,1458.5813,8795.0
17:00:15,6992.18,7040.0,371.425,9088.0
17:00:15,6992.18,7045.0,115.4137,5365.0
17:00:15,6992.18,7050.0,846.598,8713.0
17:00:15,6992.18,7055.0,52.8329,2555.0
17:00:15,6992.18,7060.0,238.8931,3212.0
17:00:15,6992.18,7065.0,36.4374,2652.0
17:02:25,6993.15,6920.0,-50.1223,9367.0
17:02:25,6993.15,6925.0,91.8333,10656.0
17:02:25,6993.15,6930.0,5.9665,12328.0
17:02:25,6993.15,6935.0,132.2377,10824.0
17:02:25,6993.15,6940.0,52.904,19646.0
17:02:25,6993.15,6945.0,0.6737,13113.0
17:02:25,6993.15,6950.0,385.9912,30860.0
17:02:25,6993.15,6955.0,15.1845,20499.0
17:02:25,6993.15,6960.0,257.0271,21382.0
17:02:25,6993.15,6965.0,1122.4631,25644.0
17:02:25,6993.15,6970.0,754.7315,30380.0
17:02:25,6993.15,6975.0,1645.6024,33616.0
17:02:25,6993.15,6980.0,1994.2709,46068.0
17:02:25,6993.15,6985.0,2133.5495,40572.0
17:02:25,6993.15,6990.0,1648.8247,49190.0
17:02:25,6993.15,6995.0,1220.8556,36978.0
17:02:25,6993.15,7000.0,5316.3746,67359.0
17:02:25,6993.15,7005.0,3266.7737,27375.0
17:02:25,6993.15,7010.0,1717.9601,31200.0
17:02:25,6993.15,7015.0,1680.3466,22125.0
17:02:25,6993.15,7020.0,1410.3633,22277.0
17:02:25,6993.15,7025.0,4661.9023,22979.0
17:02:25,6993.15,7030.0,1917.092,14021.0
17:02:25,6993.15,7035.0,1458.986,8877.0
17:02:25,6993.15,7040.0,371.5281,9170.0
17:02:25,6993.15,7045.0,115.4457,5414.0
17:02:25,6993.15,7050.0,791.7611,8861.0
17:02:25,6993.15,7055.0,52.8476,2571.0
17:02:25,6993.15,7060.0,238.9594,3256.0
17:02:25,6993.15,7065.0,38.03,2669.0
17:04:34,6992.29,6920.0,-54.3127,9508.0
17:04:34,6992.29,6925.0,100.171,10707.0
17:04:34,6992.29,6930.0,5.9651,12328.0
17:04:34,6992.29,6935.0,130.8223,10930.0
17:04:34,6992.29,6940.0,52.8909,19731.0
17:04:34,6992.29,6945.0,0.6735,13187.0
17:04:34,6992.29,6950.0,385.8962,31126.0
17:04:34,6992.29,6955.0,-0.4697,20670.0
17:04:34,6992.29,6960.0,256.9639,21845.0
17:04:34,6992.29,6965.0,1103.8907,25875.0
17:04:34,6992.29,6970.0,754.5459,30594.0
17:04:34,6992.29,6975.0,1696.7979,33857.0
17:04:34,6992.29,6980.0,1989.6187,46355.0
17:04:34,6992.29,6985.0,2139.4369,41116.0
17:04:34,6992.29,6990.0,1660.5566,49973.0
17:04:34,6992.29,6995.0,1228.0033,37820.0
17:04:34,6992.29,7000.0,5315.0671,68550.0
17:04:34,6992.29,7005.0,3265.9703,27712.0
17:04:34,6992.29,7010.0,1717.5375,31743.0
17:04:34,6992.29,7015.0,1679.9333,22317.0
17:04:34,6992.29,7020.0,1410.0164,22402.0
17:04:34,6992.29,7025.0,4660.7558,23104.0
17:04:34,6992.29,7030.0,1916.6205,14055.0
17:04:34,6992.29,7035.0,1458.6272,8927.0
17:04:34,6992.29,7040.0,371.4367,9253.0
17:04:34,6992.29,7045.0,115.4173,5449.0
17:04:34,6992.29,7050.0,791.5664,8861.0
17:04:34,6992.29,7055.0,47.8685,2592.0
17:04:34,6992.29,7060.0,218.2446,3274.0
17:04:34,6992.29,7065.0,38.0206,2753.0
17:06:44,6991.94,6920.0,-56.4093,9562.0
17:06:44,6991.94,6925.0,100.9496,10747.0
17:06:44,6991.94,6930.0,5.9647,12457.0
17:06:44,6991.94,6935.0,113.7222,10958.0
17:06:44,6991.94,6940.0,56.5425,19770.0
17:06:44,6991.94,6945.0,0.6735,13310.0
17:06:44,6991.94,6950.0,385.8576,31397.0
17:06:44,6991.94,6955.0,-0.4697,20991.0
17:06:44,6991.94,6960.0,256.9382,22191.0
17:06:44,6991.94,6965.0,1123.1614,26157.0
17:06:44,6991.94,6970.0,754.4704,30783.0
17:06:44,6991.94,6975.0,1680.8474,34181.0
17:06:44,6991.94,6980.0,1962.9459,46673.0
17:06:44,6991.94,6985.0,2133.5863,41587.0
17:06:44,6991.94,6990.0,1643.0357,50981.0
17:06:44,6991.94,6995.0,1219.1138,38596.0
17:06:44,6991.94,7000.0,5314.8177,69819.0
17:06:44,6991.94,7005.0,3254.2239,28049.0
17:06:44,6991.94,7010.0,1717.3656,32108.0
17:06:44,6991.94,7015.0,1679.7651,22569.0
17:06:44,6991.94,7020.0,1409.8753,22597.0
17:06:44,6991.94,7025.0,4660.2892,23329.0
17:06:44,6991.94,7030.0,1916.4287,14099.0
17:06:44,6991.94,7035.0,1309.9456,8989.0
17:06:44,6991.94,7040.0,347.9394,9272.0
17:06:44,6991.94,7045.0,102.7567,5507.0
17:06:44,6991.94,7050.0,743.333,9010.0
17:06:44,6991.94,7055.0,44.6154,2603.0
17:06:44,6991.94,7060.0,194.0334,3278.0
17:06:44,6991.94,7065.0,33.6668,2775.0
17:08:53,6989.05,6915.0,-76.7293,6829.0
17:08:53,6989.05,6920.0,-60.3041,9704.0
17:08:53,6989.05,6925.0,106.5121,10833.0
17:08:53,6989.05,6930.0,-3.839,12810.0
17:08:53,6989.05,6935.0,113.6282,11046.0
17:08:53,6989.05,6940.0,59.7571,20049.0
17:08:53,6989.05,6945.0,0.7755,13796.0
17:08:53,6989.05,6950.0,413.1494,31755.0
17:08:53,6989.05,6955.0,16.9356,21246.0
17:08:53,6989.05,6960.0,290.5331,22583.0
17:08:53,6989.05,6965.0,1200.3274,26981.0
17:08:53,6989.05,6970.0,800.5531,31357.0
17:08:53,6989.05,6975.0,1672.8668,34876.0
17:08:53,6989.05,6980.0,1961.3236,47140.0
17:08:53,6989.05,6985.0,2131.8229,42814.0
17:08:53,6989.05,6990.0,1641.6778,52496.0
17:08:53,6989.05,6995.0,1163.397,39531.0
17:08:53,6989.05,7000.0,4912.2021,71559.0
17:08:53,6989.05,7005.0,2940.4581,28372.0
17:08:53,6989.05,7010.0,1553.1695,32748.0
17:08:53,6989.05,7015.0,1522.5287,22861.0
17:08:53,6989.05,7020.0,1211.9522,22868.0
17:08:53,6989.05,7025.0,3923.5058,23535.0
17:08:53,6989.05,7030.0,1574.3521,14226.0
17:08:53,6989.05,7035.0,1308.863,9087.0
17:08:53,6989.05,7040.0,347.6518,9367.0
17:08:53,6989.05,7045.0,102.6718,5538.0
17:08:53,6989.05,7050.0,714.8798,9048.0
17:08:53,6989.05,7055.0,43.1328,2613.0
17:08:53,6989.05,7060.0,183.3616,3283.0
17:20:58,6997.38,6925.0,21.5176,11529.0
17:20:58,6997.38,6930.0,1.7032,13728.0
17:20:58,6997.38,6935.0,45.2604,11997.0
17:20:58,6997.38,6940.0,-28.7979,21166.0
17:20:58,6997.38,6945.0,-1733.0476,15134.0
17:20:58,6997.38,6950.0,-4690.5814,33448.0
17:20:58,6997.38,6955.0,-4758.5213,23136.0
17:20:58,6997.38,6960.0,-5485.7324,24325.0
17:20:58,6997.38,6965.0,-7844.6577,30240.0
17:20:58,6997.38,6970.0,-7375.3709,34143.0
17:20:58,6997.38,6975.0,-9641.8091,37152.0
17:20:58,6997.38,6980.0,85.5224,50727.0
17:20:58,6997.38,6985.0,4385.1676,46465.0
17:20:58,6997.38,6990.0,1339.0242,58644.0
17:20:58,6997.38,6995.0,989.783,46198.0
17:20:58,6997.38,7000.0,5871.5855,81613.0
17:20:58,6997.38,7005.0,2049.6513,32781.0
17:20:58,6997.38,7010.0,21286.6039,37054.0
17:20:58,6997.38,7015.0,13856.9055,26050.0
17:20:58,6997.38,7020.0,12259.5482,25747.0
17:20:58,6997.38,7025.0,10590.9867,25437.0
17:20:58,6997.38,7030.0,5161.8065,15147.0
17:20:58,6997.38,7035.0,2705.2777,9611.0
17:20:58,6997.38,7040.0,2252.4629,9717.0
17:20:58,6997.38,7045.0,992.2291,5716.0
17:20:58,6997.38,7050.0,1304.8542,9931.0
17:20:58,6997.38,7055.0,56.2324,2708.0
17:20:58,6997.38,7060.0,195.8118,3547.0
17:20:58,6997.38,7065.0,27.1809,3134.0
17:20:58,6997.38,7070.0,49.4403,3021.0
17:21:03,6997.94,6925.0,20.3025,11529.0
17:21:03,6997.94,6930.0,4.7943,13742.0
17:21:03,6997.94,6935.0,98.609,12023.0
17:21:03,6997.94,6940.0,42.5858,21174.0
17:21:03,6997.94,6945.0,0.5379,15150.0
17:21:03,6997.94,6950.0,304.3793,33451.0
17:21:03,6997.94,6955.0,12.4144,23149.0
17:21:03,6997.94,6960.0,213.3561,24333.0
17:21:03,6997.94,6965.0,900.5694,30256.0
17:21:03,6997.94,6970.0,620.6428,34199.0
17:21:03,6997.94,6975.0,1482.828,37208.0
17:21:03,6997.94,6980.0,76.1644,50761.0
17:21:03,6997.94,6985.0,2343.2555,46522.0
17:21:03,6997.94,6990.0,1334.3326,58798.0
17:21:03,6997.94,6995.0,989.6935,46293.0
17:21:03,6997.94,7000.0,5872.5254,81989.0
17:21:03,6997.94,7005.0,2995.8468,32799.0
17:21:03,6997.94,7010.0,26148.2972,37129.0
17:21:03,6997.94,7015.0,15799.421,26058.0
17:21:03,6997.94,7020.0,12733.4441,25755.0
17:21:03,6997.94,7025.0,9952.9972,25440.0
17:21:03,6997.94,7030.0,2309.1549,15153.0
17:21:03,6997.94,7035.0,1699.2438,9618.0
17:21:03,6997.94,7040.0,423.7282,9762.0
17:21:03,6997.94,7045.0,126.2529,5716.0
17:21:03,6997.94,7050.0,962.7964,9936.0
17:21:03,6997.94,7055.0,57.6731,2708.0
17:21:03,6997.94,7060.0,232.7399,3547.0
17:21:03,6997.94,7065.0,40.0751,3134.0
17:21:03,6997.94,7070.0,94.2529,3021.0
17:23:13,6998.45,6925.0,74.5431,11566.0
17:23:13,6998.45,6930.0,4.795,13813.0
17:23:13,6998.45,6935.0,98.6234,12074.0
17:23:13,6998.45,6940.0,41.9288,21288.0
17:23:13,6998.45,6945.0,0.5387,15200.0
17:23:13,6998.45,6950.0,304.4236,33562.0
17:23:13,6998.45,6955.0,12.4162,23278.0
17:23:13,6998.45,6960.0,222.1188,24461.0
17:23:13,6998.45,6965.0,900.7007,30599.0
17:23:13,6998.45,6970.0,620.7332,34407.0
17:23:13,6998.45,6975.0,1483.0441,37424.0
17:23:13,6998.45,6980.0,1771.5386,50963.0
17:23:13,6998.45,6985.0,1711.0882,47076.0
17:23:13,6998.45,6990.0,1620.9965,59375.0
17:23:13,6998.45,6995.0,1270.6626,47095.0
17:23:13,6998.45,7000.0,5864.3531,83437.0
17:23:13,6998.45,7005.0,3848.9333,33543.0
17:23:13,6998.45,7010.0,2156.1914,37716.0
17:23:13,6998.45,7015.0,2179.9019,26466.0
17:23:13,6998.45,7020.0,1857.6966,26204.0
17:23:13,6998.45,7025.0,5742.7945,25848.0
17:23:13,6998.45,7030.0,2309.4915,15438.0
17:23:13,6998.45,7035.0,1699.4915,9684.0
17:23:13,6998.45,7040.0,423.79,9912.0
17:23:13,6998.45,7045.0,126.2713,5824.0
17:23:13,6998.45,7050.0,962.9367,10216.0
17:23:13,6998.45,7055.0,61.6543,2718.0
17:23:13,6998.45,7060.0,246.1284,3691.0
17:23:13,6998.45,7065.0,40.0737,3137.0
17:23:13,6998.45,7070.0,98.6125,3024.0
17:25:22,6997.62,6925.0,82.6837,11588.0
17:25:22,6997.62,6930.0,4.8561,13881.0
17:25:22,6997.62,6935.0,99.8237,12121.0
17:25:22,6997.62,6940.0,45.401,21318.0
17:25:22,6997.62,6945.0,0.5792,15300.0
17:25:22,6997.62,6950.0,315.4256,33708.0
17:25:22,6997.62,6955.0,-0.5591,23508.0
17:25:22,6997.62,6960.0,218.4647,24602.0
17:25:22,6997.62,6965.0,932.9861,30778.0
17:25:22,6997.62,6970.0,648.2995,34692.0
17:25:22,6997.62,6975.0,1518.3501,37649.0
17:25:22,6997.62,6980.0,1768.9779,51346.0
17:25:22,6997.62,6985.0,2052.0235,47359.0
17:25:22,6997.62,6990.0,1649.3813,59904.0
17:25:22,6997.62,6995.0,1285.249,47899.0
17:25:22,6997.62,7000.0,5898.577,84789.0
17:25:22,6997.62,7005.0,3809.974,34388.0
17:25:22,6997.62,7010.0,2105.5638,38154.0
17:25:22,6997.62,7015.0,2108.5387,26823.0
17:25:22,6997.62,7020.0,1785.6142,26531.0
17:25:22,6997.62,7025.0,5514.9604,26041.0
17:25:22,6997.62,7030.0,2225.4167,15558.0
17:25:22,6997.62,7035.0,1598.8727,9723.0
17:25:22,6997.62,7040.0,423.6956,9968.0
17:25:22,6997.62,7045.0,133.2178,5898.0
17:25:22,6997.62,7050.0,974.5054,10239.0
17:25:22,6997.62,7055.0,58.4326,2730.0
17:25:22,6997.62,7060.0,239.4202,3739.0
17:25:22,6997.62,7065.0,41.2717,3141.0
17:25:22,6997.62,7070.0,96.8915,3041.0
17:27:32,6998.56,6925.0,80.0655,11629.0
17:27:32,6998.56,6930.0,4.9147,13975.0
17:27:32,6998.56,6935.0,94.2118,12198.0
17:27:32,6998.56,6940.0,43.4705,21345.0
17:27:32,6998.56,6945.0,0.5641,15349.0
17:27:32,6998.56,6950.0,343.533,33882.0
17:27:32,6998.56,6955.0,12.7084,23581.0
17:27:32,6998.56,6960.0,202.8742,25388.0
17:27:32,6998.56,6965.0,933.2368,31046.0
17:27:32,6998.56,6970.0,625.6036,34914.0
17:27:32,6998.56,6975.0,1518.7581,37874.0
17:27:32,6998.56,6980.0,1819.4726,51532.0
17:27:32,6998.56,6985.0,1994.5286,47602.0
17:27:32,6998.56,6990.0,1639.4999,60432.0
17:27:32,6998.56,6995.0,1287.134,48524.0
17:27:32,6998.56,7000.0,5927.8973,86127.0
17:27:32,6998.56,7005.0,3851.806,34808.0
17:27:32,6998.56,7010.0,2106.1295,38603.0
17:27:32,6998.56,7015.0,2108.9412,27239.0
17:27:32,6998.56,7020.0,1786.0939,26726.0
17:27:32,6998.56,7025.0,5516.4421,26172.0
17:27:32,6998.56,7030.0,2226.0146,15729.0
17:27:32,6998.56,7035.0,1599.3023,9866.0
17:27:32,6998.56,7040.0,423.8095,10011.0
17:27:32,6998.56,7045.0,133.2536,5903.0
17:27:32,6998.56,7050.0,1013.9302,10277.0
17:27:32,6998.56,7055.0,61.1707,2732.0
17:27:32,6998.56,7060.0,239.4846,3746.0
17:27:32,6998.56,7065.0,44.1859,3152.0
17:27:32,6998.56,7070.0,96.9134,3041.0
17:29:41,6997.43,6925.0,70.0069,11682.0
17:29:41,6997.43,6930.0,4.9131,14097.0
17:29:41,6997.43,6935.0,95.5515,12295.0
17:29:41,6997.43,6940.0,46.5997,21409.0
17:29:41,6997.43,6945.0,0.564,15418.0
17:29:41,6997.43,6950.0,343.4221,34105.0
17:29:41,6997.43,6955.0,12.5027,23668.0
17:29:41,6997.43,6960.0,223.5489,25723.0
17:29:41,6997.43,6965.0,903.7438,31643.0
17:29:41,6997.43,6970.0,627.8202,35302.0
17:29:41,6997.43,6975.0,1506.03,38350.0
17:29:41,6997.43,6980.0,1805.6923,52122.0
17:29:41,6997.43,6985.0,2042.4995,47958.0
17:29:41,6997.43,6990.0,1659.9797,61282.0
17:29:41,6997.43,6995.0,1283.0019,49264.0
17:29:41,6997.43,7000.0,5926.7112,87766.0
17:29:41,6997.43,7005.0,3820.0065,35494.0
17:29:41,6997.43,7010.0,2157.0598,39273.0
17:29:41,6997.43,7015.0,2126.7518,27712.0
17:29:41,6997.43,7020.0,1761.3795,27151.0
17:29:41,6997.43,7025.0,5420.0118,26536.0
17:29:41,6997.43,7030.0,2213.1816,15936.0
17:29:41,6997.43,7035.0,1598.4187,9947.0
17:29:41,6997.43,7040.0,423.6726,10083.0
17:29:41,6997.43,7045.0,132.9702,5933.0
17:29:41,6997.43,7050.0,1041.2827,10321.0
17:29:41,6997.43,7055.0,63.1775,2773.0
17:29:41,6997.43,7060.0,268.453,3767.0
17:29:41,6997.43,7065.0,44.1576,3162.0
17:29:41,6997.43,7070.0,104.067,3044.0
17:31:51,6994.87,6920.0,-52.9474,10540.0
17:31:51,6994.87,6925.0,79.4189,11769.0
17:31:51,6994.87,6930.0,4.6227,14175.0
17:31:51,6994.87,6935.0,106.7519,12683.0
17:31:51,6994.87,6940.0,53.2402,21840.0
17:31:51,6994.87,6945.0,-31.7178,15753.0
17:31:51,6994.87,6950.0,326.9534,34426.0
17:31:51,6994.87,6955.0,12.4935,24050.0
17:31:51,6994.87,6960.0,220.0026,26165.0
17:31:51,6994.87,6965.0,903.0827,32607.0
17:31:51,6994.87,6970.0,627.3609,36098.0
17:31:51,6994.87,6975.0,1504.9282,38992.0
17:31:51,6994.87,6980.0,1804.3713,52883.0
17:31:51,6994.87,6985.0,2146.9737,48848.0
17:31:51,6994.87,6990.0,1658.7653,62621.0
17:31:51,6994.87,6995.0,1280.4013,51053.0
17:31:51,6994.87,7000.0,5976.8584,89903.0
17:31:51,6994.87,7005.0,3558.1524,36349.0
17:31:51,6994.87,7010.0,2155.4818,40157.0
17:31:51,6994.87,7015.0,2125.1959,28227.0
17:31:51,6994.87,7020.0,1760.0909,27659.0
17:31:51,6994.87,7025.0,5416.0467,31950.0
17:31:51,6994.87,7030.0,2211.5625,20153.0
17:31:51,6994.87,7035.0,1692.9282,10070.0
17:31:51,6994.87,7040.0,465.3051,10159.0
17:31:51,6994.87,7045.0,102.0746,5992.0
17:31:51,6994.87,7050.0,833.0151,11584.0
17:31:51,6994.87,7055.0,50.6505,2824.0
17:31:51,6994.87,7060.0,268.2566,3775.0
17:31:51,6994.87,7065.0,45.3135,3170.0
17:34:00,6992.89,6920.0,-54.9608,10637.0
17:34:00,6992.89,6925.0,39.0099,11813.0
17:34:00,6992.89,6930.0,5.818,14203.0
17:34:00,6992.89,6935.0,116.2927,12781.0
17:34:00,6992.89,6940.0,58.6827,22058.0
17:34:00,6992.89,6945.0,0.6574,15913.0
17:34:00,6992.89,6950.0,360.0791,34634.0
17:34:00,6992.89,6955.0,-25.2075,24403.0
17:34:00,6992.89,6960.0,163.4514,26479.0
17:34:00,6992.89,6965.0,834.9838,32989.0
17:34:00,6992.89,6970.0,627.0058,36472.0
17:34:00,6992.89,6975.0,1721.202,39617.0
17:34:00,6992.89,6980.0,2025.0346,53639.0
17:34:00,6992.89,6985.0,2227.3105,49634.0
17:34:00,6992.89,6990.0,1743.8336,64185.0
17:34:00,6992.89,6995.0,1303.6095,52435.0
17:34:00,6992.89,7000.0,5617.6447,91666.0
17:34:00,6992.89,7005.0,3556.378,37160.0
17:34:00,6992.89,7010.0,1825.5238,40984.0
17:34:00,6992.89,7015.0,1895.11,29198.0
17:34:00,6992.89,7020.0,1764.5732,27980.0
17:34:00,6992.89,7025.0,4725.4195,32775.0
17:34:00,6992.89,7030.0,1825.377,20303.0
17:34:00,6992.89,7035.0,1341.6393,10158.0
17:34:00,6992.89,7040.0,362.4099,10277.0
17:34:00,6992.89,7045.0,102.0168,6064.0
17:34:00,6992.89,7050.0,727.6861,11639.0
17:34:00,6992.89,7055.0,44.3236,2831.0
17:34:00,6992.89,7060.0,268.1048,3825.0
17:34:00,6992.89,7065.0,32.0434,3175.0
17:36:10,6994.03,6920.0,-54.9787,10759.0
17:36:10,6994.03,6925.0,98.3283,12114.0
17:36:10,6994.03,6930.0,5.8199,14439.0
17:36:10,6994.03,6935.0,113.3068,12980.0
17:36:10,6994.03,6940.0,50.7801,22272.0
17:36:10,6994.03,6945.0,0.6576,16101.0
17:36:10,6994.03,6950.0,360.1966,34838.0
17:36:10,6994.03,6955.0,15.3785,24789.0
17:36:10,6994.03,6960.0,263.7164,26828.0
17:36:10,6994.03,6965.0,1062.9334,33195.0
17:36:10,6994.03,6970.0,749.6559,36824.0
17:36:10,6994.03,6975.0,1716.7669,40116.0
17:36:10,6994.03,6980.0,2025.6949,54139.0
17:36:10,6994.03,6985.0,2176.102,50436.0
17:36:10,6994.03,6990.0,1693.2572,65286.0
17:36:10,6994.03,6995.0,1279.635,53460.0
17:36:10,6994.03,7000.0,5595.2453,92708.0
17:36:10,6994.03,7005.0,3457.5822,37572.0
17:36:10,6994.03,7010.0,1826.1191,41683.0
17:36:10,6994.03,7015.0,1896.4191,29477.0
17:36:10,6994.03,7020.0,1466.2254,28335.0
17:36:10,6994.03,7025.0,4726.9603,33093.0
17:36:10,6994.03,7030.0,1825.9722,20449.0
17:36:10,6994.03,7035.0,1343.3567,10208.0
17:36:10,6994.03,7040.0,362.528,10340.0
17:36:10,6994.03,7045.0,110.3822,6082.0
17:36:10,6994.03,7050.0,815.004,11696.0
17:36:10,6994.03,7055.0,49.0313,2845.0
17:36:10,6994.03,7060.0,185.3965,3848.0
17:36:10,6994.03,7065.0,32.0995,3179.0
17:38:20,6995.57,6925.0,88.0631,12192.0
17:38:20,6995.57,6930.0,5.1589,14489.0
17:38:20,6995.57,6935.0,110.4756,13127.0
17:38:20,6995.57,6940.0,47.8268,22389.0
17:38:20,6995.57,6945.0,0.6353,16215.0
17:38:20,6995.57,6950.0,366.1277,35032.0
17:38:20,6995.57,6955.0,32.6855,24906.0
17:38:20,6995.57,6960.0,248.2601,27042.0
17:38:20,6995.57,6965.0,1089.5522,33445.0
17:38:20,6995.57,6970.0,691.1376,37188.0
17:38:20,6995.57,6975.0,1583.1117,40426.0
17:38:20,6995.57,6980.0,2031.5751,54547.0
17:38:20,6995.57,6985.0,2112.3042,50752.0
17:38:20,6995.57,6990.0,1691.106,66389.0
17:38:20,6995.57,6995.0,1289.926,54894.0
17:38:20,6995.57,7000.0,5781.9498,93685.0
17:38:20,6995.57,7005.0,3672.4572,38180.0
17:38:20,6995.57,7010.0,1979.4724,42030.0
17:38:20,6995.57,7015.0,1940.2659,29889.0
17:38:20,6995.57,7020.0,1465.2699,28543.0
17:38:20,6995.57,7025.0,5053.3077,33289.0
17:38:20,6995.57,7030.0,2099.1986,20509.0
17:38:20,6995.57,7035.0,1364.5377,10248.0
17:38:20,6995.57,7040.0,351.1765,10371.0
17:38:20,6995.57,7045.0,110.4308,6123.0
17:38:20,6995.57,7050.0,843.1605,11736.0
17:38:20,6995.57,7055.0,50.6992,2862.0
17:38:20,6995.57,7060.0,197.7704,3850.0
17:38:20,6995.57,7065.0,34.4681,3180.0
17:38:20,6995.57,7070.0,104.0117,3082.0
17:40:29,6995.86,6925.0,90.8321,12207.0
17:40:29,6995.86,6930.0,5.1208,14519.0
17:40:29,6995.86,6935.0,103.4152,13157.0
17:40:29,6995.86,6940.0,49.1992,22425.0
17:40:29,6995.86,6945.0,0.5417,16253.0
17:40:29,6995.86,6950.0,342.0962,35119.0
17:40:29,6995.86,6955.0,14.1526,25011.0
17:40:29,6995.86,6960.0,279.1306,27173.0
17:40:29,6995.86,6965.0,983.465,33585.0
17:40:29,6995.86,6970.0,691.1949,37515.0
17:40:29,6995.86,6975.0,1576.7787,40625.0
17:40:29,6995.86,6980.0,1895.1449,54791.0
17:40:29,6995.86,6985.0,2112.4794,51294.0
17:40:29,6995.86,6990.0,1695.6811,66986.0
17:40:29,6995.86,6995.0,1301.9555,55613.0
17:40:29,6995.86,7000.0,5878.973,106353.0
17:40:29,6995.86,7005.0,3672.6498,38496.0
17:40:29,6995.86,7010.0,2037.6145,42312.0
17:40:29,6995.86,7015.0,2045.7204,30211.0
17:40:29,6995.86,7020.0,1668.6553,28693.0
17:40:29,6995.86,7025.0,5115.6138,33498.0
17:40:29,6995.86,7030.0,1961.3971,20585.0
17:40:29,6995.86,7035.0,1420.049,10266.0
17:40:29,6995.86,7040.0,377.2769,10387.0
17:40:29,6995.86,7045.0,117.9647,6139.0
17:40:29,6995.86,7050.0,870.4131,11797.0
17:40:29,6995.86,7055.0,52.1505,2876.0
17:40:29,6995.86,7060.0,210.3372,3863.0
17:40:29,6995.86,7065.0,36.4094,3183.0
17:40:29,6995.86,7070.0,85.7808,3085.0
17:42:39,6998.04,6925.0,79.5652,12350.0
17:42:39,6998.04,6930.0,4.5991,14657.0
17:42:39,6998.04,6935.0,93.64,13325.0
17:42:39,6998.04,6940.0,44.1946,22491.0
17:42:39,6998.04,6945.0,0.5428,16346.0
17:42:39,6998.04,6950.0,342.3094,35299.0
17:42:39,6998.04,6955.0,14.1615,25062.0
17:42:39,6998.04,6960.0,232.8344,27345.0
17:42:39,6998.04,6965.0,883.5987,33827.0
17:42:39,6998.04,6970.0,624.6946,37993.0
17:42:39,6998.04,6975.0,1582.9245,40983.0
17:42:39,6998.04,6980.0,1765.5052,55450.0
17:42:39,6998.04,6985.0,2032.3321,51807.0
17:42:39,6998.04,6990.0,1663.2398,67783.0
17:42:39,6998.04,6995.0,1299.4311,57004.0
17:42:39,6998.04,7000.0,5980.2192,108464.0
17:42:39,6998.04,7005.0,3922.4359,39377.0
17:42:39,6998.04,7010.0,2037.5711,43061.0
17:42:39,6998.04,7015.0,2046.6291,30789.0
17:42:39,6998.04,7020.0,1848.7458,29004.0
17:42:39,6998.04,7025.0,5118.8025,33758.0
17:42:39,6998.04,7030.0,1962.6197,20747.0
17:42:39,6998.04,7035.0,1420.9342,10374.0
17:42:39,6998.04,7040.0,377.5121,10462.0
17:42:39,6998.04,7045.0,116.8838,6169.0
17:42:39,6998.04,7050.0,870.9557,11853.0
17:42:39,6998.04,7055.0,57.7542,2878.0
17:42:39,6998.04,7060.0,241.8171,3894.0
17:42:39,6998.04,7065.0,41.3843,3222.0
17:42:39,6998.04,7070.0,96.1333,3090.0
17:44:48,6998.52,6925.0,79.0957,12676.0
17:44:48,6998.52,6930.0,4.6273,14721.0
17:44:48,6998.52,6935.0,92.4774,13449.0
17:44:48,6998.52,6940.0,42.3009,22613.0
17:44:48,6998.52,6945.0,0.5428,16523.0
17:44:48,6998.52,6950.0,299.334,35393.0
17:44:48,6998.52,6955.0,52.2979,25299.0
17:44:48,6998.52,6960.0,201.6702,29016.0
17:44:48,6998.52,6965.0,899.195,34044.0
17:44:48,6998.52,6970.0,600.4163,39801.0
17:44:48,6998.52,6975.0,1434.3944,41403.0
17:44:48,6998.52,6980.0,1770.9306,55916.0
17:44:48,6998.52,6985.0,2022.8531,52287.0
17:44:48,6998.52,6990.0,1692.6361,68427.0
17:44:48,6998.52,6995.0,1349.4996,57941.0
17:44:48,6998.52,7000.0,6272.1219,110178.0
17:44:48,6998.52,7005.0,4099.9675,40010.0
17:44:48,6998.52,7010.0,2287.0538,43622.0
17:44:48,6998.52,7015.0,2321.0291,31089.0
17:44:48,6998.52,7020.0,1840.8801,29308.0
17:44:48,6998.52,7025.0,5988.0746,34068.0
17:44:48,6998.52,7030.0,2312.8858,20908.0
17:44:48,6998.52,7035.0,1678.6575,10423.0
17:44:48,6998.52,7040.0,442.0307,10509.0
17:44:48,6998.52,7045.0,127.3069,6206.0
17:44:48,6998.52,7050.0,927.3719,11859.0
17:44:48,6998.52,7055.0,57.7716,2879.0
17:44:48,6998.52,7060.0,236.3651,3915.0
17:44:48,6998.52,7065.0,40.4674,3223.0
17:44:48,6998.52,7070.0,96.1464,3094.0
17:46:58,6999.42,6925.0,79.1161,12698.0
17:46:58,6999.42,6930.0,4.6285,14777.0
17:46:58,6999.42,6935.0,94.7885,13502.0
17:46:58,6999.42,6940.0,42.2565,22655.0
17:46:58,6999.42,6945.0,0.5274,16576.0
17:46:58,6999.42,6950.0,299.411,35477.0
17:46:58,6999.42,6955.0,12.2119,25339.0
17:46:58,6999.42,6960.0,201.7221,29167.0
17:46:58,6999.42,6965.0,850.7528,34210.0
17:46:58,6999.42,6970.0,600.5708,39987.0
17:46:58,6999.42,6975.0,1434.7634,41625.0
17:46:58,6999.42,6980.0,1781.1387,56277.0
17:46:58,6999.42,6985.0,2011.4699,52643.0
17:46:58,6999.42,6990.0,1679.8537,68959.0
17:46:58,6999.42,6995.0,1355.7569,58659.0
17:46:58,6999.42,7000.0,6396.1128,111905.0
17:46:58,6999.42,7005.0,4239.8536,40600.0
17:46:58,6999.42,7010.0,2287.6421,44115.0
17:46:58,6999.42,7015.0,2321.6261,31326.0
17:46:58,6999.42,7020.0,1939.2629,29520.0
17:46:58,6999.42,7025.0,5989.6148,34276.0
17:46:58,6999.42,7030.0,2313.4807,20986.0
17:46:58,6999.42,7035.0,1678.1014,10479.0
17:46:58,6999.42,7040.0,442.1443,10630.0
17:46:58,6999.42,7045.0,127.3396,6221.0
17:46:58,6999.42,7050.0,927.6104,11954.0
17:46:58,6999.42,7055.0,52.6118,2882.0
17:46:58,6999.42,7060.0,230.6545,3942.0
17:46:58,6999.42,7065.0,39.4168,3231.0
17:46:58,6999.42,7070.0,96.1712,3107.0
17:49:08,6999.09,6925.0,79.7721,12791.0
17:49:08,6999.09,6930.0,4.628,14815.0
17:49:08,6999.09,6935.0,94.7796,13648.0
17:49:08,6999.09,6940.0,42.2525,22755.0
17:49:08,6999.09,6945.0,0.5274,16651.0
17:49:08,6999.09,6950.0,299.3828,35680.0
17:49:08,6999.09,6955.0,12.6421,25470.0
17:49:08,6999.09,6960.0,234.2646,29330.0
17:49:08,6999.09,6965.0,895.0196,34495.0
17:49:08,6999.09,6970.0,608.733,40427.0
17:49:08,6999.09,6975.0,1434.1641,42165.0
17:49:08,6999.09,6980.0,1768.758,56823.0
17:49:08,6999.09,6985.0,2037.257,52903.0
17:49:08,6999.09,6990.0,1693.7794,69743.0
17:49:08,6999.09,6995.0,1359.2903,59388.0
17:49:08,6999.09,7000.0,6321.4826,113191.0
17:49:08,6999.09,7005.0,4171.8118,40951.0
17:49:08,6999.09,7010.0,2286.9593,44609.0
17:49:08,6999.09,7015.0,2321.4213,31564.0
17:49:08,6999.09,7020.0,1921.4302,29914.0
17:49:08,6999.09,7025.0,5989.0501,34639.0
17:49:08,6999.09,7030.0,2313.2626,21108.0
17:49:08,6999.09,7035.0,1678.2627,11536.0
17:49:08,6999.09,7040.0,442.1027,10697.0
17:49:08,6999.09,7045.0,128.0701,6227.0
17:49:08,6999.09,7050.0,927.5229,12002.0
17:49:08,6999.09,7055.0,52.6068,2885.0
17:49:08,6999.09,7060.0,230.6429,3961.0
17:49:08,6999.09,7065.0,39.4167,3237.0
17:49:08,6999.09,7070.0,92.0187,3109.0
17:51:17,6998.3,6925.0,79.4075,12798.0
17:51:17,6998.3,6930.0,4.6021,14838.0
17:51:17,6998.3,6935.0,95.249,13714.0
17:51:17,6998.3,6940.0,43.8447,22933.0
17:51:17,6998.3,6945.0,0.5563,16704.0
17:51:17,6998.3,6950.0,306.7437,35858.0
17:51:17,6998.3,6955.0,19.2754,25555.0
17:51:17,6998.3,6960.0,219.6434,29481.0
17:51:17,6998.3,6965.0,922.4607,34619.0
17:51:17,6998.3,6970.0,639.567,40769.0
17:51:17,6998.3,6975.0,1501.9078,42519.0
17:51:17,6998.3,6980.0,1787.762,57150.0
17:51:17,6998.3,6985.0,2064.4414,53214.0
17:51:17,6998.3,6990.0,1723.2037,70281.0
17:51:17,6998.3,6995.0,1368.4546,60031.0
17:51:17,6998.3,7000.0,6305.2909,114565.0
17:51:17,6998.3,7005.0,4109.6776,41322.0
17:51:17,6998.3,7010.0,2290.0652,44934.0
17:51:17,6998.3,7015.0,2283.3139,31913.0
17:51:17,6998.3,7020.0,1809.1323,30142.0
17:51:17,6998.3,7025.0,5453.7657,36172.0
17:51:17,6998.3,7030.0,2202.1822,21205.0
17:51:17,6998.3,7035.0,1641.2329,12148.0
17:51:17,6998.3,7040.0,411.8579,10709.0
17:51:17,6998.3,7045.0,127.8294,6228.0
17:51:17,6998.3,7050.0,940.801,12035.0
17:51:17,6998.3,7055.0,52.1169,2886.0
17:51:17,6998.3,7060.0,220.8015,3966.0
17:51:17,6998.3,7065.0,38.112,3237.0
17:51:17,6998.3,7070.0,91.9979,3112.0
17:53:27,6998.06,6925.0,78.686,12811.0
17:53:27,6998.06,6930.0,4.5963,14860.0
17:53:27,6998.06,6935.0,92.5705,13732.0
17:53:27,6998.06,6940.0,43.2663,22946.0
17:53:27,6998.06,6945.0,0.5391,16801.0
17:53:27,6998.06,6950.0,299.38,35879.0
17:53:27,6998.06,6955.0,12.4033,25580.0
17:53:27,6998.06,6960.0,243.3922,29574.0
17:53:27,6998.06,6965.0,889.7575,34840.0
17:53:27,6998.06,6970.0,639.5231,40950.0
17:53:27,6998.06,6975.0,1462.4824,42680.0
17:53:27,6998.06,6980.0,1788.3732,57421.0
17:53:27,6998.06,6985.0,2063.8463,53505.0
17:53:27,6998.06,6990.0,1723.0855,70771.0
17:53:27,6998.06,6995.0,1368.3608,60798.0
17:53:27,6998.06,7000.0,6310.0453,115409.0
17:53:27,6998.06,7005.0,4093.8563,41585.0
17:53:27,6998.06,7010.0,2289.9081,45291.0
17:53:27,6998.06,7015.0,2272.408,32095.0
17:53:27,6998.06,7020.0,1901.376,30233.0
17:53:27,6998.06,7025.0,5692.3643,36392.0
17:53:27,6998.06,7030.0,2261.0102,21248.0
17:53:27,6998.06,7035.0,1643.0673,12225.0
17:53:27,6998.06,7040.0,425.9012,10724.0
17:53:27,6998.06,7045.0,125.2647,6230.0
17:53:27,6998.06,7050.0,922.1695,12041.0
17:53:27,6998.06,7055.0,54.7995,2888.0
17:53:27,6998.06,7060.0,229.9024,3978.0
17:53:27,6998.06,7065.0,39.4781,3238.0
17:53:27,6998.06,7070.0,92.4914,3120.0
17:55:36,6995.82,6925.0,85.0014,12828.0
17:55:36,6995.82,6930.0,5.0051,14870.0
17:55:36,6995.82,6935.0,102.0193,13824.0
17:55:36,6995.82,6940.0,43.2386,22973.0
17:55:36,6995.82,6945.0,0.5807,16927.0
17:55:36,6995.82,6950.0,329.5139,35922.0
17:55:36,6995.82,6955.0,13.0242,25714.0
17:55:36,6995.82,6960.0,227.3598,29640.0
17:55:36,6995.82,6965.0,959.8402,34990.0
17:55:36,6995.82,6970.0,669.2173,41301.0
17:55:36,6995.82,6975.0,1555.9111,42921.0
17:55:36,6995.82,6980.0,1898.1937,57782.0
17:55:36,6995.82,6985.0,2157.0591,53841.0
17:55:36,6995.82,6990.0,1745.4768,71412.0
17:55:36,6995.82,6995.0,1352.6234,61838.0
17:55:36,6995.82,7000.0,6106.8452,116650.0
17:55:36,6995.82,7005.0,3876.0429,42021.0
17:55:36,6995.82,7010.0,2124.634,45783.0
17:55:36,6995.82,7015.0,2045.207,32339.0
17:55:36,6995.82,7020.0,1711.0677,30495.0
17:55:36,6995.82,7025.0,5233.1872,37582.0
17:55:36,6995.82,7030.0,2032.7982,21295.0
17:55:36,6995.82,7035.0,1554.1493,13263.0
17:55:36,6995.82,7040.0,389.0259,10753.0
17:55:36,6995.82,7045.0,114.8915,6240.0
17:55:36,6995.82,7050.0,921.5792,12116.0
17:55:36,6995.82,7055.0,50.9148,2900.0
17:55:36,6995.82,7060.0,213.2042,4022.0
17:55:36,6995.82,7065.0,36.6183,3244.0
17:55:36,6995.82,7070.0,85.7778,3122.0
17:57:46,6993.57,6920.0,-54.9715,11253.0
17:57:46,6993.57,6925.0,90.5391,12950.0
17:57:46,6993.57,6930.0,5.3697,14904.0
17:57:46,6993.57,6935.0,112.1829,13977.0
17:57:46,6993.57,6940.0,50.7673,23134.0
17:57:46,6993.57,6945.0,0.64,17301.0
17:57:46,6993.57,6950.0,329.302,36364.0
17:57:46,6993.57,6955.0,13.0158,26170.0
17:57:46,6993.57,6960.0,248.439,29937.0
17:57:46,6993.57,6965.0,1033.3157,35934.0
17:57:46,6993.57,6970.0,708.5602,41852.0
17:57:46,6993.57,6975.0,1670.4911,43459.0
17:57:46,6993.57,6980.0,1993.0606,58523.0
17:57:46,6993.57,6985.0,2195.7446,54359.0
17:57:46,6993.57,6990.0,1761.9764,72480.0
17:57:46,6993.57,6995.0,1339.9746,63119.0
17:57:46,6993.57,7000.0,5910.2449,118124.0
17:57:46,6993.57,7005.0,3667.7013,42781.0
17:57:46,6993.57,7010.0,1942.1551,46414.0
17:57:46,6993.57,7015.0,1885.9558,32725.0
17:57:46,6993.57,7020.0,1503.9309,31122.0
17:57:46,6993.57,7025.0,4516.8216,40933.0
17:57:46,6993.57,7030.0,2031.4908,21877.0
17:57:46,6993.57,7035.0,1553.1498,16643.0
17:57:46,6993.57,7040.0,346.4139,10795.0
17:57:46,6993.57,7045.0,106.6079,6275.0
17:57:46,6993.57,7050.0,788.334,12787.0
17:57:46,6993.57,7055.0,47.4089,2950.0
17:57:46,6993.57,7060.0,196.0379,4053.0
17:57:46,6993.57,7065.0,34.0729,3253.0
17:59:56,6995.45,6925.0,111.9807,13008.0
17:59:56,6995.45,6930.0,4.7362,14911.0
17:59:56,6995.45,6935.0,100.6524,14060.0
17:59:56,6995.45,6940.0,70.6273,23201.0
17:59:56,6995.45,6945.0,0.5773,17367.0
17:59:56,6995.45,6950.0,325.7927,36565.0
17:59:56,6995.45,6955.0,13.2275,26320.0
17:59:56,6995.45,6960.0,226.3249,30154.0
17:59:56,6995.45,6965.0,955.5353,36132.0
17:59:56,6995.45,6970.0,668.7738,42081.0
17:59:56,6995.45,6975.0,1575.2628,43729.0
17:59:56,6995.45,6980.0,1906.478,58873.0
17:59:56,6995.45,6985.0,2158.1873,54778.0
17:59:56,6995.45,6990.0,1748.2161,73232.0
17:59:56,6995.45,6995.0,1341.8346,64143.0
17:59:56,6995.45,7000.0,5989.2709,119573.0
17:59:56,6995.45,7005.0,3820.2503,43497.0
17:59:56,6995.45,7010.0,2118.4583,46811.0
17:59:56,6995.45,7015.0,2046.9758,33557.0
17:59:56,6995.45,7020.0,1693.8181,31657.0
17:59:56,6995.45,7025.0,5147.3523,41749.0
17:59:56,6995.45,7030.0,2063.0464,21989.0
17:59:56,6995.45,7035.0,1529.0557,16693.0
17:59:56,6995.45,7040.0,392.4862,10882.0
17:59:56,6995.45,7045.0,119.8595,6295.0
17:59:56,6995.45,7050.0,788.7579,12908.0
17:59:56,6995.45,7055.0,53.3014,2955.0
17:59:56,6995.45,7060.0,196.1433,4075.0
17:59:56,6995.45,7065.0,37.3589,3255.0
17:59:56,6995.45,7070.0,85.7687,3173.0
18:02:05,6994.04,6920.0,-53.0128,11309.0
18:02:05,6994.04,6925.0,80.5266,13131.0
18:02:05,6994.04,6930.0,4.7343,15020.0
18:02:05,6994.04,6935.0,100.6118,14105.0
18:02:05,6994.04,6940.0,70.5988,23325.0
18:02:05,6994.04,6945.0,0.5771,17429.0
18:02:05,6994.04,6950.0,361.339,37003.0
18:02:05,6994.04,6955.0,41.4082,26539.0
18:02:05,6994.04,6960.0,226.2336,30514.0
18:02:05,6994.04,6965.0,910.2356,36662.0
18:02:05,6994.04,6970.0,668.5042,42748.0
18:02:05,6994.04,6975.0,1570.7423,44142.0
18:02:05,6994.04,6980.0,1905.7096,59531.0
18:02:05,6994.04,6985.0,2177.6781,55509.0
18:02:05,6994.04,6990.0,1742.4491,74440.0
18:02:05,6994.04,6995.0,1313.9223,65318.0
18:02:05,6994.04,7000.0,5986.8568,120838.0
18:02:05,6994.04,7005.0,3635.3839,43928.0
18:02:05,6994.04,7010.0,2117.6044,47518.0
18:02:05,6994.04,7015.0,2046.1507,34523.0
18:02:05,6994.04,7020.0,1693.1354,31954.0
18:02:05,6994.04,7025.0,5145.2775,43508.0
18:02:05,6994.04,7030.0,2062.2149,22093.0
18:02:05,6994.04,7035.0,1335.188,17748.0
18:02:05,6994.04,7040.0,342.4974,10917.0
18:02:05,6994.04,7045.0,119.8112,6459.0
18:02:05,6994.04,7050.0,788.44,13075.0
18:02:05,6994.04,7055.0,48.8972,2968.0
18:02:05,6994.04,7060.0,217.2194,4114.0
18:02:05,6994.04,7065.0,37.3326,3384.0
18:04:15,6994.66,6920.0,-51.7454,11328.0
18:04:15,6994.66,6925.0,86.9981,13139.0
18:04:15,6994.66,6930.0,5.1326,15058.0
18:04:15,6994.66,6935.0,108.924,14113.0
18:04:15,6994.66,6940.0,52.1589,23346.0
18:04:15,6994.66,6945.0,0.6552,17516.0
18:04:15,6994.66,6950.0,361.4031,37142.0
18:04:15,6994.66,6955.0,14.599,26576.0
18:04:15,6994.66,6960.0,236.4867,30601.0
18:04:15,6994.66,6965.0,995.6293,36910.0
18:04:15,6994.66,6970.0,689.7926,42918.0
18:04:15,6994.66,6975.0,1613.3846,44330.0
18:04:15,6994.66,6980.0,1934.7392,59799.0
18:04:15,6994.66,6985.0,2169.9051,55862.0
18:04:15,6994.66,6990.0,1744.1582,75050.0
18:04:15,6994.66,6995.0,1332.103,66050.0
18:04:15,6994.66,7000.0,5875.4168,121705.0
18:04:15,6994.66,7005.0,3696.9473,44234.0
18:04:15,6994.66,7010.0,2027.1551,47950.0
18:04:15,6994.66,7015.0,1958.4294,34801.0
18:04:15,6994.66,7020.0,1618.4269,32180.0
18:04:15,6994.66,7025.0,4924.8905,43646.0
18:04:15,6994.66,7030.0,1982.3268,22169.0
18:04:15,6994.66,7035.0,1335.4247,17778.0
18:04:15,6994.66,7040.0,342.6448,11050.0
18:04:15,6994.66,7045.0,109.1993,6528.0
18:04:15,6994.66,7050.0,886.4335,13188.0
18:04:15,6994.66,7055.0,53.7466,2972.0
18:04:15,6994.66,7060.0,217.5691,4161.0
18:04:15,6994.66,7065.0,37.5445,3398.0
18:06:24,6994.7,6920.0,-51.3428,11356.0
18:06:24,6994.7,6925.0,75.2652,13222.0
18:06:24,6994.7,6930.0,5.4593,15129.0
18:06:24,6994.7,6935.0,107.9278,14160.0
18:06:24,6994.7,6940.0,48.5246,23379.0
18:06:24,6994.7,6945.0,0.6091,17592.0
18:06:24,6994.7,6950.0,340.1256,37297.0
18:06:24,6994.7,6955.0,13.8407,26659.0
18:06:24,6994.7,6960.0,235.2078,30756.0
18:06:24,6994.7,6965.0,997.3522,37023.0
18:06:24,6994.7,6970.0,691.773,43166.0
18:06:24,6994.7,6975.0,1623.6599,44465.0
18:06:24,6994.7,6980.0,1944.5015,60113.0
18:06:24,6994.7,6985.0,2152.5496,56330.0
18:06:24,6994.7,6990.0,1729.4395,75991.0
18:06:24,6994.7,6995.0,1323.8801,66736.0
18:06:24,6994.7,7000.0,5856.542,122427.0
18:06:24,6994.7,7005.0,3700.8016,44615.0
18:06:24,6994.7,7010.0,1981.4545,48552.0
18:06:24,6994.7,7015.0,1932.1886,35163.0
18:06:24,6994.7,7020.0,1613.5224,32351.0
18:06:24,6994.7,7025.0,4578.6038,43817.0
18:06:24,6994.7,7030.0,2015.3378,22363.0
18:06:24,6994.7,7035.0,1481.868,17797.0
18:06:24,6994.7,7040.0,383.2251,11165.0
18:06:24,6994.7,7045.0,114.5329,6580.0
18:06:24,6994.7,7050.0,886.4436,13257.0
18:06:24,6994.7,7055.0,49.8073,2995.0
18:06:24,6994.7,7060.0,227.0044,4178.0
18:06:24,6994.7,7065.0,39.2188,3413.0
18:08:34,6997.83,6925.0,92.5826,13296.0
18:08:34,6997.83,6930.0,5.4642,15213.0
18:08:34,6997.83,6935.0,108.0244,14182.0
18:08:34,6997.83,6940.0,43.0447,23455.0
18:08:34,6997.83,6945.0,0.5467,17638.0
18:08:34,6997.83,6950.0,340.43,37441.0
18:08:34,6997.83,6955.0,-13.8153,26755.0
18:08:34,6997.83,6960.0,213.9734,30967.0
18:08:34,6997.83,6965.0,860.9033,37369.0
18:08:34,6997.83,6970.0,642.5942,43670.0
18:08:34,6997.83,6975.0,1477.6953,44719.0
18:08:34,6997.83,6980.0,1817.4688,60475.0
18:08:34,6997.83,6985.0,2082.2051,56764.0
18:08:34,6997.83,6990.0,1730.9876,76885.0
18:08:34,6997.83,6995.0,1347.1161,67715.0
18:08:34,6997.83,7000.0,6128.1198,123756.0
18:08:34,6997.83,7005.0,3947.8453,45436.0
18:08:34,6997.83,7010.0,2204.636,49236.0
18:08:34,6997.83,7015.0,2214.1165,35465.0
18:08:34,6997.83,7020.0,1807.8263,32650.0
18:08:34,6997.83,7025.0,5559.8556,43941.0
18:08:34,6997.83,7030.0,2276.36,22466.0
18:08:34,6997.83,7035.0,1666.5343,17860.0
18:08:34,6997.83,7040.0,431.4676,11211.0
18:08:34,6997.83,7045.0,137.7228,6598.0
18:08:34,6997.83,7050.0,887.2145,13321.0
18:08:34,6997.83,7055.0,57.068,3020.0
18:08:34,6997.83,7060.0,259.9222,4221.0
18:08:34,6997.83,7065.0,39.2482,3420.0
18:08:34,6997.83,7070.0,85.8271,3346.0
18:10:43,6996.78,6925.0,77.68,13388.0
18:10:43,6996.78,6930.0,4.5074,15228.0
18:10:43,6996.78,6935.0,94.4712,14216.0
18:10:43,6996.78,6940.0,38.9295,23578.0
18:10:43,6996.78,6945.0,0.5465,17717.0
18:10:43,6996.78,6950.0,306.7763,37672.0
18:10:43,6996.78,6955.0,12.5004,26893.0
18:10:43,6996.78,6960.0,213.9092,31168.0
18:10:43,6996.78,6965.0,919.2392,37655.0
18:10:43,6996.78,6970.0,645.1016,44096.0
18:10:43,6996.78,6975.0,1545.6139,44990.0
18:10:43,6996.78,6980.0,1904.1407,60920.0
18:10:43,6996.78,6985.0,2239.6375,57124.0
18:10:43,6996.78,6990.0,1814.9559,77662.0
18:10:43,6996.78,6995.0,1424.1101,68516.0
18:10:43,6996.78,7000.0,6474.3726,125061.0
18:10:43,6996.78,7005.0,4110.3478,45977.0
18:10:43,6996.78,7010.0,2238.1817,49889.0
18:10:43,6996.78,7015.0,2160.8151,35811.0
18:10:43,6996.78,7020.0,1758.2688,32831.0
18:10:43,6996.78,7025.0,5267.6822,44083.0
18:10:43,6996.78,7030.0,1972.7402,23468.0
18:10:43,6996.78,7035.0,1666.0342,17917.0
18:10:43,6996.78,7040.0,431.3382,12293.0
18:10:43,6996.78,7045.0,134.1426,6712.0
18:10:43,6996.78,7050.0,932.0861,13360.0
18:10:43,6996.78,7055.0,56.6112,3028.0
18:10:43,6996.78,7060.0,220.7831,4232.0
18:10:43,6996.78,7065.0,38.2074,3431.0
18:10:43,6996.78,7070.0,89.7449,3347.0
18:12:53,6996.76,6925.0,74.7013,13415.0
18:12:53,6996.76,6930.0,4.5758,15244.0
18:12:53,6996.76,6935.0,94.4706,14237.0
18:12:53,6996.76,6940.0,43.2921,23601.0
18:12:53,6996.76,6945.0,0.5396,17775.0
18:12:53,6996.76,6950.0,302.3068,37735.0
18:12:53,6996.76,6955.0,12.7828,26943.0
18:12:53,6996.76,6960.0,214.4019,31264.0
18:12:53,6996.76,6965.0,919.234,37779.0
18:12:53,6996.76,6970.0,645.0979,44261.0
18:12:53,6996.76,6975.0,1545.6051,45128.0
18:12:53,6996.76,6980.0,1904.1298,61055.0
18:12:53,6996.76,6985.0,2204.7667,57326.0
18:12:53,6996.76,6990.0,1785.1014,78082.0
18:12:53,6996.76,6995.0,1391.8696,69056.0
18:12:53,6996.76,7000.0,6338.4748,126166.0
18:12:53,6996.76,7005.0,4044.9981,46253.0
18:12:53,6996.76,7010.0,2238.1689,50179.0
18:12:53,6996.76,7015.0,2160.8028,35989.0
18:12:53,6996.76,7020.0,1758.2587,32965.0
18:12:53,6996.76,7025.0,5267.652,44157.0
18:12:53,6996.76,7030.0,1972.7289,23528.0
18:12:53,6996.76,7035.0,1416.9411,18001.0
18:12:53,6996.76,7040.0,364.6621,12391.0
18:12:53,6996.76,7045.0,125.2799,6744.0
18:12:53,6996.76,7050.0,896.5824,13374.0
18:12:53,6996.76,7055.0,54.2386,3028.0
18:12:53,6996.76,7060.0,220.7818,4235.0
18:12:53,6996.76,7065.0,40.8121,3439.0
18:12:53,6996.76,7070.0,95.1459,3365.0
18:15:02,6997.98,6925.0,61.5646,13425.0
18:15:02,6997.98,6930.0,4.5774,15360.0
18:15:02,6997.98,6935.0,94.5036,14345.0
18:15:02,6997.98,6940.0,41.4288,23613.0
18:15:02,6997.98,6945.0,0.5398,17935.0
18:15:02,6997.98,6950.0,302.4122,37889.0
18:15:02,6997.98,6955.0,19.3067,26961.0
18:15:02,6997.98,6960.0,214.4767,31312.0
18:15:02,6997.98,6965.0,935.9309,37808.0
18:15:02,6997.98,6970.0,645.3229,44393.0
18:15:02,6997.98,6975.0,1548.3833,45217.0
18:15:02,6997.98,6980.0,1904.7939,61278.0
18:15:02,6997.98,6985.0,2205.5356,57416.0
18:15:02,6997.98,6990.0,1785.9529,78355.0
18:15:02,6997.98,6995.0,1391.4347,69534.0
18:15:02,6997.98,7000.0,6621.8234,126700.0
18:15:02,6997.98,7005.0,4253.4733,46475.0
18:15:02,6997.98,7010.0,2238.9495,50422.0
18:15:02,6997.98,7015.0,2161.5564,36165.0
18:15:02,6997.98,7020.0,1758.872,33031.0
18:15:02,6997.98,7025.0,5269.4892,44310.0
18:15:02,6997.98,7030.0,1973.4169,23572.0
18:15:02,6997.98,7035.0,1417.4353,18016.0
18:15:02,6997.98,7040.0,364.7893,12434.0
18:15:02,6997.98,7045.0,125.3236,6753.0
18:15:02,6997.98,7050.0,896.8951,13394.0
18:15:02,6997.98,7055.0,58.7568,3029.0
18:15:02,6997.98,7060.0,240.9493,4240.0
18:15:02,6997.98,7065.0,40.817,3443.0
18:15:02,6997.98,7070.0,95.1791,3371.0
18:17:12,6997.51,6925.0,73.4956,13433.0
18:17:12,6997.51,6930.0,4.3716,15384.0
18:17:12,6997.51,6935.0,91.9615,14363.0
18:17:12,6997.51,6940.0,41.9599,23729.0
18:17:12,6997.51,6945.0,0.5248,18063.0
18:17:12,6997.51,6950.0,294.971,38024.0
18:17:12,6997.51,6955.0,12.1071,27069.0
18:17:12,6997.51,6960.0,207.2434,31400.0
18:17:12,6997.51,6965.0,884.3172,37960.0
18:17:12,6997.51,6970.0,627.9443,44639.0
18:17:12,6997.51,6975.0,1506.3883,45404.0
18:17:12,6997.51,6980.0,1854.3801,61614.0
18:17:12,6997.51,6985.0,2126.5151,57660.0
18:17:12,6997.51,6990.0,1807.9902,78908.0
18:17:12,6997.51,6995.0,1420.5499,70304.0
18:17:12,6997.51,7000.0,6604.7692,128875.0
18:17:12,6997.51,7005.0,4214.4501,46808.0
18:17:12,6997.51,7010.0,2284.9124,50787.0
18:17:12,6997.51,7015.0,2234.8422,36446.0
18:17:12,6997.51,7020.0,1831.4621,33216.0
18:17:12,6997.51,7025.0,5519.7933,44501.0
18:17:12,6997.51,7030.0,2180.6484,26623.0
18:17:12,6997.51,7035.0,1584.1246,18996.0
18:17:12,6997.51,7040.0,409.5033,15557.0
18:17:12,6997.51,7045.0,126.7572,6758.0
18:17:12,6997.51,7050.0,940.2981,13411.0
18:17:12,6997.51,7055.0,56.6416,3029.0
18:17:12,6997.51,7060.0,234.6472,4260.0
18:17:12,6997.51,7065.0,40.9075,3444.0
18:17:12,6997.51,7070.0,94.6586,3386.0
18:19:22,6998.97,6925.0,76.2554,13499.0
18:19:22,6998.97,6930.0,4.1551,15408.0
18:19:22,6998.97,6935.0,86.7354,14392.0
18:19:22,6998.97,6940.0,40.8472,23824.0
18:19:22,6998.97,6945.0,0.5098,18074.0
18:19:22,6998.97,6950.0,285.6571,38172.0
18:19:22,6998.97,6955.0,11.7581,27124.0
18:19:22,6998.97,6960.0,199.4404,31543.0
18:19:22,6998.97,6965.0,858.6491,38076.0
18:19:22,6998.97,6970.0,609.1443,44830.0
18:19:22,6998.97,6975.0,1409.3872,45678.0
18:19:22,6998.97,6980.0,1780.6602,62019.0
18:19:22,6998.97,6985.0,2100.9693,58008.0
18:19:22,6998.97,6990.0,1766.8401,79693.0
18:19:22,6998.97,6995.0,1415.0955,71038.0
18:19:22,6998.97,7000.0,6712.2525,130154.0
18:19:22,6998.97,7005.0,4426.5294,47139.0
18:19:22,6998.97,7010.0,2424.684,51451.0
18:19:22,6998.97,7015.0,2371.5192,36757.0
18:19:22,6998.97,7020.0,2016.4743,33631.0
18:19:22,6998.97,7025.0,5686.9773,44720.0
18:19:22,6998.97,7030.0,2211.6039,26788.0
18:19:22,6998.97,7035.0,1615.4664,19022.0
18:19:22,6998.97,7040.0,423.7187,15720.0
18:19:22,6998.97,7045.0,132.8259,6764.0
18:19:22,6998.97,7050.0,1011.1498,13452.0
18:19:22,6998.97,7055.0,60.0517,3070.0
18:19:22,6998.97,7060.0,239.5637,4261.0
18:19:22,6998.97,7065.0,40.424,3452.0
18:19:22,6998.97,7070.0,93.3191,3387.0
18:21:31,7001.45,6930.0,3.724,15777.0
18:21:31,7001.45,6935.0,78.2239,14527.0
18:21:31,7001.45,6940.0,40.8762,23928.0
18:21:31,7001.45,6945.0,0.5102,18171.0
18:21:31,7001.45,6950.0,285.8596,38562.0
18:21:31,7001.45,6955.0,33.7682,27278.0
18:21:31,7001.45,6960.0,180.4324,32022.0
18:21:31,7001.45,6965.0,761.0333,38539.0
18:21:31,7001.45,6970.0,532.402,45639.0
18:21:31,7001.45,6975.0,1313.4902,46213.0
18:21:31,7001.45,6980.0,1632.3388,63058.0
18:21:31,7001.45,6985.0,1960.7091,58499.0
18:21:31,7001.45,6990.0,1676.3845,80558.0
18:21:31,7001.45,6995.0,1416.0985,72386.0
18:21:31,7001.45,7000.0,6695.8553,133877.0
18:21:31,7001.45,7005.0,4512.4653,48783.0
18:21:31,7001.45,7010.0,2599.6868,52449.0
18:21:31,7001.45,7015.0,2598.3361,37645.0
18:21:31,7001.45,7020.0,2208.7195,34361.0
18:21:31,7001.45,7025.0,6663.9704,45290.0
18:21:31,7001.45,7030.0,2212.8205,26963.0
18:21:31,7001.45,7035.0,1892.1289,19105.0
18:21:31,7001.45,7040.0,486.3233,15808.0
18:21:31,7001.45,7045.0,149.1487,6838.0
18:21:31,7001.45,7050.0,1011.8665,13627.0
18:21:31,7001.45,7055.0,60.0943,3114.0
18:21:31,7001.45,7060.0,239.7335,4265.0
18:21:31,7001.45,7065.0,47.1526,3462.0
18:21:31,7001.45,7070.0,109.83,3391.0
18:21:31,7001.45,7075.0,681.6257,3412.0
18:23:41,7001.5,6930.0,3.7241,15777.0
18:23:41,7001.5,6935.0,78.2251,14527.0
18:23:41,7001.5,6940.0,36.976,23928.0
18:23:41,7001.5,6945.0,0.458,18171.0
18:23:41,7001.5,6950.0,258.061,38562.0
18:23:41,7001.5,6955.0,10.6389,27278.0
18:23:41,7001.5,6960.0,180.435,32022.0
18:23:41,7001.5,6965.0,761.0442,38539.0
18:23:41,7001.5,6970.0,532.4096,45639.0
18:23:41,7001.5,6975.0,1318.7004,46213.0
18:23:41,7001.5,6980.0,1638.7651,63058.0
18:23:41,7001.5,6985.0,1960.7371,58499.0
18:23:41,7001.5,6990.0,1676.4084,80558.0
18:23:41,7001.5,6995.0,1389.5953,72386.0
18:23:41,7001.5,7000.0,6695.9509,133877.0
18:23:41,7001.5,7005.0,4512.3312,48783.0
18:23:41,7001.5,7010.0,2599.7239,52449.0
18:23:41,7001.5,7015.0,2598.3732,37645.0
18:23:41,7001.5,7020.0,2203.157,34361.0
18:23:41,7001.5,7025.0,6651.165,45290.0
18:23:41,7001.5,7030.0,2584.0504,26963.0
18:23:41,7001.5,7035.0,1892.1559,19105.0
18:23:41,7001.5,7040.0,486.3303,15808.0
18:23:41,7001.5,7045.0,149.1508,6838.0
18:23:41,7001.5,7050.0,1144.2013,13627.0
18:23:41,7001.5,7055.0,68.9343,3114.0
18:23:41,7001.5,7060.0,276.4886,4265.0
18:23:41,7001.5,7065.0,47.1533,3462.0
18:23:41,7001.5,7070.0,109.8316,3391.0
18:23:41,7001.5,7075.0,681.6354,3412.0
18:25:50,6998.99,6925.0,76.2558,13783.0
18:25:50,6998.99,6930.0,3.7214,16015.0
18:25:50,6998.99,6935.0,78.169,14645.0
18:25:50,6998.99,6940.0,37.9821,24012.0
18:25:50,6998.99,6945.0,0.476,18408.0
18:25:50,6998.99,6950.0,272.9277,38797.0
18:25:50,6998.99,6955.0,11.2535,27451.0
18:25:50,6998.99,6960.0,194.4023,32331.0
18:25:50,6998.99,6965.0,800.1843,38828.0
18:25:50,6998.99,6970.0,532.028,46487.0
18:25:50,6998.99,6975.0,1317.7551,46756.0
18:25:50,6998.99,6980.0,1637.5904,64182.0
18:25:50,6998.99,6985.0,1959.3315,59310.0
18:25:50,6998.99,6990.0,1675.2067,82097.0
18:25:50,6998.99,6995.0,1460.1866,74045.0
18:25:50,6998.99,7000.0,6935.0535,138161.0
18:25:50,6998.99,7005.0,4516.787,50583.0
18:25:50,6998.99,7010.0,2597.8603,54408.0
18:25:50,6998.99,7015.0,2596.5105,39353.0
18:25:50,6998.99,7020.0,2201.5776,35494.0
18:25:50,6998.99,7025.0,6646.397,47129.0
18:25:50,6998.99,7030.0,2582.3934,27607.0
18:25:50,6998.99,7035.0,1660.8484,19539.0
18:25:50,6998.99,7040.0,415.5443,16071.0
18:25:50,6998.99,7045.0,137.9229,6960.0
18:25:50,6998.99,7050.0,1107.5445,13707.0
18:25:50,6998.99,7055.0,66.1308,3159.0
18:25:50,6998.99,7060.0,254.4193,4310.0
18:25:50,6998.99,7065.0,47.1195,3471.0
18:25:50,6998.99,7070.0,109.7529,3426.0
18:28:00,7000.29,6930.0,3.9464,16024.0
18:28:00,7000.29,6935.0,78.9606,14681.0
18:28:00,7000.29,6940.0,37.9962,24129.0
18:28:00,7000.29,6945.0,-4.4243,18432.0
18:28:00,7000.29,6950.0,300.2378,38867.0
18:28:00,7000.29,6955.0,11.2577,27513.0
18:28:00,7000.29,6960.0,181.6988,32521.0
18:28:00,7000.29,6965.0,771.6904,39048.0
18:28:00,7000.29,6970.0,521.239,46760.0
18:28:00,7000.29,6975.0,1333.1501,47015.0
18:28:00,7000.29,6980.0,1636.0807,64658.0
18:28:00,7000.29,6985.0,1960.0595,59656.0
18:28:00,7000.29,6990.0,1675.829,82608.0
18:28:00,7000.29,6995.0,1438.6148,74772.0
18:28:00,7000.29,7000.0,6924.273,139797.0
18:28:00,7000.29,7005.0,4607.8369,51270.0
18:28:00,7000.29,7010.0,2598.8254,54991.0
18:28:00,7000.29,7015.0,2597.4752,39828.0
18:28:00,7000.29,7020.0,2202.3956,35826.0
18:28:00,7000.29,7025.0,6648.8663,48039.0
18:28:00,7000.29,7030.0,2583.3528,27778.0
18:28:00,7000.29,7035.0,1660.7369,19639.0
18:28:00,7000.29,7040.0,481.9243,16109.0
18:28:00,7000.29,7045.0,147.9091,6983.0
18:28:00,7000.29,7050.0,1107.9559,13734.0
18:28:00,7000.29,7055.0,65.3208,3174.0
18:28:00,7000.29,7060.0,272.3563,4356.0
18:28:00,7000.29,7065.0,46.3297,3578.0
18:28:00,7000.29,7070.0,106.9857,3425.0
18:28:00,7000.29,7075.0,656.9349,3432.0
18:30:09,6997.5,6925.0,73.7397,14072.0
18:30:09,6997.5,6930.0,4.4159,16265.0
18:30:09,6997.5,6935.0,90.4579,14716.0
18:30:09,6997.5,6940.0,35.7239,24175.0
18:30:09,6997.5,6945.0,0.4603,18707.0
18:30:09,6997.5,6950.0,258.1716,39208.0
18:30:09,6997.5,6955.0,10.4448,27694.0
18:30:09,6997.5,6960.0,181.554,32711.0
18:30:09,6997.5,6965.0,891.5804,39183.0
18:30:09,6997.5,6970.0,630.1881,47199.0
18:30:09,6997.5,6975.0,1505.6219,47341.0
18:30:09,6997.5,6980.0,1854.7446,65230.0
18:30:09,6997.5,6985.0,2175.7748,59874.0
18:30:09,6997.5,6990.0,1823.6995,83183.0
18:30:09,6997.5,6995.0,1453.511,75398.0
18:30:09,6997.5,7000.0,6683.1506,141153.0
18:30:09,6997.5,7005.0,4280.3698,51727.0
18:30:09,6997.5,7010.0,2335.7892,55795.0
18:30:09,6997.5,7015.0,2239.7425,40220.0
18:30:09,6997.5,7020.0,1838.8231,36168.0
18:30:09,6997.5,7025.0,5693.8043,48521.0
18:30:09,6997.5,7030.0,2286.8273,27942.0
18:30:09,6997.5,7035.0,1849.2115,19670.0
18:30:09,6997.5,7040.0,481.5402,16198.0
18:30:09,6997.5,7045.0,147.7912,7063.0
18:30:09,6997.5,7050.0,1089.7253,13764.0
18:30:09,6997.5,7055.0,60.5445,3177.0
18:30:09,6997.5,7060.0,259.259,4398.0
18:30:09,6997.5,7065.0,44.455,3685.0
18:30:09,6997.5,7070.0,103.8515,3440.0
18:32:19,6995.83,6925.0,73.7045,14125.0
18:32:19,6995.83,6930.0,4.4138,16410.0
18:32:19,6995.83,6935.0,91.5141,15037.0
18:32:19,6995.83,6940.0,42.2946,24269.0
18:32:19,6995.83,6945.0,0.5164,18794.0
18:32:19,6995.83,6950.0,251.122,39490.0
18:32:19,6995.83,6955.0,11.4099,27881.0
18:32:19,6995.83,6960.0,197.1572,32915.0
18:32:19,6995.83,6965.0,871.2999,39498.0
18:32:19,6995.83,6970.0,629.8874,47892.0
18:32:19,6995.83,6975.0,1503.4784,47952.0
18:32:19,6995.83,6980.0,1904.1777,66011.0
18:32:19,6995.83,6985.0,2216.1439,60709.0
18:32:19,6995.83,6990.0,1849.8105,84533.0
18:32:19,6995.83,6995.0,1462.8296,77204.0
18:32:19,6995.83,7000.0,6661.9455,143529.0
18:32:19,6995.83,7005.0,4183.7356,52858.0
18:32:19,6995.83,7010.0,2249.4045,56821.0
18:32:19,6995.83,7015.0,2238.6736,40891.0
18:32:19,6995.83,7020.0,1837.9455,36755.0
18:32:19,6995.83,7025.0,5319.8081,49091.0
18:32:19,6995.83,7030.0,2285.7359,28054.0
18:32:19,6995.83,7035.0,1641.5525,19800.0
18:32:19,6995.83,7040.0,423.1105,16252.0
18:32:19,6995.83,7045.0,128.9276,7119.0
18:32:19,6995.83,7050.0,932.6417,13790.0
18:32:19,6995.83,7055.0,56.1119,3212.0
18:32:19,6995.83,7060.0,259.1353,4423.0
18:32:19,6995.83,7065.0,44.4338,3692.0
18:32:19,6995.83,7070.0,103.8019,3450.0
18:34:28,6995.84,6925.0,78.3407,14180.0
18:34:28,6995.84,6930.0,4.4138,16450.0
18:34:28,6995.84,6935.0,96.5372,15160.0
18:34:28,6995.84,6940.0,44.6406,24436.0
18:34:28,6995.84,6945.0,0.5527,18842.0
18:34:28,6995.84,6950.0,226.826,39754.0
18:34:28,6995.84,6955.0,-21.9496,27921.0
18:34:28,6995.84,6960.0,267.2621,33286.0
18:34:28,6995.84,6965.0,875.7446,39628.0
18:34:28,6995.84,6970.0,616.191,48165.0
18:34:28,6995.84,6975.0,1503.383,48215.0
18:34:28,6995.84,6980.0,1891.7443,66427.0
18:34:28,6995.84,6985.0,2229.0274,61028.0
18:34:28,6995.84,6990.0,1854.2729,85370.0
18:34:28,6995.84,6995.0,1464.7911,78006.0
18:34:28,6995.84,7000.0,6415.5274,145004.0
18:34:28,6995.84,7005.0,4201.6425,53222.0
18:34:28,6995.84,7010.0,2248.3669,57315.0
18:34:28,6995.84,7015.0,2114.7356,41310.0
18:34:28,6995.84,7020.0,1838.9371,36897.0
18:34:28,6995.84,7025.0,5319.8233,49506.0
18:34:28,6995.84,7030.0,1976.6024,28133.0
18:34:28,6995.84,7035.0,1418.0583,20007.0
18:34:28,6995.84,7040.0,423.1117,16311.0
18:34:28,6995.84,7045.0,131.3449,7155.0
18:34:28,6995.84,7050.0,976.4339,13816.0
18:34:28,6995.84,7055.0,58.6743,3324.0
18:34:28,6995.84,7060.0,215.3248,4433.0
18:34:28,6995.84,7065.0,44.4606,3694.0
18:34:28,6995.84,7070.0,103.8022,3456.0
18:36:38,6998.05,6925.0,78.3902,14193.0
18:36:38,6998.05,6930.0,4.5852,16464.0
18:36:38,6998.05,6935.0,96.5982,15190.0
18:36:38,6998.05,6940.0,39.6826,24597.0
18:36:38,6998.05,6945.0,0.5314,18881.0
18:36:38,6998.05,6950.0,298.9998,39911.0
18:36:38,6998.05,6955.0,12.1277,27964.0
18:36:38,6998.05,6960.0,207.6072,33405.0
18:36:38,6998.05,6965.0,885.7866,39700.0
18:36:38,6998.05,6970.0,629.6278,48400.0
18:36:38,6998.05,6975.0,1537.4721,48513.0
18:36:38,6998.05,6980.0,1892.9397,66799.0
18:36:38,6998.05,6985.0,2230.1222,61246.0
18:36:38,6998.05,6990.0,1771.3403,86138.0
18:36:38,6998.05,6995.0,1413.1165,79185.0
18:36:38,6998.05,7000.0,6527.9648,146182.0
18:36:38,6998.05,7005.0,4209.6992,53609.0
18:36:38,6998.05,7010.0,2330.6604,57965.0
18:36:38,6998.05,7015.0,2116.3267,41464.0
18:36:38,6998.05,7020.0,1806.4334,37159.0
18:36:38,6998.05,7025.0,4946.2129,49615.0
18:36:38,6998.05,7030.0,2201.5165,28783.0
18:36:38,6998.05,7035.0,1608.4595,20082.0
18:36:38,6998.05,7040.0,421.8536,16376.0
18:36:38,6998.05,7045.0,141.9238,7174.0
18:36:38,6998.05,7050.0,1020.4392,13833.0
18:36:38,6998.05,7055.0,61.7366,3332.0
18:36:38,6998.05,7060.0,215.4608,4449.0
18:36:38,6998.05,7065.0,36.7345,3695.0
18:36:38,6998.05,7070.0,85.5567,3466.0
18:38:48,6997.78,6925.0,78.3841,14205.0
18:38:48,6997.78,6930.0,4.1681,16478.0
18:38:48,6997.78,6935.0,85.7609,15224.0
18:38:48,6997.78,6940.0,39.0186,24753.0
18:38:48,6997.78,6945.0,8.8186,18902.0
18:38:48,6997.78,6950.0,298.9768,39956.0
18:38:48,6997.78,6955.0,12.1268,28003.0
18:38:48,6997.78,6960.0,203.195,33550.0
18:38:48,6997.78,6965.0,865.6164,39781.0
18:38:48,6997.78,6970.0,601.7423,48582.0
18:38:48,6997.78,6975.0,1471.9246,48728.0
18:38:48,6997.78,6980.0,1826.0578,67133.0
18:38:48,6997.78,6985.0,2141.8562,61489.0
18:38:48,6997.78,6990.0,1779.2626,86650.0
18:38:48,6997.78,6995.0,1429.6627,79884.0
18:38:48,6997.78,7000.0,6625.5031,147105.0
18:38:48,6997.78,7005.0,4282.1421,53995.0
18:38:48,6997.78,7010.0,2356.5,58399.0
18:38:48,6997.78,7015.0,2292.1157,41754.0
18:38:48,6997.78,7020.0,1890.1258,37422.0
18:38:48,6997.78,7025.0,5749.8026,49812.0
18:38:48,6997.78,7030.0,2233.7894,28835.0
18:38:48,6997.78,7035.0,1608.3354,20150.0
18:38:48,6997.78,7040.0,421.8211,16438.0
18:38:48,6997.78,7045.0,141.9129,7185.0
18:38:48,6997.78,7050.0,1020.3605,13867.0
18:38:48,6997.78,7055.0,62.8286,3379.0
18:38:48,6997.78,7060.0,265.8861,4452.0
18:38:48,6997.78,7065.0,45.0588,3698.0
18:38:48,6997.78,7070.0,103.7867,3466.0
18:40:57,6992.16,6920.0,-45.3764,12444.0
18:40:57,6992.16,6925.0,91.2117,14251.0
18:40:57,6992.16,6930.0,5.3091,16533.0
18:40:57,6992.16,6935.0,85.6232,15457.0
18:40:57,6992.16,6940.0,38.956,25077.0
18:40:57,6992.16,6945.0,43.4212,19112.0
18:40:57,6992.16,6950.0,348.7707,40780.0
18:40:57,6992.16,6955.0,15.0437,28682.0
18:40:57,6992.16,6960.0,250.3536,33889.0
18:40:57,6992.16,6965.0,1059.4881,40498.0
18:40:57,6992.16,6970.0,729.8412,49311.0
18:40:57,6992.16,6975.0,1730.5136,49432.0
18:40:57,6992.16,6980.0,2069.5712,68064.0
18:40:57,6992.16,6985.0,2138.4173,62423.0
18:40:57,6992.16,6990.0,1808.4537,87968.0
18:40:57,6992.16,6995.0,1332.7727,81790.0
18:40:57,6992.16,7000.0,5712.7304,149498.0
18:40:57,6992.16,7005.0,4275.2668,54946.0
18:40:57,6992.16,7010.0,1848.2357,59660.0
18:40:57,6992.16,7015.0,1743.7534,42446.0
18:40:57,6992.16,7020.0,1458.8111,37871.0
18:40:57,6992.16,7025.0,4313.0378,50456.0
18:40:57,6992.16,7030.0,1736.2597,28948.0
18:40:57,6992.16,7035.0,1218.8173,20268.0
18:40:57,6992.16,7040.0,421.1438,16560.0
18:40:57,6992.16,7045.0,141.685,7255.0
18:40:57,6992.16,7050.0,1018.8072,14263.0
18:40:57,6992.16,7055.0,51.1991,3393.0
18:40:57,6992.16,7060.0,218.872,4469.0
18:40:57,6992.16,7065.0,37.377,3740.0
18:43:07,6988.58,6915.0,-130.8082,9236.0
18:43:07,6988.58,6920.0,-57.8975,12749.0
18:43:07,6988.58,6925.0,102.4385,14540.0
18:43:07,6988.58,6930.0,5.634,17029.0
18:43:07,6988.58,6935.0,124.4122,15956.0
18:43:07,6988.58,6940.0,51.4176,25827.0
18:43:07,6988.58,6945.0,0.6397,20124.0
18:43:07,6988.58,6950.0,403.3623,42055.0
18:43:07,6988.58,6955.0,15.8592,29594.0
18:43:07,6988.58,6960.0,278.4417,35161.0
18:43:07,6988.58,6965.0,1189.2403,42002.0
18:43:07,6988.58,6970.0,815.1842,50999.0
18:43:07,6988.58,6975.0,1899.6025,51197.0
18:43:07,6988.58,6980.0,2056.9141,70573.0
18:43:07,6988.58,6985.0,2380.2289,64626.0
18:43:07,6988.58,6990.0,1833.1059,91395.0
18:43:07,6988.58,6995.0,1335.4565,84785.0
18:43:07,6988.58,7000.0,5281.9284,151954.0
18:43:07,6988.58,7005.0,3261.4943,57059.0
18:43:07,6988.58,7010.0,1648.0046,62192.0
18:43:07,6988.58,7015.0,1497.3581,43750.0
18:43:07,6988.58,7020.0,1235.5667,38837.0
18:43:07,6988.58,7025.0,3654.7389,52791.0
18:43:07,6988.58,7030.0,1315.1076,35543.0
18:43:07,6988.58,7035.0,1217.5695,20560.0
18:43:07,6988.58,7040.0,350.4525,23145.0
18:43:07,6988.58,7045.0,85.247,7556.0
18:43:07,6988.58,7050.0,673.3218,14696.0
18:43:07,6988.58,7055.0,40.9023,3586.0
18:43:07,6988.58,7060.0,149.7966,4699.0
18:45:16,6987.38,6915.0,-75.7999,9315.0
18:45:16,6987.38,6920.0,-59.9853,12915.0
18:45:16,6987.38,6925.0,103.976,14638.0
18:45:16,6987.38,6930.0,6.0053,17179.0
18:45:16,6987.38,6935.0,127.599,16170.0
18:45:16,6987.38,6940.0,59.1333,26054.0
18:45:16,6987.38,6945.0,0.7612,20312.0
18:45:16,6987.38,6950.0,416.8662,42641.0
18:45:16,6987.38,6955.0,17.9664,29987.0
18:45:16,6987.38,6960.0,223.8472,35627.0
18:45:16,6987.38,6965.0,1188.832,42556.0
18:45:16,6987.38,6970.0,814.9043,51701.0
18:45:16,6987.38,6975.0,1893.4817,51603.0
18:45:16,6987.38,6980.0,2305.8319,72298.0
18:45:16,6987.38,6985.0,2459.8416,65841.0
18:45:16,6987.38,6990.0,1838.5931,92976.0
18:45:16,6987.38,6995.0,1287.883,85805.0
18:45:16,6987.38,7000.0,5509.8394,153716.0
18:45:16,6987.38,7005.0,3260.3743,57851.0
18:45:16,6987.38,7010.0,1647.4386,63053.0
18:45:16,6987.38,7015.0,1337.5445,44231.0
18:45:16,6987.38,7020.0,1090.0617,39277.0
18:45:16,6987.38,7025.0,3147.3674,53205.0
18:45:16,6987.38,7030.0,1176.2848,35779.0
18:45:16,6987.38,7035.0,878.9227,20716.0
18:45:16,6987.38,7040.0,253.4193,23239.0
18:45:16,6987.38,7045.0,73.6982,7591.0
18:45:16,6987.38,7050.0,544.5191,14903.0
18:45:16,6987.38,7055.0,32.8982,3605.0
18:45:16,6987.38,7060.0,149.7452,4703.0
18:47:26,6984.8,6910.0,-4.0736,9975.0
18:47:26,6984.8,6915.0,-72.8426,9429.0
18:47:26,6984.8,6920.0,-59.941,12988.0
18:47:26,6984.8,6925.0,100.5572,14732.0
18:47:26,6984.8,6930.0,6.095,17408.0
18:47:26,6984.8,6935.0,127.5048,16369.0
18:47:26,6984.8,6940.0,60.8187,26302.0
18:47:26,6984.8,6945.0,0.8417,20551.0
18:47:26,6984.8,6950.0,469.2486,43011.0
18:47:26,6984.8,6955.0,-5.1437,30758.0
18:47:26,6984.8,6960.0,185.4686,36202.0
18:47:26,6984.8,6965.0,1108.9027,43099.0
18:47:26,6984.8,6970.0,967.4279,52395.0
18:47:26,6984.8,6975.0,2062.0062,52894.0
18:47:26,6984.8,6980.0,2356.7171,73972.0
18:47:26,6984.8,6985.0,2404.7456,67681.0
18:47:26,6984.8,6990.0,1763.4957,94408.0
18:47:26,6984.8,6995.0,1215.5076,86872.0
18:47:26,6984.8,7000.0,4834.2034,155235.0
18:47:26,6984.8,7005.0,2650.5947,59130.0
18:47:26,6984.8,7010.0,1326.9579,63919.0
18:47:26,6984.8,7015.0,1198.184,44640.0
18:47:26,6984.8,7020.0,938.1899,39521.0
18:47:26,6984.8,7025.0,2743.9093,53816.0
18:47:26,6984.8,7030.0,1175.4164,35915.0
18:47:26,6984.8,7035.0,878.2738,20781.0
18:47:26,6984.8,7040.0,203.5665,23270.0
18:47:26,6984.8,7045.0,73.6438,7625.0
18:47:26,6984.8,7050.0,544.1171,15116.0
18:47:26,6984.8,7055.0,32.8739,3628.0
18:49:35,6987.85,6915.0,-72.9063,10003.0
18:49:35,6987.85,6920.0,-60.0361,13378.0
18:49:35,6987.85,6925.0,108.8507,15526.0
18:49:35,6987.85,6930.0,6.3948,18261.0
18:49:35,6987.85,6935.0,132.5563,17127.0
18:49:35,6987.85,6940.0,60.8718,27391.0
18:49:35,6987.85,6945.0,0.8424,21694.0
18:49:35,6987.85,6950.0,469.6585,44847.0
18:49:35,6987.85,6955.0,17.4475,32875.0
18:49:35,6987.85,6960.0,297.741,37806.0
18:49:35,6987.85,6965.0,1230.9137,44976.0
18:49:35,6987.85,6970.0,832.2404,54360.0
18:49:35,6987.85,6975.0,1918.5732,54788.0
18:49:35,6987.85,6980.0,2214.6549,76542.0
18:49:35,6987.85,6985.0,2326.5818,69827.0
18:49:35,6987.85,6990.0,1765.951,96604.0
18:49:35,6987.85,6995.0,1251.3235,88429.0
18:49:35,6987.85,7000.0,5332.6686,157290.0
18:49:35,6987.85,7005.0,3003.4623,60402.0
18:49:35,6987.85,7010.0,1521.9636,65104.0
18:49:35,6987.85,7015.0,1436.3004,45680.0
18:49:35,6987.85,7020.0,1130.4416,40451.0
18:49:35,6987.85,7025.0,3067.8851,54405.0
18:49:35,6987.85,7030.0,1239.6046,36149.0
18:49:35,6987.85,7035.0,910.8207,20879.0
18:49:35,6987.85,7040.0,203.7444,23461.0
18:49:35,6987.85,7045.0,74.8892,7724.0
18:49:35,6987.85,7050.0,476.6365,15332.0
18:49:35,6987.85,7055.0,31.7307,3665.0
18:49:35,6987.85,7060.0,144.402,4782.0
18:51:45,6988.75,6915.0,-64.5801,10139.0
18:51:45,6988.75,6920.0,-47.1507,13458.0
18:51:45,6988.75,6925.0,91.5148,15618.0
18:51:45,6988.75,6930.0,5.3976,18441.0
18:51:45,6988.75,6935.0,119.5345,17239.0
18:51:45,6988.75,6940.0,90.7819,27632.0
18:51:45,6988.75,6945.0,0.7705,22005.0
18:51:45,6988.75,6950.0,439.6028,45460.0
18:51:45,6988.75,6955.0,16.5868,33647.0
18:51:45,6988.75,6960.0,284.6471,38640.0
18:51:45,6988.75,6965.0,1200.5773,46104.0
18:51:45,6988.75,6970.0,830.113,55335.0
18:51:45,6988.75,6975.0,1919.7185,55503.0
18:51:45,6988.75,6980.0,2248.0932,77818.0
18:51:45,6988.75,6985.0,2445.0556,71254.0
18:51:45,6988.75,6990.0,1860.6649,98521.0
18:51:45,6988.75,6995.0,1315.9257,90992.0
18:51:45,6988.75,7000.0,5529.5049,159144.0
18:51:45,6988.75,7005.0,3215.2712,61583.0
18:51:45,6988.75,7010.0,1619.2725,66194.0
18:51:45,6988.75,7015.0,1469.4964,46252.0
18:51:45,6988.75,7020.0,1142.8653,40808.0
18:51:45,6988.75,7025.0,3064.4105,54658.0
18:51:45,6988.75,7030.0,1245.3003,36269.0
18:51:45,6988.75,7035.0,909.7135,20969.0
18:51:45,6988.75,7040.0,215.7555,23648.0
18:51:45,6988.75,7045.0,97.1511,7799.0
18:51:45,6988.75,7050.0,476.7593,15422.0
18:51:45,6988.75,7055.0,30.8822,3667.0
18:51:45,6988.75,7060.0,153.9281,4805.0
18:53:54,6983.6,6910.0,-4.1512,10654.0
18:53:54,6983.6,6915.0,-84.8056,10273.0
18:53:54,6983.6,6920.0,-63.947,13686.0
18:53:54,6983.6,6925.0,121.7771,15863.0
18:53:54,6983.6,6930.0,7.3321,18697.0
18:53:54,6983.6,6935.0,119.3584,17483.0
18:53:54,6983.6,6940.0,90.6481,28407.0
18:53:54,6983.6,6945.0,0.7693,22442.0
18:53:54,6983.6,6950.0,438.9552,46789.0
18:53:54,6983.6,6955.0,-48.7282,34462.0
18:53:54,6983.6,6960.0,284.2277,39372.0
18:53:54,6983.6,6965.0,1120.9717,47268.0
18:53:54,6983.6,6970.0,828.8901,56136.0
18:53:54,6983.6,6975.0,2012.0277,56854.0
18:53:54,6983.6,6980.0,2252.0878,79081.0
18:53:54,6983.6,6985.0,2290.2965,73516.0
18:53:54,6983.6,6990.0,1651.3213,100118.0
18:53:54,6983.6,6995.0,1109.9703,91750.0
18:53:54,6983.6,7000.0,4469.5481,160655.0
18:53:54,6983.6,7005.0,3210.5343,62792.0
18:53:54,6983.6,7010.0,1616.8869,66944.0
18:53:54,6983.6,7015.0,1467.3315,46655.0
18:53:54,6983.6,7020.0,1141.1815,41077.0
18:53:54,6983.6,7025.0,3059.8958,54992.0
18:53:54,6983.6,7030.0,1243.4657,36353.0
18:53:54,6983.6,7035.0,908.3732,21036.0
18:53:54,6983.6,7040.0,207.3972,23685.0
18:53:54,6983.6,7045.0,61.9876,7818.0
18:53:54,6983.6,7050.0,476.0569,15446.0
18:53:54,6983.6,7055.0,29.1417,3685.0
18:56:04,6984.18,6910.0,-72.2389,10700.0
18:56:04,6984.18,6915.0,-82.0898,10357.0
18:56:04,6984.18,6920.0,-67.5648,13832.0
18:56:04,6984.18,6925.0,119.6198,15967.0
18:56:04,6984.18,6930.0,7.3065,18832.0
18:56:04,6984.18,6935.0,151.4697,17628.0
18:56:04,6984.18,6940.0,65.7524,28559.0
18:56:04,6984.18,6945.0,0.8927,22672.0
18:56:04,6984.18,6950.0,493.2835,47254.0
18:56:04,6984.18,6955.0,19.9121,35322.0
18:56:04,6984.18,6960.0,335.0568,39890.0
18:56:04,6984.18,6965.0,1376.2538,47998.0
18:56:04,6984.18,6970.0,910.6277,56721.0
18:56:04,6984.18,6975.0,2016.3582,57768.0
18:56:04,6984.18,6980.0,2256.3328,80610.0
18:56:04,6984.18,6985.0,2330.2492,74725.0
18:56:04,6984.18,6990.0,1690.2425,101328.0
18:56:04,6984.18,6995.0,1160.9021,92373.0
18:56:04,6984.18,7000.0,4641.0625,162103.0
18:56:04,6984.18,7005.0,2539.0651,63700.0
18:56:04,6984.18,7010.0,1266.7593,67643.0
18:56:04,6984.18,7015.0,1151.1004,47180.0
18:56:04,6984.18,7020.0,907.1609,41412.0
18:56:04,6984.18,7025.0,2323.3832,55218.0
18:56:04,6984.18,7030.0,1113.0112,36418.0
18:56:04,6984.18,7035.0,791.6945,21053.0
18:56:04,6984.18,7040.0,190.1824,23724.0
18:56:04,6984.18,7045.0,61.0261,7833.0
18:56:04,6984.18,7050.0,480.4095,15513.0
18:56:04,6984.18,7055.0,28.9327,3725.0
18:58:13,6987.22,6915.0,-74.125,10612.0
18:58:13,6987.22,6920.0,-63.6313,14145.0
18:58:13,6987.22,6925.0,108.2703,16338.0
18:58:13,6987.22,6930.0,6.0144,19260.0
18:58:13,6987.22,6935.0,131.5372,17938.0
18:58:13,6987.22,6940.0,60.1038,29229.0
18:58:13,6987.22,6945.0,0.7661,23579.0
18:58:13,6987.22,6950.0,432.674,48344.0
18:58:13,6987.22,6955.0,17.6126,36506.0
18:58:13,6987.22,6960.0,307.8856,41565.0
18:58:13,6987.22,6965.0,1255.1606,49275.0
18:58:13,6987.22,6970.0,867.7008,58168.0
18:58:13,6987.22,6975.0,1992.8979,58992.0
18:58:13,6987.22,6980.0,2309.0145,82742.0
18:58:13,6987.22,6985.0,2450.5455,76688.0
18:58:13,6987.22,6990.0,1827.9738,102629.0
18:58:13,6987.22,6995.0,1280.2252,93654.0
18:58:13,6987.22,7000.0,5195.496,165045.0
18:58:13,6987.22,7005.0,2966.862,65451.0
18:58:13,6987.22,7010.0,1481.4759,68454.0
18:58:13,6987.22,7015.0,1346.6706,47766.0
18:58:13,6987.22,7020.0,1040.4205,42104.0
18:58:13,6987.22,7025.0,3169.8565,55724.0
18:58:13,6987.22,7030.0,1169.1167,36603.0
18:58:13,6987.22,7035.0,810.8461,21203.0
18:58:13,6987.22,7040.0,205.7932,23917.0
18:58:13,6987.22,7045.0,65.8758,7923.0
18:58:13,6987.22,7050.0,478.3028,15667.0
18:58:13,6987.22,7055.0,30.1242,3791.0
18:58:13,6987.22,7060.0,135.9731,5098.0
19:00:23,6988.31,6915.0,-53.8783,10626.0
19:00:23,6988.31,6920.0,-50.0653,14199.0
19:00:23,6988.31,6925.0,88.8396,16346.0
19:00:23,6988.31,6930.0,6.0163,19444.0
19:00:23,6988.31,6935.0,131.5783,18024.0
19:00:23,6988.31,6940.0,52.9669,29454.0
19:00:23,6988.31,6945.0,0.7664,23675.0
19:00:23,6988.31,6950.0,432.809,48758.0
19:00:23,6988.31,6955.0,17.6181,36970.0
19:00:23,6988.31,6960.0,307.9816,42060.0
19:00:23,6988.31,6965.0,1290.6928,49866.0
19:00:23,6988.31,6970.0,867.9716,58873.0
19:00:23,6988.31,6975.0,1994.9048,59539.0
19:00:23,6988.31,6980.0,2308.2447,83826.0
19:00:23,6988.31,6985.0,2505.3001,77992.0
19:00:23,6988.31,6990.0,1900.9337,103930.0
19:00:23,6988.31,6995.0,1356.1076,94226.0
19:00:23,6988.31,7000.0,5197.1171,166048.0
19:00:23,6988.31,7005.0,2967.7877,66392.0
19:00:23,6988.31,7010.0,1481.9382,69556.0
19:00:23,6988.31,7015.0,1347.0908,48036.0
19:00:23,6988.31,7020.0,1040.7452,42819.0
19:00:23,6988.31,7025.0,3170.8456,55969.0
19:00:23,6988.31,7030.0,1169.4815,36719.0
19:00:23,6988.31,7035.0,947.972,21229.0
19:00:23,6988.31,7040.0,243.1355,23998.0
19:00:23,6988.31,7045.0,65.8963,7979.0
19:00:23,6988.31,7050.0,478.452,15697.0
19:00:23,6988.31,7055.0,32.5751,3847.0
19:00:23,6988.31,7060.0,136.8067,5110.0
19:02:33,6989.94,6915.0,-53.9034,10683.0
19:02:33,6989.94,6920.0,-50.0887,14234.0
19:02:33,6989.94,6925.0,88.881,16419.0
19:02:33,6989.94,6930.0,5.4613,19529.0
19:02:33,6989.94,6935.0,113.4857,18170.0
19:02:33,6989.94,6940.0,52.9917,29637.0
19:02:33,6989.94,6945.0,0.6903,23729.0
19:02:33,6989.94,6950.0,391.3826,49035.0
19:02:33,6989.94,6955.0,16.238,37228.0
19:02:33,6989.94,6960.0,278.9665,42555.0
19:02:33,6989.94,6965.0,1191.9222,50431.0
19:02:33,6989.94,6970.0,831.2589,59639.0
19:02:33,6989.94,6975.0,1932.3017,60024.0
19:02:33,6989.94,6980.0,2294.234,84577.0
19:02:33,6989.94,6985.0,2489.1257,79000.0
19:02:33,6989.94,6990.0,1939.9119,105453.0
19:02:33,6989.94,6995.0,1409.1662,94933.0
19:02:33,6989.94,7000.0,6009.5293,167486.0
19:02:33,6989.94,7005.0,3400.3177,67331.0
19:02:33,6989.94,7010.0,1662.2437,70452.0
19:02:33,6989.94,7015.0,1469.0459,48316.0
19:02:33,6989.94,7020.0,1173.3874,42977.0
19:02:33,6989.94,7025.0,3517.5029,56311.0
19:02:33,6989.94,7030.0,1281.6465,36833.0
19:02:33,6989.94,7035.0,948.4143,21284.0
19:02:33,6989.94,7040.0,243.2489,24067.0
19:02:33,6989.94,7045.0,65.4937,8103.0
19:02:33,6989.94,7050.0,518.1822,15705.0
19:02:33,6989.94,7055.0,32.5903,3953.0
19:02:33,6989.94,7060.0,132.4267,5125.0
19:04:42,6992.63,6920.0,-42.6046,14349.0
19:04:42,6992.63,6925.0,77.3344,16493.0
19:04:42,6992.63,6930.0,4.6197,19675.0
19:04:42,6992.63,6935.0,99.9436,18301.0
19:04:42,6992.63,6940.0,44.1217,29837.0
19:04:42,6992.63,6945.0,0.5716,24096.0
19:04:42,6992.63,6950.0,326.2614,49319.0
19:04:42,6992.63,6955.0,14.0913,37559.0
19:04:42,6992.63,6960.0,239.7112,42990.0
19:04:42,6992.63,6965.0,1040.3005,50976.0
19:04:42,6992.63,6970.0,714.9745,60335.0
19:04:42,6992.63,6975.0,1722.9444,60421.0
19:04:42,6992.63,6980.0,2115.0731,85442.0
19:04:42,6992.63,6985.0,2400.2659,79922.0
19:04:42,6992.63,6990.0,1935.8278,106737.0
19:04:42,6992.63,6995.0,1472.5303,96292.0
19:04:42,6992.63,7000.0,6454.8238,169010.0
19:04:42,6992.63,7005.0,3867.562,68054.0
19:04:42,6992.63,7010.0,2015.1502,71123.0
19:04:42,6992.63,7015.0,1832.0622,48872.0
19:04:42,6992.63,7020.0,1375.7539,43254.0
19:04:42,6992.63,7025.0,4261.976,56495.0
19:04:42,6992.63,7030.0,1631.2352,37057.0
19:04:42,6992.63,7035.0,1075.1188,21333.0
19:04:42,6992.63,7040.0,291.5472,24112.0
19:04:42,6992.63,7045.0,82.6886,8147.0
19:04:42,6992.63,7050.0,595.8327,15730.0
19:04:42,6992.63,7055.0,32.0665,4029.0
19:04:42,6992.63,7060.0,166.9064,5156.0
19:04:42,6992.63,7065.0,29.3856,4269.0
19:06:52,6996.56,6925.0,66.317,16549.0
19:06:52,6996.56,6930.0,4.6249,19839.0
19:06:52,6996.56,6935.0,79.9118,18376.0
19:06:52,6996.56,6940.0,35.1703,29956.0
19:06:52,6996.56,6945.0,0.4582,24232.0
19:06:52,6996.56,6950.0,416.8998,49645.0
19:06:52,6996.56,6955.0,54.2949,37811.0
19:06:52,6996.56,6960.0,239.9807,43379.0
19:06:52,6996.56,6965.0,1110.4806,51410.0
19:06:52,6996.56,6970.0,715.7783,61209.0
19:06:52,6996.56,6975.0,1731.8691,60905.0
19:06:52,6996.56,6980.0,2117.4512,86232.0
19:06:52,6996.56,6985.0,2341.6876,80617.0
19:06:52,6996.56,6990.0,1936.2576,107876.0
19:06:52,6996.56,6995.0,1532.7413,97693.0
19:06:52,6996.56,7000.0,6961.9316,170511.0
19:06:52,6996.56,7005.0,4427.5426,68974.0
19:06:52,6996.56,7010.0,2017.416,71912.0
19:06:52,6996.56,7015.0,1834.1221,49337.0
19:06:52,6996.56,7020.0,1377.3008,43676.0
19:06:52,6996.56,7025.0,4266.768,56695.0
19:06:52,6996.56,7030.0,1633.0693,37388.0
19:06:52,6996.56,7035.0,1076.3276,21397.0
19:06:52,6996.56,7040.0,291.875,24137.0
19:06:52,6996.56,7045.0,83.6321,8311.0
19:06:52,6996.56,7050.0,736.4476,15845.0
19:06:52,6996.56,7055.0,44.0471,4200.0
19:06:52,6996.56,7060.0,180.745,5245.0
19:06:52,6996.56,7065.0,31.5981,4280.0
19:06:52,6996.56,7070.0,103.7505,3698.0
19:09:01,6994.86,6920.0,-42.6317,14536.0
19:09:01,6994.86,6925.0,66.2848,16586.0
19:09:01,6994.86,6930.0,3.6683,19912.0
19:09:01,6994.86,6935.0,84.7974,18398.0
19:09:01,6994.86,6940.0,40.2876,29985.0
19:09:01,6994.86,6945.0,0.5092,24322.0
19:09:01,6994.86,6950.0,296.9269,49873.0
19:09:01,6994.86,6955.0,12.4241,38064.0
19:09:01,6994.86,6960.0,217.5295,43806.0
19:09:01,6994.86,6965.0,933.3375,51824.0
19:09:01,6994.86,6970.0,703.1468,61647.0
19:09:01,6994.86,6975.0,1653.4226,61405.0
19:09:01,6994.86,6980.0,2109.7729,86952.0
19:09:01,6994.86,6985.0,2452.282,81330.0
19:09:01,6994.86,6990.0,2005.9951,108964.0
19:09:01,6994.86,6995.0,1559.5921,99438.0
19:09:01,6994.86,7000.0,6933.2108,172679.0
19:09:01,6994.86,7005.0,4186.9161,69873.0
19:09:01,6994.86,7010.0,2177.8305,72894.0
19:09:01,6994.86,7015.0,1903.5305,49861.0
19:09:01,6994.86,7020.0,1556.5676,44160.0
19:09:01,6994.86,7025.0,4458.4275,56868.0
19:09:01,6994.86,7030.0,1670.1503,37440.0
19:09:01,6994.86,7035.0,1224.5133,21424.0
19:09:01,6994.86,7040.0,271.7452,24154.0
19:09:01,6994.86,7045.0,92.1098,8349.0
19:09:01,6994.86,7050.0,587.8826,16139.0
19:09:01,6994.86,7055.0,44.0573,4227.0
19:09:01,6994.86,7060.0,180.6572,5275.0
19:09:01,6994.86,7065.0,31.5828,4289.0
19:11:11,6995.43,6925.0,67.8742,16623.0
19:11:11,6995.43,6930.0,4.0572,19938.0
19:11:11,6995.43,6935.0,84.5767,18435.0
19:11:11,6995.43,6940.0,38.9258,30063.0
19:11:11,6995.43,6945.0,0.5093,24360.0
19:11:11,6995.43,6950.0,296.9753,50000.0
19:11:11,6995.43,6955.0,12.4262,38115.0
19:11:11,6995.43,6960.0,217.565,43937.0
19:11:11,6995.43,6965.0,943.351,52002.0
19:11:11,6995.43,6970.0,677.6014,62177.0
19:11:11,6995.43,6975.0,1646.5397,61772.0
19:11:11,6995.43,6980.0,2043.3601,87441.0
19:11:11,6995.43,6985.0,2420.6443,81685.0
19:11:11,6995.43,6990.0,2012.7656,109630.0
19:11:11,6995.43,6995.0,1582.476,100342.0
19:11:11,6995.43,7000.0,7114.1862,173849.0
19:11:11,6995.43,7005.0,4331.5479,70369.0
19:11:11,6995.43,7010.0,2220.2008,73359.0
19:11:11,6995.43,7015.0,2010.07,50190.0
19:11:11,6995.43,7020.0,1645.4024,44689.0
19:11:11,6995.43,7025.0,4500.8467,57020.0
19:11:11,6995.43,7030.0,1728.8359,37497.0
19:11:11,6995.43,7035.0,1224.7129,21458.0
19:11:11,6995.43,7040.0,271.7895,24205.0
19:11:11,6995.43,7045.0,92.1248,8354.0
19:11:11,6995.43,7050.0,644.3605,16148.0
19:11:11,6995.43,7055.0,39.0068,4235.0
19:11:11,6995.43,7060.0,180.6867,5303.0
19:11:11,6995.43,7065.0,31.5879,4294.0
19:11:11,6995.43,7070.0,67.1526,3718.0
19:13:20,6994.77,6920.0,-39.7867,14771.0
19:13:20,6994.77,6925.0,74.6547,16721.0
19:13:20,6994.77,6930.0,4.178,20050.0
19:13:20,6994.77,6935.0,87.2416,18486.0
19:13:20,6994.77,6940.0,43.0721,30099.0
19:13:20,6994.77,6945.0,0.5397,24432.0
19:13:20,6994.77,6950.0,281.487,50106.0
19:13:20,6994.77,6955.0,12.6009,38190.0
19:13:20,6994.77,6960.0,220.0679,44101.0
19:13:20,6994.77,6965.0,976.1816,52095.0
19:13:20,6994.77,6970.0,677.4736,62652.0
19:13:20,6994.77,6975.0,1640.6412,62073.0
19:13:20,6994.77,6980.0,2156.8353,87899.0
19:13:20,6994.77,6985.0,2517.1813,81946.0
19:13:20,6994.77,6990.0,2068.2007,110166.0
19:13:20,6994.77,6995.0,1599.4209,101241.0
19:13:20,6994.77,7000.0,7071.7032,174832.0
19:13:20,6994.77,7005.0,4256.6619,71033.0
19:13:20,6994.77,7010.0,2109.1574,73745.0
19:13:20,6994.77,7015.0,2009.9662,50499.0
19:13:20,6994.77,7020.0,1380.7295,44898.0
19:13:20,6994.77,7025.0,4233.4035,57167.0
19:13:20,6994.77,7030.0,1728.5097,37712.0
19:13:20,6994.77,7035.0,1225.4035,21509.0
19:13:20,6994.77,7040.0,271.7562,24219.0
19:13:20,6994.77,7045.0,74.0485,8380.0
19:13:20,6994.77,7050.0,542.2964,16169.0
19:13:20,6994.77,7055.0,33.8059,4243.0
19:13:20,6994.77,7060.0,153.514,5328.0
19:13:20,6994.77,7065.0,26.854,4296.0
19:15:30,6996.38,6925.0,74.6891,16798.0
19:15:30,6996.38,6930.0,4.0048,20100.0
19:15:30,6996.38,6935.0,87.8163,18703.0
19:15:30,6996.38,6940.0,40.8901,30152.0
19:15:30,6996.38,6945.0,8.3384,24470.0
19:15:30,6996.38,6950.0,305.3699,50217.0
19:15:30,6996.38,6955.0,12.6067,38285.0
19:15:30,6996.38,6960.0,218.4785,44215.0
19:15:30,6996.38,6965.0,930.7574,52228.0
19:15:30,6996.38,6970.0,668.5994,62924.0
19:15:30,6996.38,6975.0,1645.0567,62384.0
19:15:30,6996.38,6980.0,2059.8731,88276.0
19:15:30,6996.38,6985.0,2414.4281,82238.0
19:15:30,6996.38,6990.0,2046.0438,110578.0
19:15:30,6996.38,6995.0,1620.5413,101981.0
19:15:30,6996.38,7000.0,7309.4528,175444.0
19:15:30,6996.38,7005.0,4510.42,71382.0
19:15:30,6996.38,7010.0,2267.2242,74167.0
19:15:30,6996.38,7015.0,2054.6142,50647.0
19:15:30,6996.38,7020.0,1615.1555,44974.0
19:15:30,6996.38,7025.0,4403.2626,57223.0
19:15:30,6996.38,7030.0,1693.7159,37731.0
19:15:30,6996.38,7035.0,985.536,21578.0
19:15:30,6996.38,7040.0,261.5182,24236.0
19:15:30,6996.38,7045.0,74.0826,8411.0
19:15:30,6996.38,7050.0,625.2244,16182.0
19:15:30,6996.38,7055.0,37.8413,4244.0
19:15:30,6996.38,7060.0,163.7036,5362.0
19:15:30,6996.38,7065.0,28.5898,4297.0
19:15:30,6996.38,7070.0,67.1708,3717.0
19:17:39,6997.31,6925.0,60.5103,16848.0
19:17:39,6997.31,6930.0,3.549,20165.0
19:17:39,6997.31,6935.0,76.2516,18739.0
19:17:39,6997.31,6940.0,40.901,30203.0
19:17:39,6997.31,6945.0,0.5153,24670.0
19:17:39,6997.31,6950.0,298.5142,50523.0
19:17:39,6997.31,6955.0,12.0942,38376.0
19:17:39,6997.31,6960.0,209.5124,44398.0
19:17:39,6997.31,6965.0,849.9091,52442.0
19:17:39,6997.31,6970.0,617.9322,63333.0
19:17:39,6997.31,6975.0,1498.7609,62700.0
19:17:39,6997.31,6980.0,1954.3832,88985.0
19:17:39,6997.31,6985.0,2351.8758,82762.0
19:17:39,6997.31,6990.0,2019.4013,111397.0
19:17:39,6997.31,6995.0,1651.1427,103173.0
19:17:39,6997.31,7000.0,7506.6883,177044.0
19:17:39,6997.31,7005.0,4753.0299,71901.0
19:17:39,6997.31,7010.0,2496.5106,74814.0
19:17:39,6997.31,7015.0,2275.7172,51116.0
19:17:39,6997.31,7020.0,1751.4143,45283.0
19:17:39,6997.31,7025.0,4851.4686,57384.0
19:17:39,6997.31,7030.0,1806.6719,37798.0
19:17:39,6997.31,7035.0,1123.7138,21645.0
19:17:39,6997.31,7040.0,280.7334,24261.0
19:17:39,6997.31,7045.0,84.6215,8451.0
19:17:39,6997.31,7050.0,625.3907,16189.0
19:17:39,6997.31,7055.0,42.388,4249.0
19:17:39,6997.31,7060.0,163.7472,5376.0
19:17:39,6997.31,7065.0,28.5974,4301.0
19:17:39,6997.31,7070.0,68.4872,3723.0
19:19:49,6997.31,6925.0,60.0623,16855.0
19:19:49,6997.31,6930.0,3.709,20198.0
19:19:49,6997.31,6935.0,76.2516,18803.0
19:19:49,6997.31,6940.0,35.121,30259.0
19:19:49,6997.31,6945.0,0.463,24717.0
19:19:49,6997.31,6950.0,263.3749,50560.0
19:19:49,6997.31,6955.0,31.6532,38550.0
19:19:49,6997.31,6960.0,209.5124,44697.0
19:19:49,6997.31,6965.0,847.2758,52881.0
19:19:49,6997.31,6970.0,617.9322,63566.0
19:19:49,6997.31,6975.0,1497.663,63004.0
19:19:49,6997.31,6980.0,1954.3832,89506.0
19:19:49,6997.31,6985.0,2351.8758,83017.0
19:19:49,6997.31,6990.0,2033.5722,112024.0
19:19:49,6997.31,6995.0,1653.4742,104184.0
19:19:49,6997.31,7000.0,7568.8321,178222.0
19:19:49,6997.31,7005.0,4753.0299,72279.0
19:19:49,6997.31,7010.0,2496.5106,75123.0
19:19:49,6997.31,7015.0,2275.7172,51598.0
19:19:49,6997.31,7020.0,1751.4143,45526.0
19:19:49,6997.31,7025.0,4851.4686,57475.0
19:19:49,6997.31,7030.0,1806.6719,37903.0
19:19:49,6997.31,7035.0,1123.7138,21741.0
19:19:49,6997.31,7040.0,280.7334,24272.0
19:19:49,6997.31,7045.0,92.0994,8484.0
19:19:49,6997.31,7050.0,681.3834,16232.0
19:19:49,6997.31,7055.0,40.6542,4282.0
19:19:49,6997.31,7060.0,165.3816,5412.0
19:19:49,6997.31,7065.0,28.402,4301.0
19:19:49,6997.31,7070.0,66.4984,3735.0
19:21:58,6996.03,6925.0,64.0276,17105.0
19:21:58,6996.03,6930.0,3.8769,20379.0
19:21:58,6996.03,6935.0,69.1933,18889.0
19:21:58,6996.03,6940.0,37.2933,30263.0
19:21:58,6996.03,6945.0,0.4629,24744.0
19:21:58,6996.03,6950.0,263.2786,50666.0
19:21:58,6996.03,6955.0,11.167,38599.0
19:21:58,6996.03,6960.0,195.5299,44798.0
19:21:58,6996.03,6965.0,923.4349,53091.0
19:21:58,6996.03,6970.0,672.8585,63837.0
19:21:58,6996.03,6975.0,1591.8325,63289.0
19:21:58,6996.03,6980.0,2076.6945,89998.0
19:21:58,6996.03,6985.0,2462.9259,83404.0
19:21:58,6996.03,6990.0,2113.3064,112595.0
19:21:58,6996.03,6995.0,1690.7716,105166.0
19:21:58,6996.03,7000.0,7587.4615,179338.0
19:21:58,6996.03,7005.0,4667.1157,73027.0
19:21:58,6996.03,7010.0,2376.0826,75714.0
19:21:58,6996.03,7015.0,2039.5413,51843.0
19:21:58,6996.03,7020.0,1480.8769,45645.0
19:21:58,6996.03,7025.0,4158.6687,57740.0
19:21:58,6996.03,7030.0,1675.3042,37955.0
19:21:58,6996.03,7035.0,1271.576,21846.0
19:21:58,6996.03,7040.0,310.1525,24334.0
19:21:58,6996.03,7045.0,92.0657,8514.0
19:21:58,6996.03,7050.0,681.1342,16265.0
19:21:58,6996.03,7055.0,35.9854,4303.0
19:21:58,6996.03,7060.0,158.4344,5431.0
19:21:58,6996.03,7065.0,27.4061,4307.0
19:21:58,6996.03,7070.0,64.3695,3735.0
19:24:08,6994.92,6920.0,-39.7884,15096.0
19:24:08,6994.92,6925.0,64.0073,17114.0
19:24:08,6994.92,6930.0,3.8757,20436.0
19:24:08,6994.92,6935.0,83.5434,19017.0
19:24:08,6994.92,6940.0,39.427,30352.0
19:24:08,6994.92,6945.0,-9.5906,24806.0
19:24:08,6994.92,6950.0,295.0584,50792.0
19:24:08,6994.92,6955.0,12.3282,38656.0
19:24:08,6994.92,6960.0,211.8524,44902.0
19:24:08,6994.92,6965.0,922.5231,53296.0
19:24:08,6994.92,6970.0,672.645,63981.0
19:24:08,6994.92,6975.0,1586.2887,63514.0
19:24:08,6994.92,6980.0,2076.0356,90367.0
19:24:08,6994.92,6985.0,2581.4284,83675.0
19:24:08,6994.92,6990.0,2170.236,113193.0
19:24:08,6994.92,6995.0,1702.2031,105868.0
19:24:08,6994.92,7000.0,7433.9379,180521.0
19:24:08,6994.92,7005.0,4665.6349,73574.0
19:24:08,6994.92,7010.0,2375.3287,76080.0
19:24:08,6994.92,7015.0,2038.8942,52111.0
19:24:08,6994.92,7020.0,1480.407,45847.0
19:24:08,6994.92,7025.0,4157.3491,57822.0
19:24:08,6994.92,7030.0,1551.8884,37987.0
19:24:08,6994.92,7035.0,1108.5182,21867.0
19:24:08,6994.92,7040.0,260.6733,24361.0
19:24:08,6994.92,7045.0,83.7407,8559.0
19:24:08,6994.92,7050.0,593.2182,16320.0
19:24:08,6994.92,7055.0,37.8286,4312.0
19:24:08,6994.92,7060.0,158.3841,5437.0
19:24:08,6994.92,7065.0,27.3974,4309.0
19:26:17,6997.15,6925.0,61.1746,17126.0
19:26:17,6997.15,6930.0,3.8782,20481.0
19:26:17,6997.15,6935.0,83.5967,19093.0
19:26:17,6997.15,6940.0,34.9727,30417.0
19:26:17,6997.15,6945.0,-9.5967,24833.0
19:26:17,6997.15,6950.0,295.2466,50792.0
19:26:17,6997.15,6955.0,12.336,38694.0
19:26:17,6997.15,6960.0,211.9875,44902.0
19:26:17,6997.15,6965.0,956.3623,53397.0
19:26:17,6997.15,6970.0,673.0739,64114.0
19:26:17,6997.15,6975.0,1595.4787,63850.0
19:26:17,6997.15,6980.0,2077.3595,90800.0
19:26:17,6997.15,6985.0,2583.0746,84051.0
19:26:17,6997.15,6990.0,2171.62,113659.0
19:26:17,6997.15,6995.0,1696.8981,106603.0
19:26:17,6997.15,7000.0,7717.6866,181491.0
19:26:17,6997.15,7005.0,4668.6102,74208.0
19:26:17,6997.15,7010.0,2376.8435,76383.0
19:26:17,6997.15,7015.0,2040.1944,52308.0
19:26:17,6997.15,7020.0,1481.3511,45930.0
19:26:17,6997.15,7025.0,4160.0003,57874.0
19:26:17,6997.15,7030.0,1552.8781,38033.0
19:26:17,6997.15,7035.0,1109.2252,21867.0
19:26:17,6997.15,7040.0,260.8395,24361.0
19:26:17,6997.15,7045.0,83.7941,8559.0
19:26:17,6997.15,7050.0,593.5965,16332.0
19:26:17,6997.15,7055.0,43.8086,4332.0
19:26:17,6997.15,7060.0,179.6624,5463.0
19:26:17,6997.15,7065.0,30.8692,4317.0
19:26:17,6997.15,7070.0,71.9974,3755.0
19:28:27,6998.51,6925.0,61.1984,17189.0
19:28:27,6998.51,6930.0,3.8365,20518.0
19:28:27,6998.51,6935.0,83.6292,19206.0
19:28:27,6998.51,6940.0,33.8582,30451.0
19:28:27,6998.51,6945.0,0.4408,24932.0
19:28:27,6998.51,6950.0,243.1411,51138.0
19:28:27,6998.51,6955.0,37.5072,38939.0
19:28:27,6998.51,6960.0,212.07,45158.0
19:28:27,6998.51,6965.0,881.3833,53814.0
19:28:27,6998.51,6970.0,613.9432,64671.0
19:28:27,6998.51,6975.0,1542.1783,64159.0
19:28:27,6998.51,6980.0,1985.0604,91454.0
19:28:27,6998.51,6985.0,2396.7262,84891.0
19:28:27,6998.51,6990.0,2009.142,114696.0
19:28:27,6998.51,6995.0,1687.0342,107722.0
19:28:27,6998.51,7000.0,7932.2726,183944.0
19:28:27,6998.51,7005.0,5055.7689,75091.0
19:28:27,6998.51,7010.0,2504.2715,77276.0
19:28:27,6998.51,7015.0,2270.7366,52924.0
19:28:27,6998.51,7020.0,1715.7668,46167.0
19:28:27,6998.51,7025.0,4652.3239,58119.0
19:28:27,6998.51,7030.0,1831.5627,38207.0
19:28:27,6998.51,7035.0,1109.6564,21979.0
19:28:27,6998.51,7040.0,260.9409,24391.0
19:28:27,6998.51,7045.0,112.656,8604.0
19:28:27,6998.51,7050.0,756.6709,16348.0
19:28:27,6998.51,7055.0,44.9343,4349.0
19:28:27,6998.51,7060.0,186.6401,5492.0
19:28:27,6998.51,7065.0,30.8812,4326.0
19:28:27,6998.51,7070.0,72.0254,3756.0
19:30:36,6998.1,6925.0,55.3815,17294.0
19:30:36,6998.1,6930.0,3.3474,20794.0
19:30:36,6998.1,6935.0,71.2038,19245.0
19:30:36,6998.1,6940.0,33.7024,30478.0
19:30:36,6998.1,6945.0,0.4203,25148.0
19:30:36,6998.1,6950.0,243.1127,51200.0
19:30:36,6998.1,6955.0,9.9416,39003.0
19:30:36,6998.1,6960.0,172.3258,45305.0
19:30:36,6998.1,6965.0,780.987,53937.0
19:30:36,6998.1,6970.0,589.5229,64826.0
19:30:36,6998.1,6975.0,1421.7366,64465.0
19:30:36,6998.1,6980.0,1910.1584,92096.0
19:30:36,6998.1,6985.0,2368.8458,85513.0
19:30:36,6998.1,6990.0,2098.3127,115255.0
19:30:36,6998.1,6995.0,1730.4266,108564.0
19:30:36,6998.1,7000.0,8071.9106,185007.0
19:30:36,6998.1,7005.0,5105.248,75688.0
19:30:36,6998.1,7010.0,2605.6055,77759.0
19:30:36,6998.1,7015.0,2376.8497,53430.0
19:30:36,6998.1,7020.0,1804.5418,46480.0
19:30:36,6998.1,7025.0,5097.9857,58599.0
19:30:36,6998.1,7030.0,1975.7662,38276.0
19:30:36,6998.1,7035.0,1517.3298,22067.0
19:30:36,6998.1,7040.0,341.3367,24463.0
19:30:36,6998.1,7045.0,101.8147,8624.0
19:30:36,6998.1,7050.0,756.5822,16359.0
19:30:36,6998.1,7055.0,46.0015,4360.0
19:30:36,6998.1,7060.0,187.3184,5496.0
19:30:36,6998.1,7065.0,30.8776,4353.0
19:30:36,6998.1,7070.0,75.6183,3758.0
19:32:46,6999.38,6925.0,53.7622,17340.0
19:32:46,6999.38,6930.0,3.3487,20807.0
19:32:46,6999.38,6935.0,71.2299,19410.0
19:32:46,6999.38,6940.0,32.9339,30487.0
19:32:46,6999.38,6945.0,0.4323,25252.0
19:32:46,6999.38,6950.0,246.7467,51269.0
19:32:46,6999.38,6955.0,9.8713,39076.0
19:32:46,6999.38,6960.0,174.4956,45468.0
19:32:46,6999.38,6965.0,811.7804,54001.0
19:32:46,6999.38,6970.0,584.7413,65010.0
19:32:46,6999.38,6975.0,1422.2567,64647.0
19:32:46,6999.38,6980.0,1910.8572,92470.0
19:32:46,6999.38,6985.0,2369.7125,85862.0
19:32:46,6999.38,6990.0,2099.0804,115783.0
19:32:46,6999.38,6995.0,1765.1349,109113.0
19:32:46,6999.38,7000.0,8333.0689,188517.0
19:32:46,6999.38,7005.0,5107.1157,76140.0
19:32:46,6999.38,7010.0,2697.2443,78062.0
19:32:46,6999.38,7015.0,2377.7193,53684.0
19:32:46,6999.38,7020.0,1805.202,46547.0
19:32:46,6999.38,7025.0,5099.7019,58716.0
19:32:46,6999.38,7030.0,1799.8253,38312.0
19:32:46,6999.38,7035.0,1398.2007,22165.0
19:32:46,6999.38,7040.0,339.6803,24468.0
19:32:46,6999.38,7045.0,106.4152,8645.0
19:32:46,6999.38,7050.0,767.3854,16544.0
19:32:46,6999.38,7055.0,46.4595,4384.0
19:32:46,6999.38,7060.0,187.3962,5524.0
19:32:46,6999.38,7065.0,31.2762,4359.0
19:32:46,6999.38,7070.0,73.0028,3760.0
19:34:56,7001.63,6930.0,2.949,20927.0
19:34:56,7001.63,6935.0,59.0087,19547.0
19:34:56,7001.63,6940.0,31.6441,30632.0
19:34:56,7001.63,6945.0,0.3871,25386.0
19:34:56,7001.63,6950.0,246.9053,51447.0
19:34:56,7001.63,6955.0,34.4631,39275.0
19:34:56,7001.63,6960.0,155.7847,45714.0
19:34:56,7001.63,6965.0,648.4903,54224.0
19:34:56,7001.63,6970.0,476.9992,65534.0
19:34:56,7001.63,6975.0,1218.5481,65065.0
19:34:56,7001.63,6980.0,1632.7126,93130.0
19:34:56,7001.63,6985.0,2071.2778,86534.0
19:34:56,7001.63,6990.0,1907.7941,117292.0
19:34:56,7001.63,6995.0,1673.7673,110716.0
19:34:56,7001.63,7000.0,8374.2624,190751.0
19:34:56,7001.63,7005.0,5641.8733,77303.0
19:34:56,7001.63,7010.0,3068.2288,79536.0
19:34:56,7001.63,7015.0,2875.7479,54139.0
19:34:56,7001.63,7020.0,2226.5037,46917.0
19:34:56,7001.63,7025.0,6028.4658,59317.0
19:34:56,7001.63,7030.0,2342.0497,38451.0
19:34:56,7001.63,7035.0,1632.1082,22228.0
19:34:56,7001.63,7040.0,371.2618,24569.0
19:34:56,7001.63,7045.0,117.8389,8696.0
19:34:56,7001.63,7050.0,767.8789,16614.0
19:34:56,7001.63,7055.0,48.8268,4459.0
19:34:56,7001.63,7060.0,195.9823,5554.0
19:34:56,7001.63,7065.0,34.2554,4374.0
19:34:56,7001.63,7070.0,73.0497,3766.0
19:34:56,7001.63,7075.0,657.1864,3653.0
19:37:05,7003.65,6930.0,2.6057,21101.0
19:37:05,7003.65,6935.0,59.0428,19576.0
19:37:05,7003.65,6940.0,48.7782,30869.0
19:37:05,7003.65,6945.0,0.3497,25642.0
19:37:05,7003.65,6950.0,177.1685,51668.0
19:37:05,7003.65,6955.0,7.6166,39604.0
19:37:05,7003.65,6960.0,139.0667,45925.0
19:37:05,7003.65,6965.0,575.7304,54696.0
19:37:05,7003.65,6970.0,429.7395,65911.0
19:37:05,7003.65,6975.0,1224.58,65401.0
19:37:05,7003.65,6980.0,1633.6549,93794.0
19:37:05,7003.65,6985.0,2072.4731,87021.0
19:37:05,7003.65,6990.0,1908.8951,118902.0
19:37:05,7003.65,6995.0,1588.9184,112008.0
19:37:05,7003.65,7000.0,8276.9331,193646.0
19:37:05,7003.65,7005.0,5745.3063,79302.0
19:37:05,7003.65,7010.0,3249.0594,81913.0
19:37:05,7003.65,7015.0,3158.5053,55553.0
19:37:05,7003.65,7020.0,2227.7886,48364.0
19:37:05,7003.65,7025.0,6031.9448,59936.0
19:37:05,7003.65,7030.0,2343.4013,38593.0
19:37:05,7003.65,7035.0,1814.0976,22367.0
19:37:05,7003.65,7040.0,411.4325,24650.0
19:37:05,7003.65,7045.0,124.9321,8843.0
19:37:05,7003.65,7050.0,866.1381,16716.0
19:37:05,7003.65,7055.0,50.4713,4537.0
19:37:05,7003.65,7060.0,227.8455,5613.0
19:37:05,7003.65,7065.0,38.4109,4442.0
19:37:05,7003.65,7070.0,79.8842,3793.0
19:37:05,7003.65,7075.0,496.3063,3665.0
19:39:15,7001.05,6930.0,2.8172,21161.0
19:39:15,7001.05,6935.0,60.884,19588.0
19:39:15,7001.05,6940.0,29.0016,31028.0
19:39:15,7001.05,6945.0,0.3742,25700.0
19:39:15,7001.05,6950.0,177.037,51896.0
19:39:15,7001.05,6955.0,7.611,39787.0
19:39:15,7001.05,6960.0,138.9635,46464.0
19:39:15,7001.05,6965.0,539.591,55067.0
19:39:15,7001.05,6970.0,503.3078,66285.0
19:39:15,7001.05,6975.0,1218.6786,65929.0
19:39:15,7001.05,6980.0,1632.4421,94705.0
19:39:15,7001.05,6985.0,2070.9347,87727.0
19:39:15,7001.05,6990.0,1914.8175,120159.0
19:39:15,7001.05,6995.0,1681.2711,113340.0
19:39:15,7001.05,7000.0,8438.4094,197072.0
19:39:15,7001.05,7005.0,5636.6116,81238.0
19:39:15,7001.05,7010.0,3019.7869,83923.0
19:39:15,7001.05,7015.0,3156.1607,56460.0
19:39:15,7001.05,7020.0,2226.1349,49103.0
19:39:15,7001.05,7025.0,6027.0473,61281.0
19:39:15,7001.05,7030.0,2175.2461,38896.0
19:39:15,7001.05,7035.0,1538.4965,22434.0
19:39:15,7001.05,7040.0,411.1271,24745.0
19:39:15,7001.05,7045.0,124.8394,8859.0
19:39:15,7001.05,7050.0,865.4951,16887.0
19:39:15,7001.05,7055.0,45.071,4590.0
19:39:15,7001.05,7060.0,188.5313,5646.0
19:39:15,7001.05,7065.0,31.3087,4486.0
19:39:15,7001.05,7070.0,71.6875,3823.0
19:39:15,7001.05,7075.0,440.133,3684.0
19:41:24,6998.15,6925.0,53.7433,17485.0
19:41:24,6998.15,6930.0,3.211,21172.0
19:41:24,6998.15,6935.0,60.8336,19602.0
19:41:24,6998.15,6940.0,28.9776,31091.0
19:41:24,6998.15,6945.0,0.3739,25714.0
19:41:24,6998.15,6950.0,205.6431,51976.0
19:41:24,6998.15,6955.0,9.773,39842.0
19:41:24,6998.15,6960.0,175.5195,46542.0
19:41:24,6998.15,6965.0,768.6921,55169.0
19:41:24,6998.15,6970.0,566.4172,66553.0
19:41:24,6998.15,6975.0,1463.658,66168.0
19:41:24,6998.15,6980.0,1943.4895,95208.0
19:41:24,6998.15,6985.0,2422.2271,88195.0
19:41:24,6998.15,6990.0,2187.8114,121070.0
19:41:24,6998.15,6995.0,1834.9227,114600.0
19:41:24,6998.15,7000.0,8576.0108,199181.0
19:41:24,6998.15,7005.0,5277.3929,82524.0
19:41:24,6998.15,7010.0,2653.9763,85581.0
19:41:24,6998.15,7015.0,2317.4471,56876.0
19:41:24,6998.15,7020.0,1779.6904,49484.0
19:41:24,6998.15,7025.0,4905.1422,61495.0
19:41:24,6998.15,7030.0,1896.1152,39053.0
19:41:24,6998.15,7035.0,1366.4041,22525.0
19:41:24,6998.15,7040.0,328.4091,24881.0
19:41:24,6998.15,7045.0,95.8656,8885.0
19:41:24,6998.15,7050.0,779.5126,17045.0
19:41:24,6998.15,7055.0,45.0337,4607.0
19:41:24,6998.15,7060.0,188.3751,5653.0
19:41:24,6998.15,7065.0,31.2828,4487.0
19:41:24,6998.15,7070.0,71.6281,3825.0
19:43:34,6997.03,6925.0,56.5305,17505.0
19:43:34,6997.03,6930.0,3.3297,21196.0
19:43:34,6997.03,6935.0,71.8681,19623.0
19:43:34,6997.03,6940.0,34.0554,31111.0
19:43:34,6997.03,6945.0,0.4596,25748.0
19:43:34,6997.03,6950.0,244.7029,52308.0
19:43:34,6997.03,6955.0,24.7113,39897.0
19:43:34,6997.03,6960.0,184.9089,46874.0
19:43:34,6997.03,6965.0,801.6677,55351.0
19:43:34,6997.03,6970.0,551.4576,66949.0
19:43:34,6997.03,6975.0,1557.475,66978.0
19:43:34,6997.03,6980.0,2029.4095,95795.0
19:43:34,6997.03,6985.0,2471.611,89259.0
19:43:34,6997.03,6990.0,2191.3337,122193.0
19:43:34,6997.03,6995.0,1823.2157,116291.0
19:43:34,6997.03,7000.0,8392.6513,201672.0
19:43:34,6997.03,7005.0,5115.6696,83544.0
19:43:34,6997.03,7010.0,2539.7044,86662.0
19:43:34,6997.03,7015.0,2138.1867,57254.0
19:43:34,6997.03,7020.0,1616.8476,49839.0
19:43:34,6997.03,7025.0,4507.4303,61814.0
19:43:34,6997.03,7030.0,1747.4537,39107.0
19:43:34,6997.03,7035.0,1156.0554,22548.0
19:43:34,6997.03,7040.0,303.6693,24901.0
19:43:34,6997.03,7045.0,87.3763,8905.0
19:43:34,6997.03,7050.0,662.6819,17056.0
19:43:34,6997.03,7055.0,36.6502,4615.0
19:43:34,6997.03,7060.0,151.6776,5671.0
19:43:34,6997.03,7065.0,25.9102,4498.0
19:43:34,6997.03,7070.0,60.221,3853.0
19:45:43,6999.29,6925.0,56.6764,17555.0
19:45:43,6999.29,6930.0,3.3863,21225.0
19:45:43,6999.29,6935.0,69.6117,19645.0
19:45:43,6999.29,6940.0,30.3197,31158.0
19:45:43,6999.29,6945.0,0.3911,25775.0
19:45:43,6999.29,6950.0,234.0822,52340.0
19:45:43,6999.29,6955.0,10.4877,40065.0
19:45:43,6999.29,6960.0,167.1844,47281.0
19:45:43,6999.29,6965.0,703.4265,55504.0
19:45:43,6999.29,6970.0,557.2603,67232.0
19:45:43,6999.29,6975.0,1324.5705,67380.0
19:45:43,6999.29,6980.0,1808.2054,96910.0
19:45:43,6999.29,6985.0,2283.6218,89994.0
19:45:43,6999.29,6990.0,2080.4739,123835.0
19:45:43,6999.29,6995.0,1827.1368,117679.0
19:45:43,6999.29,7000.0,8829.4291,203623.0
19:45:43,6999.29,7005.0,5597.2247,84559.0
19:45:43,6999.29,7010.0,2909.0943,87357.0
19:45:43,6999.29,7015.0,2524.7002,57992.0
19:45:43,6999.29,7020.0,1835.5737,50194.0
19:45:43,6999.29,7025.0,5234.4139,62268.0
19:45:43,6999.29,7030.0,2143.2139,39182.0
19:45:43,6999.29,7035.0,1282.8088,22606.0
19:45:43,6999.29,7040.0,367.0209,24993.0
19:45:43,6999.29,7045.0,94.9334,8925.0
19:45:43,6999.29,7050.0,780.2758,17095.0
19:45:43,6999.29,7055.0,46.3846,4686.0
19:45:43,6999.29,7060.0,172.8705,5729.0
19:45:43,6999.29,7065.0,29.577,4522.0
19:45:43,6999.29,7070.0,68.4305,3853.0
19:47:53,7000.42,6930.0,3.0205,21281.0
19:47:53,7000.42,6935.0,62.2292,19657.0
19:47:53,7000.42,6940.0,28.5581,31203.0
19:47:53,7000.42,6945.0,0.3705,25812.0
19:47:53,7000.42,6950.0,207.9583,52379.0
19:47:53,7000.42,6955.0,10.4911,40123.0
19:47:53,7000.42,6960.0,167.2384,47318.0
19:47:53,7000.42,6965.0,716.8709,55609.0
19:47:53,7000.42,6970.0,557.4403,67377.0
19:47:53,7000.42,6975.0,1329.0363,67507.0
19:47:53,7000.42,6980.0,1808.7893,97458.0
19:47:53,7000.42,6985.0,2284.3592,90388.0
19:47:53,7000.42,6990.0,2081.1457,124552.0
19:47:53,7000.42,6995.0,1796.0389,118443.0
19:47:53,7000.42,7000.0,8893.4726,204862.0
19:47:53,7000.42,7005.0,5816.7951,85379.0
19:47:53,7000.42,7010.0,3034.694,88291.0
19:47:53,7000.42,7015.0,2525.5154,58284.0
19:47:53,7000.42,7020.0,1836.1665,50380.0
19:47:53,7000.42,7025.0,5236.1042,62372.0
19:47:53,7000.42,7030.0,2143.906,39235.0
19:47:53,7000.42,7035.0,1283.223,22641.0
19:47:53,7000.42,7040.0,367.1395,25030.0
19:47:53,7000.42,7045.0,94.9641,8928.0
19:47:53,7000.42,7050.0,780.513,17108.0
19:47:53,7000.42,7055.0,47.512,4688.0
19:47:53,7000.42,7060.0,199.454,5742.0
19:47:53,7000.42,7065.0,33.9021,4529.0
19:47:53,7000.42,7070.0,78.4809,3859.0
19:47:53,7000.42,7075.0,440.0538,3707.0
19:50:02,6999.77,6925.0,56.6842,17599.0
19:50:02,6999.77,6930.0,3.021,21449.0
19:50:02,6999.77,6935.0,63.7144,19659.0
19:50:02,6999.77,6940.0,29.83,31231.0
19:50:02,6999.77,6945.0,-8.4338,25832.0
19:50:02,6999.77,6950.0,207.9197,52485.0
19:50:02,6999.77,6955.0,40.1812,40140.0
19:50:02,6999.77,6960.0,167.2073,47393.0
19:50:02,6999.77,6965.0,683.3805,55654.0
19:50:02,6999.77,6970.0,557.3368,67549.0
19:50:02,6999.77,6975.0,1324.8712,67702.0
19:50:02,6999.77,6980.0,1776.2602,97967.0
19:50:02,6999.77,6985.0,2256.3292,90701.0
19:50:02,6999.77,6990.0,2092.6134,125040.0
19:50:02,6999.77,6995.0,1828.5468,119148.0
19:50:02,6999.77,7000.0,8914.8646,206288.0
19:50:02,6999.77,7005.0,5711.5474,86156.0
19:50:02,6999.77,7010.0,2924.7586,88924.0
19:50:02,6999.77,7015.0,2599.1605,58726.0
19:50:02,6999.77,7020.0,1918.5289,50688.0
19:50:02,6999.77,7025.0,5524.8579,62476.0
19:50:02,6999.77,7030.0,2143.5079,39374.0
19:50:02,6999.77,7035.0,1282.9847,22682.0
19:50:02,6999.77,7040.0,367.0713,25071.0
19:50:02,6999.77,7045.0,94.9465,8928.0
19:50:02,6999.77,7050.0,780.3681,17114.0
19:50:02,6999.77,7055.0,46.1108,4690.0
19:50:02,6999.77,7060.0,178.3966,5759.0
19:50:02,6999.77,7065.0,33.8959,4537.0
19:50:02,6999.77,7070.0,71.3415,3861.0
19:52:12,7000.6,6930.0,3.0217,21621.0
19:52:12,7000.6,6935.0,56.2422,19948.0
19:52:12,7000.6,6940.0,29.8891,31241.0
19:52:12,7000.6,6945.0,0.3759,25864.0
19:52:12,7000.6,6950.0,221.6686,52520.0
19:52:12,7000.6,6955.0,9.4045,40144.0
19:52:12,7000.6,6960.0,161.551,47476.0
19:52:12,7000.6,6965.0,782.5979,55680.0
19:52:12,7000.6,6970.0,518.7881,67658.0
19:52:12,7000.6,6975.0,1329.6371,67865.0
19:52:12,7000.6,6980.0,1669.4699,98268.0
19:52:12,7000.6,6985.0,2119.6618,91065.0
19:52:12,7000.6,6990.0,1996.889,125598.0
19:52:12,7000.6,6995.0,1776.2472,119647.0
19:52:12,7000.6,7000.0,8920.0009,212606.0
19:52:12,7000.6,7005.0,5848.5648,86692.0
19:52:12,7000.6,7010.0,3083.0422,89488.0
19:52:12,7000.6,7015.0,2809.3311,59093.0
19:52:12,7000.6,7020.0,2112.6296,50862.0
19:52:12,7000.6,7025.0,5522.3259,62516.0
19:52:12,7000.6,7030.0,2013.3988,39407.0
19:52:12,7000.6,7035.0,1438.7329,22691.0
19:52:12,7000.6,7040.0,350.7182,25106.0
19:52:12,7000.6,7045.0,106.0284,8940.0
19:52:12,7000.6,7050.0,776.2066,17132.0
19:52:12,7000.6,7055.0,50.7363,4690.0
19:52:12,7000.6,7060.0,184.7335,5779.0
19:52:12,7000.6,7065.0,30.5323,4544.0
19:52:12,7000.6,7070.0,71.3584,3863.0
19:52:12,7000.6,7075.0,484.6147,3719.0
19:54:21,7002.3,6930.0,2.6527,21630.0
19:54:21,7002.3,6935.0,56.1537,20026.0
19:54:21,7002.3,6940.0,26.4169,31466.0
19:54:21,7002.3,6945.0,0.3582,25875.0
19:54:21,7002.3,6950.0,221.7763,52568.0
19:54:21,7002.3,6955.0,8.1535,40180.0
19:54:21,7002.3,6960.0,145.3057,47592.0
19:54:21,7002.3,6965.0,639.4197,55754.0
19:54:21,7002.3,6970.0,455.5851,67814.0
19:54:21,7002.3,6975.0,1189.0762,68078.0
19:54:21,7002.3,6980.0,1582.9537,98634.0
19:54:21,7002.3,6985.0,1993.5875,91349.0
19:54:21,7002.3,6990.0,1921.281,126550.0
19:54:21,7002.3,6995.0,1725.695,120811.0
19:54:21,7002.3,7000.0,8910.7574,214334.0
19:54:21,7002.3,7005.0,5984.0331,87697.0
19:54:21,7002.3,7010.0,3249.1803,90239.0
19:54:21,7002.3,7015.0,2979.6275,59393.0
19:54:21,7002.3,7020.0,2233.8146,51050.0
19:54:21,7002.3,7025.0,6450.1465,62683.0
19:54:21,7002.3,7030.0,2370.116,39457.0
19:54:21,7002.3,7035.0,1658.4652,22871.0
19:54:21,7002.3,7040.0,407.4892,25283.0
19:54:21,7002.3,7045.0,123.4376,8945.0
19:54:21,7002.3,7050.0,893.6386,17147.0
19:54:21,7002.3,7055.0,50.761,4712.0
19:54:21,7002.3,7060.0,213.1465,5824.0
19:54:21,7002.3,7065.0,35.7151,4557.0
19:54:21,7002.3,7070.0,71.3931,3864.0
19:54:21,7002.3,7075.0,484.8501,3718.0
19:56:31,7002.03,6930.0,2.6525,21726.0
19:56:31,7002.03,6935.0,56.1494,20071.0
19:56:31,7002.03,6940.0,26.396,32170.0
19:56:31,7002.03,6945.0,0.3582,25890.0
19:56:31,7002.03,6950.0,198.4708,52622.0
19:56:31,7002.03,6955.0,8.1478,40233.0
19:56:31,7002.03,6960.0,144.6744,47729.0
19:56:31,7002.03,6965.0,647.2354,55923.0
19:56:31,7002.03,6970.0,455.55,67984.0
19:56:31,7002.03,6975.0,1189.9097,68217.0
19:56:31,7002.03,6980.0,1582.8316,99142.0
19:56:31,7002.03,6985.0,1993.4337,91591.0
19:56:31,7002.03,6990.0,1930.5389,126928.0
19:56:31,7002.03,6995.0,1757.0963,121329.0
19:56:31,7002.03,7000.0,9082.0933,215443.0
19:56:31,7002.03,7005.0,6096.5592,88475.0
19:56:31,7002.03,7010.0,3267.6474,90952.0
19:56:31,7002.03,7015.0,2979.3978,59697.0
19:56:31,7002.03,7020.0,2233.6423,51262.0
19:56:31,7002.03,7025.0,6451.6149,62968.0
19:56:31,7002.03,7030.0,2369.9332,39625.0
19:56:31,7002.03,7035.0,1658.3373,22971.0
19:56:31,7002.03,7040.0,389.6724,25749.0
19:56:31,7002.03,7045.0,117.3541,8957.0
19:56:31,7002.03,7050.0,832.682,17247.0
19:56:31,7002.03,7055.0,50.7571,4722.0
19:56:31,7002.03,7060.0,213.13,5826.0
19:56:31,7002.03,7065.0,35.7123,4583.0
19:56:31,7002.03,7070.0,81.9648,3874.0
19:56:31,7002.03,7075.0,503.0099,3727.0
19:58:41,6999.03,6925.0,56.6722,17647.0
19:58:41,6999.03,6930.0,2.6502,21786.0
19:58:41,6999.03,6935.0,56.1013,20083.0
19:58:41,6999.03,6940.0,31.0824,32225.0
19:58:41,6999.03,6945.0,0.3633,25932.0
19:58:41,6999.03,6950.0,198.3008,52689.0
19:58:41,6999.03,6955.0,8.1408,40249.0
19:58:41,6999.03,6960.0,144.5505,47789.0
19:58:41,6999.03,6965.0,678.6971,55994.0
19:58:41,6999.03,6970.0,518.684,68055.0
19:58:41,6999.03,6975.0,1176.8475,68491.0
19:58:41,6999.03,6980.0,1581.4756,100038.0
19:58:41,6999.03,6985.0,1991.7259,91900.0
19:58:41,6999.03,6990.0,2154.7747,128342.0
19:58:41,6999.03,6995.0,1888.0029,122040.0
19:58:41,6999.03,7000.0,9144.8464,217360.0
19:58:41,6999.03,7005.0,5745.2405,89286.0
19:58:41,6999.03,7010.0,2826.0212,91629.0
19:58:41,6999.03,7015.0,2976.8453,60165.0
19:58:41,6999.03,7020.0,2231.7288,51574.0
19:58:41,6999.03,7025.0,6463.6663,63171.0
19:58:41,6999.03,7030.0,1855.7749,39649.0
19:58:41,6999.03,7035.0,1620.7456,23063.0
19:58:41,6999.03,7040.0,389.3386,25791.0
19:58:41,6999.03,7045.0,117.2535,8980.0
19:58:41,6999.03,7050.0,831.9686,17263.0
19:58:41,6999.03,7055.0,44.7836,4724.0
19:58:41,6999.03,7060.0,169.0424,5898.0
19:58:41,6999.03,7065.0,28.9015,4591.0
19:58:41,6999.03,7070.0,67.5774,3882.0
20:00:50,6995.85,6925.0,51.7513,17685.0
20:00:50,6995.85,6930.0,3.4101,21900.0
20:00:50,6995.85,6935.0,72.4975,20188.0
20:00:50,6995.85,6940.0,33.9791,32405.0
20:00:50,6995.85,6945.0,0.4065,26001.0
20:00:50,6995.85,6950.0,255.7233,52835.0
20:00:50,6995.85,6955.0,9.8321,40349.0
20:00:50,6995.85,6960.0,194.6972,48154.0
20:00:50,6995.85,6965.0,839.8506,56254.0
20:00:50,6995.85,6970.0,468.7211,68360.0
20:00:50,6995.85,6975.0,1383.1084,69062.0
20:00:50,6995.85,6980.0,1852.7117,100850.0
20:00:50,6995.85,6985.0,2310.0136,92950.0
20:00:50,6995.85,6990.0,2347.5413,129710.0
20:00:50,6995.85,6995.0,1928.1681,123481.0
20:00:50,6995.85,7000.0,8695.0234,219366.0
20:00:50,6995.85,7005.0,5090.5047,90630.0
20:00:50,6995.85,7010.0,2389.8369,92704.0
20:00:50,6995.85,7015.0,2504.7362,60795.0
20:00:50,6995.85,7020.0,1772.7674,52238.0
20:00:50,6995.85,7025.0,4259.7663,63839.0
20:00:50,6995.85,7030.0,1591.869,39863.0
20:00:50,6995.85,7035.0,1056.6544,23188.0
20:00:50,6995.85,7040.0,259.8033,26273.0
20:00:50,6995.85,7045.0,95.9162,9000.0
20:00:50,6995.85,7050.0,675.8399,17286.0
20:00:50,6995.85,7055.0,39.4954,4776.0
20:00:50,6995.85,7060.0,136.7384,5914.0
20:00:50,6995.85,7065.0,23.4041,4661.0
20:00:50,6995.85,7070.0,67.516,3914.0
20:03:00,7003.58,6930.0,2.3708,22027.0
20:03:00,7003.58,6935.0,50.2499,20422.0
20:03:00,7003.58,6940.0,15.7731,32528.0
20:03:00,7003.58,6945.0,0.2029,26577.0
20:03:00,7003.58,6950.0,114.0877,53497.0
20:03:00,7003.58,6955.0,9.8539,41146.0
20:03:00,7003.58,6960.0,195.1277,49000.0
20:03:00,7003.58,6965.0,1014.2315,57255.0
20:03:00,7003.58,6970.0,469.7575,69609.0
20:03:00,7003.58,6975.0,980.8296,70207.0
20:03:00,7003.58,6980.0,1388.3407,102225.0
20:03:00,7003.58,6985.0,1825.0015,94506.0
20:03:00,7003.58,6990.0,1778.7071,132089.0
20:03:00,7003.58,6995.0,1676.4002,126211.0
20:03:00,7003.58,7000.0,8900.9123,224519.0
20:03:00,7003.58,7005.0,6080.1811,93796.0
20:03:00,7003.58,7010.0,3416.0495,98390.0
20:03:00,7003.58,7015.0,3252.9174,64867.0
20:03:00,7003.58,7020.0,2568.9833,56097.0
20:03:00,7003.58,7025.0,7489.7158,66560.0
20:03:00,7003.58,7030.0,1595.3888,42491.0
20:03:00,7003.58,7035.0,1058.9908,24788.0
20:03:00,7003.58,7040.0,260.3777,27702.0
20:03:00,7003.58,7045.0,96.1283,9898.0
20:03:00,7003.58,7050.0,677.3343,18261.0
20:03:00,7003.58,7055.0,39.5828,5182.0
20:03:00,7003.58,7060.0,207.4371,6663.0
20:03:00,7003.58,7065.0,23.4558,5355.0
20:03:00,7003.58,7070.0,82.1199,4336.0
20:03:00,7003.58,7075.0,507.3667,4182.0
20:05:09,7003.34,6930.0,2.2558,22150.0
20:05:09,7003.34,6935.0,46.3549,20483.0
20:05:09,7003.34,6940.0,20.8736,32755.0
20:05:09,7003.34,6945.0,0.2029,26747.0
20:05:09,7003.34,6950.0,114.0799,53758.0
20:05:09,7003.34,6955.0,5.7319,41242.0
20:05:09,7003.34,6960.0,120.1509,49626.0
20:05:09,7003.34,6965.0,532.4249,57486.0
20:05:09,7003.34,6970.0,399.1574,70203.0
20:05:09,7003.34,6975.0,977.9415,70637.0
20:05:09,7003.34,6980.0,1388.2456,103405.0
20:05:09,7003.34,6985.0,1824.8764,95668.0
20:05:09,7003.34,6990.0,1778.5852,134060.0
20:05:09,7003.34,6995.0,1568.4514,128119.0
20:05:09,7003.34,7000.0,8079.312,228499.0
20:05:09,7003.34,7005.0,5558.7872,97683.0
20:05:09,7003.34,7010.0,3193.2625,101899.0
20:05:09,7003.34,7015.0,3132.2724,68968.0
20:05:09,7003.34,7020.0,2568.8072,59065.0
20:05:09,7003.34,7025.0,7445.6395,70399.0
20:05:09,7003.34,7030.0,2741.2548,43935.0
20:05:09,7003.34,7035.0,1963.0338,25649.0
20:05:09,7003.34,7040.0,469.8343,28422.0
20:05:09,7003.34,7045.0,123.0055,10339.0
20:05:09,7003.34,7050.0,864.6931,18654.0
20:05:09,7003.34,7055.0,68.4311,6016.0
20:05:09,7003.34,7060.0,207.4229,7378.0
20:05:09,7003.34,7065.0,35.3325,6355.0
20:05:09,7003.34,7070.0,68.644,4849.0
20:05:09,7003.34,7075.0,414.1004,4674.0
20:07:19,7004.47,6930.0,2.0784,22195.0
20:07:19,7004.47,6935.0,42.2432,20697.0
20:07:19,7004.47,6940.0,18.6095,32806.0
20:07:19,7004.47,6945.0,0.2398,26845.0
20:07:19,7004.47,6950.0,139.7229,53913.0
20:07:19,7004.47,6955.0,5.9287,41288.0
20:07:19,7004.47,6960.0,120.1897,49743.0
20:07:19,7004.47,6965.0,565.095,57620.0
20:07:19,7004.47,6970.0,349.8986,70716.0
20:07:19,7004.47,6975.0,913.9546,70889.0
20:07:19,7004.47,6980.0,1308.9065,104128.0
20:07:19,7004.47,6985.0,1734.0986,96067.0
20:07:19,7004.47,6990.0,1648.4442,135277.0
20:07:19,7004.47,6995.0,1531.277,129144.0
20:07:19,7004.47,7000.0,8134.6566,231583.0
20:07:19,7004.47,7005.0,5845.2655,99920.0
20:07:19,7004.47,7010.0,3434.6639,103882.0
20:07:19,7004.47,7015.0,3393.3251,70852.0
20:07:19,7004.47,7020.0,2745.6451,60592.0
20:07:19,7004.47,7025.0,7913.3028,72142.0
20:07:19,7004.47,7030.0,2990.7205,44647.0
20:07:19,7004.47,7035.0,1979.7853,26045.0
20:07:19,7004.47,7040.0,469.986,28723.0
20:07:19,7004.47,7045.0,123.0452,10541.0
20:07:19,7004.47,7050.0,775.6647,18833.0
20:07:19,7004.47,7055.0,41.528,6068.0
20:07:19,7004.47,7060.0,162.9817,7399.0
20:07:19,7004.47,7065.0,26.8899,6371.0
20:07:19,7004.47,7070.0,62.1413,4860.0
20:07:19,7004.47,7075.0,383.9773,4684.0
20:09:28,7004.35,6930.0,2.0305,22288.0
20:09:28,7004.35,6935.0,42.0187,20748.0
20:09:28,7004.35,6940.0,17.9039,32845.0
20:09:28,7004.35,6945.0,0.2223,26874.0
20:09:28,7004.35,6950.0,139.7181,54016.0
20:09:28,7004.35,6955.0,5.7834,41524.0
20:09:28,7004.35,6960.0,101.2077,49869.0
20:09:28,7004.35,6965.0,448.0538,57808.0
20:09:28,7004.35,6970.0,323.8294,71246.0
20:09:28,7004.35,6975.0,890.2134,71032.0
20:09:28,7004.35,6980.0,1319.645,104870.0
20:09:28,7004.35,6985.0,1712.4317,96423.0
20:09:28,7004.35,6990.0,1723.9101,136161.0
20:09:28,7004.35,6995.0,1607.6594,130024.0
20:09:28,7004.35,7000.0,8468.5481,233638.0
20:09:28,7004.35,7005.0,6021.9844,101397.0
20:09:28,7004.35,7010.0,3448.775,104940.0
20:09:28,7004.35,7015.0,3308.6984,71794.0
20:09:28,7004.35,7020.0,2639.325,61470.0
20:09:28,7004.35,7025.0,7762.7475,72800.0
20:09:28,7004.35,7030.0,2815.8345,44854.0
20:09:28,7004.35,7035.0,1769.5673,26251.0
20:09:28,7004.35,7040.0,430.1694,28839.0
20:09:28,7004.35,7045.0,114.9408,10602.0
20:09:28,7004.35,7050.0,743.1077,18975.0
20:09:28,7004.35,7055.0,41.5265,6085.0
20:09:28,7004.35,7060.0,146.0473,7459.0
20:09:28,7004.35,7065.0,24.1103,6382.0
20:09:28,7004.35,7070.0,56.0679,4875.0
20:09:28,7004.35,7075.0,349.0642,4684.0
20:11:38,7003.99,6930.0,2.3922,22315.0
20:11:38,7003.99,6935.0,49.5199,20800.0
20:11:38,7003.99,6940.0,22.7409,32911.0
20:11:38,7003.99,6945.0,0.2867,26922.0
20:11:38,7003.99,6950.0,132.6917,54217.0
20:11:38,7003.99,6955.0,5.7828,41788.0
20:11:38,7003.99,6960.0,101.1973,49931.0
20:11:38,7003.99,6965.0,412.8615,57921.0
20:11:38,7003.99,6970.0,323.7961,71735.0
20:11:38,7003.99,6975.0,1021.9693,71368.0
20:11:38,7003.99,6980.0,1448.3631,105152.0
20:11:38,7003.99,6985.0,1807.0365,96702.0
20:11:38,7003.99,6990.0,1740.5878,137162.0
20:11:38,7003.99,6995.0,1607.4941,131044.0
20:11:38,7003.99,7000.0,8398.0842,235672.0
20:11:38,7003.99,7005.0,5874.6379,102696.0
20:11:38,7003.99,7010.0,3334.7232,106719.0
20:11:38,7003.99,7015.0,3193.6859,73239.0
20:11:38,7003.99,7020.0,2587.1451,62349.0
20:11:38,7003.99,7025.0,7482.8417,74472.0
20:11:38,7003.99,7030.0,2815.545,45428.0
20:11:38,7003.99,7035.0,1769.3854,26597.0
20:11:38,7003.99,7040.0,430.1251,29246.0
20:11:38,7003.99,7045.0,114.929,10643.0
20:11:38,7003.99,7050.0,743.0313,19082.0
20:11:38,7003.99,7055.0,41.3341,6157.0
20:11:38,7003.99,7060.0,146.0589,7533.0
20:11:38,7003.99,7065.0,21.5381,6384.0
20:11:38,7003.99,7070.0,50.2848,4876.0
20:11:38,7003.99,7075.0,314.9946,4685.0
20:13:47,7007.44,6935.0,43.149,20844.0
20:13:47,7007.44,6940.0,18.3659,32954.0
20:13:47,7007.44,6945.0,0.2494,27020.0
20:13:47,7007.44,6950.0,132.0859,54293.0
20:13:47,7007.44,6955.0,6.527,41963.0
20:13:47,7007.44,6960.0,117.7788,50135.0
20:13:47,7007.44,6965.0,432.6873,58097.0
20:13:47,7007.44,6970.0,316.263,71950.0
20:13:47,7007.44,6975.0,874.3834,71596.0
20:13:47,7007.44,6980.0,1108.1716,105687.0
20:13:47,7007.44,6985.0,1565.5537,97135.0
20:13:47,7007.44,6990.0,1522.4705,137913.0
20:13:47,7007.44,6995.0,1418.9089,132026.0
20:13:47,7007.44,7000.0,8016.9679,237578.0
20:13:47,7007.44,7005.0,5957.2659,104381.0
20:13:47,7007.44,7010.0,3644.8826,108358.0
20:13:47,7007.44,7015.0,3707.8602,74330.0
20:13:47,7007.44,7020.0,3029.0943,63723.0
20:13:47,7007.44,7025.0,8742.308,75342.0
20:13:47,7007.44,7030.0,3334.6943,45688.0
20:13:47,7007.44,7035.0,2143.3616,26883.0
20:13:47,7007.44,7040.0,493.5244,29297.0
20:13:47,7007.44,7045.0,129.8492,10654.0
20:13:47,7007.44,7050.0,814.9198,19102.0
20:13:47,7007.44,7055.0,35.1726,6316.0
20:13:47,7007.44,7060.0,130.9453,7555.0
20:13:47,7007.44,7065.0,26.8488,6387.0
20:13:47,7007.44,7070.0,50.3343,4880.0
20:13:47,7007.44,7075.0,394.9274,4686.0
20:13:47,7007.44,7080.0,26.8952,5295.0
20:15:57,7008.29,6935.0,43.1594,20997.0
20:15:57,7008.29,6940.0,18.3704,33000.0
20:15:57,7008.29,6945.0,0.2495,27098.0
20:15:57,7008.29,6950.0,114.1994,54391.0
20:15:57,7008.29,6955.0,4.876,42053.0
20:15:57,7008.29,6960.0,174.4173,50251.0
20:15:57,7008.29,6965.0,454.4911,58273.0
20:15:57,7008.29,6970.0,316.3398,72278.0
20:15:57,7008.29,6975.0,878.508,71819.0
20:15:57,7008.29,6980.0,1108.4405,106003.0
20:15:57,7008.29,6985.0,1565.9336,97548.0
20:15:57,7008.29,6990.0,1522.8399,139070.0
20:15:57,7008.29,6995.0,1419.2531,133595.0
20:15:57,7008.29,7000.0,7957.3902,240306.0
20:15:57,7008.29,7005.0,6238.4461,106377.0
20:15:57,7008.29,7010.0,3928.23,110281.0
20:15:57,7008.29,7015.0,4086.1962,75914.0
20:15:57,7008.29,7020.0,3294.313,65039.0
20:15:57,7008.29,7025.0,8744.429,76249.0
20:15:57,7008.29,7030.0,3335.5033,46095.0
20:15:57,7008.29,7035.0,2143.8816,27098.0
20:15:57,7008.29,7040.0,493.6442,29481.0
20:15:57,7008.29,7045.0,129.8807,10729.0
20:15:57,7008.29,7050.0,815.1175,19223.0
20:15:57,7008.29,7055.0,35.1812,6366.0
20:15:57,7008.29,7060.0,156.7371,7589.0
20:15:57,7008.29,7065.0,25.6099,6393.0
20:15:57,7008.29,7070.0,59.4112,4893.0
20:15:57,7008.29,7075.0,395.0232,4696.0
20:15:57,7008.29,7080.0,25.19,5324.0
20:18:06,7008.41,6935.0,43.1609,21042.0
20:18:06,7008.41,6940.0,19.8616,33023.0
20:18:06,7008.41,6945.0,0.2459,27139.0
20:18:06,7008.41,6950.0,126.7974,54533.0
20:18:06,7008.41,6955.0,4.8762,42095.0
20:18:06,7008.41,6960.0,89.2002,50524.0
20:18:06,7008.41,6965.0,406.9456,58361.0
20:18:06,7008.41,6970.0,295.1744,72424.0
20:18:06,7008.41,6975.0,883.9999,71942.0
20:18:06,7008.41,6980.0,1108.4785,106332.0
20:18:06,7008.41,6985.0,1565.9872,98100.0
20:18:06,7008.41,6990.0,1522.892,139755.0
20:18:06,7008.41,6995.0,1419.3017,134481.0
20:18:06,7008.41,7000.0,7714.1274,242333.0
20:18:06,7008.41,7005.0,6115.6928,108162.0
20:18:06,7008.41,7010.0,3952.7234,112920.0
20:18:06,7008.41,7015.0,4166.7676,78080.0
20:18:06,7008.41,7020.0,3455.0062,67685.0
20:18:06,7008.41,7025.0,8729.6799,78342.0
20:18:06,7008.41,7030.0,3559.8813,46736.0
20:18:06,7008.41,7035.0,2451.7639,27781.0
20:18:06,7008.41,7040.0,539.0921,29866.0
20:18:06,7008.41,7045.0,145.9069,10812.0
20:18:06,7008.41,7050.0,859.5328,19317.0
20:18:06,7008.41,7055.0,41.4951,6442.0
20:18:06,7008.41,7060.0,156.7425,7649.0
20:18:06,7008.41,7065.0,24.8234,6450.0
20:18:06,7008.41,7070.0,57.1886,4918.0
20:18:06,7008.41,7075.0,354.0947,4697.0
20:18:06,7008.41,7080.0,24.0906,5342.0
20:20:16,7007.39,6935.0,44.3609,21061.0
20:20:16,7007.39,6940.0,20.203,33051.0
20:20:16,7007.39,6945.0,0.2458,27160.0
20:20:16,7007.39,6950.0,132.2114,54556.0
20:20:16,7007.39,6955.0,5.5748,42156.0
20:20:16,7007.39,6960.0,94.9632,50577.0
20:20:16,7007.39,6965.0,419.056,58376.0
20:20:16,7007.39,6970.0,319.9723,72521.0
20:20:16,7007.39,6975.0,795.5808,72094.0
20:20:16,7007.39,6980.0,1035.0959,106985.0
20:20:16,7007.39,6985.0,1366.5865,98343.0
20:20:16,7007.39,6990.0,1307.3836,140556.0
20:20:16,7007.39,6995.0,1314.4399,135241.0
20:20:16,7007.39,7000.0,7956.733,243794.0
20:20:16,7007.39,7005.0,6142.968,109495.0
20:20:16,7007.39,7010.0,3860.5069,114733.0
20:20:16,7007.39,7015.0,3950.2795,79033.0
20:20:16,7007.39,7020.0,3454.0006,69147.0
20:20:16,7007.39,7025.0,9861.7898,78814.0
20:20:16,7007.39,7030.0,3558.8452,47380.0
20:20:16,7007.39,7035.0,2000.3951,28336.0
20:20:16,7007.39,7040.0,480.5406,30082.0
20:20:16,7007.39,7045.0,125.426,10888.0
20:20:16,7007.39,7050.0,784.2017,19927.0
20:20:16,7007.39,7055.0,38.312,6472.0
20:20:16,7007.39,7060.0,143.3782,7734.0
20:20:16,7007.39,7065.0,23.4807,6461.0
20:20:16,7007.39,7070.0,54.5883,4928.0
20:20:16,7007.39,7075.0,339.7189,4737.0
20:20:16,7007.39,7080.0,23.0971,5358.0
20:22:26,7007.15,6935.0,47.6856,21075.0
20:22:26,7007.15,6940.0,20.2016,33084.0
20:22:26,7007.15,6945.0,0.2605,27204.0
20:22:26,7007.15,6950.0,145.0763,54623.0
20:22:26,7007.15,6955.0,5.5744,42317.0
20:22:26,7007.15,6960.0,94.9567,50602.0
20:22:26,7007.15,6965.0,405.1013,58443.0
20:22:26,7007.15,6970.0,319.9503,72578.0
20:22:26,7007.15,6975.0,804.451,72164.0
20:22:26,7007.15,6980.0,1104.0958,107139.0
20:22:26,7007.15,6985.0,1482.4076,98576.0
20:22:26,7007.15,6990.0,1474.9395,141134.0
20:22:26,7007.15,6995.0,1426.1282,136128.0
20:22:26,7007.15,7000.0,8145.0716,245482.0
20:22:26,7007.15,7005.0,6281.0714,111143.0
20:22:26,7007.15,7010.0,3890.2179,116302.0
20:22:26,7007.15,7015.0,3986.144,80043.0
20:22:26,7007.15,7020.0,3211.7369,70258.0
20:22:26,7007.15,7025.0,8917.4689,79408.0
20:22:26,7007.15,7030.0,3558.6014,47762.0
20:22:26,7007.15,7035.0,2000.2581,28382.0
20:22:26,7007.15,7040.0,480.5077,30194.0
20:22:26,7007.15,7045.0,125.4174,10970.0
20:22:26,7007.15,7050.0,784.148,20093.0
20:22:26,7007.15,7055.0,38.3093,6504.0
20:22:26,7007.15,7060.0,138.9211,7747.0
20:22:26,7007.15,7065.0,23.094,6464.0
20:22:26,7007.15,7070.0,53.9959,4955.0
20:22:26,7007.15,7075.0,339.6957,4740.0
20:22:26,7007.15,7080.0,22.8627,5360.0
20:24:35,7008.34,6935.0,47.7018,21084.0
20:24:35,7008.34,6940.0,19.5479,33144.0
20:24:35,7008.34,6945.0,0.2401,27265.0
20:24:35,7008.34,6950.0,133.4869,54661.0
20:24:35,7008.34,6955.0,5.5061,42397.0
20:24:35,7008.34,6960.0,97.4348,50695.0
20:24:35,7008.34,6965.0,423.53,58590.0
20:24:35,7008.34,6970.0,331.7413,72613.0
20:24:35,7008.34,6975.0,807.2332,72238.0
20:24:35,7008.34,6980.0,1104.4708,107210.0
20:24:35,7008.34,6985.0,1482.9111,98868.0
20:24:35,7008.34,6990.0,1475.4405,141361.0
20:24:35,7008.34,6995.0,1426.6126,136690.0
20:24:35,7008.34,7000.0,7694.9875,246568.0
20:24:35,7008.34,7005.0,6077.0862,112313.0
20:24:35,7008.34,7010.0,3897.525,117558.0
20:24:35,7008.34,7015.0,4051.4836,80873.0
20:24:35,7008.34,7020.0,3378.1608,70894.0
20:24:35,7008.34,7025.0,8933.014,80121.0
20:24:35,7008.34,7030.0,3238.9314,48103.0
20:24:35,7008.34,7035.0,2020.8109,29489.0
20:24:35,7008.34,7040.0,440.2672,30424.0
20:24:35,7008.34,7045.0,124.4693,11011.0
20:24:35,7008.34,7050.0,806.1627,20122.0
20:24:35,7008.34,7055.0,41.8697,6554.0
20:24:35,7008.34,7060.0,151.8262,7760.0
20:24:35,7008.34,7065.0,24.9573,6465.0
20:24:35,7008.34,7070.0,57.8469,4969.0
20:24:35,7008.34,7075.0,358.6706,4740.0
20:24:35,7008.34,7080.0,24.2269,5513.0
20:26:45,7007.65,6935.0,45.185,21097.0
20:26:45,7007.65,6940.0,21.0251,33216.0
20:26:45,7007.65,6945.0,0.2601,27295.0
20:26:45,7007.65,6950.0,136.3603,54697.0
20:26:45,7007.65,6955.0,5.7232,42473.0
20:26:45,7007.65,6960.0,97.4156,50729.0
20:26:45,7007.65,6965.0,426.7271,58650.0
20:26:45,7007.65,6970.0,299.9292,72700.0
20:26:45,7007.65,6975.0,828.3722,72373.0
20:26:45,7007.65,6980.0,1080.279,107316.0
20:26:45,7007.65,6985.0,1391.4893,99029.0
20:26:45,7007.65,6990.0,1415.4972,141727.0
20:26:45,7007.65,6995.0,1376.2022,137336.0
20:26:45,7007.65,7000.0,7997.3391,247902.0
20:26:45,7007.65,7005.0,6216.9925,113327.0
20:26:45,7007.65,7010.0,3893.3154,119136.0
20:26:45,7007.65,7015.0,3965.7204,82158.0
20:26:45,7007.65,7020.0,3272.2441,71590.0
20:26:45,7007.65,7025.0,9673.4842,80645.0
20:26:45,7007.65,7030.0,3535.0322,48493.0
20:26:45,7007.65,7035.0,2125.6192,32845.0
20:26:45,7007.65,7040.0,479.3277,30548.0
20:26:45,7007.65,7045.0,136.7289,11067.0
20:26:45,7007.65,7050.0,806.004,20180.0
20:26:45,7007.65,7055.0,41.8614,6603.0
20:26:45,7007.65,7060.0,151.7963,7773.0
20:26:45,7007.65,7065.0,23.0523,6472.0
20:26:45,7007.65,7070.0,53.457,4985.0
20:26:45,7007.65,7075.0,332.2701,4746.0
20:26:45,7007.65,7080.0,22.4882,5518.0
20:28:54,7008.69,6935.0,41.8341,21108.0
20:28:54,7008.69,6940.0,18.5523,33226.0
20:28:54,7008.69,6945.0,0.2302,27308.0
20:28:54,7008.69,6950.0,127.807,54744.0
20:28:54,7008.69,6955.0,5.1527,42528.0
20:28:54,7008.69,6960.0,87.0116,50742.0
20:28:54,7008.69,6965.0,387.7819,58694.0
20:28:54,7008.69,6970.0,278.1879,73185.0
20:28:54,7008.69,6975.0,698.1831,72429.0
20:28:54,7008.69,6980.0,1085.829,107546.0
20:28:54,7008.69,6985.0,1391.9024,99769.0
20:28:54,7008.69,6990.0,1415.9174,142242.0
20:28:54,7008.69,6995.0,1298.2781,137930.0
20:28:54,7008.69,7000.0,7686.642,248848.0
20:28:54,7008.69,7005.0,6246.4795,114353.0
20:28:54,7008.69,7010.0,4001.8737,121298.0
20:28:54,7008.69,7015.0,4222.331,82941.0
20:28:54,7008.69,7020.0,3273.2154,72210.0
20:28:54,7008.69,7025.0,9676.3557,81170.0
20:28:54,7008.69,7030.0,3536.0816,48780.0
20:28:54,7008.69,7035.0,2126.2502,33046.0
20:28:54,7008.69,7040.0,538.6038,30571.0
20:28:54,7008.69,7045.0,147.0023,11100.0
20:28:54,7008.69,7050.0,866.8607,20405.0
20:28:54,7008.69,7055.0,46.0177,6795.0
20:28:54,7008.69,7060.0,157.095,7779.0
20:28:54,7008.69,7065.0,25.513,6473.0
20:28:54,7008.69,7070.0,58.6897,4992.0
20:28:54,7008.69,7075.0,362.1849,4750.0
20:28:54,7008.69,7080.0,24.3203,5562.0
20:32:26,7010.88,6940.0,-2.7448,33820.0
20:32:26,7010.88,6945.0,-7.979,27508.0
20:32:26,7010.88,6950.0,115.3778,54891.0
20:32:26,7010.88,6955.0,4.4619,42649.0
20:32:26,7010.88,6960.0,78.9248,51102.0
20:32:26,7010.88,6965.0,55.1232,58909.0
20:32:26,7010.88,6970.0,537.8454,73987.0
20:32:26,7010.88,6975.0,-3924.3731,72849.0
20:32:26,7010.88,6980.0,-8160.448,107997.0
20:32:26,7010.88,6985.0,-7148.5976,100230.0
20:32:26,7010.88,6990.0,-37283.5676,143495.0
20:32:26,7010.88,6995.0,-41864.9125,139396.0
20:32:26,7010.88,7000.0,104325.5835,251420.0
20:32:26,7010.88,7005.0,6034.049,116948.0
20:32:26,7010.88,7010.0,4121.7376,124257.0
20:32:26,7010.88,7015.0,4570.7586,84407.0
20:32:26,7010.88,7020.0,1055.3543,73904.0
20:32:26,7010.88,7025.0,10697.6352,82140.0
20:32:26,7010.88,7030.0,28014.7272,49447.0
20:32:26,7010.88,7035.0,13596.2513,34970.0
20:32:26,7010.88,7040.0,7326.6975,30740.0
20:32:26,7010.88,7045.0,1506.9402,11302.0
20:32:26,7010.88,7050.0,1385.8739,20502.0
20:32:26,7010.88,7055.0,18.6504,6895.0
20:32:26,7010.88,7060.0,178.8304,7815.0
20:32:26,7010.88,7065.0,28.5952,6502.0
20:32:26,7010.88,7070.0,65.0818,5052.0
20:32:26,7010.88,7075.0,2.8683,4939.0
20:32:26,7010.88,7080.0,0.9254,5605.0
20:32:26,7010.88,7085.0,0.2461,5479.0
20:33:04,7010.46,6940.0,16.2391,33823.0
20:33:04,7010.46,6945.0,0.2038,27521.0
20:33:04,7010.46,6950.0,110.3702,54902.0
20:33:04,7010.46,6955.0,4.4266,42683.0
20:33:04,7010.46,6960.0,75.4818,51110.0
20:33:04,7010.46,6965.0,331.8139,58915.0
20:33:04,7010.46,6970.0,0.2303,74061.0
20:33:04,7010.46,6975.0,308.759,72856.0
20:33:04,7010.46,6980.0,593.515,108047.0
20:33:04,7010.46,6985.0,1086.02,100289.0
20:33:04,7010.46,6990.0,1113.5366,143643.0
20:33:04,7010.46,6995.0,1120.9536,139629.0
20:33:04,7010.46,7000.0,6490.6853,251692.0
20:33:04,7010.46,7005.0,6142.649,117393.0
20:33:04,7010.46,7010.0,4147.0088,125045.0
20:33:04,7010.46,7015.0,4542.1253,85293.0
20:33:04,7010.46,7020.0,3933.0797,74787.0
20:33:04,7010.46,7025.0,11811.5224,82356.0
20:33:04,7010.46,7030.0,4361.7807,49538.0
20:33:04,7010.46,7035.0,2731.217,35476.0
20:33:04,7010.46,7040.0,537.5492,30768.0
20:33:04,7010.46,7045.0,112.5202,11306.0
20:33:04,7010.46,7050.0,509.1865,20503.0
20:33:04,7010.46,7055.0,50.9645,6897.0
20:33:04,7010.46,7060.0,178.8215,7934.0
20:33:04,7010.46,7065.0,27.4045,6506.0
20:33:04,7010.46,7070.0,62.3304,5062.0
20:33:04,7010.46,7075.0,382.1238,4972.0
20:33:04,7010.46,7080.0,25.5609,5605.0
20:33:04,7010.46,7085.0,10.2788,5479.0
20:41:52,7013.04,6940.0,16.2511,33823.0
20:41:52,7013.04,6945.0,0.2039,27521.0
20:41:52,7013.04,6950.0,110.4515,54902.0
20:41:52,7013.04,6955.0,4.4299,42683.0
20:41:52,7013.04,6960.0,75.5374,51110.0
20:41:52,7013.04,6965.0,332.0581,58915.0
20:41:52,7013.04,6970.0,-58.0647,74061.0
20:41:52,7013.04,6975.0,170.7398,72856.0
20:41:52,7013.04,6980.0,369.3087,108047.0
20:41:52,7013.04,6985.0,1094.4308,100289.0
20:41:52,7013.04,6990.0,1118.31,143643.0
20:41:52,7013.04,6995.0,1121.7789,139629.0
20:41:52,7013.04,7000.0,5729.8014,251692.0
20:41:52,7013.04,7005.0,6147.1711,117393.0
20:41:52,7013.04,7010.0,4150.0617,125045.0
20:41:52,7013.04,7015.0,4545.4692,85293.0
20:41:52,7013.04,7020.0,3922.1071,74787.0
20:41:52,7013.04,7025.0,11820.2178,82356.0
20:41:52,7013.04,7030.0,5176.2136,49538.0
20:41:52,7013.04,7035.0,3278.9699,35476.0
20:41:52,7013.04,7040.0,646.6734,30768.0
20:41:52,7013.04,7045.0,134.352,11306.0
20:41:52,7013.04,7050.0,597.8204,20503.0
20:41:52,7013.04,7055.0,51.002,6897.0
20:41:52,7013.04,7060.0,178.9532,7934.0
20:41:52,7013.04,7065.0,27.4247,6506.0
20:41:52,7013.04,7070.0,62.3762,5062.0
20:41:52,7013.04,7075.0,382.4051,4972.0
20:41:52,7013.04,7080.0,25.5798,5605.0
20:41:52,7013.04,7085.0,10.2864,5479.0
20:50:25,7010.41,6940.0,16.2389,33823.0
20:50:25,7010.41,6945.0,0.2038,27521.0
20:50:25,7010.41,6950.0,110.3686,54902.0
20:50:25,7010.41,6955.0,4.4266,42683.0
20:50:25,7010.41,6960.0,75.4807,51110.0
20:50:25,7010.41,6965.0,331.8091,58915.0
20:50:25,7010.41,6970.0,-53.418,74061.0
20:50:25,7010.41,6975.0,193.8386,72856.0
20:50:25,7010.41,6980.0,433.7085,108047.0
20:50:25,7010.41,6985.0,1090.1904,100289.0
20:50:25,7010.41,6990.0,1114.8105,143643.0
20:50:25,7010.41,6995.0,1120.9377,139629.0
20:50:25,7010.41,7000.0,6989.9305,251692.0
20:50:25,7010.41,7005.0,6142.5614,117393.0
20:50:25,7010.41,7010.0,4146.9496,125045.0
20:50:25,7010.41,7015.0,4542.0605,85293.0
20:50:25,7010.41,7020.0,3925.6793,74787.0
20:50:25,7010.41,7025.0,11811.3539,82356.0
20:50:25,7010.41,7030.0,4061.1039,49538.0
20:50:25,7010.41,7035.0,2295.6525,35476.0
20:50:25,7010.41,7040.0,398.6868,30768.0
20:50:25,7010.41,7045.0,71.9818,11306.0
20:50:25,7010.41,7050.0,274.4234,20503.0
20:50:25,7010.41,7055.0,50.9637,6897.0
20:50:25,7010.41,7060.0,178.819,7934.0
20:50:25,7010.41,7065.0,27.4041,6506.0
20:50:25,7010.41,7070.0,62.3295,5062.0
20:50:25,7010.41,7075.0,382.1183,4972.0
20:50:25,7010.41,7080.0,25.5606,5605.0
20:50:25,7010.41,7085.0,10.2787,5479.0
21:35:50,7017.77,6945.0,0.2042,27521.0
21:35:50,7017.77,6950.0,110.6005,54902.0
21:35:50,7017.77,6955.0,4.4359,42683.0
21:35:50,7017.77,6960.0,75.6393,51110.0
21:35:50,7017.77,6965.0,332.5062,58915.0
21:35:50,7017.77,6970.0,-113.4004,74061.0
21:35:50,7017.77,6975.0,0.0341,72856.0
21:35:50,7017.77,6980.0,0.5077,108047.0
21:35:50,7017.77,6985.0,1112.9701,100289.0
21:35:50,7017.77,6990.0,1132.2518,143643.0
21:35:50,7017.77,6995.0,1123.2926,139629.0
21:35:50,7017.77,7000.0,777.4146,251692.0
21:35:50,7017.77,7005.0,6155.4659,117393.0
21:35:50,7017.77,7010.0,4155.6617,125045.0
21:35:50,7017.77,7015.0,4551.6027,85293.0
21:35:50,7017.77,7020.0,3815.6713,74787.0
21:35:50,7017.77,7025.0,11836.1677,82356.0
21:35:50,7017.77,7030.0,6257.475,49538.0
21:35:50,7017.77,7035.0,2257.1049,35476.0
21:35:50,7017.77,7040.0,202.658,30768.0
21:35:50,7017.77,7045.0,15.3332,11306.0
21:35:50,7017.77,7050.0,19.402,20503.0
21:35:50,7017.77,7055.0,51.0708,6897.0
21:35:50,7017.77,7060.0,179.1947,7934.0
21:35:50,7017.77,7065.0,27.4617,6506.0
21:35:50,7017.77,7070.0,62.4604,5062.0
21:35:50,7017.77,7075.0,382.9211,4972.0
21:35:50,7017.77,7080.0,25.6143,5605.0
21:35:50,7017.77,7085.0,10.3003,5479.0
22:35:00,7023.34,6950.0,110.7761,56993.0
22:35:00,7023.34,6955.0,4.4429,45003.0
22:35:00,7023.34,6960.0,75.7594,53819.0
22:35:00,7023.34,6965.0,339.8571,58915.0
22:35:00,7023.34,6970.0,-113.5817,74061.0
22:35:00,7023.34,6975.0,0.0,72856.0
22:35:00,7023.34,6980.0,0.0,108047.0
22:35:00,7023.34,6985.0,1114.867,100289.0
22:35:00,7023.34,6990.0,1134.4718,143643.0
22:35:00,7023.34,6995.0,1125.0764,139629.0
22:35:00,7023.34,7000.0,-1497.0446,251692.0
22:35:00,7023.34,7005.0,6165.2409,117393.0
22:35:00,7023.34,7010.0,4162.261,125045.0
22:35:00,7023.34,7015.0,4558.8308,85293.0
22:35:00,7023.34,7020.0,3774.5197,74787.0
22:35:00,7023.34,7025.0,11854.9639,82356.0
22:35:00,7023.34,7030.0,440.7519,49538.0
22:35:00,7023.34,7035.0,0.0122,35476.0
22:35:00,7023.34,7040.0,0.0,30768.0
22:35:00,7023.34,7045.0,0.0,11306.0
22:35:00,7023.34,7050.0,-0.5,20503.0
22:35:00,7023.34,7055.0,51.1519,6897.0
22:35:00,7023.34,7060.0,179.4792,7934.0
22:35:00,7023.34,7065.0,27.5053,6506.0
22:35:00,7023.34,7070.0,62.5596,5062.0
22:35:00,7023.34,7075.0,383.5292,4972.0
22:35:00,7023.34,7080.0,25.655,5605.0
22:35:00,7023.34,7085.0,10.3166,5479.0
22:35:00,7023.34,7090.0,0.0,5317.0
22:35:00,7023.34,7095.0,0.0,4018.0
22:39:39,7022.95,6950.0,110.7638,56993.0
22:39:39,7022.95,6955.0,4.4424,45003.0
22:39:39,7022.95,6960.0,75.751,53819.0
22:39:39,7022.95,6965.0,339.8194,58915.0
22:39:39,7022.95,6970.0,-113.5691,74061.0
22:39:39,7022.95,6975.0,0.0,72856.0
22:39:39,7022.95,6980.0,0.0,108047.0
22:39:39,7022.95,6985.0,1114.7431,100289.0
22:39:39,7022.95,6990.0,1134.3458,143643.0
22:39:39,7022.95,6995.0,1124.9514,139629.0
22:39:39,7022.95,7000.0,-1496.8783,251692.0
22:39:39,7022.95,7005.0,6164.5563,117393.0
22:39:39,7022.95,7010.0,4161.7988,125045.0
22:39:39,7022.95,7015.0,4558.3245,85293.0
22:39:39,7022.95,7020.0,3682.2827,74787.0
22:39:39,7022.95,7025.0,11853.6473,82356.0
22:39:39,7022.95,7030.0,239.3244,49538.0
22:39:39,7022.95,7035.0,0.0042,35476.0
22:39:39,7022.95,7040.0,0.0,30768.0
22:39:39,7022.95,7045.0,0.0,11306.0
22:39:39,7022.95,7050.0,-0.5,20503.0
22:39:39,7022.95,7055.0,51.1462,6897.0
22:39:39,7022.95,7060.0,179.4593,7934.0
22:39:39,7022.95,7065.0,27.5022,6506.0
22:39:39,7022.95,7070.0,62.5527,5062.0
22:39:39,7022.95,7075.0,383.4866,4972.0
22:39:39,7022.95,7080.0,25.6521,5605.0
22:39:39,7022.95,7085.0,10.3155,5479.0
22:39:39,7022.95,7090.0,0.0,5317.0
22:39:39,7022.95,7095.0,0.0,4018.0
23:16:08,7022.95,6950.0,110.7638,56993.0
23:16:08,7022.95,6955.0,4.4424,45003.0
23:16:08,7022.95,6960.0,75.751,53819.0
23:16:08,7022.95,6965.0,339.8194,58915.0
23:16:08,7022.95,6970.0,-113.5691,74061.0
23:16:08,7022.95,6975.0,0.0,72856.0
23:16:08,7022.95,6980.0,0.0,108047.0
23:16:08,7022.95,6985.0,1114.7431,100289.0
23:16:08,7022.95,6990.0,1134.3458,143643.0
23:16:08,7022.95,6995.0,1124.9514,139629.0
23:16:08,7022.95,7000.0,-1496.8783,251692.0
23:16:08,7022.95,7005.0,6164.5563,117393.0
23:16:08,7022.95,7010.0,4161.7988,125045.0
23:16:08,7022.95,7015.0,4558.3245,85293.0
23:16:08,7022.95,7020.0,3682.2827,74787.0
23:16:08,7022.95,7025.0,11853.6473,82356.0
23:16:08,7022.95,7030.0,239.3244,49538.0
23:16:08,7022.95,7035.0,0.0042,35476.0
23:16:08,7022.95,7040.0,0.0,30768.0
23:16:08,7022.95,7045.0,0.0,11306.0
23:16:08,7022.95,7050.0,-0.5,20503.0
23:16:08,7022.95,7055.0,51.1462,6897.0
23:16:08,7022.95,7060.0,179.4593,7934.0
23:16:08,7022.95,7065.0,27.5022,6506.0
23:16:08,7022.95,7070.0,62.5527,5062.0
23:16:08,7022.95,7075.0,383.4866,4972.0
23:16:08,7022.95,7080.0,25.6521,5605.0
23:16:08,7022.95,7085.0,10.3155,5479.0
23:16:08,7022.95,7090.0,0.0,5317.0
23:16:08,7022.95,7095.0,0.0,4018.0
23:48:11,7022.95,6950.0,110.7638,56993.0
23:48:11,7022.95,6955.0,4.4424,45003.0
23:48:11,7022.95,6960.0,75.751,53819.0
23:48:11,7022.95,6965.0,6.4165,58915.0
23:48:11,7022.95,6970.0,-113.5691,74061.0
23:48:11,7022.95,6975.0,-68.3618,72856.0
23:48:11,7022.95,6980.0,0.0,108047.0
23:48:11,7022.95,6985.0,1114.7431,100289.0
23:48:11,7022.95,6990.0,1134.3458,143643.0
23:48:11,7022.95,6995.0,1124.9514,139629.0
23:48:11,7022.95,7000.0,-1496.8783,251692.0
23:48:11,7022.95,7005.0,6164.5563,117393.0
23:48:11,7022.95,7010.0,4161.7988,125045.0
23:48:11,7022.95,7015.0,4558.3245,85293.0
23:48:11,7022.95,7020.0,3682.2827,74787.0
23:48:11,7022.95,7025.0,11853.6473,82356.0
23:48:11,7022.95,7030.0,239.3244,49538.0
23:48:11,7022.95,7035.0,0.0042,35476.0
23:48:11,7022.95,7040.0,0.0,30768.0
23:48:11,7022.95,7045.0,0.0,11306.0
23:48:11,7022.95,7050.0,-0.5,20503.0
23:48:11,7022.95,7055.0,51.1462,6897.0
23:48:11,7022.95,7060.0,179.4593,7934.0
23:48:11,7022.95,7065.0,27.5022,6506.0
23:48:11,7022.95,7070.0,62.5527,5062.0
23:48:11,7022.95,7075.0,383.4866,4972.0
23:48:11,7022.95,7080.0,25.6521,5605.0
23:48:11,7022.95,7085.0,10.3155,5479.0
23:48:11,7022.95,7090.0,0.0,5317.0
23:48:11,7022.95,7095.0,0.0,4018.0
23:53:09,7022.95,6950.0,110.7638,56993.0
23:53:09,7022.95,6955.0,4.4424,45003.0
23:53:09,7022.95,6960.0,75.751,53819.0
23:53:09,7022.95,6965.0,6.4165,58915.0
23:53:09,7022.95,6970.0,-113.5691,74061.0
23:53:09,7022.95,6975.0,-68.3618,72856.0
23:53:09,7022.95,6980.0,0.0,108047.0
23:53:09,7022.95,6985.0,1114.7431,100289.0
23:53:09,7022.95,6990.0,1134.3458,143643.0
23:53:09,7022.95,6995.0,1124.9514,139629.0
23:53:09,7022.95,7000.0,-1496.8783,251692.0
23:53:09,7022.95,7005.0,6164.5563,117393.0
23:53:09,7022.95,7010.0,4161.7988,125045.0
23:53:09,7022.95,7015.0,4558.3245,85293.0
23:53:09,7022.95,7020.0,3682.2827,74787.0
23:53:09,7022.95,7025.0,11853.6473,82356.0
23:53:09,7022.95,7030.0,239.3244,49538.0
23:53:09,7022.95,7035.0,0.0042,35476.0
23:53:09,7022.95,7040.0,0.0,30768.0
23:53:09,7022.95,7045.0,0.0,11306.0
23:53:09,7022.95,7050.0,-0.5,20503.0
23:53:09,7022.95,7055.0,51.1462,6897.0
23:53:09,7022.95,7060.0,179.4593,7934.0
23:53:09,7022.95,7065.0,27.5022,6506.0
23:53:09,7022.95,7070.0,62.5527,5062.0
23:53:09,7022.95,7075.0,383.4866,4972.0
23:53:09,7022.95,7080.0,25.6521,5605.0
23:53:09,7022.95,7085.0,10.3155,5479.0
23:53:09,7022.95,7090.0,0.0,5317.0
23:53:09,7022.95,7095.0,0.0,4018.0
