Timestamp,Spot,Strike,NetGEX,Volume
09:55:17,6487.85,6415.0,-93.5339,2334.0
09:55:17,6487.85,6420.0,-420.0261,4587.0
09:55:17,6487.85,6425.0,-430.4457,4750.0
09:55:17,6487.85,6430.0,-281.1275,4788.0
09:55:17,6487.85,6435.0,-62.5088,2687.0
09:55:17,6487.85,6440.0,-177.4051,6105.0
09:55:17,6487.85,6445.0,-62.7653,1771.0
09:55:17,6487.85,6450.0,-435.8072,8520.0
09:55:17,6487.85,6455.0,-33.1817,1641.0
09:55:17,6487.85,6460.0,-70.0834,3345.0
09:55:17,6487.85,6465.0,-57.9774,2245.0
09:55:17,6487.85,6470.0,-347.7627,5498.0
09:55:17,6487.85,6475.0,-220.9557,4296.0
09:55:17,6487.85,6480.0,-142.5999,2399.0
09:55:17,6487.85,6485.0,-101.6028,1935.0
09:55:17,6487.85,6490.0,-556.2013,5703.0
09:55:17,6487.85,6495.0,-136.9945,3379.0
09:55:17,6487.85,6500.0,-813.758,14064.0
09:55:17,6487.85,6505.0,-30.1166,3278.0
09:55:17,6487.85,6510.0,-134.3048,3542.0
09:55:17,6487.85,6515.0,-22.9654,2733.0
09:55:17,6487.85,6520.0,-99.7068,4315.0
09:55:17,6487.85,6525.0,-212.5638,6929.0
09:55:17,6487.85,6530.0,-60.8559,3275.0
09:55:17,6487.85,6535.0,-55.9744,2785.0
09:55:17,6487.85,6540.0,-56.4559,4909.0
09:55:17,6487.85,6545.0,-9.507,3312.0
09:55:17,6487.85,6550.0,-513.1205,10629.0
09:55:17,6487.85,6555.0,-144.6085,2843.0
09:55:17,6487.85,6560.0,-60.9625,5194.0
14:04:38,6487.85,6415.0,-93.5339,902.0
14:04:38,6487.85,6420.0,-420.0261,1383.0
14:04:38,6487.85,6425.0,-430.4457,1147.0
14:04:38,6487.85,6430.0,-273.0334,1284.0
14:04:38,6487.85,6435.0,-227.6039,818.0
14:04:38,6487.85,6440.0,-549.6753,1448.0
14:04:38,6487.85,6445.0,-163.7355,916.0
14:04:38,6487.85,6450.0,-546.1982,2676.0
14:04:38,6487.85,6455.0,-38.8795,1004.0
14:04:38,6487.85,6460.0,-362.2405,1657.0
14:04:38,6487.85,6465.0,-197.4366,915.0
14:04:38,6487.85,6470.0,-627.2529,2290.0
14:04:38,6487.85,6475.0,-488.3041,1433.0
14:04:38,6487.85,6480.0,-348.1494,2170.0
14:04:38,6487.85,6485.0,-251.6935,769.0
14:04:38,6487.85,6490.0,-575.4701,942.0
14:04:38,6487.85,6495.0,-147.9913,876.0
14:04:38,6487.85,6500.0,-827.7177,3561.0
14:04:38,6487.85,6505.0,-159.9485,1066.0
14:04:38,6487.85,6510.0,-233.3431,1061.0
14:04:38,6487.85,6515.0,-15.1897,673.0
14:04:38,6487.85,6520.0,-70.098,1342.0
14:04:38,6487.85,6525.0,-155.0728,659.0
14:04:38,6487.85,6530.0,28.5523,1022.0
14:04:38,6487.85,6535.0,-27.8145,1256.0
14:04:38,6487.85,6540.0,23.4006,942.0
14:04:38,6487.85,6545.0,103.6259,1748.0
14:04:38,6487.85,6550.0,-513.1205,1929.0
14:04:38,6487.85,6555.0,-144.6085,851.0
14:04:38,6487.85,6560.0,-60.9625,998.0
14:20:44,6477.16,6405.0,-67.585,590.0
14:20:44,6477.16,6410.0,-159.0818,1266.0
14:20:44,6477.16,6415.0,-880.663,917.0
14:20:44,6477.16,6420.0,-480.1482,1662.0
14:20:44,6477.16,6425.0,-870.0206,1204.0
14:20:44,6477.16,6430.0,-588.4226,1373.0
14:20:44,6477.16,6435.0,-329.0455,865.0
14:20:44,6477.16,6440.0,-926.6006,1634.0
14:20:44,6477.16,6445.0,-317.9021,935.0
14:20:44,6477.16,6450.0,-1207.5371,2731.0
14:20:44,6477.16,6455.0,-94.4906,1018.0
14:20:44,6477.16,6460.0,-948.8094,1680.0
14:20:44,6477.16,6465.0,-547.3606,923.0
14:20:44,6477.16,6470.0,-770.0374,2312.0
14:20:44,6477.16,6475.0,-635.0289,1997.0
14:20:44,6477.16,6480.0,-426.4424,2244.0
14:20:44,6477.16,6485.0,-289.3824,817.0
14:20:44,6477.16,6490.0,-1499.1417,985.0
14:20:44,6477.16,6495.0,-356.4822,895.0
14:20:44,6477.16,6500.0,-1813.1912,3783.0
14:20:44,6477.16,6505.0,-314.8915,1107.0
14:20:44,6477.16,6510.0,-399.6971,1147.0
14:20:44,6477.16,6515.0,-22.2265,758.0
14:20:44,6477.16,6520.0,-85.8453,1372.0
14:20:44,6477.16,6525.0,-152.502,725.0
14:20:44,6477.16,6530.0,21.9066,1104.0
14:20:44,6477.16,6535.0,-17.1654,1341.0
14:20:44,6477.16,6540.0,11.4511,974.0
14:20:44,6477.16,6545.0,38.4211,1800.0
14:20:44,6477.16,6550.0,14.9459,2198.0
14:22:18,6477.16,6405.0,-344.8047,590.0
14:22:18,6477.16,6410.0,-602.0499,1274.0
14:22:18,6477.16,6415.0,-873.9918,923.0
14:22:18,6477.16,6420.0,-1062.9952,1670.0
14:22:18,6477.16,6425.0,-1562.7097,1205.0
14:22:18,6477.16,6430.0,-573.4953,1376.0
14:22:18,6477.16,6435.0,-325.9409,873.0
14:22:18,6477.16,6440.0,-884.7804,1731.0
14:22:18,6477.16,6445.0,-327.1508,949.0
14:22:18,6477.16,6450.0,-783.5572,2754.0
14:22:18,6477.16,6455.0,-94.6143,1018.0
14:22:18,6477.16,6460.0,-950.5083,1683.0
14:22:18,6477.16,6465.0,-548.5367,923.0
14:22:18,6477.16,6470.0,-857.4785,2313.0
14:22:18,6477.16,6475.0,-639.4521,2003.0
14:22:18,6477.16,6480.0,-429.111,2251.0
14:22:18,6477.16,6485.0,-300.0311,820.0
14:22:18,6477.16,6490.0,-467.0156,985.0
14:22:18,6477.16,6495.0,-601.0219,897.0
14:22:18,6477.16,6500.0,-1815.4466,3836.0
14:22:18,6477.16,6505.0,-498.2526,1127.0
14:22:18,6477.16,6510.0,-399.6566,1149.0
14:22:18,6477.16,6515.0,-22.2054,770.0
14:22:18,6477.16,6520.0,-155.6632,1473.0
14:22:18,6477.16,6525.0,-229.611,729.0
14:22:18,6477.16,6530.0,17.9105,1210.0
14:22:18,6477.16,6535.0,-16.9963,1345.0
14:22:18,6477.16,6540.0,13.6404,975.0
14:22:18,6477.16,6545.0,56.5631,1801.0
14:22:18,6477.16,6550.0,27.8709,2247.0
14:24:28,6477.16,6405.0,-344.8047,591.0
14:24:28,6477.16,6410.0,-602.0499,1285.0
14:24:28,6477.16,6415.0,-873.9918,924.0
14:24:28,6477.16,6420.0,-1084.5422,1680.0
14:24:28,6477.16,6425.0,-1533.1634,1208.0
14:24:28,6477.16,6430.0,-839.3826,1384.0
14:24:28,6477.16,6435.0,-376.5888,877.0
14:24:28,6477.16,6440.0,-885.7459,1756.0
14:24:28,6477.16,6445.0,-258.895,953.0
14:24:28,6477.16,6450.0,-854.574,2760.0
14:24:28,6477.16,6455.0,-59.0232,1026.0
14:24:28,6477.16,6460.0,-533.3697,1696.0
14:24:28,6477.16,6465.0,-282.9059,931.0
14:24:28,6477.16,6470.0,-857.255,2325.0
14:24:28,6477.16,6475.0,-641.0212,2013.0
14:24:28,6477.16,6480.0,-427.9172,2251.0
14:24:28,6477.16,6485.0,-293.2843,825.0
14:24:28,6477.16,6490.0,-642.2969,998.0
14:24:28,6477.16,6495.0,-161.1627,898.0
14:24:28,6477.16,6500.0,-817.8045,3851.0
14:24:28,6477.16,6505.0,-149.598,1137.0
14:24:28,6477.16,6510.0,-203.2518,1264.0
14:24:28,6477.16,6515.0,-12.4557,774.0
14:24:28,6477.16,6520.0,-52.8208,1484.0
14:24:28,6477.16,6525.0,-103.1014,738.0
14:24:28,6477.16,6530.0,17.0312,1234.0
14:24:28,6477.16,6535.0,-16.519,1350.0
14:24:28,6477.16,6540.0,10.0656,977.0
14:24:28,6477.16,6545.0,56.5631,1813.0
14:24:28,6477.16,6550.0,27.8709,2263.0
14:26:38,6477.16,6405.0,-344.8047,591.0
14:26:38,6477.16,6410.0,-369.4544,1285.0
14:26:38,6477.16,6415.0,-542.5678,924.0
14:26:38,6477.16,6420.0,-668.6037,1681.0
14:26:38,6477.16,6425.0,-926.2213,1221.0
14:26:38,6477.16,6430.0,-488.0405,1394.0
14:26:38,6477.16,6435.0,-226.6177,877.0
14:26:38,6477.16,6440.0,-893.3154,1757.0
14:26:38,6477.16,6445.0,-154.9296,954.0
14:26:38,6477.16,6450.0,-914.5436,2762.0
14:26:38,6477.16,6455.0,-39.3088,1028.0
14:26:38,6477.16,6460.0,-362.3186,1696.0
14:26:38,6477.16,6465.0,-196.4597,928.0
14:26:38,6477.16,6470.0,-876.6559,2325.0
14:26:38,6477.16,6475.0,-481.9838,2025.0
14:26:38,6477.16,6480.0,-336.4723,2252.0
14:26:38,6477.16,6485.0,-242.3058,828.0
14:26:38,6477.16,6490.0,-658.206,998.0
14:26:38,6477.16,6495.0,-141.7947,899.0
14:26:38,6477.16,6500.0,-791.6645,3868.0
14:26:38,6477.16,6505.0,-159.0115,1139.0
14:26:38,6477.16,6510.0,-223.6925,1268.0
14:26:38,6477.16,6515.0,-14.4599,777.0
14:26:38,6477.16,6520.0,-95.7824,1486.0
14:26:38,6477.16,6525.0,-144.1488,739.0
14:26:38,6477.16,6530.0,25.5706,1234.0
14:26:38,6477.16,6535.0,11.2151,1351.0
14:26:38,6477.16,6540.0,21.8177,977.0
14:26:38,6477.16,6545.0,95.0136,1813.0
14:26:38,6477.16,6550.0,317.0833,2264.0
14:28:49,6477.16,6405.0,-214.472,591.0
14:28:49,6477.16,6410.0,-373.5718,1285.0
14:28:49,6477.16,6415.0,-542.5678,924.0
14:28:49,6477.16,6420.0,-668.6037,1681.0
14:28:49,6477.16,6425.0,-926.2213,1221.0
14:28:49,6477.16,6430.0,-506.3479,1394.0
14:28:49,6477.16,6435.0,-234.0179,877.0
14:28:49,6477.16,6440.0,-571.7443,1757.0
14:28:49,6477.16,6445.0,-169.0266,954.0
14:28:49,6477.16,6450.0,-555.797,2762.0
14:28:49,6477.16,6455.0,-39.3088,1028.0
14:28:49,6477.16,6460.0,-362.3186,1696.0
14:28:49,6477.16,6465.0,-196.4597,928.0
14:28:49,6477.16,6470.0,-618.7653,2325.0
14:28:49,6477.16,6475.0,-481.9838,2025.0
14:28:49,6477.16,6480.0,-336.4723,2252.0
14:28:49,6477.16,6485.0,-242.3058,828.0
14:28:49,6477.16,6490.0,-556.7025,998.0
14:28:49,6477.16,6495.0,-141.7947,899.0
14:28:49,6477.16,6500.0,-791.6645,3868.0
14:28:49,6477.16,6505.0,-154.0662,1139.0
14:28:49,6477.16,6510.0,-223.6925,1268.0
14:28:49,6477.16,6515.0,-14.4599,777.0
14:28:49,6477.16,6520.0,-66.5475,1486.0
14:28:49,6477.16,6525.0,-144.1488,739.0
14:28:49,6477.16,6530.0,25.5706,1234.0
14:28:49,6477.16,6535.0,-25.2571,1351.0
14:28:49,6477.16,6540.0,21.8177,977.0
14:28:49,6477.16,6545.0,95.0136,1813.0
14:28:49,6477.16,6550.0,49.4177,2264.0
14:30:58,6447.41,6375.0,-505.9855,97.0
14:30:58,6447.41,6380.0,-543.9162,194.0
14:30:58,6447.41,6385.0,-324.09,140.0
14:30:58,6447.41,6390.0,-521.7496,282.0
14:30:58,6447.41,6395.0,-608.4505,242.0
14:30:58,6447.41,6400.0,-2030.6013,483.0
14:30:58,6447.41,6405.0,-341.1604,84.0
14:30:58,6447.41,6410.0,-586.3426,216.0
14:30:58,6447.41,6415.0,-866.6438,70.0
14:30:58,6447.41,6420.0,-1055.6106,198.0
14:30:58,6447.41,6425.0,-1511.8328,118.0
14:30:58,6447.41,6430.0,-827.9535,91.0
14:30:58,6447.41,6435.0,-380.9907,184.0
14:30:58,6447.41,6440.0,-897.5873,196.0
14:30:58,6447.41,6445.0,-262.4969,135.0
14:30:58,6447.41,6450.0,-861.7659,602.0
14:30:58,6447.41,6455.0,-58.0172,101.0
14:30:58,6447.41,6460.0,-544.104,128.0
14:30:58,6447.41,6465.0,-287.8608,97.0
14:30:58,6447.41,6470.0,-868.7166,158.0
14:30:58,6447.41,6475.0,-659.0389,230.0
14:30:58,6447.41,6480.0,-436.5302,129.0
14:30:58,6447.41,6485.0,-302.3912,113.0
14:30:58,6447.41,6490.0,-658.7766,98.0
14:30:58,6447.41,6495.0,-158.83,129.0
14:30:58,6447.41,6500.0,-835.0678,351.0
14:30:58,6447.41,6505.0,-152.4933,104.0
14:30:58,6447.41,6510.0,-204.7982,119.0
14:30:58,6447.41,6515.0,-12.5717,84.0
14:30:58,6447.41,6520.0,-53.0519,163.0
14:33:08,6436.87,6365.0,-69.876,1062.0
14:33:08,6436.87,6370.0,-158.3992,1039.0
14:33:08,6436.87,6375.0,-586.8276,857.0
14:33:08,6436.87,6380.0,-632.5585,755.0
14:33:08,6436.87,6385.0,-372.2377,625.0
14:33:08,6436.87,6390.0,-583.4208,772.0
14:33:08,6436.87,6395.0,-682.53,914.0
14:33:08,6436.87,6400.0,-2013.6914,1491.0
14:33:08,6436.87,6405.0,-379.3989,425.0
14:33:08,6436.87,6410.0,-654.2996,562.0
14:33:08,6436.87,6415.0,-937.1645,358.0
14:33:08,6436.87,6420.0,-1130.5343,549.0
14:33:08,6436.87,6425.0,-1610.8198,536.0
14:33:08,6436.87,6430.0,-862.9807,572.0
14:33:08,6436.87,6435.0,-390.0171,967.0
14:33:08,6436.87,6440.0,-906.2974,1044.0
14:33:08,6436.87,6445.0,-261.7399,630.0
14:33:08,6436.87,6450.0,-860.9174,1484.0
14:33:08,6436.87,6455.0,-57.7684,682.0
14:33:08,6436.87,6460.0,-517.7005,541.0
14:33:08,6436.87,6465.0,-266.3541,298.0
14:33:08,6436.87,6470.0,-808.408,599.0
14:33:08,6436.87,6475.0,-584.5051,940.0
14:33:08,6436.87,6480.0,-393.7407,795.0
14:33:08,6436.87,6485.0,-264.8344,485.0
14:33:08,6436.87,6490.0,-572.3049,418.0
14:33:08,6436.87,6495.0,-136.8013,483.0
14:33:08,6436.87,6500.0,-711.6252,1598.0
14:33:08,6436.87,6505.0,-131.7679,738.0
14:33:08,6436.87,6510.0,-174.3588,357.0
14:35:18,6427.64,6355.0,-355.241,1186.0
14:35:18,6427.64,6360.0,-414.45,1980.0
14:35:18,6427.64,6365.0,-308.4765,1828.0
14:35:18,6427.64,6370.0,-523.4448,1615.0
14:35:18,6427.64,6375.0,-678.8715,1406.0
14:35:18,6427.64,6380.0,-630.7457,1308.0
14:35:18,6427.64,6385.0,-420.7886,1090.0
14:35:18,6427.64,6390.0,-662.0625,1111.0
14:35:18,6427.64,6395.0,-763.4274,1180.0
14:35:18,6427.64,6400.0,-2515.3603,2359.0
14:35:18,6427.64,6405.0,-412.2426,685.0
14:35:18,6427.64,6410.0,-707.6432,746.0
14:35:18,6427.64,6415.0,-1003.153,843.0
14:35:18,6427.64,6420.0,-1195.3465,1164.0
14:35:18,6427.64,6425.0,-1666.9469,1117.0
14:35:18,6427.64,6430.0,-885.7328,1373.0
14:35:18,6427.64,6435.0,-394.5824,1788.0
14:35:18,6427.64,6440.0,-903.9803,1928.0
14:35:18,6427.64,6445.0,-261.2649,1074.0
14:35:18,6427.64,6450.0,-823.0702,2201.0
14:35:18,6427.64,6455.0,-55.0128,1026.0
14:35:18,6427.64,6460.0,-486.1444,852.0
14:35:18,6427.64,6465.0,-247.8448,681.0
14:35:18,6427.64,6470.0,-732.6856,1143.0
14:35:18,6427.64,6475.0,-598.4228,1582.0
14:35:18,6427.64,6480.0,-392.6123,1242.0
14:35:18,6427.64,6485.0,-235.2894,759.0
14:35:18,6427.64,6490.0,-519.2585,836.0
14:35:18,6427.64,6495.0,-123.0618,870.0
14:35:18,6427.64,6500.0,-594.4124,3317.0
14:37:27,6427.36,6355.0,-363.1848,1502.0
14:37:27,6427.36,6360.0,-422.2372,2944.0
14:37:27,6427.36,6365.0,-313.6909,2515.0
14:37:27,6427.36,6370.0,-541.1426,1921.0
14:37:27,6427.36,6375.0,-678.8123,1940.0
14:37:27,6427.36,6380.0,-630.6907,1746.0
14:37:27,6427.36,6385.0,-420.752,1407.0
14:37:27,6427.36,6390.0,-662.0048,1526.0
14:37:27,6427.36,6395.0,-763.3609,1518.0
14:37:27,6427.36,6400.0,-2515.1411,3285.0
14:37:27,6427.36,6405.0,-412.2066,1105.0
14:37:27,6427.36,6410.0,-707.5816,1132.0
14:37:27,6427.36,6415.0,-1003.0656,1349.0
14:37:27,6427.36,6420.0,-1195.2423,1858.0
14:37:27,6427.36,6425.0,-1666.8017,1948.0
14:37:27,6427.36,6430.0,-886.4799,2157.0
14:37:27,6427.36,6435.0,-394.548,2204.0
14:37:27,6427.36,6440.0,-903.9757,2519.0
14:37:27,6427.36,6445.0,-256.8059,1409.0
14:37:27,6427.36,6450.0,-819.4193,2918.0
14:37:27,6427.36,6455.0,-55.008,1346.0
14:37:27,6427.36,6460.0,-486.102,1234.0
14:37:27,6427.36,6465.0,-247.8232,880.0
14:37:27,6427.36,6470.0,-732.6218,1515.0
14:37:27,6427.36,6475.0,-598.3707,2272.0
14:37:27,6427.36,6480.0,-392.5781,1770.0
14:37:27,6427.36,6485.0,-219.9319,1362.0
14:37:27,6427.36,6490.0,-476.9114,1145.0
14:37:27,6427.36,6495.0,-112.0367,1387.0
14:37:27,6427.36,6500.0,-597.4543,4481.0
14:39:37,6436.81,6365.0,-314.614,2703.0
14:39:37,6436.81,6370.0,-542.735,2208.0
14:39:37,6436.81,6375.0,-615.6691,2291.0
14:39:37,6436.81,6380.0,-661.4713,2181.0
14:39:37,6436.81,6385.0,-380.2762,1661.0
14:39:37,6436.81,6390.0,-613.7795,2001.0
14:39:37,6436.81,6395.0,-714.2198,1932.0
14:39:37,6436.81,6400.0,-2399.9896,4181.0
14:39:37,6436.81,6405.0,-400.307,1292.0
14:39:37,6436.81,6410.0,-694.2202,1507.0
14:39:37,6436.81,6415.0,-1013.3746,1727.0
14:39:37,6436.81,6420.0,-1205.254,2404.0
14:39:37,6436.81,6425.0,-1689.9616,2780.0
14:39:37,6436.81,6430.0,-905.4122,2987.0
14:39:37,6436.81,6435.0,-408.9849,2858.0
14:39:37,6436.81,6440.0,-946.5366,3153.0
14:39:37,6436.81,6445.0,-255.2821,1785.0
14:39:37,6436.81,6450.0,-821.8306,3463.0
14:39:37,6436.81,6455.0,-55.2284,1558.0
14:39:37,6436.81,6460.0,-484.3024,1475.0
14:39:37,6436.81,6465.0,-270.2605,1154.0
14:39:37,6436.81,6470.0,-813.848,1880.0
14:39:37,6436.81,6475.0,-599.1878,2668.0
14:39:37,6436.81,6480.0,-395.6758,2242.0
14:39:37,6436.81,6485.0,-262.7024,1663.0
14:39:37,6436.81,6490.0,-561.0948,1566.0
14:39:37,6436.81,6495.0,-133.413,1642.0
14:39:37,6436.81,6500.0,-588.8167,5304.0
14:39:37,6436.81,6505.0,-131.7654,6868.0
14:39:37,6436.81,6510.0,-174.3555,1692.0
14:41:47,6431.84,6360.0,-423.7341,3744.0
14:41:47,6431.84,6365.0,-277.7075,3037.0
14:41:47,6431.84,6370.0,-479.7944,2648.0
14:41:47,6431.84,6375.0,-629.5886,2746.0
14:41:47,6431.84,6380.0,-672.1013,2567.0
14:41:47,6431.84,6385.0,-397.6816,2006.0
14:41:47,6431.84,6390.0,-644.8047,2298.0
14:41:47,6431.84,6395.0,-746.7343,2238.0
14:41:47,6431.84,6400.0,-2473.933,4892.0
14:41:47,6431.84,6405.0,-411.6615,1436.0
14:41:47,6431.84,6410.0,-714.5828,1797.0
14:41:47,6431.84,6415.0,-1030.7117,2021.0
14:41:47,6431.84,6420.0,-1236.0651,2846.0
14:41:47,6431.84,6425.0,-1753.1064,3207.0
14:41:47,6431.84,6430.0,-938.7319,3662.0
14:41:47,6431.84,6435.0,-408.3536,3625.0
14:41:47,6431.84,6440.0,-975.9718,3896.0
14:41:47,6431.84,6445.0,-253.7683,2375.0
14:41:47,6431.84,6450.0,-911.826,4545.0
14:41:47,6431.84,6455.0,-60.2566,1961.0
14:41:47,6431.84,6460.0,-532.5163,1837.0
14:41:47,6431.84,6465.0,-275.6297,1331.0
14:41:47,6431.84,6470.0,-804.1622,2277.0
14:41:47,6431.84,6475.0,-592.3941,3387.0
14:41:47,6431.84,6480.0,-386.4514,2816.0
14:41:47,6431.84,6485.0,-257.9702,2054.0
14:41:47,6431.84,6490.0,-543.5521,2211.0
14:41:47,6431.84,6495.0,-129.3105,1975.0
14:41:47,6431.84,6500.0,-658.2789,6392.0
14:41:47,6431.84,6505.0,-125.6987,7220.0
14:43:57,6435.2,6365.0,-279.9545,6316.0
14:43:57,6435.2,6370.0,-462.5234,2847.0
14:43:57,6435.2,6375.0,-609.7322,6203.0
14:43:57,6435.2,6380.0,-657.6024,2792.0
14:43:57,6435.2,6385.0,-398.0972,2217.0
14:43:57,6435.2,6390.0,-645.4786,2534.0
14:43:57,6435.2,6395.0,-747.5147,2524.0
14:43:57,6435.2,6400.0,-2476.5185,5343.0
14:43:57,6435.2,6405.0,-412.0918,1630.0
14:43:57,6435.2,6410.0,-715.3296,2106.0
14:43:57,6435.2,6415.0,-1031.7889,2230.0
14:43:57,6435.2,6420.0,-1237.3569,3266.0
14:43:57,6435.2,6425.0,-1754.3098,3610.0
14:43:57,6435.2,6430.0,-948.7974,4352.0
14:43:57,6435.2,6435.0,-429.1812,4545.0
14:43:57,6435.2,6440.0,-991.6417,4244.0
14:43:57,6435.2,6445.0,-284.3501,2767.0
14:43:57,6435.2,6450.0,-916.2259,5224.0
14:43:57,6435.2,6455.0,-60.3195,2124.0
14:43:57,6435.2,6460.0,-533.0728,2158.0
14:43:57,6435.2,6465.0,-275.9178,1613.0
14:43:57,6435.2,6470.0,-805.0026,2522.0
14:43:57,6435.2,6475.0,-593.0132,3909.0
14:43:57,6435.2,6480.0,-386.8553,3308.0
14:43:57,6435.2,6485.0,-258.2397,2276.0
14:43:57,6435.2,6490.0,-544.1202,2599.0
14:43:57,6435.2,6495.0,-133.7984,2109.0
14:43:57,6435.2,6500.0,-701.5115,7372.0
14:43:57,6435.2,6505.0,-117.7616,7435.0
14:43:57,6435.2,6510.0,-157.4348,2164.0
14:46:06,6442.68,6370.0,-411.6286,3122.0
14:46:06,6442.68,6375.0,-547.0354,6883.0
14:46:06,6442.68,6380.0,-594.6293,3198.0
14:46:06,6442.68,6385.0,-356.0032,2568.0
14:46:06,6442.68,6390.0,-633.8938,3885.0
14:46:06,6442.68,6395.0,-682.2914,3094.0
14:46:06,6442.68,6400.0,-2310.3275,7180.0
14:46:06,6442.68,6405.0,-382.9152,1930.0
14:46:06,6442.68,6410.0,-674.0094,2456.0
14:46:06,6442.68,6415.0,-985.634,2499.0
14:46:06,6442.68,6420.0,-1218.1785,3671.0
14:46:06,6442.68,6425.0,-1741.1286,4265.0
14:46:06,6442.68,6430.0,-946.6394,5221.0
14:46:06,6442.68,6435.0,-430.874,5794.0
14:46:06,6442.68,6440.0,-1009.7718,5312.0
14:46:06,6442.68,6445.0,-292.8945,3198.0
14:46:06,6442.68,6450.0,-954.8178,5852.0
14:46:06,6442.68,6455.0,-65.0633,2437.0
14:46:06,6442.68,6460.0,-579.6162,2770.0
14:46:06,6442.68,6465.0,-300.8538,1816.0
14:46:06,6442.68,6470.0,-899.4116,3175.0
14:46:06,6442.68,6475.0,-671.2438,4616.0
14:46:06,6442.68,6480.0,-436.5547,3725.0
14:46:06,6442.68,6485.0,-294.4713,2656.0
14:46:06,6442.68,6490.0,-627.8939,3328.0
14:46:06,6442.68,6495.0,-115.8594,2656.0
14:46:06,6442.68,6500.0,-690.4154,8273.0
14:46:06,6442.68,6505.0,-139.0928,7739.0
14:46:06,6442.68,6510.0,-187.1218,2817.0
14:46:06,6442.68,6515.0,-12.5533,1872.0
14:48:16,6445.05,6375.0,-547.4379,7325.0
14:48:16,6445.05,6380.0,-595.0669,3602.0
14:48:16,6445.05,6385.0,-335.2923,2784.0
14:48:16,6445.05,6390.0,-549.87,4224.0
14:48:16,6445.05,6395.0,-647.9438,3519.0
14:48:16,6445.05,6400.0,-2193.2526,8146.0
14:48:16,6445.05,6405.0,-375.6803,2184.0
14:48:16,6445.05,6410.0,-674.5053,2743.0
14:48:16,6445.05,6415.0,-986.3593,2660.0
14:48:16,6445.05,6420.0,-1219.0749,3961.0
14:48:16,6445.05,6425.0,-1742.4098,4631.0
14:48:16,6445.05,6430.0,-947.336,5959.0
14:48:16,6445.05,6435.0,-431.191,6367.0
14:48:16,6445.05,6440.0,-1022.6974,6512.0
14:48:16,6445.05,6445.0,-297.413,4006.0
14:48:16,6445.05,6450.0,-975.3834,6712.0
14:48:16,6445.05,6455.0,-58.6932,2876.0
14:48:16,6445.05,6460.0,-580.0427,3147.0
14:48:16,6445.05,6465.0,-301.0751,2071.0
14:48:16,6445.05,6470.0,-900.0734,3878.0
14:48:16,6445.05,6475.0,-671.7377,4931.0
14:48:16,6445.05,6480.0,-436.876,4208.0
14:48:16,6445.05,6485.0,-313.5013,3049.0
14:48:16,6445.05,6490.0,-670.1494,3643.0
14:48:16,6445.05,6495.0,-159.2441,2970.0
14:48:16,6445.05,6500.0,-824.2346,9347.0
14:48:16,6445.05,6505.0,-148.094,8071.0
14:48:16,6445.05,6510.0,-187.2595,3217.0
14:48:16,6445.05,6515.0,-11.2761,2094.0
14:48:16,6445.05,6520.0,-53.0131,3617.0
14:50:26,6443.69,6370.0,-411.7577,3969.0
14:50:26,6443.69,6375.0,-547.2069,7689.0
14:50:26,6443.69,6380.0,-594.8158,3925.0
14:50:26,6443.69,6385.0,-342.1797,3202.0
14:50:26,6443.69,6390.0,-549.6064,4666.0
14:50:26,6443.69,6395.0,-647.6704,3939.0
14:50:26,6443.69,6400.0,-2192.3271,8816.0
14:50:26,6443.69,6405.0,-375.5217,2452.0
14:50:26,6443.69,6410.0,-674.2207,3096.0
14:50:26,6443.69,6415.0,-985.9431,2859.0
14:50:26,6443.69,6420.0,-1218.5604,4362.0
14:50:26,6443.69,6425.0,-1741.6745,5032.0
14:50:26,6443.69,6430.0,-946.9363,6387.0
14:50:26,6443.69,6435.0,-441.2202,6717.0
14:50:26,6443.69,6440.0,-1045.694,7123.0
14:50:26,6443.69,6445.0,-296.3631,4635.0
14:50:26,6443.69,6450.0,-998.4032,7595.0
14:50:26,6443.69,6455.0,-58.6684,3177.0
14:50:26,6443.69,6460.0,-579.7979,3458.0
14:50:26,6443.69,6465.0,-300.9481,2273.0
14:50:26,6443.69,6470.0,-899.6936,4218.0
14:50:26,6443.69,6475.0,-671.4542,5320.0
14:50:26,6443.69,6480.0,-436.6916,4636.0
14:50:26,6443.69,6485.0,-313.369,3446.0
14:50:26,6443.69,6490.0,-669.8666,3970.0
14:50:26,6443.69,6495.0,-159.1769,3275.0
14:50:26,6443.69,6500.0,-822.8684,10389.0
14:50:26,6443.69,6505.0,-147.7207,8439.0
14:50:26,6443.69,6510.0,-187.1805,3448.0
14:50:26,6443.69,6515.0,-12.2307,2204.0
14:52:35,6430.64,6360.0,-380.7398,5935.0
14:52:35,6430.64,6365.0,-290.2164,7459.0
14:52:35,6430.64,6370.0,-381.6371,4509.0
14:52:35,6430.64,6375.0,-651.1339,8362.0
14:52:35,6430.64,6380.0,-700.5112,4497.0
14:52:35,6430.64,6385.0,-412.6588,3528.0
14:52:35,6430.64,6390.0,-668.6881,5070.0
14:52:35,6430.64,6395.0,-788.8583,4370.0
14:52:35,6430.64,6400.0,-2615.6719,9894.0
14:52:35,6430.64,6405.0,-435.557,2735.0
14:52:35,6430.64,6410.0,-760.1031,3478.0
14:52:35,6430.64,6415.0,-1088.2356,3220.0
14:52:35,6430.64,6420.0,-1313.7144,4957.0
14:52:35,6430.64,6425.0,-1850.5805,5951.0
14:52:35,6430.64,6430.0,-988.6236,7688.0
14:52:35,6430.64,6435.0,-444.5949,7600.0
14:52:35,6430.64,6440.0,-1040.9067,8156.0
14:52:35,6430.64,6445.0,-288.3078,5612.0
14:52:35,6430.64,6450.0,-1007.472,8442.0
14:52:35,6430.64,6455.0,-62.3398,3669.0
14:52:35,6430.64,6460.0,-538.4712,3838.0
14:52:35,6430.64,6465.0,-273.5034,2480.0
14:52:35,6430.64,6470.0,-800.7716,4538.0
14:52:35,6430.64,6475.0,-584.8738,5805.0
14:52:35,6430.64,6480.0,-377.7442,5003.0
14:52:35,6430.64,6485.0,-244.9229,3799.0
14:52:35,6430.64,6490.0,-707.3548,4477.0
14:52:35,6430.64,6495.0,-123.0854,3691.0
14:52:35,6430.64,6500.0,-617.4703,11098.0
14:52:35,6430.64,6505.0,-108.2415,8639.0
14:54:45,6424.88,6350.0,-1168.3676,10296.0
14:54:45,6424.88,6355.0,-341.6345,4498.0
14:54:45,6424.88,6360.0,-405.3033,6513.0
14:54:45,6424.88,6365.0,-302.7853,7721.0
14:54:45,6424.88,6370.0,-489.2355,4846.0
14:54:45,6424.88,6375.0,-649.968,8828.0
14:54:45,6424.88,6380.0,-699.2568,5233.0
14:54:45,6424.88,6385.0,-411.9199,3847.0
14:54:45,6424.88,6390.0,-667.4908,5510.0
14:54:45,6424.88,6395.0,-787.4457,4690.0
14:54:45,6424.88,6400.0,-2610.9883,10733.0
14:54:45,6424.88,6405.0,-434.7771,2994.0
14:54:45,6424.88,6410.0,-758.7421,3845.0
14:54:45,6424.88,6415.0,-1115.7774,3550.0
14:54:45,6424.88,6420.0,-1306.7361,5617.0
14:54:45,6424.88,6425.0,-1846.8042,6931.0
14:54:45,6424.88,6430.0,-984.8316,8590.0
14:54:45,6424.88,6435.0,-444.1059,8076.0
14:54:45,6424.88,6440.0,-1017.637,8696.0
14:54:45,6424.88,6445.0,-289.6386,6382.0
14:54:45,6424.88,6450.0,-927.3905,9138.0
14:54:45,6424.88,6455.0,-62.2282,4081.0
14:54:45,6424.88,6460.0,-537.507,4143.0
14:54:45,6424.88,6465.0,-273.0136,2717.0
14:54:45,6424.88,6470.0,-799.3378,5118.0
14:54:45,6424.88,6475.0,-583.8265,6141.0
14:54:45,6424.88,6480.0,-377.0678,5369.0
14:54:45,6424.88,6485.0,-238.0688,4061.0
14:54:45,6424.88,6490.0,-499.8081,4759.0
14:54:45,6424.88,6495.0,-116.9785,3843.0
14:56:55,6413.0,6340.0,-358.367,8365.0
14:56:55,6413.0,6345.0,-397.6206,5692.0
14:56:55,6413.0,6350.0,-1507.6344,11836.0
14:56:55,6413.0,6355.0,-433.8877,5005.0
14:56:55,6413.0,6360.0,-500.7233,7245.0
14:56:55,6413.0,6365.0,-369.1682,8336.0
14:56:55,6413.0,6370.0,-487.428,5684.0
14:56:55,6413.0,6375.0,-647.5665,9631.0
14:56:55,6413.0,6380.0,-696.6733,5855.0
14:56:55,6413.0,6385.0,-410.3979,4383.0
14:56:55,6413.0,6390.0,-665.0246,6273.0
14:56:55,6413.0,6395.0,-784.5364,5345.0
14:56:55,6413.0,6400.0,-2601.3414,12185.0
14:56:55,6413.0,6405.0,-477.6269,3455.0
14:56:55,6413.0,6410.0,-807.1219,4673.0
14:56:55,6413.0,6415.0,-1124.8956,4369.0
14:56:55,6413.0,6420.0,-1310.7659,6825.0
14:56:55,6413.0,6425.0,-1842.8918,7963.0
14:56:55,6413.0,6430.0,-981.193,9569.0
14:56:55,6413.0,6435.0,-442.4651,8623.0
14:56:55,6413.0,6440.0,-1016.8904,9342.0
14:56:55,6413.0,6445.0,-249.3765,6856.0
14:56:55,6413.0,6450.0,-781.1898,10170.0
14:56:55,6413.0,6455.0,-61.9983,4788.0
14:56:55,6413.0,6460.0,-424.5746,4625.0
14:56:55,6413.0,6465.0,-219.0222,3054.0
14:56:55,6413.0,6470.0,-809.7562,5752.0
14:56:55,6413.0,6475.0,-581.6695,6551.0
14:56:55,6413.0,6480.0,-290.9753,5814.0
14:56:55,6413.0,6485.0,-187.5096,4423.0
14:59:04,6411.09,6340.0,-370.8111,9034.0
14:59:04,6411.09,6345.0,-411.0107,6019.0
14:59:04,6411.09,6350.0,-1496.1047,12714.0
14:59:04,6411.09,6355.0,-433.6293,5318.0
14:59:04,6411.09,6360.0,-510.9662,7848.0
14:59:04,6411.09,6365.0,-368.9483,8677.0
14:59:04,6411.09,6370.0,-656.7909,6201.0
14:59:04,6411.09,6375.0,-849.6276,10008.0
14:59:04,6411.09,6380.0,-893.8095,6309.0
14:59:04,6411.09,6385.0,-516.7662,4961.0
14:59:04,6411.09,6390.0,-814.6341,6774.0
14:59:04,6411.09,6395.0,-915.3685,5924.0
14:59:04,6411.09,6400.0,-2955.9742,13479.0
14:59:04,6411.09,6405.0,-480.588,4045.0
14:59:04,6411.09,6410.0,-807.684,5580.0
14:59:04,6411.09,6415.0,-1122.3912,5369.0
14:59:04,6411.09,6420.0,-1310.2316,7870.0
14:59:04,6411.09,6425.0,-1787.6677,8649.0
14:59:04,6411.09,6430.0,-924.4422,10230.0
14:59:04,6411.09,6435.0,-402.0118,9091.0
14:59:04,6411.09,6440.0,-893.0104,9687.0
14:59:04,6411.09,6445.0,-244.1894,7151.0
14:59:04,6411.09,6450.0,-784.6224,10796.0
14:59:04,6411.09,6455.0,-49.4039,5165.0
14:59:04,6411.09,6460.0,-439.9558,5162.0
14:59:04,6411.09,6465.0,-218.8917,3397.0
14:59:04,6411.09,6470.0,-624.2623,6070.0
14:59:04,6411.09,6475.0,-445.7067,6875.0
14:59:04,6411.09,6480.0,-285.2364,6305.0
14:59:04,6411.09,6485.0,-189.619,4679.0
15:01:14,6420.66,6350.0,-1500.5746,14559.0
15:01:14,6420.66,6355.0,-434.9248,5709.0
15:01:14,6420.66,6360.0,-450.7917,8420.0
15:01:14,6420.66,6365.0,-336.4077,8964.0
15:01:14,6420.66,6370.0,-570.8795,6776.0
15:01:14,6420.66,6375.0,-750.8776,10562.0
15:01:14,6420.66,6380.0,-812.523,6783.0
15:01:14,6420.66,6385.0,-518.3101,5266.0
15:01:14,6420.66,6390.0,-817.0679,7173.0
15:01:14,6420.66,6395.0,-918.1033,6331.0
15:01:14,6420.66,6400.0,-2964.8057,14899.0
15:01:14,6420.66,6405.0,-482.0239,4503.0
15:01:14,6420.66,6410.0,-810.0971,6444.0
15:01:14,6420.66,6415.0,-1146.1589,6338.0
15:01:14,6420.66,6420.0,-1354.3374,8742.0
15:01:14,6420.66,6425.0,-1869.2754,9219.0
15:01:14,6420.66,6430.0,-927.2041,10697.0
15:01:14,6420.66,6435.0,-403.2129,9672.0
15:01:14,6420.66,6440.0,-895.6785,9978.0
15:01:14,6420.66,6445.0,-245.6042,7579.0
15:01:14,6420.66,6450.0,-763.5795,11589.0
15:01:14,6420.66,6455.0,-49.5515,5597.0
15:01:14,6420.66,6460.0,-422.5491,5956.0
15:01:14,6420.66,6465.0,-241.4283,3986.0
15:01:14,6420.66,6470.0,-700.787,6710.0
15:01:14,6420.66,6475.0,-503.563,7517.0
15:01:14,6420.66,6480.0,-324.51,6922.0
15:01:14,6420.66,6485.0,-190.1856,5167.0
15:01:14,6420.66,6490.0,-499.1517,5959.0
15:01:14,6420.66,6495.0,-116.8249,5082.0
15:03:24,6420.1,6350.0,-1330.0018,15746.0
15:03:24,6420.1,6355.0,-387.7406,5945.0
15:03:24,6420.1,6360.0,-458.3873,8752.0
15:03:24,6420.1,6365.0,-340.5805,9196.0
15:03:24,6420.1,6370.0,-581.0152,7207.0
15:03:24,6420.1,6375.0,-764.443,10986.0
15:03:24,6420.1,6380.0,-813.2055,7105.0
15:03:24,6420.1,6385.0,-476.3073,5570.0
15:03:24,6420.1,6390.0,-816.9254,7516.0
15:03:24,6420.1,6395.0,-917.9432,6719.0
15:03:24,6420.1,6400.0,-2964.2886,16037.0
15:03:24,6420.1,6405.0,-481.9398,4839.0
15:03:24,6420.1,6410.0,-809.9558,7096.0
15:03:24,6420.1,6415.0,-1128.5422,8135.0
15:03:24,6420.1,6420.0,-1334.4202,10379.0
15:03:24,6420.1,6425.0,-1841.0682,9754.0
15:03:24,6420.1,6430.0,-927.0424,11408.0
15:03:24,6420.1,6435.0,-403.1425,9945.0
15:03:24,6420.1,6440.0,-893.7664,10328.0
15:03:24,6420.1,6445.0,-269.472,8075.0
15:03:24,6420.1,6450.0,-846.6198,12025.0
15:03:24,6420.1,6455.0,-49.5429,5982.0
15:03:24,6420.1,6460.0,-470.7628,6345.0
15:03:24,6420.1,6465.0,-233.1944,4758.0
15:03:24,6420.1,6470.0,-685.3225,7011.0
15:03:24,6420.1,6475.0,-494.0301,8032.0
15:03:24,6420.1,6480.0,-319.6746,7158.0
15:03:24,6420.1,6485.0,-221.9617,5545.0
15:03:24,6420.1,6490.0,-449.6682,6100.0
15:03:24,6420.1,6495.0,-100.3883,5310.0
15:05:33,6416.98,6345.0,-411.7662,6748.0
15:05:33,6416.98,6350.0,-1363.9717,15973.0
15:05:33,6416.98,6355.0,-396.5232,6089.0
15:05:33,6416.98,6360.0,-467.5768,8976.0
15:05:33,6416.98,6365.0,-340.2495,9313.0
15:05:33,6416.98,6370.0,-580.4506,7435.0
15:05:33,6416.98,6375.0,-775.4196,11295.0
15:05:33,6416.98,6380.0,-826.6742,7279.0
15:05:33,6416.98,6385.0,-488.8838,5769.0
15:05:33,6416.98,6390.0,-780.7382,7715.0
15:05:33,6416.98,6395.0,-891.4368,6876.0
15:05:33,6416.98,6400.0,-2942.5904,16573.0
15:05:33,6416.98,6405.0,-483.0648,5049.0
15:05:33,6416.98,6410.0,-822.4909,7383.0
15:05:33,6416.98,6415.0,-1158.0074,8704.0
15:05:33,6416.98,6420.0,-1364.3706,11065.0
15:05:33,6416.98,6425.0,-1877.2571,10255.0
15:05:33,6416.98,6430.0,-979.1415,11868.0
15:05:33,6416.98,6435.0,-428.872,10272.0
15:05:33,6416.98,6440.0,-960.7312,10464.0
15:05:33,6416.98,6445.0,-268.6893,8291.0
15:05:33,6416.98,6450.0,-848.6511,12335.0
15:05:33,6416.98,6455.0,-55.0899,6214.0
15:05:33,6416.98,6460.0,-472.8832,6979.0
15:05:33,6416.98,6465.0,-232.9678,5148.0
15:05:33,6416.98,6470.0,-681.6224,7453.0
15:05:33,6416.98,6475.0,-488.0799,8594.0
15:05:33,6416.98,6480.0,-313.6508,7567.0
15:05:33,6416.98,6485.0,-207.1003,5973.0
15:05:33,6416.98,6490.0,-434.4886,6279.0
15:07:43,6417.68,6345.0,-380.5962,6950.0
15:07:43,6417.68,6350.0,-1364.2693,16462.0
15:07:43,6417.68,6355.0,-396.6097,6208.0
15:07:43,6417.68,6360.0,-481.0381,9151.0
15:07:43,6417.68,6365.0,-356.0007,9442.0
15:07:43,6417.68,6370.0,-609.9372,7741.0
15:07:43,6417.68,6375.0,-803.7814,11523.0
15:07:43,6417.68,6380.0,-855.2268,7503.0
15:07:43,6417.68,6385.0,-488.9904,5943.0
15:07:43,6417.68,6390.0,-780.9085,8003.0
15:07:43,6417.68,6395.0,-891.6313,7052.0
15:07:43,6417.68,6400.0,-2981.8701,17533.0
15:07:43,6417.68,6405.0,-490.05,5308.0
15:07:43,6417.68,6410.0,-822.6703,7941.0
15:07:43,6417.68,6415.0,-1174.6533,9437.0
15:07:43,6417.68,6420.0,-1379.3587,11894.0
15:07:43,6417.68,6425.0,-1889.1811,10595.0
15:07:43,6417.68,6430.0,-983.3897,12161.0
15:07:43,6417.68,6435.0,-430.771,10464.0
15:07:43,6417.68,6440.0,-960.9408,10691.0
15:07:43,6417.68,6445.0,-268.8185,8627.0
15:07:43,6417.68,6450.0,-831.7593,12990.0
15:07:43,6417.68,6455.0,-55.102,6454.0
15:07:43,6417.68,6460.0,-464.7684,7752.0
15:07:43,6417.68,6465.0,-231.2143,5682.0
15:07:43,6417.68,6470.0,-675.6994,7806.0
15:07:43,6417.68,6475.0,-479.3949,9021.0
15:07:43,6417.68,6480.0,-313.7192,7959.0
15:07:43,6417.68,6485.0,-207.1455,6339.0
15:07:43,6417.68,6490.0,-434.5834,6609.0
15:09:53,6411.2,6340.0,-370.8238,10550.0
15:09:53,6411.2,6345.0,-421.8729,7332.0
15:09:53,6411.2,6350.0,-1386.98,16993.0
15:09:53,6411.2,6355.0,-442.0427,6402.0
15:09:53,6411.2,6360.0,-518.3565,9394.0
15:09:53,6411.2,6365.0,-355.2822,9593.0
15:09:53,6411.2,6370.0,-648.184,8078.0
15:09:53,6411.2,6375.0,-843.8786,11850.0
15:09:53,6411.2,6380.0,-890.2358,7780.0
15:09:53,6411.2,6385.0,-524.679,6179.0
15:09:53,6411.2,6390.0,-834.8667,8632.0
15:09:53,6411.2,6395.0,-889.8316,7241.0
15:09:53,6411.2,6400.0,-3045.1163,18675.0
15:09:53,6411.2,6405.0,-488.5423,5660.0
15:09:53,6411.2,6410.0,-839.6578,8334.0
15:09:53,6411.2,6415.0,-1169.5909,10678.0
15:09:53,6411.2,6420.0,-1376.5746,12617.0
15:09:53,6411.2,6425.0,-1858.2739,11019.0
15:09:53,6411.2,6430.0,-982.2936,12498.0
15:09:53,6411.2,6435.0,-417.6292,10623.0
15:09:53,6411.2,6440.0,-928.3457,10977.0
15:09:53,6411.2,6445.0,-268.3106,8840.0
15:09:53,6411.2,6450.0,-834.7303,13993.0
15:09:53,6411.2,6455.0,-69.7785,6772.0
15:09:53,6411.2,6460.0,-469.6688,8176.0
15:09:53,6411.2,6465.0,-216.3825,6048.0
15:09:53,6411.2,6470.0,-674.3355,8141.0
15:09:53,6411.2,6475.0,-478.4273,9516.0
15:09:53,6411.2,6480.0,-313.086,8422.0
15:09:53,6411.2,6485.0,-206.7274,6623.0
15:12:02,6418.27,6345.0,-422.8039,7565.0
15:12:02,6418.27,6350.0,-1346.1478,17398.0
15:12:02,6418.27,6355.0,-400.6431,6589.0
15:12:02,6418.27,6360.0,-468.8392,9905.0
15:12:02,6418.27,6365.0,-348.3461,10013.0
15:12:02,6418.27,6370.0,-598.4093,8284.0
15:12:02,6418.27,6375.0,-790.9865,12252.0
15:12:02,6418.27,6380.0,-845.5234,8224.0
15:12:02,6418.27,6385.0,-487.988,6369.0
15:12:02,6418.27,6390.0,-794.7681,9323.0
15:12:02,6418.27,6395.0,-902.5418,7424.0
15:12:02,6418.27,6400.0,-2962.5945,19881.0
15:12:02,6418.27,6405.0,-486.8737,6003.0
15:12:02,6418.27,6410.0,-841.5107,8949.0
15:12:02,6418.27,6415.0,-1172.1891,11369.0
15:12:02,6418.27,6420.0,-1378.4583,13268.0
15:12:02,6418.27,6425.0,-1862.3746,11431.0
15:12:02,6418.27,6430.0,-986.3514,13069.0
15:12:02,6418.27,6435.0,-434.2643,10827.0
15:12:02,6418.27,6440.0,-977.1603,11229.0
15:12:02,6418.27,6445.0,-270.5016,9075.0
15:12:02,6418.27,6450.0,-836.0935,14418.0
15:12:02,6418.27,6455.0,-54.9356,7048.0
15:12:02,6418.27,6460.0,-469.6673,8518.0
15:12:02,6418.27,6465.0,-234.7256,6261.0
15:12:02,6418.27,6470.0,-683.141,8321.0
15:12:02,6418.27,6475.0,-487.9854,9846.0
15:12:02,6418.27,6480.0,-315.0346,8696.0
15:12:02,6418.27,6485.0,-207.4015,6804.0
15:12:02,6418.27,6490.0,-430.5027,7698.0
15:14:12,6416.99,6345.0,-382.7632,7780.0
15:14:12,6416.99,6350.0,-1345.6109,18494.0
15:14:12,6416.99,6355.0,-406.8244,6738.0
15:14:12,6416.99,6360.0,-483.2815,10257.0
15:14:12,6416.99,6365.0,-354.9666,10343.0
15:14:12,6416.99,6370.0,-601.6871,8601.0
15:14:12,6416.99,6375.0,-786.0794,12642.0
15:14:12,6416.99,6380.0,-860.1097,8969.0
15:14:12,6416.99,6385.0,-505.1989,6698.0
15:14:12,6416.99,6390.0,-808.7898,9596.0
15:14:12,6416.99,6395.0,-922.2551,7631.0
15:14:12,6416.99,6400.0,-3011.7132,20625.0
15:14:12,6416.99,6405.0,-495.8096,6382.0
15:14:12,6416.99,6410.0,-844.7325,9439.0
15:14:12,6416.99,6415.0,-1190.596,12345.0
15:14:12,6416.99,6420.0,-1402.7199,14349.0
15:14:12,6416.99,6425.0,-1888.6505,12299.0
15:14:12,6416.99,6430.0,-1001.5081,13540.0
15:14:12,6416.99,6435.0,-440.3406,11448.0
15:14:12,6416.99,6440.0,-976.7706,11576.0
15:14:12,6416.99,6445.0,-271.8623,9316.0
15:14:12,6416.99,6450.0,-845.1053,14962.0
15:14:12,6416.99,6455.0,-55.0276,7319.0
15:14:12,6416.99,6460.0,-467.893,9291.0
15:14:12,6416.99,6465.0,-238.8976,6702.0
15:14:12,6416.99,6470.0,-682.8396,8829.0
15:14:12,6416.99,6475.0,-484.1356,10186.0
15:14:12,6416.99,6480.0,-303.3794,9252.0
15:14:12,6416.99,6485.0,-197.625,7016.0
15:14:12,6416.99,6490.0,-430.331,8259.0
15:16:22,6424.2,6350.0,-1350.5101,20203.0
15:16:22,6424.2,6355.0,-407.7391,6938.0
15:16:22,6424.2,6360.0,-484.3681,10597.0
15:16:22,6424.2,6365.0,-321.6825,10631.0
15:16:22,6424.2,6370.0,-548.4503,9003.0
15:16:22,6424.2,6375.0,-727.626,12922.0
15:16:22,6424.2,6380.0,-862.0435,9271.0
15:16:22,6424.2,6385.0,-506.3348,9488.0
15:16:22,6424.2,6390.0,-810.6083,9851.0
15:16:22,6424.2,6395.0,-924.3287,7791.0
15:16:22,6424.2,6400.0,-3018.4848,21081.0
15:16:22,6424.2,6405.0,-496.9244,6645.0
15:16:22,6424.2,6410.0,-846.8355,9824.0
15:16:22,6424.2,6415.0,-1193.273,13417.0
15:16:22,6424.2,6420.0,-1413.299,16616.0
15:16:22,6424.2,6425.0,-1958.8272,12938.0
15:16:22,6424.2,6430.0,-1002.3627,13871.0
15:16:22,6424.2,6435.0,-441.3307,11909.0
15:16:22,6424.2,6440.0,-978.7516,11769.0
15:16:22,6424.2,6445.0,-272.4736,9596.0
15:16:22,6424.2,6450.0,-847.0055,15458.0
15:16:22,6424.2,6455.0,-55.1514,7587.0
15:16:22,6424.2,6460.0,-468.9451,9727.0
15:16:22,6424.2,6465.0,-239.4347,7073.0
15:16:22,6424.2,6470.0,-753.8088,9710.0
15:16:22,6424.2,6475.0,-548.7436,10614.0
15:16:22,6424.2,6480.0,-339.9474,9638.0
15:16:22,6424.2,6485.0,-230.876,7352.0
15:16:22,6424.2,6490.0,-405.6487,9084.0
15:16:22,6424.2,6495.0,-100.5165,6777.0
15:18:32,6429.08,6355.0,-329.6517,7248.0
15:18:32,6429.08,6360.0,-485.1043,11133.0
15:18:32,6429.08,6365.0,-322.1714,11860.0
15:18:32,6429.08,6370.0,-489.3048,9333.0
15:18:32,6429.08,6375.0,-652.2585,14401.0
15:18:32,6429.08,6380.0,-787.7539,9652.0
15:18:32,6429.08,6385.0,-427.9859,9856.0
15:18:32,6429.08,6390.0,-707.5789,10335.0
15:18:32,6429.08,6395.0,-815.0153,8133.0
15:18:32,6429.08,6400.0,-2715.364,21995.0
15:18:32,6429.08,6405.0,-457.2566,6941.0
15:18:32,6429.08,6410.0,-794.8288,10303.0
15:18:32,6429.08,6415.0,-1144.3208,13980.0
15:18:32,6429.08,6420.0,-1377.473,17457.0
15:18:32,6429.08,6425.0,-1936.5346,14398.0
15:18:32,6429.08,6430.0,-1035.8469,15048.0
15:18:32,6429.08,6435.0,-464.0134,12527.0
15:18:32,6429.08,6440.0,-1066.3339,12393.0
15:18:32,6429.08,6445.0,-306.4148,10255.0
15:18:32,6429.08,6450.0,-825.1918,16401.0
15:18:32,6429.08,6455.0,-64.171,8124.0
15:18:32,6429.08,6460.0,-555.9911,10406.0
15:18:32,6429.08,6465.0,-280.8705,7865.0
15:18:32,6429.08,6470.0,-813.1436,10176.0
15:18:32,6429.08,6475.0,-549.5776,11265.0
15:18:32,6429.08,6480.0,-340.4641,10250.0
15:18:32,6429.08,6485.0,-253.5386,8051.0
15:18:32,6429.08,6490.0,-528.7007,9561.0
15:18:32,6429.08,6495.0,-118.3769,7120.0
15:18:32,6429.08,6500.0,-617.1707,27051.0
15:20:41,6431.57,6360.0,-391.4548,11379.0
15:20:41,6431.57,6365.0,-284.117,11953.0
15:20:41,6431.57,6370.0,-493.9299,12627.0
15:20:41,6431.57,6375.0,-658.9775,14738.0
15:20:41,6431.57,6380.0,-714.8227,13287.0
15:20:41,6431.57,6385.0,-427.1705,11436.0
15:20:41,6431.57,6390.0,-693.3628,10693.0
15:20:41,6431.57,6395.0,-799.1935,8425.0
15:20:41,6431.57,6400.0,-2672.0046,22621.0
15:20:41,6431.57,6405.0,-457.6109,7180.0
15:20:41,6431.57,6410.0,-795.4446,10552.0
15:20:41,6431.57,6415.0,-1145.2074,14327.0
15:20:41,6431.57,6420.0,-1378.5402,18595.0
15:20:41,6431.57,6425.0,-1929.156,15023.0
15:20:41,6431.57,6430.0,-1032.0604,15719.0
15:20:41,6431.57,6435.0,-463.6027,12932.0
15:20:41,6431.57,6440.0,-1067.2133,13056.0
15:20:41,6431.57,6445.0,-302.1026,10800.0
15:20:41,6431.57,6450.0,-964.1313,16895.0
15:20:41,6431.57,6455.0,-64.2207,8326.0
15:20:41,6431.57,6460.0,-564.2771,11445.0
15:20:41,6431.57,6465.0,-286.5054,8029.0
15:20:41,6431.57,6470.0,-825.3128,11234.0
15:20:41,6431.57,6475.0,-592.6951,11581.0
15:20:41,6431.57,6480.0,-384.4042,10637.0
15:20:41,6431.57,6485.0,-253.1796,8211.0
15:20:41,6431.57,6490.0,-533.7876,10629.0
15:20:41,6431.57,6495.0,-118.4686,7594.0
15:20:41,6431.57,6500.0,-599.6819,27472.0
15:20:41,6431.57,6505.0,-108.2728,12432.0
15:22:51,6422.63,6350.0,-1349.8501,22283.0
15:22:51,6422.63,6355.0,-328.9906,7558.0
15:22:51,6422.63,6360.0,-380.1681,11685.0
15:22:51,6422.63,6365.0,-328.2271,12132.0
15:22:51,6422.63,6370.0,-556.4227,12872.0
15:22:51,6422.63,6375.0,-722.5349,15193.0
15:22:51,6422.63,6380.0,-712.8369,13695.0
15:22:51,6422.63,6385.0,-425.9838,11750.0
15:22:51,6422.63,6390.0,-691.0856,11111.0
15:22:51,6422.63,6395.0,-863.9411,8603.0
15:22:51,6422.63,6400.0,-2850.7459,23205.0
15:22:51,6422.63,6405.0,-476.063,7724.0
15:22:51,6422.63,6410.0,-816.7253,10819.0
15:22:51,6422.63,6415.0,-1162.9845,14645.0
15:22:51,6422.63,6420.0,-1387.9823,19102.0
15:22:51,6422.63,6425.0,-1928.0413,16780.0
15:22:51,6422.63,6430.0,-1029.1933,16472.0
15:22:51,6422.63,6435.0,-450.7777,13450.0
15:22:51,6422.63,6440.0,-1020.8224,13336.0
15:22:51,6422.63,6445.0,-301.744,11467.0
15:22:51,6422.63,6450.0,-970.0597,17455.0
15:22:51,6422.63,6455.0,-59.2862,8644.0
15:22:51,6422.63,6460.0,-562.7095,11744.0
15:22:51,6422.63,6465.0,-285.7095,8236.0
15:22:51,6422.63,6470.0,-752.0506,11554.0
15:22:51,6422.63,6475.0,-528.7424,11960.0
15:22:51,6422.63,6480.0,-342.1214,10892.0
15:22:51,6422.63,6485.0,-252.4762,8391.0
15:22:51,6422.63,6490.0,-531.5202,10814.0
15:22:51,6422.63,6495.0,-118.1395,7845.0
15:25:01,6421.24,6350.0,-1327.0353,22634.0
15:25:01,6421.24,6355.0,-380.2799,7787.0
15:25:01,6421.24,6360.0,-450.3236,11936.0
15:25:01,6421.24,6365.0,-339.3434,12385.0
15:25:01,6421.24,6370.0,-576.4849,13325.0
15:25:01,6421.24,6375.0,-722.2221,15807.0
15:25:01,6421.24,6380.0,-783.4106,14078.0
15:25:01,6421.24,6385.0,-463.1146,12306.0
15:25:01,6421.24,6390.0,-754.8204,11599.0
15:25:01,6421.24,6395.0,-863.5671,8853.0
15:25:01,6421.24,6400.0,-2849.5121,24017.0
15:25:01,6421.24,6405.0,-475.8569,7967.0
15:25:01,6421.24,6410.0,-829.3027,11178.0
15:25:01,6421.24,6415.0,-1179.2708,15462.0
15:25:01,6421.24,6420.0,-1386.9216,20144.0
15:25:01,6421.24,6425.0,-1927.2069,17557.0
15:25:01,6421.24,6430.0,-1013.0097,17243.0
15:25:01,6421.24,6435.0,-450.795,13728.0
15:25:01,6421.24,6440.0,-1021.3493,13570.0
15:25:01,6421.24,6445.0,-285.7757,12044.0
15:25:01,6421.24,6450.0,-983.3133,18260.0
15:25:01,6421.24,6455.0,-59.2605,9030.0
15:25:01,6421.24,6460.0,-512.7815,12142.0
15:25:01,6421.24,6465.0,-257.3889,8403.0
15:25:01,6421.24,6470.0,-702.1739,11927.0
15:25:01,6421.24,6475.0,-510.7181,12353.0
15:25:01,6421.24,6480.0,-325.0574,11363.0
15:25:01,6421.24,6485.0,-212.7448,8633.0
15:25:01,6421.24,6490.0,-452.3885,11187.0
15:25:01,6421.24,6495.0,-101.7096,8070.0
15:27:11,6418.65,6345.0,-382.9613,9512.0
15:27:11,6418.65,6350.0,-1353.4985,23136.0
15:27:11,6418.65,6355.0,-380.2833,8044.0
15:27:11,6418.65,6360.0,-450.444,12112.0
15:27:11,6418.65,6365.0,-348.8617,12484.0
15:27:11,6418.65,6370.0,-576.0199,13481.0
15:27:11,6418.65,6375.0,-790.9123,16398.0
15:27:11,6418.65,6380.0,-846.6532,14560.0
15:27:11,6418.65,6385.0,-499.0223,12618.0
15:27:11,6418.65,6390.0,-802.5964,11815.0
15:27:11,6418.65,6395.0,-921.1289,9031.0
15:27:11,6418.65,6400.0,-3028.7093,24563.0
15:27:11,6418.65,6405.0,-496.096,8155.0
15:27:11,6418.65,6410.0,-852.1206,11414.0
15:27:11,6418.65,6415.0,-1205.7985,15808.0
15:27:11,6418.65,6420.0,-1424.5003,20865.0
15:27:11,6418.65,6425.0,-1972.4141,18050.0
15:27:11,6418.65,6430.0,-1030.3561,17605.0
15:27:11,6418.65,6435.0,-451.3208,13958.0
15:27:11,6418.65,6440.0,-1017.7109,13802.0
15:27:11,6418.65,6445.0,-285.549,12198.0
15:27:11,6418.65,6450.0,-872.071,18775.0
15:27:11,6418.65,6455.0,-57.0885,9146.0
15:27:11,6418.65,6460.0,-485.2375,12411.0
15:27:11,6418.65,6465.0,-248.3971,8565.0
15:27:11,6418.65,6470.0,-703.6736,12124.0
15:27:11,6418.65,6475.0,-489.6717,13010.0
15:27:11,6418.65,6480.0,-309.958,11567.0
15:27:11,6418.65,6485.0,-210.0854,8875.0
15:27:11,6418.65,6490.0,-452.0236,11457.0
15:29:20,6415.52,6345.0,-369.9061,9653.0
15:29:20,6415.52,6350.0,-1341.2559,23440.0
15:29:20,6415.52,6355.0,-394.3581,8227.0
15:29:20,6415.52,6360.0,-486.2144,12254.0
15:29:20,6415.52,6365.0,-348.4376,12794.0
15:29:20,6415.52,6370.0,-575.4583,13772.0
15:29:20,6415.52,6375.0,-790.1411,16784.0
15:29:20,6415.52,6380.0,-845.8277,14862.0
15:29:20,6415.52,6385.0,-498.5357,12820.0
15:29:20,6415.52,6390.0,-801.8138,12151.0
15:29:20,6415.52,6395.0,-920.2307,9196.0
15:29:20,6415.52,6400.0,-3025.7562,25189.0
15:29:20,6415.52,6405.0,-495.6123,8436.0
15:29:20,6415.52,6410.0,-863.045,11768.0
15:29:20,6415.52,6415.0,-1215.5219,16474.0
15:29:20,6415.52,6420.0,-1430.3722,21764.0
15:29:20,6415.52,6425.0,-1966.6021,18722.0
15:29:20,6415.52,6430.0,-1029.3514,18054.0
15:29:20,6415.52,6435.0,-450.8807,14163.0
15:29:20,6415.52,6440.0,-1017.2604,14031.0
15:29:20,6415.52,6445.0,-274.3947,12383.0
15:29:20,6415.52,6450.0,-859.879,19093.0
15:29:20,6415.52,6455.0,-57.0328,9280.0
15:29:20,6415.52,6460.0,-484.7644,13034.0
15:29:20,6415.52,6465.0,-248.1549,8693.0
15:29:20,6415.52,6470.0,-702.9875,12486.0
15:29:20,6415.52,6475.0,-489.3983,13344.0
15:29:20,6415.52,6480.0,-311.1072,11739.0
15:29:20,6415.52,6485.0,-204.8904,9003.0
15:29:20,6415.52,6490.0,-410.0635,11677.0
15:31:30,6417.44,6345.0,-370.1276,9809.0
15:31:30,6417.44,6350.0,-1342.0589,23632.0
15:31:30,6417.44,6355.0,-394.5941,8324.0
15:31:30,6417.44,6360.0,-486.5054,12457.0
15:31:30,6417.44,6365.0,-360.6187,12941.0
15:31:30,6417.44,6370.0,-603.6909,13958.0
15:31:30,6417.44,6375.0,-807.3221,16969.0
15:31:30,6417.44,6380.0,-862.5169,15177.0
15:31:30,6417.44,6385.0,-510.1474,12947.0
15:31:30,6417.44,6390.0,-818.3844,12483.0
15:31:30,6417.44,6395.0,-945.0215,9353.0
15:31:30,6417.44,6400.0,-3086.4982,25650.0
15:31:30,6417.44,6405.0,-505.6515,8580.0
15:31:30,6417.44,6410.0,-880.7795,12120.0
15:31:30,6417.44,6415.0,-1242.1285,17009.0
15:31:30,6417.44,6420.0,-1463.6104,22346.0
15:31:30,6417.44,6425.0,-2013.2109,19059.0
15:31:30,6417.44,6430.0,-1020.8047,18350.0
15:31:30,6417.44,6435.0,-444.5125,14324.0
15:31:30,6417.44,6440.0,-997.6496,14296.0
15:31:30,6417.44,6445.0,-274.559,12688.0
15:31:30,6417.44,6450.0,-860.3937,19403.0
15:31:30,6417.44,6455.0,-55.9376,9496.0
15:31:30,6417.44,6460.0,-490.554,13209.0
15:31:30,6417.44,6465.0,-242.5664,8854.0
15:31:30,6417.44,6470.0,-668.7276,12613.0
15:31:30,6417.44,6475.0,-474.4893,13501.0
15:31:30,6417.44,6480.0,-311.2935,11861.0
15:31:30,6417.44,6485.0,-205.013,9134.0
15:31:30,6417.44,6490.0,-410.309,11871.0
15:33:40,6416.87,6345.0,-370.0618,9958.0
15:33:40,6416.87,6350.0,-1362.2373,23906.0
15:33:40,6416.87,6355.0,-400.2531,8538.0
15:33:40,6416.87,6360.0,-479.665,12529.0
15:33:40,6416.87,6365.0,-360.5546,13101.0
15:33:40,6416.87,6370.0,-603.5837,14177.0
15:33:40,6416.87,6375.0,-828.5861,17152.0
15:33:40,6416.87,6380.0,-886.1362,15311.0
15:33:40,6416.87,6385.0,-522.932,13064.0
15:33:40,6416.87,6390.0,-842.2474,12693.0
15:33:40,6416.87,6395.0,-968.2786,9532.0
15:33:40,6416.87,6400.0,-3178.8474,26057.0
15:33:40,6416.87,6405.0,-517.9041,8751.0
15:33:40,6416.87,6410.0,-886.9336,12414.0
15:33:40,6416.87,6415.0,-1249.4635,17657.0
15:33:40,6416.87,6420.0,-1475.4481,22794.0
15:33:40,6416.87,6425.0,-2026.9277,19344.0
15:33:40,6416.87,6430.0,-1050.1548,18669.0
15:33:40,6416.87,6435.0,-458.0882,14501.0
15:33:40,6416.87,6440.0,-1019.0081,14465.0
15:33:40,6416.87,6445.0,-273.4763,12867.0
15:33:40,6416.87,6450.0,-871.9694,19756.0
15:33:40,6416.87,6455.0,-56.4121,9639.0
15:33:40,6416.87,6460.0,-474.918,13415.0
15:33:40,6416.87,6465.0,-242.5233,8989.0
15:33:40,6416.87,6470.0,-676.2637,12912.0
15:33:40,6416.87,6475.0,-475.3357,13642.0
15:33:40,6416.87,6480.0,-302.36,12024.0
15:33:40,6416.87,6485.0,-195.9062,9260.0
15:33:40,6416.87,6490.0,-410.2361,12141.0
15:35:49,6418.07,6345.0,-370.0645,10064.0
15:35:49,6418.07,6350.0,-1288.9748,24165.0
15:35:49,6418.07,6355.0,-403.4476,8614.0
15:35:49,6418.07,6360.0,-481.1047,12632.0
15:35:49,6418.07,6365.0,-359.3451,13325.0
15:35:49,6418.07,6370.0,-603.8095,14542.0
15:35:49,6418.07,6375.0,-828.896,17470.0
15:35:49,6418.07,6380.0,-886.4676,15518.0
15:35:49,6418.07,6385.0,-523.2057,13209.0
15:35:49,6418.07,6390.0,-829.9526,12866.0
15:35:49,6418.07,6395.0,-952.6677,9684.0
15:35:49,6418.07,6400.0,-3142.6082,26529.0
15:35:49,6418.07,6405.0,-517.5196,8895.0
15:35:49,6418.07,6410.0,-888.9994,12734.0
15:35:49,6418.07,6415.0,-1257.844,18205.0
15:35:49,6418.07,6420.0,-1487.8688,23439.0
15:35:49,6418.07,6425.0,-2037.0972,19665.0
15:35:49,6418.07,6430.0,-1067.8656,19098.0
15:35:49,6418.07,6435.0,-467.7383,14690.0
15:35:49,6418.07,6440.0,-1042.1608,14615.0
15:35:49,6418.07,6445.0,-286.8088,13035.0
15:35:49,6418.07,6450.0,-892.3585,20171.0
15:35:49,6418.07,6455.0,-56.4332,9763.0
15:35:49,6418.07,6460.0,-475.0956,13763.0
15:35:49,6418.07,6465.0,-242.614,9268.0
15:35:49,6418.07,6470.0,-676.5166,13149.0
15:35:49,6418.07,6475.0,-481.3221,13873.0
15:35:49,6418.07,6480.0,-298.8923,12345.0
15:35:49,6418.07,6485.0,-193.6154,9455.0
15:35:49,6418.07,6490.0,-407.2048,12256.0
15:37:59,6418.8,6345.0,-370.1487,10152.0
15:37:59,6418.8,6350.0,-1383.3618,24312.0
15:37:59,6418.8,6355.0,-403.5394,8666.0
15:37:59,6418.8,6360.0,-465.7751,12741.0
15:37:59,6418.8,6365.0,-352.2606,13386.0
15:37:59,6418.8,6370.0,-611.4885,14661.0
15:37:59,6418.8,6375.0,-800.9706,17570.0
15:37:59,6418.8,6380.0,-872.9732,15616.0
15:37:59,6418.8,6385.0,-515.6733,13421.0
15:37:59,6418.8,6390.0,-830.1414,13358.0
15:37:59,6418.8,6395.0,-952.8844,9772.0
15:37:59,6418.8,6400.0,-3174.5534,27206.0
15:37:59,6418.8,6405.0,-522.3247,9020.0
15:37:59,6418.8,6410.0,-894.6203,13059.0
15:37:59,6418.8,6415.0,-1261.5597,18628.0
15:37:59,6418.8,6420.0,-1491.1916,23988.0
15:37:59,6418.8,6425.0,-2040.0382,19973.0
15:37:59,6418.8,6430.0,-1060.717,19379.0
15:37:59,6418.8,6435.0,-463.0898,14771.0
15:37:59,6418.8,6440.0,-1029.4151,14738.0
15:37:59,6418.8,6445.0,-281.8309,13135.0
15:37:59,6418.8,6450.0,-892.5615,20430.0
15:37:59,6418.8,6455.0,-58.0036,9895.0
15:37:59,6418.8,6460.0,-487.9738,13999.0
15:37:59,6418.8,6465.0,-244.2358,9464.0
15:37:59,6418.8,6470.0,-688.62,13311.0
15:37:59,6418.8,6475.0,-484.1026,14031.0
15:37:59,6418.8,6480.0,-308.0875,12555.0
15:37:59,6418.8,6485.0,-193.6594,9576.0
15:37:59,6418.8,6490.0,-407.2975,12390.0
15:40:09,6413.27,6340.0,-342.4014,14620.0
15:40:09,6413.27,6345.0,-369.5112,10393.0
15:40:09,6413.27,6350.0,-1402.6018,24684.0
15:40:09,6413.27,6355.0,-411.4188,8844.0
15:40:09,6413.27,6360.0,-516.7443,13023.0
15:40:09,6413.27,6365.0,-351.6539,13708.0
15:40:09,6413.27,6370.0,-660.1062,14960.0
15:40:09,6413.27,6375.0,-871.2897,18033.0
15:40:09,6413.27,6380.0,-935.4324,16130.0
15:40:09,6413.27,6385.0,-549.2786,13616.0
15:40:09,6413.27,6390.0,-880.1331,13630.0
15:40:09,6413.27,6395.0,-1002.7734,9942.0
15:40:09,6413.27,6400.0,-3256.5654,27878.0
15:40:09,6413.27,6405.0,-534.9051,9271.0
15:40:09,6413.27,6410.0,-908.6765,13518.0
15:40:09,6413.27,6415.0,-1268.215,19204.0
15:40:09,6413.27,6420.0,-1478.8994,24914.0
15:40:09,6413.27,6425.0,-2020.7513,20375.0
15:40:09,6413.27,6430.0,-1041.9204,19753.0
15:40:09,6413.27,6435.0,-450.5554,15059.0
15:40:09,6413.27,6440.0,-995.0695,15057.0
15:40:09,6413.27,6445.0,-283.5638,13406.0
15:40:09,6413.27,6450.0,-823.874,20892.0
15:40:09,6413.27,6455.0,-53.588,10070.0
15:40:09,6413.27,6460.0,-453.5031,14432.0
15:40:09,6413.27,6465.0,-243.8151,9636.0
15:40:09,6413.27,6470.0,-631.9438,13747.0
15:40:09,6413.27,6475.0,-440.3876,14306.0
15:40:09,6413.27,6480.0,-282.3089,13081.0
15:40:09,6413.27,6485.0,-175.8512,9757.0
15:42:18,6413.99,6340.0,-352.0769,14788.0
15:42:18,6413.99,6345.0,-396.1438,10560.0
15:42:18,6413.99,6350.0,-1402.9168,24907.0
15:42:18,6413.99,6355.0,-429.6184,8924.0
15:42:18,6413.99,6360.0,-512.0632,13219.0
15:42:18,6413.99,6365.0,-387.9847,13842.0
15:42:18,6413.99,6370.0,-660.2544,15208.0
15:42:18,6413.99,6375.0,-871.4853,18200.0
15:42:18,6413.99,6380.0,-935.6424,16432.0
15:42:18,6413.99,6385.0,-549.4019,13813.0
15:42:18,6413.99,6390.0,-887.3808,13952.0
15:42:18,6413.99,6395.0,-1018.3978,10064.0
15:42:18,6413.99,6400.0,-3299.489,28467.0
15:42:18,6413.99,6405.0,-540.583,9561.0
15:42:18,6413.99,6410.0,-918.054,13970.0
15:42:18,6413.99,6415.0,-1278.4794,19634.0
15:42:18,6413.99,6420.0,-1498.9528,25324.0
15:42:18,6413.99,6425.0,-2044.9053,20725.0
15:42:18,6413.99,6430.0,-1047.8615,20135.0
15:42:18,6413.99,6435.0,-453.0774,15362.0
15:42:18,6413.99,6440.0,-1002.7795,15303.0
15:42:18,6413.99,6445.0,-272.3209,13639.0
15:42:18,6413.99,6450.0,-835.1545,21366.0
15:42:18,6413.99,6455.0,-53.6,10263.0
15:42:18,6413.99,6460.0,-453.6049,14678.0
15:42:18,6413.99,6465.0,-243.8699,9837.0
15:42:18,6413.99,6470.0,-621.4918,13932.0
15:42:18,6413.99,6475.0,-435.279,14476.0
15:42:18,6413.99,6480.0,-282.3723,13346.0
15:42:18,6413.99,6485.0,-175.8907,9898.0
15:44:28,6413.65,6340.0,-347.5837,14922.0
15:44:28,6413.65,6345.0,-396.0492,10642.0
15:44:28,6413.65,6350.0,-1486.9888,25065.0
15:44:28,6413.65,6355.0,-437.1165,9032.0
15:44:28,6413.65,6360.0,-521.2402,13332.0
15:44:28,6413.65,6365.0,-387.5352,14001.0
15:44:28,6413.65,6370.0,-668.8587,15562.0
15:44:28,6413.65,6375.0,-881.0981,18463.0
15:44:28,6413.65,6380.0,-948.7817,16782.0
15:44:28,6413.65,6385.0,-559.5429,14057.0
15:44:28,6413.65,6390.0,-887.2867,14251.0
15:44:28,6413.65,6395.0,-1018.2898,10255.0
15:44:28,6413.65,6400.0,-3297.7129,28984.0
15:44:28,6413.65,6405.0,-544.5956,9895.0
15:44:28,6413.65,6410.0,-922.2631,14555.0
15:44:28,6413.65,6415.0,-1293.9125,20111.0
15:44:28,6413.65,6420.0,-1503.4892,25791.0
15:44:28,6413.65,6425.0,-2044.6885,21107.0
15:44:28,6413.65,6430.0,-1047.7504,20659.0
15:44:28,6413.65,6435.0,-453.0294,15566.0
15:44:28,6413.65,6440.0,-1000.5287,15446.0
15:44:28,6413.65,6445.0,-274.1709,13753.0
15:44:28,6413.65,6450.0,-837.771,21688.0
15:44:28,6413.65,6455.0,-53.8652,10414.0
15:44:28,6413.65,6460.0,-450.005,14909.0
15:44:28,6413.65,6465.0,-220.5572,9917.0
15:44:28,6413.65,6470.0,-622.874,14058.0
15:44:28,6413.65,6475.0,-435.2426,14656.0
15:44:28,6413.65,6480.0,-270.6378,13579.0
15:44:28,6413.65,6485.0,-174.3066,10034.0
15:46:38,6409.05,6335.0,-613.2688,11273.0
15:46:38,6409.05,6340.0,-385.4719,15099.0
15:46:38,6409.05,6345.0,-441.2629,10823.0
15:46:38,6409.05,6350.0,-1484.8566,25362.0
15:46:38,6409.05,6355.0,-436.4897,9212.0
15:46:38,6409.05,6360.0,-520.4928,13528.0
15:46:38,6409.05,6365.0,-386.9795,14187.0
15:46:38,6409.05,6370.0,-667.8996,15831.0
15:46:38,6409.05,6375.0,-879.8347,18751.0
15:46:38,6409.05,6380.0,-947.4212,17040.0
15:46:38,6409.05,6385.0,-558.7406,14274.0
15:46:38,6409.05,6390.0,-894.0531,14554.0
15:46:38,6409.05,6395.0,-1018.9946,10429.0
15:46:38,6409.05,6400.0,-3330.1616,29457.0
15:46:38,6409.05,6405.0,-543.8147,10177.0
15:46:38,6409.05,6410.0,-920.9058,15186.0
15:46:38,6409.05,6415.0,-1292.0571,20769.0
15:46:38,6409.05,6420.0,-1489.553,26299.0
15:46:38,6409.05,6425.0,-2047.1863,21393.0
15:46:38,6409.05,6430.0,-1052.9756,21223.0
15:46:38,6409.05,6435.0,-455.597,15965.0
15:46:38,6409.05,6440.0,-999.8737,15850.0
15:46:38,6409.05,6445.0,-259.9094,13981.0
15:46:38,6409.05,6450.0,-844.4293,22267.0
15:46:38,6409.05,6455.0,-53.7879,10740.0
15:46:38,6409.05,6460.0,-449.3598,15193.0
15:46:38,6409.05,6465.0,-220.2409,10123.0
15:46:38,6409.05,6470.0,-573.8775,14340.0
15:46:38,6409.05,6475.0,-397.3245,14981.0
15:46:38,6409.05,6480.0,-247.0255,14034.0
15:48:47,6419.86,6345.0,-336.5562,11320.0
15:48:47,6419.86,6350.0,-1209.2869,26211.0
15:48:47,6419.86,6355.0,-368.4509,9565.0
15:48:47,6419.86,6360.0,-446.9259,14016.0
15:48:47,6419.86,6365.0,-412.3584,14568.0
15:48:47,6419.86,6370.0,-670.1545,16172.0
15:48:47,6419.86,6375.0,-882.8052,19234.0
15:48:47,6419.86,6380.0,-950.6199,17511.0
15:48:47,6419.86,6385.0,-560.627,14556.0
15:48:47,6419.86,6390.0,-897.0716,15063.0
15:48:47,6419.86,6395.0,-1022.435,10972.0
15:48:47,6419.86,6400.0,-3341.4049,30485.0
15:48:47,6419.86,6405.0,-545.6507,10632.0
15:48:47,6419.86,6410.0,-924.3413,16686.0
15:48:47,6419.86,6415.0,-1305.9927,21677.0
15:48:47,6419.86,6420.0,-1548.9384,27349.0
15:48:47,6419.86,6425.0,-2132.2301,22234.0
15:48:47,6419.86,6430.0,-1053.4402,22187.0
15:48:47,6419.86,6435.0,-457.1352,16497.0
15:48:47,6419.86,6440.0,-1000.5489,16259.0
15:48:47,6419.86,6445.0,-298.5957,14348.0
15:48:47,6419.86,6450.0,-926.745,22809.0
15:48:47,6419.86,6455.0,-53.9695,11094.0
15:48:47,6419.86,6460.0,-450.8769,15542.0
15:48:47,6419.86,6465.0,-220.9845,10443.0
15:48:47,6419.86,6470.0,-575.815,14820.0
15:48:47,6419.86,6475.0,-505.2239,15350.0
15:48:47,6419.86,6480.0,-315.7479,14399.0
15:48:47,6419.86,6485.0,-203.8948,10572.0
15:48:47,6419.86,6490.0,-425.598,13856.0
15:50:57,6428.2,6355.0,-312.4703,9910.0
15:50:57,6428.2,6360.0,-384.3887,14439.0
15:50:57,6428.2,6365.0,-278.6023,14826.0
15:50:57,6428.2,6370.0,-603.2727,16484.0
15:50:57,6428.2,6375.0,-664.7925,19710.0
15:50:57,6428.2,6380.0,-747.8365,17917.0
15:50:57,6428.2,6385.0,-452.6485,14986.0
15:50:57,6428.2,6390.0,-743.7078,15538.0
15:50:57,6428.2,6395.0,-874.5473,11482.0
15:50:57,6428.2,6400.0,-2910.0434,31417.0
15:50:57,6428.2,6405.0,-492.8665,11008.0
15:50:57,6428.2,6410.0,-926.7445,17524.0
15:50:57,6428.2,6415.0,-1309.3881,22351.0
15:50:57,6428.2,6420.0,-1521.4773,28490.0
15:50:57,6428.2,6425.0,-2137.2247,23173.0
15:50:57,6428.2,6430.0,-1146.6999,22826.0
15:50:57,6428.2,6435.0,-513.67,16908.0
15:50:57,6428.2,6440.0,-1174.2774,16844.0
15:50:57,6428.2,6445.0,-335.7917,14698.0
15:50:57,6428.2,6450.0,-904.8993,23465.0
15:50:57,6428.2,6455.0,-69.1973,11473.0
15:50:57,6428.2,6460.0,-585.3846,16041.0
15:50:57,6428.2,6465.0,-292.3771,10814.0
15:50:57,6428.2,6470.0,-853.9081,15278.0
15:50:57,6428.2,6475.0,-603.1853,15798.0
15:50:57,6428.2,6480.0,-381.3123,14633.0
15:50:57,6428.2,6485.0,-236.6501,10984.0
15:50:57,6428.2,6490.0,-426.7045,14157.0
15:50:57,6428.2,6495.0,-112.9253,10230.0
15:50:57,6428.2,6500.0,-579.9087,34988.0
15:53:07,6427.87,6355.0,-312.6242,10178.0
15:53:07,6427.87,6360.0,-377.8608,14714.0
15:53:07,6427.87,6365.0,-292.3149,15019.0
15:53:07,6427.87,6370.0,-516.16,16743.0
15:53:07,6427.87,6375.0,-706.4113,20089.0
15:53:07,6427.87,6380.0,-750.9698,18344.0
15:53:07,6427.87,6385.0,-452.6021,15375.0
15:53:07,6427.87,6390.0,-743.6314,16163.0
15:53:07,6427.87,6395.0,-874.4575,11894.0
15:53:07,6427.87,6400.0,-2909.7446,32212.0
15:53:07,6427.87,6405.0,-492.8159,11290.0
15:53:07,6427.87,6410.0,-866.0631,17783.0
15:53:07,6427.87,6415.0,-1252.6513,22807.0
15:53:07,6427.87,6420.0,-1515.1813,29254.0
15:53:07,6427.87,6425.0,-2133.3839,24225.0
15:53:07,6427.87,6430.0,-1132.9075,24032.0
15:53:07,6427.87,6435.0,-504.602,17487.0
15:53:07,6427.87,6440.0,-1152.8712,17263.0
15:53:07,6427.87,6445.0,-321.6211,14939.0
15:53:07,6427.87,6450.0,-1056.1086,24317.0
15:53:07,6427.87,6455.0,-69.1902,11756.0
15:53:07,6427.87,6460.0,-585.3245,16539.0
15:53:07,6427.87,6465.0,-292.347,11297.0
15:53:07,6427.87,6470.0,-853.8204,15814.0
15:53:07,6427.87,6475.0,-564.6489,16335.0
15:53:07,6427.87,6480.0,-357.9033,15450.0
15:53:07,6427.87,6485.0,-236.5756,11301.0
15:53:07,6427.87,6490.0,-507.0388,14538.0
15:53:07,6427.87,6495.0,-112.8529,10413.0
15:53:07,6427.87,6500.0,-558.4228,35589.0
15:55:17,6422.74,6350.0,-1210.3721,27261.0
15:55:17,6422.74,6355.0,-312.1254,10426.0
15:55:17,6422.74,6360.0,-430.1423,14908.0
15:55:17,6422.74,6365.0,-330.0014,15219.0
15:55:17,6422.74,6370.0,-573.1961,16973.0
15:55:17,6422.74,6375.0,-705.2842,20437.0
15:55:17,6422.74,6380.0,-749.7716,18768.0
15:55:17,6422.74,6385.0,-451.8799,15577.0
15:55:17,6422.74,6390.0,-742.4449,16469.0
15:55:17,6422.74,6395.0,-873.0623,12064.0
15:55:17,6422.74,6400.0,-2905.102,32921.0
15:55:17,6422.74,6405.0,-492.0296,11653.0
15:55:17,6422.74,6410.0,-897.7011,18118.0
15:55:17,6422.74,6415.0,-1283.8733,23266.0
15:55:17,6422.74,6420.0,-1512.1595,29819.0
15:55:17,6422.74,6425.0,-2126.8054,24926.0
15:55:17,6422.74,6430.0,-1116.8335,24738.0
15:55:17,6422.74,6435.0,-503.7969,17731.0
15:55:17,6422.74,6440.0,-1152.0043,17574.0
15:55:17,6422.74,6445.0,-308.3537,15143.0
15:55:17,6422.74,6450.0,-951.6588,24711.0
15:55:17,6422.74,6455.0,-69.0798,11934.0
15:55:17,6422.74,6460.0,-584.3906,17019.0
15:55:17,6422.74,6465.0,-291.8806,11711.0
15:55:17,6422.74,6470.0,-852.4581,16112.0
15:55:17,6422.74,6475.0,-563.7479,16602.0
15:55:17,6422.74,6480.0,-326.3862,15556.0
15:55:17,6422.74,6485.0,-209.5659,11495.0
15:55:17,6422.74,6490.0,-506.2298,14681.0
15:55:17,6422.74,6495.0,-90.5863,10487.0
15:57:26,6424.06,6350.0,-1099.2602,27349.0
15:57:26,6424.06,6355.0,-336.4565,10498.0
15:57:26,6424.06,6360.0,-430.3191,15051.0
15:57:26,6424.06,6365.0,-330.1371,15305.0
15:57:26,6424.06,6370.0,-543.2909,17074.0
15:57:26,6424.06,6375.0,-728.3972,20567.0
15:57:26,6424.06,6380.0,-798.5493,18902.0
15:57:26,6424.06,6385.0,-480.0608,15736.0
15:57:26,6424.06,6390.0,-770.2252,16703.0
15:57:26,6424.06,6395.0,-906.7763,12140.0
15:57:26,6424.06,6400.0,-3043.8176,33411.0
15:57:26,6424.06,6405.0,-518.841,11823.0
15:57:26,6424.06,6410.0,-898.0701,18371.0
15:57:26,6424.06,6415.0,-1284.4011,23662.0
15:57:26,6424.06,6420.0,-1512.7396,30424.0
15:57:26,6424.06,6425.0,-2152.6738,25500.0
15:57:26,6424.06,6430.0,-1139.8269,25177.0
15:57:26,6424.06,6435.0,-506.9192,17993.0
15:57:26,6424.06,6440.0,-1142.6949,17794.0
15:57:26,6424.06,6445.0,-320.1039,15302.0
15:57:26,6424.06,6450.0,-941.4156,24991.0
15:57:26,6424.06,6455.0,-65.8088,12110.0
15:57:26,6424.06,6460.0,-553.4154,17201.0
15:57:26,6424.06,6465.0,-279.4532,11930.0
15:57:26,6424.06,6470.0,-794.5553,16300.0
15:57:26,6424.06,6475.0,-551.5307,16803.0
15:57:26,6424.06,6480.0,-345.5621,15704.0
15:57:26,6424.06,6485.0,-209.652,11666.0
15:57:26,6424.06,6490.0,-468.12,14858.0
15:57:26,6424.06,6495.0,-90.6235,10757.0
15:59:36,6426.89,6355.0,-325.913,11105.0
15:59:36,6426.89,6360.0,-394.1441,15129.0
15:59:36,6426.89,6365.0,-308.028,15403.0
15:59:36,6426.89,6370.0,-527.5797,17224.0
15:59:36,6426.89,6375.0,-713.7613,20746.0
15:59:36,6426.89,6380.0,-758.8203,19019.0
15:59:36,6426.89,6385.0,-480.4838,15842.0
15:59:36,6426.89,6390.0,-770.9039,16852.0
15:59:36,6426.89,6395.0,-891.4361,12289.0
15:59:36,6426.89,6400.0,-2993.9806,33875.0
15:59:36,6426.89,6405.0,-507.1605,11969.0
15:59:36,6426.89,6410.0,-889.7361,18667.0
15:59:36,6426.89,6415.0,-1278.8199,23911.0
15:59:36,6426.89,6420.0,-1539.5721,30811.0
15:59:36,6426.89,6425.0,-2160.0011,26372.0
15:59:36,6426.89,6430.0,-1145.2889,25576.0
15:59:36,6426.89,6435.0,-509.729,18261.0
15:59:36,6426.89,6440.0,-1161.5689,18139.0
15:59:36,6426.89,6445.0,-324.659,15490.0
15:59:36,6426.89,6450.0,-1023.6805,25523.0
15:59:36,6426.89,6455.0,-67.2598,12352.0
15:59:36,6426.89,6460.0,-550.475,17453.0
15:59:36,6426.89,6465.0,-279.6995,12072.0
15:59:36,6426.89,6470.0,-806.4249,16607.0
15:59:36,6426.89,6475.0,-566.9052,17139.0
15:59:36,6426.89,6480.0,-356.2865,15841.0
15:59:36,6426.89,6485.0,-229.608,11775.0
15:59:36,6426.89,6490.0,-468.6078,14944.0
15:59:36,6426.89,6495.0,-109.3563,10822.0
15:59:36,6426.89,6500.0,-558.2526,36167.0
16:01:46,6426.49,6355.0,-325.8725,11276.0
16:01:46,6426.49,6360.0,-403.825,15488.0
16:01:46,6426.49,6365.0,-302.9044,15604.0
16:01:46,6426.49,6370.0,-546.8416,17492.0
16:01:46,6426.49,6375.0,-718.0659,21022.0
16:01:46,6426.49,6380.0,-792.9368,19509.0
16:01:46,6426.49,6385.0,-480.424,16183.0
16:01:46,6426.49,6390.0,-770.808,17165.0
16:01:46,6426.49,6395.0,-891.3252,12508.0
16:01:46,6426.49,6400.0,-2993.608,34553.0
16:01:46,6426.49,6405.0,-507.0973,12146.0
16:01:46,6426.49,6410.0,-902.9258,19034.0
16:01:46,6426.49,6415.0,-1301.2597,24185.0
16:01:46,6426.49,6420.0,-1566.2788,31264.0
16:01:46,6426.49,6425.0,-2187.7031,27098.0
16:01:46,6426.49,6430.0,-1163.0574,26233.0
16:01:46,6426.49,6435.0,-515.8298,18531.0
16:01:46,6426.49,6440.0,-1161.2598,18595.0
16:01:46,6426.49,6445.0,-326.3506,15804.0
16:01:46,6426.49,6450.0,-1008.2131,26071.0
16:01:46,6426.49,6455.0,-67.2514,12753.0
16:01:46,6426.49,6460.0,-550.4064,17759.0
16:01:46,6426.49,6465.0,-279.6646,12831.0
16:01:46,6426.49,6470.0,-786.6257,16944.0
16:01:46,6426.49,6475.0,-552.4171,17407.0
16:01:46,6426.49,6480.0,-345.7416,16403.0
16:01:46,6426.49,6485.0,-219.3643,12513.0
16:01:46,6426.49,6490.0,-468.5495,15120.0
16:01:46,6426.49,6495.0,-104.3351,10946.0
16:01:46,6426.49,6500.0,-511.5226,36474.0
16:03:55,6429.94,6355.0,-294.7016,11396.0
16:03:55,6429.94,6360.0,-404.2586,15698.0
16:03:55,6429.94,6365.0,-303.3588,15760.0
16:03:55,6429.94,6370.0,-477.582,17678.0
16:03:55,6429.94,6375.0,-647.0652,21438.0
16:03:55,6429.94,6380.0,-722.0107,19844.0
16:03:55,6429.94,6385.0,-441.1094,16446.0
16:03:55,6429.94,6390.0,-729.5455,17412.0
16:03:55,6429.94,6395.0,-865.4066,12682.0
16:03:55,6429.94,6400.0,-2930.066,35171.0
16:03:55,6429.94,6405.0,-497.8578,12389.0
16:03:55,6429.94,6410.0,-903.8955,19239.0
16:03:55,6429.94,6415.0,-1302.6572,25006.0
16:03:55,6429.94,6420.0,-1544.1645,31627.0
16:03:55,6429.94,6425.0,-2184.7631,27814.0
16:03:55,6429.94,6430.0,-1171.2432,26826.0
16:03:55,6429.94,6435.0,-516.3838,18829.0
16:03:55,6429.94,6440.0,-1204.4638,18874.0
16:03:55,6429.94,6445.0,-341.8473,16065.0
16:03:55,6429.94,6450.0,-997.2941,26271.0
16:03:55,6429.94,6455.0,-70.7838,12905.0
16:03:55,6429.94,6460.0,-606.6681,17964.0
16:03:55,6429.94,6465.0,-302.1031,12913.0
16:03:55,6429.94,6470.0,-863.8572,17103.0
16:03:55,6429.94,6475.0,-614.5223,17591.0
16:03:55,6429.94,6480.0,-387.5039,16560.0
16:03:55,6429.94,6485.0,-253.0215,12621.0
16:03:55,6429.94,6490.0,-508.4567,15207.0
16:03:55,6429.94,6495.0,-104.4472,11007.0
16:03:55,6429.94,6500.0,-583.9503,36639.0
16:06:05,6432.29,6360.0,-361.2744,16117.0
16:06:05,6432.29,6365.0,-286.9773,16029.0
16:06:05,6432.29,6370.0,-477.9312,18057.0
16:06:05,6432.29,6375.0,-633.9377,22068.0
16:06:05,6432.29,6380.0,-717.5223,20504.0
16:06:05,6432.29,6385.0,-428.0271,16657.0
16:06:05,6432.29,6390.0,-730.0788,17728.0
16:06:05,6432.29,6395.0,-866.0393,12921.0
16:06:05,6432.29,6400.0,-2932.2081,36622.0
16:06:05,6432.29,6405.0,-498.2218,12739.0
16:06:05,6432.29,6410.0,-870.8609,19736.0
16:06:05,6432.29,6415.0,-1272.0424,25442.0
16:06:05,6432.29,6420.0,-1545.2934,32172.0
16:06:05,6432.29,6425.0,-2217.7532,28912.0
16:06:05,6432.29,6430.0,-1194.8912,28306.0
16:06:05,6432.29,6435.0,-537.2858,19587.0
16:06:05,6432.29,6440.0,-1235.1234,19447.0
16:06:05,6432.29,6445.0,-340.042,16486.0
16:06:05,6432.29,6450.0,-1069.8723,26747.0
16:06:05,6432.29,6455.0,-70.8355,13166.0
16:06:05,6432.29,6460.0,-607.1117,18514.0
16:06:05,6432.29,6465.0,-320.1525,13292.0
16:06:05,6432.29,6470.0,-864.4887,17520.0
16:06:05,6432.29,6475.0,-614.9715,17886.0
16:06:05,6432.29,6480.0,-390.2407,17265.0
16:06:05,6432.29,6485.0,-250.5841,12786.0
16:06:05,6432.29,6490.0,-512.3616,15501.0
16:06:05,6432.29,6495.0,-118.5003,11150.0
16:06:05,6432.29,6500.0,-584.3773,37681.0
16:06:05,6432.29,6505.0,-108.297,15712.0
16:08:15,6426.2,6355.0,-294.3589,11957.0
16:08:15,6426.2,6360.0,-377.995,16391.0
16:08:15,6426.2,6365.0,-257.8962,16433.0
16:08:15,6426.2,6370.0,-477.0266,18367.0
16:08:15,6426.2,6375.0,-632.5288,22786.0
16:08:15,6426.2,6380.0,-763.0789,20750.0
16:08:15,6426.2,6385.0,-474.8955,16944.0
16:08:15,6426.2,6390.0,-774.848,18722.0
16:08:15,6426.2,6395.0,-913.837,13424.0
16:08:15,6426.2,6400.0,-3069.8922,38351.0
16:08:15,6426.2,6405.0,-517.1907,13038.0
16:08:15,6426.2,6410.0,-903.8063,20178.0
16:08:15,6426.2,6415.0,-1316.129,25957.0
16:08:15,6426.2,6420.0,-1588.6725,32907.0
16:08:15,6426.2,6425.0,-2223.4667,29768.0
16:08:15,6426.2,6430.0,-1175.916,29599.0
16:08:15,6426.2,6435.0,-536.2689,20360.0
16:08:15,6426.2,6440.0,-1179.2683,20002.0
16:08:15,6426.2,6445.0,-329.7997,16959.0
16:08:15,6426.2,6450.0,-1043.5122,27267.0
16:08:15,6426.2,6455.0,-68.2627,13474.0
16:08:15,6426.2,6460.0,-580.0284,18907.0
16:08:15,6426.2,6465.0,-285.8026,13565.0
16:08:15,6426.2,6470.0,-809.3552,18102.0
16:08:15,6426.2,6475.0,-560.5664,18451.0
16:08:15,6426.2,6480.0,-389.5021,17858.0
16:08:15,6426.2,6485.0,-250.1099,13242.0
16:08:15,6426.2,6490.0,-511.3919,15807.0
16:08:15,6426.2,6495.0,-108.3882,11329.0
16:08:15,6426.2,6500.0,-550.2978,38455.0
16:10:24,6425.15,6355.0,-338.8017,12220.0
16:10:24,6425.15,6360.0,-377.8715,16737.0
16:10:24,6425.15,6365.0,-302.2005,16734.0
16:10:24,6425.15,6370.0,-532.5271,18783.0
16:10:24,6425.15,6375.0,-691.6211,23597.0
16:10:24,6425.15,6380.0,-808.2535,20998.0
16:10:24,6425.15,6385.0,-486.7396,17315.0
16:10:24,6425.15,6390.0,-783.7798,19323.0
16:10:24,6425.15,6395.0,-937.8877,13849.0
16:10:24,6425.15,6400.0,-3120.463,39060.0
16:10:24,6425.15,6405.0,-531.2162,13255.0
16:10:24,6425.15,6410.0,-903.511,21086.0
16:10:24,6425.15,6415.0,-1315.5382,26242.0
16:10:24,6425.15,6420.0,-1604.4891,33350.0
16:10:24,6425.15,6425.0,-2240.5402,30529.0
16:10:24,6425.15,6430.0,-1184.3948,30518.0
16:10:24,6425.15,6435.0,-524.8944,20673.0
16:10:24,6425.15,6440.0,-1181.4533,20514.0
16:10:24,6425.15,6445.0,-330.3751,17203.0
16:10:24,6425.15,6450.0,-1046.1838,27641.0
16:10:24,6425.15,6455.0,-67.2769,13653.0
16:10:24,6425.15,6460.0,-570.4355,19168.0
16:10:24,6425.15,6465.0,-277.6148,13786.0
16:10:24,6425.15,6470.0,-781.1644,18395.0
16:10:24,6425.15,6475.0,-568.1329,18664.0
16:10:24,6425.15,6480.0,-364.0442,18245.0
16:10:24,6425.15,6485.0,-218.0834,13492.0
16:10:24,6425.15,6490.0,-441.9203,15936.0
16:10:24,6425.15,6495.0,-108.3528,11411.0
16:10:24,6425.15,6500.0,-500.3759,38740.0
16:12:34,6422.15,6350.0,-1172.1666,29173.0
16:12:34,6422.15,6355.0,-358.7792,12385.0
16:12:34,6422.15,6360.0,-407.3566,16910.0
16:12:34,6422.15,6365.0,-322.1053,16974.0
16:12:34,6422.15,6370.0,-565.5393,18981.0
16:12:34,6422.15,6375.0,-758.2497,23995.0
16:12:34,6422.15,6380.0,-843.2657,21246.0
16:12:34,6422.15,6385.0,-507.8673,17500.0
16:12:34,6422.15,6390.0,-830.4595,19520.0
16:12:34,6422.15,6395.0,-978.4612,13941.0
16:12:34,6422.15,6400.0,-3257.3071,39950.0
16:12:34,6422.15,6405.0,-547.7578,13578.0
16:12:34,6422.15,6410.0,-951.3836,21894.0
16:12:34,6422.15,6415.0,-1353.0011,26512.0
16:12:34,6422.15,6420.0,-1617.2835,34057.0
16:12:34,6422.15,6425.0,-2241.8833,31358.0
16:12:34,6422.15,6430.0,-1176.2724,31158.0
16:12:34,6422.15,6435.0,-517.323,21138.0
16:12:34,6422.15,6440.0,-1155.6306,21254.0
16:12:34,6422.15,6445.0,-319.3535,17570.0
16:12:34,6422.15,6450.0,-993.7413,28116.0
16:12:34,6422.15,6455.0,-64.2868,13898.0
16:12:34,6422.15,6460.0,-538.8249,19490.0
16:12:34,6422.15,6465.0,-262.1709,14049.0
16:12:34,6422.15,6470.0,-739.829,18760.0
16:12:34,6422.15,6475.0,-513.1838,18891.0
16:12:34,6422.15,6480.0,-327.9062,18597.0
16:12:34,6422.15,6485.0,-205.595,13760.0
16:12:34,6422.15,6490.0,-412.5316,16143.0
16:12:34,6422.15,6495.0,-96.1346,11476.0
16:14:44,6424.27,6350.0,-1164.8933,29384.0
16:14:44,6424.27,6355.0,-359.0161,12528.0
16:14:44,6424.27,6360.0,-391.6658,17140.0
16:14:44,6424.27,6365.0,-303.8396,17122.0
16:14:44,6424.27,6370.0,-542.3549,19181.0
16:14:44,6424.27,6375.0,-758.7504,24125.0
16:14:44,6424.27,6380.0,-844.0228,21501.0
16:14:44,6424.27,6385.0,-489.8269,17646.0
16:14:44,6424.27,6390.0,-814.1153,19697.0
16:14:44,6424.27,6395.0,-964.3247,14018.0
16:14:44,6424.27,6400.0,-3230.7631,40534.0
16:14:44,6424.27,6405.0,-546.5895,13742.0
16:14:44,6424.27,6410.0,-952.0118,22121.0
16:14:44,6424.27,6415.0,-1373.9567,26850.0
16:14:44,6424.27,6420.0,-1647.1858,34636.0
16:14:44,6424.27,6425.0,-2302.3516,32115.0
16:14:44,6424.27,6430.0,-1174.7516,31627.0
16:14:44,6424.27,6435.0,-536.6051,21493.0
16:14:44,6424.27,6440.0,-1202.9144,21602.0
16:14:44,6424.27,6445.0,-319.5644,17812.0
16:14:44,6424.27,6450.0,-994.3975,28578.0
16:14:44,6424.27,6455.0,-67.668,14040.0
16:14:44,6424.27,6460.0,-562.1958,19768.0
16:14:44,6424.27,6465.0,-278.6514,14174.0
16:14:44,6424.27,6470.0,-740.3175,18947.0
16:14:44,6424.27,6475.0,-559.6867,19062.0
16:14:44,6424.27,6480.0,-339.393,18841.0
16:14:44,6424.27,6485.0,-198.9132,13977.0
16:14:44,6424.27,6490.0,-412.804,16252.0
16:14:44,6424.27,6495.0,-104.7787,11528.0
16:16:53,6419.72,6345.0,-336.5415,13053.0
16:16:53,6419.72,6350.0,-1198.59,29685.0
16:16:53,6419.72,6355.0,-364.6951,12672.0
16:16:53,6419.72,6360.0,-442.7695,17410.0
16:16:53,6419.72,6365.0,-340.907,17280.0
16:16:53,6419.72,6370.0,-582.6046,19374.0
16:16:53,6419.72,6375.0,-801.8168,24321.0
16:16:53,6419.72,6380.0,-864.1423,21849.0
16:16:53,6419.72,6385.0,-522.6276,17925.0
16:16:53,6419.72,6390.0,-852.6153,19977.0
16:16:53,6419.72,6395.0,-1007.0107,14196.0
16:16:53,6419.72,6400.0,-3380.466,41562.0
16:16:53,6419.72,6405.0,-563.2185,13978.0
16:16:53,6419.72,6410.0,-974.7562,22433.0
16:16:53,6419.72,6415.0,-1372.0111,27284.0
16:16:53,6419.72,6420.0,-1644.8533,36141.0
16:16:53,6419.72,6425.0,-2299.0915,32961.0
16:16:53,6419.72,6430.0,-1195.667,32307.0
16:16:53,6419.72,6435.0,-521.0241,21827.0
16:16:53,6419.72,6440.0,-1162.9054,22050.0
16:16:53,6419.72,6445.0,-317.2641,17906.0
16:16:53,6419.72,6450.0,-997.2214,28923.0
16:16:53,6419.72,6455.0,-62.4229,14218.0
16:16:53,6419.72,6460.0,-530.5893,20016.0
16:16:53,6419.72,6465.0,-258.6102,14401.0
16:16:53,6419.72,6470.0,-713.4864,19098.0
16:16:53,6419.72,6475.0,-491.7961,19406.0
16:16:53,6419.72,6480.0,-312.4637,19055.0
16:16:53,6419.72,6485.0,-194.2662,14286.0
16:16:53,6419.72,6490.0,-388.4967,16534.0
16:19:03,6417.67,6345.0,-346.5952,13219.0
16:19:03,6417.67,6350.0,-1197.8246,30042.0
16:19:03,6417.67,6355.0,-383.8196,12890.0
16:19:03,6417.67,6360.0,-465.6475,17644.0
16:19:03,6417.67,6365.0,-355.2724,17526.0
16:19:03,6417.67,6370.0,-626.2522,19594.0
16:19:03,6417.67,6375.0,-840.6465,24574.0
16:19:03,6417.67,6380.0,-921.4244,22392.0
16:19:03,6417.67,6385.0,-554.7915,18315.0
16:19:03,6417.67,6390.0,-905.3842,20233.0
16:19:03,6417.67,6395.0,-1006.3676,14574.0
16:19:03,6417.67,6400.0,-3501.6412,42373.0
16:19:03,6417.67,6405.0,-561.4692,14258.0
16:19:03,6417.67,6410.0,-973.7075,22959.0
16:19:03,6417.67,6415.0,-1407.9821,28197.0
16:19:03,6417.67,6420.0,-1655.4258,37301.0
16:19:03,6417.67,6425.0,-2268.0681,33927.0
16:19:03,6417.67,6430.0,-1194.9035,32895.0
16:19:03,6417.67,6435.0,-508.9676,22113.0
16:19:03,6417.67,6440.0,-1162.1628,22514.0
16:19:03,6417.67,6445.0,-303.0644,18096.0
16:19:03,6417.67,6450.0,-936.2755,29453.0
16:19:03,6417.67,6455.0,-59.6934,14402.0
16:19:03,6417.67,6460.0,-496.6159,20783.0
16:19:03,6417.67,6465.0,-241.5276,14917.0
16:19:03,6417.67,6470.0,-676.2521,19332.0
16:19:03,6417.67,6475.0,-468.1826,19670.0
16:19:03,6417.67,6480.0,-290.4137,19466.0
16:19:03,6417.67,6485.0,-185.205,14451.0
16:19:03,6417.67,6490.0,-383.7122,16813.0
16:21:13,6414.62,6340.0,-386.1422,17856.0
16:21:13,6414.62,6345.0,-366.9331,13261.0
16:21:13,6414.62,6350.0,-1349.6976,30270.0
16:21:13,6414.62,6355.0,-382.3962,12993.0
16:21:13,6414.62,6360.0,-489.8257,17778.0
16:21:13,6414.62,6365.0,-354.9348,17720.0
16:21:13,6414.62,6370.0,-625.6571,19697.0
16:21:13,6414.62,6375.0,-839.8477,24896.0
16:21:13,6414.62,6380.0,-920.5488,22588.0
16:21:13,6414.62,6385.0,-554.2643,18566.0
16:21:13,6414.62,6390.0,-940.3481,20460.0
16:21:13,6414.62,6395.0,-1092.1185,14781.0
16:21:13,6414.62,6400.0,-3494.6824,42944.0
16:21:13,6414.62,6405.0,-560.9356,14472.0
16:21:13,6414.62,6410.0,-1020.61,23391.0
16:21:13,6414.62,6415.0,-1432.2436,28815.0
16:21:13,6414.62,6420.0,-1676.695,37910.0
16:21:13,6414.62,6425.0,-2264.5706,34297.0
16:21:13,6414.62,6430.0,-1194.8211,33136.0
16:21:13,6414.62,6435.0,-506.8902,22398.0
16:21:13,6414.62,6440.0,-1111.5478,22804.0
16:21:13,6414.62,6445.0,-304.7064,18247.0
16:21:13,6414.62,6450.0,-935.3858,29741.0
16:21:13,6414.62,6455.0,-59.6367,14614.0
16:21:13,6414.62,6460.0,-496.144,21096.0
16:21:13,6414.62,6465.0,-241.2981,15076.0
16:21:13,6414.62,6470.0,-639.9321,19778.0
16:21:13,6414.62,6475.0,-467.7377,19934.0
16:21:13,6414.62,6480.0,-294.631,19736.0
16:21:13,6414.62,6485.0,-185.0291,14598.0
16:23:23,6422.23,6350.0,-1190.2474,30609.0
16:23:23,6422.23,6355.0,-338.0249,13108.0
16:23:23,6422.23,6360.0,-416.8767,18137.0
16:23:23,6422.23,6365.0,-328.465,18030.0
16:23:23,6422.23,6370.0,-658.8205,19897.0
16:23:23,6422.23,6375.0,-774.135,25227.0
16:23:23,6422.23,6380.0,-865.1644,23024.0
16:23:23,6422.23,6385.0,-527.8269,18791.0
16:23:23,6422.23,6390.0,-867.8911,20815.0
16:23:23,6422.23,6395.0,-1030.7991,14933.0
16:23:23,6422.23,6400.0,-3476.3085,43562.0
16:23:23,6422.23,6405.0,-582.2885,14802.0
16:23:23,6422.23,6410.0,-1018.4742,24332.0
16:23:23,6422.23,6415.0,-1456.1051,29740.0
16:23:23,6422.23,6420.0,-1723.6334,38724.0
16:23:23,6422.23,6425.0,-2404.9606,34761.0
16:23:23,6422.23,6430.0,-1246.949,33830.0
16:23:23,6422.23,6435.0,-544.3611,22736.0
16:23:23,6422.23,6440.0,-1214.3172,23335.0
16:23:23,6422.23,6445.0,-331.073,18359.0
16:23:23,6422.23,6450.0,-1017.6709,30037.0
16:23:23,6422.23,6455.0,-64.8892,14783.0
16:23:23,6422.23,6460.0,-541.416,21310.0
16:23:23,6422.23,6465.0,-264.7738,15299.0
16:23:23,6422.23,6470.0,-735.6906,19954.0
16:23:23,6422.23,6475.0,-508.3789,20186.0
16:23:23,6422.23,6480.0,-315.183,19919.0
16:23:23,6422.23,6485.0,-195.8496,14780.0
16:23:23,6422.23,6490.0,-402.4784,17318.0
16:23:23,6422.23,6495.0,-91.9373,12207.0
16:25:32,6426.28,6355.0,-301.8435,13711.0
16:25:32,6426.28,6360.0,-355.6357,18674.0
16:25:32,6426.28,6365.0,-277.1868,18706.0
16:25:32,6426.28,6370.0,-509.3137,20542.0
16:25:32,6426.28,6375.0,-698.643,25963.0
16:25:32,6426.28,6380.0,-768.6893,23886.0
16:25:32,6426.28,6385.0,-474.0995,19227.0
16:25:32,6426.28,6390.0,-793.4493,21422.0
16:25:32,6426.28,6395.0,-973.4898,15499.0
16:25:32,6426.28,6400.0,-3307.7175,45009.0
16:25:32,6426.28,6405.0,-583.0231,15347.0
16:25:32,6426.28,6410.0,-1019.7592,25666.0
16:25:32,6426.28,6415.0,-1457.9422,30892.0
16:25:32,6426.28,6420.0,-1716.0207,40206.0
16:25:32,6426.28,6425.0,-2420.5493,35843.0
16:25:32,6426.28,6430.0,-1268.6042,35216.0
16:25:32,6426.28,6435.0,-545.0479,23974.0
16:25:32,6426.28,6440.0,-1215.8492,24096.0
16:25:32,6426.28,6445.0,-331.4907,18737.0
16:25:32,6426.28,6450.0,-1018.9549,31078.0
16:25:32,6426.28,6455.0,-69.3624,15389.0
16:25:32,6426.28,6460.0,-582.9065,22903.0
16:25:32,6426.28,6465.0,-293.6244,16042.0
16:25:32,6426.28,6470.0,-815.7776,21052.0
16:25:32,6426.28,6475.0,-568.1989,21191.0
16:25:32,6426.28,6480.0,-354.5688,21615.0
16:25:32,6426.28,6485.0,-227.1986,15601.0
16:25:32,6426.28,6490.0,-471.191,18475.0
16:25:32,6426.28,6495.0,-107.0489,12683.0
16:25:32,6426.28,6500.0,-511.4283,41928.0
16:27:42,6430.58,6360.0,-343.0962,18858.0
16:27:42,6430.58,6365.0,-265.6186,18980.0
16:27:42,6430.58,6370.0,-475.8893,20840.0
16:27:42,6430.58,6375.0,-652.3745,26171.0
16:27:42,6430.58,6380.0,-742.0931,24792.0
16:27:42,6430.58,6385.0,-474.7342,19383.0
16:27:42,6430.58,6390.0,-794.5114,21679.0
16:27:42,6430.58,6395.0,-974.793,15737.0
16:27:42,6430.58,6400.0,-3312.1456,45556.0
16:27:42,6430.58,6405.0,-583.8036,15633.0
16:27:42,6430.58,6410.0,-993.1574,26123.0
16:27:42,6430.58,6415.0,-1435.6,31201.0
16:27:42,6430.58,6420.0,-1718.318,40652.0
16:27:42,6430.58,6425.0,-2306.4882,36488.0
16:27:42,6430.58,6430.0,-1225.9861,36164.0
16:27:42,6430.58,6435.0,-548.9354,24467.0
16:27:42,6430.58,6440.0,-1216.5773,24511.0
16:27:42,6430.58,6445.0,-347.5992,18972.0
16:27:42,6430.58,6450.0,-1080.2746,31552.0
16:27:42,6430.58,6455.0,-60.1902,15675.0
16:27:42,6430.58,6460.0,-583.6868,23354.0
16:27:42,6430.58,6465.0,-294.0174,16215.0
16:27:42,6430.58,6470.0,-816.8697,21285.0
16:27:42,6430.58,6475.0,-568.9596,21329.0
16:27:42,6430.58,6480.0,-390.4606,21867.0
16:27:42,6430.58,6485.0,-246.5194,15850.0
16:27:42,6430.58,6490.0,-503.1117,18994.0
16:27:42,6430.58,6495.0,-114.4599,12880.0
16:27:42,6430.58,6500.0,-570.0406,43148.0
16:27:42,6430.58,6505.0,-108.2394,17556.0
16:29:52,6431.99,6360.0,-343.2467,19056.0
16:29:52,6431.99,6365.0,-265.7351,19209.0
16:29:52,6431.99,6370.0,-476.4964,21180.0
16:29:52,6431.99,6375.0,-622.3307,27044.0
16:29:52,6431.99,6380.0,-692.132,25482.0
16:29:52,6431.99,6385.0,-411.5359,19616.0
16:29:52,6431.99,6390.0,-693.2035,22162.0
16:29:52,6431.99,6395.0,-848.2529,16071.0
16:29:52,6431.99,6400.0,-2928.0051,46266.0
16:29:52,6431.99,6405.0,-498.0644,15899.0
16:29:52,6431.99,6410.0,-993.593,26539.0
16:29:52,6431.99,6415.0,-1436.2296,31531.0
16:29:52,6431.99,6420.0,-1723.6291,41190.0
16:29:52,6431.99,6425.0,-2312.334,36941.0
16:29:52,6431.99,6430.0,-1249.6917,37372.0
16:29:52,6431.99,6435.0,-563.6767,25181.0
16:29:52,6431.99,6440.0,-1290.1441,25349.0
16:29:52,6431.99,6445.0,-367.8687,19421.0
16:29:52,6431.99,6450.0,-1065.6015,32348.0
16:29:52,6431.99,6455.0,-76.3469,16002.0
16:29:52,6431.99,6460.0,-659.858,23655.0
16:29:52,6431.99,6465.0,-323.2143,16503.0
16:29:52,6431.99,6470.0,-930.1985,21658.0
16:29:52,6431.99,6475.0,-662.7168,21669.0
16:29:52,6431.99,6480.0,-406.907,22149.0
16:29:52,6431.99,6485.0,-262.7102,16440.0
16:29:52,6431.99,6490.0,-503.3324,19222.0
16:29:52,6431.99,6495.0,-114.5101,13066.0
16:29:52,6431.99,6500.0,-590.6329,44970.0
16:29:52,6431.99,6505.0,-106.2846,17617.0
16:32:01,6441.48,6370.0,-348.2938,21527.0
16:32:01,6441.48,6375.0,-484.1131,27711.0
16:32:01,6441.48,6380.0,-694.7164,26940.0
16:32:01,6441.48,6385.0,-413.5499,19907.0
16:32:01,6441.48,6390.0,-584.0354,22727.0
16:32:01,6441.48,6395.0,-716.9257,16391.0
16:32:01,6441.48,6400.0,-2509.3176,47339.0
16:32:01,6441.48,6405.0,-441.9009,16170.0
16:32:01,6441.48,6410.0,-803.7902,27596.0
16:32:01,6441.48,6415.0,-1205.7503,32059.0
16:32:01,6441.48,6420.0,-1502.8318,41972.0
16:32:01,6441.48,6425.0,-2199.8065,37707.0
16:32:01,6441.48,6430.0,-1253.3822,38718.0
16:32:01,6441.48,6435.0,-557.4119,26303.0
16:32:01,6441.48,6440.0,-1305.5781,26354.0
16:32:01,6441.48,6445.0,-374.7893,19777.0
16:32:01,6441.48,6450.0,-1147.598,33472.0
16:32:01,6441.48,6455.0,-82.1168,16407.0
16:32:01,6441.48,6460.0,-718.5548,24294.0
16:32:01,6441.48,6465.0,-364.367,16935.0
16:32:01,6441.48,6470.0,-1059.0332,22302.0
16:32:01,6441.48,6475.0,-755.8772,22387.0
16:32:01,6441.48,6480.0,-484.4365,23226.0
16:32:01,6441.48,6485.0,-316.0657,17000.0
16:32:01,6441.48,6490.0,-661.3563,19750.0
16:32:01,6441.48,6495.0,-153.4568,13633.0
16:32:01,6441.48,6500.0,-592.377,45644.0
16:32:01,6441.48,6505.0,-131.2794,17921.0
16:32:01,6441.48,6510.0,-172.8757,13558.0
16:32:01,6441.48,6515.0,-12.2223,7728.0
16:34:11,6443.83,6370.0,-348.548,21886.0
16:34:11,6443.83,6375.0,-484.4664,28300.0
16:34:11,6443.83,6380.0,-695.2234,27929.0
16:34:11,6443.83,6385.0,-413.8517,20273.0
16:34:11,6443.83,6390.0,-584.4616,23097.0
16:34:11,6443.83,6395.0,-687.3743,16901.0
16:34:11,6443.83,6400.0,-2511.1489,47970.0
16:34:11,6443.83,6405.0,-442.2234,16587.0
16:34:11,6443.83,6410.0,-804.3768,28533.0
16:34:11,6443.83,6415.0,-1206.6302,32614.0
16:34:11,6443.83,6420.0,-1503.9285,42654.0
16:34:11,6443.83,6425.0,-2201.4119,38373.0
16:34:11,6443.83,6430.0,-1172.2135,39609.0
16:34:11,6443.83,6435.0,-541.591,27233.0
16:34:11,6443.83,6440.0,-1275.0367,28233.0
16:34:11,6443.83,6445.0,-371.5609,20985.0
16:34:11,6443.83,6450.0,-1204.4343,34791.0
16:34:11,6443.83,6455.0,-81.7275,17049.0
16:34:11,6443.83,6460.0,-725.4495,25282.0
16:34:11,6443.83,6465.0,-366.8678,17529.0
16:34:11,6443.83,6470.0,-1072.3836,22864.0
16:34:11,6443.83,6475.0,-748.5086,23833.0
16:34:11,6443.83,6480.0,-484.79,24243.0
16:34:11,6443.83,6485.0,-316.2963,17593.0
16:34:11,6443.83,6490.0,-661.8389,20175.0
16:34:11,6443.83,6495.0,-156.5681,14087.0
16:34:11,6443.83,6500.0,-786.2623,46751.0
16:34:11,6443.83,6505.0,-131.3752,18483.0
16:34:11,6443.83,6510.0,-173.0019,14100.0
16:34:11,6443.83,6515.0,-10.1974,7926.0
16:36:21,6440.58,6370.0,-357.3721,22285.0
16:36:21,6440.58,6375.0,-492.4842,28450.0
16:36:21,6440.58,6380.0,-564.9406,28834.0
16:36:21,6440.58,6385.0,-332.6887,20503.0
16:36:21,6440.58,6390.0,-565.1282,23604.0
16:36:21,6440.58,6395.0,-688.2112,17078.0
16:36:21,6440.58,6400.0,-2403.9187,48615.0
16:36:21,6440.58,6405.0,-433.7377,16864.0
16:36:21,6440.58,6410.0,-783.5204,28825.0
16:36:21,6440.58,6415.0,-1205.4134,32786.0
16:36:21,6440.58,6420.0,-1502.4119,43226.0
16:36:21,6440.58,6425.0,-2199.1919,38776.0
16:36:21,6440.58,6430.0,-1169.8991,40015.0
16:36:21,6440.58,6435.0,-541.1887,27572.0
16:36:21,6440.58,6440.0,-1273.7746,29193.0
16:36:21,6440.58,6445.0,-368.4668,22039.0
16:36:21,6440.58,6450.0,-1205.3031,35382.0
16:36:21,6440.58,6455.0,-80.9926,17308.0
16:36:21,6440.58,6460.0,-707.7078,25722.0
16:36:21,6440.58,6465.0,-362.5619,17853.0
16:36:21,6440.58,6470.0,-1057.1653,23204.0
16:36:21,6440.58,6475.0,-757.4375,24289.0
16:36:21,6440.58,6480.0,-500.9899,24667.0
16:36:21,6440.58,6485.0,-327.8344,17815.0
16:36:21,6440.58,6490.0,-648.6205,20725.0
16:36:21,6440.58,6495.0,-149.0416,14295.0
16:36:21,6440.58,6500.0,-736.1349,47326.0
16:36:21,6440.58,6505.0,-133.1331,18733.0
16:36:21,6440.58,6510.0,-173.7061,14493.0
16:36:21,6440.58,6515.0,-10.1623,8112.0
16:38:30,6440.18,6370.0,-354.139,22687.0
16:38:30,6440.18,6375.0,-490.4067,28779.0
16:38:30,6440.18,6380.0,-554.8037,29687.0
16:38:30,6440.18,6385.0,-341.8793,21185.0
16:38:30,6440.18,6390.0,-580.8322,24105.0
16:38:30,6440.18,6395.0,-711.2714,17504.0
16:38:30,6440.18,6400.0,-2558.0081,49479.0
16:38:30,6440.18,6405.0,-445.7909,17145.0
16:38:30,6440.18,6410.0,-807.6119,29313.0
16:38:30,6440.18,6415.0,-1198.6006,32995.0
16:38:30,6440.18,6420.0,-1497.6525,43831.0
16:38:30,6440.18,6425.0,-2182.058,39274.0
16:38:30,6440.18,6430.0,-1196.4781,40880.0
16:38:30,6440.18,6435.0,-540.5151,28535.0
16:38:30,6440.18,6440.0,-1296.7897,31018.0
16:38:30,6440.18,6445.0,-375.5737,22874.0
16:38:30,6440.18,6450.0,-1216.6285,36330.0
16:38:30,6440.18,6455.0,-81.856,17657.0
16:38:30,6440.18,6460.0,-713.6022,26177.0
16:38:30,6440.18,6465.0,-363.1064,18485.0
16:38:30,6440.18,6470.0,-1056.7953,23576.0
16:38:30,6440.18,6475.0,-753.7387,25042.0
16:38:30,6440.18,6480.0,-475.1287,25224.0
16:38:30,6440.18,6485.0,-308.8236,18360.0
16:38:30,6440.18,6490.0,-632.4634,21024.0
16:38:30,6440.18,6495.0,-146.1072,14520.0
16:38:30,6440.18,6500.0,-710.4653,47902.0
16:38:30,6440.18,6505.0,-130.7771,19081.0
16:38:30,6440.18,6510.0,-173.6845,14701.0
16:38:30,6440.18,6515.0,-10.161,8211.0
16:40:40,6434.47,6360.0,-343.5114,20591.0
16:40:40,6434.47,6365.0,-265.94,20260.0
16:40:40,6434.47,6370.0,-353.5113,22880.0
16:40:40,6434.47,6375.0,-489.2014,29104.0
16:40:40,6434.47,6380.0,-650.9202,30190.0
16:40:40,6434.47,6385.0,-401.9415,21452.0
16:40:40,6434.47,6390.0,-579.8027,24476.0
16:40:40,6434.47,6395.0,-710.0107,17689.0
16:40:40,6434.47,6400.0,-2553.4741,50188.0
16:40:40,6434.47,6405.0,-445.0007,17455.0
16:40:40,6434.47,6410.0,-806.1805,29800.0
16:40:40,6434.47,6415.0,-1196.4761,33230.0
16:40:40,6434.47,6420.0,-1494.9979,44294.0
16:40:40,6434.47,6425.0,-2171.1128,39605.0
16:40:40,6434.47,6430.0,-1191.7262,41447.0
16:40:40,6434.47,6435.0,-563.8641,29320.0
16:40:40,6434.47,6440.0,-1303.7935,32172.0
16:40:40,6434.47,6445.0,-374.908,23503.0
16:40:40,6434.47,6450.0,-1210.4777,37110.0
16:40:40,6434.47,6455.0,-81.7109,17843.0
16:40:40,6434.47,6460.0,-712.3374,26551.0
16:40:40,6434.47,6465.0,-362.4628,18641.0
16:40:40,6434.47,6470.0,-1054.9222,23852.0
16:40:40,6434.47,6475.0,-752.4027,25525.0
16:40:40,6434.47,6480.0,-417.9546,25485.0
16:40:40,6434.47,6485.0,-275.1402,18626.0
16:40:40,6434.47,6490.0,-555.0312,21213.0
16:40:40,6434.47,6495.0,-168.6984,14705.0
16:40:40,6434.47,6500.0,-709.2061,48436.0
16:40:40,6434.47,6505.0,-130.5453,19441.0
16:42:50,6430.9,6360.0,-325.6296,20808.0
16:42:50,6430.9,6365.0,-257.1722,20772.0
16:42:50,6430.9,6370.0,-458.2853,23302.0
16:42:50,6430.9,6375.0,-629.4803,29448.0
16:42:50,6430.9,6380.0,-729.3912,31029.0
16:42:50,6430.9,6385.0,-401.4956,21784.0
16:42:50,6430.9,6390.0,-676.4629,24869.0
16:42:50,6430.9,6395.0,-812.6933,17900.0
16:42:50,6430.9,6400.0,-2843.1361,51223.0
16:42:50,6430.9,6405.0,-490.5431,17843.0
16:42:50,6430.9,6410.0,-929.8452,30346.0
16:42:50,6430.9,6415.0,-1364.1711,33670.0
16:42:50,6430.9,6420.0,-1676.3895,45294.0
16:42:50,6430.9,6425.0,-2168.7043,40408.0
16:42:50,6430.9,6430.0,-1271.2074,43075.0
16:42:50,6430.9,6435.0,-563.2386,30382.0
16:42:50,6430.9,6440.0,-1297.382,33242.0
16:42:50,6430.9,6445.0,-372.8291,24057.0
16:42:50,6430.9,6450.0,-1136.7522,37841.0
16:42:50,6430.9,6455.0,-78.4948,18282.0
16:42:50,6430.9,6460.0,-673.6169,27196.0
16:42:50,6430.9,6465.0,-337.2844,19148.0
16:42:50,6430.9,6470.0,-951.9791,24162.0
16:42:50,6430.9,6475.0,-668.3611,25884.0
16:42:50,6430.9,6480.0,-374.8387,25892.0
16:42:50,6430.9,6485.0,-251.7179,19159.0
16:42:50,6430.9,6490.0,-512.3196,21450.0
16:42:50,6430.9,6495.0,-168.5113,14899.0
16:42:50,6430.9,6500.0,-571.5418,48975.0
16:42:50,6430.9,6505.0,-99.8894,19635.0
16:45:00,6432.14,6360.0,-296.7055,21177.0
16:45:00,6432.14,6365.0,-236.7533,20861.0
16:45:00,6432.14,6370.0,-421.0933,23472.0
16:45:00,6432.14,6375.0,-590.7449,29658.0
16:45:00,6432.14,6380.0,-684.703,31541.0
16:45:00,6432.14,6385.0,-416.4155,22041.0
16:45:00,6432.14,6390.0,-705.3738,25088.0
16:45:00,6432.14,6395.0,-856.0971,18075.0
16:45:00,6432.14,6400.0,-2972.5542,51898.0
16:45:00,6432.14,6405.0,-512.9046,17958.0
16:45:00,6432.14,6410.0,-924.1391,30484.0
16:45:00,6432.14,6415.0,-1365.7707,33814.0
16:45:00,6432.14,6420.0,-1688.0453,45495.0
16:45:00,6432.14,6425.0,-2402.4015,40644.0
16:45:00,6432.14,6430.0,-1296.768,43867.0
16:45:00,6432.14,6435.0,-586.4102,31228.0
16:45:00,6432.14,6440.0,-1344.628,33592.0
16:45:00,6432.14,6445.0,-370.7617,24331.0
16:45:00,6432.14,6450.0,-1196.204,38169.0
16:45:00,6432.14,6455.0,-78.4913,18530.0
16:45:00,6432.14,6460.0,-666.9573,27342.0
16:45:00,6432.14,6465.0,-331.6363,19533.0
16:45:00,6432.14,6470.0,-941.4419,24294.0
16:45:00,6432.14,6475.0,-657.8976,26013.0
16:45:00,6432.14,6480.0,-410.8413,26092.0
16:45:00,6432.14,6485.0,-264.9208,19575.0
16:45:00,6432.14,6490.0,-531.6912,21637.0
16:45:00,6432.14,6495.0,-120.3073,15054.0
16:45:00,6432.14,6500.0,-571.7622,49126.0
16:45:00,6432.14,6505.0,-102.2364,19683.0
16:47:09,6433.25,6360.0,-310.2096,21380.0
16:47:09,6433.25,6365.0,-247.6402,21018.0
16:47:09,6433.25,6370.0,-435.726,23636.0
16:47:09,6433.25,6375.0,-590.9488,29855.0
16:47:09,6433.25,6380.0,-684.9393,31851.0
16:47:09,6433.25,6385.0,-416.5592,22165.0
16:47:09,6433.25,6390.0,-710.8367,25258.0
16:47:09,6433.25,6395.0,-864.1889,18371.0
16:47:09,6433.25,6400.0,-3010.3776,52392.0
16:47:09,6433.25,6405.0,-518.1386,18061.0
16:47:09,6433.25,6410.0,-943.2608,30671.0
16:47:09,6433.25,6415.0,-1396.8612,33946.0
16:47:09,6433.25,6420.0,-1722.6907,45721.0
16:47:09,6433.25,6425.0,-2456.4746,40976.0
16:47:09,6433.25,6430.0,-1333.2319,44694.0
16:47:09,6433.25,6435.0,-603.3987,31738.0
16:47:09,6433.25,6440.0,-1384.07,33855.0
16:47:09,6433.25,6445.0,-389.3417,24611.0
16:47:09,6433.25,6450.0,-1225.8766,38586.0
16:47:09,6433.25,6455.0,-79.6548,18731.0
16:47:09,6433.25,6460.0,-674.7078,27462.0
16:47:09,6433.25,6465.0,-334.354,19661.0
16:47:09,6433.25,6470.0,-949.5376,24450.0
16:47:09,6433.25,6475.0,-653.7091,26187.0
16:47:09,6433.25,6480.0,-410.9831,26359.0
16:47:09,6433.25,6485.0,-265.0123,19678.0
16:47:09,6433.25,6490.0,-531.8747,21801.0
16:47:09,6433.25,6495.0,-120.3488,15143.0
16:47:09,6433.25,6500.0,-554.3291,49299.0
16:47:09,6433.25,6505.0,-96.6829,19757.0
16:49:19,6434.54,6360.0,-310.334,21458.0
16:49:19,6434.54,6365.0,-247.7395,21072.0
16:49:19,6434.54,6370.0,-435.9008,23794.0
16:49:19,6434.54,6375.0,-572.9018,30085.0
16:49:19,6434.54,6380.0,-651.5841,32175.0
16:49:19,6434.54,6385.0,-407.2428,22460.0
16:49:19,6434.54,6390.0,-711.1218,25403.0
16:49:19,6434.54,6395.0,-864.5355,18476.0
16:49:19,6434.54,6400.0,-3011.585,52813.0
16:49:19,6434.54,6405.0,-518.3465,18148.0
16:49:19,6434.54,6410.0,-943.6391,30819.0
16:49:19,6434.54,6415.0,-1397.4215,34090.0
16:49:19,6434.54,6420.0,-1723.3816,45860.0
16:49:19,6434.54,6425.0,-2428.8734,41139.0
16:49:19,6434.54,6430.0,-1325.7992,45421.0
16:49:19,6434.54,6435.0,-601.2802,32075.0
16:49:19,6434.54,6440.0,-1387.9039,34091.0
16:49:19,6434.54,6445.0,-388.8369,24725.0
16:49:19,6434.54,6450.0,-1226.3683,38909.0
16:49:19,6434.54,6455.0,-79.6868,18869.0
16:49:19,6434.54,6460.0,-674.9784,27582.0
16:49:19,6434.54,6465.0,-334.4881,19771.0
16:49:19,6434.54,6470.0,-949.9184,24817.0
16:49:19,6434.54,6475.0,-653.9713,26430.0
16:49:19,6434.54,6480.0,-418.8844,26862.0
16:49:19,6434.54,6485.0,-266.8885,19850.0
16:49:19,6434.54,6490.0,-539.8435,21944.0
16:49:19,6434.54,6495.0,-122.0219,15221.0
16:49:19,6434.54,6500.0,-554.5514,49498.0
16:49:19,6434.54,6505.0,-96.7217,19877.0
16:51:29,6437.03,6365.0,-207.4352,21142.0
16:51:29,6437.03,6370.0,-380.3158,23924.0
16:51:29,6437.03,6375.0,-524.6751,30253.0
16:51:29,6437.03,6380.0,-591.595,32495.0
16:51:29,6437.03,6385.0,-376.1214,22628.0
16:51:29,6437.03,6390.0,-711.6723,25581.0
16:51:29,6437.03,6395.0,-865.2047,18597.0
16:51:29,6437.03,6400.0,-3013.9163,53293.0
16:51:29,6437.03,6405.0,-493.5221,18279.0
16:51:29,6437.03,6410.0,-902.3036,31060.0
16:51:29,6437.03,6415.0,-1347.8974,34263.0
16:51:29,6437.03,6420.0,-1679.6723,46139.0
16:51:29,6437.03,6425.0,-2450.7509,41372.0
16:51:29,6437.03,6430.0,-1337.9528,46274.0
16:51:29,6437.03,6435.0,-609.8521,32611.0
16:51:29,6437.03,6440.0,-1410.9106,34647.0
16:51:29,6437.03,6445.0,-403.4865,25206.0
16:51:29,6437.03,6450.0,-1276.2032,39572.0
16:51:29,6437.03,6455.0,-84.6437,19131.0
16:51:29,6437.03,6460.0,-721.7721,27732.0
16:51:29,6437.03,6465.0,-358.4578,19866.0
16:51:29,6437.03,6470.0,-950.6538,24977.0
16:51:29,6437.03,6475.0,-636.237,26621.0
16:51:29,6437.03,6480.0,-419.2087,27273.0
16:51:29,6437.03,6485.0,-284.5031,20081.0
16:51:29,6437.03,6490.0,-581.5747,22075.0
16:51:29,6437.03,6495.0,-131.6062,15328.0
16:51:29,6437.03,6500.0,-554.9807,49673.0
16:51:29,6437.03,6505.0,-111.8832,19940.0
16:51:29,6437.03,6510.0,-173.5146,15313.0
16:53:38,6433.26,6360.0,-283.2472,21816.0
16:53:38,6433.26,6365.0,-237.7536,21391.0
16:53:38,6433.26,6370.0,-379.7329,24042.0
16:53:38,6433.26,6375.0,-524.0607,30435.0
16:53:38,6433.26,6380.0,-590.9023,32754.0
16:53:38,6433.26,6385.0,-414.1147,22740.0
16:53:38,6433.26,6390.0,-691.2044,25796.0
16:53:38,6433.26,6395.0,-840.0016,18750.0
16:53:38,6433.26,6400.0,-2925.5239,54029.0
16:53:38,6433.26,6405.0,-509.8577,18576.0
16:53:38,6433.26,6410.0,-923.1377,31242.0
16:53:38,6433.26,6415.0,-1400.0538,34428.0
16:53:38,6433.26,6420.0,-1727.4651,46403.0
16:53:38,6433.26,6425.0,-2483.4782,41813.0
16:53:38,6433.26,6430.0,-1351.6568,46914.0
16:53:38,6433.26,6435.0,-610.9857,33212.0
16:53:38,6433.26,6440.0,-1400.1361,35249.0
16:53:38,6433.26,6445.0,-395.9204,25537.0
16:53:38,6433.26,6450.0,-1243.9276,40060.0
16:53:38,6433.26,6455.0,-81.1818,19387.0
16:53:38,6433.26,6460.0,-699.0021,28021.0
16:53:38,6433.26,6465.0,-344.8704,20062.0
16:53:38,6433.26,6470.0,-973.2015,25148.0
16:53:38,6433.26,6475.0,-676.3984,26892.0
16:53:38,6433.26,6480.0,-418.8592,27509.0
16:53:38,6433.26,6485.0,-284.17,20250.0
16:53:38,6433.26,6490.0,-580.8937,22249.0
16:53:38,6433.26,6495.0,-117.72,15396.0
16:53:38,6433.26,6500.0,-574.9202,49981.0
16:53:38,6433.26,6505.0,-111.7522,19992.0
16:55:48,6432.61,6360.0,-309.52,21876.0
16:55:48,6432.61,6365.0,-236.401,21492.0
16:55:48,6432.61,6370.0,-435.1329,24099.0
16:55:48,6432.61,6375.0,-588.4532,30525.0
16:55:48,6432.61,6380.0,-664.5483,32905.0
16:55:48,6432.61,6385.0,-416.1055,22830.0
16:55:48,6432.61,6390.0,-708.8987,25921.0
16:55:48,6432.61,6395.0,-858.0389,18834.0
16:55:48,6432.61,6400.0,-2984.6996,54267.0
16:55:48,6432.61,6405.0,-509.7547,18636.0
16:55:48,6432.61,6410.0,-922.9512,31513.0
16:55:48,6432.61,6415.0,-1399.7709,34584.0
16:55:48,6432.61,6420.0,-1727.116,46606.0
16:55:48,6432.61,6425.0,-2503.5459,42064.0
16:55:48,6432.61,6430.0,-1350.3506,47313.0
16:55:48,6432.61,6435.0,-609.7168,33673.0
16:55:48,6432.61,6440.0,-1395.2706,35573.0
16:55:48,6432.61,6445.0,-396.401,25671.0
16:55:48,6432.61,6450.0,-1243.6762,40251.0
16:55:48,6432.61,6455.0,-81.1654,19501.0
16:55:48,6432.61,6460.0,-698.8609,28197.0
16:55:48,6432.61,6465.0,-337.4846,20137.0
16:55:48,6432.61,6470.0,-949.194,25217.0
16:55:48,6432.61,6475.0,-660.1009,26942.0
16:55:48,6432.61,6480.0,-409.8372,27580.0
16:55:48,6432.61,6485.0,-260.9555,20359.0
16:55:48,6432.61,6490.0,-591.5105,22345.0
16:55:48,6432.61,6495.0,-119.2167,15453.0
16:55:48,6432.61,6500.0,-592.6251,50154.0
16:55:48,6432.61,6505.0,-102.151,20014.0
16:57:58,6429.13,6355.0,-302.1113,16439.0
16:57:58,6429.13,6360.0,-336.4891,22094.0
16:57:58,6429.13,6365.0,-259.7338,21672.0
16:57:58,6429.13,6370.0,-434.6622,24224.0
16:57:58,6429.13,6375.0,-587.8166,30620.0
16:57:58,6429.13,6380.0,-663.622,33255.0
16:57:58,6429.13,6385.0,-461.6847,22943.0
16:57:58,6429.13,6390.0,-771.2774,26180.0
16:57:58,6429.13,6395.0,-935.013,19029.0
16:57:58,6429.13,6400.0,-2981.4711,54748.0
16:57:58,6429.13,6405.0,-509.2033,18761.0
16:57:58,6429.13,6410.0,-921.9528,31801.0
16:57:58,6429.13,6415.0,-1469.7214,34825.0
16:57:58,6429.13,6420.0,-1725.2478,47023.0
16:57:58,6429.13,6425.0,-2564.9629,42544.0
16:57:58,6429.13,6430.0,-1348.8899,48072.0
16:57:58,6429.13,6435.0,-608.9777,34010.0
16:57:58,6429.13,6440.0,-1393.7613,36453.0
16:57:58,6429.13,6445.0,-382.9971,25889.0
16:57:58,6429.13,6450.0,-1242.331,40642.0
16:57:58,6429.13,6455.0,-81.0776,19698.0
16:57:58,6429.13,6460.0,-698.1049,28362.0
16:57:58,6429.13,6465.0,-313.9467,20272.0
16:57:58,6429.13,6470.0,-871.6897,25544.0
16:57:58,6429.13,6475.0,-599.914,27299.0
16:57:58,6429.13,6480.0,-371.6671,28854.0
16:57:58,6429.13,6485.0,-260.6732,20677.0
16:57:58,6429.13,6490.0,-527.1156,22664.0
16:57:58,6429.13,6495.0,-108.5182,15550.0
16:57:58,6429.13,6500.0,-591.984,50536.0
17:00:08,6427.65,6355.0,-274.192,16521.0
17:00:08,6427.65,6360.0,-339.3354,22192.0
17:00:08,6427.65,6365.0,-273.1896,21724.0
17:00:08,6427.65,6370.0,-473.7758,24380.0
17:00:08,6427.65,6375.0,-653.6093,30845.0
17:00:08,6427.65,6380.0,-663.3165,33663.0
17:00:08,6427.65,6385.0,-461.4722,23196.0
17:00:08,6427.65,6390.0,-770.9223,26391.0
17:00:08,6427.65,6395.0,-942.9797,19368.0
17:00:08,6427.65,6400.0,-3270.414,55359.0
17:00:08,6427.65,6405.0,-568.1022,19001.0
17:00:08,6427.65,6410.0,-1011.7683,32092.0
17:00:08,6427.65,6415.0,-1486.5582,35102.0
17:00:08,6427.65,6420.0,-1795.8641,47521.0
17:00:08,6427.65,6425.0,-2559.9337,43205.0
17:00:08,6427.65,6430.0,-1367.4781,48918.0
17:00:08,6427.65,6435.0,-610.3087,34512.0
17:00:08,6427.65,6440.0,-1381.1272,36865.0
17:00:08,6427.65,6445.0,-381.6715,26100.0
17:00:08,6427.65,6450.0,-1187.2536,40999.0
17:00:08,6427.65,6455.0,-76.4751,20166.0
17:00:08,6427.65,6460.0,-641.9494,28690.0
17:00:08,6427.65,6465.0,-314.7075,20390.0
17:00:08,6427.65,6470.0,-871.2884,25687.0
17:00:08,6427.65,6475.0,-599.6379,27734.0
17:00:08,6427.65,6480.0,-371.496,29336.0
17:00:08,6427.65,6485.0,-227.235,20816.0
17:00:08,6427.65,6490.0,-460.225,22755.0
17:00:08,6427.65,6495.0,-104.0027,15658.0
17:00:08,6427.65,6500.0,-507.2615,50725.0
17:02:17,6423.77,6350.0,-1190.8183,35826.0
17:02:17,6423.77,6355.0,-312.9491,16592.0
17:02:17,6423.77,6360.0,-382.3115,22432.0
17:02:17,6423.77,6365.0,-302.0537,21844.0
17:02:17,6423.77,6370.0,-473.204,24769.0
17:02:17,6423.77,6375.0,-652.5884,31888.0
17:02:17,6423.77,6380.0,-826.3987,34506.0
17:02:17,6423.77,6385.0,-513.2738,23500.0
17:02:17,6423.77,6390.0,-878.4259,26887.0
17:02:17,6423.77,6395.0,-1043.0238,20285.0
17:02:17,6423.77,6400.0,-3569.0314,56133.0
17:02:17,6423.77,6405.0,-608.7533,19346.0
17:02:17,6423.77,6410.0,-1077.1395,32519.0
17:02:17,6423.77,6415.0,-1549.5391,35509.0
17:02:17,6423.77,6420.0,-1872.4436,48105.0
17:02:17,6423.77,6425.0,-2628.3507,44159.0
17:02:17,6423.77,6430.0,-1377.1041,49897.0
17:02:17,6423.77,6435.0,-601.2742,34934.0
17:02:17,6423.77,6440.0,-1335.5752,37222.0
17:02:17,6423.77,6445.0,-363.2902,26385.0
17:02:17,6423.77,6450.0,-1105.5567,41372.0
17:02:17,6423.77,6455.0,-69.836,20459.0
17:02:17,6423.77,6460.0,-572.3769,29103.0
17:02:17,6423.77,6465.0,-278.2738,20617.0
17:02:17,6423.77,6470.0,-861.1451,26010.0
17:02:17,6423.77,6475.0,-574.2907,28098.0
17:02:17,6423.77,6480.0,-295.4877,29758.0
17:02:17,6423.77,6485.0,-196.7762,21179.0
17:02:17,6423.77,6490.0,-473.2256,22946.0
17:02:17,6423.77,6495.0,-88.4073,15824.0
17:04:27,6425.59,6355.0,-313.1264,16734.0
17:04:27,6425.59,6360.0,-382.5281,22468.0
17:04:27,6425.59,6365.0,-302.2249,22531.0
17:04:27,6425.59,6370.0,-539.1684,24924.0
17:04:27,6425.59,6375.0,-754.8587,32001.0
17:04:27,6425.59,6380.0,-799.2155,35032.0
17:04:27,6425.59,6385.0,-513.5647,24265.0
17:04:27,6425.59,6390.0,-878.9237,27170.0
17:04:27,6425.59,6395.0,-990.333,20394.0
17:04:27,6425.59,6400.0,-3434.2733,56539.0
17:04:27,6425.59,6405.0,-595.1413,19551.0
17:04:27,6425.59,6410.0,-1055.1703,32793.0
17:04:27,6425.59,6415.0,-1546.7383,35721.0
17:04:27,6425.59,6420.0,-1858.0345,48767.0
17:04:27,6425.59,6425.0,-2617.552,45068.0
17:04:27,6425.59,6430.0,-1377.4097,50351.0
17:04:27,6425.59,6435.0,-602.1934,35231.0
17:04:27,6425.59,6440.0,-1348.1378,37530.0
17:04:27,6425.59,6445.0,-367.1825,26605.0
17:04:27,6425.59,6450.0,-1143.2318,41627.0
17:04:27,6425.59,6455.0,-73.3565,20661.0
17:04:27,6425.59,6460.0,-566.9201,29339.0
17:04:27,6425.59,6465.0,-278.4315,20818.0
17:04:27,6425.59,6470.0,-861.6331,26199.0
17:04:27,6425.59,6475.0,-574.6162,28445.0
17:04:27,6425.59,6480.0,-295.6551,29994.0
17:04:27,6425.59,6485.0,-196.8877,21387.0
17:04:27,6425.59,6490.0,-392.8457,23138.0
17:04:27,6425.59,6495.0,-88.4575,15870.0
17:04:27,6425.59,6500.0,-506.9364,52235.0
17:06:37,6423.34,6350.0,-1016.7087,36021.0
17:06:37,6423.34,6355.0,-312.699,16764.0
17:06:37,6423.34,6360.0,-390.1361,22508.0
17:06:37,6423.34,6365.0,-292.0288,22622.0
17:06:37,6423.34,6370.0,-563.5646,25043.0
17:06:37,6423.34,6375.0,-767.6812,32135.0
17:06:37,6423.34,6380.0,-860.3755,35183.0
17:06:37,6423.34,6385.0,-496.524,24358.0
17:06:37,6423.34,6390.0,-896.5181,27281.0
17:06:37,6423.34,6395.0,-1077.9129,20986.0
17:06:37,6423.34,6400.0,-3665.9008,56853.0
17:06:37,6423.34,6405.0,-623.6533,19669.0
17:06:37,6423.34,6410.0,-1095.1351,33503.0
17:06:37,6423.34,6415.0,-1578.4877,35888.0
17:06:37,6423.34,6420.0,-1894.487,49364.0
17:06:37,6423.34,6425.0,-2641.8361,45922.0
17:06:37,6423.34,6430.0,-1373.0865,50909.0
17:06:37,6423.34,6435.0,-599.542,35464.0
17:06:37,6423.34,6440.0,-1312.1609,38081.0
17:06:37,6423.34,6445.0,-357.3064,26748.0
17:06:37,6423.34,6450.0,-1076.0537,41895.0
17:06:37,6423.34,6455.0,-67.3593,20860.0
17:06:37,6423.34,6460.0,-607.4954,29654.0
17:06:37,6423.34,6465.0,-289.6358,20924.0
17:06:37,6423.34,6470.0,-723.0383,26371.0
17:06:37,6423.34,6475.0,-521.1039,28578.0
17:06:37,6423.34,6480.0,-309.6775,30260.0
17:06:37,6423.34,6485.0,-196.7499,21500.0
17:06:37,6423.34,6490.0,-405.3883,23249.0
17:06:37,6423.34,6495.0,-91.1057,15967.0
17:08:47,6417.27,6345.0,-287.1062,15448.0
17:08:47,6417.27,6350.0,-1133.5568,36258.0
17:08:47,6417.27,6355.0,-343.2109,16895.0
17:08:47,6417.27,6360.0,-453.6901,22662.0
17:08:47,6417.27,6365.0,-305.3425,22800.0
17:08:47,6417.27,6370.0,-562.5,25244.0
17:08:47,6417.27,6375.0,-766.231,32956.0
17:08:47,6417.27,6380.0,-954.0603,35570.0
17:08:47,6417.27,6385.0,-578.5858,24550.0
17:08:47,6417.27,6390.0,-981.5145,27549.0
17:08:47,6417.27,6395.0,-1160.7545,21370.0
17:08:47,6417.27,6400.0,-3957.2566,57589.0
17:08:47,6417.27,6405.0,-665.5123,19895.0
17:08:47,6417.27,6410.0,-1149.9471,33945.0
17:08:47,6417.27,6415.0,-1643.343,36331.0
17:08:47,6417.27,6420.0,-1889.0689,50072.0
17:08:47,6417.27,6425.0,-2644.6134,46547.0
17:08:47,6417.27,6430.0,-1355.8887,51431.0
17:08:47,6417.27,6435.0,-578.9955,35950.0
17:08:47,6417.27,6440.0,-1256.7928,38569.0
17:08:47,6417.27,6445.0,-333.6421,27073.0
17:08:47,6417.27,6450.0,-990.0471,42346.0
17:08:47,6417.27,6455.0,-67.232,21250.0
17:08:47,6417.27,6460.0,-562.5855,30000.0
17:08:47,6417.27,6465.0,-265.2495,21274.0
17:08:47,6417.27,6470.0,-727.8761,26782.0
17:08:47,6417.27,6475.0,-449.489,28942.0
17:08:47,6417.27,6480.0,-272.2577,30567.0
17:08:47,6417.27,6485.0,-164.5696,21705.0
17:08:47,6417.27,6490.0,-361.4325,23493.0
17:10:56,6415.74,6345.0,-321.0351,15731.0
17:10:56,6415.74,6350.0,-1210.7344,36437.0
17:10:56,6415.74,6355.0,-343.0472,17053.0
17:10:56,6415.74,6360.0,-457.2991,22855.0
17:10:56,6415.74,6365.0,-305.1969,22918.0
17:10:56,6415.74,6370.0,-637.6171,25705.0
17:10:56,6415.74,6375.0,-868.7343,33284.0
17:10:56,6415.74,6380.0,-1003.2453,36343.0
17:10:56,6415.74,6385.0,-578.3099,24864.0
17:10:56,6415.74,6390.0,-981.0465,28200.0
17:10:56,6415.74,6395.0,-1160.2011,21671.0
17:10:56,6415.74,6400.0,-3955.3699,58563.0
17:10:56,6415.74,6405.0,-665.195,20402.0
17:10:56,6415.74,6410.0,-1151.2463,34722.0
17:10:56,6415.74,6415.0,-1629.5942,37060.0
17:10:56,6415.74,6420.0,-1909.5739,51112.0
17:10:56,6415.74,6425.0,-2587.7729,47430.0
17:10:56,6415.74,6430.0,-1355.2423,52210.0
17:10:56,6415.74,6435.0,-578.7194,36264.0
17:10:56,6415.74,6440.0,-1256.1936,39090.0
17:10:56,6415.74,6445.0,-333.483,27410.0
17:10:56,6415.74,6450.0,-989.5751,42862.0
17:10:56,6415.74,6455.0,-67.2,21543.0
17:10:56,6415.74,6460.0,-562.3173,30435.0
17:10:56,6415.74,6465.0,-265.1231,21705.0
17:10:56,6415.74,6470.0,-727.5291,27103.0
17:10:56,6415.74,6475.0,-428.5703,29344.0
17:10:56,6415.74,6480.0,-272.1279,30996.0
17:10:56,6415.74,6485.0,-161.4626,22000.0
17:10:56,6415.74,6490.0,-327.7607,23693.0
17:13:06,6416.94,6345.0,-301.9142,15842.0
17:13:06,6416.94,6350.0,-1156.5453,36611.0
17:13:06,6416.94,6355.0,-364.2351,17339.0
17:13:06,6416.94,6360.0,-426.8495,23113.0
17:13:06,6416.94,6365.0,-336.7574,23263.0
17:13:06,6416.94,6370.0,-610.9441,26177.0
17:13:06,6416.94,6375.0,-869.0593,33593.0
17:13:06,6416.94,6380.0,-1003.4058,37011.0
17:13:06,6416.94,6385.0,-611.4291,25150.0
17:13:06,6416.94,6390.0,-1008.7929,28812.0
17:13:06,6416.94,6395.0,-1186.2953,22127.0
17:13:06,6416.94,6400.0,-4010.6654,59721.0
17:13:06,6416.94,6405.0,-672.5226,20938.0
17:13:06,6416.94,6410.0,-1161.9937,35483.0
17:13:06,6416.94,6415.0,-1637.144,38072.0
17:13:06,6416.94,6420.0,-1920.726,52281.0
17:13:06,6416.94,6425.0,-2594.9137,47969.0
17:13:06,6416.94,6430.0,-1325.0752,52859.0
17:13:06,6416.94,6435.0,-560.8264,36575.0
17:13:06,6416.94,6440.0,-1202.8801,39533.0
17:13:06,6416.94,6445.0,-322.9404,27623.0
17:13:06,6416.94,6450.0,-952.6269,43151.0
17:13:06,6416.94,6455.0,-58.771,21766.0
17:13:06,6416.94,6460.0,-492.54,30760.0
17:13:06,6416.94,6465.0,-240.5501,21949.0
17:13:06,6416.94,6470.0,-629.5233,27365.0
17:13:06,6416.94,6475.0,-454.2563,29634.0
17:13:06,6416.94,6480.0,-262.1543,31172.0
17:13:06,6416.94,6485.0,-161.523,22121.0
17:13:06,6416.94,6490.0,-325.7692,23760.0
17:15:16,6418.65,6345.0,-302.0751,15862.0
17:15:16,6418.65,6350.0,-1157.1617,36701.0
17:15:16,6418.65,6355.0,-322.6743,17381.0
17:15:16,6418.65,6360.0,-411.06,23204.0
17:15:16,6418.65,6365.0,-336.9369,23358.0
17:15:16,6418.65,6370.0,-611.2698,26303.0
17:15:16,6418.65,6375.0,-857.02,33735.0
17:15:16,6418.65,6380.0,-957.1747,37251.0
17:15:16,6418.65,6385.0,-597.6206,25278.0
17:15:16,6418.65,6390.0,-997.4545,29137.0
17:15:16,6418.65,6395.0,-1182.7089,22438.0
17:15:16,6418.65,6400.0,-3997.0484,60261.0
17:15:16,6418.65,6405.0,-671.1883,21093.0
17:15:16,6418.65,6410.0,-1167.8043,36033.0
17:15:16,6418.65,6415.0,-1660.8539,38551.0
17:15:16,6418.65,6420.0,-1952.8213,53000.0
17:15:16,6418.65,6425.0,-2671.121,48236.0
17:15:16,6418.65,6430.0,-1370.9855,53148.0
17:15:16,6418.65,6435.0,-566.5539,36731.0
17:15:16,6418.65,6440.0,-1225.439,39998.0
17:15:16,6418.65,6445.0,-327.2735,27926.0
17:15:16,6418.65,6450.0,-987.0458,43567.0
17:15:16,6418.65,6455.0,-61.2259,21927.0
17:15:16,6418.65,6460.0,-499.1548,31044.0
17:15:16,6418.65,6465.0,-240.6783,22074.0
17:15:16,6418.65,6470.0,-629.8589,27531.0
17:15:16,6418.65,6475.0,-466.513,29785.0
17:15:16,6418.65,6480.0,-281.6893,31350.0
17:15:16,6418.65,6485.0,-175.537,22281.0
17:15:16,6418.65,6490.0,-325.9429,23813.0
17:17:25,6416.03,6345.0,-303.2643,15904.0
17:17:25,6416.03,6350.0,-1116.5377,36786.0
17:17:25,6416.03,6355.0,-322.4109,17423.0
17:17:25,6416.03,6360.0,-410.7245,23387.0
17:17:25,6416.03,6365.0,-336.6619,23531.0
17:17:25,6416.03,6370.0,-614.6175,26514.0
17:17:25,6416.03,6375.0,-896.3323,33948.0
17:17:25,6416.03,6380.0,-1009.9765,37697.0
17:17:25,6416.03,6385.0,-597.1329,25417.0
17:17:25,6416.03,6390.0,-996.6403,29402.0
17:17:25,6416.03,6395.0,-1181.7435,22605.0
17:17:25,6416.03,6400.0,-3993.786,60659.0
17:17:25,6416.03,6405.0,-670.6404,21361.0
17:17:25,6416.03,6410.0,-1166.5235,36380.0
17:17:25,6416.03,6415.0,-1659.4286,39181.0
17:17:25,6416.03,6420.0,-1951.7106,53819.0
17:17:25,6416.03,6425.0,-2668.9408,48534.0
17:17:25,6416.03,6430.0,-1369.8665,53454.0
17:17:25,6416.03,6435.0,-566.0914,36824.0
17:17:25,6416.03,6440.0,-1224.4388,40194.0
17:17:25,6416.03,6445.0,-327.0064,28076.0
17:17:25,6416.03,6450.0,-986.2402,44038.0
17:17:25,6416.03,6455.0,-61.176,22060.0
17:17:25,6416.03,6460.0,-498.7474,31214.0
17:17:25,6416.03,6465.0,-240.4819,22194.0
17:17:25,6416.03,6470.0,-629.3448,27714.0
17:17:25,6416.03,6475.0,-435.1582,29866.0
17:17:25,6416.03,6480.0,-285.9941,31454.0
17:17:25,6416.03,6485.0,-165.4092,22385.0
17:17:25,6416.03,6490.0,-326.4176,23922.0
17:19:35,6416.5,6345.0,-303.3087,15985.0
17:19:35,6416.5,6350.0,-1116.7013,36919.0
17:19:35,6416.5,6355.0,-353.5849,17616.0
17:19:35,6416.5,6360.0,-441.7266,23741.0
17:19:35,6416.5,6365.0,-348.1663,23660.0
17:19:35,6416.5,6370.0,-634.0555,26701.0
17:19:35,6416.5,6375.0,-896.4637,34127.0
17:19:35,6416.5,6380.0,-990.0299,38001.0
17:19:35,6416.5,6385.0,-617.7942,25573.0
17:19:35,6416.5,6390.0,-1025.8088,29543.0
17:19:35,6416.5,6395.0,-1181.9167,22704.0
17:19:35,6416.5,6400.0,-3994.3711,60998.0
17:19:35,6416.5,6405.0,-682.0418,21526.0
17:19:35,6416.5,6410.0,-1170.6182,36678.0
17:19:35,6416.5,6415.0,-1645.6203,39581.0
17:19:35,6416.5,6420.0,-1924.5262,54247.0
17:19:35,6416.5,6425.0,-2610.6336,48879.0
17:19:35,6416.5,6430.0,-1372.2797,53635.0
17:19:35,6416.5,6435.0,-561.7891,36917.0
17:19:35,6416.5,6440.0,-1224.6182,40684.0
17:19:35,6416.5,6445.0,-322.745,28171.0
17:19:35,6416.5,6450.0,-992.8332,44169.0
17:19:35,6416.5,6455.0,-59.7102,22098.0
17:19:35,6416.5,6460.0,-500.9817,31348.0
17:19:35,6416.5,6465.0,-232.1039,22314.0
17:19:35,6416.5,6470.0,-636.7102,28583.0
17:19:35,6416.5,6475.0,-434.062,29957.0
17:19:35,6416.5,6480.0,-286.036,31580.0
17:19:35,6416.5,6485.0,-165.4334,22497.0
17:19:35,6416.5,6490.0,-326.4654,23979.0
17:21:45,6419.87,6345.0,-303.6274,16028.0
17:21:45,6419.87,6350.0,-1117.8746,36952.0
17:21:45,6419.87,6355.0,-319.9716,17835.0
17:21:45,6419.87,6360.0,-416.6909,23796.0
17:21:45,6419.87,6365.0,-305.036,23738.0
17:21:45,6419.87,6370.0,-634.7217,26853.0
17:21:45,6419.87,6375.0,-882.366,34245.0
17:21:45,6419.87,6380.0,-991.0701,38229.0
17:21:45,6419.87,6385.0,-618.6693,25688.0
17:21:45,6419.87,6390.0,-962.4391,29688.0
17:21:45,6419.87,6395.0,-1155.5561,22848.0
17:21:45,6419.87,6400.0,-3962.0369,61540.0
17:21:45,6419.87,6405.0,-675.4435,21665.0
17:21:45,6419.87,6410.0,-1177.0428,36940.0
17:21:45,6419.87,6415.0,-1681.1915,40116.0
17:21:45,6419.87,6420.0,-1986.3107,54746.0
17:21:45,6419.87,6425.0,-2711.7832,49124.0
17:21:45,6419.87,6430.0,-1396.36,53981.0
17:21:45,6419.87,6435.0,-596.9724,37117.0
17:21:45,6419.87,6440.0,-1281.4761,40913.0
17:21:45,6419.87,6445.0,-345.0275,28221.0
17:21:45,6419.87,6450.0,-1032.3358,44521.0
17:21:45,6419.87,6455.0,-59.7729,22180.0
17:21:45,6419.87,6460.0,-486.1637,31509.0
17:21:45,6419.87,6465.0,-232.3477,22510.0
17:21:45,6419.87,6470.0,-637.3792,28714.0
17:21:45,6419.87,6475.0,-466.6613,30111.0
17:21:45,6419.87,6480.0,-282.2686,31670.0
17:21:45,6419.87,6485.0,-178.078,22655.0
17:21:45,6419.87,6490.0,-326.8084,24023.0
17:23:54,6418.07,6345.0,-274.5379,16067.0
17:23:54,6418.07,6350.0,-1018.06,37011.0
17:23:54,6418.07,6355.0,-325.018,17903.0
17:23:54,6418.07,6360.0,-416.4573,23905.0
17:23:54,6418.07,6365.0,-304.7338,23825.0
17:23:54,6418.07,6370.0,-593.6698,26976.0
17:23:54,6418.07,6375.0,-812.7349,34350.0
17:23:54,6418.07,6380.0,-933.4038,38471.0
17:23:54,6418.07,6385.0,-618.3224,25834.0
17:23:54,6418.07,6390.0,-961.8995,29940.0
17:23:54,6418.07,6395.0,-1154.9082,22938.0
17:23:54,6418.07,6400.0,-3959.8155,61931.0
17:23:54,6418.07,6405.0,-675.0648,21925.0
17:23:54,6418.07,6410.0,-1198.2329,37310.0
17:23:54,6418.07,6415.0,-1718.9301,40509.0
17:23:54,6418.07,6420.0,-2029.1917,55216.0
17:23:54,6418.07,6425.0,-2753.3747,49360.0
17:23:54,6418.07,6430.0,-1394.961,54270.0
17:23:54,6418.07,6435.0,-596.6377,37363.0
17:23:54,6418.07,6440.0,-1280.7576,41098.0
17:23:54,6418.07,6445.0,-344.834,28414.0
17:23:54,6418.07,6450.0,-1031.757,44770.0
17:23:54,6418.07,6455.0,-59.7394,22321.0
17:23:54,6418.07,6460.0,-485.8911,31607.0
17:23:54,6418.07,6465.0,-232.2175,22648.0
17:23:54,6418.07,6470.0,-664.3588,28991.0
17:23:54,6418.07,6475.0,-466.3997,30208.0
17:23:54,6418.07,6480.0,-282.1104,31861.0
17:23:54,6418.07,6485.0,-171.5867,22873.0
17:23:54,6418.07,6490.0,-341.6614,24088.0
17:26:04,6413.52,6340.0,-386.0098,21737.0
17:26:04,6413.52,6345.0,-312.4408,16104.0
17:26:04,6413.52,6350.0,-1289.4384,37153.0
17:26:04,6413.52,6355.0,-368.5231,17995.0
17:26:04,6413.52,6360.0,-476.8635,27113.0
17:26:04,6413.52,6365.0,-367.4025,23945.0
17:26:04,6413.52,6370.0,-592.8283,27275.0
17:26:04,6413.52,6375.0,-811.5829,34486.0
17:26:04,6413.52,6380.0,-932.3275,38769.0
17:26:04,6413.52,6385.0,-588.0662,25982.0
17:26:04,6413.52,6390.0,-993.6719,30360.0
17:26:04,6413.52,6395.0,-1181.8418,23343.0
17:26:04,6413.52,6400.0,-4087.561,62523.0
17:26:04,6413.52,6405.0,-729.8906,22243.0
17:26:04,6413.52,6410.0,-1249.2554,37969.0
17:26:04,6413.52,6415.0,-1753.5643,41082.0
17:26:04,6413.52,6420.0,-2027.6327,55796.0
17:26:04,6413.52,6425.0,-2749.4721,49840.0
17:26:04,6413.52,6430.0,-1404.521,54656.0
17:26:04,6413.52,6435.0,-598.6214,37579.0
17:26:04,6413.52,6440.0,-1295.5822,41277.0
17:26:04,6413.52,6445.0,-341.9868,28578.0
17:26:04,6413.52,6450.0,-1021.0951,45113.0
17:26:04,6413.52,6455.0,-59.6547,22481.0
17:26:04,6413.52,6460.0,-485.2024,31897.0
17:26:04,6413.52,6465.0,-202.1546,22815.0
17:26:04,6413.52,6470.0,-590.9969,29232.0
17:26:04,6413.52,6475.0,-398.2174,30376.0
17:26:04,6413.52,6480.0,-280.7347,32006.0
17:26:04,6413.52,6485.0,-171.3435,23092.0
17:28:14,6413.25,6340.0,-277.2318,21817.0
17:28:14,6413.25,6345.0,-312.4145,16222.0
17:28:14,6413.25,6350.0,-1289.3298,37267.0
17:28:14,6413.25,6355.0,-380.1653,18150.0
17:28:14,6413.25,6360.0,-483.2449,27383.0
17:28:14,6413.25,6365.0,-367.0116,24150.0
17:28:14,6413.25,6370.0,-692.5868,27684.0
17:28:14,6413.25,6375.0,-954.0547,34688.0
17:28:14,6413.25,6380.0,-1089.5666,39148.0
17:28:14,6413.25,6385.0,-675.6629,26144.0
17:28:14,6413.25,6390.0,-1120.777,30670.0
17:28:14,6413.25,6395.0,-1323.5703,23648.0
17:28:14,6413.25,6400.0,-4438.4797,63806.0
17:28:14,6413.25,6405.0,-734.2319,23144.0
17:28:14,6413.25,6410.0,-1247.6588,38830.0
17:28:14,6413.25,6415.0,-1738.8546,42022.0
17:28:14,6413.25,6420.0,-1997.7098,56505.0
17:28:14,6413.25,6425.0,-2647.3456,50205.0
17:28:14,6413.25,6430.0,-1321.7029,54985.0
17:28:14,6413.25,6435.0,-550.9943,37851.0
17:28:14,6413.25,6440.0,-1170.5425,41641.0
17:28:14,6413.25,6445.0,-305.1768,28851.0
17:28:14,6413.25,6450.0,-895.7951,45709.0
17:28:14,6413.25,6455.0,-55.411,22984.0
17:28:14,6413.25,6460.0,-440.8028,32400.0
17:28:14,6413.25,6465.0,-211.1851,23134.0
17:28:14,6413.25,6470.0,-571.175,29457.0
17:28:14,6413.25,6475.0,-389.8403,30591.0
17:28:14,6413.25,6480.0,-230.9562,32292.0
17:28:14,6413.25,6485.0,-145.1409,23176.0
17:30:23,6414.33,6340.0,-264.199,22226.0
17:30:23,6414.33,6345.0,-292.059,16327.0
17:30:23,6414.33,6350.0,-1213.6553,37450.0
17:30:23,6414.33,6355.0,-376.7217,18201.0
17:30:23,6414.33,6360.0,-483.4076,27554.0
17:30:23,6414.33,6365.0,-367.1352,24284.0
17:30:23,6414.33,6370.0,-643.2191,27854.0
17:30:23,6414.33,6375.0,-942.3098,34833.0
17:30:23,6414.33,6380.0,-1052.6025,39320.0
17:30:23,6414.33,6385.0,-675.8905,26274.0
17:30:23,6414.33,6390.0,-1121.1545,31048.0
17:30:23,6414.33,6395.0,-1324.0161,23924.0
17:30:23,6414.33,6400.0,-4439.9747,64449.0
17:30:23,6414.33,6405.0,-731.1152,23427.0
17:30:23,6414.33,6410.0,-1252.0277,39250.0
17:30:23,6414.33,6415.0,-1751.5961,42574.0
17:30:23,6414.33,6420.0,-2039.3529,56852.0
17:30:23,6414.33,6425.0,-2644.1101,50490.0
17:30:23,6414.33,6430.0,-1322.1481,55226.0
17:30:23,6414.33,6435.0,-551.1799,38030.0
17:30:23,6414.33,6440.0,-1170.9368,41910.0
17:30:23,6414.33,6445.0,-305.2796,29074.0
17:30:23,6414.33,6450.0,-896.0969,46029.0
17:30:23,6414.33,6455.0,-55.4297,23227.0
17:30:23,6414.33,6460.0,-440.9513,32601.0
17:30:23,6414.33,6465.0,-211.2563,23338.0
17:30:23,6414.33,6470.0,-572.1503,29582.0
17:30:23,6414.33,6475.0,-385.1036,30663.0
17:30:23,6414.33,6480.0,-231.034,32497.0
17:30:23,6414.33,6485.0,-149.5321,23235.0
17:32:33,6413.53,6340.0,-264.1331,22315.0
17:32:33,6413.53,6345.0,-291.9861,16375.0
17:32:33,6413.53,6350.0,-1213.3526,37525.0
17:32:33,6413.53,6355.0,-375.9827,18288.0
17:32:33,6413.53,6360.0,-471.7487,27647.0
17:32:33,6413.53,6365.0,-376.8119,24378.0
17:32:33,6413.53,6370.0,-643.0587,28025.0
17:32:33,6413.53,6375.0,-942.0748,35045.0
17:32:33,6413.53,6380.0,-1052.5014,39519.0
17:32:33,6413.53,6385.0,-653.6446,26403.0
17:32:33,6413.53,6390.0,-1095.2542,31227.0
17:32:33,6413.53,6395.0,-1297.2318,24126.0
17:32:33,6413.53,6400.0,-4392.4071,64892.0
17:32:33,6413.53,6405.0,-737.2406,23758.0
17:32:33,6413.53,6410.0,-1249.5178,39641.0
17:32:33,6413.53,6415.0,-1741.7454,43208.0
17:32:33,6413.53,6420.0,-1996.8332,57291.0
17:32:33,6413.53,6425.0,-2715.3812,50699.0
17:32:33,6413.53,6430.0,-1366.4901,55413.0
17:32:33,6413.53,6435.0,-572.949,38140.0
17:32:33,6413.53,6440.0,-1216.8527,42111.0
17:32:33,6413.53,6445.0,-316.8734,29121.0
17:32:33,6413.53,6450.0,-930.0534,46247.0
17:32:33,6413.53,6455.0,-56.2479,23326.0
17:32:33,6413.53,6460.0,-471.7577,32816.0
17:32:33,6413.53,6465.0,-211.8608,23470.0
17:32:33,6413.53,6470.0,-577.4748,29706.0
17:32:33,6413.53,6475.0,-410.9735,30770.0
17:32:33,6413.53,6480.0,-238.1389,32650.0
17:32:33,6413.53,6485.0,-149.7635,23318.0
17:34:43,6413.02,6340.0,-270.0532,22381.0
17:34:43,6413.02,6345.0,-291.9397,16407.0
17:34:43,6413.02,6350.0,-1211.6069,37606.0
17:34:43,6413.02,6355.0,-381.0473,18330.0
17:34:43,6413.02,6360.0,-461.6474,27709.0
17:34:43,6413.02,6365.0,-380.2343,24415.0
17:34:43,6413.02,6370.0,-695.0547,28163.0
17:34:43,6413.02,6375.0,-967.1361,35189.0
17:34:43,6413.02,6380.0,-1097.7619,39639.0
17:34:43,6413.02,6385.0,-679.6705,26595.0
17:34:43,6413.02,6390.0,-1123.9412,31484.0
17:34:43,6413.02,6395.0,-1331.9928,24244.0
17:34:43,6413.02,6400.0,-4451.1502,65226.0
17:34:43,6413.02,6405.0,-737.1233,23927.0
17:34:43,6413.02,6410.0,-1249.2342,40095.0
17:34:43,6413.02,6415.0,-1741.454,43596.0
17:34:43,6413.02,6420.0,-1996.5667,57757.0
17:34:43,6413.02,6425.0,-2665.7892,51138.0
17:34:43,6413.02,6430.0,-1329.3506,55691.0
17:34:43,6413.02,6435.0,-554.4964,38246.0
17:34:43,6413.02,6440.0,-1174.3801,42457.0
17:34:43,6413.02,6445.0,-305.9353,29276.0
17:34:43,6413.02,6450.0,-890.999,46424.0
17:34:43,6413.02,6455.0,-55.9688,23381.0
17:34:43,6413.02,6460.0,-439.9391,32942.0
17:34:43,6413.02,6465.0,-212.8136,23553.0
17:34:43,6413.02,6470.0,-578.3048,29924.0
17:34:43,6413.02,6475.0,-383.8856,30877.0
17:34:43,6413.02,6480.0,-234.5054,32774.0
17:34:43,6413.02,6485.0,-148.8302,23383.0
17:36:52,6412.71,6340.0,-270.1476,22393.0
17:36:52,6412.71,6345.0,-323.542,16436.0
17:36:52,6412.71,6350.0,-1227.8044,37690.0
17:36:52,6412.71,6355.0,-382.4516,18375.0
17:36:52,6412.71,6360.0,-461.6028,27835.0
17:36:52,6412.71,6365.0,-380.1976,24537.0
17:36:52,6412.71,6370.0,-697.436,28383.0
17:36:52,6412.71,6375.0,-970.4752,35303.0
17:36:52,6412.71,6380.0,-1091.2122,39785.0
17:36:52,6412.71,6385.0,-674.8651,26720.0
17:36:52,6412.71,6390.0,-1128.3769,31772.0
17:36:52,6412.71,6395.0,-1335.4723,24401.0
17:36:52,6412.71,6400.0,-4475.6627,65600.0
17:36:52,6412.71,6405.0,-742.2307,24198.0
17:36:52,6412.71,6410.0,-1272.3636,40549.0
17:36:52,6412.71,6415.0,-1741.1273,44139.0
17:36:52,6412.71,6420.0,-2025.6719,58201.0
17:36:52,6412.71,6425.0,-2691.4939,51332.0
17:36:52,6412.71,6430.0,-1345.6983,55953.0
17:36:52,6412.71,6435.0,-558.777,38345.0
17:36:52,6412.71,6440.0,-1183.1381,42588.0
17:36:52,6412.71,6445.0,-307.4538,29367.0
17:36:52,6412.71,6450.0,-898.4203,46625.0
17:36:52,6412.71,6455.0,-55.5088,23509.0
17:36:52,6412.71,6460.0,-439.8966,33160.0
17:36:52,6412.71,6465.0,-212.793,23620.0
17:36:52,6412.71,6470.0,-578.2489,30100.0
17:36:52,6412.71,6475.0,-380.9882,30954.0
17:36:52,6412.71,6480.0,-235.8717,32851.0
17:36:52,6412.71,6485.0,-144.4627,23462.0
17:39:02,6407.48,6335.0,-612.9684,18869.0
17:39:02,6407.48,6340.0,-269.7071,22478.0
17:39:02,6407.48,6345.0,-323.0145,16528.0
17:39:02,6407.48,6350.0,-1391.5901,38101.0
17:39:02,6407.48,6355.0,-429.6408,18638.0
17:39:02,6407.48,6360.0,-557.0176,28149.0
17:39:02,6407.48,6365.0,-432.9587,24883.0
17:39:02,6407.48,6370.0,-696.2989,29128.0
17:39:02,6407.48,6375.0,-968.8929,35887.0
17:39:02,6407.48,6380.0,-1088.9831,40589.0
17:39:02,6407.48,6385.0,-747.3211,27179.0
17:39:02,6407.48,6390.0,-1226.906,32727.0
17:39:02,6407.48,6395.0,-1425.6452,25305.0
17:39:02,6407.48,6400.0,-4674.3657,66804.0
17:39:02,6407.48,6405.0,-759.8262,24817.0
17:39:02,6407.48,6410.0,-1271.5256,41780.0
17:39:02,6407.48,6415.0,-1734.324,44915.0
17:39:02,6407.48,6420.0,-1962.5236,58909.0
17:39:02,6407.48,6425.0,-2555.0818,51903.0
17:39:02,6407.48,6430.0,-1245.6937,56476.0
17:39:02,6407.48,6435.0,-509.2452,38648.0
17:39:02,6407.48,6440.0,-1183.4839,43028.0
17:39:02,6407.48,6445.0,-280.3707,29636.0
17:39:02,6407.48,6450.0,-812.8959,47159.0
17:39:02,6407.48,6455.0,-47.7947,23846.0
17:39:02,6407.48,6460.0,-389.846,33595.0
17:39:02,6407.48,6465.0,-182.6237,23858.0
17:39:02,6407.48,6470.0,-560.457,30426.0
17:39:02,6407.48,6475.0,-380.367,31302.0
17:39:02,6407.48,6480.0,-228.6199,33326.0
17:41:12,6407.43,6335.0,-472.7293,19385.0
17:41:12,6407.43,6340.0,-313.1599,22631.0
17:41:12,6407.43,6345.0,-320.9878,16704.0
17:41:12,6407.43,6350.0,-1436.6303,38616.0
17:41:12,6407.43,6355.0,-429.6341,18825.0
17:41:12,6407.43,6360.0,-557.0089,28600.0
17:41:12,6407.43,6365.0,-432.9519,25110.0
17:41:12,6407.43,6370.0,-785.0686,29511.0
17:41:12,6407.43,6375.0,-1068.7342,36230.0
17:41:12,6407.43,6380.0,-1192.9868,41088.0
17:41:12,6407.43,6385.0,-747.3094,27590.0
17:41:12,6407.43,6390.0,-1226.8869,33112.0
17:41:12,6407.43,6395.0,-1425.8483,25752.0
17:41:12,6407.43,6400.0,-4689.9498,68037.0
17:41:12,6407.43,6405.0,-759.8422,25460.0
17:41:12,6407.43,6410.0,-1271.1711,42738.0
17:41:12,6407.43,6415.0,-1725.9674,45529.0
17:41:12,6407.43,6420.0,-1963.035,59505.0
17:41:12,6407.43,6425.0,-2555.042,52186.0
17:41:12,6407.43,6430.0,-1245.6742,56745.0
17:41:12,6407.43,6435.0,-509.2372,38976.0
17:41:12,6407.43,6440.0,-1086.8237,43222.0
17:41:12,6407.43,6445.0,-280.3664,29814.0
17:41:12,6407.43,6450.0,-812.8832,47425.0
17:41:12,6407.43,6455.0,-47.794,24063.0
17:41:12,6407.43,6460.0,-366.9945,33887.0
17:41:12,6407.43,6465.0,-171.4269,24146.0
17:41:12,6407.43,6470.0,-487.2151,30688.0
17:41:12,6407.43,6475.0,-326.7596,31693.0
17:41:12,6407.43,6480.0,-197.5178,33474.0
17:43:21,6408.99,6335.0,-435.6428,19399.0
17:43:21,6408.99,6340.0,-267.6205,22748.0
17:43:21,6408.99,6345.0,-309.9699,16755.0
17:43:21,6408.99,6350.0,-1228.1442,38808.0
17:43:21,6408.99,6355.0,-420.4876,18891.0
17:43:21,6408.99,6360.0,-557.2801,28790.0
17:43:21,6408.99,6365.0,-433.1628,25290.0
17:43:21,6408.99,6370.0,-742.8624,29886.0
17:43:21,6408.99,6375.0,-1021.9103,36566.0
17:43:21,6408.99,6380.0,-1153.2994,41626.0
17:43:21,6408.99,6385.0,-718.6421,27878.0
17:43:21,6408.99,6390.0,-1200.3174,33542.0
17:43:21,6408.99,6395.0,-1408.1213,26158.0
17:43:21,6408.99,6400.0,-4662.6169,69099.0
17:43:21,6408.99,6405.0,-765.6827,26253.0
17:43:21,6408.99,6410.0,-1289.4478,43724.0
17:43:21,6408.99,6415.0,-1773.5369,46110.0
17:43:21,6408.99,6420.0,-2015.0017,60169.0
17:43:21,6408.99,6425.0,-2626.177,52831.0
17:43:21,6408.99,6430.0,-1295.0724,57363.0
17:43:21,6408.99,6435.0,-528.2866,39447.0
17:43:21,6408.99,6440.0,-1120.9513,43607.0
17:43:21,6408.99,6445.0,-280.5029,30136.0
17:43:21,6408.99,6450.0,-813.2791,47854.0
17:43:21,6408.99,6455.0,-47.8172,24332.0
17:43:21,6408.99,6460.0,-409.2388,34316.0
17:43:21,6408.99,6465.0,-196.4977,24419.0
17:43:21,6408.99,6470.0,-511.828,30869.0
17:43:21,6408.99,6475.0,-326.9187,31956.0
17:43:21,6408.99,6480.0,-197.614,33638.0
17:45:31,6410.5,6340.0,-267.7466,22795.0
17:45:31,6410.5,6345.0,-310.116,16789.0
17:45:31,6410.5,6350.0,-1228.723,38889.0
17:45:31,6410.5,6355.0,-420.6858,19008.0
17:45:31,6410.5,6360.0,-508.582,28875.0
17:45:31,6410.5,6365.0,-400.8079,25412.0
17:45:31,6410.5,6370.0,-727.6805,30080.0
17:45:31,6410.5,6375.0,-1003.7638,36648.0
17:45:31,6410.5,6380.0,-1133.153,41915.0
17:45:31,6410.5,6385.0,-697.215,28079.0
17:45:31,6410.5,6390.0,-1200.883,33882.0
17:45:31,6410.5,6395.0,-1408.7849,26431.0
17:45:31,6410.5,6400.0,-4669.8444,69667.0
17:45:31,6410.5,6405.0,-744.004,26513.0
17:45:31,6410.5,6410.0,-1256.998,44341.0
17:45:31,6410.5,6415.0,-1736.6258,46750.0
17:45:31,6410.5,6420.0,-1972.4099,60822.0
17:45:31,6410.5,6425.0,-2627.4147,53024.0
17:45:31,6410.5,6430.0,-1295.6827,57632.0
17:45:31,6410.5,6435.0,-528.5355,39571.0
17:45:31,6410.5,6440.0,-1126.8706,43809.0
17:45:31,6410.5,6445.0,-293.3125,30277.0
17:45:31,6410.5,6450.0,-860.7225,48216.0
17:45:31,6410.5,6455.0,-52.8477,24434.0
17:45:31,6410.5,6460.0,-422.2655,34660.0
17:45:31,6410.5,6465.0,-201.1554,24504.0
17:45:31,6410.5,6470.0,-512.0692,30979.0
17:45:31,6410.5,6475.0,-344.5276,32096.0
17:45:31,6410.5,6480.0,-231.1095,33739.0
17:45:31,6410.5,6485.0,-144.3631,24185.0
17:47:41,6415.89,6345.0,-310.6377,16983.0
17:47:41,6415.89,6350.0,-1029.4122,39218.0
17:47:41,6415.89,6355.0,-325.8281,19151.0
17:47:41,6415.89,6360.0,-423.099,29053.0
17:47:41,6415.89,6365.0,-341.3273,25614.0
17:47:41,6415.89,6370.0,-728.9047,30396.0
17:47:41,6415.89,6375.0,-1005.4524,36950.0
17:47:41,6415.89,6380.0,-1135.0593,42444.0
17:47:41,6415.89,6385.0,-698.6103,28381.0
17:47:41,6415.89,6390.0,-1152.52,34362.0
17:47:41,6415.89,6395.0,-1350.0472,26822.0
17:47:41,6415.89,6400.0,-4546.174,70486.0
17:47:41,6415.89,6405.0,-746.8822,27062.0
17:47:41,6415.89,6410.0,-1244.7123,45293.0
17:47:41,6415.89,6415.0,-1744.6102,47656.0
17:47:41,6415.89,6420.0,-2026.3343,61427.0
17:47:41,6415.89,6425.0,-2738.8505,53693.0
17:47:41,6415.89,6430.0,-1299.0458,58037.0
17:47:41,6415.89,6435.0,-538.0767,39839.0
17:47:41,6415.89,6440.0,-1128.7663,44201.0
17:47:41,6415.89,6445.0,-293.8059,30517.0
17:47:41,6415.89,6450.0,-862.1705,48639.0
17:47:41,6415.89,6455.0,-52.9367,24605.0
17:47:41,6415.89,6460.0,-422.9759,34851.0
17:47:41,6415.89,6465.0,-201.4938,24818.0
17:47:41,6415.89,6470.0,-658.0611,31174.0
17:47:41,6415.89,6475.0,-451.4664,32328.0
17:47:41,6415.89,6480.0,-274.4175,33846.0
17:47:41,6415.89,6485.0,-171.0331,24260.0
17:47:41,6415.89,6490.0,-349.8255,25704.0
17:49:50,6419.79,6345.0,-262.4476,17056.0
17:49:50,6419.79,6350.0,-997.451,39530.0
17:49:50,6419.79,6355.0,-307.6482,19261.0
17:49:50,6419.79,6360.0,-424.1696,29290.0
17:49:50,6419.79,6365.0,-313.4282,25824.0
17:49:50,6419.79,6370.0,-611.6622,30808.0
17:49:50,6419.79,6375.0,-815.073,37350.0
17:49:50,6419.79,6380.0,-943.6007,42719.0
17:49:50,6419.79,6385.0,-699.4599,28608.0
17:49:50,6419.79,6390.0,-1153.9216,34705.0
17:49:50,6419.79,6395.0,-1351.689,26979.0
17:49:50,6419.79,6400.0,-4551.7026,71237.0
17:49:50,6419.79,6405.0,-747.7905,27462.0
17:49:50,6419.79,6410.0,-1246.2549,46304.0
17:49:50,6419.79,6415.0,-1781.4982,48512.0
17:49:50,6419.79,6420.0,-2106.9097,62283.0
17:49:50,6419.79,6425.0,-2875.4274,54332.0
17:49:50,6419.79,6430.0,-1300.6256,58461.0
17:49:50,6419.79,6435.0,-538.7311,40095.0
17:49:50,6419.79,6440.0,-1130.139,44801.0
17:49:50,6419.79,6445.0,-294.1632,30866.0
17:49:50,6419.79,6450.0,-863.219,49195.0
17:49:50,6419.79,6455.0,-53.001,24911.0
17:49:50,6419.79,6460.0,-423.4903,35261.0
17:49:50,6419.79,6465.0,-201.7389,25069.0
17:49:50,6419.79,6470.0,-670.1861,31526.0
17:49:50,6419.79,6475.0,-455.4613,32621.0
17:49:50,6419.79,6480.0,-274.7512,33978.0
17:49:50,6419.79,6485.0,-181.1184,24326.0
17:49:50,6419.79,6490.0,-368.5522,25776.0
17:52:00,6416.21,6345.0,-275.7943,17090.0
17:52:00,6416.21,6350.0,-1035.4549,39674.0
17:52:00,6416.21,6355.0,-319.952,19326.0
17:52:00,6416.21,6360.0,-407.9289,29369.0
17:52:00,6416.21,6365.0,-323.6344,25868.0
17:52:00,6416.21,6370.0,-621.8957,30939.0
17:52:00,6416.21,6375.0,-877.1474,37525.0
17:52:00,6416.21,6380.0,-1000.1356,43189.0
17:52:00,6416.21,6385.0,-625.8146,28748.0
17:52:00,6416.21,6390.0,-989.1862,35060.0
17:52:00,6416.21,6395.0,-1205.2108,27130.0
17:52:00,6416.21,6400.0,-4181.5134,71830.0
17:52:00,6416.21,6405.0,-705.6117,27863.0
17:52:00,6416.21,6410.0,-1281.7409,46951.0
17:52:00,6416.21,6415.0,-1823.1505,49103.0
17:52:00,6416.21,6420.0,-2142.3541,63261.0
17:52:00,6416.21,6425.0,-2893.8911,54857.0
17:52:00,6416.21,6430.0,-1463.307,58961.0
17:52:00,6416.21,6435.0,-618.2188,40376.0
17:52:00,6416.21,6440.0,-1343.26,45060.0
17:52:00,6416.21,6445.0,-354.3302,31032.0
17:52:00,6416.21,6450.0,-993.8999,49482.0
17:52:00,6416.21,6455.0,-60.1793,25054.0
17:52:00,6416.21,6460.0,-482.6565,35514.0
17:52:00,6416.21,6465.0,-222.8299,25273.0
17:52:00,6416.21,6470.0,-624.9356,31722.0
17:52:00,6416.21,6475.0,-406.4136,32787.0
17:52:00,6416.21,6480.0,-265.3258,34146.0
17:52:00,6416.21,6485.0,-166.7456,24515.0
17:52:00,6416.21,6490.0,-335.944,25867.0
17:54:10,6415.14,6345.0,-275.7023,17136.0
17:54:10,6415.14,6350.0,-1035.1096,39774.0
17:54:10,6415.14,6355.0,-317.4101,19373.0
17:54:10,6415.14,6360.0,-458.6618,29604.0
17:54:10,6415.14,6365.0,-371.8153,26014.0
17:54:10,6415.14,6370.0,-621.6883,31156.0
17:54:10,6415.14,6375.0,-876.8548,37726.0
17:54:10,6415.14,6380.0,-999.802,43444.0
17:54:10,6415.14,6385.0,-625.6059,28939.0
17:54:10,6415.14,6390.0,-1050.6879,35488.0
17:54:10,6415.14,6395.0,-1265.7971,27319.0
17:54:10,6415.14,6400.0,-4355.6075,72348.0
17:54:10,6415.14,6405.0,-747.2638,28259.0
17:54:10,6415.14,6410.0,-1288.3617,47819.0
17:54:10,6415.14,6415.0,-1814.9838,49929.0
17:54:10,6415.14,6420.0,-2111.3221,64147.0
17:54:10,6415.14,6425.0,-2811.7054,55310.0
17:54:10,6415.14,6430.0,-1459.6473,59222.0
17:54:10,6415.14,6435.0,-613.6001,40570.0
17:54:10,6415.14,6440.0,-1309.6508,45333.0
17:54:10,6415.14,6445.0,-339.8923,31369.0
17:54:10,6415.14,6450.0,-993.5685,49819.0
17:54:10,6415.14,6455.0,-60.1592,25163.0
17:54:10,6415.14,6460.0,-482.4956,35759.0
17:54:10,6415.14,6465.0,-202.3611,25537.0
17:54:10,6415.14,6470.0,-563.5319,32052.0
17:54:10,6415.14,6475.0,-376.1067,32889.0
17:54:10,6415.14,6480.0,-265.2373,34270.0
17:54:10,6415.14,6485.0,-134.1995,24613.0
17:54:10,6415.14,6490.0,-335.832,25967.0
17:56:19,6412.62,6340.0,-267.9245,23155.0
17:56:19,6412.62,6345.0,-321.4978,17141.0
17:56:19,6412.62,6350.0,-1227.544,39912.0
17:56:19,6412.62,6355.0,-317.1608,19388.0
17:56:19,6412.62,6360.0,-458.3015,29749.0
17:56:19,6412.62,6365.0,-371.5232,26100.0
17:56:19,6412.62,6370.0,-699.055,31399.0
17:56:19,6412.62,6375.0,-952.0469,37880.0
17:56:19,6412.62,6380.0,-1100.5419,43617.0
17:56:19,6412.62,6385.0,-677.4482,29078.0
17:56:19,6412.62,6390.0,-1132.6474,35904.0
17:56:19,6412.62,6395.0,-1348.836,27646.0
17:56:19,6412.62,6400.0,-4522.1785,73039.0
17:56:19,6412.62,6405.0,-746.6769,28461.0
17:56:19,6412.62,6410.0,-1287.1354,48271.0
17:56:19,6412.62,6415.0,-1819.2724,50344.0
17:56:19,6412.62,6420.0,-2109.9339,64558.0
17:56:19,6412.62,6425.0,-2801.5698,55706.0
17:56:19,6412.62,6430.0,-1398.91,59487.0
17:56:19,6412.62,6435.0,-580.5147,40681.0
17:56:19,6412.62,6440.0,-1207.7696,45662.0
17:56:19,6412.62,6445.0,-311.7624,31582.0
17:56:19,6412.62,6450.0,-892.5985,50303.0
17:56:19,6412.62,6455.0,-60.112,25339.0
17:56:19,6412.62,6460.0,-482.1166,35871.0
17:56:19,6412.62,6465.0,-202.2021,25618.0
17:56:19,6412.62,6470.0,-563.0893,32126.0
17:56:19,6412.62,6475.0,-375.8113,33024.0
17:56:19,6412.62,6480.0,-218.1509,34313.0
17:56:19,6412.62,6485.0,-140.244,24650.0
17:58:29,6412.45,6340.0,-264.6808,23184.0
17:58:29,6412.45,6345.0,-309.8853,17154.0
17:58:29,6412.45,6350.0,-1225.3066,40035.0
17:58:29,6412.45,6355.0,-373.4088,19435.0
17:58:29,6412.45,6360.0,-472.5381,29772.0
17:58:29,6412.45,6365.0,-381.99,26171.0
17:58:29,6412.45,6370.0,-699.0179,31527.0
17:58:29,6412.45,6375.0,-951.9964,37964.0
17:58:29,6412.45,6380.0,-1100.3995,43828.0
17:58:29,6412.45,6385.0,-677.4123,29176.0
17:58:29,6412.45,6390.0,-1132.5873,36062.0
17:58:29,6412.45,6395.0,-1346.9403,27784.0
17:58:29,6412.45,6400.0,-4630.6495,73410.0
17:58:29,6412.45,6405.0,-768.848,28575.0
17:58:29,6412.45,6410.0,-1308.6948,48818.0
17:58:29,6412.45,6415.0,-1819.1617,50745.0
17:58:29,6412.45,6420.0,-2093.4688,64886.0
17:58:29,6412.45,6425.0,-2801.4212,56041.0
17:58:29,6412.45,6430.0,-1398.8358,59653.0
17:58:29,6412.45,6435.0,-580.4839,40753.0
17:58:29,6412.45,6440.0,-1183.2963,45753.0
17:58:29,6412.45,6445.0,-304.9749,31609.0
17:58:29,6412.45,6450.0,-880.8305,50438.0
17:58:29,6412.45,6455.0,-53.4704,25389.0
17:58:29,6412.45,6460.0,-424.932,35976.0
17:58:29,6412.45,6465.0,-199.8178,25681.0
17:58:29,6412.45,6470.0,-554.5849,32341.0
17:58:29,6412.45,6475.0,-359.5502,33112.0
17:58:29,6412.45,6480.0,-220.4394,34383.0
17:58:29,6412.45,6485.0,-138.7623,24681.0
18:00:39,6411.46,6340.0,-259.7351,23227.0
18:00:39,6411.46,6345.0,-309.7896,17221.0
18:00:39,6411.46,6350.0,-1224.9283,40143.0
18:00:39,6411.46,6355.0,-377.7987,19482.0
18:00:39,6411.46,6360.0,-481.6264,29847.0
18:00:39,6411.46,6365.0,-374.7592,26320.0
18:00:39,6411.46,6370.0,-701.9834,31794.0
18:00:39,6411.46,6375.0,-984.0864,38078.0
18:00:39,6411.46,6380.0,-1119.4898,44049.0
18:00:39,6411.46,6385.0,-696.2439,29362.0
18:00:39,6411.46,6390.0,-1168.7915,36246.0
18:00:39,6411.46,6395.0,-1382.3314,27930.0
18:00:39,6411.46,6400.0,-4625.0565,74264.0
18:00:39,6411.46,6405.0,-782.213,28741.0
18:00:39,6411.46,6410.0,-1334.7009,49357.0
18:00:39,6411.46,6415.0,-1849.8405,51091.0
18:00:39,6411.46,6420.0,-2119.25,65162.0
18:00:39,6411.46,6425.0,-2802.3479,56291.0
18:00:39,6411.46,6430.0,-1373.5336,59839.0
18:00:39,6411.46,6435.0,-565.515,40901.0
18:00:39,6411.46,6440.0,-1182.9309,45948.0
18:00:39,6411.46,6445.0,-304.8808,31740.0
18:00:39,6411.46,6450.0,-880.5585,50561.0
18:00:39,6411.46,6455.0,-53.4539,25573.0
18:00:39,6411.46,6460.0,-426.4528,36156.0
18:00:39,6411.46,6465.0,-197.3804,25901.0
18:00:39,6411.46,6470.0,-528.9004,32499.0
18:00:39,6411.46,6475.0,-361.7733,33188.0
18:00:39,6411.46,6480.0,-216.0054,34607.0
18:00:39,6411.46,6485.0,-134.9408,24788.0
18:02:49,6407.13,6335.0,-435.3899,19983.0
18:02:49,6407.13,6340.0,-259.3844,23346.0
18:02:49,6407.13,6345.0,-313.0214,17284.0
18:02:49,6407.13,6350.0,-1402.0596,40387.0
18:02:49,6407.13,6355.0,-377.2886,19579.0
18:02:49,6407.13,6360.0,-480.9761,30084.0
18:02:49,6407.13,6365.0,-374.2532,26550.0
18:02:49,6407.13,6370.0,-814.5265,32570.0
18:02:49,6407.13,6375.0,-1109.6253,38695.0
18:02:49,6407.13,6380.0,-1281.1385,44536.0
18:02:49,6407.13,6385.0,-695.3038,29753.0
18:02:49,6407.13,6390.0,-1167.2134,36648.0
18:02:49,6407.13,6395.0,-1373.4875,28293.0
18:02:49,6407.13,6400.0,-5001.0176,74990.0
18:02:49,6407.13,6405.0,-815.8456,29483.0
18:02:49,6407.13,6410.0,-1362.2398,50448.0
18:02:49,6407.13,6415.0,-1845.5976,51737.0
18:02:49,6407.13,6420.0,-2076.874,65935.0
18:02:49,6407.13,6425.0,-2707.595,56804.0
18:02:49,6407.13,6430.0,-1371.679,60249.0
18:02:49,6407.13,6435.0,-564.7514,41157.0
18:02:49,6407.13,6440.0,-1181.3337,46276.0
18:02:49,6407.13,6445.0,-304.4691,32222.0
18:02:49,6407.13,6450.0,-879.3696,51560.0
18:02:49,6407.13,6455.0,-53.3817,26186.0
18:02:49,6407.13,6460.0,-369.0164,36733.0
18:02:49,6407.13,6465.0,-202.6403,26131.0
18:02:49,6407.13,6470.0,-528.1862,32699.0
18:02:49,6407.13,6475.0,-361.2848,33300.0
18:02:49,6407.13,6480.0,-215.7137,34832.0
18:04:58,6409.7,6335.0,-420.444,20072.0
18:04:58,6409.7,6340.0,-273.0941,23456.0
18:04:58,6409.7,6345.0,-325.3323,17370.0
18:04:58,6409.7,6350.0,-1262.7969,41553.0
18:04:58,6409.7,6355.0,-387.9733,19717.0
18:04:58,6409.7,6360.0,-481.6303,30288.0
18:04:58,6409.7,6365.0,-390.6537,26775.0
18:04:58,6409.7,6370.0,-732.5764,32763.0
18:04:58,6409.7,6375.0,-1054.8064,39008.0
18:04:58,6409.7,6380.0,-1208.7704,44965.0
18:04:58,6409.7,6385.0,-753.2886,30020.0
18:04:58,6409.7,6390.0,-1262.2561,36941.0
18:04:58,6409.7,6395.0,-1481.443,28579.0
18:04:58,6409.7,6400.0,-4940.1067,75593.0
18:04:58,6409.7,6405.0,-816.8004,30084.0
18:04:58,6409.7,6410.0,-1382.6497,51182.0
18:04:58,6409.7,6415.0,-1894.5529,52149.0
18:04:58,6409.7,6420.0,-2144.0522,66282.0
18:04:58,6409.7,6425.0,-2769.0875,57154.0
18:04:58,6409.7,6430.0,-1346.0888,60547.0
18:04:58,6409.7,6435.0,-545.434,41313.0
18:04:58,6409.7,6440.0,-1130.4903,46493.0
18:04:58,6409.7,6445.0,-287.2277,32459.0
18:04:58,6409.7,6450.0,-840.5686,51940.0
18:04:58,6409.7,6455.0,-48.3996,26409.0
18:04:58,6409.7,6460.0,-401.1114,36955.0
18:04:58,6409.7,6465.0,-187.0025,26244.0
18:04:58,6409.7,6470.0,-447.3828,32932.0
18:04:58,6409.7,6475.0,-336.303,33342.0
18:04:58,6409.7,6480.0,-193.4933,34991.0
18:07:08,6418.53,6345.0,-326.2293,17370.0
18:07:08,6418.53,6350.0,-1266.2786,41553.0
18:07:08,6418.53,6355.0,-389.0429,19717.0
18:07:08,6418.53,6360.0,-482.9582,30288.0
18:07:08,6418.53,6365.0,-391.7308,26775.0
18:07:08,6418.53,6370.0,-734.5961,32774.0
18:07:08,6418.53,6375.0,-1057.7146,39325.0
18:07:08,6418.53,6380.0,-1212.1031,45397.0
18:07:08,6418.53,6385.0,-755.3655,30270.0
18:07:08,6418.53,6390.0,-1265.7363,37335.0
18:07:08,6418.53,6395.0,-1485.5275,28811.0
18:07:08,6418.53,6400.0,-4953.727,76892.0
18:07:08,6418.53,6405.0,-819.0524,30736.0
18:07:08,6418.53,6410.0,-1386.2762,52021.0
18:07:08,6418.53,6415.0,-1899.7764,52849.0
18:07:08,6418.53,6420.0,-2151.5544,66748.0
18:07:08,6418.53,6425.0,-2776.7222,57548.0
18:07:08,6418.53,6430.0,-1349.8001,60934.0
18:07:08,6418.53,6435.0,-546.9378,41641.0
18:07:08,6418.53,6440.0,-1133.6072,46735.0
18:07:08,6418.53,6445.0,-288.0196,32693.0
18:07:08,6418.53,6450.0,-842.8862,52556.0
18:07:08,6418.53,6455.0,-48.533,26839.0
18:07:08,6418.53,6460.0,-402.2173,37408.0
18:07:08,6418.53,6465.0,-187.518,26495.0
18:07:08,6418.53,6470.0,-448.6163,32932.0
18:07:08,6418.53,6475.0,-337.2302,33342.0
18:07:08,6418.53,6480.0,-194.0267,34991.0
18:07:08,6418.53,6485.0,-135.2385,24788.0
18:07:08,6418.53,6490.0,-336.187,25967.0
18:09:18,6411.6,6340.0,-273.256,23833.0
18:09:18,6411.6,6345.0,-325.5252,17633.0
18:09:18,6411.6,6350.0,-1293.8466,42347.0
18:09:18,6411.6,6355.0,-386.6614,20040.0
18:09:18,6411.6,6360.0,-514.2343,30928.0
18:09:18,6411.6,6365.0,-396.8437,27447.0
18:09:18,6411.6,6370.0,-481.6217,34202.0
18:09:18,6411.6,6375.0,-698.3702,40538.0
18:09:18,6411.6,6380.0,-1209.4871,46114.0
18:09:18,6411.6,6385.0,-753.7353,30781.0
18:09:18,6411.6,6390.0,-1263.0046,38114.0
18:09:18,6411.6,6395.0,-1482.3214,29295.0
18:09:18,6411.6,6400.0,-4943.0359,77921.0
18:09:18,6411.6,6405.0,-729.4406,31397.0
18:09:18,6411.6,6410.0,-1234.1065,53522.0
18:09:18,6411.6,6415.0,-1720.3544,53954.0
18:09:18,6411.6,6420.0,-1970.1274,67743.0
18:09:18,6411.6,6425.0,-2770.7294,58340.0
18:09:18,6411.6,6430.0,-1346.887,61633.0
18:09:18,6411.6,6435.0,-545.7574,42182.0
18:09:18,6411.6,6440.0,-1131.1606,47407.0
18:09:18,6411.6,6445.0,-287.398,33620.0
18:09:18,6411.6,6450.0,-861.8838,53746.0
18:09:18,6411.6,6455.0,-48.4283,27439.0
18:09:18,6411.6,6460.0,-427.3463,38192.0
18:09:18,6411.6,6465.0,-206.2142,27251.0
18:09:18,6411.6,6470.0,-549.0569,33899.0
18:09:18,6411.6,6475.0,-336.5024,34094.0
18:09:18,6411.6,6480.0,-193.608,35626.0
18:09:18,6411.6,6485.0,-134.9467,25527.0
18:11:28,6409.75,6335.0,-420.4505,20415.0
18:11:28,6409.75,6340.0,-310.7614,23858.0
18:11:28,6409.75,6345.0,-319.9462,17673.0
18:11:28,6409.75,6350.0,-1235.6727,42531.0
18:11:28,6409.75,6355.0,-416.6935,20097.0
18:11:28,6409.75,6360.0,-513.9375,31023.0
18:11:28,6409.75,6365.0,-408.1335,27651.0
18:11:28,6409.75,6370.0,-481.3438,34394.0
18:11:28,6409.75,6375.0,-697.9673,40735.0
18:11:28,6409.75,6380.0,-1189.5414,46405.0
18:11:28,6409.75,6385.0,-735.9414,31459.0
18:11:28,6409.75,6390.0,-1235.7708,38461.0
18:11:28,6409.75,6395.0,-1455.916,29616.0
18:11:28,6409.75,6400.0,-4885.3087,78618.0
18:11:28,6409.75,6405.0,-809.2219,31618.0
18:11:28,6409.75,6410.0,-1364.0342,54329.0
18:11:28,6409.75,6415.0,-1879.6254,54953.0
18:11:28,6409.75,6420.0,-2132.2459,68391.0
18:11:28,6409.75,6425.0,-2782.6538,58796.0
18:11:28,6409.75,6430.0,-1370.1901,62040.0
18:11:28,6409.75,6435.0,-555.6846,42457.0
18:11:28,6409.75,6440.0,-1141.7671,47886.0
18:11:28,6409.75,6445.0,-289.2894,33911.0
18:11:28,6409.75,6450.0,-818.0624,54454.0
18:11:28,6409.75,6455.0,-53.0264,27840.0
18:11:28,6409.75,6460.0,-427.0997,38954.0
18:11:28,6409.75,6465.0,-190.0839,27338.0
18:11:28,6409.75,6470.0,-551.6299,34528.0
18:11:28,6409.75,6475.0,-343.8348,34440.0
18:11:28,6409.75,6480.0,-202.2439,35843.0
18:13:37,6408.07,6335.0,-437.8595,20464.0
18:13:37,6408.07,6340.0,-289.0001,23865.0
18:13:37,6408.07,6345.0,-319.7785,17916.0
18:13:37,6408.07,6350.0,-1293.8731,42697.0
18:13:37,6408.07,6355.0,-416.4751,20146.0
18:13:37,6408.07,6360.0,-513.6682,31164.0
18:13:37,6408.07,6365.0,-407.9196,27768.0
18:13:37,6408.07,6370.0,-757.3344,34797.0
18:13:37,6408.07,6375.0,-1045.2292,40859.0
18:13:37,6408.07,6380.0,-1188.9179,46653.0
18:13:37,6408.07,6385.0,-735.5557,31632.0
18:13:37,6408.07,6390.0,-1235.1231,38673.0
18:13:37,6408.07,6395.0,-1455.1529,29775.0
18:13:37,6408.07,6400.0,-4948.4277,79128.0
18:13:37,6408.07,6405.0,-808.1468,32028.0
18:13:37,6408.07,6410.0,-1350.1354,55027.0
18:13:37,6408.07,6415.0,-1854.223,55440.0
18:13:37,6408.07,6420.0,-2133.1257,68775.0
18:13:37,6408.07,6425.0,-2781.1953,59167.0
18:13:37,6408.07,6430.0,-1369.472,62294.0
18:13:37,6408.07,6435.0,-555.3933,42628.0
18:13:37,6408.07,6440.0,-1141.1686,48036.0
18:13:37,6408.07,6445.0,-289.1377,34096.0
18:13:37,6408.07,6450.0,-817.6336,54918.0
18:13:37,6408.07,6455.0,-52.9986,28033.0
18:13:37,6408.07,6460.0,-426.8759,39232.0
18:13:37,6408.07,6465.0,-179.1781,27564.0
18:13:37,6408.07,6470.0,-512.947,34744.0
18:13:37,6408.07,6475.0,-332.962,34992.0
18:13:37,6408.07,6480.0,-199.4705,36140.0
18:15:47,6407.63,6335.0,-437.8001,20480.0
18:15:47,6407.63,6340.0,-288.9604,23918.0
18:15:47,6407.63,6345.0,-350.6642,17976.0
18:15:47,6407.63,6350.0,-1330.1388,42772.0
18:15:47,6407.63,6355.0,-405.2531,20201.0
18:15:47,6407.63,6360.0,-515.0504,31306.0
18:15:47,6407.63,6365.0,-414.5498,27999.0
18:15:47,6407.63,6370.0,-766.6173,35043.0
18:15:47,6407.63,6375.0,-1076.1111,41165.0
18:15:47,6407.63,6380.0,-1262.0129,47089.0
18:15:47,6407.63,6385.0,-777.2837,31944.0
18:15:47,6407.63,6390.0,-1290.3605,38949.0
18:15:47,6407.63,6395.0,-1504.2979,30056.0
18:15:47,6407.63,6400.0,-4947.7482,80001.0
18:15:47,6407.63,6405.0,-812.2309,32724.0
18:15:47,6407.63,6410.0,-1356.0502,56266.0
18:15:47,6407.63,6415.0,-1853.9683,56219.0
18:15:47,6407.63,6420.0,-2074.2692,69425.0
18:15:47,6407.63,6425.0,-2679.2222,59630.0
18:15:47,6407.63,6430.0,-1294.0831,62595.0
18:15:47,6407.63,6435.0,-520.843,42849.0
18:15:47,6407.63,6440.0,-1101.1643,48251.0
18:15:47,6407.63,6445.0,-281.0413,34246.0
18:15:47,6407.63,6450.0,-819.7813,55499.0
18:15:47,6407.63,6455.0,-48.0962,28243.0
18:15:47,6407.63,6460.0,-380.995,39744.0
18:15:47,6407.63,6465.0,-173.2579,27697.0
18:15:47,6407.63,6470.0,-476.2073,34832.0
18:15:47,6407.63,6475.0,-337.1351,35103.0
18:15:47,6407.63,6480.0,-199.4431,36241.0
18:17:57,6403.3,6330.0,-3.0027,20893.0
18:17:57,6403.3,6335.0,-437.2086,20547.0
18:17:57,6403.3,6340.0,-293.6983,23973.0
18:17:57,6403.3,6345.0,-371.373,18047.0
18:17:57,6403.3,6350.0,-1328.3417,43016.0
18:17:57,6403.3,6355.0,-488.1078,20301.0
18:17:57,6403.3,6360.0,-514.3546,31524.0
18:17:57,6403.3,6365.0,-431.4094,28132.0
18:17:57,6403.3,6370.0,-764.5958,35345.0
18:17:57,6403.3,6375.0,-1074.6573,41476.0
18:17:57,6403.3,6380.0,-1260.3078,47369.0
18:17:57,6403.3,6385.0,-776.2335,32152.0
18:17:57,6403.3,6390.0,-1288.6171,39332.0
18:17:57,6403.3,6395.0,-1580.8456,30400.0
18:17:57,6403.3,6400.0,-5140.4266,80671.0
18:17:57,6403.3,6405.0,-823.2488,33168.0
18:17:57,6403.3,6410.0,-1352.1894,57202.0
18:17:57,6403.3,6415.0,-1851.9171,56586.0
18:17:57,6403.3,6420.0,-2075.2771,69809.0
18:17:57,6403.3,6425.0,-2675.6024,59877.0
18:17:57,6403.3,6430.0,-1292.3347,62939.0
18:17:57,6403.3,6435.0,-520.1393,43342.0
18:17:57,6403.3,6440.0,-1067.4521,49158.0
18:17:57,6403.3,6445.0,-271.1997,35458.0
18:17:57,6403.3,6450.0,-824.6889,55995.0
18:17:57,6403.3,6455.0,-40.6907,28428.0
18:17:57,6403.3,6460.0,-317.5397,40128.0
18:17:57,6403.3,6465.0,-173.0238,27864.0
18:17:57,6403.3,6470.0,-475.564,34959.0
18:17:57,6403.3,6475.0,-327.7225,35643.0
18:20:07,6403.71,6330.0,-238.1568,20951.0
18:20:07,6403.71,6335.0,-513.1992,20583.0
18:20:07,6403.71,6340.0,-342.4176,24192.0
18:20:07,6403.71,6345.0,-400.789,18133.0
18:20:07,6403.71,6350.0,-1437.9065,43174.0
18:20:07,6403.71,6355.0,-483.9218,20551.0
18:20:07,6403.71,6360.0,-610.6713,31885.0
18:20:07,6403.71,6365.0,-485.1542,28370.0
18:20:07,6403.71,6370.0,-885.1256,35738.0
18:20:07,6403.71,6375.0,-1232.9432,42095.0
18:20:07,6403.71,6380.0,-1378.3149,48002.0
18:20:07,6403.71,6385.0,-831.202,32628.0
18:20:07,6403.71,6390.0,-1364.477,39849.0
18:20:07,6403.71,6395.0,-1570.9613,31209.0
18:20:07,6403.71,6400.0,-5120.1443,81875.0
18:20:07,6403.71,6405.0,-821.9186,34085.0
18:20:07,6403.71,6410.0,-1350.0715,58576.0
18:20:07,6403.71,6415.0,-1798.5452,57137.0
18:20:07,6403.71,6420.0,-1989.0534,70230.0
18:20:07,6403.71,6425.0,-2517.7547,60330.0
18:20:07,6403.71,6430.0,-1191.7285,63239.0
18:20:07,6403.71,6435.0,-474.7375,43679.0
18:20:07,6403.71,6440.0,-968.9769,49844.0
18:20:07,6403.71,6445.0,-242.4449,35893.0
18:20:07,6403.71,6450.0,-682.2786,56556.0
18:20:07,6403.71,6455.0,-40.6959,28609.0
18:20:07,6403.71,6460.0,-321.3226,40491.0
18:20:07,6403.71,6465.0,-150.0193,28343.0
18:20:07,6403.71,6470.0,-405.384,35309.0
18:20:07,6403.71,6475.0,-272.7314,36038.0
18:22:16,6399.57,6325.0,-7.206,14751.0
18:22:16,6399.57,6330.0,-237.8489,21225.0
18:22:16,6399.57,6335.0,-512.5359,20715.0
18:22:16,6399.57,6340.0,-341.975,24350.0
18:22:16,6399.57,6345.0,-433.4583,18229.0
18:22:16,6399.57,6350.0,-1681.2254,43651.0
18:22:16,6399.57,6355.0,-483.2962,20794.0
18:22:16,6399.57,6360.0,-609.8819,32491.0
18:22:16,6399.57,6365.0,-532.8575,28837.0
18:22:16,6399.57,6370.0,-989.4322,36319.0
18:22:16,6399.57,6375.0,-1230.8546,42608.0
18:22:16,6399.57,6380.0,-1376.5333,48916.0
18:22:16,6399.57,6385.0,-830.1276,33185.0
18:22:16,6399.57,6390.0,-1362.7133,40503.0
18:22:16,6399.57,6395.0,-1703.0153,32077.0
18:22:16,6399.57,6400.0,-5419.2003,83970.0
18:22:16,6399.57,6405.0,-820.8562,35186.0
18:22:16,6399.57,6410.0,-1348.0229,59570.0
18:22:16,6399.57,6415.0,-1796.2205,58057.0
18:22:16,6399.57,6420.0,-1986.4824,70966.0
18:22:16,6399.57,6425.0,-2396.159,61171.0
18:22:16,6399.57,6430.0,-1113.1986,64093.0
18:22:16,6399.57,6435.0,-437.3259,44194.0
18:22:16,6399.57,6440.0,-967.7244,50639.0
18:22:16,6399.57,6445.0,-242.1315,36865.0
18:22:16,6399.57,6450.0,-681.3967,57584.0
18:22:16,6399.57,6455.0,-40.6433,29035.0
18:22:16,6399.57,6460.0,-275.9273,41062.0
18:22:16,6399.57,6465.0,-149.8254,28727.0
18:22:16,6399.57,6470.0,-404.86,35682.0
18:24:26,6401.47,6330.0,-237.9902,21237.0
18:24:26,6401.47,6335.0,-512.8403,20767.0
18:24:26,6401.47,6340.0,-351.3691,25445.0
18:24:26,6401.47,6345.0,-433.7157,18326.0
18:24:26,6401.47,6350.0,-1682.2239,44898.0
18:24:26,6401.47,6355.0,-519.5718,20879.0
18:24:26,6401.47,6360.0,-666.4364,32894.0
18:24:26,6401.47,6365.0,-533.174,29258.0
18:24:26,6401.47,6370.0,-990.0198,36869.0
18:24:26,6401.47,6375.0,-1231.5856,43175.0
18:24:26,6401.47,6380.0,-1376.6924,49399.0
18:24:26,6401.47,6385.0,-926.6519,33637.0
18:24:26,6401.47,6390.0,-1505.9938,40944.0
18:24:26,6401.47,6395.0,-1748.8442,32500.0
18:24:26,6401.47,6400.0,-5599.2171,84959.0
18:24:26,6401.47,6405.0,-885.538,35617.0
18:24:26,6401.47,6410.0,-1416.2663,60322.0
18:24:26,6401.47,6415.0,-1795.4108,58260.0
18:24:26,6401.47,6420.0,-1936.8912,71358.0
18:24:26,6401.47,6425.0,-2397.582,61548.0
18:24:26,6401.47,6430.0,-1113.8597,64476.0
18:24:26,6401.47,6435.0,-437.5856,44507.0
18:24:26,6401.47,6440.0,-869.3021,51203.0
18:24:26,6401.47,6445.0,-211.2758,37215.0
18:24:26,6401.47,6450.0,-590.8907,58025.0
18:24:26,6401.47,6455.0,-34.9817,29267.0
18:24:26,6401.47,6460.0,-276.0912,41495.0
18:24:26,6401.47,6465.0,-149.9144,28814.0
18:24:26,6401.47,6470.0,-405.1004,35850.0
18:24:26,6401.47,6475.0,-272.5407,36510.0
18:26:36,6396.95,6325.0,-862.6482,14920.0
18:26:36,6396.95,6330.0,-267.6027,21306.0
18:26:36,6396.95,6335.0,-576.3872,20811.0
18:26:36,6396.95,6340.0,-385.6594,25643.0
18:26:36,6396.95,6345.0,-433.1035,18394.0
18:26:36,6396.95,6350.0,-1653.3675,45127.0
18:26:36,6396.95,6355.0,-518.8383,21014.0
18:26:36,6396.95,6360.0,-663.24,33470.0
18:26:36,6396.95,6365.0,-583.0304,29449.0
18:26:36,6396.95,6370.0,-1054.8858,37180.0
18:26:36,6396.95,6375.0,-1458.0319,43411.0
18:26:36,6396.95,6380.0,-1645.6375,49945.0
18:26:36,6396.95,6385.0,-985.6873,34099.0
18:26:36,6396.95,6390.0,-1581.1823,41409.0
18:26:36,6396.95,6395.0,-1781.0428,33195.0
18:26:36,6396.95,6400.0,-5635.9424,86346.0
18:26:36,6396.95,6405.0,-875.4527,36143.0
18:26:36,6396.95,6410.0,-1378.3848,60683.0
18:26:36,6396.95,6415.0,-1766.2506,58713.0
18:26:36,6396.95,6420.0,-1867.3376,72266.0
18:26:36,6396.95,6425.0,-2316.136,61882.0
18:26:36,6396.95,6430.0,-1164.0316,64892.0
18:26:36,6396.95,6435.0,-451.8932,45017.0
18:26:36,6396.95,6440.0,-855.7588,51562.0
18:26:36,6396.95,6445.0,-210.9776,37403.0
18:26:36,6396.95,6450.0,-505.5384,58420.0
18:26:36,6396.95,6455.0,-34.123,29375.0
18:26:36,6396.95,6460.0,-265.8278,41993.0
18:26:36,6396.95,6465.0,-122.4389,28940.0
18:26:36,6396.95,6470.0,-330.498,36016.0
18:28:45,6392.98,6320.0,-1.4165,15984.0
18:28:45,6392.98,6325.0,-861.5778,15397.0
18:28:45,6392.98,6330.0,-316.9483,21903.0
18:28:45,6392.98,6335.0,-681.2878,21254.0
18:28:45,6392.98,6340.0,-385.1808,26748.0
18:28:45,6392.98,6345.0,-547.0359,18899.0
18:28:45,6392.98,6350.0,-2080.078,46933.0
18:28:45,6392.98,6355.0,-663.92,21877.0
18:28:45,6392.98,6360.0,-829.8218,35253.0
18:28:45,6392.98,6365.0,-644.6364,30634.0
18:28:45,6392.98,6370.0,-1053.5768,38509.0
18:28:45,6392.98,6375.0,-1456.2228,44642.0
18:28:45,6392.98,6380.0,-1643.5955,51250.0
18:28:45,6392.98,6385.0,-984.4642,35317.0
18:28:45,6392.98,6390.0,-1579.2203,42862.0
18:28:45,6392.98,6395.0,-1721.8829,35128.0
18:28:45,6392.98,6400.0,-5628.9491,88411.0
18:28:45,6392.98,6405.0,-874.3664,36926.0
18:28:45,6392.98,6410.0,-1376.6744,61502.0
18:28:45,6392.98,6415.0,-1764.059,60139.0
18:28:45,6392.98,6420.0,-1662.3988,73966.0
18:28:45,6392.98,6425.0,-2016.3908,62738.0
18:28:45,6392.98,6430.0,-918.4093,65710.0
18:28:45,6392.98,6435.0,-351.868,45403.0
18:28:45,6392.98,6440.0,-690.3361,52222.0
18:28:45,6392.98,6445.0,-216.6434,37786.0
18:28:45,6392.98,6450.0,-483.2666,59060.0
18:28:45,6392.98,6455.0,-34.0807,29772.0
18:28:45,6392.98,6460.0,-265.4979,42860.0
18:28:45,6392.98,6465.0,-122.287,29145.0
18:30:55,6391.87,6320.0,-1.6084,16367.0
18:30:55,6391.87,6325.0,-1034.867,15762.0
18:30:55,6391.87,6330.0,-316.8382,22286.0
18:30:55,6391.87,6335.0,-681.0512,21672.0
18:30:55,6391.87,6340.0,-453.6904,27555.0
18:30:55,6391.87,6345.0,-542.7138,19561.0
18:30:55,6391.87,6350.0,-2079.3557,48363.0
18:30:55,6391.87,6355.0,-656.2696,22621.0
18:30:55,6391.87,6360.0,-826.4835,36322.0
18:30:55,6391.87,6365.0,-643.9278,35654.0
18:30:55,6391.87,6370.0,-1053.211,42744.0
18:30:55,6391.87,6375.0,-1455.7171,50985.0
18:30:55,6391.87,6380.0,-1642.7848,55554.0
18:30:55,6391.87,6385.0,-997.6377,36236.0
18:30:55,6391.87,6390.0,-1554.4865,46428.0
18:30:55,6391.87,6395.0,-1696.741,36682.0
18:30:55,6391.87,6400.0,-5215.5612,91570.0
18:30:55,6391.87,6405.0,-816.6912,37833.0
18:30:55,6391.87,6410.0,-1268.3012,62164.0
18:30:55,6391.87,6415.0,-1602.1914,60926.0
18:30:55,6391.87,6420.0,-1672.6915,74870.0
18:30:55,6391.87,6425.0,-2015.6907,63672.0
18:30:55,6391.87,6430.0,-918.0904,66497.0
18:30:55,6391.87,6435.0,-351.7459,45908.0
18:30:55,6391.87,6440.0,-690.0964,52943.0
18:30:55,6391.87,6445.0,-172.867,38156.0
18:30:55,6391.87,6450.0,-483.0988,59751.0
18:30:55,6391.87,6455.0,-28.1121,29987.0
18:30:55,6391.87,6460.0,-265.4057,43076.0
18:30:55,6391.87,6465.0,-122.2445,29297.0
18:33:05,6393.32,6320.0,-168.2909,16521.0
18:33:05,6393.32,6325.0,-1035.3366,15858.0
18:33:05,6393.32,6330.0,-323.2303,22540.0
18:33:05,6393.32,6335.0,-707.6314,21815.0
18:33:05,6393.32,6340.0,-468.8943,27870.0
18:33:05,6393.32,6345.0,-542.96,19795.0
18:33:05,6393.32,6350.0,-2184.8251,48855.0
18:33:05,6393.32,6355.0,-663.5253,22987.0
18:33:05,6393.32,6360.0,-815.6481,36797.0
18:33:05,6393.32,6365.0,-642.9573,35838.0
18:33:05,6393.32,6370.0,-1140.887,43287.0
18:33:05,6393.32,6375.0,-1531.5134,51472.0
18:33:05,6393.32,6380.0,-1663.7571,56319.0
18:33:05,6393.32,6385.0,-967.9922,36821.0
18:33:05,6393.32,6390.0,-1511.2373,47557.0
18:33:05,6393.32,6395.0,-1664.4626,37438.0
18:33:05,6393.32,6400.0,-5186.3614,92617.0
18:33:05,6393.32,6405.0,-787.7467,38248.0
18:33:05,6393.32,6410.0,-1225.9673,62716.0
18:33:05,6393.32,6415.0,-1563.7602,61938.0
18:33:05,6393.32,6420.0,-1637.7689,75507.0
18:33:05,6393.32,6425.0,-2002.8152,64841.0
18:33:05,6393.32,6430.0,-894.2657,67016.0
18:33:05,6393.32,6435.0,-354.4438,46195.0
18:33:05,6393.32,6440.0,-674.2898,53463.0
18:33:05,6393.32,6445.0,-165.6212,38314.0
18:33:05,6393.32,6450.0,-453.2443,60275.0
18:33:05,6393.32,6455.0,-28.6745,30046.0
18:33:05,6393.32,6460.0,-219.6344,43291.0
18:33:05,6393.32,6465.0,-102.2924,29404.0
18:35:15,6395.57,6325.0,-1036.0655,16002.0
18:35:15,6395.57,6330.0,-293.9932,22709.0
18:35:15,6395.57,6335.0,-708.1935,21963.0
18:35:15,6395.57,6340.0,-416.3373,28376.0
18:35:15,6395.57,6345.0,-587.143,19979.0
18:35:15,6395.57,6350.0,-2233.8591,49277.0
18:35:15,6395.57,6355.0,-663.9924,23295.0
18:35:15,6395.57,6360.0,-816.2223,37205.0
18:35:15,6395.57,6365.0,-643.41,36166.0
18:35:15,6395.57,6370.0,-1141.6902,43832.0
18:35:15,6395.57,6375.0,-1532.5916,51960.0
18:35:15,6395.57,6380.0,-1664.9283,56979.0
18:35:15,6395.57,6385.0,-968.6736,37332.0
18:35:15,6395.57,6390.0,-1512.1605,48459.0
18:35:15,6395.57,6395.0,-1713.056,38525.0
18:35:15,6395.57,6400.0,-5382.1875,94113.0
18:35:15,6395.57,6405.0,-788.3012,38620.0
18:35:15,6395.57,6410.0,-1225.2757,63232.0
18:35:15,6395.57,6415.0,-1564.8611,63479.0
18:35:15,6395.57,6420.0,-1633.6001,75836.0
18:35:15,6395.57,6425.0,-2004.2251,66319.0
18:35:15,6395.57,6430.0,-894.8953,67486.0
18:35:15,6395.57,6435.0,-354.6933,46461.0
18:35:15,6395.57,6440.0,-674.7645,53777.0
18:35:15,6395.57,6445.0,-165.7378,38628.0
18:35:15,6395.57,6450.0,-503.0055,60553.0
18:35:15,6395.57,6455.0,-21.8635,30252.0
18:35:15,6395.57,6460.0,-219.789,43454.0
18:35:15,6395.57,6465.0,-102.3644,29521.0
18:35:15,6395.57,6470.0,-330.3554,37095.0
18:37:24,6394.28,6320.0,-168.3415,16716.0
18:37:24,6394.28,6325.0,-937.105,16029.0
18:37:24,6394.28,6330.0,-293.875,22763.0
18:37:24,6394.28,6335.0,-628.3372,22029.0
18:37:24,6394.28,6340.0,-416.1694,29746.0
18:37:24,6394.28,6345.0,-515.192,20136.0
18:37:24,6394.28,6350.0,-2232.958,49630.0
18:37:24,6394.28,6355.0,-638.5922,23393.0
18:37:24,6394.28,6360.0,-785.9348,37590.0
18:37:24,6394.28,6365.0,-630.5714,36378.0
18:37:24,6394.28,6370.0,-1141.2296,44091.0
18:37:24,6394.28,6375.0,-1531.9734,52282.0
18:37:24,6394.28,6380.0,-1664.0427,57412.0
18:37:24,6394.28,6385.0,-1025.6401,37821.0
18:37:24,6394.28,6390.0,-1614.4147,49261.0
18:37:24,6394.28,6395.0,-1781.6963,39493.0
18:37:24,6394.28,6400.0,-5527.6958,94840.0
18:37:24,6394.28,6405.0,-845.9414,38939.0
18:37:24,6394.28,6410.0,-1320.2874,63731.0
18:37:24,6394.28,6415.0,-1670.4838,63698.0
18:37:24,6394.28,6420.0,-1751.6595,76295.0
18:37:24,6394.28,6425.0,-2108.8,66656.0
18:37:24,6394.28,6430.0,-961.1116,68140.0
18:37:24,6394.28,6435.0,-357.5196,46617.0
18:37:24,6394.28,6440.0,-748.7306,54572.0
18:37:24,6394.28,6445.0,-181.0375,39067.0
18:37:24,6394.28,6450.0,-502.8026,60739.0
18:37:24,6394.28,6455.0,-29.5716,30559.0
18:37:24,6394.28,6460.0,-233.3578,43527.0
18:37:24,6394.28,6465.0,-109.0575,29609.0
18:39:34,6393.64,6320.0,-151.0186,16781.0
18:39:34,6393.64,6325.0,-936.9174,16101.0
18:39:34,6393.64,6330.0,-293.6783,22854.0
18:39:34,6393.64,6335.0,-650.9063,22124.0
18:39:34,6393.64,6340.0,-433.2843,29875.0
18:39:34,6393.64,6345.0,-541.1088,20202.0
18:39:34,6393.64,6350.0,-2078.0739,50076.0
18:39:34,6393.64,6355.0,-649.5453,23489.0
18:39:34,6393.64,6360.0,-785.7775,37889.0
18:39:34,6393.64,6365.0,-630.4452,36538.0
18:39:34,6393.64,6370.0,-1143.4521,44270.0
18:39:34,6393.64,6375.0,-1549.4195,52567.0
18:39:34,6393.64,6380.0,-1713.1913,58235.0
18:39:34,6393.64,6385.0,-1016.1373,38125.0
18:39:34,6393.64,6390.0,-1589.6859,49902.0
18:39:34,6393.64,6395.0,-1756.1859,40259.0
18:39:34,6393.64,6400.0,-5450.9485,95692.0
18:39:34,6393.64,6405.0,-846.7559,39315.0
18:39:34,6393.64,6410.0,-1320.7709,63992.0
18:39:34,6393.64,6415.0,-1670.1494,63866.0
18:39:34,6393.64,6420.0,-1753.0425,76515.0
18:39:34,6393.64,6425.0,-2108.3779,66819.0
18:39:34,6393.64,6430.0,-960.9192,68514.0
18:39:34,6393.64,6435.0,-352.5835,46764.0
18:39:34,6393.64,6440.0,-702.5494,54708.0
18:39:34,6393.64,6445.0,-173.3898,39146.0
18:39:34,6393.64,6450.0,-486.6558,60909.0
18:39:34,6393.64,6455.0,-28.8431,30617.0
18:39:34,6393.64,6460.0,-233.311,43852.0
18:39:34,6393.64,6465.0,-109.0357,29639.0
18:41:44,6391.49,6320.0,-176.412,16892.0
18:41:44,6391.49,6325.0,-936.2874,16127.0
18:41:44,6391.49,6330.0,-338.3068,22988.0
18:41:44,6391.49,6335.0,-720.5926,22270.0
18:41:44,6391.49,6340.0,-479.5662,30021.0
18:41:44,6391.49,6345.0,-539.7953,20369.0
18:41:44,6391.49,6350.0,-2076.6766,50453.0
18:41:44,6391.49,6355.0,-649.1086,23843.0
18:41:44,6391.49,6360.0,-785.2491,38285.0
18:41:44,6391.49,6365.0,-630.0212,39221.0
18:41:44,6391.49,6370.0,-1154.584,44769.0
18:41:44,6391.49,6375.0,-1584.4415,52904.0
18:41:44,6391.49,6380.0,-1724.5175,58675.0
18:41:44,6391.49,6385.0,-1015.454,38611.0
18:41:44,6391.49,6390.0,-1591.3196,50769.0
18:41:44,6391.49,6395.0,-1752.323,40924.0
18:41:44,6391.49,6400.0,-5447.2831,96940.0
18:41:44,6391.49,6405.0,-846.1865,39669.0
18:41:44,6391.49,6410.0,-1320.1696,64293.0
18:41:44,6391.49,6415.0,-1669.0264,64197.0
18:41:44,6391.49,6420.0,-1754.1809,76829.0
18:41:44,6391.49,6425.0,-2106.9601,67230.0
18:41:44,6391.49,6430.0,-960.2731,68744.0
18:41:44,6391.49,6435.0,-352.3465,47147.0
18:41:44,6391.49,6440.0,-663.6065,54934.0
18:41:44,6391.49,6445.0,-163.2056,39408.0
18:41:44,6391.49,6450.0,-491.9798,61309.0
18:41:44,6391.49,6455.0,-28.8237,30724.0
18:41:44,6391.49,6460.0,-233.1542,43966.0
18:41:44,6391.49,6465.0,-108.9624,29711.0
18:43:54,6389.71,6315.0,-361.6942,11725.0
18:43:54,6389.71,6320.0,-187.8764,17014.0
18:43:54,6389.71,6325.0,-1159.1449,16424.0
18:43:54,6389.71,6330.0,-359.5773,23283.0
18:43:54,6389.71,6335.0,-763.0067,22515.0
18:43:54,6389.71,6340.0,-479.2991,30464.0
18:43:54,6389.71,6345.0,-593.5472,20605.0
18:43:54,6389.71,6350.0,-2075.52,51117.0
18:43:54,6389.71,6355.0,-709.5158,24175.0
18:43:54,6389.71,6360.0,-914.9465,38772.0
18:43:54,6389.71,6365.0,-708.2572,39662.0
18:43:54,6389.71,6370.0,-1153.941,45279.0
18:43:54,6389.71,6375.0,-1583.5591,53428.0
18:43:54,6389.71,6380.0,-1796.0939,59487.0
18:43:54,6389.71,6385.0,-1043.1415,39250.0
18:43:54,6389.71,6390.0,-1614.1232,52134.0
18:43:54,6389.71,6395.0,-1750.771,42176.0
18:43:54,6389.71,6400.0,-5306.9174,98288.0
18:43:54,6389.71,6405.0,-788.5833,40291.0
18:43:54,6389.71,6410.0,-1212.4953,64751.0
18:43:54,6389.71,6415.0,-1497.6588,64642.0
18:43:54,6389.71,6420.0,-1501.4755,77172.0
18:43:54,6389.71,6425.0,-1780.0703,67740.0
18:43:54,6389.71,6430.0,-839.8999,69317.0
18:43:54,6389.71,6435.0,-340.9499,47536.0
18:43:54,6389.71,6440.0,-664.142,55303.0
18:43:54,6389.71,6445.0,-158.7779,39650.0
18:43:54,6389.71,6450.0,-446.2299,61783.0
18:43:54,6389.71,6455.0,-24.4819,30847.0
18:43:54,6389.71,6460.0,-194.521,44167.0
18:46:03,6389.87,6315.0,-345.0483,11785.0
18:46:03,6389.87,6320.0,-178.7947,17105.0
18:46:03,6389.87,6325.0,-1049.4485,16521.0
18:46:03,6389.87,6330.0,-331.4778,23512.0
18:46:03,6389.87,6335.0,-763.0449,22735.0
18:46:03,6389.87,6340.0,-503.3882,30730.0
18:46:03,6389.87,6345.0,-593.5769,20818.0
18:46:03,6389.87,6350.0,-2405.1377,51798.0
18:46:03,6389.87,6355.0,-712.1122,24609.0
18:46:03,6389.87,6360.0,-864.1293,39420.0
18:46:03,6389.87,6365.0,-699.1967,42347.0
18:46:03,6389.87,6370.0,-1235.53,46045.0
18:46:03,6389.87,6375.0,-1655.9335,54394.0
18:46:03,6389.87,6380.0,-1798.3668,60528.0
18:46:03,6389.87,6385.0,-1044.7777,40088.0
18:46:03,6389.87,6390.0,-1621.4399,53504.0
18:46:03,6389.87,6395.0,-1758.5723,43271.0
18:46:03,6389.87,6400.0,-5370.7999,99578.0
18:46:03,6389.87,6405.0,-804.3727,40681.0
18:46:03,6389.87,6410.0,-1230.227,65327.0
18:46:03,6389.87,6415.0,-1526.9488,65042.0
18:46:03,6389.87,6420.0,-1541.9528,77674.0
18:46:03,6389.87,6425.0,-1780.1594,68696.0
18:46:03,6389.87,6430.0,-839.942,69998.0
18:46:03,6389.87,6435.0,-327.0643,47990.0
18:46:03,6389.87,6440.0,-643.542,55774.0
18:46:03,6389.87,6445.0,-168.2479,39881.0
18:46:03,6389.87,6450.0,-478.128,61973.0
18:46:03,6389.87,6455.0,-29.0542,31056.0
18:46:03,6389.87,6460.0,-212.3987,44267.0
18:48:13,6390.43,6320.0,-178.3147,17199.0
18:48:13,6390.43,6325.0,-1157.3144,16618.0
18:48:13,6390.43,6330.0,-331.5359,23729.0
18:48:13,6390.43,6335.0,-717.7608,22848.0
18:48:13,6390.43,6340.0,-503.4316,30855.0
18:48:13,6390.43,6345.0,-587.3647,20995.0
18:48:13,6390.43,6350.0,-2273.1954,52141.0
18:48:13,6390.43,6355.0,-712.237,24806.0
18:48:13,6390.43,6360.0,-900.6086,39813.0
18:48:13,6390.43,6365.0,-704.1919,42527.0
18:48:13,6390.43,6370.0,-1235.7466,46445.0
18:48:13,6390.43,6375.0,-1656.2238,54812.0
18:48:13,6390.43,6380.0,-1798.682,61307.0
18:48:13,6390.43,6385.0,-1067.2774,40739.0
18:48:13,6390.43,6390.0,-1655.8572,54441.0
18:48:13,6390.43,6395.0,-1801.4758,43905.0
18:48:13,6390.43,6400.0,-5367.3097,100187.0
18:48:13,6390.43,6405.0,-804.5137,40903.0
18:48:13,6390.43,6410.0,-1230.0063,65641.0
18:48:13,6390.43,6415.0,-1527.2164,65403.0
18:48:13,6390.43,6420.0,-1556.58,78075.0
18:48:13,6390.43,6425.0,-1780.4714,68861.0
18:48:13,6390.43,6430.0,-840.0892,70321.0
18:48:13,6390.43,6435.0,-327.1216,48126.0
18:48:13,6390.43,6440.0,-587.1085,55993.0
18:48:13,6390.43,6445.0,-168.2774,40009.0
18:48:13,6390.43,6450.0,-478.2118,62156.0
18:48:13,6390.43,6455.0,-26.2393,31162.0
18:48:13,6390.43,6460.0,-209.9994,44353.0
18:48:13,6390.43,6465.0,-100.0064,29918.0
18:50:23,6389.07,6315.0,-344.9619,11831.0
18:50:23,6389.07,6320.0,-178.2388,17267.0
18:50:23,6389.07,6325.0,-1162.9054,16650.0
18:50:23,6389.07,6330.0,-360.8444,23842.0
18:50:23,6389.07,6335.0,-784.1683,22946.0
18:50:23,6389.07,6340.0,-524.8936,31093.0
18:50:23,6389.07,6345.0,-587.1147,21418.0
18:50:23,6389.07,6350.0,-2384.6743,52489.0
18:50:23,6389.07,6355.0,-711.6095,24992.0
18:50:23,6389.07,6360.0,-900.2253,40008.0
18:50:23,6389.07,6365.0,-703.8543,42801.0
18:50:23,6389.07,6370.0,-1301.5666,47020.0
18:50:23,6389.07,6375.0,-1731.3825,55214.0
18:50:23,6389.07,6380.0,-1891.369,61820.0
18:50:23,6389.07,6385.0,-1089.7846,41764.0
18:50:23,6389.07,6390.0,-1672.1419,55629.0
18:50:23,6389.07,6395.0,-1784.6876,44547.0
18:50:23,6389.07,6400.0,-5486.0829,101071.0
18:50:23,6389.07,6405.0,-819.6823,41090.0
18:50:23,6389.07,6410.0,-1255.455,66011.0
18:50:23,6389.07,6415.0,-1534.9646,65648.0
18:50:23,6389.07,6420.0,-1558.3351,78426.0
18:50:23,6389.07,6425.0,-1860.9296,69190.0
18:50:23,6389.07,6430.0,-831.436,71019.0
18:50:23,6389.07,6435.0,-322.2259,48479.0
18:50:23,6389.07,6440.0,-586.8587,56234.0
18:50:23,6389.07,6445.0,-150.1021,40179.0
18:50:23,6389.07,6450.0,-425.5645,62365.0
18:50:23,6389.07,6455.0,-25.5146,31227.0
18:50:23,6389.07,6460.0,-200.7683,44493.0
18:52:32,6388.94,6315.0,-357.7646,11840.0
18:52:32,6388.94,6320.0,-185.5712,17343.0
18:52:32,6388.94,6325.0,-1181.2103,16722.0
18:52:32,6388.94,6330.0,-352.0106,23918.0
18:52:32,6388.94,6335.0,-784.0843,23151.0
18:52:32,6388.94,6340.0,-515.4966,31321.0
18:52:32,6388.94,6345.0,-587.0908,21532.0
18:52:32,6388.94,6350.0,-2376.5878,52638.0
18:52:32,6388.94,6355.0,-732.1984,25125.0
18:52:32,6388.94,6360.0,-926.881,40183.0
18:52:32,6388.94,6365.0,-735.086,42928.0
18:52:32,6388.94,6370.0,-1295.7637,47209.0
18:52:32,6388.94,6375.0,-1753.2165,55615.0
18:52:32,6388.94,6380.0,-1865.7979,62362.0
18:52:32,6388.94,6385.0,-1086.6089,42214.0
18:52:32,6388.94,6390.0,-1681.1521,56240.0
18:52:32,6388.94,6395.0,-1801.203,44876.0
18:52:32,6388.94,6400.0,-5453.4084,101530.0
18:52:32,6388.94,6405.0,-788.4538,41230.0
18:52:32,6388.94,6410.0,-1209.0936,66319.0
18:52:32,6388.94,6415.0,-1488.713,65808.0
18:52:32,6388.94,6420.0,-1501.415,78662.0
18:52:32,6388.94,6425.0,-1793.0885,69523.0
18:52:32,6388.94,6430.0,-799.91,71378.0
18:52:32,6388.94,6435.0,-304.7989,48639.0
18:52:32,6388.94,6440.0,-596.867,56443.0
18:52:32,6388.94,6445.0,-150.096,40273.0
18:52:32,6388.94,6450.0,-429.4376,62394.0
18:52:32,6388.94,6455.0,-26.1232,31271.0
18:52:32,6388.94,6460.0,-206.6264,44532.0
18:54:42,6387.56,6315.0,-384.3668,11859.0
18:54:42,6387.56,6320.0,-185.491,17474.0
18:54:42,6387.56,6325.0,-1180.7001,16779.0
18:54:42,6387.56,6330.0,-390.5546,23983.0
18:54:42,6387.56,6335.0,-824.6462,23441.0
18:54:42,6387.56,6340.0,-542.6795,31675.0
18:54:42,6387.56,6345.0,-654.8849,21689.0
18:54:42,6387.56,6350.0,-2547.7255,52958.0
18:54:42,6387.56,6355.0,-782.606,25277.0
18:54:42,6387.56,6360.0,-963.2629,40398.0
18:54:42,6387.56,6365.0,-734.7685,43141.0
18:54:42,6387.56,6370.0,-1295.204,47427.0
18:54:42,6387.56,6375.0,-1752.4592,56016.0
18:54:42,6387.56,6380.0,-1864.992,62832.0
18:54:42,6387.56,6385.0,-1085.987,42800.0
18:54:42,6387.56,6390.0,-1688.7877,56998.0
18:54:42,6387.56,6395.0,-1800.425,45276.0
18:54:42,6387.56,6400.0,-5451.0528,101957.0
18:54:42,6387.56,6405.0,-788.1132,41388.0
18:54:42,6387.56,6410.0,-1209.4474,66504.0
18:54:42,6387.56,6415.0,-1410.4766,66120.0
18:54:42,6387.56,6420.0,-1437.8186,78924.0
18:54:42,6387.56,6425.0,-1655.6611,69916.0
18:54:42,6387.56,6430.0,-736.565,71533.0
18:54:42,6387.56,6435.0,-296.4043,48870.0
18:54:42,6387.56,6440.0,-569.2875,56581.0
18:54:42,6387.56,6445.0,-139.9326,40554.0
18:54:42,6387.56,6450.0,-397.3084,62601.0
18:54:42,6387.56,6455.0,-26.1119,31309.0
18:54:42,6387.56,6460.0,-206.5372,44585.0
18:56:52,6386.79,6315.0,-384.2741,11913.0
18:56:52,6386.79,6320.0,-185.4463,17635.0
18:56:52,6386.79,6325.0,-1263.8805,16984.0
18:56:52,6386.79,6330.0,-396.3342,24293.0
18:56:52,6386.79,6335.0,-843.8719,23558.0
18:56:52,6386.79,6340.0,-542.492,32115.0
18:56:52,6386.79,6345.0,-654.727,22045.0
18:56:52,6386.79,6350.0,-2547.1113,53557.0
18:56:52,6386.79,6355.0,-782.4174,25565.0
18:56:52,6386.79,6360.0,-963.0307,40762.0
18:56:52,6386.79,6365.0,-756.4909,44189.0
18:56:52,6386.79,6370.0,-1294.8918,47867.0
18:56:52,6386.79,6375.0,-1752.0367,56624.0
18:56:52,6386.79,6380.0,-1915.3133,63426.0
18:56:52,6386.79,6385.0,-1094.5513,43872.0
18:56:52,6386.79,6390.0,-1652.5153,58267.0
18:56:52,6386.79,6395.0,-1755.8683,45978.0
18:56:52,6386.79,6400.0,-5296.7955,102585.0
18:56:52,6386.79,6405.0,-766.0971,41710.0
18:56:52,6386.79,6410.0,-1160.0719,66822.0
18:56:52,6386.79,6415.0,-1410.8584,66461.0
18:56:52,6386.79,6420.0,-1439.6892,79334.0
18:56:52,6386.79,6425.0,-1655.262,70415.0
18:56:52,6386.79,6430.0,-736.3874,71769.0
18:56:52,6386.79,6435.0,-296.3328,49305.0
18:56:52,6386.79,6440.0,-568.8081,56817.0
18:56:52,6386.79,6445.0,-140.0717,40634.0
18:56:52,6386.79,6450.0,-397.2126,62815.0
18:56:52,6386.79,6455.0,-25.7439,31477.0
18:56:52,6386.79,6460.0,-203.2128,44640.0
18:59:02,6385.61,6315.0,-374.8223,12001.0
18:59:02,6385.61,6320.0,-197.9314,17748.0
18:59:02,6385.61,6325.0,-1148.2593,17232.0
18:59:02,6385.61,6330.0,-362.8036,24603.0
18:59:02,6385.61,6335.0,-843.4848,23773.0
18:59:02,6385.61,6340.0,-544.6678,32694.0
18:59:02,6385.61,6345.0,-654.4851,22507.0
18:59:02,6385.61,6350.0,-2493.4658,54391.0
18:59:02,6385.61,6355.0,-832.234,26138.0
18:59:02,6385.61,6360.0,-1040.3094,41566.0
18:59:02,6385.61,6365.0,-806.929,45269.0
18:59:02,6385.61,6370.0,-1421.9908,48567.0
18:59:02,6385.61,6375.0,-1876.9049,57282.0
18:59:02,6385.61,6380.0,-1977.4059,64462.0
18:59:02,6385.61,6385.0,-1112.2681,45070.0
18:59:02,6385.61,6390.0,-1655.5326,59669.0
18:59:02,6385.61,6395.0,-1734.201,47028.0
18:59:02,6385.61,6400.0,-5096.2662,103493.0
18:59:02,6385.61,6405.0,-735.0876,42207.0
18:59:02,6385.61,6410.0,-1085.6531,67362.0
18:59:02,6385.61,6415.0,-1313.8078,66953.0
18:59:02,6385.61,6420.0,-1388.3654,79885.0
18:59:02,6385.61,6425.0,-1702.7294,70891.0
18:59:02,6385.61,6430.0,-772.6434,72173.0
18:59:02,6385.61,6435.0,-284.5582,49492.0
18:59:02,6385.61,6440.0,-542.296,57217.0
18:59:02,6385.61,6445.0,-138.5089,40842.0
18:59:02,6385.61,6450.0,-396.9702,63999.0
18:59:02,6385.61,6455.0,-24.0147,31562.0
18:59:02,6385.61,6460.0,-188.1507,44776.0
19:01:11,6386.41,6315.0,-339.2124,12041.0
19:01:11,6386.41,6320.0,-179.0953,17844.0
19:01:11,6386.41,6325.0,-1148.3845,17295.0
19:01:11,6386.41,6330.0,-362.8946,24774.0
19:01:11,6386.41,6335.0,-802.5963,23934.0
19:01:11,6386.41,6340.0,-544.8043,35354.0
19:01:11,6386.41,6345.0,-694.0153,22697.0
19:01:11,6386.41,6350.0,-2680.4952,54727.0
19:01:11,6386.41,6355.0,-832.4426,26539.0
19:01:11,6386.41,6360.0,-1040.5701,41853.0
19:01:11,6386.41,6365.0,-807.1312,48506.0
19:01:11,6386.41,6370.0,-1422.3471,49057.0
19:01:11,6386.41,6375.0,-1877.3999,57935.0
19:01:11,6386.41,6380.0,-1984.3482,64944.0
19:01:11,6386.41,6385.0,-1120.4663,45758.0
19:01:11,6386.41,6390.0,-1655.8859,61698.0
19:01:11,6386.41,6395.0,-1761.9472,47366.0
19:01:11,6386.41,6400.0,-5097.5432,104037.0
19:01:11,6386.41,6405.0,-735.2718,42455.0
19:01:11,6386.41,6410.0,-1085.4141,67696.0
19:01:11,6386.41,6415.0,-1314.137,67280.0
19:01:11,6386.41,6420.0,-1388.223,80254.0
19:01:11,6386.41,6425.0,-1703.1561,71108.0
19:01:11,6386.41,6430.0,-772.837,72412.0
19:01:11,6386.41,6435.0,-284.6295,49650.0
19:01:11,6386.41,6440.0,-542.4319,57384.0
19:01:11,6386.41,6445.0,-135.051,40977.0
19:01:11,6386.41,6450.0,-397.0696,64180.0
19:01:11,6386.41,6455.0,-24.0207,31623.0
19:01:11,6386.41,6460.0,-188.1978,44887.0
19:03:21,6385.31,6315.0,-339.0956,12056.0
19:03:21,6385.31,6320.0,-179.0336,17919.0
19:03:21,6385.31,6325.0,-1143.0176,17480.0
19:03:21,6385.31,6330.0,-360.9643,24800.0
19:03:21,6385.31,6335.0,-787.9897,24048.0
19:03:21,6385.31,6340.0,-557.5703,35447.0
19:03:21,6385.31,6345.0,-637.5515,22844.0
19:03:21,6385.31,6350.0,-2679.5719,55180.0
19:03:21,6385.31,6355.0,-832.1558,26770.0
19:03:21,6385.31,6360.0,-1040.2117,42129.0
19:03:21,6385.31,6365.0,-806.8532,50936.0
19:03:21,6385.31,6370.0,-1421.8572,49434.0
19:03:21,6385.31,6375.0,-1876.7533,58340.0
19:03:21,6385.31,6380.0,-1983.5338,65437.0
19:03:21,6385.31,6385.0,-1139.3367,46615.0
19:03:21,6385.31,6390.0,-1705.5394,63242.0
19:03:21,6385.31,6395.0,-1796.1449,47564.0
19:03:21,6385.31,6400.0,-5095.7874,104463.0
19:03:21,6385.31,6405.0,-735.0185,42591.0
19:03:21,6385.31,6410.0,-1084.8109,67871.0
19:03:21,6385.31,6415.0,-1313.6843,67372.0
19:03:21,6385.31,6420.0,-1389.0967,80502.0
19:03:21,6385.31,6425.0,-1710.1136,71232.0
19:03:21,6385.31,6430.0,-706.0503,72538.0
19:03:21,6385.31,6435.0,-285.4593,49804.0
19:03:21,6385.31,6440.0,-574.2036,57440.0
19:03:21,6385.31,6445.0,-140.6927,41059.0
19:03:21,6385.31,6450.0,-396.9329,64341.0
19:03:21,6385.31,6455.0,-24.0124,31678.0
19:03:21,6385.31,6460.0,-188.133,44954.0
19:05:31,6383.84,6310.0,-173.8852,11442.0
19:05:31,6383.84,6315.0,-356.7876,12095.0
19:05:31,6383.84,6320.0,-190.4221,17959.0
19:05:31,6383.84,6325.0,-1279.6994,17514.0
19:05:31,6383.84,6330.0,-397.6314,24909.0
19:05:31,6383.84,6335.0,-787.6269,24115.0
19:05:31,6383.84,6340.0,-557.3136,35578.0
19:05:31,6383.84,6345.0,-719.2851,22989.0
19:05:31,6383.84,6350.0,-2491.8081,55698.0
19:05:31,6383.84,6355.0,-782.2726,27055.0
19:05:31,6383.84,6360.0,-1017.1561,42611.0
19:05:31,6383.84,6365.0,-787.0997,51313.0
19:05:31,6383.84,6370.0,-1408.9273,49895.0
19:05:31,6383.84,6375.0,-1972.2506,58999.0
19:05:31,6383.84,6380.0,-2056.6934,66493.0
19:05:31,6383.84,6385.0,-1145.2991,47714.0
19:05:31,6383.84,6390.0,-1690.1608,64127.0
19:05:31,6383.84,6395.0,-1797.9209,47956.0
19:05:31,6383.84,6400.0,-5275.5373,105306.0
19:05:31,6383.84,6405.0,-763.0595,43032.0
19:05:31,6383.84,6410.0,-1127.7235,68308.0
19:05:31,6383.84,6415.0,-1315.1931,67753.0
19:05:31,6383.84,6420.0,-1331.8272,81027.0
19:05:31,6383.84,6425.0,-1555.3297,71684.0
19:05:31,6383.84,6430.0,-705.7252,73048.0
19:05:31,6383.84,6435.0,-285.3278,49952.0
19:05:31,6383.84,6440.0,-527.2671,57613.0
19:05:31,6383.84,6445.0,-128.3637,41289.0
19:05:31,6383.84,6450.0,-401.2194,64673.0
19:05:31,6383.84,6455.0,-24.0503,31734.0
19:07:42,6380.45,6310.0,-182.2612,11482.0
19:07:42,6380.45,6315.0,-356.4088,12126.0
19:07:42,6380.45,6320.0,-190.2199,18112.0
19:07:42,6380.45,6325.0,-1278.3406,17586.0
19:07:42,6380.45,6330.0,-397.2092,25119.0
19:07:42,6380.45,6335.0,-786.7906,24339.0
19:07:42,6380.45,6340.0,-556.7219,36050.0
19:07:42,6380.45,6345.0,-718.5214,23171.0
19:07:42,6380.45,6350.0,-2489.1624,56402.0
19:07:42,6380.45,6355.0,-781.442,27483.0
19:07:42,6380.45,6360.0,-1016.0761,43053.0
19:07:42,6380.45,6365.0,-786.2639,51716.0
19:07:42,6380.45,6370.0,-1407.4313,50596.0
19:07:42,6380.45,6375.0,-1970.1565,59538.0
19:07:42,6380.45,6380.0,-2054.5097,67654.0
19:07:42,6380.45,6385.0,-1144.0831,47714.0
19:07:42,6380.45,6390.0,-1688.3662,65083.0
19:07:42,6380.45,6395.0,-1796.0119,48620.0
19:07:42,6380.45,6400.0,-5269.9359,106162.0
19:07:42,6380.45,6405.0,-762.2493,43554.0
19:07:42,6380.45,6410.0,-1128.0654,68924.0
19:07:42,6380.45,6415.0,-1313.7966,68074.0
19:07:42,6380.45,6420.0,-1335.4495,81416.0
19:07:42,6380.45,6425.0,-1553.6783,72135.0
19:07:42,6380.45,6430.0,-704.9759,73451.0
19:07:42,6380.45,6435.0,-285.0249,50069.0
19:07:42,6380.45,6440.0,-526.7072,57779.0
19:07:42,6380.45,6445.0,-128.2274,41392.0
19:07:42,6380.45,6450.0,-400.7934,64745.0
19:07:42,6380.45,6455.0,-24.0248,31829.0
19:09:51,6378.16,6305.0,-0.0452,8460.0
19:09:51,6378.16,6310.0,-212.5577,11776.0
19:09:51,6378.16,6315.0,-356.153,12292.0
19:09:51,6378.16,6320.0,-239.2898,18778.0
19:09:51,6378.16,6325.0,-1517.2444,18497.0
19:09:51,6378.16,6330.0,-396.9241,25761.0
19:09:51,6378.16,6335.0,-1061.7677,24672.0
19:09:51,6378.16,6340.0,-696.4495,36698.0
19:09:51,6378.16,6345.0,-873.0367,24156.0
19:09:51,6378.16,6350.0,-3231.9322,58274.0
19:09:51,6378.16,6355.0,-994.7984,28207.0
19:09:51,6378.16,6360.0,-1229.0083,44052.0
19:09:51,6378.16,6365.0,-932.5927,52689.0
19:09:51,6378.16,6370.0,-1612.7692,52061.0
19:09:51,6378.16,6375.0,-2047.3611,61078.0
19:09:51,6378.16,6380.0,-2063.0024,69972.0
19:09:51,6378.16,6385.0,-1111.2791,49858.0
19:09:51,6378.16,6390.0,-1580.2369,65981.0
19:09:51,6378.16,6395.0,-1593.3087,49132.0
19:09:51,6378.16,6400.0,-4436.2588,107130.0
19:09:51,6378.16,6405.0,-631.5373,44078.0
19:09:51,6378.16,6410.0,-907.9474,69391.0
19:09:51,6378.16,6415.0,-1053.2951,68375.0
19:09:51,6378.16,6420.0,-1073.29,81908.0
19:09:51,6378.16,6425.0,-1249.3592,72570.0
19:09:51,6378.16,6430.0,-595.5642,73932.0
19:09:51,6378.16,6435.0,-221.9521,50208.0
19:09:51,6378.16,6440.0,-448.9077,57987.0
19:09:51,6378.16,6445.0,-113.1304,41580.0
19:09:51,6378.16,6450.0,-333.6516,65175.0
19:12:01,6378.52,6305.0,-0.0317,8768.0
19:12:01,6378.52,6310.0,-212.5817,12239.0
19:12:01,6378.52,6315.0,-356.1932,13163.0
19:12:01,6378.52,6320.0,-237.918,19506.0
19:12:01,6378.52,6325.0,-1524.8311,19174.0
19:12:01,6378.52,6330.0,-482.8964,26683.0
19:12:01,6378.52,6335.0,-1061.8876,25693.0
19:12:01,6378.52,6340.0,-696.5281,38221.0
19:12:01,6378.52,6345.0,-873.1353,25406.0
19:12:01,6378.52,6350.0,-3232.2971,59667.0
19:12:01,6378.52,6355.0,-994.9107,29205.0
19:12:01,6378.52,6360.0,-1229.147,45428.0
19:12:01,6378.52,6365.0,-932.698,53556.0
19:12:01,6378.52,6370.0,-1552.9196,53425.0
19:12:01,6378.52,6375.0,-1977.2501,63113.0
19:12:01,6378.52,6380.0,-2010.1079,71962.0
19:12:01,6378.52,6385.0,-1095.3382,51027.0
19:12:01,6378.52,6390.0,-1580.483,67055.0
19:12:01,6378.52,6395.0,-1593.4885,49658.0
19:12:01,6378.52,6400.0,-4436.7596,108558.0
19:12:01,6378.52,6405.0,-631.6086,44507.0
19:12:01,6378.52,6410.0,-907.9646,69917.0
19:12:01,6378.52,6415.0,-1053.414,68896.0
19:12:01,6378.52,6420.0,-1072.1338,82588.0
19:12:01,6378.52,6425.0,-1302.5074,73073.0
19:12:01,6378.52,6430.0,-574.7231,74317.0
19:12:01,6378.52,6435.0,-222.0752,50574.0
19:12:01,6378.52,6440.0,-449.8452,58605.0
19:12:01,6378.52,6445.0,-113.1432,41933.0
19:12:01,6378.52,6450.0,-333.6892,65429.0
19:14:11,6376.44,6305.0,-62.1582,8859.0
19:14:11,6376.44,6310.0,-228.2902,12403.0
19:14:11,6376.44,6315.0,-443.3059,13504.0
19:14:11,6376.44,6320.0,-259.5473,19775.0
19:14:11,6376.44,6325.0,-1619.5587,19448.0
19:14:11,6376.44,6330.0,-482.5815,27041.0
19:14:11,6376.44,6335.0,-1049.0885,26089.0
19:14:11,6376.44,6340.0,-696.0739,38942.0
19:14:11,6376.44,6345.0,-858.6824,26062.0
19:14:11,6376.44,6350.0,-3223.4558,60878.0
19:14:11,6376.44,6355.0,-994.3286,29704.0
19:14:11,6376.44,6360.0,-1202.0769,45967.0
19:14:11,6376.44,6365.0,-907.6049,54053.0
19:14:11,6376.44,6370.0,-1558.3499,54229.0
19:14:11,6376.44,6375.0,-1961.3685,64312.0
19:14:11,6376.44,6380.0,-1973.3845,73037.0
19:14:11,6376.44,6385.0,-1064.1426,51702.0
19:14:11,6376.44,6390.0,-1567.0957,67557.0
19:14:11,6376.44,6395.0,-1592.4494,50223.0
19:14:11,6376.44,6400.0,-4551.7713,109192.0
19:14:11,6376.44,6405.0,-627.3041,44745.0
19:14:11,6376.44,6410.0,-912.8776,70237.0
19:14:11,6376.44,6415.0,-1072.1923,69190.0
19:14:11,6376.44,6420.0,-1073.8648,83096.0
19:14:11,6376.44,6425.0,-1301.6581,73362.0
19:14:11,6376.44,6430.0,-564.487,74583.0
19:14:11,6376.44,6435.0,-221.9304,50733.0
19:14:11,6376.44,6440.0,-449.5519,58699.0
19:14:11,6376.44,6445.0,-113.0694,42137.0
19:14:11,6376.44,6450.0,-316.7564,65707.0
19:16:20,6379.95,6305.0,-54.4342,8912.0
19:16:20,6379.95,6310.0,-200.4285,12452.0
19:16:20,6379.95,6315.0,-419.5331,13679.0
19:16:20,6379.95,6320.0,-225.1236,19940.0
19:16:20,6379.95,6325.0,-1424.6956,19703.0
19:16:20,6379.95,6330.0,-457.5311,27650.0
19:16:20,6379.95,6335.0,-1002.0996,27029.0
19:16:20,6379.95,6340.0,-650.2877,39595.0
19:16:20,6379.95,6345.0,-812.0406,26732.0
19:16:20,6379.95,6350.0,-3095.4744,62472.0
19:16:20,6379.95,6355.0,-956.2618,30294.0
19:16:20,6379.95,6360.0,-1155.6433,47005.0
19:16:20,6379.95,6365.0,-878.5678,55118.0
19:16:20,6379.95,6370.0,-1498.4737,55205.0
19:16:20,6379.95,6375.0,-1908.4194,65677.0
19:16:20,6379.95,6380.0,-1939.8557,74837.0
19:16:20,6379.95,6385.0,-1060.4199,52575.0
19:16:20,6379.95,6390.0,-1541.1414,68396.0
19:16:20,6379.95,6395.0,-1568.649,50996.0
19:16:20,6379.95,6400.0,-4508.7309,110782.0
19:16:20,6379.95,6405.0,-639.8366,45208.0
19:16:20,6379.95,6410.0,-940.5739,70924.0
19:16:20,6379.95,6415.0,-1141.3915,70193.0
19:16:20,6379.95,6420.0,-1140.7009,84007.0
19:16:20,6379.95,6425.0,-1420.6487,73703.0
19:16:20,6379.95,6430.0,-632.7058,74843.0
19:16:20,6379.95,6435.0,-245.1568,50911.0
19:16:20,6379.95,6440.0,-514.2363,58855.0
19:16:20,6379.95,6445.0,-126.3878,42271.0
19:16:20,6379.95,6450.0,-366.3085,65998.0
19:18:30,6384.12,6310.0,-200.6906,12521.0
19:18:30,6384.12,6315.0,-420.1276,13856.0
19:18:30,6384.12,6320.0,-225.418,20168.0
19:18:30,6384.12,6325.0,-1249.1638,19845.0
19:18:30,6384.12,6330.0,-409.4792,27949.0
19:18:30,6384.12,6335.0,-868.3244,27292.0
19:18:30,6384.12,6340.0,-589.1082,40280.0
19:18:30,6384.12,6345.0,-694.1686,27633.0
19:18:30,6384.12,6350.0,-2718.446,63969.0
19:18:30,6384.12,6355.0,-957.5122,30913.0
19:18:30,6384.12,6360.0,-1157.1545,47747.0
19:18:30,6384.12,6365.0,-879.7167,55671.0
19:18:30,6384.12,6370.0,-1500.4331,55893.0
19:18:30,6384.12,6375.0,-1934.7108,66526.0
19:18:30,6384.12,6380.0,-2016.6704,76317.0
19:18:30,6384.12,6385.0,-1124.5513,53826.0
19:18:30,6384.12,6390.0,-1660.7969,69185.0
19:18:30,6384.12,6395.0,-1570.7002,51582.0
19:18:30,6384.12,6400.0,-4514.6267,111801.0
19:18:30,6384.12,6405.0,-640.6733,45588.0
19:18:30,6384.12,6410.0,-939.4195,71444.0
19:18:30,6384.12,6415.0,-1142.8841,70572.0
19:18:30,6384.12,6420.0,-1328.224,84455.0
19:18:30,6384.12,6425.0,-1583.1438,73984.0
19:18:30,6384.12,6430.0,-705.8637,75356.0
19:18:30,6384.12,6435.0,-280.7041,51121.0
19:18:30,6384.12,6440.0,-548.9879,59014.0
19:18:30,6384.12,6445.0,-125.8847,42347.0
19:18:30,6384.12,6450.0,-366.7875,66230.0
19:18:30,6384.12,6455.0,-24.0524,32302.0
19:20:40,6385.42,6315.0,-360.8185,13946.0
19:20:40,6385.42,6320.0,-194.0765,20266.0
19:20:40,6385.42,6325.0,-1240.2027,20014.0
19:20:40,6385.42,6330.0,-395.3601,28064.0
19:20:40,6385.42,6335.0,-868.6781,27515.0
19:20:40,6385.42,6340.0,-589.3482,40719.0
19:20:40,6385.42,6345.0,-698.7969,27935.0
19:20:40,6385.42,6350.0,-2753.1065,64505.0
19:20:40,6385.42,6355.0,-964.9641,31328.0
19:20:40,6385.42,6360.0,-1034.7619,48239.0
19:20:40,6385.42,6365.0,-808.784,56434.0
19:20:40,6385.42,6370.0,-1435.5763,56859.0
19:20:40,6385.42,6375.0,-1901.1328,67218.0
19:20:40,6385.42,6380.0,-2011.2229,77545.0
19:20:40,6385.42,6385.0,-1140.4736,54831.0
19:20:40,6385.42,6390.0,-1712.2701,70947.0
19:20:40,6385.42,6395.0,-1781.657,52341.0
19:20:40,6385.42,6400.0,-5205.9453,114203.0
19:20:40,6385.42,6405.0,-750.8436,46100.0
19:20:40,6385.42,6410.0,-1102.0925,71958.0
19:20:40,6385.42,6415.0,-1337.4427,70975.0
19:20:40,6385.42,6420.0,-1328.5509,85010.0
19:20:40,6385.42,6425.0,-1583.7886,74337.0
19:20:40,6385.42,6430.0,-706.1512,75643.0
19:20:40,6385.42,6435.0,-280.8184,51311.0
19:20:40,6385.42,6440.0,-549.2115,59234.0
19:20:40,6385.42,6445.0,-137.4358,42409.0
19:20:40,6385.42,6450.0,-399.7417,66341.0
19:20:40,6385.42,6455.0,-24.0558,32355.0
19:20:40,6385.42,6460.0,-187.2091,47234.0
19:22:49,6385.53,6315.0,-360.8309,14007.0
19:22:49,6385.53,6320.0,-194.0832,20440.0
19:22:49,6385.53,6325.0,-1143.6528,20149.0
19:22:49,6385.53,6330.0,-376.579,28215.0
19:22:49,6385.53,6335.0,-806.3404,27779.0
19:22:49,6385.53,6340.0,-565.7648,40978.0
19:22:49,6385.53,6345.0,-688.1628,33066.0
19:22:49,6385.53,6350.0,-2753.2013,65275.0
19:22:49,6385.53,6355.0,-821.4303,36783.0
19:22:49,6385.53,6360.0,-1034.7975,49023.0
19:22:49,6385.53,6365.0,-808.8119,56917.0
19:22:49,6385.53,6370.0,-1435.6258,57454.0
19:22:49,6385.53,6375.0,-1901.1072,67858.0
19:22:49,6385.53,6380.0,-2048.5138,78878.0
19:22:49,6385.53,6385.0,-1166.6485,56149.0
19:22:49,6385.53,6390.0,-1752.8459,72540.0
19:22:49,6385.53,6395.0,-1836.5442,53662.0
19:22:49,6385.53,6400.0,-5206.1247,115892.0
19:22:49,6385.53,6405.0,-750.8695,46834.0
19:22:49,6385.53,6410.0,-1101.8465,72479.0
19:22:49,6385.53,6415.0,-1337.4888,71224.0
19:22:49,6385.53,6420.0,-1333.6163,85654.0
19:22:49,6385.53,6425.0,-1572.5565,74703.0
19:22:49,6385.53,6430.0,-706.9924,75931.0
19:22:49,6385.53,6435.0,-269.0642,51454.0
19:22:49,6385.53,6440.0,-540.616,59598.0
19:22:49,6385.53,6445.0,-131.7562,42445.0
19:22:49,6385.53,6450.0,-396.9233,66726.0
19:22:49,6385.53,6455.0,-23.9794,32434.0
19:22:49,6385.53,6460.0,-186.948,47433.0
19:24:59,6380.81,6310.0,-200.4826,12632.0
19:24:59,6380.81,6315.0,-360.2977,14043.0
19:24:59,6380.81,6320.0,-191.7283,20574.0
19:24:59,6380.81,6325.0,-1341.751,20225.0
19:24:59,6380.81,6330.0,-417.8944,28269.0
19:24:59,6380.81,6335.0,-805.1973,27922.0
19:24:59,6380.81,6340.0,-543.9836,41159.0
19:24:59,6380.81,6345.0,-752.1604,33265.0
19:24:59,6380.81,6350.0,-2630.5817,65658.0
19:24:59,6380.81,6355.0,-820.4664,37194.0
19:24:59,6380.81,6360.0,-1033.0748,49404.0
19:24:59,6380.81,6365.0,-809.3357,57322.0
19:24:59,6380.81,6370.0,-1433.5042,58204.0
19:24:59,6380.81,6375.0,-2006.8153,68354.0
19:24:59,6380.81,6380.0,-2080.0993,79894.0
19:24:59,6380.81,6385.0,-1154.5425,58073.0
19:24:59,6380.81,6390.0,-1750.2555,73235.0
19:24:59,6380.81,6395.0,-1833.8302,53927.0
19:24:59,6380.81,6400.0,-5349.2749,116606.0
19:24:59,6380.81,6405.0,-761.4844,47116.0
19:24:59,6380.81,6410.0,-1116.2393,72639.0
19:24:59,6380.81,6415.0,-1336.7235,71427.0
19:24:59,6380.81,6420.0,-1332.7957,85978.0
19:24:59,6380.81,6425.0,-1564.4511,75205.0
19:24:59,6380.81,6430.0,-595.4518,76359.0
19:24:59,6380.81,6435.0,-229.7958,51548.0
19:24:59,6380.81,6440.0,-544.5757,59739.0
19:24:59,6380.81,6445.0,-134.2021,42754.0
19:24:59,6380.81,6450.0,-396.3368,66898.0
19:24:59,6380.81,6455.0,-23.944,32525.0
19:27:09,6381.12,6310.0,-195.9022,12663.0
19:27:09,6381.12,6315.0,-396.2478,14081.0
19:27:09,6381.12,6320.0,-212.8722,20658.0
19:27:09,6381.12,6325.0,-1382.3811,20310.0
19:27:09,6381.12,6330.0,-417.935,28345.0
19:27:09,6381.12,6335.0,-897.2955,28076.0
19:27:09,6381.12,6340.0,-544.0365,41355.0
19:27:09,6381.12,6345.0,-749.8588,33395.0
19:27:09,6381.12,6350.0,-2964.8898,66142.0
19:27:09,6381.12,6355.0,-814.9426,37396.0
19:27:09,6381.12,6360.0,-1138.616,49639.0
19:27:09,6381.12,6365.0,-884.3601,57663.0
19:27:09,6381.12,6370.0,-1545.3487,58711.0
19:27:09,6381.12,6375.0,-2033.3722,68836.0
19:27:09,6381.12,6380.0,-2088.7995,81183.0
19:27:09,6381.12,6385.0,-1147.8814,58826.0
19:27:09,6381.12,6390.0,-1661.9093,73763.0
19:27:09,6381.12,6395.0,-1834.0084,54143.0
19:27:09,6381.12,6400.0,-4923.3767,117350.0
19:27:09,6381.12,6405.0,-691.395,47383.0
19:27:09,6381.12,6410.0,-1004.1376,72884.0
19:27:09,6381.12,6415.0,-1185.3541,71584.0
19:27:09,6381.12,6420.0,-1342.4803,86258.0
19:27:09,6381.12,6425.0,-1564.6031,75328.0
19:27:09,6381.12,6430.0,-595.5096,76542.0
19:27:09,6381.12,6435.0,-219.6191,51611.0
19:27:09,6381.12,6440.0,-438.7218,59812.0
19:27:09,6381.12,6445.0,-115.0795,42825.0
19:27:09,6381.12,6450.0,-331.0564,66998.0
19:27:09,6381.12,6455.0,-20.9138,32547.0
19:29:18,6382.56,6310.0,-177.1445,12687.0
19:29:18,6382.56,6315.0,-353.8637,14095.0
19:29:18,6382.56,6320.0,-190.8373,20695.0
19:29:18,6382.56,6325.0,-1280.836,20331.0
19:29:18,6382.56,6330.0,-418.1237,28409.0
19:29:18,6382.56,6335.0,-897.7006,28178.0
19:29:18,6382.56,6340.0,-647.1116,41528.0
19:29:18,6382.56,6345.0,-795.7996,33603.0
19:29:18,6382.56,6350.0,-2914.6725,66495.0
19:29:18,6382.56,6355.0,-964.2134,37607.0
19:29:18,6382.56,6360.0,-1139.1299,49866.0
19:29:18,6382.56,6365.0,-884.7593,58142.0
19:29:18,6382.56,6370.0,-1546.0462,59239.0
19:29:18,6382.56,6375.0,-2049.7823,69402.0
19:29:18,6382.56,6380.0,-2096.9392,82454.0
19:29:18,6382.56,6385.0,-1165.8445,59856.0
19:29:18,6382.56,6390.0,-1739.3729,74130.0
19:29:18,6382.56,6395.0,-1748.2943,54397.0
19:29:18,6382.56,6400.0,-4925.5991,117894.0
19:29:18,6382.56,6405.0,-691.707,47539.0
19:29:18,6382.56,6410.0,-1013.7114,73071.0
19:29:18,6382.56,6415.0,-1208.8551,71886.0
19:29:18,6382.56,6420.0,-1112.4387,86619.0
19:29:18,6382.56,6425.0,-1330.8294,75541.0
19:29:18,6382.56,6430.0,-582.3158,76995.0
19:29:18,6382.56,6435.0,-220.2217,51713.0
19:29:18,6382.56,6440.0,-461.8885,60001.0
19:29:18,6382.56,6445.0,-121.5235,42940.0
19:29:18,6382.56,6450.0,-349.7243,67136.0
19:29:18,6382.56,6455.0,-20.9762,32588.0
19:31:28,6383.48,6310.0,-177.1956,12869.0
19:31:28,6383.48,6315.0,-351.6951,14146.0
19:31:28,6383.48,6320.0,-190.8923,20751.0
19:31:28,6383.48,6325.0,-1143.3502,20413.0
19:31:28,6383.48,6330.0,-392.5836,28512.0
19:31:28,6383.48,6335.0,-874.0134,28276.0
19:31:28,6383.48,6340.0,-623.0587,41692.0
19:31:28,6383.48,6345.0,-796.029,34039.0
19:31:28,6383.48,6350.0,-2839.9683,66848.0
19:31:28,6383.48,6355.0,-885.3226,37820.0
19:31:28,6383.48,6360.0,-1120.6647,50060.0
19:31:28,6383.48,6365.0,-879.5926,58531.0
19:31:28,6383.48,6370.0,-1558.3315,59603.0
19:31:28,6383.48,6375.0,-2050.3553,69614.0
19:31:28,6383.48,6380.0,-2140.9564,83096.0
19:31:28,6383.48,6385.0,-1198.2427,60611.0
19:31:28,6383.48,6390.0,-1766.4663,74555.0
19:31:28,6383.48,6395.0,-1812.7795,54847.0
19:31:28,6383.48,6400.0,-5195.5414,118421.0
19:31:28,6383.48,6405.0,-729.4872,47745.0
19:31:28,6383.48,6410.0,-1050.8385,73411.0
19:31:28,6383.48,6415.0,-1246.3167,72226.0
19:31:28,6383.48,6420.0,-1221.9891,87297.0
19:31:28,6383.48,6425.0,-1348.4582,75844.0
19:31:28,6383.48,6430.0,-613.6042,77603.0
19:31:28,6383.48,6435.0,-243.805,51832.0
19:31:28,6383.48,6440.0,-469.604,60445.0
19:31:28,6383.48,6445.0,-122.124,43088.0
19:31:28,6383.48,6450.0,-349.2682,67271.0
19:31:28,6383.48,6455.0,-20.9823,32692.0
19:33:38,6380.71,6310.0,-179.1372,12894.0
19:33:38,6380.71,6315.0,-340.0418,14231.0
19:33:38,6380.71,6320.0,-188.527,20792.0
19:33:38,6380.71,6325.0,-1142.3582,20506.0
19:33:38,6380.71,6330.0,-392.2994,28589.0
19:33:38,6380.71,6335.0,-873.274,28383.0
19:33:38,6380.71,6340.0,-622.5181,41867.0
19:33:38,6380.71,6345.0,-795.3383,34181.0
19:33:38,6380.71,6350.0,-2837.5041,67221.0
19:33:38,6380.71,6355.0,-884.5545,38027.0
19:33:38,6380.71,6360.0,-1119.6924,50347.0
19:33:38,6380.71,6365.0,-878.8294,58735.0
19:33:38,6380.71,6370.0,-1556.9794,59962.0
19:33:38,6380.71,6375.0,-2048.5763,70050.0
19:33:38,6380.71,6380.0,-2139.0987,83966.0
19:33:38,6380.71,6385.0,-1197.203,61470.0
19:33:38,6380.71,6390.0,-1764.9336,74912.0
19:33:38,6380.71,6395.0,-1811.2066,55062.0
19:33:38,6380.71,6400.0,-5191.0333,118847.0
19:33:38,6380.71,6405.0,-728.8542,48042.0
19:33:38,6380.71,6410.0,-1050.8098,73592.0
19:33:38,6380.71,6415.0,-1245.2353,72386.0
19:33:38,6380.71,6420.0,-1222.7235,87712.0
19:33:38,6380.71,6425.0,-1347.2882,76011.0
19:33:38,6380.71,6430.0,-613.0718,77721.0
19:33:38,6380.71,6435.0,-243.5935,51853.0
19:33:38,6380.71,6440.0,-469.0182,60607.0
19:33:38,6380.71,6445.0,-122.0181,43273.0
19:33:38,6380.71,6450.0,-340.1602,67355.0
19:33:38,6380.71,6455.0,-20.578,32715.0
19:35:48,6379.82,6305.0,-54.4319,9201.0
19:35:48,6379.82,6310.0,-179.0873,12916.0
19:35:48,6379.82,6315.0,-339.9469,14254.0
19:35:48,6379.82,6320.0,-178.9761,20847.0
19:35:48,6379.82,6325.0,-1294.5935,20699.0
19:35:48,6379.82,6330.0,-422.6527,28969.0
19:35:48,6379.82,6335.0,-951.6223,28536.0
19:35:48,6379.82,6340.0,-660.9681,41986.0
19:35:48,6379.82,6345.0,-753.6393,34259.0
19:35:48,6379.82,6350.0,-3111.2945,67676.0
19:35:48,6379.82,6355.0,-974.7788,38230.0
19:35:48,6379.82,6360.0,-1214.9993,50654.0
19:35:48,6379.82,6365.0,-936.5472,58988.0
19:35:48,6379.82,6370.0,-1691.4699,60586.0
19:35:48,6379.82,6375.0,-2173.336,70649.0
19:35:48,6379.82,6380.0,-2211.7976,84989.0
19:35:48,6379.82,6385.0,-1199.9503,62677.0
19:35:48,6379.82,6390.0,-1715.3233,75379.0
19:35:48,6379.82,6395.0,-1770.7321,55334.0
19:35:48,6379.82,6400.0,-4989.2071,119344.0
19:35:48,6379.82,6405.0,-673.92,48331.0
19:35:48,6379.82,6410.0,-1001.654,74184.0
19:35:48,6379.82,6415.0,-1174.6938,73036.0
19:35:48,6379.82,6420.0,-1094.1603,88073.0
19:35:48,6379.82,6425.0,-1272.9351,76275.0
19:35:48,6379.82,6430.0,-557.2118,77838.0
19:35:48,6379.82,6435.0,-218.2881,51930.0
19:35:48,6379.82,6440.0,-439.6436,60738.0
19:35:48,6379.82,6445.0,-118.8663,43327.0
19:35:48,6379.82,6450.0,-344.7811,67423.0
19:37:58,6383.5,6310.0,-179.2939,12921.0
19:37:58,6383.5,6315.0,-340.3392,14274.0
19:37:58,6383.5,6320.0,-179.1826,20898.0
19:37:58,6383.5,6325.0,-1001.2518,20845.0
19:37:58,6383.5,6330.0,-332.4823,29173.0
19:37:58,6383.5,6335.0,-952.7204,29257.0
19:37:58,6383.5,6340.0,-661.6063,42156.0
19:37:58,6383.5,6345.0,-691.0446,34618.0
19:37:58,6383.5,6350.0,-2736.6015,68203.0
19:37:58,6383.5,6355.0,-988.2713,38896.0
19:37:58,6383.5,6360.0,-1216.4014,51088.0
19:37:58,6383.5,6365.0,-937.6279,59444.0
19:37:58,6383.5,6370.0,-1693.4218,61029.0
19:37:58,6383.5,6375.0,-2149.0754,71092.0
19:37:58,6383.5,6380.0,-2246.3844,86241.0
19:37:58,6383.5,6385.0,-1262.4157,63408.0
19:37:58,6383.5,6390.0,-1831.9407,75805.0
19:37:58,6383.5,6395.0,-1724.6776,55670.0
19:37:58,6383.5,6400.0,-4994.9645,119910.0
19:37:58,6383.5,6405.0,-674.6977,48593.0
19:37:58,6383.5,6410.0,-1052.4888,74426.0
19:37:58,6383.5,6415.0,-1245.349,73494.0
19:37:58,6383.5,6420.0,-1089.248,88318.0
19:37:58,6383.5,6425.0,-1274.404,76479.0
19:37:58,6383.5,6430.0,-557.8548,77904.0
19:37:58,6383.5,6435.0,-218.54,52118.0
19:37:58,6383.5,6440.0,-535.7621,60816.0
19:37:58,6383.5,6445.0,-135.6041,43536.0
19:37:58,6383.5,6450.0,-331.7077,67467.0
19:37:58,6383.5,6455.0,-20.596,32840.0
19:40:07,6381.84,6310.0,-170.4735,13146.0
19:40:07,6381.84,6315.0,-354.4644,14489.0
19:40:07,6381.84,6320.0,-188.639,20916.0
19:40:07,6381.84,6325.0,-1177.6974,21269.0
19:40:07,6381.84,6330.0,-332.5671,29229.0
19:40:07,6381.84,6335.0,-755.1989,29295.0
19:40:07,6381.84,6340.0,-661.2623,42300.0
19:40:07,6381.84,6345.0,-693.0019,34777.0
19:40:07,6381.84,6350.0,-2762.0431,68529.0
19:40:07,6381.84,6355.0,-994.4002,39076.0
19:40:07,6381.84,6360.0,-1138.5428,51537.0
19:40:07,6381.84,6365.0,-885.8952,59650.0
19:40:07,6381.84,6370.0,-1623.4113,61360.0
19:40:07,6381.84,6375.0,-2220.6664,71497.0
19:40:07,6381.84,6380.0,-2311.8706,87110.0
19:40:07,6381.84,6385.0,-1276.5402,63987.0
19:40:07,6381.84,6390.0,-1841.6001,76033.0
19:40:07,6381.84,6395.0,-1723.7808,55914.0
19:40:07,6381.84,6400.0,-5265.2926,120362.0
19:40:07,6381.84,6405.0,-674.3468,48886.0
19:40:07,6381.84,6410.0,-1052.9978,74651.0
19:40:07,6381.84,6415.0,-1244.7014,73708.0
19:40:07,6381.84,6420.0,-1093.0042,88587.0
19:40:07,6381.84,6425.0,-1273.7413,77093.0
19:40:07,6381.84,6430.0,-557.5647,78416.0
19:40:07,6381.84,6435.0,-218.4263,52198.0
19:40:07,6381.84,6440.0,-453.5978,60898.0
19:40:07,6381.84,6445.0,-113.6214,43568.0
19:40:07,6381.84,6450.0,-329.1547,67516.0
19:40:07,6381.84,6455.0,-20.0173,32871.0
19:42:17,6383.2,6310.0,-170.5462,13165.0
19:42:17,6383.2,6315.0,-354.6155,14629.0
19:42:17,6383.2,6320.0,-188.7194,20945.0
19:42:17,6383.2,6325.0,-1085.3673,21280.0
19:42:17,6383.2,6330.0,-363.1199,29486.0
19:42:17,6383.2,6335.0,-831.4819,29349.0
19:42:17,6383.2,6340.0,-580.7402,42553.0
19:42:17,6383.2,6345.0,-672.5021,34860.0
19:42:17,6383.2,6350.0,-2997.5935,68883.0
19:42:17,6383.2,6355.0,-994.824,39269.0
19:42:17,6383.2,6360.0,-1139.0281,51916.0
19:42:17,6383.2,6365.0,-886.2728,60089.0
19:42:17,6383.2,6370.0,-1624.1033,61719.0
19:42:17,6383.2,6375.0,-2221.613,71917.0
19:42:17,6383.2,6380.0,-2323.4943,87965.0
19:42:17,6383.2,6385.0,-1293.6302,64768.0
19:42:17,6383.2,6390.0,-1842.3851,76320.0
19:42:17,6383.2,6395.0,-1724.8454,56224.0
19:42:17,6383.2,6400.0,-5267.5369,120861.0
19:42:17,6383.2,6405.0,-674.6343,49129.0
19:42:17,6383.2,6410.0,-1052.5796,74921.0
19:42:17,6383.2,6415.0,-1245.232,74018.0
19:42:17,6383.2,6420.0,-1137.2701,88929.0
19:42:17,6383.2,6425.0,-1459.8924,77582.0
19:42:17,6383.2,6430.0,-610.3276,78614.0
19:42:17,6383.2,6435.0,-235.0748,52258.0
19:42:17,6383.2,6440.0,-453.7911,61009.0
19:42:17,6383.2,6445.0,-123.2415,43647.0
19:42:17,6383.2,6450.0,-329.295,67655.0
19:42:17,6383.2,6455.0,-20.0258,32880.0
19:44:27,6384.4,6310.0,-170.6103,13255.0
19:44:27,6384.4,6315.0,-354.7489,14764.0
19:44:27,6384.4,6320.0,-188.7904,21049.0
19:44:27,6384.4,6325.0,-1085.7754,21354.0
19:44:27,6384.4,6330.0,-363.2564,29832.0
19:44:27,6384.4,6335.0,-831.7946,29745.0
19:44:27,6384.4,6340.0,-580.9585,43155.0
19:44:27,6384.4,6345.0,-672.755,35411.0
19:44:27,6384.4,6350.0,-2998.7207,70169.0
19:44:27,6384.4,6355.0,-914.4221,40035.0
19:44:27,6384.4,6360.0,-1139.4564,53492.0
19:44:27,6384.4,6365.0,-886.6061,60866.0
19:44:27,6384.4,6370.0,-1624.9074,62734.0
19:44:27,6384.4,6375.0,-2190.5503,73016.0
19:44:27,6384.4,6380.0,-2324.3931,90400.0
19:44:27,6384.4,6385.0,-1294.6593,66612.0
19:44:27,6384.4,6390.0,-1894.7023,77544.0
19:44:27,6384.4,6395.0,-1905.7578,57576.0
19:44:27,6384.4,6400.0,-5269.5177,123058.0
19:44:27,6384.4,6405.0,-674.8879,49780.0
19:44:27,6384.4,6410.0,-1052.6075,76599.0
19:44:27,6384.4,6415.0,-1245.7002,74826.0
19:44:27,6384.4,6420.0,-1206.9756,90039.0
19:44:27,6384.4,6425.0,-1460.4414,78438.0
19:44:27,6384.4,6430.0,-666.3307,79546.0
19:44:27,6384.4,6435.0,-249.8937,52780.0
19:44:27,6384.4,6440.0,-453.9618,61439.0
19:44:27,6384.4,6445.0,-123.2879,44164.0
19:44:27,6384.4,6450.0,-329.4188,68150.0
19:44:27,6384.4,6455.0,-20.0334,33186.0
19:46:37,6383.71,6310.0,-141.1245,13309.0
19:46:37,6383.71,6315.0,-266.5422,14810.0
19:46:37,6383.71,6320.0,-142.4992,21126.0
19:46:37,6383.71,6325.0,-1085.5407,21518.0
19:46:37,6383.71,6330.0,-307.6684,30002.0
19:46:37,6383.71,6335.0,-657.6929,29792.0
19:46:37,6383.71,6340.0,-490.1004,43381.0
19:46:37,6383.71,6345.0,-653.4977,35601.0
19:46:37,6383.71,6350.0,-2572.1772,70494.0
19:46:37,6383.71,6355.0,-914.2764,40377.0
19:46:37,6383.71,6360.0,-1138.6609,53793.0
19:46:37,6383.71,6365.0,-902.6797,61136.0
19:46:37,6383.71,6370.0,-1646.1666,63106.0
19:46:37,6383.71,6375.0,-2222.4099,73434.0
19:46:37,6383.71,6380.0,-2335.2243,91646.0
19:46:37,6383.71,6385.0,-1303.8858,67677.0
19:46:37,6383.71,6390.0,-1897.2979,78148.0
19:46:37,6383.71,6395.0,-1905.3459,57862.0
19:46:37,6383.71,6400.0,-5475.6385,123982.0
19:46:37,6383.71,6405.0,-768.1137,50078.0
19:46:37,6383.71,6410.0,-1068.5151,77092.0
19:46:37,6383.71,6415.0,-1281.0554,75298.0
19:46:37,6383.71,6420.0,-1269.2336,90735.0
19:46:37,6383.71,6425.0,-1485.7319,78730.0
19:46:37,6383.71,6430.0,-672.5324,80063.0
19:46:37,6383.71,6435.0,-256.9386,52963.0
19:46:37,6383.71,6440.0,-512.3845,61553.0
19:46:37,6383.71,6445.0,-123.2612,44208.0
19:46:37,6383.71,6450.0,-372.3706,68262.0
19:46:37,6383.71,6455.0,-21.4413,33273.0
19:48:46,6381.79,6310.0,-135.4934,13329.0
19:48:46,6381.79,6315.0,-301.7196,14865.0
19:48:46,6381.79,6320.0,-142.4135,21152.0
19:48:46,6381.79,6325.0,-930.2795,21588.0
19:48:46,6381.79,6330.0,-307.4833,30041.0
19:48:46,6381.79,6335.0,-759.1643,29930.0
19:48:46,6381.79,6340.0,-535.2591,43607.0
19:48:46,6381.79,6345.0,-691.6463,35748.0
19:48:46,6381.79,6350.0,-2919.7988,70733.0
19:48:46,6381.79,6355.0,-956.3024,40692.0
19:48:46,6381.79,6360.0,-1227.7601,54260.0
19:48:46,6381.79,6365.0,-969.1749,61433.0
19:48:46,6381.79,6370.0,-1721.4191,63769.0
19:48:46,6381.79,6375.0,-2221.0732,75317.0
19:48:46,6381.79,6380.0,-2330.9904,92920.0
19:48:46,6381.79,6385.0,-1275.4773,68837.0
19:48:46,6381.79,6390.0,-1896.1568,78745.0
19:48:46,6381.79,6395.0,-1832.7138,58260.0
19:48:46,6381.79,6400.0,-5178.9071,124786.0
19:48:46,6381.79,6405.0,-704.2781,50262.0
19:48:46,6381.79,6410.0,-1008.724,77631.0
19:48:46,6381.79,6415.0,-1183.8274,75541.0
19:48:46,6381.79,6420.0,-1165.6272,90969.0
19:48:46,6381.79,6425.0,-1371.1727,78845.0
19:48:46,6381.79,6430.0,-672.1279,80335.0
19:48:46,6381.79,6435.0,-256.7841,53082.0
19:48:46,6381.79,6440.0,-512.0764,61642.0
19:48:46,6381.79,6445.0,-128.9971,44316.0
19:48:46,6381.79,6450.0,-330.5279,68340.0
19:48:46,6381.79,6455.0,-20.859,33280.0
19:50:56,6382.37,6310.0,-136.1113,13339.0
19:50:56,6382.37,6315.0,-273.7605,14905.0
19:50:56,6382.37,6320.0,-148.0558,21175.0
19:50:56,6382.37,6325.0,-948.9393,21651.0
19:50:56,6382.37,6330.0,-327.4105,30073.0
19:50:56,6382.37,6335.0,-759.3023,30041.0
19:50:56,6382.37,6340.0,-535.3564,43665.0
19:50:56,6382.37,6345.0,-691.772,35849.0
19:50:56,6382.37,6350.0,-2920.3296,70976.0
19:50:56,6382.37,6355.0,-956.4763,40866.0
19:50:56,6382.37,6360.0,-1227.9833,54541.0
19:50:56,6382.37,6365.0,-969.3511,61638.0
19:50:56,6382.37,6370.0,-1721.732,64030.0
19:50:56,6382.37,6375.0,-2277.7546,75808.0
19:50:56,6382.37,6380.0,-2355.632,93811.0
19:50:56,6382.37,6385.0,-1289.4219,69490.0
19:50:56,6382.37,6390.0,-1896.6268,79138.0
19:50:56,6382.37,6395.0,-1833.0469,58565.0
19:50:56,6382.37,6400.0,-5179.8485,125407.0
19:50:56,6382.37,6405.0,-704.4061,50397.0
19:50:56,6382.37,6410.0,-1008.9338,77922.0
19:50:56,6382.37,6415.0,-1184.0426,75764.0
19:50:56,6382.37,6420.0,-1165.839,91423.0
19:50:56,6382.37,6425.0,-1371.422,79072.0
19:50:56,6382.37,6430.0,-621.5333,80409.0
19:50:56,6382.37,6435.0,-239.1297,53148.0
19:50:56,6382.37,6440.0,-478.8893,61678.0
19:50:56,6382.37,6445.0,-122.2324,44364.0
19:50:56,6382.37,6450.0,-358.5359,68672.0
19:50:56,6382.37,6455.0,-21.4073,33315.0
19:56:34,6378.28,6305.0,-54.4057,9464.0
19:56:34,6378.28,6310.0,-135.937,13421.0
19:56:34,6378.28,6315.0,-273.4097,14967.0
19:56:34,6378.28,6320.0,-147.8661,21306.0
19:56:34,6378.28,6325.0,-947.7234,21873.0
19:56:34,6378.28,6330.0,-326.991,30186.0
19:56:34,6378.28,6335.0,-758.3295,30229.0
19:56:34,6378.28,6340.0,-534.6705,44447.0
19:56:34,6378.28,6345.0,-690.8857,36351.0
19:56:34,6378.28,6350.0,-2916.5879,72046.0
19:56:34,6378.28,6355.0,-955.2508,41725.0
19:56:34,6378.28,6360.0,-1226.4099,55742.0
19:56:34,6378.28,6365.0,-968.1091,62729.0
19:56:34,6378.28,6370.0,-1719.5261,65690.0
19:56:34,6378.28,6375.0,-2274.8362,78951.0
19:56:34,6378.28,6380.0,-2352.6139,97024.0
19:56:34,6378.28,6385.0,-1287.7698,71423.0
19:56:34,6378.28,6390.0,-1894.1967,80578.0
19:56:34,6378.28,6395.0,-1830.6983,59396.0
19:56:34,6378.28,6400.0,-5173.2118,127527.0
19:56:34,6378.28,6405.0,-703.5036,51589.0
19:56:34,6378.28,6410.0,-1010.037,79140.0
19:56:34,6378.28,6415.0,-1182.5255,76635.0
19:56:34,6378.28,6420.0,-1172.4719,92330.0
19:56:34,6378.28,6425.0,-1369.6648,79596.0
19:56:34,6378.28,6430.0,-620.737,81007.0
19:56:34,6378.28,6435.0,-238.8233,53358.0
19:56:34,6378.28,6440.0,-478.2757,61975.0
19:56:34,6378.28,6445.0,-122.0757,44633.0
19:56:34,6378.28,6450.0,-358.0765,68917.0
20:06:42,6372.51,6300.0,-0.0001,21128.0
20:06:42,6372.51,6305.0,-54.4076,9564.0
20:06:42,6372.51,6310.0,-165.1413,13551.0
20:06:42,6372.51,6315.0,-272.9153,15130.0
20:06:42,6372.51,6320.0,-147.5987,21990.0
20:06:42,6372.51,6325.0,-946.0095,22305.0
20:06:42,6372.51,6330.0,-326.3997,30773.0
20:06:42,6372.51,6335.0,-756.9581,31060.0
20:06:42,6372.51,6340.0,-533.7035,46114.0
20:06:42,6372.51,6345.0,-689.6363,40357.0
20:06:42,6372.51,6350.0,-2911.3134,76748.0
20:06:42,6372.51,6355.0,-953.5233,44100.0
20:06:42,6372.51,6360.0,-1224.192,58900.0
20:06:42,6372.51,6365.0,-966.3583,66020.0
20:06:42,6372.51,6370.0,-1716.4164,70608.0
20:06:42,6372.51,6375.0,-2270.7223,86243.0
20:06:42,6372.51,6380.0,-2348.3593,103621.0
20:06:42,6372.51,6385.0,-1285.441,75150.0
20:06:42,6372.51,6390.0,-1890.7712,83524.0
20:06:42,6372.51,6395.0,-1827.3876,61916.0
20:06:42,6372.51,6400.0,-5163.8564,133414.0
20:06:42,6372.51,6405.0,-702.2313,54153.0
20:06:42,6372.51,6410.0,-1013.7352,81700.0
20:06:42,6372.51,6415.0,-1180.387,78246.0
20:06:42,6372.51,6420.0,-1184.7352,94690.0
20:06:42,6372.51,6425.0,-1367.1879,80893.0
20:06:42,6372.51,6430.0,-619.6144,82255.0
20:06:42,6372.51,6435.0,-238.3914,53850.0
20:06:42,6372.51,6440.0,-479.4131,62946.0
20:06:42,6372.51,6445.0,-99.2653,45059.0
20:26:06,6372.51,6300.0,-0.0,21128.0
20:26:06,6372.51,6305.0,-47.6069,9564.0
20:26:06,6372.51,6310.0,-179.5418,13551.0
20:26:06,6372.51,6315.0,-379.594,15130.0
20:26:06,6372.51,6320.0,-209.1914,21990.0
20:26:06,6372.51,6325.0,-1368.8832,22305.0
20:26:06,6372.51,6330.0,-326.3997,30773.0
20:26:06,6372.51,6335.0,-756.9581,31060.0
20:26:06,6372.51,6340.0,-775.2236,46114.0
20:26:06,6372.51,6345.0,-826.686,40357.0
20:26:06,6372.51,6350.0,-2911.3134,76748.0
20:26:06,6372.51,6355.0,-953.5233,44100.0
20:26:06,6372.51,6360.0,-1792.6444,58900.0
20:26:06,6372.51,6365.0,-1393.3484,66020.0
20:26:06,6372.51,6370.0,-2357.8614,70608.0
20:26:06,6372.51,6375.0,-2869.0884,86243.0
20:26:06,6372.51,6380.0,-2688.0651,103621.0
20:26:06,6372.51,6385.0,-1317.6055,75150.0
20:26:06,6372.51,6390.0,-1646.695,83524.0
20:26:06,6372.51,6395.0,-1827.3876,61916.0
20:26:06,6372.51,6400.0,-5163.8564,133414.0
20:26:06,6372.51,6405.0,-438.0559,54153.0
20:26:06,6372.51,6410.0,-1013.183,81700.0
20:26:06,6372.51,6415.0,-1180.387,78246.0
20:26:06,6372.51,6420.0,-652.1205,94690.0
20:26:06,6372.51,6425.0,-721.1089,80893.0
20:26:06,6372.51,6430.0,-320.9278,82255.0
20:26:06,6372.51,6435.0,-124.8323,53850.0
20:26:06,6372.51,6440.0,-260.2677,62946.0
20:26:06,6372.51,6445.0,-64.8468,45059.0
20:35:13,6372.51,6300.0,-0.0,21128.0
20:35:13,6372.51,6305.0,-47.6069,9564.0
20:35:13,6372.51,6310.0,-179.5418,13551.0
20:35:13,6372.51,6315.0,-379.594,15130.0
20:35:13,6372.51,6320.0,-209.1914,21990.0
20:35:13,6372.51,6325.0,-1368.8832,22305.0
20:35:13,6372.51,6330.0,-326.3997,30773.0
20:35:13,6372.51,6335.0,-756.9581,31060.0
20:35:13,6372.51,6340.0,-775.2236,46114.0
20:35:13,6372.51,6345.0,-826.686,40357.0
20:35:13,6372.51,6350.0,-2911.3134,76748.0
20:35:13,6372.51,6355.0,-953.5233,44100.0
20:35:13,6372.51,6360.0,-1792.6444,58900.0
20:35:13,6372.51,6365.0,-1393.3484,66020.0
20:35:13,6372.51,6370.0,-2357.8614,70608.0
20:35:13,6372.51,6375.0,-2869.0884,86243.0
20:35:13,6372.51,6380.0,-2688.0651,103621.0
20:35:13,6372.51,6385.0,-1317.6055,75150.0
20:35:13,6372.51,6390.0,-1646.695,83524.0
20:35:13,6372.51,6395.0,-1827.3876,61916.0
20:35:13,6372.51,6400.0,-5163.8564,133414.0
20:35:13,6372.51,6405.0,-438.0559,54153.0
20:35:13,6372.51,6410.0,-1013.183,81700.0
20:35:13,6372.51,6415.0,-1180.387,78246.0
20:35:13,6372.51,6420.0,-652.1205,94690.0
20:35:13,6372.51,6425.0,-721.1089,80893.0
20:35:13,6372.51,6430.0,-320.9278,82255.0
20:35:13,6372.51,6435.0,-124.8323,53850.0
20:35:13,6372.51,6440.0,-260.2677,62946.0
20:35:13,6372.51,6445.0,-64.8468,45059.0
20:38:41,6372.51,6300.0,-0.0,22727.0
20:38:41,6372.51,6305.0,-47.6069,10852.0
20:38:41,6372.51,6310.0,-179.5418,14984.0
20:38:41,6372.51,6315.0,-379.594,16087.0
20:38:41,6372.51,6320.0,-209.1914,22871.0
20:38:41,6372.51,6325.0,-1368.8832,24281.0
20:38:41,6372.51,6330.0,-326.3997,33562.0
20:38:41,6372.51,6335.0,-756.9581,32941.0
20:38:41,6372.51,6340.0,-775.2236,50013.0
20:38:41,6372.51,6345.0,-826.686,44233.0
20:38:41,6372.51,6350.0,-2911.3134,86926.0
20:38:41,6372.51,6355.0,-953.5233,50823.0
20:38:41,6372.51,6360.0,-1792.6444,70843.0
20:38:41,6372.51,6365.0,-1849.0223,80112.0
20:38:41,6372.51,6370.0,-3449.0573,91080.0
20:38:41,6372.51,6375.0,-4249.5652,111307.0
20:38:41,6372.51,6380.0,-3787.2196,122211.0
20:38:41,6372.51,6385.0,-1647.3588,88202.0
20:38:41,6372.51,6390.0,-1646.695,95952.0
20:38:41,6372.51,6395.0,-1827.3876,71563.0
20:38:41,6372.51,6400.0,-5163.8564,148406.0
20:38:41,6372.51,6405.0,-438.0559,60701.0
20:38:41,6372.51,6410.0,-1013.183,86011.0
20:38:41,6372.51,6415.0,-1180.387,81201.0
20:38:41,6372.51,6420.0,-652.1205,98412.0
20:38:41,6372.51,6425.0,-721.1089,84026.0
20:38:41,6372.51,6430.0,-320.9278,84532.0
20:38:41,6372.51,6435.0,-124.8323,56187.0
20:38:41,6372.51,6440.0,-260.2677,65151.0
20:38:41,6372.51,6445.0,-64.8468,46161.0
20:54:27,6366.17,6295.0,-0.0,7951.0
20:54:27,6366.17,6300.0,-0.0,23952.0
20:54:27,6366.17,6305.0,-23.528,11835.0
20:54:27,6366.17,6310.0,-104.0687,16150.0
20:54:27,6366.17,6315.0,-378.839,17293.0
20:54:27,6366.17,6320.0,-208.7754,24398.0
20:54:27,6366.17,6325.0,-1366.1608,27234.0
20:54:27,6366.17,6330.0,-325.7505,36497.0
20:54:27,6366.17,6335.0,-755.4527,45604.0
20:54:27,6366.17,6340.0,-773.6818,57698.0
20:54:27,6366.17,6345.0,-333.3055,59726.0
20:54:27,6366.17,6350.0,-2715.2198,106518.0
20:54:27,6366.17,6355.0,-1667.4976,69853.0
20:54:27,6366.17,6360.0,-4668.6962,98811.0
20:54:27,6366.17,6365.0,-5182.0848,106231.0
20:54:27,6366.17,6370.0,-3419.4189,110341.0
20:54:27,6366.17,6375.0,-4241.1136,127866.0
20:54:27,6366.17,6380.0,-3782.9954,135121.0
20:54:27,6366.17,6385.0,-1644.0825,95078.0
20:54:27,6366.17,6390.0,-507.1899,102470.0
20:54:27,6366.17,6395.0,-1823.7533,76276.0
20:54:27,6366.17,6400.0,-5153.5865,154827.0
20:54:27,6366.17,6405.0,-437.1847,63614.0
20:54:27,6366.17,6410.0,-1021.266,88121.0
20:54:27,6366.17,6415.0,-1178.0394,84390.0
20:54:27,6366.17,6420.0,-679.1537,99950.0
20:54:27,6366.17,6425.0,-4.4295,85672.0
20:54:27,6366.17,6430.0,-320.2895,86275.0
20:54:27,6366.17,6435.0,-124.584,57244.0
20:54:27,6366.17,6440.0,-259.75,66280.0
20:56:37,6367.33,6295.0,-0.0,7958.0
20:56:37,6367.33,6300.0,-0.0,23961.0
20:56:37,6367.33,6305.0,-2.6076,11885.0
20:56:37,6367.33,6310.0,-17.9714,16169.0
20:56:37,6367.33,6315.0,-378.9771,17323.0
20:56:37,6367.33,6320.0,-208.8515,24493.0
20:56:37,6367.33,6325.0,-607.805,27387.0
20:56:37,6367.33,6330.0,-97.0998,36810.0
20:56:37,6367.33,6335.0,-400.7853,45937.0
20:56:37,6367.33,6340.0,-263.9234,58569.0
20:56:37,6367.33,6345.0,-333.427,61505.0
20:56:37,6367.33,6350.0,-2716.2093,109921.0
20:56:37,6367.33,6355.0,-1682.7293,73598.0
20:56:37,6367.33,6360.0,-3911.9611,104909.0
20:56:37,6367.33,6365.0,-4942.469,111805.0
20:56:37,6367.33,6370.0,-7043.8159,116458.0
20:56:37,6367.33,6375.0,-4215.8182,133015.0
20:56:37,6367.33,6380.0,-3784.3742,137382.0
20:56:37,6367.33,6385.0,-1644.6817,96554.0
20:56:37,6367.33,6390.0,-507.3748,103529.0
20:56:37,6367.33,6395.0,-235.4961,77451.0
20:56:37,6367.33,6400.0,-600.8964,156160.0
20:56:37,6367.33,6405.0,-12.0181,64099.0
20:56:37,6367.33,6410.0,-1021.7631,88289.0
20:56:37,6367.33,6415.0,-1178.4688,84430.0
20:56:37,6367.33,6420.0,-8.5865,99957.0
20:56:37,6367.33,6425.0,-4.4311,85723.0
20:56:37,6367.33,6430.0,-320.4063,86280.0
20:56:37,6367.33,6435.0,-124.6294,57257.0
20:56:37,6367.33,6440.0,-259.8447,66311.0
20:58:47,6371.91,6300.0,-0.0,24050.0
20:58:47,6371.91,6305.0,-2.6113,11887.0
20:58:47,6371.91,6310.0,-0.38,16184.0
20:58:47,6371.91,6315.0,0.251,17325.0
20:58:47,6371.91,6320.0,-0.0064,24508.0
20:58:47,6371.91,6325.0,-10.6775,27406.0
20:58:47,6371.91,6330.0,-3.6817,36879.0
20:58:47,6371.91,6335.0,0.0117,46016.0
20:58:47,6371.91,6340.0,-0.0086,58903.0
20:58:47,6371.91,6345.0,-2.2139,62179.0
20:58:47,6371.91,6350.0,-9.1647,111932.0
20:58:47,6371.91,6355.0,-974.7362,75414.0
20:58:47,6371.91,6360.0,-975.0305,107693.0
20:58:47,6371.91,6365.0,-3527.2755,116478.0
20:58:47,6371.91,6370.0,-12742.9059,122597.0
20:58:47,6371.91,6375.0,-7475.3699,135463.0
20:58:47,6371.91,6380.0,-2565.0791,138218.0
20:58:47,6371.91,6385.0,-372.1061,97398.0
20:58:47,6371.91,6390.0,-66.3524,104426.0
20:58:47,6371.91,6395.0,-14.0469,77539.0
20:58:47,6371.91,6400.0,-517.4919,156325.0
20:58:47,6371.91,6405.0,-0.4488,64123.0
20:58:47,6371.91,6410.0,-27.7738,88328.0
20:58:47,6371.91,6415.0,11.0807,84451.0
20:58:47,6371.91,6420.0,-4.2971,99963.0
20:58:47,6371.91,6425.0,0.2833,85787.0
20:58:47,6371.91,6430.0,17.8957,86304.0
20:58:47,6371.91,6435.0,-124.8088,57265.0
20:58:47,6371.91,6440.0,-260.2187,66320.0
20:58:47,6371.91,6445.0,-64.8346,47250.0
21:06:14,6368.85,6295.0,0.0,7960.0
21:06:14,6368.85,6300.0,-0.0,24059.0
21:06:14,6368.85,6305.0,-2.6218,11891.0
21:06:14,6368.85,6310.0,-0.3796,16190.0
21:06:14,6368.85,6315.0,0.2508,17325.0
21:06:14,6368.85,6320.0,-0.0064,24507.0
21:06:14,6368.85,6325.0,-10.6672,27411.0
21:06:14,6368.85,6330.0,-3.6782,36890.0
21:06:14,6368.85,6335.0,0.0117,46020.0
21:06:14,6368.85,6340.0,-0.0085,58965.0
21:06:14,6368.85,6345.0,-2.2117,62257.0
21:06:14,6368.85,6350.0,-9.1559,112188.0
21:06:14,6368.85,6355.0,-973.8002,75758.0
21:06:14,6368.85,6360.0,-974.0942,108727.0
21:06:14,6368.85,6365.0,-3523.8885,118601.0
21:06:14,6368.85,6370.0,-12730.6697,127701.0
21:06:14,6368.85,6375.0,-7468.1918,139074.0
21:06:14,6368.85,6380.0,-2562.616,139428.0
21:06:14,6368.85,6385.0,-371.7488,97842.0
21:06:14,6368.85,6390.0,-66.2887,104884.0
21:06:14,6368.85,6395.0,-14.0334,77569.0
21:06:14,6368.85,6400.0,-516.995,156395.0
21:06:14,6368.85,6405.0,-0.4483,64160.0
21:06:14,6368.85,6410.0,-27.7491,88341.0
21:06:14,6368.85,6415.0,11.0701,84473.0
21:06:14,6368.85,6420.0,-4.293,99981.0
21:06:14,6368.85,6425.0,0.283,85795.0
21:06:14,6368.85,6430.0,17.8785,86329.0
21:06:14,6368.85,6435.0,-124.6889,57303.0
21:06:14,6368.85,6440.0,-259.9688,66322.0
21:18:20,6368.85,6295.0,0.0,7959.0
21:18:20,6368.85,6300.0,-0.0,24062.0
21:18:20,6368.85,6305.0,-0.0,11891.0
21:18:20,6368.85,6310.0,-0.3796,16190.0
21:18:20,6368.85,6315.0,0.2508,17325.0
21:18:20,6368.85,6320.0,-0.0064,24507.0
21:18:20,6368.85,6325.0,-10.6672,27411.0
21:18:20,6368.85,6330.0,-0.0,36890.0
21:18:20,6368.85,6335.0,0.0117,46020.0
21:18:20,6368.85,6340.0,-0.0,58965.0
21:18:20,6368.85,6345.0,-17.8935,62257.0
21:18:20,6368.85,6350.0,-1749.0725,112188.0
21:18:20,6368.85,6355.0,-1087.2699,75758.0
21:18:20,6368.85,6360.0,-974.0942,108727.0
21:18:20,6368.85,6365.0,-3551.389,118601.0
21:18:20,6368.85,6370.0,-12302.4708,127701.0
21:18:20,6368.85,6375.0,-7468.1918,139074.0
21:18:20,6368.85,6380.0,-2562.616,139428.0
21:18:20,6368.85,6385.0,-0.0,97842.0
21:18:20,6368.85,6390.0,-0.3614,104884.0
21:18:20,6368.85,6395.0,-0.0458,77568.0
21:18:20,6368.85,6400.0,-722.4592,156395.0
21:18:20,6368.85,6405.0,0.0222,64160.0
21:18:20,6368.85,6410.0,-27.7491,88341.0
21:18:20,6368.85,6415.0,11.0701,84473.0
21:18:20,6368.85,6420.0,-4.293,99981.0
21:18:20,6368.85,6425.0,0.283,85795.0
21:18:20,6368.85,6430.0,17.8785,86327.0
21:18:20,6368.85,6435.0,-131.161,57303.0
21:18:20,6368.85,6440.0,-259.9688,66322.0
21:33:55,6368.85,6295.0,-0.0,7959.0
21:33:55,6368.85,6300.0,-0.0,24062.0
21:33:55,6368.85,6305.0,-0.0,11892.0
21:33:55,6368.85,6310.0,-0.3796,16190.0
21:33:55,6368.85,6315.0,0.2508,17325.0
21:33:55,6368.85,6320.0,-0.0064,24507.0
21:33:55,6368.85,6325.0,-10.6672,27411.0
21:33:55,6368.85,6330.0,-0.0,36890.0
21:33:55,6368.85,6335.0,0.0117,46020.0
21:33:55,6368.85,6340.0,-0.0,58965.0
21:33:55,6368.85,6345.0,-17.8935,62257.0
21:33:55,6368.85,6350.0,-1749.0725,112188.0
21:33:55,6368.85,6355.0,-1087.2699,75758.0
21:33:55,6368.85,6360.0,-974.0942,108727.0
21:33:55,6368.85,6365.0,-16.6569,118601.0
21:33:55,6368.85,6370.0,-11984.0221,127701.0
21:33:55,6368.85,6375.0,-0.0048,139074.0
21:33:55,6368.85,6380.0,-2562.616,139428.0
21:33:55,6368.85,6385.0,-0.0,97842.0
21:33:55,6368.85,6390.0,-0.3614,104884.0
21:33:55,6368.85,6395.0,-0.0458,77568.0
21:33:55,6368.85,6400.0,-722.4592,156395.0
21:33:55,6368.85,6405.0,0.0222,64160.0
21:33:55,6368.85,6410.0,-27.7491,88341.0
21:33:55,6368.85,6415.0,11.0701,84473.0
21:33:55,6368.85,6420.0,-4.293,99981.0
21:33:55,6368.85,6425.0,0.283,85795.0
21:33:55,6368.85,6430.0,17.8785,86327.0
21:33:55,6368.85,6435.0,-131.161,57303.0
21:33:55,6368.85,6440.0,-0.0,66322.0
21:36:05,6368.85,6295.0,-0.0,7959.0
21:36:05,6368.85,6300.0,-0.0,24062.0
21:36:05,6368.85,6305.0,-0.0,11892.0
21:36:05,6368.85,6310.0,-0.3796,16190.0
21:36:05,6368.85,6315.0,-0.0046,17325.0
21:36:05,6368.85,6320.0,-0.0064,24507.0
21:36:05,6368.85,6325.0,-10.6672,27411.0
21:36:05,6368.85,6330.0,-0.0,36890.0
21:36:05,6368.85,6335.0,-0.0002,46020.0
21:36:05,6368.85,6340.0,-0.0,58965.0
21:36:05,6368.85,6345.0,-17.8935,62257.0
21:36:05,6368.85,6350.0,-1749.0725,112188.0
21:36:05,6368.85,6355.0,-1087.2699,75758.0
21:36:05,6368.85,6360.0,-2500.6874,108727.0
21:36:05,6368.85,6365.0,-16.6569,118601.0
21:36:05,6368.85,6370.0,-11984.0221,127701.0
21:36:05,6368.85,6375.0,-0.0048,139074.0
21:36:05,6368.85,6380.0,-0.0,139428.0
21:36:05,6368.85,6385.0,-0.0,97842.0
21:36:05,6368.85,6390.0,-0.3614,104884.0
21:36:05,6368.85,6395.0,-0.0458,77568.0
21:36:05,6368.85,6400.0,-722.4592,156395.0
21:36:05,6368.85,6405.0,0.0222,64160.0
21:36:05,6368.85,6410.0,-27.7491,88341.0
21:36:05,6368.85,6415.0,11.0701,84473.0
21:36:05,6368.85,6420.0,-4.293,99981.0
21:36:05,6368.85,6425.0,0.283,85795.0
21:36:05,6368.85,6430.0,17.8785,86327.0
21:36:05,6368.85,6435.0,-131.161,57303.0
21:36:05,6368.85,6440.0,-0.0,66322.0
21:38:15,6368.85,6295.0,-0.0,7959.0
21:38:15,6368.85,6300.0,-0.0,24062.0
21:38:15,6368.85,6305.0,-0.0,11892.0
21:38:15,6368.85,6310.0,-0.3796,16190.0
21:38:15,6368.85,6315.0,-0.0046,17325.0
21:38:15,6368.85,6320.0,-0.0064,24507.0
21:38:15,6368.85,6325.0,-10.6672,27411.0
21:38:15,6368.85,6330.0,-0.0,36890.0
21:38:15,6368.85,6335.0,-0.0002,46020.0
21:38:15,6368.85,6340.0,-0.0,58965.0
21:38:15,6368.85,6345.0,1.1949,62257.0
21:38:15,6368.85,6350.0,-1749.0725,112188.0
21:38:15,6368.85,6355.0,-1087.2699,75758.0
21:38:15,6368.85,6360.0,-2500.6874,108727.0
21:38:15,6368.85,6365.0,-16.6569,118601.0
21:38:15,6368.85,6370.0,-12302.4708,127701.0
21:38:15,6368.85,6375.0,-0.0048,139074.0
21:38:15,6368.85,6380.0,-0.0,139428.0
21:38:15,6368.85,6385.0,-0.0,97842.0
21:38:15,6368.85,6390.0,-0.3614,104884.0
21:38:15,6368.85,6395.0,-0.0458,77568.0
21:38:15,6368.85,6400.0,-722.4592,156395.0
21:38:15,6368.85,6405.0,0.0222,64160.0
21:38:15,6368.85,6410.0,-27.7491,88341.0
21:38:15,6368.85,6415.0,11.0701,84473.0
21:38:15,6368.85,6420.0,-4.293,99981.0
21:38:15,6368.85,6425.0,0.283,85795.0
21:38:15,6368.85,6430.0,17.8785,86327.0
21:38:15,6368.85,6435.0,-131.161,57303.0
21:38:15,6368.85,6440.0,-0.0,66322.0
21:40:35,6368.85,6295.0,-0.0,7959.0
21:40:35,6368.85,6300.0,-0.0,24059.0
21:40:35,6368.85,6305.0,-0.0,11891.0
21:40:35,6368.85,6310.0,-0.3796,16190.0
21:40:35,6368.85,6315.0,-0.0046,17325.0
21:40:35,6368.85,6320.0,-0.0064,24507.0
21:40:35,6368.85,6325.0,-0.0,27411.0
21:40:35,6368.85,6330.0,-0.0,36890.0
21:40:35,6368.85,6335.0,-0.0,46020.0
21:40:35,6368.85,6340.0,-0.0,58965.0
21:40:35,6368.85,6345.0,-17.8935,62257.0
21:40:35,6368.85,6350.0,-1749.0725,112188.0
21:40:35,6368.85,6355.0,-1087.2699,75758.0
21:40:35,6368.85,6360.0,-2387.6195,108727.0
21:40:35,6368.85,6365.0,-16.6569,118601.0
21:40:35,6368.85,6370.0,-11982.6698,127701.0
21:40:35,6368.85,6375.0,-0.0048,139074.0
21:40:35,6368.85,6380.0,-0.0,139428.0
21:40:35,6368.85,6385.0,-0.0,97842.0
21:40:35,6368.85,6390.0,-0.3614,104884.0
21:40:35,6368.85,6395.0,-0.0458,77568.0
21:40:35,6368.85,6400.0,-0.0,156395.0
21:40:35,6368.85,6405.0,-0.0091,64160.0
21:40:35,6368.85,6410.0,-0.0,88341.0
21:40:35,6368.85,6415.0,11.0701,84473.0
21:40:35,6368.85,6420.0,-4.293,99981.0
21:40:35,6368.85,6425.0,0.283,85795.0
21:40:35,6368.85,6430.0,18.0557,86327.0
21:40:35,6368.85,6435.0,-0.0,57303.0
21:40:35,6368.85,6440.0,-0.0,66322.0
21:45:52,6368.85,6295.0,-0.0,7959.0
21:45:52,6368.85,6300.0,-0.0,24062.0
21:45:52,6368.85,6305.0,-0.0,11892.0
21:45:52,6368.85,6310.0,-0.0,16192.0
21:45:52,6368.85,6315.0,-0.0046,17325.0
21:45:52,6368.85,6320.0,-0.0064,24508.0
21:45:52,6368.85,6325.0,-0.0,27411.0
21:45:52,6368.85,6330.0,-0.0,36892.0
21:45:52,6368.85,6335.0,-0.0,46022.0
21:45:52,6368.85,6340.0,-0.0,58965.0
21:45:52,6368.85,6345.0,-17.8935,62257.0
21:45:52,6368.85,6350.0,-1749.0725,112188.0
21:45:52,6368.85,6355.0,-1087.2699,75758.0
21:45:52,6368.85,6360.0,-2387.6195,108727.0
21:45:52,6368.85,6365.0,-16.6569,118601.0
21:45:52,6368.85,6370.0,-12302.4708,127701.0
21:45:52,6368.85,6375.0,-0.0048,139074.0
21:45:52,6368.85,6380.0,-0.0,139428.0
21:45:52,6368.85,6385.0,-0.0,97842.0
21:45:52,6368.85,6390.0,-0.3614,104884.0
21:45:52,6368.85,6395.0,-0.0458,77568.0
21:45:52,6368.85,6400.0,-0.0,156395.0
21:45:52,6368.85,6405.0,-0.0091,64160.0
21:45:52,6368.85,6410.0,-0.0,88341.0
21:45:52,6368.85,6415.0,11.0701,84473.0
21:45:52,6368.85,6420.0,-4.293,99981.0
21:45:52,6368.85,6425.0,-0.0,85795.0
21:45:52,6368.85,6430.0,-0.0,86329.0
21:45:52,6368.85,6435.0,-0.0,57303.0
21:45:52,6368.85,6440.0,-0.0,66322.0
21:54:22,6368.85,6295.0,-0.0,7959.0
21:54:22,6368.85,6300.0,-0.0,24059.0
21:54:22,6368.85,6305.0,-0.0,11891.0
21:54:22,6368.85,6310.0,-0.0,16190.0
21:54:22,6368.85,6315.0,-0.0,17325.0
21:54:22,6368.85,6320.0,-0.0064,24507.0
21:54:22,6368.85,6325.0,-0.0,27411.0
21:54:22,6368.85,6330.0,-0.0,36890.0
21:54:22,6368.85,6335.0,-0.0,46020.0
21:54:22,6368.85,6340.0,-0.0,58965.0
21:54:22,6368.85,6345.0,-17.8935,62257.0
21:54:22,6368.85,6350.0,-1749.0725,112188.0
21:54:22,6368.85,6355.0,-1087.2699,75758.0
21:54:22,6368.85,6360.0,-2387.6195,108727.0
21:54:22,6368.85,6365.0,-16.6569,118601.0
21:54:22,6368.85,6370.0,-12302.4708,127701.0
21:54:22,6368.85,6375.0,-0.0048,139074.0
21:54:22,6368.85,6380.0,-0.0,139428.0
21:54:22,6368.85,6385.0,-0.0,97842.0
21:54:22,6368.85,6390.0,-0.3614,104884.0
21:54:22,6368.85,6395.0,-0.0458,77568.0
21:54:22,6368.85,6400.0,-0.0,156395.0
21:54:22,6368.85,6405.0,-0.0091,64160.0
21:54:22,6368.85,6410.0,-0.0,88341.0
21:54:22,6368.85,6415.0,11.0701,84473.0
21:54:22,6368.85,6420.0,-4.293,99981.0
21:54:22,6368.85,6425.0,-0.0,85795.0
21:54:22,6368.85,6430.0,-0.0,86327.0
21:54:22,6368.85,6435.0,-0.0,57303.0
21:54:22,6368.85,6440.0,-0.0,66322.0
21:56:32,6368.85,6295.0,-0.0,7959.0
21:56:32,6368.85,6300.0,-0.0,24059.0
21:56:32,6368.85,6305.0,-0.0,11891.0
21:56:32,6368.85,6310.0,-0.0,16190.0
21:56:32,6368.85,6315.0,-0.0,17325.0
21:56:32,6368.85,6320.0,-0.0064,24507.0
21:56:32,6368.85,6325.0,-0.0,27411.0
21:56:32,6368.85,6330.0,-0.0,36890.0
21:56:32,6368.85,6335.0,-0.0,46020.0
21:56:32,6368.85,6340.0,-0.0,58965.0
21:56:32,6368.85,6345.0,-17.8935,62257.0
21:56:32,6368.85,6350.0,-1749.0725,112188.0
21:56:32,6368.85,6355.0,-1087.2699,75758.0
21:56:32,6368.85,6360.0,-2387.6195,108727.0
21:56:32,6368.85,6365.0,-16.6569,118601.0
21:56:32,6368.85,6370.0,-12302.4708,127701.0
21:56:32,6368.85,6375.0,-0.0048,139074.0
21:56:32,6368.85,6380.0,-0.0,139428.0
21:56:32,6368.85,6385.0,-0.0,97842.0
21:56:32,6368.85,6390.0,-0.3614,104884.0
21:56:32,6368.85,6395.0,-0.0458,77568.0
21:56:32,6368.85,6400.0,-0.0,156395.0
21:56:32,6368.85,6405.0,-0.0091,64160.0
21:56:32,6368.85,6410.0,-0.0,88341.0
21:56:32,6368.85,6415.0,11.0701,84473.0
21:56:32,6368.85,6420.0,-4.293,99981.0
21:56:32,6368.85,6425.0,-0.0,85795.0
21:56:32,6368.85,6430.0,-0.0,86327.0
21:56:32,6368.85,6435.0,-0.0,57303.0
21:56:32,6368.85,6440.0,-0.0,66322.0
21:58:42,6368.85,6295.0,-0.0,7959.0
21:58:42,6368.85,6300.0,-0.0,24059.0
21:58:42,6368.85,6305.0,-0.0,11891.0
21:58:42,6368.85,6310.0,-0.0,16190.0
21:58:42,6368.85,6315.0,-0.0,17325.0
21:58:42,6368.85,6320.0,-0.0,24507.0
21:58:42,6368.85,6325.0,-0.0,27411.0
21:58:42,6368.85,6330.0,-0.0,36890.0
21:58:42,6368.85,6335.0,-0.0,46020.0
21:58:42,6368.85,6340.0,-0.0,58965.0
21:58:42,6368.85,6345.0,-17.8935,62257.0
21:58:42,6368.85,6350.0,-1749.0725,112188.0
21:58:42,6368.85,6355.0,-1087.2699,75758.0
21:58:42,6368.85,6360.0,-2387.6195,108727.0
21:58:42,6368.85,6365.0,-16.6569,118601.0
21:58:42,6368.85,6370.0,-12302.4708,127701.0
21:58:42,6368.85,6375.0,-0.0048,139074.0
21:58:42,6368.85,6380.0,-0.0,139428.0
21:58:42,6368.85,6385.0,-0.0,97842.0
21:58:42,6368.85,6390.0,-0.3614,104884.0
21:58:42,6368.85,6395.0,-0.0458,77568.0
21:58:42,6368.85,6400.0,-0.0,156395.0
21:58:42,6368.85,6405.0,-0.0091,64160.0
21:58:42,6368.85,6410.0,-0.0,88341.0
21:58:42,6368.85,6415.0,-0.0,84473.0
21:58:42,6368.85,6420.0,-0.0,99981.0
21:58:42,6368.85,6425.0,-0.0,85795.0
21:58:42,6368.85,6430.0,-0.0,86327.0
21:58:42,6368.85,6435.0,-0.0,57303.0
21:58:42,6368.85,6440.0,-0.0,66322.0
22:00:52,6368.85,6295.0,-0.0,7959.0
22:00:52,6368.85,6300.0,-0.0,24059.0
22:00:52,6368.85,6305.0,-0.0,11891.0
22:00:52,6368.85,6310.0,-0.0,16190.0
22:00:52,6368.85,6315.0,-0.0,17325.0
22:00:52,6368.85,6320.0,-0.0,24507.0
22:00:52,6368.85,6325.0,-0.0,27411.0
22:00:52,6368.85,6330.0,-0.0,36890.0
22:00:52,6368.85,6335.0,-0.0,46020.0
22:00:52,6368.85,6340.0,-0.0,58965.0
22:00:52,6368.85,6345.0,-17.8935,62257.0
22:00:52,6368.85,6350.0,-1749.0725,112188.0
22:00:52,6368.85,6355.0,-1087.2699,75758.0
22:00:52,6368.85,6360.0,-2387.6195,108727.0
22:00:52,6368.85,6365.0,-16.6569,118601.0
22:00:52,6368.85,6370.0,-12302.4708,127701.0
22:00:52,6368.85,6375.0,-0.0048,139074.0
22:00:52,6368.85,6380.0,-0.0,139428.0
22:00:52,6368.85,6385.0,-0.0,97842.0
22:00:52,6368.85,6390.0,-0.3614,104884.0
22:00:52,6368.85,6395.0,-0.0458,77568.0
22:00:52,6368.85,6400.0,-0.0,156395.0
22:00:52,6368.85,6405.0,-0.0091,64160.0
22:00:52,6368.85,6410.0,-0.0,88341.0
22:00:52,6368.85,6415.0,-0.0,84473.0
22:00:52,6368.85,6420.0,-0.0,99981.0
22:00:52,6368.85,6425.0,-0.0,85795.0
22:00:52,6368.85,6430.0,-0.0,86327.0
22:00:52,6368.85,6435.0,-0.0,57303.0
22:00:52,6368.85,6440.0,-0.0,66322.0
22:03:01,6368.85,6295.0,-0.0,7959.0
22:03:01,6368.85,6300.0,-0.0,24059.0
22:03:01,6368.85,6305.0,-0.0,11891.0
22:03:01,6368.85,6310.0,-0.0,16190.0
22:03:01,6368.85,6315.0,-0.0,17325.0
22:03:01,6368.85,6320.0,-0.0,24507.0
22:03:01,6368.85,6325.0,-0.0,27411.0
22:03:01,6368.85,6330.0,-0.0,36890.0
22:03:01,6368.85,6335.0,-0.0,46020.0
22:03:01,6368.85,6340.0,-0.0,58965.0
22:03:01,6368.85,6345.0,-17.8935,62257.0
22:03:01,6368.85,6350.0,-1749.0725,112188.0
22:03:01,6368.85,6355.0,-1087.2699,75758.0
22:03:01,6368.85,6360.0,-2387.6195,108727.0
22:03:01,6368.85,6365.0,-16.6569,118601.0
22:03:01,6368.85,6370.0,-12302.4708,127701.0
22:03:01,6368.85,6375.0,-0.0048,139074.0
22:03:01,6368.85,6380.0,-0.0,139428.0
22:03:01,6368.85,6385.0,-0.0,97842.0
22:03:01,6368.85,6390.0,-0.3614,104884.0
22:03:01,6368.85,6395.0,-0.0458,77568.0
22:03:01,6368.85,6400.0,-0.0,156395.0
22:03:01,6368.85,6405.0,-0.0091,64160.0
22:03:01,6368.85,6410.0,-0.0,88341.0
22:03:01,6368.85,6415.0,-0.0,84473.0
22:03:01,6368.85,6420.0,-0.0,99981.0
22:03:01,6368.85,6425.0,-0.0,85795.0
22:03:01,6368.85,6430.0,-0.0,86327.0
22:03:01,6368.85,6435.0,-0.0,57303.0
22:03:01,6368.85,6440.0,-0.0,66322.0
22:07:18,6368.85,6295.0,-0.0,7960.0
22:07:18,6368.85,6300.0,-0.0,24062.0
22:07:18,6368.85,6305.0,-0.0,11891.0
22:07:18,6368.85,6310.0,-0.0,16190.0
22:07:18,6368.85,6315.0,-0.0,17325.0
22:07:18,6368.85,6320.0,-0.0,24508.0
22:07:18,6368.85,6325.0,-0.0,27411.0
22:07:18,6368.85,6330.0,-0.0,36892.0
22:07:18,6368.85,6335.0,-0.0,46022.0
22:07:18,6368.85,6340.0,-0.0,58965.0
22:07:18,6368.85,6345.0,-17.8935,62258.0
22:07:18,6368.85,6350.0,-1749.0725,112188.0
22:07:18,6368.85,6355.0,-1087.2699,75758.0
22:07:18,6368.85,6360.0,-2387.6195,108727.0
22:07:18,6368.85,6365.0,-16.6569,118601.0
22:07:18,6368.85,6370.0,-12302.4708,127701.0
22:07:18,6368.85,6375.0,-0.0048,139074.0
22:07:18,6368.85,6380.0,-0.0,139428.0
22:07:18,6368.85,6385.0,-0.0,97842.0
22:07:18,6368.85,6390.0,-0.3614,104884.0
22:07:18,6368.85,6395.0,-0.0458,77568.0
22:07:18,6368.85,6400.0,-0.0,156395.0
22:07:18,6368.85,6405.0,-0.0091,64161.0
22:07:18,6368.85,6410.0,-0.0,88341.0
22:07:18,6368.85,6415.0,-0.0,84474.0
22:07:18,6368.85,6420.0,-0.0,99982.0
22:07:18,6368.85,6425.0,-0.0,85795.0
22:07:18,6368.85,6430.0,-0.0,86327.0
22:07:18,6368.85,6435.0,-0.0,57304.0
22:07:18,6368.85,6440.0,-0.0,66325.0
22:11:44,6368.85,6295.0,-0.0,7960.0
22:11:44,6368.85,6300.0,-0.0,24062.0
22:11:44,6368.85,6305.0,-0.0,11892.0
22:11:44,6368.85,6310.0,-0.0,16192.0
22:11:44,6368.85,6315.0,-0.0,17325.0
22:11:44,6368.85,6320.0,-0.0,24507.0
22:11:44,6368.85,6325.0,-0.0,27411.0
22:11:44,6368.85,6330.0,-0.0,36890.0
22:11:44,6368.85,6335.0,-0.0,46020.0
22:11:44,6368.85,6340.0,-0.0,58965.0
22:11:44,6368.85,6345.0,-17.8935,62257.0
22:11:44,6368.85,6350.0,-1749.0725,112188.0
22:11:44,6368.85,6355.0,-1087.2699,75758.0
22:11:44,6368.85,6360.0,-2387.6195,108727.0
22:11:44,6368.85,6365.0,-16.6569,118601.0
22:11:44,6368.85,6370.0,-12302.4708,127701.0
22:11:44,6368.85,6375.0,-0.0048,139074.0
22:11:44,6368.85,6380.0,-0.0,139428.0
22:11:44,6368.85,6385.0,-0.0,97842.0
22:11:44,6368.85,6390.0,-0.3614,104884.0
22:11:44,6368.85,6395.0,-0.0458,77568.0
22:11:44,6368.85,6400.0,-0.0,156395.0
22:11:44,6368.85,6405.0,-0.0091,64160.0
22:11:44,6368.85,6410.0,-0.0,88341.0
22:11:44,6368.85,6415.0,-0.0,84473.0
22:11:44,6368.85,6420.0,-0.0,99981.0
22:11:44,6368.85,6425.0,-0.0,85795.0
22:11:44,6368.85,6430.0,-0.0,86327.0
22:11:44,6368.85,6435.0,-0.0,57303.0
22:11:44,6368.85,6440.0,-0.0,66322.0
22:13:54,6368.85,6295.0,-0.0,7959.0
22:13:54,6368.85,6300.0,-0.0,24062.0
22:13:54,6368.85,6305.0,-0.0,11892.0
22:13:54,6368.85,6310.0,-0.0,16190.0
22:13:54,6368.85,6315.0,-0.0,17326.0
22:13:54,6368.85,6320.0,-0.0,24508.0
22:13:54,6368.85,6325.0,-0.0,27411.0
22:13:54,6368.85,6330.0,-0.0,36890.0
22:13:54,6368.85,6335.0,-0.0,46022.0
22:13:54,6368.85,6340.0,-0.0,58965.0
22:13:54,6368.85,6345.0,-17.8935,62257.0
22:13:54,6368.85,6350.0,-1749.0725,112188.0
22:13:54,6368.85,6355.0,-1087.2699,75758.0
22:13:54,6368.85,6360.0,-2387.6195,108727.0
22:13:54,6368.85,6365.0,-16.6569,118601.0
22:13:54,6368.85,6370.0,-12302.4708,127701.0
22:13:54,6368.85,6375.0,-0.0048,139074.0
22:13:54,6368.85,6380.0,-0.0,139428.0
22:13:54,6368.85,6385.0,-0.0,97842.0
22:13:54,6368.85,6390.0,-0.3614,104884.0
22:13:54,6368.85,6395.0,-0.0458,77568.0
22:13:54,6368.85,6400.0,-0.0,156395.0
22:13:54,6368.85,6405.0,-0.0091,64160.0
22:13:54,6368.85,6410.0,-0.0,88341.0
22:13:54,6368.85,6415.0,-0.0,84473.0
22:13:54,6368.85,6420.0,-0.0,99981.0
22:13:54,6368.85,6425.0,-0.0,85795.0
22:13:54,6368.85,6430.0,-0.0,86327.0
22:13:54,6368.85,6435.0,-0.0,57303.0
22:13:54,6368.85,6440.0,-0.0,66322.0
22:29:17,6368.85,6295.0,-0.0,7959.0
22:29:17,6368.85,6300.0,-0.0,24059.0
22:29:17,6368.85,6305.0,-0.0,11891.0
22:29:17,6368.85,6310.0,-0.0,16190.0
22:29:17,6368.85,6315.0,-0.0,17326.0
22:29:17,6368.85,6320.0,-0.0,24508.0
22:29:17,6368.85,6325.0,-0.0,27412.0
22:29:17,6368.85,6330.0,-0.0,36892.0
22:29:17,6368.85,6335.0,-0.0,46022.0
22:29:17,6368.85,6340.0,-0.0,58965.0
22:29:17,6368.85,6345.0,-17.8935,62258.0
22:29:17,6368.85,6350.0,-1749.0725,112188.0
22:29:17,6368.85,6355.0,-1087.2699,75758.0
22:29:17,6368.85,6360.0,-2387.6195,108727.0
22:29:17,6368.85,6365.0,-16.6569,118601.0
22:29:17,6368.85,6370.0,-12302.4708,127701.0
22:29:17,6368.85,6375.0,-0.0048,139074.0
22:29:17,6368.85,6380.0,-0.0,139428.0
22:29:17,6368.85,6385.0,-0.0,97842.0
22:29:17,6368.85,6390.0,-0.3614,104885.0
22:29:17,6368.85,6395.0,-0.0458,77568.0
22:29:17,6368.85,6400.0,-0.0,156395.0
22:29:17,6368.85,6405.0,-0.0091,64160.0
22:29:17,6368.85,6410.0,-0.0,88342.0
22:29:17,6368.85,6415.0,-0.0,84473.0
22:29:17,6368.85,6420.0,-0.0,99982.0
22:29:17,6368.85,6425.0,-0.0,85805.0
22:29:17,6368.85,6430.0,-0.0,86327.0
22:29:17,6368.85,6435.0,-0.0,57303.0
22:29:17,6368.85,6440.0,-0.0,66322.0
22:31:26,6368.85,6295.0,-0.0,7960.0
22:31:26,6368.85,6300.0,-0.0,24059.0
22:31:26,6368.85,6305.0,-0.0,11891.0
22:31:26,6368.85,6310.0,-0.0,16190.0
22:31:26,6368.85,6315.0,-0.0,17325.0
22:31:26,6368.85,6320.0,-0.0,24508.0
22:31:26,6368.85,6325.0,-0.0,27412.0
22:31:26,6368.85,6330.0,-0.0,36892.0
22:31:26,6368.85,6335.0,-0.0,46022.0
22:31:26,6368.85,6340.0,-0.0,58969.0
22:31:26,6368.85,6345.0,-17.8935,62257.0
22:31:26,6368.85,6350.0,-1749.0725,112188.0
22:31:26,6368.85,6355.0,-1087.2699,75758.0
22:31:26,6368.85,6360.0,-2387.6195,108727.0
22:31:26,6368.85,6365.0,-16.6569,118601.0
22:31:26,6368.85,6370.0,-12302.4708,127701.0
22:31:26,6368.85,6375.0,-0.0048,139074.0
22:31:26,6368.85,6380.0,-0.0,139428.0
22:31:26,6368.85,6385.0,-0.0,97842.0
22:31:26,6368.85,6390.0,-0.3614,104885.0
22:31:26,6368.85,6395.0,-0.0458,77568.0
22:31:26,6368.85,6400.0,-0.0,156395.0
22:31:26,6368.85,6405.0,-0.0091,64160.0
22:31:26,6368.85,6410.0,-0.0,88342.0
22:31:26,6368.85,6415.0,-0.0,84473.0
22:31:26,6368.85,6420.0,-0.0,99981.0
22:31:26,6368.85,6425.0,-0.0,85795.0
22:31:26,6368.85,6430.0,-0.0,86329.0
22:31:26,6368.85,6435.0,-0.0,57303.0
22:31:26,6368.85,6440.0,-0.0,66322.0
22:33:36,6368.85,6295.0,-0.0,7960.0
22:33:36,6368.85,6300.0,-0.0,24059.0
22:33:36,6368.85,6305.0,-0.0,11891.0
22:33:36,6368.85,6310.0,-0.0,16190.0
22:33:36,6368.85,6315.0,-0.0,17325.0
22:33:36,6368.85,6320.0,-0.0,24508.0
22:33:36,6368.85,6325.0,-0.0,27412.0
22:33:36,6368.85,6330.0,-0.0,36892.0
22:33:36,6368.85,6335.0,-0.0,46022.0
22:33:36,6368.85,6340.0,-0.0,58969.0
22:33:36,6368.85,6345.0,-17.8935,62257.0
22:33:36,6368.85,6350.0,-1749.0725,112188.0
22:33:36,6368.85,6355.0,-1087.2699,75758.0
22:33:36,6368.85,6360.0,-2387.6195,108727.0
22:33:36,6368.85,6365.0,-16.6569,118601.0
22:33:36,6368.85,6370.0,-12302.4708,127701.0
22:33:36,6368.85,6375.0,-0.0048,139074.0
22:33:36,6368.85,6380.0,-0.0,139428.0
22:33:36,6368.85,6385.0,-0.0,97842.0
22:33:36,6368.85,6390.0,-0.3614,104885.0
22:33:36,6368.85,6395.0,-0.0458,77568.0
22:33:36,6368.85,6400.0,-0.0,156395.0
22:33:36,6368.85,6405.0,-0.0091,64160.0
22:33:36,6368.85,6410.0,-0.0,88342.0
22:33:36,6368.85,6415.0,-0.0,84474.0
22:33:36,6368.85,6420.0,-0.0,99981.0
22:33:36,6368.85,6425.0,-0.0,85805.0
22:33:36,6368.85,6430.0,-0.0,86327.0
22:33:36,6368.85,6435.0,-0.0,57303.0
22:33:36,6368.85,6440.0,-0.0,66322.0
22:35:46,6368.85,6295.0,-0.0,7959.0
22:35:46,6368.85,6300.0,-0.0,24062.0
22:35:46,6368.85,6305.0,-0.0,11891.0
22:35:46,6368.85,6310.0,-0.0,16190.0
22:35:46,6368.85,6315.0,-0.0,17325.0
22:35:46,6368.85,6320.0,-0.0,24508.0
22:35:46,6368.85,6325.0,-0.0,27412.0
22:35:46,6368.85,6330.0,-0.0,36892.0
22:35:46,6368.85,6335.0,-0.0,46022.0
22:35:46,6368.85,6340.0,-0.0,58965.0
22:35:46,6368.85,6345.0,-17.8935,62257.0
22:35:46,6368.85,6350.0,-1749.0725,112188.0
22:35:46,6368.85,6355.0,-1087.2699,75758.0
22:35:46,6368.85,6360.0,-2387.6195,108727.0
22:35:46,6368.85,6365.0,-16.6569,118601.0
22:35:46,6368.85,6370.0,-12302.4708,127701.0
22:35:46,6368.85,6375.0,-0.0048,139074.0
22:35:46,6368.85,6380.0,-0.0,139428.0
22:35:46,6368.85,6385.0,-0.0,97842.0
22:35:46,6368.85,6390.0,-0.3614,104884.0
22:35:46,6368.85,6395.0,-0.0458,77568.0
22:35:46,6368.85,6400.0,-0.0,156395.0
22:35:46,6368.85,6405.0,-0.0091,64161.0
22:35:46,6368.85,6410.0,-0.0,88341.0
22:35:46,6368.85,6415.0,-0.0,84474.0
22:35:46,6368.85,6420.0,-0.0,99981.0
22:35:46,6368.85,6425.0,-0.0,85805.0
22:35:46,6368.85,6430.0,-0.0,86329.0
22:35:46,6368.85,6435.0,-0.0,57303.0
22:35:46,6368.85,6440.0,-0.0,66322.0
22:37:55,6368.85,6295.0,-0.0,7959.0
22:37:55,6368.85,6300.0,-0.0,24062.0
22:37:55,6368.85,6305.0,-0.0,11892.0
22:37:55,6368.85,6310.0,-0.0,16190.0
22:37:55,6368.85,6315.0,-0.0,17325.0
22:37:55,6368.85,6320.0,-0.0,24507.0
22:37:55,6368.85,6325.0,-0.0,27412.0
22:37:55,6368.85,6330.0,-0.0,36892.0
22:37:55,6368.85,6335.0,-0.0,46022.0
22:37:55,6368.85,6340.0,-0.0,58965.0
22:37:55,6368.85,6345.0,-17.8935,62257.0
22:37:55,6368.85,6350.0,-1749.0725,112188.0
22:37:55,6368.85,6355.0,-1087.2699,75758.0
22:37:55,6368.85,6360.0,-2387.6195,108727.0
22:37:55,6368.85,6365.0,-16.6569,118601.0
22:37:55,6368.85,6370.0,-12302.4708,127701.0
22:37:55,6368.85,6375.0,-0.0048,139074.0
22:37:55,6368.85,6380.0,-0.0,139428.0
22:37:55,6368.85,6385.0,-0.0,97842.0
22:37:55,6368.85,6390.0,-0.3614,104884.0
22:37:55,6368.85,6395.0,-0.0458,77569.0
22:37:55,6368.85,6400.0,-0.0,156395.0
22:37:55,6368.85,6405.0,-0.0091,64161.0
22:37:55,6368.85,6410.0,-0.0,88341.0
22:37:55,6368.85,6415.0,-0.0,84473.0
22:37:55,6368.85,6420.0,-0.0,99982.0
22:37:55,6368.85,6425.0,-0.0,85795.0
22:37:55,6368.85,6430.0,-0.0,86329.0
22:37:55,6368.85,6435.0,-0.0,57303.0
22:37:55,6368.85,6440.0,-0.0,66322.0
22:40:05,6368.85,6295.0,-0.0,7959.0
22:40:05,6368.85,6300.0,-0.0,24059.0
22:40:05,6368.85,6305.0,-0.0,11892.0
22:40:05,6368.85,6310.0,-0.0,16190.0
22:40:05,6368.85,6315.0,-0.0,17325.0
22:40:05,6368.85,6320.0,-0.0,24508.0
22:40:05,6368.85,6325.0,-0.0,27411.0
22:40:05,6368.85,6330.0,-0.0,36892.0
22:40:05,6368.85,6335.0,-0.0,46020.0
22:40:05,6368.85,6340.0,-0.0,58969.0
22:40:05,6368.85,6345.0,-17.8935,62258.0
22:40:05,6368.85,6350.0,-1749.0725,112188.0
22:40:05,6368.85,6355.0,-1087.2699,75758.0
22:40:05,6368.85,6360.0,-2387.6195,108727.0
22:40:05,6368.85,6365.0,-16.6569,118601.0
22:40:05,6368.85,6370.0,-12302.4708,127701.0
22:40:05,6368.85,6375.0,-0.0048,139074.0
22:40:05,6368.85,6380.0,-0.0,139428.0
22:40:05,6368.85,6385.0,-0.0,97842.0
22:40:05,6368.85,6390.0,-0.3614,104885.0
22:40:05,6368.85,6395.0,-0.0458,77568.0
22:40:05,6368.85,6400.0,-0.0,156396.0
22:40:05,6368.85,6405.0,-0.0091,64161.0
22:40:05,6368.85,6410.0,-0.0,88341.0
22:40:05,6368.85,6415.0,-0.0,84473.0
22:40:05,6368.85,6420.0,-0.0,99982.0
22:40:05,6368.85,6425.0,-0.0,85805.0
22:40:05,6368.85,6430.0,-0.0,86327.0
22:40:05,6368.85,6435.0,-0.0,57303.0
22:40:05,6368.85,6440.0,-0.0,66322.0
22:42:15,6368.85,6295.0,-0.0,7960.0
22:42:15,6368.85,6300.0,-0.0,24062.0
22:42:15,6368.85,6305.0,-0.0,11891.0
22:42:15,6368.85,6310.0,-0.0,16192.0
22:42:15,6368.85,6315.0,-0.0,17326.0
22:42:15,6368.85,6320.0,-0.0,24508.0
22:42:15,6368.85,6325.0,-0.0,27412.0
22:42:15,6368.85,6330.0,-0.0,36890.0
22:42:15,6368.85,6335.0,-0.0,46022.0
22:42:15,6368.85,6340.0,-0.0,58965.0
22:42:15,6368.85,6345.0,-17.8935,62257.0
22:42:15,6368.85,6350.0,-1749.0725,112188.0
22:42:15,6368.85,6355.0,-1087.2699,75758.0
22:42:15,6368.85,6360.0,-2387.6195,108727.0
22:42:15,6368.85,6365.0,-16.6569,118601.0
22:42:15,6368.85,6370.0,-12302.4708,127701.0
22:42:15,6368.85,6375.0,-0.0048,139074.0
22:42:15,6368.85,6380.0,-0.0,139428.0
22:42:15,6368.85,6385.0,-0.0,97842.0
22:42:15,6368.85,6390.0,-0.3614,104885.0
22:42:15,6368.85,6395.0,-0.0458,77568.0
22:42:15,6368.85,6400.0,-0.0,156396.0
22:42:15,6368.85,6405.0,-0.0091,64161.0
22:42:15,6368.85,6410.0,-0.0,88341.0
22:42:15,6368.85,6415.0,-0.0,84474.0
22:42:15,6368.85,6420.0,-0.0,99981.0
22:42:15,6368.85,6425.0,-0.0,85805.0
22:42:15,6368.85,6430.0,-0.0,86329.0
22:42:15,6368.85,6435.0,-0.0,57303.0
22:42:15,6368.85,6440.0,-0.0,66322.0
22:44:25,6368.85,6295.0,-0.0,7959.0
22:44:25,6368.85,6300.0,-0.0,24059.0
22:44:25,6368.85,6305.0,-0.0,11891.0
22:44:25,6368.85,6310.0,-0.0,16190.0
22:44:25,6368.85,6315.0,-0.0,17326.0
22:44:25,6368.85,6320.0,-0.0,24508.0
22:44:25,6368.85,6325.0,-0.0,27411.0
22:44:25,6368.85,6330.0,-0.0,36890.0
22:44:25,6368.85,6335.0,-0.0,46020.0
22:44:25,6368.85,6340.0,-0.0,58965.0
22:44:25,6368.85,6345.0,-17.8935,62258.0
22:44:25,6368.85,6350.0,-1749.0725,112188.0
22:44:25,6368.85,6355.0,-1087.2699,75758.0
22:44:25,6368.85,6360.0,-2387.6195,108727.0
22:44:25,6368.85,6365.0,-16.6569,118601.0
22:44:25,6368.85,6370.0,-12302.4708,127701.0
22:44:25,6368.85,6375.0,-0.0048,139074.0
22:44:25,6368.85,6380.0,-0.0,139428.0
22:44:25,6368.85,6385.0,-0.0,97842.0
22:44:25,6368.85,6390.0,-0.3614,104884.0
22:44:25,6368.85,6395.0,-0.0458,77569.0
22:44:25,6368.85,6400.0,-0.0,156396.0
22:44:25,6368.85,6405.0,-0.0091,64160.0
22:44:25,6368.85,6410.0,-0.0,88341.0
22:44:25,6368.85,6415.0,-0.0,84474.0
22:44:25,6368.85,6420.0,-0.0,99982.0
22:44:25,6368.85,6425.0,-0.0,85795.0
22:44:25,6368.85,6430.0,-0.0,86329.0
22:44:25,6368.85,6435.0,-0.0,57303.0
22:44:25,6368.85,6440.0,-0.0,66322.0
22:46:34,6368.85,6295.0,-0.0,7960.0
22:46:34,6368.85,6300.0,-0.0,24059.0
22:46:34,6368.85,6305.0,-0.0,11892.0
22:46:34,6368.85,6310.0,-0.0,16190.0
22:46:34,6368.85,6315.0,-0.0,17325.0
22:46:34,6368.85,6320.0,-0.0,24507.0
22:46:34,6368.85,6325.0,-0.0,27412.0
22:46:34,6368.85,6330.0,-0.0,36892.0
22:46:34,6368.85,6335.0,-0.0,46022.0
22:46:34,6368.85,6340.0,-0.0,58965.0
22:46:34,6368.85,6345.0,-17.8935,62258.0
22:46:34,6368.85,6350.0,-1749.0725,112188.0
22:46:34,6368.85,6355.0,-1087.2699,75758.0
22:46:34,6368.85,6360.0,-2387.6195,108727.0
22:46:34,6368.85,6365.0,-16.6569,118601.0
22:46:34,6368.85,6370.0,-12302.4708,127701.0
22:46:34,6368.85,6375.0,-0.0048,139074.0
22:46:34,6368.85,6380.0,-0.0,139428.0
22:46:34,6368.85,6385.0,-0.0,97842.0
22:46:34,6368.85,6390.0,-0.3614,104885.0
22:46:34,6368.85,6395.0,-0.0458,77568.0
22:46:34,6368.85,6400.0,-0.0,156396.0
22:46:34,6368.85,6405.0,-0.0091,64160.0
22:46:34,6368.85,6410.0,-0.0,88341.0
22:46:34,6368.85,6415.0,-0.0,84474.0
22:46:34,6368.85,6420.0,-0.0,99982.0
22:46:34,6368.85,6425.0,-0.0,85805.0
22:46:34,6368.85,6430.0,-0.0,86329.0
22:46:34,6368.85,6435.0,-0.0,57303.0
22:46:34,6368.85,6440.0,-0.0,66322.0
22:48:44,6368.85,6295.0,-0.0,7960.0
22:48:44,6368.85,6300.0,-0.0,24059.0
22:48:44,6368.85,6305.0,-0.0,11891.0
22:48:44,6368.85,6310.0,-0.0,16190.0
22:48:44,6368.85,6315.0,-0.0,17326.0
22:48:44,6368.85,6320.0,-0.0,24507.0
22:48:44,6368.85,6325.0,-0.0,27411.0
22:48:44,6368.85,6330.0,-0.0,36892.0
22:48:44,6368.85,6335.0,-0.0,46022.0
22:48:44,6368.85,6340.0,-0.0,58969.0
22:48:44,6368.85,6345.0,-17.8935,62257.0
22:48:44,6368.85,6350.0,-1749.0725,112188.0
22:48:44,6368.85,6355.0,-1087.2699,75758.0
22:48:44,6368.85,6360.0,-2387.6195,108727.0
22:48:44,6368.85,6365.0,-16.6569,118601.0
22:48:44,6368.85,6370.0,-12302.4708,127701.0
22:48:44,6368.85,6375.0,-0.0048,139074.0
22:48:44,6368.85,6380.0,-0.0,139428.0
22:48:44,6368.85,6385.0,-0.0,97842.0
22:48:44,6368.85,6390.0,-0.3614,104884.0
22:48:44,6368.85,6395.0,-0.0458,77568.0
22:48:44,6368.85,6400.0,-0.0,156396.0
22:48:44,6368.85,6405.0,-0.0091,64160.0
22:48:44,6368.85,6410.0,-0.0,88341.0
22:48:44,6368.85,6415.0,-0.0,84474.0
22:48:44,6368.85,6420.0,-0.0,99982.0
22:48:44,6368.85,6425.0,-0.0,85795.0
22:48:44,6368.85,6430.0,-0.0,86329.0
22:48:44,6368.85,6435.0,-0.0,57303.0
22:48:44,6368.85,6440.0,-0.0,66322.0
22:50:54,6368.85,6295.0,-0.0,7960.0
22:50:54,6368.85,6300.0,-0.0,24059.0
22:50:54,6368.85,6305.0,-0.0,11892.0
22:50:54,6368.85,6310.0,-0.0,16190.0
22:50:54,6368.85,6315.0,-0.0,17325.0
22:50:54,6368.85,6320.0,-0.0,24508.0
22:50:54,6368.85,6325.0,-0.0,27411.0
22:50:54,6368.85,6330.0,-0.0,36892.0
22:50:54,6368.85,6335.0,-0.0,46022.0
22:50:54,6368.85,6340.0,-0.0,58969.0
22:50:54,6368.85,6345.0,-17.8935,62258.0
22:50:54,6368.85,6350.0,-1749.0725,112188.0
22:50:54,6368.85,6355.0,-1087.2699,75758.0
22:50:54,6368.85,6360.0,-2387.6195,108727.0
22:50:54,6368.85,6365.0,-16.6569,118601.0
22:50:54,6368.85,6370.0,-12302.4708,127701.0
22:50:54,6368.85,6375.0,-0.0048,139074.0
22:50:54,6368.85,6380.0,-0.0,139428.0
22:50:54,6368.85,6385.0,-0.0,97842.0
22:50:54,6368.85,6390.0,-0.3614,104885.0
22:50:54,6368.85,6395.0,-0.0458,77569.0
22:50:54,6368.85,6400.0,-0.0,156395.0
22:50:54,6368.85,6405.0,-0.0091,64161.0
22:50:54,6368.85,6410.0,-0.0,88341.0
22:50:54,6368.85,6415.0,-0.0,84474.0
22:50:54,6368.85,6420.0,-0.0,99981.0
22:50:54,6368.85,6425.0,-0.0,85805.0
22:50:54,6368.85,6430.0,-0.0,86327.0
22:50:54,6368.85,6435.0,-0.0,57303.0
22:50:54,6368.85,6440.0,-0.0,66322.0
22:53:03,6368.85,6295.0,-0.0,7960.0
22:53:03,6368.85,6300.0,-0.0,24062.0
22:53:03,6368.85,6305.0,-0.0,11892.0
22:53:03,6368.85,6310.0,-0.0,16192.0
22:53:03,6368.85,6315.0,-0.0,17325.0
22:53:03,6368.85,6320.0,-0.0,24508.0
22:53:03,6368.85,6325.0,-0.0,27411.0
22:53:03,6368.85,6330.0,-0.0,36890.0
22:53:03,6368.85,6335.0,-0.0,46022.0
22:53:03,6368.85,6340.0,-0.0,58969.0
22:53:03,6368.85,6345.0,-17.8935,62258.0
22:53:03,6368.85,6350.0,-1749.0725,112188.0
22:53:03,6368.85,6355.0,-1087.2699,75758.0
22:53:03,6368.85,6360.0,-2387.6195,108727.0
22:53:03,6368.85,6365.0,-16.6569,118601.0
22:53:03,6368.85,6370.0,-12302.4708,127701.0
22:53:03,6368.85,6375.0,-0.0048,139074.0
22:53:03,6368.85,6380.0,-0.0,139428.0
22:53:03,6368.85,6385.0,-0.0,97842.0
22:53:03,6368.85,6390.0,-0.3614,104885.0
22:53:03,6368.85,6395.0,-0.0458,77569.0
22:53:03,6368.85,6400.0,-0.0,156396.0
22:53:03,6368.85,6405.0,-0.0091,64161.0
22:53:03,6368.85,6410.0,-0.0,88342.0
22:53:03,6368.85,6415.0,-0.0,84473.0
22:53:03,6368.85,6420.0,-0.0,99981.0
22:53:03,6368.85,6425.0,-0.0,85805.0
22:53:03,6368.85,6430.0,-0.0,86329.0
22:53:03,6368.85,6435.0,-0.0,57303.0
22:53:03,6368.85,6440.0,-0.0,66322.0
22:55:13,6368.85,6295.0,-0.0,7960.0
22:55:13,6368.85,6300.0,-0.0,24059.0
22:55:13,6368.85,6305.0,-0.0,11892.0
22:55:13,6368.85,6310.0,-0.0,16190.0
22:55:13,6368.85,6315.0,-0.0,17326.0
22:55:13,6368.85,6320.0,-0.0,24507.0
22:55:13,6368.85,6325.0,-0.0,27412.0
22:55:13,6368.85,6330.0,-0.0,36892.0
22:55:13,6368.85,6335.0,-0.0,46020.0
22:55:13,6368.85,6340.0,-0.0,58969.0
22:55:13,6368.85,6345.0,-17.8935,62257.0
22:55:13,6368.85,6350.0,-1749.0725,112188.0
22:55:13,6368.85,6355.0,-1087.2699,75758.0
22:55:13,6368.85,6360.0,-2387.6195,108727.0
22:55:13,6368.85,6365.0,-16.6569,118601.0
22:55:13,6368.85,6370.0,-12302.4708,127701.0
22:55:13,6368.85,6375.0,-0.0048,139074.0
22:55:13,6368.85,6380.0,-0.0,139428.0
22:55:13,6368.85,6385.0,-0.0,97842.0
22:55:13,6368.85,6390.0,-0.3614,104885.0
22:55:13,6368.85,6395.0,-0.0458,77569.0
22:55:13,6368.85,6400.0,-0.0,156395.0
22:55:13,6368.85,6405.0,-0.0091,64160.0
22:55:13,6368.85,6410.0,-0.0,88341.0
22:55:13,6368.85,6415.0,-0.0,84473.0
22:55:13,6368.85,6420.0,-0.0,99982.0
22:55:13,6368.85,6425.0,-0.0,85805.0
22:55:13,6368.85,6430.0,-0.0,86327.0
22:55:13,6368.85,6435.0,-0.0,57303.0
22:55:13,6368.85,6440.0,-0.0,66322.0
22:57:23,6368.85,6295.0,-0.0,7960.0
22:57:23,6368.85,6300.0,-0.0,24059.0
22:57:23,6368.85,6305.0,-0.0,11892.0
22:57:23,6368.85,6310.0,-0.0,16190.0
22:57:23,6368.85,6315.0,-0.0,17325.0
22:57:23,6368.85,6320.0,-0.0,24508.0
22:57:23,6368.85,6325.0,-0.0,27411.0
22:57:23,6368.85,6330.0,-0.0,36890.0
22:57:23,6368.85,6335.0,-0.0,46022.0
22:57:23,6368.85,6340.0,-0.0,58965.0
22:57:23,6368.85,6345.0,-17.8935,62258.0
22:57:23,6368.85,6350.0,-1749.0725,112188.0
22:57:23,6368.85,6355.0,-1087.2699,75758.0
22:57:23,6368.85,6360.0,-2387.6195,108727.0
22:57:23,6368.85,6365.0,-16.6569,118601.0
22:57:23,6368.85,6370.0,-12302.4708,127701.0
22:57:23,6368.85,6375.0,-0.0048,139074.0
22:57:23,6368.85,6380.0,-0.0,139428.0
22:57:23,6368.85,6385.0,-0.0,97842.0
22:57:23,6368.85,6390.0,-0.3614,104884.0
22:57:23,6368.85,6395.0,-0.0458,77569.0
22:57:23,6368.85,6400.0,-0.0,156395.0
22:57:23,6368.85,6405.0,-0.0091,64161.0
22:57:23,6368.85,6410.0,-0.0,88341.0
22:57:23,6368.85,6415.0,-0.0,84474.0
22:57:23,6368.85,6420.0,-0.0,99982.0
22:57:23,6368.85,6425.0,-0.0,85795.0
22:57:23,6368.85,6430.0,-0.0,86327.0
22:57:23,6368.85,6435.0,-0.0,57303.0
22:57:23,6368.85,6440.0,-0.0,66322.0
22:59:32,6368.85,6295.0,-0.0,7960.0
22:59:32,6368.85,6300.0,-0.0,24062.0
22:59:32,6368.85,6305.0,-0.0,11892.0
22:59:32,6368.85,6310.0,-0.0,16192.0
22:59:32,6368.85,6315.0,-0.0,17326.0
22:59:32,6368.85,6320.0,-0.0,24507.0
22:59:32,6368.85,6325.0,-0.0,27411.0
22:59:32,6368.85,6330.0,-0.0,36892.0
22:59:32,6368.85,6335.0,-0.0,46020.0
22:59:32,6368.85,6340.0,-0.0,58969.0
22:59:32,6368.85,6345.0,-17.8935,62258.0
22:59:32,6368.85,6350.0,-1749.0725,112188.0
22:59:32,6368.85,6355.0,-1087.2699,75758.0
22:59:32,6368.85,6360.0,-2387.6195,108727.0
22:59:32,6368.85,6365.0,-16.6569,118601.0
22:59:32,6368.85,6370.0,-12302.4708,127701.0
22:59:32,6368.85,6375.0,-0.0048,139074.0
22:59:32,6368.85,6380.0,-0.0,139428.0
22:59:32,6368.85,6385.0,-0.0,97842.0
22:59:32,6368.85,6390.0,-0.3614,104885.0
22:59:32,6368.85,6395.0,-0.0458,77569.0
22:59:32,6368.85,6400.0,-0.0,156395.0
22:59:32,6368.85,6405.0,-0.0091,64160.0
22:59:32,6368.85,6410.0,-0.0,88341.0
22:59:32,6368.85,6415.0,-0.0,84473.0
22:59:32,6368.85,6420.0,-0.0,99981.0
22:59:32,6368.85,6425.0,-0.0,85795.0
22:59:32,6368.85,6430.0,-0.0,86329.0
22:59:32,6368.85,6435.0,-0.0,57303.0
22:59:32,6368.85,6440.0,-0.0,66322.0
23:01:42,6368.85,6295.0,-0.0,7960.0
23:01:42,6368.85,6300.0,-0.0,24059.0
23:01:42,6368.85,6305.0,-0.0,11891.0
23:01:42,6368.85,6310.0,-0.0,16192.0
23:01:42,6368.85,6315.0,-0.0,17325.0
23:01:42,6368.85,6320.0,-0.0,24508.0
23:01:42,6368.85,6325.0,-0.0,27411.0
23:01:42,6368.85,6330.0,-0.0,36892.0
23:01:42,6368.85,6335.0,-0.0,46020.0
23:01:42,6368.85,6340.0,-0.0,58969.0
23:01:42,6368.85,6345.0,-17.8935,62258.0
23:01:42,6368.85,6350.0,-1749.0725,112188.0
23:01:42,6368.85,6355.0,-1087.2699,75758.0
23:01:42,6368.85,6360.0,-2387.6195,108727.0
23:01:42,6368.85,6365.0,-16.6569,118601.0
23:01:42,6368.85,6370.0,-12302.4708,127701.0
23:01:42,6368.85,6375.0,-0.0048,139074.0
23:01:42,6368.85,6380.0,-0.0,139428.0
23:01:42,6368.85,6385.0,-0.0,97842.0
23:01:42,6368.85,6390.0,-0.3614,104884.0
23:01:42,6368.85,6395.0,-0.0458,77568.0
23:01:42,6368.85,6400.0,-0.0,156396.0
23:01:42,6368.85,6405.0,-0.0091,64161.0
23:01:42,6368.85,6410.0,-0.0,88342.0
23:01:42,6368.85,6415.0,-0.0,84474.0
23:01:42,6368.85,6420.0,-0.0,99982.0
23:01:42,6368.85,6425.0,-0.0,85805.0
23:01:42,6368.85,6430.0,-0.0,86327.0
23:01:42,6368.85,6435.0,-0.0,57303.0
23:01:42,6368.85,6440.0,-0.0,66322.0
23:03:52,6368.85,6295.0,-0.0,7959.0
23:03:52,6368.85,6300.0,-0.0,24062.0
23:03:52,6368.85,6305.0,-0.0,11891.0
23:03:52,6368.85,6310.0,-0.0,16192.0
23:03:52,6368.85,6315.0,-0.0,17326.0
23:03:52,6368.85,6320.0,-0.0,24507.0
23:03:52,6368.85,6325.0,-0.0,27411.0
23:03:52,6368.85,6330.0,-0.0,36890.0
23:03:52,6368.85,6335.0,-0.0,46020.0
23:03:52,6368.85,6340.0,-0.0,58965.0
23:03:52,6368.85,6345.0,-17.8935,62257.0
23:03:52,6368.85,6350.0,-1749.0725,112188.0
23:03:52,6368.85,6355.0,-1087.2699,75758.0
23:03:52,6368.85,6360.0,-2387.6195,108727.0
23:03:52,6368.85,6365.0,-16.6569,118601.0
23:03:52,6368.85,6370.0,-12302.4708,127701.0
23:03:52,6368.85,6375.0,-0.0048,139074.0
23:03:52,6368.85,6380.0,-0.0,139428.0
23:03:52,6368.85,6385.0,-0.0,97842.0
23:03:52,6368.85,6390.0,-0.3614,104885.0
23:03:52,6368.85,6395.0,-0.0458,77568.0
23:03:52,6368.85,6400.0,-0.0,156396.0
23:03:52,6368.85,6405.0,-0.0091,64160.0
23:03:52,6368.85,6410.0,-0.0,88341.0
23:03:52,6368.85,6415.0,-0.0,84474.0
23:03:52,6368.85,6420.0,-0.0,99982.0
23:03:52,6368.85,6425.0,-0.0,85805.0
23:03:52,6368.85,6430.0,-0.0,86329.0
23:03:52,6368.85,6435.0,-0.0,57303.0
23:03:52,6368.85,6440.0,-0.0,66322.0
23:06:01,6368.85,6295.0,-0.0,7959.0
23:06:01,6368.85,6300.0,-0.0,24062.0
23:06:01,6368.85,6305.0,-0.0,11891.0
23:06:01,6368.85,6310.0,-0.0,16192.0
23:06:01,6368.85,6315.0,-0.0,17326.0
23:06:01,6368.85,6320.0,-0.0,24507.0
23:06:01,6368.85,6325.0,-0.0,27411.0
23:06:01,6368.85,6330.0,-0.0,36890.0
23:06:01,6368.85,6335.0,-0.0,46020.0
23:06:01,6368.85,6340.0,-0.0,58965.0
23:06:01,6368.85,6345.0,-17.8935,62257.0
23:06:01,6368.85,6350.0,-1749.0725,112188.0
23:06:01,6368.85,6355.0,-1087.2699,75758.0
23:06:01,6368.85,6360.0,-2387.6195,108727.0
23:06:01,6368.85,6365.0,-16.6569,118601.0
23:06:01,6368.85,6370.0,-12302.4708,127701.0
23:06:01,6368.85,6375.0,-0.0048,139074.0
23:06:01,6368.85,6380.0,-0.0,139428.0
23:06:01,6368.85,6385.0,-0.0,97842.0
23:06:01,6368.85,6390.0,-0.3614,104885.0
23:06:01,6368.85,6395.0,-0.0458,77568.0
23:06:01,6368.85,6400.0,-0.0,156396.0
23:06:01,6368.85,6405.0,-0.0091,64160.0
23:06:01,6368.85,6410.0,-0.0,88341.0
23:06:01,6368.85,6415.0,-0.0,84474.0
23:06:01,6368.85,6420.0,-0.0,99982.0
23:06:01,6368.85,6425.0,-0.0,85805.0
23:06:01,6368.85,6430.0,-0.0,86329.0
23:06:01,6368.85,6435.0,-0.0,57303.0
23:06:01,6368.85,6440.0,-0.0,66322.0
23:08:11,6368.85,6295.0,-0.0,7959.0
23:08:11,6368.85,6300.0,-0.0,24062.0
23:08:11,6368.85,6305.0,-0.0,11891.0
23:08:11,6368.85,6310.0,-0.0,16192.0
23:08:11,6368.85,6315.0,-0.0,17326.0
23:08:11,6368.85,6320.0,-0.0,24507.0
23:08:11,6368.85,6325.0,-0.0,27411.0
23:08:11,6368.85,6330.0,-0.0,36890.0
23:08:11,6368.85,6335.0,-0.0,46020.0
23:08:11,6368.85,6340.0,-0.0,58965.0
23:08:11,6368.85,6345.0,-17.8935,62257.0
23:08:11,6368.85,6350.0,-1749.0725,112188.0
23:08:11,6368.85,6355.0,-1087.2699,75758.0
23:08:11,6368.85,6360.0,-2387.6195,108727.0
23:08:11,6368.85,6365.0,-16.6569,118601.0
23:08:11,6368.85,6370.0,-12302.4708,127701.0
23:08:11,6368.85,6375.0,-0.0048,139074.0
23:08:11,6368.85,6380.0,-0.0,139428.0
23:08:11,6368.85,6385.0,-0.0,97842.0
23:08:11,6368.85,6390.0,-0.3614,104885.0
23:08:11,6368.85,6395.0,-0.0458,77568.0
23:08:11,6368.85,6400.0,-0.0,156396.0
23:08:11,6368.85,6405.0,-0.0091,64160.0
23:08:11,6368.85,6410.0,-0.0,88341.0
23:08:11,6368.85,6415.0,-0.0,84474.0
23:08:11,6368.85,6420.0,-0.0,99982.0
23:08:11,6368.85,6425.0,-0.0,85805.0
23:08:11,6368.85,6430.0,-0.0,86329.0
23:08:11,6368.85,6435.0,-0.0,57303.0
23:08:11,6368.85,6440.0,-0.0,66322.0
23:10:21,6368.85,6295.0,-0.0,7959.0
23:10:21,6368.85,6300.0,-0.0,24062.0
23:10:21,6368.85,6305.0,-0.0,11891.0
23:10:21,6368.85,6310.0,-0.0,16192.0
23:10:21,6368.85,6315.0,-0.0,17326.0
23:10:21,6368.85,6320.0,-0.0,24507.0
23:10:21,6368.85,6325.0,-0.0,27411.0
23:10:21,6368.85,6330.0,-0.0,36890.0
23:10:21,6368.85,6335.0,-0.0,46020.0
23:10:21,6368.85,6340.0,-0.0,58965.0
23:10:21,6368.85,6345.0,-17.8935,62257.0
23:10:21,6368.85,6350.0,-1749.0725,112188.0
23:10:21,6368.85,6355.0,-1087.2699,75758.0
23:10:21,6368.85,6360.0,-2387.6195,108727.0
23:10:21,6368.85,6365.0,-16.6569,118601.0
23:10:21,6368.85,6370.0,-12302.4708,127701.0
23:10:21,6368.85,6375.0,-0.0048,139074.0
23:10:21,6368.85,6380.0,-0.0,139428.0
23:10:21,6368.85,6385.0,-0.0,97842.0
23:10:21,6368.85,6390.0,-0.3614,104885.0
23:10:21,6368.85,6395.0,-0.0458,77568.0
23:10:21,6368.85,6400.0,-0.0,156396.0
23:10:21,6368.85,6405.0,-0.0091,64160.0
23:10:21,6368.85,6410.0,-0.0,88341.0
23:10:21,6368.85,6415.0,-0.0,84474.0
23:10:21,6368.85,6420.0,-0.0,99982.0
23:10:21,6368.85,6425.0,-0.0,85805.0
23:10:21,6368.85,6430.0,-0.0,86329.0
23:10:21,6368.85,6435.0,-0.0,57303.0
23:10:21,6368.85,6440.0,-0.0,66322.0
23:12:31,6368.85,6295.0,-0.0,7959.0
23:12:31,6368.85,6300.0,-0.0,24062.0
23:12:31,6368.85,6305.0,-0.0,11891.0
23:12:31,6368.85,6310.0,-0.0,16192.0
23:12:31,6368.85,6315.0,-0.0,17326.0
23:12:31,6368.85,6320.0,-0.0,24507.0
23:12:31,6368.85,6325.0,-0.0,27411.0
23:12:31,6368.85,6330.0,-0.0,36890.0
23:12:31,6368.85,6335.0,-0.0,46020.0
23:12:31,6368.85,6340.0,-0.0,58965.0
23:12:31,6368.85,6345.0,-17.8935,62257.0
23:12:31,6368.85,6350.0,-1749.0725,112188.0
23:12:31,6368.85,6355.0,-1087.2699,75758.0
23:12:31,6368.85,6360.0,-2387.6195,108727.0
23:12:31,6368.85,6365.0,-16.6569,118601.0
23:12:31,6368.85,6370.0,-12302.4708,127701.0
23:12:31,6368.85,6375.0,-0.0048,139074.0
23:12:31,6368.85,6380.0,-0.0,139428.0
23:12:31,6368.85,6385.0,-0.0,97842.0
23:12:31,6368.85,6390.0,-0.3614,104885.0
23:12:31,6368.85,6395.0,-0.0458,77568.0
23:12:31,6368.85,6400.0,-0.0,156396.0
23:12:31,6368.85,6405.0,-0.0091,64160.0
23:12:31,6368.85,6410.0,-0.0,88341.0
23:12:31,6368.85,6415.0,-0.0,84474.0
23:12:31,6368.85,6420.0,-0.0,99982.0
23:12:31,6368.85,6425.0,-0.0,85805.0
23:12:31,6368.85,6430.0,-0.0,86329.0
23:12:31,6368.85,6435.0,-0.0,57303.0
23:12:31,6368.85,6440.0,-0.0,66322.0
23:14:40,6368.85,6295.0,-0.0,7959.0
23:14:40,6368.85,6300.0,-0.0,24062.0
23:14:40,6368.85,6305.0,-0.0,11891.0
23:14:40,6368.85,6310.0,-0.0,16192.0
23:14:40,6368.85,6315.0,-0.0,17326.0
23:14:40,6368.85,6320.0,-0.0,24507.0
23:14:40,6368.85,6325.0,-0.0,27411.0
23:14:40,6368.85,6330.0,-0.0,36890.0
23:14:40,6368.85,6335.0,-0.0,46020.0
23:14:40,6368.85,6340.0,-0.0,58965.0
23:14:40,6368.85,6345.0,-17.8935,62257.0
23:14:40,6368.85,6350.0,-1749.0725,112188.0
23:14:40,6368.85,6355.0,-1087.2699,75758.0
23:14:40,6368.85,6360.0,-2387.6195,108727.0
23:14:40,6368.85,6365.0,-16.6569,118601.0
23:14:40,6368.85,6370.0,-12302.4708,127701.0
23:14:40,6368.85,6375.0,-0.0048,139074.0
23:14:40,6368.85,6380.0,-0.0,139428.0
23:14:40,6368.85,6385.0,-0.0,97842.0
23:14:40,6368.85,6390.0,-0.3614,104885.0
23:14:40,6368.85,6395.0,-0.0458,77568.0
23:14:40,6368.85,6400.0,-0.0,156396.0
23:14:40,6368.85,6405.0,-0.0091,64160.0
23:14:40,6368.85,6410.0,-0.0,88341.0
23:14:40,6368.85,6415.0,-0.0,84474.0
23:14:40,6368.85,6420.0,-0.0,99982.0
23:14:40,6368.85,6425.0,-0.0,85805.0
23:14:40,6368.85,6430.0,-0.0,86329.0
23:14:40,6368.85,6435.0,-0.0,57303.0
23:14:40,6368.85,6440.0,-0.0,66322.0
23:16:50,6368.85,6295.0,-0.0,7959.0
23:16:50,6368.85,6300.0,-0.0,24062.0
23:16:50,6368.85,6305.0,-0.0,11891.0
23:16:50,6368.85,6310.0,-0.0,16192.0
23:16:50,6368.85,6315.0,-0.0,17326.0
23:16:50,6368.85,6320.0,-0.0,24507.0
23:16:50,6368.85,6325.0,-0.0,27411.0
23:16:50,6368.85,6330.0,-0.0,36890.0
23:16:50,6368.85,6335.0,-0.0,46020.0
23:16:50,6368.85,6340.0,-0.0,58965.0
23:16:50,6368.85,6345.0,-17.8935,62257.0
23:16:50,6368.85,6350.0,-1749.0725,112188.0
23:16:50,6368.85,6355.0,-1087.2699,75758.0
23:16:50,6368.85,6360.0,-2387.6195,108727.0
23:16:50,6368.85,6365.0,-16.6569,118601.0
23:16:50,6368.85,6370.0,-12302.4708,127701.0
23:16:50,6368.85,6375.0,-0.0048,139074.0
23:16:50,6368.85,6380.0,-0.0,139428.0
23:16:50,6368.85,6385.0,-0.0,97842.0
23:16:50,6368.85,6390.0,-0.3614,104885.0
23:16:50,6368.85,6395.0,-0.0458,77568.0
23:16:50,6368.85,6400.0,-0.0,156396.0
23:16:50,6368.85,6405.0,-0.0091,64160.0
23:16:50,6368.85,6410.0,-0.0,88341.0
23:16:50,6368.85,6415.0,-0.0,84474.0
23:16:50,6368.85,6420.0,-0.0,99982.0
23:16:50,6368.85,6425.0,-0.0,85805.0
23:16:50,6368.85,6430.0,-0.0,86329.0
23:16:50,6368.85,6435.0,-0.0,57303.0
23:16:50,6368.85,6440.0,-0.0,66322.0
23:19:00,6368.85,6295.0,-0.0,7959.0
23:19:00,6368.85,6300.0,-0.0,24062.0
23:19:00,6368.85,6305.0,-0.0,11891.0
23:19:00,6368.85,6310.0,-0.0,16192.0
23:19:00,6368.85,6315.0,-0.0,17326.0
23:19:00,6368.85,6320.0,-0.0,24507.0
23:19:00,6368.85,6325.0,-0.0,27411.0
23:19:00,6368.85,6330.0,-0.0,36890.0
23:19:00,6368.85,6335.0,-0.0,46020.0
23:19:00,6368.85,6340.0,-0.0,58965.0
23:19:00,6368.85,6345.0,-17.8935,62257.0
23:19:00,6368.85,6350.0,-1749.0725,112188.0
23:19:00,6368.85,6355.0,-1087.2699,75758.0
23:19:00,6368.85,6360.0,-2387.6195,108727.0
23:19:00,6368.85,6365.0,-16.6569,118601.0
23:19:00,6368.85,6370.0,-12302.4708,127701.0
23:19:00,6368.85,6375.0,-0.0048,139074.0
23:19:00,6368.85,6380.0,-0.0,139428.0
23:19:00,6368.85,6385.0,-0.0,97842.0
23:19:00,6368.85,6390.0,-0.3614,104885.0
23:19:00,6368.85,6395.0,-0.0458,77568.0
23:19:00,6368.85,6400.0,-0.0,156396.0
23:19:00,6368.85,6405.0,-0.0091,64160.0
23:19:00,6368.85,6410.0,-0.0,88341.0
23:19:00,6368.85,6415.0,-0.0,84474.0
23:19:00,6368.85,6420.0,-0.0,99982.0
23:19:00,6368.85,6425.0,-0.0,85805.0
23:19:00,6368.85,6430.0,-0.0,86329.0
23:19:00,6368.85,6435.0,-0.0,57303.0
23:19:00,6368.85,6440.0,-0.0,66322.0
23:21:09,6368.85,6295.0,-0.0,7959.0
23:21:09,6368.85,6300.0,-0.0,24062.0
23:21:09,6368.85,6305.0,-0.0,11891.0
23:21:09,6368.85,6310.0,-0.0,16192.0
23:21:09,6368.85,6315.0,-0.0,17326.0
23:21:09,6368.85,6320.0,-0.0,24507.0
23:21:09,6368.85,6325.0,-0.0,27411.0
23:21:09,6368.85,6330.0,-0.0,36890.0
23:21:09,6368.85,6335.0,-0.0,46020.0
23:21:09,6368.85,6340.0,-0.0,58965.0
23:21:09,6368.85,6345.0,-17.8935,62257.0
23:21:09,6368.85,6350.0,-1749.0725,112188.0
23:21:09,6368.85,6355.0,-1087.2699,75758.0
23:21:09,6368.85,6360.0,-2387.6195,108727.0
23:21:09,6368.85,6365.0,-16.6569,118601.0
23:21:09,6368.85,6370.0,-12302.4708,127701.0
23:21:09,6368.85,6375.0,-0.0048,139074.0
23:21:09,6368.85,6380.0,-0.0,139428.0
23:21:09,6368.85,6385.0,-0.0,97842.0
23:21:09,6368.85,6390.0,-0.3614,104885.0
23:21:09,6368.85,6395.0,-0.0458,77568.0
23:21:09,6368.85,6400.0,-0.0,156396.0
23:21:09,6368.85,6405.0,-0.0091,64160.0
23:21:09,6368.85,6410.0,-0.0,88341.0
23:21:09,6368.85,6415.0,-0.0,84474.0
23:21:09,6368.85,6420.0,-0.0,99982.0
23:21:09,6368.85,6425.0,-0.0,85805.0
23:21:09,6368.85,6430.0,-0.0,86329.0
23:21:09,6368.85,6435.0,-0.0,57303.0
23:21:09,6368.85,6440.0,-0.0,66322.0
23:23:19,6368.85,6295.0,-0.0,7959.0
23:23:19,6368.85,6300.0,-0.0,24062.0
23:23:19,6368.85,6305.0,-0.0,11891.0
23:23:19,6368.85,6310.0,-0.0,16192.0
23:23:19,6368.85,6315.0,-0.0,17326.0
23:23:19,6368.85,6320.0,-0.0,24507.0
23:23:19,6368.85,6325.0,-0.0,27411.0
23:23:19,6368.85,6330.0,-0.0,36890.0
23:23:19,6368.85,6335.0,-0.0,46020.0
23:23:19,6368.85,6340.0,-0.0,58965.0
23:23:19,6368.85,6345.0,-17.8935,62257.0
23:23:19,6368.85,6350.0,-1749.0725,112188.0
23:23:19,6368.85,6355.0,-1087.2699,75758.0
23:23:19,6368.85,6360.0,-2387.6195,108727.0
23:23:19,6368.85,6365.0,-16.6569,118601.0
23:23:19,6368.85,6370.0,-12302.4708,127701.0
23:23:19,6368.85,6375.0,-0.0048,139074.0
23:23:19,6368.85,6380.0,-0.0,139428.0
23:23:19,6368.85,6385.0,-0.0,97842.0
23:23:19,6368.85,6390.0,-0.3614,104885.0
23:23:19,6368.85,6395.0,-0.0458,77568.0
23:23:19,6368.85,6400.0,-0.0,156396.0
23:23:19,6368.85,6405.0,-0.0091,64160.0
23:23:19,6368.85,6410.0,-0.0,88341.0
23:23:19,6368.85,6415.0,-0.0,84474.0
23:23:19,6368.85,6420.0,-0.0,99982.0
23:23:19,6368.85,6425.0,-0.0,85805.0
23:23:19,6368.85,6430.0,-0.0,86329.0
23:23:19,6368.85,6435.0,-0.0,57303.0
23:23:19,6368.85,6440.0,-0.0,66322.0
23:25:29,6368.85,6295.0,-0.0,7959.0
23:25:29,6368.85,6300.0,-0.0,24062.0
23:25:29,6368.85,6305.0,-0.0,11891.0
23:25:29,6368.85,6310.0,-0.0,16192.0
23:25:29,6368.85,6315.0,-0.0,17326.0
23:25:29,6368.85,6320.0,-0.0,24507.0
23:25:29,6368.85,6325.0,-0.0,27411.0
23:25:29,6368.85,6330.0,-0.0,36890.0
23:25:29,6368.85,6335.0,-0.0,46020.0
23:25:29,6368.85,6340.0,-0.0,58965.0
23:25:29,6368.85,6345.0,-17.8935,62257.0
23:25:29,6368.85,6350.0,-1749.0725,112188.0
23:25:29,6368.85,6355.0,-1087.2699,75758.0
23:25:29,6368.85,6360.0,-2387.6195,108727.0
23:25:29,6368.85,6365.0,-16.6569,118601.0
23:25:29,6368.85,6370.0,-12302.4708,127701.0
23:25:29,6368.85,6375.0,-0.0048,139074.0
23:25:29,6368.85,6380.0,-0.0,139428.0
23:25:29,6368.85,6385.0,-0.0,97842.0
23:25:29,6368.85,6390.0,-0.3614,104885.0
23:25:29,6368.85,6395.0,-0.0458,77568.0
23:25:29,6368.85,6400.0,-0.0,156396.0
23:25:29,6368.85,6405.0,-0.0091,64160.0
23:25:29,6368.85,6410.0,-0.0,88341.0
23:25:29,6368.85,6415.0,-0.0,84474.0
23:25:29,6368.85,6420.0,-0.0,99982.0
23:25:29,6368.85,6425.0,-0.0,85805.0
23:25:29,6368.85,6430.0,-0.0,86329.0
23:25:29,6368.85,6435.0,-0.0,57303.0
23:25:29,6368.85,6440.0,-0.0,66322.0
23:27:38,6368.85,6295.0,-0.0,7959.0
23:27:38,6368.85,6300.0,-0.0,24062.0
23:27:38,6368.85,6305.0,-0.0,11891.0
23:27:38,6368.85,6310.0,-0.0,16192.0
23:27:38,6368.85,6315.0,-0.0,17326.0
23:27:38,6368.85,6320.0,-0.0,24507.0
23:27:38,6368.85,6325.0,-0.0,27411.0
23:27:38,6368.85,6330.0,-0.0,36890.0
23:27:38,6368.85,6335.0,-0.0,46020.0
23:27:38,6368.85,6340.0,-0.0,58965.0
23:27:38,6368.85,6345.0,-17.8935,62257.0
23:27:38,6368.85,6350.0,-1749.0725,112188.0
23:27:38,6368.85,6355.0,-1087.2699,75758.0
23:27:38,6368.85,6360.0,-2387.6195,108727.0
23:27:38,6368.85,6365.0,-16.6569,118601.0
23:27:38,6368.85,6370.0,-12302.4708,127701.0
23:27:38,6368.85,6375.0,-0.0048,139074.0
23:27:38,6368.85,6380.0,-0.0,139428.0
23:27:38,6368.85,6385.0,-0.0,97842.0
23:27:38,6368.85,6390.0,-0.3614,104885.0
23:27:38,6368.85,6395.0,-0.0458,77568.0
23:27:38,6368.85,6400.0,-0.0,156396.0
23:27:38,6368.85,6405.0,-0.0091,64160.0
23:27:38,6368.85,6410.0,-0.0,88341.0
23:27:38,6368.85,6415.0,-0.0,84474.0
23:27:38,6368.85,6420.0,-0.0,99982.0
23:27:38,6368.85,6425.0,-0.0,85805.0
23:27:38,6368.85,6430.0,-0.0,86329.0
23:27:38,6368.85,6435.0,-0.0,57303.0
23:27:38,6368.85,6440.0,-0.0,66322.0
23:29:48,6368.85,6295.0,-0.0,7959.0
23:29:48,6368.85,6300.0,-0.0,24062.0
23:29:48,6368.85,6305.0,-0.0,11891.0
23:29:48,6368.85,6310.0,-0.0,16192.0
23:29:48,6368.85,6315.0,-0.0,17326.0
23:29:48,6368.85,6320.0,-0.0,24507.0
23:29:48,6368.85,6325.0,-0.0,27411.0
23:29:48,6368.85,6330.0,-0.0,36890.0
23:29:48,6368.85,6335.0,-0.0,46020.0
23:29:48,6368.85,6340.0,-0.0,58965.0
23:29:48,6368.85,6345.0,-17.8935,62257.0
23:29:48,6368.85,6350.0,-1749.0725,112188.0
23:29:48,6368.85,6355.0,-1087.2699,75758.0
23:29:48,6368.85,6360.0,-2387.6195,108727.0
23:29:48,6368.85,6365.0,-16.6569,118601.0
23:29:48,6368.85,6370.0,-12302.4708,127701.0
23:29:48,6368.85,6375.0,-0.0048,139074.0
23:29:48,6368.85,6380.0,-0.0,139428.0
23:29:48,6368.85,6385.0,-0.0,97842.0
23:29:48,6368.85,6390.0,-0.3614,104885.0
23:29:48,6368.85,6395.0,-0.0458,77568.0
23:29:48,6368.85,6400.0,-0.0,156396.0
23:29:48,6368.85,6405.0,-0.0091,64160.0
23:29:48,6368.85,6410.0,-0.0,88341.0
23:29:48,6368.85,6415.0,-0.0,84474.0
23:29:48,6368.85,6420.0,-0.0,99982.0
23:29:48,6368.85,6425.0,-0.0,85805.0
23:29:48,6368.85,6430.0,-0.0,86329.0
23:29:48,6368.85,6435.0,-0.0,57303.0
23:29:48,6368.85,6440.0,-0.0,66322.0
23:35:58,6368.85,6295.0,-0.0,7959.0
23:35:58,6368.85,6300.0,-0.0,24062.0
23:35:58,6368.85,6305.0,-0.0,11891.0
23:35:58,6368.85,6310.0,-0.0,16192.0
23:35:58,6368.85,6315.0,-0.0,17326.0
23:35:58,6368.85,6320.0,-0.0,24507.0
23:35:58,6368.85,6325.0,-0.0,27411.0
23:35:58,6368.85,6330.0,-0.0,36890.0
23:35:58,6368.85,6335.0,-0.0,46020.0
23:35:58,6368.85,6340.0,-0.0,58965.0
23:35:58,6368.85,6345.0,-17.8935,62257.0
23:35:58,6368.85,6350.0,-1749.0725,112188.0
23:35:58,6368.85,6355.0,-1087.2699,75758.0
23:35:58,6368.85,6360.0,-2387.6195,108727.0
23:35:58,6368.85,6365.0,-16.6569,118601.0
23:35:58,6368.85,6370.0,-12302.4708,127701.0
23:35:58,6368.85,6375.0,-0.0048,139074.0
23:35:58,6368.85,6380.0,-0.0,139428.0
23:35:58,6368.85,6385.0,-0.0,97842.0
23:35:58,6368.85,6390.0,-0.3614,104885.0
23:35:58,6368.85,6395.0,-0.0458,77568.0
23:35:58,6368.85,6400.0,-0.0,156395.0
23:35:58,6368.85,6405.0,-0.0091,64160.0
23:35:58,6368.85,6410.0,-0.0,88341.0
23:35:58,6368.85,6415.0,-0.0,84474.0
23:35:58,6368.85,6420.0,-0.0,99982.0
23:35:58,6368.85,6425.0,-0.0,85805.0
23:35:58,6368.85,6430.0,-0.0,86329.0
23:35:58,6368.85,6435.0,-0.0,57303.0
23:35:58,6368.85,6440.0,-0.0,66322.0
23:43:22,6368.85,6295.0,-0.0,7959.0
23:43:22,6368.85,6300.0,-0.0,24062.0
23:43:22,6368.85,6305.0,-0.0,11891.0
23:43:22,6368.85,6310.0,-0.0,16192.0
23:43:22,6368.85,6315.0,-0.0,17326.0
23:43:22,6368.85,6320.0,-0.0,24507.0
23:43:22,6368.85,6325.0,-0.0,27411.0
23:43:22,6368.85,6330.0,-0.0,36890.0
23:43:22,6368.85,6335.0,-0.0,46020.0
23:43:22,6368.85,6340.0,-0.0,58965.0
23:43:22,6368.85,6345.0,-17.8935,62257.0
23:43:22,6368.85,6350.0,-1749.0725,112188.0
23:43:22,6368.85,6355.0,-1087.2699,75758.0
23:43:22,6368.85,6360.0,-2387.6195,108727.0
23:43:22,6368.85,6365.0,-16.6569,118601.0
23:43:22,6368.85,6370.0,-12302.4708,127701.0
23:43:22,6368.85,6375.0,-0.0048,139074.0
23:43:22,6368.85,6380.0,-0.0,139428.0
23:43:22,6368.85,6385.0,-0.0,97842.0
23:43:22,6368.85,6390.0,-0.3614,104884.0
23:43:22,6368.85,6395.0,-0.0458,77568.0
23:43:22,6368.85,6400.0,-0.0,156395.0
23:43:22,6368.85,6405.0,-0.0091,64160.0
23:43:22,6368.85,6410.0,-0.0,88341.0
23:43:22,6368.85,6415.0,-0.0,84473.0
23:43:22,6368.85,6420.0,-0.0,99981.0
23:43:22,6368.85,6425.0,-0.0,85795.0
23:43:22,6368.85,6430.0,-0.0,86327.0
23:43:22,6368.85,6435.0,-0.0,57303.0
23:43:22,6368.85,6440.0,-0.0,66322.0
23:57:02,6368.85,6295.0,-0.0,7959.0
23:57:02,6368.85,6300.0,-0.0,24062.0
23:57:02,6368.85,6305.0,-0.0,11891.0
23:57:02,6368.85,6310.0,-0.0,16190.0
23:57:02,6368.85,6315.0,-0.0,17325.0
23:57:02,6368.85,6320.0,-0.0,24507.0
23:57:02,6368.85,6325.0,-0.0,27411.0
23:57:02,6368.85,6330.0,-0.0,36890.0
23:57:02,6368.85,6335.0,-0.0,46020.0
23:57:02,6368.85,6340.0,-0.0,58965.0
23:57:02,6368.85,6345.0,-17.8935,62257.0
23:57:02,6368.85,6350.0,-1749.0725,112188.0
23:57:02,6368.85,6355.0,-1087.2699,75758.0
23:57:02,6368.85,6360.0,-2387.6195,108727.0
23:57:02,6368.85,6365.0,-16.6569,118601.0
23:57:02,6368.85,6370.0,-12302.4708,127701.0
23:57:02,6368.85,6375.0,-0.0048,139074.0
23:57:02,6368.85,6380.0,-0.0,139428.0
23:57:02,6368.85,6385.0,-0.0,97842.0
23:57:02,6368.85,6390.0,-0.3614,104884.0
23:57:02,6368.85,6395.0,-0.0458,77568.0
23:57:02,6368.85,6400.0,-0.0,156395.0
23:57:02,6368.85,6405.0,-0.0091,64160.0
23:57:02,6368.85,6410.0,-0.0,88341.0
23:57:02,6368.85,6415.0,-0.0,84473.0
23:57:02,6368.85,6420.0,-0.0,99981.0
23:57:02,6368.85,6425.0,-0.0,85795.0
23:57:02,6368.85,6430.0,-0.0,86327.0
23:57:02,6368.85,6435.0,-0.0,57303.0
23:57:02,6368.85,6440.0,-0.0,66322.0
