Timestamp,Spot,Strike,NetGEX,Volume
14:58:52,7209.01,1600.0,0.0,1.0
14:58:52,7209.01,2400.0,0.0,1.0
14:58:52,7209.01,4800.0,0.0,1.0
14:58:52,7209.01,6075.0,-0.0,3.0
14:58:52,7209.01,6720.0,-0.0,3.0
14:58:52,7209.01,6725.0,0.0,1.0
14:58:52,7209.01,6735.0,0.0,2.0
14:58:52,7209.01,6750.0,0.0,12.0
14:58:52,7209.01,6770.0,0.0,15.0
14:58:52,7209.01,6780.0,0.0,2.0
14:58:52,7209.01,6835.0,0.0,7.0
14:58:52,7209.01,6850.0,-0.0498,121.0
14:58:52,7209.01,6855.0,0.0,23.0
14:58:52,7209.01,6860.0,-0.0,2.0
14:58:52,7209.01,6865.0,0.0,25.0
14:58:52,7209.01,6870.0,-0.0,101.0
14:58:52,7209.01,6875.0,-0.0,4.0
14:58:52,7209.01,6880.0,-0.0,3.0
14:58:52,7209.01,6885.0,0.0,2.0
14:58:52,7209.01,6890.0,-0.0,502.0
14:58:52,7209.01,6895.0,-0.0,1.0
14:58:52,7209.01,6900.0,-0.0,552.0
14:58:52,7209.01,6910.0,0.0,72.0
14:58:52,7209.01,6920.0,0.0,1.0
14:58:52,7209.01,6925.0,0.0,1.0
14:58:52,7209.01,6930.0,-0.0,5.0
14:58:52,7209.01,6935.0,-0.0,5.0
14:58:52,7209.01,6940.0,-0.0,11.0
14:58:52,7209.01,6955.0,-0.0,1.0
14:58:52,7209.01,6960.0,-0.0,6.0
14:58:52,7209.01,6965.0,-0.0,51.0
14:58:52,7209.01,6970.0,-0.0,10.0
14:58:52,7209.01,6980.0,-0.0,52.0
14:58:52,7209.01,6985.0,-0.0,61.0
14:58:52,7209.01,6990.0,-0.0,18.0
14:58:52,7209.01,6995.0,-0.0,21.0
14:58:52,7209.01,7000.0,0.0,1.0
14:58:52,7209.01,7005.0,-0.0001,20.0
14:58:52,7209.01,7010.0,-0.0004,26.0
14:58:52,7209.01,7015.0,-0.0006,14.0
14:58:52,7209.01,7020.0,-0.0013,52.0
14:58:52,7209.01,7025.0,0.0024,0.0
14:58:52,7209.01,7030.0,-0.0065,160.0
14:58:52,7209.01,7035.0,-0.0149,66.0
14:58:52,7209.01,7040.0,-0.0117,33.0
14:58:52,7209.01,7045.0,-15.2463,73.0
14:58:52,7209.01,7055.0,-28.9639,118.0
14:58:52,7209.01,7060.0,-0.2148,133.0
14:58:52,7209.01,7065.0,-35.7252,51.0
14:58:52,7209.01,7070.0,-33.3735,191.0
14:58:52,7209.01,7080.0,-2.2661,233.0
14:58:52,7209.01,7085.0,-24.7727,123.0
14:58:52,7209.01,7090.0,-3.857,140.0
14:58:52,7209.01,7095.0,-55.901,206.0
14:58:52,7209.01,7100.0,0.1132,18.0
14:58:52,7209.01,7105.0,-12.1907,134.0
14:58:52,7209.01,7110.0,-14.1835,508.0
14:58:52,7209.01,7115.0,-30.0339,122.0
14:58:52,7209.01,7120.0,-52.339,467.0
14:58:52,7209.01,7125.0,-89.8598,450.0
14:58:52,7209.01,7130.0,-104.8122,804.0
14:58:52,7209.01,7135.0,-66.2483,380.0
14:58:52,7209.01,7140.0,-146.7746,1525.0
14:58:52,7209.01,7145.0,-107.4387,361.0
14:58:52,7209.01,7150.0,0.605,4.0
14:58:52,7209.01,7155.0,-124.2723,685.0
14:58:52,7209.01,7160.0,-319.0884,795.0
14:58:52,7209.01,7165.0,446.2565,14.0
14:58:52,7209.01,7170.0,471.4797,875.0
14:58:52,7209.01,7175.0,669.281,1206.0
14:58:52,7209.01,7180.0,488.5647,888.0
14:58:52,7209.01,7185.0,390.2948,21.0
14:58:52,7209.01,7190.0,27.4737,1207.0
14:58:52,7209.01,7195.0,426.7721,88.0
14:58:52,7209.01,7200.0,5402.4006,402.0
14:58:52,7209.01,7205.0,765.034,196.0
14:58:52,7209.01,7210.0,566.8135,1560.0
14:58:52,7209.01,7215.0,1138.5189,305.0
14:58:52,7209.01,7220.0,1023.2212,1508.0
14:58:52,7209.01,7225.0,1018.7277,1842.0
14:58:52,7209.01,7230.0,1398.0338,1860.0
14:58:52,7209.01,7240.0,881.8832,1875.0
14:58:52,7209.01,7250.0,1206.7042,2237.0
14:58:52,7209.01,7260.0,525.1871,2416.0
14:58:52,7209.01,7270.0,371.655,1530.0
14:58:52,7209.01,7275.0,879.0149,1481.0
14:58:52,7209.01,7280.0,1740.6149,1491.0
14:58:52,7209.01,7290.0,683.3477,899.0
14:58:52,7209.01,7300.0,655.327,2071.0
14:58:52,7209.01,7310.0,126.9173,596.0
14:58:52,7209.01,7320.0,73.2778,603.0
14:58:52,7209.01,7325.0,8.5339,71.0
14:58:52,7209.01,7330.0,51.1533,770.0
14:58:52,7209.01,7340.0,698.1667,252.0
14:58:52,7209.01,7350.0,242.7347,184.0
14:58:52,7209.01,7360.0,0.3682,263.0
14:58:52,7209.01,7370.0,0.0725,40.0
14:58:52,7209.01,7375.0,0.2046,35.0
14:58:52,7209.01,7380.0,0.0197,10.0
14:58:52,7209.01,7390.0,0.0062,1.0
14:58:52,7209.01,7400.0,19.458,115.0
14:58:52,7209.01,7425.0,0.0001,3.0
14:58:52,7209.01,7450.0,0.9371,35.0
14:58:52,7209.01,7475.0,0.0,128.0
15:00:23,7209.01,1600.0,0.0,1.0
15:00:23,7209.01,2400.0,-0.0,1.0
15:00:23,7209.01,4800.0,0.0,1.0
15:00:23,7209.01,6075.0,0.0,3.0
15:00:23,7209.01,6720.0,0.0,3.0
15:00:23,7209.01,6725.0,0.0,1.0
15:00:23,7209.01,6735.0,-0.0,2.0
15:00:23,7209.01,6750.0,-0.0,12.0
15:00:23,7209.01,6770.0,-0.0,15.0
15:00:23,7209.01,6780.0,-0.0,2.0
15:00:23,7209.01,6800.0,-0.0014,0.0
15:00:23,7209.01,6805.0,-0.0002,0.0
15:00:23,7209.01,6810.0,-0.0004,0.0
15:00:23,7209.01,6815.0,-0.0004,0.0
15:00:23,7209.01,6820.0,0.0001,0.0
15:00:23,7209.01,6830.0,-0.0009,0.0
15:00:23,7209.01,6835.0,-0.0024,7.0
15:00:23,7209.01,6840.0,-0.0039,0.0
15:00:23,7209.01,6850.0,-0.0498,121.0
15:00:23,7209.01,6855.0,-0.0,23.0
15:00:23,7209.01,6860.0,-0.0754,2.0
15:00:23,7209.01,6865.0,-0.0,25.0
15:00:23,7209.01,6870.0,0.0083,101.0
15:00:23,7209.01,6875.0,-0.2454,4.0
15:00:23,7209.01,6880.0,-0.031,3.0
15:00:23,7209.01,6885.0,-0.0,2.0
15:00:23,7209.01,6890.0,-0.0,502.0
15:00:23,7209.01,6895.0,-0.2679,1.0
15:00:23,7209.01,6900.0,0.45,552.0
15:00:23,7209.01,6905.0,-0.4392,0.0
15:00:23,7209.01,6910.0,0.0,72.0
15:00:23,7209.01,6915.0,-0.7303,0.0
15:00:23,7209.01,6920.0,-2.7604,1.0
15:00:23,7209.01,6925.0,0.7593,10.0
15:00:23,7209.01,6930.0,-1.2203,5.0
15:00:23,7209.01,6935.0,-1.0585,5.0
15:00:23,7209.01,6940.0,-1.8582,11.0
15:00:23,7209.01,6950.0,4.8698,9.0
15:00:23,7209.01,6955.0,0.1237,1.0
15:00:23,7209.01,6960.0,-0.0,6.0
15:00:23,7209.01,6965.0,-3.9258,51.0
15:00:23,7209.01,6970.0,-0.0,10.0
15:00:23,7209.01,6975.0,-0.0,22.0
15:00:23,7209.01,6980.0,-9.0135,52.0
15:00:23,7209.01,6985.0,-36.8543,61.0
15:00:23,7209.01,6990.0,0.8728,18.0
15:00:23,7209.01,6995.0,-7.1941,21.0
15:00:23,7209.01,7000.0,-0.0001,271.0
15:00:23,7209.01,7005.0,-10.756,20.0
15:00:23,7209.01,7010.0,2.1511,26.0
15:00:23,7209.01,7015.0,0.7042,14.0
15:00:23,7209.01,7020.0,2.207,52.0
15:00:23,7209.01,7025.0,-0.0008,65.0
15:00:23,7209.01,7030.0,3.8315,160.0
15:00:23,7209.01,7035.0,1.1721,66.0
15:00:23,7209.01,7040.0,2.7641,33.0
15:00:23,7209.01,7045.0,-11.8516,73.0
15:00:23,7209.01,7050.0,28.7069,263.0
15:00:23,7209.01,7055.0,-28.9646,118.0
15:00:23,7209.01,7060.0,-0.2069,133.0
15:00:23,7209.01,7065.0,-35.7261,51.0
15:00:23,7209.01,7070.0,-33.3769,191.0
15:00:23,7209.01,7075.0,38.064,356.0
15:00:23,7209.01,7080.0,-2.2047,233.0
15:00:23,7209.01,7085.0,-24.7784,124.0
15:00:23,7209.01,7090.0,-3.7693,140.0
15:00:23,7209.01,7095.0,-55.9187,206.0
15:00:23,7209.01,7100.0,-13.2724,598.0
15:00:23,7209.01,7105.0,-10.703,134.0
15:00:23,7209.01,7110.0,-13.9704,508.0
15:00:23,7209.01,7115.0,-32.0626,122.0
15:00:23,7209.01,7120.0,-93.3441,467.0
15:00:23,7209.01,7125.0,5.3841,450.0
15:00:23,7209.01,7130.0,-130.3376,804.0
15:00:23,7209.01,7135.0,-71.9568,380.0
15:00:23,7209.01,7140.0,-135.2087,1525.0
15:00:23,7209.01,7145.0,-75.666,361.0
15:00:23,7209.01,7150.0,-231.447,1129.0
15:00:23,7209.01,7155.0,-54.057,685.0
15:00:23,7209.01,7160.0,-127.9779,805.0
15:00:23,7209.01,7165.0,-31.8258,725.0
15:00:23,7209.01,7170.0,319.0194,875.0
15:00:23,7209.01,7175.0,188.1945,1207.0
15:00:23,7209.01,7180.0,541.7986,888.0
15:00:23,7209.01,7185.0,-237.3067,848.0
15:00:23,7209.01,7190.0,91.4871,1231.0
15:00:23,7209.01,7195.0,25.5738,1269.0
15:00:23,7209.01,7200.0,4215.7079,2825.0
15:00:23,7209.01,7205.0,187.7543,1024.0
15:00:23,7209.01,7210.0,673.4863,1573.0
15:00:23,7209.01,7215.0,663.9039,928.0
15:00:23,7209.01,7220.0,1022.4928,1513.0
15:00:23,7209.01,7225.0,1154.1689,1843.0
15:00:23,7209.01,7230.0,1400.4421,1867.0
15:00:23,7209.01,7235.0,626.144,1703.0
15:00:23,7209.01,7240.0,1391.9562,2078.0
15:00:23,7209.01,7245.0,1660.5546,1422.0
15:00:23,7209.01,7250.0,3461.3781,2520.0
15:00:23,7209.01,7255.0,783.3478,2003.0
15:00:23,7209.01,7260.0,523.9886,2476.0
15:00:23,7209.01,7265.0,360.9409,1439.0
15:00:23,7209.01,7270.0,799.8903,1571.0
15:00:23,7209.01,7275.0,1985.7618,1485.0
15:00:23,7209.01,7280.0,1729.6118,1497.0
15:00:23,7209.01,7285.0,536.034,685.0
15:00:23,7209.01,7290.0,679.1488,902.0
15:00:23,7209.01,7295.0,55.7528,647.0
15:00:23,7209.01,7300.0,586.6132,2236.0
15:00:23,7209.01,7305.0,41.8946,264.0
15:00:23,7209.01,7310.0,125.0332,596.0
15:00:23,7209.01,7315.0,11.4101,143.0
15:00:23,7209.01,7320.0,69.4719,603.0
15:00:23,7209.01,7325.0,7.9396,71.0
15:00:23,7209.01,7330.0,48.094,770.0
15:00:23,7209.01,7335.0,0.9601,34.0
15:00:23,7209.01,7340.0,665.9709,252.0
15:00:23,7209.01,7345.0,0.3007,40.0
15:00:23,7209.01,7350.0,231.8665,184.0
15:00:23,7209.01,7355.0,0.3404,5.0
15:00:23,7209.01,7360.0,36.4821,263.0
15:00:23,7209.01,7365.0,0.0212,105.0
15:00:23,7209.01,7370.0,0.0695,40.0
15:00:23,7209.01,7375.0,82.8147,35.0
15:00:23,7209.01,7380.0,0.0083,10.0
15:00:23,7209.01,7385.0,0.0038,22.0
15:00:23,7209.01,7390.0,0.0059,1.0
15:00:23,7209.01,7400.0,19.4579,115.0
15:00:23,7209.01,7410.0,0.0002,87.0
15:00:23,7209.01,7415.0,0.0,2.0
15:00:23,7209.01,7420.0,0.0001,4.0
15:00:23,7209.01,7425.0,0.0001,3.0
15:00:23,7209.01,7430.0,0.0,34.0
15:00:23,7209.01,7440.0,0.0,10.0
15:00:23,7209.01,7450.0,0.9371,35.0
15:00:23,7209.01,7460.0,0.0,26.0
15:00:23,7209.01,7470.0,0.0,1.0
15:00:23,7209.01,7475.0,-0.0022,128.0
15:00:23,7209.01,9200.0,0.0,1.0
15:02:52,7209.01,1600.0,0.0,1.0
15:02:52,7209.01,2400.0,-0.0,1.0
15:02:52,7209.01,4800.0,0.0,1.0
15:02:52,7209.01,6075.0,-0.0,3.0
15:02:52,7209.01,6720.0,-0.0,3.0
15:02:52,7209.01,6725.0,0.0,1.0
15:02:52,7209.01,6735.0,-0.0,2.0
15:02:52,7209.01,6750.0,-0.0,12.0
15:02:52,7209.01,6770.0,-0.0,15.0
15:02:52,7209.01,6780.0,-0.0,2.0
15:02:52,7209.01,6800.0,-0.0013,0.0
15:02:52,7209.01,6805.0,-0.0002,0.0
15:02:52,7209.01,6810.0,-0.0004,0.0
15:02:52,7209.01,6815.0,-0.0004,0.0
15:02:52,7209.01,6820.0,0.0001,0.0
15:02:52,7209.01,6825.0,0.0005,0.0
15:02:52,7209.01,6830.0,-0.0007,0.0
15:02:52,7209.01,6835.0,-0.0024,7.0
15:02:52,7209.01,6840.0,-0.003,0.0
15:02:52,7209.01,6845.0,-0.0025,0.0
15:02:52,7209.01,6850.0,-0.0433,121.0
15:02:52,7209.01,6855.0,-0.0062,23.0
15:02:52,7209.01,6860.0,-0.0755,2.0
15:02:52,7209.01,6865.0,-0.0169,25.0
15:02:52,7209.01,6870.0,0.008,101.0
15:02:52,7209.01,6875.0,-0.2416,4.0
15:02:52,7209.01,6880.0,-0.0317,3.0
15:02:52,7209.01,6885.0,-0.3392,2.0
15:02:52,7209.01,6890.0,-0.0,502.0
15:02:52,7209.01,6895.0,-0.2683,1.0
15:02:52,7209.01,6900.0,0.4475,552.0
15:02:52,7209.01,6905.0,-0.4401,0.0
15:02:52,7209.01,6910.0,0.0,72.0
15:02:52,7209.01,6915.0,-0.7325,0.0
15:02:52,7209.01,6920.0,-2.7604,1.0
15:02:52,7209.01,6925.0,0.7465,10.0
15:02:52,7209.01,6930.0,-1.1715,5.0
15:02:52,7209.01,6935.0,-1.0641,5.0
15:02:52,7209.01,6940.0,-1.7882,11.0
15:02:52,7209.01,6950.0,-11.5359,9.0
15:02:52,7209.01,6955.0,0.1237,1.0
15:02:52,7209.01,6960.0,-15.0628,6.0
15:02:52,7209.01,6965.0,-3.9258,51.0
15:02:52,7209.01,6970.0,-0.0,10.0
15:02:52,7209.01,6975.0,5.8091,22.0
15:02:52,7209.01,6980.0,-9.0135,52.0
15:02:52,7209.01,6985.0,-36.8543,61.0
15:02:52,7209.01,6990.0,0.8728,18.0
15:02:52,7209.01,6995.0,-7.02,21.0
15:02:52,7209.01,7000.0,-19.5324,272.0
15:02:52,7209.01,7005.0,-10.4456,20.0
15:02:52,7209.01,7010.0,2.1511,26.0
15:02:52,7209.01,7015.0,-15.5422,14.0
15:02:52,7209.01,7020.0,-16.4449,52.0
15:02:52,7209.01,7025.0,17.2156,65.0
15:02:52,7209.01,7030.0,3.6526,160.0
15:02:52,7209.01,7035.0,-30.3812,66.0
15:02:52,7209.01,7040.0,2.6195,33.0
15:02:52,7209.01,7045.0,-11.6048,73.0
15:02:52,7209.01,7050.0,-48.0015,272.0
15:02:52,7209.01,7055.0,-24.9825,118.0
15:02:52,7209.01,7060.0,-31.568,133.0
15:02:52,7209.01,7065.0,-33.0074,51.0
15:02:52,7209.01,7070.0,-28.4131,191.0
15:02:52,7209.01,7075.0,-24.4696,356.0
15:02:52,7209.01,7080.0,-56.0204,233.0
15:02:52,7209.01,7085.0,-21.7112,124.0
15:02:52,7209.01,7090.0,-39.1247,140.0
15:02:52,7209.01,7095.0,-56.5509,207.0
15:02:52,7209.01,7100.0,-67.6746,598.0
15:02:52,7209.01,7105.0,-10.703,134.0
15:02:52,7209.01,7110.0,-46.1281,508.0
15:02:52,7209.01,7115.0,-32.0626,122.0
15:02:52,7209.01,7120.0,-93.3441,467.0
15:02:52,7209.01,7125.0,6.2976,451.0
15:02:52,7209.01,7130.0,-130.3376,804.0
15:02:52,7209.01,7135.0,-71.9568,380.0
15:02:52,7209.01,7140.0,-136.7974,1525.0
15:02:52,7209.01,7145.0,-75.666,362.0
15:02:52,7209.01,7150.0,24.9206,1134.0
15:02:52,7209.01,7155.0,-57.1181,686.0
15:02:52,7209.01,7160.0,-119.3808,805.0
15:02:52,7209.01,7165.0,133.9234,726.0
15:02:52,7209.01,7170.0,320.096,875.0
15:02:52,7209.01,7175.0,188.5468,1210.0
15:02:52,7209.01,7180.0,556.4522,897.0
15:02:52,7209.01,7185.0,-253.0996,851.0
15:02:52,7209.01,7190.0,100.1573,1236.0
15:02:52,7209.01,7195.0,25.054,1269.0
15:02:52,7209.01,7200.0,3926.3855,2832.0
15:02:52,7209.01,7205.0,186.8159,1028.0
15:02:52,7209.01,7210.0,689.4677,1577.0
15:02:52,7209.01,7215.0,622.4843,928.0
15:02:52,7209.01,7220.0,1026.4113,1520.0
15:02:52,7209.01,7225.0,1142.9863,1844.0
15:02:52,7209.01,7230.0,1768.3221,1922.0
15:02:52,7209.01,7235.0,848.4776,1706.0
15:02:52,7209.01,7240.0,1389.7197,2085.0
15:02:52,7209.01,7245.0,2705.1987,1426.0
15:02:52,7209.01,7250.0,3364.6225,2537.0
15:02:52,7209.01,7255.0,768.6585,2016.0
15:02:52,7209.01,7260.0,1065.9054,2510.0
15:02:52,7209.01,7265.0,359.8065,1456.0
15:02:52,7209.01,7270.0,799.8566,1583.0
15:02:52,7209.01,7275.0,1914.3691,1498.0
15:02:52,7209.01,7280.0,3657.5399,1501.0
15:02:52,7209.01,7285.0,1257.3769,700.0
15:02:52,7209.01,7290.0,670.4419,905.0
15:02:52,7209.01,7295.0,141.3756,647.0
15:02:52,7209.01,7300.0,579.6707,2236.0
15:02:52,7209.01,7305.0,127.9448,265.0
15:02:52,7209.01,7310.0,439.7157,596.0
15:02:52,7209.01,7315.0,51.9336,143.0
15:02:52,7209.01,7320.0,69.4719,603.0
15:02:52,7209.01,7325.0,64.4287,71.0
15:02:52,7209.01,7330.0,51.8037,770.0
15:02:52,7209.01,7335.0,13.6864,34.0
15:02:52,7209.01,7340.0,688.4673,252.0
15:02:52,7209.01,7345.0,9.0296,40.0
15:02:52,7209.01,7350.0,243.7505,184.0
15:02:52,7209.01,7355.0,23.6387,5.0
15:02:52,7209.01,7360.0,36.4821,263.0
15:02:52,7209.01,7365.0,0.006,105.0
15:02:52,7209.01,7370.0,0.0666,40.0
15:02:52,7209.01,7375.0,82.8147,35.0
15:02:52,7209.01,7380.0,0.0074,10.0
15:02:52,7209.01,7385.0,0.0036,22.0
15:02:52,7209.01,7390.0,0.0056,1.0
15:02:52,7209.01,7400.0,18.7827,115.0
15:02:52,7209.01,7410.0,0.0002,87.0
15:02:52,7209.01,7415.0,0.0,2.0
15:02:52,7209.01,7420.0,0.0001,4.0
15:02:52,7209.01,7425.0,0.0001,3.0
15:02:52,7209.01,7430.0,0.0,34.0
15:02:52,7209.01,7440.0,0.4223,10.0
15:02:52,7209.01,7450.0,0.952,35.0
15:02:52,7209.01,7460.0,0.2143,26.0
15:02:52,7209.01,7470.0,0.2615,1.0
15:02:52,7209.01,7475.0,0.2758,128.0
15:02:52,7209.01,7480.0,0.0313,0.0
15:02:52,7209.01,7500.0,-0.0003,0.0
15:02:52,7209.01,9200.0,0.0,1.0
15:05:21,7209.01,1600.0,0.0,1.0
15:05:21,7209.01,2400.0,-0.0,1.0
15:05:21,7209.01,4800.0,0.0,1.0
15:05:21,7209.01,6075.0,-0.0,3.0
15:05:21,7209.01,6720.0,-0.0,3.0
15:05:21,7209.01,6725.0,-0.0,1.0
15:05:21,7209.01,6735.0,-0.0,2.0
15:05:21,7209.01,6750.0,-0.0,12.0
15:05:21,7209.01,6770.0,-0.0,15.0
15:05:21,7209.01,6780.0,-0.0,2.0
15:05:21,7209.01,6800.0,-0.0013,0.0
15:05:21,7209.01,6805.0,-0.0002,0.0
15:05:21,7209.01,6810.0,-0.0004,0.0
15:05:21,7209.01,6815.0,-0.0003,0.0
15:05:21,7209.01,6820.0,0.0001,0.0
15:05:21,7209.01,6825.0,0.0004,0.0
15:05:21,7209.01,6830.0,-0.0007,0.0
15:05:21,7209.01,6835.0,-0.0021,7.0
15:05:21,7209.01,6840.0,-0.0031,0.0
15:05:21,7209.01,6845.0,-0.0024,0.0
15:05:21,7209.01,6850.0,-0.0435,121.0
15:05:21,7209.01,6855.0,-0.006,23.0
15:05:21,7209.01,6860.0,-0.0756,2.0
15:05:21,7209.01,6865.0,-0.0158,25.0
15:05:21,7209.01,6870.0,0.0078,101.0
15:05:21,7209.01,6875.0,-0.2421,4.0
15:05:21,7209.01,6880.0,-0.032,3.0
15:05:21,7209.01,6885.0,-0.3305,2.0
15:05:21,7209.01,6890.0,0.0502,502.0
15:05:21,7209.01,6895.0,-0.2504,1.0
15:05:21,7209.01,6900.0,0.442,552.0
15:05:21,7209.01,6905.0,-0.4144,0.0
15:05:21,7209.01,6910.0,0.0,72.0
15:05:21,7209.01,6915.0,-0.6921,0.0
15:05:21,7209.01,6920.0,-2.6298,1.0
15:05:21,7209.01,6925.0,0.7453,10.0
15:05:21,7209.01,6930.0,-1.1715,5.0
15:05:21,7209.01,6935.0,-1.0114,5.0
15:05:21,7209.01,6940.0,-1.7882,11.0
15:05:21,7209.01,6945.0,0.1881,0.0
15:05:21,7209.01,6950.0,-11.5338,9.0
15:05:21,7209.01,6955.0,-1.5404,1.0
15:05:21,7209.01,6960.0,-14.5514,6.0
15:05:21,7209.01,6965.0,-3.9031,51.0
15:05:21,7209.01,6970.0,-6.9511,10.0
15:05:21,7209.01,6975.0,5.5714,22.0
15:05:21,7209.01,6980.0,-9.0832,52.0
15:05:21,7209.01,6985.0,-36.2467,61.0
15:05:21,7209.01,6990.0,-4.8787,18.0
15:05:21,7209.01,6995.0,-7.0456,21.0
15:05:21,7209.01,7000.0,-20.7026,272.0
15:05:21,7209.01,7005.0,-10.4656,20.0
15:05:21,7209.01,7010.0,-18.1732,26.0
15:05:21,7209.01,7015.0,-15.3489,14.0
15:05:21,7209.01,7020.0,-16.4449,52.0
15:05:21,7209.01,7025.0,15.8377,65.0
15:05:21,7209.01,7030.0,-19.5717,160.0
15:05:21,7209.01,7035.0,-30.4068,66.0
15:05:21,7209.01,7040.0,-12.4895,33.0
15:05:21,7209.01,7045.0,-11.6437,73.0
15:05:21,7209.01,7050.0,-48.8013,272.0
15:05:21,7209.01,7055.0,-24.9196,118.0
15:05:21,7209.01,7060.0,-30.7883,133.0
15:05:21,7209.01,7065.0,-32.9587,51.0
15:05:21,7209.01,7070.0,-27.7507,191.0
15:05:21,7209.01,7075.0,-27.3543,356.0
15:05:21,7209.01,7080.0,-54.6533,233.0
15:05:21,7209.01,7085.0,-21.656,124.0
15:05:21,7209.01,7090.0,-38.6954,140.0
15:05:21,7209.01,7095.0,-51.0308,207.0
15:05:21,7209.01,7100.0,-72.144,598.0
15:05:21,7209.01,7105.0,-12.4724,134.0
15:05:21,7209.01,7110.0,-46.1281,513.0
15:05:21,7209.01,7115.0,-32.7919,122.0
15:05:21,7209.01,7120.0,-96.3793,467.0
15:05:21,7209.01,7125.0,-43.7567,452.0
15:05:21,7209.01,7130.0,-130.9601,804.0
15:05:21,7209.01,7135.0,-72.2189,380.0
15:05:21,7209.01,7140.0,-135.9059,1525.0
15:05:21,7209.01,7145.0,-75.6373,368.0
15:05:21,7209.01,7150.0,-6.4258,1139.0
15:05:21,7209.01,7155.0,-54.1305,686.0
15:05:21,7209.01,7160.0,-193.6501,806.0
15:05:21,7209.01,7165.0,133.3781,728.0
15:05:21,7209.01,7170.0,12.1409,876.0
15:05:21,7209.01,7175.0,-272.8613,1210.0
15:05:21,7209.01,7180.0,198.4276,918.0
15:05:21,7209.01,7185.0,-244.1905,854.0
15:05:21,7209.01,7190.0,88.1243,1237.0
15:05:21,7209.01,7195.0,107.4999,1289.0
15:05:21,7209.01,7200.0,3688.2203,2836.0
15:05:21,7209.01,7205.0,270.0861,1031.0
15:05:21,7209.01,7210.0,455.5391,1583.0
15:05:21,7209.01,7215.0,584.6684,941.0
15:05:21,7209.01,7220.0,1019.221,1545.0
15:05:21,7209.01,7225.0,1142.9863,1852.0
15:05:21,7209.01,7230.0,1762.6463,1997.0
15:05:21,7209.01,7235.0,862.3633,1719.0
15:05:21,7209.01,7240.0,1410.1906,2087.0
15:05:21,7209.01,7245.0,2738.8903,1587.0
15:05:21,7209.01,7250.0,3570.272,2549.0
15:05:21,7209.01,7255.0,1487.3519,2027.0
15:05:21,7209.01,7260.0,1065.2992,2536.0
15:05:21,7209.01,7265.0,742.3018,1466.0
15:05:21,7209.01,7270.0,799.8312,1589.0
15:05:21,7209.01,7275.0,1913.7679,1509.0
15:05:21,7209.01,7280.0,3657.5461,1503.0
15:05:21,7209.01,7285.0,1243.2212,701.0
15:05:21,7209.01,7290.0,661.0802,905.0
15:05:21,7209.01,7295.0,139.8225,650.0
15:05:21,7209.01,7300.0,634.9857,2236.0
15:05:21,7209.01,7305.0,136.6187,265.0
15:05:21,7209.01,7310.0,439.7047,596.0
15:05:21,7209.01,7315.0,51.6629,143.0
15:05:21,7209.01,7320.0,74.7504,604.0
15:05:21,7209.01,7325.0,64.2502,71.0
15:05:21,7209.01,7330.0,51.8037,770.0
15:05:21,7209.01,7335.0,13.9135,34.0
15:05:21,7209.01,7340.0,688.4676,252.0
15:05:21,7209.01,7345.0,8.9069,40.0
15:05:21,7209.01,7350.0,248.9654,194.0
15:05:21,7209.01,7355.0,23.9948,5.0
15:05:21,7209.01,7360.0,36.4821,263.0
15:05:21,7209.01,7365.0,3.6904,105.0
15:05:21,7209.01,7370.0,0.0624,40.0
15:05:21,7209.01,7375.0,90.135,35.0
15:05:21,7209.01,7380.0,14.2839,10.0
15:05:21,7209.01,7385.0,4.7224,22.0
15:05:21,7209.01,7390.0,0.0052,1.0
15:05:21,7209.01,7400.0,19.0469,115.0
15:05:21,7209.01,7410.0,3.2548,87.0
15:05:21,7209.01,7415.0,0.0082,2.0
15:05:21,7209.01,7420.0,3.243,4.0
15:05:21,7209.01,7425.0,5.8784,3.0
15:05:21,7209.01,7430.0,5.2576,34.0
15:05:21,7209.01,7440.0,0.4645,10.0
15:05:21,7209.01,7450.0,0.952,35.0
15:05:21,7209.01,7460.0,0.238,26.0
15:05:21,7209.01,7470.0,0.2595,1.0
15:05:21,7209.01,7475.0,0.283,128.0
15:05:21,7209.01,7480.0,0.0353,0.0
15:05:21,7209.01,7490.0,0.018,0.0
15:05:21,7209.01,7500.0,-0.0003,0.0
15:05:21,7209.01,7510.0,0.0043,0.0
15:05:21,7209.01,7550.0,0.0004,0.0
15:05:21,7209.01,9200.0,0.0,1.0
15:07:50,7209.01,1600.0,-0.0,1.0
15:07:50,7209.01,2400.0,-0.0,1.0
15:07:50,7209.01,4800.0,-0.0,1.0
15:07:50,7209.01,6075.0,-0.0,3.0
15:07:50,7209.01,6720.0,-0.0,3.0
15:07:50,7209.01,6725.0,-0.0,1.0
15:07:50,7209.01,6735.0,-0.0,2.0
15:07:50,7209.01,6750.0,-0.0,12.0
15:07:50,7209.01,6770.0,-0.0,15.0
15:07:50,7209.01,6780.0,-0.0,2.0
15:07:50,7209.01,6800.0,-0.0013,0.0
15:07:50,7209.01,6805.0,-0.0001,0.0
15:07:50,7209.01,6810.0,-0.0004,0.0
15:07:50,7209.01,6815.0,-0.0003,0.0
15:07:50,7209.01,6820.0,0.0001,0.0
15:07:50,7209.01,6825.0,0.0004,0.0
15:07:50,7209.01,6830.0,-0.0007,0.0
15:07:50,7209.01,6835.0,-0.002,7.0
15:07:50,7209.01,6840.0,-0.0031,0.0
15:07:50,7209.01,6845.0,-0.0022,0.0
15:07:50,7209.01,6850.0,-0.0437,121.0
15:07:50,7209.01,6855.0,-0.005,23.0
15:07:50,7209.01,6860.0,-0.0697,2.0
15:07:50,7209.01,6865.0,-0.0139,25.0
15:07:50,7209.01,6870.0,-0.0222,101.0
15:07:50,7209.01,6875.0,-0.2304,4.0
15:07:50,7209.01,6880.0,-0.0296,3.0
15:07:50,7209.01,6885.0,-0.3225,2.0
15:07:50,7209.01,6890.0,-0.2834,502.0
15:07:50,7209.01,6895.0,-0.2446,1.0
15:07:50,7209.01,6900.0,-1.6321,552.0
15:07:50,7209.01,6905.0,-0.3913,0.0
15:07:50,7209.01,6910.0,0.2784,72.0
15:07:50,7209.01,6915.0,-0.6769,0.0
15:07:50,7209.01,6920.0,-2.5581,1.0
15:07:50,7209.01,6925.0,-3.454,10.0
15:07:50,7209.01,6930.0,-0.6595,5.0
15:07:50,7209.01,6935.0,-1.0028,5.0
15:07:50,7209.01,6940.0,-1.4956,11.0
15:07:50,7209.01,6945.0,0.1845,0.0
15:07:50,7209.01,6950.0,-11.0451,9.0
15:07:50,7209.01,6955.0,-1.4511,1.0
15:07:50,7209.01,6960.0,-13.5463,6.0
15:07:50,7209.01,6965.0,-3.8315,51.0
15:07:50,7209.01,6970.0,-4.7967,10.0
15:07:50,7209.01,6975.0,-36.9365,22.0
15:07:50,7209.01,6980.0,-8.7809,52.0
15:07:50,7209.01,6985.0,-34.6751,61.0
15:07:50,7209.01,6990.0,-4.5593,18.0
15:07:50,7209.01,6995.0,-6.9161,21.0
15:07:50,7209.01,7000.0,-18.0867,272.0
15:07:50,7209.01,7005.0,-10.4656,20.0
15:07:50,7209.01,7010.0,-17.0881,26.0
15:07:50,7209.01,7015.0,-14.444,14.0
15:07:50,7209.01,7020.0,-15.5248,52.0
15:07:50,7209.01,7025.0,-5.3244,67.0
15:07:50,7209.01,7030.0,-18.4379,160.0
15:07:50,7209.01,7035.0,-27.1833,66.0
15:07:50,7209.01,7040.0,-11.7814,33.0
15:07:50,7209.01,7045.0,-11.4453,73.0
15:07:50,7209.01,7050.0,-45.352,272.0
15:07:50,7209.01,7055.0,-24.1322,118.0
15:07:50,7209.01,7060.0,-25.2795,133.0
15:07:50,7209.01,7065.0,-31.8351,51.0
15:07:50,7209.01,7070.0,-26.8874,191.0
15:07:50,7209.01,7075.0,-25.2949,357.0
15:07:50,7209.01,7080.0,-43.306,233.0
15:07:50,7209.01,7085.0,-20.6887,124.0
15:07:50,7209.01,7090.0,-36.9338,140.0
15:07:50,7209.01,7095.0,-48.5481,208.0
15:07:50,7209.01,7100.0,-67.5845,606.0
15:07:50,7209.01,7105.0,-11.7467,141.0
15:07:50,7209.01,7110.0,-44.5032,514.0
15:07:50,7209.01,7115.0,-27.5629,122.0
15:07:50,7209.01,7120.0,-92.1192,469.0
15:07:50,7209.01,7125.0,-43.7794,453.0
15:07:50,7209.01,7130.0,-126.3655,806.0
15:07:50,7209.01,7135.0,-69.7493,381.0
15:07:50,7209.01,7140.0,-122.5228,1526.0
15:07:50,7209.01,7145.0,-71.4329,369.0
15:07:50,7209.01,7150.0,7.9784,1157.0
15:07:50,7209.01,7155.0,-51.0588,686.0
15:07:50,7209.01,7160.0,-185.1422,806.0
15:07:50,7209.01,7165.0,165.8203,734.0
15:07:50,7209.01,7170.0,11.7126,885.0
15:07:50,7209.01,7175.0,-226.6155,1213.0
15:07:50,7209.01,7180.0,188.3634,968.0
15:07:50,7209.01,7185.0,-253.9182,858.0
15:07:50,7209.01,7190.0,84.0761,1282.0
15:07:50,7209.01,7195.0,93.4592,1289.0
15:07:50,7209.01,7200.0,3700.6652,2886.0
15:07:50,7209.01,7205.0,247.1495,1036.0
15:07:50,7209.01,7210.0,444.9533,1590.0
15:07:50,7209.01,7215.0,566.756,943.0
15:07:50,7209.01,7220.0,983.9379,1548.0
15:07:50,7209.01,7225.0,1107.5889,1863.0
15:07:50,7209.01,7230.0,1741.0021,2159.0
15:07:50,7209.01,7235.0,866.2911,1736.0
15:07:50,7209.01,7240.0,1454.6886,2112.0
15:07:50,7209.01,7245.0,2776.2992,1596.0
15:07:50,7209.01,7250.0,3683.3411,2571.0
15:07:50,7209.01,7255.0,1513.496,2030.0
15:07:50,7209.01,7260.0,1167.9248,2616.0
15:07:50,7209.01,7265.0,742.1026,1515.0
15:07:50,7209.01,7270.0,923.1071,1609.0
15:07:50,7209.01,7275.0,2065.9737,1532.0
15:07:50,7209.01,7280.0,4217.4561,1611.0
15:07:50,7209.01,7285.0,1266.1733,705.0
15:07:50,7209.01,7290.0,1865.7014,908.0
15:07:50,7209.01,7295.0,145.2943,650.0
15:07:50,7209.01,7300.0,675.1695,2239.0
15:07:50,7209.01,7305.0,130.7371,265.0
15:07:50,7209.01,7310.0,547.2496,596.0
15:07:50,7209.01,7315.0,53.2069,143.0
15:07:50,7209.01,7320.0,81.947,604.0
15:07:50,7209.01,7325.0,63.64,71.0
15:07:50,7209.01,7330.0,50.8286,770.0
15:07:50,7209.01,7335.0,13.931,34.0
15:07:50,7209.01,7340.0,715.5991,252.0
15:07:50,7209.01,7345.0,9.271,40.0
15:07:50,7209.01,7350.0,227.5027,194.0
15:07:50,7209.01,7355.0,24.2292,5.0
15:07:50,7209.01,7360.0,39.4854,263.0
15:07:50,7209.01,7365.0,3.7417,105.0
15:07:50,7209.01,7370.0,17.0177,40.0
15:07:50,7209.01,7375.0,90.1366,35.0
15:07:50,7209.01,7380.0,13.0133,10.0
15:07:50,7209.01,7385.0,4.8159,22.0
15:07:50,7209.01,7390.0,10.6785,1.0
15:07:50,7209.01,7400.0,16.298,115.0
15:07:50,7209.01,7410.0,3.2547,87.0
15:07:50,7209.01,7415.0,0.0084,2.0
15:07:50,7209.01,7420.0,3.32,4.0
15:07:50,7209.01,7425.0,5.1771,3.0
15:07:50,7209.01,7430.0,5.3846,34.0
15:07:50,7209.01,7440.0,0.4645,10.0
15:07:50,7209.01,7450.0,0.9207,35.0
15:07:50,7209.01,7460.0,0.238,26.0
15:07:50,7209.01,7470.0,0.297,1.0
15:07:50,7209.01,7475.0,0.2738,128.0
15:07:50,7209.01,7480.0,0.0363,0.0
15:07:50,7209.01,7490.0,0.0185,0.0
15:07:50,7209.01,7500.0,0.0891,0.0
15:07:50,7209.01,7510.0,0.0044,0.0
15:07:50,7209.01,7525.0,0.0166,0.0
15:07:50,7209.01,7550.0,0.0004,0.0
15:07:50,7209.01,9200.0,0.0,1.0
15:10:19,7209.01,1600.0,0.0,1.0
15:10:19,7209.01,2400.0,-0.0,1.0
15:10:19,7209.01,4800.0,-0.0,1.0
15:10:19,7209.01,6075.0,-0.0,3.0
15:10:19,7209.01,6720.0,-0.0,3.0
15:10:19,7209.01,6725.0,-0.0,1.0
15:10:19,7209.01,6735.0,-0.0,2.0
15:10:19,7209.01,6750.0,-0.0,12.0
15:10:19,7209.01,6770.0,-0.0,15.0
15:10:19,7209.01,6780.0,-0.0,2.0
15:10:19,7209.01,6800.0,-0.0013,0.0
15:10:19,7209.01,6805.0,-0.0001,0.0
15:10:19,7209.01,6810.0,-0.0004,0.0
15:10:19,7209.01,6815.0,-0.0003,0.0
15:10:19,7209.01,6825.0,0.0004,0.0
15:10:19,7209.01,6830.0,-0.0007,0.0
15:10:19,7209.01,6835.0,-0.002,7.0
15:10:19,7209.01,6840.0,-0.002,0.0
15:10:19,7209.01,6845.0,-0.002,0.0
15:10:19,7209.01,6850.0,-0.0319,121.0
15:10:19,7209.01,6855.0,-0.0041,23.0
15:10:19,7209.01,6860.0,-0.0577,2.0
15:10:19,7209.01,6865.0,-0.0124,25.0
15:10:19,7209.01,6870.0,-0.0172,101.0
15:10:19,7209.01,6875.0,-0.1901,4.0
15:10:19,7209.01,6880.0,-0.0221,3.0
15:10:19,7209.01,6885.0,-0.2722,2.0
15:10:19,7209.01,6890.0,-0.2834,502.0
15:10:19,7209.01,6895.0,-0.2456,1.0
15:10:19,7209.01,6900.0,-1.6321,556.0
15:10:19,7209.01,6905.0,-0.3942,0.0
15:10:19,7209.01,6910.0,0.2043,72.0
15:10:19,7209.01,6915.0,-0.5918,0.0
15:10:19,7209.01,6920.0,-2.5668,1.0
15:10:19,7209.01,6925.0,-3.454,10.0
15:10:19,7209.01,6930.0,-0.5852,5.0
15:10:19,7209.01,6935.0,-0.8872,5.0
15:10:19,7209.01,6940.0,-1.3135,11.0
15:10:19,7209.01,6945.0,-1.5374,0.0
15:10:19,7209.01,6950.0,-9.2915,9.0
15:10:19,7209.01,6955.0,-1.3729,1.0
15:10:19,7209.01,6960.0,-12.8896,6.0
15:10:19,7209.01,6965.0,-3.5359,51.0
15:10:19,7209.01,6970.0,-4.3146,10.0
15:10:19,7209.01,6975.0,-36.9365,22.0
15:10:19,7209.01,6980.0,-8.2137,52.0
15:10:19,7209.01,6985.0,-34.6947,61.0
15:10:19,7209.01,6990.0,-4.5217,18.0
15:10:19,7209.01,6995.0,-6.9161,21.0
15:10:19,7209.01,7000.0,-16.0934,273.0
15:10:19,7209.01,7005.0,-9.8703,20.0
15:10:19,7209.01,7010.0,-16.3478,26.0
15:10:19,7209.01,7015.0,-14.444,14.0
15:10:19,7209.01,7020.0,-14.9577,52.0
15:10:19,7209.01,7025.0,-5.3244,67.0
15:10:19,7209.01,7030.0,-17.8459,160.0
15:10:19,7209.01,7035.0,-26.3026,66.0
15:10:19,7209.01,7040.0,-11.4026,33.0
15:10:19,7209.01,7045.0,-11.0155,73.0
15:10:19,7209.01,7050.0,-42.8924,293.0
15:10:19,7209.01,7055.0,-23.3398,118.0
15:10:19,7209.01,7060.0,-24.2987,133.0
15:10:19,7209.01,7065.0,-31.9904,51.0
15:10:19,7209.01,7070.0,-25.7104,191.0
15:10:19,7209.01,7075.0,-22.5588,357.0
15:10:19,7209.01,7080.0,-42.6503,233.0
15:10:19,7209.01,7085.0,-19.6462,124.0
15:10:19,7209.01,7090.0,-34.9851,140.0
15:10:19,7209.01,7095.0,-45.8486,208.0
15:10:19,7209.01,7100.0,-67.5845,610.0
15:10:19,7209.01,7105.0,-9.8595,141.0
15:10:19,7209.01,7110.0,-37.754,515.0
15:10:19,7209.01,7115.0,-26.1607,122.0
15:10:19,7209.01,7120.0,-82.7327,469.0
15:10:19,7209.01,7125.0,-43.7794,455.0
15:10:19,7209.01,7130.0,-126.3655,806.0
15:10:19,7209.01,7135.0,-69.7493,410.0
15:10:19,7209.01,7140.0,-118.5383,1526.0
15:10:19,7209.01,7145.0,-71.4329,369.0
15:10:19,7209.01,7150.0,-39.5271,1177.0
15:10:19,7209.01,7155.0,-49.746,688.0
15:10:19,7209.01,7160.0,-196.3403,810.0
15:10:19,7209.01,7165.0,131.3827,735.0
15:10:19,7209.01,7170.0,41.6236,891.0
15:10:19,7209.01,7175.0,-163.7344,1226.0
15:10:19,7209.01,7180.0,203.1738,971.0
15:10:19,7209.01,7185.0,-230.9357,859.0
15:10:19,7209.01,7190.0,84.0761,1292.0
15:10:19,7209.01,7195.0,103.6281,1295.0
15:10:19,7209.01,7200.0,3405.3096,2897.0
15:10:19,7209.01,7205.0,240.7863,1075.0
15:10:19,7209.01,7210.0,456.0496,1603.0
15:10:19,7209.01,7215.0,560.0844,943.0
15:10:19,7209.01,7220.0,983.9379,1583.0
15:10:19,7209.01,7225.0,1100.2272,1872.0
15:10:19,7209.01,7230.0,1731.7565,2265.0
15:10:19,7209.01,7235.0,866.5048,1748.0
15:10:19,7209.01,7240.0,1454.6886,2143.0
15:10:19,7209.01,7245.0,2859.3309,1619.0
15:10:19,7209.01,7250.0,3789.378,2644.0
15:10:19,7209.01,7255.0,1623.1335,2041.0
15:10:19,7209.01,7260.0,1209.6343,2744.0
15:10:19,7209.01,7265.0,827.2862,1539.0
15:10:19,7209.01,7270.0,921.0162,1631.0
15:10:19,7209.01,7275.0,2054.1191,1547.0
15:10:19,7209.01,7280.0,4544.391,1626.0
15:10:19,7209.01,7285.0,1486.233,705.0
15:10:19,7209.01,7290.0,1865.7014,908.0
15:10:19,7209.01,7295.0,175.2573,651.0
15:10:19,7209.01,7300.0,723.7904,2240.0
15:10:19,7209.01,7305.0,145.6478,266.0
15:10:19,7209.01,7310.0,515.879,596.0
15:10:19,7209.01,7315.0,59.3371,145.0
15:10:19,7209.01,7320.0,77.1055,604.0
15:10:19,7209.01,7325.0,64.4902,72.0
15:10:19,7209.01,7330.0,50.8315,770.0
15:10:19,7209.01,7335.0,13.5123,34.0
15:10:19,7209.01,7340.0,689.5956,252.0
15:10:19,7209.01,7345.0,9.197,40.0
15:10:19,7209.01,7350.0,228.7477,194.0
15:10:19,7209.01,7355.0,21.8433,5.0
15:10:19,7209.01,7360.0,34.0633,263.0
15:10:19,7209.01,7365.0,3.2654,115.0
15:10:19,7209.01,7370.0,16.6881,40.0
15:10:19,7209.01,7375.0,76.1037,35.0
15:10:19,7209.01,7380.0,13.0133,10.0
15:10:19,7209.01,7385.0,4.3836,22.0
15:10:19,7209.01,7390.0,10.6347,1.0
15:10:19,7209.01,7400.0,16.3808,115.0
15:10:19,7209.01,7410.0,2.8773,87.0
15:10:19,7209.01,7415.0,0.0078,2.0
15:10:19,7209.01,7420.0,2.9036,4.0
15:10:19,7209.01,7425.0,5.1771,3.0
15:10:19,7209.01,7430.0,4.7797,34.0
15:10:19,7209.01,7440.0,0.4299,10.0
15:10:19,7209.01,7450.0,1.021,35.0
15:10:19,7209.01,7460.0,0.244,26.0
15:10:19,7209.01,7470.0,0.2971,1.0
15:10:19,7209.01,7475.0,0.3053,128.0
15:10:19,7209.01,7480.0,0.0363,0.0
15:10:19,7209.01,7490.0,0.0184,0.0
15:10:19,7209.01,7500.0,0.1024,0.0
15:10:19,7209.01,7510.0,0.0045,0.0
15:10:19,7209.01,7525.0,0.0195,0.0
15:10:19,7209.01,7550.0,0.0005,0.0
15:10:19,7209.01,9200.0,0.0,1.0
15:26:28,7209.01,1600.0,-0.0,1.0
15:26:28,7209.01,2400.0,-0.0,1.0
15:26:28,7209.01,4800.0,-0.0,1.0
15:26:28,7209.01,6075.0,-0.0,3.0
15:26:28,7209.01,6175.0,-0.0002,0.0
15:26:28,7209.01,6180.0,-0.0001,0.0
15:26:28,7209.01,6300.0,0.0002,0.0
15:26:28,7209.01,6320.0,0.0004,0.0
15:26:28,7209.01,6350.0,0.0001,0.0
15:26:28,7209.01,6360.0,0.0002,0.0
15:26:28,7209.01,6375.0,0.0007,0.0
15:26:28,7209.01,6380.0,0.0006,0.0
15:26:28,7209.01,6400.0,0.0057,0.0
15:26:28,7209.01,6425.0,0.0068,0.0
15:26:28,7209.01,6430.0,0.0048,0.0
15:26:28,7209.01,6450.0,0.0081,0.0
15:26:28,7209.01,6455.0,-0.0117,0.0
15:26:28,7209.01,6460.0,0.0147,0.0
15:26:28,7209.01,6465.0,-0.0408,0.0
15:26:28,7209.01,6475.0,0.0116,0.0
15:26:28,7209.01,6485.0,-0.035,0.0
15:26:28,7209.01,6495.0,-0.0844,0.0
15:26:28,7209.01,6500.0,0.2647,0.0
15:26:28,7209.01,6505.0,-0.0244,0.0
15:26:28,7209.01,6515.0,-0.0186,0.0
15:26:28,7209.01,6525.0,0.0183,0.0
15:26:28,7209.01,6535.0,-0.1493,0.0
15:26:28,7209.01,6545.0,-0.1411,0.0
15:26:28,7209.01,6550.0,0.2471,0.0
15:26:28,7209.01,6555.0,-0.0503,0.0
15:26:28,7209.01,6565.0,-0.1623,0.0
15:26:28,7209.01,6570.0,-0.1572,0.0
15:26:28,7209.01,6575.0,0.3007,0.0
15:26:28,7209.01,6580.0,-0.811,0.0
15:26:28,7209.01,6585.0,-0.1379,0.0
15:26:28,7209.01,6595.0,-0.6998,0.0
15:26:28,7209.01,6600.0,0.4305,0.0
15:26:28,7209.01,6605.0,-0.0389,0.0
15:26:28,7209.01,6615.0,-0.1063,0.0
15:26:28,7209.01,6625.0,0.1215,0.0
15:26:28,7209.01,6630.0,-0.5637,0.0
15:26:28,7209.01,6635.0,-0.5102,0.0
15:26:28,7209.01,6645.0,-0.1195,0.0
15:26:28,7209.01,6650.0,0.176,0.0
15:26:28,7209.01,6655.0,-0.1831,0.0
15:26:28,7209.01,6665.0,-0.2266,0.0
15:26:28,7209.01,6675.0,0.2991,0.0
15:26:28,7209.01,6680.0,0.2038,0.0
15:26:28,7209.01,6685.0,-1.5007,0.0
15:26:28,7209.01,6690.0,0.0463,0.0
15:26:28,7209.01,6695.0,-0.3155,0.0
15:26:28,7209.01,6705.0,-0.3442,0.0
15:26:28,7209.01,6715.0,-0.8147,0.0
15:26:28,7209.01,6720.0,-0.0,2.0
15:26:28,7209.01,6725.0,-0.0,1.0
15:26:28,7209.01,6735.0,-0.5461,2.0
15:26:28,7209.01,6745.0,-0.2978,0.0
15:26:28,7209.01,6750.0,-0.0,12.0
15:26:28,7209.01,6755.0,-1.1942,0.0
15:26:28,7209.01,6765.0,-0.5001,0.0
15:26:28,7209.01,6770.0,-0.0,15.0
15:26:28,7209.01,6780.0,-0.0,2.0
15:26:28,7209.01,6785.0,-0.5568,0.0
15:26:28,7209.01,6795.0,-1.5599,0.0
15:26:28,7209.01,6800.0,-0.0013,0.0
15:26:28,7209.01,6805.0,-1.5236,0.0
15:26:28,7209.01,6810.0,-0.0004,0.0
15:26:28,7209.01,6815.0,-1.5029,0.0
15:26:28,7209.01,6825.0,0.0004,0.0
15:26:28,7209.01,6830.0,-0.0007,0.0
15:26:28,7209.01,6835.0,-2.3824,7.0
15:26:28,7209.01,6840.0,-0.002,0.0
15:26:28,7209.01,6845.0,0.3694,0.0
15:26:28,7209.01,6850.0,-0.0319,141.0
15:26:28,7209.01,6855.0,0.2577,23.0
15:26:28,7209.01,6860.0,-0.0577,2.0
15:26:28,7209.01,6865.0,-0.0124,25.0
15:26:28,7209.01,6870.0,-0.0172,101.0
15:26:28,7209.01,6875.0,-0.1901,4.0
15:26:28,7209.01,6880.0,-0.0221,3.0
15:26:28,7209.01,6885.0,-0.137,2.0
15:26:28,7209.01,6890.0,-0.2834,502.0
15:26:28,7209.01,6895.0,-0.2456,1.0
15:26:28,7209.01,6900.0,-1.6321,559.0
15:26:28,7209.01,6905.0,-0.3942,0.0
15:26:28,7209.01,6910.0,0.2043,72.0
15:26:28,7209.01,6915.0,-0.5918,0.0
15:26:28,7209.01,6920.0,-2.1051,1.0
15:26:28,7209.01,6925.0,-3.454,10.0
15:26:28,7209.01,6930.0,-3.265,5.0
15:26:28,7209.01,6935.0,-0.8872,5.0
15:26:28,7209.01,6940.0,-5.3057,11.0
15:26:28,7209.01,6945.0,-1.5374,0.0
15:26:28,7209.01,6950.0,-9.2915,7.0
15:26:28,7209.01,6955.0,-1.3729,1.0
15:26:28,7209.01,6960.0,-31.0336,6.0
15:26:28,7209.01,6965.0,-3.5359,51.0
15:26:28,7209.01,6970.0,-9.1511,10.0
15:26:28,7209.01,6975.0,-71.4279,23.0
15:26:28,7209.01,6980.0,-15.3372,52.0
15:26:28,7209.01,6985.0,-34.6947,61.0
15:26:28,7209.01,6990.0,-7.9864,20.0
15:26:28,7209.01,6995.0,-6.9161,21.0
15:26:28,7209.01,7000.0,-5.4809,276.0
15:26:28,7209.01,7005.0,-9.8703,20.0
15:26:28,7209.01,7010.0,-30.4559,25.0
15:26:28,7209.01,7015.0,-14.444,14.0
15:26:28,7209.01,7020.0,-23.3185,52.0
15:26:28,7209.01,7025.0,-8.1442,67.0
15:26:28,7209.01,7030.0,-28.5778,163.0
15:26:28,7209.01,7035.0,-26.3026,66.0
15:26:28,7209.01,7040.0,-19.33,32.0
15:26:28,7209.01,7045.0,-11.0155,73.0
15:26:28,7209.01,7050.0,-19.6886,294.0
15:26:28,7209.01,7055.0,-23.3398,118.0
15:26:28,7209.01,7060.0,-20.3422,134.0
15:26:28,7209.01,7065.0,-31.9904,51.0
15:26:28,7209.01,7070.0,-25.7104,193.0
15:26:28,7209.01,7075.0,7.7652,357.0
15:26:28,7209.01,7080.0,-42.6503,233.0
15:26:28,7209.01,7085.0,-19.6462,124.0
15:26:28,7209.01,7090.0,-34.9851,145.0
15:26:28,7209.01,7095.0,-45.8486,208.0
15:26:28,7209.01,7100.0,-162.7191,616.0
15:26:28,7209.01,7105.0,-9.8595,141.0
15:26:28,7209.01,7110.0,-37.754,516.0
15:26:28,7209.01,7115.0,-26.1607,122.0
15:26:28,7209.01,7120.0,-82.7327,519.0
15:26:28,7209.01,7125.0,-43.7794,455.0
15:26:28,7209.01,7130.0,-126.3655,860.0
15:26:28,7209.01,7135.0,-69.7493,410.0
15:26:28,7209.01,7140.0,-118.5383,1536.0
15:26:28,7209.01,7145.0,-71.4329,369.0
15:26:28,7209.01,7150.0,15.2347,1251.0
15:26:28,7209.01,7155.0,-49.746,688.0
15:26:28,7209.01,7160.0,-196.3403,810.0
15:26:28,7209.01,7165.0,131.3827,735.0
15:26:28,7209.01,7170.0,41.6236,891.0
15:26:28,7209.01,7175.0,-163.7344,1254.0
15:26:28,7209.01,7180.0,203.1738,971.0
15:26:28,7209.01,7185.0,-208.3844,868.0
15:26:28,7209.01,7190.0,84.0761,1292.0
15:26:28,7209.01,7195.0,107.8907,1307.0
15:26:28,7209.01,7200.0,4058.8118,3013.0
15:26:28,7209.01,7205.0,251.5894,1078.0
15:26:28,7209.01,7210.0,456.0496,1603.0
15:26:28,7209.01,7215.0,567.4915,943.0
15:26:28,7209.01,7220.0,983.9379,1583.0
15:26:28,7209.01,7225.0,846.7404,1898.0
15:26:28,7209.01,7230.0,1731.7565,2265.0
15:26:28,7209.01,7235.0,865.6243,1757.0
15:26:28,7209.01,7240.0,1454.6886,2143.0
15:26:28,7209.01,7245.0,2858.9113,1627.0
15:26:28,7209.01,7250.0,2056.5696,2780.0
15:26:28,7209.01,7255.0,1646.2851,2063.0
15:26:28,7209.01,7260.0,1209.6343,2744.0
15:26:28,7209.01,7265.0,853.1972,1573.0
15:26:28,7209.01,7270.0,921.0162,1631.0
15:26:28,7209.01,7275.0,1349.178,1624.0
15:26:28,7209.01,7280.0,4544.391,1626.0
15:26:28,7209.01,7285.0,1471.3972,711.0
15:26:28,7209.01,7290.0,1865.7014,908.0
15:26:28,7209.01,7295.0,169.1967,651.0
15:26:28,7209.01,7300.0,537.9629,2388.0
15:26:28,7209.01,7305.0,157.4102,266.0
15:26:28,7209.01,7310.0,515.879,596.0
15:26:28,7209.01,7315.0,56.2951,145.0
15:26:28,7209.01,7320.0,77.1055,604.0
15:26:28,7209.01,7325.0,64.4902,72.0
15:26:28,7209.01,7330.0,50.8315,770.0
15:26:28,7209.01,7335.0,13.3679,34.0
15:26:28,7209.01,7340.0,689.5956,252.0
15:26:28,7209.01,7345.0,8.7214,40.0
15:26:28,7209.01,7350.0,313.8327,194.0
15:26:28,7209.01,7355.0,21.2511,5.0
15:26:28,7209.01,7360.0,34.0633,263.0
15:26:28,7209.01,7365.0,3.1916,115.0
15:26:28,7209.01,7370.0,16.6881,40.0
15:26:28,7209.01,7375.0,76.1037,35.0
15:26:28,7209.01,7380.0,13.0133,10.0
15:26:28,7209.01,7385.0,4.0716,22.0
15:26:28,7209.01,7390.0,10.6347,1.0
15:26:28,7209.01,7400.0,25.9072,115.0
15:26:28,7209.01,7410.0,2.9239,87.0
15:26:28,7209.01,7415.0,0.0078,2.0
15:26:28,7209.01,7420.0,2.9036,4.0
15:26:28,7209.01,7425.0,5.1771,3.0
15:26:28,7209.01,7430.0,4.779,34.0
15:26:28,7209.01,7440.0,0.4552,10.0
15:26:28,7209.01,7450.0,2.1005,35.0
15:26:28,7209.01,7460.0,0.2502,26.0
15:26:28,7209.01,7470.0,0.2968,1.0
15:26:28,7209.01,7475.0,0.3053,128.0
15:26:28,7209.01,7480.0,0.0398,0.0
15:26:28,7209.01,7490.0,0.0209,0.0
15:26:28,7209.01,7500.0,0.2432,0.0
15:26:28,7209.01,7510.0,0.0053,0.0
15:26:28,7209.01,7525.0,0.0195,0.0
15:26:28,7209.01,7550.0,0.0005,0.0
15:26:28,7209.01,9200.0,0.0,1.0
15:26:40,7209.01,1600.0,-0.0,1.0
15:26:40,7209.01,2400.0,-0.0,1.0
15:26:40,7209.01,4800.0,-0.0,1.0
15:26:40,7209.01,6000.0,-0.0002,0.0
15:26:40,7209.01,6050.0,-0.0001,0.0
15:26:40,7209.01,6075.0,0.0,3.0
15:26:40,7209.01,6100.0,-0.0009,0.0
15:26:40,7209.01,6150.0,-0.0004,0.0
15:26:40,7209.01,6175.0,-0.0002,0.0
15:26:40,7209.01,6180.0,-0.0001,0.0
15:26:40,7209.01,6200.0,-0.0017,0.0
15:26:40,7209.01,6250.0,-0.0019,0.0
15:26:40,7209.01,6275.0,-0.0006,0.0
15:26:40,7209.01,6300.0,-0.0089,0.0
15:26:40,7209.01,6320.0,0.0004,0.0
15:26:40,7209.01,6325.0,-0.0012,0.0
15:26:40,7209.01,6330.0,0.0003,0.0
15:26:40,7209.01,6350.0,-0.0182,0.0
15:26:40,7209.01,6360.0,0.0002,0.0
15:26:40,7209.01,6370.0,0.0002,0.0
15:26:40,7209.01,6375.0,-0.0094,0.0
15:26:40,7209.01,6380.0,0.0006,0.0
15:26:40,7209.01,6390.0,0.0003,0.0
15:26:40,7209.01,6400.0,-0.2147,0.0
15:26:40,7209.01,6410.0,0.0005,0.0
15:26:40,7209.01,6420.0,0.0068,0.0
15:26:40,7209.01,6425.0,-0.0222,0.0
15:26:40,7209.01,6430.0,0.0048,0.0
15:26:40,7209.01,6440.0,0.0023,0.0
15:26:40,7209.01,6450.0,-0.2994,0.0
15:26:40,7209.01,6455.0,-0.0117,0.0
15:26:40,7209.01,6460.0,0.0147,0.0
15:26:40,7209.01,6465.0,-0.0408,0.0
15:26:40,7209.01,6470.0,0.0025,0.0
15:26:40,7209.01,6475.0,-0.1542,0.0
15:26:40,7209.01,6480.0,0.0145,0.0
15:26:40,7209.01,6485.0,-0.035,0.0
15:26:40,7209.01,6490.0,0.0039,0.0
15:26:40,7209.01,6495.0,-0.0844,0.0
15:26:40,7209.01,6500.0,-0.7502,0.0
15:26:40,7209.01,6505.0,-0.0244,0.0
15:26:40,7209.01,6510.0,0.0219,0.0
15:26:40,7209.01,6515.0,-0.0186,0.0
15:26:40,7209.01,6520.0,0.0346,0.0
15:26:40,7209.01,6525.0,-0.4291,0.0
15:26:40,7209.01,6530.0,0.0231,0.0
15:26:40,7209.01,6535.0,-0.1493,0.0
15:26:40,7209.01,6540.0,0.0282,0.0
15:26:40,7209.01,6545.0,-0.1411,0.0
15:26:40,7209.01,6550.0,-0.362,0.0
15:26:40,7209.01,6555.0,-0.0503,0.0
15:26:40,7209.01,6560.0,0.0263,0.0
15:26:40,7209.01,6565.0,-0.1623,0.0
15:26:40,7209.01,6570.0,-0.0541,0.0
15:26:40,7209.01,6575.0,0.0817,0.0
15:26:40,7209.01,6580.0,-0.552,0.0
15:26:40,7209.01,6585.0,-0.1379,0.0
15:26:40,7209.01,6590.0,0.0493,0.0
15:26:40,7209.01,6595.0,-0.6998,0.0
15:26:40,7209.01,6600.0,-2.0929,0.0
15:26:40,7209.01,6605.0,-0.0389,0.0
15:26:40,7209.01,6610.0,0.0798,0.0
15:26:40,7209.01,6615.0,-0.1063,0.0
15:26:40,7209.01,6620.0,0.1437,0.0
15:26:40,7209.01,6625.0,-0.5176,0.0
15:26:40,7209.01,6630.0,-0.0034,0.0
15:26:40,7209.01,6635.0,-0.5102,0.0
15:26:40,7209.01,6640.0,0.1131,0.0
15:26:40,7209.01,6645.0,-0.1195,0.0
15:26:40,7209.01,6650.0,-3.7812,0.0
15:26:40,7209.01,6655.0,-0.1831,0.0
15:26:40,7209.01,6660.0,0.1914,0.0
15:26:40,7209.01,6665.0,-0.2266,0.0
15:26:40,7209.01,6670.0,0.0658,0.0
15:26:40,7209.01,6675.0,-0.8904,0.0
15:26:40,7209.01,6680.0,-3.188,0.0
15:26:40,7209.01,6685.0,-1.5007,0.0
15:26:40,7209.01,6690.0,-0.6456,0.0
15:26:40,7209.01,6695.0,-0.3155,0.0
15:26:40,7209.01,6700.0,-3.955,0.0
15:26:40,7209.01,6705.0,-0.3442,0.0
15:26:40,7209.01,6710.0,-0.5974,0.0
15:26:40,7209.01,6715.0,-0.8147,0.0
15:26:40,7209.01,6720.0,-2.2533,2.0
15:26:40,7209.01,6725.0,-1.1996,1.0
15:26:40,7209.01,6730.0,-0.4062,0.0
15:26:40,7209.01,6735.0,-0.5461,2.0
15:26:40,7209.01,6740.0,-0.3477,0.0
15:26:40,7209.01,6745.0,-0.2978,0.0
15:26:40,7209.01,6750.0,-2.9106,12.0
15:26:40,7209.01,6755.0,-1.1942,0.0
15:26:40,7209.01,6760.0,-0.8402,0.0
15:26:40,7209.01,6765.0,-0.5001,0.0
15:26:40,7209.01,6770.0,-2.1021,15.0
15:26:40,7209.01,6775.0,-2.4969,0.0
15:26:40,7209.01,6780.0,-1.6547,2.0
15:26:40,7209.01,6785.0,-0.5568,0.0
15:26:40,7209.01,6790.0,-1.8024,0.0
15:26:40,7209.01,6795.0,-1.5599,0.0
15:26:40,7209.01,6800.0,-17.1487,0.0
15:26:40,7209.01,6805.0,-1.5236,0.0
15:26:40,7209.01,6810.0,-2.779,0.0
15:26:40,7209.01,6815.0,-1.5029,0.0
15:26:40,7209.01,6820.0,-8.6135,0.0
15:26:40,7209.01,6825.0,-11.0859,0.0
15:26:40,7209.01,6830.0,-1.3341,0.0
15:26:40,7209.01,6835.0,-2.3824,7.0
15:26:40,7209.01,6840.0,-2.8112,0.0
15:26:40,7209.01,6845.0,-1.4139,0.0
15:26:40,7209.01,6850.0,-19.1937,141.0
15:26:40,7209.01,6855.0,-1.4727,23.0
15:26:40,7209.01,6860.0,-15.3699,2.0
15:26:40,7209.01,6865.0,-2.2493,25.0
15:26:40,7209.01,6870.0,-3.2217,101.0
15:26:40,7209.01,6875.0,-19.741,4.0
15:26:40,7209.01,6880.0,-2.7117,3.0
15:26:40,7209.01,6885.0,-13.7787,2.0
15:26:40,7209.01,6890.0,-0.2834,502.0
15:26:40,7209.01,6895.0,-5.9442,1.0
15:26:40,7209.01,6900.0,-38.0672,559.0
15:26:40,7209.01,6905.0,-5.8605,0.0
15:26:40,7209.01,6910.0,0.2043,72.0
15:26:40,7209.01,6915.0,-6.1458,0.0
15:26:40,7209.01,6920.0,-2.1051,1.0
15:26:40,7209.01,6925.0,-24.3021,10.0
15:26:40,7209.01,6930.0,-3.265,5.0
15:26:40,7209.01,6935.0,-4.136,5.0
15:26:40,7209.01,6940.0,-5.3057,11.0
15:26:40,7209.01,6945.0,-5.3091,0.0
15:26:40,7209.01,6950.0,-37.882,7.0
15:26:40,7209.01,6955.0,-3.658,1.0
15:26:40,7209.01,6960.0,-31.0336,6.0
15:26:40,7209.01,6965.0,-7.7955,51.0
15:26:40,7209.01,6970.0,-9.1511,10.0
15:26:40,7209.01,6975.0,-71.4279,23.0
15:26:40,7209.01,6980.0,-15.3372,52.0
15:26:40,7209.01,6985.0,-60.5548,61.0
15:26:40,7209.01,6990.0,-7.9864,20.0
15:26:40,7209.01,6995.0,-12.6127,21.0
15:26:40,7209.01,7000.0,-29.7525,276.0
15:26:40,7209.01,7005.0,-17.0458,25.0
15:26:40,7209.01,7010.0,-30.4559,25.0
15:26:40,7209.01,7015.0,-27.0448,14.0
15:26:40,7209.01,7020.0,-23.3185,52.0
15:26:40,7209.01,7025.0,-8.1442,67.0
15:26:40,7209.01,7030.0,-28.5778,163.0
15:26:40,7209.01,7035.0,-42.5433,65.0
15:26:40,7209.01,7040.0,-19.33,32.0
15:26:40,7209.01,7045.0,-21.4743,73.0
15:26:40,7209.01,7050.0,-86.176,294.0
15:26:40,7209.01,7055.0,-46.1849,118.0
15:26:40,7209.01,7060.0,-45.9478,134.0
15:26:40,7209.01,7065.0,-62.6794,51.0
15:26:40,7209.01,7070.0,-49.0118,193.0
15:26:40,7209.01,7075.0,-47.8171,357.0
15:26:40,7209.01,7080.0,-88.5076,233.0
15:26:40,7209.01,7085.0,-46.2702,125.0
15:26:40,7209.01,7090.0,-83.4592,145.0
15:26:40,7209.01,7095.0,-110.105,209.0
15:26:40,7209.01,7100.0,-162.7191,616.0
15:26:40,7209.01,7105.0,-27.3159,145.0
15:26:40,7209.01,7110.0,-92.1937,516.0
15:26:40,7209.01,7115.0,-56.113,124.0
15:26:40,7209.01,7120.0,-195.6774,519.0
15:26:40,7209.01,7125.0,-43.7794,455.0
15:26:40,7209.01,7130.0,-267.0146,860.0
15:26:40,7209.01,7135.0,-24.4297,415.0
15:26:40,7209.01,7140.0,-256.3294,1536.0
15:26:40,7209.01,7145.0,-19.864,374.0
15:26:40,7209.01,7150.0,15.2347,1251.0
15:26:40,7209.01,7155.0,-95.7681,697.0
15:26:40,7209.01,7160.0,-325.3036,899.0
15:26:40,7209.01,7165.0,430.5507,740.0
15:26:40,7209.01,7170.0,18.2348,914.0
15:26:40,7209.01,7175.0,-163.7344,1254.0
15:26:40,7209.01,7180.0,264.6887,1134.0
15:26:40,7209.01,7185.0,-141.2271,868.0
15:26:40,7209.01,7190.0,103.781,1467.0
15:26:40,7209.01,7195.0,157.6295,1310.0
15:26:40,7209.01,7200.0,3863.4916,3013.0
15:26:40,7209.01,7205.0,282.7007,1078.0
15:26:40,7209.01,7210.0,418.3183,1739.0
15:26:40,7209.01,7215.0,459.9247,947.0
15:26:40,7209.01,7220.0,811.8159,1649.0
15:26:40,7209.01,7225.0,846.7404,1898.0
15:26:40,7209.01,7230.0,1237.953,2311.0
15:26:40,7209.01,7235.0,865.6243,1757.0
15:26:40,7209.01,7240.0,908.2815,2262.0
15:26:40,7209.01,7245.0,2858.9113,1627.0
15:26:40,7209.01,7250.0,2159.3224,2780.0
15:26:40,7209.01,7255.0,1646.2851,2063.0
15:26:40,7209.01,7260.0,681.9157,3141.0
15:26:40,7209.01,7265.0,853.1972,1573.0
15:26:40,7209.01,7270.0,517.3208,1723.0
15:26:40,7209.01,7275.0,1349.178,1624.0
15:26:40,7209.01,7280.0,2951.0758,1804.0
15:26:40,7209.01,7285.0,1471.3972,711.0
15:26:40,7209.01,7290.0,1355.8153,1069.0
15:26:40,7209.01,7295.0,169.1967,651.0
15:26:40,7209.01,7300.0,540.3155,2388.0
15:26:40,7209.01,7305.0,157.4102,266.0
15:26:40,7209.01,7310.0,422.6601,605.0
15:26:40,7209.01,7315.0,56.2951,145.0
15:26:40,7209.01,7320.0,97.8327,608.0
15:26:40,7209.01,7325.0,84.7556,72.0
15:26:40,7209.01,7330.0,68.3414,771.0
15:26:40,7209.01,7335.0,13.3679,34.0
15:26:40,7209.01,7340.0,928.8116,276.0
15:26:40,7209.01,7345.0,8.7214,40.0
15:26:40,7209.01,7350.0,313.582,194.0
15:26:40,7209.01,7355.0,21.2511,5.0
15:26:40,7209.01,7360.0,48.4129,263.0
15:26:40,7209.01,7365.0,3.1916,115.0
15:26:40,7209.01,7370.0,23.7585,40.0
15:26:40,7209.01,7375.0,108.7095,35.0
15:26:40,7209.01,7380.0,17.2808,216.0
15:26:40,7209.01,7385.0,4.0716,22.0
15:26:40,7209.01,7390.0,15.7408,1.0
15:26:40,7209.01,7400.0,25.5658,115.0
15:26:40,7209.01,7410.0,2.9239,87.0
15:26:40,7209.01,7415.0,0.0078,2.0
15:26:40,7209.01,7420.0,2.9036,4.0
15:26:40,7209.01,7425.0,9.8224,3.0
15:26:40,7209.01,7430.0,4.779,34.0
15:26:40,7209.01,7440.0,0.4552,10.0
15:26:40,7209.01,7450.0,2.0994,35.0
15:26:40,7209.01,7460.0,0.2502,26.0
15:26:40,7209.01,7470.0,0.2968,1.0
15:26:40,7209.01,7475.0,0.6891,128.0
15:26:40,7209.01,7480.0,0.0398,0.0
15:26:40,7209.01,7490.0,0.0209,0.0
15:26:40,7209.01,7500.0,0.2426,0.0
15:26:40,7209.01,7510.0,0.0053,0.0
15:26:40,7209.01,7525.0,0.05,0.0
15:26:40,7209.01,7550.0,0.0011,0.0
15:26:40,7209.01,9200.0,0.0,1.0
15:27:59,7209.01,1600.0,-0.0,1.0
15:27:59,7209.01,2400.0,-0.0,1.0
15:27:59,7209.01,4800.0,-0.0,1.0
15:27:59,7209.01,6000.0,-0.0002,0.0
15:27:59,7209.01,6050.0,-0.0001,0.0
15:27:59,7209.01,6075.0,-0.0,3.0
15:27:59,7209.01,6100.0,-0.0009,0.0
15:27:59,7209.01,6150.0,-0.0004,0.0
15:27:59,7209.01,6170.0,-0.0001,0.0
15:27:59,7209.01,6175.0,-0.0002,0.0
15:27:59,7209.01,6180.0,-0.0001,0.0
15:27:59,7209.01,6190.0,-0.0001,0.0
15:27:59,7209.01,6200.0,-0.0017,0.0
15:27:59,7209.01,6210.0,-0.0008,0.0
15:27:59,7209.01,6220.0,-0.0002,0.0
15:27:59,7209.01,6225.0,-0.0008,0.0
15:27:59,7209.01,6230.0,-0.0002,0.0
15:27:59,7209.01,6240.0,-0.0003,0.0
15:27:59,7209.01,6250.0,-0.0019,0.0
15:27:59,7209.01,6260.0,-0.001,0.0
15:27:59,7209.01,6270.0,-0.0005,0.0
15:27:59,7209.01,6275.0,-0.0006,0.0
15:27:59,7209.01,6280.0,-0.0004,0.0
15:27:59,7209.01,6290.0,-0.0006,0.0
15:27:59,7209.01,6300.0,-0.0089,0.0
15:27:59,7209.01,6310.0,-0.0006,0.0
15:27:59,7209.01,6320.0,-0.0007,0.0
15:27:59,7209.01,6325.0,-0.0012,0.0
15:27:59,7209.01,6330.0,-0.0007,0.0
15:27:59,7209.01,6340.0,-0.002,0.0
15:27:59,7209.01,6350.0,-0.0182,0.0
15:27:59,7209.01,6360.0,-0.0048,0.0
15:27:59,7209.01,6370.0,-0.0044,0.0
15:27:59,7209.01,6375.0,-0.0094,0.0
15:27:59,7209.01,6380.0,-0.0098,0.0
15:27:59,7209.01,6390.0,-0.014,0.0
15:27:59,7209.01,6400.0,-0.2147,0.0
15:27:59,7209.01,6410.0,-0.0325,0.0
15:27:59,7209.01,6420.0,-0.0022,0.0
15:27:59,7209.01,6425.0,-0.0222,0.0
15:27:59,7209.01,6430.0,-0.0286,0.0
15:27:59,7209.01,6440.0,-0.0455,0.0
15:27:59,7209.01,6450.0,-0.2994,0.0
15:27:59,7209.01,6455.0,-0.0117,0.0
15:27:59,7209.01,6460.0,-0.0266,0.0
15:27:59,7209.01,6465.0,-0.0408,0.0
15:27:59,7209.01,6470.0,-0.0632,0.0
15:27:59,7209.01,6475.0,-0.1542,0.0
15:27:59,7209.01,6480.0,-0.0269,0.0
15:27:59,7209.01,6485.0,-0.035,0.0
15:27:59,7209.01,6490.0,-0.104,0.0
15:27:59,7209.01,6495.0,-0.0844,0.0
15:27:59,7209.01,6500.0,-0.7502,0.0
15:27:59,7209.01,6505.0,-0.0244,0.0
15:27:59,7209.01,6510.0,-0.0905,0.0
15:27:59,7209.01,6515.0,-0.0186,0.0
15:27:59,7209.01,6520.0,-0.4995,0.0
15:27:59,7209.01,6525.0,-0.4291,0.0
15:27:59,7209.01,6530.0,-0.0949,0.0
15:27:59,7209.01,6535.0,-0.1493,0.0
15:27:59,7209.01,6540.0,-0.1233,0.0
15:27:59,7209.01,6545.0,-0.1411,0.0
15:27:59,7209.01,6550.0,-0.362,0.0
15:27:59,7209.01,6555.0,-0.0503,0.0
15:27:59,7209.01,6560.0,-0.1269,0.0
15:27:59,7209.01,6565.0,-0.1623,0.0
15:27:59,7209.01,6570.0,-0.0541,0.0
15:27:59,7209.01,6575.0,0.0817,0.0
15:27:59,7209.01,6580.0,-0.552,0.0
15:27:59,7209.01,6585.0,-0.1379,0.0
15:27:59,7209.01,6590.0,-0.2071,0.0
15:27:59,7209.01,6595.0,-0.6998,0.0
15:27:59,7209.01,6600.0,-2.0929,0.0
15:27:59,7209.01,6605.0,-0.0389,0.0
15:27:59,7209.01,6610.0,-0.0766,0.0
15:27:59,7209.01,6615.0,-0.1063,0.0
15:27:59,7209.01,6620.0,0.0253,0.0
15:27:59,7209.01,6625.0,-0.5176,0.0
15:27:59,7209.01,6630.0,-0.0034,0.0
15:27:59,7209.01,6635.0,-0.5102,0.0
15:27:59,7209.01,6640.0,-0.2474,0.0
15:27:59,7209.01,6645.0,-0.1195,0.0
15:27:59,7209.01,6650.0,-3.7812,0.0
15:27:59,7209.01,6655.0,-0.1831,0.0
15:27:59,7209.01,6660.0,0.1914,0.0
15:27:59,7209.01,6665.0,-0.2266,0.0
15:27:59,7209.01,6670.0,0.0658,0.0
15:27:59,7209.01,6675.0,-0.8904,0.0
15:27:59,7209.01,6680.0,-3.188,0.0
15:27:59,7209.01,6685.0,-1.5007,0.0
15:27:59,7209.01,6690.0,-0.6456,0.0
15:27:59,7209.01,6695.0,-0.3155,0.0
15:27:59,7209.01,6700.0,-2.5889,0.0
15:27:59,7209.01,6705.0,-0.3442,0.0
15:27:59,7209.01,6710.0,-0.4654,0.0
15:27:59,7209.01,6715.0,-0.8147,0.0
15:27:59,7209.01,6720.0,-1.9767,2.0
15:27:59,7209.01,6725.0,-0.7089,1.0
15:27:59,7209.01,6730.0,-0.2031,0.0
15:27:59,7209.01,6735.0,-0.5461,2.0
15:27:59,7209.01,6740.0,-0.1725,0.0
15:27:59,7209.01,6745.0,-0.2978,0.0
15:27:59,7209.01,6750.0,-2.1458,12.0
15:27:59,7209.01,6755.0,-1.1942,0.0
15:27:59,7209.01,6760.0,0.584,0.0
15:27:59,7209.01,6765.0,-0.5001,0.0
15:27:59,7209.01,6770.0,-1.8623,15.0
15:27:59,7209.01,6775.0,-1.8287,0.0
15:27:59,7209.01,6780.0,-1.2165,2.0
15:27:59,7209.01,6785.0,-0.5568,0.0
15:27:59,7209.01,6790.0,-1.6059,0.0
15:27:59,7209.01,6795.0,-1.5599,0.0
15:27:59,7209.01,6800.0,-14.9483,0.0
15:27:59,7209.01,6805.0,-1.5236,0.0
15:27:59,7209.01,6810.0,-2.779,0.0
15:27:59,7209.01,6815.0,-1.5029,0.0
15:27:59,7209.01,6820.0,-8.6135,0.0
15:27:59,7209.01,6825.0,-11.0859,0.0
15:27:59,7209.01,6830.0,-1.3341,0.0
15:27:59,7209.01,6835.0,-2.3824,7.0
15:27:59,7209.01,6840.0,-2.8112,0.0
15:27:59,7209.01,6845.0,-1.4139,0.0
15:27:59,7209.01,6850.0,-19.1937,141.0
15:27:59,7209.01,6855.0,-1.4727,23.0
15:27:59,7209.01,6860.0,-15.3699,2.0
15:27:59,7209.01,6865.0,-2.2493,25.0
15:27:59,7209.01,6870.0,-3.2217,101.0
15:27:59,7209.01,6875.0,-18.1423,4.0
15:27:59,7209.01,6880.0,-1.7103,3.0
15:27:59,7209.01,6885.0,-13.7787,2.0
15:27:59,7209.01,6890.0,-9.0792,502.0
15:27:59,7209.01,6895.0,-5.9442,1.0
15:27:59,7209.01,6900.0,-30.446,559.0
15:27:59,7209.01,6905.0,-5.8605,0.0
15:27:59,7209.01,6910.0,3.1748,72.0
15:27:59,7209.01,6915.0,-6.1458,0.0
15:27:59,7209.01,6920.0,-18.2872,1.0
15:27:59,7209.01,6925.0,-20.6735,10.0
15:27:59,7209.01,6930.0,-3.265,5.0
15:27:59,7209.01,6935.0,-4.136,5.0
15:27:59,7209.01,6940.0,-5.3057,11.0
15:27:59,7209.01,6945.0,-5.3091,0.0
15:27:59,7209.01,6950.0,-29.6823,7.0
15:27:59,7209.01,6955.0,-3.658,1.0
15:27:59,7209.01,6960.0,-31.0336,6.0
15:27:59,7209.01,6965.0,-7.7955,51.0
15:27:59,7209.01,6970.0,-9.1511,10.0
15:27:59,7209.01,6975.0,-66.9902,23.0
15:27:59,7209.01,6980.0,-15.3372,52.0
15:27:59,7209.01,6985.0,-60.5548,61.0
15:27:59,7209.01,6990.0,-7.9864,20.0
15:27:59,7209.01,6995.0,-12.6127,21.0
15:27:59,7209.01,7000.0,-29.7525,276.0
15:27:59,7209.01,7005.0,-17.0458,25.0
15:27:59,7209.01,7010.0,-30.4559,25.0
15:27:59,7209.01,7015.0,-27.0448,14.0
15:27:59,7209.01,7020.0,-23.3185,52.0
15:27:59,7209.01,7025.0,-8.1442,67.0
15:27:59,7209.01,7030.0,-28.5778,163.0
15:27:59,7209.01,7035.0,-42.5433,65.0
15:27:59,7209.01,7040.0,-19.33,32.0
15:27:59,7209.01,7045.0,-21.4743,73.0
15:27:59,7209.01,7050.0,-86.176,294.0
15:27:59,7209.01,7055.0,-46.1849,118.0
15:27:59,7209.01,7060.0,-45.9478,134.0
15:27:59,7209.01,7065.0,-62.6794,51.0
15:27:59,7209.01,7070.0,-49.0118,193.0
15:27:59,7209.01,7075.0,-47.8171,357.0
15:27:59,7209.01,7080.0,-88.5076,233.0
15:27:59,7209.01,7085.0,-46.2702,125.0
15:27:59,7209.01,7090.0,-83.4592,145.0
15:27:59,7209.01,7095.0,-110.105,209.0
15:27:59,7209.01,7100.0,-162.7191,616.0
15:27:59,7209.01,7105.0,-27.3159,145.0
15:27:59,7209.01,7110.0,-92.1937,516.0
15:27:59,7209.01,7115.0,-56.113,124.0
15:27:59,7209.01,7120.0,-195.6774,519.0
15:27:59,7209.01,7125.0,-88.0047,455.0
15:27:59,7209.01,7130.0,-267.0146,860.0
15:27:59,7209.01,7135.0,-145.3598,415.0
15:27:59,7209.01,7140.0,-256.3294,1536.0
15:27:59,7209.01,7145.0,-139.1333,374.0
15:27:59,7209.01,7150.0,15.2347,1251.0
15:27:59,7209.01,7155.0,-95.7681,697.0
15:27:59,7209.01,7160.0,-325.3036,899.0
15:27:59,7209.01,7165.0,231.7944,740.0
15:27:59,7209.01,7170.0,18.2348,914.0
15:27:59,7209.01,7175.0,-326.7823,1254.0
15:27:59,7209.01,7180.0,264.6887,1134.0
15:27:59,7209.01,7185.0,-301.4393,881.0
15:27:59,7209.01,7190.0,103.781,1467.0
15:27:59,7209.01,7195.0,123.7185,1521.0
15:27:59,7209.01,7200.0,3863.4916,3013.0
15:27:59,7209.01,7205.0,266.5757,1094.0
15:27:59,7209.01,7210.0,418.3183,1739.0
15:27:59,7209.01,7215.0,504.911,999.0
15:27:59,7209.01,7220.0,811.8159,1649.0
15:27:59,7209.01,7225.0,846.7404,1898.0
15:27:59,7209.01,7230.0,1237.953,2311.0
15:27:59,7209.01,7235.0,577.7571,1862.0
15:27:59,7209.01,7240.0,908.2815,2262.0
15:27:59,7209.01,7245.0,1734.4155,1660.0
15:27:59,7209.01,7250.0,2159.3224,2780.0
15:27:59,7209.01,7255.0,910.5748,2218.0
15:27:59,7209.01,7260.0,681.9157,3141.0
15:27:59,7209.01,7265.0,487.431,1768.0
15:27:59,7209.01,7270.0,517.3208,1723.0
15:27:59,7209.01,7275.0,1349.178,1624.0
15:27:59,7209.01,7280.0,2951.0758,1804.0
15:27:59,7209.01,7285.0,957.3078,764.0
15:27:59,7209.01,7290.0,1355.8153,1069.0
15:27:59,7209.01,7295.0,119.4217,656.0
15:27:59,7209.01,7300.0,540.3155,2388.0
15:27:59,7209.01,7305.0,124.3734,267.0
15:27:59,7209.01,7310.0,422.6601,605.0
15:27:59,7209.01,7315.0,44.5209,205.0
15:27:59,7209.01,7320.0,97.8327,608.0
15:27:59,7209.01,7325.0,84.7556,72.0
15:27:59,7209.01,7330.0,68.2735,771.0
15:27:59,7209.01,7335.0,18.3152,61.0
15:27:59,7209.01,7340.0,928.8116,276.0
15:27:59,7209.01,7345.0,11.8741,44.0
15:27:59,7209.01,7350.0,313.582,194.0
15:27:59,7209.01,7355.0,30.151,4.0
15:27:59,7209.01,7360.0,48.4129,263.0
15:27:59,7209.01,7365.0,4.5387,115.0
15:27:59,7209.01,7370.0,23.7585,40.0
15:27:59,7209.01,7375.0,108.7095,35.0
15:27:59,7209.01,7380.0,17.2808,216.0
15:27:59,7209.01,7385.0,5.9173,22.0
15:27:59,7209.01,7390.0,15.7408,1.0
15:27:59,7209.01,7400.0,25.5658,115.0
15:27:59,7209.01,7410.0,4.8732,87.0
15:27:59,7209.01,7415.0,0.0078,2.0
15:27:59,7209.01,7420.0,5.3143,4.0
15:27:59,7209.01,7425.0,9.8224,3.0
15:27:59,7209.01,7430.0,4.763,34.0
15:27:59,7209.01,7440.0,0.9218,11.0
15:27:59,7209.01,7450.0,2.0994,35.0
15:27:59,7209.01,7460.0,0.5473,26.0
15:27:59,7209.01,7470.0,0.7017,1.0
15:27:59,7209.01,7475.0,0.6891,128.0
15:27:59,7209.01,7480.0,0.0905,0.0
15:27:59,7209.01,7490.0,0.0484,0.0
15:27:59,7209.01,7500.0,0.2426,0.0
15:27:59,7209.01,7510.0,0.013,0.0
15:27:59,7209.01,7525.0,0.05,0.0
15:27:59,7209.01,7550.0,0.0011,0.0
15:27:59,7209.01,9200.0,0.0,1.0
15:28:58,7209.01,1600.0,-0.0,1.0
15:28:58,7209.01,2400.0,-0.0,1.0
15:28:58,7209.01,4800.0,-0.0,1.0
15:28:58,7209.01,6000.0,-0.0002,0.0
15:28:58,7209.01,6050.0,-0.0001,0.0
15:28:58,7209.01,6075.0,-0.0,3.0
15:28:58,7209.01,6100.0,-0.0009,0.0
15:28:58,7209.01,6150.0,-0.0004,0.0
15:28:58,7209.01,6170.0,-0.0001,0.0
15:28:58,7209.01,6175.0,-0.0002,0.0
15:28:58,7209.01,6180.0,-0.0001,0.0
15:28:58,7209.01,6190.0,-0.0001,0.0
15:28:58,7209.01,6200.0,-0.0017,0.0
15:28:58,7209.01,6210.0,-0.0008,0.0
15:28:58,7209.01,6220.0,-0.0002,0.0
15:28:58,7209.01,6225.0,-0.0008,0.0
15:28:58,7209.01,6230.0,-0.0002,0.0
15:28:58,7209.01,6240.0,-0.0003,0.0
15:28:58,7209.01,6250.0,-0.0019,0.0
15:28:58,7209.01,6260.0,-0.001,0.0
15:28:58,7209.01,6270.0,-0.0005,0.0
15:28:58,7209.01,6275.0,-0.0006,0.0
15:28:58,7209.01,6280.0,-0.0004,0.0
15:28:58,7209.01,6290.0,-0.0006,0.0
15:28:58,7209.01,6300.0,-0.0089,0.0
15:28:58,7209.01,6310.0,-0.0006,0.0
15:28:58,7209.01,6320.0,-0.0007,0.0
15:28:58,7209.01,6325.0,-0.0012,0.0
15:28:58,7209.01,6330.0,-0.0007,0.0
15:28:58,7209.01,6340.0,-0.002,0.0
15:28:58,7209.01,6350.0,-0.0182,0.0
15:28:58,7209.01,6360.0,-0.0048,0.0
15:28:58,7209.01,6370.0,-0.0044,0.0
15:28:58,7209.01,6375.0,-0.0094,0.0
15:28:58,7209.01,6380.0,-0.0098,0.0
15:28:58,7209.01,6390.0,-0.014,0.0
15:28:58,7209.01,6400.0,-0.2147,0.0
15:28:58,7209.01,6410.0,-0.0325,0.0
15:28:58,7209.01,6420.0,-0.0022,0.0
15:28:58,7209.01,6425.0,-0.0222,0.0
15:28:58,7209.01,6430.0,-0.0286,0.0
15:28:58,7209.01,6440.0,-0.0455,0.0
15:28:58,7209.01,6450.0,-0.2994,0.0
15:28:58,7209.01,6455.0,-0.0117,0.0
15:28:58,7209.01,6460.0,-0.0266,0.0
15:28:58,7209.01,6465.0,-0.0408,0.0
15:28:58,7209.01,6470.0,-0.0632,0.0
15:28:58,7209.01,6475.0,-0.1542,0.0
15:28:58,7209.01,6480.0,-0.0269,0.0
15:28:58,7209.01,6485.0,-0.035,0.0
15:28:58,7209.01,6490.0,-0.104,0.0
15:28:58,7209.01,6495.0,-0.0844,0.0
15:28:58,7209.01,6500.0,-0.7502,0.0
15:28:58,7209.01,6505.0,-0.0244,0.0
15:28:58,7209.01,6510.0,-0.0905,0.0
15:28:58,7209.01,6515.0,-0.0186,0.0
15:28:58,7209.01,6520.0,-0.4995,0.0
15:28:58,7209.01,6525.0,-0.4291,0.0
15:28:58,7209.01,6530.0,-0.0949,0.0
15:28:58,7209.01,6535.0,-0.1493,0.0
15:28:58,7209.01,6540.0,-0.1233,0.0
15:28:58,7209.01,6545.0,-0.1411,0.0
15:28:58,7209.01,6550.0,-0.362,0.0
15:28:58,7209.01,6555.0,-0.0503,0.0
15:28:58,7209.01,6560.0,-0.1269,0.0
15:28:58,7209.01,6565.0,-0.1623,0.0
15:28:58,7209.01,6570.0,-0.0541,0.0
15:28:58,7209.01,6575.0,0.0817,0.0
15:28:58,7209.01,6580.0,-0.552,0.0
15:28:58,7209.01,6585.0,-0.1379,0.0
15:28:58,7209.01,6590.0,-0.2071,0.0
15:28:58,7209.01,6595.0,-0.6998,0.0
15:28:58,7209.01,6600.0,-2.0929,0.0
15:28:58,7209.01,6605.0,-0.0389,0.0
15:28:58,7209.01,6610.0,-0.0766,0.0
15:28:58,7209.01,6615.0,-0.1063,0.0
15:28:58,7209.01,6620.0,0.0253,0.0
15:28:58,7209.01,6625.0,-0.5176,0.0
15:28:58,7209.01,6630.0,-0.0034,0.0
15:28:58,7209.01,6635.0,-0.5102,0.0
15:28:58,7209.01,6640.0,-0.2474,0.0
15:28:58,7209.01,6645.0,-0.1195,0.0
15:28:58,7209.01,6650.0,-3.7812,0.0
15:28:58,7209.01,6655.0,-0.1831,0.0
15:28:58,7209.01,6660.0,0.1914,0.0
15:28:58,7209.01,6665.0,-0.2266,0.0
15:28:58,7209.01,6670.0,0.0658,0.0
15:28:58,7209.01,6675.0,-0.8904,0.0
15:28:58,7209.01,6680.0,-3.188,0.0
15:28:58,7209.01,6685.0,-1.5007,0.0
15:28:58,7209.01,6690.0,-0.6456,0.0
15:28:58,7209.01,6695.0,-0.3155,0.0
15:28:58,7209.01,6700.0,-2.5889,0.0
15:28:58,7209.01,6705.0,-0.3442,0.0
15:28:58,7209.01,6710.0,-0.4654,0.0
15:28:58,7209.01,6715.0,-0.8147,0.0
15:28:58,7209.01,6720.0,-1.9767,2.0
15:28:58,7209.01,6725.0,-0.7089,1.0
15:28:58,7209.01,6730.0,-0.2031,0.0
15:28:58,7209.01,6735.0,-0.5461,2.0
15:28:58,7209.01,6740.0,-0.1725,0.0
15:28:58,7209.01,6745.0,-0.2978,0.0
15:28:58,7209.01,6750.0,-2.1458,12.0
15:28:58,7209.01,6755.0,-1.1942,0.0
15:28:58,7209.01,6760.0,0.584,0.0
15:28:58,7209.01,6765.0,-0.5001,0.0
15:28:58,7209.01,6770.0,-1.8623,15.0
15:28:58,7209.01,6775.0,-1.8287,0.0
15:28:58,7209.01,6780.0,-1.2165,2.0
15:28:58,7209.01,6785.0,-0.5568,0.0
15:28:58,7209.01,6790.0,-1.6059,0.0
15:28:58,7209.01,6795.0,-1.5599,0.0
15:28:58,7209.01,6800.0,-14.9483,0.0
15:28:58,7209.01,6805.0,-1.5236,0.0
15:28:58,7209.01,6810.0,-2.577,0.0
15:28:58,7209.01,6815.0,-1.5029,0.0
15:28:58,7209.01,6820.0,-8.2554,0.0
15:28:58,7209.01,6825.0,-10.0297,0.0
15:28:58,7209.01,6830.0,-0.9602,0.0
15:28:58,7209.01,6835.0,-2.3824,7.0
15:28:58,7209.01,6840.0,-2.1487,0.0
15:28:58,7209.01,6845.0,-1.4139,0.0
15:28:58,7209.01,6850.0,-16.6269,141.0
15:28:58,7209.01,6855.0,-1.4727,23.0
15:28:58,7209.01,6860.0,-14.7163,2.0
15:28:58,7209.01,6865.0,-2.2493,25.0
15:28:58,7209.01,6870.0,-2.4057,101.0
15:28:58,7209.01,6875.0,-18.1423,4.0
15:28:58,7209.01,6880.0,-1.7103,3.0
15:28:58,7209.01,6885.0,-13.7787,2.0
15:28:58,7209.01,6890.0,-9.0792,502.0
15:28:58,7209.01,6895.0,-5.9442,1.0
15:28:58,7209.01,6900.0,-30.446,559.0
15:28:58,7209.01,6905.0,-5.8605,0.0
15:28:58,7209.01,6910.0,3.1748,72.0
15:28:58,7209.01,6915.0,-6.1458,0.0
15:28:58,7209.01,6920.0,-18.2872,1.0
15:28:58,7209.01,6925.0,-20.6735,10.0
15:28:58,7209.01,6930.0,-3.265,5.0
15:28:58,7209.01,6935.0,-4.136,5.0
15:28:58,7209.01,6940.0,-5.3057,11.0
15:28:58,7209.01,6945.0,-5.3091,0.0
15:28:58,7209.01,6950.0,-29.6823,7.0
15:28:58,7209.01,6955.0,-3.658,1.0
15:28:58,7209.01,6960.0,-31.0336,6.0
15:28:58,7209.01,6965.0,-7.7955,51.0
15:28:58,7209.01,6970.0,-9.1511,10.0
15:28:58,7209.01,6975.0,-66.9902,23.0
15:28:58,7209.01,6980.0,-15.3372,52.0
15:28:58,7209.01,6985.0,-60.5548,61.0
15:28:58,7209.01,6990.0,-7.9864,20.0
15:28:58,7209.01,6995.0,-12.6127,21.0
15:28:58,7209.01,7000.0,-29.7525,276.0
15:28:58,7209.01,7005.0,-17.0458,25.0
15:28:58,7209.01,7010.0,-30.4559,25.0
15:28:58,7209.01,7015.0,-27.0448,14.0
15:28:58,7209.01,7020.0,-23.3185,52.0
15:28:58,7209.01,7025.0,-8.1442,67.0
15:28:58,7209.01,7030.0,-28.5778,163.0
15:28:58,7209.01,7035.0,-42.5433,65.0
15:28:58,7209.01,7040.0,-19.33,32.0
15:28:58,7209.01,7045.0,-21.4743,73.0
15:28:58,7209.01,7050.0,-86.176,294.0
15:28:58,7209.01,7055.0,-46.1849,118.0
15:28:58,7209.01,7060.0,-45.9478,134.0
15:28:58,7209.01,7065.0,-62.6794,51.0
15:28:58,7209.01,7070.0,-49.0118,193.0
15:28:58,7209.01,7075.0,-47.8171,357.0
15:28:58,7209.01,7080.0,-88.5076,233.0
15:28:58,7209.01,7085.0,-46.2702,125.0
15:28:58,7209.01,7090.0,-83.4592,145.0
15:28:58,7209.01,7095.0,-110.105,209.0
15:28:58,7209.01,7100.0,-162.7191,616.0
15:28:58,7209.01,7105.0,-27.3159,145.0
15:28:58,7209.01,7110.0,-92.1937,516.0
15:28:58,7209.01,7115.0,-56.113,124.0
15:28:58,7209.01,7120.0,-195.6774,519.0
15:28:58,7209.01,7125.0,-88.0047,455.0
15:28:58,7209.01,7130.0,-267.0146,860.0
15:28:58,7209.01,7135.0,-145.3598,415.0
15:28:58,7209.01,7140.0,-256.3294,1536.0
15:28:58,7209.01,7145.0,-139.1333,374.0
15:28:58,7209.01,7150.0,15.2347,1251.0
15:28:58,7209.01,7155.0,-95.7681,697.0
15:28:58,7209.01,7160.0,-325.3036,899.0
15:28:58,7209.01,7165.0,231.7944,740.0
15:28:58,7209.01,7170.0,18.2348,914.0
15:28:58,7209.01,7175.0,-326.7823,1254.0
15:28:58,7209.01,7180.0,264.6887,1134.0
15:28:58,7209.01,7185.0,-301.4393,881.0
15:28:58,7209.01,7190.0,103.781,1467.0
15:28:58,7209.01,7195.0,123.7185,1521.0
15:28:58,7209.01,7200.0,3863.4916,3013.0
15:28:58,7209.01,7205.0,266.5757,1094.0
15:28:58,7209.01,7210.0,418.3183,1739.0
15:28:58,7209.01,7215.0,504.911,999.0
15:28:58,7209.01,7220.0,811.8159,1649.0
15:28:58,7209.01,7225.0,846.7404,1898.0
15:28:58,7209.01,7230.0,1237.953,2311.0
15:28:58,7209.01,7235.0,577.7571,1862.0
15:28:58,7209.01,7240.0,908.2815,2262.0
15:28:58,7209.01,7245.0,1734.4155,1660.0
15:28:58,7209.01,7250.0,2159.3224,2780.0
15:28:58,7209.01,7255.0,910.5748,2218.0
15:28:58,7209.01,7260.0,681.9157,3141.0
15:28:58,7209.01,7265.0,487.431,1768.0
15:28:58,7209.01,7270.0,517.3208,1723.0
15:28:58,7209.01,7275.0,1349.178,1624.0
15:28:58,7209.01,7280.0,2951.0758,1804.0
15:28:58,7209.01,7285.0,957.3078,764.0
15:28:58,7209.01,7290.0,1355.8153,1069.0
15:28:58,7209.01,7295.0,119.4217,656.0
15:28:58,7209.01,7300.0,540.3155,2388.0
15:28:58,7209.01,7305.0,124.3734,267.0
15:28:58,7209.01,7310.0,422.6601,605.0
15:28:58,7209.01,7315.0,44.5209,205.0
15:28:58,7209.01,7320.0,97.8327,608.0
15:28:58,7209.01,7325.0,84.7556,72.0
15:28:58,7209.01,7330.0,68.2735,771.0
15:28:58,7209.01,7335.0,18.3152,61.0
15:28:58,7209.01,7340.0,928.8116,276.0
15:28:58,7209.01,7345.0,11.8741,44.0
15:28:58,7209.01,7350.0,313.582,194.0
15:28:58,7209.01,7355.0,30.151,4.0
15:28:58,7209.01,7360.0,48.4129,263.0
15:28:58,7209.01,7365.0,4.5387,115.0
15:28:58,7209.01,7370.0,23.7585,40.0
15:28:58,7209.01,7375.0,108.7095,35.0
15:28:58,7209.01,7380.0,17.2808,216.0
15:28:58,7209.01,7385.0,5.9173,22.0
15:28:58,7209.01,7390.0,15.7408,1.0
15:28:58,7209.01,7400.0,25.5658,115.0
15:28:58,7209.01,7410.0,4.8732,87.0
15:28:58,7209.01,7415.0,0.0078,2.0
15:28:58,7209.01,7420.0,5.3143,4.0
15:28:58,7209.01,7425.0,9.8224,3.0
15:28:58,7209.01,7430.0,9.4643,34.0
15:28:58,7209.01,7440.0,0.9218,11.0
15:28:58,7209.01,7450.0,2.0994,35.0
15:28:58,7209.01,7460.0,0.5473,26.0
15:28:58,7209.01,7470.0,0.7017,1.0
15:28:58,7209.01,7475.0,0.6891,128.0
15:28:58,7209.01,7480.0,0.0905,0.0
15:28:58,7209.01,7490.0,0.0484,0.0
15:28:58,7209.01,7500.0,0.2426,0.0
15:28:58,7209.01,7510.0,0.013,0.0
15:28:58,7209.01,7525.0,0.05,0.0
15:28:58,7209.01,7550.0,0.0011,0.0
15:28:58,7209.01,9200.0,0.0,1.0
15:32:28,7234.98,1600.0,-0.0,1.0
15:32:28,7234.98,2400.0,-0.0,1.0
15:32:28,7234.98,5850.0,-0.0,1.0
15:32:28,7234.98,6000.0,-0.0003,0.0
15:32:28,7234.98,6050.0,-0.0,1.0
15:32:28,7234.98,6075.0,-0.0,3.0
15:32:28,7234.98,6210.0,-0.0008,0.0
15:32:28,7234.98,6220.0,-0.0002,0.0
15:32:28,7234.98,6380.0,-0.0105,0.0
15:32:28,7234.98,6390.0,-0.0144,0.0
15:32:28,7234.98,6410.0,-0.0333,0.0
15:32:28,7234.98,6420.0,-0.0091,0.0
15:32:28,7234.98,6430.0,-0.0336,0.0
15:32:28,7234.98,6440.0,-0.0481,0.0
15:32:28,7234.98,6455.0,-0.0119,0.0
15:32:28,7234.98,6460.0,-0.0416,0.0
15:32:28,7234.98,6465.0,-0.0422,0.0
15:32:28,7234.98,6470.0,-0.0662,0.0
15:32:28,7234.98,6480.0,-0.0417,0.0
15:32:28,7234.98,6485.0,-0.0353,0.0
15:32:28,7234.98,6490.0,-0.1087,0.0
15:32:28,7234.98,6495.0,-0.085,0.0
15:32:28,7234.98,6505.0,-0.0245,0.0
15:32:28,7234.98,6510.0,-0.1132,10.0
15:32:28,7234.98,6515.0,-0.0188,0.0
15:32:28,7234.98,6520.0,-0.5379,0.0
15:32:28,7234.98,6530.0,-0.0956,0.0
15:32:28,7234.98,6535.0,-0.1504,0.0
15:32:28,7234.98,6540.0,-0.1525,10.0
15:32:28,7234.98,6545.0,-0.1421,0.0
15:32:28,7234.98,6550.0,-0.0,9.0
15:32:28,7234.98,6555.0,-0.0506,0.0
15:32:28,7234.98,6560.0,-0.1543,0.0
15:32:28,7234.98,6565.0,-0.1635,0.0
15:32:28,7234.98,6570.0,-0.1584,0.0
15:32:28,7234.98,6580.0,-0.556,0.0
15:32:28,7234.98,6585.0,-0.1389,0.0
15:32:28,7234.98,6595.0,-0.7048,110.0
15:32:28,7234.98,6605.0,-0.0392,0.0
15:32:28,7234.98,6615.0,-0.1071,0.0
15:32:28,7234.98,6635.0,-0.5139,0.0
15:32:28,7234.98,6645.0,-0.1203,0.0
15:32:28,7234.98,6655.0,0.0009,0.0
15:32:28,7234.98,6660.0,0.1928,0.0
15:32:28,7234.98,6665.0,0.0019,0.0
15:32:28,7234.98,6670.0,0.0663,0.0
15:32:28,7234.98,6685.0,-1.5116,0.0
15:32:28,7234.98,6695.0,-0.3177,0.0
15:32:28,7234.98,6700.0,-0.0,3.0
15:32:28,7234.98,6705.0,-0.3501,0.0
15:32:28,7234.98,6715.0,-0.8254,0.0
15:32:28,7234.98,6720.0,-0.0,2.0
15:32:28,7234.98,6725.0,-1.2083,1.0
15:32:28,7234.98,6730.0,-0.4091,1.0
15:32:28,7234.98,6735.0,-0.5541,2.0
15:32:28,7234.98,6740.0,-0.3502,0.0
15:32:28,7234.98,6745.0,-0.3057,0.0
15:32:28,7234.98,6750.0,-2.9315,12.0
15:32:28,7234.98,6755.0,-1.2896,0.0
15:32:28,7234.98,6760.0,-0.8457,0.0
15:32:28,7234.98,6765.0,-0.5219,4.0
15:32:28,7234.98,6770.0,-2.1171,15.0
15:32:28,7234.98,6775.0,-2.5139,62.0
15:32:28,7234.98,6780.0,-1.6657,2.0
15:32:28,7234.98,6785.0,-0.6439,40.0
15:32:28,7234.98,6790.0,-1.8145,10.0
15:32:28,7234.98,6795.0,-1.5711,0.0
15:32:28,7234.98,6800.0,-17.2496,16.0
15:32:28,7234.98,6805.0,-1.5345,0.0
15:32:28,7234.98,6810.0,-2.795,0.0
15:32:28,7234.98,6815.0,-1.5137,22.0
15:32:28,7234.98,6820.0,-8.662,35.0
15:32:28,7234.98,6825.0,-0.3964,49.0
15:32:28,7234.98,6830.0,-0.0456,25.0
15:32:28,7234.98,6835.0,-2.3996,1.0
15:32:28,7234.98,6840.0,-0.1746,6.0
15:32:28,7234.98,6845.0,-1.7555,0.0
15:32:28,7234.98,6850.0,-2.2917,6.0
15:32:28,7234.98,6855.0,-0.2664,1.0
15:32:28,7234.98,6860.0,-3.164,2.0
15:32:28,7234.98,6865.0,-0.5821,25.0
15:32:28,7234.98,6870.0,-0.6171,1.0
15:32:28,7234.98,6875.0,-5.8865,17.0
15:32:28,7234.98,6880.0,-0.4668,38.0
15:32:28,7234.98,6885.0,-5.0257,32.0
15:32:28,7234.98,6890.0,-3.3724,35.0
15:32:28,7234.98,6895.0,-2.2696,37.0
15:32:28,7234.98,6900.0,-10.4353,34.0
15:32:28,7234.98,6905.0,-2.2926,1.0
15:32:28,7234.98,6910.0,-2.7255,21.0
15:32:28,7234.98,6915.0,-2.4908,22.0
15:32:28,7234.98,6920.0,-18.8725,9.0
15:32:28,7234.98,6925.0,-7.9351,167.0
15:32:28,7234.98,6930.0,-1.8037,106.0
15:32:28,7234.98,6935.0,-1.814,43.0
15:32:28,7234.98,6940.0,-2.3328,27.0
15:32:28,7234.98,6945.0,-2.3697,55.0
15:32:28,7234.98,6950.0,-14.4831,114.0
15:32:28,7234.98,6955.0,-1.7205,4.0
15:32:28,7234.98,6960.0,-15.092,28.0
15:32:28,7234.98,6965.0,-3.8836,51.0
15:32:28,7234.98,6970.0,-4.5759,5.0
15:32:28,7234.98,6975.0,-34.0348,13.0
15:32:28,7234.98,6980.0,-7.8471,41.0
15:32:28,7234.98,6985.0,-31.2126,10.0
15:32:28,7234.98,6990.0,-3.9668,31.0
15:32:28,7234.98,6995.0,-5.8139,19.0
15:32:28,7234.98,7000.0,-12.0243,117.0
15:32:28,7234.98,7005.0,-8.4127,596.0
15:32:28,7234.98,7010.0,-13.4808,66.0
15:32:28,7234.98,7015.0,-12.134,102.0
15:32:28,7234.98,7020.0,-11.9824,66.0
15:32:28,7234.98,7025.0,-1.0134,25.0
15:32:28,7234.98,7030.0,-13.9054,146.0
15:32:28,7234.98,7035.0,-21.4076,126.0
15:32:28,7234.98,7040.0,-8.6592,146.0
15:32:28,7234.98,7045.0,-12.0535,218.0
15:32:28,7234.98,7050.0,-28.7854,363.0
15:32:28,7234.98,7055.0,-24.8119,83.0
15:32:28,7234.98,7060.0,-26.0747,394.0
15:32:28,7234.98,7065.0,-31.8141,72.0
15:32:28,7234.98,7070.0,-27.3946,119.0
15:32:28,7234.98,7075.0,-10.9905,133.0
15:32:28,7234.98,7080.0,-45.4718,171.0
15:32:28,7234.98,7085.0,-20.5125,168.0
15:32:28,7234.98,7090.0,-36.9398,171.0
15:32:28,7234.98,7095.0,-47.2221,217.0
15:32:28,7234.98,7100.0,-49.9565,395.0
15:32:28,7234.98,7105.0,-11.02,108.0
15:32:28,7234.98,7110.0,-24.6683,318.0
15:32:28,7234.98,7115.0,-26.9045,318.0
15:32:28,7234.98,7120.0,-63.85,406.0
15:32:28,7234.98,7125.0,-29.4886,344.0
15:32:28,7234.98,7130.0,-81.6697,523.0
15:32:28,7234.98,7135.0,-65.6526,400.0
15:32:28,7234.98,7140.0,-77.9133,589.0
15:32:28,7234.98,7145.0,-68.6188,481.0
15:32:28,7234.98,7150.0,5.4076,679.0
15:32:28,7234.98,7155.0,-49.5842,273.0
15:32:28,7234.98,7160.0,-111.8474,1351.0
15:32:28,7234.98,7165.0,131.2122,335.0
15:32:28,7234.98,7170.0,8.1929,442.0
15:32:28,7234.98,7175.0,-211.0572,1479.0
15:32:28,7234.98,7180.0,134.777,1657.0
15:32:28,7234.98,7185.0,-303.615,881.0
15:32:28,7234.98,7190.0,58.4786,695.0
15:32:28,7234.98,7195.0,124.6114,1521.0
15:32:28,7234.98,7200.0,2803.2815,2549.0
15:32:28,7234.98,7205.0,268.4998,1094.0
15:32:28,7234.98,7210.0,401.3127,869.0
15:32:28,7234.98,7215.0,508.5554,999.0
15:32:28,7234.98,7220.0,961.7533,809.0
15:32:28,7234.98,7225.0,1119.225,822.0
15:32:28,7234.98,7230.0,1787.5022,1286.0
15:32:28,7234.98,7235.0,581.9273,1862.0
15:32:28,7234.98,7240.0,1579.8221,1827.0
15:32:28,7234.98,7245.0,1746.9342,1660.0
15:32:28,7234.98,7250.0,4432.5764,1534.0
15:32:28,7234.98,7255.0,917.1472,2218.0
15:32:28,7234.98,7260.0,1420.6526,2053.0
15:32:28,7234.98,7265.0,490.9492,1768.0
15:32:28,7234.98,7270.0,1079.1912,1338.0
15:32:28,7234.98,7275.0,2213.1755,1579.0
15:32:28,7234.98,7280.0,5111.1894,1351.0
15:32:28,7234.98,7285.0,964.2176,764.0
15:32:28,7234.98,7290.0,2498.044,1310.0
15:32:28,7234.98,7295.0,120.2836,656.0
15:32:28,7234.98,7300.0,909.3502,575.0
15:32:28,7234.98,7305.0,125.2711,267.0
15:32:28,7234.98,7310.0,673.0683,804.0
15:32:28,7234.98,7315.0,44.8422,205.0
15:32:28,7234.98,7320.0,82.377,156.0
15:32:28,7234.98,7325.0,88.2718,298.0
15:32:28,7234.98,7330.0,56.1504,31.0
15:32:28,7234.98,7335.0,18.4474,61.0
15:32:28,7234.98,7340.0,747.9513,67.0
15:32:28,7234.98,7345.0,11.9598,44.0
15:32:28,7234.98,7350.0,298.3084,760.0
15:32:28,7234.98,7355.0,30.3686,4.0
15:32:28,7234.98,7360.0,36.6034,11.0
15:32:28,7234.98,7365.0,4.5715,115.0
15:32:28,7234.98,7370.0,23.93,18.0
15:32:28,7234.98,7375.0,96.539,1279.0
15:32:28,7234.98,7380.0,17.4055,216.0
15:32:28,7234.98,7385.0,5.9601,22.0
15:32:28,7234.98,7390.0,15.8545,1.0
15:32:28,7234.98,7400.0,21.4396,22.0
15:32:28,7234.98,7410.0,4.9084,87.0
15:32:28,7234.98,7415.0,0.0078,2.0
15:32:28,7234.98,7420.0,5.3526,4.0
15:32:28,7234.98,7425.0,7.5461,3.0
15:32:28,7234.98,7430.0,9.5326,34.0
15:32:28,7234.98,7440.0,0.9285,11.0
15:32:28,7234.98,7450.0,1.5101,35.0
15:32:28,7234.98,7460.0,0.5512,26.0
15:32:28,7234.98,7470.0,0.7067,1.0
15:32:28,7234.98,7475.0,0.5111,128.0
15:32:28,7234.98,7480.0,0.0912,0.0
15:32:28,7234.98,7490.0,0.0487,0.0
15:32:28,7234.98,7500.0,0.189,0.0
15:32:28,7234.98,7510.0,0.0131,0.0
15:32:28,7234.98,7525.0,0.0382,3.0
15:32:28,7234.98,7550.0,0.0009,0.0
15:32:28,7234.98,7625.0,0.0,1.0
15:32:28,7234.98,8400.0,0.0,2.0
15:32:28,7234.98,8600.0,0.0,3.0
15:32:28,7234.98,9200.0,0.0,1.0
15:32:44,7242.81,1600.0,-0.0,1.0
15:32:44,7242.81,2400.0,-0.0,1.0
15:32:44,7242.81,5850.0,-0.0,1.0
15:32:44,7242.81,6050.0,-0.0,1.0
15:32:44,7242.81,6075.0,-0.0,3.0
15:32:44,7242.81,6210.0,-0.0008,0.0
15:32:44,7242.81,6220.0,-0.0002,0.0
15:32:44,7242.81,6380.0,-0.0106,0.0
15:32:44,7242.81,6390.0,-0.0145,0.0
15:32:44,7242.81,6410.0,-0.0333,0.0
15:32:44,7242.81,6420.0,-0.0091,0.0
15:32:44,7242.81,6430.0,-0.0337,0.0
15:32:44,7242.81,6440.0,-0.0482,0.0
15:32:44,7242.81,6455.0,-0.0119,0.0
15:32:44,7242.81,6460.0,-0.0417,0.0
15:32:44,7242.81,6465.0,-0.0423,0.0
15:32:44,7242.81,6470.0,-0.0663,0.0
15:32:44,7242.81,6480.0,-0.0418,0.0
15:32:44,7242.81,6485.0,-0.0353,0.0
15:32:44,7242.81,6490.0,-0.1089,0.0
15:32:44,7242.81,6495.0,-0.0852,0.0
15:32:44,7242.81,6505.0,-0.0246,0.0
15:32:44,7242.81,6510.0,-0.1134,10.0
15:32:44,7242.81,6515.0,-0.0188,0.0
15:32:44,7242.81,6520.0,-0.5391,0.0
15:32:44,7242.81,6530.0,-0.0958,0.0
15:32:44,7242.81,6535.0,-0.1507,0.0
15:32:44,7242.81,6540.0,-0.1529,10.0
15:32:44,7242.81,6545.0,-0.1424,0.0
15:32:44,7242.81,6550.0,-0.0,9.0
15:32:44,7242.81,6555.0,-0.0507,0.0
15:32:44,7242.81,6560.0,-0.1546,0.0
15:32:44,7242.81,6565.0,-0.1639,0.0
15:32:44,7242.81,6570.0,-0.1587,0.0
15:32:44,7242.81,6580.0,-0.5572,0.0
15:32:44,7242.81,6585.0,-0.1392,0.0
15:32:44,7242.81,6595.0,-0.7063,110.0
15:32:44,7242.81,6605.0,-0.0393,0.0
15:32:44,7242.81,6615.0,-0.1073,0.0
15:32:44,7242.81,6635.0,-0.515,0.0
15:32:44,7242.81,6645.0,-0.1206,0.0
15:32:44,7242.81,6650.0,-0.0,1.0
15:32:44,7242.81,6655.0,0.0009,0.0
15:32:44,7242.81,6665.0,0.0019,0.0
15:32:44,7242.81,6685.0,-1.5149,0.0
15:32:44,7242.81,6695.0,-0.3184,0.0
15:32:44,7242.81,6700.0,-0.0,3.0
15:32:44,7242.81,6705.0,-0.3509,0.0
15:32:44,7242.81,6715.0,-0.8272,0.0
15:32:44,7242.81,6720.0,-0.0,2.0
15:32:44,7242.81,6725.0,-0.0,1.0
15:32:44,7242.81,6730.0,-0.0,1.0
15:32:44,7242.81,6735.0,-0.5553,2.0
15:32:44,7242.81,6745.0,-0.3064,0.0
15:32:44,7242.81,6750.0,-0.0004,15.0
15:32:44,7242.81,6755.0,-1.2924,0.0
15:32:44,7242.81,6760.0,0.0003,0.0
15:32:44,7242.81,6765.0,-0.5231,4.0
15:32:44,7242.81,6770.0,-0.0018,15.0
15:32:44,7242.81,6775.0,-0.0027,62.0
15:32:44,7242.81,6780.0,-0.0026,2.0
15:32:44,7242.81,6785.0,-0.6453,40.0
15:32:44,7242.81,6790.0,-0.0073,10.0
15:32:44,7242.81,6795.0,-1.5745,0.0
15:32:44,7242.81,6800.0,-0.1346,16.0
15:32:44,7242.81,6805.0,-1.5379,0.0
15:32:44,7242.81,6810.0,-0.0438,0.0
15:32:44,7242.81,6815.0,-1.517,22.0
15:32:44,7242.81,6820.0,-0.2539,35.0
15:32:44,7242.81,6825.0,-0.409,49.0
15:32:44,7242.81,6830.0,-0.0515,25.0
15:32:44,7242.81,6835.0,-2.4048,1.0
15:32:44,7242.81,6840.0,-0.1951,6.0
15:32:44,7242.81,6845.0,-1.7593,0.0
15:32:44,7242.81,6850.0,-2.436,6.0
15:32:44,7242.81,6855.0,-0.267,1.0
15:32:44,7242.81,6860.0,-3.2283,2.0
15:32:44,7242.81,6865.0,-0.5833,25.0
15:32:44,7242.81,6870.0,-0.7217,1.0
15:32:44,7242.81,6875.0,-6.1311,17.0
15:32:44,7242.81,6880.0,-0.6257,38.0
15:32:44,7242.81,6885.0,-5.0366,32.0
15:32:44,7242.81,6890.0,-3.3797,35.0
15:32:44,7242.81,6895.0,-2.2746,37.0
15:32:44,7242.81,6900.0,-11.415,37.0
15:32:44,7242.81,6905.0,-2.2976,1.0
15:32:44,7242.81,6910.0,-2.7314,21.0
15:32:44,7242.81,6915.0,-2.4962,22.0
15:32:44,7242.81,6920.0,-18.9134,9.0
15:32:44,7242.81,6925.0,-8.2781,167.0
15:32:44,7242.81,6930.0,-1.8076,106.0
15:32:44,7242.81,6935.0,-1.8179,43.0
15:32:44,7242.81,6940.0,-2.3378,27.0
15:32:44,7242.81,6945.0,-2.3748,55.0
15:32:44,7242.81,6950.0,-13.4916,116.0
15:32:44,7242.81,6955.0,-1.7242,4.0
15:32:44,7242.81,6960.0,-15.1247,28.0
15:32:44,7242.81,6965.0,-3.892,51.0
15:32:44,7242.81,6970.0,-4.5858,5.0
15:32:44,7242.81,6975.0,-34.5045,13.0
15:32:44,7242.81,6980.0,-7.8641,41.0
15:32:44,7242.81,6985.0,-31.2802,10.0
15:32:44,7242.81,6990.0,-3.9754,31.0
15:32:44,7242.81,6995.0,-5.8265,19.0
15:32:44,7242.81,7000.0,-14.9095,149.0
15:32:44,7242.81,7005.0,-8.4309,596.0
15:32:44,7242.81,7010.0,-13.51,66.0
15:32:44,7242.81,7015.0,-12.1603,102.0
15:32:44,7242.81,7020.0,-12.0084,66.0
15:32:44,7242.81,7025.0,-4.2603,26.0
15:32:44,7242.81,7030.0,-13.9356,146.0
15:32:44,7242.81,7035.0,-21.454,126.0
15:32:44,7242.81,7040.0,-8.678,146.0
15:32:44,7242.81,7045.0,-8.8055,218.0
15:32:44,7242.81,7050.0,-34.829,536.0
15:32:44,7242.81,7055.0,-18.4152,83.0
15:32:44,7242.81,7060.0,-26.1312,394.0
15:32:44,7242.81,7065.0,-23.8629,72.0
15:32:44,7242.81,7070.0,-27.4539,119.0
15:32:44,7242.81,7075.0,-18.8069,151.0
15:32:44,7242.81,7080.0,-45.5702,171.0
15:32:44,7242.81,7085.0,-15.4035,168.0
15:32:44,7242.81,7090.0,-37.0198,171.0
15:32:44,7242.81,7095.0,-36.0795,217.0
15:32:44,7242.81,7100.0,-50.0647,428.0
15:32:44,7242.81,7105.0,-8.6225,107.0
15:32:44,7242.81,7110.0,-24.7217,318.0
15:32:44,7242.81,7115.0,-20.4893,318.0
15:32:44,7242.81,7120.0,-63.9883,406.0
15:32:44,7242.81,7125.0,-29.5524,344.0
15:32:44,7242.81,7130.0,-81.8466,523.0
15:32:44,7242.81,7135.0,-45.0982,401.0
15:32:44,7242.81,7140.0,-78.082,589.0
15:32:44,7242.81,7145.0,-45.8662,481.0
15:32:44,7242.81,7150.0,4.9794,774.0
15:32:44,7242.81,7155.0,-30.967,273.0
15:32:44,7242.81,7160.0,-112.0896,1351.0
15:32:44,7242.81,7165.0,90.6472,335.0
15:32:44,7242.81,7170.0,8.2107,442.0
15:32:44,7242.81,7175.0,-211.5142,1479.0
15:32:44,7242.81,7180.0,135.0689,1657.0
15:32:44,7242.81,7185.0,-169.0457,470.0
15:32:44,7242.81,7190.0,58.6053,695.0
15:32:44,7242.81,7195.0,62.9632,819.0
15:32:44,7242.81,7200.0,3135.5201,2890.0
15:32:44,7242.81,7205.0,227.6353,720.0
15:32:44,7242.81,7210.0,402.1818,869.0
15:32:44,7242.81,7215.0,543.8763,673.0
15:32:44,7242.81,7220.0,963.8361,809.0
15:32:44,7242.81,7225.0,1121.6489,822.0
15:32:44,7242.81,7230.0,1790.2804,1291.0
15:32:44,7242.81,7235.0,913.2016,1471.0
15:32:44,7242.81,7240.0,1573.8647,1830.0
15:32:44,7242.81,7245.0,3212.795,3570.0
15:32:44,7242.81,7250.0,4254.7226,1935.0
15:32:44,7242.81,7255.0,1903.4736,1397.0
15:32:44,7242.81,7260.0,1418.7515,2053.0
15:32:44,7242.81,7265.0,1019.1005,1410.0
15:32:44,7242.81,7270.0,1079.3827,1338.0
15:32:44,7242.81,7275.0,2217.9685,1579.0
15:32:44,7242.81,7280.0,5121.948,1351.0
15:32:44,7242.81,7285.0,1602.2319,4237.0
15:32:44,7242.81,7290.0,2494.2989,1310.0
15:32:44,7242.81,7295.0,240.552,882.0
15:32:44,7242.81,7300.0,913.2238,683.0
15:32:44,7242.81,7305.0,190.6109,894.0
15:32:44,7242.81,7310.0,674.2424,804.0
15:32:44,7242.81,7315.0,74.4301,451.0
15:32:44,7242.81,7320.0,103.6328,156.0
15:32:44,7242.81,7325.0,88.4629,298.0
15:32:44,7242.81,7330.0,69.8855,31.0
15:32:44,7242.81,7335.0,18.3731,618.0
15:32:44,7242.81,7340.0,914.9093,67.0
15:32:44,7242.81,7345.0,11.5013,160.0
15:32:44,7242.81,7350.0,298.9544,770.0
15:32:44,7242.81,7355.0,28.2889,103.0
15:32:44,7242.81,7360.0,44.7914,11.0
15:32:44,7242.81,7365.0,4.1405,2.0
15:32:44,7242.81,7370.0,21.3901,18.0
15:32:44,7242.81,7375.0,96.7481,1279.0
15:32:44,7242.81,7380.0,15.2331,311.0
15:32:44,7242.81,7385.0,5.176,1501.0
15:32:44,7242.81,7390.0,13.6179,3.0
15:32:44,7242.81,7400.0,21.4861,22.0
15:32:44,7242.81,7405.0,0.0067,1.0
15:32:44,7242.81,7410.0,3.9469,87.0
15:32:44,7242.81,7415.0,0.0104,2.0
15:32:44,7242.81,7420.0,4.1495,4.0
15:32:44,7242.81,7425.0,7.5625,3.0
15:32:44,7242.81,7430.0,7.1395,34.0
15:32:44,7242.81,7440.0,0.6728,11.0
15:32:44,7242.81,7450.0,1.5134,35.0
15:32:44,7242.81,7460.0,0.3965,26.0
15:32:44,7242.81,7470.0,0.5164,1.0
15:32:44,7242.81,7475.0,0.5122,128.0
15:32:44,7242.81,7480.0,0.068,0.0
15:32:44,7242.81,7490.0,0.0372,0.0
15:32:44,7242.81,7500.0,0.1894,0.0
15:32:44,7242.81,7510.0,0.01,0.0
15:32:44,7242.81,7525.0,0.0383,3.0
15:32:44,7242.81,7550.0,0.0009,0.0
15:32:44,7242.81,7625.0,0.0,1.0
15:32:44,7242.81,8400.0,0.0,2.0
15:32:44,7242.81,8600.0,0.0,3.0
15:34:57,7245.46,2400.0,-0.0,1.0
15:34:57,7245.46,5850.0,-0.0,1.0
15:34:57,7245.46,6050.0,-0.0,1.0
15:34:57,7245.46,6075.0,-0.0,3.0
15:34:57,7245.46,6100.0,-0.0,7.0
15:34:57,7245.46,6210.0,-0.0008,0.0
15:34:57,7245.46,6220.0,-0.0002,0.0
15:34:57,7245.46,6510.0,-0.0,20.0
15:34:57,7245.46,6520.0,-0.0,9.0
15:34:57,7245.46,6540.0,-0.0,20.0
15:34:57,7245.46,6550.0,-0.0,9.0
15:34:57,7245.46,6565.0,-0.1646,0.0
15:34:57,7245.46,6580.0,-0.0,2.0
15:34:57,7245.46,6595.0,-0.0,508.0
15:34:57,7245.46,6650.0,-0.0,1.0
15:34:57,7245.46,6685.0,-1.5201,0.0
15:34:57,7245.46,6695.0,-0.3328,0.0
15:34:57,7245.46,6700.0,-0.0,3.0
15:34:57,7245.46,6705.0,-0.3511,0.0
15:34:57,7245.46,6715.0,-0.8278,0.0
15:34:57,7245.46,6720.0,-0.0,2.0
15:34:57,7245.46,6725.0,-0.0,1.0
15:34:57,7245.46,6730.0,-0.0,1.0
15:34:57,7245.46,6735.0,-0.5557,2.0
15:34:57,7245.46,6745.0,-0.3066,0.0
15:34:57,7245.46,6750.0,-0.0004,36.0
15:34:57,7245.46,6755.0,-1.2934,0.0
15:34:57,7245.46,6765.0,-0.5235,4.0
15:34:57,7245.46,6770.0,-0.0026,15.0
15:34:57,7245.46,6775.0,-0.0037,62.0
15:34:57,7245.46,6780.0,-0.0035,2.0
15:34:57,7245.46,6785.0,-0.6457,40.0
15:34:57,7245.46,6790.0,-0.0084,10.0
15:34:57,7245.46,6795.0,-1.5838,0.0
15:34:57,7245.46,6800.0,-0.1425,21.0
15:34:57,7245.46,6805.0,-1.6491,0.0
15:34:57,7245.46,6810.0,-0.0431,0.0
15:34:57,7245.46,6815.0,-0.0329,22.0
15:34:57,7245.46,6820.0,-0.2337,36.0
15:34:57,7245.46,6825.0,-0.3619,49.0
15:34:57,7245.46,6830.0,-0.0421,25.0
15:34:57,7245.46,6835.0,-0.1394,1.0
15:34:57,7245.46,6840.0,-0.1481,6.0
15:34:57,7245.46,6845.0,-0.1644,0.0
15:34:57,7245.46,6850.0,-1.7856,6.0
15:34:57,7245.46,6855.0,-0.2672,1.0
15:34:57,7245.46,6860.0,-2.3244,2.0
15:34:57,7245.46,6865.0,-0.5838,25.0
15:34:57,7245.46,6870.0,-0.4393,1.0
15:34:57,7245.46,6875.0,-4.1487,20.0
15:34:57,7245.46,6880.0,-0.6261,38.0
15:34:57,7245.46,6885.0,-5.0403,32.0
15:34:57,7245.46,6890.0,-3.3822,35.0
15:34:57,7245.46,6895.0,-1.8047,37.0
15:34:57,7245.46,6900.0,-11.4234,39.0
15:34:57,7245.46,6905.0,-1.9778,242.0
15:34:57,7245.46,6910.0,1.2144,126.0
15:34:57,7245.46,6915.0,-2.3097,162.0
15:34:57,7245.46,6920.0,-6.9047,193.0
15:34:57,7245.46,6925.0,-8.2842,168.0
15:34:57,7245.46,6930.0,-1.3902,116.0
15:34:57,7245.46,6935.0,-1.9691,43.0
15:34:57,7245.46,6940.0,-2.4775,29.0
15:34:57,7245.46,6945.0,-2.6594,64.0
15:34:57,7245.46,6950.0,-13.5014,118.0
15:34:57,7245.46,6955.0,-1.7255,4.0
15:34:57,7245.46,6960.0,-16.8643,28.0
15:34:57,7245.46,6965.0,-3.8948,20.0
15:34:57,7245.46,6970.0,-4.6611,6.0
15:34:57,7245.46,6975.0,-34.5298,46.0
15:34:57,7245.46,6980.0,-7.9428,45.0
15:34:57,7245.46,6985.0,-31.3031,16.0
15:34:57,7245.46,6990.0,-4.0985,35.0
15:34:57,7245.46,6995.0,-5.8308,28.0
15:34:57,7245.46,7000.0,-14.9204,301.0
15:34:57,7245.46,7005.0,-8.4371,597.0
15:34:57,7245.46,7010.0,-13.9188,82.0
15:34:57,7245.46,7015.0,-12.1692,108.0
15:34:57,7245.46,7020.0,-12.4459,85.0
15:34:57,7245.46,7025.0,-4.2634,33.0
15:34:57,7245.46,7030.0,-14.6814,162.0
15:34:57,7245.46,7035.0,-21.4342,174.0
15:34:57,7245.46,7040.0,-9.2375,218.0
15:34:57,7245.46,7045.0,-8.7101,265.0
15:34:57,7245.46,7050.0,-34.0239,939.0
15:34:57,7245.46,7055.0,-18.3337,151.0
15:34:57,7245.46,7060.0,-19.0578,481.0
15:34:57,7245.46,7065.0,-23.8804,80.0
15:34:57,7245.46,7070.0,-20.0385,223.0
15:34:57,7245.46,7075.0,-18.552,261.0
15:34:57,7245.46,7080.0,-33.8528,274.0
15:34:57,7245.46,7085.0,-16.3512,203.0
15:34:57,7245.46,7090.0,-27.5181,289.0
15:34:57,7245.46,7095.0,-36.1059,361.0
15:34:57,7245.46,7100.0,-50.1014,579.0
15:34:57,7245.46,7105.0,-10.1039,154.0
15:34:57,7245.46,7110.0,-27.7564,442.0
15:34:57,7245.46,7115.0,-22.2307,576.0
15:34:57,7245.46,7120.0,-60.8115,673.0
15:34:57,7245.46,7125.0,-29.5741,561.0
15:34:57,7245.46,7130.0,-79.5084,728.0
15:34:57,7245.46,7135.0,-48.7841,545.0
15:34:57,7245.46,7140.0,-87.8866,891.0
15:34:57,7245.46,7145.0,-54.1612,693.0
15:34:57,7245.46,7150.0,4.9831,1342.0
15:34:57,7245.46,7155.0,-27.746,1549.0
15:34:57,7245.46,7160.0,-112.1717,1775.0
15:34:57,7245.46,7165.0,105.5148,579.0
15:34:57,7245.46,7170.0,26.7198,1266.0
15:34:57,7245.46,7175.0,-141.3858,2207.0
15:34:57,7245.46,7180.0,155.7874,2954.0
15:34:57,7245.46,7185.0,-157.7758,516.0
15:34:57,7245.46,7190.0,83.147,1327.0
15:34:57,7245.46,7195.0,77.4197,1077.0
15:34:57,7245.46,7200.0,3137.8149,4270.0
15:34:57,7245.46,7205.0,220.1973,966.0
15:34:57,7245.46,7210.0,383.5885,1858.0
15:34:57,7245.46,7215.0,519.2863,836.0
15:34:57,7245.46,7220.0,958.9751,1797.0
15:34:57,7245.46,7225.0,1069.4935,1709.0
15:34:57,7245.46,7230.0,1766.1758,2617.0
15:34:57,7245.46,7235.0,913.8699,1926.0
15:34:57,7245.46,7240.0,1573.0954,3860.0
15:34:57,7245.46,7245.0,3215.1465,4050.0
15:34:57,7245.46,7250.0,4257.8366,3889.0
15:34:57,7245.46,7255.0,1904.8667,1894.0
15:34:57,7245.46,7260.0,1458.4853,4476.0
15:34:57,7245.46,7265.0,1096.7722,1621.0
15:34:57,7245.46,7270.0,1144.5965,3405.0
15:34:57,7245.46,7275.0,2802.9159,6166.0
15:34:57,7245.46,7280.0,5682.477,3900.0
15:34:57,7245.46,7285.0,1870.9435,4660.0
15:34:57,7245.46,7290.0,2237.4482,2449.0
15:34:57,7245.46,7295.0,241.0486,1075.0
15:34:57,7245.46,7300.0,913.8922,1475.0
15:34:57,7245.46,7305.0,188.3304,1024.0
15:34:57,7245.46,7310.0,674.7359,1646.0
15:34:57,7245.46,7315.0,72.8551,461.0
15:34:57,7245.46,7320.0,129.7229,355.0
15:34:57,7245.46,7325.0,88.3834,407.0
15:34:57,7245.46,7330.0,86.0725,175.0
15:34:57,7245.46,7335.0,18.4042,621.0
15:34:57,7245.46,7340.0,931.847,281.0
15:34:57,7245.46,7345.0,11.9021,220.0
15:34:57,7245.46,7350.0,299.1732,844.0
15:34:57,7245.46,7355.0,28.3089,217.0
15:34:57,7245.46,7360.0,45.618,60.0
15:34:57,7245.46,7365.0,4.1437,3.0
15:34:57,7245.46,7370.0,20.4994,38.0
15:34:57,7245.46,7375.0,101.7534,3903.0
15:34:57,7245.46,7380.0,15.2453,651.0
15:34:57,7245.46,7385.0,4.6899,3201.0
15:34:57,7245.46,7390.0,13.6278,9.0
15:34:57,7245.46,7400.0,21.5018,32.0
15:34:57,7245.46,7405.0,0.0067,1.0
15:34:57,7245.46,7410.0,3.9498,87.0
15:34:57,7245.46,7415.0,0.0104,2.0
15:34:57,7245.46,7420.0,4.1525,6.0
15:34:57,7245.46,7425.0,7.568,3.0
15:34:57,7245.46,7430.0,7.1447,34.0
15:34:57,7245.46,7440.0,0.6733,11.0
15:34:57,7245.46,7450.0,1.5145,35.0
15:34:57,7245.46,7460.0,0.4512,26.0
15:34:57,7245.46,7470.0,0.605,1.0
15:34:57,7245.46,7475.0,0.51,128.0
15:34:57,7245.46,7480.0,0.0817,0.0
15:34:57,7245.46,7490.0,0.0372,0.0
15:34:57,7245.46,7500.0,0.1895,0.0
15:34:57,7245.46,7510.0,0.01,0.0
15:34:57,7245.46,7525.0,0.0383,3.0
15:34:57,7245.46,7550.0,0.001,0.0
15:34:57,7245.46,7580.0,0.0001,0.0
15:34:57,7245.46,7600.0,0.0001,0.0
15:34:57,7245.46,7625.0,0.0,1.0
15:34:57,7245.46,8400.0,0.0,2.0
15:34:57,7245.46,8600.0,0.0,3.0
15:37:27,7248.15,2400.0,-0.0,1.0
15:37:27,7248.15,5850.0,-0.0,1.0
15:37:27,7248.15,6050.0,-0.0,1.0
15:37:27,7248.15,6075.0,-0.0,3.0
15:37:27,7248.15,6100.0,-0.0,7.0
15:37:27,7248.15,6210.0,-0.0008,0.0
15:37:27,7248.15,6220.0,-0.0002,0.0
15:37:27,7248.15,6510.0,-0.0,20.0
15:37:27,7248.15,6520.0,-0.0,9.0
15:37:27,7248.15,6540.0,-0.0,20.0
15:37:27,7248.15,6550.0,0.0,9.0
15:37:27,7248.15,6565.0,-0.1647,0.0
15:37:27,7248.15,6580.0,0.0,2.0
15:37:27,7248.15,6595.0,-0.0,808.0
15:37:27,7248.15,6650.0,-0.0,1.0
15:37:27,7248.15,6700.0,-0.0,3.0
15:37:27,7248.15,6705.0,-0.3514,0.0
15:37:27,7248.15,6715.0,-0.8284,0.0
15:37:27,7248.15,6720.0,-0.0,2.0
15:37:27,7248.15,6725.0,-0.0,1.0
15:37:27,7248.15,6730.0,-0.0,1.0
15:37:27,7248.15,6735.0,-0.5561,2.0
15:37:27,7248.15,6745.0,-0.3068,0.0
15:37:27,7248.15,6750.0,-0.0003,36.0
15:37:27,7248.15,6755.0,-1.2943,0.0
15:37:27,7248.15,6760.0,0.0004,0.0
15:37:27,7248.15,6765.0,-0.5238,4.0
15:37:27,7248.15,6770.0,-0.0025,15.0
15:37:27,7248.15,6775.0,-0.0054,63.0
15:37:27,7248.15,6780.0,-0.0048,2.0
15:37:27,7248.15,6785.0,-0.0021,40.0
15:37:27,7248.15,6790.0,-0.0106,10.0
15:37:27,7248.15,6795.0,-0.0109,0.0
15:37:27,7248.15,6800.0,-0.1697,28.0
15:37:27,7248.15,6805.0,-0.0205,0.0
15:37:27,7248.15,6810.0,-0.0479,0.0
15:37:27,7248.15,6815.0,-0.0318,22.0
15:37:27,7248.15,6820.0,-0.2446,39.0
15:37:27,7248.15,6825.0,-0.3715,49.0
15:37:27,7248.15,6830.0,-0.0441,25.0
15:37:27,7248.15,6835.0,-0.114,1.0
15:37:27,7248.15,6840.0,-0.1456,6.0
15:37:27,7248.15,6845.0,-0.1736,3.0
15:37:27,7248.15,6850.0,-1.636,6.0
15:37:27,7248.15,6855.0,-0.2794,1.0
15:37:27,7248.15,6860.0,-2.012,2.0
15:37:27,7248.15,6865.0,-0.5959,25.0
15:37:27,7248.15,6870.0,-0.4009,1.0
15:37:27,7248.15,6875.0,-4.3147,20.0
15:37:27,7248.15,6880.0,-0.7364,38.0
15:37:27,7248.15,6885.0,-5.0576,32.0
15:37:27,7248.15,6890.0,-3.5238,35.0
15:37:27,7248.15,6895.0,-1.2985,37.0
15:37:27,7248.15,6900.0,-11.9518,133.0
15:37:27,7248.15,6905.0,-1.4947,243.0
15:37:27,7248.15,6910.0,0.9522,152.0
15:37:27,7248.15,6915.0,-1.8169,205.0
15:37:27,7248.15,6920.0,-5.8612,193.0
15:37:27,7248.15,6925.0,-8.304,299.0
15:37:27,7248.15,6930.0,-1.3672,276.0
15:37:27,7248.15,6935.0,-1.5912,50.0
15:37:27,7248.15,6940.0,-2.4419,163.0
15:37:27,7248.15,6945.0,-2.3571,85.0
15:37:27,7248.15,6950.0,-15.0778,250.0
15:37:27,7248.15,6955.0,-1.7861,6.0
15:37:27,7248.15,6960.0,-16.8164,34.0
15:37:27,7248.15,6965.0,-4.0845,20.0
15:37:27,7248.15,6970.0,-5.1236,14.0
15:37:27,7248.15,6975.0,-37.2509,46.0
15:37:27,7248.15,6980.0,-8.5687,61.0
15:37:27,7248.15,6985.0,-33.8129,28.0
15:37:27,7248.15,6990.0,-4.346,46.0
15:37:27,7248.15,6995.0,-6.3502,36.0
15:37:27,7248.15,7000.0,-14.2848,743.0
15:37:27,7248.15,7005.0,-9.3549,874.0
15:37:27,7248.15,7010.0,-14.476,95.0
15:37:27,7248.15,7015.0,-13.9672,111.0
15:37:27,7248.15,7020.0,-12.9253,85.0
15:37:27,7248.15,7025.0,-2.0043,48.0
15:37:27,7248.15,7030.0,-15.2876,274.0
15:37:27,7248.15,7035.0,-22.2221,183.0
15:37:27,7248.15,7040.0,-9.6429,548.0
15:37:27,7248.15,7045.0,-8.1778,278.0
15:37:27,7248.15,7050.0,-31.3471,1168.0
15:37:27,7248.15,7055.0,-17.7571,329.0
15:37:27,7248.15,7060.0,-19.7387,518.0
15:37:27,7248.15,7065.0,-23.4766,219.0
15:37:27,7248.15,7070.0,-26.4193,675.0
15:37:27,7248.15,7075.0,-12.4215,376.0
15:37:27,7248.15,7080.0,-33.8843,323.0
15:37:27,7248.15,7085.0,-15.8483,297.0
15:37:27,7248.15,7090.0,-27.0454,356.0
15:37:27,7248.15,7095.0,-35.3422,542.0
15:37:27,7248.15,7100.0,-36.394,788.0
15:37:27,7248.15,7105.0,-5.9014,217.0
15:37:27,7248.15,7110.0,-33.4024,590.0
15:37:27,7248.15,7115.0,-18.4778,712.0
15:37:27,7248.15,7120.0,-73.3847,919.0
15:37:27,7248.15,7125.0,-28.6868,642.0
15:37:27,7248.15,7130.0,-95.351,881.0
15:37:27,7248.15,7135.0,-37.7694,645.0
15:37:27,7248.15,7140.0,-98.9487,1160.0
15:37:27,7248.15,7145.0,-45.167,822.0
15:37:27,7248.15,7150.0,59.5666,2875.0
15:37:27,7248.15,7155.0,-30.3827,1774.0
15:37:27,7248.15,7160.0,-128.8773,2393.0
15:37:27,7248.15,7165.0,116.5269,901.0
15:37:27,7248.15,7170.0,0.6328,1797.0
15:37:27,7248.15,7175.0,-144.6079,2636.0
15:37:27,7248.15,7180.0,116.7813,3482.0
15:37:27,7248.15,7185.0,-208.479,1397.0
15:37:27,7248.15,7190.0,71.7621,2356.0
15:37:27,7248.15,7195.0,62.363,1707.0
15:37:27,7248.15,7200.0,2499.641,5364.0
15:37:27,7248.15,7205.0,177.2281,1531.0
15:37:27,7248.15,7210.0,375.756,2460.0
15:37:27,7248.15,7215.0,443.8964,1468.0
15:37:27,7248.15,7220.0,887.6632,2834.0
15:37:27,7248.15,7225.0,1012.8497,2919.0
15:37:27,7248.15,7230.0,1563.8597,3709.0
15:37:27,7248.15,7235.0,848.1026,2927.0
15:37:27,7248.15,7240.0,1500.5896,5436.0
15:37:27,7248.15,7245.0,3165.4581,5932.0
15:37:27,7248.15,7250.0,4506.7494,6816.0
15:37:27,7248.15,7255.0,2003.4303,2913.0
15:37:27,7248.15,7260.0,1563.2402,6215.0
15:37:27,7248.15,7265.0,1170.8114,2693.0
15:37:27,7248.15,7270.0,1341.5283,5088.0
15:37:27,7248.15,7275.0,3323.0123,7673.0
15:37:27,7248.15,7280.0,6522.4368,5530.0
15:37:27,7248.15,7285.0,1855.945,5608.0
15:37:27,7248.15,7290.0,2769.3136,3579.0
15:37:27,7248.15,7295.0,201.4615,1418.0
15:37:27,7248.15,7300.0,1133.5786,4026.0
15:37:27,7248.15,7305.0,188.4156,2491.0
15:37:27,7248.15,7310.0,862.1515,2076.0
15:37:27,7248.15,7315.0,72.7859,574.0
15:37:27,7248.15,7320.0,141.1051,978.0
15:37:27,7248.15,7325.0,109.5201,582.0
15:37:27,7248.15,7330.0,94.164,228.0
15:37:27,7248.15,7335.0,18.4027,1216.0
15:37:27,7248.15,7340.0,1118.8297,471.0
15:37:27,7248.15,7345.0,11.911,376.0
15:37:27,7248.15,7350.0,326.0174,927.0
15:37:27,7248.15,7355.0,29.3813,273.0
15:37:27,7248.15,7360.0,51.4952,157.0
15:37:27,7248.15,7365.0,4.1009,5.0
15:37:27,7248.15,7370.0,23.1177,49.0
15:37:27,7248.15,7375.0,96.3763,3922.0
15:37:27,7248.15,7380.0,15.2552,1228.0
15:37:27,7248.15,7385.0,4.6934,3215.0
15:37:27,7248.15,7390.0,13.6379,15.0
15:37:27,7248.15,7400.0,20.9569,42.0
15:37:27,7248.15,7405.0,0.0067,1.0
15:37:27,7248.15,7410.0,4.5402,87.0
15:37:27,7248.15,7415.0,0.0104,2.0
15:37:27,7248.15,7420.0,4.9962,42.0
15:37:27,7248.15,7425.0,7.5736,3.0
15:37:27,7248.15,7430.0,9.0135,34.0
15:37:27,7248.15,7440.0,0.8906,11.0
15:37:27,7248.15,7450.0,1.5156,35.0
15:37:27,7248.15,7460.0,0.5777,26.0
15:37:27,7248.15,7470.0,0.7888,1.0
15:37:27,7248.15,7475.0,0.5095,128.0
15:37:27,7248.15,7480.0,0.1082,0.0
15:37:27,7248.15,7490.0,0.0373,0.0
15:37:27,7248.15,7500.0,0.1889,0.0
15:37:27,7248.15,7510.0,0.01,0.0
15:37:27,7248.15,7525.0,0.0383,3.0
15:37:27,7248.15,7550.0,0.002,0.0
15:37:27,7248.15,7580.0,0.0002,0.0
15:37:27,7248.15,7600.0,0.0001,0.0
15:37:27,7248.15,7625.0,0.0,1.0
15:37:27,7248.15,8400.0,0.0,2.0
15:37:27,7248.15,8600.0,0.0,3.0
15:39:56,7246.21,2400.0,-0.0,1.0
15:39:56,7246.21,5850.0,-0.0,1.0
15:39:56,7246.21,6050.0,-0.0,1.0
15:39:56,7246.21,6075.0,-0.0,3.0
15:39:56,7246.21,6100.0,-0.0,7.0
15:39:56,7246.21,6210.0,-0.0008,0.0
15:39:56,7246.21,6220.0,-0.0002,0.0
15:39:56,7246.21,6510.0,-0.0,20.0
15:39:56,7246.21,6520.0,-0.0,14.0
15:39:56,7246.21,6540.0,-0.0,20.0
15:39:56,7246.21,6550.0,0.0,14.0
15:39:56,7246.21,6565.0,-0.1646,0.0
15:39:56,7246.21,6580.0,-0.0,2.0
15:39:56,7246.21,6595.0,-0.0,808.0
15:39:56,7246.21,6650.0,0.0,1.0
15:39:56,7246.21,6700.0,0.0,3.0
15:39:56,7246.21,6720.0,-0.0,2.0
15:39:56,7246.21,6725.0,0.0,1.0
15:39:56,7246.21,6730.0,-0.0001,1.0
15:39:56,7246.21,6735.0,-0.0002,2.0
15:39:56,7246.21,6745.0,-0.0002,0.0
15:39:56,7246.21,6750.0,-0.0017,36.0
15:39:56,7246.21,6755.0,-0.0012,0.0
15:39:56,7246.21,6760.0,0.0004,0.0
15:39:56,7246.21,6765.0,-0.0009,4.0
15:39:56,7246.21,6770.0,-0.0043,15.0
15:39:56,7246.21,6775.0,-0.0058,63.0
15:39:56,7246.21,6780.0,-0.005,2.0
15:39:56,7246.21,6785.0,-0.0029,40.0
15:39:56,7246.21,6790.0,-0.0106,10.0
15:39:56,7246.21,6795.0,-0.0132,0.0
15:39:56,7246.21,6800.0,-0.1595,29.0
15:39:56,7246.21,6805.0,-0.0206,0.0
15:39:56,7246.21,6810.0,-0.0432,0.0
15:39:56,7246.21,6815.0,-0.0314,24.0
15:39:56,7246.21,6820.0,-0.211,40.0
15:39:56,7246.21,6825.0,-0.3097,50.0
15:39:56,7246.21,6830.0,-0.0338,25.0
15:39:56,7246.21,6835.0,-0.1096,1.0
15:39:56,7246.21,6840.0,-0.1095,7.0
15:39:56,7246.21,6845.0,-0.1735,3.0
15:39:56,7246.21,6850.0,-1.2265,7.0
15:39:56,7246.21,6855.0,-0.2792,1.0
15:39:56,7246.21,6860.0,-1.502,2.0
15:39:56,7246.21,6865.0,-0.5956,25.0
15:39:56,7246.21,6870.0,-0.2814,1.0
15:39:56,7246.21,6875.0,-2.6783,20.0
15:39:56,7246.21,6880.0,-0.2773,39.0
15:39:56,7246.21,6885.0,-5.0549,32.0
15:39:56,7246.21,6890.0,-3.5219,36.0
15:39:56,7246.21,6895.0,-1.2348,37.0
15:39:56,7246.21,6900.0,-6.9873,142.0
15:39:56,7246.21,6905.0,-1.4645,581.0
15:39:56,7246.21,6910.0,0.9517,208.0
15:39:56,7246.21,6915.0,-1.8083,220.0
15:39:56,7246.21,6920.0,-5.8213,193.0
15:39:56,7246.21,6925.0,-7.1085,300.0
15:39:56,7246.21,6930.0,-1.4834,280.0
15:39:56,7246.21,6935.0,-1.6429,50.0
15:39:56,7246.21,6940.0,-2.478,166.0
15:39:56,7246.21,6945.0,-2.4027,86.0
15:39:56,7246.21,6950.0,-14.2114,252.0
15:39:56,7246.21,6955.0,-1.7852,6.0
15:39:56,7246.21,6960.0,-16.2698,34.0
15:39:56,7246.21,6965.0,-4.0823,20.0
15:39:56,7246.21,6970.0,-5.1369,14.0
15:39:56,7246.21,6975.0,-37.9028,49.0
15:39:56,7246.21,6980.0,-8.8117,73.0
15:39:56,7246.21,6985.0,-33.7948,28.0
15:39:56,7246.21,6990.0,-4.3293,51.0
15:39:56,7246.21,6995.0,-6.705,45.0
15:39:56,7246.21,7000.0,-17.0355,1256.0
15:39:56,7246.21,7005.0,-9.9136,876.0
15:39:56,7246.21,7010.0,-14.3339,98.0
15:39:56,7246.21,7015.0,-14.7481,112.0
15:39:56,7246.21,7020.0,-12.5961,96.0
15:39:56,7246.21,7025.0,-5.3563,86.0
15:39:56,7246.21,7030.0,-14.6172,290.0
15:39:56,7246.21,7035.0,-28.015,438.0
15:39:56,7246.21,7040.0,-9.0928,555.0
15:39:56,7246.21,7045.0,-11.7817,398.0
15:39:56,7246.21,7050.0,-46.9448,1192.0
15:39:56,7246.21,7055.0,-25.0962,557.0
15:39:56,7246.21,7060.0,-19.7281,590.0
15:39:56,7246.21,7065.0,-32.3355,588.0
15:39:56,7246.21,7070.0,-26.4051,737.0
15:39:56,7246.21,7075.0,-24.8937,433.0
15:39:56,7246.21,7080.0,-33.8662,432.0
15:39:56,7246.21,7085.0,-19.8331,308.0
15:39:56,7246.21,7090.0,-27.0309,431.0
15:39:56,7246.21,7095.0,-44.8318,579.0
15:39:56,7246.21,7100.0,-61.068,1272.0
15:39:56,7246.21,7105.0,-5.8982,403.0
15:39:56,7246.21,7110.0,-35.2438,684.0
15:39:56,7246.21,7115.0,-18.4679,821.0
15:39:56,7246.21,7120.0,-77.9626,1045.0
15:39:56,7246.21,7125.0,-44.7623,716.0
15:39:56,7246.21,7130.0,-101.2148,1007.0
15:39:56,7246.21,7135.0,-37.7492,714.0
15:39:56,7246.21,7140.0,-98.1697,1493.0
15:39:56,7246.21,7145.0,-45.1428,1118.0
15:39:56,7246.21,7150.0,6.146,3496.0
15:39:56,7246.21,7155.0,-30.3664,1912.0
15:39:56,7246.21,7160.0,-155.7183,2660.0
15:39:56,7246.21,7165.0,116.4645,1101.0
15:39:56,7246.21,7170.0,-15.1951,2094.0
15:39:56,7246.21,7175.0,-110.2037,2904.0
15:39:56,7246.21,7180.0,96.2293,3650.0
15:39:56,7246.21,7185.0,-160.1888,1995.0
15:39:56,7246.21,7190.0,62.9713,3037.0
15:39:56,7246.21,7195.0,75.7697,2314.0
15:39:56,7246.21,7200.0,2550.1186,6507.0
15:39:56,7246.21,7205.0,189.7849,2215.0
15:39:56,7246.21,7210.0,337.3896,2915.0
15:39:56,7246.21,7215.0,448.4738,2180.0
15:39:56,7246.21,7220.0,871.0955,3580.0
15:39:56,7246.21,7225.0,991.6309,3577.0
15:39:56,7246.21,7230.0,1601.3182,4472.0
15:39:56,7246.21,7235.0,852.1924,3896.0
15:39:56,7246.21,7240.0,1509.0606,6940.0
15:39:56,7246.21,7245.0,3164.9674,8230.0
15:39:56,7246.21,7250.0,4511.0826,9335.0
15:39:56,7246.21,7255.0,2001.7524,4287.0
15:39:56,7246.21,7260.0,1614.3444,7217.0
15:39:56,7246.21,7265.0,1169.4885,3946.0
15:39:56,7246.21,7270.0,1248.0953,6279.0
15:39:56,7246.21,7275.0,3280.8735,8977.0
15:39:56,7246.21,7280.0,6805.7047,6632.0
15:39:56,7246.21,7285.0,2340.6483,6437.0
15:39:56,7246.21,7290.0,2950.7563,4112.0
15:39:56,7246.21,7295.0,271.0465,3295.0
15:39:56,7246.21,7300.0,1087.0728,5816.0
15:39:56,7246.21,7305.0,256.0693,2707.0
15:39:56,7246.21,7310.0,887.918,2407.0
15:39:56,7246.21,7315.0,101.5735,765.0
15:39:56,7246.21,7320.0,141.0296,1082.0
15:39:56,7246.21,7325.0,109.4615,1109.0
15:39:56,7246.21,7330.0,94.1136,838.0
15:39:56,7246.21,7335.0,24.5905,1522.0
15:39:56,7246.21,7340.0,1118.2308,1016.0
15:39:56,7246.21,7345.0,14.7438,487.0
15:39:56,7246.21,7350.0,351.6103,1146.0
15:39:56,7246.21,7355.0,34.1209,602.0
15:39:56,7246.21,7360.0,51.4676,189.0
15:39:56,7246.21,7365.0,4.5611,32.0
15:39:56,7246.21,7370.0,21.1057,264.0
15:39:56,7246.21,7375.0,91.154,3955.0
15:39:56,7246.21,7380.0,15.2479,1247.0
15:39:56,7246.21,7385.0,4.9582,3375.0
15:39:56,7246.21,7390.0,13.6306,126.0
15:39:56,7246.21,7400.0,20.9457,73.0
15:39:56,7246.21,7405.0,0.0072,1.0
15:39:56,7246.21,7410.0,4.4059,87.0
15:39:56,7246.21,7415.0,0.0059,1.0
15:39:56,7246.21,7420.0,4.9759,42.0
15:39:56,7246.21,7425.0,7.5696,3.0
15:39:56,7246.21,7430.0,9.1943,2.0
15:39:56,7246.21,7440.0,0.9309,11.0
15:39:56,7246.21,7450.0,1.5142,35.0
15:39:56,7246.21,7460.0,0.6299,26.0
15:39:56,7246.21,7470.0,0.8759,1.0
15:39:56,7246.21,7475.0,0.5097,128.0
15:39:56,7246.21,7480.0,0.1218,0.0
15:39:56,7246.21,7490.0,0.07,0.0
15:39:56,7246.21,7500.0,0.1889,0.0
15:39:56,7246.21,7510.0,0.0202,0.0
15:39:56,7246.21,7525.0,0.0754,3.0
15:39:56,7246.21,7550.0,0.002,0.0
15:39:56,7246.21,7575.0,0.0001,0.0
15:39:56,7246.21,7580.0,0.0002,0.0
15:39:56,7246.21,7600.0,0.0001,0.0
15:39:56,7246.21,7625.0,0.0,1.0
15:39:56,7246.21,8400.0,0.0,2.0
15:39:56,7246.21,8600.0,0.0,3.0
15:42:25,7249.18,1600.0,0.0,1.0
15:42:25,7249.18,2400.0,-0.0,1.0
15:42:25,7249.18,5850.0,-0.0,1.0
15:42:25,7249.18,6050.0,-0.0,1.0
15:42:25,7249.18,6075.0,-0.0,3.0
15:42:25,7249.18,6100.0,-0.0,7.0
15:42:25,7249.18,6450.0,0.0,1.0
15:42:25,7249.18,6510.0,-0.0,20.0
15:42:25,7249.18,6520.0,-0.0,14.0
15:42:25,7249.18,6540.0,-0.0,20.0
15:42:25,7249.18,6550.0,0.0,19.0
15:42:25,7249.18,6580.0,-0.0,2.0
15:42:25,7249.18,6595.0,-0.0,808.0
15:42:25,7249.18,6600.0,0.0,5.0
15:42:25,7249.18,6650.0,0.0,11.0
15:42:25,7249.18,6700.0,0.0,8.0
15:42:25,7249.18,6715.0,-0.0001,0.0
15:42:25,7249.18,6720.0,-0.0,2.0
15:42:25,7249.18,6725.0,0.0,1.0
15:42:25,7249.18,6730.0,-0.0001,1.0
15:42:25,7249.18,6735.0,-0.0003,2.0
15:42:25,7249.18,6745.0,-0.0003,0.0
15:42:25,7249.18,6750.0,-0.0017,36.0
15:42:25,7249.18,6755.0,-0.0019,0.0
15:42:25,7249.18,6760.0,0.0004,0.0
15:42:25,7249.18,6765.0,-0.0013,4.0
15:42:25,7249.18,6770.0,-0.0062,15.0
15:42:25,7249.18,6775.0,-0.0058,63.0
15:42:25,7249.18,6780.0,-0.005,2.0
15:42:25,7249.18,6785.0,-0.004,40.0
15:42:25,7249.18,6790.0,-0.0107,10.0
15:42:25,7249.18,6795.0,-0.0178,0.0
15:42:25,7249.18,6800.0,-0.1596,31.0
15:42:25,7249.18,6805.0,-0.0268,0.0
15:42:25,7249.18,6810.0,-0.0432,0.0
15:42:25,7249.18,6815.0,-0.0396,24.0
15:42:25,7249.18,6820.0,-0.2112,40.0
15:42:25,7249.18,6825.0,-0.3099,50.0
15:42:25,7249.18,6830.0,-0.0338,25.0
15:42:25,7249.18,6835.0,-0.1306,2.0
15:42:25,7249.18,6840.0,-0.1096,7.0
15:42:25,7249.18,6845.0,-0.1077,3.0
15:42:25,7249.18,6850.0,-1.2275,7.0
15:42:25,7249.18,6855.0,-0.1515,3.0
15:42:25,7249.18,6860.0,-1.5033,2.0
15:42:25,7249.18,6865.0,-0.3025,25.0
15:42:25,7249.18,6870.0,-0.2817,2.0
15:42:25,7249.18,6875.0,-2.6805,20.0
15:42:25,7249.18,6880.0,-0.2775,39.0
15:42:25,7249.18,6885.0,-2.9045,32.0
15:42:25,7249.18,6890.0,-1.7414,36.0
15:42:25,7249.18,6895.0,-1.5436,41.0
15:42:25,7249.18,6900.0,-6.993,154.0
15:42:25,7249.18,6905.0,-1.8432,613.0
15:42:25,7249.18,6910.0,0.4943,229.0
15:42:25,7249.18,6915.0,-2.3007,244.0
15:42:25,7249.18,6920.0,-7.4207,196.0
15:42:25,7249.18,6925.0,-7.1143,302.0
15:42:25,7249.18,6930.0,-1.5303,280.0
15:42:25,7249.18,6935.0,-2.0623,58.0
15:42:25,7249.18,6940.0,-2.7938,183.0
15:42:25,7249.18,6945.0,-2.9285,86.0
15:42:25,7249.18,6950.0,-14.223,266.0
15:42:25,7249.18,6955.0,-2.1518,11.0
15:42:25,7249.18,6960.0,-18.6149,34.0
15:42:25,7249.18,6965.0,-4.7347,28.0
15:42:25,7249.18,6970.0,-5.5934,14.0
15:42:25,7249.18,6975.0,-37.9339,73.0
15:42:25,7249.18,6980.0,-9.3641,79.0
15:42:25,7249.18,6985.0,-36.7914,40.0
15:42:25,7249.18,6990.0,-4.8213,59.0
15:42:25,7249.18,6995.0,-6.8913,156.0
15:42:25,7249.18,7000.0,-16.6116,1287.0
15:42:25,7249.18,7005.0,-10.1358,876.0
15:42:25,7249.18,7010.0,-16.9097,131.0
15:42:25,7249.18,7015.0,-14.9707,114.0
15:42:25,7249.18,7020.0,-15.5247,111.0
15:42:25,7249.18,7025.0,-4.3807,107.0
15:42:25,7249.18,7030.0,-18.8592,303.0
15:42:25,7249.18,7035.0,-28.0379,505.0
15:42:25,7249.18,7040.0,-12.146,570.0
15:42:25,7249.18,7045.0,-11.7913,417.0
15:42:25,7249.18,7050.0,-46.9833,1231.0
15:42:25,7249.18,7055.0,-24.8684,1504.0
15:42:25,7249.18,7060.0,-25.6716,621.0
15:42:25,7249.18,7065.0,-32.2935,1281.0
15:42:25,7249.18,7070.0,-26.9381,738.0
15:42:25,7249.18,7075.0,-22.6692,585.0
15:42:25,7249.18,7080.0,-44.7608,463.0
15:42:25,7249.18,7085.0,-20.1396,326.0
15:42:25,7249.18,7090.0,-35.5026,487.0
15:42:25,7249.18,7095.0,-46.0133,637.0
15:42:25,7249.18,7100.0,-59.125,1495.0
15:42:25,7249.18,7105.0,-10.7942,725.0
15:42:25,7249.18,7110.0,-36.4317,736.0
15:42:25,7249.18,7115.0,-25.5285,952.0
15:42:25,7249.18,7120.0,-79.7907,1751.0
15:42:25,7249.18,7125.0,-29.9374,905.0
15:42:25,7249.18,7130.0,-102.2444,1838.0
15:42:25,7249.18,7135.0,-55.6686,889.0
15:42:25,7249.18,7140.0,-90.8314,1605.0
15:42:25,7249.18,7145.0,-51.8827,1260.0
15:42:25,7249.18,7150.0,28.1602,3633.0
15:42:25,7249.18,7155.0,-38.4661,2078.0
15:42:25,7249.18,7160.0,-136.0842,3177.0
15:42:25,7249.18,7165.0,98.6175,1300.0
15:42:25,7249.18,7170.0,8.0641,2486.0
15:42:25,7249.18,7175.0,-162.506,3274.0
15:42:25,7249.18,7180.0,127.6046,3872.0
15:42:25,7249.18,7185.0,-172.8915,2335.0
15:42:25,7249.18,7190.0,62.1434,3359.0
15:42:25,7249.18,7195.0,66.3727,2598.0
15:42:25,7249.18,7200.0,2622.8626,7754.0
15:42:25,7249.18,7205.0,186.7735,2753.0
15:42:25,7249.18,7210.0,353.2963,3272.0
15:42:25,7249.18,7215.0,463.3017,2654.0
15:42:25,7249.18,7220.0,824.3396,4257.0
15:42:25,7249.18,7225.0,963.9232,4303.0
15:42:25,7249.18,7230.0,1604.9642,5282.0
15:42:25,7249.18,7235.0,852.8911,4597.0
15:42:25,7249.18,7240.0,1516.125,8351.0
15:42:25,7249.18,7245.0,3254.874,10268.0
15:42:25,7249.18,7250.0,4529.7405,11339.0
15:42:25,7249.18,7255.0,1997.1285,5787.0
15:42:25,7249.18,7260.0,1613.4028,8695.0
15:42:25,7249.18,7265.0,1120.1658,4698.0
15:42:25,7249.18,7270.0,1246.8236,7736.0
15:42:25,7249.18,7275.0,3468.1014,10500.0
15:42:25,7249.18,7280.0,6810.7188,8314.0
15:42:25,7249.18,7285.0,1900.6622,7135.0
15:42:25,7249.18,7290.0,2951.3792,4953.0
15:42:25,7249.18,7295.0,239.3202,3849.0
15:42:25,7249.18,7300.0,1365.4636,6843.0
15:42:25,7249.18,7305.0,250.7633,2871.0
15:42:25,7249.18,7310.0,888.5669,2542.0
15:42:25,7249.18,7315.0,101.6328,904.0
15:42:25,7249.18,7320.0,142.2413,1497.0
15:42:25,7249.18,7325.0,120.532,1205.0
15:42:25,7249.18,7330.0,94.1457,1198.0
15:42:25,7249.18,7335.0,24.6142,1570.0
15:42:25,7249.18,7340.0,1178.195,1023.0
15:42:25,7249.18,7345.0,14.7559,722.0
15:42:25,7249.18,7350.0,386.3625,1360.0
15:42:25,7249.18,7355.0,34.1489,603.0
15:42:25,7249.18,7360.0,51.0335,510.0
15:42:25,7249.18,7365.0,4.5651,479.0
15:42:25,7249.18,7370.0,23.1533,335.0
15:42:25,7249.18,7375.0,102.6404,3975.0
15:42:25,7249.18,7380.0,15.9122,1567.0
15:42:25,7249.18,7385.0,4.6574,3801.0
15:42:25,7249.18,7390.0,14.0647,348.0
15:42:25,7249.18,7400.0,23.0988,89.0
15:42:25,7249.18,7405.0,0.0067,1.0
15:42:25,7249.18,7410.0,4.1017,87.0
15:42:25,7249.18,7415.0,0.0055,1.0
15:42:25,7249.18,7420.0,4.643,53.0
15:42:25,7249.18,7425.0,9.4744,3.0
15:42:25,7249.18,7430.0,8.5978,2.0
15:42:25,7249.18,7440.0,0.8733,11.0
15:42:25,7249.18,7450.0,2.3002,6.0
15:42:25,7249.18,7460.0,0.5938,26.0
15:42:25,7249.18,7470.0,0.8269,1.0
15:42:25,7249.18,7475.0,0.9257,128.0
15:42:25,7249.18,7480.0,0.1151,0.0
15:42:25,7249.18,7490.0,0.0701,0.0
15:42:25,7249.18,7500.0,0.3873,0.0
15:42:25,7249.18,7510.0,0.0203,0.0
15:42:25,7249.18,7525.0,0.0755,3.0
15:42:25,7249.18,7550.0,0.0022,0.0
15:42:25,7249.18,7575.0,0.0001,0.0
15:42:25,7249.18,7580.0,0.0002,0.0
15:42:25,7249.18,7600.0,0.0001,0.0
15:42:25,7249.18,7625.0,0.0,1.0
15:42:25,7249.18,8400.0,0.0,2.0
15:42:25,7249.18,8600.0,0.0,3.0
15:42:25,7249.18,8800.0,-0.0008,0.0
15:44:54,7247.01,1600.0,-0.0,1.0
15:44:54,7247.01,2400.0,-0.0,1.0
15:44:54,7247.01,5850.0,-0.0,1.0
15:44:54,7247.01,6050.0,-0.0,1.0
15:44:54,7247.01,6075.0,-0.0,3.0
15:44:54,7247.01,6100.0,-0.0,7.0
15:44:54,7247.01,6450.0,-0.0,1.0
15:44:54,7247.01,6510.0,-0.0,20.0
15:44:54,7247.01,6520.0,-0.0,14.0
15:44:54,7247.01,6540.0,-0.0,20.0
15:44:54,7247.01,6550.0,-0.0,19.0
15:44:54,7247.01,6580.0,0.0,2.0
15:44:54,7247.01,6595.0,-0.0,808.0
15:44:54,7247.01,6600.0,-0.0,5.0
15:44:54,7247.01,6650.0,-0.0,11.0
15:44:54,7247.01,6680.0,-0.0001,0.0
15:44:54,7247.01,6700.0,-0.0003,8.0
15:44:54,7247.01,6710.0,-0.0001,0.0
15:44:54,7247.01,6715.0,-0.0002,0.0
15:44:54,7247.01,6720.0,-0.0008,2.0
15:44:54,7247.01,6725.0,-0.0004,1.0
15:44:54,7247.01,6730.0,-0.0001,1.0
15:44:54,7247.01,6735.0,-0.0005,2.0
15:44:54,7247.01,6740.0,-0.0002,0.0
15:44:54,7247.01,6745.0,-0.0004,0.0
15:44:54,7247.01,6750.0,-0.0041,36.0
15:44:54,7247.01,6755.0,-0.0029,0.0
15:44:54,7247.01,6760.0,0.0019,0.0
15:44:54,7247.01,6765.0,-0.002,4.0
15:44:54,7247.01,6770.0,-0.0098,15.0
15:44:54,7247.01,6775.0,-0.0031,63.0
15:44:54,7247.01,6780.0,-0.0029,2.0
15:44:54,7247.01,6785.0,-0.0059,40.0
15:44:54,7247.01,6790.0,-0.0093,10.0
15:44:54,7247.01,6795.0,-0.0256,0.0
15:44:54,7247.01,6800.0,-0.1393,31.0
15:44:54,7247.01,6805.0,-0.038,0.0
15:44:54,7247.01,6810.0,-0.0407,0.0
15:44:54,7247.01,6815.0,-0.0554,24.0
15:44:54,7247.01,6820.0,-0.2058,40.0
15:44:54,7247.01,6825.0,-0.2927,50.0
15:44:54,7247.01,6830.0,-0.0338,25.0
15:44:54,7247.01,6835.0,-0.1784,2.0
15:44:54,7247.01,6840.0,-0.112,7.0
15:44:54,7247.01,6845.0,-0.1457,256.0
15:44:54,7247.01,6850.0,-2.067,71.0
15:44:54,7247.01,6855.0,-0.2036,3.0
15:44:54,7247.01,6860.0,-2.3583,2.0
15:44:54,7247.01,6865.0,-0.4065,25.0
15:44:54,7247.01,6870.0,-0.5332,2.0
15:44:54,7247.01,6875.0,-4.278,20.0
15:44:54,7247.01,6880.0,-0.5071,39.0
15:44:54,7247.01,6885.0,-3.959,32.0
15:44:54,7247.01,6890.0,-2.8859,46.0
15:44:54,7247.01,6895.0,-1.5278,49.0
15:44:54,7247.01,6900.0,-12.3347,215.0
15:44:54,7247.01,6905.0,-1.8153,802.0
15:44:54,7247.01,6910.0,1.411,247.0
15:44:54,7247.01,6915.0,-2.9201,247.0
15:44:54,7247.01,6920.0,-9.2237,199.0
15:44:54,7247.01,6925.0,-11.38,302.0
15:44:54,7247.01,6930.0,-1.8122,287.0
15:44:54,7247.01,6935.0,-2.3798,58.0
15:44:54,7247.01,6940.0,-3.1401,183.0
15:44:54,7247.01,6945.0,-3.21,86.0
15:44:54,7247.01,6950.0,-18.7245,314.0
15:44:54,7247.01,6955.0,-2.1416,14.0
15:44:54,7247.01,6960.0,-19.2831,34.0
15:44:54,7247.01,6965.0,-4.7172,28.0
15:44:54,7247.01,6970.0,-5.6892,55.0
15:44:54,7247.01,6975.0,-41.7445,74.0
15:44:54,7247.01,6980.0,-9.4639,81.0
15:44:54,7247.01,6985.0,-36.7665,253.0
15:44:54,7247.01,6990.0,-4.8699,207.0
15:44:54,7247.01,6995.0,-6.8708,156.0
15:44:54,7247.01,7000.0,-18.8116,1382.0
15:44:54,7247.01,7005.0,-10.1281,882.0
15:44:54,7247.01,7010.0,-16.8027,135.0
15:44:54,7247.01,7015.0,-14.9704,114.0
15:44:54,7247.01,7020.0,-15.2052,111.0
15:44:54,7247.01,7025.0,-5.6882,148.0
15:44:54,7247.01,7030.0,-18.3004,315.0
15:44:54,7247.01,7035.0,-27.0685,510.0
15:44:54,7247.01,7040.0,-11.813,581.0
15:44:54,7247.01,7045.0,-11.4078,442.0
15:44:54,7247.01,7050.0,-46.3693,1427.0
15:44:54,7247.01,7055.0,-24.2663,1505.0
15:44:54,7247.01,7060.0,-25.1586,960.0
15:44:54,7247.01,7065.0,-31.4496,1281.0
15:44:54,7247.01,7070.0,-26.1959,740.0
15:44:54,7247.01,7075.0,-24.8145,607.0
15:44:54,7247.01,7080.0,-43.0828,471.0
15:44:54,7247.01,7085.0,-19.3015,346.0
15:44:54,7247.01,7090.0,-33.92,521.0
15:44:54,7247.01,7095.0,-43.8813,725.0
15:44:54,7247.01,7100.0,-60.2611,1701.0
15:44:54,7247.01,7105.0,-10.2761,738.0
15:44:54,7247.01,7110.0,-34.6585,1027.0
15:44:54,7247.01,7115.0,-23.8047,1016.0
15:44:54,7247.01,7120.0,-75.7916,1819.0
15:44:54,7247.01,7125.0,-35.053,1066.0
15:44:54,7247.01,7130.0,-97.178,1949.0
15:44:54,7247.01,7135.0,-53.0107,1293.0
15:44:54,7247.01,7140.0,-96.3534,1800.0
15:44:54,7247.01,7145.0,-49.7676,1306.0
15:44:54,7247.01,7150.0,-6.2517,3992.0
15:44:54,7247.01,7155.0,-38.6009,2138.0
15:44:54,7247.01,7160.0,-135.0574,3526.0
15:44:54,7247.01,7165.0,101.8857,1369.0
15:44:54,7247.01,7170.0,-4.1022,2713.0
15:44:54,7247.01,7175.0,-155.8297,3856.0
15:44:54,7247.01,7180.0,133.0284,4048.0
15:44:54,7247.01,7185.0,-179.0434,2505.0
15:44:54,7247.01,7190.0,50.0843,3653.0
15:44:54,7247.01,7195.0,63.3572,2847.0
15:44:54,7247.01,7200.0,2396.1722,8746.0
15:44:54,7247.01,7205.0,160.5134,3132.0
15:44:54,7247.01,7210.0,307.9004,3600.0
15:44:54,7247.01,7215.0,424.5265,3138.0
15:44:54,7247.01,7220.0,795.121,4653.0
15:44:54,7247.01,7225.0,953.1159,4846.0
15:44:54,7247.01,7230.0,1569.5808,6070.0
15:44:54,7247.01,7235.0,850.07,5684.0
15:44:54,7247.01,7240.0,1489.427,9502.0
15:44:54,7247.01,7245.0,3212.4409,12219.0
15:44:54,7247.01,7250.0,4530.3046,13622.0
15:44:54,7247.01,7255.0,2081.0692,7387.0
15:44:54,7247.01,7260.0,1635.1463,9652.0
15:44:54,7247.01,7265.0,1205.3805,5924.0
15:44:54,7247.01,7270.0,1443.093,8439.0
15:44:54,7247.01,7275.0,3643.4432,11477.0
15:44:54,7247.01,7280.0,7781.935,8955.0
15:44:54,7247.01,7285.0,2212.3464,7806.0
15:44:54,7247.01,7290.0,3360.3484,5460.0
15:44:54,7247.01,7295.0,275.2807,4963.0
15:44:54,7247.01,7300.0,1365.925,7879.0
15:44:54,7247.01,7305.0,261.2524,3127.0
15:44:54,7247.01,7310.0,997.6713,2636.0
15:44:54,7247.01,7315.0,102.1022,981.0
15:44:54,7247.01,7320.0,153.7477,2057.0
15:44:54,7247.01,7325.0,129.6962,1324.0
15:44:54,7247.01,7330.0,100.423,1251.0
15:44:54,7247.01,7335.0,24.2498,1716.0
15:44:54,7247.01,7340.0,1230.0641,1098.0
15:44:54,7247.01,7345.0,14.3615,1035.0
15:44:54,7247.01,7350.0,371.127,1393.0
15:44:54,7247.01,7355.0,33.1321,630.0
15:44:54,7247.01,7360.0,51.9908,705.0
15:44:54,7247.01,7365.0,4.5887,726.0
15:44:54,7247.01,7370.0,23.8917,786.0
15:44:54,7247.01,7375.0,102.5783,3976.0
15:44:54,7247.01,7380.0,16.7969,1568.0
15:44:54,7247.01,7385.0,5.3498,3902.0
15:44:54,7247.01,7390.0,15.1189,383.0
15:44:54,7247.01,7395.0,0.2477,28.0
15:44:54,7247.01,7400.0,24.619,307.0
15:44:54,7247.01,7405.0,0.0511,7.0
15:44:54,7247.01,7410.0,4.447,87.0
15:44:54,7247.01,7415.0,0.006,1.0
15:44:54,7247.01,7420.0,5.0125,53.0
15:44:54,7247.01,7425.0,10.138,8.0
15:44:54,7247.01,7430.0,8.5941,8.0
15:44:54,7247.01,7440.0,0.8728,8.0
15:44:54,7247.01,7450.0,2.432,6.0
15:44:54,7247.01,7460.0,0.5934,26.0
15:44:54,7247.01,7470.0,0.8242,1.0
15:44:54,7247.01,7475.0,0.9875,128.0
15:44:54,7247.01,7480.0,0.115,0.0
15:44:54,7247.01,7490.0,0.0737,0.0
15:44:54,7247.01,7500.0,0.4263,0.0
15:44:54,7247.01,7510.0,0.0218,0.0
15:44:54,7247.01,7525.0,0.0968,3.0
15:44:54,7247.01,7550.0,0.0022,0.0
15:44:54,7247.01,7575.0,0.0002,0.0
15:44:54,7247.01,7580.0,0.0002,0.0
15:44:54,7247.01,7600.0,0.0001,0.0
15:44:54,7247.01,7625.0,0.0,1.0
15:44:54,7247.01,8400.0,0.0,2.0
15:44:54,7247.01,8600.0,0.0,3.0
15:44:54,7247.01,9000.0,-0.0255,0.0
15:44:54,7247.01,9200.0,0.0,1.0
15:47:23,7243.16,1600.0,-0.0,1.0
15:47:23,7243.16,2400.0,-0.0,1.0
15:47:23,7243.16,5850.0,0.0,1.0
15:47:23,7243.16,6050.0,0.0,1.0
15:47:23,7243.16,6075.0,-0.0,3.0
15:47:23,7243.16,6100.0,0.0,7.0
15:47:23,7243.16,6450.0,-0.0,1.0
15:47:23,7243.16,6510.0,-0.0,20.0
15:47:23,7243.16,6520.0,-0.0,14.0
15:47:23,7243.16,6540.0,-0.0,20.0
15:47:23,7243.16,6550.0,-0.0,19.0
15:47:23,7243.16,6580.0,0.0,2.0
15:47:23,7243.16,6590.0,0.0,1.0
15:47:23,7243.16,6595.0,-0.0,808.0
15:47:23,7243.16,6600.0,-0.0,5.0
15:47:23,7243.16,6650.0,-0.0,13.0
15:47:23,7243.16,6670.0,0.0,2.0
15:47:23,7243.16,6680.0,-0.0002,0.0
15:47:23,7243.16,6685.0,-0.0001,0.0
15:47:23,7243.16,6700.0,-0.0005,8.0
15:47:23,7243.16,6710.0,-0.0001,5.0
15:47:23,7243.16,6715.0,-0.0003,0.0
15:47:23,7243.16,6720.0,-0.001,2.0
15:47:23,7243.16,6725.0,-0.0005,1.0
15:47:23,7243.16,6730.0,-0.0002,1.0
15:47:23,7243.16,6735.0,-0.0006,2.0
15:47:23,7243.16,6740.0,-0.0003,0.0
15:47:23,7243.16,6745.0,-0.0006,0.0
15:47:23,7243.16,6750.0,-0.0052,36.0
15:47:23,7243.16,6755.0,-0.0037,0.0
15:47:23,7243.16,6760.0,0.0023,0.0
15:47:23,7243.16,6765.0,-0.0025,4.0
15:47:23,7243.16,6770.0,-0.0095,15.0
15:47:23,7243.16,6775.0,-0.0022,63.0
15:47:23,7243.16,6780.0,-0.0021,2.0
15:47:23,7243.16,6785.0,-0.007,40.0
15:47:23,7243.16,6790.0,-0.0089,10.0
15:47:23,7243.16,6795.0,-0.0298,0.0
15:47:23,7243.16,6800.0,-0.1322,31.0
15:47:23,7243.16,6805.0,-0.0435,0.0
15:47:23,7243.16,6810.0,-0.0399,0.0
15:47:23,7243.16,6815.0,-0.0626,25.0
15:47:23,7243.16,6820.0,-0.2036,40.0
15:47:23,7243.16,6825.0,-0.2858,50.0
15:47:23,7243.16,6830.0,-0.0273,25.0
15:47:23,7243.16,6835.0,-0.1967,2.0
15:47:23,7243.16,6840.0,-0.2134,8.0
15:47:23,7243.16,6845.0,-0.159,256.0
15:47:23,7243.16,6850.0,-2.1882,98.0
15:47:23,7243.16,6855.0,-0.22,3.0
15:47:23,7243.16,6860.0,-2.5175,2.0
15:47:23,7243.16,6865.0,-0.4353,25.0
15:47:23,7243.16,6870.0,-0.5368,2.0
15:47:23,7243.16,6875.0,-4.4703,20.0
15:47:23,7243.16,6880.0,-0.4416,39.0
15:47:23,7243.16,6885.0,-4.1736,33.0
15:47:23,7243.16,6890.0,-3.0345,46.0
15:47:23,7243.16,6895.0,-1.5232,49.0
15:47:23,7243.16,6900.0,-11.5882,311.0
15:47:23,7243.16,6905.0,-1.8079,822.0
15:47:23,7243.16,6910.0,1.4095,258.0
15:47:23,7243.16,6915.0,-2.9069,262.0
15:47:23,7243.16,6920.0,-9.7069,202.0
15:47:23,7243.16,6925.0,-10.9703,304.0
15:47:23,7243.16,6930.0,-1.9203,290.0
15:47:23,7243.16,6935.0,-2.3434,59.0
15:47:23,7243.16,6940.0,-3.3733,186.0
15:47:23,7243.16,6945.0,-3.4776,87.0
15:47:23,7243.16,6950.0,-18.1863,347.0
15:47:23,7243.16,6955.0,-2.1393,15.0
15:47:23,7243.16,6960.0,-21.5215,35.0
15:47:23,7243.16,6965.0,-4.7122,29.0
15:47:23,7243.16,6970.0,-6.4719,58.0
15:47:23,7243.16,6975.0,-41.4766,80.0
15:47:23,7243.16,6980.0,-10.9426,291.0
15:47:23,7243.16,6985.0,-36.7275,365.0
15:47:23,7243.16,6990.0,-5.6958,208.0
15:47:23,7243.16,6995.0,-8.4601,157.0
15:47:23,7243.16,7000.0,-17.8443,1389.0
15:47:23,7243.16,7005.0,-12.1973,883.0
15:47:23,7243.16,7010.0,-19.8057,133.0
15:47:23,7243.16,7015.0,-17.5188,128.0
15:47:23,7243.16,7020.0,-17.9072,131.0
15:47:23,7243.16,7025.0,-5.25,219.0
15:47:23,7243.16,7030.0,-21.5142,580.0
15:47:23,7243.16,7035.0,-27.4535,532.0
15:47:23,7243.16,7040.0,-13.8708,596.0
15:47:23,7243.16,7045.0,-11.5499,452.0
15:47:23,7243.16,7050.0,-45.5338,1622.0
15:47:23,7243.16,7055.0,-24.4523,1618.0
15:47:23,7243.16,7060.0,-29.6558,969.0
15:47:23,7243.16,7065.0,-31.6804,1301.0
15:47:23,7243.16,7070.0,-31.0388,867.0
15:47:23,7243.16,7075.0,-24.2886,649.0
15:47:23,7243.16,7080.0,-51.2772,487.0
15:47:23,7243.16,7085.0,-19.5218,421.0
15:47:23,7243.16,7090.0,-40.4583,545.0
15:47:23,7243.16,7095.0,-43.7562,802.0
15:47:23,7243.16,7100.0,-60.1125,1776.0
15:47:23,7243.16,7105.0,-10.7567,837.0
15:47:23,7243.16,7110.0,-44.95,1203.0
15:47:23,7243.16,7115.0,-24.5685,1048.0
15:47:23,7243.16,7120.0,-97.3916,1872.0
15:47:23,7243.16,7125.0,-41.9062,1267.0
15:47:23,7243.16,7130.0,-122.2001,2122.0
15:47:23,7243.16,7135.0,-55.2395,1416.0
15:47:23,7243.16,7140.0,-104.6422,1936.0
15:47:23,7243.16,7145.0,-63.1214,1403.0
15:47:23,7243.16,7150.0,-2.3035,4251.0
15:47:23,7243.16,7155.0,-46.4985,3262.0
15:47:23,7243.16,7160.0,-155.412,4477.0
15:47:23,7243.16,7165.0,91.1764,1734.0
15:47:23,7243.16,7170.0,-29.5794,3023.0
15:47:23,7243.16,7175.0,-92.4142,4345.0
15:47:23,7243.16,7180.0,108.7013,4326.0
15:47:23,7243.16,7185.0,-155.2837,2714.0
15:47:23,7243.16,7190.0,55.7859,4468.0
15:47:23,7243.16,7195.0,79.1301,3123.0
15:47:23,7243.16,7200.0,2602.1629,9899.0
15:47:23,7243.16,7205.0,219.8942,3521.0
15:47:23,7243.16,7210.0,306.3226,4135.0
15:47:23,7243.16,7215.0,467.3191,3565.0
15:47:23,7243.16,7220.0,784.7354,5315.0
15:47:23,7243.16,7225.0,1005.6381,5522.0
15:47:23,7243.16,7230.0,1686.6678,6881.0
15:47:23,7243.16,7235.0,838.609,6390.0
15:47:23,7243.16,7240.0,1552.0782,11044.0
15:47:23,7243.16,7245.0,3177.0304,14001.0
15:47:23,7243.16,7250.0,4446.9179,15505.0
15:47:23,7243.16,7255.0,2090.5268,8108.0
15:47:23,7243.16,7260.0,1559.3388,10770.0
15:47:23,7243.16,7265.0,1246.4598,6593.0
15:47:23,7243.16,7270.0,1295.0688,9199.0
15:47:23,7243.16,7275.0,3211.0161,12336.0
15:47:23,7243.16,7280.0,6886.3408,10040.0
15:47:23,7243.16,7285.0,2589.1619,8079.0
15:47:23,7243.16,7290.0,3092.8123,5872.0
15:47:23,7243.16,7295.0,288.8039,5146.0
15:47:23,7243.16,7300.0,1064.5488,8402.0
15:47:23,7243.16,7305.0,280.7727,3256.0
15:47:23,7243.16,7310.0,857.7274,2942.0
15:47:23,7243.16,7315.0,110.3591,1050.0
15:47:23,7243.16,7320.0,131.3203,2135.0
15:47:23,7243.16,7325.0,93.3832,1432.0
15:47:23,7243.16,7330.0,86.6391,1458.0
15:47:23,7243.16,7335.0,25.5495,1904.0
15:47:23,7243.16,7340.0,1099.4546,1162.0
15:47:23,7243.16,7345.0,14.8644,1263.0
15:47:23,7243.16,7350.0,261.3188,1457.0
15:47:23,7243.16,7355.0,33.7895,692.0
15:47:23,7243.16,7360.0,51.0853,738.0
15:47:23,7243.16,7365.0,4.6927,761.0
15:47:23,7243.16,7370.0,23.8269,799.0
15:47:23,7243.16,7375.0,102.4732,3990.0
15:47:23,7243.16,7380.0,16.7423,1569.0
15:47:23,7243.16,7385.0,5.7061,3902.0
15:47:23,7243.16,7390.0,14.8641,386.0
15:47:23,7243.16,7395.0,1.3151,138.0
15:47:23,7243.16,7400.0,18.6589,663.0
15:47:23,7243.16,7405.0,0.063,8.0
15:47:23,7243.16,7410.0,4.7753,87.0
15:47:23,7243.16,7415.0,0.0064,1.0
15:47:23,7243.16,7420.0,5.3675,53.0
15:47:23,7243.16,7425.0,10.1273,8.0
15:47:23,7243.16,7430.0,9.9039,8.0
15:47:23,7243.16,7440.0,1.0032,8.0
15:47:23,7243.16,7450.0,1.9299,7.0
15:47:23,7243.16,7460.0,0.6854,26.0
15:47:23,7243.16,7470.0,0.9597,20.0
15:47:23,7243.16,7475.0,0.9877,128.0
15:47:23,7243.16,7480.0,0.1354,0.0
15:47:23,7243.16,7490.0,0.079,0.0
15:47:23,7243.16,7500.0,0.3364,0.0
15:47:23,7243.16,7510.0,0.0237,0.0
15:47:23,7243.16,7525.0,0.0858,3.0
15:47:23,7243.16,7550.0,0.0022,0.0
15:47:23,7243.16,7575.0,0.0001,0.0
15:47:23,7243.16,7580.0,0.0002,0.0
15:47:23,7243.16,7600.0,0.0001,0.0
15:47:23,7243.16,7625.0,0.0,1.0
15:47:23,7243.16,8400.0,0.0,2.0
15:47:23,7243.16,8600.0,0.0,3.0
15:47:23,7243.16,8800.0,0.0,1.0
15:47:23,7243.16,9000.0,-0.0245,0.0
15:47:23,7243.16,9200.0,0.0,1.0
15:49:52,7245.11,1600.0,-0.0,1.0
15:49:52,7245.11,2400.0,-0.0,1.0
15:49:52,7245.11,4400.0,-0.0,1.0
15:49:52,7245.11,5000.0,-0.0,2.0
15:49:52,7245.11,5850.0,0.0,1.0
15:49:52,7245.11,6050.0,0.0,1.0
15:49:52,7245.11,6075.0,-0.0,3.0
15:49:52,7245.11,6100.0,-0.0,7.0
15:49:52,7245.11,6450.0,-0.0,1.0
15:49:52,7245.11,6510.0,-0.0,20.0
15:49:52,7245.11,6520.0,-0.0,14.0
15:49:52,7245.11,6540.0,-0.0,20.0
15:49:52,7245.11,6550.0,0.0,19.0
15:49:52,7245.11,6580.0,0.0,2.0
15:49:52,7245.11,6590.0,0.0,1.0
15:49:52,7245.11,6595.0,-0.0,808.0
15:49:52,7245.11,6600.0,-0.0,5.0
15:49:52,7245.11,6650.0,-0.0,13.0
15:49:52,7245.11,6670.0,0.0,2.0
15:49:52,7245.11,6680.0,-0.0002,0.0
15:49:52,7245.11,6685.0,-0.0001,0.0
15:49:52,7245.11,6700.0,-0.0005,8.0
15:49:52,7245.11,6710.0,-0.0001,5.0
15:49:52,7245.11,6715.0,-0.0003,0.0
15:49:52,7245.11,6720.0,-0.001,2.0
15:49:52,7245.11,6725.0,-0.0005,1.0
15:49:52,7245.11,6730.0,-0.0002,1.0
15:49:52,7245.11,6735.0,-0.0006,2.0
15:49:52,7245.11,6740.0,-0.0003,0.0
15:49:52,7245.11,6745.0,-0.0006,0.0
15:49:52,7245.11,6750.0,-0.0052,36.0
15:49:52,7245.11,6755.0,-0.0037,0.0
15:49:52,7245.11,6760.0,0.0023,0.0
15:49:52,7245.11,6765.0,-0.0025,4.0
15:49:52,7245.11,6770.0,-0.0095,15.0
15:49:52,7245.11,6775.0,-0.0022,63.0
15:49:52,7245.11,6780.0,-0.0021,2.0
15:49:52,7245.11,6785.0,-0.007,40.0
15:49:52,7245.11,6790.0,-0.0089,10.0
15:49:52,7245.11,6795.0,-0.0298,0.0
15:49:52,7245.11,6800.0,-0.1323,31.0
15:49:52,7245.11,6805.0,-0.0435,0.0
15:49:52,7245.11,6810.0,-0.0399,0.0
15:49:52,7245.11,6815.0,-0.0626,25.0
15:49:52,7245.11,6820.0,-0.2037,40.0
15:49:52,7245.11,6825.0,-0.6044,50.0
15:49:52,7245.11,6830.0,-0.0705,25.0
15:49:52,7245.11,6835.0,-0.1969,2.0
15:49:52,7245.11,6840.0,-0.2103,9.0
15:49:52,7245.11,6845.0,-0.156,256.0
15:49:52,7245.11,6850.0,-2.1231,98.0
15:49:52,7245.11,6855.0,-0.2128,3.0
15:49:52,7245.11,6860.0,-2.4175,2.0
15:49:52,7245.11,6865.0,-0.4165,25.0
15:49:52,7245.11,6870.0,-0.5032,2.0
15:49:52,7245.11,6875.0,-4.2216,20.0
15:49:52,7245.11,6880.0,-0.4419,39.0
15:49:52,7245.11,6885.0,-3.9384,53.0
15:49:52,7245.11,6890.0,-2.8559,46.0
15:49:52,7245.11,6895.0,-2.0422,89.0
15:49:52,7245.11,6900.0,-11.5945,414.0
15:49:52,7245.11,6905.0,-2.3634,824.0
15:49:52,7245.11,6910.0,1.3791,260.0
15:49:52,7245.11,6915.0,-2.8345,265.0
15:49:52,7245.11,6920.0,-9.7121,203.0
15:49:52,7245.11,6925.0,-10.9762,305.0
15:49:52,7245.11,6930.0,-1.6601,290.0
15:49:52,7245.11,6935.0,-2.2902,59.0
15:49:52,7245.11,6940.0,-3.0461,187.0
15:49:52,7245.11,6945.0,-3.1515,87.0
15:49:52,7245.11,6950.0,-20.6788,347.0
15:49:52,7245.11,6955.0,-2.2836,15.0
15:49:52,7245.11,6960.0,-19.5767,35.0
15:49:52,7245.11,6965.0,-4.9853,29.0
15:49:52,7245.11,6970.0,-5.6554,58.0
15:49:52,7245.11,6975.0,-48.5782,91.0
15:49:52,7245.11,6980.0,-9.8607,373.0
15:49:52,7245.11,6985.0,-39.2443,365.0
15:49:52,7245.11,6990.0,-5.0711,210.0
15:49:52,7245.11,6995.0,-7.3869,160.0
15:49:52,7245.11,7000.0,-23.89,1395.0
15:49:52,7245.11,7005.0,-10.7652,887.0
15:49:52,7245.11,7010.0,-17.5486,133.0
15:49:52,7245.11,7015.0,-15.5804,128.0
15:49:52,7245.11,7020.0,-15.7135,150.0
15:49:52,7245.11,7025.0,-8.9094,233.0
15:49:52,7245.11,7030.0,-18.5808,671.0
15:49:52,7245.11,7035.0,-27.6164,569.0
15:49:52,7245.11,7040.0,-11.8419,596.0
15:49:52,7245.11,7045.0,-11.7487,460.0
15:49:52,7245.11,7050.0,-58.146,1670.0
15:49:52,7245.11,7055.0,-24.9583,1618.0
15:49:52,7245.11,7060.0,-25.8973,971.0
15:49:52,7245.11,7065.0,-32.4176,1301.0
15:49:52,7245.11,7070.0,-27.0478,887.0
15:49:52,7245.11,7075.0,-35.0844,666.0
15:49:52,7245.11,7080.0,-44.6481,598.0
15:49:52,7245.11,7085.0,-20.0489,432.0
15:49:52,7245.11,7090.0,-35.342,563.0
15:49:52,7245.11,7095.0,-45.9063,876.0
15:49:52,7245.11,7100.0,-83.7608,1817.0
15:49:52,7245.11,7105.0,-11.4792,847.0
15:49:52,7245.11,7110.0,-34.3512,1211.0
15:49:52,7245.11,7115.0,-26.2127,1094.0
15:49:52,7245.11,7120.0,-76.3364,1891.0
15:49:52,7245.11,7125.0,-37.3448,1356.0
15:49:52,7245.11,7130.0,-103.2145,2227.0
15:49:52,7245.11,7135.0,-57.1178,1446.0
15:49:52,7245.11,7140.0,-104.1063,1976.0
15:49:52,7245.11,7145.0,-54.5727,1653.0
15:49:52,7245.11,7150.0,-29.985,4320.0
15:49:52,7245.11,7155.0,-43.9456,3349.0
15:49:52,7245.11,7160.0,-150.3455,5057.0
15:49:52,7245.11,7165.0,99.6995,1869.0
15:49:52,7245.11,7170.0,8.5857,3140.0
15:49:52,7245.11,7175.0,-135.1229,4678.0
15:49:52,7245.11,7180.0,143.4187,4508.0
15:49:52,7245.11,7185.0,-161.0192,2915.0
15:49:52,7245.11,7190.0,61.1396,4783.0
15:49:52,7245.11,7195.0,80.0874,3562.0
15:49:52,7245.11,7200.0,2588.162,10472.0
15:49:52,7245.11,7205.0,200.9391,4090.0
15:49:52,7245.11,7210.0,349.9191,4500.0
15:49:52,7245.11,7215.0,469.0783,4212.0
15:49:52,7245.11,7220.0,845.6688,6009.0
15:49:52,7245.11,7225.0,1008.4396,5983.0
15:49:52,7245.11,7230.0,1630.9772,7607.0
15:49:52,7245.11,7235.0,836.5174,7049.0
15:49:52,7245.11,7240.0,1547.8606,12219.0
15:49:52,7245.11,7245.0,3225.5988,15965.0
15:49:52,7245.11,7250.0,4350.1768,17123.0
15:49:52,7245.11,7255.0,2058.9349,8936.0
15:49:52,7245.11,7260.0,1561.041,11881.0
15:49:52,7245.11,7265.0,1197.2278,7280.0
15:49:52,7245.11,7270.0,1297.1217,10303.0
15:49:52,7245.11,7275.0,3208.7949,13358.0
15:49:52,7245.11,7280.0,6890.6039,14966.0
15:49:52,7245.11,7285.0,2603.4509,8623.0
15:49:52,7245.11,7290.0,3099.8639,10317.0
15:49:52,7245.11,7295.0,289.2088,5352.0
15:49:52,7245.11,7300.0,1217.2621,8724.0
15:49:52,7245.11,7305.0,280.9603,3495.0
15:49:52,7245.11,7310.0,858.4941,2951.0
15:49:52,7245.11,7315.0,110.5097,1202.0
15:49:52,7245.11,7320.0,131.4548,2174.0
15:49:52,7245.11,7325.0,99.3428,1621.0
15:49:52,7245.11,7330.0,77.7547,1462.0
15:49:52,7245.11,7335.0,25.5748,1989.0
15:49:52,7245.11,7340.0,974.1755,1162.0
15:49:52,7245.11,7345.0,14.8724,1285.0
15:49:52,7245.11,7350.0,299.4837,1493.0
15:49:52,7245.11,7355.0,33.8085,703.0
15:49:52,7245.11,7360.0,42.6862,824.0
15:49:52,7245.11,7365.0,4.6954,785.0
15:49:52,7245.11,7370.0,19.9722,815.0
15:49:52,7245.11,7375.0,90.3119,4000.0
15:49:52,7245.11,7380.0,14.2793,1570.0
15:49:52,7245.11,7385.0,5.7091,3902.0
15:49:52,7245.11,7390.0,13.0428,544.0
15:49:52,7245.11,7395.0,1.7593,189.0
15:49:52,7245.11,7400.0,21.3683,703.0
15:49:52,7245.11,7405.0,0.0604,8.0
15:49:52,7245.11,7410.0,4.5192,87.0
15:49:52,7245.11,7415.0,0.0302,5.0
15:49:52,7245.11,7420.0,5.0041,55.0
15:49:52,7245.11,7425.0,8.9597,9.0
15:49:52,7245.11,7430.0,9.1247,8.0
15:49:52,7245.11,7440.0,0.9157,25.0
15:49:52,7245.11,7450.0,2.1754,7.0
15:49:52,7245.11,7460.0,0.6181,26.0
15:49:52,7245.11,7470.0,0.8622,20.0
15:49:52,7245.11,7475.0,0.8931,128.0
15:49:52,7245.11,7480.0,0.1213,0.0
15:49:52,7245.11,7490.0,0.0705,0.0
15:49:52,7245.11,7500.0,0.3366,0.0
15:49:52,7245.11,7510.0,0.0237,0.0
15:49:52,7245.11,7525.0,0.0858,3.0
15:49:52,7245.11,7550.0,0.0023,0.0
15:49:52,7245.11,7575.0,0.0001,0.0
15:49:52,7245.11,7580.0,0.0002,0.0
15:49:52,7245.11,7600.0,0.0001,0.0
15:49:52,7245.11,7625.0,0.0,1.0
15:49:52,7245.11,8400.0,0.0,2.0
15:49:52,7245.11,8600.0,0.0,3.0
15:49:52,7245.11,8800.0,0.0,1.0
15:49:52,7245.11,9000.0,-0.0243,0.0
15:49:52,7245.11,9200.0,0.0,1.0
15:52:21,7247.82,1600.0,0.0,1.0
15:52:21,7247.82,2400.0,-0.0,1.0
15:52:21,7247.82,4400.0,-0.0,1.0
15:52:21,7247.82,5000.0,0.0,2.0
15:52:21,7247.82,5850.0,-0.0,1.0
15:52:21,7247.82,6050.0,-0.0,1.0
15:52:21,7247.82,6075.0,-0.0,3.0
15:52:21,7247.82,6100.0,-0.0,7.0
15:52:21,7247.82,6450.0,-0.0,1.0
15:52:21,7247.82,6510.0,-0.0,20.0
15:52:21,7247.82,6520.0,-0.0,14.0
15:52:21,7247.82,6540.0,-0.0,20.0
15:52:21,7247.82,6550.0,-0.0,19.0
15:52:21,7247.82,6580.0,-0.0,2.0
15:52:21,7247.82,6590.0,-0.0,1.0
15:52:21,7247.82,6595.0,-0.0,808.0
15:52:21,7247.82,6600.0,-0.0,5.0
15:52:21,7247.82,6650.0,-0.0001,13.0
15:52:21,7247.82,6670.0,-0.0,2.0
15:52:21,7247.82,6675.0,-0.0001,0.0
15:52:21,7247.82,6680.0,-0.0005,0.0
15:52:21,7247.82,6685.0,-0.0001,0.0
15:52:21,7247.82,6690.0,-0.0002,0.0
15:52:21,7247.82,6700.0,-0.001,8.0
15:52:21,7247.82,6710.0,-0.0003,5.0
15:52:21,7247.82,6715.0,-0.0003,0.0
15:52:21,7247.82,6720.0,-0.0009,2.0
15:52:21,7247.82,6725.0,-0.0001,1.0
15:52:21,7247.82,6730.0,-0.0,1.0
15:52:21,7247.82,6735.0,-0.0006,2.0
15:52:21,7247.82,6745.0,-0.0006,0.0
15:52:21,7247.82,6750.0,-0.0037,36.0
15:52:21,7247.82,6755.0,-0.0035,0.0
15:52:21,7247.82,6760.0,0.0064,0.0
15:52:21,7247.82,6765.0,-0.0025,4.0
15:52:21,7247.82,6770.0,-0.0085,15.0
15:52:21,7247.82,6775.0,0.0013,63.0
15:52:21,7247.82,6780.0,-0.0198,2.0
15:52:21,7247.82,6785.0,-0.0064,40.0
15:52:21,7247.82,6790.0,-0.0392,10.0
15:52:21,7247.82,6795.0,-0.0298,0.0
15:52:21,7247.82,6800.0,-0.5373,34.0
15:52:21,7247.82,6805.0,-0.0419,0.0
15:52:21,7247.82,6810.0,-0.1337,0.0
15:52:21,7247.82,6815.0,-0.0619,25.0
15:52:21,7247.82,6820.0,-0.6124,40.0
15:52:21,7247.82,6825.0,-0.8923,50.0
15:52:21,7247.82,6830.0,-0.1109,25.0
15:52:21,7247.82,6835.0,-0.1929,2.0
15:52:21,7247.82,6840.0,-0.3233,9.0
15:52:21,7247.82,6845.0,-0.2207,256.0
15:52:21,7247.82,6850.0,-3.0973,101.0
15:52:21,7247.82,6855.0,-0.298,3.0
15:52:21,7247.82,6860.0,-3.4032,2.0
15:52:21,7247.82,6865.0,-0.5749,25.0
15:52:21,7247.82,6870.0,-0.7501,2.0
15:52:21,7247.82,6875.0,-5.8459,20.0
15:52:21,7247.82,6880.0,-0.6807,39.0
15:52:21,7247.82,6885.0,-3.9287,55.0
15:52:21,7247.82,6890.0,-3.7111,46.0
15:52:21,7247.82,6895.0,-2.6272,283.0
15:52:21,7247.82,6900.0,-15.0641,431.0
15:52:21,7247.82,6905.0,-2.9514,827.0
15:52:21,7247.82,6910.0,1.675,274.0
15:52:21,7247.82,6915.0,-3.4475,266.0
15:52:21,7247.82,6920.0,-9.6937,203.0
15:52:21,7247.82,6925.0,-12.7909,305.0
15:52:21,7247.82,6930.0,-2.0367,290.0
15:52:21,7247.82,6935.0,-2.712,59.0
15:52:21,7247.82,6940.0,-3.4524,189.0
15:52:21,7247.82,6945.0,-3.5254,87.0
15:52:21,7247.82,6950.0,-20.2468,359.0
15:52:21,7247.82,6955.0,-2.2747,15.0
15:52:21,7247.82,6960.0,-20.429,35.0
15:52:21,7247.82,6965.0,-4.9765,31.0
15:52:21,7247.82,6970.0,-5.9153,58.0
15:52:21,7247.82,6975.0,-42.7219,98.0
15:52:21,7247.82,6980.0,-9.6846,480.0
15:52:21,7247.82,6985.0,-39.2845,365.0
15:52:21,7247.82,6990.0,-4.9298,213.0
15:52:21,7247.82,6995.0,-7.4846,292.0
15:52:21,7247.82,7000.0,-17.0461,1415.0
15:52:21,7247.82,7005.0,-10.8541,893.0
15:52:21,7247.82,7010.0,-16.8272,144.0
15:52:21,7247.82,7015.0,-15.6292,128.0
15:52:21,7247.82,7020.0,-15.1615,151.0
15:52:21,7247.82,7025.0,-4.4395,258.0
15:52:21,7247.82,7030.0,-18.1587,802.0
15:52:21,7247.82,7035.0,-28.1515,597.0
15:52:21,7247.82,7040.0,-11.614,610.0
15:52:21,7247.82,7045.0,-11.9215,462.0
15:52:21,7247.82,7050.0,-42.8843,1680.0
15:52:21,7247.82,7055.0,-23.5865,1812.0
15:52:21,7247.82,7060.0,-26.1726,1051.0
15:52:21,7247.82,7065.0,-32.5445,1305.0
15:52:21,7247.82,7070.0,-27.2933,890.0
15:52:21,7247.82,7075.0,-24.1358,703.0
15:52:21,7247.82,7080.0,-44.9526,701.0
15:52:21,7247.82,7085.0,-20.1783,480.0
15:52:21,7247.82,7090.0,-35.6909,646.0
15:52:21,7247.82,7095.0,-46.2075,934.0
15:52:21,7247.82,7100.0,-59.5791,1922.0
15:52:21,7247.82,7105.0,-8.8747,927.0
15:52:21,7247.82,7110.0,-32.2047,1429.0
15:52:21,7247.82,7115.0,-22.6631,1162.0
15:52:21,7247.82,7120.0,-69.6398,1947.0
15:52:21,7247.82,7125.0,-33.6186,1471.0
15:52:21,7247.82,7130.0,-89.0291,2301.0
15:52:21,7247.82,7135.0,-47.2307,1557.0
15:52:21,7247.82,7140.0,-88.394,2167.0
15:52:21,7247.82,7145.0,-52.666,1690.0
15:52:21,7247.82,7150.0,5.7973,4725.0
15:52:21,7247.82,7155.0,-38.1636,3445.0
15:52:21,7247.82,7160.0,-160.675,5272.0
15:52:21,7247.82,7165.0,99.3213,2087.0
15:52:21,7247.82,7170.0,-10.0718,3376.0
15:52:21,7247.82,7175.0,-153.4093,5097.0
15:52:21,7247.82,7180.0,108.5806,4949.0
15:52:21,7247.82,7185.0,-167.0576,3091.0
15:52:21,7247.82,7190.0,49.0695,5236.0
15:52:21,7247.82,7195.0,69.8078,4136.0
15:52:21,7247.82,7200.0,2559.379,11584.0
15:52:21,7247.82,7205.0,204.1599,4311.0
15:52:21,7247.82,7210.0,362.4746,5173.0
15:52:21,7247.82,7215.0,452.2975,4508.0
15:52:21,7247.82,7220.0,815.6922,7080.0
15:52:21,7247.82,7225.0,994.3909,6720.0
15:52:21,7247.82,7230.0,1632.1976,8434.0
15:52:21,7247.82,7235.0,868.8387,7788.0
15:52:21,7247.82,7240.0,1501.4827,14051.0
15:52:21,7247.82,7245.0,3229.0564,17308.0
15:52:21,7247.82,7250.0,4442.8203,19747.0
15:52:21,7247.82,7255.0,2061.2206,9570.0
15:52:21,7247.82,7260.0,1579.9685,14111.0
15:52:21,7247.82,7265.0,1198.64,7888.0
15:52:21,7247.82,7270.0,1326.2438,11495.0
15:52:21,7247.82,7275.0,3256.5087,14816.0
15:52:21,7247.82,7280.0,6904.2528,16423.0
15:52:21,7247.82,7285.0,2148.351,9051.0
15:52:21,7247.82,7290.0,2968.5869,10752.0
15:52:21,7247.82,7295.0,244.3873,5536.0
15:52:21,7247.82,7300.0,1200.9468,9065.0
15:52:21,7247.82,7305.0,225.5543,3646.0
15:52:21,7247.82,7310.0,780.7878,3051.0
15:52:21,7247.82,7315.0,94.8194,1348.0
15:52:21,7247.82,7320.0,132.3164,2254.0
15:52:21,7247.82,7325.0,109.4947,1700.0
15:52:21,7247.82,7330.0,83.8767,1480.0
15:52:21,7247.82,7335.0,22.4449,2029.0
15:52:21,7247.82,7340.0,1026.6969,1203.0
15:52:21,7247.82,7345.0,13.6535,1342.0
15:52:21,7247.82,7350.0,313.153,1530.0
15:52:21,7247.82,7355.0,32.7435,766.0
15:52:21,7247.82,7360.0,44.5173,873.0
15:52:21,7247.82,7365.0,4.6671,801.0
15:52:21,7247.82,7370.0,20.7035,815.0
15:52:21,7247.82,7375.0,93.1826,4003.0
15:52:21,7247.82,7380.0,14.6656,1573.0
15:52:21,7247.82,7385.0,4.8937,3905.0
15:52:21,7247.82,7390.0,13.3328,591.0
15:52:21,7247.82,7395.0,2.068,222.0
15:52:21,7247.82,7400.0,22.0351,714.0
15:52:21,7247.82,7405.0,0.0604,8.0
15:52:21,7247.82,7410.0,4.523,87.0
15:52:21,7247.82,7415.0,0.0484,8.0
15:52:21,7247.82,7420.0,5.0079,55.0
15:52:21,7247.82,7425.0,9.3713,9.0
15:52:21,7247.82,7430.0,9.1327,8.0
15:52:21,7247.82,7440.0,0.9164,25.0
15:52:21,7247.82,7450.0,2.3351,7.0
15:52:21,7247.82,7460.0,0.6186,26.0
15:52:21,7247.82,7470.0,0.8628,20.0
15:52:21,7247.82,7475.0,0.9824,128.0
15:52:21,7247.82,7480.0,0.1214,0.0
15:52:21,7247.82,7490.0,0.0717,0.0
15:52:21,7247.82,7500.0,0.4352,0.0
15:52:21,7247.82,7510.0,0.0237,0.0
15:52:21,7247.82,7525.0,0.0859,3.0
15:52:21,7247.82,7550.0,0.0023,1.0
15:52:21,7247.82,7575.0,0.0001,0.0
15:52:21,7247.82,7580.0,0.0002,0.0
15:52:21,7247.82,7600.0,0.0002,0.0
15:52:21,7247.82,7625.0,0.0,1.0
15:52:21,7247.82,7925.0,-0.0,5.0
15:52:21,7247.82,8400.0,0.0,2.0
15:52:21,7247.82,8600.0,0.0,3.0
15:52:21,7247.82,8800.0,-0.0013,17.0
15:52:21,7247.82,9000.0,-0.024,0.0
15:52:21,7247.82,9200.0,0.0,1.0
15:54:50,7251.9,1600.0,0.0,1.0
15:54:50,7251.9,2400.0,-0.0,1.0
15:54:50,7251.9,4400.0,-0.0,1.0
15:54:50,7251.9,5000.0,0.0,2.0
15:54:50,7251.9,5850.0,-0.0,1.0
15:54:50,7251.9,6050.0,-0.0,1.0
15:54:50,7251.9,6075.0,-0.0,3.0
15:54:50,7251.9,6100.0,-0.0,7.0
15:54:50,7251.9,6175.0,-0.0,1.0
15:54:50,7251.9,6450.0,-0.0,1.0
15:54:50,7251.9,6510.0,-0.0,20.0
15:54:50,7251.9,6520.0,-0.0,14.0
15:54:50,7251.9,6540.0,-0.0,20.0
15:54:50,7251.9,6550.0,-0.0,19.0
15:54:50,7251.9,6580.0,-0.0,2.0
15:54:50,7251.9,6590.0,-0.0,1.0
15:54:50,7251.9,6595.0,-0.0,808.0
15:54:50,7251.9,6600.0,-0.0,5.0
15:54:50,7251.9,6650.0,-0.0001,13.0
15:54:50,7251.9,6670.0,-0.0,52.0
15:54:50,7251.9,6675.0,-0.0001,50.0
15:54:50,7251.9,6680.0,-0.0005,0.0
15:54:50,7251.9,6685.0,-0.0001,0.0
15:54:50,7251.9,6690.0,-0.0002,0.0
15:54:50,7251.9,6700.0,-0.001,8.0
15:54:50,7251.9,6710.0,-0.0003,5.0
15:54:50,7251.9,6715.0,-0.0003,0.0
15:54:50,7251.9,6720.0,-0.0022,2.0
15:54:50,7251.9,6725.0,0.0,1.0
15:54:50,7251.9,6730.0,0.0001,1.0
15:54:50,7251.9,6735.0,-0.0006,2.0
15:54:50,7251.9,6745.0,-0.0006,0.0
15:54:50,7251.9,6750.0,-0.0032,36.0
15:54:50,7251.9,6755.0,-0.0035,0.0
15:54:50,7251.9,6760.0,0.0064,0.0
15:54:50,7251.9,6765.0,-0.0025,4.0
15:54:50,7251.9,6770.0,-0.0182,15.0
15:54:50,7251.9,6775.0,0.0013,63.0
15:54:50,7251.9,6780.0,-0.0198,2.0
15:54:50,7251.9,6785.0,-0.0064,40.0
15:54:50,7251.9,6790.0,-0.0392,10.0
15:54:50,7251.9,6795.0,-0.0298,0.0
15:54:50,7251.9,6800.0,-0.538,38.0
15:54:50,7251.9,6805.0,-0.042,0.0
15:54:50,7251.9,6810.0,-0.1341,0.0
15:54:50,7251.9,6815.0,-0.0619,25.0
15:54:50,7251.9,6820.0,-0.5049,40.0
15:54:50,7251.9,6825.0,-0.7081,50.0
15:54:50,7251.9,6830.0,-0.0741,27.0
15:54:50,7251.9,6835.0,-0.1932,2.0
15:54:50,7251.9,6840.0,-0.2233,9.0
15:54:50,7251.9,6845.0,-0.1695,256.0
15:54:50,7251.9,6850.0,-2.3209,103.0
15:54:50,7251.9,6855.0,-0.2306,3.0
15:54:50,7251.9,6860.0,-2.671,2.0
15:54:50,7251.9,6865.0,-0.5755,25.0
15:54:50,7251.9,6870.0,-0.4981,3.0
15:54:50,7251.9,6875.0,-4.4294,21.0
15:54:50,7251.9,6880.0,-0.3941,39.0
15:54:50,7251.9,6885.0,-3.9331,55.0
15:54:50,7251.9,6890.0,-2.7974,46.0
15:54:50,7251.9,6895.0,-2.0702,357.0
15:54:50,7251.9,6900.0,-10.5847,506.0
15:54:50,7251.9,6905.0,-2.3294,829.0
15:54:50,7251.9,6910.0,2.0297,266.0
15:54:50,7251.9,6915.0,-2.7222,290.0
15:54:50,7251.9,6920.0,-8.4619,205.0
15:54:50,7251.9,6925.0,-9.5357,305.0
15:54:50,7251.9,6930.0,-2.039,290.0
15:54:50,7251.9,6935.0,-2.1198,59.0
15:54:50,7251.9,6940.0,-3.4562,208.0
15:54:50,7251.9,6945.0,-2.886,91.0
15:54:50,7251.9,6950.0,-15.1977,401.0
15:54:50,7251.9,6955.0,-2.0297,17.0
15:54:50,7251.9,6960.0,-20.452,35.0
15:54:50,7251.9,6965.0,-4.3043,31.0
15:54:50,7251.9,6970.0,-4.7959,58.0
15:54:50,7251.9,6975.0,-36.3541,98.0
15:54:50,7251.9,6980.0,-9.6955,480.0
15:54:50,7251.9,6985.0,-32.8636,365.0
15:54:50,7251.9,6990.0,-4.9354,216.0
15:54:50,7251.9,6995.0,-7.0226,407.0
15:54:50,7251.9,7000.0,-13.1383,1420.0
15:54:50,7251.9,7005.0,-10.1904,893.0
15:54:50,7251.9,7010.0,-14.2936,150.0
15:54:50,7251.9,7015.0,-14.7723,133.0
15:54:50,7251.9,7020.0,-13.0299,156.0
15:54:50,7251.9,7025.0,-2.8283,414.0
15:54:50,7251.9,7030.0,-15.7918,806.0
15:54:50,7251.9,7035.0,-26.9379,647.0
15:54:50,7251.9,7040.0,-10.1725,616.0
15:54:50,7251.9,7045.0,-10.0105,462.0
15:54:50,7251.9,7050.0,-37.2073,1698.0
15:54:50,7251.9,7055.0,-21.1747,1857.0
15:54:50,7251.9,7060.0,-26.202,1103.0
15:54:50,7251.9,7065.0,-27.7088,1307.0
15:54:50,7251.9,7070.0,-27.324,897.0
15:54:50,7251.9,7075.0,-18.4957,732.0
15:54:50,7251.9,7080.0,-45.0032,874.0
15:54:50,7251.9,7085.0,-17.3568,500.0
15:54:50,7251.9,7090.0,-35.7311,718.0
15:54:50,7251.9,7095.0,-44.3508,1466.0
15:54:50,7251.9,7100.0,-53.0274,1972.0
15:54:50,7251.9,7105.0,-8.9437,983.0
15:54:50,7251.9,7110.0,-32.2409,1489.0
15:54:50,7251.9,7115.0,-20.5126,1257.0
15:54:50,7251.9,7120.0,-69.7182,1990.0
15:54:50,7251.9,7125.0,-19.5194,1564.0
15:54:50,7251.9,7130.0,-96.8917,2411.0
15:54:50,7251.9,7135.0,-44.3771,1593.0
15:54:50,7251.9,7140.0,-88.5498,2347.0
15:54:50,7251.9,7145.0,-50.4249,1735.0
15:54:50,7251.9,7150.0,5.7249,4861.0
15:54:50,7251.9,7155.0,-33.5821,3532.0
15:54:50,7251.9,7160.0,-144.0173,5526.0
15:54:50,7251.9,7165.0,87.1105,2181.0
15:54:50,7251.9,7170.0,-25.731,3454.0
15:54:50,7251.9,7175.0,-223.708,5267.0
15:54:50,7251.9,7180.0,107.8495,5060.0
15:54:50,7251.9,7185.0,-181.8813,3378.0
15:54:50,7251.9,7190.0,50.879,5492.0
15:54:50,7251.9,7195.0,46.6737,4574.0
15:54:50,7251.9,7200.0,2304.4193,12332.0
15:54:50,7251.9,7205.0,161.439,4958.0
15:54:50,7251.9,7210.0,311.1882,5673.0
15:54:50,7251.9,7215.0,461.2842,5386.0
15:54:50,7251.9,7220.0,771.7165,7723.0
15:54:50,7251.9,7225.0,968.2515,7178.0
15:54:50,7251.9,7230.0,1659.0628,9141.0
15:54:50,7251.9,7235.0,847.2726,8682.0
15:54:50,7251.9,7240.0,1504.608,15320.0
15:54:50,7251.9,7245.0,3165.327,19408.0
15:54:50,7251.9,7250.0,4678.575,21276.0
15:54:50,7251.9,7255.0,2025.6438,10831.0
15:54:50,7251.9,7260.0,1610.3114,15309.0
15:54:50,7251.9,7265.0,1145.1093,9299.0
15:54:50,7251.9,7270.0,1387.868,12459.0
15:54:50,7251.9,7275.0,3482.92,15556.0
15:54:50,7251.9,7280.0,7238.3824,16960.0
15:54:50,7251.9,7285.0,2152.0639,9636.0
15:54:50,7251.9,7290.0,3182.3193,11085.0
15:54:50,7251.9,7295.0,244.4748,5814.0
15:54:50,7251.9,7300.0,1178.067,9322.0
15:54:50,7251.9,7305.0,225.786,3899.0
15:54:50,7251.9,7310.0,840.338,3081.0
15:54:50,7251.9,7315.0,85.0657,1437.0
15:54:50,7251.9,7320.0,150.2555,2295.0
15:54:50,7251.9,7325.0,127.4049,1771.0
15:54:50,7251.9,7330.0,99.7019,1485.0
15:54:50,7251.9,7335.0,20.1039,2099.0
15:54:50,7251.9,7340.0,1254.6819,1228.0
15:54:50,7251.9,7345.0,11.9035,1361.0
15:54:50,7251.9,7350.0,387.7952,1552.0
15:54:50,7251.9,7355.0,27.6018,906.0
15:54:50,7251.9,7360.0,55.7018,905.0
15:54:50,7251.9,7365.0,3.8974,808.0
15:54:50,7251.9,7370.0,26.1596,819.0
15:54:50,7251.9,7375.0,118.1592,4012.0
15:54:50,7251.9,7380.0,18.6255,1574.0
15:54:50,7251.9,7385.0,5.0098,3911.0
15:54:50,7251.9,7390.0,16.8072,782.0
15:54:50,7251.9,7395.0,1.8707,222.0
15:54:50,7251.9,7400.0,27.4017,744.0
15:54:50,7251.9,7405.0,0.0605,8.0
15:54:50,7251.9,7410.0,4.5281,87.0
15:54:50,7251.9,7415.0,0.0545,9.0
15:54:50,7251.9,7420.0,5.0135,56.0
15:54:50,7251.9,7425.0,10.9549,9.0
15:54:50,7251.9,7430.0,9.143,8.0
15:54:50,7251.9,7440.0,0.9174,25.0
15:54:50,7251.9,7450.0,2.6227,7.0
15:54:50,7251.9,7460.0,0.6193,26.0
15:54:50,7251.9,7470.0,0.9517,20.0
15:54:50,7251.9,7475.0,1.0724,128.0
15:54:50,7251.9,7480.0,0.1359,0.0
15:54:50,7251.9,7490.0,0.0718,0.0
15:54:50,7251.9,7500.0,0.4645,0.0
15:54:50,7251.9,7510.0,0.0238,0.0
15:54:50,7251.9,7525.0,0.086,3.0
15:54:50,7251.9,7550.0,0.0028,1.0
15:54:50,7251.9,7575.0,0.0001,0.0
15:54:50,7251.9,7580.0,0.0002,0.0
15:54:50,7251.9,7600.0,0.0002,0.0
15:54:50,7251.9,7625.0,0.0,1.0
15:54:50,7251.9,7925.0,-0.0,16.0
15:54:50,7251.9,8400.0,0.0,2.0
15:54:50,7251.9,8600.0,0.0,3.0
15:54:50,7251.9,8800.0,-0.0013,17.0
15:54:50,7251.9,9000.0,-0.0241,0.0
15:54:50,7251.9,9200.0,-0.0022,1.0
15:57:19,7257.71,1600.0,0.0,1.0
15:57:19,7257.71,2400.0,-0.0,1.0
15:57:19,7257.71,4400.0,-0.0,1.0
15:57:19,7257.71,5000.0,0.0,2.0
15:57:19,7257.71,5400.0,0.0,1.0
15:57:19,7257.71,5850.0,-0.0,1.0
15:57:19,7257.71,6050.0,-0.0,1.0
15:57:19,7257.71,6075.0,-0.0,3.0
15:57:19,7257.71,6100.0,-0.0,7.0
15:57:19,7257.71,6175.0,-0.0,1.0
15:57:19,7257.71,6450.0,-0.0,1.0
15:57:19,7257.71,6510.0,-0.0,20.0
15:57:19,7257.71,6520.0,-0.0,14.0
15:57:19,7257.71,6540.0,0.0,20.0
15:57:19,7257.71,6550.0,-0.0,19.0
15:57:19,7257.71,6580.0,-0.0,2.0
15:57:19,7257.71,6590.0,-0.0,1.0
15:57:19,7257.71,6595.0,-0.0,808.0
15:57:19,7257.71,6600.0,-0.0,5.0
15:57:19,7257.71,6650.0,-0.0001,13.0
15:57:19,7257.71,6670.0,0.0,52.0
15:57:19,7257.71,6675.0,-0.0001,50.0
15:57:19,7257.71,6680.0,-0.0005,0.0
15:57:19,7257.71,6685.0,-0.0001,0.0
15:57:19,7257.71,6690.0,-0.0002,0.0
15:57:19,7257.71,6700.0,-0.0012,8.0
15:57:19,7257.71,6710.0,-0.0003,5.0
15:57:19,7257.71,6715.0,-0.0003,0.0
15:57:19,7257.71,6720.0,-0.0022,2.0
15:57:19,7257.71,6725.0,-0.0002,1.0
15:57:19,7257.71,6730.0,-0.0,2.0
15:57:19,7257.71,6735.0,-0.0006,2.0
15:57:19,7257.71,6745.0,-0.0006,0.0
15:57:19,7257.71,6750.0,-0.004,36.0
15:57:19,7257.71,6755.0,-0.0035,0.0
15:57:19,7257.71,6760.0,0.0065,0.0
15:57:19,7257.71,6765.0,-0.0025,4.0
15:57:19,7257.71,6770.0,-0.0182,15.0
15:57:19,7257.71,6775.0,0.0013,63.0
15:57:19,7257.71,6780.0,-0.0199,1.0
15:57:19,7257.71,6785.0,-0.0064,44.0
15:57:19,7257.71,6790.0,-0.0393,10.0
15:57:19,7257.71,6795.0,-0.0298,1.0
15:57:19,7257.71,6800.0,-0.4168,191.0
15:57:19,7257.71,6805.0,-0.0517,0.0
15:57:19,7257.71,6810.0,-0.104,0.0
15:57:19,7257.71,6815.0,-0.0726,25.0
15:57:19,7257.71,6820.0,-0.467,40.0
15:57:19,7257.71,6825.0,-0.6524,50.0
15:57:19,7257.71,6830.0,-0.0665,27.0
15:57:19,7257.71,6835.0,-0.2126,2.0
15:57:19,7257.71,6840.0,-0.2032,9.0
15:57:19,7257.71,6845.0,-0.1697,256.0
15:57:19,7257.71,6850.0,-2.1572,103.0
15:57:19,7257.71,6855.0,-0.2309,3.0
15:57:19,7257.71,6860.0,-2.523,2.0
15:57:19,7257.71,6865.0,-0.5765,19.0
15:57:19,7257.71,6870.0,-0.465,55.0
15:57:19,7257.71,6875.0,-4.2306,58.0
15:57:19,7257.71,6880.0,-0.3674,51.0
15:57:19,7257.71,6885.0,-3.9394,67.0
15:57:19,7257.71,6890.0,-2.8019,46.0
15:57:19,7257.71,6895.0,-2.0267,453.0
15:57:19,7257.71,6900.0,-10.3513,506.0
15:57:19,7257.71,6905.0,-2.3024,829.0
15:57:19,7257.71,6910.0,2.033,275.0
15:57:19,7257.71,6915.0,-2.7208,290.0
15:57:19,7257.71,6920.0,-8.5092,210.0
15:57:19,7257.71,6925.0,-9.6732,305.0
15:57:19,7257.71,6930.0,-1.4091,291.0
15:57:19,7257.71,6935.0,-2.1763,59.0
15:57:19,7257.71,6940.0,-3.4618,211.0
15:57:19,7257.71,6945.0,-2.9924,91.0
15:57:19,7257.71,6950.0,-15.2221,411.0
15:57:19,7257.71,6955.0,-2.0924,17.0
15:57:19,7257.71,6960.0,-17.4408,35.0
15:57:19,7257.71,6965.0,-4.471,31.0
15:57:19,7257.71,6970.0,-4.8036,59.0
15:57:19,7257.71,6975.0,-37.9891,106.0
15:57:19,7257.71,6980.0,-8.3392,480.0
15:57:19,7257.71,6985.0,-34.2165,371.0
15:57:19,7257.71,6990.0,-4.1858,263.0
15:57:19,7257.71,6995.0,-6.1366,428.0
15:57:19,7257.71,7000.0,-14.5327,1446.0
15:57:19,7257.71,7005.0,-9.0525,901.0
15:57:19,7257.71,7010.0,-14.3166,179.0
15:57:19,7257.71,7015.0,-14.796,133.0
15:57:19,7257.71,7020.0,-13.0508,171.0
15:57:19,7257.71,7025.0,-3.367,436.0
15:57:19,7257.71,7030.0,-15.8171,841.0
15:57:19,7257.71,7035.0,-26.9811,702.0
15:57:19,7257.71,7040.0,-10.1888,650.0
15:57:19,7257.71,7045.0,-10.0265,463.0
15:57:19,7257.71,7050.0,-40.9128,1796.0
15:57:19,7257.71,7055.0,-21.2086,1888.0
15:57:19,7257.71,7060.0,-21.5986,1200.0
15:57:19,7257.71,7065.0,-27.7532,1341.0
15:57:19,7257.71,7070.0,-22.8236,906.0
15:57:19,7257.71,7075.0,-22.0263,763.0
15:57:19,7257.71,7080.0,-38.0832,938.0
15:57:19,7257.71,7085.0,-17.3846,547.0
15:57:19,7257.71,7090.0,-29.6481,752.0
15:57:19,7257.71,7095.0,-39.1092,1531.0
15:57:19,7257.71,7100.0,-52.0152,2108.0
15:57:19,7257.71,7105.0,-9.0635,1097.0
15:57:19,7257.71,7110.0,-29.6809,1673.0
15:57:19,7257.71,7115.0,-20.5086,1416.0
15:57:19,7257.71,7120.0,-62.7943,2103.0
15:57:19,7257.71,7125.0,-28.8958,1703.0
15:57:19,7257.71,7130.0,-79.943,2513.0
15:57:19,7257.71,7135.0,-44.9017,1828.0
15:57:19,7257.71,7140.0,-94.6805,2678.0
15:57:19,7257.71,7145.0,-43.4338,2092.0
15:57:19,7257.71,7150.0,4.7902,5357.0
15:57:19,7257.71,7155.0,-37.8965,3824.0
15:57:19,7257.71,7160.0,-144.2481,5899.0
15:57:19,7257.71,7165.0,68.015,2359.0
15:57:19,7257.71,7170.0,-25.7722,3853.0
15:57:19,7257.71,7175.0,-127.6016,5711.0
15:57:19,7257.71,7180.0,108.0224,5779.0
15:57:19,7257.71,7185.0,-182.1728,3644.0
15:57:19,7257.71,7190.0,50.9606,6089.0
15:57:19,7257.71,7195.0,46.7485,4932.0
15:57:19,7257.71,7200.0,2037.2971,13968.0
15:57:19,7257.71,7205.0,161.6978,5495.0
15:57:19,7257.71,7210.0,392.5225,6759.0
15:57:19,7257.71,7215.0,424.8489,5772.0
15:57:19,7257.71,7220.0,805.5709,8721.0
15:57:19,7257.71,7225.0,705.8738,8495.0
15:57:19,7257.71,7230.0,1667.1556,10947.0
15:57:19,7257.71,7235.0,849.5497,9373.0
15:57:19,7257.71,7240.0,1533.449,17024.0
15:57:19,7257.71,7245.0,3169.0287,21222.0
15:57:19,7257.71,7250.0,4327.4848,25380.0
15:57:19,7257.71,7255.0,2026.1579,11762.0
15:57:19,7257.71,7260.0,1610.0438,18895.0
15:57:19,7257.71,7265.0,1145.3445,10150.0
15:57:19,7257.71,7270.0,1388.1305,15670.0
15:57:19,7257.71,7275.0,3488.503,18555.0
15:57:19,7257.71,7280.0,7249.3689,20038.0
15:57:19,7257.71,7285.0,2659.6808,10142.0
15:57:19,7257.71,7290.0,3182.7766,13129.0
15:57:19,7257.71,7295.0,309.0707,6066.0
15:57:19,7257.71,7300.0,1743.5511,10832.0
15:57:19,7257.71,7305.0,264.775,3938.0
15:57:19,7257.71,7310.0,840.9142,3887.0
15:57:19,7257.71,7315.0,109.125,1512.0
15:57:19,7257.71,7320.0,173.8678,2719.0
15:57:19,7257.71,7325.0,127.3839,2122.0
15:57:19,7257.71,7330.0,107.257,1740.0
15:57:19,7257.71,7335.0,25.8538,2173.0
15:57:19,7257.71,7340.0,1298.9242,1620.0
15:57:19,7257.71,7345.0,15.3645,1398.0
15:57:19,7257.71,7350.0,392.7732,1696.0
15:57:19,7257.71,7355.0,35.8775,973.0
15:57:19,7257.71,7360.0,53.3285,1055.0
15:57:19,7257.71,7365.0,5.1035,819.0
15:57:19,7257.71,7370.0,22.8023,1022.0
15:57:19,7257.71,7375.0,98.9544,4073.0
15:57:19,7257.71,7380.0,18.6553,1680.0
15:57:19,7257.71,7385.0,5.0178,4024.0
15:57:19,7257.71,7390.0,16.8341,861.0
15:57:19,7257.71,7395.0,3.1397,372.0
15:57:19,7257.71,7400.0,25.5092,892.0
15:57:19,7257.71,7405.0,0.0606,8.0
15:57:19,7257.71,7410.0,5.2393,87.0
15:57:19,7257.71,7415.0,0.0546,11.0
15:57:19,7257.71,7420.0,5.834,56.0
15:57:19,7257.71,7425.0,10.9724,9.0
15:57:19,7257.71,7430.0,10.7152,9.0
15:57:19,7257.71,7440.0,1.0832,25.0
15:57:19,7257.71,7450.0,3.0889,7.0
15:57:19,7257.71,7460.0,0.7435,26.0
15:57:19,7257.71,7470.0,1.0454,20.0
15:57:19,7257.71,7475.0,1.0742,128.0
15:57:19,7257.71,7480.0,0.1477,0.0
15:57:19,7257.71,7490.0,0.0862,0.0
15:57:19,7257.71,7500.0,0.6275,0.0
15:57:19,7257.71,7510.0,0.026,0.0
15:57:19,7257.71,7525.0,0.0861,3.0
15:57:19,7257.71,7550.0,0.0028,1.0
15:57:19,7257.71,7575.0,0.0001,0.0
15:57:19,7257.71,7580.0,0.0003,0.0
15:57:19,7257.71,7600.0,0.0002,0.0
15:57:19,7257.71,7625.0,0.0,1.0
15:57:19,7257.71,7925.0,-0.0,16.0
15:57:19,7257.71,8400.0,0.0,2.0
15:57:19,7257.71,8600.0,0.0,3.0
15:57:19,7257.71,8800.0,-0.0008,17.0
15:57:19,7257.71,9200.0,-0.0022,1.0
15:59:49,7263.78,1600.0,-0.0,1.0
15:59:49,7263.78,2400.0,-0.0,1.0
15:59:49,7263.78,4400.0,-0.0,1.0
15:59:49,7263.78,5000.0,0.0,2.0
15:59:49,7263.78,5400.0,0.0,1.0
15:59:49,7263.78,5850.0,-0.0,1.0
15:59:49,7263.78,6050.0,-0.0,1.0
15:59:49,7263.78,6075.0,-0.0,3.0
15:59:49,7263.78,6100.0,-0.0,7.0
15:59:49,7263.78,6175.0,-0.0,1.0
15:59:49,7263.78,6450.0,-0.0,1.0
15:59:49,7263.78,6510.0,-0.0,20.0
15:59:49,7263.78,6520.0,-0.0,14.0
15:59:49,7263.78,6540.0,-0.0,20.0
15:59:49,7263.78,6550.0,-0.0,19.0
15:59:49,7263.78,6580.0,-0.0,2.0
15:59:49,7263.78,6590.0,-0.0,1.0
15:59:49,7263.78,6595.0,-0.0,808.0
15:59:49,7263.78,6600.0,-0.0,5.0
15:59:49,7263.78,6650.0,-0.0002,13.0
15:59:49,7263.78,6670.0,0.0,52.0
15:59:49,7263.78,6675.0,-0.0001,50.0
15:59:49,7263.78,6680.0,-0.0005,0.0
15:59:49,7263.78,6685.0,-0.0001,0.0
15:59:49,7263.78,6690.0,-0.0002,0.0
15:59:49,7263.78,6700.0,-0.001,8.0
15:59:49,7263.78,6710.0,-0.0003,5.0
15:59:49,7263.78,6715.0,-0.0003,0.0
15:59:49,7263.78,6720.0,-0.0018,2.0
15:59:49,7263.78,6725.0,-0.0003,1.0
15:59:49,7263.78,6730.0,-0.0003,2.0
15:59:49,7263.78,6735.0,-0.0006,2.0
15:59:49,7263.78,6740.0,-0.0004,0.0
15:59:49,7263.78,6745.0,-0.0006,0.0
15:59:49,7263.78,6750.0,-0.0068,36.0
15:59:49,7263.78,6755.0,-0.0037,0.0
15:59:49,7263.78,6760.0,0.0028,0.0
15:59:49,7263.78,6765.0,-0.0025,4.0
15:59:49,7263.78,6770.0,-0.0132,15.0
15:59:49,7263.78,6775.0,-0.0157,63.0
15:59:49,7263.78,6780.0,-0.0126,1.0
15:59:49,7263.78,6785.0,-0.0067,44.0
15:59:49,7263.78,6790.0,-0.024,10.0
15:59:49,7263.78,6795.0,-0.0299,1.0
15:59:49,7263.78,6800.0,-0.3175,193.0
15:59:49,7263.78,6805.0,-0.0311,0.0
15:59:49,7263.78,6810.0,-0.0767,0.0
15:59:49,7263.78,6815.0,-0.0436,25.0
15:59:49,7263.78,6820.0,-0.3379,40.0
15:59:49,7263.78,6825.0,-0.4783,50.0
15:59:49,7263.78,6830.0,-0.0531,27.0
15:59:49,7263.78,6835.0,-0.123,2.0
15:59:49,7263.78,6840.0,-0.1573,9.0
15:59:49,7263.78,6845.0,-0.0989,256.0
15:59:49,7263.78,6850.0,-1.5794,108.0
15:59:49,7263.78,6855.0,-0.1321,3.0
15:59:49,7263.78,6860.0,-1.775,2.0
15:59:49,7263.78,6865.0,-0.2537,51.0
15:59:49,7263.78,6870.0,-0.3608,69.0
15:59:49,7263.78,6875.0,-3.0113,62.0
15:59:49,7263.78,6880.0,-0.3125,64.0
15:59:49,7263.78,6885.0,-2.3239,79.0
15:59:49,7263.78,6890.0,-1.6932,46.0
15:59:49,7263.78,6895.0,-1.2237,453.0
15:59:49,7263.78,6900.0,-8.013,510.0
15:59:49,7263.78,6905.0,-1.4412,830.0
15:59:49,7263.78,6910.0,0.845,277.0
15:59:49,7263.78,6915.0,-1.7615,290.0
15:59:49,7263.78,6920.0,-5.5313,210.0
15:59:49,7263.78,6925.0,-10.7173,305.0
15:59:49,7263.78,6930.0,-0.7339,291.0
15:59:49,7263.78,6935.0,-1.5281,59.0
15:59:49,7263.78,6940.0,-1.941,214.0
15:59:49,7263.78,6945.0,-2.1991,91.0
15:59:49,7263.78,6950.0,-18.3542,415.0
15:59:49,7263.78,6955.0,-2.1206,17.0
15:59:49,7263.78,6960.0,-14.2213,37.0
15:59:49,7263.78,6965.0,-4.5477,31.0
15:59:49,7263.78,6970.0,-4.0191,66.0
15:59:49,7263.78,6975.0,-39.3593,114.0
15:59:49,7263.78,6980.0,-7.4052,481.0
15:59:49,7263.78,6985.0,-34.3006,373.0
15:59:49,7263.78,6990.0,-3.842,272.0
15:59:49,7263.78,6995.0,-6.323,484.0
15:59:49,7263.78,7000.0,-17.3313,1450.0
15:59:49,7263.78,7005.0,-9.2062,900.0
15:59:49,7263.78,7010.0,-13.7459,196.0
15:59:49,7263.78,7015.0,-13.4361,133.0
15:59:49,7263.78,7020.0,-12.4373,179.0
15:59:49,7263.78,7025.0,-4.3994,450.0
15:59:49,7263.78,7030.0,-14.9948,843.0
15:59:49,7263.78,7035.0,-24.6199,715.0
15:59:49,7263.78,7040.0,-9.2657,659.0
15:59:49,7263.78,7045.0,-10.2942,486.0
15:59:49,7263.78,7050.0,-36.3195,1824.0
15:59:49,7263.78,7055.0,-21.5189,1896.0
15:59:49,7263.78,7060.0,-19.7778,1279.0
15:59:49,7263.78,7065.0,-27.999,1343.0
15:59:49,7263.78,7070.0,-20.4137,934.0
15:59:49,7263.78,7075.0,-18.6168,820.0
15:59:49,7263.78,7080.0,-32.9743,989.0
15:59:49,7263.78,7085.0,-17.8446,571.0
15:59:49,7263.78,7090.0,-25.2166,819.0
15:59:49,7263.78,7095.0,-40.0314,1548.0
15:59:49,7263.78,7100.0,-43.0729,2187.0
15:59:49,7263.78,7105.0,-7.3088,1151.0
15:59:49,7263.78,7110.0,-24.4538,1721.0
15:59:49,7263.78,7115.0,-17.0535,1472.0
15:59:49,7263.78,7120.0,-69.0902,2199.0
15:59:49,7263.78,7125.0,-24.6812,1806.0
15:59:49,7263.78,7130.0,-85.1297,2597.0
15:59:49,7263.78,7135.0,-37.5422,1851.0
15:59:49,7263.78,7140.0,-83.647,2892.0
15:59:49,7263.78,7145.0,-37.5272,2249.0
15:59:49,7263.78,7150.0,4.2582,5627.0
15:59:49,7263.78,7155.0,-25.7949,3881.0
15:59:49,7263.78,7160.0,-107.658,6101.0
15:59:49,7263.78,7165.0,65.945,2502.0
15:59:49,7263.78,7170.0,6.8422,4050.0
15:59:49,7263.78,7175.0,-101.4071,6025.0
15:59:49,7263.78,7180.0,102.4904,6160.0
15:59:49,7263.78,7185.0,-151.4412,4092.0
15:59:49,7263.78,7190.0,39.9876,6396.0
15:59:49,7263.78,7195.0,32.5044,5547.0
15:59:49,7263.78,7200.0,1752.756,14906.0
15:59:49,7263.78,7205.0,114.1167,6235.0
15:59:49,7263.78,7210.0,280.7091,7431.0
15:59:49,7263.78,7215.0,279.7535,6646.0
15:59:49,7263.78,7220.0,618.4387,9561.0
15:59:49,7263.78,7225.0,706.5046,9207.0
15:59:49,7263.78,7230.0,1082.0173,11928.0
15:59:49,7263.78,7235.0,680.1225,10695.0
15:59:49,7263.78,7240.0,1150.03,18672.0
15:59:49,7263.78,7245.0,2871.7639,23257.0
15:59:49,7263.78,7250.0,3924.5541,27142.0
15:59:49,7263.78,7255.0,2106.9473,14495.0
15:59:49,7263.78,7260.0,1767.575,22139.0
15:59:49,7263.78,7265.0,1460.8948,12742.0
15:59:49,7263.78,7270.0,1904.8542,18086.0
15:59:49,7263.78,7275.0,5009.9958,20544.0
15:59:49,7263.78,7280.0,11233.6593,22765.0
15:59:49,7263.78,7285.0,4009.4342,12195.0
15:59:49,7263.78,7290.0,5857.6467,14575.0
15:59:49,7263.78,7295.0,309.5879,7113.0
15:59:49,7263.78,7300.0,2517.6438,12799.0
15:59:49,7263.78,7305.0,265.2181,4458.0
15:59:49,7263.78,7310.0,1194.3961,4645.0
15:59:49,7263.78,7315.0,109.3076,1884.0
15:59:49,7263.78,7320.0,255.2336,2963.0
15:59:49,7263.78,7325.0,211.9598,2268.0
15:59:49,7263.78,7330.0,162.313,1939.0
15:59:49,7263.78,7335.0,25.8971,2473.0
15:59:49,7263.78,7340.0,1899.5825,1871.0
15:59:49,7263.78,7345.0,15.3903,1519.0
15:59:49,7263.78,7350.0,471.1503,1795.0
15:59:49,7263.78,7355.0,35.3371,1063.0
15:59:49,7263.78,7360.0,72.122,1192.0
15:59:49,7263.78,7365.0,4.6649,1023.0
15:59:49,7263.78,7370.0,31.2051,1051.0
15:59:49,7263.78,7375.0,136.9756,4095.0
15:59:49,7263.78,7380.0,21.2025,1683.0
15:59:49,7263.78,7385.0,5.0262,4067.0
15:59:49,7263.78,7390.0,19.1081,880.0
15:59:49,7263.78,7395.0,4.2018,497.0
15:59:49,7263.78,7400.0,25.4561,1066.0
15:59:49,7263.78,7405.0,0.0834,11.0
15:59:49,7263.78,7410.0,5.1802,20.0
15:59:49,7263.78,7415.0,0.066,13.0
15:59:49,7263.78,7420.0,6.0611,61.0
15:59:49,7263.78,7425.0,10.9908,9.0
15:59:49,7263.78,7430.0,11.6419,9.0
15:59:49,7263.78,7440.0,1.2278,25.0
15:59:49,7263.78,7450.0,3.0929,7.0
15:59:49,7263.78,7460.0,0.9064,26.0
15:59:49,7263.78,7470.0,1.3142,20.0
15:59:49,7263.78,7475.0,1.0691,128.0
15:59:49,7263.78,7480.0,0.1908,0.0
15:59:49,7263.78,7490.0,0.114,0.0
15:59:49,7263.78,7500.0,0.6272,0.0
15:59:49,7263.78,7510.0,0.0358,0.0
15:59:49,7263.78,7520.0,0.0001,0.0
15:59:49,7263.78,7525.0,0.0863,3.0
15:59:49,7263.78,7530.0,0.0001,0.0
15:59:49,7263.78,7550.0,0.0028,1.0
15:59:49,7263.78,7575.0,0.0001,0.0
15:59:49,7263.78,7580.0,0.0003,0.0
15:59:49,7263.78,7600.0,0.0002,0.0
15:59:49,7263.78,7625.0,0.0,1.0
15:59:49,7263.78,7925.0,-0.0,16.0
15:59:49,7263.78,8400.0,0.0,2.0
15:59:49,7263.78,8600.0,0.0,3.0
15:59:49,7263.78,8800.0,0.0,17.0
15:59:49,7263.78,9000.0,-0.0129,0.0
15:59:49,7263.78,9200.0,-0.0021,1.0
16:02:18,7267.24,1600.0,-0.0,1.0
16:02:18,7267.24,2400.0,-0.0,1.0
16:02:18,7267.24,4400.0,-0.0,1.0
16:02:18,7267.24,5000.0,-0.0,2.0
16:02:18,7267.24,5400.0,-0.0,1.0
16:02:18,7267.24,5850.0,-0.0,1.0
16:02:18,7267.24,6050.0,-0.0,1.0
16:02:18,7267.24,6075.0,-0.0,3.0
16:02:18,7267.24,6100.0,-0.0,7.0
16:02:18,7267.24,6175.0,-0.0,1.0
16:02:18,7267.24,6400.0,-0.0,110.0
16:02:18,7267.24,6450.0,-0.0,1.0
16:02:18,7267.24,6510.0,-0.0,20.0
16:02:18,7267.24,6520.0,-0.0,14.0
16:02:18,7267.24,6540.0,-0.0,20.0
16:02:18,7267.24,6550.0,-0.0,19.0
16:02:18,7267.24,6580.0,-0.0,2.0
16:02:18,7267.24,6590.0,-0.0,1.0
16:02:18,7267.24,6595.0,-0.0,808.0
16:02:18,7267.24,6600.0,-0.0,5.0
16:02:18,7267.24,6650.0,-0.0001,13.0
16:02:18,7267.24,6670.0,0.0,60.0
16:02:18,7267.24,6675.0,-0.0001,51.0
16:02:18,7267.24,6680.0,-0.0004,0.0
16:02:18,7267.24,6685.0,-0.0002,0.0
16:02:18,7267.24,6690.0,-0.0001,0.0
16:02:18,7267.24,6695.0,-0.0001,8.0
16:02:18,7267.24,6700.0,-0.0008,8.0
16:02:18,7267.24,6705.0,-0.0001,0.0
16:02:18,7267.24,6710.0,-0.0002,5.0
16:02:18,7267.24,6715.0,-0.0005,0.0
16:02:18,7267.24,6720.0,-0.0015,2.0
16:02:18,7267.24,6725.0,-0.0004,1.0
16:02:18,7267.24,6730.0,-0.0003,2.0
16:02:18,7267.24,6735.0,-0.0007,2.0
16:02:18,7267.24,6740.0,-0.0004,0.0
16:02:18,7267.24,6745.0,-0.0006,0.0
16:02:18,7267.24,6750.0,-0.0074,36.0
16:02:18,7267.24,6755.0,-0.0036,0.0
16:02:18,7267.24,6760.0,0.0012,5.0
16:02:18,7267.24,6765.0,-0.0022,9.0
16:02:18,7267.24,6770.0,-0.0136,15.0
16:02:18,7267.24,6775.0,-0.017,63.0
16:02:18,7267.24,6780.0,-0.0137,1.0
16:02:18,7267.24,6785.0,-0.0053,44.0
16:02:18,7267.24,6790.0,-0.0247,10.0
16:02:18,7267.24,6795.0,-0.0213,1.0
16:02:18,7267.24,6800.0,-0.3288,453.0
16:02:18,7267.24,6805.0,-0.0294,0.0
16:02:18,7267.24,6810.0,-0.0781,0.0
16:02:18,7267.24,6815.0,-0.0404,25.0
16:02:18,7267.24,6820.0,-0.3416,40.0
16:02:18,7267.24,6825.0,-0.4902,50.0
16:02:18,7267.24,6830.0,-0.0578,27.0
16:02:18,7267.24,6835.0,-0.1186,2.0
16:02:18,7267.24,6840.0,-0.168,9.0
16:02:18,7267.24,6845.0,-0.0917,256.0
16:02:18,7267.24,6850.0,-1.6317,135.0
16:02:18,7267.24,6855.0,-0.1251,33.0
16:02:18,7267.24,6860.0,-1.7923,2.0
16:02:18,7267.24,6865.0,-0.2453,52.0
16:02:18,7267.24,6870.0,-0.3838,69.0
16:02:18,7267.24,6875.0,-3.0611,92.0
16:02:18,7267.24,6880.0,-0.3436,66.0
16:02:18,7267.24,6885.0,-2.3346,179.0
16:02:18,7267.24,6890.0,-1.712,61.0
16:02:18,7267.24,6895.0,-1.2244,453.0
16:02:18,7267.24,6900.0,-8.2819,545.0
16:02:18,7267.24,6905.0,-1.4406,830.0
16:02:18,7267.24,6910.0,0.878,277.0
16:02:18,7267.24,6915.0,-1.7576,290.0
16:02:18,7267.24,6920.0,-5.9366,211.0
16:02:18,7267.24,6925.0,-10.8224,306.0
16:02:18,7267.24,6930.0,-1.0746,293.0
16:02:18,7267.24,6935.0,-1.641,62.0
16:02:18,7267.24,6940.0,-2.2221,217.0
16:02:18,7267.24,6945.0,-2.3409,94.0
16:02:18,7267.24,6950.0,-18.571,420.0
16:02:18,7267.24,6955.0,-1.7152,18.0
16:02:18,7267.24,6960.0,-14.3495,48.0
16:02:18,7267.24,6965.0,-3.801,31.0
16:02:18,7267.24,6970.0,-4.3568,66.0
16:02:18,7267.24,6975.0,-39.5345,114.0
16:02:18,7267.24,6980.0,-7.6282,484.0
16:02:18,7267.24,6985.0,-30.0966,383.0
16:02:18,7267.24,6990.0,-3.9567,272.0
16:02:18,7267.24,6995.0,-5.6563,497.0
16:02:18,7267.24,7000.0,-17.7315,1537.0
16:02:18,7267.24,7005.0,-8.268,904.0
16:02:18,7267.24,7010.0,-13.6891,198.0
16:02:18,7267.24,7015.0,-12.0007,133.0
16:02:18,7267.24,7020.0,-12.283,185.0
16:02:18,7267.24,7025.0,-4.963,476.0
16:02:18,7267.24,7030.0,-14.5223,843.0
16:02:18,7267.24,7035.0,-21.27,718.0
16:02:18,7267.24,7040.0,-9.1701,674.0
16:02:18,7267.24,7045.0,-8.7637,489.0
16:02:18,7267.24,7050.0,-37.2984,1875.0
16:02:18,7267.24,7055.0,-18.3211,1912.0
16:02:18,7267.24,7060.0,-18.6916,1302.0
16:02:18,7267.24,7065.0,-23.4265,1345.0
16:02:18,7267.24,7070.0,-19.1873,948.0
16:02:18,7267.24,7075.0,-19.7073,869.0
16:02:18,7267.24,7080.0,-31.0099,1025.0
16:02:18,7267.24,7085.0,-13.845,581.0
16:02:18,7267.24,7090.0,-23.9889,892.0
16:02:18,7267.24,7095.0,-30.5632,1858.0
16:02:18,7267.24,7100.0,-44.9759,2235.0
16:02:18,7267.24,7105.0,-6.3779,1182.0
16:02:18,7267.24,7110.0,-22.4981,1758.0
16:02:18,7267.24,7115.0,-15.7393,1531.0
16:02:18,7267.24,7120.0,-48.6084,2270.0
16:02:18,7267.24,7125.0,-23.135,1992.0
16:02:18,7267.24,7130.0,-62.6251,2685.0
16:02:18,7267.24,7135.0,-33.3602,1908.0
16:02:18,7267.24,7140.0,-58.624,3068.0
16:02:18,7267.24,7145.0,-31.1014,2338.0
16:02:18,7267.24,7150.0,-43.3867,5863.0
16:02:18,7267.24,7155.0,-19.0105,4000.0
16:02:18,7267.24,7160.0,-82.023,6357.0
16:02:18,7267.24,7165.0,78.0148,2675.0
16:02:18,7267.24,7170.0,4.8798,4452.0
16:02:18,7267.24,7175.0,-92.9982,6429.0
16:02:18,7267.24,7180.0,76.4388,6459.0
16:02:18,7267.24,7185.0,-108.3243,4340.0
16:02:18,7267.24,7190.0,33.4192,7086.0
16:02:18,7267.24,7195.0,34.74,6433.0
16:02:18,7267.24,7200.0,1448.3283,15902.0
16:02:18,7267.24,7205.0,88.3654,6670.0
16:02:18,7267.24,7210.0,199.6991,8632.0
16:02:18,7267.24,7215.0,201.5553,7348.0
16:02:18,7267.24,7220.0,461.6454,10668.0
16:02:18,7267.24,7225.0,588.1822,10103.0
16:02:18,7267.24,7230.0,968.4953,13393.0
16:02:18,7267.24,7235.0,680.7706,11793.0
16:02:18,7267.24,7240.0,1023.0667,20086.0
16:02:18,7267.24,7245.0,2581.1813,24202.0
16:02:18,7267.24,7250.0,3672.0377,28951.0
16:02:18,7267.24,7255.0,2025.4728,16382.0
16:02:18,7267.24,7260.0,1704.2029,24697.0
16:02:18,7267.24,7265.0,1496.3131,14593.0
16:02:18,7267.24,7270.0,1993.3695,20960.0
16:02:18,7267.24,7275.0,5810.3145,23950.0
16:02:18,7267.24,7280.0,14061.0784,27146.0
16:02:18,7267.24,7285.0,4525.1368,13997.0
16:02:18,7267.24,7290.0,7781.8047,16631.0
16:02:18,7267.24,7295.0,590.2041,8568.0
16:02:18,7267.24,7300.0,2957.5448,17377.0
16:02:18,7267.24,7305.0,556.0089,5768.0
16:02:18,7267.24,7310.0,2113.3058,5877.0
16:02:18,7267.24,7315.0,199.8192,3614.0
16:02:18,7267.24,7320.0,255.2515,3316.0
16:02:18,7267.24,7325.0,247.9807,2611.0
16:02:18,7267.24,7330.0,162.3679,2063.0
16:02:18,7267.24,7335.0,40.7363,2530.0
16:02:18,7267.24,7340.0,2226.3125,1941.0
16:02:18,7267.24,7345.0,22.3402,1558.0
16:02:18,7267.24,7350.0,645.4182,2089.0
16:02:18,7267.24,7355.0,48.0517,1072.0
16:02:18,7267.24,7360.0,85.4805,1257.0
16:02:18,7267.24,7365.0,6.3254,1102.0
16:02:18,7267.24,7370.0,36.2119,1113.0
16:02:18,7267.24,7375.0,137.0985,5035.0
16:02:18,7267.24,7380.0,23.4444,1702.0
16:02:18,7267.24,7385.0,5.4221,4080.0
16:02:18,7267.24,7390.0,20.0017,900.0
16:02:18,7267.24,7395.0,4.9773,517.0
16:02:18,7267.24,7400.0,32.2651,1230.0
16:02:18,7267.24,7405.0,0.1232,15.0
16:02:18,7267.24,7410.0,6.3895,20.0
16:02:18,7267.24,7415.0,0.0767,13.0
16:02:18,7267.24,7420.0,7.5262,94.0
16:02:18,7267.24,7425.0,15.3838,9.0
16:02:18,7267.24,7430.0,14.6061,11.0
16:02:18,7267.24,7440.0,1.5561,25.0
16:02:18,7267.24,7450.0,4.4206,7.0
16:02:18,7267.24,7460.0,1.1789,26.0
16:02:18,7267.24,7470.0,1.7368,20.0
16:02:18,7267.24,7475.0,2.1379,128.0
16:02:18,7267.24,7480.0,0.2566,0.0
16:02:18,7267.24,7490.0,0.1563,0.0
16:02:18,7267.24,7500.0,1.084,0.0
16:02:18,7267.24,7510.0,0.0513,0.0
16:02:18,7267.24,7520.0,0.0002,0.0
16:02:18,7267.24,7525.0,0.2891,3.0
16:02:18,7267.24,7530.0,0.0002,0.0
16:02:18,7267.24,7550.0,0.0086,1.0
16:02:18,7267.24,7570.0,0.0001,0.0
16:02:18,7267.24,7575.0,0.0007,0.0
16:02:18,7267.24,7580.0,0.0007,0.0
16:02:18,7267.24,7600.0,0.0006,0.0
16:02:18,7267.24,7625.0,0.0,1.0
16:02:18,7267.24,7925.0,-0.0,16.0
16:02:18,7267.24,8400.0,0.0,2.0
16:02:18,7267.24,8600.0,0.0,3.0
16:02:18,7267.24,8800.0,0.0,17.0
16:02:18,7267.24,9000.0,-0.0127,0.0
16:02:18,7267.24,9200.0,0.0,1.0
16:04:47,7268.84,1600.0,-0.0,1.0
16:04:47,7268.84,2400.0,-0.0,1.0
16:04:47,7268.84,4400.0,-0.0,1.0
16:04:47,7268.84,5000.0,-0.0,2.0
16:04:47,7268.84,5400.0,-0.0,2.0
16:04:47,7268.84,5850.0,-0.0,1.0
16:04:47,7268.84,6050.0,-0.0,1.0
16:04:47,7268.84,6075.0,-0.0,3.0
16:04:47,7268.84,6100.0,-0.0,7.0
16:04:47,7268.84,6175.0,-0.0,1.0
16:04:47,7268.84,6400.0,-0.0,110.0
16:04:47,7268.84,6450.0,-0.0,1.0
16:04:47,7268.84,6510.0,-0.0,20.0
16:04:47,7268.84,6520.0,-0.0,14.0
16:04:47,7268.84,6540.0,-0.0,20.0
16:04:47,7268.84,6550.0,-0.0,19.0
16:04:47,7268.84,6580.0,-0.0,2.0
16:04:47,7268.84,6590.0,-0.0,1.0
16:04:47,7268.84,6595.0,-0.0,808.0
16:04:47,7268.84,6600.0,-0.0,5.0
16:04:47,7268.84,6630.0,-0.0,15.0
16:04:47,7268.84,6635.0,-0.0,15.0
16:04:47,7268.84,6650.0,-0.0001,15.0
16:04:47,7268.84,6670.0,0.0,65.0
16:04:47,7268.84,6675.0,-0.0001,51.0
16:04:47,7268.84,6680.0,-0.0004,0.0
16:04:47,7268.84,6685.0,-0.0002,0.0
16:04:47,7268.84,6690.0,-0.0001,1.0
16:04:47,7268.84,6695.0,-0.0001,13.0
16:04:47,7268.84,6700.0,-0.0009,8.0
16:04:47,7268.84,6705.0,-0.0001,0.0
16:04:47,7268.84,6710.0,-0.0002,5.0
16:04:47,7268.84,6715.0,-0.0005,0.0
16:04:47,7268.84,6720.0,-0.0015,2.0
16:04:47,7268.84,6725.0,-0.0004,1.0
16:04:47,7268.84,6730.0,-0.0004,2.0
16:04:47,7268.84,6735.0,-0.0007,2.0
16:04:47,7268.84,6740.0,-0.0004,0.0
16:04:47,7268.84,6745.0,-0.0006,0.0
16:04:47,7268.84,6750.0,-0.0076,37.0
16:04:47,7268.84,6755.0,-0.0036,0.0
16:04:47,7268.84,6760.0,0.0012,5.0
16:04:47,7268.84,6765.0,-0.0022,9.0
16:04:47,7268.84,6770.0,-0.0089,15.0
16:04:47,7268.84,6775.0,-0.017,63.0
16:04:47,7268.84,6780.0,-0.0137,1.0
16:04:47,7268.84,6785.0,-0.0053,44.0
16:04:47,7268.84,6790.0,-0.0247,10.0
16:04:47,7268.84,6795.0,-0.0213,1.0
16:04:47,7268.84,6800.0,-0.333,426.0
16:04:47,7268.84,6805.0,-0.0294,0.0
16:04:47,7268.84,6810.0,-0.0782,0.0
16:04:47,7268.84,6815.0,-0.0404,25.0
16:04:47,7268.84,6820.0,-0.3418,40.0
16:04:47,7268.84,6825.0,-0.4904,50.0
16:04:47,7268.84,6830.0,-0.0578,27.0
16:04:47,7268.84,6835.0,-0.1185,2.0
16:04:47,7268.84,6840.0,-0.1681,9.0
16:04:47,7268.84,6845.0,-0.0961,256.0
16:04:47,7268.84,6850.0,-1.6324,139.0
16:04:47,7268.84,6855.0,-0.1311,68.0
16:04:47,7268.84,6860.0,-1.2744,6.0
16:04:47,7268.84,6865.0,-0.2576,57.0
16:04:47,7268.84,6870.0,-0.2563,69.0
16:04:47,7268.84,6875.0,-2.2294,92.0
16:04:47,7268.84,6880.0,-0.2225,66.0
16:04:47,7268.84,6885.0,-2.5005,179.0
16:04:47,7268.84,6890.0,-1.5634,61.0
16:04:47,7268.84,6895.0,-1.3398,453.0
16:04:47,7268.84,6900.0,-6.4672,770.0
16:04:47,7268.84,6905.0,-1.6091,830.0
16:04:47,7268.84,6910.0,0.8133,268.0
16:04:47,7268.84,6915.0,-2.0112,291.0
16:04:47,7268.84,6920.0,-5.9237,212.0
16:04:47,7268.84,6925.0,-6.6575,308.0
16:04:47,7268.84,6930.0,-1.331,293.0
16:04:47,7268.84,6935.0,-1.7869,66.0
16:04:47,7268.84,6940.0,-2.4045,230.0
16:04:47,7268.84,6945.0,-2.5027,101.0
16:04:47,7268.84,6950.0,-12.846,624.0
16:04:47,7268.84,6955.0,-1.8223,18.0
16:04:47,7268.84,6960.0,-15.7287,53.0
16:04:47,7268.84,6965.0,-3.9965,35.0
16:04:47,7268.84,6970.0,-4.7221,66.0
16:04:47,7268.84,6975.0,-31.9857,125.0
16:04:47,7268.84,6980.0,-7.9221,484.0
16:04:47,7268.84,6985.0,-31.141,383.0
16:04:47,7268.84,6990.0,-4.0787,277.0
16:04:47,7268.84,6995.0,-5.6213,502.0
16:04:47,7268.84,7000.0,-14.1107,1577.0
16:04:47,7268.84,7005.0,-8.2495,910.0
16:04:47,7268.84,7010.0,-13.9236,520.0
16:04:47,7268.84,7015.0,-11.9983,158.0
16:04:47,7268.84,7020.0,-12.4493,186.0
16:04:47,7268.84,7025.0,-4.1083,496.0
16:04:47,7268.84,7030.0,-14.7308,874.0
16:04:47,7268.84,7035.0,-21.6319,728.0
16:04:47,7268.84,7040.0,-9.3432,683.0
16:04:47,7268.84,7045.0,-9.0044,560.0
16:04:47,7268.84,7050.0,-33.7592,2363.0
16:04:47,7268.84,7055.0,-18.8373,1912.0
16:04:47,7268.84,7060.0,-19.4539,1348.0
16:04:47,7268.84,7065.0,-24.226,1360.0
16:04:47,7268.84,7070.0,-20.0787,1169.0
16:04:47,7268.84,7075.0,-17.2211,1184.0
16:04:47,7268.84,7080.0,-32.4251,1096.0
16:04:47,7268.84,7085.0,-14.3218,588.0
16:04:47,7268.84,7090.0,-24.7455,964.0
16:04:47,7268.84,7095.0,-30.4738,1874.0
16:04:47,7268.84,7100.0,-39.9584,2596.0
16:04:47,7268.84,7105.0,-7.3547,1216.0
16:04:47,7268.84,7110.0,-23.6634,1810.0
16:04:47,7268.84,7115.0,-16.5281,1634.0
16:04:47,7268.84,7120.0,-50.9856,2290.0
16:04:47,7268.84,7125.0,-22.5015,2135.0
16:04:47,7268.84,7130.0,-65.0423,2817.0
16:04:47,7268.84,7135.0,-35.5151,1996.0
16:04:47,7268.84,7140.0,-62.93,3142.0
16:04:47,7268.84,7145.0,-34.7318,2388.0
16:04:47,7268.84,7150.0,16.0847,6703.0
16:04:47,7268.84,7155.0,-23.8197,4063.0
16:04:47,7268.84,7160.0,-82.1512,6474.0
16:04:47,7268.84,7165.0,58.1812,2746.0
16:04:47,7268.84,7170.0,4.2875,4585.0
16:04:47,7268.84,7175.0,-92.9115,7152.0
16:04:47,7268.84,7180.0,82.142,6582.0
16:04:47,7268.84,7185.0,-95.9615,4518.0
16:04:47,7268.84,7190.0,31.8865,7333.0
16:04:47,7268.84,7195.0,42.0509,6750.0
16:04:47,7268.84,7200.0,1603.7202,17133.0
16:04:47,7268.84,7205.0,119.182,7125.0
16:04:47,7268.84,7210.0,174.1488,9064.0
16:04:47,7268.84,7215.0,278.803,7833.0
16:04:47,7268.84,7220.0,500.8458,11320.0
16:04:47,7268.84,7225.0,589.64,10839.0
16:04:47,7268.84,7230.0,970.3331,14286.0
16:04:47,7268.84,7235.0,692.0947,12749.0
16:04:47,7268.84,7240.0,1049.5945,21036.0
16:04:47,7268.84,7245.0,2589.1242,25398.0
16:04:47,7268.84,7250.0,3690.2137,30753.0
16:04:47,7268.84,7255.0,2029.4756,17697.0
16:04:47,7268.84,7260.0,1755.9099,26583.0
16:04:47,7268.84,7265.0,1496.5929,17230.0
16:04:47,7268.84,7270.0,2050.3691,24003.0
16:04:47,7268.84,7275.0,5800.607,25790.0
16:04:47,7268.84,7280.0,14121.9606,31191.0
16:04:47,7268.84,7285.0,4929.4501,16947.0
16:04:47,7268.84,7290.0,7592.5493,18865.0
16:04:47,7268.84,7295.0,674.0246,9852.0
16:04:47,7268.84,7300.0,3139.2623,21637.0
16:04:47,7268.84,7305.0,612.2604,7621.0
16:04:47,7268.84,7310.0,2185.0755,6282.0
16:04:47,7268.84,7315.0,227.1056,3867.0
16:04:47,7268.84,7320.0,305.196,4132.0
16:04:47,7268.84,7325.0,231.9615,2953.0
16:04:47,7268.84,7330.0,188.2471,2186.0
16:04:47,7268.84,7335.0,47.2707,2589.0
16:04:47,7268.84,7340.0,2224.0148,2192.0
16:04:47,7268.84,7345.0,26.3474,1646.0
16:04:47,7268.84,7350.0,666.5145,2257.0
16:04:47,7268.84,7355.0,56.7194,1163.0
16:04:47,7268.84,7360.0,95.0227,1303.0
16:04:47,7268.84,7365.0,7.4348,1142.0
16:04:47,7268.84,7370.0,42.0409,1372.0
16:04:47,7268.84,7375.0,183.8052,5130.0
16:04:47,7268.84,7380.0,28.185,1776.0
16:04:47,7268.84,7385.0,7.6952,5009.0
16:04:47,7268.84,7390.0,24.5634,982.0
16:04:47,7268.84,7395.0,6.5693,528.0
16:04:47,7268.84,7400.0,33.6358,2200.0
16:04:47,7268.84,7405.0,0.3325,32.0
16:04:47,7268.84,7410.0,6.3903,26.0
16:04:47,7268.84,7415.0,0.0979,13.0
16:04:47,7268.84,7420.0,7.5295,94.0
16:04:47,7268.84,7425.0,17.3374,22.0
16:04:47,7268.84,7430.0,14.5985,11.0
16:04:47,7268.84,7440.0,1.5568,26.0
16:04:47,7268.84,7450.0,4.5109,21.0
16:04:47,7268.84,7460.0,1.1784,26.0
16:04:47,7268.84,7470.0,1.7327,20.0
16:04:47,7268.84,7475.0,2.2216,128.0
16:04:47,7268.84,7480.0,0.2567,0.0
16:04:47,7268.84,7490.0,0.1889,0.0
16:04:47,7268.84,7500.0,1.0844,0.0
16:04:47,7268.84,7510.0,0.0645,0.0
16:04:47,7268.84,7520.0,0.0002,0.0
16:04:47,7268.84,7525.0,0.2955,3.0
16:04:47,7268.84,7530.0,0.0002,0.0
16:04:47,7268.84,7550.0,0.0088,1.0
16:04:47,7268.84,7570.0,0.0002,0.0
16:04:47,7268.84,7575.0,0.0007,0.0
16:04:47,7268.84,7580.0,0.0009,0.0
16:04:47,7268.84,7600.0,0.0006,0.0
16:04:47,7268.84,7625.0,0.0,1.0
16:04:47,7268.84,7925.0,-0.0,16.0
16:04:47,7268.84,8400.0,0.0,2.0
16:04:47,7268.84,8600.0,0.0,3.0
16:04:47,7268.84,8800.0,0.0,17.0
16:04:47,7268.84,9000.0,-0.0499,0.0
16:04:47,7268.84,9200.0,0.0,1.0
16:07:16,7265.57,1600.0,-0.0,1.0
16:07:16,7265.57,2400.0,-0.0,1.0
16:07:16,7265.57,4400.0,-0.0,1.0
16:07:16,7265.57,5000.0,0.0,2.0
16:07:16,7265.57,5400.0,-0.0,2.0
16:07:16,7265.57,5850.0,-0.0,1.0
16:07:16,7265.57,6000.0,-0.0,20.0
16:07:16,7265.57,6050.0,-0.0,1.0
16:07:16,7265.57,6075.0,-0.0,3.0
16:07:16,7265.57,6100.0,-0.0,7.0
16:07:16,7265.57,6175.0,-0.0,1.0
16:07:16,7265.57,6400.0,-0.0,110.0
16:07:16,7265.57,6450.0,-0.0,1.0
16:07:16,7265.57,6510.0,-0.0,20.0
16:07:16,7265.57,6520.0,-0.0,14.0
16:07:16,7265.57,6540.0,-0.0,20.0
16:07:16,7265.57,6550.0,-0.0,19.0
16:07:16,7265.57,6580.0,-0.0,2.0
16:07:16,7265.57,6590.0,-0.0,1.0
16:07:16,7265.57,6595.0,-0.0,808.0
16:07:16,7265.57,6600.0,-0.0,5.0
16:07:16,7265.57,6630.0,-0.0,15.0
16:07:16,7265.57,6635.0,-0.0,15.0
16:07:16,7265.57,6650.0,-0.0004,15.0
16:07:16,7265.57,6670.0,0.0001,72.0
16:07:16,7265.57,6675.0,-0.0003,51.0
16:07:16,7265.57,6680.0,-0.0016,0.0
16:07:16,7265.57,6685.0,-0.001,0.0
16:07:16,7265.57,6690.0,-0.0005,1.0
16:07:16,7265.57,6695.0,-0.0003,20.0
16:07:16,7265.57,6700.0,-0.0035,8.0
16:07:16,7265.57,6705.0,-0.0006,0.0
16:07:16,7265.57,6710.0,-0.001,5.0
16:07:16,7265.57,6715.0,-0.0023,0.0
16:07:16,7265.57,6720.0,-0.007,2.0
16:07:16,7265.57,6725.0,-0.0032,1.0
16:07:16,7265.57,6730.0,-0.0011,2.0
16:07:16,7265.57,6735.0,-0.0038,2.0
16:07:16,7265.57,6740.0,-0.0015,0.0
16:07:16,7265.57,6745.0,-0.0033,0.0
16:07:16,7265.57,6750.0,-0.0292,37.0
16:07:16,7265.57,6755.0,-0.0201,0.0
16:07:16,7265.57,6760.0,0.0121,5.0
16:07:16,7265.57,6765.0,-0.0127,9.0
16:07:16,7265.57,6770.0,-0.0577,15.0
16:07:16,7265.57,6775.0,0.0038,63.0
16:07:16,7265.57,6780.0,0.0028,1.0
16:07:16,7265.57,6785.0,-0.0303,44.0
16:07:16,7265.57,6790.0,-0.0141,10.0
16:07:16,7265.57,6795.0,-0.1201,1.0
16:07:16,7265.57,6800.0,-0.1648,426.0
16:07:16,7265.57,6805.0,-0.1618,0.0
16:07:16,7265.57,6810.0,-0.0578,0.0
16:07:16,7265.57,6815.0,-0.2141,25.0
16:07:16,7265.57,6820.0,-0.2943,40.0
16:07:16,7265.57,6825.0,-0.3327,50.0
16:07:16,7265.57,6830.0,-0.2637,27.0
16:07:16,7265.57,6835.0,-0.5593,2.0
16:07:16,7265.57,6840.0,-0.6948,9.0
16:07:16,7265.57,6845.0,-0.4057,254.0
16:07:16,7265.57,6850.0,-5.8201,144.0
16:07:16,7265.57,6855.0,-0.4992,104.0
16:07:16,7265.57,6860.0,-5.5279,6.0
16:07:16,7265.57,6865.0,-0.8709,64.0
16:07:16,7265.57,6870.0,-1.2201,69.0
16:07:16,7265.57,6875.0,-8.2619,92.0
16:07:16,7265.57,6880.0,-1.0666,66.0
16:07:16,7265.57,6885.0,-6.4011,189.0
16:07:16,7265.57,6890.0,-4.3659,61.0
16:07:16,7265.57,6895.0,-2.9482,453.0
16:07:16,7265.57,6900.0,-17.9029,787.0
16:07:16,7265.57,6905.0,-3.0544,830.0
16:07:16,7265.57,6910.0,1.6866,268.0
16:07:16,7265.57,6915.0,-3.3193,291.0
16:07:16,7265.57,6920.0,-10.0136,212.0
16:07:16,7265.57,6925.0,-12.3313,308.0
16:07:16,7265.57,6930.0,-1.8201,294.0
16:07:16,7265.57,6935.0,-2.3194,66.0
16:07:16,7265.57,6940.0,-2.9859,252.0
16:07:16,7265.57,6945.0,-2.987,101.0
16:07:16,7265.57,6950.0,-18.292,648.0
16:07:16,7265.57,6955.0,-2.0324,18.0
16:07:16,7265.57,6960.0,-17.0325,53.0
16:07:16,7265.57,6965.0,-4.2114,35.0
16:07:16,7265.57,6970.0,-4.8514,66.0
16:07:16,7265.57,6975.0,-35.1759,142.0
16:07:16,7265.57,6980.0,-7.7742,484.0
16:07:16,7265.57,6985.0,-29.9344,383.0
16:07:16,7265.57,6990.0,-3.8458,280.0
16:07:16,7265.57,6995.0,-5.3843,542.0
16:07:16,7265.57,7000.0,-13.1048,1578.0
16:07:16,7265.57,7005.0,-7.5878,1112.0
16:07:16,7265.57,7010.0,-12.4119,611.0
16:07:16,7265.57,7015.0,-10.7984,159.0
16:07:16,7265.57,7020.0,-11.0324,192.0
16:07:16,7265.57,7025.0,-2.8835,496.0
16:07:16,7265.57,7030.0,-13.1649,875.0
16:07:16,7265.57,7035.0,-19.4855,748.0
16:07:16,7265.57,7040.0,-8.5083,686.0
16:07:16,7265.57,7045.0,-9.1362,718.0
16:07:16,7265.57,7050.0,-32.3245,2438.0
16:07:16,7265.57,7055.0,-18.9905,1955.0
16:07:16,7265.57,7060.0,-18.1048,1349.0
16:07:16,7265.57,7065.0,-24.3088,1392.0
16:07:16,7265.57,7070.0,-18.7077,1308.0
16:07:16,7265.57,7075.0,-16.9618,1215.0
16:07:16,7265.57,7080.0,-30.5511,1121.0
16:07:16,7265.57,7085.0,-14.4136,588.0
16:07:16,7265.57,7090.0,-23.7868,977.0
16:07:16,7265.57,7095.0,-30.5499,1893.0
16:07:16,7265.57,7100.0,-42.4764,2722.0
16:07:16,7265.57,7105.0,-6.8989,1234.0
16:07:16,7265.57,7110.0,-23.4386,1846.0
16:07:16,7265.57,7115.0,-16.1503,2217.0
16:07:16,7265.57,7120.0,-50.0072,2331.0
16:07:16,7265.57,7125.0,-22.8244,2167.0
16:07:16,7265.57,7130.0,-62.3333,2894.0
16:07:16,7265.57,7135.0,-32.3215,2007.0
16:07:16,7265.57,7140.0,-58.1917,3222.0
16:07:16,7265.57,7145.0,-31.3653,2415.0
16:07:16,7265.57,7150.0,-4.4908,6795.0
16:07:16,7265.57,7155.0,-23.6209,4123.0
16:07:16,7265.57,7160.0,-83.301,6656.0
16:07:16,7265.57,7165.0,62.675,2889.0
16:07:16,7265.57,7170.0,4.8859,4723.0
16:07:16,7265.57,7175.0,-91.0802,8706.0
16:07:16,7265.57,7180.0,77.0609,8268.0
16:07:16,7265.57,7185.0,-94.6552,4682.0
16:07:16,7265.57,7190.0,34.3134,7589.0
16:07:16,7265.57,7195.0,52.6581,6861.0
16:07:16,7265.57,7200.0,1488.6825,17550.0
16:07:16,7265.57,7205.0,111.3781,7389.0
16:07:16,7265.57,7210.0,196.0222,9773.0
16:07:16,7265.57,7215.0,261.6163,8244.0
16:07:16,7265.57,7220.0,499.3121,11958.0
16:07:16,7265.57,7225.0,603.9135,11523.0
16:07:16,7265.57,7230.0,1007.7812,15096.0
16:07:16,7265.57,7235.0,562.5114,13295.0
16:07:16,7265.57,7240.0,1080.5625,21987.0
16:07:16,7265.57,7245.0,2441.8432,26425.0
16:07:16,7265.57,7250.0,3913.131,32804.0
16:07:16,7265.57,7255.0,1952.8316,18950.0
16:07:16,7265.57,7260.0,1796.0735,29248.0
16:07:16,7265.57,7265.0,1501.1182,20121.0
16:07:16,7265.57,7270.0,2064.1106,26225.0
16:07:16,7265.57,7275.0,5901.3133,27265.0
16:07:16,7265.57,7280.0,13967.4196,38594.0
16:07:16,7265.57,7285.0,5024.8258,22651.0
16:07:16,7265.57,7290.0,7469.6808,20832.0
16:07:16,7265.57,7295.0,652.8781,11296.0
16:07:16,7265.57,7300.0,2769.5198,31933.0
16:07:16,7265.57,7305.0,583.0701,8633.0
16:07:16,7265.57,7310.0,2005.1026,6707.0
16:07:16,7265.57,7315.0,218.8278,4203.0
16:07:16,7265.57,7320.0,284.6809,4351.0
16:07:16,7265.57,7325.0,229.3264,3136.0
16:07:16,7265.57,7330.0,177.3942,2285.0
16:07:16,7265.57,7335.0,45.4331,2724.0
16:07:16,7265.57,7340.0,2236.3462,2276.0
16:07:16,7265.57,7345.0,27.3357,1712.0
16:07:16,7265.57,7350.0,701.8704,2401.0
16:07:16,7265.57,7355.0,61.6603,1251.0
16:07:16,7265.57,7360.0,101.2659,1329.0
16:07:16,7265.57,7365.0,8.4474,1258.0
16:07:16,7265.57,7370.0,46.2049,1479.0
16:07:16,7265.57,7375.0,202.1762,5171.0
16:07:16,7265.57,7380.0,30.7657,1789.0
16:07:16,7265.57,7385.0,9.3593,9196.0
16:07:16,7265.57,7390.0,26.1067,1040.0
16:07:16,7265.57,7395.0,8.7583,572.0
16:07:16,7265.57,7400.0,40.7158,5591.0
16:07:16,7265.57,7405.0,4.5166,358.0
16:07:16,7265.57,7410.0,6.3827,242.0
16:07:16,7265.57,7415.0,4.5881,438.0
16:07:16,7265.57,7420.0,7.5227,97.0
16:07:16,7265.57,7425.0,16.9013,22.0
16:07:16,7265.57,7430.0,14.5792,13.0
16:07:16,7265.57,7440.0,1.5554,31.0
16:07:16,7265.57,7450.0,4.6205,30.0
16:07:16,7265.57,7460.0,1.1771,1.0
16:07:16,7265.57,7470.0,1.7305,20.0
16:07:16,7265.57,7475.0,2.2345,128.0
16:07:16,7265.57,7480.0,0.2564,0.0
16:07:16,7265.57,7490.0,0.1943,0.0
16:07:16,7265.57,7500.0,1.1736,0.0
16:07:16,7265.57,7510.0,0.0659,0.0
16:07:16,7265.57,7520.0,0.0002,0.0
16:07:16,7265.57,7525.0,0.325,3.0
16:07:16,7265.57,7530.0,0.0002,0.0
16:07:16,7265.57,7550.0,0.0101,1.0
16:07:16,7265.57,7570.0,0.0002,0.0
16:07:16,7265.57,7575.0,0.0008,0.0
16:07:16,7265.57,7580.0,0.0009,0.0
16:07:16,7265.57,7600.0,0.0008,0.0
16:07:16,7265.57,7625.0,0.0,1.0
16:07:16,7265.57,7925.0,-0.0,16.0
16:07:16,7265.57,8400.0,0.0,2.0
16:07:16,7265.57,8600.0,0.0,3.0
16:07:16,7265.57,8800.0,0.0,17.0
16:07:16,7265.57,9000.0,-0.0274,0.0
16:07:16,7265.57,9200.0,0.0,1.0
16:09:45,7265.21,1600.0,-0.0,1.0
16:09:45,7265.21,2400.0,-0.0,1.0
16:09:45,7265.21,4400.0,-0.0,1.0
16:09:45,7265.21,5000.0,-0.0,2.0
16:09:45,7265.21,5400.0,-0.0,2.0
16:09:45,7265.21,5850.0,-0.0,1.0
16:09:45,7265.21,6000.0,-0.0,20.0
16:09:45,7265.21,6050.0,-0.0,1.0
16:09:45,7265.21,6075.0,-0.0,3.0
16:09:45,7265.21,6100.0,-0.0,7.0
16:09:45,7265.21,6175.0,-0.0,1.0
16:09:45,7265.21,6400.0,-0.0,110.0
16:09:45,7265.21,6450.0,-0.0,1.0
16:09:45,7265.21,6500.0,-0.0,1.0
16:09:45,7265.21,6510.0,-0.0,20.0
16:09:45,7265.21,6520.0,-0.0,14.0
16:09:45,7265.21,6540.0,-0.0,20.0
16:09:45,7265.21,6550.0,-0.0,20.0
16:09:45,7265.21,6580.0,-0.0,2.0
16:09:45,7265.21,6590.0,-0.0,1.0
16:09:45,7265.21,6595.0,-0.0,808.0
16:09:45,7265.21,6600.0,-0.0,5.0
16:09:45,7265.21,6630.0,-0.0,15.0
16:09:45,7265.21,6635.0,-0.0,15.0
16:09:45,7265.21,6650.0,-0.0006,15.0
16:09:45,7265.21,6670.0,0.0001,72.0
16:09:45,7265.21,6675.0,-0.0004,51.0
16:09:45,7265.21,6680.0,-0.0019,0.0
16:09:45,7265.21,6685.0,-0.0012,0.0
16:09:45,7265.21,6690.0,-0.0006,1.0
16:09:45,7265.21,6695.0,-0.0004,20.0
16:09:45,7265.21,6700.0,-0.004,8.0
16:09:45,7265.21,6705.0,-0.0007,0.0
16:09:45,7265.21,6710.0,-0.0011,5.0
16:09:45,7265.21,6715.0,-0.0025,0.0
16:09:45,7265.21,6720.0,-0.0074,2.0
16:09:45,7265.21,6725.0,-0.0033,1.0
16:09:45,7265.21,6730.0,-0.0012,2.0
16:09:45,7265.21,6735.0,-0.0039,2.0
16:09:45,7265.21,6740.0,-0.0015,0.0
16:09:45,7265.21,6745.0,-0.0032,0.0
16:09:45,7265.21,6750.0,-0.028,37.0
16:09:45,7265.21,6755.0,-0.019,0.0
16:09:45,7265.21,6760.0,0.0112,5.0
16:09:45,7265.21,6765.0,-0.0116,9.0
16:09:45,7265.21,6770.0,-0.0584,15.0
16:09:45,7265.21,6775.0,0.001,63.0
16:09:45,7265.21,6780.0,0.0003,1.0
16:09:45,7265.21,6785.0,-0.0263,44.0
16:09:45,7265.21,6790.0,-0.016,10.0
16:09:45,7265.21,6795.0,-0.1017,1.0
16:09:45,7265.21,6800.0,-0.1971,430.0
16:09:45,7265.21,6805.0,-0.1342,0.0
16:09:45,7265.21,6810.0,-0.0622,0.0
16:09:45,7265.21,6815.0,-0.1745,25.0
16:09:45,7265.21,6820.0,-0.3054,40.0
16:09:45,7265.21,6825.0,-1.4977,50.0
16:09:45,7265.21,6830.0,-0.1452,29.0
16:09:45,7265.21,6835.0,-0.4447,2.0
16:09:45,7265.21,6840.0,-0.4072,9.0
16:09:45,7265.21,6845.0,-0.4057,255.0
16:09:45,7265.21,6850.0,-3.9233,153.0
16:09:45,7265.21,6855.0,-0.4991,186.0
16:09:45,7265.21,6860.0,-4.1456,6.0
16:09:45,7265.21,6865.0,-0.8708,64.0
16:09:45,7265.21,6870.0,-0.9841,69.0
16:09:45,7265.21,6875.0,-7.788,93.0
16:09:45,7265.21,6880.0,-0.7657,66.0
16:09:45,7265.21,6885.0,-6.4004,208.0
16:09:45,7265.21,6890.0,-4.3654,62.0
16:09:45,7265.21,6895.0,-2.9479,453.0
16:09:45,7265.21,6900.0,-15.5081,787.0
16:09:45,7265.21,6905.0,-2.5435,830.0
16:09:45,7265.21,6910.0,1.9471,268.0
16:09:45,7265.21,6915.0,-2.8334,294.0
16:09:45,7265.21,6920.0,-8.758,213.0
16:09:45,7265.21,6925.0,-11.4384,313.0
16:09:45,7265.21,6930.0,-1.6393,294.0
16:09:45,7265.21,6935.0,-2.0915,66.0
16:09:45,7265.21,6940.0,-2.8082,252.0
16:09:45,7265.21,6945.0,-2.8592,101.0
16:09:45,7265.21,6950.0,-16.6274,650.0
16:09:45,7265.21,6955.0,-2.0322,19.0
16:09:45,7265.21,6960.0,-17.3377,53.0
16:09:45,7265.21,6965.0,-4.211,38.0
16:09:45,7265.21,6970.0,-4.7533,66.0
16:09:45,7265.21,6975.0,-34.7587,142.0
16:09:45,7265.21,6980.0,-7.7273,484.0
16:09:45,7265.21,6985.0,-29.9314,383.0
16:09:45,7265.21,6990.0,-3.7846,289.0
16:09:45,7265.21,6995.0,-6.0709,553.0
16:09:45,7265.21,7000.0,-13.5737,1677.0
16:09:45,7265.21,7005.0,-8.617,1116.0
16:09:45,7265.21,7010.0,-12.2235,622.0
16:09:45,7265.21,7015.0,-12.2763,159.0
16:09:45,7265.21,7020.0,-10.83,194.0
16:09:45,7265.21,7025.0,-3.7921,513.0
16:09:45,7265.21,7030.0,-12.8235,910.0
16:09:45,7265.21,7035.0,-19.3792,760.0
16:09:45,7265.21,7040.0,-8.2707,819.0
16:09:45,7265.21,7045.0,-10.1186,821.0
16:09:45,7265.21,7050.0,-32.9547,2456.0
16:09:45,7265.21,7055.0,-21.1431,1958.0
16:09:45,7265.21,7060.0,-18.103,1357.0
16:09:45,7265.21,7065.0,-27.2511,1653.0
16:09:45,7265.21,7070.0,-18.7058,1539.0
16:09:45,7265.21,7075.0,-17.3054,1256.0
16:09:45,7265.21,7080.0,-30.5481,1156.0
16:09:45,7265.21,7085.0,-16.808,711.0
16:09:45,7265.21,7090.0,-23.7845,987.0
16:09:45,7265.21,7095.0,-37.2328,1900.0
16:09:45,7265.21,7100.0,-41.5253,2859.0
16:09:45,7265.21,7105.0,-4.9612,1298.0
16:09:45,7265.21,7110.0,-29.1922,1878.0
16:09:45,7265.21,7115.0,-16.1487,2278.0
16:09:45,7265.21,7120.0,-62.5296,2361.0
16:09:45,7265.21,7125.0,-34.5654,2230.0
16:09:45,7265.21,7130.0,-76.8913,2952.0
16:09:45,7265.21,7135.0,-32.3183,2199.0
16:09:45,7265.21,7140.0,-75.0414,3292.0
16:09:45,7265.21,7145.0,-31.3622,2576.0
16:09:45,7265.21,7150.0,46.7236,6921.0
16:09:45,7265.21,7155.0,-18.3251,4176.0
16:09:45,7265.21,7160.0,-97.5386,6698.0
16:09:45,7265.21,7165.0,78.0409,3003.0
16:09:45,7265.21,7170.0,-14.6027,4749.0
16:09:45,7265.21,7175.0,-103.5886,8802.0
16:09:45,7265.21,7180.0,65.7832,8456.0
16:09:45,7265.21,7185.0,-93.2082,4838.0
16:09:45,7265.21,7190.0,34.31,7721.0
16:09:45,7265.21,7195.0,46.72,7121.0
16:09:45,7265.21,7200.0,1634.3931,18005.0
16:09:45,7265.21,7205.0,114.2534,7687.0
16:09:45,7265.21,7210.0,196.0027,10111.0
16:09:45,7265.21,7215.0,280.4228,8595.0
16:09:45,7265.21,7220.0,499.2627,12272.0
16:09:45,7265.21,7225.0,624.0743,11899.0
16:09:45,7265.21,7230.0,1053.4499,15610.0
16:09:45,7265.21,7235.0,566.2584,13890.0
16:09:45,7265.21,7240.0,1091.2408,22644.0
16:09:45,7265.21,7245.0,2482.4911,27774.0
16:09:45,7265.21,7250.0,3891.425,33781.0
16:09:45,7265.21,7255.0,2004.1032,20029.0
16:09:45,7265.21,7260.0,1793.9539,30670.0
16:09:45,7265.21,7265.0,1558.7359,22910.0
16:09:45,7265.21,7270.0,2062.8126,27881.0
16:09:45,7265.21,7275.0,5693.0121,28275.0
16:09:45,7265.21,7280.0,13965.9682,39977.0
16:09:45,7265.21,7285.0,5030.9488,24209.0
16:09:45,7265.21,7290.0,7475.2322,25629.0
16:09:45,7265.21,7295.0,656.5634,12241.0
16:09:45,7265.21,7300.0,2744.4491,36736.0
16:09:45,7265.21,7305.0,600.1922,9434.0
16:09:45,7265.21,7310.0,2005.139,9076.0
16:09:45,7265.21,7315.0,218.8953,4541.0
16:09:45,7265.21,7320.0,250.0302,4522.0
16:09:45,7265.21,7325.0,229.3036,3220.0
16:09:45,7265.21,7330.0,155.0428,2334.0
16:09:45,7265.21,7335.0,45.4274,2855.0
16:09:45,7265.21,7340.0,1969.7373,2460.0
16:09:45,7265.21,7345.0,27.333,1756.0
16:09:45,7265.21,7350.0,605.6165,2467.0
16:09:45,7265.21,7355.0,61.3755,1329.0
16:09:45,7265.21,7360.0,87.2405,1333.0
16:09:45,7265.21,7365.0,8.4436,1270.0
16:09:45,7265.21,7370.0,39.7599,1542.0
16:09:45,7265.21,7375.0,202.1598,5171.0
16:09:45,7265.21,7380.0,30.7627,1792.0
16:09:45,7265.21,7385.0,10.1023,9225.0
16:09:45,7265.21,7390.0,26.1041,1045.0
16:09:45,7265.21,7395.0,9.6494,602.0
16:09:45,7265.21,7400.0,36.362,5594.0
16:09:45,7265.21,7405.0,4.8709,381.0
16:09:45,7265.21,7410.0,7.7638,245.0
16:09:45,7265.21,7415.0,4.7042,456.0
16:09:45,7265.21,7420.0,8.8189,155.0
16:09:45,7265.21,7425.0,16.8996,22.0
16:09:45,7265.21,7430.0,16.8679,16.0
16:09:45,7265.21,7440.0,1.7966,31.0
16:09:45,7265.21,7450.0,4.0946,30.0
16:09:45,7265.21,7460.0,1.3933,3.0
16:09:45,7265.21,7470.0,2.0956,20.0
16:09:45,7265.21,7475.0,2.2343,128.0
16:09:45,7265.21,7480.0,0.3188,0.0
16:09:45,7265.21,7490.0,0.2009,0.0
16:09:45,7265.21,7500.0,1.0603,0.0
16:09:45,7265.21,7510.0,0.0659,0.0
16:09:45,7265.21,7520.0,0.0002,0.0
16:09:45,7265.21,7525.0,0.325,3.0
16:09:45,7265.21,7530.0,0.0002,0.0
16:09:45,7265.21,7550.0,0.0101,1.0
16:09:45,7265.21,7570.0,0.0002,0.0
16:09:45,7265.21,7575.0,0.0008,0.0
16:09:45,7265.21,7580.0,0.0011,0.0
16:09:45,7265.21,7600.0,0.0008,0.0
16:09:45,7265.21,7625.0,0.0,1.0
16:09:45,7265.21,7925.0,-0.0,16.0
16:09:45,7265.21,8400.0,0.0,2.0
16:09:45,7265.21,8600.0,0.0,3.0
16:09:45,7265.21,8800.0,0.0,17.0
16:09:45,7265.21,9000.0,-0.0269,0.0
16:09:45,7265.21,9200.0,0.0,1.0
16:12:14,7265.79,1600.0,-0.0,1.0
16:12:14,7265.79,2400.0,-0.0,1.0
16:12:14,7265.79,4400.0,-0.0,2.0
16:12:14,7265.79,5000.0,-0.0,2.0
16:12:14,7265.79,5400.0,-0.0,2.0
16:12:14,7265.79,5850.0,-0.0,1.0
16:12:14,7265.79,6000.0,-0.0,20.0
16:12:14,7265.79,6050.0,-0.0,1.0
16:12:14,7265.79,6075.0,-0.0,3.0
16:12:14,7265.79,6100.0,-0.0,7.0
16:12:14,7265.79,6175.0,-0.0,1.0
16:12:14,7265.79,6400.0,-0.0,110.0
16:12:14,7265.79,6450.0,-0.0,1.0
16:12:14,7265.79,6500.0,-0.0,1.0
16:12:14,7265.79,6510.0,-0.0,20.0
16:12:14,7265.79,6520.0,-0.0,14.0
16:12:14,7265.79,6540.0,-0.0,20.0
16:12:14,7265.79,6550.0,-0.0,20.0
16:12:14,7265.79,6580.0,-0.0,2.0
16:12:14,7265.79,6590.0,-0.0,1.0
16:12:14,7265.79,6595.0,-0.0,808.0
16:12:14,7265.79,6600.0,-0.0,5.0
16:12:14,7265.79,6630.0,-0.0,15.0
16:12:14,7265.79,6635.0,-0.0001,15.0
16:12:14,7265.79,6650.0,-0.0006,14.0
16:12:14,7265.79,6670.0,0.0001,72.0
16:12:14,7265.79,6675.0,-0.0006,51.0
16:12:14,7265.79,6680.0,-0.0019,0.0
16:12:14,7265.79,6685.0,-0.0012,0.0
16:12:14,7265.79,6690.0,-0.0006,1.0
16:12:14,7265.79,6695.0,-0.0004,20.0
16:12:14,7265.79,6700.0,-0.004,8.0
16:12:14,7265.79,6705.0,-0.0007,0.0
16:12:14,7265.79,6710.0,-0.0011,5.0
16:12:14,7265.79,6715.0,-0.0025,0.0
16:12:14,7265.79,6720.0,-0.0074,2.0
16:12:14,7265.79,6725.0,-0.0028,1.0
16:12:14,7265.79,6730.0,-0.0009,2.0
16:12:14,7265.79,6735.0,-0.0039,2.0
16:12:14,7265.79,6740.0,-0.0015,1.0
16:12:14,7265.79,6745.0,-0.0032,0.0
16:12:14,7265.79,6750.0,-0.028,37.0
16:12:14,7265.79,6755.0,-0.019,45.0
16:12:14,7265.79,6760.0,0.0112,5.0
16:12:14,7265.79,6765.0,-0.0116,9.0
16:12:14,7265.79,6770.0,-0.0585,15.0
16:12:14,7265.79,6775.0,0.001,63.0
16:12:14,7265.79,6780.0,0.0003,1.0
16:12:14,7265.79,6785.0,-0.0263,44.0
16:12:14,7265.79,6790.0,-0.016,10.0
16:12:14,7265.79,6795.0,-0.1017,1.0
16:12:14,7265.79,6800.0,-0.1971,434.0
16:12:14,7265.79,6805.0,-0.1342,0.0
16:12:14,7265.79,6810.0,-0.0622,0.0
16:12:14,7265.79,6815.0,-0.1745,25.0
16:12:14,7265.79,6820.0,-1.2781,40.0
16:12:14,7265.79,6825.0,-1.4979,50.0
16:12:14,7265.79,6830.0,-0.1452,29.0
16:12:14,7265.79,6835.0,-0.4447,2.0
16:12:14,7265.79,6840.0,-0.4073,9.0
16:12:14,7265.79,6845.0,-0.3712,259.0
16:12:14,7265.79,6850.0,-3.924,188.0
16:12:14,7265.79,6855.0,-0.456,281.0
16:12:14,7265.79,6860.0,-4.1463,108.0
16:12:14,7265.79,6865.0,-0.8003,165.0
16:12:14,7265.79,6870.0,-0.9843,173.0
16:12:14,7265.79,6875.0,-7.7892,194.0
16:12:14,7265.79,6880.0,-0.7659,66.0
16:12:14,7265.79,6885.0,-5.0646,228.0
16:12:14,7265.79,6890.0,-4.2026,62.0
16:12:14,7265.79,6895.0,-2.8743,453.0
16:12:14,7265.79,6900.0,-15.5106,940.0
16:12:14,7265.79,6905.0,-3.0581,830.0
16:12:14,7265.79,6910.0,1.7148,325.0
16:12:14,7265.79,6915.0,-3.4374,294.0
16:12:14,7265.79,6920.0,-8.7594,213.0
16:12:14,7265.79,6925.0,-9.8777,313.0
16:12:14,7265.79,6930.0,-2.213,294.0
16:12:14,7265.79,6935.0,-2.6263,66.0
16:12:14,7265.79,6940.0,-3.379,249.0
16:12:14,7265.79,6945.0,-3.3662,101.0
16:12:14,7265.79,6950.0,-16.1837,650.0
16:12:14,7265.79,6955.0,-2.3142,19.0
16:12:14,7265.79,6960.0,-19.2084,53.0
16:12:14,7265.79,6965.0,-4.3097,38.0
16:12:14,7265.79,6970.0,-5.6026,66.0
16:12:14,7265.79,6975.0,-37.2382,243.0
16:12:14,7265.79,6980.0,-8.7281,528.0
16:12:14,7265.79,6985.0,-32.432,495.0
16:12:14,7265.79,6990.0,-4.3117,342.0
16:12:14,7265.79,6995.0,-5.9139,630.0
16:12:14,7265.79,7000.0,-16.463,2026.0
16:12:14,7265.79,7005.0,-8.4755,1115.0
16:12:14,7265.79,7010.0,-14.3397,643.0
16:12:14,7265.79,7015.0,-12.1973,176.0
16:12:14,7265.79,7020.0,-13.1955,218.0
16:12:14,7265.79,7025.0,-5.8351,520.0
16:12:14,7265.79,7030.0,-16.3167,930.0
16:12:14,7265.79,7035.0,-24.0414,762.0
16:12:14,7265.79,7040.0,-10.6112,821.0
16:12:14,7265.79,7045.0,-10.2404,823.0
16:12:14,7265.79,7050.0,-39.0554,2458.0
16:12:14,7265.79,7055.0,-21.3746,1981.0
16:12:14,7265.79,7060.0,-19.7482,1496.0
16:12:14,7265.79,7065.0,-27.6102,1658.0
16:12:14,7265.79,7070.0,-20.418,1540.0
16:12:14,7265.79,7075.0,-22.0055,1260.0
16:12:14,7265.79,7080.0,-33.6574,1193.0
16:12:14,7265.79,7085.0,-17.0723,717.0
16:12:14,7265.79,7090.0,-26.3927,999.0
16:12:14,7265.79,7095.0,-36.9221,1947.0
16:12:14,7265.79,7100.0,-53.7908,3175.0
16:12:14,7265.79,7105.0,-8.5544,1335.0
16:12:14,7265.79,7110.0,-28.0264,2027.0
16:12:14,7265.79,7115.0,-19.0452,2275.0
16:12:14,7265.79,7120.0,-58.0982,2489.0
16:12:14,7265.79,7125.0,-26.559,2269.0
16:12:14,7265.79,7130.0,-72.6902,3238.0
16:12:14,7265.79,7135.0,-39.1993,2271.0
16:12:14,7265.79,7140.0,-68.1153,3312.0
16:12:14,7265.79,7145.0,-38.1927,2617.0
16:12:14,7265.79,7150.0,4.1497,7540.0
16:12:14,7265.79,7155.0,-27.2273,4294.0
16:12:14,7265.79,7160.0,-90.3943,6800.0
16:12:14,7265.79,7165.0,70.0294,3061.0
16:12:14,7265.79,7170.0,12.2815,4842.0
16:12:14,7265.79,7175.0,-104.7109,9073.0
16:12:14,7265.79,7180.0,81.4233,9113.0
16:12:14,7265.79,7185.0,-99.2516,4951.0
16:12:14,7265.79,7190.0,49.182,7941.0
16:12:14,7265.79,7195.0,52.7772,7398.0
16:12:14,7265.79,7200.0,1591.0527,18524.0
16:12:14,7265.79,7205.0,123.1535,7806.0
16:12:14,7265.79,7210.0,231.9519,10882.0
16:12:14,7265.79,7215.0,280.4676,8848.0
16:12:14,7265.79,7220.0,528.1453,12746.0
16:12:14,7265.79,7225.0,620.8655,12301.0
16:12:14,7265.79,7230.0,1086.2659,16134.0
16:12:14,7265.79,7235.0,566.3488,14446.0
16:12:14,7265.79,7240.0,1152.9613,23099.0
16:12:14,7265.79,7245.0,2482.8875,28227.0
16:12:14,7265.79,7250.0,3893.3107,34317.0
16:12:14,7265.79,7255.0,2004.4232,20629.0
16:12:14,7265.79,7260.0,1830.9874,31793.0
16:12:14,7265.79,7265.0,1558.9847,24692.0
16:12:14,7265.79,7270.0,2008.7098,29023.0
16:12:14,7265.79,7275.0,5704.2571,29077.0
16:12:14,7265.79,7280.0,13057.893,40981.0
16:12:14,7265.79,7285.0,5040.4967,24825.0
16:12:14,7265.79,7290.0,6588.0928,26338.0
16:12:14,7265.79,7295.0,656.942,12883.0
16:12:14,7265.79,7300.0,2745.3125,36739.0
16:12:14,7265.79,7305.0,600.2969,9792.0
16:12:14,7265.79,7310.0,1669.0878,9568.0
16:12:14,7265.79,7315.0,218.9011,4614.0
16:12:14,7265.79,7320.0,241.133,4845.0
16:12:14,7265.79,7325.0,203.324,3308.0
16:12:14,7265.79,7330.0,158.2996,2354.0
16:12:14,7265.79,7335.0,45.4551,2915.0
16:12:14,7265.79,7340.0,1999.9125,2598.0
16:12:14,7265.79,7345.0,27.3373,1764.0
16:12:14,7265.79,7350.0,605.9307,2467.0
16:12:14,7265.79,7355.0,61.3853,1332.0
16:12:14,7265.79,7360.0,88.26,1570.0
16:12:14,7265.79,7365.0,8.4501,1271.0
16:12:14,7265.79,7370.0,39.4538,1736.0
16:12:14,7265.79,7375.0,172.2452,5179.0
16:12:14,7265.79,7380.0,26.2856,1904.0
16:12:14,7265.79,7385.0,10.1083,9248.0
16:12:14,7265.79,7390.0,22.5309,1049.0
16:12:14,7265.79,7395.0,8.801,603.0
16:12:14,7265.79,7400.0,36.5694,5594.0
16:12:14,7265.79,7405.0,4.4954,387.0
16:12:14,7265.79,7410.0,7.765,247.0
16:12:14,7265.79,7415.0,5.845,566.0
16:12:14,7265.79,7420.0,8.8203,234.0
16:12:14,7265.79,7425.0,14.4236,52.0
16:12:14,7265.79,7430.0,16.8705,16.0
16:12:14,7265.79,7440.0,1.7969,33.0
16:12:14,7265.79,7450.0,4.0958,30.0
16:12:14,7265.79,7460.0,1.3935,3.0
16:12:14,7265.79,7470.0,2.0959,20.0
16:12:14,7265.79,7475.0,2.0301,128.0
16:12:14,7265.79,7480.0,0.3189,0.0
16:12:14,7265.79,7490.0,0.201,0.0
16:12:14,7265.79,7500.0,1.0608,0.0
16:12:14,7265.79,7510.0,0.0659,0.0
16:12:14,7265.79,7520.0,0.0002,0.0
16:12:14,7265.79,7525.0,0.3245,3.0
16:12:14,7265.79,7530.0,0.0002,0.0
16:12:14,7265.79,7550.0,0.0101,1.0
16:12:14,7265.79,7570.0,0.0002,0.0
16:12:14,7265.79,7575.0,0.0009,0.0
16:12:14,7265.79,7580.0,0.0012,0.0
16:12:14,7265.79,7600.0,0.0008,0.0
16:12:14,7265.79,7625.0,0.0,1.0
16:12:14,7265.79,7925.0,-0.0,16.0
16:12:14,7265.79,8400.0,0.0,2.0
16:12:14,7265.79,8600.0,0.0,3.0
16:12:14,7265.79,8800.0,0.0,17.0
16:12:14,7265.79,9000.0,-0.0263,0.0
16:12:14,7265.79,9200.0,0.0,26.0
16:12:36,7265.04,1600.0,-0.0,1.0
16:12:36,7265.04,2400.0,-0.0,1.0
16:12:36,7265.04,4400.0,-0.0,2.0
16:12:36,7265.04,5000.0,0.0,2.0
16:12:36,7265.04,5400.0,-0.0,2.0
16:12:36,7265.04,5850.0,-0.0,1.0
16:12:36,7265.04,6000.0,-0.0,20.0
16:12:36,7265.04,6050.0,-0.0,1.0
16:12:36,7265.04,6075.0,-0.0,3.0
16:12:36,7265.04,6100.0,-0.0,7.0
16:12:36,7265.04,6175.0,-0.0,1.0
16:12:36,7265.04,6400.0,-0.0,110.0
16:12:36,7265.04,6450.0,-0.0,1.0
16:12:36,7265.04,6500.0,-0.0,1.0
16:12:36,7265.04,6510.0,-0.0,20.0
16:12:36,7265.04,6520.0,-0.0,14.0
16:12:36,7265.04,6540.0,-0.0,20.0
16:12:36,7265.04,6550.0,-0.0,20.0
16:12:36,7265.04,6580.0,-0.0,2.0
16:12:36,7265.04,6590.0,-0.0,1.0
16:12:36,7265.04,6595.0,-0.0,808.0
16:12:36,7265.04,6600.0,-0.0,5.0
16:12:36,7265.04,6630.0,-0.0,15.0
16:12:36,7265.04,6635.0,-0.0001,15.0
16:12:36,7265.04,6650.0,-0.0007,15.0
16:12:36,7265.04,6670.0,0.0001,72.0
16:12:36,7265.04,6675.0,-0.0005,51.0
16:12:36,7265.04,6680.0,-0.0024,0.0
16:12:36,7265.04,6685.0,-0.0012,0.0
16:12:36,7265.04,6690.0,-0.0008,1.0
16:12:36,7265.04,6695.0,-0.0004,20.0
16:12:36,7265.04,6700.0,-0.005,8.0
16:12:36,7265.04,6705.0,-0.0007,0.0
16:12:36,7265.04,6710.0,-0.0014,5.0
16:12:36,7265.04,6715.0,-0.0025,0.0
16:12:36,7265.04,6720.0,-0.0091,2.0
16:12:36,7265.04,6725.0,-0.0028,1.0
16:12:36,7265.04,6730.0,-0.0009,2.0
16:12:36,7265.04,6735.0,-0.0039,2.0
16:12:36,7265.04,6740.0,-0.0012,1.0
16:12:36,7265.04,6745.0,-0.0032,0.0
16:12:36,7265.04,6750.0,-0.0259,37.0
16:12:36,7265.04,6755.0,-0.019,45.0
16:12:36,7265.04,6760.0,0.0168,5.0
16:12:36,7265.04,6765.0,-0.0116,9.0
16:12:36,7265.04,6770.0,-0.0571,15.0
16:12:36,7265.04,6775.0,0.0052,63.0
16:12:36,7265.04,6780.0,0.0036,1.0
16:12:36,7265.04,6785.0,-0.0263,44.0
16:12:36,7265.04,6790.0,-0.014,10.0
16:12:36,7265.04,6795.0,-0.1017,1.0
16:12:36,7265.04,6800.0,-0.1679,434.0
16:12:36,7265.04,6805.0,-0.1342,0.0
16:12:36,7265.04,6810.0,-0.0587,0.0
16:12:36,7265.04,6815.0,-0.1745,25.0
16:12:36,7265.04,6820.0,-1.2701,40.0
16:12:36,7265.04,6825.0,-1.741,50.0
16:12:36,7265.04,6830.0,-0.1868,29.0
16:12:36,7265.04,6835.0,-0.4446,2.0
16:12:36,7265.04,6840.0,-0.5139,9.0
16:12:36,7265.04,6845.0,-0.3711,259.0
16:12:36,7265.04,6850.0,-4.7558,188.0
16:12:36,7265.04,6855.0,-0.4559,281.0
16:12:36,7265.04,6860.0,-4.8984,108.0
16:12:36,7265.04,6865.0,-0.8001,165.0
16:12:36,7265.04,6870.0,-0.9095,173.0
16:12:36,7265.04,6875.0,-7.2526,194.0
16:12:36,7265.04,6880.0,-0.7197,66.0
16:12:36,7265.04,6885.0,-5.0635,228.0
16:12:36,7265.04,6890.0,-4.2017,62.0
16:12:36,7265.04,6895.0,-2.8737,453.0
16:12:36,7265.04,6900.0,-15.3272,937.0
16:12:36,7265.04,6905.0,-3.0575,830.0
16:12:36,7265.04,6910.0,1.7145,325.0
16:12:36,7265.04,6915.0,-3.4367,294.0
16:12:36,7265.04,6920.0,-8.7576,213.0
16:12:36,7265.04,6925.0,-12.1976,313.0
16:12:36,7265.04,6930.0,-2.2126,294.0
16:12:36,7265.04,6935.0,-2.6258,66.0
16:12:36,7265.04,6940.0,-3.3783,249.0
16:12:36,7265.04,6945.0,-3.3655,101.0
16:12:36,7265.04,6950.0,-18.568,650.0
16:12:36,7265.04,6955.0,-2.3137,19.0
16:12:36,7265.04,6960.0,-19.2045,53.0
16:12:36,7265.04,6965.0,-4.3088,38.0
16:12:36,7265.04,6970.0,-5.6015,66.0
16:12:36,7265.04,6975.0,-38.9889,243.0
16:12:36,7265.04,6980.0,-8.7263,528.0
16:12:36,7265.04,6985.0,-32.4253,495.0
16:12:36,7265.04,6990.0,-4.3108,342.0
16:12:36,7265.04,6995.0,-5.9127,630.0
16:12:36,7265.04,7000.0,-15.3084,2027.0
16:12:36,7265.04,7005.0,-8.4738,1115.0
16:12:36,7265.04,7010.0,-14.3367,643.0
16:12:36,7265.04,7015.0,-12.1948,176.0
16:12:36,7265.04,7020.0,-13.1928,218.0
16:12:36,7265.04,7025.0,-4.5815,518.0
16:12:36,7265.04,7030.0,-16.3133,930.0
16:12:36,7265.04,7035.0,-24.0365,762.0
16:12:36,7265.04,7040.0,-10.609,821.0
16:12:36,7265.04,7045.0,-10.2383,823.0
16:12:36,7265.04,7050.0,-39.8719,2458.0
16:12:36,7265.04,7055.0,-21.3702,1981.0
16:12:36,7265.04,7060.0,-19.7441,1496.0
16:12:36,7265.04,7065.0,-27.6045,1658.0
16:12:36,7265.04,7070.0,-20.4137,1540.0
16:12:36,7265.04,7075.0,-21.3256,1262.0
16:12:36,7265.04,7080.0,-33.6505,1193.0
16:12:36,7265.04,7085.0,-17.0688,717.0
16:12:36,7265.04,7090.0,-26.3873,999.0
16:12:36,7265.04,7095.0,-36.9144,1947.0
16:12:36,7265.04,7100.0,-50.3737,3182.0
16:12:36,7265.04,7105.0,-8.5527,1335.0
16:12:36,7265.04,7110.0,-28.0206,2027.0
16:12:36,7265.04,7115.0,-19.0413,2275.0
16:12:36,7265.04,7120.0,-58.0862,2489.0
16:12:36,7265.04,7125.0,-26.5536,2269.0
16:12:36,7265.04,7130.0,-72.6752,3238.0
16:12:36,7265.04,7135.0,-39.1912,2271.0
16:12:36,7265.04,7140.0,-68.1012,3312.0
16:12:36,7265.04,7145.0,-38.1848,2617.0
16:12:36,7265.04,7150.0,4.2453,7550.0
16:12:36,7265.04,7155.0,-27.2217,4294.0
16:12:36,7265.04,7160.0,-90.3757,6800.0
16:12:36,7265.04,7165.0,70.0149,3061.0
16:12:36,7265.04,7170.0,12.279,4842.0
16:12:36,7265.04,7175.0,-104.6893,9073.0
16:12:36,7265.04,7180.0,81.4065,9113.0
16:12:36,7265.04,7185.0,-104.9231,5117.0
16:12:36,7265.04,7190.0,49.1718,7941.0
16:12:36,7265.04,7195.0,48.2461,7536.0
16:12:36,7265.04,7200.0,1607.9661,18749.0
16:12:36,7265.04,7205.0,118.5256,8067.0
16:12:36,7265.04,7210.0,231.904,10882.0
16:12:36,7265.04,7215.0,262.5627,9128.0
16:12:36,7265.04,7220.0,528.0362,12746.0
16:12:36,7265.04,7225.0,620.7373,12301.0
16:12:36,7265.04,7230.0,1086.0416,16134.0
16:12:36,7265.04,7235.0,565.8362,14736.0
16:12:36,7265.04,7240.0,1152.7233,23099.0
16:12:36,7265.04,7245.0,2619.2267,28794.0
16:12:36,7265.04,7250.0,3903.4538,34777.0
16:12:36,7265.04,7255.0,2007.3558,21357.0
16:12:36,7265.04,7260.0,1830.6094,31793.0
16:12:36,7265.04,7265.0,1540.1381,26312.0
16:12:36,7265.04,7270.0,2008.2951,29023.0
16:12:36,7265.04,7275.0,5703.0795,29077.0
16:12:36,7265.04,7280.0,13055.1973,40981.0
16:12:36,7265.04,7285.0,4588.0463,25500.0
16:12:36,7265.04,7290.0,6586.7328,26338.0
16:12:36,7265.04,7295.0,561.4971,13315.0
16:12:36,7265.04,7300.0,2730.1857,39583.0
16:12:36,7265.04,7305.0,519.2316,10062.0
16:12:36,7265.04,7310.0,1668.7432,9568.0
16:12:36,7265.04,7315.0,181.2118,4759.0
16:12:36,7265.04,7320.0,241.0832,4845.0
16:12:36,7265.04,7325.0,203.282,3308.0
16:12:36,7265.04,7330.0,158.2669,2354.0
16:12:36,7265.04,7335.0,40.9697,2964.0
16:12:36,7265.04,7340.0,1999.4996,2598.0
16:12:36,7265.04,7345.0,24.5409,1782.0
16:12:36,7265.04,7350.0,622.1495,2503.0
16:12:36,7265.04,7355.0,56.3619,1340.0
16:12:36,7265.04,7360.0,88.2418,1570.0
16:12:36,7265.04,7365.0,7.9119,1346.0
16:12:36,7265.04,7370.0,39.4456,1736.0
16:12:36,7265.04,7375.0,172.2097,5179.0
16:12:36,7265.04,7380.0,26.2802,1904.0
16:12:36,7265.04,7385.0,9.0303,9283.0
16:12:36,7265.04,7390.0,22.5262,1049.0
16:12:36,7265.04,7395.0,8.3723,603.0
16:12:36,7265.04,7400.0,35.2884,5600.0
16:12:36,7265.04,7405.0,4.4869,406.0
16:12:36,7265.04,7410.0,7.765,247.0
16:12:36,7265.04,7415.0,5.4491,617.0
16:12:36,7265.04,7420.0,8.8185,364.0
16:12:36,7265.04,7425.0,14.4207,52.0
16:12:36,7265.04,7430.0,16.8757,19.0
16:12:36,7265.04,7440.0,1.7965,33.0
16:12:36,7265.04,7450.0,4.0712,30.0
16:12:36,7265.04,7460.0,1.3936,3.0
16:12:36,7265.04,7470.0,1.8913,20.0
16:12:36,7265.04,7475.0,2.0297,128.0
16:12:36,7265.04,7480.0,0.2917,0.0
16:12:36,7265.04,7490.0,0.1867,0.0
16:12:36,7265.04,7500.0,1.1098,0.0
16:12:36,7265.04,7510.0,0.0683,0.0
16:12:36,7265.04,7520.0,0.0002,0.0
16:12:36,7265.04,7525.0,0.3244,3.0
16:12:36,7265.04,7530.0,0.0003,0.0
16:12:36,7265.04,7550.0,0.0101,1.0
16:12:36,7265.04,7570.0,0.0003,0.0
16:12:36,7265.04,7575.0,0.0009,0.0
16:12:36,7265.04,7580.0,0.0013,0.0
16:12:36,7265.04,7600.0,0.0009,0.0
16:12:36,7265.04,7625.0,0.0,1.0
16:12:36,7265.04,7925.0,-0.0,16.0
16:12:36,7265.04,8400.0,0.0,2.0
16:12:36,7265.04,8600.0,0.0,3.0
16:12:36,7265.04,8800.0,0.0,17.0
16:12:36,7265.04,9000.0,-0.0262,0.0
16:12:36,7265.04,9200.0,0.0,26.0
16:14:43,7267.49,1600.0,-0.0,1.0
16:14:43,7267.49,2400.0,-0.0,1.0
16:14:43,7267.49,4400.0,-0.0,2.0
16:14:43,7267.49,5000.0,0.0,2.0
16:14:43,7267.49,5400.0,-0.0,2.0
16:14:43,7267.49,5850.0,-0.0,1.0
16:14:43,7267.49,6000.0,-0.0,20.0
16:14:43,7267.49,6010.0,-0.0,4.0
16:14:43,7267.49,6050.0,-0.0,1.0
16:14:43,7267.49,6075.0,-0.0,3.0
16:14:43,7267.49,6100.0,-0.0,7.0
16:14:43,7267.49,6175.0,-0.0,1.0
16:14:43,7267.49,6400.0,-0.0,110.0
16:14:43,7267.49,6450.0,-0.0,1.0
16:14:43,7267.49,6500.0,-0.0,1.0
16:14:43,7267.49,6510.0,-0.0,20.0
16:14:43,7267.49,6520.0,-0.0,14.0
16:14:43,7267.49,6540.0,-0.0,20.0
16:14:43,7267.49,6550.0,-0.0,20.0
16:14:43,7267.49,6580.0,-0.0,2.0
16:14:43,7267.49,6590.0,-0.0,1.0
16:14:43,7267.49,6595.0,-0.0,808.0
16:14:43,7267.49,6600.0,-0.0,5.0
16:14:43,7267.49,6630.0,-0.0,35.0
16:14:43,7267.49,6635.0,-0.0,35.0
16:14:43,7267.49,6650.0,-0.0007,15.0
16:14:43,7267.49,6670.0,-0.0,72.0
16:14:43,7267.49,6675.0,-0.0006,51.0
16:14:43,7267.49,6680.0,-0.0025,0.0
16:14:43,7267.49,6685.0,-0.0015,0.0
16:14:43,7267.49,6690.0,-0.0008,1.0
16:14:43,7267.49,6695.0,-0.0005,20.0
16:14:43,7267.49,6700.0,-0.005,8.0
16:14:43,7267.49,6705.0,-0.0008,0.0
16:14:43,7267.49,6710.0,-0.0014,5.0
16:14:43,7267.49,6715.0,-0.003,0.0
16:14:43,7267.49,6720.0,-0.0092,2.0
16:14:43,7267.49,6725.0,-0.0028,1.0
16:14:43,7267.49,6730.0,-0.0009,2.0
16:14:43,7267.49,6735.0,-0.0047,2.0
16:14:43,7267.49,6740.0,-0.0012,1.0
16:14:43,7267.49,6745.0,-0.0032,0.0
16:14:43,7267.49,6750.0,-0.0259,37.0
16:14:43,7267.49,6755.0,-0.0231,45.0
16:14:43,7267.49,6760.0,0.0168,5.0
16:14:43,7267.49,6765.0,-0.014,9.0
16:14:43,7267.49,6770.0,-0.0572,15.0
16:14:43,7267.49,6775.0,0.0052,63.0
16:14:43,7267.49,6780.0,0.0036,1.0
16:14:43,7267.49,6785.0,-0.0318,44.0
16:14:43,7267.49,6790.0,-0.014,10.0
16:14:43,7267.49,6795.0,-0.12,1.0
16:14:43,7267.49,6800.0,-0.168,434.0
16:14:43,7267.49,6805.0,-0.1181,2.0
16:14:43,7267.49,6810.0,-0.3059,0.0
16:14:43,7267.49,6815.0,-0.1537,25.0
16:14:43,7267.49,6820.0,-0.9494,40.0
16:14:43,7267.49,6825.0,-1.2768,52.0
16:14:43,7267.49,6830.0,-0.1244,29.0
16:14:43,7267.49,6835.0,-0.3903,20.0
16:14:43,7267.49,6840.0,-0.3544,9.0
16:14:43,7267.49,6845.0,-0.2839,259.0
16:14:43,7267.49,6850.0,-3.477,189.0
16:14:43,7267.49,6855.0,-0.351,315.0
16:14:43,7267.49,6860.0,-3.7364,108.0
16:14:43,7267.49,6865.0,-0.6212,165.0
16:14:43,7267.49,6870.0,-0.6407,173.0
16:14:43,7267.49,6875.0,-7.2575,194.0
16:14:43,7267.49,6880.0,-0.7202,67.0
16:14:43,7267.49,6885.0,-4.8179,228.0
16:14:43,7267.49,6890.0,-4.3497,62.0
16:14:43,7267.49,6895.0,-2.3123,453.0
16:14:43,7267.49,6900.0,-15.3376,931.0
16:14:43,7267.49,6905.0,-2.4935,830.0
16:14:43,7267.49,6910.0,1.7156,328.0
16:14:43,7267.49,6915.0,-2.8526,294.0
16:14:43,7267.49,6920.0,-8.813,213.0
16:14:43,7267.49,6925.0,-12.2058,317.0
16:14:43,7267.49,6930.0,-1.6353,314.0
16:14:43,7267.49,6935.0,-2.1806,66.0
16:14:43,7267.49,6940.0,-2.8344,252.0
16:14:43,7267.49,6945.0,-2.8845,101.0
16:14:43,7267.49,6950.0,-18.5805,670.0
16:14:43,7267.49,6955.0,-2.0328,19.0
16:14:43,7267.49,6960.0,-16.8707,53.0
16:14:43,7267.49,6965.0,-4.2335,38.0
16:14:43,7267.49,6970.0,-4.832,66.0
16:14:43,7267.49,6975.0,-39.6411,194.0
16:14:43,7267.49,6980.0,-7.7862,528.0
16:14:43,7267.49,6985.0,-29.9417,497.0
16:14:43,7267.49,6990.0,-3.8787,342.0
16:14:43,7267.49,6995.0,-5.4088,651.0
16:14:43,7267.49,7000.0,-16.5904,2084.0
16:14:43,7267.49,7005.0,-7.7494,1116.0
16:14:43,7267.49,7010.0,-13.0514,643.0
16:14:43,7267.49,7015.0,-11.3075,176.0
16:14:43,7267.49,7020.0,-11.9488,218.0
16:14:43,7267.49,7025.0,-5.8375,521.0
16:14:43,7267.49,7030.0,-14.6045,938.0
16:14:43,7267.49,7035.0,-21.248,798.0
16:14:43,7267.49,7040.0,-9.4161,825.0
16:14:43,7267.49,7045.0,-8.8843,851.0
16:14:43,7267.49,7050.0,-42.3094,2465.0
16:14:43,7267.49,7055.0,-18.8605,1981.0
16:14:43,7267.49,7060.0,-19.4906,1498.0
16:14:43,7267.49,7065.0,-24.5639,1667.0
16:14:43,7267.49,7070.0,-20.2136,1542.0
16:14:43,7267.49,7075.0,-24.9042,1271.0
16:14:43,7267.49,7080.0,-32.9054,1240.0
16:14:43,7267.49,7085.0,-15.1342,747.0
16:14:43,7267.49,7090.0,-25.3118,1021.0
16:14:43,7267.49,7095.0,-33.5799,1956.0
16:14:43,7267.49,7100.0,-57.527,3195.0
16:14:43,7267.49,7105.0,-7.5092,1424.0
16:14:43,7267.49,7110.0,-24.0081,2040.0
16:14:43,7267.49,7115.0,-17.012,2344.0
16:14:43,7267.49,7120.0,-50.4066,2579.0
16:14:43,7267.49,7125.0,-33.6927,2343.0
16:14:43,7267.49,7130.0,-62.546,3287.0
16:14:43,7267.49,7135.0,-34.4365,2364.0
16:14:43,7267.49,7140.0,-59.2759,3378.0
16:14:43,7267.49,7145.0,-33.7844,2648.0
16:14:43,7267.49,7150.0,-51.5255,7578.0
16:14:43,7267.49,7155.0,-24.9206,4348.0
16:14:43,7267.49,7160.0,-83.1,6859.0
16:14:43,7267.49,7165.0,56.1004,3181.0
16:14:43,7267.49,7170.0,4.9106,4963.0
16:14:43,7267.49,7175.0,-104.7599,9151.0
16:14:43,7267.49,7180.0,76.4458,9190.0
16:14:43,7267.49,7185.0,-94.2701,5132.0
16:14:43,7267.49,7190.0,40.7065,8087.0
16:14:43,7267.49,7195.0,44.2285,7588.0
16:14:43,7267.49,7200.0,1289.7929,19072.0
16:14:43,7267.49,7205.0,107.0704,8132.0
16:14:43,7267.49,7210.0,197.0559,11292.0
16:14:43,7267.49,7215.0,268.8894,9200.0
16:14:43,7267.49,7220.0,493.3426,13645.0
16:14:43,7267.49,7225.0,594.9637,12688.0
16:14:43,7267.49,7230.0,986.6502,17222.0
16:14:43,7267.49,7235.0,611.9777,14868.0
16:14:43,7267.49,7240.0,1034.0781,23741.0
16:14:43,7267.49,7245.0,2616.8309,28939.0
16:14:43,7267.49,7250.0,3743.5291,35734.0
16:14:43,7267.49,7255.0,2067.199,21622.0
16:14:43,7267.49,7260.0,1779.7516,33192.0
16:14:43,7267.49,7265.0,1554.8891,26788.0
16:14:43,7267.49,7270.0,2055.7099,31517.0
16:14:43,7267.49,7275.0,5951.3643,30937.0
16:14:43,7267.49,7280.0,14201.3008,43564.0
16:14:43,7267.49,7285.0,4570.7571,25705.0
16:14:43,7267.49,7290.0,7762.3201,27578.0
16:14:43,7267.49,7295.0,560.7864,13501.0
16:14:43,7267.49,7300.0,3035.6704,41104.0
16:14:43,7267.49,7305.0,519.5121,10126.0
16:14:43,7267.49,7310.0,1995.6778,9978.0
16:14:43,7267.49,7315.0,181.0758,4771.0
16:14:43,7267.49,7320.0,305.4644,4957.0
16:14:43,7267.49,7325.0,250.0198,3501.0
16:14:43,7267.49,7330.0,193.1409,2401.0
16:14:43,7267.49,7335.0,40.9607,2965.0
16:14:43,7267.49,7340.0,2415.2855,2756.0
16:14:43,7267.49,7345.0,24.5574,1785.0
16:14:43,7267.49,7350.0,733.6666,2551.0
16:14:43,7267.49,7355.0,56.1579,1362.0
16:14:43,7267.49,7360.0,101.5105,1585.0
16:14:43,7267.49,7365.0,7.9111,1362.0
16:14:43,7267.49,7370.0,44.6587,1763.0
16:14:43,7267.49,7375.0,193.9159,5187.0
16:14:43,7267.49,7380.0,31.5309,1978.0
16:14:43,7267.49,7385.0,10.4305,9284.0
16:14:43,7267.49,7390.0,27.1467,1057.0
16:14:43,7267.49,7395.0,10.1063,603.0
16:14:43,7267.49,7400.0,35.3122,5605.0
16:14:43,7267.49,7405.0,5.4361,406.0
16:14:43,7267.49,7410.0,7.7682,247.0
16:14:43,7267.49,7415.0,6.8252,635.0
16:14:43,7267.49,7420.0,8.8244,398.0
16:14:43,7267.49,7425.0,17.5728,52.0
16:14:43,7267.49,7430.0,16.8759,19.0
16:14:43,7267.49,7440.0,1.7977,33.0
16:14:43,7267.49,7450.0,4.074,30.0
16:14:43,7267.49,7460.0,1.499,3.0
16:14:43,7267.49,7470.0,2.2834,20.0
16:14:43,7267.49,7475.0,2.452,128.0
16:14:43,7267.49,7480.0,0.3528,0.0
16:14:43,7267.49,7490.0,0.2265,0.0
16:14:43,7267.49,7500.0,1.1105,0.0
16:14:43,7267.49,7510.0,0.0684,0.0
16:14:43,7267.49,7520.0,0.0002,0.0
16:14:43,7267.49,7525.0,0.4033,3.0
16:14:43,7267.49,7530.0,0.0003,0.0
16:14:43,7267.49,7550.0,0.0136,1.0
16:14:43,7267.49,7570.0,0.0003,0.0
16:14:43,7267.49,7575.0,0.0012,0.0
16:14:43,7267.49,7580.0,0.0017,0.0
16:14:43,7267.49,7600.0,0.0009,0.0
16:14:43,7267.49,7625.0,0.0,1.0
16:14:43,7267.49,7925.0,-0.0,16.0
16:14:43,7267.49,8400.0,0.0,2.0
16:14:43,7267.49,8600.0,0.0,3.0
16:14:43,7267.49,8800.0,-0.0016,17.0
16:14:43,7267.49,9000.0,-0.026,0.0
16:14:43,7267.49,9200.0,0.0,26.0
16:17:13,7269.25,1600.0,0.0,1.0
16:17:13,7269.25,2400.0,-0.0,1.0
16:17:13,7269.25,4400.0,-0.0,2.0
16:17:13,7269.25,5000.0,-0.0,2.0
16:17:13,7269.25,5400.0,-0.0,2.0
16:17:13,7269.25,5850.0,-0.0,1.0
16:17:13,7269.25,6000.0,-0.0,20.0
16:17:13,7269.25,6010.0,-0.0,4.0
16:17:13,7269.25,6050.0,-0.0,1.0
16:17:13,7269.25,6075.0,-0.0,3.0
16:17:13,7269.25,6100.0,-0.0,7.0
16:17:13,7269.25,6175.0,-0.0,1.0
16:17:13,7269.25,6400.0,-0.0,110.0
16:17:13,7269.25,6450.0,-0.0,1.0
16:17:13,7269.25,6500.0,-0.0,1.0
16:17:13,7269.25,6510.0,-0.0,20.0
16:17:13,7269.25,6520.0,-0.0,14.0
16:17:13,7269.25,6540.0,-0.0,20.0
16:17:13,7269.25,6550.0,-0.0,20.0
16:17:13,7269.25,6580.0,-0.0,2.0
16:17:13,7269.25,6590.0,-0.0,1.0
16:17:13,7269.25,6595.0,-0.0,808.0
16:17:13,7269.25,6600.0,-0.0,5.0
16:17:13,7269.25,6630.0,-0.0,35.0
16:17:13,7269.25,6635.0,-0.0001,35.0
16:17:13,7269.25,6650.0,-0.0007,15.0
16:17:13,7269.25,6670.0,-0.0,72.0
16:17:13,7269.25,6675.0,-0.0005,51.0
16:17:13,7269.25,6680.0,-0.0025,0.0
16:17:13,7269.25,6685.0,-0.0015,0.0
16:17:13,7269.25,6690.0,-0.0008,1.0
16:17:13,7269.25,6695.0,-0.0005,20.0
16:17:13,7269.25,6700.0,-0.0054,8.0
16:17:13,7269.25,6705.0,-0.0008,0.0
16:17:13,7269.25,6710.0,-0.0015,5.0
16:17:13,7269.25,6715.0,-0.0027,0.0
16:17:13,7269.25,6720.0,-0.0094,2.0
16:17:13,7269.25,6725.0,-0.0033,1.0
16:17:13,7269.25,6730.0,-0.0013,2.0
16:17:13,7269.25,6735.0,-0.004,2.0
16:17:13,7269.25,6740.0,-0.0016,1.0
16:17:13,7269.25,6745.0,-0.0031,0.0
16:17:13,7269.25,6750.0,-0.0274,37.0
16:17:13,7269.25,6755.0,-0.018,45.0
16:17:13,7269.25,6760.0,0.0104,5.0
16:17:13,7269.25,6765.0,-0.0107,9.0
16:17:13,7269.25,6770.0,-0.0475,15.0
16:17:13,7269.25,6775.0,-0.0549,63.0
16:17:13,7269.25,6780.0,-0.0429,1.0
16:17:13,7269.25,6785.0,-0.0227,44.0
16:17:13,7269.25,6790.0,-0.0778,10.0
16:17:13,7269.25,6795.0,-0.0881,1.0
16:17:13,7269.25,6800.0,-0.9722,434.0
16:17:13,7269.25,6805.0,-0.1133,2.0
16:17:13,7269.25,6810.0,-0.2215,0.0
16:17:13,7269.25,6815.0,-0.147,25.0
16:17:13,7269.25,6820.0,-0.9186,40.0
16:17:13,7269.25,6825.0,-1.2556,54.0
16:17:13,7269.25,6830.0,-0.142,29.0
16:17:13,7269.25,6835.0,-0.372,20.0
16:17:13,7269.25,6840.0,-0.3923,9.0
16:17:13,7269.25,6845.0,-0.284,259.0
16:17:13,7269.25,6850.0,-3.7456,199.0
16:17:13,7269.25,6855.0,-0.3512,379.0
16:17:13,7269.25,6860.0,-3.788,108.0
16:17:13,7269.25,6865.0,-0.6215,165.0
16:17:13,7269.25,6870.0,-0.7098,173.0
16:17:13,7269.25,6875.0,-5.679,196.0
16:17:13,7269.25,6880.0,-0.5742,67.0
16:17:13,7269.25,6885.0,-4.8203,228.0
16:17:13,7269.25,6890.0,-4.3518,62.0
16:17:13,7269.25,6895.0,-2.3749,458.0
16:17:13,7269.25,6900.0,-16.5208,952.0
16:17:13,7269.25,6905.0,-2.5772,830.0
16:17:13,7269.25,6910.0,1.7165,328.0
16:17:13,7269.25,6915.0,-2.9323,297.0
16:17:13,7269.25,6920.0,-9.0287,213.0
16:17:13,7269.25,6925.0,-12.6085,317.0
16:17:13,7269.25,6930.0,-1.6782,314.0
16:17:13,7269.25,6935.0,-2.2046,70.0
16:17:13,7269.25,6940.0,-2.8608,252.0
16:17:13,7269.25,6945.0,-2.8843,101.0
16:17:13,7269.25,6950.0,-19.7574,676.0
16:17:13,7269.25,6955.0,-2.0338,19.0
16:17:13,7269.25,6960.0,-16.9639,54.0
16:17:13,7269.25,6965.0,-4.2355,38.0
16:17:13,7269.25,6970.0,-4.9081,108.0
16:17:13,7269.25,6975.0,-39.6603,236.0
16:17:13,7269.25,6980.0,-7.79,528.0
16:17:13,7269.25,6985.0,-29.9562,586.0
16:17:13,7269.25,6990.0,-3.8806,352.0
16:17:13,7269.25,6995.0,-5.4762,717.0
16:17:13,7269.25,7000.0,-16.5984,2273.0
16:17:13,7269.25,7005.0,-7.8802,1116.0
16:17:13,7269.25,7010.0,-13.0577,644.0
16:17:13,7269.25,7015.0,-11.7461,176.0
16:17:13,7269.25,7020.0,-11.9546,220.0
16:17:13,7269.25,7025.0,-5.8403,523.0
16:17:13,7269.25,7030.0,-14.6116,1044.0
16:17:13,7269.25,7035.0,-21.6199,1097.0
16:17:13,7269.25,7040.0,-9.4207,826.0
16:17:13,7269.25,7045.0,-8.9829,851.0
16:17:13,7269.25,7050.0,-41.7329,2671.0
16:17:13,7269.25,7055.0,-18.8162,2311.0
16:17:13,7269.25,7060.0,-19.5,1512.0
16:17:13,7269.25,7065.0,-24.2835,1680.0
16:17:13,7269.25,7070.0,-20.2234,1771.0
16:17:13,7269.25,7075.0,-23.9826,1509.0
16:17:13,7269.25,7080.0,-33.7372,1264.0
16:17:13,7269.25,7085.0,-14.5624,752.0
16:17:13,7269.25,7090.0,-25.8316,1042.0
16:17:13,7269.25,7095.0,-32.1751,1957.0
16:17:13,7269.25,7100.0,-56.2685,3223.0
16:17:13,7269.25,7105.0,-7.5128,1455.0
16:17:13,7269.25,7110.0,-23.7043,2056.0
16:17:13,7269.25,7115.0,-17.0202,2412.0
16:17:13,7269.25,7120.0,-49.694,2608.0
16:17:13,7269.25,7125.0,-33.7091,2384.0
16:17:13,7269.25,7130.0,-62.028,3312.0
16:17:13,7269.25,7135.0,-34.4532,2512.0
16:17:13,7269.25,7140.0,-58.7462,3445.0
16:17:13,7269.25,7145.0,-33.8008,2692.0
16:17:13,7269.25,7150.0,-41.3864,7685.0
16:17:13,7269.25,7155.0,-24.9326,4387.0
16:17:13,7269.25,7160.0,-73.8816,6939.0
16:17:13,7269.25,7165.0,56.1276,3344.0
16:17:13,7269.25,7170.0,14.0503,4982.0
16:17:13,7269.25,7175.0,-104.8107,9501.0
16:17:13,7269.25,7180.0,76.8071,9272.0
16:17:13,7269.25,7185.0,-87.0492,5212.0
16:17:13,7269.25,7190.0,40.0699,8237.0
16:17:13,7269.25,7195.0,45.8439,7689.0
16:17:13,7269.25,7200.0,1238.8579,19648.0
16:17:13,7269.25,7205.0,111.0117,8297.0
16:17:13,7269.25,7210.0,207.9966,11619.0
16:17:13,7269.25,7215.0,274.9303,9557.0
16:17:13,7269.25,7220.0,496.6381,14087.0
16:17:13,7269.25,7225.0,556.6803,12983.0
16:17:13,7269.25,7230.0,916.6368,17762.0
16:17:13,7269.25,7235.0,555.1358,15371.0
16:17:13,7269.25,7240.0,1000.511,24433.0
16:17:13,7269.25,7245.0,2387.7739,29586.0
16:17:13,7269.25,7250.0,3565.2671,36910.0
16:17:13,7269.25,7255.0,1967.993,22337.0
16:17:13,7269.25,7260.0,1736.9236,34236.0
16:17:13,7269.25,7265.0,1548.9989,28682.0
16:17:13,7269.25,7270.0,2079.3692,33520.0
16:17:13,7269.25,7275.0,6134.9217,31947.0
16:17:13,7269.25,7280.0,14883.0154,44745.0
16:17:13,7269.25,7285.0,5139.5087,26737.0
16:17:13,7269.25,7290.0,8192.0592,28581.0
16:17:13,7269.25,7295.0,694.1815,14027.0
16:17:13,7269.25,7300.0,3175.7323,42525.0
16:17:13,7269.25,7305.0,593.7953,10488.0
16:17:13,7269.25,7310.0,1987.3373,10212.0
16:17:13,7269.25,7315.0,224.7392,4854.0
16:17:13,7269.25,7320.0,305.6124,5110.0
16:17:13,7269.25,7325.0,250.1017,4852.0
16:17:13,7269.25,7330.0,193.2344,2438.0
16:17:13,7269.25,7335.0,50.9763,2985.0
16:17:13,7269.25,7340.0,2416.4555,2840.0
16:17:13,7269.25,7345.0,30.1633,1835.0
16:17:13,7269.25,7350.0,685.9036,2575.0
16:17:13,7269.25,7355.0,68.1572,1369.0
16:17:13,7269.25,7360.0,101.516,1612.0
16:17:13,7269.25,7365.0,9.4615,1380.0
16:17:13,7269.25,7370.0,44.6804,1768.0
16:17:13,7269.25,7375.0,201.3614,5207.0
16:17:13,7269.25,7380.0,31.5461,2237.0
16:17:13,7269.25,7385.0,9.6941,9297.0
16:17:13,7269.25,7390.0,27.1599,1064.0
16:17:13,7269.25,7395.0,9.4208,607.0
16:17:13,7269.25,7400.0,35.575,5636.0
16:17:13,7269.25,7405.0,5.0866,409.0
16:17:13,7269.25,7410.0,7.5581,258.0
16:17:13,7269.25,7415.0,7.2033,714.0
16:17:13,7269.25,7420.0,8.8287,509.0
16:17:13,7269.25,7425.0,17.5813,52.0
16:17:13,7269.25,7430.0,16.8841,19.0
16:17:13,7269.25,7440.0,1.8541,64.0
16:17:13,7269.25,7450.0,4.5013,30.0
16:17:13,7269.25,7460.0,1.5101,5.0
16:17:13,7269.25,7470.0,2.3281,20.0
16:17:13,7269.25,7475.0,2.4536,128.0
16:17:13,7269.25,7480.0,0.3638,25.0
16:17:13,7269.25,7490.0,0.2266,0.0
16:17:13,7269.25,7500.0,1.2958,0.0
16:17:13,7269.25,7510.0,0.0684,0.0
16:17:13,7269.25,7520.0,0.0002,0.0
16:17:13,7269.25,7525.0,0.4034,3.0
16:17:13,7269.25,7530.0,0.0003,0.0
16:17:13,7269.25,7550.0,0.0136,1.0
16:17:13,7269.25,7570.0,0.0004,0.0
16:17:13,7269.25,7575.0,0.0012,0.0
16:17:13,7269.25,7580.0,0.0019,0.0
16:17:13,7269.25,7600.0,0.0012,0.0
16:17:13,7269.25,7625.0,0.0,1.0
16:17:13,7269.25,7925.0,-0.0,16.0
16:17:13,7269.25,8400.0,0.0,2.0
16:17:13,7269.25,8600.0,0.0,3.0
16:17:13,7269.25,8800.0,-0.0016,17.0
16:17:13,7269.25,9000.0,-0.0256,0.0
16:17:13,7269.25,9200.0,-0.0033,26.0
16:19:42,7266.76,1600.0,0.0,1.0
16:19:42,7266.76,2400.0,-0.0,1.0
16:19:42,7266.76,4400.0,-0.0,2.0
16:19:42,7266.76,5000.0,-0.0,2.0
16:19:42,7266.76,5400.0,-0.0,2.0
16:19:42,7266.76,5850.0,-0.0,1.0
16:19:42,7266.76,6000.0,-0.0,20.0
16:19:42,7266.76,6010.0,-0.0,4.0
16:19:42,7266.76,6050.0,-0.0,1.0
16:19:42,7266.76,6075.0,-0.0,3.0
16:19:42,7266.76,6100.0,-0.0,7.0
16:19:42,7266.76,6175.0,-0.0,1.0
16:19:42,7266.76,6300.0,-0.0,1.0
16:19:42,7266.76,6400.0,-0.0,111.0
16:19:42,7266.76,6450.0,-0.0,1.0
16:19:42,7266.76,6500.0,-0.0,1.0
16:19:42,7266.76,6510.0,-0.0,20.0
16:19:42,7266.76,6520.0,-0.0,14.0
16:19:42,7266.76,6540.0,-0.0,20.0
16:19:42,7266.76,6550.0,0.0,20.0
16:19:42,7266.76,6580.0,-0.0,2.0
16:19:42,7266.76,6590.0,-0.0,1.0
16:19:42,7266.76,6595.0,-0.0,808.0
16:19:42,7266.76,6600.0,-0.0,5.0
16:19:42,7266.76,6630.0,-0.0,35.0
16:19:42,7266.76,6635.0,-0.0001,35.0
16:19:42,7266.76,6650.0,-0.0007,14.0
16:19:42,7266.76,6670.0,0.0001,72.0
16:19:42,7266.76,6675.0,-0.0005,51.0
16:19:42,7266.76,6680.0,-0.0025,0.0
16:19:42,7266.76,6685.0,-0.0022,0.0
16:19:42,7266.76,6690.0,-0.0008,1.0
16:19:42,7266.76,6695.0,-0.0007,20.0
16:19:42,7266.76,6700.0,-0.0054,8.0
16:19:42,7266.76,6705.0,-0.0012,0.0
16:19:42,7266.76,6710.0,-0.0015,5.0
16:19:42,7266.76,6715.0,-0.0041,0.0
16:19:42,7266.76,6720.0,-0.0094,2.0
16:19:42,7266.76,6725.0,-0.0033,1.0
16:19:42,7266.76,6730.0,-0.0018,2.0
16:19:42,7266.76,6735.0,-0.006,2.0
16:19:42,7266.76,6740.0,-0.0023,1.0
16:19:42,7266.76,6745.0,-0.0048,0.0
16:19:42,7266.76,6750.0,-0.0408,37.0
16:19:42,7266.76,6755.0,-0.0278,45.0
16:19:42,7266.76,6760.0,0.0158,5.0
16:19:42,7266.76,6765.0,-0.0163,9.0
16:19:42,7266.76,6770.0,-0.0709,15.0
16:19:42,7266.76,6775.0,-0.0821,63.0
16:19:42,7266.76,6780.0,-0.0641,1.0
16:19:42,7266.76,6785.0,-0.036,44.0
16:19:42,7266.76,6790.0,-0.1152,10.0
16:19:42,7266.76,6795.0,-0.1299,1.0
16:19:42,7266.76,6800.0,-1.4339,436.0
16:19:42,7266.76,6805.0,-0.1716,2.0
16:19:42,7266.76,6810.0,-0.3241,0.0
16:19:42,7266.76,6815.0,-0.2165,25.0
16:19:42,7266.76,6820.0,-1.3336,40.0
16:19:42,7266.76,6825.0,-1.8218,54.0
16:19:42,7266.76,6830.0,-0.195,29.0
16:19:42,7266.76,6835.0,-0.546,20.0
16:19:42,7266.76,6840.0,-0.5365,9.0
16:19:42,7266.76,6845.0,-0.4186,259.0
16:19:42,7266.76,6850.0,-4.9903,199.0
16:19:42,7266.76,6855.0,-0.5055,397.0
16:19:42,7266.76,6860.0,-5.2523,108.0
16:19:42,7266.76,6865.0,-0.8697,168.0
16:19:42,7266.76,6870.0,-1.0649,173.0
16:19:42,7266.76,6875.0,-7.9943,196.0
16:19:42,7266.76,6880.0,-0.5738,67.0
16:19:42,7266.76,6885.0,-6.5902,228.0
16:19:42,7266.76,6890.0,-4.5208,62.0
16:19:42,7266.76,6895.0,-3.0719,458.0
16:19:42,7266.76,6900.0,-11.8716,976.0
16:19:42,7266.76,6905.0,-3.2121,830.0
16:19:42,7266.76,6910.0,1.1855,319.0
16:19:42,7266.76,6915.0,-3.5266,297.0
16:19:42,7266.76,6920.0,-10.744,213.0
16:19:42,7266.76,6925.0,-10.5595,318.0
16:19:42,7266.76,6930.0,-2.1592,314.0
16:19:42,7266.76,6935.0,-2.5165,70.0
16:19:42,7266.76,6940.0,-2.8685,249.0
16:19:42,7266.76,6945.0,-3.2619,101.0
16:19:42,7266.76,6950.0,-15.4345,676.0
16:19:42,7266.76,6955.0,-2.2593,19.0
16:19:42,7266.76,6960.0,-16.9571,61.0
16:19:42,7266.76,6965.0,-4.7648,53.0
16:19:42,7266.76,6970.0,-4.896,110.0
16:19:42,7266.76,6975.0,-34.6786,249.0
16:19:42,7266.76,6980.0,-7.9444,529.0
16:19:42,7266.76,6985.0,-34.7506,720.0
16:19:42,7266.76,6990.0,-3.9908,485.0
16:19:42,7266.76,6995.0,-6.5734,716.0
16:19:42,7266.76,7000.0,-12.6471,2278.0
16:19:42,7266.76,7005.0,-9.3456,1116.0
16:19:42,7266.76,7010.0,-15.3742,644.0
16:19:42,7266.76,7015.0,-13.3371,176.0
16:19:42,7266.76,7020.0,-13.6202,322.0
16:19:42,7266.76,7025.0,-2.6053,523.0
16:19:42,7266.76,7030.0,-16.3302,1360.0
16:19:42,7266.76,7035.0,-21.5004,1215.0
16:19:42,7266.76,7040.0,-10.5324,846.0
16:19:42,7266.76,7045.0,-8.6767,854.0
16:19:42,7266.76,7050.0,-36.0057,2800.0
16:19:42,7266.76,7055.0,-18.8033,2451.0
16:19:42,7266.76,7060.0,-23.38,1567.0
16:19:42,7266.76,7065.0,-24.2669,1686.0
16:19:42,7266.76,7070.0,-24.5549,1801.0
16:19:42,7266.76,7075.0,-18.8495,1532.0
16:19:42,7266.76,7080.0,-39.3897,1298.0
16:19:42,7266.76,7085.0,-14.5524,758.0
16:19:42,7266.76,7090.0,-29.2195,1069.0
16:19:42,7266.76,7095.0,-32.153,1968.0
16:19:42,7266.76,7100.0,-38.2026,3232.0
16:19:42,7266.76,7105.0,-5.9009,1462.0
16:19:42,7266.76,7110.0,-27.6976,2065.0
16:19:42,7266.76,7115.0,-16.1771,2429.0
16:19:42,7266.76,7120.0,-49.206,2638.0
16:19:42,7266.76,7125.0,-18.1039,2452.0
16:19:42,7266.76,7130.0,-61.4817,3334.0
16:19:42,7266.76,7135.0,-31.4941,2514.0
16:19:42,7266.76,7140.0,-55.8396,3490.0
16:19:42,7266.76,7145.0,-29.7561,2715.0
16:19:42,7266.76,7150.0,42.8546,7755.0
16:19:42,7266.76,7155.0,-17.6591,4411.0
16:19:42,7266.76,7160.0,-88.2025,7222.0
16:19:42,7266.76,7165.0,77.1627,3398.0
16:19:42,7266.76,7170.0,5.1487,5118.0
16:19:42,7266.76,7175.0,-85.8233,9550.0
16:19:42,7266.76,7180.0,81.1335,9346.0
16:19:42,7266.76,7185.0,-87.3244,5292.0
16:19:42,7266.76,7190.0,34.8661,8518.0
16:19:42,7266.76,7195.0,38.757,7740.0
16:19:42,7266.76,7200.0,1531.8827,20001.0
16:19:42,7266.76,7205.0,127.6592,8442.0
16:19:42,7266.76,7210.0,190.5674,11811.0
16:19:42,7266.76,7215.0,258.307,9793.0
16:19:42,7266.76,7220.0,459.9376,14361.0
16:19:42,7266.76,7225.0,577.9258,13224.0
16:19:42,7266.76,7230.0,916.0089,18092.0
16:19:42,7266.76,7235.0,537.0199,15886.0
16:19:42,7266.76,7240.0,999.8257,24679.0
16:19:42,7266.76,7245.0,2386.1384,30299.0
16:19:42,7266.76,7250.0,3573.9125,37416.0
16:19:42,7266.76,7255.0,1966.645,22952.0
16:19:42,7266.76,7260.0,1735.7339,35003.0
16:19:42,7266.76,7265.0,1547.9379,30139.0
16:19:42,7266.76,7270.0,2077.9449,34607.0
16:19:42,7266.76,7275.0,6109.9972,32686.0
16:19:42,7266.76,7280.0,14872.8212,45716.0
16:19:42,7266.76,7285.0,5135.9883,27488.0
16:19:42,7266.76,7290.0,8186.448,29138.0
16:19:42,7266.76,7295.0,693.706,14713.0
16:19:42,7266.76,7300.0,3165.977,44865.0
16:19:42,7266.76,7305.0,593.3885,10744.0
16:19:42,7266.76,7310.0,1986.4162,10443.0
16:19:42,7266.76,7315.0,224.5853,4983.0
16:19:42,7266.76,7320.0,269.4379,5250.0
16:19:42,7266.76,7325.0,255.1672,4943.0
16:19:42,7266.76,7330.0,159.671,2487.0
16:19:42,7266.76,7335.0,50.9414,3056.0
16:19:42,7266.76,7340.0,1960.2868,2868.0
16:19:42,7266.76,7345.0,30.1426,1876.0
16:19:42,7266.76,7350.0,592.1894,2587.0
16:19:42,7266.76,7355.0,68.1105,1418.0
16:19:42,7266.76,7360.0,81.1135,1616.0
16:19:42,7266.76,7365.0,9.455,1420.0
16:19:42,7266.76,7370.0,35.6049,1770.0
16:19:42,7266.76,7375.0,155.3717,5216.0
16:19:42,7266.76,7380.0,30.5387,2295.0
16:19:42,7266.76,7385.0,9.6875,9317.0
16:19:42,7266.76,7390.0,25.7803,1077.0
16:19:42,7266.76,7395.0,9.5229,614.0
16:19:42,7266.76,7400.0,35.5506,5645.0
16:19:42,7266.76,7405.0,5.8288,469.0
16:19:42,7266.76,7410.0,7.5529,296.0
16:19:42,7266.76,7415.0,7.9465,788.0
16:19:42,7266.76,7420.0,8.6677,534.0
16:19:42,7266.76,7425.0,13.9422,52.0
16:19:42,7266.76,7430.0,16.8725,19.0
16:19:42,7266.76,7440.0,1.8528,64.0
16:19:42,7266.76,7450.0,4.0484,30.0
16:19:42,7266.76,7460.0,1.509,5.0
16:19:42,7266.76,7470.0,2.3265,20.0
16:19:42,7266.76,7475.0,2.0452,128.0
16:19:42,7266.76,7480.0,0.3635,25.0
16:19:42,7266.76,7490.0,0.2264,4.0
16:19:42,7266.76,7500.0,1.1153,0.0
16:19:42,7266.76,7510.0,0.0684,0.0
16:19:42,7266.76,7520.0,0.0002,0.0
16:19:42,7266.76,7525.0,0.4032,3.0
16:19:42,7266.76,7530.0,0.0003,0.0
16:19:42,7266.76,7550.0,0.0105,1.0
16:19:42,7266.76,7570.0,0.0003,0.0
16:19:42,7266.76,7575.0,0.0012,0.0
16:19:42,7266.76,7580.0,0.0017,0.0
16:19:42,7266.76,7590.0,0.0,4.0
16:19:42,7266.76,7600.0,0.0008,0.0
16:19:42,7266.76,7625.0,0.0,1.0
16:19:42,7266.76,7925.0,-0.0,16.0
16:19:42,7266.76,8400.0,0.0,2.0
16:19:42,7266.76,8600.0,0.0,3.0
16:19:42,7266.76,8800.0,0.0,17.0
16:19:42,7266.76,9200.0,-0.0032,26.0
16:22:11,7271.26,1600.0,0.0,1.0
16:22:11,7271.26,2400.0,-0.0,1.0
16:22:11,7271.26,4400.0,-0.0,2.0
16:22:11,7271.26,5000.0,-0.0,2.0
16:22:11,7271.26,5400.0,-0.0,2.0
16:22:11,7271.26,5850.0,-0.0,1.0
16:22:11,7271.26,6000.0,-0.0,20.0
16:22:11,7271.26,6010.0,-0.0,4.0
16:22:11,7271.26,6050.0,-0.0,1.0
16:22:11,7271.26,6075.0,-0.0,3.0
16:22:11,7271.26,6100.0,-0.0,7.0
16:22:11,7271.26,6175.0,-0.0,1.0
16:22:11,7271.26,6300.0,-0.0,1.0
16:22:11,7271.26,6400.0,-0.0,185.0
16:22:11,7271.26,6450.0,-0.0,1.0
16:22:11,7271.26,6500.0,-0.0,1.0
16:22:11,7271.26,6510.0,-0.0,20.0
16:22:11,7271.26,6520.0,-0.0,14.0
16:22:11,7271.26,6540.0,-0.0,20.0
16:22:11,7271.26,6550.0,-0.0,20.0
16:22:11,7271.26,6580.0,-0.0,2.0
16:22:11,7271.26,6590.0,-0.0,1.0
16:22:11,7271.26,6595.0,-0.0,808.0
16:22:11,7271.26,6600.0,-0.0001,5.0
16:22:11,7271.26,6630.0,-0.0,35.0
16:22:11,7271.26,6635.0,-0.0001,35.0
16:22:11,7271.26,6650.0,-0.0017,15.0
16:22:11,7271.26,6655.0,-0.0001,0.0
16:22:11,7271.26,6660.0,0.0002,0.0
16:22:11,7271.26,6665.0,-0.0002,0.0
16:22:11,7271.26,6670.0,0.0001,72.0
16:22:11,7271.26,6675.0,-0.0013,51.0
16:22:11,7271.26,6680.0,-0.0058,0.0
16:22:11,7271.26,6685.0,-0.0038,0.0
16:22:11,7271.26,6690.0,-0.0018,1.0
16:22:11,7271.26,6695.0,-0.0012,20.0
16:22:11,7271.26,6700.0,-0.0132,8.0
16:22:11,7271.26,6705.0,-0.0021,0.0
16:22:11,7271.26,6710.0,-0.0034,5.0
16:22:11,7271.26,6715.0,-0.0074,0.0
16:22:11,7271.26,6720.0,-0.0209,2.0
16:22:11,7271.26,6725.0,-0.0111,1.0
16:22:11,7271.26,6730.0,-0.0043,2.0
16:22:11,7271.26,6735.0,-0.011,2.0
16:22:11,7271.26,6740.0,-0.0054,1.0
16:22:11,7271.26,6745.0,-0.0087,0.0
16:22:11,7271.26,6750.0,-0.0789,37.0
16:22:11,7271.26,6755.0,-0.0501,45.0
16:22:11,7271.26,6760.0,-0.0,5.0
16:22:11,7271.26,6765.0,-0.0296,9.0
16:22:11,7271.26,6770.0,-0.1269,15.0
16:22:11,7271.26,6775.0,-0.1603,63.0
16:22:11,7271.26,6780.0,-0.1246,1.0
16:22:11,7271.26,6785.0,-0.0619,44.0
16:22:11,7271.26,6790.0,-0.1937,10.0
16:22:11,7271.26,6795.0,-0.23,1.0
16:22:11,7271.26,6800.0,-2.3823,436.0
16:22:11,7271.26,6805.0,-0.291,2.0
16:22:11,7271.26,6810.0,-0.5297,0.0
16:22:11,7271.26,6815.0,-0.3626,25.0
16:22:11,7271.26,6820.0,-2.1333,40.0
16:22:11,7271.26,6825.0,-2.8769,54.0
16:22:11,7271.26,6830.0,-0.3037,29.0
16:22:11,7271.26,6835.0,-0.8453,20.0
16:22:11,7271.26,6840.0,-0.809,9.0
16:22:11,7271.26,6845.0,-0.5835,259.0
16:22:11,7271.26,6850.0,-7.2519,242.0
16:22:11,7271.26,6855.0,-0.6879,410.0
16:22:11,7271.26,6860.0,-7.2348,108.0
16:22:11,7271.26,6865.0,-1.1575,168.0
16:22:11,7271.26,6870.0,-1.2987,173.0
16:22:11,7271.26,6875.0,-10.1679,196.0
16:22:11,7271.26,6880.0,-0.9893,67.0
16:22:11,7271.26,6885.0,-8.0065,228.0
16:22:11,7271.26,6890.0,-5.3646,62.0
16:22:11,7271.26,6895.0,-3.5571,458.0
16:22:11,7271.26,6900.0,-18.8403,996.0
16:22:11,7271.26,6905.0,-3.5632,830.0
16:22:11,7271.26,6910.0,1.9376,324.0
16:22:11,7271.26,6915.0,-3.5155,297.0
16:22:11,7271.26,6920.0,-10.6952,213.0
16:22:11,7271.26,6925.0,-12.7606,318.0
16:22:11,7271.26,6930.0,-1.9948,314.0
16:22:11,7271.26,6935.0,-2.5205,70.0
16:22:11,7271.26,6940.0,-3.2035,249.0
16:22:11,7271.26,6945.0,-3.2758,101.0
16:22:11,7271.26,6950.0,-17.3929,712.0
16:22:11,7271.26,6955.0,-2.1265,19.0
16:22:11,7271.26,6960.0,-17.7197,61.0
16:22:11,7271.26,6965.0,-4.3621,62.0
16:22:11,7271.26,6970.0,-5.0098,110.0
16:22:11,7271.26,6975.0,-35.3368,249.0
16:22:11,7271.26,6980.0,-7.949,722.0
16:22:11,7271.26,6985.0,-30.962,927.0
16:22:11,7271.26,6990.0,-3.9953,638.0
16:22:11,7271.26,6995.0,-5.6394,737.0
16:22:11,7271.26,7000.0,-14.1441,2286.0
16:22:11,7271.26,7005.0,-8.0984,1116.0
16:22:11,7271.26,7010.0,-13.3735,675.0
16:22:11,7271.26,7015.0,-11.7464,406.0
16:22:11,7271.26,7020.0,-12.1173,703.0
16:22:11,7271.26,7025.0,-4.1655,861.0
16:22:11,7271.26,7030.0,-14.6808,1343.0
16:22:11,7271.26,7035.0,-21.7004,1223.0
16:22:11,7271.26,7040.0,-9.5146,846.0
16:22:11,7271.26,7045.0,-8.9327,880.0
16:22:11,7271.26,7050.0,-37.1213,2864.0
16:22:11,7271.26,7055.0,-19.699,2464.0
16:22:11,7271.26,7060.0,-20.5359,1579.0
16:22:11,7271.26,7065.0,-25.8066,1757.0
16:22:11,7271.26,7070.0,-21.5595,1805.0
16:22:11,7271.26,7075.0,-20.2903,1561.0
16:22:11,7271.26,7080.0,-35.2104,1328.0
16:22:11,7271.26,7085.0,-15.599,758.0
16:22:11,7271.26,7090.0,-26.976,1095.0
16:22:11,7271.26,7095.0,-34.197,1977.0
16:22:11,7271.26,7100.0,-46.0182,3272.0
16:22:11,7271.26,7105.0,-7.6053,1496.0
16:22:11,7271.26,7110.0,-29.1974,2074.0
16:22:11,7271.26,7115.0,-17.0116,2432.0
16:22:11,7271.26,7120.0,-61.1479,2722.0
16:22:11,7271.26,7125.0,-23.6578,2491.0
16:22:11,7271.26,7130.0,-74.896,3341.0
16:22:11,7271.26,7135.0,-35.1586,2532.0
16:22:11,7271.26,7140.0,-62.7457,3544.0
16:22:11,7271.26,7145.0,-34.7233,2722.0
16:22:11,7271.26,7150.0,3.7835,7797.0
16:22:11,7271.26,7155.0,-23.3499,4424.0
16:22:11,7271.26,7160.0,-80.2501,7305.0
16:22:11,7271.26,7165.0,57.4306,3543.0
16:22:11,7271.26,7170.0,4.582,5289.0
16:22:11,7271.26,7175.0,-85.3298,9626.0
16:22:11,7271.26,7180.0,70.0908,9420.0
16:22:11,7271.26,7185.0,-103.3341,5359.0
16:22:11,7271.26,7190.0,30.6973,8555.0
16:22:11,7271.26,7195.0,37.6156,7774.0
16:22:11,7271.26,7200.0,1378.2236,20226.0
16:22:11,7271.26,7205.0,97.1439,8561.0
16:22:11,7271.26,7210.0,175.9496,13119.0
16:22:11,7271.26,7215.0,231.221,10078.0
16:22:11,7271.26,7220.0,422.7474,15603.0
16:22:11,7271.26,7225.0,525.0808,13547.0
16:22:11,7271.26,7230.0,916.85,18436.0
16:22:11,7271.26,7235.0,537.6853,16097.0
16:22:11,7271.26,7240.0,946.8719,25074.0
16:22:11,7271.26,7245.0,2342.4198,30519.0
16:22:11,7271.26,7250.0,3517.9178,38147.0
16:22:11,7271.26,7255.0,1930.7064,23455.0
16:22:11,7271.26,7260.0,1709.3709,36024.0
16:22:11,7271.26,7265.0,1556.5367,31416.0
16:22:11,7271.26,7270.0,2126.3022,36318.0
16:22:11,7271.26,7275.0,6433.6132,33755.0
16:22:11,7271.26,7280.0,15827.7371,46926.0
16:22:11,7271.26,7285.0,5460.8439,28008.0
16:22:11,7271.26,7290.0,8770.3531,30407.0
16:22:11,7271.26,7295.0,690.5954,15196.0
16:22:11,7271.26,7300.0,3414.2328,46776.0
16:22:11,7271.26,7305.0,596.6509,11044.0
16:22:11,7271.26,7310.0,2390.678,10728.0
16:22:11,7271.26,7315.0,229.1003,5011.0
16:22:11,7271.26,7320.0,269.7696,5334.0
16:22:11,7271.26,7325.0,250.9739,5024.0
16:22:11,7271.26,7330.0,159.881,2515.0
16:22:11,7271.26,7335.0,50.2348,3093.0
16:22:11,7271.26,7340.0,2421.6217,2918.0
16:22:11,7271.26,7345.0,29.3003,1886.0
16:22:11,7271.26,7350.0,686.7198,2647.0
16:22:11,7271.26,7355.0,66.9144,1496.0
16:22:11,7271.26,7360.0,100.561,1618.0
16:22:11,7271.26,7365.0,9.3282,1428.0
16:22:11,7271.26,7370.0,42.9607,1771.0
16:22:11,7271.26,7375.0,184.4933,5239.0
16:22:11,7271.26,7380.0,27.8775,2304.0
16:22:11,7271.26,7385.0,10.0202,9320.0
16:22:11,7271.26,7390.0,23.8511,1083.0
16:22:11,7271.26,7395.0,9.5347,614.0
16:22:11,7271.26,7400.0,36.7941,5676.0
16:22:11,7271.26,7405.0,5.8609,471.0
16:22:11,7271.26,7410.0,6.1498,334.0
16:22:11,7271.26,7415.0,8.029,795.0
16:22:11,7271.26,7420.0,7.023,546.0
16:22:11,7271.26,7425.0,16.5689,52.0
16:22:11,7271.26,7430.0,14.1463,19.0
16:22:11,7271.26,7440.0,1.5454,64.0
16:22:11,7271.26,7450.0,4.6196,40.0
16:22:11,7271.26,7460.0,1.2448,5.0
16:22:11,7271.26,7470.0,1.9047,20.0
16:22:11,7271.26,7475.0,2.3887,132.0
16:22:11,7271.26,7480.0,0.2946,25.0
16:22:11,7271.26,7490.0,0.1884,7.0
16:22:11,7271.26,7500.0,1.2715,0.0
16:22:11,7271.26,7510.0,0.0685,0.0
16:22:11,7271.26,7520.0,0.0002,0.0
16:22:11,7271.26,7525.0,0.3766,3.0
16:22:11,7271.26,7530.0,0.0003,0.0
16:22:11,7271.26,7550.0,0.0122,1.0
16:22:11,7271.26,7570.0,0.0003,0.0
16:22:11,7271.26,7575.0,0.001,0.0
16:22:11,7271.26,7580.0,0.0017,0.0
16:22:11,7271.26,7590.0,0.0,7.0
16:22:11,7271.26,7600.0,0.001,0.0
16:22:11,7271.26,7625.0,0.0,1.0
16:22:11,7271.26,7925.0,-0.0,16.0
16:22:11,7271.26,8400.0,0.0,2.0
16:22:11,7271.26,8600.0,0.0,3.0
16:22:11,7271.26,8800.0,0.0,17.0
16:22:11,7271.26,9200.0,0.0,26.0
16:24:40,7271.15,1600.0,0.0,1.0
16:24:40,7271.15,2400.0,-0.0,1.0
16:24:40,7271.15,4400.0,-0.0,2.0
16:24:40,7271.15,5000.0,0.0,2.0
16:24:40,7271.15,5400.0,-0.0,2.0
16:24:40,7271.15,5850.0,-0.0,1.0
16:24:40,7271.15,6000.0,0.0,20.0
16:24:40,7271.15,6010.0,-0.0,4.0
16:24:40,7271.15,6050.0,-0.0,1.0
16:24:40,7271.15,6075.0,-0.0,3.0
16:24:40,7271.15,6100.0,-0.0,7.0
16:24:40,7271.15,6175.0,-0.0,1.0
16:24:40,7271.15,6300.0,-0.0,1.0
16:24:40,7271.15,6400.0,-0.0,111.0
16:24:40,7271.15,6450.0,-0.0,1.0
16:24:40,7271.15,6500.0,-0.0,1.0
16:24:40,7271.15,6510.0,-0.0,20.0
16:24:40,7271.15,6520.0,-0.0,14.0
16:24:40,7271.15,6540.0,-0.0,20.0
16:24:40,7271.15,6550.0,-0.0,20.0
16:24:40,7271.15,6580.0,-0.0,2.0
16:24:40,7271.15,6590.0,-0.0,1.0
16:24:40,7271.15,6595.0,-0.0001,808.0
16:24:40,7271.15,6600.0,-0.0002,5.0
16:24:40,7271.15,6625.0,-0.0001,0.0
16:24:40,7271.15,6630.0,-0.0,35.0
16:24:40,7271.15,6635.0,-0.0002,35.0
16:24:40,7271.15,6640.0,-0.0001,0.0
16:24:40,7271.15,6650.0,-0.0025,14.0
16:24:40,7271.15,6655.0,-0.0001,0.0
16:24:40,7271.15,6660.0,0.0004,466.0
16:24:40,7271.15,6665.0,-0.0002,0.0
16:24:40,7271.15,6670.0,0.0003,72.0
16:24:40,7271.15,6675.0,-0.0017,51.0
16:24:40,7271.15,6680.0,-0.0077,0.0
16:24:40,7271.15,6685.0,-0.0038,0.0
16:24:40,7271.15,6690.0,-0.0024,1.0
16:24:40,7271.15,6695.0,-0.0012,20.0
16:24:40,7271.15,6700.0,-0.0145,8.0
16:24:40,7271.15,6705.0,-0.0021,0.0
16:24:40,7271.15,6710.0,-0.0039,5.0
16:24:40,7271.15,6715.0,-0.0074,0.0
16:24:40,7271.15,6720.0,-0.0248,2.0
16:24:40,7271.15,6725.0,-0.0108,1.0
16:24:40,7271.15,6730.0,-0.0037,2.0
16:24:40,7271.15,6735.0,-0.011,2.0
16:24:40,7271.15,6740.0,-0.0046,1.0
16:24:40,7271.15,6745.0,-0.0087,0.0
16:24:40,7271.15,6750.0,-0.0811,37.0
16:24:40,7271.15,6755.0,-0.0501,45.0
16:24:40,7271.15,6760.0,0.031,5.0
16:24:40,7271.15,6765.0,-0.0296,9.0
16:24:40,7271.15,6770.0,-0.1184,15.0
16:24:40,7271.15,6775.0,-0.133,63.0
16:24:40,7271.15,6780.0,-0.1041,1.0
16:24:40,7271.15,6785.0,-0.0619,44.0
16:24:40,7271.15,6790.0,-0.1914,10.0
16:24:40,7271.15,6795.0,-0.23,1.0
16:24:40,7271.15,6800.0,-2.3551,436.0
16:24:40,7271.15,6805.0,-0.291,2.0
16:24:40,7271.15,6810.0,-0.5273,0.0
16:24:40,7271.15,6815.0,-0.3626,25.0
16:24:40,7271.15,6820.0,-2.1297,40.0
16:24:40,7271.15,6825.0,-2.8687,54.0
16:24:40,7271.15,6830.0,-0.3104,29.0
16:24:40,7271.15,6835.0,-0.8452,20.0
16:24:40,7271.15,6840.0,-0.8006,9.0
16:24:40,7271.15,6845.0,-0.5576,259.0
16:24:40,7271.15,6850.0,-6.967,329.0
16:24:40,7271.15,6855.0,-0.6451,559.0
16:24:40,7271.15,6860.0,-6.7678,410.0
16:24:40,7271.15,6865.0,-1.0684,168.0
16:24:40,7271.15,6870.0,-1.1429,173.0
16:24:40,7271.15,6875.0,-9.0933,196.0
16:24:40,7271.15,6880.0,-0.8263,67.0
16:24:40,7271.15,6885.0,-7.2898,229.0
16:24:40,7271.15,6890.0,-4.8938,62.0
16:24:40,7271.15,6895.0,-3.2446,459.0
16:24:40,7271.15,6900.0,-16.3652,997.0
16:24:40,7271.15,6905.0,-3.2746,830.0
16:24:40,7271.15,6910.0,1.9375,333.0
16:24:40,7271.15,6915.0,-3.5019,297.0
16:24:40,7271.15,6920.0,-10.6948,213.0
16:24:40,7271.15,6925.0,-11.8882,318.0
16:24:40,7271.15,6930.0,-1.9948,314.0
16:24:40,7271.15,6935.0,-2.4189,70.0
16:24:40,7271.15,6940.0,-3.1202,249.0
16:24:40,7271.15,6945.0,-3.1325,102.0
16:24:40,7271.15,6950.0,-17.5715,717.0
16:24:40,7271.15,6955.0,-2.1243,20.0
16:24:40,7271.15,6960.0,-18.2129,62.0
16:24:40,7271.15,6965.0,-4.3391,69.0
16:24:40,7271.15,6970.0,-5.4327,110.0
16:24:40,7271.15,6975.0,-39.1334,250.0
16:24:40,7271.15,6980.0,-8.861,731.0
16:24:40,7271.15,6985.0,-30.9348,927.0
16:24:40,7271.15,6990.0,-4.6256,643.0
16:24:40,7271.15,6995.0,-6.491,737.0
16:24:40,7271.15,7000.0,-19.0559,2296.0
16:24:40,7271.15,7005.0,-9.5359,1116.0
16:24:40,7271.15,7010.0,-16.1489,671.0
16:24:40,7271.15,7015.0,-13.9655,703.0
16:24:40,7271.15,7020.0,-14.6992,807.0
16:24:40,7271.15,7025.0,-7.304,964.0
16:24:40,7271.15,7030.0,-17.7126,1343.0
16:24:40,7271.15,7035.0,-25.3856,1225.0
16:24:40,7271.15,7040.0,-11.303,866.0
16:24:40,7271.15,7045.0,-10.5351,984.0
16:24:40,7271.15,7050.0,-44.4083,2910.0
16:24:40,7271.15,7055.0,-22.0596,3020.0
16:24:40,7271.15,7060.0,-23.0772,1745.0
16:24:40,7271.15,7065.0,-28.104,1768.0
16:24:40,7271.15,7070.0,-23.4567,1814.0
16:24:40,7271.15,7075.0,-22.4875,1579.0
16:24:40,7271.15,7080.0,-37.034,1343.0
16:24:40,7271.15,7085.0,-16.296,773.0
16:24:40,7271.15,7090.0,-28.0719,1112.0
16:24:40,7271.15,7095.0,-35.5446,1982.0
16:24:40,7271.15,7100.0,-49.3347,3313.0
16:24:40,7271.15,7105.0,-7.9564,1550.0
16:24:40,7271.15,7110.0,-26.2351,2153.0
16:24:40,7271.15,7115.0,-17.9599,2440.0
16:24:40,7271.15,7120.0,-54.835,2905.0
16:24:40,7271.15,7125.0,-24.8115,2548.0
16:24:40,7271.15,7130.0,-67.4088,3412.0
16:24:40,7271.15,7135.0,-36.0461,2638.0
16:24:40,7271.15,7140.0,-63.902,3638.0
16:24:40,7271.15,7145.0,-34.6066,2727.0
16:24:40,7271.15,7150.0,5.3562,7872.0
16:24:40,7271.15,7155.0,-23.7093,4433.0
16:24:40,7271.15,7160.0,-80.8609,7365.0
16:24:40,7271.15,7165.0,59.0185,3613.0
16:24:40,7271.15,7170.0,4.7182,5407.0
16:24:40,7271.15,7175.0,-85.3272,9790.0
16:24:40,7271.15,7180.0,70.9527,9496.0
16:24:40,7271.15,7185.0,-102.2379,5509.0
16:24:40,7271.15,7190.0,31.296,8801.0
16:24:40,7271.15,7195.0,36.646,7868.0
16:24:40,7271.15,7200.0,1408.2604,20530.0
16:24:40,7271.15,7205.0,84.5764,8605.0
16:24:40,7271.15,7210.0,185.7667,13376.0
16:24:40,7271.15,7215.0,208.2658,10192.0
16:24:40,7271.15,7220.0,421.2398,15863.0
16:24:40,7271.15,7225.0,525.2743,13847.0
16:24:40,7271.15,7230.0,890.9905,18865.0
16:24:40,7271.15,7235.0,494.1869,16565.0
16:24:40,7271.15,7240.0,968.2763,25631.0
16:24:40,7271.15,7245.0,2205.7902,30811.0
16:24:40,7271.15,7250.0,3514.2727,39096.0
16:24:40,7271.15,7255.0,1886.5105,23975.0
16:24:40,7271.15,7260.0,1746.8085,37010.0
16:24:40,7271.15,7265.0,1531.5303,32729.0
16:24:40,7271.15,7270.0,2181.1752,38226.0
16:24:40,7271.15,7275.0,6424.2771,35509.0
16:24:40,7271.15,7280.0,16209.5417,48710.0
16:24:40,7271.15,7285.0,5908.4218,28881.0
16:24:40,7271.15,7290.0,8896.7397,31806.0
16:24:40,7271.15,7295.0,790.5256,15832.0
16:24:40,7271.15,7300.0,3414.9428,48666.0
16:24:40,7271.15,7305.0,688.4711,11206.0
16:24:40,7271.15,7310.0,2316.5241,10942.0
16:24:40,7271.15,7315.0,237.4774,5092.0
16:24:40,7271.15,7320.0,314.1636,5547.0
16:24:40,7271.15,7325.0,259.1278,5306.0
16:24:40,7271.15,7330.0,199.0979,2581.0
16:24:40,7271.15,7335.0,49.8742,3217.0
16:24:40,7271.15,7340.0,2463.2206,2997.0
16:24:40,7271.15,7345.0,29.4893,1919.0
16:24:40,7271.15,7350.0,760.6972,2822.0
16:24:40,7271.15,7355.0,66.0011,1629.0
16:24:40,7271.15,7360.0,103.9355,1625.0
16:24:40,7271.15,7365.0,8.807,1439.0
16:24:40,7271.15,7370.0,44.006,1777.0
16:24:40,7271.15,7375.0,188.3292,5245.0
16:24:40,7271.15,7380.0,28.382,2310.0
16:24:40,7271.15,7385.0,9.1687,9323.0
16:24:40,7271.15,7390.0,24.1639,1090.0
16:24:40,7271.15,7395.0,9.1594,620.0
16:24:40,7271.15,7400.0,38.1223,5691.0
16:24:40,7271.15,7405.0,5.6512,471.0
16:24:40,7271.15,7410.0,7.3547,338.0
16:24:40,7271.15,7415.0,8.1031,819.0
16:24:40,7271.15,7420.0,8.4272,547.0
16:24:40,7271.15,7425.0,16.5684,52.0
16:24:40,7271.15,7430.0,16.7246,24.0
16:24:40,7271.15,7440.0,1.8156,64.0
16:24:40,7271.15,7450.0,4.6697,40.0
16:24:40,7271.15,7460.0,1.456,5.0
16:24:40,7271.15,7470.0,2.2259,22.0
16:24:40,7271.15,7475.0,2.3891,132.0
16:24:40,7271.15,7480.0,0.3433,25.0
16:24:40,7271.15,7490.0,0.2192,7.0
16:24:40,7271.15,7500.0,1.2503,0.0
16:24:40,7271.15,7510.0,0.0797,0.0
16:24:40,7271.15,7520.0,0.0003,0.0
16:24:40,7271.15,7525.0,0.3573,3.0
16:24:40,7271.15,7530.0,0.0003,0.0
16:24:40,7271.15,7550.0,0.0121,1.0
16:24:40,7271.15,7570.0,0.0003,0.0
16:24:40,7271.15,7575.0,0.0009,0.0
16:24:40,7271.15,7580.0,0.0014,0.0
16:24:40,7271.15,7590.0,0.0,7.0
16:24:40,7271.15,7600.0,0.0008,0.0
16:24:40,7271.15,7625.0,0.0,1.0
16:24:40,7271.15,7925.0,-0.0,16.0
16:24:40,7271.15,8400.0,0.0,2.0
16:24:40,7271.15,8600.0,0.0,3.0
16:24:40,7271.15,8800.0,0.0,17.0
16:24:40,7271.15,9200.0,0.0,26.0
16:27:09,7268.89,1600.0,0.0,1.0
16:27:09,7268.89,2400.0,-0.0,1.0
16:27:09,7268.89,4400.0,-0.0,2.0
16:27:09,7268.89,5000.0,0.0,2.0
16:27:09,7268.89,5400.0,-0.0,2.0
16:27:09,7268.89,5850.0,-0.0,1.0
16:27:09,7268.89,6000.0,0.0,20.0
16:27:09,7268.89,6010.0,-0.0,4.0
16:27:09,7268.89,6050.0,-0.0,1.0
16:27:09,7268.89,6075.0,-0.0,3.0
16:27:09,7268.89,6100.0,-0.0,7.0
16:27:09,7268.89,6175.0,-0.0,1.0
16:27:09,7268.89,6300.0,-0.0,1.0
16:27:09,7268.89,6400.0,-0.0,111.0
16:27:09,7268.89,6450.0,-0.0,1.0
16:27:09,7268.89,6500.0,-0.0,1.0
16:27:09,7268.89,6510.0,-0.0,20.0
16:27:09,7268.89,6520.0,-0.0,14.0
16:27:09,7268.89,6540.0,-0.0,20.0
16:27:09,7268.89,6550.0,-0.0,20.0
16:27:09,7268.89,6580.0,-0.0,2.0
16:27:09,7268.89,6590.0,-0.0,1.0
16:27:09,7268.89,6595.0,-0.0001,808.0
16:27:09,7268.89,6600.0,-0.0002,5.0
16:27:09,7268.89,6625.0,-0.0001,0.0
16:27:09,7268.89,6630.0,-0.0001,35.0
16:27:09,7268.89,6635.0,-0.0002,35.0
16:27:09,7268.89,6640.0,-0.0002,0.0
16:27:09,7268.89,6650.0,-0.0025,15.0
16:27:09,7268.89,6655.0,-0.0002,0.0
16:27:09,7268.89,6660.0,0.0003,492.0
16:27:09,7268.89,6665.0,-0.0004,0.0
16:27:09,7268.89,6670.0,0.0004,72.0
16:27:09,7268.89,6675.0,-0.0016,51.0
16:27:09,7268.89,6680.0,-0.0076,0.0
16:27:09,7268.89,6685.0,-0.0038,0.0
16:27:09,7268.89,6690.0,-0.0023,1.0
16:27:09,7268.89,6695.0,-0.0012,20.0
16:27:09,7268.89,6700.0,-0.0145,8.0
16:27:09,7268.89,6705.0,-0.002,0.0
16:27:09,7268.89,6710.0,-0.0039,5.0
16:27:09,7268.89,6715.0,-0.0074,2.0
16:27:09,7268.89,6720.0,-0.0248,2.0
16:27:09,7268.89,6725.0,-0.0108,1.0
16:27:09,7268.89,6730.0,-0.0037,2.0
16:27:09,7268.89,6735.0,-0.011,2.0
16:27:09,7268.89,6740.0,-0.0046,1.0
16:27:09,7268.89,6745.0,-0.0087,0.0
16:27:09,7268.89,6750.0,-0.0811,37.0
16:27:09,7268.89,6755.0,-0.0492,45.0
16:27:09,7268.89,6760.0,0.031,5.0
16:27:09,7268.89,6765.0,-0.0294,9.0
16:27:09,7268.89,6770.0,-0.153,15.0
16:27:09,7268.89,6775.0,-0.1329,63.0
16:27:09,7268.89,6780.0,-0.104,1.0
16:27:09,7268.89,6785.0,-0.0605,44.0
16:27:09,7268.89,6790.0,-0.1913,10.0
16:27:09,7268.89,6795.0,-0.2297,1.0
16:27:09,7268.89,6800.0,-2.3537,437.0
16:27:09,7268.89,6805.0,-0.2889,2.0
16:27:09,7268.89,6810.0,-0.527,0.0
16:27:09,7268.89,6815.0,-0.3617,25.0
16:27:09,7268.89,6820.0,-2.1284,40.0
16:27:09,7268.89,6825.0,-2.8669,54.0
16:27:09,7268.89,6830.0,-0.3102,29.0
16:27:09,7268.89,6835.0,-0.8441,21.0
16:27:09,7268.89,6840.0,-0.8001,9.0
16:27:09,7268.89,6845.0,-0.5778,259.0
16:27:09,7268.89,6850.0,-7.1703,661.0
16:27:09,7268.89,6855.0,-0.6648,618.0
16:27:09,7268.89,6860.0,-6.9214,419.0
16:27:09,7268.89,6865.0,-1.0953,168.0
16:27:09,7268.89,6870.0,-1.1785,173.0
16:27:09,7268.89,6875.0,-9.2983,196.0
16:27:09,7268.89,6880.0,-0.8537,67.0
16:27:09,7268.89,6885.0,-7.4065,234.0
16:27:09,7268.89,6890.0,-4.9794,62.0
16:27:09,7268.89,6895.0,-3.294,459.0
16:27:09,7268.89,6900.0,-16.7081,997.0
16:27:09,7268.89,6905.0,-3.3204,830.0
16:27:09,7268.89,6910.0,1.8242,324.0
16:27:09,7268.89,6915.0,-3.5428,298.0
16:27:09,7268.89,6920.0,-10.5579,215.0
16:27:09,7268.89,6925.0,-12.0445,322.0
16:27:09,7268.89,6930.0,-1.9216,315.0
16:27:09,7268.89,6935.0,-2.4456,71.0
16:27:09,7268.89,6940.0,-3.146,249.0
16:27:09,7268.89,6945.0,-3.1526,103.0
16:27:09,7268.89,6950.0,-17.8468,717.0
16:27:09,7268.89,6955.0,-2.1693,20.0
16:27:09,7268.89,6960.0,-18.3531,62.0
16:27:09,7268.89,6965.0,-4.5914,113.0
16:27:09,7268.89,6970.0,-5.362,110.0
16:27:09,7268.89,6975.0,-39.6739,252.0
16:27:09,7268.89,6980.0,-8.8609,737.0
16:27:09,7268.89,6985.0,-34.679,927.0
16:27:09,7268.89,6990.0,-4.5295,648.0
16:27:09,7268.89,6995.0,-6.4482,738.0
16:27:09,7268.89,7000.0,-18.7948,2306.0
16:27:09,7268.89,7005.0,-9.5521,1165.0
16:27:09,7268.89,7010.0,-15.5149,673.0
16:27:09,7268.89,7015.0,-13.9706,782.0
16:27:09,7268.89,7020.0,-14.0717,1072.0
16:27:09,7268.89,7025.0,-6.9846,982.0
16:27:09,7268.89,7030.0,-16.9822,1354.0
16:27:09,7268.89,7035.0,-25.1513,1237.0
16:27:09,7268.89,7040.0,-10.9491,870.0
16:27:09,7268.89,7045.0,-10.5438,1040.0
16:27:09,7268.89,7050.0,-44.6182,2927.0
16:27:09,7268.89,7055.0,-22.2275,3022.0
16:27:09,7268.89,7060.0,-22.9213,1746.0
16:27:09,7268.89,7065.0,-28.494,1772.0
16:27:09,7268.89,7070.0,-23.5934,1828.0
16:27:09,7268.89,7075.0,-23.2695,1581.0
16:27:09,7268.89,7080.0,-38.208,1346.0
16:27:09,7268.89,7085.0,-16.9319,803.0
16:27:09,7268.89,7090.0,-29.3514,1127.0
16:27:09,7268.89,7095.0,-37.3472,1993.0
16:27:09,7268.89,7100.0,-52.9406,3382.0
16:27:09,7268.89,7105.0,-8.3962,1610.0
16:27:09,7268.89,7110.0,-27.6755,2208.0
16:27:09,7268.89,7115.0,-18.9317,2469.0
16:27:09,7268.89,7120.0,-57.7508,2952.0
16:27:09,7268.89,7125.0,-25.6338,2686.0
16:27:09,7268.89,7130.0,-70.563,3493.0
16:27:09,7268.89,7135.0,-37.6507,2679.0
16:27:09,7268.89,7140.0,-66.1669,3668.0
16:27:09,7268.89,7145.0,-36.4147,2762.0
16:27:09,7268.89,7150.0,3.9493,7904.0
16:27:09,7268.89,7155.0,-24.9726,4785.0
16:27:09,7268.89,7160.0,-76.8328,7566.0
16:27:09,7268.89,7165.0,62.1521,3629.0
16:27:09,7268.89,7170.0,12.8598,5461.0
16:27:09,7268.89,7175.0,-93.6967,9896.0
16:27:09,7268.89,7180.0,83.6782,9521.0
16:27:09,7268.89,7185.0,-81.9059,5597.0
16:27:09,7268.89,7190.0,34.9934,8958.0
16:27:09,7268.89,7195.0,42.0604,7972.0
16:27:09,7268.89,7200.0,1427.5221,20692.0
16:27:09,7268.89,7205.0,112.1796,8688.0
16:27:09,7268.89,7210.0,214.1202,13586.0
16:27:09,7268.89,7215.0,266.4839,10376.0
16:27:09,7268.89,7220.0,477.6074,16195.0
16:27:09,7268.89,7225.0,567.853,14300.0
16:27:09,7268.89,7230.0,930.9334,19214.0
16:27:09,7268.89,7235.0,496.5751,16959.0
16:27:09,7268.89,7240.0,1010.454,25946.0
16:27:09,7268.89,7245.0,2206.73,31219.0
16:27:09,7268.89,7250.0,3772.4806,39799.0
16:27:09,7268.89,7255.0,1885.338,24564.0
16:27:09,7268.89,7260.0,1811.4038,37793.0
16:27:09,7268.89,7265.0,1530.5784,33851.0
16:27:09,7268.89,7270.0,2167.1452,40237.0
16:27:09,7268.89,7275.0,6336.0031,36626.0
16:27:09,7268.89,7280.0,15281.5182,49786.0
16:27:09,7268.89,7285.0,5888.2694,30219.0
16:27:09,7268.89,7290.0,8028.07,32662.0
16:27:09,7268.89,7295.0,790.1192,16630.0
16:27:09,7268.89,7300.0,3194.9846,49644.0
16:27:09,7268.89,7305.0,688.0552,11533.0
16:27:09,7268.89,7310.0,1991.6736,11105.0
16:27:09,7268.89,7315.0,237.2675,5184.0
16:27:09,7268.89,7320.0,291.8168,5762.0
16:27:09,7268.89,7325.0,234.679,5777.0
16:27:09,7268.89,7330.0,180.8879,2599.0
16:27:09,7268.89,7335.0,49.8393,3302.0
16:27:09,7268.89,7340.0,2252.5843,3014.0
16:27:09,7268.89,7345.0,29.471,1981.0
16:27:09,7268.89,7350.0,676.2416,2874.0
16:27:09,7268.89,7355.0,65.6661,1652.0
16:27:09,7268.89,7360.0,90.6239,1669.0
16:27:09,7268.89,7365.0,8.8014,1442.0
16:27:09,7268.89,7370.0,38.4644,1782.0
16:27:09,7268.89,7375.0,165.796,5254.0
16:27:09,7268.89,7380.0,25.1379,2348.0
16:27:09,7268.89,7385.0,9.3064,9375.0
16:27:09,7268.89,7390.0,21.5456,1094.0
16:27:09,7268.89,7395.0,9.3081,624.0
16:27:09,7268.89,7400.0,33.6922,5696.0
16:27:09,7268.89,7405.0,5.6753,472.0
16:27:09,7268.89,7410.0,7.3501,338.0
16:27:09,7268.89,7415.0,8.4509,860.0
16:27:09,7268.89,7420.0,8.4219,548.0
16:27:09,7268.89,7425.0,14.98,53.0
16:27:09,7268.89,7430.0,16.7142,24.0
16:27:09,7268.89,7440.0,1.8144,64.0
16:27:09,7268.89,7450.0,4.0681,41.0
16:27:09,7268.89,7460.0,1.4551,5.0
16:27:09,7268.89,7470.0,2.2245,24.0
16:27:09,7268.89,7475.0,2.0557,132.0
16:27:09,7268.89,7480.0,0.3431,25.0
16:27:09,7268.89,7490.0,0.219,7.0
16:27:09,7268.89,7500.0,1.2504,0.0
16:27:09,7268.89,7510.0,0.0797,0.0
16:27:09,7268.89,7520.0,0.0003,0.0
16:27:09,7268.89,7525.0,0.2954,3.0
16:27:09,7268.89,7530.0,0.0003,0.0
16:27:09,7268.89,7550.0,0.0089,1.0
16:27:09,7268.89,7570.0,0.0003,0.0
16:27:09,7268.89,7575.0,0.0007,0.0
16:27:09,7268.89,7580.0,0.0014,0.0
16:27:09,7268.89,7590.0,0.0,7.0
16:27:09,7268.89,7600.0,0.0008,0.0
16:27:09,7268.89,7625.0,0.0,1.0
16:27:09,7268.89,7925.0,-0.0,16.0
16:27:09,7268.89,8400.0,0.0,2.0
16:27:09,7268.89,8600.0,0.0,3.0
16:27:09,7268.89,8800.0,0.0,17.0
16:27:09,7268.89,9200.0,0.0,26.0
16:29:38,7267.2,1600.0,0.0,1.0
16:29:38,7267.2,2400.0,-0.0,1.0
16:29:38,7267.2,4400.0,-0.0,2.0
16:29:38,7267.2,5000.0,0.0,2.0
16:29:38,7267.2,5400.0,-0.0,2.0
16:29:38,7267.2,5850.0,-0.0,1.0
16:29:38,7267.2,6000.0,-0.0,20.0
16:29:38,7267.2,6010.0,-0.0,4.0
16:29:38,7267.2,6050.0,-0.0,1.0
16:29:38,7267.2,6075.0,-0.0,3.0
16:29:38,7267.2,6100.0,-0.0,7.0
16:29:38,7267.2,6175.0,-0.0,1.0
16:29:38,7267.2,6300.0,-0.0,1.0
16:29:38,7267.2,6400.0,-0.0,111.0
16:29:38,7267.2,6450.0,-0.0,1.0
16:29:38,7267.2,6500.0,-0.0,1.0
16:29:38,7267.2,6510.0,-0.0,20.0
16:29:38,7267.2,6520.0,-0.0,14.0
16:29:38,7267.2,6540.0,-0.0,20.0
16:29:38,7267.2,6550.0,-0.0,20.0
16:29:38,7267.2,6580.0,-0.0001,2.0
16:29:38,7267.2,6590.0,-0.0,1.0
16:29:38,7267.2,6595.0,-0.0001,808.0
16:29:38,7267.2,6600.0,-0.0004,5.0
16:29:38,7267.2,6625.0,-0.0002,0.0
16:29:38,7267.2,6630.0,-0.0002,35.0
16:29:38,7267.2,6635.0,-0.0003,35.0
16:29:38,7267.2,6640.0,-0.0002,0.0
16:29:38,7267.2,6645.0,-0.0001,0.0
16:29:38,7267.2,6650.0,-0.0042,15.0
16:29:38,7267.2,6655.0,-0.0002,0.0
16:29:38,7267.2,6660.0,0.0001,492.0
16:29:38,7267.2,6665.0,-0.0005,0.0
16:29:38,7267.2,6670.0,0.0,72.0
16:29:38,7267.2,6675.0,-0.0027,51.0
16:29:38,7267.2,6680.0,-0.0118,0.0
16:29:38,7267.2,6685.0,-0.0067,2.0
16:29:38,7267.2,6690.0,-0.0035,1.0
16:29:38,7267.2,6695.0,-0.0021,20.0
16:29:38,7267.2,6700.0,-0.0209,8.0
16:29:38,7267.2,6705.0,-0.0034,0.0
16:29:38,7267.2,6710.0,-0.0035,5.0
16:29:38,7267.2,6715.0,-0.0116,2.0
16:29:38,7267.2,6720.0,-0.0235,2.0
16:29:38,7267.2,6725.0,-0.0082,1.0
16:29:38,7267.2,6730.0,-0.0025,2.0
16:29:38,7267.2,6735.0,-0.0158,2.0
16:29:38,7267.2,6740.0,-0.0032,1.0
16:29:38,7267.2,6745.0,-0.0121,0.0
16:29:38,7267.2,6750.0,-0.0735,37.0
16:29:38,7267.2,6755.0,-0.0667,45.0
16:29:38,7267.2,6760.0,0.0484,5.0
16:29:38,7267.2,6765.0,-0.038,9.0
16:29:38,7267.2,6770.0,-0.1494,15.0
16:29:38,7267.2,6775.0,-0.1221,64.0
16:29:38,7267.2,6780.0,-0.0964,1.0
16:29:38,7267.2,6785.0,-0.0744,44.0
16:29:38,7267.2,6790.0,-0.1873,10.0
16:29:38,7267.2,6795.0,-0.2679,1.0
16:29:38,7267.2,6800.0,-2.8863,437.0
16:29:38,7267.2,6805.0,-0.3288,2.0
16:29:38,7267.2,6810.0,-0.6196,0.0
16:29:38,7267.2,6815.0,-0.3976,25.0
16:29:38,7267.2,6820.0,-2.3966,40.0
16:29:38,7267.2,6825.0,-3.1743,54.0
16:29:38,7267.2,6830.0,-0.3305,44.0
16:29:38,7267.2,6835.0,-0.8429,21.0
16:29:38,7267.2,6840.0,-0.8438,9.0
16:29:38,7267.2,6845.0,-0.5857,259.0
16:29:38,7267.2,6850.0,-7.2644,824.0
16:29:38,7267.2,6855.0,-0.6724,623.0
16:29:38,7267.2,6860.0,-6.9959,723.0
16:29:38,7267.2,6865.0,-1.1068,168.0
16:29:38,7267.2,6870.0,-1.2244,173.0
16:29:38,7267.2,6875.0,-9.4528,206.0
16:29:38,7267.2,6880.0,-0.9147,67.0
16:29:38,7267.2,6885.0,-7.4776,234.0
16:29:38,7267.2,6890.0,-5.0081,62.0
16:29:38,7267.2,6895.0,-3.2916,459.0
16:29:38,7267.2,6900.0,-17.2515,1007.0
16:29:38,7267.2,6905.0,-3.3495,830.0
16:29:38,7267.2,6910.0,1.8298,324.0
16:29:38,7267.2,6915.0,-3.5706,298.0
16:29:38,7267.2,6920.0,-10.7043,220.0
16:29:38,7267.2,6925.0,-12.1811,327.0
16:29:38,7267.2,6930.0,-1.9331,316.0
16:29:38,7267.2,6935.0,-2.4584,71.0
16:29:38,7267.2,6940.0,-3.16,249.0
16:29:38,7267.2,6945.0,-3.1637,103.0
16:29:38,7267.2,6950.0,-17.659,734.0
16:29:38,7267.2,6955.0,-2.168,20.0
16:29:38,7267.2,6960.0,-18.3582,65.0
16:29:38,7267.2,6965.0,-4.5894,133.0
16:29:38,7267.2,6970.0,-5.362,117.0
16:29:38,7267.2,6975.0,-38.8913,256.0
16:29:38,7267.2,6980.0,-8.858,737.0
16:29:38,7267.2,6985.0,-34.6632,927.0
16:29:38,7267.2,6990.0,-4.5277,646.0
16:29:38,7267.2,6995.0,-6.4504,745.0
16:29:38,7267.2,7000.0,-16.5335,2316.0
16:29:38,7267.2,7005.0,-9.358,1167.0
16:29:38,7267.2,7010.0,-15.6061,673.0
16:29:38,7267.2,7015.0,-13.6335,881.0
16:29:38,7267.2,7020.0,-14.217,1126.0
16:29:38,7267.2,7025.0,-5.0804,987.0
16:29:38,7267.2,7030.0,-17.2301,1362.0
16:29:38,7267.2,7035.0,-25.5688,1241.0
16:29:38,7267.2,7040.0,-11.1525,872.0
16:29:38,7267.2,7045.0,-10.7607,1042.0
16:29:38,7267.2,7050.0,-43.4986,2961.0
16:29:38,7267.2,7055.0,-22.7791,3035.0
16:29:38,7267.2,7060.0,-23.5404,1766.0
16:29:38,7267.2,7065.0,-29.3242,1772.0
16:29:38,7267.2,7070.0,-24.3267,1978.0
16:29:38,7267.2,7075.0,-23.6958,1588.0
16:29:38,7267.2,7080.0,-39.5041,1398.0
16:29:38,7267.2,7085.0,-17.5202,1088.0
16:29:38,7267.2,7090.0,-30.392,1135.0
16:29:38,7267.2,7095.0,-38.705,2005.0
16:29:38,7267.2,7100.0,-52.1257,3559.0
16:29:38,7267.2,7105.0,-8.7241,1639.0
16:29:38,7267.2,7110.0,-28.8019,2201.0
16:29:38,7267.2,7115.0,-19.7327,2491.0
16:29:38,7267.2,7120.0,-60.3328,2977.0
16:29:38,7267.2,7125.0,-27.3207,2746.0
16:29:38,7267.2,7130.0,-74.0644,3643.0
16:29:38,7267.2,7135.0,-40.6888,2690.0
16:29:38,7267.2,7140.0,-72.1948,3698.0
16:29:38,7267.2,7145.0,-38.5003,2786.0
16:29:38,7267.2,7150.0,4.1883,7964.0
16:29:38,7267.2,7155.0,-26.4104,4816.0
16:29:38,7267.2,7160.0,-84.486,7636.0
16:29:38,7267.2,7165.0,65.6264,3772.0
16:29:38,7267.2,7170.0,9.1006,5531.0
16:29:38,7267.2,7175.0,-96.694,9927.0
16:29:38,7267.2,7180.0,84.874,9584.0
16:29:38,7267.2,7185.0,-84.7174,5639.0
16:29:38,7267.2,7190.0,36.702,9047.0
16:29:38,7267.2,7195.0,45.1603,8068.0
16:29:38,7267.2,7200.0,1492.4064,20874.0
16:29:38,7267.2,7205.0,106.0295,8739.0
16:29:38,7267.2,7210.0,212.1521,13811.0
16:29:38,7267.2,7215.0,277.1719,10646.0
16:29:38,7267.2,7220.0,491.3436,17415.0
16:29:38,7267.2,7225.0,585.6218,14559.0
16:29:38,7267.2,7230.0,1022.9738,19586.0
16:29:38,7267.2,7235.0,533.201,17420.0
16:29:38,7267.2,7240.0,1080.4956,27273.0
16:29:38,7267.2,7245.0,2396.4906,31581.0
16:29:38,7267.2,7250.0,3828.7148,40681.0
16:29:38,7267.2,7255.0,2004.5921,25140.0
16:29:38,7267.2,7260.0,1813.2779,38662.0
16:29:38,7267.2,7265.0,1610.9805,35124.0
16:29:38,7267.2,7270.0,2118.1218,41725.0
16:29:38,7267.2,7275.0,6133.6924,37723.0
16:29:38,7267.2,7280.0,14318.0031,50752.0
16:29:38,7267.2,7285.0,5532.5628,31185.0
16:29:38,7267.2,7290.0,7384.2366,33443.0
16:29:38,7267.2,7295.0,702.154,17146.0
16:29:38,7267.2,7300.0,3068.5392,50378.0
16:29:38,7267.2,7305.0,632.6576,11721.0
16:29:38,7267.2,7310.0,1938.5401,11293.0
16:29:38,7267.2,7315.0,236.1092,5280.0
16:29:38,7267.2,7320.0,277.6635,5834.0
16:29:38,7267.2,7325.0,227.7565,5800.0
16:29:38,7267.2,7330.0,175.9208,2652.0
16:29:38,7267.2,7335.0,50.8508,3366.0
16:29:38,7267.2,7340.0,2185.8684,3025.0
16:29:38,7267.2,7345.0,30.0994,2050.0
16:29:38,7267.2,7350.0,661.2723,2880.0
16:29:38,7267.2,7355.0,68.1053,1864.0
16:29:38,7267.2,7360.0,88.0465,1675.0
16:29:38,7267.2,7365.0,9.0546,1446.0
16:29:38,7267.2,7370.0,37.5431,1783.0
16:29:38,7267.2,7375.0,165.7194,5307.0
16:29:38,7267.2,7380.0,24.7541,2368.0
16:29:38,7267.2,7385.0,9.3063,9420.0
16:29:38,7267.2,7390.0,21.5019,1110.0
16:29:38,7267.2,7395.0,9.3186,625.0
16:29:38,7267.2,7400.0,34.4524,5697.0
16:29:38,7267.2,7405.0,5.1925,479.0
16:29:38,7267.2,7410.0,6.6449,343.0
16:29:38,7267.2,7415.0,9.2149,938.0
16:29:38,7267.2,7420.0,7.5954,549.0
16:29:38,7267.2,7425.0,14.9456,53.0
16:29:38,7267.2,7430.0,15.0815,24.0
16:29:38,7267.2,7440.0,1.6257,64.0
16:29:38,7267.2,7450.0,4.1156,41.0
16:29:38,7267.2,7460.0,1.2772,5.0
16:29:38,7267.2,7470.0,1.9277,24.0
16:29:38,7267.2,7475.0,2.0548,132.0
16:29:38,7267.2,7480.0,0.2937,25.0
16:29:38,7267.2,7490.0,0.1847,7.0
16:29:38,7267.2,7500.0,1.0113,0.0
16:29:38,7267.2,7510.0,0.0796,0.0
16:29:38,7267.2,7520.0,0.0003,0.0
16:29:38,7267.2,7525.0,0.273,3.0
16:29:38,7267.2,7530.0,0.0003,0.0
16:29:38,7267.2,7550.0,0.0089,1.0
16:29:38,7267.2,7570.0,0.0003,0.0
16:29:38,7267.2,7575.0,0.0006,0.0
16:29:38,7267.2,7580.0,0.0014,0.0
16:29:38,7267.2,7590.0,0.0,7.0
16:29:38,7267.2,7600.0,0.0005,0.0
16:29:38,7267.2,7625.0,0.0,1.0
16:29:38,7267.2,7925.0,-0.0,16.0
16:29:38,7267.2,8400.0,0.0,2.0
16:29:38,7267.2,8600.0,0.0,3.0
16:29:38,7267.2,8800.0,-0.0014,17.0
16:29:38,7267.2,9200.0,0.0,26.0
16:32:07,7261.13,1600.0,0.0,1.0
16:32:07,7261.13,2400.0,-0.0,1.0
16:32:07,7261.13,4400.0,-0.0,2.0
16:32:07,7261.13,5000.0,0.0,2.0
16:32:07,7261.13,5400.0,-0.0,2.0
16:32:07,7261.13,5850.0,-0.0,1.0
16:32:07,7261.13,6000.0,-0.0,20.0
16:32:07,7261.13,6010.0,-0.0,4.0
16:32:07,7261.13,6050.0,-0.0,1.0
16:32:07,7261.13,6075.0,-0.0,3.0
16:32:07,7261.13,6100.0,-0.0,7.0
16:32:07,7261.13,6175.0,-0.0,1.0
16:32:07,7261.13,6300.0,-0.0,1.0
16:32:07,7261.13,6400.0,-0.0,185.0
16:32:07,7261.13,6450.0,-0.0,1.0
16:32:07,7261.13,6495.0,-0.0,2.0
16:32:07,7261.13,6500.0,-0.0,1.0
16:32:07,7261.13,6510.0,-0.0,20.0
16:32:07,7261.13,6520.0,-0.0,14.0
16:32:07,7261.13,6540.0,0.0,20.0
16:32:07,7261.13,6550.0,-0.0,20.0
16:32:07,7261.13,6580.0,-0.0,2.0
16:32:07,7261.13,6590.0,-0.0,1.0
16:32:07,7261.13,6595.0,-0.0001,808.0
16:32:07,7261.13,6600.0,-0.0005,5.0
16:32:07,7261.13,6625.0,-0.0003,0.0
16:32:07,7261.13,6630.0,-0.0001,35.0
16:32:07,7261.13,6635.0,-0.0003,35.0
16:32:07,7261.13,6640.0,-0.0003,0.0
16:32:07,7261.13,6645.0,-0.0001,0.0
16:32:07,7261.13,6650.0,-0.0056,14.0
16:32:07,7261.13,6655.0,-0.0003,0.0
16:32:07,7261.13,6660.0,0.0006,509.0
16:32:07,7261.13,6665.0,-0.0006,0.0
16:32:07,7261.13,6670.0,0.0002,72.0
16:32:07,7261.13,6675.0,-0.0036,51.0
16:32:07,7261.13,6680.0,-0.0155,0.0
16:32:07,7261.13,6685.0,-0.0067,2.0
16:32:07,7261.13,6690.0,-0.0046,1.0
16:32:07,7261.13,6695.0,-0.0021,20.0
16:32:07,7261.13,6700.0,-0.0271,8.0
16:32:07,7261.13,6705.0,-0.0034,0.0
16:32:07,7261.13,6710.0,-0.0071,5.0
16:32:07,7261.13,6715.0,-0.0116,2.0
16:32:07,7261.13,6720.0,-0.0431,2.0
16:32:07,7261.13,6725.0,-0.0054,1.0
16:32:07,7261.13,6730.0,-0.0012,2.0
16:32:07,7261.13,6735.0,-0.0158,2.0
16:32:07,7261.13,6740.0,-0.0016,1.0
16:32:07,7261.13,6745.0,-0.012,0.0
16:32:07,7261.13,6750.0,-0.0642,37.0
16:32:07,7261.13,6755.0,-0.0666,45.0
16:32:07,7261.13,6760.0,0.0707,5.0
16:32:07,7261.13,6765.0,-0.038,9.0
16:32:07,7261.13,6770.0,-0.202,15.0
16:32:07,7261.13,6775.0,-0.1064,64.0
16:32:07,7261.13,6780.0,-0.0848,1.0
16:32:07,7261.13,6785.0,-0.0742,44.0
16:32:07,7261.13,6790.0,-0.2371,10.0
16:32:07,7261.13,6795.0,-0.2674,1.0
16:32:07,7261.13,6800.0,-2.7942,437.0
16:32:07,7261.13,6805.0,-0.3282,2.0
16:32:07,7261.13,6810.0,-0.6072,0.0
16:32:07,7261.13,6815.0,-0.3969,25.0
16:32:07,7261.13,6820.0,-2.8419,40.0
16:32:07,7261.13,6825.0,-3.7469,56.0
16:32:07,7261.13,6830.0,-0.4099,45.0
16:32:07,7261.13,6835.0,-0.8415,21.0
16:32:07,7261.13,6840.0,-1.0311,9.0
16:32:07,7261.13,6845.0,-0.5847,330.0
16:32:07,7261.13,6850.0,-8.6615,1240.0
16:32:07,7261.13,6855.0,-0.6712,722.0
16:32:07,7261.13,6860.0,-8.1875,723.0
16:32:07,7261.13,6865.0,-1.105,168.0
16:32:07,7261.13,6870.0,-1.4821,173.0
16:32:07,7261.13,6875.0,-9.4298,206.0
16:32:07,7261.13,6880.0,-0.9091,67.0
16:32:07,7261.13,6885.0,-7.4651,234.0
16:32:07,7261.13,6890.0,-5.7567,62.0
16:32:07,7261.13,6895.0,-3.8289,459.0
16:32:07,7261.13,6900.0,-20.4116,1008.0
16:32:07,7261.13,6905.0,-3.8543,830.0
16:32:07,7261.13,6910.0,1.8267,324.0
16:32:07,7261.13,6915.0,-4.1061,298.0
16:32:07,7261.13,6920.0,-12.2298,220.0
16:32:07,7261.13,6925.0,-14.1943,327.0
16:32:07,7261.13,6930.0,-2.3857,316.0
16:32:07,7261.13,6935.0,-2.853,72.0
16:32:07,7261.13,6940.0,-3.6422,249.0
16:32:07,7261.13,6945.0,-3.6122,104.0
16:32:07,7261.13,6950.0,-20.8835,734.0
16:32:07,7261.13,6955.0,-2.1643,21.0
16:32:07,7261.13,6960.0,-20.6892,65.0
16:32:07,7261.13,6965.0,-4.5817,143.0
16:32:07,7261.13,6970.0,-6.2692,143.0
16:32:07,7261.13,6975.0,-44.323,258.0
16:32:07,7261.13,6980.0,-10.0029,738.0
16:32:07,7261.13,6985.0,-34.6053,928.0
16:32:07,7261.13,6990.0,-5.1827,648.0
16:32:07,7261.13,6995.0,-7.4607,746.0
16:32:07,7261.13,7000.0,-20.5853,2355.0
16:32:07,7261.13,7005.0,-9.3875,1169.0
16:32:07,7261.13,7010.0,-15.5801,674.0
16:32:07,7261.13,7015.0,-13.7325,1248.0
16:32:07,7261.13,7020.0,-14.1933,1137.0
16:32:07,7261.13,7025.0,-7.5269,988.0
16:32:07,7261.13,7030.0,-17.2013,1363.0
16:32:07,7261.13,7035.0,-25.3909,1262.0
16:32:07,7261.13,7040.0,-11.1338,907.0
16:32:07,7261.13,7045.0,-9.972,1094.0
16:32:07,7261.13,7050.0,-51.7963,2965.0
16:32:07,7261.13,7055.0,-21.8588,3039.0
16:32:07,7261.13,7060.0,-23.5011,1791.0
16:32:07,7261.13,7065.0,-29.1562,1840.0
16:32:07,7261.13,7070.0,-24.2861,1982.0
16:32:07,7261.13,7075.0,-29.7749,1600.0
16:32:07,7261.13,7080.0,-39.4382,1404.0
16:32:07,7261.13,7085.0,-17.6257,1100.0
16:32:07,7261.13,7090.0,-30.3412,1140.0
16:32:07,7261.13,7095.0,-38.6403,2026.0
16:32:07,7261.13,7100.0,-67.812,3579.0
16:32:07,7261.13,7105.0,-8.7095,1696.0
16:32:07,7261.13,7110.0,-35.4891,2221.0
16:32:07,7261.13,7115.0,-19.6998,2507.0
16:32:07,7261.13,7120.0,-74.0461,3028.0
16:32:07,7261.13,7125.0,-18.796,2768.0
16:32:07,7261.13,7130.0,-73.9407,3722.0
16:32:07,7261.13,7135.0,-40.8615,2717.0
16:32:07,7261.13,7140.0,-72.0742,3741.0
16:32:07,7261.13,7145.0,-38.4361,2860.0
16:32:07,7261.13,7150.0,4.8935,8229.0
16:32:07,7261.13,7155.0,-25.3314,4975.0
16:32:07,7261.13,7160.0,-91.0677,8205.0
16:32:07,7261.13,7165.0,80.2269,3842.0
16:32:07,7261.13,7170.0,5.0553,5610.0
16:32:07,7261.13,7175.0,-96.5326,9973.0
16:32:07,7261.13,7180.0,117.5507,11027.0
16:32:07,7261.13,7185.0,-93.0828,5826.0
16:32:07,7261.13,7190.0,33.319,9328.0
16:32:07,7261.13,7195.0,42.309,8158.0
16:32:07,7261.13,7200.0,1714.7989,21713.0
16:32:07,7261.13,7205.0,112.5303,8917.0
16:32:07,7261.13,7210.0,198.9964,14234.0
16:32:07,7261.13,7215.0,265.5816,11010.0
16:32:07,7261.13,7220.0,486.9391,18832.0
16:32:07,7261.13,7225.0,584.6439,15342.0
16:32:07,7261.13,7230.0,1021.2656,20360.0
16:32:07,7261.13,7235.0,529.109,18036.0
16:32:07,7261.13,7240.0,1078.6914,28740.0
16:32:07,7261.13,7245.0,2391.4055,31987.0
16:32:07,7261.13,7250.0,4341.0505,42471.0
16:32:07,7261.13,7255.0,2000.3955,25610.0
16:32:07,7261.13,7260.0,1810.25,41304.0
16:32:07,7261.13,7265.0,1608.4459,36369.0
16:32:07,7261.13,7270.0,2114.5849,45123.0
16:32:07,7261.13,7275.0,6123.4502,40244.0
16:32:07,7261.13,7280.0,14294.0946,57518.0
16:32:07,7261.13,7285.0,5393.459,31980.0
16:32:07,7261.13,7290.0,7371.9062,34591.0
16:32:07,7261.13,7295.0,701.3652,17825.0
16:32:07,7261.13,7300.0,2113.2895,58620.0
16:32:07,7261.13,7305.0,631.6856,12080.0
16:32:07,7261.13,7310.0,1935.3031,11846.0
16:32:07,7261.13,7315.0,208.1439,5366.0
16:32:07,7261.13,7320.0,195.5487,5975.0
16:32:07,7261.13,7325.0,227.3762,5962.0
16:32:07,7261.13,7330.0,148.3422,2784.0
16:32:07,7261.13,7335.0,46.3377,3397.0
16:32:07,7261.13,7340.0,1900.0598,3143.0
16:32:07,7261.13,7345.0,27.3504,2062.0
16:32:07,7261.13,7350.0,480.6771,2925.0
16:32:07,7261.13,7355.0,59.9051,1866.0
16:32:07,7261.13,7360.0,81.4703,1683.0
16:32:07,7261.13,7365.0,7.8692,1448.0
16:32:07,7261.13,7370.0,35.4604,1885.0
16:32:07,7261.13,7375.0,120.4054,5334.0
16:32:07,7261.13,7380.0,24.7128,2427.0
16:32:07,7261.13,7385.0,8.1953,9423.0
16:32:07,7261.13,7390.0,21.466,1120.0
16:32:07,7261.13,7395.0,8.3368,626.0
16:32:07,7261.13,7400.0,25.9616,5752.0
16:32:07,7261.13,7405.0,5.2163,482.0
16:32:07,7261.13,7410.0,6.6337,347.0
16:32:07,7261.13,7415.0,9.3872,957.0
16:32:07,7261.13,7420.0,7.5824,550.0
16:32:07,7261.13,7425.0,14.9206,66.0
16:32:07,7261.13,7430.0,15.0566,24.0
16:32:07,7261.13,7440.0,1.623,90.0
16:32:07,7261.13,7450.0,3.0527,56.0
16:32:07,7261.13,7460.0,1.2751,5.0
16:32:07,7261.13,7470.0,1.925,24.0
16:32:07,7261.13,7475.0,2.0513,132.0
16:32:07,7261.13,7480.0,0.2801,25.0
16:32:07,7261.13,7490.0,0.1749,7.0
16:32:07,7261.13,7500.0,0.6853,0.0
16:32:07,7261.13,7510.0,0.0795,0.0
16:32:07,7261.13,7520.0,0.0003,0.0
16:32:07,7261.13,7525.0,0.2725,3.0
16:32:07,7261.13,7530.0,0.0003,0.0
16:32:07,7261.13,7550.0,0.0089,1.0
16:32:07,7261.13,7570.0,0.0002,0.0
16:32:07,7261.13,7575.0,0.0006,0.0
16:32:07,7261.13,7580.0,0.0008,0.0
16:32:07,7261.13,7590.0,0.0,7.0
16:32:07,7261.13,7600.0,0.0002,0.0
16:32:07,7261.13,7625.0,0.0,1.0
16:32:07,7261.13,7925.0,-0.0,16.0
16:32:07,7261.13,8400.0,0.0,2.0
16:32:07,7261.13,8600.0,0.0,3.0
16:32:07,7261.13,8800.0,0.0,17.0
16:32:07,7261.13,9200.0,0.0,26.0
16:34:36,7259.07,1600.0,0.0,1.0
16:34:36,7259.07,2400.0,-0.0,1.0
16:34:36,7259.07,4400.0,-0.0,2.0
16:34:36,7259.07,5000.0,0.0,2.0
16:34:36,7259.07,5400.0,-0.0,2.0
16:34:36,7259.07,5850.0,-0.0,1.0
16:34:36,7259.07,6000.0,-0.0,20.0
16:34:36,7259.07,6010.0,-0.0,4.0
16:34:36,7259.07,6050.0,-0.0,1.0
16:34:36,7259.07,6075.0,-0.0,3.0
16:34:36,7259.07,6100.0,-0.0,7.0
16:34:36,7259.07,6175.0,-0.0,1.0
16:34:36,7259.07,6300.0,-0.0,1.0
16:34:36,7259.07,6400.0,-0.0,111.0
16:34:36,7259.07,6450.0,-0.0,1.0
16:34:36,7259.07,6495.0,-0.0,2.0
16:34:36,7259.07,6500.0,-0.0,1.0
16:34:36,7259.07,6510.0,-0.0,20.0
16:34:36,7259.07,6520.0,-0.0,14.0
16:34:36,7259.07,6540.0,0.0,20.0
16:34:36,7259.07,6550.0,-0.0,20.0
16:34:36,7259.07,6580.0,-0.0001,2.0
16:34:36,7259.07,6590.0,-0.0,1.0
16:34:36,7259.07,6595.0,-0.0001,808.0
16:34:36,7259.07,6600.0,-0.0006,5.0
16:34:36,7259.07,6625.0,-0.0003,0.0
16:34:36,7259.07,6630.0,-0.0,35.0
16:34:36,7259.07,6635.0,-0.0005,35.0
16:34:36,7259.07,6640.0,-0.0003,0.0
16:34:36,7259.07,6645.0,-0.0002,0.0
16:34:36,7259.07,6650.0,-0.0065,14.0
16:34:36,7259.07,6655.0,-0.0004,0.0
16:34:36,7259.07,6660.0,0.0006,492.0
16:34:36,7259.07,6665.0,-0.0007,0.0
16:34:36,7259.07,6670.0,0.0001,74.0
16:34:36,7259.07,6675.0,-0.0041,51.0
16:34:36,7259.07,6680.0,-0.0171,0.0
16:34:36,7259.07,6685.0,-0.0067,2.0
16:34:36,7259.07,6690.0,-0.005,1.0
16:34:36,7259.07,6695.0,-0.0021,20.0
16:34:36,7259.07,6700.0,-0.0289,8.0
16:34:36,7259.07,6705.0,-0.0033,0.0
16:34:36,7259.07,6710.0,-0.0075,5.0
16:34:36,7259.07,6715.0,-0.0115,2.0
16:34:36,7259.07,6720.0,-0.045,2.0
16:34:36,7259.07,6725.0,-0.0191,1.0
16:34:36,7259.07,6730.0,-0.0065,2.0
16:34:36,7259.07,6735.0,-0.0157,2.0
16:34:36,7259.07,6740.0,-0.0076,1.0
16:34:36,7259.07,6745.0,-0.012,0.0
16:34:36,7259.07,6750.0,-0.1287,37.0
16:34:36,7259.07,6755.0,-0.0654,45.0
16:34:36,7259.07,6760.0,0.0472,5.0
16:34:36,7259.07,6765.0,-0.0376,9.0
16:34:36,7259.07,6770.0,-0.2022,15.0
16:34:36,7259.07,6775.0,-0.2242,64.0
16:34:36,7259.07,6780.0,-0.1685,1.0
16:34:36,7259.07,6785.0,-0.0718,44.0
16:34:36,7259.07,6790.0,-0.2852,10.0
16:34:36,7259.07,6795.0,-0.267,1.0
16:34:36,7259.07,6800.0,-3.3084,440.0
16:34:36,7259.07,6805.0,-0.3233,2.0
16:34:36,7259.07,6810.0,-0.6969,0.0
16:34:36,7259.07,6815.0,-0.4733,25.0
16:34:36,7259.07,6820.0,-2.6562,40.0
16:34:36,7259.07,6825.0,-3.4661,56.0
16:34:36,7259.07,6830.0,-0.3707,45.0
16:34:36,7259.07,6835.0,-1.0268,21.0
16:34:36,7259.07,6840.0,-0.9243,9.0
16:34:36,7259.07,6845.0,-0.5578,375.0
16:34:36,7259.07,6850.0,-7.7683,1427.0
16:34:36,7259.07,6855.0,-0.7833,725.0
16:34:36,7259.07,6860.0,-7.3585,723.0
16:34:36,7259.07,6865.0,-1.2847,168.0
16:34:36,7259.07,6870.0,-1.2913,176.0
16:34:36,7259.07,6875.0,-9.9066,206.0
16:34:36,7259.07,6880.0,-0.9796,67.0
16:34:36,7259.07,6885.0,-8.6062,235.0
16:34:36,7259.07,6890.0,-5.837,62.0
16:34:36,7259.07,6895.0,-3.8129,465.0
16:34:36,7259.07,6900.0,-18.4431,1012.0
16:34:36,7259.07,6905.0,-3.5273,830.0
16:34:36,7259.07,6910.0,2.0888,330.0
16:34:36,7259.07,6915.0,-3.7637,298.0
16:34:36,7259.07,6920.0,-12.1798,220.0
16:34:36,7259.07,6925.0,-13.0626,327.0
16:34:36,7259.07,6930.0,-1.9403,316.0
16:34:36,7259.07,6935.0,-2.5605,72.0
16:34:36,7259.07,6940.0,-3.2945,249.0
16:34:36,7259.07,6945.0,-3.3063,105.0
16:34:36,7259.07,6950.0,-18.9749,736.0
16:34:36,7259.07,6955.0,-2.4536,21.0
16:34:36,7259.07,6960.0,-19.1567,65.0
16:34:36,7259.07,6965.0,-5.1852,153.0
16:34:36,7259.07,6970.0,-5.4167,233.0
16:34:36,7259.07,6975.0,-40.8362,258.0
16:34:36,7259.07,6980.0,-9.1609,739.0
16:34:36,7259.07,6985.0,-38.856,928.0
16:34:36,7259.07,6990.0,-4.6562,660.0
16:34:36,7259.07,6995.0,-6.7254,745.0
16:34:36,7259.07,7000.0,-20.5736,2368.0
16:34:36,7259.07,7005.0,-9.796,1170.0
16:34:36,7259.07,7010.0,-17.634,681.0
16:34:36,7259.07,7015.0,-14.2989,1249.0
16:34:36,7259.07,7020.0,-16.0945,1186.0
16:34:36,7259.07,7025.0,-5.6635,990.0
16:34:36,7259.07,7030.0,-19.5159,1373.0
16:34:36,7259.07,7035.0,-24.6694,1270.0
16:34:36,7259.07,7040.0,-12.6238,908.0
16:34:36,7259.07,7045.0,-10.2356,1104.0
16:34:36,7259.07,7050.0,-44.708,2992.0
16:34:36,7259.07,7055.0,-22.0958,3039.0
16:34:36,7259.07,7060.0,-26.6259,1802.0
16:34:36,7259.07,7065.0,-29.0217,1855.0
16:34:36,7259.07,7070.0,-27.5981,1992.0
16:34:36,7259.07,7075.0,-27.3265,1610.0
16:34:36,7259.07,7080.0,-45.037,1440.0
16:34:36,7259.07,7085.0,-17.378,1109.0
16:34:36,7259.07,7090.0,-34.7899,1148.0
16:34:36,7259.07,7095.0,-41.9042,2028.0
16:34:36,7259.07,7100.0,-56.1446,3601.0
16:34:36,7259.07,7105.0,-9.3473,1714.0
16:34:36,7259.07,7110.0,-29.5016,2237.0
16:34:36,7259.07,7115.0,-18.6116,2539.0
16:34:36,7259.07,7120.0,-62.3516,3045.0
16:34:36,7259.07,7125.0,-35.973,2845.0
16:34:36,7259.07,7130.0,-78.3664,3728.0
16:34:36,7259.07,7135.0,-38.4488,2733.0
16:34:36,7259.07,7140.0,-77.4958,4042.0
16:34:36,7259.07,7145.0,-37.8236,3137.0
16:34:36,7259.07,7150.0,-18.3825,8387.0
16:34:36,7259.07,7155.0,-24.344,5075.0
16:34:36,7259.07,7160.0,-99.1262,8298.0
16:34:36,7259.07,7165.0,70.5993,3994.0
16:34:36,7259.07,7170.0,5.5539,5784.0
16:34:36,7259.07,7175.0,-111.3383,10133.0
16:34:36,7259.07,7180.0,91.1198,11238.0
16:34:36,7259.07,7185.0,-110.2684,5907.0
16:34:36,7259.07,7190.0,43.7399,9570.0
16:34:36,7259.07,7195.0,61.2022,8306.0
16:34:36,7259.07,7200.0,1589.9952,22241.0
16:34:36,7259.07,7205.0,151.5748,9501.0
16:34:36,7259.07,7210.0,221.7961,14744.0
16:34:36,7259.07,7215.0,309.5367,11342.0
16:34:36,7259.07,7220.0,638.0354,19724.0
16:34:36,7259.07,7225.0,676.3236,16095.0
16:34:36,7259.07,7230.0,1349.1342,21062.0
16:34:36,7259.07,7235.0,523.1442,18833.0
16:34:36,7259.07,7240.0,1426.4324,29993.0
16:34:36,7259.07,7245.0,2385.6288,33294.0
16:34:36,7259.07,7250.0,4333.783,43949.0
16:34:36,7259.07,7255.0,1996.8808,26745.0
16:34:36,7259.07,7260.0,1908.8125,44245.0
16:34:36,7259.07,7265.0,1607.4768,40017.0
16:34:36,7259.07,7270.0,2048.0451,47099.0
16:34:36,7259.07,7275.0,5458.7291,41548.0
16:34:36,7259.07,7280.0,12900.9978,59537.0
16:34:36,7259.07,7285.0,4478.7275,33655.0
16:34:36,7259.07,7290.0,6308.3224,35779.0
16:34:36,7259.07,7295.0,543.2529,18691.0
16:34:36,7259.07,7300.0,2116.5581,60404.0
16:34:36,7259.07,7305.0,394.1639,12533.0
16:34:36,7259.07,7310.0,1439.6047,12295.0
16:34:36,7259.07,7315.0,135.7378,5458.0
16:34:36,7259.07,7320.0,134.2377,6071.0
16:34:36,7259.07,7325.0,155.0898,5991.0
16:34:36,7259.07,7330.0,108.7913,3095.0
16:34:36,7259.07,7335.0,38.5963,3548.0
16:34:36,7259.07,7340.0,1356.5944,3190.0
16:34:36,7259.07,7345.0,23.4629,2083.0
16:34:36,7259.07,7350.0,480.5526,3019.0
16:34:36,7259.07,7355.0,52.9706,1956.0
16:34:36,7259.07,7360.0,60.4417,1704.0
16:34:36,7259.07,7365.0,7.1834,1453.0
16:34:36,7259.07,7370.0,35.4417,1891.0
16:34:36,7259.07,7375.0,120.3371,5369.0
16:34:36,7259.07,7380.0,23.6074,2430.0
16:34:36,7259.07,7385.0,7.8487,9429.0
16:34:36,7259.07,7390.0,20.5927,1121.0
16:34:36,7259.07,7395.0,8.037,626.0
16:34:36,7259.07,7400.0,25.9469,5763.0
16:34:36,7259.07,7405.0,5.381,493.0
16:34:36,7259.07,7410.0,6.6299,355.0
16:34:36,7259.07,7415.0,10.816,1103.0
16:34:36,7259.07,7420.0,7.5781,610.0
16:34:36,7259.07,7425.0,11.8724,66.0
16:34:36,7259.07,7430.0,15.0481,24.0
16:34:36,7259.07,7440.0,1.622,96.0
16:34:36,7259.07,7450.0,3.0509,56.0
16:34:36,7259.07,7460.0,1.0494,5.0
16:34:36,7259.07,7470.0,1.5285,29.0
16:34:36,7259.07,7475.0,1.3907,132.0
16:34:36,7259.07,7480.0,0.2254,25.0
16:34:36,7259.07,7490.0,0.1371,8.0
16:34:36,7259.07,7500.0,0.6849,0.0
16:34:36,7259.07,7510.0,0.0448,0.0
16:34:36,7259.07,7520.0,0.0001,0.0
16:34:36,7259.07,7525.0,0.2723,3.0
16:34:36,7259.07,7530.0,0.0001,0.0
16:34:36,7259.07,7550.0,0.0041,2.0
16:34:36,7259.07,7570.0,0.0001,0.0
16:34:36,7259.07,7575.0,0.0006,0.0
16:34:36,7259.07,7580.0,0.0005,0.0
16:34:36,7259.07,7590.0,0.0,7.0
16:34:36,7259.07,7600.0,0.0002,0.0
16:34:36,7259.07,7625.0,0.0,1.0
16:34:36,7259.07,7925.0,-0.0,16.0
16:34:36,7259.07,8400.0,0.0,2.0
16:34:36,7259.07,8600.0,0.0,3.0
16:34:36,7259.07,8800.0,0.0,17.0
16:34:36,7259.07,9200.0,0.0,26.0
16:37:06,7250.69,1600.0,0.0002,1.0
16:37:06,7250.69,2400.0,-0.0,1.0
16:37:06,7250.69,4400.0,-0.0,2.0
16:37:06,7250.69,5000.0,0.0,2.0
16:37:06,7250.69,5400.0,0.0,2.0
16:37:06,7250.69,5850.0,-0.0,1.0
16:37:06,7250.69,6000.0,-0.0,20.0
16:37:06,7250.69,6010.0,-0.0,4.0
16:37:06,7250.69,6050.0,-0.0,1.0
16:37:06,7250.69,6075.0,-0.0,3.0
16:37:06,7250.69,6100.0,-0.0,7.0
16:37:06,7250.69,6175.0,-0.0,1.0
16:37:06,7250.69,6300.0,-0.0,1.0
16:37:06,7250.69,6400.0,-0.0,111.0
16:37:06,7250.69,6450.0,-0.0,1.0
16:37:06,7250.69,6460.0,-0.0,70.0
16:37:06,7250.69,6495.0,-0.0,2.0
16:37:06,7250.69,6500.0,-0.0,71.0
16:37:06,7250.69,6510.0,-0.0,20.0
16:37:06,7250.69,6520.0,-0.0,14.0
16:37:06,7250.69,6540.0,-0.0,20.0
16:37:06,7250.69,6550.0,-0.0,20.0
16:37:06,7250.69,6580.0,-0.0001,2.0
16:37:06,7250.69,6590.0,-0.0001,1.0
16:37:06,7250.69,6595.0,-0.0002,808.0
16:37:06,7250.69,6600.0,-0.0005,5.0
16:37:06,7250.69,6625.0,-0.0002,0.0
16:37:06,7250.69,6630.0,-0.0002,35.0
16:37:06,7250.69,6635.0,-0.0007,35.0
16:37:06,7250.69,6640.0,-0.0004,0.0
16:37:06,7250.69,6645.0,-0.0002,0.0
16:37:06,7250.69,6650.0,-0.0063,14.0
16:37:06,7250.69,6655.0,-0.0005,0.0
16:37:06,7250.69,6660.0,0.0006,509.0
16:37:06,7250.69,6665.0,-0.0009,0.0
16:37:06,7250.69,6670.0,0.0006,74.0
16:37:06,7250.69,6675.0,-0.0035,51.0
16:37:06,7250.69,6680.0,-0.0166,0.0
16:37:06,7250.69,6685.0,-0.0126,2.0
16:37:06,7250.69,6690.0,-0.0049,1.0
16:37:06,7250.69,6695.0,-0.0038,20.0
16:37:06,7250.69,6700.0,-0.0245,11.0
16:37:06,7250.69,6705.0,-0.0059,0.0
16:37:06,7250.69,6710.0,-0.0074,5.0
16:37:06,7250.69,6715.0,-0.0197,2.0
16:37:06,7250.69,6720.0,-0.0449,2.0
16:37:06,7250.69,6725.0,-0.0158,1.0
16:37:06,7250.69,6730.0,-0.0049,2.0
16:37:06,7250.69,6735.0,-0.0252,2.0
16:37:06,7250.69,6740.0,-0.0076,1.0
16:37:06,7250.69,6745.0,-0.0186,0.0
16:37:06,7250.69,6750.0,-0.1186,37.0
16:37:06,7250.69,6755.0,-0.1014,45.0
16:37:06,7250.69,6760.0,0.047,5.0
16:37:06,7250.69,6765.0,-0.0558,9.0
16:37:06,7250.69,6770.0,-0.2017,15.0
16:37:06,7250.69,6775.0,-0.2788,69.0
16:37:06,7250.69,6780.0,-0.2097,1.0
16:37:06,7250.69,6785.0,-0.1049,44.0
16:37:06,7250.69,6790.0,-0.3377,10.0
16:37:06,7250.69,6795.0,-0.36,1.0
16:37:06,7250.69,6800.0,-3.8227,443.0
16:37:06,7250.69,6805.0,-0.4334,2.0
16:37:06,7250.69,6810.0,-0.8034,0.0
16:37:06,7250.69,6815.0,-0.5067,25.0
16:37:06,7250.69,6820.0,-3.0159,40.0
16:37:06,7250.69,6825.0,-3.9639,56.0
16:37:06,7250.69,6830.0,-0.4173,71.0
16:37:06,7250.69,6835.0,-1.0602,132.0
16:37:06,7250.69,6840.0,-1.0352,135.0
16:37:06,7250.69,6845.0,-0.5722,397.0
16:37:06,7250.69,6850.0,-8.6404,1431.0
16:37:06,7250.69,6855.0,-0.7078,725.0
16:37:06,7250.69,6860.0,-8.1402,723.0
16:37:06,7250.69,6865.0,-1.1548,168.0
16:37:06,7250.69,6870.0,-1.452,176.0
16:37:06,7250.69,6875.0,-9.8443,207.0
16:37:06,7250.69,6880.0,-0.9508,67.0
16:37:06,7250.69,6885.0,-7.8245,235.0
16:37:06,7250.69,6890.0,-5.1543,62.0
16:37:06,7250.69,6895.0,-3.8871,465.0
16:37:06,7250.69,6900.0,-18.1391,1013.0
16:37:06,7250.69,6905.0,-3.9487,830.0
16:37:06,7250.69,6910.0,1.9324,340.0
16:37:06,7250.69,6915.0,-4.2416,299.0
16:37:06,7250.69,6920.0,-12.6896,220.0
16:37:06,7250.69,6925.0,-12.874,327.0
16:37:06,7250.69,6930.0,-2.042,317.0
16:37:06,7250.69,6935.0,-2.974,76.0
16:37:06,7250.69,6940.0,-3.3269,252.0
16:37:06,7250.69,6945.0,-3.7659,110.0
16:37:06,7250.69,6950.0,-18.5225,745.0
16:37:06,7250.69,6955.0,-2.272,21.0
16:37:06,7250.69,6960.0,-19.1618,66.0
16:37:06,7250.69,6965.0,-4.7814,155.0
16:37:06,7250.69,6970.0,-5.5725,243.0
16:37:06,7250.69,6975.0,-40.4847,264.0
16:37:06,7250.69,6980.0,-9.1955,761.0
16:37:06,7250.69,6985.0,-36.0051,928.0
16:37:06,7250.69,6990.0,-4.7073,665.0
16:37:06,7250.69,6995.0,-6.7098,756.0
16:37:06,7250.69,7000.0,-17.2175,2411.0
16:37:06,7250.69,7005.0,-9.7734,1172.0
16:37:06,7250.69,7010.0,-16.2057,681.0
16:37:06,7250.69,7015.0,-14.266,1265.0
16:37:06,7250.69,7020.0,-14.7218,1202.0
16:37:06,7250.69,7025.0,-5.0994,1031.0
16:37:06,7250.69,7030.0,-17.79,1410.0
16:37:06,7250.69,7035.0,-26.2875,1285.0
16:37:06,7250.69,7040.0,-11.5213,956.0
16:37:06,7250.69,7045.0,-10.8224,1154.0
16:37:06,7250.69,7050.0,-41.7735,3050.0
16:37:06,7250.69,7055.0,-23.4423,3077.0
16:37:06,7250.69,7060.0,-24.7495,1839.0
16:37:06,7250.69,7065.0,-30.8509,1910.0
16:37:06,7250.69,7070.0,-25.9749,2006.0
16:37:06,7250.69,7075.0,-21.0838,1660.0
16:37:06,7250.69,7080.0,-42.73,1528.0
16:37:06,7250.69,7085.0,-18.777,1295.0
16:37:06,7250.69,7090.0,-32.9407,1236.0
16:37:06,7250.69,7095.0,-41.4795,2062.0
16:37:06,7250.69,7100.0,-52.3352,3741.0
16:37:06,7250.69,7105.0,-9.3258,1846.0
16:37:06,7250.69,7110.0,-34.4467,2540.0
16:37:06,7250.69,7115.0,-18.5686,2641.0
16:37:06,7250.69,7120.0,-75.3688,3200.0
16:37:06,7250.69,7125.0,-29.3178,3031.0
16:37:06,7250.69,7130.0,-96.437,4038.0
16:37:06,7250.69,7135.0,-34.356,2814.0
16:37:06,7250.69,7140.0,-89.3873,4163.0
16:37:06,7250.69,7145.0,-32.1107,3442.0
16:37:06,7250.69,7150.0,72.5975,8789.0
16:37:06,7250.69,7155.0,-16.605,5373.0
16:37:06,7250.69,7160.0,-98.8975,8576.0
16:37:06,7250.69,7165.0,129.9548,4499.0
16:37:06,7250.69,7170.0,5.5411,6609.0
16:37:06,7250.69,7175.0,-109.0345,10499.0
16:37:06,7250.69,7180.0,90.9095,12138.0
16:37:06,7250.69,7185.0,-136.0752,6196.0
16:37:06,7250.69,7190.0,43.6389,10259.0
16:37:06,7250.69,7195.0,44.5521,8921.0
16:37:06,7250.69,7200.0,2366.5398,23372.0
16:37:06,7250.69,7205.0,131.0019,9773.0
16:37:06,7250.69,7210.0,265.1855,15990.0
16:37:06,7250.69,7215.0,290.4192,11913.0
16:37:06,7250.69,7220.0,636.5631,21841.0
16:37:06,7250.69,7225.0,933.8132,17602.0
16:37:06,7250.69,7230.0,1546.6224,23299.0
16:37:06,7250.69,7235.0,625.3845,19709.0
16:37:06,7250.69,7240.0,1500.2512,32182.0
16:37:06,7250.69,7245.0,2733.943,34065.0
16:37:06,7250.69,7250.0,4639.3,46651.0
16:37:06,7250.69,7255.0,2155.5701,28194.0
16:37:06,7250.69,7260.0,1902.2574,48401.0
16:37:06,7250.69,7265.0,1593.3365,42489.0
16:37:06,7250.69,7270.0,1883.4668,49101.0
16:37:06,7250.69,7275.0,3952.6123,43079.0
16:37:06,7250.69,7280.0,10610.5703,62529.0
16:37:06,7250.69,7285.0,4468.3928,34856.0
16:37:06,7250.69,7290.0,4544.3697,37390.0
16:37:06,7250.69,7295.0,543.4404,19281.0
16:37:06,7250.69,7300.0,1251.8614,61887.0
16:37:06,7250.69,7305.0,393.353,12765.0
16:37:06,7250.69,7310.0,1136.18,12551.0
16:37:06,7250.69,7315.0,135.4632,5765.0
16:37:06,7250.69,7320.0,115.5272,6200.0
16:37:06,7250.69,7325.0,142.0973,6298.0
16:37:06,7250.69,7330.0,78.8127,3156.0
16:37:06,7250.69,7335.0,38.5466,3567.0
16:37:06,7250.69,7340.0,998.8116,3302.0
16:37:06,7250.69,7345.0,23.4087,2104.0
16:37:06,7250.69,7350.0,311.4342,3074.0
16:37:06,7250.69,7355.0,52.7693,1967.0
16:37:06,7250.69,7360.0,44.2821,1712.0
16:37:06,7250.69,7365.0,7.1737,1466.0
16:37:06,7250.69,7370.0,20.3721,1911.0
16:37:06,7250.69,7375.0,91.0564,5389.0
16:37:06,7250.69,7380.0,23.553,2445.0
16:37:06,7250.69,7385.0,7.8372,9436.0
16:37:06,7250.69,7390.0,20.5452,1121.0
16:37:06,7250.69,7395.0,6.4838,629.0
16:37:06,7250.69,7400.0,21.1297,5793.0
16:37:06,7250.69,7405.0,4.2495,497.0
16:37:06,7250.69,7410.0,6.6146,376.0
16:37:06,7250.69,7415.0,7.8568,1104.0
16:37:06,7250.69,7420.0,7.5606,610.0
16:37:06,7250.69,7425.0,11.845,66.0
16:37:06,7250.69,7430.0,15.0134,24.0
16:37:06,7250.69,7440.0,1.243,96.0
16:37:06,7250.69,7450.0,2.2644,56.0
16:37:06,7250.69,7460.0,0.9132,5.0
16:37:06,7250.69,7470.0,1.3234,29.0
16:37:06,7250.69,7475.0,1.3917,6.0
16:37:06,7250.69,7480.0,0.1939,25.0
16:37:06,7250.69,7490.0,0.1368,8.0
16:37:06,7250.69,7500.0,0.3982,0.0
16:37:06,7250.69,7510.0,0.0447,0.0
16:37:06,7250.69,7520.0,0.0001,0.0
16:37:06,7250.69,7525.0,0.2717,3.0
16:37:06,7250.69,7530.0,0.0001,0.0
16:37:06,7250.69,7550.0,0.0041,2.0
16:37:06,7250.69,7575.0,0.0006,0.0
16:37:06,7250.69,7580.0,0.0003,0.0
16:37:06,7250.69,7590.0,0.0,7.0
16:37:06,7250.69,7625.0,0.0,1.0
16:37:06,7250.69,7925.0,-0.0,16.0
16:37:06,7250.69,8400.0,0.0,2.0
16:37:06,7250.69,8600.0,0.0,3.0
16:37:06,7250.69,8800.0,0.0,17.0
16:37:06,7250.69,9000.0,-0.0268,0.0
16:37:06,7250.69,9200.0,0.0,26.0
16:39:35,7249.08,1600.0,0.0,1.0
16:39:35,7249.08,2400.0,-0.0,1.0
16:39:35,7249.08,4400.0,-0.0,2.0
16:39:35,7249.08,5000.0,-0.0,2.0
16:39:35,7249.08,5400.0,-0.0,2.0
16:39:35,7249.08,5850.0,-0.0,1.0
16:39:35,7249.08,6000.0,-0.0,20.0
16:39:35,7249.08,6010.0,-0.0,4.0
16:39:35,7249.08,6050.0,-0.0,1.0
16:39:35,7249.08,6075.0,-0.0,3.0
16:39:35,7249.08,6100.0,-0.0,7.0
16:39:35,7249.08,6175.0,-0.0,1.0
16:39:35,7249.08,6300.0,-0.0,1.0
16:39:35,7249.08,6400.0,-0.0,111.0
16:39:35,7249.08,6450.0,-0.0,1.0
16:39:35,7249.08,6460.0,-0.0,70.0
16:39:35,7249.08,6480.0,-0.0,1.0
16:39:35,7249.08,6495.0,-0.0,2.0
16:39:35,7249.08,6500.0,-0.0,71.0
16:39:35,7249.08,6510.0,-0.0,20.0
16:39:35,7249.08,6520.0,-0.0,14.0
16:39:35,7249.08,6540.0,-0.0,20.0
16:39:35,7249.08,6550.0,-0.0,20.0
16:39:35,7249.08,6580.0,-0.0001,2.0
16:39:35,7249.08,6590.0,-0.0001,1.0
16:39:35,7249.08,6595.0,-0.0003,808.0
16:39:35,7249.08,6600.0,-0.0005,5.0
16:39:35,7249.08,6625.0,-0.0002,0.0
16:39:35,7249.08,6630.0,-0.0,35.0
16:39:35,7249.08,6635.0,-0.0007,35.0
16:39:35,7249.08,6640.0,-0.0004,0.0
16:39:35,7249.08,6645.0,-0.0002,0.0
16:39:35,7249.08,6650.0,-0.0063,15.0
16:39:35,7249.08,6655.0,-0.0005,0.0
16:39:35,7249.08,6660.0,0.0006,509.0
16:39:35,7249.08,6665.0,-0.0009,0.0
16:39:35,7249.08,6670.0,0.0005,74.0
16:39:35,7249.08,6675.0,-0.0047,51.0
16:39:35,7249.08,6680.0,-0.0206,0.0
16:39:35,7249.08,6685.0,-0.0116,2.0
16:39:35,7249.08,6690.0,-0.0059,1.0
16:39:35,7249.08,6695.0,-0.0034,20.0
16:39:35,7249.08,6700.0,-0.0312,11.0
16:39:35,7249.08,6705.0,-0.0053,0.0
16:39:35,7249.08,6710.0,-0.0081,5.0
16:39:35,7249.08,6715.0,-0.0173,2.0
16:39:35,7249.08,6720.0,-0.0484,2.0
16:39:35,7249.08,6725.0,-0.0187,1.0
16:39:35,7249.08,6730.0,-0.0059,2.0
16:39:35,7249.08,6735.0,-0.0217,2.0
16:39:35,7249.08,6740.0,-0.0067,1.0
16:39:35,7249.08,6745.0,-0.0158,1.0
16:39:35,7249.08,6750.0,-0.1239,38.0
16:39:35,7249.08,6755.0,-0.0841,45.0
16:39:35,7249.08,6760.0,0.0662,5.0
16:39:35,7249.08,6765.0,-0.046,9.0
16:39:35,7249.08,6770.0,-0.1978,15.0
16:39:35,7249.08,6775.0,-0.2674,69.0
16:39:35,7249.08,6780.0,-0.2016,1.0
16:39:35,7249.08,6785.0,-0.083,44.0
16:39:35,7249.08,6790.0,-0.3336,10.0
16:39:35,7249.08,6795.0,-0.2909,1.0
16:39:35,7249.08,6800.0,-3.8463,441.0
16:39:35,7249.08,6805.0,-0.343,2.0
16:39:35,7249.08,6810.0,-0.7983,0.0
16:39:35,7249.08,6815.0,-0.4027,25.0
16:39:35,7249.08,6820.0,-3.0061,40.0
16:39:35,7249.08,6825.0,-3.9371,56.0
16:39:35,7249.08,6830.0,-0.4082,71.0
16:39:35,7249.08,6835.0,-0.8338,132.0
16:39:35,7249.08,6840.0,-0.7501,205.0
16:39:35,7249.08,6845.0,-0.5719,397.0
16:39:35,7249.08,6850.0,-8.5733,1526.0
16:39:35,7249.08,6855.0,-0.7075,725.0
16:39:35,7249.08,6860.0,-8.1194,733.0
16:39:35,7249.08,6865.0,-1.1543,181.0
16:39:35,7249.08,6870.0,-1.4274,179.0
16:39:35,7249.08,6875.0,-9.7811,207.0
16:39:35,7249.08,6880.0,-0.9062,67.0
16:39:35,7249.08,6885.0,-7.821,235.0
16:39:35,7249.08,6890.0,-5.2927,62.0
16:39:35,7249.08,6895.0,-3.3698,465.0
16:39:35,7249.08,6900.0,-17.5862,1013.0
16:39:35,7249.08,6905.0,-3.4888,830.0
16:39:35,7249.08,6910.0,1.9315,340.0
16:39:35,7249.08,6915.0,-3.7914,301.0
16:39:35,7249.08,6920.0,-11.4435,220.0
16:39:35,7249.08,6925.0,-12.4944,327.0
16:39:35,7249.08,6930.0,-2.4675,319.0
16:39:35,7249.08,6935.0,-2.6438,76.0
16:39:35,7249.08,6940.0,-3.7976,252.0
16:39:35,7249.08,6945.0,-3.3863,110.0
16:39:35,7249.08,6950.0,-17.4044,746.0
16:39:35,7249.08,6955.0,-2.2709,21.0
16:39:35,7249.08,6960.0,-21.3531,66.0
16:39:35,7249.08,6965.0,-4.7792,156.0
16:39:35,7249.08,6970.0,-6.3618,246.0
16:39:35,7249.08,6975.0,-39.8213,277.0
16:39:35,7249.08,6980.0,-10.0947,767.0
16:39:35,7249.08,6985.0,-35.9891,937.0
16:39:35,7249.08,6990.0,-5.1725,681.0
16:39:35,7249.08,6995.0,-6.801,757.0
16:39:35,7249.08,7000.0,-15.82,2449.0
16:39:35,7249.08,7005.0,-10.0969,1174.0
16:39:35,7249.08,7010.0,-16.1237,699.0
16:39:35,7249.08,7015.0,-14.9498,1306.0
16:39:35,7249.08,7020.0,-14.6107,1225.0
16:39:35,7249.08,7025.0,-3.8525,1039.0
16:39:35,7249.08,7030.0,-17.5773,1442.0
16:39:35,7249.08,7035.0,-28.0499,1291.0
16:39:35,7249.08,7040.0,-11.3531,984.0
16:39:35,7249.08,7045.0,-11.7942,1164.0
16:39:35,7249.08,7050.0,-42.4909,3118.0
16:39:35,7249.08,7055.0,-25.4871,3105.0
16:39:35,7249.08,7060.0,-24.7385,1895.0
16:39:35,7249.08,7065.0,-33.175,1938.0
16:39:35,7249.08,7070.0,-25.9634,2023.0
16:39:35,7249.08,7075.0,-21.4488,1696.0
16:39:35,7249.08,7080.0,-42.711,1568.0
16:39:35,7249.08,7085.0,-19.9088,1321.0
16:39:35,7249.08,7090.0,-32.9261,1269.0
16:39:35,7249.08,7095.0,-43.7036,2199.0
16:39:35,7249.08,7100.0,-50.7429,3784.0
16:39:35,7249.08,7105.0,-10.1254,1907.0
16:39:35,7249.08,7110.0,-32.9003,2661.0
16:39:35,7249.08,7115.0,-23.1338,2844.0
16:39:35,7249.08,7120.0,-73.2861,3292.0
16:39:35,7249.08,7125.0,-22.8283,3104.0
16:39:35,7249.08,7130.0,-94.8685,4146.0
16:39:35,7249.08,7135.0,-50.0404,2907.0
16:39:35,7249.08,7140.0,-86.5749,4252.0
16:39:35,7249.08,7145.0,-50.2602,3560.0
16:39:35,7249.08,7150.0,94.8452,9251.0
16:39:35,7249.08,7155.0,-33.6655,5653.0
16:39:35,7249.08,7160.0,-135.8997,8869.0
16:39:35,7249.08,7165.0,77.2697,4755.0
16:39:35,7249.08,7170.0,-51.7258,6892.0
16:39:35,7249.08,7175.0,-108.9861,10883.0
16:39:35,7249.08,7180.0,52.986,12644.0
16:39:35,7249.08,7185.0,-107.4417,6709.0
16:39:35,7249.08,7190.0,28.4557,11086.0
16:39:35,7249.08,7195.0,85.7456,9419.0
16:39:35,7249.08,7200.0,2639.7493,26106.0
16:39:35,7249.08,7205.0,200.0229,10783.0
16:39:35,7249.08,7210.0,225.2884,17326.0
16:39:35,7249.08,7215.0,457.4676,13046.0
16:39:35,7249.08,7220.0,622.4345,23498.0
16:39:35,7249.08,7225.0,851.9,18850.0
16:39:35,7249.08,7230.0,1428.884,25738.0
16:39:35,7249.08,7235.0,791.7846,21275.0
16:39:35,7249.08,7240.0,1380.9763,35163.0
16:39:35,7249.08,7245.0,3183.519,36332.0
16:39:35,7249.08,7250.0,4283.5904,49812.0
16:39:35,7249.08,7255.0,2209.7774,31230.0
16:39:35,7249.08,7260.0,1672.9929,50371.0
16:39:35,7249.08,7265.0,1401.405,45100.0
16:39:35,7249.08,7270.0,1572.5025,51100.0
16:39:35,7249.08,7275.0,4108.151,44730.0
16:39:35,7249.08,7280.0,9005.0465,64409.0
16:39:35,7249.08,7285.0,3337.2957,36532.0
16:39:35,7249.08,7290.0,4214.5692,38540.0
16:39:35,7249.08,7295.0,366.8639,19966.0
16:39:35,7249.08,7300.0,1323.1578,62636.0
16:39:35,7249.08,7305.0,252.5193,13409.0
16:39:35,7249.08,7310.0,939.2034,12672.0
16:39:35,7249.08,7315.0,128.7356,5885.0
16:39:35,7249.08,7320.0,115.3507,6305.0
16:39:35,7249.08,7325.0,142.3455,6458.0
16:39:35,7249.08,7330.0,80.8402,3259.0
16:39:35,7249.08,7335.0,27.8104,3645.0
16:39:35,7249.08,7340.0,998.5721,3326.0
16:39:35,7249.08,7345.0,16.6683,2142.0
16:39:35,7249.08,7350.0,268.2968,3081.0
16:39:35,7249.08,7355.0,38.4438,2051.0
16:39:35,7249.08,7360.0,44.3689,1720.0
16:39:35,7249.08,7365.0,5.418,1476.0
16:39:35,7249.08,7370.0,20.3733,1913.0
16:39:35,7249.08,7375.0,101.0926,5396.0
16:39:35,7249.08,7380.0,14.2743,2466.0
16:39:35,7249.08,7385.0,6.2004,9542.0
16:39:35,7249.08,7390.0,12.9457,1175.0
16:39:35,7249.08,7395.0,6.5737,638.0
16:39:35,7249.08,7400.0,21.1203,5797.0
16:39:35,7249.08,7405.0,4.2733,500.0
16:39:35,7249.08,7410.0,4.1964,385.0
16:39:35,7249.08,7415.0,6.2194,1104.0
16:39:35,7249.08,7420.0,4.7156,612.0
16:39:35,7249.08,7425.0,11.8398,66.0
16:39:35,7249.08,7430.0,9.0638,24.0
16:39:35,7249.08,7440.0,0.9271,96.0
16:39:35,7249.08,7450.0,2.2634,56.0
16:39:35,7249.08,7460.0,0.6421,5.0
16:39:35,7249.08,7470.0,0.9032,29.0
16:39:35,7249.08,7475.0,1.3915,10.0
16:39:35,7249.08,7480.0,0.1282,25.0
16:39:35,7249.08,7490.0,0.1367,8.0
16:39:35,7249.08,7500.0,0.398,0.0
16:39:35,7249.08,7510.0,0.0447,0.0
16:39:35,7249.08,7520.0,0.0001,0.0
16:39:35,7249.08,7525.0,0.0724,3.0
16:39:35,7249.08,7530.0,0.0001,0.0
16:39:35,7249.08,7550.0,0.0041,2.0
16:39:35,7249.08,7580.0,0.0002,0.0
16:39:35,7249.08,7590.0,0.0,7.0
16:39:35,7249.08,7625.0,0.0,1.0
16:39:35,7249.08,7925.0,-0.0,16.0
16:39:35,7249.08,8400.0,0.0,2.0
16:39:35,7249.08,8600.0,0.0,3.0
16:39:35,7249.08,8800.0,0.0,17.0
16:39:35,7249.08,9000.0,-0.0262,0.0
16:39:35,7249.08,9200.0,0.0,26.0
16:42:04,7249.12,1600.0,0.0,1.0
16:42:04,7249.12,2400.0,-0.0,1.0
16:42:04,7249.12,4400.0,-0.0,2.0
16:42:04,7249.12,5000.0,-0.0,2.0
16:42:04,7249.12,5400.0,-0.0,2.0
16:42:04,7249.12,5850.0,-0.0,1.0
16:42:04,7249.12,6000.0,-0.0,20.0
16:42:04,7249.12,6010.0,-0.0,4.0
16:42:04,7249.12,6050.0,-0.0,1.0
16:42:04,7249.12,6075.0,-0.0,3.0
16:42:04,7249.12,6100.0,-0.0,7.0
16:42:04,7249.12,6175.0,-0.0,1.0
16:42:04,7249.12,6300.0,-0.0,1.0
16:42:04,7249.12,6400.0,-0.0,111.0
16:42:04,7249.12,6450.0,-0.0,1.0
16:42:04,7249.12,6460.0,-0.0,70.0
16:42:04,7249.12,6480.0,-0.0,1.0
16:42:04,7249.12,6495.0,-0.0,2.0
16:42:04,7249.12,6500.0,-0.0,71.0
16:42:04,7249.12,6510.0,-0.0,20.0
16:42:04,7249.12,6520.0,-0.0,14.0
16:42:04,7249.12,6540.0,-0.0,20.0
16:42:04,7249.12,6550.0,-0.0,20.0
16:42:04,7249.12,6580.0,-0.0001,2.0
16:42:04,7249.12,6590.0,-0.0001,1.0
16:42:04,7249.12,6595.0,-0.0003,808.0
16:42:04,7249.12,6600.0,-0.0005,5.0
16:42:04,7249.12,6625.0,-0.0003,0.0
16:42:04,7249.12,6630.0,-0.0,35.0
16:42:04,7249.12,6635.0,-0.0007,35.0
16:42:04,7249.12,6640.0,-0.0003,0.0
16:42:04,7249.12,6645.0,-0.0002,0.0
16:42:04,7249.12,6650.0,-0.0064,14.0
16:42:04,7249.12,6655.0,-0.0004,0.0
16:42:04,7249.12,6660.0,0.0005,492.0
16:42:04,7249.12,6665.0,-0.0008,0.0
16:42:04,7249.12,6670.0,0.0003,74.0
16:42:04,7249.12,6675.0,-0.0051,51.0
16:42:04,7249.12,6680.0,-0.0209,0.0
16:42:04,7249.12,6685.0,-0.01,2.0
16:42:04,7249.12,6690.0,-0.006,1.0
16:42:04,7249.12,6695.0,-0.003,20.0
16:42:04,7249.12,6700.0,-0.0312,11.0
16:42:04,7249.12,6705.0,-0.0045,0.0
16:42:04,7249.12,6710.0,-0.0081,5.0
16:42:04,7249.12,6715.0,-0.0147,2.0
16:42:04,7249.12,6720.0,-0.0484,2.0
16:42:04,7249.12,6725.0,-0.0187,1.0
16:42:04,7249.12,6730.0,-0.0059,2.0
16:42:04,7249.12,6735.0,-0.0181,2.0
16:42:04,7249.12,6740.0,-0.0067,1.0
16:42:04,7249.12,6745.0,-0.0132,3.0
16:42:04,7249.12,6750.0,-0.1239,38.0
16:42:04,7249.12,6755.0,-0.0697,45.0
16:42:04,7249.12,6760.0,0.0662,5.0
16:42:04,7249.12,6765.0,-0.0381,9.0
16:42:04,7249.12,6770.0,-0.1526,1.0
16:42:04,7249.12,6775.0,-0.2674,69.0
16:42:04,7249.12,6780.0,-0.2016,1.0
16:42:04,7249.12,6785.0,-0.0693,44.0
16:42:04,7249.12,6790.0,-0.3336,10.0
16:42:04,7249.12,6795.0,-0.242,1.0
16:42:04,7249.12,6800.0,-3.8464,441.0
16:42:04,7249.12,6805.0,-0.2887,2.0
16:42:04,7249.12,6810.0,-0.7984,0.0
16:42:04,7249.12,6815.0,-0.3404,25.0
16:42:04,7249.12,6820.0,-3.0061,42.0
16:42:04,7249.12,6825.0,-3.9371,56.0
16:42:04,7249.12,6830.0,-0.4082,71.0
16:42:04,7249.12,6835.0,-0.7243,132.0
16:42:04,7249.12,6840.0,-0.7501,205.0
16:42:04,7249.12,6845.0,-0.483,397.0
16:42:04,7249.12,6850.0,-5.6576,1569.0
16:42:04,7249.12,6855.0,-0.5561,725.0
16:42:04,7249.12,6860.0,-5.7285,733.0
16:42:04,7249.12,6865.0,-0.9268,182.0
16:42:04,7249.12,6870.0,-0.9274,183.0
16:42:04,7249.12,6875.0,-8.0154,207.0
16:42:04,7249.12,6880.0,-0.6882,67.0
16:42:04,7249.12,6885.0,-6.8533,235.0
16:42:04,7249.12,6890.0,-4.6976,62.0
16:42:04,7249.12,6895.0,-3.1846,465.0
16:42:04,7249.12,6900.0,-15.9229,1018.0
16:42:04,7249.12,6905.0,-3.3229,830.0
16:42:04,7249.12,6910.0,1.8405,331.0
16:42:04,7249.12,6915.0,-3.6326,301.0
16:42:04,7249.12,6920.0,-10.987,221.0
16:42:04,7249.12,6925.0,-12.1446,327.0
16:42:04,7249.12,6930.0,-2.0048,319.0
16:42:04,7249.12,6935.0,-2.5537,77.0
16:42:04,7249.12,6940.0,-3.2804,252.0
16:42:04,7249.12,6945.0,-3.2758,110.0
16:42:04,7249.12,6950.0,-16.9797,747.0
16:42:04,7249.12,6955.0,-2.2281,21.0
16:42:04,7249.12,6960.0,-18.7206,66.0
16:42:04,7249.12,6965.0,-4.6525,156.0
16:42:04,7249.12,6970.0,-5.4021,246.0
16:42:04,7249.12,6975.0,-38.2932,277.0
16:42:04,7249.12,6980.0,-8.8779,768.0
16:42:04,7249.12,6985.0,-34.7838,949.0
16:42:04,7249.12,6990.0,-4.5589,682.0
16:42:04,7249.12,6995.0,-6.5229,758.0
16:42:04,7249.12,7000.0,-15.0583,2458.0
16:42:04,7249.12,7005.0,-9.5773,1179.0
16:42:04,7249.12,7010.0,-15.9177,699.0
16:42:04,7249.12,7015.0,-14.0165,1309.0
16:42:04,7249.12,7020.0,-14.4392,1220.0
16:42:04,7249.12,7025.0,-3.4147,1042.0
16:42:04,7249.12,7030.0,-17.3204,1452.0
16:42:04,7249.12,7035.0,-25.5777,1307.0
16:42:04,7249.12,7040.0,-11.126,998.0
16:42:04,7249.12,7045.0,-10.7302,1166.0
16:42:04,7249.12,7050.0,-39.8264,3143.0
16:42:04,7249.12,7055.0,-22.897,3115.0
16:42:04,7249.12,7060.0,-23.8783,1916.0
16:42:04,7249.12,7065.0,-30.0981,2055.0
16:42:04,7249.12,7070.0,-25.3011,2025.0
16:42:04,7249.12,7075.0,-20.3317,1727.0
16:42:04,7249.12,7080.0,-42.1691,1605.0
16:42:04,7249.12,7085.0,-18.923,1333.0
16:42:04,7249.12,7090.0,-33.1763,1283.0
16:42:04,7249.12,7095.0,-42.6491,2205.0
16:42:04,7249.12,7100.0,-57.9054,3906.0
16:42:04,7249.12,7105.0,-10.0675,1927.0
16:42:04,7249.12,7110.0,-32.3556,2762.0
16:42:04,7249.12,7115.0,-22.7784,2852.0
16:42:04,7249.12,7120.0,-67.9312,3298.0
16:42:04,7249.12,7125.0,-31.0158,3125.0
16:42:04,7249.12,7130.0,-86.0207,4157.0
16:42:04,7249.12,7135.0,-51.5329,2978.0
16:42:04,7249.12,7140.0,-85.1993,4309.0
16:42:04,7249.12,7145.0,-50.3674,3609.0
16:42:04,7249.12,7150.0,5.2353,9398.0
16:42:04,7249.12,7155.0,-35.5845,5738.0
16:42:04,7249.12,7160.0,-117.8394,9050.0
16:42:04,7249.12,7165.0,103.4921,4925.0
16:42:04,7249.12,7170.0,7.1575,7202.0
16:42:04,7249.12,7175.0,-130.1191,11059.0
16:42:04,7249.12,7180.0,115.234,12927.0
16:42:04,7249.12,7185.0,-129.0365,7421.0
16:42:04,7249.12,7190.0,53.0873,11466.0
16:42:04,7249.12,7195.0,69.084,9875.0
16:42:04,7249.12,7200.0,2385.2003,27153.0
16:42:04,7249.12,7205.0,194.3601,11553.0
16:42:04,7249.12,7210.0,326.1063,18006.0
16:42:04,7249.12,7215.0,445.4281,14389.0
16:42:04,7249.12,7220.0,786.624,24448.0
16:42:04,7249.12,7225.0,891.3991,19559.0
16:42:04,7249.12,7230.0,1527.1206,26727.0
16:42:04,7249.12,7235.0,757.4229,22326.0
16:42:04,7249.12,7240.0,1443.3868,36323.0
16:42:04,7249.12,7245.0,2982.3445,38313.0
16:42:04,7249.12,7250.0,4392.6624,52159.0
16:42:04,7249.12,7255.0,2042.8445,33315.0
16:42:04,7249.12,7260.0,1629.3931,51952.0
16:42:04,7249.12,7265.0,1415.3313,46944.0
16:42:04,7249.12,7270.0,1451.2867,52305.0
16:42:04,7249.12,7275.0,3895.3315,45790.0
16:42:04,7249.12,7280.0,7817.6737,66360.0
16:42:04,7249.12,7285.0,2875.8426,37918.0
16:42:04,7249.12,7290.0,3474.8279,38980.0
16:42:04,7249.12,7295.0,367.5842,20598.0
16:42:04,7249.12,7300.0,1337.31,63273.0
16:42:04,7249.12,7305.0,252.5407,13731.0
16:42:04,7249.12,7310.0,848.611,12846.0
16:42:04,7249.12,7315.0,128.9143,5989.0
16:42:04,7249.12,7320.0,112.4565,6321.0
16:42:04,7249.12,7325.0,100.3043,6552.0
16:42:04,7249.12,7330.0,77.5557,3286.0
16:42:04,7249.12,7335.0,27.8362,3682.0
16:42:04,7249.12,7340.0,1020.6142,3384.0
16:42:04,7249.12,7345.0,16.6304,2220.0
16:42:04,7249.12,7350.0,299.6834,3094.0
16:42:04,7249.12,7355.0,29.1337,2068.0
16:42:04,7249.12,7360.0,46.835,1722.0
16:42:04,7249.12,7365.0,4.3116,1482.0
16:42:04,7249.12,7370.0,22.242,1916.0
16:42:04,7249.12,7375.0,91.477,5408.0
16:42:04,7249.12,7380.0,16.089,2499.0
16:42:04,7249.12,7385.0,5.524,9609.0
16:42:04,7249.12,7390.0,14.8572,1240.0
16:42:04,7249.12,7395.0,6.231,661.0
16:42:04,7249.12,7400.0,22.0377,5798.0
16:42:04,7249.12,7405.0,3.9303,503.0
16:42:04,7249.12,7410.0,4.7699,425.0
16:42:04,7249.12,7415.0,7.0007,1105.0
16:42:04,7249.12,7420.0,5.2728,612.0
16:42:04,7249.12,7425.0,9.1553,68.0
16:42:04,7249.12,7430.0,9.8147,30.0
16:42:04,7249.12,7440.0,0.9745,96.0
16:42:04,7249.12,7450.0,2.1769,56.0
16:42:04,7249.12,7460.0,0.6364,5.0
16:42:04,7249.12,7470.0,0.8715,29.0
16:42:04,7249.12,7475.0,0.8549,10.0
16:42:04,7249.12,7480.0,0.1197,25.0
16:42:04,7249.12,7490.0,0.1367,8.0
16:42:04,7249.12,7500.0,0.3424,0.0
16:42:04,7249.12,7510.0,0.0189,0.0
16:42:04,7249.12,7525.0,0.0697,3.0
16:42:04,7249.12,7530.0,0.0001,0.0
16:42:04,7249.12,7550.0,0.0015,2.0
16:42:04,7249.12,7580.0,0.0001,0.0
16:42:04,7249.12,7590.0,0.0,7.0
16:42:04,7249.12,7625.0,0.0,1.0
16:42:04,7249.12,7925.0,-0.0,16.0
16:42:04,7249.12,8400.0,0.0,2.0
16:42:04,7249.12,8600.0,0.0,3.0
16:42:04,7249.12,8800.0,0.0,17.0
16:42:04,7249.12,9000.0,-0.0254,0.0
16:42:04,7249.12,9200.0,0.0,26.0
16:46:38,7254.71,1600.0,0.0,1.0
16:46:38,7254.71,2400.0,-0.0,1.0
16:46:38,7254.71,4400.0,-0.0,2.0
16:46:38,7254.71,5000.0,-0.0,2.0
16:46:38,7254.71,5400.0,-0.0,2.0
16:46:38,7254.71,5850.0,-0.0,1.0
16:46:38,7254.71,6000.0,-0.0,20.0
16:46:38,7254.71,6010.0,-0.0,4.0
16:46:38,7254.71,6050.0,-0.0,1.0
16:46:38,7254.71,6100.0,-0.0,7.0
16:46:38,7254.71,6175.0,-0.0,1.0
16:46:38,7254.71,6300.0,-0.0,1.0
16:46:38,7254.71,6400.0,-0.0,111.0
16:46:38,7254.71,6450.0,-0.0,1.0
16:46:38,7254.71,6460.0,-0.0,70.0
16:46:38,7254.71,6480.0,-0.0,1.0
16:46:38,7254.71,6490.0,-0.0,1.0
16:46:38,7254.71,6495.0,-0.0,2.0
16:46:38,7254.71,6500.0,-0.0,71.0
16:46:38,7254.71,6510.0,-0.0,20.0
16:46:38,7254.71,6520.0,-0.0,14.0
16:46:38,7254.71,6540.0,-0.0,20.0
16:46:38,7254.71,6550.0,-0.0,20.0
16:46:38,7254.71,6580.0,-0.0001,2.0
16:46:38,7254.71,6590.0,-0.0001,1.0
16:46:38,7254.71,6595.0,-0.0002,808.0
16:46:38,7254.71,6600.0,-0.0005,5.0
16:46:38,7254.71,6625.0,-0.0003,0.0
16:46:38,7254.71,6630.0,-0.0003,35.0
16:46:38,7254.71,6635.0,-0.0004,35.0
16:46:38,7254.71,6640.0,-0.0004,0.0
16:46:38,7254.71,6645.0,-0.0001,0.0
16:46:38,7254.71,6650.0,-0.0064,14.0
16:46:38,7254.71,6655.0,-0.0003,0.0
16:46:38,7254.71,6660.0,0.0005,492.0
16:46:38,7254.71,6665.0,-0.0005,0.0
16:46:38,7254.71,6670.0,0.0003,74.0
16:46:38,7254.71,6675.0,-0.0051,51.0
16:46:38,7254.71,6680.0,-0.0209,0.0
16:46:38,7254.71,6685.0,-0.0101,2.0
16:46:38,7254.71,6690.0,-0.006,1.0
16:46:38,7254.71,6695.0,-0.003,20.0
16:46:38,7254.71,6700.0,-0.0313,11.0
16:46:38,7254.71,6705.0,-0.0045,0.0
16:46:38,7254.71,6710.0,-0.0081,5.0
16:46:38,7254.71,6715.0,-0.0147,2.0
16:46:38,7254.71,6720.0,-0.0485,2.0
16:46:38,7254.71,6725.0,-0.0187,1.0
16:46:38,7254.71,6730.0,-0.0059,2.0
16:46:38,7254.71,6735.0,-0.0181,2.0
16:46:38,7254.71,6740.0,-0.0067,1.0
16:46:38,7254.71,6745.0,-0.0132,3.0
16:46:38,7254.71,6750.0,-0.1241,38.0
16:46:38,7254.71,6755.0,-0.0698,45.0
16:46:38,7254.71,6760.0,0.0663,5.0
16:46:38,7254.71,6765.0,-0.0381,9.0
16:46:38,7254.71,6770.0,-0.1529,1.0
16:46:38,7254.71,6775.0,-0.2678,69.0
16:46:38,7254.71,6780.0,-0.2019,1.0
16:46:38,7254.71,6785.0,-0.0694,44.0
16:46:38,7254.71,6790.0,-0.3341,10.0
16:46:38,7254.71,6795.0,-0.2424,1.0
16:46:38,7254.71,6800.0,-3.8523,441.0
16:46:38,7254.71,6805.0,-0.2891,3.0
16:46:38,7254.71,6810.0,-0.7996,0.0
16:46:38,7254.71,6815.0,-0.3409,25.0
16:46:38,7254.71,6820.0,-3.0107,42.0
16:46:38,7254.71,6825.0,-3.9432,56.0
16:46:38,7254.71,6830.0,-0.4089,71.0
16:46:38,7254.71,6835.0,-0.7254,132.0
16:46:38,7254.71,6840.0,-0.7513,205.0
16:46:38,7254.71,6845.0,-0.4837,397.0
16:46:38,7254.71,6850.0,-5.6663,1815.0
16:46:38,7254.71,6855.0,-0.557,725.0
16:46:38,7254.71,6860.0,-5.7374,780.0
16:46:38,7254.71,6865.0,-0.9282,184.0
16:46:38,7254.71,6870.0,-0.9288,214.0
16:46:38,7254.71,6875.0,-8.0278,207.0
16:46:38,7254.71,6880.0,-0.6893,67.0
16:46:38,7254.71,6885.0,-6.8639,238.0
16:46:38,7254.71,6890.0,-4.7048,70.0
16:46:38,7254.71,6895.0,-3.1895,465.0
16:46:38,7254.71,6900.0,-15.9474,1037.0
16:46:38,7254.71,6905.0,-3.328,830.0
16:46:38,7254.71,6910.0,1.8434,331.0
16:46:38,7254.71,6915.0,-3.6382,301.0
16:46:38,7254.71,6920.0,-11.0039,221.0
16:46:38,7254.71,6925.0,-12.1634,327.0
16:46:38,7254.71,6930.0,-2.0079,319.0
16:46:38,7254.71,6935.0,-2.5576,77.0
16:46:38,7254.71,6940.0,-3.2855,252.0
16:46:38,7254.71,6945.0,-3.2808,110.0
16:46:38,7254.71,6950.0,-17.0059,761.0
16:46:38,7254.71,6955.0,-2.2315,21.0
16:46:38,7254.71,6960.0,-18.7495,66.0
16:46:38,7254.71,6965.0,-4.6597,156.0
16:46:38,7254.71,6970.0,-5.4105,246.0
16:46:38,7254.71,6975.0,-38.3522,292.0
16:46:38,7254.71,6980.0,-8.8916,768.0
16:46:38,7254.71,6985.0,-34.8374,964.0
16:46:38,7254.71,6990.0,-4.5659,693.0
16:46:38,7254.71,6995.0,-6.533,760.0
16:46:38,7254.71,7000.0,-15.0816,2485.0
16:46:38,7254.71,7005.0,-9.592,1181.0
16:46:38,7254.71,7010.0,-15.9423,755.0
16:46:38,7254.71,7015.0,-14.0381,1329.0
16:46:38,7254.71,7020.0,-14.4615,1231.0
16:46:38,7254.71,7025.0,-3.42,1072.0
16:46:38,7254.71,7030.0,-17.3471,1453.0
16:46:38,7254.71,7035.0,-25.7709,1308.0
16:46:38,7254.71,7040.0,-11.1432,1015.0
16:46:38,7254.71,7045.0,-10.7468,1232.0
16:46:38,7254.71,7050.0,-39.8878,3178.0
16:46:38,7254.71,7055.0,-22.9323,3122.0
16:46:38,7254.71,7060.0,-23.9151,1934.0
16:46:38,7254.71,7065.0,-30.1445,2059.0
16:46:38,7254.71,7070.0,-25.3402,2126.0
16:46:38,7254.71,7075.0,-23.7099,1782.0
16:46:38,7254.71,7080.0,-42.2341,1726.0
16:46:38,7254.71,7085.0,-18.9522,1368.0
16:46:38,7254.71,7090.0,-33.2275,1350.0
16:46:38,7254.71,7095.0,-42.7149,2215.0
16:46:38,7254.71,7100.0,-57.9947,3998.0
16:46:38,7254.71,7105.0,-10.083,1993.0
16:46:38,7254.71,7110.0,-32.4055,2762.0
16:46:38,7254.71,7115.0,-22.8136,2959.0
16:46:38,7254.71,7120.0,-68.036,3301.0
16:46:38,7254.71,7125.0,-31.0636,3156.0
16:46:38,7254.71,7130.0,-86.1534,4157.0
16:46:38,7254.71,7135.0,-51.6124,3082.0
16:46:38,7254.71,7140.0,-85.3307,4309.0
16:46:38,7254.71,7145.0,-50.4451,3714.0
16:46:38,7254.71,7150.0,5.2434,9497.0
16:46:38,7254.71,7155.0,-35.6394,5898.0
16:46:38,7254.71,7160.0,-118.0212,9229.0
16:46:38,7254.71,7165.0,103.6517,5384.0
16:46:38,7254.71,7170.0,7.1685,7654.0
16:46:38,7254.71,7175.0,-130.3199,11292.0
16:46:38,7254.71,7180.0,115.4118,14414.0
16:46:38,7254.71,7185.0,-140.9737,7823.0
16:46:38,7254.71,7190.0,53.1692,11938.0
16:46:38,7254.71,7195.0,67.6098,10300.0
16:46:38,7254.71,7200.0,2388.8804,28732.0
16:46:38,7254.71,7205.0,183.9958,12045.0
16:46:38,7254.71,7210.0,326.6094,18923.0
16:46:38,7254.71,7215.0,432.8129,15107.0
16:46:38,7254.71,7220.0,787.8377,25502.0
16:46:38,7254.71,7225.0,892.7744,20577.0
16:46:38,7254.71,7230.0,1529.4767,28128.0
16:46:38,7254.71,7235.0,810.6044,23126.0
16:46:38,7254.71,7240.0,1445.6137,38045.0
16:46:38,7254.71,7245.0,2985.49,39544.0
16:46:38,7254.71,7250.0,4399.4396,53713.0
16:46:38,7254.71,7255.0,2049.4728,34767.0
16:46:38,7254.71,7260.0,1631.907,54366.0
16:46:38,7254.71,7265.0,1418.8962,48584.0
16:46:38,7254.71,7270.0,1453.5258,55061.0
16:46:38,7254.71,7275.0,3901.3414,47221.0
16:46:38,7254.71,7280.0,7829.7352,68793.0
16:46:38,7254.71,7285.0,2611.4111,38853.0
16:46:38,7254.71,7290.0,3480.1891,39922.0
16:46:38,7254.71,7295.0,313.8149,20842.0
16:46:38,7254.71,7300.0,1339.3733,63277.0
16:46:38,7254.71,7305.0,260.9087,14391.0
16:46:38,7254.71,7310.0,849.9203,13027.0
16:46:38,7254.71,7315.0,81.908,6083.0
16:46:38,7254.71,7320.0,130.168,6909.0
16:46:38,7254.71,7325.0,100.4591,6832.0
16:46:38,7254.71,7330.0,77.6753,3365.0
16:46:38,7254.71,7335.0,19.9357,3710.0
16:46:38,7254.71,7340.0,1022.1889,3485.0
16:46:38,7254.71,7345.0,11.7816,2318.0
16:46:38,7254.71,7350.0,300.1457,3094.0
16:46:38,7254.71,7355.0,27.1714,2070.0
16:46:38,7254.71,7360.0,46.9073,1753.0
16:46:38,7254.71,7365.0,3.941,1487.0
16:46:38,7254.71,7370.0,22.2763,1954.0
16:46:38,7254.71,7375.0,91.6182,5408.0
16:46:38,7254.71,7380.0,16.1138,2549.0
16:46:38,7254.71,7385.0,4.9803,9624.0
16:46:38,7254.71,7390.0,14.8801,1498.0
16:46:38,7254.71,7395.0,5.6076,661.0
16:46:38,7254.71,7400.0,22.0717,5798.0
16:46:38,7254.71,7405.0,3.5405,503.0
16:46:38,7254.71,7410.0,4.7772,425.0
16:46:38,7254.71,7415.0,6.3268,1105.0
16:46:38,7254.71,7420.0,5.2805,613.0
16:46:38,7254.71,7425.0,9.1694,70.0
16:46:38,7254.71,7430.0,9.8302,31.0
16:46:38,7254.71,7440.0,0.9761,96.0
16:46:38,7254.71,7450.0,2.1803,56.0
16:46:38,7254.71,7460.0,0.6389,5.0
16:46:38,7254.71,7470.0,0.8733,29.0
16:46:38,7254.71,7475.0,0.8562,10.0
16:46:38,7254.71,7480.0,0.1199,25.0
16:46:38,7254.71,7490.0,0.0659,8.0
16:46:38,7254.71,7500.0,0.3429,0.0
16:46:38,7254.71,7510.0,0.0184,0.0
16:46:38,7254.71,7525.0,0.0698,3.0
16:46:38,7254.71,7550.0,0.0015,2.0
16:46:38,7254.71,7580.0,0.0001,0.0
16:46:38,7254.71,7590.0,0.0,7.0
16:46:38,7254.71,7625.0,0.0,1.0
16:46:38,7254.71,7925.0,-0.0,16.0
16:46:38,7254.71,8400.0,0.0,2.0
16:46:38,7254.71,8600.0,0.0,3.0
16:46:38,7254.71,8800.0,0.0,17.0
16:46:38,7254.71,9000.0,-0.0251,0.0
16:46:38,7254.71,9200.0,0.0,26.0
16:49:08,7254.05,1600.0,0.0,1.0
16:49:08,7254.05,2400.0,-0.0,1.0
16:49:08,7254.05,4400.0,-0.0,2.0
16:49:08,7254.05,5000.0,-0.0,2.0
16:49:08,7254.05,5400.0,-0.0,2.0
16:49:08,7254.05,5850.0,-0.0,1.0
16:49:08,7254.05,6000.0,-0.0,20.0
16:49:08,7254.05,6010.0,-0.0,4.0
16:49:08,7254.05,6050.0,-0.0,1.0
16:49:08,7254.05,6100.0,-0.0,7.0
16:49:08,7254.05,6175.0,-0.0,1.0
16:49:08,7254.05,6300.0,-0.0,1.0
16:49:08,7254.05,6400.0,-0.0,111.0
16:49:08,7254.05,6450.0,-0.0,1.0
16:49:08,7254.05,6460.0,-0.0,70.0
16:49:08,7254.05,6480.0,-0.0,1.0
16:49:08,7254.05,6490.0,-0.0,1.0
16:49:08,7254.05,6495.0,-0.0,2.0
16:49:08,7254.05,6500.0,-0.0,71.0
16:49:08,7254.05,6510.0,-0.0,20.0
16:49:08,7254.05,6520.0,-0.0,14.0
16:49:08,7254.05,6540.0,-0.0,20.0
16:49:08,7254.05,6550.0,-0.0,21.0
16:49:08,7254.05,6580.0,-0.0001,2.0
16:49:08,7254.05,6590.0,-0.0,1.0
16:49:08,7254.05,6595.0,-0.0002,808.0
16:49:08,7254.05,6600.0,-0.0005,5.0
16:49:08,7254.05,6625.0,-0.0003,0.0
16:49:08,7254.05,6630.0,-0.0,35.0
16:49:08,7254.05,6635.0,-0.0004,35.0
16:49:08,7254.05,6640.0,-0.0002,0.0
16:49:08,7254.05,6645.0,-0.0001,0.0
16:49:08,7254.05,6650.0,-0.0064,14.0
16:49:08,7254.05,6655.0,-0.0003,0.0
16:49:08,7254.05,6660.0,0.0003,492.0
16:49:08,7254.05,6665.0,-0.0005,0.0
16:49:08,7254.05,6670.0,0.0001,74.0
16:49:08,7254.05,6675.0,-0.0051,51.0
16:49:08,7254.05,6680.0,-0.0209,0.0
16:49:08,7254.05,6685.0,-0.0101,2.0
16:49:08,7254.05,6690.0,-0.006,1.0
16:49:08,7254.05,6695.0,-0.003,20.0
16:49:08,7254.05,6700.0,-0.0313,11.0
16:49:08,7254.05,6705.0,-0.0045,0.0
16:49:08,7254.05,6710.0,-0.0081,5.0
16:49:08,7254.05,6715.0,-0.0068,2.0
16:49:08,7254.05,6720.0,-0.0485,2.0
16:49:08,7254.05,6725.0,-0.0187,3.0
16:49:08,7254.05,6730.0,-0.0059,2.0
16:49:08,7254.05,6735.0,-0.0079,2.0
16:49:08,7254.05,6740.0,-0.0067,1.0
16:49:08,7254.05,6745.0,-0.0056,3.0
16:49:08,7254.05,6750.0,-0.1241,38.0
16:49:08,7254.05,6755.0,-0.0284,45.0
16:49:08,7254.05,6760.0,0.0663,5.0
16:49:08,7254.05,6765.0,-0.0154,9.0
16:49:08,7254.05,6770.0,-0.0442,1.0
16:49:08,7254.05,6775.0,-0.2677,72.0
16:49:08,7254.05,6780.0,-0.2019,1.0
16:49:08,7254.05,6785.0,-0.0264,44.0
16:49:08,7254.05,6790.0,-0.3622,10.0
16:49:08,7254.05,6795.0,-0.0956,1.0
16:49:08,7254.05,6800.0,-4.2398,441.0
16:49:08,7254.05,6805.0,-0.1119,3.0
16:49:08,7254.05,6810.0,-0.8422,0.0
16:49:08,7254.05,6815.0,-0.1349,25.0
16:49:08,7254.05,6820.0,-3.0986,42.0
16:49:08,7254.05,6825.0,-4.221,56.0
16:49:08,7254.05,6830.0,-0.5134,71.0
16:49:08,7254.05,6835.0,-0.2976,132.0
16:49:08,7254.05,6840.0,-0.9552,205.0
16:49:08,7254.05,6845.0,-0.4836,410.0
16:49:08,7254.05,6850.0,-6.5131,1837.0
16:49:08,7254.05,6855.0,-0.5569,754.0
16:49:08,7254.05,6860.0,-5.9626,780.0
16:49:08,7254.05,6865.0,-0.928,185.0
16:49:08,7254.05,6870.0,-1.2188,215.0
16:49:08,7254.05,6875.0,-8.5905,208.0
16:49:08,7254.05,6880.0,-1.037,68.0
16:49:08,7254.05,6885.0,-6.8626,238.0
16:49:08,7254.05,6890.0,-3.2077,70.0
16:49:08,7254.05,6895.0,-2.009,465.0
16:49:08,7254.05,6900.0,-15.9445,1036.0
16:49:08,7254.05,6905.0,-2.2665,830.0
16:49:08,7254.05,6910.0,1.3983,331.0
16:49:08,7254.05,6915.0,-2.6259,324.0
16:49:08,7254.05,6920.0,-8.3262,221.0
16:49:08,7254.05,6925.0,-12.1611,327.0
16:49:08,7254.05,6930.0,-2.301,319.0
16:49:08,7254.05,6935.0,-1.9369,77.0
16:49:08,7254.05,6940.0,-3.3896,249.0
16:49:08,7254.05,6945.0,-2.6966,110.0
16:49:08,7254.05,6950.0,-14.9875,796.0
16:49:08,7254.05,6955.0,-2.2614,56.0
16:49:08,7254.05,6960.0,-15.6418,73.0
16:49:08,7254.05,6965.0,-4.6589,156.0
16:49:08,7254.05,6970.0,-4.1995,246.0
16:49:08,7254.05,6975.0,-31.2947,292.0
16:49:08,7254.05,6980.0,-7.3895,769.0
16:49:08,7254.05,6985.0,-34.8311,964.0
16:49:08,7254.05,6990.0,-3.7184,694.0
16:49:08,7254.05,6995.0,-5.6324,760.0
16:49:08,7254.05,7000.0,-13.2427,2504.0
16:49:08,7254.05,7005.0,-8.4055,1188.0
16:49:08,7254.05,7010.0,-12.9195,755.0
16:49:08,7254.05,7015.0,-12.5249,1332.0
16:49:08,7254.05,7020.0,-11.7016,1236.0
16:49:08,7254.05,7025.0,-3.1191,1073.0
16:49:08,7254.05,7030.0,-14.0669,1471.0
16:49:08,7254.05,7035.0,-21.6232,1349.0
16:49:08,7254.05,7040.0,-11.1411,1045.0
16:49:08,7254.05,7045.0,-10.9697,1366.0
16:49:08,7254.05,7050.0,-35.6295,3412.0
16:49:08,7254.05,7055.0,-23.1678,3148.0
16:49:08,7254.05,7060.0,-23.9108,1959.0
16:49:08,7254.05,7065.0,-30.2997,2067.0
16:49:08,7254.05,7070.0,-25.3356,2138.0
16:49:08,7254.05,7075.0,-18.9651,1789.0
16:49:08,7254.05,7080.0,-42.2264,1730.0
16:49:08,7254.05,7085.0,-19.2509,1370.0
16:49:08,7254.05,7090.0,-33.2214,1356.0
16:49:08,7254.05,7095.0,-43.2382,2249.0
16:49:08,7254.05,7100.0,-43.0935,4056.0
16:49:08,7254.05,7105.0,-8.9033,2014.0
16:49:08,7254.05,7110.0,-33.7095,3258.0
16:49:08,7254.05,7115.0,-20.8347,3031.0
16:49:08,7254.05,7120.0,-69.5498,3336.0
16:49:08,7254.05,7125.0,-28.3254,3177.0
16:49:08,7254.05,7130.0,-87.8512,4225.0
16:49:08,7254.05,7135.0,-43.3586,3096.0
16:49:08,7254.05,7140.0,-89.7997,4371.0
16:49:08,7254.05,7145.0,-42.2666,3718.0
16:49:08,7254.05,7150.0,58.1712,9565.0
16:49:08,7254.05,7155.0,-29.6571,5935.0
16:49:08,7254.05,7160.0,-94.2288,9292.0
16:49:08,7254.05,7165.0,75.1611,5478.0
16:49:08,7254.05,7170.0,46.1147,7790.0
16:49:08,7254.05,7175.0,-133.9845,11385.0
16:49:08,7254.05,7180.0,138.2262,15042.0
16:49:08,7254.05,7185.0,-133.8191,9091.0
16:49:08,7254.05,7190.0,79.9923,12114.0
16:49:08,7254.05,7195.0,42.4283,10868.0
16:49:08,7254.05,7200.0,2528.9814,29331.0
16:49:08,7254.05,7205.0,119.2833,12730.0
16:49:08,7254.05,7210.0,402.8846,19215.0
16:49:08,7254.05,7215.0,432.7342,16114.0
16:49:08,7254.05,7220.0,812.9165,26077.0
16:49:08,7254.05,7225.0,892.612,20975.0
16:49:08,7254.05,7230.0,1378.0694,28815.0
16:49:08,7254.05,7235.0,816.9741,24119.0
16:49:08,7254.05,7240.0,1381.404,38940.0
16:49:08,7254.05,7245.0,3017.0331,41519.0
16:49:08,7254.05,7250.0,4396.3282,57590.0
16:49:08,7254.05,7255.0,2239.9206,37773.0
16:49:08,7254.05,7260.0,1859.2669,55560.0
16:49:08,7254.05,7265.0,1479.3668,50590.0
16:49:08,7254.05,7270.0,1741.4122,55906.0
16:49:08,7254.05,7275.0,3900.6316,47965.0
16:49:08,7254.05,7280.0,10009.3556,70173.0
16:49:08,7254.05,7285.0,2610.936,39954.0
16:49:08,7254.05,7290.0,4532.7583,40346.0
16:49:08,7254.05,7295.0,313.7578,21253.0
16:49:08,7254.05,7300.0,1335.9243,64565.0
16:49:08,7254.05,7305.0,260.8612,14579.0
16:49:08,7254.05,7310.0,1070.0914,13066.0
16:49:08,7254.05,7315.0,81.8931,6194.0
16:49:08,7254.05,7320.0,133.1543,6913.0
16:49:08,7254.05,7325.0,100.4408,6857.0
16:49:08,7254.05,7330.0,86.853,3398.0
16:49:08,7254.05,7335.0,19.932,3744.0
16:49:08,7254.05,7340.0,1075.9483,3508.0
16:49:08,7254.05,7345.0,11.7289,2378.0
16:49:08,7254.05,7350.0,299.8543,3271.0
16:49:08,7254.05,7355.0,27.1258,2078.0
16:49:08,7254.05,7360.0,48.3714,1754.0
16:49:08,7254.05,7365.0,3.9403,1488.0
16:49:08,7254.05,7370.0,22.9494,1961.0
16:49:08,7254.05,7375.0,104.3673,5428.0
16:49:08,7254.05,7380.0,16.6106,2564.0
16:49:08,7254.05,7385.0,4.959,9648.0
16:49:08,7254.05,7390.0,15.321,1500.0
16:49:08,7254.05,7395.0,7.4981,884.0
16:49:08,7254.05,7400.0,25.2466,5821.0
16:49:08,7254.05,7405.0,3.5539,505.0
16:49:08,7254.05,7410.0,5.2771,427.0
16:49:08,7254.05,7415.0,6.4232,1122.0
16:49:08,7254.05,7420.0,5.8221,613.0
16:49:08,7254.05,7425.0,9.1678,70.0
16:49:08,7254.05,7430.0,10.8783,31.0
16:49:08,7254.05,7440.0,1.0964,96.0
16:49:08,7254.05,7450.0,2.4892,56.0
16:49:08,7254.05,7460.0,0.7432,5.0
16:49:08,7254.05,7470.0,1.0336,29.0
16:49:08,7254.05,7475.0,0.8561,10.0
16:49:08,7254.05,7480.0,0.1439,25.0
16:49:08,7254.05,7490.0,0.0659,8.0
16:49:08,7254.05,7500.0,0.4015,0.0
16:49:08,7254.05,7510.0,0.0184,0.0
16:49:08,7254.05,7525.0,0.0698,3.0
16:49:08,7254.05,7550.0,0.0015,2.0
16:49:08,7254.05,7580.0,0.0001,0.0
16:49:08,7254.05,7590.0,0.0,7.0
16:49:08,7254.05,7625.0,0.0,1.0
16:49:08,7254.05,7925.0,-0.0,16.0
16:49:08,7254.05,8400.0,0.0,2.0
16:49:08,7254.05,8600.0,0.0,3.0
16:49:08,7254.05,8800.0,0.0,17.0
16:49:08,7254.05,9200.0,0.0,26.0
16:51:37,7251.64,1600.0,0.0,1.0
16:51:37,7251.64,2400.0,-0.0,1.0
16:51:37,7251.64,4400.0,-0.0,2.0
16:51:37,7251.64,5000.0,-0.0,2.0
16:51:37,7251.64,5400.0,-0.0,2.0
16:51:37,7251.64,5850.0,-0.0,1.0
16:51:37,7251.64,6000.0,-0.0,20.0
16:51:37,7251.64,6010.0,-0.0,4.0
16:51:37,7251.64,6050.0,-0.0,1.0
16:51:37,7251.64,6100.0,-0.0,7.0
16:51:37,7251.64,6175.0,-0.0,1.0
16:51:37,7251.64,6300.0,-0.0,1.0
16:51:37,7251.64,6400.0,-0.0,111.0
16:51:37,7251.64,6450.0,-0.0,1.0
16:51:37,7251.64,6460.0,-0.0,70.0
16:51:37,7251.64,6480.0,-0.0,1.0
16:51:37,7251.64,6490.0,-0.0,1.0
16:51:37,7251.64,6495.0,-0.0,2.0
16:51:37,7251.64,6500.0,-0.0,71.0
16:51:37,7251.64,6510.0,-0.0,20.0
16:51:37,7251.64,6520.0,-0.0,14.0
16:51:37,7251.64,6540.0,-0.0,20.0
16:51:37,7251.64,6550.0,-0.0,21.0
16:51:37,7251.64,6580.0,-0.0001,2.0
16:51:37,7251.64,6590.0,-0.0,1.0
16:51:37,7251.64,6595.0,-0.0001,808.0
16:51:37,7251.64,6600.0,-0.0005,5.0
16:51:37,7251.64,6625.0,-0.0003,0.0
16:51:37,7251.64,6630.0,-0.0,35.0
16:51:37,7251.64,6635.0,-0.0003,35.0
16:51:37,7251.64,6640.0,-0.0002,0.0
16:51:37,7251.64,6650.0,-0.0042,14.0
16:51:37,7251.64,6655.0,-0.0003,0.0
16:51:37,7251.64,6660.0,0.0003,509.0
16:51:37,7251.64,6665.0,-0.0005,0.0
16:51:37,7251.64,6670.0,0.0001,74.0
16:51:37,7251.64,6675.0,-0.0021,51.0
16:51:37,7251.64,6680.0,-0.0088,0.0
16:51:37,7251.64,6685.0,-0.0042,2.0
16:51:37,7251.64,6690.0,-0.0022,1.0
16:51:37,7251.64,6695.0,-0.0012,20.0
16:51:37,7251.64,6700.0,-0.013,11.0
16:51:37,7251.64,6705.0,-0.0017,0.0
16:51:37,7251.64,6710.0,-0.0031,5.0
16:51:37,7251.64,6715.0,-0.0055,2.0
16:51:37,7251.64,6720.0,-0.0174,2.0
16:51:37,7251.64,6725.0,-0.0071,3.0
16:51:37,7251.64,6730.0,-0.0023,2.0
16:51:37,7251.64,6735.0,-0.0063,2.0
16:51:37,7251.64,6740.0,-0.0026,1.0
16:51:37,7251.64,6745.0,-0.0044,3.0
16:51:37,7251.64,6750.0,-0.041,38.0
16:51:37,7251.64,6755.0,-0.0228,45.0
16:51:37,7251.64,6760.0,0.0142,5.0
16:51:37,7251.64,6765.0,-0.0122,9.0
16:51:37,7251.64,6770.0,-0.0575,1.0
16:51:37,7251.64,6775.0,-0.0634,72.0
16:51:37,7251.64,6780.0,-0.0472,1.0
16:51:37,7251.64,6785.0,-0.0217,44.0
16:51:37,7251.64,6790.0,-0.0778,10.0
16:51:37,7251.64,6795.0,-0.0759,1.0
16:51:37,7251.64,6800.0,-0.8916,441.0
16:51:37,7251.64,6805.0,-0.0916,3.0
16:51:37,7251.64,6810.0,-0.187,0.0
16:51:37,7251.64,6815.0,-0.1105,25.0
16:51:37,7251.64,6820.0,-0.722,42.0
16:51:37,7251.64,6825.0,-0.9594,56.0
16:51:37,7251.64,6830.0,-0.1001,71.0
16:51:37,7251.64,6835.0,-0.2554,132.0
16:51:37,7251.64,6840.0,-0.2641,288.0
16:51:37,7251.64,6845.0,-0.1805,417.0
16:51:37,7251.64,6850.0,-2.388,1847.0
16:51:37,7251.64,6855.0,-0.2224,772.0
16:51:37,7251.64,6860.0,-2.4545,780.0
16:51:37,7251.64,6865.0,-0.4,185.0
16:51:37,7251.64,6870.0,-0.4654,215.0
16:51:37,7251.64,6875.0,-3.9848,208.0
16:51:37,7251.64,6880.0,-0.4241,68.0
16:51:37,7251.64,6885.0,-3.7548,238.0
16:51:37,7251.64,6890.0,-3.2641,78.0
16:51:37,7251.64,6895.0,-1.9727,465.0
16:51:37,7251.64,6900.0,-11.2709,1036.0
16:51:37,7251.64,6905.0,-2.2846,830.0
16:51:37,7251.64,6910.0,1.2472,331.0
16:51:37,7251.64,6915.0,-2.7126,328.0
16:51:37,7251.64,6920.0,-8.4871,222.0
16:51:37,7251.64,6925.0,-10.1827,327.0
16:51:37,7251.64,6930.0,-2.2762,319.0
16:51:37,7251.64,6935.0,-2.1374,77.0
16:51:37,7251.64,6940.0,-2.8072,252.0
16:51:37,7251.64,6945.0,-2.6769,110.0
16:51:37,7251.64,6950.0,-16.3565,796.0
16:51:37,7251.64,6955.0,-2.0266,56.0
16:51:37,7251.64,6960.0,-17.3492,74.0
16:51:37,7251.64,6965.0,-4.3878,157.0
16:51:37,7251.64,6970.0,-5.1713,246.0
16:51:37,7251.64,6975.0,-37.8689,367.0
16:51:37,7251.64,6980.0,-8.6846,769.0
16:51:37,7251.64,6985.0,-34.2475,968.0
16:51:37,7251.64,6990.0,-4.5055,706.0
16:51:37,7251.64,6995.0,-6.4568,767.0
16:51:37,7251.64,7000.0,-16.6034,2509.0
16:51:37,7251.64,7005.0,-9.4816,1188.0
16:51:37,7251.64,7010.0,-15.7607,760.0
16:51:37,7251.64,7015.0,-13.8905,1335.0
16:51:37,7251.64,7020.0,-14.3324,1231.0
16:51:37,7251.64,7025.0,-4.9999,1081.0
16:51:37,7251.64,7030.0,-17.2681,1539.0
16:51:37,7251.64,7035.0,-25.6598,1354.0
16:51:37,7251.64,7040.0,-11.1551,1093.0
16:51:37,7251.64,7045.0,-9.8993,1369.0
16:51:37,7251.64,7050.0,-43.72,3418.0
16:51:37,7251.64,7055.0,-20.8243,3181.0
16:51:37,7251.64,7060.0,-24.0369,2089.0
16:51:37,7251.64,7065.0,-27.4015,2084.0
16:51:37,7251.64,7070.0,-25.2831,2139.0
16:51:37,7251.64,7075.0,-23.8204,1801.0
16:51:37,7251.64,7080.0,-41.9969,1768.0
16:51:37,7251.64,7085.0,-16.6619,1416.0
16:51:37,7251.64,7090.0,-33.0554,1364.0
16:51:37,7251.64,7095.0,-37.7673,2274.0
16:51:37,7251.64,7100.0,-57.8127,4166.0
16:51:37,7251.64,7105.0,-7.4597,2043.0
16:51:37,7251.64,7110.0,-28.3673,3285.0
16:51:37,7251.64,7115.0,-20.1224,3039.0
16:51:37,7251.64,7120.0,-62.1423,3357.0
16:51:37,7251.64,7125.0,-40.1461,3286.0
16:51:37,7251.64,7130.0,-78.7135,4271.0
16:51:37,7251.64,7135.0,-40.8558,3204.0
16:51:37,7251.64,7140.0,-72.7031,4428.0
16:51:37,7251.64,7145.0,-38.4079,4117.0
16:51:37,7251.64,7150.0,5.2601,9793.0
16:51:37,7251.64,7155.0,-24.7995,5967.0
16:51:37,7251.64,7160.0,-117.4043,9427.0
16:51:37,7251.64,7165.0,85.7017,5581.0
16:51:37,7251.64,7170.0,7.0438,7896.0
16:51:37,7251.64,7175.0,-120.9891,11521.0
16:51:37,7251.64,7180.0,111.2866,15540.0
16:51:37,7251.64,7185.0,-117.3146,9592.0
16:51:37,7251.64,7190.0,49.786,12391.0
16:51:37,7251.64,7195.0,74.3655,11022.0
16:51:37,7251.64,7200.0,2219.8696,30252.0
16:51:37,7251.64,7205.0,184.538,13007.0
16:51:37,7251.64,7210.0,290.0702,19582.0
16:51:37,7251.64,7215.0,377.3489,16627.0
16:51:37,7251.64,7220.0,729.4508,26724.0
16:51:37,7251.64,7225.0,867.6273,21589.0
16:51:37,7251.64,7230.0,1465.2641,29601.0
16:51:37,7251.64,7235.0,755.4016,24530.0
16:51:37,7251.64,7240.0,1448.6817,40206.0
16:51:37,7251.64,7245.0,3013.66,42359.0
16:51:37,7251.64,7250.0,4696.1832,59489.0
16:51:37,7251.64,7255.0,2238.4325,39404.0
16:51:37,7251.64,7260.0,1771.768,56642.0
16:51:37,7251.64,7265.0,1478.384,51296.0
16:51:37,7251.64,7270.0,1627.947,56653.0
16:51:37,7251.64,7275.0,4180.6172,48579.0
16:51:37,7251.64,7280.0,8925.1342,71269.0
16:51:37,7251.64,7285.0,2581.7242,40377.0
16:51:37,7251.64,7290.0,3973.6253,40751.0
16:51:37,7251.64,7295.0,377.1042,21431.0
16:51:37,7251.64,7300.0,1235.2926,65110.0
16:51:37,7251.64,7305.0,310.6363,14632.0
16:51:37,7251.64,7310.0,834.5423,13134.0
16:51:37,7251.64,7315.0,123.7755,6404.0
16:51:37,7251.64,7320.0,117.2219,6944.0
16:51:37,7251.64,7325.0,106.6952,7101.0
16:51:37,7251.64,7330.0,86.7943,3441.0
16:51:37,7251.64,7335.0,25.6891,3753.0
16:51:37,7251.64,7340.0,992.0034,3789.0
16:51:37,7251.64,7345.0,15.1088,2395.0
16:51:37,7251.64,7350.0,278.5829,3336.0
16:51:37,7251.64,7355.0,35.0592,2081.0
16:51:37,7251.64,7360.0,44.6299,1754.0
16:51:37,7251.64,7365.0,5.0348,1489.0
16:51:37,7251.64,7370.0,22.9348,1961.0
16:51:37,7251.64,7375.0,97.5421,5434.0
16:51:37,7251.64,7380.0,15.5632,2569.0
16:51:37,7251.64,7385.0,4.9557,9648.0
16:51:37,7251.64,7390.0,14.3843,1500.0
16:51:37,7251.64,7395.0,7.8152,922.0
16:51:37,7251.64,7400.0,25.3747,5821.0
16:51:37,7251.64,7405.0,3.5516,505.0
16:51:37,7251.64,7410.0,5.2736,427.0
16:51:37,7251.64,7415.0,6.4181,1122.0
16:51:37,7251.64,7420.0,5.8182,613.0
16:51:37,7251.64,7425.0,9.6431,70.0
16:51:37,7251.64,7430.0,10.8711,31.0
16:51:37,7251.64,7440.0,1.0957,96.0
16:51:37,7251.64,7450.0,2.488,56.0
16:51:37,7251.64,7460.0,0.7428,5.0
16:51:37,7251.64,7470.0,1.0329,29.0
16:51:37,7251.64,7475.0,0.8636,10.0
16:51:37,7251.64,7480.0,0.1438,25.0
16:51:37,7251.64,7490.0,0.0659,8.0
16:51:37,7251.64,7500.0,0.4016,0.0
16:51:37,7251.64,7510.0,0.0184,0.0
16:51:37,7251.64,7525.0,0.0672,3.0
16:51:37,7251.64,7550.0,0.0014,2.0
16:51:37,7251.64,7580.0,0.0001,0.0
16:51:37,7251.64,7590.0,0.0,7.0
16:51:37,7251.64,7625.0,0.0,1.0
16:51:37,7251.64,7925.0,-0.0,16.0
16:51:37,7251.64,8400.0,0.0,2.0
16:51:37,7251.64,8600.0,0.0,3.0
16:51:37,7251.64,8800.0,0.0,17.0
16:51:37,7251.64,9200.0,0.0,26.0
16:54:06,7254.91,1600.0,0.0,1.0
16:54:06,7254.91,2400.0,-0.0,1.0
16:54:06,7254.91,4400.0,-0.0,2.0
16:54:06,7254.91,5000.0,-0.0,2.0
16:54:06,7254.91,5400.0,-0.0,2.0
16:54:06,7254.91,5850.0,-0.0,1.0
16:54:06,7254.91,6000.0,-0.0,20.0
16:54:06,7254.91,6010.0,-0.0,4.0
16:54:06,7254.91,6050.0,-0.0,1.0
16:54:06,7254.91,6100.0,-0.0,7.0
16:54:06,7254.91,6175.0,-0.0,1.0
16:54:06,7254.91,6300.0,-0.0,1.0
16:54:06,7254.91,6400.0,-0.0,111.0
16:54:06,7254.91,6450.0,-0.0,1.0
16:54:06,7254.91,6460.0,-0.0,70.0
16:54:06,7254.91,6480.0,-0.0,2.0
16:54:06,7254.91,6490.0,-0.0,1.0
16:54:06,7254.91,6495.0,-0.0,2.0
16:54:06,7254.91,6500.0,-0.0,71.0
16:54:06,7254.91,6510.0,-0.0,20.0
16:54:06,7254.91,6520.0,-0.0,14.0
16:54:06,7254.91,6540.0,-0.0,20.0
16:54:06,7254.91,6550.0,-0.0,21.0
16:54:06,7254.91,6580.0,-0.0001,2.0
16:54:06,7254.91,6590.0,-0.0,1.0
16:54:06,7254.91,6595.0,-0.0001,808.0
16:54:06,7254.91,6600.0,-0.0005,5.0
16:54:06,7254.91,6625.0,-0.0003,0.0
16:54:06,7254.91,6630.0,-0.0,35.0
16:54:06,7254.91,6635.0,-0.0003,35.0
16:54:06,7254.91,6640.0,-0.0001,0.0
16:54:06,7254.91,6650.0,-0.0042,14.0
16:54:06,7254.91,6655.0,-0.0003,0.0
16:54:06,7254.91,6660.0,0.0001,492.0
16:54:06,7254.91,6665.0,-0.0005,0.0
16:54:06,7254.91,6670.0,-0.0,74.0
16:54:06,7254.91,6675.0,-0.0023,51.0
16:54:06,7254.91,6680.0,-0.009,0.0
16:54:06,7254.91,6685.0,-0.0035,2.0
16:54:06,7254.91,6690.0,-0.0018,1.0
16:54:06,7254.91,6695.0,-0.001,20.0
16:54:06,7254.91,6700.0,-0.0095,11.0
16:54:06,7254.91,6705.0,-0.0015,0.0
16:54:06,7254.91,6710.0,-0.0023,5.0
16:54:06,7254.91,6715.0,-0.0046,2.0
16:54:06,7254.91,6720.0,-0.0128,2.0
16:54:06,7254.91,6725.0,-0.0084,3.0
16:54:06,7254.91,6730.0,-0.0029,2.0
16:54:06,7254.91,6735.0,-0.0053,2.0
16:54:06,7254.91,6740.0,-0.0032,1.0
16:54:06,7254.91,6745.0,-0.0038,3.0
16:54:06,7254.91,6750.0,-0.0447,39.0
16:54:06,7254.91,6755.0,-0.0193,45.0
16:54:06,7254.91,6760.0,0.0059,5.0
16:54:06,7254.91,6765.0,-0.0104,9.0
16:54:06,7254.91,6770.0,-0.0593,1.0
16:54:06,7254.91,6775.0,-0.0687,72.0
16:54:06,7254.91,6780.0,-0.051,1.0
16:54:06,7254.91,6785.0,-0.0186,44.0
16:54:06,7254.91,6790.0,-0.0798,10.0
16:54:06,7254.91,6795.0,-0.0672,1.0
16:54:06,7254.91,6800.0,-0.9176,450.0
16:54:06,7254.91,6805.0,-0.0814,3.0
16:54:06,7254.91,6810.0,-0.1898,6.0
16:54:06,7254.91,6815.0,-0.0999,25.0
16:54:06,7254.91,6820.0,-0.7275,42.0
16:54:06,7254.91,6825.0,-0.9748,56.0
16:54:06,7254.91,6830.0,-0.1054,71.0
16:54:06,7254.91,6835.0,-0.2371,132.0
16:54:06,7254.91,6840.0,-0.273,291.0
16:54:06,7254.91,6845.0,-0.1679,437.0
16:54:06,7254.91,6850.0,-2.4197,1847.0
16:54:06,7254.91,6855.0,-0.2115,772.0
16:54:06,7254.91,6860.0,-2.3293,780.0
16:54:06,7254.91,6865.0,-0.388,185.0
16:54:06,7254.91,6870.0,-0.4542,215.0
16:54:06,7254.91,6875.0,-3.8344,208.0
16:54:06,7254.91,6880.0,-0.4034,68.0
16:54:06,7254.91,6885.0,-3.6088,238.0
16:54:06,7254.91,6890.0,-2.627,78.0
16:54:06,7254.91,6895.0,-1.9745,465.0
16:54:06,7254.91,6900.0,-10.4998,1037.0
16:54:06,7254.91,6905.0,-2.2866,830.0
16:54:06,7254.91,6910.0,1.2484,340.0
16:54:06,7254.91,6915.0,-2.7151,337.0
16:54:06,7254.91,6920.0,-8.0735,222.0
16:54:06,7254.91,6925.0,-9.5375,327.0
16:54:06,7254.91,6930.0,-2.2782,319.0
16:54:06,7254.91,6935.0,-2.1393,77.0
16:54:06,7254.91,6940.0,-2.8098,249.0
16:54:06,7254.91,6945.0,-2.8654,110.0
16:54:06,7254.91,6950.0,-15.4778,797.0
16:54:06,7254.91,6955.0,-2.0284,56.0
16:54:06,7254.91,6960.0,-17.3649,74.0
16:54:06,7254.91,6965.0,-4.3917,157.0
16:54:06,7254.91,6970.0,-5.176,246.0
16:54:06,7254.91,6975.0,-35.8322,367.0
16:54:06,7254.91,6980.0,-8.6924,769.0
16:54:06,7254.91,6985.0,-34.2784,978.0
16:54:06,7254.91,6990.0,-4.5614,705.0
16:54:06,7254.91,6995.0,-5.8803,968.0
16:54:06,7254.91,7000.0,-15.3729,2710.0
16:54:06,7254.91,7005.0,-8.6094,1194.0
16:54:06,7254.91,7010.0,-15.9369,771.0
16:54:06,7254.91,7015.0,-12.6117,1335.0
16:54:06,7254.91,7020.0,-14.5215,1242.0
16:54:06,7254.91,7025.0,-4.5084,1085.0
16:54:06,7254.91,7030.0,-17.5765,1545.0
16:54:06,7254.91,7035.0,-23.319,1361.0
16:54:06,7254.91,7040.0,-11.3721,1096.0
16:54:06,7254.91,7045.0,-9.8224,1376.0
16:54:06,7254.91,7050.0,-39.3627,3420.0
16:54:06,7254.91,7055.0,-20.7256,3184.0
16:54:06,7254.91,7060.0,-21.4498,2093.0
16:54:06,7254.91,7065.0,-27.4428,2086.0
16:54:06,7254.91,7070.0,-25.3059,2139.0
16:54:06,7254.91,7075.0,-21.4038,1866.0
16:54:06,7254.91,7080.0,-42.0348,1780.0
16:54:06,7254.91,7085.0,-17.0296,1426.0
16:54:06,7254.91,7090.0,-33.0852,1368.0
16:54:06,7254.91,7095.0,-38.4122,2276.0
16:54:06,7254.91,7100.0,-52.3126,4175.0
16:54:06,7254.91,7105.0,-7.3444,2043.0
16:54:06,7254.91,7110.0,-27.895,3289.0
16:54:06,7254.91,7115.0,-19.6607,3046.0
16:54:06,7254.91,7120.0,-60.2772,3396.0
16:54:06,7254.91,7125.0,-29.1269,3288.0
16:54:06,7254.91,7130.0,-78.1861,4286.0
16:54:06,7254.91,7135.0,-41.4608,3241.0
16:54:06,7254.91,7140.0,-75.4496,4436.0
16:54:06,7254.91,7145.0,-40.1045,4122.0
16:54:06,7254.91,7150.0,4.7766,9807.0
16:54:06,7254.91,7155.0,-27.0193,5967.0
16:54:06,7254.91,7160.0,-100.2239,9473.0
16:54:06,7254.91,7165.0,103.3167,5614.0
16:54:06,7254.91,7170.0,33.9722,7961.0
16:54:06,7254.91,7175.0,-121.0982,11547.0
16:54:06,7254.91,7180.0,126.6532,15589.0
16:54:06,7254.91,7185.0,-148.0591,10026.0
16:54:06,7254.91,7190.0,62.1392,12694.0
16:54:06,7254.91,7195.0,51.816,11211.0
16:54:06,7254.91,7200.0,1967.8919,30722.0
16:54:06,7254.91,7205.0,147.1479,13555.0
16:54:06,7254.91,7210.0,305.8429,20013.0
16:54:06,7254.91,7215.0,361.0145,17153.0
16:54:06,7254.91,7220.0,737.2534,27317.0
16:54:06,7254.91,7225.0,829.4951,21970.0
16:54:06,7254.91,7230.0,1391.9226,30077.0
16:54:06,7254.91,7235.0,787.1131,25594.0
16:54:06,7254.91,7240.0,1428.4149,40719.0
16:54:06,7254.91,7245.0,3147.9045,42938.0
16:54:06,7254.91,7250.0,4652.0708,61329.0
16:54:06,7254.91,7255.0,2177.0614,41021.0
16:54:06,7254.91,7260.0,1886.8774,57605.0
16:54:06,7254.91,7265.0,1387.6837,52045.0
16:54:06,7254.91,7270.0,1773.4851,58123.0
16:54:06,7254.91,7275.0,4597.5505,49385.0
16:54:06,7254.91,7280.0,9648.6164,72192.0
16:54:06,7254.91,7285.0,2902.1044,40928.0
16:54:06,7254.91,7290.0,4169.4951,41076.0
16:54:06,7254.91,7295.0,302.7964,21779.0
16:54:06,7254.91,7300.0,1435.0384,65800.0
16:54:06,7254.91,7305.0,279.9119,14768.0
16:54:06,7254.91,7310.0,966.2077,13413.0
16:54:06,7254.91,7315.0,95.9524,6473.0
16:54:06,7254.91,7320.0,117.3031,6975.0
16:54:06,7254.91,7325.0,106.7914,7413.0
16:54:06,7254.91,7330.0,86.8641,3446.0
16:54:06,7254.91,7335.0,20.5956,3761.0
16:54:06,7254.91,7340.0,992.888,3806.0
16:54:06,7254.91,7345.0,12.0378,2421.0
16:54:06,7254.91,7350.0,323.534,3707.0
16:54:06,7254.91,7355.0,27.9343,2079.0
16:54:06,7254.91,7360.0,46.8925,1764.0
16:54:06,7254.91,7365.0,4.1256,1491.0
16:54:06,7254.91,7370.0,22.4101,1977.0
16:54:06,7254.91,7375.0,97.6304,5442.0
16:54:06,7254.91,7380.0,16.3238,2600.0
16:54:06,7254.91,7385.0,5.3322,9648.0
16:54:06,7254.91,7390.0,15.1112,1500.0
16:54:06,7254.91,7395.0,9.1705,1005.0
16:54:06,7254.91,7400.0,25.2643,5822.0
16:54:06,7254.91,7405.0,3.8047,505.0
16:54:06,7254.91,7410.0,4.5874,427.0
16:54:06,7254.91,7415.0,6.8229,1122.0
16:54:06,7254.91,7420.0,5.0421,613.0
16:54:06,7254.91,7425.0,9.6518,71.0
16:54:06,7254.91,7430.0,9.3991,31.0
16:54:06,7254.91,7440.0,0.9401,96.0
16:54:06,7254.91,7450.0,2.4899,56.0
16:54:06,7254.91,7460.0,0.6226,5.0
16:54:06,7254.91,7470.0,0.8528,29.0
16:54:06,7254.91,7475.0,0.8644,10.0
16:54:06,7254.91,7480.0,0.117,25.0
16:54:06,7254.91,7490.0,0.0657,8.0
16:54:06,7254.91,7500.0,0.4017,0.0
16:54:06,7254.91,7510.0,0.018,0.0
16:54:06,7254.91,7525.0,0.0733,3.0
16:54:06,7254.91,7550.0,0.0014,2.0
16:54:06,7254.91,7590.0,0.0,7.0
16:54:06,7254.91,7625.0,0.0,1.0
16:54:06,7254.91,7925.0,-0.0,16.0
16:54:06,7254.91,8400.0,0.0,2.0
16:54:06,7254.91,8600.0,0.0,3.0
16:54:06,7254.91,8800.0,0.0,17.0
16:54:06,7254.91,9200.0,0.0,26.0
16:56:35,7255.27,1600.0,0.0,1.0
16:56:35,7255.27,2400.0,-0.0,1.0
16:56:35,7255.27,4400.0,-0.0,2.0
16:56:35,7255.27,5000.0,-0.0,2.0
16:56:35,7255.27,5400.0,-0.0,2.0
16:56:35,7255.27,5850.0,-0.0,1.0
16:56:35,7255.27,6000.0,-0.0,20.0
16:56:35,7255.27,6010.0,-0.0,4.0
16:56:35,7255.27,6050.0,-0.0,1.0
16:56:35,7255.27,6100.0,-0.0,7.0
16:56:35,7255.27,6175.0,-0.0,1.0
16:56:35,7255.27,6300.0,-0.0,1.0
16:56:35,7255.27,6400.0,-0.0,111.0
16:56:35,7255.27,6450.0,-0.0,1.0
16:56:35,7255.27,6460.0,-0.0,70.0
16:56:35,7255.27,6480.0,-0.0,2.0
16:56:35,7255.27,6490.0,-0.0,1.0
16:56:35,7255.27,6495.0,-0.0,2.0
16:56:35,7255.27,6500.0,-0.0,71.0
16:56:35,7255.27,6510.0,-0.0,20.0
16:56:35,7255.27,6520.0,-0.0,14.0
16:56:35,7255.27,6540.0,-0.0,20.0
16:56:35,7255.27,6550.0,-0.0,22.0
16:56:35,7255.27,6570.0,-0.0,2.0
16:56:35,7255.27,6580.0,-0.0001,2.0
16:56:35,7255.27,6590.0,-0.0,1.0
16:56:35,7255.27,6595.0,-0.0001,808.0
16:56:35,7255.27,6600.0,-0.0006,5.0
16:56:35,7255.27,6625.0,-0.0003,0.0
16:56:35,7255.27,6630.0,0.0,35.0
16:56:35,7255.27,6635.0,-0.0002,35.0
16:56:35,7255.27,6640.0,-0.0001,0.0
16:56:35,7255.27,6650.0,-0.0042,15.0
16:56:35,7255.27,6655.0,-0.0002,0.0
16:56:35,7255.27,6660.0,0.0,492.0
16:56:35,7255.27,6665.0,-0.0003,0.0
16:56:35,7255.27,6670.0,-0.0,74.0
16:56:35,7255.27,6675.0,-0.0024,51.0
16:56:35,7255.27,6680.0,-0.009,0.0
16:56:35,7255.27,6685.0,-0.0032,2.0
16:56:35,7255.27,6690.0,-0.0018,1.0
16:56:35,7255.27,6695.0,-0.0009,20.0
16:56:35,7255.27,6700.0,-0.0095,11.0
16:56:35,7255.27,6705.0,-0.0013,0.0
16:56:35,7255.27,6710.0,-0.0023,5.0
16:56:35,7255.27,6715.0,-0.0042,2.0
16:56:35,7255.27,6720.0,-0.0128,2.0
16:56:35,7255.27,6725.0,-0.0084,3.0
16:56:35,7255.27,6730.0,-0.0029,2.0
16:56:35,7255.27,6735.0,-0.0049,2.0
16:56:35,7255.27,6740.0,-0.0032,1.0
16:56:35,7255.27,6745.0,-0.0035,3.0
16:56:35,7255.27,6750.0,-0.0447,39.0
16:56:35,7255.27,6755.0,-0.018,45.0
16:56:35,7255.27,6760.0,0.0059,5.0
16:56:35,7255.27,6765.0,-0.0098,9.0
16:56:35,7255.27,6770.0,-0.0593,1.0
16:56:35,7255.27,6775.0,-0.0687,71.0
16:56:35,7255.27,6780.0,-0.051,1.0
16:56:35,7255.27,6785.0,-0.0181,44.0
16:56:35,7255.27,6790.0,-0.0798,10.0
16:56:35,7255.27,6795.0,-0.0647,1.0
16:56:35,7255.27,6800.0,-0.9177,455.0
16:56:35,7255.27,6805.0,-0.0802,3.0
16:56:35,7255.27,6810.0,-0.1898,6.0
16:56:35,7255.27,6815.0,-0.0995,25.0
16:56:35,7255.27,6820.0,-0.7276,82.0
16:56:35,7255.27,6825.0,-0.8312,56.0
16:56:35,7255.27,6830.0,-0.0892,71.0
16:56:35,7255.27,6835.0,-0.2444,132.0
16:56:35,7255.27,6840.0,-0.2472,291.0
16:56:35,7255.27,6845.0,-0.1738,437.0
16:56:35,7255.27,6850.0,-2.3363,1852.0
16:56:35,7255.27,6855.0,-0.2227,783.0
16:56:35,7255.27,6860.0,-2.5023,790.0
16:56:35,7255.27,6865.0,-0.4149,185.0
16:56:35,7255.27,6870.0,-0.506,215.0
16:56:35,7255.27,6875.0,-4.1496,208.0
16:56:35,7255.27,6880.0,-0.4463,69.0
16:56:35,7255.27,6885.0,-3.7703,238.0
16:56:35,7255.27,6890.0,-2.7661,79.0
16:56:35,7255.27,6895.0,-1.9756,465.0
16:56:35,7255.27,6900.0,-11.0979,1036.0
16:56:35,7255.27,6905.0,-2.2895,830.0
16:56:35,7255.27,6910.0,1.3128,331.0
16:56:35,7255.27,6915.0,-2.5806,340.0
16:56:35,7255.27,6920.0,-8.0764,222.0
16:56:35,7255.27,6925.0,-10.0224,327.0
16:56:35,7255.27,6930.0,-1.5764,319.0
16:56:35,7255.27,6935.0,-2.0869,77.0
16:56:35,7255.27,6940.0,-2.7354,249.0
16:56:35,7255.27,6945.0,-2.8011,110.0
16:56:35,7255.27,6950.0,-16.5038,800.0
16:56:35,7255.27,6955.0,-1.9845,58.0
16:56:35,7255.27,6960.0,-16.9669,74.0
16:56:35,7255.27,6965.0,-4.2858,158.0
16:56:35,7255.27,6970.0,-4.9931,247.0
16:56:35,7255.27,6975.0,-37.6886,407.0
16:56:35,7255.27,6980.0,-8.3256,769.0
16:56:35,7255.27,6985.0,-32.5689,978.0
16:56:35,7255.27,6990.0,-4.2138,705.0
16:56:35,7255.27,6995.0,-5.9974,968.0
16:56:35,7255.27,7000.0,-16.0777,2712.0
16:56:35,7255.27,7005.0,-8.7407,1194.0
16:56:35,7255.27,7010.0,-13.9101,772.0
16:56:35,7255.27,7015.0,-12.6898,1336.0
16:56:35,7255.27,7020.0,-12.3527,1242.0
16:56:35,7255.27,7025.0,-4.451,1083.0
16:56:35,7255.27,7030.0,-14.7241,1545.0
16:56:35,7255.27,7035.0,-22.0749,1961.0
16:56:35,7255.27,7040.0,-9.5689,1110.0
16:56:35,7255.27,7045.0,-9.3861,1394.0
16:56:35,7255.27,7050.0,-39.2592,3428.0
16:56:35,7255.27,7055.0,-20.103,3184.0
16:56:35,7255.27,7060.0,-20.8965,2115.0
16:56:35,7255.27,7065.0,-26.2337,2088.0
16:56:35,7255.27,7070.0,-21.9932,2173.0
16:56:35,7255.27,7075.0,-21.593,1868.0
16:56:35,7255.27,7080.0,-36.6919,1785.0
16:56:35,7255.27,7085.0,-16.5095,2026.0
16:56:35,7255.27,7090.0,-29.0369,1667.0
16:56:35,7255.27,7095.0,-37.4492,2283.0
16:56:35,7255.27,7100.0,-54.6741,4192.0
16:56:35,7255.27,7105.0,-8.6288,2048.0
16:56:35,7255.27,7110.0,-28.7751,3297.0
16:56:35,7255.27,7115.0,-19.9175,3063.0
16:56:35,7255.27,7120.0,-61.6499,3394.0
16:56:35,7255.27,7125.0,-29.6728,3294.0
16:56:35,7255.27,7130.0,-78.4858,4286.0
16:56:35,7255.27,7135.0,-42.6142,3245.0
16:56:35,7255.27,7140.0,-73.8892,4445.0
16:56:35,7255.27,7145.0,-42.359,4415.0
16:56:35,7255.27,7150.0,4.8986,9816.0
16:56:35,7255.27,7155.0,-30.3662,5971.0
16:56:35,7255.27,7160.0,-107.9591,9479.0
16:56:35,7255.27,7165.0,74.616,5621.0
16:56:35,7255.27,7170.0,6.0629,7992.0
16:56:35,7255.27,7175.0,-122.4316,11597.0
16:56:35,7255.27,7180.0,99.438,15615.0
16:56:35,7255.27,7185.0,-146.9165,10204.0
16:56:35,7255.27,7190.0,48.8478,13080.0
16:56:35,7255.27,7195.0,62.8119,11388.0
16:56:35,7255.27,7200.0,2071.3406,31058.0
16:56:35,7255.27,7205.0,158.7217,13757.0
16:56:35,7255.27,7210.0,289.178,20247.0
16:56:35,7255.27,7215.0,363.0526,17531.0
16:56:35,7255.27,7220.0,679.2104,27723.0
16:56:35,7255.27,7225.0,821.1732,22360.0
16:56:35,7255.27,7230.0,1425.9842,30541.0
16:56:35,7255.27,7235.0,755.148,26016.0
16:56:35,7255.27,7240.0,1451.1913,41312.0
16:56:35,7255.27,7245.0,3132.6945,43444.0
16:56:35,7255.27,7250.0,4762.4499,62499.0
16:56:35,7255.27,7255.0,2275.7944,42094.0
16:56:35,7255.27,7260.0,1907.1208,58300.0
16:56:35,7255.27,7265.0,1519.6648,52755.0
16:56:35,7255.27,7270.0,1783.3179,58772.0
16:56:35,7255.27,7275.0,4616.5146,50118.0
16:56:35,7255.27,7280.0,9730.7306,72946.0
16:56:35,7255.27,7285.0,3221.6458,41336.0
16:56:35,7255.27,7290.0,4346.8527,41306.0
16:56:35,7255.27,7295.0,302.5919,21985.0
16:56:35,7255.27,7300.0,1369.7912,66074.0
16:56:35,7255.27,7305.0,279.916,14823.0
16:56:35,7255.27,7310.0,1034.3543,13534.0
16:56:35,7255.27,7315.0,95.931,6494.0
16:56:35,7255.27,7320.0,132.2577,6997.0
16:56:35,7255.27,7325.0,114.5793,7384.0
16:56:35,7255.27,7330.0,89.102,3473.0
16:56:35,7255.27,7335.0,20.6006,3767.0
16:56:35,7255.27,7340.0,1116.9698,3815.0
16:56:35,7255.27,7345.0,12.0422,2436.0
16:56:35,7255.27,7350.0,331.9568,3757.0
16:56:35,7255.27,7355.0,27.9608,2079.0
16:56:35,7255.27,7360.0,50.424,1764.0
16:56:35,7255.27,7365.0,4.1265,1494.0
16:56:35,7255.27,7370.0,23.8657,1978.0
16:56:35,7255.27,7375.0,97.6393,5448.0
16:56:35,7255.27,7380.0,17.1266,2607.0
16:56:35,7255.27,7385.0,5.5918,9649.0
16:56:35,7255.27,7390.0,15.5861,1500.0
16:56:35,7255.27,7395.0,9.7821,1020.0
16:56:35,7255.27,7400.0,24.314,5822.0
16:56:35,7255.27,7405.0,4.0123,505.0
16:56:35,7255.27,7410.0,4.8484,427.0
16:56:35,7255.27,7415.0,7.2295,1122.0
16:56:35,7255.27,7420.0,5.3581,613.0
16:56:35,7255.27,7425.0,9.9921,71.0
16:56:35,7255.27,7430.0,10.0554,31.0
16:56:35,7255.27,7440.0,1.0126,96.0
16:56:35,7255.27,7450.0,2.2139,56.0
16:56:35,7255.27,7460.0,0.6768,5.0
16:56:35,7255.27,7470.0,0.9295,29.0
16:56:35,7255.27,7475.0,0.8438,10.0
16:56:35,7255.27,7480.0,0.1277,25.0
16:56:35,7255.27,7490.0,0.0718,8.0
16:56:35,7255.27,7500.0,0.3178,0.0
16:56:35,7255.27,7510.0,0.018,0.0
16:56:35,7255.27,7525.0,0.061,3.0
16:56:35,7255.27,7550.0,0.0012,2.0
16:56:35,7255.27,7580.0,0.0001,0.0
16:56:35,7255.27,7590.0,0.0,7.0
16:56:35,7255.27,7625.0,0.0,1.0
16:56:35,7255.27,7925.0,-0.0,16.0
16:56:35,7255.27,8400.0,0.0,2.0
16:56:35,7255.27,8600.0,0.0,3.0
16:56:35,7255.27,8800.0,0.0,17.0
16:56:35,7255.27,9200.0,0.0,26.0
16:59:04,7252.54,1600.0,0.0,1.0
16:59:04,7252.54,2400.0,-0.0,1.0
16:59:04,7252.54,4400.0,-0.0,2.0
16:59:04,7252.54,5000.0,-0.0,2.0
16:59:04,7252.54,5400.0,-0.0,3.0
16:59:04,7252.54,5850.0,-0.0,1.0
16:59:04,7252.54,6000.0,-0.0,20.0
16:59:04,7252.54,6010.0,-0.0,4.0
16:59:04,7252.54,6050.0,-0.0,1.0
16:59:04,7252.54,6100.0,-0.0,7.0
16:59:04,7252.54,6175.0,-0.0,1.0
16:59:04,7252.54,6300.0,-0.0,1.0
16:59:04,7252.54,6400.0,-0.0,111.0
16:59:04,7252.54,6430.0,-0.0,1.0
16:59:04,7252.54,6450.0,-0.0,1.0
16:59:04,7252.54,6460.0,-0.0,70.0
16:59:04,7252.54,6480.0,-0.0,2.0
16:59:04,7252.54,6490.0,-0.0,1.0
16:59:04,7252.54,6495.0,-0.0,2.0
16:59:04,7252.54,6500.0,-0.0,71.0
16:59:04,7252.54,6510.0,-0.0,20.0
16:59:04,7252.54,6520.0,-0.0,14.0
16:59:04,7252.54,6540.0,-0.0,20.0
16:59:04,7252.54,6550.0,-0.0,22.0
16:59:04,7252.54,6570.0,-0.0,2.0
16:59:04,7252.54,6580.0,-0.0001,2.0
16:59:04,7252.54,6590.0,-0.0,1.0
16:59:04,7252.54,6595.0,-0.0001,808.0
16:59:04,7252.54,6600.0,-0.0003,5.0
16:59:04,7252.54,6625.0,-0.0001,0.0
16:59:04,7252.54,6630.0,-0.0,35.0
16:59:04,7252.54,6635.0,-0.0002,35.0
16:59:04,7252.54,6650.0,-0.0022,15.0
16:59:04,7252.54,6655.0,-0.0001,0.0
16:59:04,7252.54,6660.0,0.0002,509.0
16:59:04,7252.54,6665.0,-0.0002,0.0
16:59:04,7252.54,6670.0,-0.0001,74.0
16:59:04,7252.54,6675.0,-0.0011,51.0
16:59:04,7252.54,6680.0,-0.0047,0.0
16:59:04,7252.54,6685.0,-0.0032,2.0
16:59:04,7252.54,6690.0,-0.0013,1.0
16:59:04,7252.54,6695.0,-0.0009,20.0
16:59:04,7252.54,6700.0,-0.0068,11.0
16:59:04,7252.54,6705.0,-0.0013,0.0
16:59:04,7252.54,6710.0,-0.0016,5.0
16:59:04,7252.54,6715.0,-0.0042,2.0
16:59:04,7252.54,6720.0,-0.0091,2.0
16:59:04,7252.54,6725.0,-0.0038,3.0
16:59:04,7252.54,6730.0,-0.0012,2.0
16:59:04,7252.54,6735.0,-0.0049,2.0
16:59:04,7252.54,6740.0,-0.0014,1.0
16:59:04,7252.54,6745.0,-0.0035,3.0
16:59:04,7252.54,6750.0,-0.0223,39.0
16:59:04,7252.54,6755.0,-0.0183,45.0
16:59:04,7252.54,6760.0,0.0079,5.0
16:59:04,7252.54,6765.0,-0.0098,9.0
16:59:04,7252.54,6770.0,-0.033,1.0
16:59:04,7252.54,6775.0,-0.0369,72.0
16:59:04,7252.54,6780.0,-0.0281,1.0
16:59:04,7252.54,6785.0,-0.0186,44.0
16:59:04,7252.54,6790.0,-0.0483,10.0
16:59:04,7252.54,6795.0,-0.0647,1.0
16:59:04,7252.54,6800.0,-0.5835,453.0
16:59:04,7252.54,6805.0,-0.081,3.0
16:59:04,7252.54,6810.0,-0.1301,6.0
16:59:04,7252.54,6815.0,-0.0997,25.0
16:59:04,7252.54,6820.0,-0.7302,82.0
16:59:04,7252.54,6825.0,-0.8392,56.0
16:59:04,7252.54,6830.0,-0.0802,71.0
16:59:04,7252.54,6835.0,-0.2452,132.0
16:59:04,7252.54,6840.0,-0.2286,291.0
16:59:04,7252.54,6845.0,-0.1692,437.0
16:59:04,7252.54,6850.0,-2.2349,1852.0
16:59:04,7252.54,6855.0,-0.2217,783.0
16:59:04,7252.54,6860.0,-2.4755,792.0
16:59:04,7252.54,6865.0,-0.4214,186.0
16:59:04,7252.54,6870.0,-0.5005,215.0
16:59:04,7252.54,6875.0,-4.1911,212.0
16:59:04,7252.54,6880.0,-0.4373,69.0
16:59:04,7252.54,6885.0,-3.7663,238.0
16:59:04,7252.54,6890.0,-2.821,79.0
16:59:04,7252.54,6895.0,-1.9741,465.0
16:59:04,7252.54,6900.0,-11.3441,1037.0
16:59:04,7252.54,6905.0,-2.2878,830.0
16:59:04,7252.54,6910.0,1.3651,340.0
16:59:04,7252.54,6915.0,-2.6398,346.0
16:59:04,7252.54,6920.0,-8.0724,222.0
16:59:04,7252.54,6925.0,-9.3752,327.0
16:59:04,7252.54,6930.0,-1.4618,328.0
16:59:04,7252.54,6935.0,-1.792,83.0
16:59:04,7252.54,6940.0,-2.3802,251.0
16:59:04,7252.54,6945.0,-2.3799,111.0
16:59:04,7252.54,6950.0,-13.818,800.0
16:59:04,7252.54,6955.0,-2.0025,58.0
16:59:04,7252.54,6960.0,-15.0582,74.0
16:59:04,7252.54,6965.0,-4.335,158.0
16:59:04,7252.54,6970.0,-4.5906,247.0
16:59:04,7252.54,6975.0,-33.677,408.0
16:59:04,7252.54,6980.0,-7.817,769.0
16:59:04,7252.54,6985.0,-32.5565,985.0
16:59:04,7252.54,6990.0,-4.0584,705.0
16:59:04,7252.54,6995.0,-6.0268,968.0
16:59:04,7252.54,7000.0,-14.3734,2711.0
16:59:04,7252.54,7005.0,-8.5439,1195.0
16:59:04,7252.54,7010.0,-13.8652,788.0
16:59:04,7252.54,7015.0,-12.1625,1337.0
16:59:04,7252.54,7020.0,-12.5027,1247.0
16:59:04,7252.54,7025.0,-3.7886,1091.0
16:59:04,7252.54,7030.0,-15.076,1545.0
16:59:04,7252.54,7035.0,-22.4091,1961.0
16:59:04,7252.54,7040.0,-9.8217,1107.0
16:59:04,7252.54,7045.0,-9.5523,1408.0
16:59:04,7252.54,7050.0,-38.019,3451.0
16:59:04,7252.54,7055.0,-20.6626,3191.0
16:59:04,7252.54,7060.0,-20.7501,2117.0
16:59:04,7252.54,7065.0,-27.2228,2089.0
16:59:04,7252.54,7070.0,-21.8145,2178.0
16:59:04,7252.54,7075.0,-21.2402,1895.0
16:59:04,7252.54,7080.0,-36.4458,1806.0
16:59:04,7252.54,7085.0,-17.0485,2028.0
16:59:04,7252.54,7090.0,-28.8252,1690.0
16:59:04,7252.54,7095.0,-37.3049,2283.0
16:59:04,7252.54,7100.0,-50.856,4194.0
16:59:04,7252.54,7105.0,-9.1135,2076.0
16:59:04,7252.54,7110.0,-29.7313,3299.0
16:59:04,7252.54,7115.0,-20.5512,3152.0
16:59:04,7252.54,7120.0,-63.9485,3408.0
16:59:04,7252.54,7125.0,-29.1721,3306.0
16:59:04,7252.54,7130.0,-81.6954,4481.0
16:59:04,7252.54,7135.0,-44.9933,3251.0
16:59:04,7252.54,7140.0,-79.8317,4513.0
16:59:04,7252.54,7145.0,-45.0324,4416.0
16:59:04,7252.54,7150.0,7.3669,9832.0
16:59:04,7252.54,7155.0,-33.1913,6058.0
16:59:04,7252.54,7160.0,-100.398,9493.0
16:59:04,7252.54,7165.0,66.2296,5654.0
16:59:04,7252.54,7170.0,25.234,8004.0
16:59:04,7252.54,7175.0,-126.6925,11634.0
16:59:04,7252.54,7180.0,104.8225,15677.0
16:59:04,7252.54,7185.0,-118.3235,10335.0
16:59:04,7252.54,7190.0,52.0093,13158.0
16:59:04,7252.54,7195.0,62.4559,11508.0
16:59:04,7252.54,7200.0,2081.7629,31240.0
16:59:04,7252.54,7205.0,162.5517,14154.0
16:59:04,7252.54,7210.0,312.4356,20508.0
16:59:04,7252.54,7215.0,368.8886,18089.0
16:59:04,7252.54,7220.0,738.7131,28168.0
16:59:04,7252.54,7225.0,814.1904,22730.0
16:59:04,7252.54,7230.0,1474.8453,30901.0
16:59:04,7252.54,7235.0,752.4713,26353.0
16:59:04,7252.54,7240.0,1507.8297,42188.0
16:59:04,7252.54,7245.0,3128.7635,43989.0
16:59:04,7252.54,7250.0,4829.0477,63652.0
16:59:04,7252.54,7255.0,2273.2469,43268.0
16:59:04,7252.54,7260.0,1879.1824,58867.0
16:59:04,7252.54,7265.0,1518.6885,53312.0
16:59:04,7252.54,7270.0,1710.9791,59751.0
16:59:04,7252.54,7275.0,4627.7419,50685.0
16:59:04,7252.54,7280.0,9145.2843,73579.0
16:59:04,7252.54,7285.0,3222.0145,41918.0
16:59:04,7252.54,7290.0,3694.8314,41520.0
16:59:04,7252.54,7295.0,330.9163,22313.0
16:59:04,7252.54,7300.0,1350.1172,67505.0
16:59:04,7252.54,7305.0,305.0735,14951.0
16:59:04,7252.54,7310.0,893.0442,13651.0
16:59:04,7252.54,7315.0,93.6254,6520.0
16:59:04,7252.54,7320.0,153.0016,7120.0
16:59:04,7252.54,7325.0,122.0126,7410.0
16:59:04,7252.54,7330.0,94.5742,3511.0
16:59:04,7252.54,7335.0,22.9341,3787.0
16:59:04,7252.54,7340.0,1176.1242,3828.0
16:59:04,7252.54,7345.0,13.5834,2441.0
16:59:04,7252.54,7350.0,362.369,3788.0
16:59:04,7252.54,7355.0,31.6648,2079.0
16:59:04,7252.54,7360.0,51.3426,1796.0
16:59:04,7252.54,7365.0,4.6299,1500.0
16:59:04,7252.54,7370.0,23.7266,1985.0
16:59:04,7252.54,7375.0,97.5661,5455.0
16:59:04,7252.54,7380.0,16.623,2619.0
16:59:04,7252.54,7385.0,5.8126,9649.0
16:59:04,7252.54,7390.0,14.8268,1508.0
16:59:04,7252.54,7395.0,10.8373,1106.0
16:59:04,7252.54,7400.0,23.7132,5824.0
16:59:04,7252.54,7405.0,4.0308,505.0
16:59:04,7252.54,7410.0,4.8448,460.0
16:59:04,7252.54,7415.0,7.1409,1122.0
16:59:04,7252.54,7420.0,5.3559,613.0
16:59:04,7252.54,7425.0,9.2098,71.0
16:59:04,7252.54,7430.0,10.0492,31.0
16:59:04,7252.54,7440.0,1.0118,96.0
16:59:04,7252.54,7450.0,2.0584,56.0
16:59:04,7252.54,7460.0,0.6765,5.0
16:59:04,7252.54,7470.0,0.8377,29.0
16:59:04,7252.54,7475.0,0.7509,10.0
16:59:04,7252.54,7480.0,0.1133,25.0
16:59:04,7252.54,7490.0,0.0627,8.0
16:59:04,7252.54,7500.0,0.2763,0.0
16:59:04,7252.54,7510.0,0.0167,0.0
16:59:04,7252.54,7525.0,0.0512,3.0
16:59:04,7252.54,7550.0,0.0012,2.0
16:59:04,7252.54,7590.0,0.0,7.0
16:59:04,7252.54,7625.0,0.0,1.0
16:59:04,7252.54,7925.0,-0.0,16.0
16:59:04,7252.54,8400.0,0.0,2.0
16:59:04,7252.54,8600.0,0.0,3.0
16:59:04,7252.54,8800.0,0.0,17.0
16:59:04,7252.54,9000.0,-0.0254,0.0
16:59:04,7252.54,9200.0,0.0,27.0
17:01:33,7248.94,1600.0,0.0,1.0
17:01:33,7248.94,2400.0,-0.0,1.0
17:01:33,7248.94,4400.0,-0.0,2.0
17:01:33,7248.94,5000.0,-0.0,2.0
17:01:33,7248.94,5400.0,-0.0,3.0
17:01:33,7248.94,5850.0,-0.0,1.0
17:01:33,7248.94,6000.0,-0.0,20.0
17:01:33,7248.94,6010.0,-0.0,4.0
17:01:33,7248.94,6050.0,-0.0,1.0
17:01:33,7248.94,6100.0,-0.0,7.0
17:01:33,7248.94,6175.0,-0.0,1.0
17:01:33,7248.94,6300.0,-0.0,1.0
17:01:33,7248.94,6400.0,-0.0,111.0
17:01:33,7248.94,6430.0,-0.0,1.0
17:01:33,7248.94,6450.0,-0.0,1.0
17:01:33,7248.94,6460.0,-0.0,70.0
17:01:33,7248.94,6480.0,-0.0,2.0
17:01:33,7248.94,6490.0,-0.0,1.0
17:01:33,7248.94,6495.0,-0.0,2.0
17:01:33,7248.94,6500.0,-0.0,71.0
17:01:33,7248.94,6510.0,-0.0,20.0
17:01:33,7248.94,6520.0,-0.0,14.0
17:01:33,7248.94,6540.0,-0.0,20.0
17:01:33,7248.94,6550.0,-0.0,22.0
17:01:33,7248.94,6570.0,-0.0,2.0
17:01:33,7248.94,6580.0,-0.0001,2.0
17:01:33,7248.94,6590.0,-0.0,1.0
17:01:33,7248.94,6595.0,-0.0001,808.0
17:01:33,7248.94,6600.0,-0.0003,5.0
17:01:33,7248.94,6625.0,-0.0001,0.0
17:01:33,7248.94,6630.0,-0.0,35.0
17:01:33,7248.94,6635.0,-0.0002,35.0
17:01:33,7248.94,6640.0,-0.0001,0.0
17:01:33,7248.94,6650.0,-0.0023,15.0
17:01:33,7248.94,6655.0,-0.0001,0.0
17:01:33,7248.94,6660.0,0.0001,492.0
17:01:33,7248.94,6665.0,-0.0002,0.0
17:01:33,7248.94,6670.0,0.0001,74.0
17:01:33,7248.94,6675.0,-0.0011,51.0
17:01:33,7248.94,6680.0,-0.0047,0.0
17:01:33,7248.94,6685.0,-0.0032,2.0
17:01:33,7248.94,6690.0,-0.0013,1.0
17:01:33,7248.94,6695.0,-0.0009,20.0
17:01:33,7248.94,6700.0,-0.0069,11.0
17:01:33,7248.94,6705.0,-0.0013,0.0
17:01:33,7248.94,6710.0,-0.0016,5.0
17:01:33,7248.94,6715.0,-0.0042,2.0
17:01:33,7248.94,6720.0,-0.0092,4.0
17:01:33,7248.94,6725.0,-0.0037,3.0
17:01:33,7248.94,6730.0,-0.0012,2.0
17:01:33,7248.94,6735.0,-0.0049,2.0
17:01:33,7248.94,6740.0,-0.0013,1.0
17:01:33,7248.94,6745.0,-0.0035,3.0
17:01:33,7248.94,6750.0,-0.0221,39.0
17:01:33,7248.94,6755.0,-0.0182,45.0
17:01:33,7248.94,6760.0,0.0083,5.0
17:01:33,7248.94,6765.0,-0.0098,9.0
17:01:33,7248.94,6770.0,-0.0337,1.0
17:01:33,7248.94,6775.0,-0.0365,71.0
17:01:33,7248.94,6780.0,-0.0277,1.0
17:01:33,7248.94,6785.0,-0.0185,44.0
17:01:33,7248.94,6790.0,-0.048,10.0
17:01:33,7248.94,6795.0,-0.0647,1.0
17:01:33,7248.94,6800.0,-0.5797,462.0
17:01:33,7248.94,6805.0,-0.0809,3.0
17:01:33,7248.94,6810.0,-0.1296,6.0
17:01:33,7248.94,6815.0,-0.0996,25.0
17:01:33,7248.94,6820.0,-0.7284,82.0
17:01:33,7248.94,6825.0,-0.7759,56.0
17:01:33,7248.94,6830.0,-0.0858,71.0
17:01:33,7248.94,6835.0,-0.2449,132.0
17:01:33,7248.94,6840.0,-0.2445,291.0
17:01:33,7248.94,6845.0,-0.1809,437.0
17:01:33,7248.94,6850.0,-2.3788,1852.0
17:01:33,7248.94,6855.0,-0.2367,793.0
17:01:33,7248.94,6860.0,-2.6264,827.0
17:01:33,7248.94,6865.0,-0.4485,192.0
17:01:33,7248.94,6870.0,-0.5421,220.0
17:01:33,7248.94,6875.0,-4.48,216.0
17:01:33,7248.94,6880.0,-0.4827,77.0
17:01:33,7248.94,6885.0,-4.1482,243.0
17:01:33,7248.94,6890.0,-3.0111,79.0
17:01:33,7248.94,6895.0,-2.1732,465.0
17:01:33,7248.94,6900.0,-11.3328,1037.0
17:01:33,7248.94,6905.0,-2.5469,830.0
17:01:33,7248.94,6910.0,1.3637,331.0
17:01:33,7248.94,6915.0,-2.9821,355.0
17:01:33,7248.94,6920.0,-8.0644,222.0
17:01:33,7248.94,6925.0,-9.3659,327.0
17:01:33,7248.94,6930.0,-1.6236,328.0
17:01:33,7248.94,6935.0,-1.9247,83.0
17:01:33,7248.94,6940.0,-2.5397,253.0
17:01:33,7248.94,6945.0,-2.5381,118.0
17:01:33,7248.94,6950.0,-13.8043,827.0
17:01:33,7248.94,6955.0,-1.8714,58.0
17:01:33,7248.94,6960.0,-16.2555,74.0
17:01:33,7248.94,6965.0,-4.2135,158.0
17:01:33,7248.94,6970.0,-5.1682,247.0
17:01:33,7248.94,6975.0,-33.9173,408.0
17:01:33,7248.94,6980.0,-8.6579,769.0
17:01:33,7248.94,6985.0,-34.1354,985.0
17:01:33,7248.94,6990.0,-4.5772,717.0
17:01:33,7248.94,6995.0,-6.6141,967.0
17:01:33,7248.94,7000.0,-14.8272,2727.0
17:01:33,7248.94,7005.0,-9.5663,1210.0
17:01:33,7248.94,7010.0,-15.8208,813.0
17:01:33,7248.94,7015.0,-13.7836,1338.0
17:01:33,7248.94,7020.0,-14.3395,1252.0
17:01:33,7248.94,7025.0,-4.3179,1089.0
17:01:33,7248.94,7030.0,-17.3488,1545.0
17:01:33,7248.94,7035.0,-22.2776,1961.0
17:01:33,7248.94,7040.0,-11.2384,1107.0
17:01:33,7248.94,7045.0,-10.6422,1447.0
17:01:33,7248.94,7050.0,-38.4584,3473.0
17:01:33,7248.94,7055.0,-22.8132,3229.0
17:01:33,7248.94,7060.0,-24.1434,2170.0
17:01:33,7248.94,7065.0,-29.8017,2093.0
17:01:33,7248.94,7070.0,-25.2869,2226.0
17:01:33,7248.94,7075.0,-21.3505,1917.0
17:01:33,7248.94,7080.0,-41.5724,1820.0
17:01:33,7248.94,7085.0,-18.583,2047.0
17:01:33,7248.94,7090.0,-32.7392,1734.0
17:01:33,7248.94,7095.0,-41.9107,2316.0
17:01:33,7248.94,7100.0,-52.1093,4209.0
17:01:33,7248.94,7105.0,-9.1045,2100.0
17:01:33,7248.94,7110.0,-32.4586,3338.0
17:01:33,7248.94,7115.0,-20.5308,3162.0
17:01:33,7248.94,7120.0,-70.3903,3418.0
17:01:33,7248.94,7125.0,-32.4087,3335.0
17:01:33,7248.94,7130.0,-89.5263,4516.0
17:01:33,7248.94,7135.0,-44.9487,3261.0
17:01:33,7248.94,7140.0,-85.9759,4635.0
17:01:33,7248.94,7145.0,-40.5185,4458.0
17:01:33,7248.94,7150.0,4.8591,9850.0
17:01:33,7248.94,7155.0,-26.9607,6090.0
17:01:33,7248.94,7160.0,-124.0535,9629.0
17:01:33,7248.94,7165.0,120.6085,5718.0
17:01:33,7248.94,7170.0,-34.1424,8102.0
17:01:33,7248.94,7175.0,-126.5668,11727.0
17:01:33,7248.94,7180.0,81.25,15892.0
17:01:33,7248.94,7185.0,-103.7955,10415.0
17:01:33,7248.94,7190.0,17.6887,13418.0
17:01:33,7248.94,7195.0,95.0228,11594.0
17:01:33,7248.94,7200.0,2514.3554,31838.0
17:01:33,7248.94,7205.0,225.8094,14356.0
17:01:33,7248.94,7210.0,247.9451,21043.0
17:01:33,7248.94,7215.0,521.9007,18487.0
17:01:33,7248.94,7220.0,703.2849,29050.0
17:01:33,7248.94,7225.0,798.3189,23447.0
17:01:33,7248.94,7230.0,1455.9984,31710.0
17:01:33,7248.94,7235.0,773.7495,26789.0
17:01:33,7248.94,7240.0,1500.4617,43432.0
17:01:33,7248.94,7245.0,3226.298,44661.0
17:01:33,7248.94,7250.0,4857.8988,65604.0
17:01:33,7248.94,7255.0,2313.0656,44132.0
17:01:33,7248.94,7260.0,1877.9827,60438.0
17:01:33,7248.94,7265.0,1499.656,54157.0
17:01:33,7248.94,7270.0,1710.3634,61333.0
17:01:33,7248.94,7275.0,4676.6382,51956.0
17:01:33,7248.94,7280.0,9136.5684,74782.0
17:01:33,7248.94,7285.0,3005.7988,42157.0
17:01:33,7248.94,7290.0,3704.3813,45332.0
17:01:33,7248.94,7295.0,330.5021,22531.0
17:01:33,7248.94,7300.0,1230.2416,71161.0
17:01:33,7248.94,7305.0,304.8211,15054.0
17:01:33,7248.94,7310.0,892.4657,14466.0
17:01:33,7248.94,7315.0,102.1765,6573.0
17:01:33,7248.94,7320.0,121.7326,7212.0
17:01:33,7248.94,7325.0,95.1886,9016.0
17:01:33,7248.94,7330.0,73.6338,3573.0
17:01:33,7248.94,7335.0,22.9063,3823.0
17:01:33,7248.94,7340.0,921.417,3843.0
17:01:33,7248.94,7345.0,13.564,2455.0
17:01:33,7248.94,7350.0,282.8498,3805.0
17:01:33,7248.94,7355.0,31.6115,2106.0
17:01:33,7248.94,7360.0,39.959,1818.0
17:01:33,7248.94,7365.0,4.6252,1502.0
17:01:33,7248.94,7370.0,23.703,1990.0
17:01:33,7248.94,7375.0,84.1207,5485.0
17:01:33,7248.94,7380.0,13.2725,4131.0
17:01:33,7248.94,7385.0,5.5802,9649.0
17:01:33,7248.94,7390.0,12.0384,1512.0
17:01:33,7248.94,7395.0,10.6974,1157.0
17:01:33,7248.94,7400.0,19.3656,5826.0
17:01:33,7248.94,7405.0,4.1145,516.0
17:01:33,7248.94,7410.0,4.8405,465.0
17:01:33,7248.94,7415.0,7.2676,1143.0
17:01:33,7248.94,7420.0,5.3574,613.0
17:01:33,7248.94,7425.0,9.2007,71.0
17:01:33,7248.94,7430.0,10.042,32.0
17:01:33,7248.94,7440.0,1.0108,97.0
17:01:33,7248.94,7450.0,1.7187,84.0
17:01:33,7248.94,7460.0,0.6759,5.0
17:01:33,7248.94,7470.0,0.8375,29.0
17:01:33,7248.94,7475.0,0.7522,10.0
17:01:33,7248.94,7480.0,0.1132,25.0
17:01:33,7248.94,7490.0,0.055,8.0
17:01:33,7248.94,7500.0,0.2218,0.0
17:01:33,7248.94,7510.0,0.0167,0.0
17:01:33,7248.94,7525.0,0.0512,3.0
17:01:33,7248.94,7550.0,0.0012,2.0
17:01:33,7248.94,7590.0,0.0,7.0
17:01:33,7248.94,7625.0,0.0,1.0
17:01:33,7248.94,7925.0,-0.0,16.0
17:01:33,7248.94,8400.0,0.0,2.0
17:01:33,7248.94,8600.0,0.0,3.0
17:01:33,7248.94,8800.0,0.0,17.0
17:01:33,7248.94,9000.0,-0.0245,0.0
17:01:33,7248.94,9200.0,0.0,27.0
17:04:02,7247.85,1600.0,0.0,1.0
17:04:02,7247.85,2400.0,-0.0,1.0
17:04:02,7247.85,4400.0,-0.0,2.0
17:04:02,7247.85,5000.0,-0.0,5.0
17:04:02,7247.85,5400.0,-0.0,3.0
17:04:02,7247.85,5850.0,-0.0,1.0
17:04:02,7247.85,6000.0,-0.0,20.0
17:04:02,7247.85,6010.0,-0.0,4.0
17:04:02,7247.85,6050.0,-0.0,1.0
17:04:02,7247.85,6100.0,-0.0,7.0
17:04:02,7247.85,6175.0,-0.0,1.0
17:04:02,7247.85,6300.0,-0.0,1.0
17:04:02,7247.85,6400.0,-0.0,111.0
17:04:02,7247.85,6430.0,-0.0,1.0
17:04:02,7247.85,6450.0,-0.0,1.0
17:04:02,7247.85,6460.0,-0.0,70.0
17:04:02,7247.85,6480.0,-0.0,2.0
17:04:02,7247.85,6490.0,-0.0,1.0
17:04:02,7247.85,6495.0,-0.0,2.0
17:04:02,7247.85,6500.0,-0.0,71.0
17:04:02,7247.85,6510.0,-0.0,20.0
17:04:02,7247.85,6520.0,-0.0,14.0
17:04:02,7247.85,6540.0,-0.0,20.0
17:04:02,7247.85,6550.0,-0.0,22.0
17:04:02,7247.85,6570.0,-0.0,2.0
17:04:02,7247.85,6580.0,-0.0,2.0
17:04:02,7247.85,6590.0,-0.0,1.0
17:04:02,7247.85,6595.0,-0.0001,808.0
17:04:02,7247.85,6600.0,-0.0003,5.0
17:04:02,7247.85,6625.0,-0.0002,0.0
17:04:02,7247.85,6630.0,-0.0,35.0
17:04:02,7247.85,6635.0,-0.0002,35.0
17:04:02,7247.85,6650.0,-0.0023,15.0
17:04:02,7247.85,6655.0,-0.0001,0.0
17:04:02,7247.85,6660.0,0.0001,509.0
17:04:02,7247.85,6665.0,-0.0002,0.0
17:04:02,7247.85,6670.0,0.0001,74.0
17:04:02,7247.85,6675.0,-0.0012,51.0
17:04:02,7247.85,6680.0,-0.0048,0.0
17:04:02,7247.85,6685.0,-0.0032,2.0
17:04:02,7247.85,6690.0,-0.0013,1.0
17:04:02,7247.85,6695.0,-0.0009,20.0
17:04:02,7247.85,6700.0,-0.0069,11.0
17:04:02,7247.85,6705.0,-0.0013,0.0
17:04:02,7247.85,6710.0,-0.0016,5.0
17:04:02,7247.85,6715.0,-0.0042,2.0
17:04:02,7247.85,6720.0,-0.0092,4.0
17:04:02,7247.85,6725.0,-0.0037,3.0
17:04:02,7247.85,6730.0,-0.0012,2.0
17:04:02,7247.85,6735.0,-0.0048,2.0
17:04:02,7247.85,6740.0,-0.0013,1.0
17:04:02,7247.85,6745.0,-0.0035,3.0
17:04:02,7247.85,6750.0,-0.0221,39.0
17:04:02,7247.85,6755.0,-0.0182,45.0
17:04:02,7247.85,6760.0,0.0083,5.0
17:04:02,7247.85,6765.0,-0.0098,9.0
17:04:02,7247.85,6770.0,-0.0337,1.0
17:04:02,7247.85,6775.0,-0.0365,71.0
17:04:02,7247.85,6780.0,-0.0277,2.0
17:04:02,7247.85,6785.0,-0.0185,44.0
17:04:02,7247.85,6790.0,-0.048,10.0
17:04:02,7247.85,6795.0,-0.0646,1.0
17:04:02,7247.85,6800.0,-0.5795,462.0
17:04:02,7247.85,6805.0,-0.0809,3.0
17:04:02,7247.85,6810.0,-0.1295,6.0
17:04:02,7247.85,6815.0,-0.0996,25.0
17:04:02,7247.85,6820.0,-0.5061,82.0
17:04:02,7247.85,6825.0,-0.6982,56.0
17:04:02,7247.85,6830.0,-0.0758,71.0
17:04:02,7247.85,6835.0,-0.2449,132.0
17:04:02,7247.85,6840.0,-0.2204,293.0
17:04:02,7247.85,6845.0,-0.1655,463.0
17:04:02,7247.85,6850.0,-2.19,1938.0
17:04:02,7247.85,6855.0,-0.2187,793.0
17:04:02,7247.85,6860.0,-2.4493,828.0
17:04:02,7247.85,6865.0,-0.4183,192.0
17:04:02,7247.85,6870.0,-0.4973,220.0
17:04:02,7247.85,6875.0,-4.1523,217.0
17:04:02,7247.85,6880.0,-0.4191,77.0
17:04:02,7247.85,6885.0,-3.8832,243.0
17:04:02,7247.85,6890.0,-3.0431,79.0
17:04:02,7247.85,6895.0,-2.1725,465.0
17:04:02,7247.85,6900.0,-11.119,1039.0
17:04:02,7247.85,6905.0,-2.5462,830.0
17:04:02,7247.85,6910.0,1.3633,331.0
17:04:02,7247.85,6915.0,-2.7989,355.0
17:04:02,7247.85,6920.0,-8.0619,222.0
17:04:02,7247.85,6925.0,-9.2279,327.0
17:04:02,7247.85,6930.0,-1.5721,328.0
17:04:02,7247.85,6935.0,-1.9081,84.0
17:04:02,7247.85,6940.0,-2.5448,256.0
17:04:02,7247.85,6945.0,-2.5825,118.0
17:04:02,7247.85,6950.0,-14.898,833.0
17:04:02,7247.85,6955.0,-1.8595,58.0
17:04:02,7247.85,6960.0,-16.3534,86.0
17:04:02,7247.85,6965.0,-4.1697,158.0
17:04:02,7247.85,6970.0,-5.0052,247.0
17:04:02,7247.85,6975.0,-36.9428,409.0
17:04:02,7247.85,6980.0,-8.4848,769.0
17:04:02,7247.85,6985.0,-34.1061,985.0
17:04:02,7247.85,6990.0,-4.3581,720.0
17:04:02,7247.85,6995.0,-6.2258,989.0
17:04:02,7247.85,7000.0,-15.2673,2777.0
17:04:02,7247.85,7005.0,-8.9642,1216.0
17:04:02,7247.85,7010.0,-14.6566,816.0
17:04:02,7247.85,7015.0,-12.8994,1341.0
17:04:02,7247.85,7020.0,-13.1037,1248.0
17:04:02,7247.85,7025.0,-3.6123,1090.0
17:04:02,7247.85,7030.0,-15.623,1545.0
17:04:02,7247.85,7035.0,-25.2311,1962.0
17:04:02,7247.85,7040.0,-10.0508,1111.0
17:04:02,7247.85,7045.0,-10.8462,1448.0
17:04:02,7247.85,7050.0,-37.6612,3482.0
17:04:02,7247.85,7055.0,-21.0867,3243.0
17:04:02,7247.85,7060.0,-21.9935,2182.0
17:04:02,7247.85,7065.0,-27.7297,2135.0
17:04:02,7247.85,7070.0,-25.1877,2248.0
17:04:02,7247.85,7075.0,-20.1848,1959.0
17:04:02,7247.85,7080.0,-41.3681,1832.0
17:04:02,7247.85,7085.0,-17.6917,2056.0
17:04:02,7247.85,7090.0,-32.4113,1751.0
17:04:02,7247.85,7095.0,-40.5115,2335.0
17:04:02,7247.85,7100.0,-54.2373,4231.0
17:04:02,7247.85,7105.0,-9.0942,2113.0
17:04:02,7247.85,7110.0,-31.1672,3350.0
17:04:02,7247.85,7115.0,-22.6308,3169.0
17:04:02,7247.85,7120.0,-66.6638,3436.0
17:04:02,7247.85,7125.0,-34.8129,3365.0
17:04:02,7247.85,7130.0,-89.4994,4560.0
17:04:02,7247.85,7135.0,-48.6987,3285.0
17:04:02,7247.85,7140.0,-85.95,4694.0
17:04:02,7247.85,7145.0,-48.1378,4497.0
17:04:02,7247.85,7150.0,-4.088,9959.0
17:04:02,7247.85,7155.0,-34.5846,6191.0
17:04:02,7247.85,7160.0,-121.8303,9765.0
17:04:02,7247.85,7165.0,92.7316,5815.0
17:04:02,7247.85,7170.0,7.3728,8227.0
17:04:02,7247.85,7175.0,-138.2412,11802.0
17:04:02,7247.85,7180.0,120.1456,16013.0
17:04:02,7247.85,7185.0,-158.5081,10730.0
17:04:02,7247.85,7190.0,54.41,13671.0
17:04:02,7247.85,7195.0,74.9109,11884.0
17:04:02,7247.85,7200.0,2482.7088,32847.0
17:04:02,7247.85,7205.0,191.731,14886.0
17:04:02,7247.85,7210.0,334.1568,21793.0
17:04:02,7247.85,7215.0,470.7824,19080.0
17:04:02,7247.85,7220.0,809.3138,29873.0
17:04:02,7247.85,7225.0,979.7911,24323.0
17:04:02,7247.85,7230.0,1612.304,32523.0
17:04:02,7247.85,7235.0,794.0451,27645.0
17:04:02,7247.85,7240.0,1577.2263,44971.0
17:04:02,7247.85,7245.0,3267.3505,45693.0
17:04:02,7247.85,7250.0,4741.0079,67729.0
17:04:02,7247.85,7255.0,2330.1711,45611.0
17:04:02,7247.85,7260.0,1708.8898,62077.0
17:04:02,7247.85,7265.0,1479.6506,55273.0
17:04:02,7247.85,7270.0,1379.3891,63079.0
17:04:02,7247.85,7275.0,3609.8949,53377.0
17:04:02,7247.85,7280.0,6744.5884,75896.0
17:04:02,7247.85,7285.0,2194.0806,42899.0
17:04:02,7247.85,7290.0,2764.5946,48751.0
17:04:02,7247.85,7295.0,331.3745,23272.0
17:04:02,7247.85,7300.0,1027.3428,74575.0
17:04:02,7247.85,7305.0,304.733,15331.0
17:04:02,7247.85,7310.0,837.2823,14654.0
17:04:02,7247.85,7315.0,102.2687,6966.0
17:04:02,7247.85,7320.0,112.1842,7318.0
17:04:02,7247.85,7325.0,94.335,9049.0
17:04:02,7247.85,7330.0,75.2889,3588.0
17:04:02,7247.85,7335.0,22.9249,3861.0
17:04:02,7247.85,7340.0,994.5707,3886.0
17:04:02,7247.85,7345.0,13.5599,2534.0
17:04:02,7247.85,7350.0,315.435,3823.0
17:04:02,7247.85,7355.0,31.602,2126.0
17:04:02,7247.85,7360.0,44.877,1822.0
17:04:02,7247.85,7365.0,4.6286,1511.0
17:04:02,7247.85,7370.0,20.792,1993.0
17:04:02,7247.85,7375.0,84.0954,5513.0
17:04:02,7247.85,7380.0,13.2711,4137.0
17:04:02,7247.85,7385.0,5.5896,9650.0
17:04:02,7247.85,7390.0,12.0348,1613.0
17:04:02,7247.85,7395.0,8.7551,1236.0
17:04:02,7247.85,7400.0,21.7727,5826.0
17:04:02,7247.85,7405.0,4.1133,516.0
17:04:02,7247.85,7410.0,4.8405,465.0
17:04:02,7247.85,7415.0,7.3481,1156.0
17:04:02,7247.85,7420.0,5.3745,613.0
17:04:02,7247.85,7425.0,8.4484,72.0
17:04:02,7247.85,7430.0,10.044,33.0
17:04:02,7247.85,7440.0,1.0105,97.0
17:04:02,7247.85,7450.0,1.8161,84.0
17:04:02,7247.85,7460.0,0.6761,5.0
17:04:02,7247.85,7470.0,0.8386,29.0
17:04:02,7247.85,7475.0,0.6344,10.0
17:04:02,7247.85,7480.0,0.1132,25.0
17:04:02,7247.85,7490.0,0.0447,8.0
17:04:02,7247.85,7500.0,0.2226,0.0
17:04:02,7247.85,7510.0,0.0167,0.0
17:04:02,7247.85,7525.0,0.0512,3.0
17:04:02,7247.85,7550.0,0.0007,2.0
17:04:02,7247.85,7590.0,0.0,7.0
17:04:02,7247.85,7625.0,0.0,1.0
17:04:02,7247.85,7925.0,-0.0,16.0
17:04:02,7247.85,8400.0,0.0,2.0
17:04:02,7247.85,8600.0,0.0,3.0
17:04:02,7247.85,8800.0,0.0,17.0
17:04:02,7247.85,9000.0,-0.0236,0.0
17:04:02,7247.85,9200.0,0.0,27.0
17:20:53,7246.2,1600.0,0.0,1.0
17:20:53,7246.2,3800.0,-0.0,4.0
17:20:53,7246.2,4400.0,0.0,2.0
17:20:53,7246.2,5000.0,0.0,5.0
17:20:53,7246.2,5400.0,0.0,3.0
17:20:53,7246.2,5850.0,-0.0,1.0
17:20:53,7246.2,6000.0,0.0,20.0
17:20:53,7246.2,6010.0,-0.0,4.0
17:20:53,7246.2,6050.0,-0.0,1.0
17:20:53,7246.2,6100.0,-0.0,7.0
17:20:53,7246.2,6175.0,-0.0,1.0
17:20:53,7246.2,6300.0,-0.0,1.0
17:20:53,7246.2,6400.0,-0.0,111.0
17:20:53,7246.2,6430.0,0.0,1.0
17:20:53,7246.2,6450.0,-0.0,1.0
17:20:53,7246.2,6460.0,-0.0,70.0
17:20:53,7246.2,6480.0,-0.0,3.0
17:20:53,7246.2,6490.0,-0.0,1.0
17:20:53,7246.2,6495.0,-0.0,2.0
17:20:53,7246.2,6500.0,-0.0,71.0
17:20:53,7246.2,6510.0,-0.0,20.0
17:20:53,7246.2,6520.0,-0.0,14.0
17:20:53,7246.2,6540.0,-0.0,20.0
17:20:53,7246.2,6550.0,-0.0,22.0
17:20:53,7246.2,6570.0,-0.0,2.0
17:20:53,7246.2,6580.0,-0.0,2.0
17:20:53,7246.2,6590.0,-0.0,1.0
17:20:53,7246.2,6595.0,-0.0,808.0
17:20:53,7246.2,6600.0,-0.0003,5.0
17:20:53,7246.2,6605.0,-0.0,40.0
17:20:53,7246.2,6620.0,0.0,1.0
17:20:53,7246.2,6625.0,-0.0002,0.0
17:20:53,7246.2,6630.0,-0.0,35.0
17:20:53,7246.2,6635.0,-0.0,40.0
17:20:53,7246.2,6650.0,-0.0023,15.0
17:20:53,7246.2,6660.0,0.0001,509.0
17:20:53,7246.2,6670.0,0.0001,74.0
17:20:53,7246.2,6675.0,-0.0012,51.0
17:20:53,7246.2,6680.0,-0.0048,0.0
17:20:53,7246.2,6685.0,-0.0004,2.0
17:20:53,7246.2,6690.0,-0.0013,1.0
17:20:53,7246.2,6695.0,-0.0001,20.0
17:20:53,7246.2,6700.0,-0.0095,11.0
17:20:53,7246.2,6705.0,-0.0002,0.0
17:20:53,7246.2,6710.0,-0.002,5.0
17:20:53,7246.2,6715.0,-0.0005,2.0
17:20:53,7246.2,6720.0,-0.0102,4.0
17:20:53,7246.2,6725.0,-0.0056,3.0
17:20:53,7246.2,6730.0,-0.0021,2.0
17:20:53,7246.2,6735.0,-0.0007,0.0
17:20:53,7246.2,6740.0,-0.0023,1.0
17:20:53,7246.2,6745.0,-0.0005,3.0
17:20:53,7246.2,6750.0,-0.0277,40.0
17:20:53,7246.2,6755.0,-0.0021,45.0
17:20:53,7246.2,6760.0,-0.0049,5.0
17:20:53,7246.2,6765.0,-0.0014,9.0
17:20:53,7246.2,6770.0,-0.0366,1.0
17:20:53,7246.2,6775.0,-0.0455,72.0
17:20:53,7246.2,6780.0,-0.0344,82.0
17:20:53,7246.2,6785.0,-0.0018,44.0
17:20:53,7246.2,6790.0,-0.0518,10.0
17:20:53,7246.2,6795.0,-0.0122,1.0
17:20:53,7246.2,6800.0,-0.6331,459.0
17:20:53,7246.2,6805.0,-0.013,3.0
17:20:53,7246.2,6810.0,-0.1357,6.0
17:20:53,7246.2,6815.0,-0.0203,25.0
17:20:53,7246.2,6820.0,-0.5197,82.0
17:20:53,7246.2,6825.0,-0.7434,56.0
17:20:53,7246.2,6830.0,-0.0921,71.0
17:20:53,7246.2,6835.0,-0.0548,132.0
17:20:53,7246.2,6840.0,-0.2559,293.0
17:20:53,7246.2,6845.0,-0.1654,463.0
17:20:53,7246.2,6850.0,-2.3571,1938.0
17:20:53,7246.2,6855.0,-0.2186,808.0
17:20:53,7246.2,6860.0,-2.5,828.0
17:20:53,7246.2,6865.0,-0.4181,191.0
17:20:53,7246.2,6870.0,-0.5746,220.0
17:20:53,7246.2,6875.0,-4.333,230.0
17:20:53,7246.2,6880.0,-0.5393,77.0
17:20:53,7246.2,6885.0,-3.8815,244.0
17:20:53,7246.2,6890.0,-3.0417,81.0
17:20:53,7246.2,6895.0,-0.9178,467.0
17:20:53,7246.2,6900.0,-12.2554,1040.0
17:20:53,7246.2,6905.0,-1.183,830.0
17:20:53,7246.2,6910.0,2.0136,332.0
17:20:53,7246.2,6915.0,-1.527,374.0
17:20:53,7246.2,6920.0,-5.0602,231.0
17:20:53,7246.2,6925.0,-9.2941,327.0
17:20:53,7246.2,6930.0,-0.6542,330.0
17:20:53,7246.2,6935.0,-1.2372,95.0
17:20:53,7246.2,6940.0,-1.7234,382.0
17:20:53,7246.2,6945.0,-1.8828,122.0
17:20:53,7246.2,6950.0,-15.9196,834.0
17:20:53,7246.2,6955.0,-1.4664,60.0
17:20:53,7246.2,6960.0,-12.2667,79.0
17:20:53,7246.2,6965.0,-3.0431,177.0
17:20:53,7246.2,6970.0,-2.856,300.0
17:20:53,7246.2,6975.0,-37.6627,409.0
17:20:53,7246.2,6980.0,-5.6567,770.0
17:20:53,7246.2,6985.0,-23.7552,991.0
17:20:53,7246.2,6990.0,-3.0043,724.0
17:20:53,7246.2,6995.0,-4.6886,993.0
17:20:53,7246.2,7000.0,-15.888,2783.0
17:20:53,7246.2,7005.0,-7.0682,1239.0
17:20:53,7246.2,7010.0,-11.444,825.0
17:20:53,7246.2,7015.0,-10.3867,1349.0
17:20:53,7246.2,7020.0,-10.3146,1264.0
17:20:53,7246.2,7025.0,-3.6107,1091.0
17:20:53,7246.2,7030.0,-11.9601,1719.0
17:20:53,7246.2,7035.0,-23.4258,2013.0
17:20:53,7246.2,7040.0,-7.4417,1210.0
17:20:53,7246.2,7045.0,-10.8413,1448.0
17:20:53,7246.2,7050.0,-43.8487,3479.0
17:20:53,7246.2,7055.0,-21.0771,3244.0
17:20:53,7246.2,7060.0,-21.9835,2197.0
17:20:53,7246.2,7065.0,-27.7171,2135.0
17:20:53,7246.2,7070.0,-23.3264,2299.0
17:20:53,7246.2,7075.0,-21.8853,1959.0
17:20:53,7246.2,7080.0,-39.1628,1991.0
17:20:53,7246.2,7085.0,-17.6837,2056.0
17:20:53,7246.2,7090.0,-31.2368,1784.0
17:20:53,7246.2,7095.0,-40.493,2339.0
17:20:53,7246.2,7100.0,-54.2126,4235.0
17:20:53,7246.2,7105.0,-9.09,2113.0
17:20:53,7246.2,7110.0,-22.9958,3443.0
17:20:53,7246.2,7115.0,-22.6204,3169.0
17:20:53,7246.2,7120.0,-50.4143,3477.0
17:20:53,7246.2,7125.0,-31.1412,3527.0
17:20:53,7246.2,7130.0,-64.6823,4685.0
17:20:53,7246.2,7135.0,-48.6766,3285.0
17:20:53,7246.2,7140.0,-63.4362,5064.0
17:20:53,7246.2,7145.0,-48.1159,4497.0
17:20:53,7246.2,7150.0,-4.0861,9985.0
17:20:53,7246.2,7155.0,-34.5689,6191.0
17:20:53,7246.2,7160.0,-87.2227,10088.0
17:20:53,7246.2,7165.0,92.6894,5815.0
17:20:53,7246.2,7170.0,-67.7526,8610.0
17:20:53,7246.2,7175.0,-153.2547,12859.0
17:20:53,7246.2,7180.0,33.4725,17075.0
17:20:53,7246.2,7185.0,-135.405,10910.0
17:20:53,7246.2,7190.0,-5.2053,15100.0
17:20:53,7246.2,7195.0,81.2108,12097.0
17:20:53,7246.2,7200.0,1859.4947,32978.0
17:20:53,7246.2,7205.0,195.7216,15437.0
17:20:53,7246.2,7210.0,153.2225,24445.0
17:20:53,7246.2,7215.0,470.5681,19553.0
17:20:53,7246.2,7220.0,652.2775,33212.0
17:20:53,7246.2,7225.0,964.1849,27249.0
17:20:53,7246.2,7230.0,1611.57,33665.0
17:20:53,7246.2,7235.0,797.4436,28740.0
17:20:53,7246.2,7240.0,1559.2509,46622.0
17:20:53,7246.2,7245.0,3351.7705,47615.0
17:20:53,7246.2,7250.0,4743.0546,70735.0
17:20:53,7246.2,7255.0,2329.1103,47376.0
17:20:53,7246.2,7260.0,1760.8736,66735.0
17:20:53,7246.2,7265.0,1478.977,56847.0
17:20:53,7246.2,7270.0,1472.904,68517.0
17:20:53,7246.2,7275.0,4896.8621,57560.0
17:20:53,7246.2,7280.0,7518.994,79970.0
17:20:53,7246.2,7285.0,2189.2744,43443.0
17:20:53,7246.2,7290.0,3019.9774,51102.0
17:20:53,7246.2,7295.0,222.6145,23518.0
17:20:53,7246.2,7300.0,1284.5883,76001.0
17:20:53,7246.2,7305.0,247.3826,15442.0
17:20:53,7246.2,7310.0,709.1991,15105.0
17:20:53,7246.2,7315.0,83.2817,6994.0
17:20:53,7246.2,7320.0,112.1331,7318.0
17:20:53,7246.2,7325.0,94.2999,9177.0
17:20:53,7246.2,7330.0,75.2547,3588.0
17:20:53,7246.2,7335.0,17.3584,3971.0
17:20:53,7246.2,7340.0,994.118,3886.0
17:20:53,7246.2,7345.0,10.3312,2561.0
17:20:53,7246.2,7350.0,345.1226,3896.0
17:20:53,7246.2,7355.0,23.8588,2137.0
17:20:53,7246.2,7360.0,44.8566,1822.0
17:20:53,7246.2,7365.0,3.4345,1516.0
17:20:53,7246.2,7370.0,20.7826,1993.0
17:20:53,7246.2,7375.0,117.3233,5604.0
17:20:53,7246.2,7380.0,13.2651,4137.0
17:20:53,7246.2,7385.0,5.0023,9650.0
17:20:53,7246.2,7390.0,12.0293,1613.0
17:20:53,7246.2,7395.0,10.6102,1261.0
17:20:53,7246.2,7400.0,27.2824,6030.0
17:20:53,7246.2,7405.0,3.5292,516.0
17:20:53,7246.2,7410.0,4.8383,465.0
17:20:53,7246.2,7415.0,6.274,1156.0
17:20:53,7246.2,7420.0,5.3721,613.0
17:20:53,7246.2,7425.0,9.6463,81.0
17:20:53,7246.2,7430.0,10.0394,33.0
17:20:53,7246.2,7440.0,1.01,97.0
17:20:53,7246.2,7450.0,2.005,84.0
17:20:53,7246.2,7460.0,0.6758,5.0
17:20:53,7246.2,7470.0,0.8383,29.0
17:20:53,7246.2,7475.0,0.6432,10.0
17:20:53,7246.2,7480.0,0.1131,25.0
17:20:53,7246.2,7490.0,0.0446,8.0
17:20:53,7246.2,7500.0,0.2189,0.0
17:20:53,7246.2,7510.0,0.0167,0.0
17:20:53,7246.2,7525.0,0.0511,3.0
17:20:53,7246.2,7550.0,0.0007,2.0
17:20:53,7246.2,7590.0,0.0,7.0
17:20:53,7246.2,7625.0,0.0,1.0
17:20:53,7246.2,7925.0,-0.0,16.0
17:20:53,7246.2,8400.0,0.0,2.0
17:20:53,7246.2,8600.0,0.0,3.0
17:20:53,7246.2,8800.0,0.0,17.0
17:20:53,7246.2,9000.0,-0.0196,0.0
17:20:53,7246.2,9200.0,0.0,27.0
19:16:49,7254.69,1600.0,0.0,1.0
19:16:49,7254.69,3800.0,-0.0,4.0
19:16:49,7254.69,4400.0,0.0,2.0
19:16:49,7254.69,5000.0,0.0,5.0
19:16:49,7254.69,5400.0,-0.0,3.0
19:16:49,7254.69,5850.0,-0.0,1.0
19:16:49,7254.69,6000.0,0.0,20.0
19:16:49,7254.69,6010.0,-0.0,4.0
19:16:49,7254.69,6050.0,-0.0,1.0
19:16:49,7254.69,6100.0,-0.0,7.0
19:16:49,7254.69,6175.0,-0.0,1.0
19:16:49,7254.69,6300.0,-0.0,1.0
19:16:49,7254.69,6400.0,-0.0,111.0
19:16:49,7254.69,6430.0,0.0,1.0
19:16:49,7254.69,6450.0,-0.0,1.0
19:16:49,7254.69,6460.0,-0.0,70.0
19:16:49,7254.69,6480.0,-0.0,3.0
19:16:49,7254.69,6490.0,-0.0,1.0
19:16:49,7254.69,6495.0,-0.0,2.0
19:16:49,7254.69,6500.0,-0.0,71.0
19:16:49,7254.69,6510.0,-0.0,20.0
19:16:49,7254.69,6520.0,-0.0,14.0
19:16:49,7254.69,6540.0,-0.0,20.0
19:16:49,7254.69,6550.0,-0.0,22.0
19:16:49,7254.69,6570.0,-0.0,2.0
19:16:49,7254.69,6580.0,-0.0,2.0
19:16:49,7254.69,6590.0,-0.0,1.0
19:16:49,7254.69,6595.0,-0.0,808.0
19:16:49,7254.69,6600.0,-0.0003,5.0
19:16:49,7254.69,6605.0,-0.0,40.0
19:16:49,7254.69,6620.0,0.0,1.0
19:16:49,7254.69,6625.0,-0.0002,0.0
19:16:49,7254.69,6630.0,-0.0,35.0
19:16:49,7254.69,6635.0,-0.0,40.0
19:16:49,7254.69,6650.0,-0.0023,15.0
19:16:49,7254.69,6660.0,0.0001,509.0
19:16:49,7254.69,6670.0,0.0001,74.0
19:16:49,7254.69,6675.0,-0.0012,51.0
19:16:49,7254.69,6680.0,-0.0048,0.0
19:16:49,7254.69,6685.0,-0.0004,2.0
19:16:49,7254.69,6690.0,-0.0013,1.0
19:16:49,7254.69,6695.0,-0.0001,20.0
19:16:49,7254.69,6700.0,-0.0104,11.0
19:16:49,7254.69,6705.0,-0.0002,0.0
19:16:49,7254.69,6710.0,-0.0021,5.0
19:16:49,7254.69,6715.0,-0.0005,2.0
19:16:49,7254.69,6720.0,-0.0105,4.0
19:16:49,7254.69,6725.0,-0.0063,3.0
19:16:49,7254.69,6730.0,-0.0024,2.0
19:16:49,7254.69,6735.0,-0.0007,0.0
19:16:49,7254.69,6740.0,-0.0027,1.0
19:16:49,7254.69,6745.0,-0.0005,3.0
19:16:49,7254.69,6750.0,-0.03,41.0
19:16:49,7254.69,6755.0,-0.0021,45.0
19:16:49,7254.69,6760.0,-0.0107,5.0
19:16:49,7254.69,6765.0,-0.0014,9.0
19:16:49,7254.69,6770.0,-0.038,1.0
19:16:49,7254.69,6775.0,-0.0499,71.0
19:16:49,7254.69,6780.0,-0.0378,76.0
19:16:49,7254.69,6785.0,-0.0018,44.0
19:16:49,7254.69,6790.0,-0.0519,10.0
19:16:49,7254.69,6795.0,-0.0122,1.0
19:16:49,7254.69,6800.0,-0.6346,459.0
19:16:49,7254.69,6805.0,-0.0131,3.0
19:16:49,7254.69,6810.0,-0.136,6.0
19:16:49,7254.69,6815.0,-0.0203,25.0
19:16:49,7254.69,6820.0,-0.5209,82.0
19:16:49,7254.69,6825.0,-0.7452,56.0
19:16:49,7254.69,6830.0,-0.0924,71.0
19:16:49,7254.69,6835.0,-0.0549,132.0
19:16:49,7254.69,6840.0,-0.2565,293.0
19:16:49,7254.69,6845.0,-0.1658,463.0
19:16:49,7254.69,6850.0,-2.3626,1938.0
19:16:49,7254.69,6855.0,-0.2191,808.0
19:16:49,7254.69,6860.0,-2.5059,828.0
19:16:49,7254.69,6865.0,-0.4191,191.0
19:16:49,7254.69,6870.0,-0.5759,220.0
19:16:49,7254.69,6875.0,-4.3432,230.0
19:16:49,7254.69,6880.0,-0.5406,77.0
19:16:49,7254.69,6885.0,-3.8906,244.0
19:16:49,7254.69,6890.0,-3.0488,81.0
19:16:49,7254.69,6895.0,-0.92,467.0
19:16:49,7254.69,6900.0,-12.2841,1040.0
19:16:49,7254.69,6905.0,-1.1858,830.0
19:16:49,7254.69,6910.0,2.0183,332.0
19:16:49,7254.69,6915.0,-1.5305,374.0
19:16:49,7254.69,6920.0,-5.072,231.0
19:16:49,7254.69,6925.0,-9.3159,327.0
19:16:49,7254.69,6930.0,-0.6557,330.0
19:16:49,7254.69,6935.0,-1.2401,95.0
19:16:49,7254.69,6940.0,-1.7274,382.0
19:16:49,7254.69,6945.0,-1.8872,122.0
19:16:49,7254.69,6950.0,-15.9569,834.0
19:16:49,7254.69,6955.0,-1.4698,60.0
19:16:49,7254.69,6960.0,-12.2955,79.0
19:16:49,7254.69,6965.0,-3.0502,177.0
19:16:49,7254.69,6970.0,-2.8627,300.0
19:16:49,7254.69,6975.0,-37.751,409.0
19:16:49,7254.69,6980.0,-5.67,770.0
19:16:49,7254.69,6985.0,-23.8109,991.0
19:16:49,7254.69,6990.0,-3.0113,724.0
19:16:49,7254.69,6995.0,-4.6996,993.0
19:16:49,7254.69,7000.0,-15.9252,2783.0
19:16:49,7254.69,7005.0,-7.0847,1239.0
19:16:49,7254.69,7010.0,-11.4708,825.0
19:16:49,7254.69,7015.0,-10.4111,1349.0
19:16:49,7254.69,7020.0,-10.3388,1264.0
19:16:49,7254.69,7025.0,-3.6191,1091.0
19:16:49,7254.69,7030.0,-11.9881,1719.0
19:16:49,7254.69,7035.0,-18.2272,2013.0
19:16:49,7254.69,7040.0,-7.4591,1210.0
19:16:49,7254.69,7045.0,-7.2668,2253.0
19:16:49,7254.69,7050.0,-43.9515,3479.0
19:16:49,7254.69,7055.0,-14.8479,4144.0
19:16:49,7254.69,7060.0,-22.0351,2197.0
19:16:49,7254.69,7065.0,-18.8132,3298.0
19:16:49,7254.69,7070.0,-23.3811,2299.0
19:16:49,7254.69,7075.0,-21.9367,1959.0
19:16:49,7254.69,7080.0,-39.2546,1991.0
19:16:49,7254.69,7085.0,-9.9954,2665.0
19:16:49,7254.69,7090.0,-31.31,1784.0
19:16:49,7254.69,7095.0,-21.5802,3367.0
19:16:49,7254.69,7100.0,-54.3397,4235.0
19:16:49,7254.69,7105.0,-4.9219,3037.0
19:16:49,7254.69,7110.0,-23.0497,3443.0
19:16:49,7254.69,7115.0,-11.9706,4102.0
19:16:49,7254.69,7120.0,-50.5325,3477.0
19:16:49,7254.69,7125.0,-31.2142,3527.0
19:16:49,7254.69,7130.0,-64.8339,4685.0
19:16:49,7254.69,7135.0,-28.3886,5654.0
19:16:49,7254.69,7140.0,-63.5849,5064.0
19:16:49,7254.69,7145.0,-29.2139,7284.0
19:16:49,7254.69,7150.0,5.2177,9985.0
19:16:49,7254.69,7155.0,-20.56,8557.0
19:16:49,7254.69,7160.0,-87.4273,10088.0
19:16:49,7254.69,7165.0,51.4654,9993.0
19:16:49,7254.69,7170.0,-67.9115,8610.0
19:16:49,7254.69,7175.0,-153.6141,12859.0
19:16:49,7254.69,7180.0,33.551,17075.0
19:16:49,7254.69,7185.0,-116.7181,11760.0
19:16:49,7254.69,7190.0,-5.2175,15100.0
19:16:49,7254.69,7195.0,39.1025,13158.0
19:16:49,7254.69,7200.0,1863.8546,32978.0
19:16:49,7254.69,7205.0,127.771,17293.0
19:16:49,7254.69,7210.0,153.5818,24445.0
19:16:49,7254.69,7215.0,391.9829,22367.0
19:16:49,7254.69,7220.0,653.8069,33212.0
19:16:49,7254.69,7225.0,966.4456,27249.0
19:16:49,7254.69,7230.0,1405.0838,66084.0
19:16:49,7254.69,7235.0,812.6548,32040.0
19:16:49,7254.69,7240.0,1426.6848,84588.0
19:16:49,7254.69,7245.0,3445.6037,54083.0
19:16:49,7254.69,7250.0,4754.1755,70735.0
19:16:49,7254.69,7255.0,2520.525,53926.0
19:16:49,7254.69,7260.0,2064.3468,80615.0
19:16:49,7254.69,7265.0,1621.9543,61382.0
19:16:49,7254.69,7270.0,1887.8324,72306.0
19:16:49,7254.69,7275.0,4908.3436,57560.0
19:16:49,7254.69,7280.0,9741.0562,81136.0
19:16:49,7254.69,7285.0,3078.0291,46654.0
19:16:49,7254.69,7290.0,3821.0481,51663.0
19:16:49,7254.69,7295.0,341.6291,24380.0
19:16:49,7254.69,7300.0,1287.6003,76001.0
19:16:49,7254.69,7305.0,303.0393,16030.0
19:16:49,7254.69,7310.0,1033.7136,15133.0
19:16:49,7254.69,7315.0,94.5384,7104.0
19:16:49,7254.69,7320.0,71.028,10031.0
19:16:49,7254.69,7325.0,94.521,9177.0
19:16:49,7254.69,7330.0,46.4287,4722.0
19:16:49,7254.69,7335.0,24.1356,4049.0
19:16:49,7254.69,7340.0,643.0751,5204.0
19:16:49,7254.69,7345.0,14.939,2730.0
19:16:49,7254.69,7350.0,345.9318,3896.0
19:16:49,7254.69,7355.0,36.377,2163.0
19:16:49,7254.69,7360.0,35.4714,2478.0
19:16:49,7254.69,7365.0,5.419,1532.0
19:16:49,7254.69,7370.0,17.8227,2604.0
19:16:49,7254.69,7375.0,117.5984,5604.0
19:16:49,7254.69,7380.0,13.0735,6334.0
19:16:49,7254.69,7385.0,6.781,9717.0
19:16:49,7254.69,7390.0,11.4736,2445.0
19:16:49,7254.69,7395.0,16.1717,1439.0
19:16:49,7254.69,7400.0,27.2653,6030.0
19:16:49,7254.69,7405.0,4.603,516.0
19:16:49,7254.69,7410.0,5.3151,465.0
19:16:49,7254.69,7415.0,6.2864,1156.0
19:16:49,7254.69,7420.0,5.577,630.0
19:16:49,7254.69,7425.0,9.6689,81.0
19:16:49,7254.69,7430.0,9.895,40.0
19:16:49,7254.69,7440.0,0.9394,97.0
19:16:49,7254.69,7450.0,2.0099,84.0
19:16:49,7254.69,7460.0,0.5545,5.0
19:16:49,7254.69,7470.0,0.715,29.0
19:16:49,7254.69,7475.0,0.6447,10.0
19:16:49,7254.69,7480.0,0.0923,25.0
19:16:49,7254.69,7490.0,0.0447,8.0
19:16:49,7254.69,7500.0,0.2194,0.0
19:16:49,7254.69,7510.0,0.0119,0.0
19:16:49,7254.69,7525.0,0.0365,3.0
19:16:49,7254.69,7550.0,0.0007,2.0
19:16:49,7254.69,7590.0,0.0,7.0
19:16:49,7254.69,7625.0,0.0,1.0
19:16:49,7254.69,7650.0,0.0,10.0
19:16:49,7254.69,7925.0,-0.0,16.0
19:16:49,7254.69,8400.0,0.0,2.0
19:16:49,7254.69,8600.0,0.0,3.0
19:16:49,7254.69,8800.0,0.0,17.0
19:16:49,7254.69,9200.0,0.0,27.0
19:53:33,7248.58,1600.0,0.0,1.0
19:53:33,7248.58,3800.0,-0.0,4.0
19:53:33,7248.58,4400.0,0.0,2.0
19:53:33,7248.58,5000.0,0.0,5.0
19:53:33,7248.58,5400.0,-0.0,3.0
19:53:33,7248.58,5850.0,-0.0,1.0
19:53:33,7248.58,6000.0,0.0,20.0
19:53:33,7248.58,6010.0,-0.0,4.0
19:53:33,7248.58,6050.0,-0.0,1.0
19:53:33,7248.58,6100.0,-0.0,7.0
19:53:33,7248.58,6125.0,0.0,2.0
19:53:33,7248.58,6175.0,-0.0,1.0
19:53:33,7248.58,6225.0,0.0,1.0
19:53:33,7248.58,6300.0,-0.0,1.0
19:53:33,7248.58,6320.0,0.0,4.0
19:53:33,7248.58,6400.0,-0.0,111.0
19:53:33,7248.58,6430.0,0.0,1.0
19:53:33,7248.58,6450.0,-0.0,1.0
19:53:33,7248.58,6460.0,-0.0,70.0
19:53:33,7248.58,6480.0,-0.0,3.0
19:53:33,7248.58,6490.0,-0.0,1.0
19:53:33,7248.58,6495.0,-0.0,2.0
19:53:33,7248.58,6500.0,-0.0,71.0
19:53:33,7248.58,6510.0,-0.0,20.0
19:53:33,7248.58,6520.0,-0.0,14.0
19:53:33,7248.58,6540.0,-0.0,20.0
19:53:33,7248.58,6550.0,-0.0,22.0
19:53:33,7248.58,6570.0,-0.0,2.0
19:53:33,7248.58,6580.0,-0.0,2.0
19:53:33,7248.58,6590.0,-0.0,1.0
19:53:33,7248.58,6595.0,-0.0,808.0
19:53:33,7248.58,6600.0,-0.0003,5.0
19:53:33,7248.58,6605.0,-0.0,40.0
19:53:33,7248.58,6620.0,0.0,1.0
19:53:33,7248.58,6625.0,-0.0002,0.0
19:53:33,7248.58,6630.0,-0.0,35.0
19:53:33,7248.58,6635.0,-0.0,40.0
19:53:33,7248.58,6650.0,-0.0023,15.0
19:53:33,7248.58,6660.0,0.0001,509.0
19:53:33,7248.58,6670.0,0.0001,74.0
19:53:33,7248.58,6675.0,-0.0012,51.0
19:53:33,7248.58,6680.0,-0.0048,0.0
19:53:33,7248.58,6685.0,-0.0004,2.0
19:53:33,7248.58,6690.0,-0.0013,1.0
19:53:33,7248.58,6695.0,-0.0001,20.0
19:53:33,7248.58,6700.0,-0.0104,11.0
19:53:33,7248.58,6705.0,-0.0002,0.0
19:53:33,7248.58,6710.0,-0.0021,5.0
19:53:33,7248.58,6715.0,-0.0005,2.0
19:53:33,7248.58,6720.0,-0.0105,4.0
19:53:33,7248.58,6725.0,-0.0063,3.0
19:53:33,7248.58,6730.0,-0.0024,2.0
19:53:33,7248.58,6735.0,-0.0007,0.0
19:53:33,7248.58,6740.0,-0.0027,7.0
19:53:33,7248.58,6745.0,-0.0005,3.0
19:53:33,7248.58,6750.0,-0.03,42.0
19:53:33,7248.58,6755.0,-0.0021,45.0
19:53:33,7248.58,6760.0,-0.0107,5.0
19:53:33,7248.58,6765.0,-0.0014,9.0
19:53:33,7248.58,6770.0,-0.0379,1.0
19:53:33,7248.58,6775.0,-0.0498,72.0
19:53:33,7248.58,6780.0,-0.0377,78.0
19:53:33,7248.58,6785.0,-0.0018,44.0
19:53:33,7248.58,6790.0,-0.0518,10.0
19:53:33,7248.58,6795.0,-0.0122,1.0
19:53:33,7248.58,6800.0,-0.6335,539.0
19:53:33,7248.58,6805.0,-0.0131,3.0
19:53:33,7248.58,6810.0,-0.1358,6.0
19:53:33,7248.58,6815.0,-0.0203,25.0
19:53:33,7248.58,6820.0,-0.52,82.0
19:53:33,7248.58,6825.0,-0.7439,58.0
19:53:33,7248.58,6830.0,-0.0922,71.0
19:53:33,7248.58,6835.0,-0.0548,132.0
19:53:33,7248.58,6840.0,-0.2561,294.0
19:53:33,7248.58,6845.0,-0.1655,463.0
19:53:33,7248.58,6850.0,-2.3586,1942.0
19:53:33,7248.58,6855.0,-0.2188,808.0
19:53:33,7248.58,6860.0,-2.5017,830.0
19:53:33,7248.58,6865.0,-0.4184,191.0
19:53:33,7248.58,6870.0,-0.575,232.0
19:53:33,7248.58,6875.0,-4.3358,230.0
19:53:33,7248.58,6880.0,-0.5397,86.0
19:53:33,7248.58,6885.0,-3.884,244.0
19:53:33,7248.58,6890.0,-3.0437,99.0
19:53:33,7248.58,6895.0,-0.9184,467.0
19:53:33,7248.58,6900.0,-12.2634,1040.0
19:53:33,7248.58,6905.0,-1.1838,830.0
19:53:33,7248.58,6910.0,2.0149,420.0
19:53:33,7248.58,6915.0,-1.528,374.0
19:53:33,7248.58,6920.0,-5.0635,231.0
19:53:33,7248.58,6925.0,-9.7591,598.0
19:53:33,7248.58,6930.0,-0.6546,330.0
19:53:33,7248.58,6935.0,-1.238,95.0
19:53:33,7248.58,6940.0,-1.7245,382.0
19:53:33,7248.58,6945.0,-1.884,122.0
19:53:33,7248.58,6950.0,-15.93,860.0
19:53:33,7248.58,6955.0,-1.4673,60.0
19:53:33,7248.58,6960.0,-12.2748,79.0
19:53:33,7248.58,6965.0,-3.0451,177.0
19:53:33,7248.58,6970.0,-2.8579,300.0
19:53:33,7248.58,6975.0,-37.6875,412.0
19:53:33,7248.58,6980.0,-5.6604,770.0
19:53:33,7248.58,6985.0,-23.7708,991.0
19:53:33,7248.58,6990.0,-3.0063,724.0
19:53:33,7248.58,6995.0,-4.6916,993.0
19:53:33,7248.58,7000.0,-17.6913,2821.0
19:53:33,7248.58,7005.0,-7.0728,1239.0
19:53:33,7248.58,7010.0,-11.4515,825.0
19:53:33,7248.58,7015.0,-10.3936,1349.0
19:53:33,7248.58,7020.0,-10.3214,1264.0
19:53:33,7248.58,7025.0,-6.754,1119.0
19:53:33,7248.58,7030.0,-11.968,1719.0
19:53:33,7248.58,7035.0,-18.1965,2013.0
19:53:33,7248.58,7040.0,-7.4466,1210.0
19:53:33,7248.58,7045.0,-7.2546,2253.0
19:53:33,7248.58,7050.0,-43.8775,3479.0
19:53:33,7248.58,7055.0,-14.8229,4144.0
19:53:33,7248.58,7060.0,-21.998,2197.0
19:53:33,7248.58,7065.0,-18.7816,3298.0
19:53:33,7248.58,7070.0,-23.3417,2299.0
19:53:33,7248.58,7075.0,-28.6051,2018.0
19:53:33,7248.58,7080.0,-39.1885,1991.0
19:53:33,7248.58,7085.0,-9.9785,2665.0
19:53:33,7248.58,7090.0,-31.2573,1784.0
19:53:33,7248.58,7095.0,-21.5438,3367.0
19:53:33,7248.58,7100.0,-69.618,4276.0
19:53:33,7248.58,7105.0,-4.9136,3037.0
19:53:33,7248.58,7110.0,-23.0109,3443.0
19:53:33,7248.58,7115.0,-11.9504,4102.0
19:53:33,7248.58,7120.0,-50.4474,3477.0
19:53:33,7248.58,7125.0,-31.1616,4816.0
19:53:33,7248.58,7130.0,-64.7248,4685.0
19:53:33,7248.58,7135.0,-28.3408,5654.0
19:53:33,7248.58,7140.0,-63.4778,5064.0
19:53:33,7248.58,7145.0,-29.1647,7284.0
19:53:33,7248.58,7150.0,-93.6281,10084.0
19:53:33,7248.58,7155.0,-20.5253,8557.0
19:53:33,7248.58,7160.0,-87.28,10088.0
19:53:33,7248.58,7165.0,51.3788,9993.0
19:53:33,7248.58,7170.0,-67.7971,8610.0
19:53:33,7248.58,7175.0,-153.3554,19079.0
19:53:33,7248.58,7180.0,33.4945,17075.0
19:53:33,7248.58,7185.0,-116.5215,18237.0
19:53:33,7248.58,7190.0,-5.2087,15100.0
19:53:33,7248.58,7195.0,39.0367,21972.0
19:53:33,7248.58,7200.0,1571.0547,34232.0
19:53:33,7248.58,7205.0,127.5558,31114.0
19:53:33,7248.58,7210.0,153.3232,24445.0
19:53:33,7248.58,7215.0,391.3229,41465.0
19:53:33,7248.58,7220.0,652.706,33212.0
19:53:33,7248.58,7225.0,964.8184,27249.0
19:53:33,7248.58,7230.0,1402.7181,66084.0
19:53:33,7248.58,7235.0,781.0212,63740.0
19:53:33,7248.58,7240.0,1424.2827,84588.0
19:53:33,7248.58,7245.0,3410.1576,98662.0
19:53:33,7248.58,7250.0,5112.6485,105690.0
19:53:33,7248.58,7255.0,2516.2812,99577.0
19:53:33,7248.58,7260.0,2060.871,80615.0
19:53:33,7248.58,7265.0,1619.2234,100729.0
19:53:33,7248.58,7270.0,1884.6538,72306.0
19:53:33,7248.58,7275.0,4900.0793,57560.0
19:53:33,7248.58,7280.0,9724.655,81136.0
19:53:33,7248.58,7285.0,3072.8466,69174.0
19:53:33,7248.58,7290.0,3814.6145,51663.0
19:53:33,7248.58,7295.0,341.0539,30059.0
19:53:33,7248.58,7300.0,1285.4323,90796.0
19:53:33,7248.58,7305.0,302.529,21361.0
19:53:33,7248.58,7310.0,1031.9731,15133.0
19:53:33,7248.58,7315.0,94.3792,9669.0
19:53:33,7248.58,7320.0,70.9084,10031.0
19:53:33,7248.58,7325.0,94.3619,9177.0
19:53:33,7248.58,7330.0,46.3506,4722.0
19:53:33,7248.58,7335.0,24.0949,5163.0
19:53:33,7248.58,7340.0,641.9923,5204.0
19:53:33,7248.58,7345.0,14.9138,3335.0
19:53:33,7248.58,7350.0,345.3493,4581.0
19:53:33,7248.58,7355.0,36.3157,2826.0
19:53:33,7248.58,7360.0,35.4116,2478.0
19:53:33,7248.58,7365.0,5.4098,1859.0
19:53:33,7248.58,7370.0,17.7927,2604.0
19:53:33,7248.58,7375.0,117.4004,5604.0
19:53:33,7248.58,7380.0,13.0515,6334.0
19:53:33,7248.58,7385.0,6.7696,9717.0
19:53:33,7248.58,7390.0,11.4543,2445.0
19:53:33,7248.58,7395.0,16.1444,1439.0
19:53:33,7248.58,7400.0,27.2194,10967.0
19:53:33,7248.58,7405.0,4.5953,516.0
19:53:33,7248.58,7410.0,5.3062,610.0
19:53:33,7248.58,7415.0,6.2758,1156.0
19:53:33,7248.58,7420.0,5.5676,707.0
19:53:33,7248.58,7425.0,9.6526,81.0
19:53:33,7248.58,7430.0,9.8783,47.0
19:53:33,7248.58,7440.0,0.9378,98.0
19:53:33,7248.58,7450.0,2.0066,104.0
19:53:33,7248.58,7460.0,0.5536,7.0
19:53:33,7248.58,7470.0,0.7138,40.0
19:53:33,7248.58,7475.0,0.6437,10.0
19:53:33,7248.58,7480.0,0.0207,25.0
19:53:33,7248.58,7490.0,0.0447,9.0
19:53:33,7248.58,7500.0,0.219,5.0
19:53:33,7248.58,7510.0,0.0118,0.0
19:53:33,7248.58,7525.0,0.0364,3.0
19:53:33,7248.58,7550.0,0.0007,2.0
19:53:33,7248.58,7590.0,0.0,7.0
19:53:33,7248.58,7625.0,0.0,1.0
19:53:33,7248.58,7650.0,0.0,10.0
19:53:33,7248.58,7925.0,-0.0,16.0
19:53:33,7248.58,8400.0,0.0,2.0
19:53:33,7248.58,8600.0,0.0,3.0
19:53:33,7248.58,8800.0,0.0,17.0
19:53:33,7248.58,9200.0,0.0,30.0
19:56:11,7253.8,1600.0,0.0,2.0
19:56:11,7253.8,3800.0,0.0,4.0
19:56:11,7253.8,4400.0,0.0,2.0
19:56:11,7253.8,5000.0,0.0,5.0
19:56:11,7253.8,5400.0,0.0,3.0
19:56:11,7253.8,5500.0,0.0,1.0
19:56:11,7253.8,5650.0,0.0,2.0
19:56:11,7253.8,5675.0,-0.0,3.0
19:56:11,7253.8,5800.0,-0.0,9.0
19:56:11,7253.8,5850.0,-0.0,4.0
19:56:11,7253.8,6000.0,0.0,20.0
19:56:11,7253.8,6010.0,-0.0,4.0
19:56:11,7253.8,6050.0,0.0,1.0
19:56:11,7253.8,6100.0,0.0,9.0
19:56:11,7253.8,6110.0,-0.0,1.0
19:56:11,7253.8,6125.0,0.0,2.0
19:56:11,7253.8,6150.0,0.0,3.0
19:56:11,7253.8,6175.0,0.0,1.0
19:56:11,7253.8,6225.0,0.0,1.0
19:56:11,7253.8,6230.0,0.0,1.0
19:56:11,7253.8,6300.0,0.0,2.0
19:56:11,7253.8,6320.0,0.0,4.0
19:56:11,7253.8,6350.0,0.0,1.0
19:56:11,7253.8,6390.0,0.0,1.0
19:56:11,7253.8,6400.0,0.0,185.0
19:56:11,7253.8,6430.0,0.0,1.0
19:56:11,7253.8,6450.0,0.0,3.0
19:56:11,7253.8,6460.0,0.0,70.0
19:56:11,7253.8,6475.0,0.0,3.0
19:56:11,7253.8,6480.0,0.0,6.0
19:56:11,7253.8,6490.0,0.0,1.0
19:56:11,7253.8,6495.0,0.0,2.0
19:56:11,7253.8,6500.0,0.0,71.0
19:56:11,7253.8,6510.0,-0.0,20.0
19:56:11,7253.8,6520.0,0.0,14.0
19:56:11,7253.8,6540.0,-0.0,20.0
19:56:11,7253.8,6550.0,0.0,24.0
19:56:11,7253.8,6570.0,0.0,2.0
19:56:11,7253.8,6580.0,-0.0,2.0
19:56:11,7253.8,6590.0,0.0,1.0
19:56:11,7253.8,6595.0,-0.0,808.0
19:56:11,7253.8,6600.0,0.0,160.0
19:56:11,7253.8,6605.0,-0.0,75.0
19:56:11,7253.8,6610.0,0.0,3.0
19:56:11,7253.8,6620.0,0.0,11.0
19:56:11,7253.8,6625.0,0.0,6.0
19:56:11,7253.8,6630.0,0.0,40.0
19:56:11,7253.8,6635.0,-0.0,40.0
19:56:11,7253.8,6640.0,0.0,6.0
19:56:11,7253.8,6645.0,-0.0,3.0
19:56:11,7253.8,6650.0,0.0,45.0
19:56:11,7253.8,6660.0,0.0,520.0
19:56:11,7253.8,6670.0,0.0,174.0
19:56:11,7253.8,6675.0,0.0,53.0
19:56:11,7253.8,6680.0,0.0,3.0
19:56:11,7253.8,6685.0,0.0,2.0
19:56:11,7253.8,6690.0,0.0,4.0
19:56:11,7253.8,6695.0,-0.0,20.0
19:56:11,7253.8,6700.0,-0.0,116.0
19:56:11,7253.8,6710.0,-0.0,5.0
19:56:11,7253.8,6715.0,-0.0,9.0
19:56:11,7253.8,6720.0,-0.0,3.0
19:56:11,7253.8,6725.0,-0.0,3.0
19:56:11,7253.8,6730.0,-0.0,2.0
19:56:11,7253.8,6740.0,-0.0,12.0
19:56:11,7253.8,6745.0,-0.0,3.0
19:56:11,7253.8,6750.0,-0.0,30.0
19:56:11,7253.8,6755.0,-0.0,46.0
19:56:11,7253.8,6760.0,-0.0,5.0
19:56:11,7253.8,6765.0,-0.0,13.0
19:56:11,7253.8,6770.0,-0.0,1.0
19:56:11,7253.8,6775.0,-0.0,74.0
19:56:11,7253.8,6780.0,-0.0,80.0
19:56:11,7253.8,6785.0,-0.0,49.0
19:56:11,7253.8,6790.0,-0.0001,17.0
19:56:11,7253.8,6795.0,-0.0001,6.0
19:56:11,7253.8,6800.0,-0.0013,580.0
19:56:11,7253.8,6805.0,-0.0002,3.0
19:56:11,7253.8,6810.0,-0.0004,33.0
19:56:11,7253.8,6815.0,-0.0003,45.0
19:56:11,7253.8,6820.0,-0.0027,105.0
19:56:11,7253.8,6825.0,-0.0,157.0
19:56:11,7253.8,6830.0,-0.0,158.0
19:56:11,7253.8,6835.0,-0.0021,142.0
19:56:11,7253.8,6840.0,-0.0,350.0
19:56:11,7253.8,6845.0,-0.0,474.0
19:56:11,7253.8,6850.0,-0.0466,2106.0
19:56:11,7253.8,6855.0,-0.0,815.0
19:56:11,7253.8,6860.0,-0.0698,840.0
19:56:11,7253.8,6865.0,-0.0,212.0
19:56:11,7253.8,6870.0,-0.0,259.0
19:56:11,7253.8,6875.0,-0.0,336.0
19:56:11,7253.8,6880.0,-0.0,112.0
19:56:11,7253.8,6885.0,-0.0,262.0
19:56:11,7253.8,6890.0,-0.2849,103.0
19:56:11,7253.8,6895.0,-0.2171,476.0
19:56:11,7253.8,6900.0,-0.0,1279.0
19:56:11,7253.8,6905.0,-0.3724,870.0
19:56:11,7253.8,6910.0,-0.2576,438.0
19:56:11,7253.8,6915.0,-0.6463,492.0
19:56:11,7253.8,6920.0,-2.2384,309.0
19:56:11,7253.8,6925.0,-0.0,765.0
19:56:11,7253.8,6930.0,-0.0,841.0
19:56:11,7253.8,6935.0,-1.0372,432.0
19:56:11,7253.8,6940.0,-0.0,965.0
19:56:11,7253.8,6945.0,-1.5468,309.0
19:56:11,7253.8,6950.0,-0.0,1476.0
19:56:11,7253.8,6955.0,-0.0,329.0
19:56:11,7253.8,6960.0,0.3626,4756.0
19:56:11,7253.8,6965.0,-0.0,502.0
19:56:11,7253.8,6970.0,1.3389,547.0
19:56:11,7253.8,6975.0,3.6213,917.0
19:56:11,7253.8,6980.0,0.4632,1270.0
19:56:11,7253.8,6985.0,-0.0,1219.0
19:56:11,7253.8,6990.0,-0.0,1128.0
19:56:11,7253.8,6995.0,-0.0,1303.0
19:56:11,7253.8,7000.0,10.3902,3756.0
19:56:11,7253.8,7005.0,-7.9839,1534.0
19:56:11,7253.8,7010.0,-0.0,1000.0
19:56:11,7253.8,7015.0,-10.296,1618.0
19:56:11,7253.8,7020.0,1.3764,1563.0
19:56:11,7253.8,7025.0,10.2887,1379.0
19:56:11,7253.8,7030.0,-0.0,1811.0
19:56:11,7253.8,7035.0,0.7087,2327.0
19:56:11,7253.8,7040.0,-0.0,2035.0
19:56:11,7253.8,7045.0,-9.3001,2365.0
19:56:11,7253.8,7050.0,-0.0,6780.0
19:56:11,7253.8,7055.0,-16.6981,4236.0
19:56:11,7253.8,7060.0,-0.0,3625.0
19:56:11,7253.8,7065.0,-0.0,3337.0
19:56:11,7253.8,7070.0,-17.191,3303.0
19:56:11,7253.8,7075.0,17.607,3749.0
19:56:11,7253.8,7080.0,-0.0,2506.0
19:56:11,7253.8,7085.0,-0.0,2967.0
19:56:11,7253.8,7090.0,-0.0,2819.0
19:56:11,7253.8,7095.0,-0.0,3841.0
19:56:11,7253.8,7100.0,-0.0,7740.0
19:56:11,7253.8,7105.0,7.0569,3686.0
19:56:11,7253.8,7110.0,-14.5452,4449.0
19:56:11,7253.8,7115.0,-0.0,4147.0
19:56:11,7253.8,7120.0,-30.3256,5584.0
19:56:11,7253.8,7125.0,-0.0,4850.0
19:56:11,7253.8,7130.0,-38.3964,7432.0
19:56:11,7253.8,7135.0,-0.0,5952.0
19:56:11,7253.8,7140.0,-38.2378,7324.0
19:56:11,7253.8,7145.0,-0.0003,7539.0
19:56:11,7253.8,7150.0,0.0001,14211.0
19:56:11,7253.8,7155.0,21.7926,9133.0
19:56:11,7253.8,7160.0,-52.042,14291.0
19:56:11,7253.8,7165.0,0.0458,10413.0
19:56:11,7253.8,7170.0,17.3304,13954.0
19:56:11,7253.8,7175.0,-0.4713,19133.0
19:56:11,7253.8,7180.0,71.0872,24624.0
19:56:11,7253.8,7185.0,2.3213,356.0
19:56:11,7253.8,7190.0,39.9888,23638.0
19:56:11,7253.8,7195.0,11.0094,488.0
19:56:11,7253.8,7200.0,271.6581,59906.0
19:56:11,7253.8,7205.0,71.4657,1204.0
19:56:11,7253.8,7210.0,201.7833,44284.0
19:56:11,7253.8,7215.0,321.7699,2610.0
19:56:11,7253.8,7220.0,495.8526,67179.0
19:56:11,7253.8,7225.0,728.3046,55982.0
19:56:11,7253.8,7230.0,1453.4849,74977.0
19:56:11,7253.8,7240.0,2213.0363,106101.0
19:56:11,7253.8,7250.0,6583.8734,157148.0
19:56:11,7253.8,7260.0,3517.6348,140039.0
19:56:11,7253.8,7270.0,1960.0058,117202.0
19:56:11,7253.8,7275.0,4556.3604,93339.0
19:56:11,7253.8,7280.0,8645.2476,116623.0
19:56:11,7253.8,7290.0,2799.8239,70794.0
19:56:11,7253.8,7300.0,608.3773,91572.0
19:56:11,7253.8,7310.0,196.1441,19463.0
19:56:11,7253.8,7320.0,9.5009,10458.0
19:56:11,7253.8,7325.0,4.0759,21765.0
19:56:11,7253.8,7330.0,1.5131,5546.0
19:56:11,7253.8,7340.0,3.5519,5310.0
19:56:11,7253.8,7350.0,0.1603,4623.0
19:56:11,7253.8,7360.0,0.0026,2628.0
19:56:11,7253.8,7370.0,0.0001,2899.0
19:56:11,7253.8,7375.0,91.1019,6363.0
19:56:11,7253.8,7380.0,0.0,6752.0
19:56:11,7253.8,7390.0,0.0,2525.0
19:56:11,7253.8,7400.0,0.0,10989.0
19:56:11,7253.8,7425.0,0.0,101.0
19:56:11,7253.8,7450.0,0.0,106.0
19:56:11,7253.8,7475.0,-0.0015,10.0
19:56:11,7253.8,7500.0,0.0,19.0
19:56:11,7253.8,7525.0,0.0,6.0
19:56:11,7253.8,7550.0,0.0,2.0
19:56:11,7253.8,7625.0,0.0,1.0
19:56:11,7253.8,7650.0,0.0,10.0
19:56:11,7253.8,8400.0,0.0,2.0
19:56:11,7253.8,8600.0,0.0,3.0
19:56:11,7253.8,8800.0,0.0,17.0
20:21:22,7252.54,1600.0,0.0,2.0
20:21:22,7252.54,3800.0,0.0,4.0
20:21:22,7252.54,4400.0,0.0,2.0
20:21:22,7252.54,5000.0,0.0,5.0
20:21:22,7252.54,5400.0,0.0,3.0
20:21:22,7252.54,5500.0,0.0,1.0
20:21:22,7252.54,5650.0,0.0,2.0
20:21:22,7252.54,5675.0,-0.0,3.0
20:21:22,7252.54,5800.0,-0.0,9.0
20:21:22,7252.54,5850.0,-0.0,4.0
20:21:22,7252.54,6000.0,-0.0,20.0
20:21:22,7252.54,6010.0,-0.0,4.0
20:21:22,7252.54,6050.0,-0.0,1.0
20:21:22,7252.54,6100.0,-0.0,9.0
20:21:22,7252.54,6110.0,-0.0,1.0
20:21:22,7252.54,6125.0,0.0,2.0
20:21:22,7252.54,6150.0,-0.0,3.0
20:21:22,7252.54,6175.0,0.0,1.0
20:21:22,7252.54,6225.0,0.0,1.0
20:21:22,7252.54,6230.0,0.0,1.0
20:21:22,7252.54,6300.0,0.0,3.0
20:21:22,7252.54,6320.0,0.0,4.0
20:21:22,7252.54,6350.0,0.0,1.0
20:21:22,7252.54,6390.0,0.0,1.0
20:21:22,7252.54,6400.0,0.0,185.0
20:21:22,7252.54,6430.0,0.0,1.0
20:21:22,7252.54,6450.0,0.0,3.0
20:21:22,7252.54,6460.0,0.0,70.0
20:21:22,7252.54,6475.0,0.0,3.0
20:21:22,7252.54,6480.0,0.0,6.0
20:21:22,7252.54,6490.0,0.0,1.0
20:21:22,7252.54,6495.0,0.0,2.0
20:21:22,7252.54,6500.0,0.0,71.0
20:21:22,7252.54,6510.0,-0.0,20.0
20:21:22,7252.54,6520.0,0.0,14.0
20:21:22,7252.54,6540.0,-0.0,20.0
20:21:22,7252.54,6550.0,0.0,24.0
20:21:22,7252.54,6570.0,0.0,2.0
20:21:22,7252.54,6580.0,-0.0,2.0
20:21:22,7252.54,6590.0,0.0,1.0
20:21:22,7252.54,6595.0,-0.0,808.0
20:21:22,7252.54,6600.0,0.0,161.0
20:21:22,7252.54,6605.0,-0.0,75.0
20:21:22,7252.54,6610.0,0.0,3.0
20:21:22,7252.54,6620.0,0.0,11.0
20:21:22,7252.54,6625.0,0.0,6.0
20:21:22,7252.54,6630.0,0.0,40.0
20:21:22,7252.54,6635.0,-0.0,40.0
20:21:22,7252.54,6640.0,0.0,6.0
20:21:22,7252.54,6645.0,-0.0,3.0
20:21:22,7252.54,6650.0,0.0,44.0
20:21:22,7252.54,6660.0,0.0,537.0
20:21:22,7252.54,6670.0,0.0,174.0
20:21:22,7252.54,6675.0,0.0,53.0
20:21:22,7252.54,6680.0,0.0,4.0
20:21:22,7252.54,6685.0,0.0,2.0
20:21:22,7252.54,6690.0,-0.0,4.0
20:21:22,7252.54,6695.0,-0.0,20.0
20:21:22,7252.54,6700.0,-0.0,120.0
20:21:22,7252.54,6710.0,-0.0,5.0
20:21:22,7252.54,6715.0,-0.0,9.0
20:21:22,7252.54,6720.0,-0.0,3.0
20:21:22,7252.54,6725.0,-0.0,3.0
20:21:22,7252.54,6730.0,-0.0,2.0
20:21:22,7252.54,6740.0,-0.0,12.0
20:21:22,7252.54,6745.0,-0.0,3.0
20:21:22,7252.54,6750.0,-0.0,30.0
20:21:22,7252.54,6755.0,-0.0,46.0
20:21:22,7252.54,6760.0,0.0,5.0
20:21:22,7252.54,6765.0,-0.0,13.0
20:21:22,7252.54,6770.0,-0.0,1.0
20:21:22,7252.54,6775.0,-0.0,74.0
20:21:22,7252.54,6780.0,-0.0,79.0
20:21:22,7252.54,6785.0,-0.0,49.0
20:21:22,7252.54,6790.0,-0.0001,17.0
20:21:22,7252.54,6795.0,-0.0001,6.0
20:21:22,7252.54,6800.0,-0.001,560.0
20:21:22,7252.54,6805.0,-0.0002,3.0
20:21:22,7252.54,6810.0,-0.0004,33.0
20:21:22,7252.54,6815.0,-0.0003,45.0
20:21:22,7252.54,6820.0,-0.0024,105.0
20:21:22,7252.54,6825.0,-0.0043,157.0
20:21:22,7252.54,6830.0,-0.0007,158.0
20:21:22,7252.54,6835.0,-0.0021,142.0
20:21:22,7252.54,6840.0,-0.0029,350.0
20:21:22,7252.54,6845.0,-0.0,474.0
20:21:22,7252.54,6850.0,-0.0372,2106.0
20:21:22,7252.54,6855.0,-0.0,815.0
20:21:22,7252.54,6860.0,-0.0542,840.0
20:21:22,7252.54,6865.0,-0.0,212.0
20:21:22,7252.54,6870.0,-0.0202,259.0
20:21:22,7252.54,6875.0,-0.0,336.0
20:21:22,7252.54,6880.0,-0.0,112.0
20:21:22,7252.54,6885.0,-0.0,262.0
20:21:22,7252.54,6890.0,-0.2433,103.0
20:21:22,7252.54,6895.0,-0.2171,476.0
20:21:22,7252.54,6900.0,-1.0937,1279.0
20:21:22,7252.54,6905.0,-0.3723,887.0
20:21:22,7252.54,6910.0,0.2473,438.0
20:21:22,7252.54,6915.0,-0.6461,495.0
20:21:22,7252.54,6920.0,-2.2377,309.0
20:21:22,7252.54,6925.0,-0.0,765.0
20:21:22,7252.54,6930.0,0.4253,841.0
20:21:22,7252.54,6935.0,-1.0369,510.0
20:21:22,7252.54,6940.0,-0.0,965.0
20:21:22,7252.54,6945.0,-1.5463,326.0
20:21:22,7252.54,6950.0,-10.3738,1479.0
20:21:22,7252.54,6955.0,-0.0,394.0
20:21:22,7252.54,6960.0,0.3625,4756.0
20:21:22,7252.54,6965.0,-0.0,535.0
20:21:22,7252.54,6970.0,1.3385,547.0
20:21:22,7252.54,6975.0,3.62,917.0
20:21:22,7252.54,6980.0,0.463,1270.0
20:21:22,7252.54,6985.0,-0.0,1240.0
20:21:22,7252.54,6990.0,-0.0,1128.0
20:21:22,7252.54,6995.0,-0.0,1341.0
20:21:22,7252.54,7000.0,10.3866,3756.0
20:21:22,7252.54,7005.0,-7.9811,1696.0
20:21:22,7252.54,7010.0,-0.0,1000.0
20:21:22,7252.54,7015.0,-10.2924,1701.0
20:21:22,7252.54,7020.0,1.376,1563.0
20:21:22,7252.54,7025.0,10.2852,1377.0
20:21:22,7252.54,7030.0,2.294,1811.0
20:21:22,7252.54,7035.0,-15.3224,2623.0
20:21:22,7252.54,7040.0,1.6359,2035.0
20:21:22,7252.54,7045.0,-6.6056,2392.0
20:21:22,7252.54,7050.0,16.2179,6786.0
20:21:22,7252.54,7055.0,-14.0385,4249.0
20:21:22,7252.54,7060.0,-0.0,3625.0
20:21:22,7252.54,7065.0,-19.0178,3341.0
20:21:22,7252.54,7070.0,-17.1851,3303.0
20:21:22,7252.54,7075.0,17.6009,3749.0
20:21:22,7252.54,7080.0,-0.0,2506.0
20:21:22,7252.54,7085.0,1.5644,3091.0
20:21:22,7252.54,7090.0,-0.0,2819.0
20:21:22,7252.54,7095.0,-0.0,4071.0
20:21:22,7252.54,7100.0,-28.1823,7747.0
20:21:22,7252.54,7105.0,-5.627,4104.0
20:21:22,7252.54,7110.0,-14.5402,5152.0
20:21:22,7252.54,7115.0,-15.1668,4238.0
20:21:22,7252.54,7120.0,-30.3151,5821.0
20:21:22,7252.54,7125.0,-13.8647,4850.0
20:21:22,7252.54,7130.0,-38.3831,7658.0
20:21:22,7252.54,7135.0,-38.3203,6097.0
20:21:22,7252.54,7140.0,-38.2245,7862.0
20:21:22,7252.54,7145.0,-44.4715,7827.0
20:21:22,7252.54,7150.0,-5.0609,14218.0
20:21:22,7252.54,7155.0,-19.6858,9685.0
20:21:22,7252.54,7160.0,-52.024,14707.0
20:21:22,7252.54,7165.0,51.2114,10938.0
20:21:22,7252.54,7170.0,17.3243,14374.0
20:21:22,7252.54,7175.0,-63.7675,19133.0
20:21:22,7252.54,7180.0,71.0625,25245.0
20:21:22,7252.54,7185.0,94.1857,18966.0
20:21:22,7252.54,7190.0,39.9749,24718.0
20:21:22,7252.54,7195.0,138.2944,23445.0
20:21:22,7252.54,7200.0,1536.2679,59930.0
20:21:22,7252.54,7205.0,21.9369,32911.0
20:21:22,7252.54,7210.0,201.7132,47209.0
20:21:22,7252.54,7215.0,75.071,43619.0
20:21:22,7252.54,7220.0,495.6804,72177.0
20:21:22,7252.54,7225.0,707.5939,55982.0
20:21:22,7252.54,7230.0,1450.6155,85792.0
20:21:22,7252.54,7235.0,1024.3228,70497.0
20:21:22,7252.54,7240.0,3389.2155,126766.0
20:21:22,7252.54,7245.0,5010.5884,112474.0
20:21:22,7252.54,7250.0,9908.3084,157910.0
20:21:22,7252.54,7255.0,3444.0025,117378.0
20:21:22,7252.54,7260.0,1576.2536,151938.0
20:21:22,7252.54,7265.0,1841.7762,109871.0
20:21:22,7252.54,7270.0,779.124,124553.0
20:21:22,7252.54,7275.0,4042.4045,93339.0
20:21:22,7252.54,7280.0,7026.8348,120773.0
20:21:22,7252.54,7285.0,2298.9298,72318.0
20:21:22,7252.54,7290.0,1205.706,72649.0
20:21:22,7252.54,7295.0,244.0739,31236.0
20:21:22,7252.54,7300.0,1037.3027,91582.0
20:21:22,7252.54,7305.0,230.9413,22243.0
20:21:22,7252.54,7310.0,64.9621,19948.0
20:21:22,7252.54,7315.0,93.3348,9851.0
20:21:22,7252.54,7320.0,62.8393,10801.0
20:21:22,7252.54,7325.0,0.7118,21765.0
20:21:22,7252.54,7330.0,43.6552,5794.0
20:21:22,7252.54,7335.0,17.5368,5407.0
20:21:22,7252.54,7340.0,650.3495,5390.0
20:21:22,7252.54,7345.0,9.7289,3378.0
20:21:22,7252.54,7350.0,250.8783,4623.0
20:21:22,7252.54,7355.0,23.9192,2895.0
20:21:22,7252.54,7360.0,40.4919,2739.0
20:21:22,7252.54,7365.0,3.7602,2231.0
20:21:22,7252.54,7370.0,19.8294,3225.0
20:21:22,7252.54,7375.0,91.0703,7078.0
20:21:22,7252.54,7380.0,13.8088,7906.0
20:21:22,7252.54,7385.0,-0.0425,11098.0
20:21:22,7252.54,7390.0,11.5279,2775.0
20:21:22,7252.54,7395.0,0.0,2297.0
20:21:22,7252.54,7400.0,18.5457,10989.0
20:21:22,7252.54,7405.0,-0.0732,552.0
20:21:22,7252.54,7410.0,0.0,630.0
20:21:22,7252.54,7415.0,-0.013,1187.0
20:21:22,7252.54,7420.0,0.0,710.0
20:21:22,7252.54,7425.0,0.0,101.0
20:21:22,7252.54,7430.0,-0.0191,47.0
20:21:22,7252.54,7440.0,0.0,98.0
20:21:22,7252.54,7450.0,0.7816,106.0
20:21:22,7252.54,7460.0,0.0,7.0
20:21:22,7252.54,7470.0,0.0,40.0
20:21:22,7252.54,7475.0,-0.0015,10.0
20:21:22,7252.54,7480.0,0.0,25.0
20:21:22,7252.54,7490.0,0.008,9.0
20:21:22,7252.54,7500.0,0.0303,19.0
20:21:22,7252.54,7510.0,0.0011,0.0
20:21:22,7252.54,7525.0,0.0,6.0
20:21:22,7252.54,7550.0,0.0,2.0
20:21:22,7252.54,7590.0,0.0,7.0
20:21:22,7252.54,7625.0,0.0,1.0
20:21:22,7252.54,7640.0,-0.0,10.0
20:21:22,7252.54,7650.0,-0.0,10.0
20:21:22,7252.54,7925.0,-0.0,16.0
20:21:22,7252.54,8400.0,0.0,2.0
20:21:22,7252.54,8600.0,0.0,3.0
20:21:22,7252.54,8800.0,0.0,17.0
20:21:22,7252.54,9000.0,-0.0062,0.0
20:21:22,7252.54,9200.0,0.0,30.0
20:26:50,7242.07,1600.0,0.0,2.0
20:26:50,7242.07,3800.0,0.0,4.0
20:26:50,7242.07,4400.0,0.0,2.0
20:26:50,7242.07,5000.0,0.0,3.0
20:26:50,7242.07,5400.0,0.0,3.0
20:26:50,7242.07,5500.0,0.0,1.0
20:26:50,7242.07,5650.0,0.0,2.0
20:26:50,7242.07,5675.0,-0.0,3.0
20:26:50,7242.07,5800.0,-0.0,9.0
20:26:50,7242.07,5850.0,-0.0,4.0
20:26:50,7242.07,6000.0,-0.0,20.0
20:26:50,7242.07,6010.0,-0.0,4.0
20:26:50,7242.07,6050.0,-0.0,1.0
20:26:50,7242.07,6100.0,-0.0,9.0
20:26:50,7242.07,6110.0,-0.0,1.0
20:26:50,7242.07,6125.0,0.0,2.0
20:26:50,7242.07,6150.0,-0.0,3.0
20:26:50,7242.07,6175.0,0.0,1.0
20:26:50,7242.07,6225.0,0.0,1.0
20:26:50,7242.07,6230.0,0.0,1.0
20:26:50,7242.07,6300.0,0.0,3.0
20:26:50,7242.07,6320.0,0.0,4.0
20:26:50,7242.07,6350.0,0.0,1.0
20:26:50,7242.07,6390.0,0.0,1.0
20:26:50,7242.07,6400.0,0.0,185.0
20:26:50,7242.07,6430.0,0.0,1.0
20:26:50,7242.07,6450.0,0.0,3.0
20:26:50,7242.07,6460.0,0.0,70.0
20:26:50,7242.07,6475.0,0.0,3.0
20:26:50,7242.07,6480.0,0.0,6.0
20:26:50,7242.07,6490.0,0.0,1.0
20:26:50,7242.07,6495.0,0.0,2.0
20:26:50,7242.07,6500.0,0.0,81.0
20:26:50,7242.07,6510.0,-0.0,20.0
20:26:50,7242.07,6520.0,0.0,14.0
20:26:50,7242.07,6540.0,-0.0,20.0
20:26:50,7242.07,6550.0,0.0,24.0
20:26:50,7242.07,6570.0,0.0,2.0
20:26:50,7242.07,6580.0,-0.0,2.0
20:26:50,7242.07,6590.0,0.0,1.0
20:26:50,7242.07,6595.0,-0.0,808.0
20:26:50,7242.07,6600.0,0.0,161.0
20:26:50,7242.07,6605.0,-0.0,75.0
20:26:50,7242.07,6610.0,0.0,3.0
20:26:50,7242.07,6620.0,0.0,11.0
20:26:50,7242.07,6625.0,0.0,6.0
20:26:50,7242.07,6630.0,0.0,40.0
20:26:50,7242.07,6635.0,-0.0,40.0
20:26:50,7242.07,6640.0,0.0,6.0
20:26:50,7242.07,6645.0,-0.0,3.0
20:26:50,7242.07,6650.0,0.0,44.0
20:26:50,7242.07,6660.0,0.0,537.0
20:26:50,7242.07,6670.0,0.0,174.0
20:26:50,7242.07,6675.0,0.0,53.0
20:26:50,7242.07,6680.0,0.0,4.0
20:26:50,7242.07,6685.0,0.0,2.0
20:26:50,7242.07,6690.0,-0.0,4.0
20:26:50,7242.07,6695.0,-0.0,20.0
20:26:50,7242.07,6700.0,-0.0,120.0
20:26:50,7242.07,6710.0,-0.0,5.0
20:26:50,7242.07,6715.0,-0.0,9.0
20:26:50,7242.07,6720.0,-0.0,3.0
20:26:50,7242.07,6725.0,-0.0,3.0
20:26:50,7242.07,6730.0,-0.0,2.0
20:26:50,7242.07,6740.0,-0.0,12.0
20:26:50,7242.07,6745.0,-0.0,3.0
20:26:50,7242.07,6750.0,-0.0,30.0
20:26:50,7242.07,6755.0,-0.0,46.0
20:26:50,7242.07,6760.0,0.0,5.0
20:26:50,7242.07,6765.0,-0.0,13.0
20:26:50,7242.07,6770.0,-0.0,1.0
20:26:50,7242.07,6775.0,-0.0,74.0
20:26:50,7242.07,6780.0,-0.0,80.0
20:26:50,7242.07,6785.0,-0.0,49.0
20:26:50,7242.07,6790.0,-0.0001,17.0
20:26:50,7242.07,6795.0,-0.0001,6.0
20:26:50,7242.07,6800.0,-0.001,560.0
20:26:50,7242.07,6805.0,-0.0002,3.0
20:26:50,7242.07,6810.0,-0.0004,33.0
20:26:50,7242.07,6815.0,-0.0003,45.0
20:26:50,7242.07,6820.0,-0.0023,105.0
20:26:50,7242.07,6825.0,-0.0039,157.0
20:26:50,7242.07,6830.0,-0.0005,158.0
20:26:50,7242.07,6835.0,-0.0021,142.0
20:26:50,7242.07,6840.0,-0.0022,350.0
20:26:50,7242.07,6845.0,-0.0,474.0
20:26:50,7242.07,6850.0,-0.0316,2108.0
20:26:50,7242.07,6855.0,-0.0,815.0
20:26:50,7242.07,6860.0,-0.0514,840.0
20:26:50,7242.07,6865.0,-0.0,212.0
20:26:50,7242.07,6870.0,-0.0143,259.0
20:26:50,7242.07,6875.0,0.0155,337.0
20:26:50,7242.07,6880.0,0.0132,113.0
20:26:50,7242.07,6885.0,-0.0,262.0
20:26:50,7242.07,6890.0,-0.2426,103.0
20:26:50,7242.07,6895.0,-0.2164,476.0
20:26:50,7242.07,6900.0,-1.0905,1279.0
20:26:50,7242.07,6905.0,-0.3712,887.0
20:26:50,7242.07,6910.0,0.2466,438.0
20:26:50,7242.07,6915.0,-0.6442,495.0
20:26:50,7242.07,6920.0,-2.2312,309.0
20:26:50,7242.07,6925.0,-0.0,765.0
20:26:50,7242.07,6930.0,0.4241,841.0
20:26:50,7242.07,6935.0,-1.0339,510.0
20:26:50,7242.07,6940.0,-0.0,965.0
20:26:50,7242.07,6945.0,-1.5418,326.0
20:26:50,7242.07,6950.0,-6.9392,1477.0
20:26:50,7242.07,6955.0,-0.0,394.0
20:26:50,7242.07,6960.0,0.3615,4756.0
20:26:50,7242.07,6965.0,-0.0,535.0
20:26:50,7242.07,6970.0,1.3346,547.0
20:26:50,7242.07,6975.0,3.6096,917.0
20:26:50,7242.07,6980.0,0.4617,1270.0
20:26:50,7242.07,6985.0,-0.0,1240.0
20:26:50,7242.07,6990.0,-0.0,1128.0
20:26:50,7242.07,6995.0,-0.0,1341.0
20:26:50,7242.07,7000.0,9.9803,3759.0
20:26:50,7242.07,7005.0,-7.9581,1696.0
20:26:50,7242.07,7010.0,-0.0,1000.0
20:26:50,7242.07,7015.0,-10.2627,1701.0
20:26:50,7242.07,7020.0,1.372,1563.0
20:26:50,7242.07,7025.0,10.1499,1383.0
20:26:50,7242.07,7030.0,2.2874,1811.0
20:26:50,7242.07,7035.0,-15.2782,2623.0
20:26:50,7242.07,7040.0,1.6312,2035.0
20:26:50,7242.07,7045.0,-6.5865,2392.0
20:26:50,7242.07,7050.0,16.1711,6786.0
20:26:50,7242.07,7055.0,-13.998,4249.0
20:26:50,7242.07,7060.0,-0.0,3625.0
20:26:50,7242.07,7065.0,-18.9629,3341.0
20:26:50,7242.07,7070.0,-17.1355,3303.0
20:26:50,7242.07,7075.0,17.5501,3749.0
20:26:50,7242.07,7080.0,-0.0,2506.0
20:26:50,7242.07,7085.0,1.5599,3091.0
20:26:50,7242.07,7090.0,-0.0,2819.0
20:26:50,7242.07,7095.0,-0.0,4071.0
20:26:50,7242.07,7100.0,-28.101,7756.0
20:26:50,7242.07,7105.0,-5.6108,4104.0
20:26:50,7242.07,7110.0,-14.4982,5152.0
20:26:50,7242.07,7115.0,-15.1231,4238.0
20:26:50,7242.07,7120.0,-30.2276,5821.0
20:26:50,7242.07,7125.0,-13.8247,4850.0
20:26:50,7242.07,7130.0,-38.2724,7658.0
20:26:50,7242.07,7135.0,-38.2097,6097.0
20:26:50,7242.07,7140.0,-38.1142,7862.0
20:26:50,7242.07,7145.0,-44.3431,7827.0
20:26:50,7242.07,7150.0,14.5382,14223.0
20:26:50,7242.07,7155.0,-19.629,9685.0
20:26:50,7242.07,7160.0,-51.8739,14707.0
20:26:50,7242.07,7165.0,51.0637,10938.0
20:26:50,7242.07,7170.0,17.2744,14374.0
20:26:50,7242.07,7175.0,-63.5835,19133.0
20:26:50,7242.07,7180.0,70.8575,25245.0
20:26:50,7242.07,7185.0,-100.2194,19668.0
20:26:50,7242.07,7190.0,39.8596,24718.0
20:26:50,7242.07,7195.0,56.9432,24501.0
20:26:50,7242.07,7200.0,2142.1941,60035.0
20:26:50,7242.07,7205.0,-14.6726,35400.0
20:26:50,7242.07,7210.0,201.1312,47209.0
20:26:50,7242.07,7215.0,358.534,46469.0
20:26:50,7242.07,7220.0,494.2502,72177.0
20:26:50,7242.07,7225.0,602.7818,55982.0
20:26:50,7242.07,7230.0,1372.7165,85792.0
20:26:50,7242.07,7235.0,1545.7087,81708.0
20:26:50,7242.07,7240.0,3305.0184,126766.0
20:26:50,7242.07,7245.0,5782.6309,132527.0
20:26:50,7242.07,7250.0,9342.4074,172473.0
20:26:50,7242.07,7255.0,4803.8471,133034.0
20:26:50,7242.07,7260.0,1594.4987,151938.0
20:26:50,7242.07,7265.0,2184.5155,117559.0
20:26:50,7242.07,7270.0,776.8761,124553.0
20:26:50,7242.07,7275.0,4203.0023,93339.0
20:26:50,7242.07,7280.0,2207.4021,120773.0
20:26:50,7242.07,7285.0,830.4465,74309.0
20:26:50,7242.07,7290.0,1202.2273,72649.0
20:26:50,7242.07,7295.0,108.9924,32012.0
20:26:50,7242.07,7300.0,545.2323,93831.0
20:26:50,7242.07,7305.0,112.4515,22796.0
20:26:50,7242.07,7310.0,5.1564,19948.0
20:26:50,7242.07,7315.0,43.5842,10449.0
20:26:50,7242.07,7320.0,62.658,10801.0
20:26:50,7242.07,7325.0,0.0332,21765.0
20:26:50,7242.07,7330.0,43.5292,5794.0
20:26:50,7242.07,7335.0,12.2175,5664.0
20:26:50,7242.07,7340.0,648.4731,5390.0
20:26:50,7242.07,7345.0,8.4411,3502.0
20:26:50,7242.07,7350.0,209.3078,4772.0
20:26:50,7242.07,7355.0,24.323,2991.0
20:26:50,7242.07,7360.0,40.3751,2739.0
20:26:50,7242.07,7365.0,3.8036,2363.0
20:26:50,7242.07,7370.0,19.7722,3225.0
20:26:50,7242.07,7375.0,90.8075,7078.0
20:26:50,7242.07,7380.0,13.7689,7906.0
20:26:50,7242.07,7385.0,-0.0424,11098.0
20:26:50,7242.07,7390.0,11.4946,2775.0
20:26:50,7242.07,7395.0,0.0,2297.0
20:26:50,7242.07,7400.0,13.9673,11094.0
20:26:50,7242.07,7405.0,-0.073,552.0
20:26:50,7242.07,7410.0,-0.0039,630.0
20:26:50,7242.07,7415.0,-0.013,1187.0
20:26:50,7242.07,7420.0,-0.0437,710.0
20:26:50,7242.07,7425.0,0.0,101.0
20:26:50,7242.07,7430.0,-0.0126,47.0
20:26:50,7242.07,7440.0,0.0,98.0
20:26:50,7242.07,7450.0,0.7793,106.0
20:26:50,7242.07,7460.0,-0.0002,7.0
20:26:50,7242.07,7470.0,-0.0007,40.0
20:26:50,7242.07,7475.0,-0.0015,10.0
20:26:50,7242.07,7480.0,0.0094,25.0
20:26:50,7242.07,7490.0,0.0037,9.0
20:26:50,7242.07,7500.0,0.0302,19.0
20:26:50,7242.07,7510.0,0.0005,0.0
20:26:50,7242.07,7525.0,0.0,6.0
20:26:50,7242.07,7550.0,0.0,2.0
20:26:50,7242.07,7590.0,0.0,7.0
20:26:50,7242.07,7625.0,0.0,1.0
20:26:50,7242.07,7640.0,-0.0,10.0
20:26:50,7242.07,7650.0,-0.0,10.0
20:26:50,7242.07,7925.0,-0.0,16.0
20:26:50,7242.07,8400.0,0.0,2.0
20:26:50,7242.07,8600.0,0.0,3.0
20:26:50,7242.07,8800.0,0.0,17.0
20:26:50,7242.07,9000.0,-0.0046,0.0
20:26:50,7242.07,9200.0,0.0,32.0
21:28:00,7242.07,1600.0,0.0,2.0
21:28:00,7242.07,3800.0,0.0,4.0
21:28:00,7242.07,4400.0,0.0,2.0
21:28:00,7242.07,5000.0,0.0,5.0
21:28:00,7242.07,5250.0,0.0,1.0
21:28:00,7242.07,5300.0,0.0,1.0
21:28:00,7242.07,5400.0,0.0,3.0
21:28:00,7242.07,5500.0,0.0,1.0
21:28:00,7242.07,5650.0,0.0,2.0
21:28:00,7242.07,5675.0,-0.0,3.0
21:28:00,7242.07,5800.0,-0.0,9.0
21:28:00,7242.07,5850.0,0.0,6.0
21:28:00,7242.07,6000.0,-0.0,20.0
21:28:00,7242.07,6010.0,-0.0,4.0
21:28:00,7242.07,6050.0,-0.0,1.0
21:28:00,7242.07,6100.0,-0.0,11.0
21:28:00,7242.07,6110.0,-0.0,1.0
21:28:00,7242.07,6125.0,0.0,2.0
21:28:00,7242.07,6150.0,-0.0,3.0
21:28:00,7242.07,6175.0,0.0,1.0
21:28:00,7242.07,6225.0,0.0,1.0
21:28:00,7242.07,6230.0,0.0,1.0
21:28:00,7242.07,6300.0,0.0,2.0
21:28:00,7242.07,6320.0,0.0,4.0
21:28:00,7242.07,6350.0,0.0,1.0
21:28:00,7242.07,6390.0,0.0,1.0
21:28:00,7242.07,6400.0,0.0,111.0
21:28:00,7242.07,6430.0,0.0,1.0
21:28:00,7242.07,6450.0,0.0,3.0
21:28:00,7242.07,6460.0,0.0,70.0
21:28:00,7242.07,6475.0,0.0,3.0
21:28:00,7242.07,6480.0,0.0,6.0
21:28:00,7242.07,6490.0,0.0,1.0
21:28:00,7242.07,6495.0,0.0,2.0
21:28:00,7242.07,6500.0,0.0,91.0
21:28:00,7242.07,6505.0,-0.0,1.0
21:28:00,7242.07,6510.0,-0.0,20.0
21:28:00,7242.07,6520.0,0.0,14.0
21:28:00,7242.07,6540.0,-0.0,20.0
21:28:00,7242.07,6550.0,0.0,26.0
21:28:00,7242.07,6570.0,0.0,2.0
21:28:00,7242.07,6580.0,-0.0,2.0
21:28:00,7242.07,6590.0,0.0,1.0
21:28:00,7242.07,6595.0,-0.0,813.0
21:28:00,7242.07,6600.0,0.0,165.0
21:28:00,7242.07,6605.0,0.0,75.0
21:28:00,7242.07,6610.0,0.0,3.0
21:28:00,7242.07,6620.0,0.0,11.0
21:28:00,7242.07,6625.0,0.0,6.0
21:28:00,7242.07,6630.0,0.0,40.0
21:28:00,7242.07,6635.0,-0.0,40.0
21:28:00,7242.07,6640.0,0.0,6.0
21:28:00,7242.07,6645.0,-0.0,3.0
21:28:00,7242.07,6650.0,0.0,44.0
21:28:00,7242.07,6660.0,0.0,537.0
21:28:00,7242.07,6670.0,0.0,174.0
21:28:00,7242.07,6675.0,0.0,53.0
21:28:00,7242.07,6680.0,0.0,4.0
21:28:00,7242.07,6685.0,0.0,2.0
21:28:00,7242.07,6690.0,-0.0,4.0
21:28:00,7242.07,6695.0,-0.0,20.0
21:28:00,7242.07,6700.0,-0.0,120.0
21:28:00,7242.07,6710.0,-0.0,5.0
21:28:00,7242.07,6715.0,-0.0,9.0
21:28:00,7242.07,6720.0,-0.0,3.0
21:28:00,7242.07,6725.0,-0.0,4.0
21:28:00,7242.07,6730.0,-0.0,2.0
21:28:00,7242.07,6740.0,-0.0,12.0
21:28:00,7242.07,6745.0,-0.0,3.0
21:28:00,7242.07,6750.0,-0.0,30.0
21:28:00,7242.07,6755.0,-0.0,46.0
21:28:00,7242.07,6760.0,-0.0,5.0
21:28:00,7242.07,6765.0,-0.0,13.0
21:28:00,7242.07,6770.0,-0.0,6.0
21:28:00,7242.07,6775.0,-0.0,74.0
21:28:00,7242.07,6780.0,-0.0,79.0
21:28:00,7242.07,6785.0,-0.0,49.0
21:28:00,7242.07,6790.0,-0.0,17.0
21:28:00,7242.07,6795.0,-0.0001,6.0
21:28:00,7242.07,6800.0,-0.0002,570.0
21:28:00,7242.07,6805.0,-0.0002,3.0
21:28:00,7242.07,6810.0,-0.0001,33.0
21:28:00,7242.07,6815.0,-0.0003,45.0
21:28:00,7242.07,6820.0,-0.0004,105.0
21:28:00,7242.07,6825.0,-0.0042,157.0
21:28:00,7242.07,6830.0,-0.0001,158.0
21:28:00,7242.07,6835.0,-0.0021,142.0
21:28:00,7242.07,6840.0,-0.0028,351.0
21:28:00,7242.07,6845.0,0.0,474.0
21:28:00,7242.07,6850.0,-0.0062,2108.0
21:28:00,7242.07,6855.0,0.0,815.0
21:28:00,7242.07,6860.0,-0.0105,840.0
21:28:00,7242.07,6865.0,-0.0,212.0
21:28:00,7242.07,6870.0,-0.019,259.0
21:28:00,7242.07,6875.0,-0.0364,337.0
21:28:00,7242.07,6880.0,-0.0051,113.0
21:28:00,7242.07,6885.0,-0.0,262.0
21:28:00,7242.07,6890.0,-0.2426,103.0
21:28:00,7242.07,6895.0,-0.2164,476.0
21:28:00,7242.07,6900.0,-1.3186,1385.0
21:28:00,7242.07,6905.0,-0.3712,887.0
21:28:00,7242.07,6910.0,0.2466,438.0
21:28:00,7242.07,6915.0,-0.6442,495.0
21:28:00,7242.07,6920.0,-2.2312,309.0
21:28:00,7242.07,6925.0,0.2341,811.0
21:28:00,7242.07,6930.0,0.4241,841.0
21:28:00,7242.07,6935.0,-1.0339,510.0
21:28:00,7242.07,6940.0,-0.0,965.0
21:28:00,7242.07,6945.0,-1.5418,326.0
21:28:00,7242.07,6950.0,-3.9519,1535.0
21:28:00,7242.07,6955.0,-0.0,394.0
21:28:00,7242.07,6960.0,0.3615,4756.0
21:28:00,7242.07,6965.0,-0.0,535.0
21:28:00,7242.07,6970.0,1.3346,547.0
21:28:00,7242.07,6975.0,-15.178,1691.0
21:28:00,7242.07,6980.0,0.4617,1270.0
21:28:00,7242.07,6985.0,-0.0,1240.0
21:28:00,7242.07,6990.0,-0.0,1128.0
21:28:00,7242.07,6995.0,-0.0,1341.0
21:28:00,7242.07,7000.0,-2.7829,3943.0
21:28:00,7242.07,7005.0,-7.9581,1696.0
21:28:00,7242.07,7010.0,-0.0,1000.0
21:28:00,7242.07,7015.0,-10.2627,1701.0
21:28:00,7242.07,7020.0,1.372,1563.0
21:28:00,7242.07,7025.0,10.1499,1521.0
21:28:00,7242.07,7030.0,2.2874,1811.0
21:28:00,7242.07,7035.0,-15.2782,2623.0
21:28:00,7242.07,7040.0,1.6312,2035.0
21:28:00,7242.07,7045.0,-6.5865,2392.0
21:28:00,7242.07,7050.0,-11.4781,6909.0
21:28:00,7242.07,7055.0,-13.998,4249.0
21:28:00,7242.07,7060.0,-0.0,3625.0
21:28:00,7242.07,7065.0,-18.9629,3341.0
21:28:00,7242.07,7070.0,-17.1355,3303.0
21:28:00,7242.07,7075.0,17.5501,3789.0
21:28:00,7242.07,7080.0,-0.0,2506.0
21:28:00,7242.07,7085.0,1.5599,3091.0
21:28:00,7242.07,7090.0,-0.0,2819.0
21:28:00,7242.07,7095.0,-0.0,4071.0
21:28:00,7242.07,7100.0,-25.3802,8410.0
21:28:00,7242.07,7105.0,-5.6108,4104.0
21:28:00,7242.07,7110.0,-14.4982,5152.0
21:28:00,7242.07,7115.0,-15.1231,4238.0
21:28:00,7242.07,7120.0,-30.2276,5821.0
21:28:00,7242.07,7125.0,-13.8247,4850.0
21:28:00,7242.07,7130.0,-38.2724,7658.0
21:28:00,7242.07,7135.0,-38.2097,6097.0
21:28:00,7242.07,7140.0,-38.1142,7862.0
21:28:00,7242.07,7145.0,-44.3432,7827.0
21:28:00,7242.07,7150.0,2.8223,14857.0
21:28:00,7242.07,7155.0,-19.629,9685.0
21:28:00,7242.07,7160.0,-51.8739,14707.0
21:28:00,7242.07,7165.0,51.0637,10938.0
21:28:00,7242.07,7170.0,17.2744,14374.0
21:28:00,7242.07,7175.0,-63.5835,19133.0
21:28:00,7242.07,7180.0,70.8575,25245.0
21:28:00,7242.07,7185.0,-100.2194,19668.0
21:28:00,7242.07,7190.0,39.8596,24718.0
21:28:00,7242.07,7195.0,56.9432,24501.0
21:28:00,7242.07,7200.0,3517.4922,64835.0
21:28:00,7242.07,7205.0,-178.1743,35400.0
21:28:00,7242.07,7210.0,201.1312,47209.0
21:28:00,7242.07,7215.0,-247.3616,46469.0
21:28:00,7242.07,7220.0,494.2502,72177.0
21:28:00,7242.07,7225.0,666.8617,55982.0
21:28:00,7242.07,7230.0,1360.0487,85792.0
21:28:00,7242.07,7235.0,2331.3201,81708.0
21:28:00,7242.07,7240.0,3086.9486,126766.0
21:28:00,7242.07,7245.0,5782.6309,132527.0
21:28:00,7242.07,7250.0,6130.1983,194701.0
21:28:00,7242.07,7255.0,4803.8471,133034.0
21:28:00,7242.07,7260.0,1611.7068,151938.0
21:28:00,7242.07,7265.0,2184.5155,117559.0
21:28:00,7242.07,7270.0,776.8761,124553.0
21:28:00,7242.07,7275.0,4303.535,93339.0
21:28:00,7242.07,7280.0,39.3751,120773.0
21:28:00,7242.07,7285.0,830.4465,74309.0
21:28:00,7242.07,7290.0,1202.2273,72649.0
21:28:00,7242.07,7295.0,108.9924,32012.0
21:28:00,7242.07,7300.0,540.1707,94448.0
21:28:00,7242.07,7305.0,112.4515,22796.0
21:28:00,7242.07,7310.0,-0.8553,19948.0
21:28:00,7242.07,7315.0,43.5842,10449.0
21:28:00,7242.07,7320.0,62.658,10801.0
21:28:00,7242.07,7325.0,0.0,21765.0
21:28:00,7242.07,7330.0,43.5292,5794.0
21:28:00,7242.07,7335.0,12.2175,5664.0
21:28:00,7242.07,7340.0,648.4731,5390.0
21:28:00,7242.07,7345.0,8.4411,3502.0
21:28:00,7242.07,7350.0,209.3078,4902.0
21:28:00,7242.07,7355.0,24.323,2991.0
21:28:00,7242.07,7360.0,40.3751,2739.0
21:28:00,7242.07,7365.0,3.8036,2363.0
21:28:00,7242.07,7370.0,19.7722,3225.0
21:28:00,7242.07,7375.0,90.8075,7078.0
21:28:00,7242.07,7380.0,13.7689,7906.0
21:28:00,7242.07,7385.0,-0.0424,11098.0
21:28:00,7242.07,7390.0,11.4946,2775.0
21:28:00,7242.07,7395.0,0.0,2297.0
21:28:00,7242.07,7400.0,13.9673,11100.0
21:28:00,7242.07,7405.0,-0.073,552.0
21:28:00,7242.07,7410.0,-0.0039,630.0
21:28:00,7242.07,7415.0,-0.013,1187.0
21:28:00,7242.07,7420.0,-0.0437,710.0
21:28:00,7242.07,7425.0,0.0,101.0
21:28:00,7242.07,7430.0,-0.0126,47.0
21:28:00,7242.07,7440.0,0.0,98.0
21:28:00,7242.07,7450.0,0.7793,106.0
21:28:00,7242.07,7460.0,-0.0002,7.0
21:28:00,7242.07,7470.0,-0.0007,40.0
21:28:00,7242.07,7475.0,-0.0015,10.0
21:28:00,7242.07,7480.0,0.0094,25.0
21:28:00,7242.07,7490.0,0.0037,9.0
21:28:00,7242.07,7500.0,0.0302,20.0
21:28:00,7242.07,7510.0,0.0005,0.0
21:28:00,7242.07,7525.0,0.0,6.0
21:28:00,7242.07,7550.0,0.0,2.0
21:28:00,7242.07,7590.0,0.0,7.0
21:28:00,7242.07,7625.0,0.0,1.0
21:28:00,7242.07,7640.0,-0.0,10.0
21:28:00,7242.07,7650.0,-0.0,10.0
21:28:00,7242.07,7925.0,-0.0,16.0
21:28:00,7242.07,8400.0,0.0,2.0
21:28:00,7242.07,8600.0,0.0,3.0
21:28:00,7242.07,8800.0,0.0,17.0
21:28:00,7242.07,9200.0,0.0,32.0
21:46:34,7247.77,1600.0,0.0,2.0
21:46:34,7247.77,3800.0,0.0,4.0
21:46:34,7247.77,4400.0,0.0,2.0
21:46:34,7247.77,4600.0,0.0,4.0
21:46:34,7247.77,5000.0,0.0,5.0
21:46:34,7247.77,5250.0,0.0,1.0
21:46:34,7247.77,5300.0,0.0,1.0
21:46:34,7247.77,5400.0,0.0,3.0
21:46:34,7247.77,5500.0,0.0,1.0
21:46:34,7247.77,5650.0,0.0,2.0
21:46:34,7247.77,5675.0,0.0,3.0
21:46:34,7247.77,5800.0,-0.0,9.0
21:46:34,7247.77,5850.0,-0.0,37.0
21:46:34,7247.77,6000.0,-0.0,32.0
21:46:34,7247.77,6010.0,-0.0,4.0
21:46:34,7247.77,6050.0,-0.0,1.0
21:46:34,7247.77,6100.0,-0.0,13.0
21:46:34,7247.77,6110.0,-0.0,1.0
21:46:34,7247.77,6125.0,0.0,2.0
21:46:34,7247.77,6150.0,-0.0,3.0
21:46:34,7247.77,6175.0,0.0,1.0
21:46:34,7247.77,6225.0,0.0,9.0
21:46:34,7247.77,6230.0,0.0,1.0
21:46:34,7247.77,6275.0,-0.0,3.0
21:46:34,7247.77,6280.0,-0.0,3.0
21:46:34,7247.77,6300.0,0.0,6.0
21:46:34,7247.77,6320.0,0.0,4.0
21:46:34,7247.77,6350.0,0.0,1.0
21:46:34,7247.77,6390.0,-0.0,1.0
21:46:34,7247.77,6400.0,0.0,111.0
21:46:34,7247.77,6410.0,0.0,199.0
21:46:34,7247.77,6430.0,-0.0,1.0
21:46:34,7247.77,6450.0,0.0,4.0
21:46:34,7247.77,6460.0,0.0,70.0
21:46:34,7247.77,6475.0,0.0,3.0
21:46:34,7247.77,6480.0,0.0,6.0
21:46:34,7247.77,6490.0,0.0,1.0
21:46:34,7247.77,6495.0,0.0,2.0
21:46:34,7247.77,6500.0,0.0,91.0
21:46:34,7247.77,6505.0,-0.0,1.0
21:46:34,7247.77,6510.0,-0.0,20.0
21:46:34,7247.77,6520.0,0.0,14.0
21:46:34,7247.77,6540.0,-0.0,20.0
21:46:34,7247.77,6550.0,0.0,25.0
21:46:34,7247.77,6570.0,0.0,2.0
21:46:34,7247.77,6575.0,0.0,2.0
21:46:34,7247.77,6580.0,-0.0,2.0
21:46:34,7247.77,6590.0,0.0,1.0
21:46:34,7247.77,6595.0,0.0,813.0
21:46:34,7247.77,6600.0,0.0,168.0
21:46:34,7247.77,6605.0,0.0,75.0
21:46:34,7247.77,6610.0,0.0,3.0
21:46:34,7247.77,6620.0,0.0,11.0
21:46:34,7247.77,6625.0,0.0,6.0
21:46:34,7247.77,6630.0,0.0,40.0
21:46:34,7247.77,6635.0,0.0,40.0
21:46:34,7247.77,6640.0,0.0,6.0
21:46:34,7247.77,6645.0,0.0,3.0
21:46:34,7247.77,6650.0,0.0,44.0
21:46:34,7247.77,6660.0,0.0,520.0
21:46:34,7247.77,6670.0,-0.0,174.0
21:46:34,7247.77,6675.0,0.0,53.0
21:46:34,7247.77,6680.0,0.0,4.0
21:46:34,7247.77,6685.0,-0.0,52.0
21:46:34,7247.77,6690.0,-0.0,4.0
21:46:34,7247.77,6695.0,-0.0,20.0
21:46:34,7247.77,6700.0,-0.0,122.0
21:46:34,7247.77,6710.0,-0.0,5.0
21:46:34,7247.77,6715.0,-0.0,9.0
21:46:34,7247.77,6720.0,-0.0,3.0
21:46:34,7247.77,6725.0,0.0,4.0
21:46:34,7247.77,6730.0,0.0,2.0
21:46:34,7247.77,6735.0,-0.0,2.0
21:46:34,7247.77,6740.0,0.0,17.0
21:46:34,7247.77,6745.0,-0.0,3.0
21:46:34,7247.77,6750.0,0.0,45.0
21:46:34,7247.77,6755.0,-0.0,46.0
21:46:34,7247.77,6760.0,0.0,6.0
21:46:34,7247.77,6765.0,-0.0,13.0
21:46:34,7247.77,6770.0,0.0,6.0
21:46:34,7247.77,6775.0,0.0,74.0
21:46:34,7247.77,6780.0,-0.0,99.0
21:46:34,7247.77,6785.0,-0.0,49.0
21:46:34,7247.77,6790.0,-0.0,17.0
21:46:34,7247.77,6795.0,-0.0,6.0
21:46:34,7247.77,6800.0,-0.0002,585.0
21:46:34,7247.77,6805.0,-0.0,23.0
21:46:34,7247.77,6810.0,-0.0001,35.0
21:46:34,7247.77,6815.0,-0.0,47.0
21:46:34,7247.77,6820.0,-0.0004,106.0
21:46:34,7247.77,6825.0,0.0001,159.0
21:46:34,7247.77,6830.0,-0.0001,159.0
21:46:34,7247.77,6835.0,-0.0,144.0
21:46:34,7247.77,6840.0,-0.0029,372.0
21:46:34,7247.77,6845.0,-0.0,474.0
21:46:34,7247.77,6850.0,-0.0072,2111.0
21:46:34,7247.77,6855.0,-0.0,835.0
21:46:34,7247.77,6860.0,-0.011,842.0
21:46:34,7247.77,6865.0,-0.0,212.0
21:46:34,7247.77,6870.0,-0.0201,259.0
21:46:34,7247.77,6875.0,-0.0398,339.0
21:46:34,7247.77,6880.0,-0.0081,163.0
21:46:34,7247.77,6885.0,-0.0,263.0
21:46:34,7247.77,6890.0,-0.243,103.0
21:46:34,7247.77,6895.0,-0.0,476.0
21:46:34,7247.77,6900.0,-1.4236,1410.0
21:46:34,7247.77,6905.0,-0.0,895.0
21:46:34,7247.77,6910.0,0.247,438.0
21:46:34,7247.77,6915.0,-0.0,495.0
21:46:34,7247.77,6920.0,-0.0,359.0
21:46:34,7247.77,6925.0,0.0,821.0
21:46:34,7247.77,6930.0,-0.0,855.0
21:46:34,7247.77,6935.0,-0.0,572.0
21:46:34,7247.77,6940.0,-0.0,1020.0
21:46:34,7247.77,6945.0,-0.0,326.0
21:46:34,7247.77,6950.0,-5.6928,1549.0
21:46:34,7247.77,6955.0,-0.0,395.0
21:46:34,7247.77,6960.0,-0.0,4900.0
21:46:34,7247.77,6965.0,-0.0,542.0
21:46:34,7247.77,6970.0,-0.0,660.0
21:46:34,7247.77,6975.0,-17.4445,2058.0
21:46:34,7247.77,6980.0,-0.0,1433.0
21:46:34,7247.77,6985.0,-0.0,1242.0
21:46:34,7247.77,6990.0,-0.0,1180.0
21:46:34,7247.77,6995.0,-0.0,1365.0
21:46:34,7247.77,7000.0,-12.7833,4081.0
21:46:34,7247.77,7005.0,-0.0,1740.0
21:46:34,7247.77,7010.0,-0.0,1128.0
21:46:34,7247.77,7015.0,-0.0,1713.0
21:46:34,7247.77,7020.0,-0.0,1736.0
21:46:34,7247.77,7025.0,5.9532,1608.0
21:46:34,7247.77,7030.0,-0.0,2009.0
21:46:34,7247.77,7035.0,-0.0,2777.0
21:46:34,7247.77,7040.0,-0.0,2075.0
21:46:34,7247.77,7045.0,-0.0015,2484.0
21:46:34,7247.77,7050.0,-27.6926,7006.0
21:46:34,7247.77,7055.0,-15.8585,4723.0
21:46:34,7247.77,7060.0,-0.0,4001.0
21:46:34,7247.77,7065.0,-18.9928,3543.0
21:46:34,7247.77,7070.0,-0.0,3503.0
21:46:34,7247.77,7075.0,-10.3515,4051.0
21:46:34,7247.77,7080.0,-0.0,2831.0
21:46:34,7247.77,7085.0,-0.0484,3343.0
21:46:34,7247.77,7090.0,-0.0,3461.0
21:46:34,7247.77,7095.0,-0.2029,4338.0
21:46:34,7247.77,7100.0,-26.4351,8582.0
21:46:34,7247.77,7105.0,-12.5444,4120.0
21:46:34,7247.77,7110.0,-22.2168,5339.0
21:46:34,7247.77,7115.0,-15.0295,4239.0
21:46:34,7247.77,7120.0,-0.0013,6422.0
21:46:34,7247.77,7125.0,-13.8465,4850.0
21:46:34,7247.77,7130.0,-51.0683,8636.0
21:46:34,7247.77,7135.0,-37.0897,6097.0
21:46:34,7247.77,7140.0,-59.1683,8715.0
21:46:34,7247.77,7145.0,-42.0384,7834.0
21:46:34,7247.77,7150.0,2.8267,15742.0
21:46:34,7247.77,7155.0,-43.6572,9695.0
21:46:34,7247.77,7160.0,-1.2148,16306.0
21:46:34,7247.77,7165.0,51.1441,10938.0
21:46:34,7247.77,7170.0,0.1982,15757.0
21:46:34,7247.77,7175.0,-63.6836,19133.0
21:46:34,7247.77,7180.0,7.2218,26775.0
21:46:34,7247.77,7185.0,-31.1484,21695.0
21:46:34,7247.77,7190.0,7.4179,26482.0
21:46:34,7247.77,7195.0,114.4265,26479.0
21:46:34,7247.77,7200.0,2471.16,72193.0
21:46:34,7247.77,7205.0,60.5734,41376.0
21:46:34,7247.77,7210.0,103.9131,56590.0
21:46:34,7247.77,7215.0,193.3172,58681.0
21:46:34,7247.77,7220.0,397.0047,94747.0
21:46:34,7247.77,7225.0,683.3072,89310.0
21:46:34,7247.77,7230.0,2160.4797,129012.0
21:46:34,7247.77,7235.0,675.5092,113328.0
21:46:34,7247.77,7240.0,6767.2808,200916.0
21:46:34,7247.77,7245.0,5724.4723,147471.0
21:46:34,7247.77,7250.0,6362.5427,203504.0
21:46:34,7247.77,7255.0,4757.8261,135373.0
21:46:34,7247.77,7260.0,928.9556,174221.0
21:46:34,7247.77,7265.0,2187.9556,117559.0
21:46:34,7247.77,7270.0,166.4847,132482.0
21:46:34,7247.77,7275.0,167.2204,103064.0
21:46:34,7247.77,7280.0,163.3143,124114.0
21:46:34,7247.77,7285.0,905.468,77467.0
21:46:34,7247.77,7290.0,6.9393,75159.0
21:46:34,7247.77,7295.0,111.0032,32017.0
21:46:34,7247.77,7300.0,350.6394,95819.0
21:46:34,7247.77,7305.0,112.7685,23704.0
21:46:34,7247.77,7310.0,2.8327,20401.0
21:46:34,7247.77,7315.0,43.9567,10984.0
21:46:34,7247.77,7320.0,62.7567,10801.0
21:46:34,7247.77,7325.0,0.1906,22596.0
21:46:34,7247.77,7330.0,18.0201,6285.0
21:46:34,7247.77,7335.0,12.2855,5929.0
21:46:34,7247.77,7340.0,177.504,5818.0
21:46:34,7247.77,7345.0,8.5941,3815.0
21:46:34,7247.77,7350.0,209.6374,4913.0
21:46:34,7247.77,7355.0,24.9133,2991.0
21:46:34,7247.77,7360.0,2.9048,3070.0
21:46:34,7247.77,7365.0,3.8247,2363.0
21:46:34,7247.77,7370.0,0.6759,3485.0
21:46:34,7247.77,7375.0,0.0,7206.0
21:46:34,7247.77,7380.0,0.1928,7912.0
21:46:34,7247.77,7385.0,-0.0424,11571.0
21:46:34,7247.77,7390.0,11.5127,2775.0
21:46:34,7247.77,7395.0,0.0,2582.0
21:46:34,7247.77,7400.0,13.9893,11103.0
21:46:34,7247.77,7405.0,-0.0731,554.0
21:46:34,7247.77,7410.0,-0.0027,630.0
21:46:34,7247.77,7415.0,-0.0087,1186.0
21:46:34,7247.77,7420.0,-0.0,710.0
21:46:34,7247.77,7425.0,0.0,101.0
21:46:34,7247.77,7430.0,-0.0,47.0
21:46:34,7247.77,7440.0,0.0,98.0
21:46:34,7247.77,7450.0,0.7805,106.0
21:46:34,7247.77,7460.0,0.0,7.0
21:46:34,7247.77,7470.0,-0.0007,40.0
21:46:34,7247.77,7475.0,0.0,10.0
21:46:34,7247.77,7480.0,0.0,25.0
21:46:34,7247.77,7490.0,0.0,10.0
21:46:34,7247.77,7500.0,0.0303,20.0
21:46:34,7247.77,7510.0,0.0005,0.0
21:46:34,7247.77,7525.0,0.0,6.0
21:46:34,7247.77,7550.0,0.0,2.0
21:46:34,7247.77,7590.0,0.0,7.0
21:46:34,7247.77,7625.0,0.0,1.0
21:46:34,7247.77,7640.0,-0.0,10.0
21:46:34,7247.77,7650.0,-0.0,10.0
21:46:34,7247.77,7925.0,-0.0,16.0
21:46:34,7247.77,8400.0,0.0,2.0
21:46:34,7247.77,8600.0,0.0,3.0
21:46:34,7247.77,8800.0,0.0,17.0
21:46:34,7247.77,9200.0,0.0,32.0
22:16:56,7243.75,1600.0,0.0,2.0
22:16:56,7243.75,3800.0,0.0,4.0
22:16:56,7243.75,4400.0,0.0,2.0
22:16:56,7243.75,4600.0,0.0,4.0
22:16:56,7243.75,5000.0,0.0,3.0
22:16:56,7243.75,5250.0,0.0,1.0
22:16:56,7243.75,5300.0,0.0,1.0
22:16:56,7243.75,5400.0,0.0,202.0
22:16:56,7243.75,5500.0,0.0,1.0
22:16:56,7243.75,5650.0,0.0,2.0
22:16:56,7243.75,5675.0,0.0,3.0
22:16:56,7243.75,5800.0,-0.0,9.0
22:16:56,7243.75,5850.0,-0.0,37.0
22:16:56,7243.75,6000.0,-0.0,80.0
22:16:56,7243.75,6010.0,-0.0,4.0
22:16:56,7243.75,6050.0,-0.0,1.0
22:16:56,7243.75,6100.0,-0.0,14.0
22:16:56,7243.75,6110.0,-0.0,1.0
22:16:56,7243.75,6125.0,0.0,2.0
22:16:56,7243.75,6150.0,-0.0,3.0
22:16:56,7243.75,6175.0,0.0,1.0
22:16:56,7243.75,6225.0,0.0,9.0
22:16:56,7243.75,6230.0,0.0,1.0
22:16:56,7243.75,6275.0,0.0,3.0
22:16:56,7243.75,6280.0,-0.0,3.0
22:16:56,7243.75,6300.0,0.0,6.0
22:16:56,7243.75,6320.0,0.0,4.0
22:16:56,7243.75,6330.0,0.0,2.0
22:16:56,7243.75,6340.0,0.0,2.0
22:16:56,7243.75,6350.0,0.0,1.0
22:16:56,7243.75,6390.0,0.0,1.0
22:16:56,7243.75,6400.0,0.0,111.0
22:16:56,7243.75,6410.0,0.0,199.0
22:16:56,7243.75,6430.0,0.0,1.0
22:16:56,7243.75,6450.0,0.0,4.0
22:16:56,7243.75,6460.0,0.0,70.0
22:16:56,7243.75,6475.0,0.0,3.0
22:16:56,7243.75,6480.0,0.0,6.0
22:16:56,7243.75,6490.0,0.0,2.0
22:16:56,7243.75,6495.0,0.0,2.0
22:16:56,7243.75,6500.0,0.0,91.0
22:16:56,7243.75,6505.0,-0.0,1.0
22:16:56,7243.75,6510.0,0.0,20.0
22:16:56,7243.75,6520.0,0.0,14.0
22:16:56,7243.75,6540.0,0.0,20.0
22:16:56,7243.75,6550.0,0.0,25.0
22:16:56,7243.75,6570.0,0.0,2.0
22:16:56,7243.75,6575.0,0.0,4.0
22:16:56,7243.75,6580.0,0.0,4.0
22:16:56,7243.75,6590.0,0.0,1.0
22:16:56,7243.75,6595.0,0.0,813.0
22:16:56,7243.75,6600.0,0.0,170.0
22:16:56,7243.75,6605.0,0.0,75.0
22:16:56,7243.75,6610.0,0.0,3.0
22:16:56,7243.75,6620.0,0.0,11.0
22:16:56,7243.75,6625.0,0.0,6.0
22:16:56,7243.75,6630.0,0.0,40.0
22:16:56,7243.75,6635.0,0.0,40.0
22:16:56,7243.75,6640.0,0.0,37.0
22:16:56,7243.75,6645.0,0.0,3.0
22:16:56,7243.75,6650.0,0.0,45.0
22:16:56,7243.75,6660.0,0.0,520.0
22:16:56,7243.75,6670.0,-0.0,174.0
22:16:56,7243.75,6675.0,0.0,53.0
22:16:56,7243.75,6680.0,0.0,4.0
22:16:56,7243.75,6685.0,-0.0,52.0
22:16:56,7243.75,6690.0,-0.0,4.0
22:16:56,7243.75,6695.0,-0.0,20.0
22:16:56,7243.75,6700.0,0.0,121.0
22:16:56,7243.75,6710.0,0.0,5.0
22:16:56,7243.75,6715.0,-0.0,9.0
22:16:56,7243.75,6720.0,0.0,3.0
22:16:56,7243.75,6725.0,0.0,4.0
22:16:56,7243.75,6730.0,0.0,2.0
22:16:56,7243.75,6735.0,-0.0,2.0
22:16:56,7243.75,6740.0,0.0,16.0
22:16:56,7243.75,6745.0,-0.0,3.0
22:16:56,7243.75,6750.0,0.0,45.0
22:16:56,7243.75,6755.0,-0.0,46.0
22:16:56,7243.75,6760.0,0.0,6.0
22:16:56,7243.75,6765.0,-0.0,13.0
22:16:56,7243.75,6770.0,0.0,6.0
22:16:56,7243.75,6775.0,0.0,74.0
22:16:56,7243.75,6780.0,0.0,100.0
22:16:56,7243.75,6785.0,-0.0,49.0
22:16:56,7243.75,6790.0,0.0,17.0
22:16:56,7243.75,6795.0,-0.0,6.0
22:16:56,7243.75,6800.0,-0.0,605.0
22:16:56,7243.75,6805.0,-0.0,23.0
22:16:56,7243.75,6810.0,-0.0,35.0
22:16:56,7243.75,6815.0,-0.0,47.0
22:16:56,7243.75,6820.0,-0.0,106.0
22:16:56,7243.75,6825.0,-0.0,209.0
22:16:56,7243.75,6830.0,-0.0,159.0
22:16:56,7243.75,6835.0,-0.0,144.0
22:16:56,7243.75,6840.0,-0.0,372.0
22:16:56,7243.75,6845.0,-0.0,474.0
22:16:56,7243.75,6850.0,-0.0,2112.0
22:16:56,7243.75,6855.0,-0.0,835.0
22:16:56,7243.75,6860.0,-0.0,842.0
22:16:56,7243.75,6865.0,-0.0,212.0
22:16:56,7243.75,6870.0,-0.0,259.0
22:16:56,7243.75,6875.0,-0.0,339.0
22:16:56,7243.75,6880.0,-0.0,163.0
22:16:56,7243.75,6885.0,-0.0,263.0
22:16:56,7243.75,6890.0,0.0,154.0
22:16:56,7243.75,6895.0,-0.0,476.0
22:16:56,7243.75,6900.0,-0.0,1414.0
22:16:56,7243.75,6905.0,-0.0,895.0
22:16:56,7243.75,6910.0,0.0,440.0
22:16:56,7243.75,6915.0,-0.0,495.0
22:16:56,7243.75,6920.0,-0.0,359.0
22:16:56,7243.75,6925.0,0.0,821.0
22:16:56,7243.75,6930.0,-0.0,855.0
22:16:56,7243.75,6935.0,-0.0,572.0
22:16:56,7243.75,6940.0,-0.0,1020.0
22:16:56,7243.75,6945.0,-0.0,326.0
22:16:56,7243.75,6950.0,0.0,1569.0
22:16:56,7243.75,6955.0,-0.0,395.0
22:16:56,7243.75,6960.0,-0.0,4900.0
22:16:56,7243.75,6965.0,-0.0,542.0
22:16:56,7243.75,6970.0,-0.0,660.0
22:16:56,7243.75,6975.0,0.0,2069.0
22:16:56,7243.75,6980.0,-0.0,1433.0
22:16:56,7243.75,6985.0,-0.0,1242.0
22:16:56,7243.75,6990.0,-0.0,1180.0
22:16:56,7243.75,6995.0,-0.0,1365.0
22:16:56,7243.75,7000.0,-12.7691,4082.0
22:16:56,7243.75,7005.0,-0.0,1740.0
22:16:56,7243.75,7010.0,-0.0,1128.0
22:16:56,7243.75,7015.0,-0.0,1713.0
22:16:56,7243.75,7020.0,-0.0,1736.0
22:16:56,7243.75,7025.0,5.9466,1654.0
22:16:56,7243.75,7030.0,-0.0,2009.0
22:16:56,7243.75,7035.0,-0.0,2777.0
22:16:56,7243.75,7040.0,-0.0,2075.0
22:16:56,7243.75,7045.0,-0.0015,2484.0
22:16:56,7243.75,7050.0,-27.6619,7007.0
22:16:56,7243.75,7055.0,-15.8409,4723.0
22:16:56,7243.75,7060.0,-0.0,4001.0
22:16:56,7243.75,7065.0,-18.9717,3543.0
22:16:56,7243.75,7070.0,-0.0,3503.0
22:16:56,7243.75,7075.0,13.9207,4056.0
22:16:56,7243.75,7080.0,-0.0,2831.0
22:16:56,7243.75,7085.0,-0.0484,3343.0
22:16:56,7243.75,7090.0,-0.0,3461.0
22:16:56,7243.75,7095.0,-0.2027,4338.0
22:16:56,7243.75,7100.0,26.7609,8604.0
22:16:56,7243.75,7105.0,-0.0,4452.0
22:16:56,7243.75,7110.0,-22.1922,5339.0
22:16:56,7243.75,7115.0,-0.0002,4498.0
22:16:56,7243.75,7120.0,-0.0013,6422.0
22:16:56,7243.75,7125.0,-0.0,6372.0
22:16:56,7243.75,7130.0,-51.0117,8636.0
22:16:56,7243.75,7135.0,-0.0103,7197.0
22:16:56,7243.75,7140.0,-59.1027,8715.0
22:16:56,7243.75,7145.0,-0.048,8830.0
22:16:56,7243.75,7150.0,213.6632,15822.0
22:16:56,7243.75,7155.0,-0.1209,10352.0
22:16:56,7243.75,7160.0,-1.2135,16306.0
22:16:56,7243.75,7165.0,1.3763,12826.0
22:16:56,7243.75,7170.0,0.198,15757.0
22:16:56,7243.75,7175.0,-233.9769,22521.0
22:16:56,7243.75,7180.0,7.2138,26775.0
22:16:56,7243.75,7185.0,-46.2694,21694.0
22:16:56,7243.75,7190.0,7.4097,26482.0
22:16:56,7243.75,7195.0,3.8546,26596.0
22:16:56,7243.75,7200.0,3262.1332,73831.0
22:16:56,7243.75,7205.0,37.7543,41471.0
22:16:56,7243.75,7210.0,103.7978,56590.0
22:16:56,7243.75,7215.0,146.6147,58759.0
22:16:56,7243.75,7220.0,396.5644,94747.0
22:16:56,7243.75,7225.0,682.5495,89310.0
22:16:56,7243.75,7230.0,2158.0838,129012.0
22:16:56,7243.75,7235.0,-181.3469,119333.0
22:16:56,7243.75,7240.0,6759.7759,200916.0
22:16:56,7243.75,7245.0,5647.0971,158688.0
22:16:56,7243.75,7250.0,5789.4978,254996.0
22:16:56,7243.75,7255.0,4752.5496,135373.0
22:16:56,7243.75,7260.0,927.9254,174221.0
22:16:56,7243.75,7265.0,2185.5291,117559.0
22:16:56,7243.75,7270.0,166.3,132482.0
22:16:56,7243.75,7275.0,167.0349,103064.0
22:16:56,7243.75,7280.0,163.1332,124114.0
22:16:56,7243.75,7285.0,904.4639,77467.0
22:16:56,7243.75,7290.0,6.9316,75159.0
22:16:56,7243.75,7295.0,110.8801,32017.0
22:16:56,7243.75,7300.0,350.2505,98678.0
22:16:56,7243.75,7305.0,112.6434,23704.0
22:16:56,7243.75,7310.0,3.6771,20401.0
22:16:56,7243.75,7315.0,21.4123,10984.0
22:16:56,7243.75,7320.0,0.3976,11295.0
22:16:56,7243.75,7325.0,0.1903,22596.0
22:16:56,7243.75,7330.0,0.0868,6291.0
22:16:56,7243.75,7335.0,4.2204,5929.0
22:16:56,7243.75,7340.0,0.2778,5832.0
22:16:56,7243.75,7345.0,1.7832,3815.0
22:16:56,7243.75,7350.0,209.405,5032.0
22:16:56,7243.75,7355.0,24.8857,2991.0
22:16:56,7243.75,7360.0,0.0004,3071.0
22:16:56,7243.75,7365.0,3.8204,2363.0
22:16:56,7243.75,7370.0,0.0,3486.0
22:16:56,7243.75,7375.0,0.0,7206.0
22:16:56,7243.75,7380.0,-0.0001,7912.0
22:16:56,7243.75,7385.0,-0.0424,11571.0
22:16:56,7243.75,7390.0,0.0,2777.0
22:16:56,7243.75,7395.0,0.0,2582.0
22:16:56,7243.75,7400.0,13.9738,11104.0
22:16:56,7243.75,7405.0,-0.073,554.0
22:16:56,7243.75,7410.0,-0.0026,630.0
22:16:56,7243.75,7415.0,-0.013,1187.0
22:16:56,7243.75,7420.0,-0.0,710.0
22:16:56,7243.75,7425.0,0.0,101.0
22:16:56,7243.75,7430.0,-0.0,47.0
22:16:56,7243.75,7440.0,0.0,98.0
22:16:56,7243.75,7450.0,0.7797,119.0
22:16:56,7243.75,7460.0,0.0,7.0
22:16:56,7243.75,7470.0,-0.0007,40.0
22:16:56,7243.75,7475.0,0.0,10.0
22:16:56,7243.75,7480.0,0.0,25.0
22:16:56,7243.75,7490.0,0.0,10.0
22:16:56,7243.75,7500.0,0.0302,21.0
22:16:56,7243.75,7510.0,0.0005,0.0
22:16:56,7243.75,7525.0,0.0,6.0
22:16:56,7243.75,7550.0,0.0,2.0
22:16:56,7243.75,7590.0,0.0,7.0
22:16:56,7243.75,7600.0,0.0,1.0
22:16:56,7243.75,7625.0,0.0,1.0
22:16:56,7243.75,7640.0,-0.0,10.0
22:16:56,7243.75,7650.0,0.0,10.0
22:16:56,7243.75,7925.0,-0.0,16.0
22:16:56,7243.75,8400.0,0.0,2.0
22:16:56,7243.75,8600.0,0.0,3.0
22:16:56,7243.75,8800.0,0.0,17.0
22:16:56,7243.75,9200.0,-0.0,32.0
22:55:08,7230.12,1600.0,0.0,2.0
22:55:08,7230.12,3800.0,0.0,4.0
22:55:08,7230.12,4400.0,0.0,2.0
22:55:08,7230.12,4600.0,0.0,4.0
22:55:08,7230.12,5000.0,0.0,3.0
22:55:08,7230.12,5250.0,0.0,1.0
22:55:08,7230.12,5300.0,0.0,1.0
22:55:08,7230.12,5400.0,0.0,202.0
22:55:08,7230.12,5500.0,0.0,1.0
22:55:08,7230.12,5650.0,0.0,2.0
22:55:08,7230.12,5675.0,0.0,3.0
22:55:08,7230.12,5800.0,0.0,9.0
22:55:08,7230.12,5850.0,0.0,40.0
22:55:08,7230.12,6000.0,0.0,80.0
22:55:08,7230.12,6010.0,-0.0,4.0
22:55:08,7230.12,6050.0,0.0,1.0
22:55:08,7230.12,6100.0,0.0,14.0
22:55:08,7230.12,6110.0,-0.0,1.0
22:55:08,7230.12,6125.0,0.0,2.0
22:55:08,7230.12,6150.0,-0.0,3.0
22:55:08,7230.12,6175.0,0.0,1.0
22:55:08,7230.12,6225.0,0.0,9.0
22:55:08,7230.12,6230.0,0.0,1.0
22:55:08,7230.12,6275.0,-0.0,3.0
22:55:08,7230.12,6280.0,-0.0,3.0
22:55:08,7230.12,6300.0,0.0,7.0
22:55:08,7230.12,6320.0,-0.0,4.0
22:55:08,7230.12,6330.0,-0.0,2.0
22:55:08,7230.12,6340.0,-0.0,2.0
22:55:08,7230.12,6350.0,0.0,1.0
22:55:08,7230.12,6380.0,0.0,3.0
22:55:08,7230.12,6390.0,0.0,1.0
22:55:08,7230.12,6400.0,-0.0,185.0
22:55:08,7230.12,6410.0,0.0,199.0
22:55:08,7230.12,6430.0,0.0,2.0
22:55:08,7230.12,6450.0,0.0,4.0
22:55:08,7230.12,6460.0,0.0,70.0
22:55:08,7230.12,6470.0,0.0,4.0
22:55:08,7230.12,6475.0,0.0,3.0
22:55:08,7230.12,6480.0,0.0,6.0
22:55:08,7230.12,6490.0,0.0,2.0
22:55:08,7230.12,6495.0,0.0,2.0
22:55:08,7230.12,6500.0,0.0,91.0
22:55:08,7230.12,6505.0,-0.0,1.0
22:55:08,7230.12,6510.0,0.0,20.0
22:55:08,7230.12,6520.0,0.0,14.0
22:55:08,7230.12,6530.0,0.0,10.0
22:55:08,7230.12,6540.0,0.0,20.0
22:55:08,7230.12,6550.0,0.0,27.0
22:55:08,7230.12,6570.0,0.0,2.0
22:55:08,7230.12,6575.0,0.0,4.0
22:55:08,7230.12,6580.0,0.0,4.0
22:55:08,7230.12,6590.0,0.0,2.0
22:55:08,7230.12,6595.0,0.0,815.0
22:55:08,7230.12,6600.0,0.0,170.0
22:55:08,7230.12,6605.0,0.0,75.0
22:55:08,7230.12,6610.0,0.0,3.0
22:55:08,7230.12,6620.0,0.0,11.0
22:55:08,7230.12,6625.0,0.0,6.0
22:55:08,7230.12,6630.0,0.0,41.0
22:55:08,7230.12,6635.0,0.0,40.0
22:55:08,7230.12,6640.0,0.0,37.0
22:55:08,7230.12,6645.0,0.0,3.0
22:55:08,7230.12,6650.0,0.0,44.0
22:55:08,7230.12,6660.0,0.0,537.0
22:55:08,7230.12,6670.0,-0.0,174.0
22:55:08,7230.12,6675.0,-0.0,53.0
22:55:08,7230.12,6680.0,0.0,4.0
22:55:08,7230.12,6685.0,-0.0,52.0
22:55:08,7230.12,6690.0,0.0,4.0
22:55:08,7230.12,6695.0,-0.0,20.0
22:55:08,7230.12,6700.0,0.0,120.0
22:55:08,7230.12,6710.0,0.0,5.0
22:55:08,7230.12,6715.0,0.0,9.0
22:55:08,7230.12,6720.0,0.0,6.0
22:55:08,7230.12,6725.0,0.0,4.0
22:55:08,7230.12,6730.0,0.0,2.0
22:55:08,7230.12,6735.0,0.0,2.0
22:55:08,7230.12,6740.0,0.0,16.0
22:55:08,7230.12,6745.0,0.0,3.0
22:55:08,7230.12,6750.0,0.0,45.0
22:55:08,7230.12,6755.0,0.0,53.0
22:55:08,7230.12,6760.0,0.0,6.0
22:55:08,7230.12,6765.0,0.0,13.0
22:55:08,7230.12,6770.0,-0.0,7.0
22:55:08,7230.12,6775.0,0.0,77.0
22:55:08,7230.12,6780.0,0.0,100.0
22:55:08,7230.12,6785.0,0.0,49.0
22:55:08,7230.12,6790.0,0.0,17.0
22:55:08,7230.12,6795.0,0.0,6.0
22:55:08,7230.12,6800.0,0.0,609.0
22:55:08,7230.12,6805.0,0.0,23.0
22:55:08,7230.12,6810.0,0.0,38.0
22:55:08,7230.12,6815.0,0.0,49.0
22:55:08,7230.12,6820.0,-0.0,109.0
22:55:08,7230.12,6825.0,0.0,220.0
22:55:08,7230.12,6830.0,-0.0,159.0
22:55:08,7230.12,6835.0,0.0,144.0
22:55:08,7230.12,6840.0,-0.0,377.0
22:55:08,7230.12,6845.0,0.0,478.0
22:55:08,7230.12,6850.0,-0.0,2112.0
22:55:08,7230.12,6855.0,0.0,835.0
22:55:08,7230.12,6860.0,-0.0,844.0
22:55:08,7230.12,6865.0,0.0,214.0
22:55:08,7230.12,6870.0,-0.0,262.0
22:55:08,7230.12,6875.0,-0.0,339.0
22:55:08,7230.12,6880.0,-0.0,163.0
22:55:08,7230.12,6885.0,0.0,275.0
22:55:08,7230.12,6890.0,6.0687,154.0
22:55:08,7230.12,6895.0,-0.0,476.0
22:55:08,7230.12,6900.0,-0.0,1414.0
22:55:08,7230.12,6905.0,-0.0,914.0
22:55:08,7230.12,6910.0,21.9631,440.0
22:55:08,7230.12,6915.0,-0.0,495.0
22:55:08,7230.12,6920.0,0.0,360.0
22:55:08,7230.12,6925.0,-0.0,822.0
22:55:08,7230.12,6930.0,-0.0,856.0
22:55:08,7230.12,6935.0,-0.0,576.0
22:55:08,7230.12,6940.0,-0.0,1026.0
22:55:08,7230.12,6945.0,-0.0,326.0
22:55:08,7230.12,6950.0,-0.0,1568.0
22:55:08,7230.12,6955.0,-0.0,402.0
22:55:08,7230.12,6960.0,-0.0,4896.0
22:55:08,7230.12,6965.0,-0.0,542.0
22:55:08,7230.12,6970.0,0.0,660.0
22:55:08,7230.12,6975.0,-0.0,2069.0
22:55:08,7230.12,6980.0,0.0,1434.0
22:55:08,7230.12,6985.0,-0.0,1243.0
22:55:08,7230.12,6990.0,0.0,1181.0
22:55:08,7230.12,6995.0,-0.0,1366.0
22:55:08,7230.12,7000.0,-12.7211,4086.0
22:55:08,7230.12,7005.0,-0.0,1743.0
22:55:08,7230.12,7010.0,0.0,1134.0
22:55:08,7230.12,7015.0,-0.0,1716.0
22:55:08,7230.12,7020.0,-0.0,1735.0
22:55:08,7230.12,7025.0,-0.0,1658.0
22:55:08,7230.12,7030.0,0.0,2009.0
22:55:08,7230.12,7035.0,-0.0,2783.0
22:55:08,7230.12,7040.0,0.0,2076.0
22:55:08,7230.12,7045.0,-0.0,2497.0
22:55:08,7230.12,7050.0,-27.558,7034.0
22:55:08,7230.12,7055.0,-0.0,4723.0
22:55:08,7230.12,7060.0,-0.0,4001.0
22:55:08,7230.12,7065.0,-0.0,3543.0
22:55:08,7230.12,7070.0,-0.0,3550.0
22:55:08,7230.12,7075.0,-0.0013,4079.0
22:55:08,7230.12,7080.0,-0.0,2852.0
22:55:08,7230.12,7085.0,-0.0,3343.0
22:55:08,7230.12,7090.0,-0.0,3508.0
22:55:08,7230.12,7095.0,-0.0,4338.0
22:55:08,7230.12,7100.0,-0.0,8621.0
22:55:08,7230.12,7105.0,-0.0,4452.0
22:55:08,7230.12,7110.0,-0.0,5352.0
22:55:08,7230.12,7115.0,-0.0002,4498.0
22:55:08,7230.12,7120.0,-0.0,6437.0
22:55:08,7230.12,7125.0,-0.0,6372.0
22:55:08,7230.12,7130.0,-0.0,8720.0
22:55:08,7230.12,7135.0,-0.0103,7197.0
22:55:08,7230.12,7140.0,-0.0,8717.0
22:55:08,7230.12,7145.0,-0.0478,8830.0
22:55:08,7230.12,7150.0,0.0,15882.0
22:55:08,7230.12,7155.0,-0.1205,10352.0
22:55:08,7230.12,7160.0,-0.0,16335.0
22:55:08,7230.12,7165.0,1.3711,12826.0
22:55:08,7230.12,7170.0,0.0,15798.0
22:55:08,7230.12,7175.0,-233.0973,22521.0
22:55:08,7230.12,7180.0,0.0,26835.0
22:55:08,7230.12,7185.0,-46.0954,21694.0
22:55:08,7230.12,7190.0,0.0,26591.0
22:55:08,7230.12,7195.0,3.8401,26596.0
22:55:08,7230.12,7200.0,737.2125,74751.0
22:55:08,7230.12,7205.0,37.6123,41471.0
22:55:08,7230.12,7210.0,3.1749,57908.0
22:55:08,7230.12,7215.0,146.0634,58759.0
22:55:08,7230.12,7220.0,821.0513,97310.0
22:55:08,7230.12,7225.0,765.412,94404.0
22:55:08,7230.12,7230.0,16551.1609,144414.0
22:55:08,7230.12,7235.0,965.8881,119333.0
22:55:08,7230.12,7240.0,2.4735,237251.0
22:55:08,7230.12,7245.0,5625.8656,158688.0
22:55:08,7230.12,7250.0,13198.8489,268164.0
22:55:08,7230.12,7255.0,4734.6815,135373.0
22:55:08,7230.12,7260.0,0.0,176688.0
22:55:08,7230.12,7265.0,2177.3122,117559.0
22:55:08,7230.12,7270.0,0.0,132994.0
22:55:08,7230.12,7275.0,177.84,103232.0
22:55:08,7230.12,7280.0,0.0,124215.0
22:55:08,7230.12,7285.0,901.0634,77467.0
22:55:08,7230.12,7290.0,16.7334,75230.0
22:55:08,7230.12,7295.0,110.4633,32017.0
22:55:08,7230.12,7300.0,0.3635,98774.0
22:55:08,7230.12,7305.0,112.2199,23704.0
22:55:08,7230.12,7310.0,3.6633,20402.0
22:55:08,7230.12,7315.0,21.3318,10984.0
22:55:08,7230.12,7320.0,0.3961,11295.0
22:55:08,7230.12,7325.0,0.0,22595.0
22:55:08,7230.12,7330.0,0.0865,6291.0
22:55:08,7230.12,7335.0,4.2046,5929.0
22:55:08,7230.12,7340.0,0.2768,5832.0
22:55:08,7230.12,7345.0,1.7765,3815.0
22:55:08,7230.12,7350.0,209.2986,5034.0
22:55:08,7230.12,7355.0,24.7921,2991.0
22:55:08,7230.12,7360.0,0.0004,3071.0
22:55:08,7230.12,7365.0,3.8061,2363.0
22:55:08,7230.12,7370.0,0.0,3486.0
22:55:08,7230.12,7375.0,0.0,7206.0
22:55:08,7230.12,7380.0,-0.0001,7912.0
22:55:08,7230.12,7385.0,-0.0422,11571.0
22:55:08,7230.12,7390.0,0.0,2777.0
22:55:08,7230.12,7395.0,0.0,2587.0
22:55:08,7230.12,7400.0,14.5814,11104.0
22:55:08,7230.12,7405.0,0.0,557.0
22:55:08,7230.12,7410.0,-0.0026,630.0
22:55:08,7230.12,7415.0,0.0,1186.0
22:55:08,7230.12,7420.0,-0.0,710.0
22:55:08,7230.12,7425.0,0.0,101.0
22:55:08,7230.12,7430.0,-0.0,47.0
22:55:08,7230.12,7440.0,0.0,98.0
22:55:08,7230.12,7450.0,0.7775,119.0
22:55:08,7230.12,7460.0,0.0,7.0
22:55:08,7230.12,7470.0,-0.0007,40.0
22:55:08,7230.12,7475.0,0.0,10.0
22:55:08,7230.12,7480.0,0.0,25.0
22:55:08,7230.12,7490.0,0.0,10.0
22:55:08,7230.12,7500.0,0.0301,21.0
22:55:08,7230.12,7510.0,0.0005,0.0
22:55:08,7230.12,7525.0,0.0,6.0
22:55:08,7230.12,7550.0,0.0,2.0
22:55:08,7230.12,7590.0,0.0,7.0
22:55:08,7230.12,7600.0,0.0,1.0
22:55:08,7230.12,7625.0,0.0,1.0
22:55:08,7230.12,7640.0,0.0,10.0
22:55:08,7230.12,7650.0,0.0,10.0
22:55:08,7230.12,7925.0,0.0,16.0
22:55:08,7230.12,8400.0,0.0,2.0
22:55:08,7230.12,8600.0,0.0,3.0
22:55:08,7230.12,8800.0,0.0,17.0
22:55:08,7230.12,9200.0,-0.0,32.0
23:37:53,7230.12,1600.0,0.0,2.0
23:37:53,7230.12,3800.0,0.0,4.0
23:37:53,7230.12,4400.0,0.0,2.0
23:37:53,7230.12,4600.0,0.0,4.0
23:37:53,7230.12,5000.0,0.0,3.0
23:37:53,7230.12,5250.0,0.0,1.0
23:37:53,7230.12,5300.0,0.0,1.0
23:37:53,7230.12,5400.0,0.0,202.0
23:37:53,7230.12,5500.0,0.0,1.0
23:37:53,7230.12,5650.0,0.0,2.0
23:37:53,7230.12,5675.0,0.0,3.0
23:37:53,7230.12,5800.0,0.0,9.0
23:37:53,7230.12,5850.0,0.0,37.0
23:37:53,7230.12,6000.0,0.0,80.0
23:37:53,7230.12,6010.0,-0.0,4.0
23:37:53,7230.12,6050.0,0.0,1.0
23:37:53,7230.12,6100.0,0.0,13.0
23:37:53,7230.12,6110.0,-0.0,1.0
23:37:53,7230.12,6125.0,0.0,2.0
23:37:53,7230.12,6150.0,-0.0,3.0
23:37:53,7230.12,6175.0,0.0,1.0
23:37:53,7230.12,6225.0,0.0,9.0
23:37:53,7230.12,6230.0,0.0,1.0
23:37:53,7230.12,6275.0,-0.0,3.0
23:37:53,7230.12,6280.0,-0.0,3.0
23:37:53,7230.12,6300.0,0.0,6.0
23:37:53,7230.12,6320.0,-0.0,4.0
23:37:53,7230.12,6330.0,-0.0,2.0
23:37:53,7230.12,6340.0,-0.0,2.0
23:37:53,7230.12,6350.0,0.0,1.0
23:37:53,7230.12,6380.0,0.0,3.0
23:37:53,7230.12,6390.0,0.0,1.0
23:37:53,7230.12,6400.0,-0.0,111.0
23:37:53,7230.12,6410.0,0.0,199.0
23:37:53,7230.12,6430.0,0.0,2.0
23:37:53,7230.12,6450.0,0.0,4.0
23:37:53,7230.12,6460.0,0.0,70.0
23:37:53,7230.12,6465.0,0.0,5.0
23:37:53,7230.12,6470.0,0.0,4.0
23:37:53,7230.12,6475.0,0.0,3.0
23:37:53,7230.12,6480.0,0.0,6.0
23:37:53,7230.12,6490.0,0.0,2.0
23:37:53,7230.12,6495.0,0.0,2.0
23:37:53,7230.12,6500.0,0.0,91.0
23:37:53,7230.12,6505.0,-0.0,1.0
23:37:53,7230.12,6510.0,0.0,20.0
23:37:53,7230.12,6520.0,0.0,14.0
23:37:53,7230.12,6530.0,0.0,10.0
23:37:53,7230.12,6540.0,0.0,20.0
23:37:53,7230.12,6550.0,0.0,26.0
23:37:53,7230.12,6570.0,0.0,2.0
23:37:53,7230.12,6575.0,0.0,4.0
23:37:53,7230.12,6580.0,0.0,4.0
23:37:53,7230.12,6585.0,0.0,1.0
23:37:53,7230.12,6590.0,0.0,2.0
23:37:53,7230.12,6595.0,0.0,815.0
23:37:53,7230.12,6600.0,0.0,168.0
23:37:53,7230.12,6605.0,0.0,75.0
23:37:53,7230.12,6610.0,0.0,3.0
23:37:53,7230.12,6620.0,0.0,11.0
23:37:53,7230.12,6625.0,0.0,6.0
23:37:53,7230.12,6630.0,0.0,41.0
23:37:53,7230.12,6635.0,0.0,41.0
23:37:53,7230.12,6640.0,0.0,37.0
23:37:53,7230.12,6645.0,0.0,3.0
23:37:53,7230.12,6650.0,0.0,44.0
23:37:53,7230.12,6660.0,0.0,520.0
23:37:53,7230.12,6670.0,-0.0,174.0
23:37:53,7230.12,6675.0,0.0,53.0
23:37:53,7230.12,6680.0,0.0,4.0
23:37:53,7230.12,6685.0,-0.0,52.0
23:37:53,7230.12,6690.0,0.0,4.0
23:37:53,7230.12,6695.0,-0.0,20.0
23:37:53,7230.12,6700.0,0.0,121.0
23:37:53,7230.12,6710.0,0.0,5.0
23:37:53,7230.12,6715.0,0.0,9.0
23:37:53,7230.12,6720.0,0.0,5.0
23:37:53,7230.12,6725.0,0.0,4.0
23:37:53,7230.12,6730.0,0.0,2.0
23:37:53,7230.12,6735.0,0.0,2.0
23:37:53,7230.12,6740.0,0.0,16.0
23:37:53,7230.12,6745.0,0.0,3.0
23:37:53,7230.12,6750.0,0.0,45.0
23:37:53,7230.12,6755.0,0.0,53.0
23:37:53,7230.12,6760.0,0.0,6.0
23:37:53,7230.12,6765.0,0.0,13.0
23:37:53,7230.12,6770.0,-0.0,6.0
23:37:53,7230.12,6775.0,0.0,76.0
23:37:53,7230.12,6780.0,0.0,100.0
23:37:53,7230.12,6785.0,0.0,49.0
23:37:53,7230.12,6790.0,0.0,17.0
23:37:53,7230.12,6795.0,0.0,6.0
23:37:53,7230.12,6800.0,0.0,605.0
23:37:53,7230.12,6805.0,0.0,23.0
23:37:53,7230.12,6810.0,0.0,38.0
23:37:53,7230.12,6815.0,0.0,49.0
23:37:53,7230.12,6820.0,-0.0,108.0
23:37:53,7230.12,6825.0,0.0,212.0
23:37:53,7230.12,6830.0,-0.0,159.0
23:37:53,7230.12,6835.0,0.0,144.0
23:37:53,7230.12,6840.0,-0.0,377.0
23:37:53,7230.12,6845.0,0.0,474.0
23:37:53,7230.12,6850.0,-0.0,2112.0
23:37:53,7230.12,6855.0,0.0,835.0
23:37:53,7230.12,6860.0,-0.0,842.0
23:37:53,7230.12,6865.0,0.0,213.0
23:37:53,7230.12,6870.0,-0.0,262.0
23:37:53,7230.12,6875.0,-0.0,339.0
23:37:53,7230.12,6880.0,-0.0,163.0
23:37:53,7230.12,6885.0,0.0,263.0
23:37:53,7230.12,6890.0,6.0687,154.0
23:37:53,7230.12,6895.0,-0.0,476.0
23:37:53,7230.12,6900.0,-0.0,1414.0
23:37:53,7230.12,6905.0,-0.0,900.0
23:37:53,7230.12,6910.0,21.9631,440.0
23:37:53,7230.12,6915.0,-0.0,495.0
23:37:53,7230.12,6920.0,0.0,360.0
23:37:53,7230.12,6925.0,-0.0,822.0
23:37:53,7230.12,6930.0,-0.0,856.0
23:37:53,7230.12,6935.0,-0.0,572.0
23:37:53,7230.12,6940.0,-0.0,1026.0
23:37:53,7230.12,6945.0,-0.0,326.0
23:37:53,7230.12,6950.0,-0.0,1568.0
23:37:53,7230.12,6955.0,-0.0,402.0
23:37:53,7230.12,6960.0,-0.0,4896.0
23:37:53,7230.12,6965.0,-0.0,542.0
23:37:53,7230.12,6970.0,0.0,660.0
23:37:53,7230.12,6975.0,-0.0,2069.0
23:37:53,7230.12,6980.0,0.0,1434.0
23:37:53,7230.12,6985.0,-0.0,1243.0
23:37:53,7230.12,6990.0,0.0,1181.0
23:37:53,7230.12,6995.0,-0.0,1366.0
23:37:53,7230.12,7000.0,-12.7211,4086.0
23:37:53,7230.12,7005.0,-0.0,1742.0
23:37:53,7230.12,7010.0,0.0,1134.0
23:37:53,7230.12,7015.0,-0.0,1716.0
23:37:53,7230.12,7020.0,-0.0,1735.0
23:37:53,7230.12,7025.0,-0.0,1658.0
23:37:53,7230.12,7030.0,0.0,2009.0
23:37:53,7230.12,7035.0,-0.0,2783.0
23:37:53,7230.12,7040.0,0.0,2076.0
23:37:53,7230.12,7045.0,-0.0,2497.0
23:37:53,7230.12,7050.0,-27.558,7035.0
23:37:53,7230.12,7055.0,-0.0,4723.0
23:37:53,7230.12,7060.0,-0.0,4001.0
23:37:53,7230.12,7065.0,-0.0,3543.0
23:37:53,7230.12,7070.0,-0.0,3550.0
23:37:53,7230.12,7075.0,-0.0013,4079.0
23:37:53,7230.12,7080.0,-0.0,2852.0
23:37:53,7230.12,7085.0,-0.0,3343.0
23:37:53,7230.12,7090.0,-0.0,3508.0
23:37:53,7230.12,7095.0,-0.0,4338.0
23:37:53,7230.12,7100.0,-0.0,8620.0
23:37:53,7230.12,7105.0,-0.0,4452.0
23:37:53,7230.12,7110.0,-0.0,5352.0
23:37:53,7230.12,7115.0,-0.0002,4498.0
23:37:53,7230.12,7120.0,-0.0,6437.0
23:37:53,7230.12,7125.0,-0.0,6372.0
23:37:53,7230.12,7130.0,-0.0,8721.0
23:37:53,7230.12,7135.0,-0.0103,7197.0
23:37:53,7230.12,7140.0,-0.0,8719.0
23:37:53,7230.12,7145.0,-0.0478,8830.0
23:37:53,7230.12,7150.0,0.0,15882.0
23:37:53,7230.12,7155.0,-0.1205,10352.0
23:37:53,7230.12,7160.0,-0.0,16335.0
23:37:53,7230.12,7165.0,1.3711,12826.0
23:37:53,7230.12,7170.0,0.0,15799.0
23:37:53,7230.12,7175.0,-233.0973,22521.0
23:37:53,7230.12,7180.0,0.0,26835.0
23:37:53,7230.12,7185.0,-46.0954,21931.0
23:37:53,7230.12,7190.0,0.0,26591.0
23:37:53,7230.12,7195.0,3.8401,27185.0
23:37:53,7230.12,7200.0,737.2125,74750.0
23:37:53,7230.12,7205.0,37.6123,42051.0
23:37:53,7230.12,7210.0,3.1749,57908.0
23:37:53,7230.12,7215.0,146.0634,61414.0
23:37:53,7230.12,7220.0,821.0513,97310.0
23:37:53,7230.12,7225.0,765.412,94404.0
23:37:53,7230.12,7230.0,16551.1609,144414.0
23:37:53,7230.12,7235.0,965.8881,171612.0
23:37:53,7230.12,7240.0,2.4735,237251.0
23:37:53,7230.12,7245.0,5625.8656,226757.0
23:37:53,7230.12,7250.0,13198.8489,268164.0
23:37:53,7230.12,7255.0,4734.6815,172173.0
23:37:53,7230.12,7260.0,0.0,176688.0
23:37:53,7230.12,7265.0,2177.3122,129557.0
23:37:53,7230.12,7270.0,0.0,132994.0
23:37:53,7230.12,7275.0,177.84,103232.0
23:37:53,7230.12,7280.0,0.0,124215.0
23:37:53,7230.12,7285.0,901.0634,77755.0
23:37:53,7230.12,7290.0,16.7334,75230.0
23:37:53,7230.12,7295.0,110.4633,32950.0
23:37:53,7230.12,7300.0,0.3635,98774.0
23:37:53,7230.12,7305.0,112.2199,23739.0
23:37:53,7230.12,7310.0,3.6633,20402.0
23:37:53,7230.12,7315.0,21.3318,10985.0
23:37:53,7230.12,7320.0,0.3961,11295.0
23:37:53,7230.12,7325.0,0.0,22596.0
23:37:53,7230.12,7330.0,0.0865,6291.0
23:37:53,7230.12,7335.0,4.2046,5939.0
23:37:53,7230.12,7340.0,0.2768,5832.0
23:37:53,7230.12,7345.0,1.7765,3824.0
23:37:53,7230.12,7350.0,209.2986,5032.0
23:37:53,7230.12,7355.0,24.7921,3243.0
23:37:53,7230.12,7360.0,0.0004,3071.0
23:37:53,7230.12,7365.0,3.8061,2772.0
23:37:53,7230.12,7370.0,0.0,3486.0
23:37:53,7230.12,7375.0,0.0,7206.0
23:37:53,7230.12,7380.0,-0.0001,7912.0
23:37:53,7230.12,7385.0,-0.0422,11571.0
23:37:53,7230.12,7390.0,0.0,2777.0
23:37:53,7230.12,7395.0,0.0,2587.0
23:37:53,7230.12,7400.0,14.5814,11104.0
23:37:53,7230.12,7405.0,0.0,557.0
23:37:53,7230.12,7410.0,-0.0026,630.0
23:37:53,7230.12,7415.0,0.0,1186.0
23:37:53,7230.12,7420.0,-0.0,710.0
23:37:53,7230.12,7425.0,0.0,101.0
23:37:53,7230.12,7430.0,-0.0,47.0
23:37:53,7230.12,7440.0,0.0,98.0
23:37:53,7230.12,7450.0,0.7775,119.0
23:37:53,7230.12,7460.0,0.0,7.0
23:37:53,7230.12,7470.0,-0.0007,41.0
23:37:53,7230.12,7475.0,0.0,10.0
23:37:53,7230.12,7480.0,0.0,25.0
23:37:53,7230.12,7490.0,0.0,10.0
23:37:53,7230.12,7500.0,0.0301,21.0
23:37:53,7230.12,7510.0,0.0005,0.0
23:37:53,7230.12,7525.0,0.0,6.0
23:37:53,7230.12,7550.0,0.0,2.0
23:37:53,7230.12,7590.0,0.0,7.0
23:37:53,7230.12,7600.0,0.0,1.0
23:37:53,7230.12,7625.0,0.0,1.0
23:37:53,7230.12,7640.0,0.0,10.0
23:37:53,7230.12,7650.0,0.0,10.0
23:37:53,7230.12,7925.0,0.0,16.0
23:37:53,7230.12,8400.0,0.0,2.0
23:37:53,7230.12,8600.0,0.0,3.0
23:37:53,7230.12,8800.0,0.0,17.0
23:37:53,7230.12,9200.0,-0.0,32.0
