Timestamp,Spot,Strike,NetGEX,Volume
09:06:26,6591.9,6520.0,-31.8648,713.0
09:06:26,6591.9,6525.0,-176.727,427.0
09:06:26,6591.9,6530.0,-84.1513,355.0
09:06:26,6591.9,6535.0,-43.3183,186.0
09:06:26,6591.9,6540.0,-70.759,349.0
09:06:26,6591.9,6545.0,-56.0321,304.0
09:06:26,6591.9,6550.0,-185.6223,803.0
09:06:26,6591.9,6555.0,1.9177,276.0
09:06:26,6591.9,6560.0,-36.3527,790.0
09:06:26,6591.9,6565.0,-5.2021,482.0
09:06:26,6591.9,6570.0,-10.4167,751.0
09:06:26,6591.9,6575.0,-155.1637,384.0
09:06:26,6591.9,6580.0,-171.6684,685.0
09:06:26,6591.9,6585.0,-31.3889,473.0
09:06:26,6591.9,6590.0,18.7739,875.0
09:06:26,6591.9,6595.0,16.3089,814.0
09:06:26,6591.9,6600.0,126.9882,1523.0
09:06:26,6591.9,6605.0,-20.9363,369.0
09:06:26,6591.9,6610.0,5.8569,449.0
09:06:26,6591.9,6615.0,59.0709,551.0
09:06:26,6591.9,6620.0,157.2625,896.0
09:06:26,6591.9,6625.0,134.3252,611.0
09:06:26,6591.9,6630.0,132.8366,737.0
09:06:26,6591.9,6635.0,77.851,334.0
09:06:26,6591.9,6640.0,207.6428,945.0
09:06:26,6591.9,6645.0,60.1293,431.0
09:06:26,6591.9,6650.0,134.1708,1298.0
09:06:26,6591.9,6655.0,26.6016,2912.0
09:06:26,6591.9,6660.0,30.4461,899.0
09:06:26,6591.9,6665.0,2.3844,2961.0
09:07:46,6591.9,6520.0,-30.5418,717.0
09:07:46,6591.9,6525.0,-166.6007,427.0
09:07:46,6591.9,6530.0,-76.2379,365.0
09:07:46,6591.9,6535.0,-33.1302,186.0
09:07:46,6591.9,6540.0,-68.7004,351.0
09:07:46,6591.9,6545.0,-43.3325,307.0
09:07:46,6591.9,6550.0,-94.1719,804.0
09:07:46,6591.9,6555.0,-2.4317,277.0
09:07:46,6591.9,6560.0,-43.1133,799.0
09:07:46,6591.9,6565.0,-11.1344,488.0
09:07:46,6591.9,6570.0,-32.0841,784.0
09:07:46,6591.9,6575.0,-95.7511,400.0
09:07:46,6591.9,6580.0,-117.7759,703.0
09:07:46,6591.9,6585.0,-31.9834,473.0
09:07:46,6591.9,6590.0,17.4796,878.0
09:07:46,6591.9,6595.0,16.8531,818.0
09:07:46,6591.9,6600.0,79.7634,1539.0
09:07:46,6591.9,6605.0,4.4394,373.0
09:07:46,6591.9,6610.0,3.3234,451.0
09:07:46,6591.9,6615.0,36.1711,554.0
09:07:46,6591.9,6620.0,99.0499,904.0
09:07:46,6591.9,6625.0,87.4991,620.0
09:07:46,6591.9,6630.0,3.3221,741.0
09:07:46,6591.9,6635.0,38.7383,334.0
09:07:46,6591.9,6640.0,9.2665,956.0
09:07:46,6591.9,6645.0,36.8625,435.0
09:07:46,6591.9,6650.0,64.4973,1328.0
09:07:46,6591.9,6655.0,30.343,2926.0
09:07:46,6591.9,6660.0,33.2724,904.0
09:07:46,6591.9,6665.0,4.8317,2979.0
09:09:57,6591.9,6520.0,-30.5418,721.0
09:09:57,6591.9,6525.0,-173.1034,427.0
09:09:57,6591.9,6530.0,-79.1867,370.0
09:09:57,6591.9,6535.0,-33.736,187.0
09:09:57,6591.9,6540.0,-85.1404,353.0
09:09:57,6591.9,6545.0,-47.3481,308.0
09:09:57,6591.9,6550.0,-94.2196,805.0
09:09:57,6591.9,6555.0,1.7663,279.0
09:09:57,6591.9,6560.0,-31.1353,801.0
09:09:57,6591.9,6565.0,-4.5236,489.0
09:09:57,6591.9,6570.0,-7.7573,801.0
09:09:57,6591.9,6575.0,-110.9149,402.0
09:09:57,6591.9,6580.0,-117.7759,737.0
09:09:57,6591.9,6585.0,-31.9834,476.0
09:09:57,6591.9,6590.0,18.9124,885.0
09:09:57,6591.9,6595.0,16.4529,822.0
09:09:57,6591.9,6600.0,77.127,1545.0
09:09:57,6591.9,6605.0,-13.0604,381.0
09:09:57,6591.9,6610.0,3.3234,455.0
09:09:57,6591.9,6615.0,36.1711,556.0
09:09:57,6591.9,6620.0,96.5404,910.0
09:09:57,6591.9,6625.0,83.7764,623.0
09:09:57,6591.9,6630.0,20.2779,741.0
09:09:57,6591.9,6635.0,36.5019,336.0
09:09:57,6591.9,6640.0,6.2584,956.0
09:09:57,6591.9,6645.0,36.4839,437.0
09:09:57,6591.9,6650.0,60.5495,1349.0
09:09:57,6591.9,6655.0,31.168,2936.0
09:09:57,6591.9,6660.0,33.2724,907.0
09:09:57,6591.9,6665.0,3.5267,2983.0
09:12:08,6591.9,6520.0,-32.6888,724.0
09:12:08,6591.9,6525.0,-177.4243,427.0
09:12:08,6591.9,6530.0,-79.1867,375.0
09:12:08,6591.9,6535.0,-33.736,191.0
09:12:08,6591.9,6540.0,-85.1404,354.0
09:12:08,6591.9,6545.0,-47.3481,310.0
09:12:08,6591.9,6550.0,-94.2196,807.0
09:12:08,6591.9,6555.0,1.7663,280.0
09:12:08,6591.9,6560.0,-31.1647,804.0
09:12:08,6591.9,6565.0,-4.1673,491.0
09:12:08,6591.9,6570.0,-7.7573,811.0
09:12:08,6591.9,6575.0,-110.9149,402.0
09:12:08,6591.9,6580.0,-117.6973,737.0
09:12:08,6591.9,6585.0,-31.9834,477.0
09:12:08,6591.9,6590.0,18.9124,886.0
09:12:08,6591.9,6595.0,16.4529,825.0
09:12:08,6591.9,6600.0,77.127,1554.0
09:12:08,6591.9,6605.0,-13.0604,387.0
09:12:08,6591.9,6610.0,5.5161,464.0
09:12:08,6591.9,6615.0,34.9713,559.0
09:12:08,6591.9,6620.0,96.5404,922.0
09:12:08,6591.9,6625.0,83.7764,629.0
09:12:08,6591.9,6630.0,20.2779,745.0
09:12:08,6591.9,6635.0,37.1203,339.0
09:12:08,6591.9,6640.0,6.2584,959.0
09:12:08,6591.9,6645.0,36.5561,442.0
09:12:08,6591.9,6650.0,60.5495,1367.0
09:12:08,6591.9,6655.0,27.6339,2939.0
09:12:08,6591.9,6660.0,29.7951,912.0
09:12:08,6591.9,6665.0,3.3868,2986.0
09:14:18,6591.9,6520.0,-35.0399,731.0
09:14:18,6591.9,6525.0,-191.6119,430.0
09:14:18,6591.9,6530.0,-81.1167,380.0
09:14:18,6591.9,6535.0,-36.3751,192.0
09:14:18,6591.9,6540.0,-89.8827,357.0
09:14:18,6591.9,6545.0,-49.3822,311.0
09:14:18,6591.9,6550.0,-94.5235,815.0
09:14:18,6591.9,6555.0,1.6136,282.0
09:14:18,6591.9,6560.0,-31.2928,809.0
09:14:18,6591.9,6565.0,-4.135,501.0
09:14:18,6591.9,6570.0,-7.6801,823.0
09:14:18,6591.9,6575.0,-107.0357,403.0
09:14:18,6591.9,6580.0,-112.325,743.0
09:14:18,6591.9,6585.0,-29.8972,477.0
09:14:18,6591.9,6590.0,17.6535,893.0
09:14:18,6591.9,6595.0,15.1274,828.0
09:14:18,6591.9,6600.0,70.5139,1581.0
09:14:18,6591.9,6605.0,-11.329,397.0
09:14:18,6591.9,6610.0,-2.2115,467.0
09:14:18,6591.9,6615.0,39.7494,568.0
09:14:18,6591.9,6620.0,84.7861,934.0
09:14:18,6591.9,6625.0,71.92,643.0
09:14:18,6591.9,6630.0,19.4796,750.0
09:14:18,6591.9,6635.0,37.1203,349.0
09:14:18,6591.9,6640.0,5.4255,961.0
09:14:18,6591.9,6645.0,30.9918,452.0
09:14:18,6591.9,6650.0,50.4375,1396.0
09:14:18,6591.9,6655.0,29.1308,2987.0
09:14:18,6591.9,6660.0,24.5631,937.0
09:14:18,6591.9,6665.0,3.0803,2999.0
09:16:28,6591.9,6520.0,-34.8092,750.0
09:16:28,6591.9,6525.0,-188.6212,432.0
09:16:28,6591.9,6530.0,-86.3827,386.0
09:16:28,6591.9,6535.0,-35.877,195.0
09:16:28,6591.9,6540.0,-88.6624,358.0
09:16:28,6591.9,6545.0,-48.5575,317.0
09:16:28,6591.9,6550.0,-95.16,827.0
09:16:28,6591.9,6555.0,1.7657,298.0
09:16:28,6591.9,6560.0,-30.698,819.0
09:16:28,6591.9,6565.0,-3.6832,519.0
09:16:28,6591.9,6570.0,-7.6801,836.0
09:16:28,6591.9,6575.0,-105.936,414.0
09:16:28,6591.9,6580.0,-112.325,753.0
09:16:28,6591.9,6585.0,-29.3958,477.0
09:16:28,6591.9,6590.0,17.3759,902.0
09:16:28,6591.9,6595.0,14.9793,833.0
09:16:28,6591.9,6600.0,67.9702,1597.0
09:16:28,6591.9,6605.0,-11.2435,400.0
09:16:28,6591.9,6610.0,3.1114,473.0
09:16:28,6591.9,6615.0,30.9261,571.0
09:16:28,6591.9,6620.0,82.4837,952.0
09:16:28,6591.9,6625.0,72.1216,647.0
09:16:28,6591.9,6630.0,23.4398,756.0
09:16:28,6591.9,6635.0,30.7357,353.0
09:16:28,6591.9,6640.0,5.2121,977.0
09:16:28,6591.9,6645.0,31.3334,456.0
09:16:28,6591.9,6650.0,52.0529,1417.0
09:16:28,6591.9,6655.0,24.2462,2995.0
09:16:28,6591.9,6660.0,26.2638,963.0
09:16:28,6591.9,6665.0,3.0803,3032.0
09:18:38,6591.9,6520.0,-34.7846,751.0
09:18:38,6591.9,6525.0,-188.6212,435.0
09:18:38,6591.9,6530.0,-85.5731,386.0
09:18:38,6591.9,6535.0,-36.0612,196.0
09:18:38,6591.9,6540.0,-88.6624,360.0
09:18:38,6591.9,6545.0,-48.5575,319.0
09:18:38,6591.9,6550.0,-95.16,830.0
09:18:38,6591.9,6555.0,1.7372,302.0
09:18:38,6591.9,6560.0,-30.698,826.0
09:18:38,6591.9,6565.0,-4.1318,521.0
09:18:38,6591.9,6570.0,-7.6801,839.0
09:18:38,6591.9,6575.0,-105.936,424.0
09:18:38,6591.9,6580.0,-108.6496,754.0
09:18:38,6591.9,6585.0,-29.1835,478.0
09:18:38,6591.9,6590.0,17.2568,908.0
09:18:38,6591.9,6595.0,14.8487,835.0
09:18:38,6591.9,6600.0,69.3306,1603.0
09:18:38,6591.9,6605.0,-11.2435,407.0
09:18:38,6591.9,6610.0,3.6566,477.0
09:18:38,6591.9,6615.0,30.1724,572.0
09:18:38,6591.9,6620.0,82.4837,967.0
09:18:38,6591.9,6625.0,72.1216,656.0
09:18:38,6591.9,6630.0,17.8763,760.0
09:18:38,6591.9,6635.0,29.7669,356.0
09:18:38,6591.9,6640.0,5.3826,984.0
09:18:38,6591.9,6645.0,31.2682,465.0
09:18:38,6591.9,6650.0,51.2855,1438.0
09:18:38,6591.9,6655.0,23.7078,3010.0
09:18:38,6591.9,6660.0,26.0241,984.0
09:18:38,6591.9,6665.0,3.8105,3038.0
09:23:02,6591.9,6520.0,-16.2457,759.0
09:23:02,6591.9,6525.0,-101.4363,436.0
09:23:02,6591.9,6530.0,-52.773,394.0
09:23:02,6591.9,6535.0,-25.3046,200.0
09:23:02,6591.9,6540.0,-70.3868,362.0
09:23:02,6591.9,6545.0,-43.2471,320.0
09:23:02,6591.9,6550.0,-94.2402,862.0
09:23:02,6591.9,6555.0,1.9241,310.0
09:23:02,6591.9,6560.0,-36.5542,843.0
09:23:02,6591.9,6565.0,-5.2408,525.0
09:23:02,6591.9,6570.0,-84.0854,864.0
09:23:02,6591.9,6575.0,-21.0736,430.0
09:23:02,6591.9,6580.0,-47.3434,756.0
09:23:02,6591.9,6585.0,-9.3177,480.0
09:23:02,6591.9,6590.0,64.8491,917.0
09:23:02,6591.9,6595.0,14.6784,838.0
09:23:02,6591.9,6600.0,460.9254,1644.0
09:23:02,6591.9,6605.0,-21.167,435.0
09:23:02,6591.9,6610.0,5.9156,481.0
09:23:02,6591.9,6615.0,148.9613,571.0
09:23:02,6591.9,6620.0,270.5122,985.0
09:23:02,6591.9,6625.0,135.0113,660.0
09:23:02,6591.9,6630.0,31.7178,771.0
09:23:02,6591.9,6635.0,55.3043,373.0
09:23:02,6591.9,6640.0,9.2437,989.0
09:23:02,6591.9,6645.0,50.699,472.0
09:23:02,6591.9,6650.0,79.493,1465.0
09:23:02,6591.9,6655.0,34.4131,3024.0
09:23:02,6591.9,6660.0,45.1536,994.0
09:23:02,6591.9,6665.0,283.7891,3047.0
09:23:21,6591.9,6520.0,-34.9865,759.0
09:23:21,6591.9,6525.0,-189.4756,436.0
09:23:21,6591.9,6530.0,-85.7156,394.0
09:23:21,6591.9,6535.0,-36.0408,200.0
09:23:21,6591.9,6540.0,-88.5835,362.0
09:23:21,6591.9,6545.0,-48.363,320.0
09:23:21,6591.9,6550.0,-94.2402,862.0
09:23:21,6591.9,6555.0,1.7588,310.0
09:23:21,6591.9,6560.0,-30.5283,843.0
09:23:21,6591.9,6565.0,-4.0238,525.0
09:23:21,6591.9,6570.0,-7.488,864.0
09:23:21,6591.9,6575.0,-104.2114,430.0
09:23:21,6591.9,6580.0,-108.7944,756.0
09:23:21,6591.9,6585.0,-28.8933,480.0
09:23:21,6591.9,6590.0,17.0662,917.0
09:23:21,6591.9,6595.0,14.6784,838.0
09:23:21,6591.9,6600.0,68.2484,1644.0
09:23:21,6591.9,6605.0,-10.8658,435.0
09:23:21,6591.9,6610.0,2.9969,481.0
09:23:21,6591.9,6615.0,30.3559,571.0
09:23:21,6591.9,6620.0,82.74,985.0
09:23:21,6591.9,6625.0,69.1355,660.0
09:23:21,6591.9,6630.0,31.7178,771.0
09:23:21,6591.9,6635.0,67.3498,373.0
09:23:21,6591.9,6640.0,5.2596,989.0
09:23:21,6591.9,6645.0,30.8775,472.0
09:23:21,6591.9,6650.0,51.767,1465.0
09:23:21,6591.9,6655.0,23.996,3025.0
09:23:21,6591.9,6660.0,26.0916,994.0
09:23:21,6591.9,6665.0,3.0099,3048.0
09:25:31,6591.9,6520.0,-35.1013,760.0
09:25:31,6591.9,6525.0,-189.876,436.0
09:25:31,6591.9,6530.0,-85.9742,394.0
09:25:31,6591.9,6535.0,-36.0408,201.0
09:25:31,6591.9,6540.0,-88.5835,364.0
09:25:31,6591.9,6545.0,-48.363,327.0
09:25:31,6591.9,6550.0,-94.2472,892.0
09:25:31,6591.9,6555.0,1.7588,314.0
09:25:31,6591.9,6560.0,-30.5283,846.0
09:25:31,6591.9,6565.0,-4.0238,525.0
09:25:31,6591.9,6570.0,-7.3167,864.0
09:25:31,6591.9,6575.0,-104.2114,433.0
09:25:31,6591.9,6580.0,-108.9967,760.0
09:25:31,6591.9,6585.0,-28.7643,482.0
09:25:31,6591.9,6590.0,16.9816,928.0
09:25:31,6591.9,6595.0,14.6071,840.0
09:25:31,6591.9,6600.0,67.8478,1652.0
09:25:31,6591.9,6605.0,-10.8658,436.0
09:25:31,6591.9,6610.0,2.9969,485.0
09:25:31,6591.9,6615.0,30.3559,575.0
09:25:31,6591.9,6620.0,81.124,989.0
09:25:31,6591.9,6625.0,69.1355,664.0
09:25:31,6591.9,6630.0,31.728,774.0
09:25:31,6591.9,6635.0,67.351,378.0
09:25:31,6591.9,6640.0,5.2596,992.0
09:25:31,6591.9,6645.0,30.8775,473.0
09:25:31,6591.9,6650.0,51.767,1468.0
09:25:31,6591.9,6655.0,23.6438,3026.0
09:25:31,6591.9,6660.0,25.6716,996.0
09:25:31,6591.9,6665.0,3.0312,3050.0
09:27:21,6591.9,6520.0,-34.8765,762.0
09:27:21,6591.9,6525.0,-187.4025,437.0
09:27:21,6591.9,6530.0,-84.8035,400.0
09:27:21,6591.9,6535.0,-35.6845,201.0
09:27:21,6591.9,6540.0,-88.959,365.0
09:27:21,6591.9,6545.0,-48.4686,327.0
09:27:21,6591.9,6550.0,-94.7678,892.0
09:27:21,6591.9,6555.0,1.7546,315.0
09:27:21,6591.9,6560.0,-30.4835,848.0
09:27:21,6591.9,6565.0,-4.0234,527.0
09:27:21,6591.9,6570.0,-7.2467,869.0
09:27:21,6591.9,6575.0,-104.6198,433.0
09:27:21,6591.9,6580.0,-109.0927,762.0
09:27:21,6591.9,6585.0,-29.0297,483.0
09:27:21,6591.9,6590.0,17.1805,932.0
09:27:21,6591.9,6595.0,14.7699,840.0
09:27:21,6591.9,6600.0,68.6952,1667.0
09:27:21,6591.9,6605.0,-11.1539,440.0
09:27:21,6591.9,6610.0,3.0859,489.0
09:27:21,6591.9,6615.0,30.9433,575.0
09:27:21,6591.9,6620.0,83.5852,990.0
09:27:21,6591.9,6625.0,72.3928,665.0
09:27:21,6591.9,6630.0,16.7708,774.0
09:27:21,6591.9,6635.0,30.1646,384.0
09:27:21,6591.9,6640.0,5.2566,996.0
09:27:21,6591.9,6645.0,30.6244,478.0
09:27:21,6591.9,6650.0,52.1592,1494.0
09:27:21,6591.9,6655.0,24.3899,3038.0
09:27:21,6591.9,6660.0,27.1024,999.0
09:27:21,6591.9,6665.0,3.0766,3054.0
09:27:42,6591.9,6520.0,-34.8765,763.0
09:27:42,6591.9,6525.0,-187.9375,437.0
09:27:42,6591.9,6530.0,-85.4374,402.0
09:27:42,6591.9,6535.0,-35.9582,201.0
09:27:42,6591.9,6540.0,-88.0844,365.0
09:27:42,6591.9,6545.0,-48.4688,327.0
09:27:42,6591.9,6550.0,-94.5079,892.0
09:27:42,6591.9,6555.0,1.7535,315.0
09:27:42,6591.9,6560.0,-30.4835,848.0
09:27:42,6591.9,6565.0,-4.0234,527.0
09:27:42,6591.9,6570.0,-7.488,869.0
09:27:42,6591.9,6575.0,-104.3697,433.0
09:27:42,6591.9,6580.0,-108.6998,764.0
09:27:42,6591.9,6585.0,-28.8636,483.0
09:27:42,6591.9,6590.0,17.0676,932.0
09:27:42,6591.9,6595.0,14.739,840.0
09:27:42,6591.9,6600.0,68.4694,1668.0
09:27:42,6591.9,6605.0,-11.0493,440.0
09:27:42,6591.9,6610.0,3.053,489.0
09:27:42,6591.9,6615.0,30.4995,575.0
09:27:42,6591.9,6620.0,82.0051,990.0
09:27:42,6591.9,6625.0,70.8879,665.0
09:27:42,6591.9,6630.0,17.2421,775.0
09:27:42,6591.9,6635.0,31.0773,384.0
09:27:42,6591.9,6640.0,5.5531,996.0
09:27:42,6591.9,6645.0,30.5643,479.0
09:27:42,6591.9,6650.0,51.4465,1494.0
09:27:42,6591.9,6655.0,23.8084,3037.0
09:27:42,6591.9,6660.0,25.8403,999.0
09:27:42,6591.9,6665.0,3.0766,3054.0
09:28:32,6591.9,6520.0,-34.7687,763.0
09:28:32,6591.9,6525.0,-188.4141,437.0
09:28:32,6591.9,6530.0,-85.2787,402.0
09:28:32,6591.9,6535.0,-35.9582,201.0
09:28:32,6591.9,6540.0,-88.5435,365.0
09:28:32,6591.9,6545.0,-48.4688,328.0
09:28:32,6591.9,6550.0,-94.7622,892.0
09:28:32,6591.9,6555.0,1.7522,315.0
09:28:32,6591.9,6560.0,-30.4292,848.0
09:28:32,6591.9,6565.0,-4.0216,527.0
09:28:32,6591.9,6570.0,-7.486,869.0
09:28:32,6591.9,6575.0,-104.4884,433.0
09:28:32,6591.9,6580.0,-108.6998,764.0
09:28:32,6591.9,6585.0,-28.8636,483.0
09:28:32,6591.9,6590.0,17.0921,932.0
09:28:32,6591.9,6595.0,14.6775,840.0
09:28:32,6591.9,6600.0,68.4694,1680.0
09:28:32,6591.9,6605.0,-11.025,442.0
09:28:32,6591.9,6610.0,3.0469,489.0
09:28:32,6591.9,6615.0,30.6233,575.0
09:28:32,6591.9,6620.0,81.3623,990.0
09:28:32,6591.9,6625.0,70.3299,665.0
09:28:32,6591.9,6630.0,17.0246,776.0
09:28:32,6591.9,6635.0,30.7646,384.0
09:28:32,6591.9,6640.0,5.3585,997.0
09:28:32,6591.9,6645.0,30.5643,480.0
09:28:32,6591.9,6650.0,51.5208,1496.0
09:28:32,6591.9,6655.0,24.1919,3038.0
09:28:32,6591.9,6660.0,25.6651,1004.0
09:28:32,6591.9,6665.0,3.076,3055.0
09:29:52,6591.9,6520.0,-35.8637,768.0
09:29:52,6591.9,6525.0,-193.3777,438.0
09:29:52,6591.9,6530.0,-85.2787,403.0
09:29:52,6591.9,6535.0,-36.5706,202.0
09:29:52,6591.9,6540.0,-89.2716,365.0
09:29:52,6591.9,6545.0,-48.4859,329.0
09:29:52,6591.9,6550.0,-94.7622,895.0
09:29:52,6591.9,6555.0,1.7522,319.0
09:29:52,6591.9,6560.0,-30.4292,850.0
09:29:52,6591.9,6565.0,-4.0216,537.0
09:29:52,6591.9,6570.0,-7.486,870.0
09:29:52,6591.9,6575.0,-104.4884,434.0
09:29:52,6591.9,6580.0,-106.4779,766.0
09:29:52,6591.9,6585.0,-28.1804,484.0
09:29:52,6591.9,6590.0,16.5768,940.0
09:29:52,6591.9,6595.0,14.231,840.0
09:29:52,6591.9,6600.0,67.0507,1697.0
09:29:52,6591.9,6605.0,-11.025,443.0
09:29:52,6591.9,6610.0,3.0469,491.0
09:29:52,6591.9,6615.0,30.6233,580.0
09:29:52,6591.9,6620.0,81.3623,1025.0
09:29:52,6591.9,6625.0,70.3299,670.0
09:29:52,6591.9,6630.0,17.0246,778.0
09:29:52,6591.9,6635.0,30.6486,388.0
09:29:52,6591.9,6640.0,6.2711,1008.0
09:29:52,6591.9,6645.0,29.244,481.0
09:29:52,6591.9,6650.0,48.6978,1519.0
09:29:52,6591.9,6655.0,22.743,3044.0
09:29:52,6591.9,6660.0,24.5782,1007.0
09:29:52,6591.9,6665.0,2.9279,3058.0
09:32:05,6591.9,6520.0,-35.8637,774.0
09:32:05,6591.9,6525.0,-193.3777,498.0
09:32:05,6591.9,6530.0,-85.2787,407.0
09:32:05,6591.9,6535.0,-36.5706,202.0
09:32:05,6591.9,6540.0,-89.2716,368.0
09:32:05,6591.9,6545.0,-48.4859,334.0
09:32:05,6591.9,6550.0,-94.7622,903.0
09:32:05,6591.9,6555.0,1.7522,326.0
09:32:05,6591.9,6560.0,-30.4292,857.0
09:32:05,6591.9,6565.0,-4.0216,561.0
09:32:05,6591.9,6570.0,-7.486,874.0
09:32:05,6591.9,6575.0,-104.4884,434.0
09:32:05,6591.9,6580.0,-106.4779,795.0
09:32:05,6591.9,6585.0,-28.1804,488.0
09:32:05,6591.9,6590.0,16.5768,947.0
09:32:05,6591.9,6595.0,14.231,842.0
09:32:05,6591.9,6600.0,67.0507,1741.0
09:32:05,6591.9,6605.0,-11.025,447.0
09:32:05,6591.9,6610.0,3.0469,493.0
09:32:05,6591.9,6615.0,30.6233,584.0
09:32:05,6591.9,6620.0,81.3623,1030.0
09:32:05,6591.9,6625.0,70.3299,672.0
09:32:05,6591.9,6630.0,17.0246,779.0
09:32:05,6591.9,6635.0,30.6486,389.0
09:32:05,6591.9,6640.0,6.2711,1012.0
09:32:05,6591.9,6645.0,29.244,481.0
09:32:05,6591.9,6650.0,48.6978,1519.0
09:32:05,6591.9,6655.0,22.743,3060.0
09:32:05,6591.9,6660.0,24.5782,1015.0
09:32:05,6591.9,6665.0,2.9279,3064.0
09:44:40,6591.9,6520.0,-35.8637,780.0
09:44:40,6591.9,6525.0,-193.3777,507.0
09:44:40,6591.9,6530.0,-84.9666,422.0
09:44:40,6591.9,6535.0,-36.5706,210.0
09:44:40,6591.9,6540.0,-89.2716,376.0
09:44:40,6591.9,6545.0,-48.8289,336.0
09:44:40,6591.9,6550.0,-94.7622,928.0
09:44:40,6591.9,6555.0,1.7522,342.0
09:44:40,6591.9,6560.0,-30.4292,878.0
09:44:40,6591.9,6565.0,-4.0216,584.0
09:44:40,6591.9,6570.0,-7.486,889.0
09:44:40,6591.9,6575.0,-104.4884,444.0
09:44:40,6591.9,6580.0,-106.4779,829.0
09:44:40,6591.9,6585.0,-28.1804,512.0
09:44:40,6591.9,6590.0,16.5768,971.0
09:44:40,6591.9,6595.0,14.231,851.0
09:44:40,6591.9,6600.0,67.0507,1845.0
09:44:40,6591.9,6605.0,-11.025,471.0
09:44:40,6591.9,6610.0,3.0469,507.0
09:44:40,6591.9,6615.0,30.6233,598.0
09:44:40,6591.9,6620.0,81.3623,1118.0
09:44:40,6591.9,6625.0,70.3299,710.0
09:44:40,6591.9,6630.0,17.0246,807.0
09:44:40,6591.9,6635.0,25.4649,418.0
09:44:40,6591.9,6640.0,6.2711,1045.0
09:44:40,6591.9,6645.0,29.244,536.0
09:44:40,6591.9,6650.0,48.6978,1646.0
09:44:40,6591.9,6655.0,22.743,3108.0
09:44:40,6591.9,6660.0,24.5782,1086.0
09:44:40,6591.9,6665.0,2.9279,3094.0
10:00:26,6591.9,6520.0,-36.3031,813.0
10:00:26,6591.9,6525.0,-195.6148,534.0
10:00:26,6591.9,6530.0,-88.2497,443.0
10:00:26,6591.9,6535.0,-36.9397,214.0
10:00:26,6591.9,6540.0,-89.2716,407.0
10:00:26,6591.9,6545.0,-48.8289,372.0
10:00:26,6591.9,6550.0,-94.7622,1112.0
10:00:26,6591.9,6555.0,1.4589,373.0
10:00:26,6591.9,6560.0,-30.4292,906.0
10:00:26,6591.9,6565.0,-4.5575,640.0
10:00:26,6591.9,6570.0,-9.6645,957.0
10:00:26,6591.9,6575.0,-103.7049,464.0
10:00:26,6591.9,6580.0,-107.6748,887.0
10:00:26,6591.9,6585.0,-28.3925,559.0
10:00:26,6591.9,6590.0,16.7181,1001.0
10:00:26,6591.9,6595.0,14.2982,898.0
10:00:26,6591.9,6600.0,66.0742,1908.0
10:00:26,6591.9,6605.0,-10.6691,522.0
10:00:26,6591.9,6610.0,2.9307,530.0
10:00:26,6591.9,6615.0,30.7636,626.0
10:00:26,6591.9,6620.0,69.9236,1217.0
10:00:26,6591.9,6625.0,77.886,739.0
10:00:26,6591.9,6630.0,15.2259,836.0
10:00:26,6591.9,6635.0,25.4649,451.0
10:00:26,6591.9,6640.0,6.2711,1082.0
10:00:26,6591.9,6645.0,28.439,576.0
10:00:26,6591.9,6650.0,47.2282,1827.0
10:00:26,6591.9,6655.0,21.972,3179.0
10:00:26,6591.9,6660.0,23.7907,1184.0
10:00:26,6591.9,6665.0,2.783,3164.0
10:10:09,6591.9,6520.0,-36.8274,824.0
10:10:09,6591.9,6525.0,-196.8459,538.0
10:10:09,6591.9,6530.0,-88.3062,457.0
10:10:09,6591.9,6535.0,-36.8074,217.0
10:10:09,6591.9,6540.0,-89.7613,429.0
10:10:09,6591.9,6545.0,-48.7563,420.0
10:10:09,6591.9,6550.0,-94.8824,1179.0
10:10:09,6591.9,6555.0,1.7413,381.0
10:10:09,6591.9,6560.0,-30.0351,934.0
10:10:09,6591.9,6565.0,-3.9343,648.0
10:10:09,6591.9,6570.0,-7.2553,971.0
10:10:09,6591.9,6575.0,-100.4578,473.0
10:10:09,6591.9,6580.0,-103.8906,958.0
10:10:09,6591.9,6585.0,-27.4609,577.0
10:10:09,6591.9,6590.0,16.1579,1021.0
10:10:09,6591.9,6595.0,13.8374,917.0
10:10:09,6591.9,6600.0,63.8347,1950.0
10:10:09,6591.9,6605.0,-10.2451,553.0
10:10:09,6591.9,6610.0,2.8082,558.0
10:10:09,6591.9,6615.0,27.4457,647.0
10:10:09,6591.9,6620.0,72.8445,1252.0
10:10:09,6591.9,6625.0,62.5402,769.0
10:10:09,6591.9,6630.0,14.9339,889.0
10:10:09,6591.9,6635.0,26.6794,508.0
10:10:09,6591.9,6640.0,4.6049,1113.0
10:10:09,6591.9,6645.0,27.0586,612.0
10:10:09,6591.9,6650.0,45.345,1999.0
10:10:09,6591.9,6655.0,20.3995,3206.0
10:10:09,6591.9,6660.0,22.4479,1206.0
10:10:09,6591.9,6665.0,2.528,3182.0
10:19:39,6591.9,6520.0,-36.8274,837.0
10:19:39,6591.9,6525.0,-196.8459,545.0
10:19:39,6591.9,6530.0,-89.2839,477.0
10:19:39,6591.9,6535.0,-37.2552,222.0
10:19:39,6591.9,6540.0,-90.7534,439.0
10:19:39,6591.9,6545.0,-48.7563,446.0
10:19:39,6591.9,6550.0,-94.8824,1240.0
10:19:39,6591.9,6555.0,1.7413,392.0
10:19:39,6591.9,6560.0,-30.0351,959.0
10:19:39,6591.9,6565.0,-3.9343,657.0
10:19:39,6591.9,6570.0,-7.2553,988.0
10:19:39,6591.9,6575.0,-100.4578,485.0
10:19:39,6591.9,6580.0,-103.8906,997.0
10:19:39,6591.9,6585.0,-26.0005,595.0
10:19:39,6591.9,6590.0,17.4151,1031.0
10:19:39,6591.9,6595.0,13.3673,938.0
10:19:39,6591.9,6600.0,61.5934,1979.0
10:19:39,6591.9,6605.0,-10.2451,575.0
10:19:39,6591.9,6610.0,2.8082,580.0
10:19:39,6591.9,6615.0,27.4457,679.0
10:19:39,6591.9,6620.0,72.8445,1307.0
10:19:39,6591.9,6625.0,62.5402,777.0
10:19:39,6591.9,6630.0,14.9339,901.0
10:19:39,6591.9,6635.0,26.6794,607.0
10:19:39,6591.9,6640.0,4.6049,1241.0
10:19:39,6591.9,6645.0,27.0586,631.0
10:19:39,6591.9,6650.0,38.6803,2086.0
10:19:39,6591.9,6655.0,20.3995,3232.0
10:19:39,6591.9,6660.0,22.4479,1222.0
10:19:39,6591.9,6665.0,2.528,3202.0
10:24:26,6591.9,6520.0,-37.7047,837.0
10:24:26,6591.9,6525.0,-199.8642,546.0
10:24:26,6591.9,6530.0,-89.2839,490.0
10:24:26,6591.9,6535.0,-37.3915,226.0
10:24:26,6591.9,6540.0,-90.6697,445.0
10:24:26,6591.9,6545.0,-48.8775,455.0
10:24:26,6591.9,6550.0,-94.8047,1263.0
10:24:26,6591.9,6555.0,1.7301,399.0
10:24:26,6591.9,6560.0,-29.7237,973.0
10:24:26,6591.9,6565.0,-3.8807,665.0
10:24:26,6591.9,6570.0,-7.1219,989.0
10:24:26,6591.9,6575.0,-100.4578,498.0
10:24:26,6591.9,6580.0,-101.9385,1019.0
10:24:26,6591.9,6585.0,-26.5916,600.0
10:24:26,6591.9,6590.0,15.4624,1035.0
10:24:26,6591.9,6595.0,13.156,943.0
10:24:26,6591.9,6600.0,60.5411,2002.0
10:24:26,6591.9,6605.0,-9.8677,591.0
10:24:26,6591.9,6610.0,4.4467,592.0
10:24:26,6591.9,6615.0,27.9413,694.0
10:24:26,6591.9,6620.0,70.6071,1322.0
10:24:26,6591.9,6625.0,57.2875,780.0
10:24:26,6591.9,6630.0,14.9339,906.0
10:24:26,6591.9,6635.0,26.3371,617.0
10:24:26,6591.9,6640.0,4.4169,1269.0
10:24:26,6591.9,6645.0,27.0586,637.0
10:24:26,6591.9,6650.0,38.6803,2142.0
10:24:26,6591.9,6655.0,19.7886,3242.0
10:24:26,6591.9,6660.0,21.0036,1232.0
10:24:26,6591.9,6665.0,2.5097,3208.0
10:26:36,6591.9,6520.0,-37.7047,839.0
10:26:36,6591.9,6525.0,-199.8642,547.0
10:26:36,6591.9,6530.0,-89.6862,492.0
10:26:36,6591.9,6535.0,-37.4536,227.0
10:26:36,6591.9,6540.0,-90.5797,447.0
10:26:36,6591.9,6545.0,-48.9836,464.0
10:26:36,6591.9,6550.0,-95.2188,1267.0
10:26:36,6591.9,6555.0,1.862,400.0
10:26:36,6591.9,6560.0,-29.4862,976.0
10:26:36,6591.9,6565.0,-3.8386,665.0
10:26:36,6591.9,6570.0,-7.1219,998.0
10:26:36,6591.9,6575.0,-95.6438,503.0
10:26:36,6591.9,6580.0,-102.6603,1021.0
10:26:36,6591.9,6585.0,-25.882,602.0
10:26:36,6591.9,6590.0,15.4624,1035.0
10:26:36,6591.9,6595.0,12.9452,946.0
10:26:36,6591.9,6600.0,59.7648,2008.0
10:26:36,6591.9,6605.0,-10.5665,591.0
10:26:36,6591.9,6610.0,2.6145,595.0
10:26:36,6591.9,6615.0,25.2111,702.0
10:26:36,6591.9,6620.0,71.5817,1327.0
10:26:36,6591.9,6625.0,57.2875,785.0
10:26:36,6591.9,6630.0,12.4833,910.0
10:26:36,6591.9,6635.0,24.601,616.0
10:26:36,6591.9,6640.0,4.4169,1271.0
10:26:36,6591.9,6645.0,25.2979,644.0
10:26:36,6591.9,6650.0,43.1276,2152.0
10:26:36,6591.9,6655.0,19.7886,3243.0
10:26:36,6591.9,6660.0,21.0036,1236.0
10:26:36,6591.9,6665.0,2.5097,3208.0
15:01:12,6567.75,6495.0,-64.1181,5637.0
15:01:12,6567.75,6500.0,-141.6762,14421.0
15:01:12,6567.75,6505.0,-74.7284,4459.0
15:01:12,6567.75,6510.0,-900.1243,5288.0
15:01:12,6567.75,6515.0,-146.6313,5192.0
15:01:12,6567.75,6520.0,-1072.2849,6944.0
15:01:12,6567.75,6525.0,-1219.776,6317.0
15:01:12,6567.75,6530.0,-1402.4796,6925.0
15:01:12,6567.75,6535.0,-1730.1516,6947.0
15:01:12,6567.75,6540.0,-1198.3642,10510.0
15:01:12,6567.75,6545.0,625.309,5756.0
15:01:12,6567.75,6550.0,-610.8384,11088.0
15:01:12,6567.75,6555.0,-396.9172,6492.0
15:01:12,6567.75,6560.0,-125.1926,11614.0
15:01:12,6567.75,6565.0,-126.252,9585.0
15:01:12,6567.75,6570.0,-86.9339,8467.0
15:01:12,6567.75,6575.0,-221.6127,7133.0
15:01:12,6567.75,6580.0,-517.5536,7995.0
15:01:12,6567.75,6585.0,-340.4017,6121.0
15:01:12,6567.75,6590.0,103.0931,8010.0
15:01:12,6567.75,6595.0,2041.6579,6882.0
15:01:12,6567.75,6600.0,5626.2403,19239.0
15:01:12,6567.75,6605.0,-32.5429,7166.0
15:01:12,6567.75,6610.0,1837.4249,9050.0
15:01:12,6567.75,6615.0,942.9307,5400.0
15:01:12,6567.75,6620.0,1744.0694,13212.0
15:01:12,6567.75,6625.0,527.2695,6162.0
15:01:12,6567.75,6630.0,116.8513,8885.0
15:01:12,6567.75,6635.0,27.5495,6388.0
15:01:12,6567.75,6640.0,26.9395,13925.0
15:02:05,6570.44,6500.0,-439.9443,14919.0
15:02:05,6570.44,6505.0,-179.2068,4569.0
15:02:05,6570.44,6510.0,-232.0346,5494.0
15:02:05,6570.44,6515.0,-143.5346,5233.0
15:02:05,6570.44,6520.0,-278.2785,7037.0
15:02:05,6570.44,6525.0,-378.8903,6918.0
15:02:05,6570.44,6530.0,-218.7439,7069.0
15:02:05,6570.44,6535.0,-107.2596,7066.0
15:02:05,6570.44,6540.0,-315.5056,10618.0
15:02:05,6570.44,6545.0,-206.9701,5805.0
15:02:05,6570.44,6550.0,-391.0978,11200.0
15:02:05,6570.44,6555.0,-243.7727,6560.0
15:02:05,6570.44,6560.0,-124.7549,11735.0
15:02:05,6570.44,6565.0,-126.2527,9816.0
15:02:05,6570.44,6570.0,-87.1527,8650.0
15:02:05,6570.44,6575.0,-222.7328,7230.0
15:02:05,6570.44,6580.0,-326.6152,8087.0
15:02:05,6570.44,6585.0,-226.3633,6180.0
15:02:05,6570.44,6590.0,-74.7492,8139.0
15:02:05,6570.44,6595.0,-7.3576,6982.0
15:02:05,6570.44,6600.0,-42.4508,19340.0
15:02:05,6570.44,6605.0,-111.4449,7370.0
15:02:05,6570.44,6610.0,61.0457,9386.0
15:02:05,6570.44,6615.0,51.1784,5568.0
15:02:05,6570.44,6620.0,133.6922,13596.0
15:02:05,6570.44,6625.0,275.1108,6230.0
15:02:05,6570.44,6630.0,120.217,8980.0
15:02:05,6570.44,6635.0,74.315,6472.0
15:02:05,6570.44,6640.0,95.7928,14002.0
15:02:05,6570.44,6645.0,65.8201,3631.0
15:04:14,6569.49,6495.0,-262.3525,5804.0
15:04:14,6569.49,6500.0,-439.8171,15270.0
15:04:14,6569.49,6505.0,-178.6866,7281.0
15:04:14,6569.49,6510.0,-226.9072,5907.0
15:04:14,6569.49,6515.0,-143.4931,7930.0
15:04:14,6569.49,6520.0,-278.1981,7324.0
15:04:14,6569.49,6525.0,-378.7807,7974.0
15:04:14,6569.49,6530.0,-220.6732,7315.0
15:04:14,6569.49,6535.0,-106.9152,7382.0
15:04:14,6569.49,6540.0,-315.4144,10921.0
15:04:14,6569.49,6545.0,-210.4137,5996.0
15:04:14,6569.49,6550.0,-397.7332,11888.0
15:04:14,6569.49,6555.0,-243.7022,6771.0
15:04:14,6569.49,6560.0,-123.1618,12123.0
15:04:14,6569.49,6565.0,-128.5671,10390.0
15:04:14,6569.49,6570.0,-88.7455,9392.0
15:04:14,6569.49,6575.0,-226.8827,7613.0
15:04:14,6569.49,6580.0,-324.4703,8611.0
15:04:14,6569.49,6585.0,-223.8039,6473.0
15:04:14,6569.49,6590.0,-68.2022,8425.0
15:04:14,6569.49,6595.0,-5.5331,7130.0
15:04:14,6569.49,6600.0,-42.4385,19946.0
15:04:14,6569.49,6605.0,-111.4127,7584.0
15:04:14,6569.49,6610.0,61.0281,9882.0
15:04:14,6569.49,6615.0,51.1636,5838.0
15:04:14,6569.49,6620.0,191.4627,14070.0
15:04:14,6569.49,6625.0,272.3955,6789.0
15:04:14,6569.49,6630.0,120.7464,9395.0
15:04:14,6569.49,6635.0,74.2936,6624.0
15:04:14,6569.49,6640.0,91.3456,14224.0
15:12:44,6562.46,6490.0,-56.7381,11514.0
15:12:44,6562.46,6495.0,-89.2992,6686.0
15:12:44,6562.46,6500.0,-453.0271,17569.0
15:12:44,6562.46,6505.0,-188.2273,8442.0
15:12:44,6562.46,6510.0,-157.9745,7735.0
15:12:44,6562.46,6515.0,-158.3102,9335.0
15:12:44,6562.46,6520.0,-306.2457,8992.0
15:12:44,6562.46,6525.0,-431.4479,10890.0
15:12:44,6562.46,6530.0,-236.8207,10272.0
15:12:44,6562.46,6535.0,-155.4977,8941.0
15:12:44,6562.46,6540.0,-495.5687,12500.0
15:12:44,6562.46,6545.0,-341.2135,7037.0
15:12:44,6562.46,6550.0,-424.4423,14074.0
15:12:44,6562.46,6555.0,-262.5276,8350.0
15:12:44,6562.46,6560.0,-219.6239,14997.0
15:12:44,6562.46,6565.0,-108.4073,13470.0
15:12:44,6562.46,6570.0,-91.9984,12386.0
15:12:44,6562.46,6575.0,-351.9275,9582.0
15:12:44,6562.46,6580.0,-336.6837,10801.0
15:12:44,6562.46,6585.0,-366.542,7620.0
15:12:44,6562.46,6590.0,-158.2939,9710.0
15:12:44,6562.46,6595.0,-8.0701,7983.0
15:12:44,6562.46,6600.0,-40.4419,22564.0
15:12:44,6562.46,6605.0,-104.7408,9032.0
15:12:44,6562.46,6610.0,42.386,11815.0
15:12:44,6562.46,6615.0,29.6045,6742.0
15:12:44,6562.46,6620.0,174.6696,16450.0
15:12:44,6562.46,6625.0,103.1062,8437.0
15:12:44,6562.46,6630.0,36.5918,11603.0
15:12:44,6562.46,6635.0,17.4643,7601.0
15:12:54,6563.49,6490.0,-238.9729,11518.0
15:12:54,6563.49,6495.0,-285.6321,6695.0
15:12:54,6563.49,6500.0,-453.1693,17571.0
15:12:54,6563.49,6505.0,-188.2864,8444.0
15:12:54,6563.49,6510.0,-243.7265,7739.0
15:12:54,6563.49,6515.0,-156.9949,9335.0
15:12:54,6563.49,6520.0,-304.4241,9000.0
15:12:54,6563.49,6525.0,-408.35,10899.0
15:12:54,6563.49,6530.0,-240.8661,10289.0
15:12:54,6563.49,6535.0,-109.6333,8950.0
15:12:54,6563.49,6540.0,-345.2594,12522.0
15:12:54,6563.49,6545.0,-224.6874,7054.0
15:12:54,6563.49,6550.0,-424.5756,14093.0
15:12:54,6563.49,6555.0,-262.61,8369.0
15:12:54,6563.49,6560.0,-270.1243,15021.0
15:12:54,6563.49,6565.0,-134.6882,13494.0
15:12:54,6563.49,6570.0,-92.0272,12400.0
15:12:54,6563.49,6575.0,-232.7851,9593.0
15:12:54,6563.49,6580.0,-336.7894,10832.0
15:12:54,6563.49,6585.0,-230.7928,7629.0
15:12:54,6563.49,6590.0,-75.6708,9721.0
15:12:54,6563.49,6595.0,-7.2874,7994.0
15:12:54,6563.49,6600.0,-41.0644,22606.0
15:12:54,6563.49,6605.0,-104.7737,9132.0
15:12:54,6563.49,6610.0,57.4824,11817.0
15:12:54,6563.49,6615.0,47.5217,6759.0
15:12:54,6563.49,6620.0,174.7244,16456.0
15:12:54,6563.49,6625.0,229.8258,8438.0
15:12:54,6563.49,6630.0,103.1045,11649.0
15:12:54,6563.49,6635.0,63.2563,7737.0
15:15:04,6568.53,6495.0,-286.0709,6818.0
15:15:04,6568.53,6500.0,-453.8655,18187.0
15:15:04,6568.53,6505.0,-188.5757,8611.0
15:15:04,6568.53,6510.0,-218.8738,8017.0
15:15:04,6568.53,6515.0,-146.1454,9543.0
15:15:04,6568.53,6520.0,-281.3871,9348.0
15:15:04,6568.53,6525.0,-408.9774,11253.0
15:15:04,6568.53,6530.0,-241.2361,10522.0
15:15:04,6568.53,6535.0,-117.4809,9160.0
15:15:04,6568.53,6540.0,-345.7898,12731.0
15:15:04,6568.53,6545.0,-225.0326,7289.0
15:15:04,6568.53,6550.0,-425.2279,14418.0
15:15:04,6568.53,6555.0,-258.4642,8837.0
15:15:04,6568.53,6560.0,-135.1203,15606.0
15:15:04,6568.53,6565.0,-135.4116,14103.0
15:15:04,6568.53,6570.0,-92.1686,12953.0
15:15:04,6568.53,6575.0,-230.8033,9969.0
15:15:04,6568.53,6580.0,-337.3068,11120.0
15:15:04,6568.53,6585.0,-231.1473,7880.0
15:15:04,6568.53,6590.0,-75.7871,9870.0
15:15:04,6568.53,6595.0,-7.2986,8134.0
15:15:04,6568.53,6600.0,-41.1275,23193.0
15:15:04,6568.53,6605.0,-104.9347,9542.0
15:15:04,6568.53,6610.0,57.5708,12202.0
15:15:04,6568.53,6615.0,47.5947,6904.0
15:15:04,6568.53,6620.0,190.2016,16909.0
15:15:04,6568.53,6625.0,258.7769,8608.0
15:15:04,6568.53,6630.0,113.3944,11975.0
15:15:04,6568.53,6635.0,61.7472,7866.0
15:15:04,6568.53,6640.0,26.1629,16160.0
15:17:14,6570.96,6500.0,-401.5645,18784.0
15:17:14,6570.96,6505.0,-165.6323,8867.0
15:17:14,6570.96,6510.0,-212.5466,8368.0
15:17:14,6570.96,6515.0,-137.9961,9820.0
15:17:14,6570.96,6520.0,-283.2767,9642.0
15:17:14,6570.96,6525.0,-383.0038,11681.0
15:17:14,6570.96,6530.0,-216.5375,10921.0
15:17:14,6570.96,6535.0,-107.3975,9562.0
15:17:14,6570.96,6540.0,-348.7011,13251.0
15:17:14,6570.96,6545.0,-210.4115,7609.0
15:17:14,6570.96,6550.0,-395.6357,14888.0
15:17:14,6570.96,6555.0,-250.2521,9184.0
15:17:14,6570.96,6560.0,-131.5112,16241.0
15:17:14,6570.96,6565.0,-133.897,14899.0
15:17:14,6570.96,6570.0,-93.3922,14059.0
15:17:14,6570.96,6575.0,-240.4429,10693.0
15:17:14,6570.96,6580.0,-355.2595,11721.0
15:17:14,6570.96,6585.0,-246.8182,8228.0
15:17:14,6570.96,6590.0,-82.3713,10343.0
15:17:14,6570.96,6595.0,-8.1425,8456.0
15:17:14,6570.96,6600.0,-46.6724,23974.0
15:17:14,6570.96,6605.0,-120.9368,9784.0
15:17:14,6570.96,6610.0,66.2111,12589.0
15:17:14,6570.96,6615.0,54.8289,7120.0
15:17:14,6570.96,6620.0,190.3423,17447.0
15:17:14,6570.96,6625.0,251.1886,9107.0
15:17:14,6570.96,6630.0,123.4015,12415.0
15:17:14,6570.96,6635.0,74.6135,8234.0
15:17:14,6570.96,6640.0,90.5184,16492.0
15:17:14,6570.96,6645.0,17.0171,4711.0
15:19:23,6568.35,6495.0,-245.2054,7260.0
15:19:23,6568.35,6500.0,-401.2455,19208.0
15:19:23,6568.35,6505.0,-165.5007,9091.0
15:19:23,6568.35,6510.0,-218.3721,8606.0
15:19:23,6568.35,6515.0,-137.8865,10337.0
15:19:23,6568.35,6520.0,-283.0517,10364.0
15:19:23,6568.35,6525.0,-382.6996,11889.0
15:19:23,6568.35,6530.0,-216.3655,11241.0
15:19:23,6568.35,6535.0,-107.3122,9748.0
15:19:23,6568.35,6540.0,-327.0803,13466.0
15:19:23,6568.35,6545.0,-210.2444,7776.0
15:19:23,6568.35,6550.0,-399.6102,15256.0
15:19:23,6568.35,6555.0,-258.5937,9386.0
15:19:23,6568.35,6560.0,-130.0979,16769.0
15:19:23,6568.35,6565.0,-134.9997,15298.0
15:19:23,6568.35,6570.0,-93.6042,14825.0
15:19:23,6568.35,6575.0,-239.0451,11093.0
15:19:23,6568.35,6580.0,-356.2874,12028.0
15:19:23,6568.35,6585.0,-239.9649,8400.0
15:19:23,6568.35,6590.0,-82.3059,10554.0
15:19:23,6568.35,6595.0,-8.1361,8566.0
15:19:23,6568.35,6600.0,-46.6353,24285.0
15:19:23,6568.35,6605.0,-120.8408,9897.0
15:19:23,6568.35,6610.0,66.1585,12835.0
15:19:23,6568.35,6615.0,54.7853,7277.0
15:19:23,6568.35,6620.0,190.1911,17646.0
15:19:23,6568.35,6625.0,271.0178,9262.0
15:19:23,6568.35,6630.0,124.5111,12647.0
15:19:23,6568.35,6635.0,75.2016,8363.0
15:19:23,6568.35,6640.0,88.1888,16582.0
15:21:33,6566.41,6495.0,-245.6396,7491.0
15:21:33,6566.41,6500.0,-415.3457,19689.0
15:21:33,6566.41,6505.0,-170.4882,9316.0
15:21:33,6566.41,6510.0,-218.2432,8976.0
15:21:33,6566.41,6515.0,-141.3533,10513.0
15:21:33,6566.41,6520.0,-297.5174,10763.0
15:21:33,6566.41,6525.0,-404.8018,12138.0
15:21:33,6566.41,6530.0,-237.686,11576.0
15:21:33,6566.41,6535.0,-117.5557,9966.0
15:21:33,6566.41,6540.0,-350.6516,13947.0
15:21:33,6566.41,6545.0,-226.9583,8028.0
15:21:33,6566.41,6550.0,-432.2564,16002.0
15:21:33,6566.41,6555.0,-268.4646,9781.0
15:21:33,6566.41,6560.0,-137.5489,17307.0
15:21:33,6566.41,6565.0,-137.7693,16026.0
15:21:33,6566.41,6570.0,-94.7335,15632.0
15:21:33,6566.41,6575.0,-239.8372,11715.0
15:21:33,6566.41,6580.0,-348.2974,12555.0
15:21:33,6566.41,6585.0,-236.2178,8675.0
15:21:33,6566.41,6590.0,-78.1092,10810.0
15:21:33,6566.41,6595.0,-7.5807,8819.0
15:21:33,6566.41,6600.0,-42.7331,24717.0
15:21:33,6566.41,6605.0,-106.2194,10106.0
15:21:33,6566.41,6610.0,59.1131,13189.0
15:21:33,6566.41,6615.0,46.1473,7525.0
15:21:33,6566.41,6620.0,186.5856,18375.0
15:21:33,6566.41,6625.0,281.1738,9788.0
15:21:33,6566.41,6630.0,119.6732,12996.0
15:21:33,6566.41,6635.0,75.1572,8587.0
15:21:33,6566.41,6640.0,88.1367,16923.0
15:23:43,6570.13,6500.0,-404.7431,20066.0
15:23:43,6570.13,6505.0,-168.2984,9489.0
15:23:43,6570.13,6510.0,-220.3672,9216.0
15:23:43,6570.13,6515.0,-144.8444,10721.0
15:23:43,6570.13,6520.0,-281.8295,11147.0
15:23:43,6570.13,6525.0,-379.6493,12276.0
15:23:43,6570.13,6530.0,-226.5254,11809.0
15:23:43,6570.13,6535.0,-111.4236,10164.0
15:23:43,6570.13,6540.0,-350.2504,14225.0
15:23:43,6570.13,6545.0,-220.9086,8342.0
15:23:43,6570.13,6550.0,-419.8318,16728.0
15:23:43,6570.13,6555.0,-264.1475,10001.0
15:23:43,6570.13,6560.0,-138.4374,17734.0
15:23:43,6570.13,6565.0,-137.9255,17040.0
15:23:43,6570.13,6570.0,-91.3389,16246.0
15:23:43,6570.13,6575.0,-240.109,12120.0
15:23:43,6570.13,6580.0,-360.6041,13248.0
15:23:43,6570.13,6585.0,-250.0556,9050.0
15:23:43,6570.13,6590.0,-82.4938,11198.0
15:23:43,6570.13,6595.0,-8.0763,9040.0
15:23:43,6570.13,6600.0,-46.145,25246.0
15:23:43,6570.13,6605.0,-117.7053,10344.0
15:23:43,6570.13,6610.0,64.1592,13508.0
15:23:43,6570.13,6615.0,52.5082,7750.0
15:23:43,6570.13,6620.0,192.3882,18843.0
15:23:43,6570.13,6625.0,264.5392,9997.0
15:23:43,6570.13,6630.0,119.1627,13287.0
15:23:43,6570.13,6635.0,72.6254,8650.0
15:23:43,6570.13,6640.0,92.8625,17061.0
15:23:43,6570.13,6645.0,15.2064,5094.0
15:25:52,6567.2,6495.0,-258.4949,7766.0
15:25:52,6567.2,6500.0,-437.416,20430.0
15:25:52,6567.2,6505.0,-183.2207,9609.0
15:25:52,6567.2,6510.0,-228.1437,9347.0
15:25:52,6567.2,6515.0,-144.7153,10860.0
15:25:52,6567.2,6520.0,-281.5782,11421.0
15:25:52,6567.2,6525.0,-379.3108,12471.0
15:25:52,6567.2,6530.0,-226.3234,12035.0
15:25:52,6567.2,6535.0,-111.3242,10406.0
15:25:52,6567.2,6540.0,-343.7477,14423.0
15:25:52,6567.2,6545.0,-220.7117,8770.0
15:25:52,6567.2,6550.0,-420.7632,17118.0
15:25:52,6567.2,6555.0,-267.5946,10233.0
15:25:52,6567.2,6560.0,-138.6715,18085.0
15:25:52,6567.2,6565.0,-140.1078,17962.0
15:25:52,6567.2,6570.0,-96.4481,16687.0
15:25:52,6567.2,6575.0,-245.3917,12421.0
15:25:52,6567.2,6580.0,-361.0567,13679.0
15:25:52,6567.2,6585.0,-244.8302,9483.0
15:25:52,6567.2,6590.0,-82.4202,11410.0
15:25:52,6567.2,6595.0,-8.0691,9221.0
15:25:52,6567.2,6600.0,-46.1038,25742.0
15:25:52,6567.2,6605.0,-117.6004,10480.0
15:25:52,6567.2,6610.0,64.102,13742.0
15:25:52,6567.2,6615.0,52.4614,7849.0
15:25:52,6567.2,6620.0,194.0315,18997.0
15:25:52,6567.2,6625.0,252.6163,10263.0
15:25:52,6567.2,6630.0,106.2928,13496.0
15:25:52,6567.2,6635.0,65.1752,8729.0
15:25:52,6567.2,6640.0,84.1178,17112.0
15:28:02,6566.08,6495.0,-258.2253,7937.0
15:28:02,6566.08,6500.0,-437.2669,20768.0
15:28:02,6566.08,6505.0,-186.9704,9710.0
15:28:02,6566.08,6510.0,-238.3044,9481.0
15:28:02,6566.08,6515.0,-155.6917,11015.0
15:28:02,6566.08,6520.0,-299.6988,11615.0
15:28:02,6566.08,6525.0,-403.2012,12624.0
15:28:02,6566.08,6530.0,-239.4029,12124.0
15:28:02,6566.08,6535.0,-118.662,10473.0
15:28:02,6566.08,6540.0,-343.6305,14552.0
15:28:02,6566.08,6545.0,-224.2848,8946.0
15:28:02,6566.08,6550.0,-427.7671,17350.0
15:28:02,6566.08,6555.0,-267.5033,10375.0
15:28:02,6566.08,6560.0,-141.0112,18342.0
15:28:02,6566.08,6565.0,-141.9738,18359.0
15:28:02,6566.08,6570.0,-97.3064,17110.0
15:28:02,6566.08,6575.0,-244.952,12685.0
15:28:02,6566.08,6580.0,-357.94,13954.0
15:28:02,6566.08,6585.0,-246.9273,9649.0
15:28:02,6566.08,6590.0,-80.8589,11519.0
15:28:02,6566.08,6595.0,-7.8687,9347.0
15:28:02,6566.08,6600.0,-43.509,25966.0
15:28:02,6566.08,6605.0,-110.5469,10628.0
15:28:02,6566.08,6610.0,58.9244,13974.0
15:28:02,6566.08,6615.0,48.2104,7922.0
15:28:02,6566.08,6620.0,172.4985,19194.0
15:28:02,6566.08,6625.0,233.4929,10445.0
15:28:02,6566.08,6630.0,106.2566,13628.0
15:28:02,6566.08,6635.0,65.153,8834.0
15:28:02,6566.08,6640.0,79.2239,17213.0
15:30:12,6562.76,6490.0,-238.9197,13686.0
15:30:12,6562.76,6495.0,-283.51,8075.0
15:30:12,6562.76,6500.0,-436.8248,21337.0
15:30:12,6562.76,6505.0,-186.7814,9856.0
15:30:12,6562.76,6510.0,-248.6588,9655.0
15:30:12,6562.76,6515.0,-161.7488,11100.0
15:30:12,6562.76,6520.0,-323.0863,12045.0
15:30:12,6562.76,6525.0,-402.7936,12891.0
15:30:12,6562.76,6530.0,-239.1609,12489.0
15:30:12,6562.76,6535.0,-118.3419,10625.0
15:30:12,6562.76,6540.0,-367.7606,14792.0
15:30:12,6562.76,6545.0,-232.1102,9108.0
15:30:12,6562.76,6550.0,-438.8098,17900.0
15:30:12,6562.76,6555.0,-281.3641,10613.0
15:30:12,6562.76,6560.0,-142.1346,18758.0
15:30:12,6562.76,6565.0,-141.3488,19306.0
15:30:12,6562.76,6570.0,-96.278,17720.0
15:30:12,6562.76,6575.0,-241.3042,13004.0
15:30:12,6562.76,6580.0,-358.2994,14376.0
15:30:12,6562.76,6585.0,-243.2351,9790.0
15:30:12,6562.76,6590.0,-78.9734,11792.0
15:30:12,6562.76,6595.0,-7.6261,9487.0
15:30:12,6562.76,6600.0,-43.465,27034.0
15:30:12,6562.76,6605.0,-85.0464,10916.0
15:30:12,6562.76,6610.0,53.5276,14509.0
15:30:12,6562.76,6615.0,45.4179,8233.0
15:30:12,6562.76,6620.0,164.576,19934.0
15:30:12,6562.76,6625.0,233.2568,10582.0
15:30:12,6562.76,6630.0,95.5109,14162.0
15:30:12,6562.76,6635.0,65.0871,8987.0
15:32:22,6567.72,6495.0,-241.8791,8301.0
15:32:22,6567.72,6500.0,-422.4418,22189.0
15:32:22,6567.72,6505.0,-173.4715,10113.0
15:32:22,6567.72,6510.0,-249.0348,9948.0
15:32:22,6567.72,6515.0,-145.8622,11298.0
15:32:22,6567.72,6520.0,-292.7349,12613.0
15:32:22,6567.72,6525.0,-403.4026,13112.0
15:32:22,6567.72,6530.0,-239.5225,12882.0
15:32:22,6567.72,6535.0,-118.5208,10855.0
15:32:22,6567.72,6540.0,-353.5509,15203.0
15:32:22,6567.72,6545.0,-232.4611,9333.0
15:32:22,6567.72,6550.0,-440.1454,18719.0
15:32:22,6567.72,6555.0,-279.1443,10870.0
15:32:22,6567.72,6560.0,-144.2628,19249.0
15:32:22,6567.72,6565.0,-145.4966,20132.0
15:32:22,6567.72,6570.0,-100.8738,18726.0
15:32:22,6567.72,6575.0,-255.1266,13658.0
15:32:22,6567.72,6580.0,-351.3232,14787.0
15:32:22,6567.72,6585.0,-261.8492,10171.0
15:32:22,6567.72,6590.0,-79.0928,12224.0
15:32:22,6567.72,6595.0,-7.6376,9689.0
15:32:22,6567.72,6600.0,-43.5307,27825.0
15:32:22,6567.72,6605.0,-85.175,11176.0
15:32:22,6567.72,6610.0,53.6085,14905.0
15:32:22,6567.72,6615.0,51.2868,8550.0
15:32:22,6567.72,6620.0,186.9071,20681.0
15:32:22,6567.72,6625.0,263.374,10782.0
15:32:22,6567.72,6630.0,110.3848,14416.0
15:32:22,6567.72,6635.0,67.275,9177.0
15:32:22,6567.72,6640.0,79.2635,17611.0
15:34:31,6566.91,6495.0,-261.4382,8695.0
15:34:31,6566.91,6500.0,-451.2185,22573.0
15:34:31,6566.91,6505.0,-184.4296,10359.0
15:34:31,6566.91,6510.0,-231.1445,10198.0
15:34:31,6566.91,6515.0,-155.4768,11486.0
15:34:31,6566.91,6520.0,-296.8576,12936.0
15:34:31,6566.91,6525.0,-405.1418,13294.0
15:34:31,6566.91,6530.0,-247.2605,13151.0
15:34:31,6566.91,6535.0,-121.2766,10961.0
15:34:31,6566.91,6540.0,-362.0562,15419.0
15:34:31,6566.91,6545.0,-237.6443,9851.0
15:34:31,6566.91,6550.0,-456.5335,18982.0
15:34:31,6566.91,6555.0,-284.0727,11107.0
15:34:31,6566.91,6560.0,-146.4079,19691.0
15:34:31,6566.91,6565.0,-144.9142,20927.0
15:34:31,6566.91,6570.0,-101.2467,19337.0
15:34:31,6566.91,6575.0,-255.0637,14146.0
15:34:31,6566.91,6580.0,-370.9909,15040.0
15:34:31,6566.91,6585.0,-253.7119,10579.0
15:34:31,6566.91,6590.0,-82.5923,12399.0
15:34:31,6566.91,6595.0,-7.9545,9791.0
15:34:31,6566.91,6600.0,-44.4305,28363.0
15:34:31,6566.91,6605.0,-110.1897,11349.0
15:34:31,6566.91,6610.0,58.6714,15118.0
15:34:31,6566.91,6615.0,47.2302,8683.0
15:34:31,6566.91,6620.0,169.5113,20864.0
15:34:31,6566.91,6625.0,228.0735,10971.0
15:34:31,6566.91,6630.0,97.8576,14570.0
15:34:31,6566.91,6635.0,57.4861,9385.0
15:34:31,6566.91,6640.0,68.2399,18010.0
15:36:41,6566.71,6495.0,-261.4222,8976.0
15:36:41,6566.71,6500.0,-454.126,22936.0
15:36:41,6566.71,6505.0,-175.6856,10710.0
15:36:41,6566.71,6510.0,-220.2335,10443.0
15:36:41,6566.71,6515.0,-153.1488,11668.0
15:36:41,6566.71,6520.0,-296.8395,13191.0
15:36:41,6566.71,6525.0,-405.1171,13566.0
15:36:41,6566.71,6530.0,-247.2454,13359.0
15:36:41,6566.71,6535.0,-121.2693,11230.0
15:36:41,6566.71,6540.0,-361.2414,15562.0
15:36:41,6566.71,6545.0,-237.6299,10025.0
15:36:41,6566.71,6550.0,-456.5057,19255.0
15:36:41,6566.71,6555.0,-284.8134,11316.0
15:36:41,6566.71,6560.0,-147.3385,20076.0
15:36:41,6566.71,6565.0,-149.0413,21696.0
15:36:41,6566.71,6570.0,-102.8254,19917.0
15:36:41,6566.71,6575.0,-261.2933,14507.0
15:36:41,6566.71,6580.0,-370.9683,15298.0
15:36:41,6566.71,6585.0,-253.9675,10895.0
15:36:41,6566.71,6590.0,-82.5873,12811.0
15:36:41,6566.71,6595.0,-7.954,9921.0
15:36:41,6566.71,6600.0,-44.4278,29119.0
15:36:41,6566.71,6605.0,-112.3537,11475.0
15:36:41,6566.71,6610.0,59.9532,15277.0
15:36:41,6566.71,6615.0,47.8187,8886.0
15:36:41,6566.71,6620.0,172.3281,21000.0
15:36:41,6566.71,6625.0,240.0179,11266.0
15:36:41,6566.71,6630.0,97.8516,14803.0
15:36:41,6566.71,6635.0,57.4826,9645.0
15:36:41,6566.71,6640.0,68.2357,18118.0
15:38:51,6560.87,6490.0,-238.7821,15001.0
15:38:51,6560.87,6495.0,-281.6717,9247.0
15:38:51,6560.87,6500.0,-416.6341,23301.0
15:38:51,6560.87,6505.0,-201.6405,10896.0
15:38:51,6560.87,6510.0,-253.2744,10703.0
15:38:51,6560.87,6515.0,-167.6419,11912.0
15:38:51,6560.87,6520.0,-324.1721,13760.0
15:38:51,6560.87,6525.0,-441.8269,13809.0
15:38:51,6560.87,6530.0,-260.1378,13677.0
15:38:51,6560.87,6535.0,-128.7461,11408.0
15:38:51,6560.87,6540.0,-382.4386,15835.0
15:38:51,6560.87,6545.0,-248.1668,10273.0
15:38:51,6560.87,6550.0,-470.5118,19953.0
15:38:51,6560.87,6555.0,-290.301,11712.0
15:38:51,6560.87,6560.0,-148.1154,20860.0
15:38:51,6560.87,6565.0,-147.324,23141.0
15:38:51,6560.87,6570.0,-99.5417,20854.0
15:38:51,6560.87,6575.0,-250.0361,14996.0
15:38:51,6560.87,6580.0,-356.5035,15972.0
15:38:51,6560.87,6585.0,-240.1481,11161.0
15:38:51,6560.87,6590.0,-76.913,13238.0
15:38:51,6560.87,6595.0,-7.2505,10117.0
15:38:51,6560.87,6600.0,-40.554,29914.0
15:38:51,6560.87,6605.0,-99.1774,11630.0
15:38:51,6560.87,6610.0,52.1805,15474.0
15:38:51,6560.87,6615.0,42.1214,9098.0
15:38:51,6560.87,6620.0,141.2999,21254.0
15:38:51,6560.87,6625.0,255.9587,11398.0
15:38:51,6560.87,6630.0,100.5855,15077.0
15:38:51,6560.87,6635.0,53.0117,9807.0
15:41:00,6568.01,6495.0,-282.8741,9611.0
15:41:00,6568.01,6500.0,-351.364,24257.0
15:41:00,6568.01,6505.0,-151.0525,11162.0
15:41:00,6568.01,6510.0,-195.9029,11258.0
15:41:00,6568.01,6515.0,-168.0069,12433.0
15:41:00,6568.01,6520.0,-261.453,14223.0
15:41:00,6568.01,6525.0,-360.2323,14091.0
15:41:00,6568.01,6530.0,-218.0299,14237.0
15:41:00,6568.01,6535.0,-110.132,11872.0
15:41:00,6568.01,6540.0,-328.3433,16200.0
15:41:00,6568.01,6545.0,-220.9062,10711.0
15:41:00,6568.01,6550.0,-430.3344,20782.0
15:41:00,6568.01,6555.0,-295.4857,12250.0
15:41:00,6568.01,6560.0,-142.4212,21756.0
15:41:00,6568.01,6565.0,-145.6256,24608.0
15:41:00,6568.01,6570.0,-101.5432,21854.0
15:41:00,6568.01,6575.0,-261.1146,15958.0
15:41:00,6568.01,6580.0,-383.5265,16598.0
15:41:00,6568.01,6585.0,-221.1422,11623.0
15:41:00,6568.01,6590.0,-88.0129,13852.0
15:41:00,6568.01,6595.0,-8.6223,10668.0
15:41:00,6568.01,6600.0,-49.0039,31237.0
15:41:00,6568.01,6605.0,-125.7025,12094.0
15:41:00,6568.01,6610.0,68.3703,15941.0
15:41:00,6568.01,6615.0,56.2413,9619.0
15:41:00,6568.01,6620.0,223.3982,21867.0
15:41:00,6568.01,6625.0,196.8654,11878.0
15:41:00,6568.01,6630.0,126.4946,15629.0
15:41:00,6568.01,6635.0,76.676,10306.0
15:41:00,6568.01,6640.0,101.1102,18792.0
15:43:10,6557.5,6485.0,-41.9292,11775.0
15:43:10,6557.5,6490.0,-237.5601,16051.0
15:43:10,6557.5,6495.0,-219.8886,10163.0
15:43:10,6557.5,6500.0,-350.2405,25152.0
15:43:10,6557.5,6505.0,-150.5694,11740.0
15:43:10,6557.5,6510.0,-273.7916,11921.0
15:43:10,6557.5,6515.0,-183.6486,13025.0
15:43:10,6557.5,6520.0,-342.986,15099.0
15:43:10,6557.5,6525.0,-359.0804,14768.0
15:43:10,6557.5,6530.0,-217.3327,15054.0
15:43:10,6557.5,6535.0,-109.7799,12512.0
15:43:10,6557.5,6540.0,-332.3448,16902.0
15:43:10,6557.5,6545.0,-220.1997,11551.0
15:43:10,6557.5,6550.0,-481.4384,22340.0
15:43:10,6557.5,6555.0,-285.76,13042.0
15:43:10,6557.5,6560.0,-144.3911,23482.0
15:43:10,6557.5,6565.0,-141.4921,25750.0
15:43:10,6557.5,6570.0,-112.2719,23182.0
15:43:10,6557.5,6575.0,-260.2796,16797.0
15:43:10,6557.5,6580.0,-382.3001,17688.0
15:43:10,6557.5,6585.0,-265.0767,12133.0
15:43:10,6557.5,6590.0,-87.7314,14701.0
15:43:10,6557.5,6595.0,-6.8006,11320.0
15:43:10,6557.5,6600.0,-36.137,32897.0
15:43:10,6557.5,6605.0,-89.6566,13113.0
15:43:10,6557.5,6610.0,47.4153,19190.0
15:43:10,6557.5,6615.0,39.8527,10003.0
15:43:10,6557.5,6620.0,205.7449,24945.0
15:43:10,6557.5,6625.0,289.459,13161.0
15:43:10,6557.5,6630.0,126.0901,16151.0
15:45:20,6551.96,6480.0,-210.201,13319.0
15:45:20,6551.96,6485.0,-243.2491,12129.0
15:45:20,6551.96,6490.0,-289.6998,16471.0
15:45:20,6551.96,6495.0,-337.4923,10406.0
15:45:20,6551.96,6500.0,-529.7065,26529.0
15:45:20,6551.96,6505.0,-235.456,12366.0
15:45:20,6551.96,6510.0,-310.624,12463.0
15:45:20,6551.96,6515.0,-200.8948,13534.0
15:45:20,6551.96,6520.0,-379.5086,15950.0
15:45:20,6551.96,6525.0,-358.4739,15474.0
15:45:20,6551.96,6530.0,-216.9656,15873.0
15:45:20,6551.96,6535.0,-109.5945,13014.0
15:45:20,6551.96,6540.0,-410.6029,17637.0
15:45:20,6551.96,6545.0,-260.5071,12327.0
15:45:20,6551.96,6550.0,-485.4839,23939.0
15:45:20,6551.96,6555.0,-289.534,14504.0
15:45:20,6551.96,6560.0,-143.9445,24689.0
15:45:20,6551.96,6565.0,-139.6612,26464.0
15:45:20,6551.96,6570.0,-116.3458,23880.0
15:45:20,6551.96,6575.0,-212.6991,17606.0
15:45:20,6551.96,6580.0,-404.5732,18138.0
15:45:20,6551.96,6585.0,-208.3497,12490.0
15:45:20,6551.96,6590.0,-64.2124,15312.0
15:45:20,6551.96,6595.0,-5.9739,11880.0
15:45:20,6551.96,6600.0,-33.6122,33937.0
15:45:20,6551.96,6605.0,-79.5955,14162.0
15:45:20,6551.96,6610.0,40.7567,20448.0
15:45:20,6551.96,6615.0,33.1409,10436.0
15:45:20,6551.96,6620.0,114.9892,25518.0
15:45:20,6551.96,6625.0,155.1937,13582.0
15:47:29,6551.41,6480.0,-205.4932,13560.0
15:47:29,6551.41,6485.0,-241.27,12451.0
15:47:29,6551.41,6490.0,-288.6232,16823.0
15:47:29,6551.41,6495.0,-363.4063,10816.0
15:47:29,6551.41,6500.0,-594.592,27387.0
15:47:29,6551.41,6505.0,-235.4164,12779.0
15:47:29,6551.41,6510.0,-312.2648,12906.0
15:47:29,6551.41,6515.0,-203.302,14315.0
15:47:29,6551.41,6520.0,-392.2373,16590.0
15:47:29,6551.41,6525.0,-521.3114,15972.0
15:47:29,6551.41,6530.0,-304.0921,16523.0
15:47:29,6551.41,6535.0,-147.1828,13341.0
15:47:29,6551.41,6540.0,-426.4986,18351.0
15:47:29,6551.41,6545.0,-269.1432,12791.0
15:47:29,6551.41,6550.0,-496.2973,25232.0
15:47:29,6551.41,6555.0,-297.0543,15475.0
15:47:29,6551.41,6560.0,-146.922,25256.0
15:47:29,6551.41,6565.0,-139.6378,26983.0
15:47:29,6551.41,6570.0,-94.6859,24478.0
15:47:29,6551.41,6575.0,-225.6606,18203.0
15:47:29,6551.41,6580.0,-314.9571,18614.0
15:47:29,6551.41,6585.0,-208.829,12775.0
15:47:29,6551.41,6590.0,-64.7537,15913.0
15:47:29,6551.41,6595.0,-5.9951,12409.0
15:47:29,6551.41,6600.0,-33.6065,34931.0
15:47:29,6551.41,6605.0,-66.1746,14538.0
15:47:29,6551.41,6610.0,40.7188,21030.0
15:47:29,6551.41,6615.0,32.2123,10754.0
15:47:29,6551.41,6620.0,113.8791,25929.0
15:47:29,6551.41,6625.0,156.5504,13824.0
15:49:39,6548.35,6475.0,-62.5568,14538.0
15:49:39,6548.35,6480.0,-205.3013,13779.0
15:49:39,6548.35,6485.0,-241.0446,12683.0
15:49:39,6548.35,6490.0,-288.1623,17144.0
15:49:39,6548.35,6495.0,-371.5956,11129.0
15:49:39,6548.35,6500.0,-594.0367,28072.0
15:49:39,6548.35,6505.0,-235.1966,13160.0
15:49:39,6548.35,6510.0,-328.1381,13180.0
15:49:39,6548.35,6515.0,-212.751,14707.0
15:49:39,6548.35,6520.0,-406.4338,16941.0
15:49:39,6548.35,6525.0,-537.9759,16266.0
15:49:39,6548.35,6530.0,-311.3653,16938.0
15:49:39,6548.35,6535.0,-150.0107,13581.0
15:49:39,6548.35,6540.0,-423.8448,18764.0
15:49:39,6548.35,6545.0,-273.2126,13117.0
15:49:39,6548.35,6550.0,-500.7847,26298.0
15:49:39,6548.35,6555.0,-299.288,16283.0
15:49:39,6548.35,6560.0,-146.7848,25894.0
15:49:39,6548.35,6565.0,-141.2165,27327.0
15:49:39,6548.35,6570.0,-92.2541,25229.0
15:49:39,6548.35,6575.0,-221.8391,18525.0
15:49:39,6548.35,6580.0,-305.6907,19104.0
15:49:39,6548.35,6585.0,-197.611,13018.0
15:49:39,6548.35,6590.0,-61.292,16296.0
15:49:39,6548.35,6595.0,-5.614,12605.0
15:49:39,6548.35,6600.0,-29.8294,35599.0
15:49:39,6548.35,6605.0,-75.9111,14914.0
15:49:39,6548.35,6610.0,40.6808,21441.0
15:49:39,6548.35,6615.0,32.1822,10981.0
15:49:39,6548.35,6620.0,113.7727,26242.0
15:51:49,6551.12,6480.0,-197.9554,13897.0
15:51:49,6551.12,6485.0,-259.3093,12940.0
15:51:49,6551.12,6490.0,-280.4543,17508.0
15:51:49,6551.12,6495.0,-336.3593,11422.0
15:51:49,6551.12,6500.0,-574.3278,29213.0
15:51:49,6551.12,6505.0,-238.3718,13471.0
15:51:49,6551.12,6510.0,-328.4158,13675.0
15:51:49,6551.12,6515.0,-212.931,14951.0
15:51:49,6551.12,6520.0,-406.7777,17329.0
15:51:49,6551.12,6525.0,-538.4311,16603.0
15:51:49,6551.12,6530.0,-311.6287,17270.0
15:51:49,6551.12,6535.0,-150.1376,13851.0
15:51:49,6551.12,6540.0,-425.758,19300.0
15:51:49,6551.12,6545.0,-273.5603,13544.0
15:51:49,6551.12,6550.0,-500.4719,27453.0
15:51:49,6551.12,6555.0,-301.2542,16981.0
15:51:49,6551.12,6560.0,-146.909,26272.0
15:51:49,6551.12,6565.0,-142.8585,27714.0
15:51:49,6551.12,6570.0,-89.1236,25538.0
15:51:49,6551.12,6575.0,-230.896,18682.0
15:51:49,6551.12,6580.0,-302.0895,19451.0
15:51:49,6551.12,6585.0,-214.2448,13337.0
15:51:49,6551.12,6590.0,-61.3438,16629.0
15:51:49,6551.12,6595.0,-5.6188,13089.0
15:51:49,6551.12,6600.0,-99.3895,36252.0
15:51:49,6551.12,6605.0,-80.7728,15172.0
15:51:49,6551.12,6610.0,42.5188,21740.0
15:51:49,6551.12,6615.0,30.735,11257.0
15:51:49,6551.12,6620.0,121.3448,26396.0
15:51:49,6551.12,6625.0,169.1289,14302.0
15:53:58,6546.18,6475.0,-400.9085,15015.0
15:53:58,6546.18,6480.0,-243.6784,14111.0
15:53:58,6546.18,6485.0,-266.4535,13232.0
15:53:58,6546.18,6490.0,-315.5099,18323.0
15:53:58,6546.18,6495.0,-335.2253,12010.0
15:53:58,6546.18,6500.0,-643.0062,29822.0
15:53:58,6546.18,6505.0,-268.9224,13719.0
15:53:58,6546.18,6510.0,-343.9328,14029.0
15:53:58,6546.18,6515.0,-220.0391,15145.0
15:53:58,6546.18,6520.0,-427.1836,17925.0
15:53:58,6546.18,6525.0,-565.639,17140.0
15:53:58,6546.18,6530.0,-323.7157,17703.0
15:53:58,6546.18,6535.0,-156.7413,14190.0
15:53:58,6546.18,6540.0,-423.9555,19730.0
15:53:58,6546.18,6545.0,-279.1841,14186.0
15:53:58,6546.18,6550.0,-496.3036,28749.0
15:53:58,6546.18,6555.0,-298.6153,17812.0
15:53:58,6546.18,6560.0,-150.0634,26850.0
15:53:58,6546.18,6565.0,-142.6431,28144.0
15:53:58,6546.18,6570.0,-89.0091,25929.0
15:53:58,6546.18,6575.0,-232.0856,19009.0
15:53:58,6546.18,6580.0,-298.1117,20544.0
15:53:58,6546.18,6585.0,-219.7187,14018.0
15:53:58,6546.18,6590.0,-59.6897,17361.0
15:53:58,6546.18,6595.0,-5.3154,13809.0
15:53:58,6546.18,6600.0,63.0602,37598.0
15:53:58,6546.18,6605.0,-65.8786,15517.0
15:53:58,6546.18,6610.0,29.8938,22392.0
15:53:58,6546.18,6615.0,23.1679,11642.0
15:53:58,6546.18,6620.0,94.0642,26914.0
15:56:08,6541.03,6470.0,-101.5632,17639.0
15:56:08,6541.03,6475.0,-400.2779,15759.0
15:56:08,6541.03,6480.0,-250.8914,15023.0
15:56:08,6541.03,6485.0,-294.7774,14695.0
15:56:08,6541.03,6490.0,-354.4329,19596.0
15:56:08,6541.03,6495.0,-425.2105,13427.0
15:56:08,6541.03,6500.0,-719.639,31606.0
15:56:08,6541.03,6505.0,-296.4256,14608.0
15:56:08,6541.03,6510.0,-380.1617,15000.0
15:56:08,6541.03,6515.0,-226.3391,15918.0
15:56:08,6541.03,6520.0,-426.5117,18932.0
15:56:08,6541.03,6525.0,-564.7494,18068.0
15:56:08,6541.03,6530.0,-346.1288,18733.0
15:56:08,6541.03,6535.0,-163.3676,15254.0
15:56:08,6541.03,6540.0,-457.9899,21198.0
15:56:08,6541.03,6545.0,-282.981,15197.0
15:56:08,6541.03,6550.0,-516.344,30529.0
15:56:08,6541.03,6555.0,-306.9739,18679.0
15:56:08,6541.03,6560.0,-149.8274,27840.0
15:56:08,6541.03,6565.0,-142.7831,29220.0
15:56:08,6541.03,6570.0,-92.0551,26983.0
15:56:08,6541.03,6575.0,-200.1553,19830.0
15:56:08,6541.03,6580.0,-269.944,21387.0
15:56:08,6541.03,6585.0,-172.0819,14466.0
15:56:08,6541.03,6590.0,-52.4192,18059.0
15:56:08,6541.03,6595.0,-4.506,14371.0
15:56:08,6541.03,6600.0,-25.1371,38961.0
15:56:08,6541.03,6605.0,-60.3286,16252.0
15:56:08,6541.03,6610.0,31.1052,22993.0
15:56:08,6541.03,6615.0,22.5733,12229.0
15:58:18,6545.95,6475.0,-326.2373,16096.0
15:58:18,6545.95,6480.0,-251.269,15388.0
15:58:18,6545.95,6485.0,-296.6972,15002.0
15:58:18,6545.95,6490.0,-293.4658,20042.0
15:58:18,6545.95,6495.0,-354.1943,14002.0
15:58:18,6545.95,6500.0,-623.3695,32866.0
15:58:18,6545.95,6505.0,-296.8716,15001.0
15:58:18,6545.95,6510.0,-380.7338,15442.0
15:58:18,6545.95,6515.0,-226.6797,16177.0
15:58:18,6545.95,6520.0,-427.1536,19400.0
15:58:18,6545.95,6525.0,-565.5993,18859.0
15:58:18,6545.95,6530.0,-346.6497,19347.0
15:58:18,6545.95,6535.0,-163.6135,15817.0
15:58:18,6545.95,6540.0,-447.9867,22587.0
15:58:18,6545.95,6545.0,-282.2839,16273.0
15:58:18,6545.95,6550.0,-515.1503,31743.0
15:58:18,6545.95,6555.0,-305.0088,19137.0
15:58:18,6545.95,6560.0,-150.0528,28617.0
15:58:18,6545.95,6565.0,-133.5603,29975.0
15:58:18,6545.95,6570.0,-104.798,27693.0
15:58:18,6545.95,6575.0,-200.4565,20519.0
15:58:18,6545.95,6580.0,-270.3502,22144.0
15:58:18,6545.95,6585.0,-172.3409,15190.0
15:58:18,6545.95,6590.0,-52.4981,18690.0
15:58:18,6545.95,6595.0,-5.6026,17500.0
15:58:18,6545.95,6600.0,-30.6128,39962.0
15:58:18,6545.95,6605.0,-60.4194,18772.0
15:58:18,6545.95,6610.0,31.152,23407.0
15:58:18,6545.95,6615.0,22.6073,12469.0
15:58:18,6545.95,6620.0,94.0576,27876.0
16:00:28,6549.8,6475.0,-301.9155,16353.0
16:00:28,6549.8,6480.0,-204.6125,15740.0
16:00:28,6549.8,6485.0,-244.3113,15189.0
16:00:28,6549.8,6490.0,-296.6331,20570.0
16:00:28,6549.8,6495.0,-343.6017,14321.0
16:00:28,6549.8,6500.0,-624.103,33644.0
16:00:28,6549.8,6505.0,-260.5817,15520.0
16:00:28,6549.8,6510.0,-320.9685,15815.0
16:00:28,6549.8,6515.0,-209.2,16394.0
16:00:28,6549.8,6520.0,-407.2364,19800.0
16:00:28,6549.8,6525.0,-545.5824,19519.0
16:00:28,6549.8,6530.0,-320.3334,19713.0
16:00:28,6549.8,6535.0,-155.617,16142.0
16:00:28,6549.8,6540.0,-449.0249,23467.0
16:00:28,6549.8,6545.0,-282.4052,17031.0
16:00:28,6549.8,6550.0,-522.8197,32720.0
16:00:28,6549.8,6555.0,-311.4365,19538.0
16:00:28,6549.8,6560.0,-153.1816,29016.0
16:00:28,6549.8,6565.0,-133.7175,30382.0
16:00:28,6549.8,6570.0,-115.8149,28214.0
16:00:28,6549.8,6575.0,-188.9803,20828.0
16:00:28,6549.8,6580.0,-317.8089,22826.0
16:00:28,6549.8,6585.0,-146.3921,15482.0
16:00:28,6549.8,6590.0,-60.9644,19084.0
16:00:28,6549.8,6595.0,-5.6092,17715.0
16:00:28,6549.8,6600.0,-49.8466,40950.0
16:00:28,6549.8,6605.0,-76.7065,19138.0
16:00:28,6549.8,6610.0,39.912,23983.0
16:00:28,6549.8,6615.0,31.7189,12622.0
16:00:28,6549.8,6620.0,113.3571,28260.0
16:02:37,6550.77,6480.0,-208.4983,16451.0
16:02:37,6550.77,6485.0,-244.3836,15513.0
16:02:37,6550.77,6490.0,-283.5715,20809.0
16:02:37,6550.77,6495.0,-360.1011,14820.0
16:02:37,6550.77,6500.0,-624.2879,34210.0
16:02:37,6550.77,6505.0,-260.6589,15760.0
16:02:37,6550.77,6510.0,-319.4153,16116.0
16:02:37,6550.77,6515.0,-210.653,16665.0
16:02:37,6550.77,6520.0,-409.1991,20165.0
16:02:37,6550.77,6525.0,-540.9961,19840.0
16:02:37,6550.77,6530.0,-320.2586,20024.0
16:02:37,6550.77,6535.0,-155.7954,16568.0
16:02:37,6550.77,6540.0,-448.6131,23991.0
16:02:37,6550.77,6545.0,-288.5509,17629.0
16:02:37,6550.77,6550.0,-536.7846,33969.0
16:02:37,6550.77,6555.0,-318.9422,19952.0
16:02:37,6550.77,6560.0,-156.8325,29695.0
16:02:37,6550.77,6565.0,-151.6868,30818.0
16:02:37,6550.77,6570.0,-98.9705,28653.0
16:02:37,6550.77,6575.0,-239.1073,21069.0
16:02:37,6550.77,6580.0,-324.689,23386.0
16:02:37,6550.77,6585.0,-208.8319,15734.0
16:02:37,6550.77,6590.0,-64.1122,19412.0
16:02:37,6550.77,6595.0,-5.9617,17942.0
16:02:37,6550.77,6600.0,-30.0403,41435.0
16:02:37,6550.77,6605.0,-76.7293,19411.0
16:02:37,6550.77,6610.0,37.7236,24297.0
16:02:37,6550.77,6615.0,29.2446,12852.0
16:02:37,6550.77,6620.0,102.9681,28532.0
16:02:37,6550.77,6625.0,169.1108,15478.0
16:04:15,6549.27,6475.0,-305.189,16738.0
16:04:15,6549.27,6480.0,-196.9561,16562.0
16:04:15,6549.27,6485.0,-251.4683,15720.0
16:04:15,6549.27,6490.0,-283.4416,20962.0
16:04:15,6549.27,6495.0,-359.9362,14987.0
16:04:15,6549.27,6500.0,-613.7721,34742.0
16:04:15,6549.27,6505.0,-247.0863,15943.0
16:04:15,6549.27,6510.0,-319.269,16333.0
16:04:15,6549.27,6515.0,-210.5565,16812.0
16:04:15,6549.27,6520.0,-409.0117,20384.0
16:04:15,6549.27,6525.0,-540.7483,19989.0
16:04:15,6549.27,6530.0,-320.112,20271.0
16:04:15,6549.27,6535.0,-155.7241,16718.0
16:04:15,6549.27,6540.0,-463.3776,24381.0
16:04:15,6549.27,6545.0,-288.4188,17865.0
16:04:15,6549.27,6550.0,-533.4057,35129.0
16:04:15,6549.27,6555.0,-322.3905,20179.0
16:04:15,6549.27,6560.0,-156.7607,29921.0
16:04:15,6549.27,6565.0,-151.6174,31072.0
16:04:15,6549.27,6570.0,-98.9252,28919.0
16:04:15,6549.27,6575.0,-238.9978,21276.0
16:04:15,6549.27,6580.0,-322.7868,23712.0
16:04:15,6549.27,6585.0,-208.7362,15865.0
16:04:15,6549.27,6590.0,-64.0828,19554.0
16:04:15,6549.27,6595.0,-5.959,18218.0
16:04:15,6549.27,6600.0,-30.0265,41808.0
16:04:15,6549.27,6605.0,-76.6941,19532.0
16:04:15,6549.27,6610.0,37.7063,24446.0
16:04:15,6549.27,6615.0,30.3555,13032.0
16:04:15,6549.27,6620.0,91.8145,28642.0
16:04:47,6547.98,6475.0,-303.5407,16782.0
16:04:47,6547.98,6480.0,-221.3193,16598.0
16:04:47,6547.98,6485.0,-237.9418,15791.0
16:04:47,6547.98,6490.0,-312.1208,20981.0
16:04:47,6547.98,6495.0,-344.9285,15057.0
16:04:47,6547.98,6500.0,-594.3398,34829.0
16:04:47,6547.98,6505.0,-254.8342,15994.0
16:04:47,6547.98,6510.0,-329.2418,16392.0
16:04:47,6547.98,6515.0,-216.6052,16861.0
16:04:47,6547.98,6520.0,-419.7547,20428.0
16:04:47,6547.98,6525.0,-565.7537,20029.0
16:04:47,6547.98,6530.0,-327.9922,20324.0
16:04:47,6547.98,6535.0,-159.7066,16759.0
16:04:47,6547.98,6540.0,-469.2053,24462.0
16:04:47,6547.98,6545.0,-295.1277,17985.0
16:04:47,6547.98,6550.0,-540.5273,35387.0
16:04:47,6547.98,6555.0,-319.4855,20224.0
16:04:47,6547.98,6560.0,-155.5101,29992.0
16:04:47,6547.98,6565.0,-150.1889,31161.0
16:04:47,6547.98,6570.0,-98.2361,28998.0
16:04:47,6547.98,6575.0,-231.6253,21310.0
16:04:47,6547.98,6580.0,-318.393,23784.0
16:04:47,6547.98,6585.0,-203.5463,15921.0
16:04:47,6547.98,6590.0,-62.4892,19629.0
16:04:47,6547.98,6595.0,-5.5388,18248.0
16:04:47,6547.98,6600.0,-30.2177,41866.0
16:04:47,6547.98,6605.0,-71.89,19555.0
16:04:47,6547.98,6610.0,35.7944,24491.0
16:04:47,6547.98,6615.0,29.7829,13065.0
16:04:47,6547.98,6620.0,97.7883,28681.0
16:06:57,6549.93,6475.0,-352.1164,16950.0
16:06:57,6549.93,6480.0,-209.3614,16873.0
16:06:57,6549.93,6485.0,-240.1428,16212.0
16:06:57,6549.93,6490.0,-294.3131,21447.0
16:06:57,6549.93,6495.0,-354.8875,15648.0
16:06:57,6549.93,6500.0,-602.2879,36077.0
16:06:57,6549.93,6505.0,-267.2256,16488.0
16:06:57,6549.93,6510.0,-324.1646,16826.0
16:06:57,6549.93,6515.0,-212.6829,17207.0
16:06:57,6549.93,6520.0,-412.5493,21056.0
16:06:57,6549.93,6525.0,-554.1212,20497.0
16:06:57,6549.93,6530.0,-325.4492,20763.0
16:06:57,6549.93,6535.0,-158.4461,17097.0
16:06:57,6549.93,6540.0,-459.8363,25072.0
16:06:57,6549.93,6545.0,-291.4337,19079.0
16:06:57,6549.93,6550.0,-537.5854,36932.0
16:06:57,6549.93,6555.0,-320.9013,20609.0
16:06:57,6549.93,6560.0,-157.5826,30455.0
16:06:57,6549.93,6565.0,-150.2784,31565.0
16:06:57,6549.93,6570.0,-96.9698,29362.0
16:06:57,6549.93,6575.0,-230.6035,21674.0
16:06:57,6549.93,6580.0,-320.5426,24287.0
16:06:57,6549.93,6585.0,-201.3648,16310.0
16:06:57,6549.93,6590.0,-59.7532,20099.0
16:06:57,6549.93,6595.0,-5.2227,18610.0
16:06:57,6549.93,6600.0,-30.8249,42514.0
16:06:57,6549.93,6605.0,-72.2817,19822.0
16:06:57,6549.93,6610.0,37.1737,24805.0
16:06:57,6549.93,6615.0,28.6356,13275.0
16:06:57,6549.93,6620.0,102.3249,28966.0
16:09:06,6546.41,6475.0,-337.0844,17137.0
16:09:06,6546.41,6480.0,-212.2724,17090.0
16:09:06,6546.41,6485.0,-257.2386,16368.0
16:09:06,6546.41,6490.0,-310.9353,21605.0
16:09:06,6546.41,6495.0,-350.5597,15829.0
16:09:06,6546.41,6500.0,-601.6407,36725.0
16:09:06,6546.41,6505.0,-266.9384,16646.0
16:09:06,6546.41,6510.0,-346.6641,17111.0
16:09:06,6546.41,6515.0,-232.3409,17387.0
16:09:06,6546.41,6520.0,-445.9386,21417.0
16:09:06,6546.41,6525.0,-589.6146,20731.0
16:09:06,6546.41,6530.0,-341.8382,20980.0
16:09:06,6546.41,6535.0,-164.4746,17480.0
16:09:06,6546.41,6540.0,-473.7835,25465.0
16:09:06,6546.41,6545.0,-295.3105,19472.0
16:09:06,6546.41,6550.0,-537.8849,37809.0
16:09:06,6546.41,6555.0,-316.9184,20854.0
16:09:06,6546.41,6560.0,-153.5303,30773.0
16:09:06,6546.41,6565.0,-144.7808,31939.0
16:09:06,6546.41,6570.0,-92.5525,29692.0
16:09:06,6546.41,6575.0,-218.3657,21852.0
16:09:06,6546.41,6580.0,-284.58,24541.0
16:09:06,6546.41,6585.0,-193.4025,16447.0
16:09:06,6546.41,6590.0,-58.7075,20278.0
16:09:06,6546.41,6595.0,-5.8081,18783.0
16:09:06,6546.41,6600.0,-27.7189,42972.0
16:09:06,6546.41,6605.0,-65.7968,19912.0
16:09:06,6546.41,6610.0,33.625,24910.0
16:09:06,6546.41,6615.0,26.2383,13355.0
16:09:06,6546.41,6620.0,95.366,29067.0
16:11:16,6550.42,6480.0,-213.1292,17239.0
16:11:16,6550.42,6485.0,-239.1894,16527.0
16:11:16,6550.42,6490.0,-291.2683,21871.0
16:11:16,6550.42,6495.0,-355.9521,15947.0
16:11:16,6550.42,6500.0,-647.6995,37288.0
16:11:16,6550.42,6505.0,-269.4599,16757.0
16:11:16,6550.42,6510.0,-347.0889,17392.0
16:11:16,6550.42,6515.0,-232.6256,17611.0
16:11:16,6550.42,6520.0,-446.485,21774.0
16:11:16,6550.42,6525.0,-590.3371,20894.0
16:11:16,6550.42,6530.0,-342.2571,21226.0
16:11:16,6550.42,6535.0,-164.6761,17688.0
16:11:16,6550.42,6540.0,-467.9101,25774.0
16:11:16,6550.42,6545.0,-295.6169,19829.0
16:11:16,6550.42,6550.0,-544.2707,38729.0
16:11:16,6550.42,6555.0,-325.7638,21253.0
16:11:16,6550.42,6560.0,-149.9573,31020.0
16:11:16,6550.42,6565.0,-153.339,32202.0
16:11:16,6550.42,6570.0,-80.8082,29872.0
16:11:16,6550.42,6575.0,-243.9755,21978.0
16:11:16,6550.42,6580.0,-283.8411,24856.0
16:11:16,6550.42,6585.0,-218.9041,16722.0
16:11:16,6550.42,6590.0,-58.7794,20555.0
16:11:16,6550.42,6595.0,-5.8153,18953.0
16:11:16,6550.42,6600.0,-27.7528,43408.0
16:11:16,6550.42,6605.0,-78.4496,20091.0
16:11:16,6550.42,6610.0,36.3105,25187.0
16:11:16,6550.42,6615.0,30.4338,13424.0
16:11:16,6550.42,6620.0,95.4829,29248.0
16:11:16,6550.42,6625.0,169.0927,15725.0
16:13:26,6550.67,6480.0,-199.0129,17349.0
16:13:26,6550.67,6485.0,-239.2076,16604.0
16:13:26,6550.67,6490.0,-285.4836,22012.0
16:13:26,6550.67,6495.0,-356.193,16183.0
16:13:26,6550.67,6500.0,-604.2997,37727.0
16:13:26,6550.67,6505.0,-252.211,16940.0
16:13:26,6550.67,6510.0,-327.1134,17600.0
16:13:26,6550.67,6515.0,-215.9158,17754.0
16:13:26,6550.67,6520.0,-419.4816,22024.0
16:13:26,6550.67,6525.0,-561.8702,21055.0
16:13:26,6550.67,6530.0,-329.2863,21462.0
16:13:26,6550.67,6535.0,-160.9404,17926.0
16:13:26,6550.67,6540.0,-467.9458,26116.0
16:13:26,6550.67,6545.0,-299.7224,20119.0
16:13:26,6550.67,6550.0,-554.7073,39532.0
16:13:26,6550.67,6555.0,-331.1288,21492.0
16:13:26,6550.67,6560.0,-163.458,31273.0
16:13:26,6550.67,6565.0,-153.3507,32638.0
16:13:26,6550.67,6570.0,-99.3626,30026.0
16:13:26,6550.67,6575.0,-236.9662,22203.0
16:13:26,6550.67,6580.0,-323.7349,25355.0
16:13:26,6550.67,6585.0,-207.9031,16901.0
16:13:26,6550.67,6590.0,-63.5042,20762.0
16:13:26,6550.67,6595.0,-5.7545,19082.0
16:13:26,6550.67,6600.0,-29.9637,43669.0
16:13:26,6550.67,6605.0,-70.7011,20312.0
16:13:26,6550.67,6610.0,36.6822,25365.0
16:13:26,6550.67,6615.0,28.3589,13534.0
16:13:26,6550.67,6620.0,101.5883,29340.0
16:13:26,6550.67,6625.0,136.0279,15842.0
16:15:36,6549.18,6475.0,-337.3697,17408.0
16:15:36,6549.18,6480.0,-201.9471,17403.0
16:15:36,6549.18,6485.0,-239.0988,16687.0
16:15:36,6549.18,6490.0,-294.5638,22119.0
16:15:36,6549.18,6495.0,-356.6434,16256.0
16:15:36,6549.18,6500.0,-625.85,38078.0
16:15:36,6549.18,6505.0,-260.5278,17022.0
16:15:36,6549.18,6510.0,-326.1499,17737.0
16:15:36,6549.18,6515.0,-214.5501,17931.0
16:15:36,6549.18,6520.0,-433.3363,22186.0
16:15:36,6549.18,6525.0,-579.5348,21198.0
16:15:36,6549.18,6530.0,-342.0972,21605.0
16:15:36,6549.18,6535.0,-166.5618,18090.0
16:15:36,6549.18,6540.0,-466.4051,26384.0
16:15:36,6549.18,6545.0,-305.4148,20267.0
16:15:36,6549.18,6550.0,-561.9109,40124.0
16:15:36,6549.18,6555.0,-335.2229,21761.0
16:15:36,6549.18,6560.0,-164.1566,31433.0
16:15:36,6549.18,6565.0,-155.7434,32840.0
16:15:36,6549.18,6570.0,-100.3291,30187.0
16:15:36,6549.18,6575.0,-235.2304,22300.0
16:15:36,6549.18,6580.0,-315.934,25543.0
16:15:36,6549.18,6585.0,-210.4502,17100.0
16:15:36,6549.18,6590.0,-63.8075,21090.0
16:15:36,6549.18,6595.0,-5.7183,19270.0
16:15:36,6549.18,6600.0,-29.9501,44115.0
16:15:36,6549.18,6605.0,-66.4799,20500.0
16:15:36,6549.18,6610.0,35.2099,25472.0
16:15:36,6549.18,6615.0,26.5038,13652.0
16:15:36,6549.18,6620.0,95.059,29470.0
16:17:45,6544.82,6470.0,-57.2408,19800.0
16:17:45,6544.82,6475.0,-333.9835,17582.0
16:17:45,6544.82,6480.0,-201.6783,17653.0
16:17:45,6544.82,6485.0,-262.2126,17023.0
16:17:45,6544.82,6490.0,-323.1316,22455.0
16:17:45,6544.82,6495.0,-409.0742,16622.0
16:17:45,6544.82,6500.0,-690.0628,38747.0
16:17:45,6544.82,6505.0,-284.7916,17218.0
16:17:45,6544.82,6510.0,-366.1601,17999.0
16:17:45,6544.82,6515.0,-244.1516,18146.0
16:17:45,6544.82,6520.0,-468.1746,22512.0
16:17:45,6544.82,6525.0,-617.703,21437.0
16:17:45,6544.82,6530.0,-360.1875,21917.0
16:17:45,6544.82,6535.0,-172.7874,18365.0
16:17:45,6544.82,6540.0,-498.0253,26988.0
16:17:45,6544.82,6545.0,-310.1905,20959.0
16:17:45,6544.82,6550.0,-561.4155,40972.0
16:17:45,6544.82,6555.0,-329.3985,22168.0
16:17:45,6544.82,6560.0,-157.9001,31968.0
16:17:45,6544.82,6565.0,-145.9859,33169.0
16:17:45,6544.82,6570.0,-91.9826,30552.0
16:17:45,6544.82,6575.0,-217.7287,22605.0
16:17:45,6544.82,6580.0,-283.521,25955.0
16:17:45,6544.82,6585.0,-176.4863,17628.0
16:17:45,6544.82,6590.0,-54.2998,21440.0
16:17:45,6544.82,6595.0,-4.6798,19509.0
16:17:45,6544.82,6600.0,-25.4612,44686.0
16:17:45,6544.82,6605.0,-60.008,20936.0
16:17:45,6544.82,6610.0,35.163,25958.0
16:17:45,6544.82,6615.0,26.4685,13872.0
16:19:55,6543.34,6470.0,-404.6842,19940.0
16:19:55,6543.34,6475.0,-358.5571,17695.0
16:19:55,6543.34,6480.0,-232.8187,17879.0
16:19:55,6543.34,6485.0,-277.844,17297.0
16:19:55,6543.34,6490.0,-335.8023,22698.0
16:19:55,6543.34,6495.0,-408.2283,16931.0
16:19:55,6543.34,6500.0,-711.6276,39151.0
16:19:55,6543.34,6505.0,-284.6628,17383.0
16:19:55,6543.34,6510.0,-365.9945,18320.0
16:19:55,6543.34,6515.0,-244.0412,18490.0
16:19:55,6543.34,6520.0,-467.9629,22928.0
16:19:55,6543.34,6525.0,-617.4237,21747.0
16:19:55,6543.34,6530.0,-360.0246,22375.0
16:19:55,6543.34,6535.0,-174.8109,18833.0
16:19:55,6543.34,6540.0,-497.9442,27831.0
16:19:55,6543.34,6545.0,-308.6657,21513.0
16:19:55,6543.34,6550.0,-554.4719,41795.0
16:19:55,6543.34,6555.0,-330.8248,22450.0
16:19:55,6543.34,6560.0,-157.8287,32250.0
16:19:55,6543.34,6565.0,-145.9198,33412.0
16:19:55,6543.34,6570.0,-91.941,30927.0
16:19:55,6543.34,6575.0,-217.6302,22831.0
16:19:55,6543.34,6580.0,-283.3927,26308.0
16:19:55,6543.34,6585.0,-176.4065,17830.0
16:19:55,6543.34,6590.0,-51.5701,21816.0
16:19:55,6543.34,6595.0,-4.7071,19712.0
16:19:55,6543.34,6600.0,-24.2343,45125.0
16:19:55,6543.34,6605.0,-59.9809,21088.0
16:19:55,6543.34,6610.0,29.3445,26269.0
16:19:55,6543.34,6615.0,22.6729,14032.0
16:22:05,6546.14,6475.0,-358.8641,17762.0
16:22:05,6546.14,6480.0,-213.4016,17968.0
16:22:05,6546.14,6485.0,-254.8891,17327.0
16:22:05,6546.14,6490.0,-311.9259,22879.0
16:22:05,6546.14,6495.0,-369.3557,17066.0
16:22:05,6546.14,6500.0,-640.046,39571.0
16:22:05,6546.14,6505.0,-269.2685,17538.0
16:22:05,6546.14,6510.0,-362.0735,18455.0
16:22:05,6546.14,6515.0,-238.3916,18655.0
16:22:05,6546.14,6520.0,-460.6869,23146.0
16:22:05,6546.14,6525.0,-616.33,22051.0
16:22:05,6546.14,6530.0,-361.1332,22696.0
16:22:05,6546.14,6535.0,-174.0102,18963.0
16:22:05,6546.14,6540.0,-498.3704,28280.0
16:22:05,6546.14,6545.0,-308.3268,21954.0
16:22:05,6546.14,6550.0,-554.9465,42511.0
16:22:05,6546.14,6555.0,-323.1344,22704.0
16:22:05,6546.14,6560.0,-161.4302,32596.0
16:22:05,6546.14,6565.0,-150.9364,33536.0
16:22:05,6546.14,6570.0,-96.0126,31177.0
16:22:05,6546.14,6575.0,-224.103,22996.0
16:22:05,6546.14,6580.0,-299.0869,26926.0
16:22:05,6546.14,6585.0,-189.7427,18110.0
16:22:05,6546.14,6590.0,-58.4361,22032.0
16:22:05,6546.14,6595.0,-5.2254,20138.0
16:22:05,6546.14,6600.0,-26.0691,45602.0
16:22:05,6546.14,6605.0,-61.6543,21252.0
16:22:05,6546.14,6610.0,31.6566,26400.0
16:22:05,6546.14,6615.0,24.7569,14127.0
16:22:05,6546.14,6620.0,94.9707,29865.0
16:24:14,6546.09,6475.0,-340.0775,17827.0
16:24:14,6546.09,6480.0,-213.3984,18052.0
16:24:14,6546.09,6485.0,-267.0368,17382.0
16:24:14,6546.09,6490.0,-325.7194,23003.0
16:24:14,6546.09,6495.0,-369.3501,17161.0
16:24:14,6546.09,6500.0,-640.0363,39857.0
16:24:14,6546.09,6505.0,-269.2644,17677.0
16:24:14,6546.09,6510.0,-362.0679,18603.0
16:24:14,6546.09,6515.0,-243.532,18793.0
16:24:14,6546.09,6520.0,-464.5209,23311.0
16:24:14,6546.09,6525.0,-622.9852,22202.0
16:24:14,6546.09,6530.0,-364.937,22861.0
16:24:14,6546.09,6535.0,-177.3422,19086.0
16:24:14,6546.09,6540.0,-510.4652,28532.0
16:24:14,6546.09,6545.0,-320.8273,22394.0
16:24:14,6546.09,6550.0,-582.3216,43085.0
16:24:14,6546.09,6555.0,-341.3187,22866.0
16:24:14,6546.09,6560.0,-165.1655,32812.0
16:24:14,6546.09,6565.0,-153.7023,33737.0
16:24:14,6546.09,6570.0,-97.6679,31375.0
16:24:14,6546.09,6575.0,-227.0534,23184.0
16:24:14,6546.09,6580.0,-300.5117,27369.0
16:24:14,6546.09,6585.0,-189.7398,18218.0
16:24:14,6546.09,6590.0,-58.4352,22250.0
16:24:14,6546.09,6595.0,-5.2254,20235.0
16:24:14,6546.09,6600.0,-26.0687,45914.0
16:24:14,6546.09,6605.0,-56.8181,21319.0
16:24:14,6546.09,6610.0,31.6561,26543.0
16:24:14,6546.09,6615.0,24.7565,14213.0
16:24:14,6546.09,6620.0,83.9792,29933.0
16:26:24,6544.56,6470.0,-404.8351,20103.0
16:26:24,6544.56,6475.0,-328.4944,17925.0
16:26:24,6544.56,6480.0,-216.8477,18095.0
16:26:24,6544.56,6485.0,-259.8505,17462.0
16:26:24,6544.56,6490.0,-328.3128,23109.0
16:26:24,6544.56,6495.0,-384.5238,17243.0
16:26:24,6544.56,6500.0,-665.388,40266.0
16:26:24,6544.56,6505.0,-280.8851,17812.0
16:26:24,6544.56,6510.0,-368.8049,18754.0
16:26:24,6544.56,6515.0,-248.2337,18913.0
16:26:24,6544.56,6520.0,-481.3818,23479.0
16:26:24,6544.56,6525.0,-644.451,22314.0
16:26:24,6544.56,6530.0,-374.3407,22989.0
16:26:24,6544.56,6535.0,-177.2593,19214.0
16:26:24,6544.56,6540.0,-517.3356,28724.0
16:26:24,6544.56,6545.0,-322.4256,22682.0
16:26:24,6544.56,6550.0,-582.7148,43376.0
16:26:24,6544.56,6555.0,-338.7143,22979.0
16:26:24,6544.56,6560.0,-162.5793,32978.0
16:26:24,6544.56,6565.0,-150.7917,33813.0
16:26:24,6544.56,6570.0,-94.5108,31683.0
16:26:24,6544.56,6575.0,-224.0964,23305.0
16:26:24,6544.56,6580.0,-294.8446,27478.0
16:26:24,6544.56,6585.0,-178.092,18324.0
16:26:24,6544.56,6590.0,-55.2596,22394.0
16:26:24,6544.56,6595.0,-4.7285,20403.0
16:26:24,6544.56,6600.0,-23.6367,46150.0
16:26:24,6544.56,6605.0,-56.7916,21478.0
16:26:24,6544.56,6610.0,29.1599,26680.0
16:26:24,6544.56,6615.0,22.9382,14290.0
16:28:34,6545.04,6475.0,-336.3839,18055.0
16:28:34,6545.04,6480.0,-216.8795,18227.0
16:28:34,6545.04,6485.0,-259.8886,17552.0
16:28:34,6545.04,6490.0,-328.3609,23249.0
16:28:34,6545.04,6495.0,-384.5802,17338.0
16:28:34,6545.04,6500.0,-665.4856,40560.0
16:28:34,6545.04,6505.0,-288.6348,17958.0
16:28:34,6545.04,6510.0,-376.927,18887.0
16:28:34,6545.04,6515.0,-247.9252,19035.0
16:28:34,6545.04,6520.0,-479.9576,23696.0
16:28:34,6545.04,6525.0,-638.4029,22490.0
16:28:34,6545.04,6530.0,-375.5592,23182.0
16:28:34,6545.04,6535.0,-181.3591,19592.0
16:28:34,6545.04,6540.0,-517.4115,29066.0
16:28:34,6545.04,6545.0,-322.3045,23108.0
16:28:34,6545.04,6550.0,-582.8003,43817.0
16:28:34,6545.04,6555.0,-339.2475,23106.0
16:28:34,6545.04,6560.0,-163.2266,33202.0
16:28:34,6545.04,6565.0,-151.4444,33970.0
16:28:34,6545.04,6570.0,-95.0929,31785.0
16:28:34,6545.04,6575.0,-219.7386,23483.0
16:28:34,6545.04,6580.0,-289.5109,27753.0
16:28:34,6545.04,6585.0,-179.2607,18601.0
16:28:34,6545.04,6590.0,-62.8311,22654.0
16:28:34,6545.04,6595.0,-4.7292,20513.0
16:28:34,6545.04,6600.0,-23.6401,46507.0
16:28:34,6545.04,6605.0,-57.6008,21622.0
16:28:34,6545.04,6610.0,29.1642,26797.0
16:28:34,6545.04,6615.0,23.1937,14323.0
16:28:34,6545.04,6620.0,78.9772,30152.0
16:30:43,6540.68,6470.0,-415.5874,20708.0
16:30:43,6540.68,6475.0,-344.0494,18331.0
16:30:43,6540.68,6480.0,-216.1879,18467.0
16:30:43,6540.68,6485.0,-292.0509,17732.0
16:30:43,6540.68,6490.0,-349.2078,23584.0
16:30:43,6540.68,6495.0,-384.068,17716.0
16:30:43,6540.68,6500.0,-664.5993,41187.0
16:30:43,6540.68,6505.0,-288.2504,18300.0
16:30:43,6540.68,6510.0,-376.425,19234.0
16:30:43,6540.68,6515.0,-247.595,19254.0
16:30:43,6540.68,6520.0,-479.3184,24024.0
16:30:43,6540.68,6525.0,-637.5527,22854.0
16:30:43,6540.68,6530.0,-375.059,23522.0
16:30:43,6540.68,6535.0,-185.854,20000.0
16:30:43,6540.68,6540.0,-526.7095,29815.0
16:30:43,6540.68,6545.0,-324.3691,24203.0
16:30:43,6540.68,6550.0,-581.4732,44755.0
16:30:43,6540.68,6555.0,-338.7956,23565.0
16:30:43,6540.68,6560.0,-163.0092,33647.0
16:30:43,6540.68,6565.0,-151.2427,34475.0
16:30:43,6540.68,6570.0,-94.9663,32170.0
16:30:43,6540.68,6575.0,-219.4459,23802.0
16:30:43,6540.68,6580.0,-289.1253,28194.0
16:30:43,6540.68,6585.0,-179.0219,19070.0
16:30:43,6540.68,6590.0,-62.7474,22929.0
16:30:43,6540.68,6595.0,-4.0917,20915.0
16:30:43,6540.68,6600.0,-22.1694,47369.0
16:30:43,6540.68,6605.0,-57.5241,22056.0
16:30:43,6540.68,6610.0,29.1253,26958.0
16:30:43,6540.68,6615.0,23.1628,14504.0
16:32:53,6536.39,6465.0,-58.3654,13987.0
16:32:53,6536.39,6470.0,-526.883,21130.0
16:32:53,6536.39,6475.0,-427.247,18810.0
16:32:53,6536.39,6480.0,-278.2984,19162.0
16:32:53,6536.39,6485.0,-332.3499,18240.0
16:32:53,6536.39,6490.0,-408.8488,24327.0
16:32:53,6536.39,6495.0,-493.172,18076.0
16:32:53,6536.39,6500.0,-723.1898,42097.0
16:32:53,6536.39,6505.0,-319.4873,18806.0
16:32:53,6536.39,6510.0,-400.2071,19714.0
16:32:53,6536.39,6515.0,-260.7705,19618.0
16:32:53,6536.39,6520.0,-500.9036,24570.0
16:32:53,6536.39,6525.0,-717.332,23358.0
16:32:53,6536.39,6530.0,-404.6237,24214.0
16:32:53,6536.39,6535.0,-189.6258,20902.0
16:32:53,6536.39,6540.0,-527.7972,30877.0
16:32:53,6536.39,6545.0,-324.7002,24811.0
16:32:53,6536.39,6550.0,-580.7106,45402.0
16:32:53,6536.39,6555.0,-333.3413,23963.0
16:32:53,6536.39,6560.0,-157.6717,34068.0
16:32:53,6536.39,6565.0,-145.3064,34827.0
16:32:53,6536.39,6570.0,-90.4221,32591.0
16:32:53,6536.39,6575.0,-169.2749,24383.0
16:32:53,6536.39,6580.0,-227.7931,28757.0
16:32:53,6536.39,6585.0,-135.2271,19590.0
16:32:53,6536.39,6590.0,-37.8173,23527.0
16:32:53,6536.39,6595.0,-3.4251,21130.0
16:32:53,6536.39,6600.0,-17.2656,48035.0
16:32:53,6536.39,6605.0,-44.9368,22303.0
16:32:53,6536.39,6610.0,19.7521,27480.0
16:35:03,6537.48,6465.0,-356.3576,14071.0
16:35:03,6537.48,6470.0,-470.7996,21222.0
16:35:03,6537.48,6475.0,-428.4929,18912.0
16:35:03,6537.48,6480.0,-256.6729,19442.0
16:35:03,6537.48,6485.0,-309.2533,18417.0
16:35:03,6537.48,6490.0,-408.9851,24573.0
16:35:03,6537.48,6495.0,-493.3365,18220.0
16:35:03,6537.48,6500.0,-839.5547,42560.0
16:35:03,6537.48,6505.0,-331.5704,18966.0
16:35:03,6537.48,6510.0,-428.9219,19961.0
16:35:03,6537.48,6515.0,-279.3282,19849.0
16:35:03,6537.48,6520.0,-530.943,24878.0
16:35:03,6537.48,6525.0,-700.1004,23646.0
16:35:03,6537.48,6530.0,-400.4991,24701.0
16:35:03,6537.48,6535.0,-189.0098,21517.0
16:35:03,6537.48,6540.0,-527.8968,31587.0
16:35:03,6537.48,6545.0,-322.0061,25156.0
16:35:03,6537.48,6550.0,-567.7919,46153.0
16:35:03,6537.48,6555.0,-323.1874,24214.0
16:35:03,6537.48,6560.0,-150.7774,34336.0
16:35:03,6537.48,6565.0,-136.8947,35128.0
16:35:03,6537.48,6570.0,-70.9681,32960.0
16:35:03,6537.48,6575.0,-179.535,24599.0
16:35:03,6537.48,6580.0,-227.8691,29562.0
16:35:03,6537.48,6585.0,-151.3863,19829.0
16:35:03,6537.48,6590.0,-42.0201,23776.0
16:35:03,6537.48,6595.0,-3.7792,21288.0
16:35:03,6537.48,6600.0,-19.3467,48251.0
16:35:03,6537.48,6605.0,-45.9141,22355.0
16:35:03,6537.48,6610.0,23.1749,27754.0
16:37:13,6539.84,6465.0,-322.3614,14126.0
16:37:13,6539.84,6470.0,-435.7591,21461.0
16:37:13,6539.84,6475.0,-340.3753,19056.0
16:37:13,6539.84,6480.0,-224.2304,19553.0
16:37:13,6539.84,6485.0,-271.2851,18560.0
16:37:13,6539.84,6490.0,-409.2805,24866.0
16:37:13,6539.84,6495.0,-493.6928,18355.0
16:37:13,6539.84,6500.0,-840.161,42902.0
16:37:13,6539.84,6505.0,-331.8098,19157.0
16:37:13,6539.84,6510.0,-429.2316,20148.0
16:37:13,6539.84,6515.0,-279.5299,20097.0
16:37:13,6539.84,6520.0,-531.3264,25093.0
16:37:13,6539.84,6525.0,-700.606,23963.0
16:37:13,6539.84,6530.0,-399.6627,25111.0
16:37:13,6539.84,6535.0,-189.5535,22090.0
16:37:13,6539.84,6540.0,-535.5831,32395.0
16:37:13,6539.84,6545.0,-328.3826,25712.0
16:37:13,6539.84,6550.0,-564.328,46718.0
16:37:13,6539.84,6555.0,-323.4207,24532.0
16:37:13,6539.84,6560.0,-150.8863,34670.0
16:37:13,6539.84,6565.0,-136.9936,35308.0
16:37:13,6539.84,6570.0,-71.0194,33481.0
16:37:13,6539.84,6575.0,-179.6646,24833.0
16:37:13,6539.84,6580.0,-228.0337,29810.0
16:37:13,6539.84,6585.0,-151.4957,20102.0
16:37:13,6539.84,6590.0,-78.2983,23922.0
16:37:13,6539.84,6595.0,-4.3247,21446.0
16:37:13,6539.84,6600.0,29.6302,48473.0
16:37:13,6539.84,6605.0,-50.4956,22447.0
16:37:13,6539.84,6610.0,24.1153,27945.0
16:39:22,6542.14,6470.0,-400.9454,21571.0
16:39:22,6542.14,6475.0,-328.4922,19116.0
16:39:22,6542.14,6480.0,-216.1303,19685.0
16:39:22,6542.14,6485.0,-271.4948,18778.0
16:39:22,6542.14,6490.0,-334.7877,25220.0
16:39:22,6542.14,6495.0,-398.8196,18454.0
16:39:22,6542.14,6500.0,-703.3973,43255.0
16:39:22,6542.14,6505.0,-299.3319,19311.0
16:39:22,6542.14,6510.0,-392.0563,20400.0
16:39:22,6542.14,6515.0,-259.1189,20270.0
16:39:22,6542.14,6520.0,-503.4577,25221.0
16:39:22,6542.14,6525.0,-678.0494,24140.0
16:39:22,6542.14,6530.0,-397.9956,25372.0
16:39:22,6542.14,6535.0,-190.8674,22464.0
16:39:22,6542.14,6540.0,-542.8734,32925.0
16:39:22,6542.14,6545.0,-336.4887,26102.0
16:39:22,6542.14,6550.0,-599.4758,47196.0
16:39:22,6542.14,6555.0,-345.3037,24946.0
16:39:22,6542.14,6560.0,-164.9091,34859.0
16:39:22,6542.14,6565.0,-151.8423,35554.0
16:39:22,6542.14,6570.0,-94.2785,33892.0
16:39:22,6542.14,6575.0,-214.9446,25023.0
16:39:22,6542.14,6580.0,-279.85,30116.0
16:39:22,6542.14,6585.0,-172.1317,20254.0
16:39:22,6542.14,6590.0,-48.5747,24223.0
16:39:22,6542.14,6595.0,-4.1049,21922.0
16:39:22,6542.14,6600.0,-21.8826,49014.0
16:39:22,6542.14,6605.0,-51.1895,22554.0
16:39:22,6542.14,6610.0,26.0657,27994.0
16:39:22,6542.14,6615.0,20.2481,15069.0
16:41:32,6541.56,6470.0,-400.8744,21639.0
16:41:32,6541.56,6475.0,-328.434,19190.0
16:41:32,6541.56,6480.0,-216.092,19870.0
16:41:32,6541.56,6485.0,-261.341,18901.0
16:41:32,6541.56,6490.0,-322.4261,25359.0
16:41:32,6541.56,6495.0,-414.8218,18637.0
16:41:32,6541.56,6500.0,-703.2726,43662.0
16:41:32,6541.56,6505.0,-299.2789,19397.0
16:41:32,6541.56,6510.0,-391.9868,20545.0
16:41:32,6541.56,6515.0,-259.0729,20366.0
16:41:32,6541.56,6520.0,-503.3684,25368.0
16:41:32,6541.56,6525.0,-677.9291,24371.0
16:41:32,6541.56,6530.0,-397.1727,25563.0
16:41:32,6541.56,6535.0,-194.7763,22737.0
16:41:32,6541.56,6540.0,-555.2975,33420.0
16:41:32,6541.56,6545.0,-344.5304,26435.0
16:41:32,6541.56,6550.0,-616.4496,47664.0
16:41:32,6541.56,6555.0,-345.2425,25161.0
16:41:32,6541.56,6560.0,-164.8798,35062.0
16:41:32,6541.56,6565.0,-151.8153,35767.0
16:41:32,6541.56,6570.0,-94.2618,34401.0
16:41:32,6541.56,6575.0,-214.9065,25155.0
16:41:32,6541.56,6580.0,-279.8003,30467.0
16:41:32,6541.56,6585.0,-172.1011,20468.0
16:41:32,6541.56,6590.0,-50.6356,24477.0
16:41:32,6541.56,6595.0,-4.3254,22140.0
16:41:32,6541.56,6600.0,-22.1294,49295.0
16:41:32,6541.56,6605.0,-51.1805,22649.0
16:41:32,6541.56,6610.0,26.0611,28171.0
16:41:32,6541.56,6615.0,20.2446,15094.0
16:43:42,6538.7,6465.0,-322.2435,14363.0
16:43:42,6538.7,6470.0,-447.0889,21680.0
16:43:42,6538.7,6475.0,-376.2891,19401.0
16:43:42,6538.7,6480.0,-240.3764,20063.0
16:43:42,6538.7,6485.0,-304.1223,18977.0
16:43:42,6538.7,6490.0,-322.1442,25676.0
16:43:42,6538.7,6495.0,-414.4592,18841.0
16:43:42,6538.7,6500.0,-702.6578,44250.0
16:43:42,6538.7,6505.0,-299.0172,19591.0
16:43:42,6538.7,6510.0,-391.6442,20741.0
16:43:42,6538.7,6515.0,-258.8464,20536.0
16:43:42,6538.7,6520.0,-502.9283,25607.0
16:43:42,6538.7,6525.0,-677.3365,24665.0
16:43:42,6538.7,6530.0,-413.785,26219.0
16:43:42,6538.7,6535.0,-198.1194,23104.0
16:43:42,6538.7,6540.0,-557.8127,34103.0
16:43:42,6538.7,6545.0,-341.6323,26789.0
16:43:42,6538.7,6550.0,-619.658,48216.0
16:43:42,6538.7,6555.0,-344.9407,25363.0
16:43:42,6538.7,6560.0,-164.7357,35363.0
16:43:42,6538.7,6565.0,-151.6826,35988.0
16:43:42,6538.7,6570.0,-94.1794,34624.0
16:43:42,6538.7,6575.0,-214.7186,25336.0
16:43:42,6538.7,6580.0,-279.5557,30783.0
16:43:42,6538.7,6585.0,-171.9507,20740.0
16:43:42,6538.7,6590.0,-50.5914,24640.0
16:43:42,6538.7,6595.0,-3.5704,22311.0
16:43:42,6538.7,6600.0,-18.2092,49525.0
16:43:42,6538.7,6605.0,-43.1326,22720.0
16:43:42,6538.7,6610.0,22.4739,28253.0
16:45:51,6538.54,6465.0,-327.6839,14417.0
16:45:51,6538.54,6470.0,-460.8358,21770.0
16:45:51,6538.54,6475.0,-381.0157,19524.0
16:45:51,6538.54,6480.0,-249.7574,20278.0
16:45:51,6538.54,6485.0,-304.1074,19134.0
16:45:51,6538.54,6490.0,-373.6729,26083.0
16:45:51,6538.54,6495.0,-451.643,19037.0
16:45:51,6538.54,6500.0,-785.4521,44698.0
16:45:51,6538.54,6505.0,-332.8764,19705.0
16:45:51,6538.54,6510.0,-432.3399,20958.0
16:45:51,6538.54,6515.0,-282.8891,20700.0
16:45:51,6538.54,6520.0,-545.3772,25838.0
16:45:51,6538.54,6525.0,-726.0265,24962.0
16:45:51,6538.54,6530.0,-415.1172,26758.0
16:45:51,6538.54,6535.0,-198.3626,23551.0
16:45:51,6538.54,6540.0,-556.2865,34612.0
16:45:51,6538.54,6545.0,-339.357,27306.0
16:45:51,6538.54,6550.0,-595.3534,48825.0
16:45:51,6538.54,6555.0,-339.7463,25573.0
16:45:51,6538.54,6560.0,-155.3277,35815.0
16:45:51,6538.54,6565.0,-140.7452,36087.0
16:45:51,6538.54,6570.0,-84.6144,35405.0
16:45:51,6538.54,6575.0,-193.1558,25574.0
16:45:51,6538.54,6580.0,-238.7462,31731.0
16:45:51,6538.54,6585.0,-145.604,21213.0
16:45:51,6538.54,6590.0,-44.8206,24839.0
16:45:51,6538.54,6595.0,-3.5703,22504.0
16:45:51,6538.54,6600.0,-18.2189,49701.0
16:45:51,6538.54,6605.0,-42.986,22793.0
16:45:51,6538.54,6610.0,22.7669,28392.0
16:48:01,6539.52,6465.0,-327.7821,14557.0
16:48:01,6539.52,6470.0,-460.974,21981.0
16:48:01,6539.52,6475.0,-381.1299,20146.0
16:48:01,6539.52,6480.0,-245.7017,21301.0
16:48:01,6539.52,6485.0,-271.85,19769.0
16:48:01,6539.52,6490.0,-337.2037,26783.0
16:48:01,6539.52,6495.0,-437.9291,19661.0
16:48:01,6539.52,6500.0,-785.6876,45939.0
16:48:01,6539.52,6505.0,-332.9762,20237.0
16:48:01,6539.52,6510.0,-432.4695,21545.0
16:48:01,6539.52,6515.0,-282.9739,21173.0
16:48:01,6539.52,6520.0,-545.5407,26379.0
16:48:01,6539.52,6525.0,-726.2441,25553.0
16:48:01,6539.52,6530.0,-408.3601,27683.0
16:48:01,6539.52,6535.0,-195.3785,24502.0
16:48:01,6539.52,6540.0,-551.9782,36081.0
16:48:01,6539.52,6545.0,-336.919,28452.0
16:48:01,6539.52,6550.0,-593.8369,50065.0
16:48:01,6539.52,6555.0,-339.8482,26155.0
16:48:01,6539.52,6560.0,-155.3742,36636.0
16:48:01,6539.52,6565.0,-140.7874,36709.0
16:48:01,6539.52,6570.0,-84.6398,36366.0
16:48:01,6539.52,6575.0,-193.2137,26221.0
16:48:01,6539.52,6580.0,-243.4447,32560.0
16:48:01,6539.52,6585.0,-156.9177,21944.0
16:48:01,6539.52,6590.0,-44.9909,25718.0
16:48:01,6539.52,6595.0,-4.1536,23137.0
16:48:01,6539.52,6600.0,-21.411,50918.0
16:48:01,6539.52,6605.0,-42.9989,23215.0
16:48:01,6539.52,6610.0,22.7737,28779.0
16:50:11,6542.17,6470.0,-461.3477,22254.0
16:50:11,6542.17,6475.0,-381.4389,20308.0
16:50:11,6542.17,6480.0,-218.9609,21406.0
16:50:11,6542.17,6485.0,-262.4698,19948.0
16:50:11,6542.17,6490.0,-323.7474,27139.0
16:50:11,6542.17,6495.0,-401.6239,19793.0
16:50:11,6542.17,6500.0,-713.1245,46404.0
16:50:11,6542.17,6505.0,-303.7222,20467.0
16:50:11,6542.17,6510.0,-432.8201,21663.0
16:50:11,6542.17,6515.0,-283.2033,21291.0
16:50:11,6542.17,6520.0,-545.9829,26628.0
16:50:11,6542.17,6525.0,-726.8328,25723.0
16:50:11,6542.17,6530.0,-408.6911,27992.0
16:50:11,6542.17,6535.0,-195.5369,24974.0
16:50:11,6542.17,6540.0,-552.4257,36672.0
16:50:11,6542.17,6545.0,-337.1921,28851.0
16:50:11,6542.17,6550.0,-594.3182,50362.0
16:50:11,6542.17,6555.0,-340.1237,26377.0
16:50:11,6542.17,6560.0,-155.5002,37040.0
16:50:11,6542.17,6565.0,-140.9015,37205.0
16:50:11,6542.17,6570.0,-84.7084,36740.0
16:50:11,6542.17,6575.0,-213.6025,26393.0
16:50:11,6542.17,6580.0,-276.2491,32846.0
16:50:11,6542.17,6585.0,-169.0829,22378.0
16:50:11,6542.17,6590.0,-49.5323,25952.0
16:50:11,6542.17,6595.0,-4.3714,23314.0
16:50:11,6542.17,6600.0,-22.4937,51365.0
16:50:11,6542.17,6605.0,-43.0338,23521.0
16:50:11,6542.17,6610.0,22.7922,28904.0
16:50:11,6542.17,6615.0,20.2483,15518.0
16:52:20,6542.84,6470.0,-396.786,22436.0
16:52:20,6542.84,6475.0,-331.3197,20465.0
16:52:20,6542.84,6480.0,-212.6885,21514.0
16:52:20,6542.84,6485.0,-264.2254,20265.0
16:52:20,6542.84,6490.0,-326.3831,27350.0
16:52:20,6542.84,6495.0,-408.8498,20043.0
16:52:20,6542.84,6500.0,-682.5113,47004.0
16:52:20,6542.84,6505.0,-295.0276,20734.0
16:52:20,6542.84,6510.0,-400.9962,21899.0
16:52:20,6542.84,6515.0,-262.2328,21413.0
16:52:20,6542.84,6520.0,-516.3272,26851.0
16:52:20,6542.84,6525.0,-691.3571,25982.0
16:52:20,6542.84,6530.0,-402.7996,28243.0
16:52:20,6542.84,6535.0,-193.2824,25444.0
16:52:20,6542.84,6540.0,-556.179,37381.0
16:52:20,6542.84,6545.0,-346.0523,29442.0
16:52:20,6542.84,6550.0,-616.2204,51245.0
16:52:20,6542.84,6555.0,-357.4897,26573.0
16:52:20,6542.84,6560.0,-168.0175,37345.0
16:52:20,6542.84,6565.0,-153.8348,37719.0
16:52:20,6542.84,6570.0,-93.5227,37092.0
16:52:20,6542.84,6575.0,-215.0575,26610.0
16:52:20,6542.84,6580.0,-279.4793,33175.0
16:52:20,6542.84,6585.0,-171.4252,22510.0
16:52:20,6542.84,6590.0,-49.3494,26215.0
16:52:20,6542.84,6595.0,-4.3504,23470.0
16:52:20,6542.84,6600.0,-22.497,51513.0
16:52:20,6542.84,6605.0,-53.2044,23637.0
16:52:20,6542.84,6610.0,27.8313,28947.0
16:52:20,6542.84,6615.0,21.4579,15606.0
16:54:30,6545.43,6475.0,-331.582,20560.0
16:54:30,6545.43,6480.0,-212.8569,22166.0
16:54:30,6545.43,6485.0,-264.4346,20457.0
16:54:30,6545.43,6490.0,-303.8336,27588.0
16:54:30,6545.43,6495.0,-379.6027,20148.0
16:54:30,6545.43,6500.0,-670.2196,47543.0
16:54:30,6545.43,6505.0,-295.2613,21454.0
16:54:30,6545.43,6510.0,-401.3138,22252.0
16:54:30,6545.43,6515.0,-262.4404,21533.0
16:54:30,6545.43,6520.0,-516.736,27076.0
16:54:30,6545.43,6525.0,-691.9045,26295.0
16:54:30,6545.43,6530.0,-403.1186,28559.0
16:54:30,6545.43,6535.0,-195.3296,25897.0
16:54:30,6545.43,6540.0,-566.4711,37901.0
16:54:30,6545.43,6545.0,-355.177,30073.0
16:54:30,6545.43,6550.0,-640.2049,51804.0
16:54:30,6545.43,6555.0,-357.09,26831.0
16:54:30,6545.43,6560.0,-168.1506,37675.0
16:54:30,6545.43,6565.0,-153.9566,38066.0
16:54:30,6545.43,6570.0,-93.5968,37471.0
16:54:30,6545.43,6575.0,-215.2277,26816.0
16:54:30,6545.43,6580.0,-279.7006,33370.0
16:54:30,6545.43,6585.0,-171.5609,22711.0
16:54:30,6545.43,6590.0,-49.3885,26399.0
16:54:30,6545.43,6595.0,-4.4828,23591.0
16:54:30,6545.43,6600.0,-24.3832,51851.0
16:54:30,6545.43,6605.0,-58.346,23694.0
16:54:30,6545.43,6610.0,27.8533,29015.0
16:54:30,6545.43,6615.0,21.4749,15623.0
16:54:30,6545.43,6620.0,78.9866,31818.0
16:56:40,6539.99,6465.0,-306.1155,14743.0
16:56:40,6539.99,6470.0,-407.6295,22949.0
16:56:40,6539.99,6475.0,-326.8754,20769.0
16:56:40,6539.99,6480.0,-213.6669,22352.0
16:56:40,6539.99,6485.0,-265.5099,20624.0
16:56:40,6539.99,6490.0,-328.1559,27831.0
16:56:40,6539.99,6495.0,-421.7089,20310.0
16:56:40,6539.99,6500.0,-756.2909,47885.0
16:56:40,6539.99,6505.0,-323.0068,22037.0
16:56:40,6539.99,6510.0,-417.8145,22405.0
16:56:40,6539.99,6515.0,-275.776,21656.0
16:56:40,6539.99,6520.0,-535.5565,27338.0
16:56:40,6539.99,6525.0,-718.0047,26570.0
16:56:40,6539.99,6530.0,-402.4488,28940.0
16:56:40,6539.99,6535.0,-200.2759,26201.0
16:56:40,6539.99,6540.0,-567.3042,38525.0
16:56:40,6539.99,6545.0,-347.177,30686.0
16:56:40,6539.99,6550.0,-607.8869,52360.0
16:56:40,6539.99,6555.0,-346.708,27004.0
16:56:40,6539.99,6560.0,-163.7863,38026.0
16:56:40,6539.99,6565.0,-145.7623,38483.0
16:56:40,6539.99,6570.0,-89.1814,37806.0
16:56:40,6539.99,6575.0,-203.8396,26969.0
16:56:40,6539.99,6580.0,-257.7449,33592.0
16:56:40,6539.99,6585.0,-160.4135,22877.0
16:56:40,6539.99,6590.0,-45.7834,26524.0
16:56:40,6539.99,6595.0,-4.226,23683.0
16:56:40,6539.99,6600.0,-20.7675,52393.0
16:56:40,6539.99,6605.0,-46.0,23800.0
16:56:40,6539.99,6610.0,26.7875,29080.0
16:58:49,6540.45,6470.0,-397.6577,22984.0
16:58:49,6540.45,6475.0,-331.7616,20921.0
16:58:49,6540.45,6480.0,-224.5347,22520.0
16:58:49,6540.45,6485.0,-271.4313,20713.0
16:58:49,6540.45,6490.0,-328.2021,27956.0
16:58:49,6540.45,6495.0,-421.7682,20453.0
16:58:49,6540.45,6500.0,-718.2058,48567.0
16:58:49,6540.45,6505.0,-310.6162,22322.0
16:58:49,6540.45,6510.0,-407.3826,22613.0
16:58:49,6540.45,6515.0,-271.8569,21800.0
16:58:49,6540.45,6520.0,-532.0799,27574.0
16:58:49,6540.45,6525.0,-715.5576,26806.0
16:58:49,6540.45,6530.0,-417.8342,29344.0
16:58:49,6540.45,6535.0,-201.3667,26523.0
16:58:49,6540.45,6540.0,-568.8215,39256.0
16:58:49,6540.45,6545.0,-350.0322,31132.0
16:58:49,6540.45,6550.0,-619.6372,52786.0
16:58:49,6540.45,6555.0,-353.2319,27142.0
16:58:49,6540.45,6560.0,-165.575,38419.0
16:58:49,6540.45,6565.0,-149.9498,38841.0
16:58:49,6540.45,6570.0,-92.6915,38056.0
16:58:49,6540.45,6575.0,-203.5003,27126.0
16:58:49,6540.45,6580.0,-271.4144,33891.0
16:58:49,6540.45,6585.0,-158.4808,23019.0
16:58:49,6540.45,6590.0,-45.7899,26729.0
16:58:49,6540.45,6595.0,-4.2266,23811.0
16:58:49,6540.45,6600.0,-20.9371,52614.0
16:58:49,6540.45,6605.0,-49.1139,23907.0
16:58:49,6540.45,6610.0,25.1034,29100.0
16:58:49,6540.45,6615.0,21.4422,15743.0
17:00:59,6540.39,6470.0,-386.5117,23013.0
17:00:59,6540.39,6475.0,-335.0953,21135.0
17:00:59,6540.39,6480.0,-221.2507,22585.0
17:00:59,6540.39,6485.0,-261.4532,20812.0
17:00:59,6540.39,6490.0,-336.4957,28091.0
17:00:59,6540.39,6495.0,-420.7468,20780.0
17:00:59,6540.39,6500.0,-751.3668,48994.0
17:00:59,6540.39,6505.0,-310.6105,22436.0
17:00:59,6540.39,6510.0,-407.3752,22859.0
17:00:59,6540.39,6515.0,-271.8519,21893.0
17:00:59,6540.39,6520.0,-532.0701,27741.0
17:00:59,6540.39,6525.0,-715.5445,27002.0
17:00:59,6540.39,6530.0,-417.8266,29554.0
17:00:59,6540.39,6535.0,-204.1695,26805.0
17:00:59,6540.39,6540.0,-575.4209,39854.0
17:00:59,6540.39,6545.0,-353.3631,31640.0
17:00:59,6540.39,6550.0,-617.7845,53274.0
17:00:59,6540.39,6555.0,-353.2254,27287.0
17:00:59,6540.39,6560.0,-165.572,38771.0
17:00:59,6540.39,6565.0,-149.9471,39237.0
17:00:59,6540.39,6570.0,-92.6898,38484.0
17:00:59,6540.39,6575.0,-203.4966,27384.0
17:00:59,6540.39,6580.0,-258.8338,34206.0
17:00:59,6540.39,6585.0,-157.9236,23254.0
17:00:59,6540.39,6590.0,-45.5547,26960.0
17:00:59,6540.39,6595.0,-4.0106,23912.0
17:00:59,6540.39,6600.0,-20.8076,52855.0
17:00:59,6540.39,6605.0,-49.9047,23958.0
17:00:59,6540.39,6610.0,25.4329,29118.0
17:00:59,6540.39,6615.0,19.617,15795.0
17:03:09,6539.15,6465.0,-306.0369,14992.0
17:03:09,6539.15,6470.0,-386.3652,23040.0
17:03:09,6539.15,6475.0,-334.9683,21195.0
17:03:09,6539.15,6480.0,-221.1669,22681.0
17:03:09,6539.15,6485.0,-290.194,20930.0
17:03:09,6539.15,6490.0,-368.7559,28329.0
17:03:09,6539.15,6495.0,-420.5872,20904.0
17:03:09,6539.15,6500.0,-751.082,49191.0
17:03:09,6539.15,6505.0,-310.4927,22600.0
17:03:09,6539.15,6510.0,-407.2207,22941.0
17:03:09,6539.15,6515.0,-271.7489,22009.0
17:03:09,6539.15,6520.0,-531.8684,27890.0
17:03:09,6539.15,6525.0,-715.2732,27161.0
17:03:09,6539.15,6530.0,-417.6681,29804.0
17:03:09,6539.15,6535.0,-206.8704,27222.0
17:03:09,6539.15,6540.0,-578.7506,40220.0
17:03:09,6539.15,6545.0,-353.5782,32034.0
17:03:09,6539.15,6550.0,-617.5502,53621.0
17:03:09,6539.15,6555.0,-353.0915,27502.0
17:03:09,6539.15,6560.0,-165.5092,38971.0
17:03:09,6539.15,6565.0,-149.8902,39563.0
17:03:09,6539.15,6570.0,-92.6547,38776.0
17:03:09,6539.15,6575.0,-203.4194,27542.0
17:03:09,6539.15,6580.0,-258.7357,34656.0
17:03:09,6539.15,6585.0,-157.8637,23522.0
17:03:09,6539.15,6590.0,-44.5413,27132.0
17:03:09,6539.15,6595.0,-3.7096,24012.0
17:03:09,6539.15,6600.0,16.7992,53143.0
17:03:09,6539.15,6605.0,-49.8857,24011.0
17:03:09,6539.15,6610.0,25.4233,29172.0
17:05:18,6538.65,6465.0,-321.9886,15007.0
17:05:18,6538.65,6470.0,-440.2654,23190.0
17:05:18,6538.65,6475.0,-369.4116,21462.0
17:05:18,6538.65,6480.0,-245.4068,22725.0
17:05:18,6538.65,6485.0,-290.1496,21021.0
17:05:18,6538.65,6490.0,-367.8843,28436.0
17:05:18,6538.65,6495.0,-463.0934,21009.0
17:05:18,6538.65,6500.0,-803.5419,50001.0
17:05:18,6538.65,6505.0,-345.3618,22765.0
17:05:18,6538.65,6510.0,-451.4435,23220.0
17:05:18,6538.65,6515.0,-295.2352,22177.0
17:05:18,6538.65,6520.0,-574.5947,28090.0
17:05:18,6538.65,6525.0,-764.627,27301.0
17:05:18,6538.65,6530.0,-440.4257,30255.0
17:05:18,6538.65,6535.0,-208.6443,27510.0
17:05:18,6538.65,6540.0,-580.2247,40841.0
17:05:18,6538.65,6545.0,-351.5625,32440.0
17:05:18,6538.65,6550.0,-612.0005,54119.0
17:05:18,6538.65,6555.0,-342.2278,27613.0
17:05:18,6538.65,6560.0,-157.7772,39251.0
17:05:18,6538.65,6565.0,-140.164,39860.0
17:05:18,6538.65,6570.0,-83.7453,39435.0
17:05:18,6538.65,6575.0,-185.8244,27837.0
17:05:18,6538.65,6580.0,-236.0994,34912.0
17:05:18,6538.65,6585.0,-144.9953,23813.0
17:05:18,6538.65,6590.0,-44.5345,27270.0
17:05:18,6538.65,6595.0,-3.6494,24592.0
17:05:18,6538.65,6600.0,-18.921,53424.0
17:05:18,6538.65,6605.0,-45.0969,24083.0
17:05:18,6538.65,6610.0,23.0388,29304.0
17:07:28,6539.47,6465.0,-305.2735,15333.0
17:07:28,6539.47,6470.0,-412.586,23530.0
17:07:28,6539.47,6475.0,-346.5007,21509.0
17:07:28,6539.47,6480.0,-245.4683,22787.0
17:07:28,6539.47,6485.0,-298.8629,21191.0
17:07:28,6539.47,6490.0,-354.7836,28541.0
17:07:28,6539.47,6495.0,-442.7233,21187.0
17:07:28,6539.47,6500.0,-799.736,50480.0
17:07:28,6539.47,6505.0,-340.8916,22868.0
17:07:28,6539.47,6510.0,-438.5924,23415.0
17:07:28,6539.47,6515.0,-288.1218,22350.0
17:07:28,6539.47,6520.0,-559.7907,28398.0
17:07:28,6539.47,6525.0,-755.8543,27554.0
17:07:28,6539.47,6530.0,-435.7364,30676.0
17:07:28,6539.47,6535.0,-208.2075,28331.0
17:07:28,6539.47,6540.0,-582.6544,41431.0
17:07:28,6539.47,6545.0,-356.9453,32864.0
17:07:28,6539.47,6550.0,-622.2713,54544.0
17:07:28,6539.47,6555.0,-352.0391,27809.0
17:07:28,6539.47,6560.0,-162.1903,39591.0
17:07:28,6539.47,6565.0,-145.2438,40227.0
17:07:28,6539.47,6570.0,-85.0481,39730.0
17:07:28,6539.47,6575.0,-196.2884,28480.0
17:07:28,6539.47,6580.0,-247.7084,35539.0
17:07:28,6539.47,6585.0,-152.229,23981.0
17:07:28,6539.47,6590.0,-40.8283,27503.0
17:07:28,6539.47,6595.0,-3.6503,24793.0
17:07:28,6539.47,6600.0,-18.9258,53909.0
17:07:28,6539.47,6605.0,-49.0542,24129.0
17:07:28,6539.47,6610.0,24.842,29396.0
17:09:38,6540.87,6470.0,-380.2602,23647.0
17:09:38,6540.87,6475.0,-346.649,21542.0
17:09:38,6540.87,6480.0,-245.5734,22966.0
17:09:38,6540.87,6485.0,-298.9909,21324.0
17:09:38,6540.87,6490.0,-354.9355,28687.0
17:09:38,6540.87,6495.0,-442.9129,21357.0
17:09:38,6540.87,6500.0,-800.0784,51055.0
17:09:38,6540.87,6505.0,-341.0376,23111.0
17:09:38,6540.87,6510.0,-438.7803,23702.0
17:09:38,6540.87,6515.0,-288.2452,22636.0
17:09:38,6540.87,6520.0,-560.0304,28654.0
17:09:38,6540.87,6525.0,-756.1779,27781.0
17:09:38,6540.87,6530.0,-430.1911,31058.0
17:09:38,6540.87,6535.0,-207.3766,28770.0
17:09:38,6540.87,6540.0,-582.9039,42059.0
17:09:38,6540.87,6545.0,-361.3091,33320.0
17:09:38,6540.87,6550.0,-622.5378,55046.0
17:09:38,6540.87,6555.0,-352.1898,28017.0
17:09:38,6540.87,6560.0,-162.2598,40028.0
17:09:38,6540.87,6565.0,-145.306,40424.0
17:09:38,6540.87,6570.0,-85.0845,40011.0
17:09:38,6540.87,6575.0,-196.3724,28797.0
17:09:38,6540.87,6580.0,-247.8145,35777.0
17:09:38,6540.87,6585.0,-152.2942,24130.0
17:09:38,6540.87,6590.0,-40.8458,27790.0
17:09:38,6540.87,6595.0,-3.6519,24898.0
17:09:38,6540.87,6600.0,-18.9339,54355.0
17:09:38,6540.87,6605.0,-49.0752,24153.0
17:09:38,6540.87,6610.0,24.0041,29495.0
17:09:38,6540.87,6615.0,21.207,16071.0
17:11:47,6537.03,6465.0,-305.0457,15491.0
17:11:47,6537.03,6470.0,-424.7094,23716.0
17:11:47,6537.03,6475.0,-364.6633,21597.0
17:11:47,6537.03,6480.0,-242.2929,23023.0
17:11:47,6537.03,6485.0,-259.3623,21575.0
17:11:47,6537.03,6490.0,-317.0908,28978.0
17:11:47,6537.03,6495.0,-459.0994,21428.0
17:11:47,6537.03,6500.0,-830.1634,51919.0
17:11:47,6537.03,6505.0,-350.9812,23217.0
17:11:47,6537.03,6510.0,-463.102,23875.0
17:11:47,6537.03,6515.0,-304.7271,22792.0
17:11:47,6537.03,6520.0,-589.3757,28812.0
17:11:47,6537.03,6525.0,-788.8928,27969.0
17:11:47,6537.03,6530.0,-455.4911,31292.0
17:11:47,6537.03,6535.0,-213.8926,29038.0
17:11:47,6537.03,6540.0,-596.8358,42603.0
17:11:47,6537.03,6545.0,-359.3618,33550.0
17:11:47,6537.03,6550.0,-620.0867,55410.0
17:11:47,6537.03,6555.0,-344.2468,28138.0
17:11:47,6537.03,6560.0,-156.9981,40197.0
17:11:47,6537.03,6565.0,-138.1473,40676.0
17:11:47,6537.03,6570.0,-82.0077,40147.0
17:11:47,6537.03,6575.0,-180.5175,28928.0
17:11:47,6537.03,6580.0,-238.1749,35948.0
17:11:47,6537.03,6585.0,-160.7556,24259.0
17:11:47,6537.03,6590.0,-22.5557,27908.0
17:11:47,6537.03,6595.0,-3.6692,25051.0
17:11:47,6537.03,6600.0,-18.9377,54596.0
17:11:47,6537.03,6605.0,-45.9784,24201.0
17:11:47,6537.03,6610.0,23.0995,29605.0
17:13:57,6536.24,6465.0,-338.9302,15617.0
17:13:57,6536.24,6470.0,-444.5759,23821.0
17:13:57,6536.24,6475.0,-364.5751,21806.0
17:13:57,6536.24,6480.0,-242.2343,23153.0
17:13:57,6536.24,6485.0,-308.5392,21813.0
17:13:57,6536.24,6490.0,-359.7069,29420.0
17:13:57,6536.24,6495.0,-479.6092,21942.0
17:13:57,6536.24,6500.0,-813.5359,52783.0
17:13:57,6536.24,6505.0,-347.3633,23462.0
17:13:57,6536.24,6510.0,-469.3471,24272.0
17:13:57,6536.24,6515.0,-308.9016,23027.0
17:13:57,6536.24,6520.0,-592.0977,29291.0
17:13:57,6536.24,6525.0,-791.9591,28488.0
17:13:57,6536.24,6530.0,-453.4322,31777.0
17:13:57,6536.24,6535.0,-214.3586,29634.0
17:13:57,6536.24,6540.0,-597.5344,43335.0
17:13:57,6536.24,6545.0,-360.028,34107.0
17:13:57,6536.24,6550.0,-616.7923,55993.0
17:13:57,6536.24,6555.0,-341.599,28379.0
17:13:57,6536.24,6560.0,-154.6812,40612.0
17:13:57,6536.24,6565.0,-135.8748,40978.0
17:13:57,6536.24,6570.0,-83.5796,40562.0
17:13:57,6536.24,6575.0,-184.7619,29134.0
17:13:57,6536.24,6580.0,-224.7044,36326.0
17:13:57,6536.24,6585.0,-142.2443,24615.0
17:13:57,6536.24,6590.0,-41.2547,28069.0
17:13:57,6536.24,6595.0,-3.6683,25201.0
17:13:57,6536.24,6600.0,-18.7399,54826.0
17:13:57,6536.24,6605.0,-44.8437,24296.0
17:13:57,6536.24,6610.0,22.421,29717.0
17:16:07,6536.51,6465.0,-325.9176,15663.0
17:16:07,6536.51,6470.0,-461.8357,23902.0
17:16:07,6536.51,6475.0,-364.6053,21853.0
17:16:07,6536.51,6480.0,-242.0686,23326.0
17:16:07,6536.51,6485.0,-298.0423,21902.0
17:16:07,6536.51,6490.0,-372.4357,29680.0
17:16:07,6536.51,6495.0,-479.6488,22242.0
17:16:07,6536.51,6500.0,-812.4787,53628.0
17:16:07,6536.51,6505.0,-350.4781,23690.0
17:16:07,6536.51,6510.0,-462.5273,24526.0
17:16:07,6536.51,6515.0,-313.0004,23292.0
17:16:07,6536.51,6520.0,-603.5973,29709.0
17:16:07,6536.51,6525.0,-802.8315,28928.0
17:16:07,6536.51,6530.0,-452.399,32222.0
17:16:07,6536.51,6535.0,-219.5707,30271.0
17:16:07,6536.51,6540.0,-606.6369,44180.0
17:16:07,6536.51,6545.0,-363.505,34592.0
17:16:07,6536.51,6550.0,-631.8132,56542.0
17:16:07,6536.51,6555.0,-347.5908,28572.0
17:16:07,6536.51,6560.0,-156.1054,40925.0
17:16:07,6536.51,6565.0,-135.233,41242.0
17:16:07,6536.51,6570.0,-80.0964,40792.0
17:16:07,6536.51,6575.0,-184.7771,29351.0
17:16:07,6536.51,6580.0,-224.723,36675.0
17:16:07,6536.51,6585.0,-138.1758,24740.0
17:16:07,6536.51,6590.0,-39.858,28311.0
17:16:07,6536.51,6595.0,-3.6686,25289.0
17:16:07,6536.51,6600.0,-17.202,55053.0
17:16:07,6536.51,6605.0,-40.9674,24383.0
17:16:07,6536.51,6610.0,22.12,29815.0
17:18:17,6528.08,6455.0,-8.1731,11087.0
17:18:17,6528.08,6460.0,-236.304,19879.0
17:18:17,6528.08,6465.0,-466.1933,16184.0
17:18:17,6528.08,6470.0,-458.2328,25128.0
17:18:17,6528.08,6475.0,-533.3301,22908.0
17:18:17,6528.08,6480.0,-349.2554,24690.0
17:18:17,6528.08,6485.0,-427.9477,23118.0
17:18:17,6528.08,6490.0,-520.7619,31274.0
17:18:17,6528.08,6495.0,-618.3811,23748.0
17:18:17,6528.08,6500.0,-1054.131,56137.0
17:18:17,6528.08,6505.0,-436.929,24789.0
17:18:17,6528.08,6510.0,-548.8718,25414.0
17:18:17,6528.08,6515.0,-349.2885,24341.0
17:18:17,6528.08,6520.0,-602.0414,31136.0
17:18:17,6528.08,6525.0,-808.4166,30360.0
17:18:17,6528.08,6530.0,-448.3107,34295.0
17:18:17,6528.08,6535.0,-219.0047,31999.0
17:18:17,6528.08,6540.0,-536.5456,45743.0
17:18:17,6528.08,6545.0,-308.4019,35540.0
17:18:17,6528.08,6550.0,-511.9558,58434.0
17:18:17,6528.08,6555.0,-274.9725,29293.0
17:18:17,6528.08,6560.0,-122.9442,41818.0
17:18:17,6528.08,6565.0,-103.4021,42733.0
17:18:17,6528.08,6570.0,-60.4829,41953.0
17:18:17,6528.08,6575.0,-131.3305,30355.0
17:18:17,6528.08,6580.0,-167.8484,37952.0
17:18:17,6528.08,6585.0,-101.5405,25520.0
17:18:17,6528.08,6590.0,-39.7552,29043.0
17:18:17,6528.08,6595.0,-2.2485,25704.0
17:18:17,6528.08,6600.0,-11.6246,55894.0
17:20:26,6533.04,6460.0,-163.2241,20007.0
17:20:26,6533.04,6465.0,-355.3145,16316.0
17:20:26,6533.04,6470.0,-502.7549,25360.0
17:20:26,6533.04,6475.0,-417.9551,23135.0
17:20:26,6533.04,6480.0,-349.7863,25187.0
17:20:26,6533.04,6485.0,-428.5982,23399.0
17:20:26,6533.04,6490.0,-420.1503,31782.0
17:20:26,6533.04,6495.0,-522.542,24350.0
17:20:26,6533.04,6500.0,-908.6868,56806.0
17:20:26,6533.04,6505.0,-383.8187,25248.0
17:20:26,6533.04,6510.0,-496.7464,25824.0
17:20:26,6533.04,6515.0,-324.3699,24820.0
17:20:26,6533.04,6520.0,-617.1013,31711.0
17:20:26,6533.04,6525.0,-810.2879,31324.0
17:20:26,6533.04,6530.0,-458.5827,35428.0
17:20:26,6533.04,6535.0,-212.7787,32724.0
17:20:26,6533.04,6540.0,-584.3367,46629.0
17:20:26,6533.04,6545.0,-346.1975,36041.0
17:20:26,6533.04,6550.0,-589.708,59311.0
17:20:26,6533.04,6555.0,-322.8583,29733.0
17:20:26,6533.04,6560.0,-144.7768,42250.0
17:20:26,6533.04,6565.0,-125.8625,43147.0
17:20:26,6533.04,6570.0,-73.8511,42456.0
17:20:26,6533.04,6575.0,-161.0827,30768.0
17:20:26,6533.04,6580.0,-168.1035,38376.0
17:20:26,6533.04,6585.0,-101.6949,25686.0
17:20:26,6533.04,6590.0,-29.2307,29391.0
17:20:26,6533.04,6595.0,-3.0194,25866.0
17:20:26,6533.04,6600.0,-15.7717,56193.0
17:20:26,6533.04,6605.0,-37.9598,24868.0
17:22:36,6527.12,6455.0,-157.0858,11241.0
17:22:36,6527.12,6460.0,-162.9284,20141.0
17:22:36,6527.12,6465.0,-354.3415,16393.0
17:22:36,6527.12,6470.0,-644.3505,25644.0
17:22:36,6527.12,6475.0,-515.71,23412.0
17:22:36,6527.12,6480.0,-351.0323,25615.0
17:22:36,6527.12,6485.0,-427.8218,24129.0
17:22:36,6527.12,6490.0,-419.3892,32474.0
17:22:36,6527.12,6495.0,-621.9426,24758.0
17:22:36,6527.12,6500.0,-1035.3306,57603.0
17:22:36,6527.12,6505.0,-434.2473,25743.0
17:22:36,6527.12,6510.0,-547.8017,26225.0
17:22:36,6527.12,6515.0,-348.3925,25280.0
17:22:36,6527.12,6520.0,-615.9834,32214.0
17:22:36,6527.12,6525.0,-818.4482,32044.0
17:22:36,6527.12,6530.0,-458.4247,36426.0
17:22:36,6527.12,6535.0,-202.3022,33382.0
17:22:36,6527.12,6540.0,-543.7807,47270.0
17:22:36,6527.12,6545.0,-310.2421,36590.0
17:22:36,6527.12,6550.0,-514.6284,59872.0
17:22:36,6527.12,6555.0,-275.2979,30021.0
17:22:36,6527.12,6560.0,-144.5145,42761.0
17:22:36,6527.12,6565.0,-125.6345,44267.0
17:22:36,6527.12,6570.0,-73.7173,42877.0
17:22:36,6527.12,6575.0,-134.8903,31099.0
17:22:36,6527.12,6580.0,-168.3742,38613.0
17:22:36,6527.12,6585.0,-99.4164,26224.0
17:22:36,6527.12,6590.0,-30.1153,29519.0
17:22:36,6527.12,6595.0,-2.6044,26092.0
17:22:36,6527.12,6600.0,-14.283,56494.0
17:24:46,6526.79,6455.0,-157.0699,11289.0
17:24:46,6526.79,6460.0,-162.9119,20226.0
17:24:46,6526.79,6465.0,-474.9423,16515.0
17:24:46,6526.79,6470.0,-625.3736,26110.0
17:24:46,6526.79,6475.0,-527.3191,24023.0
17:24:46,6526.79,6480.0,-348.0953,26159.0
17:24:46,6526.79,6485.0,-433.5814,24671.0
17:24:46,6526.79,6490.0,-520.6198,33049.0
17:24:46,6526.79,6495.0,-619.202,25200.0
17:24:46,6526.79,6500.0,-1062.7855,59338.0
17:24:46,6526.79,6505.0,-439.2436,26329.0
17:24:46,6526.79,6510.0,-546.5563,26895.0
17:24:46,6526.79,6515.0,-345.6051,26130.0
17:24:46,6526.79,6520.0,-645.6682,33197.0
17:24:46,6526.79,6525.0,-819.0258,33707.0
17:24:46,6526.79,6530.0,-449.9743,37636.0
17:24:46,6526.79,6535.0,-195.2758,33852.0
17:24:46,6526.79,6540.0,-518.1116,48146.0
17:24:46,6526.79,6545.0,-298.719,37057.0
17:24:46,6526.79,6550.0,-498.1393,60979.0
17:24:46,6526.79,6555.0,-270.7671,30574.0
17:24:46,6526.79,6560.0,-118.1685,43241.0
17:24:46,6526.79,6565.0,-102.8504,44740.0
17:24:46,6526.79,6570.0,-61.1599,43923.0
17:24:46,6526.79,6575.0,-133.9647,31432.0
17:24:46,6526.79,6580.0,-171.108,38840.0
17:24:46,6526.79,6585.0,-101.8004,26517.0
17:24:46,6526.79,6590.0,-29.6621,30102.0
17:24:46,6526.79,6595.0,-2.5937,26546.0
17:24:46,6526.79,6600.0,-13.0447,56856.0
17:26:55,6521.97,6450.0,-21.4415,23943.0
17:26:55,6521.97,6455.0,-140.8434,11406.0
17:26:55,6521.97,6460.0,-247.498,20590.0
17:26:55,6521.97,6465.0,-546.8945,16920.0
17:26:55,6521.97,6470.0,-624.4503,26592.0
17:26:55,6521.97,6475.0,-624.4133,24641.0
17:26:55,6521.97,6480.0,-397.8185,26804.0
17:26:55,6521.97,6485.0,-484.7574,25351.0
17:26:55,6521.97,6490.0,-568.5232,33760.0
17:26:55,6521.97,6495.0,-703.4155,25762.0
17:26:55,6521.97,6500.0,-1178.9845,60313.0
17:26:55,6521.97,6505.0,-472.5583,26913.0
17:26:55,6521.97,6510.0,-589.1184,27525.0
17:26:55,6521.97,6515.0,-367.2981,26842.0
17:26:55,6521.97,6520.0,-661.6181,34144.0
17:26:55,6521.97,6525.0,-820.1199,35165.0
17:26:55,6521.97,6530.0,-440.4785,38843.0
17:26:55,6521.97,6535.0,-193.1194,34332.0
17:26:55,6521.97,6540.0,-503.7975,48853.0
17:26:55,6521.97,6545.0,-282.4488,37425.0
17:26:55,6521.97,6550.0,-459.1205,61822.0
17:26:55,6521.97,6555.0,-238.4701,30832.0
17:26:55,6521.97,6560.0,-107.6433,43780.0
17:26:55,6521.97,6565.0,-90.228,45233.0
17:26:55,6521.97,6570.0,-61.0696,44751.0
17:26:55,6521.97,6575.0,-133.7669,31703.0
17:26:55,6521.97,6580.0,-146.6088,39149.0
17:26:55,6521.97,6585.0,-80.2672,26859.0
17:26:55,6521.97,6590.0,-21.7854,30434.0
17:26:55,6521.97,6595.0,-1.903,26808.0
17:29:05,6519.53,6445.0,-7.5484,11887.0
17:29:05,6519.53,6450.0,-323.3548,24128.0
17:29:05,6519.53,6455.0,-181.498,11721.0
17:29:05,6519.53,6460.0,-247.3128,21071.0
17:29:05,6519.53,6465.0,-546.2836,17193.0
17:29:05,6519.53,6470.0,-820.0995,27482.0
17:29:05,6519.53,6475.0,-651.6808,25339.0
17:29:05,6519.53,6480.0,-421.7107,27803.0
17:29:05,6519.53,6485.0,-498.4629,25976.0
17:29:05,6519.53,6490.0,-609.4169,34411.0
17:29:05,6519.53,6495.0,-702.8892,26581.0
17:29:05,6519.53,6500.0,-1191.4074,61502.0
17:29:05,6519.53,6505.0,-475.8435,27543.0
17:29:05,6519.53,6510.0,-589.2565,28265.0
17:29:05,6519.53,6515.0,-359.064,27696.0
17:29:05,6519.53,6520.0,-638.3852,35654.0
17:29:05,6519.53,6525.0,-782.3087,36657.0
17:29:05,6519.53,6530.0,-440.149,39752.0
17:29:05,6519.53,6535.0,-179.8797,34787.0
17:29:05,6519.53,6540.0,-503.4206,49428.0
17:29:05,6519.53,6545.0,-260.1926,37810.0
17:29:05,6519.53,6550.0,-425.9974,62804.0
17:29:05,6519.53,6555.0,-230.2949,31404.0
17:29:05,6519.53,6560.0,-100.9878,44290.0
17:29:05,6519.53,6565.0,-81.7264,45829.0
17:29:05,6519.53,6570.0,-54.1734,45511.0
17:29:05,6519.53,6575.0,-108.4958,31975.0
17:29:05,6519.53,6580.0,-146.4991,39632.0
17:29:05,6519.53,6585.0,-79.4894,27113.0
17:29:05,6519.53,6590.0,-22.7329,30947.0
17:31:15,6518.62,6445.0,-163.0721,12060.0
17:31:15,6518.62,6450.0,-332.223,24497.0
17:31:15,6518.62,6455.0,-182.418,11944.0
17:31:15,6518.62,6460.0,-247.2438,21360.0
17:31:15,6518.62,6465.0,-588.0561,17629.0
17:31:15,6518.62,6470.0,-799.8051,28154.0
17:31:15,6518.62,6475.0,-651.4989,26123.0
17:31:15,6518.62,6480.0,-421.593,28423.0
17:31:15,6518.62,6485.0,-498.3238,26477.0
17:31:15,6518.62,6490.0,-609.2468,35075.0
17:31:15,6518.62,6495.0,-702.693,27216.0
17:31:15,6518.62,6500.0,-1191.0748,62837.0
17:31:15,6518.62,6505.0,-475.7107,29146.0
17:31:15,6518.62,6510.0,-588.6455,29304.0
17:31:15,6518.62,6515.0,-360.8864,29421.0
17:31:15,6518.62,6520.0,-642.4711,37633.0
17:31:15,6518.62,6525.0,-786.2425,37565.0
17:31:15,6518.62,6530.0,-416.3072,40262.0
17:31:15,6518.62,6535.0,-182.2746,35085.0
17:31:15,6518.62,6540.0,-503.28,49860.0
17:31:15,6518.62,6545.0,-260.12,38151.0
17:31:15,6518.62,6550.0,-425.8785,63243.0
17:31:15,6518.62,6555.0,-230.2306,31624.0
17:31:15,6518.62,6560.0,-100.9596,45096.0
17:31:15,6518.62,6565.0,-81.7035,46214.0
17:31:15,6518.62,6570.0,-48.7652,46152.0
17:31:15,6518.62,6575.0,-108.4655,32129.0
17:31:15,6518.62,6580.0,-146.4582,40267.0
17:31:15,6518.62,6585.0,-82.6549,27371.0
17:31:15,6518.62,6590.0,-21.7192,31049.0
17:33:25,6516.92,6445.0,-182.1792,12466.0
17:33:25,6516.92,6450.0,-332.0497,25052.0
17:33:25,6516.92,6455.0,-213.6484,12223.0
17:33:25,6516.92,6460.0,-316.7843,21898.0
17:33:25,6516.92,6465.0,-587.7494,18189.0
17:33:25,6516.92,6470.0,-799.6548,28958.0
17:33:25,6516.92,6475.0,-734.9285,27105.0
17:33:25,6516.92,6480.0,-465.3014,29189.0
17:33:25,6516.92,6485.0,-533.3403,27471.0
17:33:25,6516.92,6490.0,-641.7873,35974.0
17:33:25,6516.92,6495.0,-756.7145,27966.0
17:33:25,6516.92,6500.0,-1241.9417,64187.0
17:33:25,6516.92,6505.0,-486.0861,30039.0
17:33:25,6516.92,6510.0,-590.3076,30182.0
17:33:25,6516.92,6515.0,-359.0786,31057.0
17:33:25,6516.92,6520.0,-631.1169,38918.0
17:33:25,6516.92,6525.0,-767.6095,38544.0
17:33:25,6516.92,6530.0,-403.9031,40971.0
17:33:25,6516.92,6535.0,-173.9006,35564.0
17:33:25,6516.92,6540.0,-441.673,50504.0
17:33:25,6516.92,6545.0,-250.2338,38652.0
17:33:25,6516.92,6550.0,-396.6453,64290.0
17:33:25,6516.92,6555.0,-211.3455,32149.0
17:33:25,6516.92,6560.0,-87.6852,45840.0
17:33:25,6516.92,6565.0,-83.5221,47026.0
17:33:25,6516.92,6570.0,-30.4843,46788.0
17:33:25,6516.92,6575.0,-86.9038,32661.0
17:33:25,6516.92,6580.0,-112.1876,40511.0
17:33:25,6516.92,6585.0,-63.5438,28148.0
17:33:25,6516.92,6590.0,-18.2828,31257.0
17:35:34,6519.74,6445.0,-182.3369,12525.0
17:35:34,6519.74,6450.0,-343.8323,25230.0
17:35:34,6519.74,6455.0,-182.067,12566.0
17:35:34,6519.74,6460.0,-317.0585,22134.0
17:35:34,6519.74,6465.0,-678.319,18504.0
17:35:34,6519.74,6470.0,-805.9379,29663.0
17:35:34,6519.74,6475.0,-653.7223,27518.0
17:35:34,6519.74,6480.0,-432.1957,29681.0
17:35:34,6519.74,6485.0,-499.577,28031.0
17:35:34,6519.74,6490.0,-598.4906,36624.0
17:35:34,6519.74,6495.0,-713.3246,28538.0
17:35:34,6519.74,6500.0,-1189.065,65153.0
17:35:34,6519.74,6505.0,-475.5959,30844.0
17:35:34,6519.74,6510.0,-582.2132,30890.0
17:35:34,6519.74,6515.0,-356.7544,32132.0
17:35:34,6519.74,6520.0,-636.0388,39780.0
17:35:34,6519.74,6525.0,-784.8177,39164.0
17:35:34,6519.74,6530.0,-403.37,41468.0
17:35:34,6519.74,6535.0,-184.3419,35919.0
17:35:34,6519.74,6540.0,-471.3186,50850.0
17:35:34,6519.74,6545.0,-262.8359,39041.0
17:35:34,6519.74,6550.0,-437.3022,65047.0
17:35:34,6519.74,6555.0,-231.4587,32554.0
17:35:34,6519.74,6560.0,-99.3073,46472.0
17:35:34,6519.74,6565.0,-81.9954,47483.0
17:35:34,6519.74,6570.0,-49.9677,47151.0
17:35:34,6519.74,6575.0,-86.9791,33466.0
17:35:34,6519.74,6580.0,-112.2847,40911.0
17:35:34,6519.74,6585.0,-76.8006,28480.0
17:35:34,6519.74,6590.0,-18.2986,31347.0
17:37:44,6521.2,6450.0,-308.9487,25356.0
17:37:44,6521.2,6455.0,-182.1486,12622.0
17:37:44,6521.2,6460.0,-256.0567,22331.0
17:37:44,6521.2,6465.0,-678.6228,18705.0
17:37:44,6521.2,6470.0,-742.2072,30112.0
17:37:44,6521.2,6475.0,-609.4586,27988.0
17:37:44,6521.2,6480.0,-400.5557,30211.0
17:37:44,6521.2,6485.0,-480.1535,28553.0
17:37:44,6521.2,6490.0,-590.9588,37080.0
17:37:44,6521.2,6495.0,-712.1098,28835.0
17:37:44,6521.2,6500.0,-1191.2392,66479.0
17:37:44,6521.2,6505.0,-483.7295,32617.0
17:37:44,6521.2,6510.0,-594.7361,31476.0
17:37:44,6521.2,6515.0,-368.0022,34506.0
17:37:44,6521.2,6520.0,-662.824,40832.0
17:37:44,6521.2,6525.0,-822.4702,40257.0
17:37:44,6521.2,6530.0,-438.1663,41889.0
17:37:44,6521.2,6535.0,-194.5157,36262.0
17:37:44,6521.2,6540.0,-492.4051,51214.0
17:37:44,6521.2,6545.0,-281.0124,39390.0
17:37:44,6521.2,6550.0,-455.9908,65627.0
17:37:44,6521.2,6555.0,-240.5086,32954.0
17:37:44,6521.2,6560.0,-104.3168,47763.0
17:37:44,6521.2,6565.0,-80.9058,47808.0
17:37:44,6521.2,6570.0,-51.5275,48247.0
17:37:44,6521.2,6575.0,-106.4405,33733.0
17:37:44,6521.2,6580.0,-112.335,41199.0
17:37:44,6521.2,6585.0,-76.835,28615.0
17:37:44,6521.2,6590.0,-22.211,31436.0
17:37:44,6521.2,6595.0,-1.9025,27263.0
17:39:54,6517.22,6445.0,-153.705,12580.0
17:39:54,6517.22,6450.0,-352.9831,25520.0
17:39:54,6517.22,6455.0,-186.8607,12651.0
17:39:54,6517.22,6460.0,-283.485,22520.0
17:39:54,6517.22,6465.0,-557.8956,18818.0
17:39:54,6517.22,6470.0,-741.3016,30333.0
17:39:54,6517.22,6475.0,-658.7308,28235.0
17:39:54,6517.22,6480.0,-454.2922,30636.0
17:39:54,6517.22,6485.0,-535.6328,29056.0
17:39:54,6517.22,6490.0,-643.8163,37517.0
17:39:54,6517.22,6495.0,-769.2987,29062.0
17:39:54,6517.22,6500.0,-1275.5945,67015.0
17:39:54,6517.22,6505.0,-511.1549,32862.0
17:39:54,6517.22,6510.0,-624.191,31903.0
17:39:54,6517.22,6515.0,-380.1132,35212.0
17:39:54,6517.22,6520.0,-673.2552,41813.0
17:39:54,6517.22,6525.0,-818.3957,40861.0
17:39:54,6517.22,6530.0,-427.8286,42373.0
17:39:54,6517.22,6535.0,-184.1392,36534.0
17:39:54,6517.22,6540.0,-466.0866,51673.0
17:39:54,6517.22,6545.0,-257.956,39570.0
17:39:54,6517.22,6550.0,-411.346,65915.0
17:39:54,6517.22,6555.0,-213.3421,33204.0
17:39:54,6517.22,6560.0,-91.1334,48067.0
17:39:54,6517.22,6565.0,-85.4911,47972.0
17:39:54,6517.22,6570.0,-46.7388,48448.0
17:39:54,6517.22,6575.0,-92.4061,33837.0
17:39:54,6517.22,6580.0,-124.7343,41298.0
17:39:54,6517.22,6585.0,-68.0507,28718.0
17:39:54,6517.22,6590.0,-21.1283,31520.0
17:42:03,6518.93,6445.0,-153.7856,12720.0
17:42:03,6518.93,6450.0,-353.1683,25611.0
17:42:03,6518.93,6455.0,-186.9587,12807.0
17:42:03,6518.93,6460.0,-282.1933,22798.0
17:42:03,6518.93,6465.0,-589.2218,19037.0
17:42:03,6518.93,6470.0,-824.3183,30761.0
17:42:03,6518.93,6475.0,-641.8744,28478.0
17:42:03,6518.93,6480.0,-425.2278,31089.0
17:42:03,6518.93,6485.0,-504.9071,29336.0
17:42:03,6518.93,6490.0,-606.7231,38145.0
17:42:03,6518.93,6495.0,-718.0939,29441.0
17:42:03,6518.93,6500.0,-1196.8871,67554.0
17:42:03,6518.93,6505.0,-485.4855,33249.0
17:42:03,6518.93,6510.0,-624.5186,32404.0
17:42:03,6518.93,6515.0,-365.6546,36026.0
17:42:03,6518.93,6520.0,-649.2584,42648.0
17:42:03,6518.93,6525.0,-818.8252,41337.0
17:42:03,6518.93,6530.0,-428.0532,42901.0
17:42:03,6518.93,6535.0,-184.6764,36692.0
17:42:03,6518.93,6540.0,-477.5942,51986.0
17:42:03,6518.93,6545.0,-265.8182,39778.0
17:42:03,6518.93,6550.0,-431.6034,66395.0
17:42:03,6518.93,6555.0,-227.691,33384.0
17:42:03,6518.93,6560.0,-100.7518,48443.0
17:42:03,6518.93,6565.0,-81.7803,48276.0
17:42:03,6518.93,6570.0,-49.6299,48684.0
17:42:03,6518.93,6575.0,-102.4783,33989.0
17:42:03,6518.93,6580.0,-134.9339,41513.0
17:42:03,6518.93,6585.0,-68.0865,28799.0
17:42:03,6518.93,6590.0,-21.1394,31596.0
17:44:13,6518.64,6445.0,-167.8469,12793.0
17:44:13,6518.64,6450.0,-336.7302,25790.0
17:44:13,6518.64,6455.0,-179.2074,12832.0
17:44:13,6518.64,6460.0,-282.1682,22903.0
17:44:13,6518.64,6465.0,-589.1413,19088.0
17:44:13,6518.64,6470.0,-824.245,30815.0
17:44:13,6518.64,6475.0,-641.8173,28656.0
17:44:13,6518.64,6480.0,-425.1899,31205.0
17:44:13,6518.64,6485.0,-504.8621,29427.0
17:44:13,6518.64,6490.0,-606.6691,38468.0
17:44:13,6518.64,6495.0,-718.03,29604.0
17:44:13,6518.64,6500.0,-1196.7806,68018.0
17:44:13,6518.64,6505.0,-485.4423,33472.0
17:44:13,6518.64,6510.0,-624.463,32606.0
17:44:13,6518.64,6515.0,-371.2948,36631.0
17:44:13,6518.64,6520.0,-662.8703,43168.0
17:44:13,6518.64,6525.0,-813.5647,41615.0
17:44:13,6518.64,6530.0,-428.5529,43216.0
17:44:13,6518.64,6535.0,-184.6599,36953.0
17:44:13,6518.64,6540.0,-477.3897,52366.0
17:44:13,6518.64,6545.0,-265.7946,40047.0
17:44:13,6518.64,6550.0,-431.565,66970.0
17:44:13,6518.64,6555.0,-227.6708,33610.0
17:44:13,6518.64,6560.0,-100.7428,48565.0
17:44:13,6518.64,6565.0,-81.773,48443.0
17:44:13,6518.64,6570.0,-47.7438,48927.0
17:44:13,6518.64,6575.0,-102.4691,34170.0
17:44:13,6518.64,6580.0,-134.9219,41689.0
17:44:13,6518.64,6585.0,-78.842,28839.0
17:44:13,6518.64,6590.0,-23.0572,31724.0
17:46:23,6519.27,6445.0,-145.2481,12814.0
17:46:23,6519.27,6450.0,-328.1195,25988.0
17:46:23,6519.27,6455.0,-173.0045,12943.0
17:46:23,6519.27,6460.0,-265.5974,23146.0
17:46:23,6519.27,6465.0,-570.6247,19216.0
17:46:23,6519.27,6470.0,-798.4727,31076.0
17:46:23,6519.27,6475.0,-642.7625,31436.0
17:46:23,6519.27,6480.0,-419.8598,31540.0
17:46:23,6519.27,6485.0,-495.9825,32205.0
17:46:23,6519.27,6490.0,-606.3457,39121.0
17:46:23,6519.27,6495.0,-721.304,29896.0
17:46:23,6519.27,6500.0,-1212.088,68544.0
17:46:23,6519.27,6505.0,-494.1908,33729.0
17:46:23,6519.27,6510.0,-604.1772,32863.0
17:46:23,6519.27,6515.0,-371.6691,37135.0
17:46:23,6519.27,6520.0,-667.3703,44151.0
17:46:23,6519.27,6525.0,-827.8761,42073.0
17:46:23,6519.27,6530.0,-438.4976,43618.0
17:46:23,6519.27,6535.0,-188.9053,37185.0
17:46:23,6519.27,6540.0,-485.0964,52754.0
17:46:23,6519.27,6545.0,-274.4793,40299.0
17:46:23,6519.27,6550.0,-438.8686,67520.0
17:46:23,6519.27,6555.0,-232.5759,33815.0
17:46:23,6519.27,6560.0,-102.3518,48785.0
17:46:23,6519.27,6565.0,-82.6864,48664.0
17:46:23,6519.27,6570.0,-53.0714,49091.0
17:46:23,6519.27,6575.0,-106.1067,34432.0
17:46:23,6519.27,6580.0,-137.6444,41869.0
17:46:23,6519.27,6585.0,-83.3155,28935.0
17:46:23,6519.27,6590.0,-24.1897,31839.0
17:48:32,6517.16,6445.0,-145.1541,12821.0
17:48:32,6517.16,6450.0,-334.5218,26082.0
17:48:32,6517.16,6455.0,-176.7192,13001.0
17:48:32,6517.16,6460.0,-265.4255,23210.0
17:48:32,6517.16,6465.0,-570.2554,19302.0
17:48:32,6517.16,6470.0,-735.5851,31214.0
17:48:32,6517.16,6475.0,-665.3182,31600.0
17:48:32,6517.16,6480.0,-434.1353,31754.0
17:48:32,6517.16,6485.0,-518.7898,32379.0
17:48:32,6517.16,6490.0,-628.6318,39610.0
17:48:32,6517.16,6495.0,-772.5154,30108.0
17:48:32,6517.16,6500.0,-1286.2308,68934.0
17:48:32,6517.16,6505.0,-513.5259,34004.0
17:48:32,6517.16,6510.0,-624.9389,33433.0
17:48:32,6517.16,6515.0,-382.3176,37589.0
17:48:32,6517.16,6520.0,-678.6626,44761.0
17:48:32,6517.16,6525.0,-827.1863,42453.0
17:48:32,6517.16,6530.0,-438.2138,43892.0
17:48:32,6517.16,6535.0,-184.0455,37350.0
17:48:32,6517.16,6540.0,-472.2227,52981.0
17:48:32,6517.16,6545.0,-259.0185,40691.0
17:48:32,6517.16,6550.0,-424.8767,67822.0
17:48:32,6517.16,6555.0,-221.7021,34097.0
17:48:32,6517.16,6560.0,-95.1331,49125.0
17:48:32,6517.16,6565.0,-84.3113,48869.0
17:48:32,6517.16,6570.0,-49.639,49225.0
17:48:32,6517.16,6575.0,-101.3696,34551.0
17:48:32,6517.16,6580.0,-126.1257,41913.0
17:48:32,6517.16,6585.0,-75.7344,28989.0
17:48:32,6517.16,6590.0,-22.1575,31881.0
17:50:42,6515.94,6445.0,-156.6181,12946.0
17:50:42,6515.94,6450.0,-334.3966,26229.0
17:50:42,6515.94,6455.0,-176.653,13223.0
17:50:42,6515.94,6460.0,-265.3261,23366.0
17:50:42,6515.94,6465.0,-569.7897,19756.0
17:50:42,6515.94,6470.0,-849.4391,31694.0
17:50:42,6515.94,6475.0,-702.601,32068.0
17:50:42,6515.94,6480.0,-457.2558,32139.0
17:50:42,6515.94,6485.0,-543.4986,32709.0
17:50:42,6515.94,6490.0,-653.9515,40155.0
17:50:42,6515.94,6495.0,-784.3292,30521.0
17:50:42,6515.94,6500.0,-1285.7493,69720.0
17:50:42,6515.94,6505.0,-513.3336,34399.0
17:50:42,6515.94,6510.0,-624.7049,33933.0
17:50:42,6515.94,6515.0,-379.6608,38442.0
17:50:42,6515.94,6520.0,-668.3464,45704.0
17:50:42,6515.94,6525.0,-832.7841,42906.0
17:50:42,6515.94,6530.0,-419.0671,44436.0
17:50:42,6515.94,6535.0,-184.8611,37982.0
17:50:42,6515.94,6540.0,-457.4864,53457.0
17:50:42,6515.94,6545.0,-250.2896,41126.0
17:50:42,6515.94,6550.0,-405.0992,68353.0
17:50:42,6515.94,6555.0,-210.7904,34408.0
17:50:42,6515.94,6560.0,-90.6189,49421.0
17:50:42,6515.94,6565.0,-72.4099,49032.0
17:50:42,6515.94,6570.0,-49.6204,49423.0
17:50:42,6515.94,6575.0,-101.3316,34764.0
17:50:42,6515.94,6580.0,-126.0784,42066.0
17:50:42,6515.94,6585.0,-75.706,29070.0
17:50:42,6515.94,6590.0,-22.1492,31978.0
17:52:52,6519.57,6445.0,-146.5546,13026.0
17:52:52,6519.57,6450.0,-354.7485,26643.0
17:52:52,6519.57,6455.0,-187.4796,13530.0
17:52:52,6519.57,6460.0,-282.5894,23541.0
17:52:52,6519.57,6465.0,-567.4997,20086.0
17:52:52,6519.57,6470.0,-850.3858,32075.0
17:52:52,6519.57,6475.0,-664.0786,32448.0
17:52:52,6519.57,6480.0,-433.2622,32616.0
17:52:52,6519.57,6485.0,-505.0226,33092.0
17:52:52,6519.57,6490.0,-613.8567,40509.0
17:52:52,6519.57,6495.0,-737.0978,30908.0
17:52:52,6519.57,6500.0,-1209.9273,70674.0
17:52:52,6519.57,6505.0,-486.8243,34727.0
17:52:52,6519.57,6510.0,-599.4273,34475.0
17:52:52,6519.57,6515.0,-369.4568,39470.0
17:52:52,6519.57,6520.0,-661.9972,46537.0
17:52:52,6519.57,6525.0,-811.4498,43337.0
17:52:52,6519.57,6530.0,-428.5459,44937.0
17:52:52,6519.57,6535.0,-186.6296,38521.0
17:52:52,6519.57,6540.0,-481.8662,53844.0
17:52:52,6519.57,6545.0,-264.8047,41553.0
17:52:52,6519.57,6550.0,-433.5315,68803.0
17:52:52,6519.57,6555.0,-223.341,34994.0
17:52:52,6519.57,6560.0,-96.8224,49708.0
17:52:52,6519.57,6565.0,-75.3444,49302.0
17:52:52,6519.57,6570.0,-63.6626,49959.0
17:52:52,6519.57,6575.0,-99.8022,34966.0
17:52:52,6519.57,6580.0,-133.1343,42314.0
17:52:52,6519.57,6585.0,-77.2503,29226.0
17:52:52,6519.57,6590.0,-22.833,32533.0
18:14:35,6517.58,6445.0,-146.4651,13438.0
18:14:35,6517.58,6450.0,-354.5319,27440.0
18:14:35,6517.58,6455.0,-187.3652,14321.0
18:14:35,6517.58,6460.0,-282.4169,24586.0
18:14:35,6517.58,6465.0,-567.1533,21155.0
18:14:35,6517.58,6470.0,-803.6272,34136.0
18:14:35,6517.58,6475.0,-663.6732,34414.0
18:14:35,6517.58,6480.0,-432.9978,35436.0
18:14:35,6517.58,6485.0,-504.7143,35604.0
18:14:35,6517.58,6490.0,-613.482,47186.0
18:14:35,6517.58,6495.0,-736.6478,33070.0
18:14:35,6517.58,6500.0,-1209.1888,77902.0
18:14:35,6517.58,6505.0,-568.7281,37283.0
18:14:35,6517.58,6510.0,-599.0614,38145.0
18:14:35,6517.58,6515.0,-369.2313,44348.0
18:14:35,6517.58,6520.0,-661.5931,54639.0
18:14:35,6517.58,6525.0,-810.9546,49366.0
18:14:35,6517.58,6530.0,-428.2844,50288.0
18:14:35,6517.58,6535.0,-186.5156,42356.0
18:14:35,6517.58,6540.0,-481.5721,58196.0
18:14:35,6517.58,6545.0,-264.643,44829.0
18:14:35,6517.58,6550.0,-433.2669,74702.0
18:14:35,6517.58,6555.0,-223.2047,38220.0
18:14:35,6517.58,6560.0,-96.7633,52529.0
18:14:35,6517.58,6565.0,-82.6868,51594.0
18:14:35,6517.58,6570.0,-49.904,52354.0
18:14:35,6517.58,6575.0,-99.7412,36416.0
18:14:35,6517.58,6580.0,-133.053,43427.0
18:14:35,6517.58,6585.0,-77.2032,29970.0
18:14:35,6517.58,6590.0,-22.8191,33366.0
18:38:36,6512.65,6440.0,-1.4361,18450.0
18:38:36,6512.65,6445.0,-153.5263,14424.0
18:38:36,6512.65,6450.0,-353.9958,31341.0
18:38:36,6512.65,6455.0,-187.013,15677.0
18:38:36,6512.65,6460.0,-305.3718,26827.0
18:38:36,6512.65,6465.0,-566.2956,23837.0
18:38:36,6512.65,6470.0,-802.4119,37905.0
18:38:36,6512.65,6475.0,-662.6696,39539.0
18:38:36,6512.65,6480.0,-432.343,41295.0
18:38:36,6512.65,6485.0,-503.9511,40318.0
18:38:36,6512.65,6490.0,-612.5542,55386.0
18:38:36,6512.65,6495.0,-735.5338,39427.0
18:38:36,6512.65,6500.0,-1207.3602,90148.0
18:38:36,6512.65,6505.0,-567.8681,45229.0
18:38:36,6512.65,6510.0,-775.517,50582.0
18:38:36,6512.65,6515.0,-461.8038,57397.0
18:38:36,6512.65,6520.0,-785.9321,63405.0
18:38:36,6512.65,6525.0,-916.3958,56894.0
18:38:36,6512.65,6530.0,-471.0313,57950.0
18:38:36,6512.65,6535.0,-182.7457,47823.0
18:38:36,6512.65,6540.0,-480.8438,64101.0
18:38:36,6512.65,6545.0,-264.2428,49276.0
18:38:36,6512.65,6550.0,-432.6117,83347.0
18:38:36,6512.65,6555.0,-222.8671,42570.0
18:38:36,6512.65,6560.0,-96.617,56232.0
18:38:36,6512.65,6565.0,-82.5618,53710.0
18:38:36,6512.65,6570.0,-32.731,55765.0
18:38:36,6512.65,6575.0,-99.5904,37621.0
18:38:36,6512.65,6580.0,-132.8518,44886.0
18:38:36,6512.65,6585.0,-77.0864,31018.0
18:40:46,6508.3,6435.0,-148.7249,10309.0
18:40:46,6508.3,6440.0,-182.2814,18479.0
18:40:46,6508.3,6445.0,-183.0877,14473.0
18:40:46,6508.3,6450.0,-406.1572,31381.0
18:40:46,6508.3,6455.0,-219.0781,15792.0
18:40:46,6508.3,6460.0,-304.964,27013.0
18:40:46,6508.3,6465.0,-689.9485,23925.0
18:40:46,6508.3,6470.0,-953.4803,38235.0
18:40:46,6508.3,6475.0,-887.797,39865.0
18:40:46,6508.3,6480.0,-589.5776,41572.0
18:40:46,6508.3,6485.0,-713.9734,40530.0
18:40:46,6508.3,6490.0,-868.5565,55996.0
18:40:46,6508.3,6495.0,-1037.4017,39733.0
18:40:46,6508.3,6500.0,-1707.2435,90771.0
18:40:46,6508.3,6505.0,-665.0584,45614.0
18:40:46,6508.3,6510.0,-784.7048,51661.0
18:40:46,6508.3,6515.0,-455.94,57955.0
18:40:46,6508.3,6520.0,-755.9798,63732.0
18:40:46,6508.3,6525.0,-849.6246,57254.0
18:40:46,6508.3,6530.0,-411.0517,58362.0
18:40:46,6508.3,6535.0,-162.2717,48091.0
18:40:46,6508.3,6540.0,-378.0558,64509.0
18:40:46,6508.3,6545.0,-263.8899,49858.0
18:40:46,6508.3,6550.0,-432.034,83657.0
18:40:46,6508.3,6555.0,-222.5695,42782.0
18:40:46,6508.3,6560.0,-64.3449,56375.0
18:40:46,6508.3,6565.0,-51.7621,53753.0
18:40:46,6508.3,6570.0,-26.4134,55820.0
18:40:46,6508.3,6575.0,-56.8188,37700.0
18:40:46,6508.3,6580.0,-71.1585,44918.0
18:42:55,6507.32,6435.0,-138.3834,10444.0
18:42:55,6507.32,6440.0,-192.3736,18522.0
18:42:55,6507.32,6445.0,-176.5841,14493.0
18:42:55,6507.32,6450.0,-405.7537,31415.0
18:42:55,6507.32,6455.0,-218.7314,15815.0
18:42:55,6507.32,6460.0,-309.168,27211.0
18:42:55,6507.32,6465.0,-737.2519,23989.0
18:42:55,6507.32,6470.0,-1110.2163,38341.0
18:42:55,6507.32,6475.0,-928.7213,40208.0
18:42:55,6507.32,6480.0,-608.3421,41860.0
18:42:55,6507.32,6485.0,-763.1842,40786.0
18:42:55,6507.32,6490.0,-924.55,56548.0
18:42:55,6507.32,6495.0,-1099.7108,40147.0
18:42:55,6507.32,6500.0,-1788.6042,91604.0
18:42:55,6507.32,6505.0,-684.2386,46209.0
18:42:55,6507.32,6510.0,-797.257,52802.0
18:42:55,6507.32,6515.0,-451.3875,58559.0
18:42:55,6507.32,6520.0,-737.7131,64289.0
18:42:55,6507.32,6525.0,-815.4175,57719.0
18:42:55,6507.32,6530.0,-388.1267,58767.0
18:42:55,6507.32,6535.0,-156.7351,48457.0
18:42:55,6507.32,6540.0,-365.6397,65049.0
18:42:55,6507.32,6545.0,-181.6957,50334.0
18:42:55,6507.32,6550.0,-264.825,83993.0
18:42:55,6507.32,6555.0,-141.0753,43091.0
18:42:55,6507.32,6560.0,-56.2982,56514.0
18:42:55,6507.32,6565.0,-47.5318,53797.0
18:42:55,6507.32,6570.0,-27.3553,56055.0
18:42:55,6507.32,6575.0,-59.1746,37732.0
18:42:55,6507.32,6580.0,-74.1724,44971.0
18:45:05,6504.63,6430.0,-0.462,11909.0
18:45:05,6504.63,6435.0,-154.75,10516.0
18:45:05,6504.63,6440.0,-192.2146,18575.0
18:45:05,6504.63,6445.0,-176.4382,14591.0
18:45:05,6504.63,6450.0,-405.4183,31590.0
18:45:05,6504.63,6455.0,-239.8486,15995.0
18:45:05,6504.63,6460.0,-376.498,27535.0
18:45:05,6504.63,6465.0,-736.6425,24223.0
18:45:05,6504.63,6470.0,-1109.2986,38797.0
18:45:05,6504.63,6475.0,-927.9536,40672.0
18:45:05,6504.63,6480.0,-607.8392,42625.0
18:45:05,6504.63,6485.0,-762.5534,41232.0
18:45:05,6504.63,6490.0,-923.7858,57355.0
18:45:05,6504.63,6495.0,-1098.8018,41190.0
18:45:05,6504.63,6500.0,-1816.9644,93027.0
18:45:05,6504.63,6505.0,-688.5275,47396.0
18:45:05,6504.63,6510.0,-796.598,53879.0
18:45:05,6504.63,6515.0,-451.0144,59240.0
18:45:05,6504.63,6520.0,-737.1033,64885.0
18:45:05,6504.63,6525.0,-814.7435,58045.0
18:45:05,6504.63,6530.0,-387.8059,59381.0
18:45:05,6504.63,6535.0,-156.6055,48992.0
18:45:05,6504.63,6540.0,-365.3374,65441.0
18:45:05,6504.63,6545.0,-163.1087,50557.0
18:45:05,6504.63,6550.0,-249.6222,84988.0
18:45:05,6504.63,6555.0,-140.9587,43384.0
18:45:05,6504.63,6560.0,-56.2517,56727.0
18:45:05,6504.63,6565.0,-47.4925,53996.0
18:45:05,6504.63,6570.0,-27.3327,56252.0
18:45:05,6504.63,6575.0,-59.1257,37828.0
18:47:15,6503.77,6430.0,-106.6043,12637.0
18:47:15,6503.77,6435.0,-154.7091,10526.0
18:47:15,6503.77,6440.0,-209.3099,18600.0
18:47:15,6503.77,6445.0,-192.7983,14604.0
18:47:15,6503.77,6450.0,-424.9406,31659.0
18:47:15,6503.77,6455.0,-229.3769,16709.0
18:47:15,6503.77,6460.0,-370.078,27596.0
18:47:15,6503.77,6465.0,-845.1632,24772.0
18:47:15,6503.77,6470.0,-1171.4525,39136.0
18:47:15,6503.77,6475.0,-1003.1168,41079.0
18:47:15,6503.77,6480.0,-683.7548,43178.0
18:47:15,6503.77,6485.0,-830.3209,41552.0
18:47:15,6503.77,6490.0,-995.2175,57944.0
18:47:15,6503.77,6495.0,-1169.7467,41640.0
18:47:15,6503.77,6500.0,-1875.5718,94133.0
18:47:15,6503.77,6505.0,-687.7096,48684.0
18:47:15,6503.77,6510.0,-800.5757,54913.0
18:47:15,6503.77,6515.0,-443.871,59843.0
18:47:15,6503.77,6520.0,-711.3126,65490.0
18:47:15,6503.77,6525.0,-773.246,58447.0
18:47:15,6503.77,6530.0,-361.8035,59952.0
18:47:15,6503.77,6535.0,-140.9611,49663.0
18:47:15,6503.77,6540.0,-320.0258,66116.0
18:47:15,6503.77,6545.0,-164.8155,50889.0
18:47:15,6503.77,6550.0,-242.226,85469.0
18:47:15,6503.77,6555.0,-118.5268,43597.0
18:47:15,6503.77,6560.0,-50.9644,57403.0
18:47:15,6503.77,6565.0,-40.8325,54131.0
18:47:15,6503.77,6570.0,-24.1573,56332.0
18:47:15,6503.77,6575.0,-52.2398,37919.0
18:49:24,6502.34,6430.0,-106.711,15024.0
18:49:24,6502.34,6435.0,-148.6756,10574.0
18:49:24,6502.34,6440.0,-214.9015,18680.0
18:49:24,6502.34,6445.0,-193.2228,14644.0
18:49:24,6502.34,6450.0,-424.7538,31780.0
18:49:24,6502.34,6455.0,-229.2761,19234.0
18:49:24,6502.34,6460.0,-380.8471,27991.0
18:49:24,6502.34,6465.0,-882.5204,25210.0
18:49:24,6502.34,6470.0,-1241.2528,39884.0
18:49:24,6502.34,6475.0,-1056.6675,41739.0
18:49:24,6502.34,6480.0,-705.4541,43835.0
18:49:24,6502.34,6485.0,-852.9289,42385.0
18:49:24,6502.34,6490.0,-1042.6538,58980.0
18:49:24,6502.34,6495.0,-1213.2606,42273.0
18:49:24,6502.34,6500.0,-1918.6352,95916.0
18:49:24,6502.34,6505.0,-714.4078,49623.0
18:49:24,6502.34,6510.0,-795.1784,55913.0
18:49:24,6502.34,6515.0,-435.7148,60242.0
18:49:24,6502.34,6520.0,-687.7619,66185.0
18:49:24,6502.34,6525.0,-759.0618,58909.0
18:49:24,6502.34,6530.0,-351.5032,60794.0
18:49:24,6502.34,6535.0,-134.0353,50343.0
18:49:24,6502.34,6540.0,-303.6589,66716.0
18:49:24,6502.34,6545.0,-161.9989,51184.0
18:49:24,6502.34,6550.0,-242.1195,86070.0
18:49:24,6502.34,6555.0,-111.1005,43780.0
18:49:24,6502.34,6560.0,-48.5782,57531.0
18:49:24,6502.34,6565.0,-40.191,54324.0
18:49:24,6502.34,6570.0,-24.7029,56531.0
18:49:24,6502.34,6575.0,-53.1496,37983.0
18:51:34,6498.05,6425.0,-0.5228,11508.0
18:51:34,6498.05,6430.0,-106.5702,15312.0
18:51:34,6498.05,6435.0,-148.4795,11531.0
18:51:34,6498.05,6440.0,-274.2838,19216.0
18:51:34,6498.05,6445.0,-253.4681,15450.0
18:51:34,6498.05,6450.0,-563.29,32861.0
18:51:34,6498.05,6455.0,-303.2603,20298.0
18:51:34,6498.05,6460.0,-466.9135,29590.0
18:51:34,6498.05,6465.0,-1051.2592,27025.0
18:51:34,6498.05,6470.0,-1472.5645,41338.0
18:51:34,6498.05,6475.0,-1208.9023,43728.0
18:51:34,6498.05,6480.0,-803.8449,45792.0
18:51:34,6498.05,6485.0,-851.8038,43729.0
18:51:34,6498.05,6490.0,-1039.7364,62684.0
18:51:34,6498.05,6495.0,-1233.5945,44008.0
18:51:34,6498.05,6500.0,-1898.4418,100754.0
18:51:34,6498.05,6505.0,-688.4063,51286.0
18:51:34,6498.05,6510.0,-794.1295,57548.0
18:51:34,6498.05,6515.0,-397.4823,61035.0
18:51:34,6498.05,6520.0,-611.661,66996.0
18:51:34,6498.05,6525.0,-651.0031,59567.0
18:51:34,6498.05,6530.0,-288.0812,62152.0
18:51:34,6498.05,6535.0,-112.2595,51109.0
18:51:34,6498.05,6540.0,-233.5321,67369.0
18:51:34,6498.05,6545.0,-121.8285,51775.0
18:51:34,6498.05,6550.0,-188.5314,86690.0
18:51:34,6498.05,6555.0,-88.7284,44081.0
18:51:34,6498.05,6560.0,-48.5141,57708.0
18:51:34,6498.05,6565.0,-40.138,54665.0
18:51:34,6498.05,6570.0,-24.6703,56859.0
18:53:44,6497.65,6425.0,-140.3689,11603.0
18:53:44,6497.65,6430.0,-140.5898,15599.0
18:53:44,6497.65,6435.0,-197.3581,11624.0
18:53:44,6497.65,6440.0,-287.3973,19324.0
18:53:44,6497.65,6445.0,-270.9196,15769.0
18:53:44,6497.65,6450.0,-592.6615,33214.0
18:53:44,6497.65,6455.0,-313.9734,20672.0
18:53:44,6497.65,6460.0,-485.7628,30108.0
18:53:44,6497.65,6465.0,-1090.7878,27766.0
18:53:44,6497.65,6470.0,-1488.4619,41985.0
18:53:44,6497.65,6475.0,-1247.3709,44699.0
18:53:44,6497.65,6480.0,-797.3007,46668.0
18:53:44,6497.65,6485.0,-918.9377,44177.0
18:53:44,6497.65,6490.0,-1050.3228,63575.0
18:53:44,6497.65,6495.0,-1171.7471,45151.0
18:53:44,6497.65,6500.0,-1783.7509,105009.0
18:53:44,6497.65,6505.0,-643.4048,51799.0
18:53:44,6497.65,6510.0,-703.006,58385.0
18:53:44,6497.65,6515.0,-379.0349,61994.0
18:53:44,6497.65,6520.0,-586.9791,69048.0
18:53:44,6497.65,6525.0,-633.0162,60149.0
18:53:44,6497.65,6530.0,-296.4666,63005.0
18:53:44,6497.65,6535.0,-111.351,51484.0
18:53:44,6497.65,6540.0,-251.2903,67834.0
18:53:44,6497.65,6545.0,-124.4163,52043.0
18:53:44,6497.65,6550.0,-189.6738,87054.0
18:53:44,6497.65,6555.0,-100.5068,44242.0
18:53:44,6497.65,6560.0,-34.4506,57865.0
18:53:44,6497.65,6565.0,-33.3878,54727.0
18:53:44,6497.65,6570.0,-20.3965,57201.0
18:55:54,6496.3,6425.0,-158.8036,11729.0
18:55:54,6496.3,6430.0,-160.5769,15740.0
18:55:54,6496.3,6435.0,-224.0622,12038.0
18:55:54,6496.3,6440.0,-323.5567,19626.0
18:55:54,6496.3,6445.0,-270.8071,16636.0
18:55:54,6496.3,6450.0,-592.4152,33628.0
18:55:54,6496.3,6455.0,-313.843,21024.0
18:55:54,6496.3,6460.0,-485.561,30900.0
18:55:54,6496.3,6465.0,-1131.4121,28686.0
18:55:54,6496.3,6470.0,-1530.7622,42561.0
18:55:54,6496.3,6475.0,-1266.2531,45461.0
18:55:54,6496.3,6480.0,-796.4867,47497.0
18:55:54,6496.3,6485.0,-919.7654,45353.0
18:55:54,6496.3,6490.0,-1052.2607,67512.0
18:55:54,6496.3,6495.0,-1171.2602,46631.0
18:55:54,6496.3,6500.0,-1783.0097,106805.0
18:55:54,6496.3,6505.0,-632.5355,52382.0
18:55:54,6496.3,6510.0,-689.3822,59117.0
18:55:54,6496.3,6515.0,-369.4493,62474.0
18:55:54,6496.3,6520.0,-573.3691,69880.0
18:55:54,6496.3,6525.0,-608.4101,60672.0
18:55:54,6496.3,6530.0,-296.3434,63638.0
18:55:54,6496.3,6535.0,-111.3047,51842.0
18:55:54,6496.3,6540.0,-251.1859,68070.0
18:55:54,6496.3,6545.0,-124.3646,52406.0
18:55:54,6496.3,6550.0,-189.595,87236.0
18:55:54,6496.3,6555.0,-94.1046,44325.0
18:55:54,6496.3,6560.0,-40.0512,58032.0
18:55:54,6496.3,6565.0,-32.222,54824.0
18:55:54,6496.3,6570.0,-19.1374,57415.0
18:58:03,6494.42,6420.0,-0.2111,10346.0
18:58:03,6494.42,6425.0,-158.7117,11790.0
18:58:03,6494.42,6430.0,-160.484,15909.0
18:58:03,6494.42,6435.0,-223.9145,12112.0
18:58:03,6494.42,6440.0,-328.7665,20124.0
18:58:03,6494.42,6445.0,-305.4684,16853.0
18:58:03,6494.42,6450.0,-667.2249,34170.0
18:58:03,6494.42,6455.0,-350.8194,21473.0
18:58:03,6494.42,6460.0,-549.1071,31651.0
18:58:03,6494.42,6465.0,-1212.4344,29687.0
18:58:03,6494.42,6470.0,-1630.4163,43255.0
18:58:03,6494.42,6475.0,-1340.6623,48766.0
18:58:03,6494.42,6480.0,-834.0979,48530.0
18:58:03,6494.42,6485.0,-919.2331,48494.0
18:58:03,6494.42,6490.0,-1063.133,69487.0
18:58:03,6494.42,6495.0,-1165.6232,48369.0
18:58:03,6494.42,6500.0,-1738.1084,108631.0
18:58:03,6494.42,6505.0,-613.2457,52914.0
18:58:03,6494.42,6510.0,-650.469,59713.0
18:58:03,6494.42,6515.0,-345.731,62886.0
18:58:03,6494.42,6520.0,-537.3211,70419.0
18:58:03,6494.42,6525.0,-569.1865,61476.0
18:58:03,6494.42,6530.0,-261.1749,64439.0
18:58:03,6494.42,6535.0,-98.5509,52250.0
18:58:03,6494.42,6540.0,-227.8944,68472.0
18:58:03,6494.42,6545.0,-109.6556,53123.0
18:58:03,6494.42,6550.0,-175.0889,87632.0
18:58:03,6494.42,6555.0,-94.0502,44764.0
18:58:03,6494.42,6560.0,-40.028,58196.0
18:58:03,6494.42,6565.0,-32.2034,55040.0
19:00:13,6492.14,6420.0,-160.0267,11005.0
19:00:13,6492.14,6425.0,-195.2058,13161.0
19:00:13,6492.14,6430.0,-203.2596,16638.0
19:00:13,6492.14,6435.0,-282.5467,13234.0
19:00:13,6492.14,6440.0,-379.1833,21422.0
19:00:13,6492.14,6445.0,-350.2235,18000.0
19:00:13,6492.14,6450.0,-746.7813,36449.0
19:00:13,6492.14,6455.0,-350.5731,23098.0
19:00:13,6492.14,6460.0,-548.7216,33804.0
19:00:13,6492.14,6465.0,-1211.5833,30938.0
19:00:13,6492.14,6470.0,-1629.2718,44890.0
19:00:13,6492.14,6475.0,-1302.6201,50260.0
19:00:13,6492.14,6480.0,-803.5681,50066.0
19:00:13,6492.14,6485.0,-885.4877,50235.0
19:00:13,6492.14,6490.0,-971.555,72175.0
19:00:13,6492.14,6495.0,-1049.941,50195.0
19:00:13,6492.14,6500.0,-1736.8882,110644.0
19:00:13,6492.14,6505.0,-613.3665,53589.0
19:00:13,6492.14,6510.0,-655.0274,60487.0
19:00:13,6492.14,6515.0,-350.7706,63643.0
19:00:13,6492.14,6520.0,-539.495,71305.0
19:00:13,6492.14,6525.0,-568.7869,62248.0
19:00:13,6492.14,6530.0,-260.9915,65225.0
19:00:13,6492.14,6535.0,-96.0943,52802.0
19:00:13,6492.14,6540.0,-222.3459,69122.0
19:00:13,6492.14,6545.0,-113.4657,53321.0
19:00:13,6492.14,6550.0,-142.8755,88353.0
19:00:13,6492.14,6555.0,-66.8554,45033.0
19:00:13,6492.14,6560.0,-28.3544,58411.0
19:00:13,6492.14,6565.0,-24.0641,55266.0
19:02:23,6498.14,6425.0,-195.721,13388.0
19:02:23,6498.14,6430.0,-173.6037,16860.0
19:02:23,6498.14,6435.0,-193.8474,13688.0
19:02:23,6498.14,6440.0,-307.6048,22106.0
19:02:23,6498.14,6445.0,-350.8712,18755.0
19:02:23,6498.14,6450.0,-748.1623,38052.0
19:02:23,6498.14,6455.0,-351.2214,24401.0
19:02:23,6498.14,6460.0,-549.7364,34905.0
19:02:23,6498.14,6465.0,-1213.8238,32020.0
19:02:23,6498.14,6470.0,-1632.2847,46418.0
19:02:23,6498.14,6475.0,-1305.029,51759.0
19:02:23,6498.14,6480.0,-805.0541,51510.0
19:02:23,6498.14,6485.0,-887.1252,51925.0
19:02:23,6498.14,6490.0,-973.3517,74268.0
19:02:23,6498.14,6495.0,-1051.8826,52040.0
19:02:23,6498.14,6500.0,-1740.1002,113069.0
19:02:23,6498.14,6505.0,-614.5008,54716.0
19:02:23,6498.14,6510.0,-656.2387,61711.0
19:02:23,6498.14,6515.0,-351.4193,64634.0
19:02:23,6498.14,6520.0,-540.4927,72588.0
19:02:23,6498.14,6525.0,-569.8388,63257.0
19:02:23,6498.14,6530.0,-261.4742,66424.0
19:02:23,6498.14,6535.0,-96.272,53384.0
19:02:23,6498.14,6540.0,-222.7571,69596.0
19:02:23,6498.14,6545.0,-113.6756,53693.0
19:02:23,6498.14,6550.0,-143.1397,88789.0
19:02:23,6498.14,6555.0,-66.9791,45235.0
19:02:23,6498.14,6560.0,-28.4068,58617.0
19:02:23,6498.14,6565.0,-34.6009,55355.0
19:02:23,6498.14,6570.0,-19.1482,57910.0
19:04:39,6496.96,6425.0,-136.6085,13530.0
19:04:39,6496.96,6430.0,-145.8855,16999.0
19:04:39,6496.96,6435.0,-193.764,13968.0
19:04:39,6496.96,6440.0,-272.5376,22417.0
19:04:39,6496.96,6445.0,-263.0434,18999.0
19:04:39,6496.96,6450.0,-568.5905,38459.0
19:04:39,6496.96,6455.0,-311.3341,24792.0
19:04:39,6496.96,6460.0,-485.1462,35478.0
19:04:39,6496.96,6465.0,-1128.3279,32928.0
19:04:39,6496.96,6470.0,-1538.7212,47614.0
19:04:39,6496.96,6475.0,-1266.7681,52883.0
19:04:39,6496.96,6480.0,-794.9655,53021.0
19:04:39,6496.96,6485.0,-936.2686,53088.0
19:04:39,6496.96,6490.0,-1071.8142,75620.0
19:04:39,6496.96,6495.0,-1198.2842,53661.0
19:04:39,6496.96,6500.0,-1827.7719,115693.0
19:04:39,6496.96,6505.0,-656.1256,55396.0
19:04:39,6496.96,6510.0,-705.8158,63011.0
19:04:39,6496.96,6515.0,-379.5689,65158.0
19:04:39,6496.96,6520.0,-593.6537,74256.0
19:04:39,6496.96,6525.0,-625.4225,63791.0
19:04:39,6496.96,6530.0,-290.2407,67088.0
19:04:39,6496.96,6535.0,-110.4798,53668.0
19:04:39,6496.96,6540.0,-251.1351,69826.0
19:04:39,6496.96,6545.0,-126.115,53849.0
19:04:39,6496.96,6550.0,-180.2043,89420.0
19:04:39,6496.96,6555.0,-88.4102,45580.0
19:04:39,6496.96,6560.0,-36.9128,58696.0
19:04:39,6496.96,6565.0,-31.9844,55462.0
19:04:39,6496.96,6570.0,-17.7941,57965.0
19:22:29,6494.22,6420.0,-160.1864,11634.0
19:22:29,6494.22,6425.0,-158.0686,14176.0
19:22:29,6494.22,6430.0,-168.0481,18196.0
19:22:29,6494.22,6435.0,-193.6006,14678.0
19:22:29,6494.22,6440.0,-315.6805,23491.0
19:22:29,6494.22,6445.0,-299.169,20066.0
19:22:29,6494.22,6450.0,-682.782,40956.0
19:22:29,6494.22,6455.0,-355.4015,26580.0
19:22:29,6494.22,6460.0,-484.7371,41116.0
19:22:29,6494.22,6465.0,-1127.3764,36124.0
19:22:29,6494.22,6470.0,-1537.4236,55484.0
19:22:29,6494.22,6475.0,-1265.6999,57873.0
19:22:29,6494.22,6480.0,-794.2952,57659.0
19:22:29,6494.22,6485.0,-935.4791,58372.0
19:22:29,6494.22,6490.0,-1184.737,82778.0
19:22:29,6494.22,6495.0,-1279.751,61788.0
19:22:29,6494.22,6500.0,-1819.6673,123938.0
19:22:29,6494.22,6505.0,-655.5722,58867.0
19:22:29,6494.22,6510.0,-705.2206,67055.0
19:22:29,6494.22,6515.0,-379.2488,68930.0
19:22:29,6494.22,6520.0,-593.1531,78234.0
19:22:29,6494.22,6525.0,-624.8951,69293.0
19:22:29,6494.22,6530.0,-289.9959,69805.0
19:22:29,6494.22,6535.0,-88.7651,58169.0
19:22:29,6494.22,6540.0,-203.4774,72405.0
19:22:29,6494.22,6545.0,-106.9986,55593.0
19:22:29,6494.22,6550.0,-184.8645,91775.0
19:22:29,6494.22,6555.0,-79.333,46713.0
19:22:29,6494.22,6560.0,-34.3347,60634.0
19:22:29,6494.22,6565.0,-29.9805,56841.0
19:25:54,6495.97,6425.0,-130.4951,14755.0
19:25:54,6495.97,6430.0,-136.2376,18310.0
19:25:54,6495.97,6435.0,-194.2777,14758.0
19:25:54,6495.97,6440.0,-276.1564,23556.0
19:25:54,6495.97,6445.0,-299.3303,20576.0
19:25:54,6495.97,6450.0,-573.9293,41248.0
19:25:54,6495.97,6455.0,-317.3956,26852.0
19:25:54,6495.97,6460.0,-502.4977,41581.0
19:25:54,6495.97,6465.0,-1090.4723,36464.0
19:25:54,6495.97,6470.0,-1539.7825,56471.0
19:25:54,6495.97,6475.0,-1354.7644,58386.0
19:25:54,6495.97,6480.0,-869.6924,58527.0
19:25:54,6495.97,6485.0,-1019.2586,59000.0
19:25:54,6495.97,6490.0,-1174.1571,84024.0
19:25:54,6495.97,6495.0,-1307.0208,63391.0
19:25:54,6495.97,6500.0,-1972.5658,125832.0
19:25:54,6495.97,6505.0,-698.0658,59707.0
19:25:54,6495.97,6510.0,-737.6466,67715.0
19:25:54,6495.97,6515.0,-387.0489,69329.0
19:25:54,6495.97,6520.0,-572.2738,78929.0
19:25:54,6495.97,6525.0,-604.6454,70058.0
19:25:54,6495.97,6530.0,-270.0503,70148.0
19:25:54,6495.97,6535.0,-104.8203,58599.0
19:25:54,6495.97,6540.0,-230.7895,72628.0
19:25:54,6495.97,6545.0,-107.0563,55798.0
19:25:54,6495.97,6550.0,-193.9375,91982.0
19:25:54,6495.97,6555.0,-94.7939,46776.0
19:25:54,6495.97,6560.0,-40.5564,60743.0
19:25:54,6495.97,6565.0,-33.1553,56952.0
19:25:54,6495.97,6570.0,-17.7887,58666.0
19:31:32,6494.2,6420.0,-105.7668,11817.0
19:31:32,6494.2,6425.0,-140.3689,14905.0
19:31:32,6494.2,6430.0,-144.4507,18462.0
19:31:32,6494.2,6435.0,-214.5031,14949.0
19:31:32,6494.2,6440.0,-290.9552,23843.0
19:31:32,6494.2,6445.0,-250.978,21003.0
19:31:32,6494.2,6450.0,-613.0521,42366.0
19:31:32,6494.2,6455.0,-331.1108,27416.0
19:31:32,6494.2,6460.0,-523.4826,42589.0
19:31:32,6494.2,6465.0,-1217.7712,37510.0
19:31:32,6494.2,6470.0,-1705.6476,58038.0
19:31:32,6494.2,6475.0,-1447.2032,59820.0
19:31:32,6494.2,6480.0,-927.709,60004.0
19:31:32,6494.2,6485.0,-1077.9466,60965.0
19:31:32,6494.2,6490.0,-1224.3901,87177.0
19:31:32,6494.2,6495.0,-1334.5534,66360.0
19:31:32,6494.2,6500.0,-1983.7712,128646.0
19:31:32,6494.2,6505.0,-685.5529,60883.0
19:31:32,6494.2,6510.0,-705.939,68997.0
19:31:32,6494.2,6515.0,-361.9859,71110.0
19:31:32,6494.2,6520.0,-540.6143,81049.0
19:31:32,6494.2,6525.0,-557.4109,71591.0
19:31:32,6494.2,6530.0,-248.5905,71459.0
19:31:32,6494.2,6535.0,-90.2849,59358.0
19:31:32,6494.2,6540.0,-230.6637,73343.0
19:31:32,6494.2,6545.0,-114.8748,56302.0
19:31:32,6494.2,6550.0,-152.6612,92522.0
19:31:32,6494.2,6555.0,-81.3644,47690.0
19:31:32,6494.2,6560.0,-35.3464,62014.0
19:31:32,6494.2,6565.0,-30.9157,57153.0
19:33:42,6494.2,6420.0,-102.3097,11833.0
19:33:42,6494.2,6425.0,-134.6368,15013.0
19:33:42,6494.2,6430.0,-127.5095,18607.0
19:33:42,6494.2,6435.0,-214.5031,15030.0
19:33:42,6494.2,6440.0,-273.2578,23976.0
19:33:42,6494.2,6445.0,-236.614,21052.0
19:33:42,6494.2,6450.0,-542.0348,42568.0
19:33:42,6494.2,6455.0,-296.4935,27520.0
19:33:42,6494.2,6460.0,-469.7928,42896.0
19:33:42,6494.2,6465.0,-1182.7345,37792.0
19:33:42,6494.2,6470.0,-1658.4035,58547.0
19:33:42,6494.2,6475.0,-1392.9581,60335.0
19:33:42,6494.2,6480.0,-928.6498,60446.0
19:33:42,6494.2,6485.0,-1085.9165,61583.0
19:33:42,6494.2,6490.0,-1260.8324,87967.0
19:33:42,6494.2,6495.0,-1398.9799,67492.0
19:33:42,6494.2,6500.0,-2090.095,129771.0
19:33:42,6494.2,6505.0,-712.2197,61297.0
19:33:42,6494.2,6510.0,-741.9408,69468.0
19:33:42,6494.2,6515.0,-387.1129,71494.0
19:33:42,6494.2,6520.0,-557.9413,81543.0
19:33:42,6494.2,6525.0,-562.6339,71868.0
19:33:42,6494.2,6530.0,-259.3743,71693.0
19:33:42,6494.2,6535.0,-97.4562,59602.0
19:33:42,6494.2,6540.0,-203.6256,73473.0
19:33:42,6494.2,6545.0,-116.0429,56360.0
19:33:42,6494.2,6550.0,-152.6612,92682.0
19:33:42,6494.2,6555.0,-81.3644,47823.0
19:33:42,6494.2,6560.0,-37.3167,62160.0
19:33:42,6494.2,6565.0,-31.6421,57230.0
19:37:40,6496.24,6425.0,-134.7214,15073.0
19:37:40,6496.24,6430.0,-127.5896,18703.0
19:37:40,6496.24,6435.0,-185.1639,15106.0
19:37:40,6496.24,6440.0,-230.3506,24235.0
19:37:40,6496.24,6445.0,-215.9325,21148.0
19:37:40,6496.24,6450.0,-478.4431,42881.0
19:37:40,6496.24,6455.0,-296.6798,27726.0
19:37:40,6496.24,6460.0,-470.088,43483.0
19:37:40,6496.24,6465.0,-1183.4777,38515.0
19:37:40,6496.24,6470.0,-1659.4455,59187.0
19:37:40,6496.24,6475.0,-1393.8334,61009.0
19:37:40,6496.24,6480.0,-929.2333,61172.0
19:37:40,6496.24,6485.0,-1086.5988,62546.0
19:37:40,6496.24,6490.0,-1218.3948,89439.0
19:37:40,6496.24,6495.0,-1359.0186,69425.0
19:37:40,6496.24,6500.0,-2062.0706,131501.0
19:37:40,6496.24,6505.0,-712.2155,61900.0
19:37:40,6496.24,6510.0,-742.407,70283.0
19:37:40,6496.24,6515.0,-387.3561,72065.0
19:37:40,6496.24,6520.0,-558.2919,82579.0
19:37:40,6496.24,6525.0,-562.9875,72629.0
19:37:40,6496.24,6530.0,-244.4873,72251.0
19:37:40,6496.24,6535.0,-103.2813,59946.0
19:37:40,6496.24,6540.0,-203.7536,73737.0
19:37:40,6496.24,6545.0,-117.6197,56507.0
19:37:40,6496.24,6550.0,-171.2754,93576.0
19:37:40,6496.24,6555.0,-90.7159,47963.0
19:37:40,6496.24,6560.0,-37.3401,62255.0
19:37:40,6496.24,6565.0,-31.662,57286.0
19:37:40,6496.24,6570.0,-17.7902,58666.0
19:39:56,6495.95,6425.0,-112.3344,15122.0
19:39:56,6495.95,6430.0,-108.697,18712.0
19:39:56,6495.95,6435.0,-160.739,15168.0
19:39:56,6495.95,6440.0,-196.6592,24432.0
19:39:56,6495.95,6445.0,-194.9357,22009.0
19:39:56,6495.95,6450.0,-454.2268,43073.0
19:39:56,6495.95,6455.0,-247.3193,27898.0
19:39:56,6495.95,6460.0,-398.7673,43745.0
19:39:56,6495.95,6465.0,-972.222,38946.0
19:39:56,6495.95,6470.0,-1406.9366,59811.0
19:39:56,6495.95,6475.0,-1268.7764,61582.0
19:39:56,6495.95,6480.0,-877.2765,61869.0
19:39:56,6495.95,6485.0,-1041.638,62897.0
19:39:56,6495.95,6490.0,-1218.2861,90261.0
19:39:56,6495.95,6495.0,-1358.8972,70258.0
19:39:56,6495.95,6500.0,-2061.8865,133019.0
19:39:56,6495.95,6505.0,-727.6458,62250.0
19:39:56,6495.95,6510.0,-802.153,70713.0
19:39:56,6495.95,6515.0,-412.3952,72486.0
19:39:56,6495.95,6520.0,-624.1575,83135.0
19:39:56,6495.95,6525.0,-643.276,72989.0
19:39:56,6495.95,6530.0,-291.0478,72536.0
19:39:56,6495.95,6535.0,-110.7652,60120.0
19:39:56,6495.95,6540.0,-252.3331,73837.0
19:39:56,6495.95,6545.0,-124.5645,56656.0
19:39:56,6495.95,6550.0,-184.6508,93689.0
19:39:56,6495.95,6555.0,-90.7434,47982.0
19:39:56,6495.95,6560.0,-39.1142,62295.0
19:39:56,6495.95,6565.0,-33.6432,57401.0
19:39:56,6495.95,6570.0,-23.8557,59010.0
20:22:12,6487.99,6415.0,-0.0,7252.0
20:22:12,6487.99,6420.0,-102.1141,12583.0
20:22:12,6487.99,6425.0,-112.0592,15793.0
20:22:12,6487.99,6430.0,-108.4188,20375.0
20:22:12,6487.99,6435.0,-172.5773,16325.0
20:22:12,6487.99,6440.0,-254.3925,26795.0
20:22:12,6487.99,6445.0,-251.3035,25094.0
20:22:12,6487.99,6450.0,-453.1143,48110.0
20:22:12,6487.99,6455.0,-246.7135,31090.0
20:22:12,6487.99,6460.0,-397.7906,50718.0
20:22:12,6487.99,6465.0,-969.8408,46382.0
20:22:12,6487.99,6470.0,-1403.4907,74882.0
20:22:12,6487.99,6475.0,-1265.6688,77319.0
20:22:12,6487.99,6480.0,-1479.4606,78851.0
20:22:12,6487.99,6485.0,-1740.7529,85786.0
20:22:12,6487.99,6490.0,-1885.2595,117765.0
20:22:12,6487.99,6495.0,-1853.5078,92030.0
20:22:12,6487.99,6500.0,-2025.6878,158390.0
20:22:12,6487.99,6505.0,-725.8636,74218.0
20:22:12,6487.99,6510.0,-800.1883,85583.0
20:22:12,6487.99,6515.0,-411.3852,83109.0
20:22:12,6487.99,6520.0,-622.6288,94908.0
20:22:12,6487.99,6525.0,-641.7004,80461.0
20:22:12,6487.99,6530.0,-88.6049,81412.0
20:22:12,6487.99,6535.0,-44.1793,64649.0
20:22:12,6487.99,6540.0,-93.3633,77493.0
20:22:12,6487.99,6545.0,-44.77,59493.0
20:22:12,6487.99,6550.0,-184.1986,98338.0
20:22:12,6487.99,6555.0,-90.5211,50851.0
20:22:12,6487.99,6560.0,-39.0184,64177.0
20:22:28,6487.85,6415.0,-62.4178,7253.0
20:22:28,6487.85,6420.0,-75.1038,12583.0
20:22:28,6487.85,6425.0,-103.3483,15793.0
20:22:28,6487.85,6430.0,-111.5918,20425.0
20:22:28,6487.85,6435.0,-168.7417,16337.0
20:22:28,6487.85,6440.0,-246.8963,26796.0
20:22:28,6487.85,6445.0,-251.2926,25094.0
20:22:28,6487.85,6450.0,-587.9762,48133.0
20:22:28,6487.85,6455.0,-340.2685,31133.0
20:22:28,6487.85,6460.0,-588.0994,50763.0
20:22:28,6487.85,6465.0,-1465.0558,46412.0
20:22:28,6487.85,6470.0,-2245.1686,75023.0
20:22:28,6487.85,6475.0,-2130.1762,77435.0
20:22:28,6487.85,6480.0,-1479.3968,78966.0
20:22:28,6487.85,6485.0,-1740.6777,85948.0
20:22:28,6487.85,6490.0,-1885.1782,118102.0
20:22:28,6487.85,6495.0,-1853.4278,92161.0
20:22:28,6487.85,6500.0,-2355.3768,158508.0
20:22:28,6487.85,6505.0,-684.3529,74308.0
20:22:28,6487.85,6510.0,-554.1206,85633.0
20:22:28,6487.85,6515.0,-236.4973,83144.0
20:22:28,6487.85,6520.0,-322.7057,94948.0
20:22:28,6487.85,6525.0,-284.5944,80463.0
20:22:28,6487.85,6530.0,-117.0048,81414.0
20:22:28,6487.85,6535.0,-44.1774,64749.0
20:22:28,6487.85,6540.0,-93.3593,77494.0
20:22:28,6487.85,6545.0,-44.7681,59515.0
20:22:28,6487.85,6550.0,-62.9965,98338.0
20:22:28,6487.85,6555.0,-31.5255,50853.0
20:22:28,6487.85,6560.0,-13.0508,64188.0
