Timestamp,Spot,Strike,NetGEX,Volume
00:03:48,7165.08,4600.0,-0.0,4.0
00:03:48,7165.08,5300.0,-0.0,1.0
00:03:48,7165.08,5400.0,-0.0,3.0
00:03:48,7165.08,5500.0,-0.0,1.0
00:03:48,7165.08,5575.0,-0.0,1.0
00:03:48,7165.08,5625.0,-0.0,1.0
00:03:48,7165.08,5650.0,-0.0,1.0
00:03:48,7165.08,5800.0,-0.0,4.0
00:03:48,7165.08,5900.0,-0.0,3.0
00:03:48,7165.08,6000.0,-0.0,24.0
00:03:48,7165.08,6100.0,-0.0,876.0
00:03:48,7165.08,6110.0,-0.0,105.0
00:03:48,7165.08,6120.0,-0.0,81.0
00:03:48,7165.08,6125.0,-0.0,13.0
00:03:48,7165.08,6130.0,-0.0,3.0
00:03:48,7165.08,6140.0,-0.0,100.0
00:03:48,7165.08,6150.0,-0.0,297.0
00:03:48,7165.08,6160.0,-0.0,85.0
00:03:48,7165.08,6170.0,-0.0,87.0
00:03:48,7165.08,6175.0,-0.0,163.0
00:03:48,7165.08,6180.0,-0.0,10.0
00:03:48,7165.08,6190.0,-0.0,97.0
00:03:48,7165.08,6200.0,-0.0,1177.0
00:03:48,7165.08,6220.0,-0.0,40.0
00:03:48,7165.08,6225.0,-0.0,150.0
00:03:48,7165.08,6230.0,-0.0,302.0
00:03:48,7165.08,6240.0,-0.0,60.0
00:03:48,7165.08,6250.0,-0.0,226.0
00:03:48,7165.08,6260.0,-0.0,200.0
00:03:48,7165.08,6270.0,-0.0,101.0
00:03:48,7165.08,6275.0,-0.0,30.0
00:03:48,7165.08,6280.0,-0.0,20.0
00:03:48,7165.08,6290.0,-0.0,38.0
00:03:48,7165.08,6300.0,-0.0,96.0
00:03:48,7165.08,6310.0,-0.0,161.0
00:03:48,7165.08,6320.0,-0.0,10.0
00:03:48,7165.08,6325.0,-0.0,30.0
00:03:48,7165.08,6330.0,-0.0,196.0
00:03:48,7165.08,6340.0,-0.0,10.0
00:03:48,7165.08,6350.0,-0.0,95.0
00:03:48,7165.08,6360.0,-0.0,58.0
00:03:48,7165.08,6370.0,-0.0,50.0
00:03:48,7165.08,6375.0,-0.0,5.0
00:03:48,7165.08,6380.0,-0.0,44.0
00:03:48,7165.08,6390.0,0.0,11.0
00:03:48,7165.08,6400.0,-0.0,152.0
00:03:48,7165.08,6410.0,-0.0,5.0
00:03:48,7165.08,6420.0,-0.0,14.0
00:03:48,7165.08,6425.0,0.0,52.0
00:03:48,7165.08,6430.0,0.0,7.0
00:03:48,7165.08,6440.0,-0.0,44.0
00:03:48,7165.08,6450.0,-0.0,1068.0
00:03:48,7165.08,6460.0,-0.0,80.0
00:03:48,7165.08,6470.0,-0.0,8.0
00:03:48,7165.08,6475.0,0.0,3.0
00:03:48,7165.08,6480.0,-0.0,35.0
00:03:48,7165.08,6485.0,-0.0,8.0
00:03:48,7165.08,6490.0,-0.0,5.0
00:03:48,7165.08,6500.0,0.0,70.0
00:03:48,7165.08,6505.0,-0.0,100.0
00:03:48,7165.08,6510.0,-0.0,118.0
00:03:48,7165.08,6515.0,-0.0,117.0
00:03:48,7165.08,6520.0,-0.0,29.0
00:03:48,7165.08,6525.0,0.0,4.0
00:03:48,7165.08,6530.0,-0.0,1.0
00:03:48,7165.08,6535.0,-0.0,64.0
00:03:48,7165.08,6540.0,-0.0,22.0
00:03:48,7165.08,6545.0,-0.0,58.0
00:03:48,7165.08,6555.0,0.0,27.0
00:03:48,7165.08,6560.0,-0.0,15.0
00:03:48,7165.08,6565.0,-0.0,3.0
00:03:48,7165.08,6570.0,-0.0,1.0
00:03:48,7165.08,6580.0,-0.0,13.0
00:03:48,7165.08,6585.0,-0.0,48.0
00:03:48,7165.08,6590.0,-0.0,57.0
00:03:48,7165.08,6595.0,-0.0,79.0
00:03:48,7165.08,6600.0,0.0,4.0
00:03:48,7165.08,6605.0,-0.0,30.0
00:03:48,7165.08,6610.0,-0.0,106.0
00:03:48,7165.08,6615.0,-0.0,95.0
00:03:48,7165.08,6620.0,-0.0,80.0
00:03:48,7165.08,6625.0,0.0,16.0
00:03:48,7165.08,6630.0,-0.0,40.0
00:03:48,7165.08,6635.0,-0.0,137.0
00:03:48,7165.08,6640.0,-0.0,87.0
00:03:48,7165.08,6645.0,-0.0,27.0
00:03:48,7165.08,6650.0,0.0,3.0
00:03:48,7165.08,6655.0,-0.0,70.0
00:03:48,7165.08,6660.0,-0.0,88.0
00:03:48,7165.08,6665.0,-0.0,6.0
00:03:48,7165.08,6670.0,-0.0,3.0
00:03:48,7165.08,6675.0,0.0001,33.0
00:03:48,7165.08,6680.0,-0.0,62.0
00:03:48,7165.08,6685.0,-0.0,296.0
00:03:48,7165.08,6690.0,-0.0002,181.0
00:03:48,7165.08,6695.0,-0.0,31.0
00:03:48,7165.08,6700.0,0.0001,48.0
00:03:48,7165.08,6705.0,-0.0001,49.0
00:03:48,7165.08,6710.0,-0.0002,565.0
00:03:48,7165.08,6715.0,-0.0002,166.0
00:03:48,7165.08,6720.0,-0.0004,44.0
00:03:48,7165.08,6725.0,0.0003,23.0
00:03:48,7165.08,6730.0,-0.0008,67.0
00:03:48,7165.08,6735.0,-0.0016,56.0
00:03:48,7165.08,6740.0,-0.0022,181.0
00:03:48,7165.08,6745.0,-0.0006,87.0
00:03:48,7165.08,6750.0,0.0016,36.0
00:03:48,7165.08,6755.0,-0.0019,195.0
00:03:48,7165.08,6760.0,-0.007,1870.0
00:03:48,7165.08,6765.0,-0.0031,293.0
00:03:48,7165.08,6770.0,-0.0089,136.0
00:03:48,7165.08,6775.0,0.0118,17.0
00:03:48,7165.08,6780.0,-0.0111,279.0
00:03:48,7165.08,6785.0,-0.0106,132.0
00:03:48,7165.08,6790.0,-0.0215,220.0
00:03:48,7165.08,6795.0,-0.0608,189.0
00:03:48,7165.08,6800.0,0.0256,96.0
00:03:48,7165.08,6805.0,-0.1026,347.0
00:03:48,7165.08,6810.0,-0.0975,711.0
00:03:48,7165.08,6815.0,-0.0214,296.0
00:03:48,7165.08,6820.0,-0.0584,160.0
00:03:48,7165.08,6825.0,0.116,55.0
00:03:48,7165.08,6830.0,-0.0506,188.0
00:03:48,7165.08,6835.0,-0.0602,221.0
00:03:48,7165.08,6840.0,-0.16,1229.0
00:03:48,7165.08,6845.0,-0.2437,4311.0
00:03:48,7165.08,6850.0,0.1985,45.0
00:03:48,7165.08,6855.0,-0.413,690.0
00:03:48,7165.08,6860.0,-0.5511,2311.0
00:03:48,7165.08,6865.0,-0.6827,651.0
00:03:48,7165.08,6870.0,-0.2721,406.0
00:03:48,7165.08,6875.0,1.0132,16.0
00:03:48,7165.08,6880.0,-1.0618,615.0
00:03:48,7165.08,6885.0,-13.817,6460.0
00:03:48,7165.08,6890.0,-0.825,763.0
00:03:48,7165.08,6895.0,-19.1141,6746.0
00:03:48,7165.08,6900.0,2.4864,112.0
00:03:48,7165.08,6905.0,-1.2031,880.0
00:03:48,7165.08,6910.0,-1.4923,1170.0
00:03:48,7165.08,6915.0,-1.2064,2764.0
00:03:48,7165.08,6920.0,-0.7761,1309.0
00:03:48,7165.08,6925.0,-1.0761,1913.0
00:03:48,7165.08,6930.0,-5.7977,2200.0
00:03:48,7165.08,6935.0,-3.2501,1171.0
00:03:48,7165.08,6940.0,-0.6602,1353.0
00:03:48,7165.08,6945.0,-39.9374,7592.0
00:03:48,7165.08,6950.0,-61.6649,8046.0
00:03:48,7165.08,6955.0,-25.4936,1528.0
00:03:48,7165.08,6960.0,-13.141,1831.0
00:03:48,7165.08,6965.0,-6.3978,649.0
00:03:48,7165.08,6970.0,-4.1436,2617.0
00:03:48,7165.08,6975.0,-15.0898,2778.0
00:03:48,7165.08,6980.0,-14.1651,3571.0
00:03:48,7165.08,6985.0,-12.9884,1391.0
00:03:48,7165.08,6990.0,-17.337,2455.0
00:03:48,7165.08,6995.0,-16.4244,1444.0
00:03:48,7165.08,7000.0,91.1307,483.0
00:03:48,7165.08,7005.0,-126.529,2523.0
00:03:48,7165.08,7010.0,-3.725,2245.0
00:03:48,7165.08,7015.0,-10.7498,2148.0
00:03:48,7165.08,7020.0,-4.1122,2885.0
00:03:48,7165.08,7025.0,-24.5871,2772.0
00:03:48,7165.08,7030.0,44.2324,3035.0
00:03:48,7165.08,7035.0,-20.2507,2182.0
00:03:48,7165.08,7040.0,-31.1121,3150.0
00:03:48,7165.08,7045.0,308.3998,2285.0
00:03:48,7165.08,7050.0,-95.5946,9557.0
00:03:48,7165.08,7055.0,-195.4224,2665.0
00:03:48,7165.08,7060.0,-41.4304,2935.0
00:03:48,7165.08,7065.0,-15.1002,1971.0
00:03:48,7165.08,7070.0,3.8618,2978.0
00:03:48,7165.08,7075.0,-55.5984,2724.0
00:03:48,7165.08,7080.0,-54.2907,2314.0
00:03:48,7165.08,7085.0,-24.8423,1883.0
00:03:48,7165.08,7090.0,-49.6816,3620.0
00:03:48,7165.08,7095.0,-15.3363,2889.0
00:03:48,7165.08,7100.0,127.8095,10605.0
00:03:48,7165.08,7105.0,18.3136,1938.0
00:03:48,7165.08,7110.0,-24.7531,2670.0
00:03:48,7165.08,7115.0,22.6923,2447.0
00:03:48,7165.08,7120.0,74.7954,4735.0
00:03:48,7165.08,7125.0,1.3871,7040.0
00:03:48,7165.08,7130.0,1432.7542,10252.0
00:03:48,7165.08,7135.0,36.5812,2866.0
00:03:48,7165.08,7140.0,293.1332,5724.0
00:03:48,7165.08,7145.0,40.4458,2663.0
00:03:48,7165.08,7150.0,95.4028,13358.0
00:03:48,7165.08,7155.0,654.3267,6007.0
00:03:48,7165.08,7160.0,1144.1108,14943.0
00:03:48,7165.08,7165.0,49.9362,7850.0
00:03:48,7165.08,7170.0,215.7644,9019.0
00:03:48,7165.08,7175.0,324.0935,4217.0
00:03:48,7165.08,7180.0,122.0941,3557.0
00:03:48,7165.08,7185.0,82.3908,5475.0
00:03:48,7165.08,7190.0,143.775,2934.0
00:03:48,7165.08,7195.0,119.8409,1872.0
00:03:48,7165.08,7200.0,681.2964,10217.0
00:03:48,7165.08,7205.0,84.4635,2364.0
00:03:48,7165.08,7210.0,213.0405,3161.0
00:03:48,7165.08,7215.0,122.7578,4770.0
00:03:48,7165.08,7220.0,216.5669,5948.0
00:03:48,7165.08,7225.0,166.4071,4712.0
00:03:48,7165.08,7230.0,178.4028,3379.0
00:03:48,7165.08,7235.0,70.096,2238.0
00:03:48,7165.08,7240.0,181.1292,9393.0
00:03:48,7165.08,7245.0,89.3606,2157.0
00:03:48,7165.08,7250.0,1201.5839,17796.0
00:03:48,7165.08,7255.0,447.6,5766.0
00:03:48,7165.08,7260.0,120.2444,7072.0
00:03:48,7165.08,7265.0,101.9265,2732.0
00:03:48,7165.08,7270.0,162.8743,3232.0
00:03:48,7165.08,7275.0,281.902,11907.0
00:03:48,7165.08,7280.0,198.7932,7149.0
00:03:48,7165.08,7290.0,104.1806,3242.0
00:03:48,7165.08,7300.0,264.9317,8357.0
00:03:48,7165.08,7310.0,56.9585,738.0
00:03:48,7165.08,7320.0,72.7014,1218.0
00:03:48,7165.08,7325.0,76.1697,367.0
00:03:48,7165.08,7330.0,51.9594,995.0
00:03:48,7165.08,7350.0,102.7869,6953.0
00:03:48,7165.08,7375.0,25.4988,10617.0
00:03:48,7165.08,7400.0,15.4902,4230.0
00:03:48,7165.08,7425.0,4.2126,194.0
00:03:48,7165.08,7450.0,3.4958,474.0
00:03:48,7165.08,7475.0,0.2361,140.0
00:03:48,7165.08,7500.0,0.1662,297.0
00:03:48,7165.08,7525.0,0.0024,0.0
00:03:48,7165.08,7600.0,0.0006,2.0
00:03:48,7165.08,7700.0,0.0001,0.0
00:03:48,7165.08,7800.0,0.0,1.0
00:03:48,7165.08,8000.0,0.0,2.0
00:03:48,7165.08,8800.0,0.0,2.0
00:03:48,7165.08,9200.0,0.0,1.0
00:21:48,7165.08,4600.0,-0.0,4.0
00:21:48,7165.08,5300.0,-0.0,1.0
00:21:48,7165.08,5400.0,-0.0,3.0
00:21:48,7165.08,5500.0,-0.0,1.0
00:21:48,7165.08,5575.0,-0.0,1.0
00:21:48,7165.08,5625.0,-0.0,1.0
00:21:48,7165.08,5650.0,-0.0,1.0
00:21:48,7165.08,5800.0,-0.0,4.0
00:21:48,7165.08,5900.0,-0.0,3.0
00:21:48,7165.08,6000.0,-0.0,24.0
00:21:48,7165.08,6100.0,-0.0,876.0
00:21:48,7165.08,6110.0,-0.0,105.0
00:21:48,7165.08,6120.0,-0.0,81.0
00:21:48,7165.08,6125.0,-0.0,13.0
00:21:48,7165.08,6130.0,-0.0,3.0
00:21:48,7165.08,6140.0,-0.0,100.0
00:21:48,7165.08,6150.0,-0.0,297.0
00:21:48,7165.08,6160.0,-0.0,85.0
00:21:48,7165.08,6170.0,-0.0,87.0
00:21:48,7165.08,6175.0,-0.0,163.0
00:21:48,7165.08,6180.0,-0.0,10.0
00:21:48,7165.08,6190.0,-0.0,97.0
00:21:48,7165.08,6200.0,-0.0,1177.0
00:21:48,7165.08,6220.0,-0.0,40.0
00:21:48,7165.08,6225.0,-0.0,150.0
00:21:48,7165.08,6230.0,-0.0,302.0
00:21:48,7165.08,6240.0,-0.0,60.0
00:21:48,7165.08,6250.0,-0.0,226.0
00:21:48,7165.08,6260.0,-0.0,200.0
00:21:48,7165.08,6270.0,-0.0,101.0
00:21:48,7165.08,6275.0,-0.0,30.0
00:21:48,7165.08,6280.0,-0.0,20.0
00:21:48,7165.08,6290.0,-0.0,38.0
00:21:48,7165.08,6300.0,-0.0,96.0
00:21:48,7165.08,6310.0,-0.0,161.0
00:21:48,7165.08,6320.0,-0.0,10.0
00:21:48,7165.08,6325.0,-0.0,30.0
00:21:48,7165.08,6330.0,-0.0,196.0
00:21:48,7165.08,6340.0,-0.0,10.0
00:21:48,7165.08,6350.0,-0.0,95.0
00:21:48,7165.08,6360.0,-0.0,58.0
00:21:48,7165.08,6370.0,-0.0,50.0
00:21:48,7165.08,6375.0,-0.0,5.0
00:21:48,7165.08,6380.0,-0.0,44.0
00:21:48,7165.08,6390.0,0.0,11.0
00:21:48,7165.08,6400.0,-0.0,152.0
00:21:48,7165.08,6410.0,-0.0,5.0
00:21:48,7165.08,6420.0,-0.0,14.0
00:21:48,7165.08,6425.0,0.0,52.0
00:21:48,7165.08,6430.0,-0.0,7.0
00:21:48,7165.08,6440.0,-0.0,44.0
00:21:48,7165.08,6450.0,-0.0,1068.0
00:21:48,7165.08,6460.0,-0.0,80.0
00:21:48,7165.08,6470.0,-0.0,8.0
00:21:48,7165.08,6475.0,-0.0,3.0
00:21:48,7165.08,6480.0,-0.0,35.0
00:21:48,7165.08,6485.0,-0.0,8.0
00:21:48,7165.08,6490.0,-0.0,5.0
00:21:48,7165.08,6500.0,-0.0,70.0
00:21:48,7165.08,6505.0,-0.0,100.0
00:21:48,7165.08,6510.0,-0.0,118.0
00:21:48,7165.08,6515.0,-0.0,117.0
00:21:48,7165.08,6520.0,-0.0,29.0
00:21:48,7165.08,6525.0,-0.0,4.0
00:21:48,7165.08,6530.0,-0.0,1.0
00:21:48,7165.08,6535.0,-0.0,64.0
00:21:48,7165.08,6540.0,-0.0,22.0
00:21:48,7165.08,6545.0,-0.0,58.0
00:21:48,7165.08,6555.0,0.0,27.0
00:21:48,7165.08,6560.0,-0.0,15.0
00:21:48,7165.08,6565.0,-0.0,3.0
00:21:48,7165.08,6570.0,0.0,1.0
00:21:48,7165.08,6580.0,-0.0,13.0
00:21:48,7165.08,6585.0,-0.0,48.0
00:21:48,7165.08,6590.0,-0.0,57.0
00:21:48,7165.08,6595.0,-0.0,79.0
00:21:48,7165.08,6600.0,-0.0,4.0
00:21:48,7165.08,6605.0,-0.0,30.0
00:21:48,7165.08,6610.0,-0.0,106.0
00:21:48,7165.08,6615.0,-0.0,95.0
00:21:48,7165.08,6620.0,-0.0,80.0
00:21:48,7165.08,6625.0,0.0,16.0
00:21:48,7165.08,6630.0,-0.0,40.0
00:21:48,7165.08,6635.0,-0.0,137.0
00:21:48,7165.08,6640.0,-0.0,87.0
00:21:48,7165.08,6645.0,-0.0,27.0
00:21:48,7165.08,6650.0,-0.0,3.0
00:21:48,7165.08,6655.0,-0.0,70.0
00:21:48,7165.08,6660.0,-0.0,88.0
00:21:48,7165.08,6665.0,-0.0,6.0
00:21:48,7165.08,6670.0,-0.0,3.0
00:21:48,7165.08,6675.0,0.0,33.0
00:21:48,7165.08,6680.0,-0.0,62.0
00:21:48,7165.08,6685.0,-0.0,296.0
00:21:48,7165.08,6690.0,-0.0002,181.0
00:21:48,7165.08,6695.0,-0.0,31.0
00:21:48,7165.08,6700.0,-0.0014,48.0
00:21:48,7165.08,6705.0,-0.0001,49.0
00:21:48,7165.08,6710.0,-0.0002,565.0
00:21:48,7165.08,6715.0,-0.0002,166.0
00:21:48,7165.08,6720.0,-0.0004,44.0
00:21:48,7165.08,6725.0,-0.0006,23.0
00:21:48,7165.08,6730.0,-0.0008,67.0
00:21:48,7165.08,6735.0,-0.0016,56.0
00:21:48,7165.08,6740.0,-0.0022,181.0
00:21:48,7165.08,6745.0,-0.0006,87.0
00:21:48,7165.08,6750.0,-0.0094,36.0
00:21:48,7165.08,6755.0,-0.0019,195.0
00:21:48,7165.08,6760.0,-0.007,1870.0
00:21:48,7165.08,6765.0,-0.0031,293.0
00:21:48,7165.08,6770.0,-0.0089,136.0
00:21:48,7165.08,6775.0,-0.0042,3448.0
00:21:48,7165.08,6780.0,-0.0111,276.0
00:21:48,7165.08,6785.0,-0.0106,130.0
00:21:48,7165.08,6790.0,-0.0215,220.0
00:21:48,7165.08,6795.0,-0.0608,159.0
00:21:48,7165.08,6800.0,-0.2388,2592.0
00:21:48,7165.08,6805.0,-0.1026,347.0
00:21:48,7165.08,6810.0,-0.0975,704.0
00:21:48,7165.08,6815.0,-0.0214,296.0
00:21:48,7165.08,6820.0,-0.0584,158.0
00:21:48,7165.08,6825.0,-0.0312,1565.0
00:21:48,7165.08,6830.0,-0.0506,188.0
00:21:48,7165.08,6835.0,-0.0602,221.0
00:21:48,7165.08,6840.0,-0.16,1189.0
00:21:48,7165.08,6845.0,-0.2437,4310.0
00:21:48,7165.08,6850.0,-0.8535,4380.0
00:21:48,7165.08,6855.0,-0.413,665.0
00:21:48,7165.08,6860.0,-0.5511,2311.0
00:21:48,7165.08,6865.0,-0.6827,651.0
00:21:48,7165.08,6870.0,-0.2721,406.0
00:21:48,7165.08,6875.0,-0.6819,3584.0
00:21:48,7165.08,6880.0,-1.0618,615.0
00:21:48,7165.08,6885.0,-13.817,6460.0
00:21:48,7165.08,6890.0,-0.825,763.0
00:21:48,7165.08,6895.0,-19.1141,6746.0
00:21:48,7165.08,6900.0,-13.6337,5330.0
00:21:48,7165.08,6905.0,-1.2031,880.0
00:21:48,7165.08,6910.0,-1.4923,1170.0
00:21:48,7165.08,6915.0,-1.2064,2764.0
00:21:48,7165.08,6920.0,-0.7761,1309.0
00:21:48,7165.08,6925.0,-1.0761,1913.0
00:21:48,7165.08,6930.0,-5.7977,2200.0
00:21:48,7165.08,6935.0,-3.2501,1171.0
00:21:48,7165.08,6940.0,-0.6602,1353.0
00:21:48,7165.08,6945.0,-39.9374,7592.0
00:21:48,7165.08,6950.0,-61.6649,8046.0
00:21:48,7165.08,6955.0,-25.4936,1528.0
00:21:48,7165.08,6960.0,-13.141,1831.0
00:21:48,7165.08,6965.0,-6.3978,649.0
00:21:48,7165.08,6970.0,-4.1436,2617.0
00:21:48,7165.08,6975.0,-15.0898,2778.0
00:21:48,7165.08,6980.0,-14.1651,3571.0
00:21:48,7165.08,6985.0,-12.9884,1391.0
00:21:48,7165.08,6990.0,-17.337,2455.0
00:21:48,7165.08,6995.0,-16.4244,1444.0
00:21:48,7165.08,7000.0,-11.9001,8907.0
00:21:48,7165.08,7005.0,-126.529,2523.0
00:21:48,7165.08,7010.0,-3.725,2245.0
00:21:48,7165.08,7015.0,-10.7498,2148.0
00:21:48,7165.08,7020.0,-4.1122,2885.0
00:21:48,7165.08,7025.0,-24.5871,2772.0
00:21:48,7165.08,7030.0,44.2324,3035.0
00:21:48,7165.08,7035.0,-20.2507,2182.0
00:21:48,7165.08,7040.0,-31.1121,3150.0
00:21:48,7165.08,7045.0,308.3998,2285.0
00:21:48,7165.08,7050.0,-95.5946,9557.0
00:21:48,7165.08,7055.0,-195.4224,2665.0
00:21:48,7165.08,7060.0,-41.4304,2935.0
00:21:48,7165.08,7065.0,-15.1002,1971.0
00:21:48,7165.08,7070.0,3.8618,2978.0
00:21:48,7165.08,7075.0,-55.5984,2724.0
00:21:48,7165.08,7080.0,-54.2907,2314.0
00:21:48,7165.08,7085.0,-24.8423,1883.0
00:21:48,7165.08,7090.0,-49.6816,3620.0
00:21:48,7165.08,7095.0,-15.3363,2889.0
00:21:48,7165.08,7100.0,127.8095,10605.0
00:21:48,7165.08,7105.0,18.3136,1938.0
00:21:48,7165.08,7110.0,-24.7531,2670.0
00:21:48,7165.08,7115.0,22.6923,2447.0
00:21:48,7165.08,7120.0,74.7954,4735.0
00:21:48,7165.08,7125.0,1.3871,7040.0
00:21:48,7165.08,7130.0,1432.7542,10252.0
00:21:48,7165.08,7135.0,36.5812,2866.0
00:21:48,7165.08,7140.0,293.1332,5724.0
00:21:48,7165.08,7145.0,40.4458,2663.0
00:21:48,7165.08,7150.0,95.4028,13358.0
00:21:48,7165.08,7155.0,654.3267,6007.0
00:21:48,7165.08,7160.0,1144.1108,14943.0
00:21:48,7165.08,7165.0,49.9362,7850.0
00:21:48,7165.08,7170.0,215.7644,9019.0
00:21:48,7165.08,7175.0,324.0935,4217.0
00:21:48,7165.08,7180.0,122.0941,3557.0
00:21:48,7165.08,7185.0,82.3908,5475.0
00:21:48,7165.08,7190.0,143.775,2934.0
00:21:48,7165.08,7195.0,119.8409,1872.0
00:21:48,7165.08,7200.0,681.2964,10217.0
00:21:48,7165.08,7205.0,84.4635,2364.0
00:21:48,7165.08,7210.0,213.0405,3161.0
00:21:48,7165.08,7215.0,122.7578,4770.0
00:21:48,7165.08,7220.0,216.5669,5948.0
00:21:48,7165.08,7225.0,166.4071,4712.0
00:21:48,7165.08,7230.0,178.4028,3379.0
00:21:48,7165.08,7235.0,70.096,2238.0
00:21:48,7165.08,7240.0,181.1292,9393.0
00:21:48,7165.08,7245.0,88.7401,2161.0
00:21:48,7165.08,7250.0,1201.5839,17796.0
00:21:48,7165.08,7255.0,447.3161,5768.0
00:21:48,7165.08,7260.0,118.2156,7087.0
00:21:48,7165.08,7265.0,101.798,2882.0
00:21:48,7165.08,7270.0,161.7779,3241.0
00:21:48,7165.08,7275.0,281.902,11907.0
00:21:48,7165.08,7280.0,198.4675,7154.0
00:21:48,7165.08,7285.0,114.7543,1336.0
00:21:48,7165.08,7290.0,104.0849,3242.0
00:21:48,7165.08,7295.0,113.7588,1915.0
00:21:48,7165.08,7300.0,264.9317,8357.0
00:21:48,7165.08,7305.0,18.4327,440.0
00:21:48,7165.08,7310.0,56.8141,740.0
00:21:48,7165.08,7315.0,29.3403,746.0
00:21:48,7165.08,7320.0,72.6397,1219.0
00:21:48,7165.08,7325.0,76.1697,367.0
00:21:48,7165.08,7330.0,51.2283,997.0
00:21:48,7165.08,7335.0,1.292,382.0
00:21:48,7165.08,7340.0,23.7482,2278.0
00:21:48,7165.08,7345.0,0.7576,468.0
00:21:48,7165.08,7350.0,102.7869,6953.0
00:21:48,7165.08,7360.0,9.5505,250.0
00:21:48,7165.08,7370.0,23.323,771.0
00:21:48,7165.08,7375.0,25.4988,10617.0
00:21:48,7165.08,7380.0,12.2254,5156.0
00:21:48,7165.08,7390.0,33.0836,2139.0
00:21:48,7165.08,7400.0,15.4658,4230.0
00:21:48,7165.08,7410.0,0.0095,65.0
00:21:48,7165.08,7425.0,4.2126,194.0
00:21:48,7165.08,7450.0,3.4958,474.0
00:21:48,7165.08,7475.0,0.2361,140.0
00:21:48,7165.08,7500.0,0.1662,296.0
00:21:48,7165.08,7525.0,0.0024,0.0
00:21:48,7165.08,7600.0,0.0006,2.0
00:21:48,7165.08,7700.0,0.0001,0.0
00:21:48,7165.08,7800.0,0.0,1.0
00:21:48,7165.08,8000.0,0.0,2.0
00:21:48,7165.08,8800.0,0.0,2.0
00:21:48,7165.08,9200.0,0.0,1.0
00:26:48,7165.08,4600.0,-0.0,4.0
00:26:48,7165.08,5300.0,-0.0,1.0
00:26:48,7165.08,5400.0,-0.0,3.0
00:26:48,7165.08,5500.0,-0.0,1.0
00:26:48,7165.08,5575.0,-0.0,1.0
00:26:48,7165.08,5625.0,-0.0,1.0
00:26:48,7165.08,5650.0,-0.0,1.0
00:26:48,7165.08,5800.0,-0.0,4.0
00:26:48,7165.08,5900.0,-0.0,3.0
00:26:48,7165.08,6000.0,-0.0,24.0
00:26:48,7165.08,6100.0,-0.0,876.0
00:26:48,7165.08,6110.0,-0.0,105.0
00:26:48,7165.08,6120.0,-0.0,81.0
00:26:48,7165.08,6125.0,-0.0,13.0
00:26:48,7165.08,6130.0,-0.0,3.0
00:26:48,7165.08,6140.0,-0.0,100.0
00:26:48,7165.08,6150.0,-0.0,297.0
00:26:48,7165.08,6160.0,-0.0,85.0
00:26:48,7165.08,6170.0,-0.0,87.0
00:26:48,7165.08,6175.0,-0.0,163.0
00:26:48,7165.08,6180.0,-0.0,10.0
00:26:48,7165.08,6190.0,-0.0,97.0
00:26:48,7165.08,6200.0,-0.0,1177.0
00:26:48,7165.08,6220.0,-0.0,40.0
00:26:48,7165.08,6225.0,-0.0,150.0
00:26:48,7165.08,6230.0,-0.0,302.0
00:26:48,7165.08,6240.0,-0.0,60.0
00:26:48,7165.08,6250.0,-0.0,226.0
00:26:48,7165.08,6260.0,-0.0,200.0
00:26:48,7165.08,6270.0,-0.0,101.0
00:26:48,7165.08,6275.0,-0.0,30.0
00:26:48,7165.08,6280.0,-0.0,20.0
00:26:48,7165.08,6290.0,-0.0,38.0
00:26:48,7165.08,6300.0,-0.0,96.0
00:26:48,7165.08,6310.0,-0.0,161.0
00:26:48,7165.08,6320.0,-0.0,10.0
00:26:48,7165.08,6325.0,-0.0,30.0
00:26:48,7165.08,6330.0,-0.0,196.0
00:26:48,7165.08,6340.0,-0.0,10.0
00:26:48,7165.08,6350.0,-0.0,95.0
00:26:48,7165.08,6360.0,-0.0,58.0
00:26:48,7165.08,6370.0,-0.0,50.0
00:26:48,7165.08,6375.0,-0.0,5.0
00:26:48,7165.08,6380.0,-0.0,44.0
00:26:48,7165.08,6390.0,0.0,11.0
00:26:48,7165.08,6400.0,-0.0,152.0
00:26:48,7165.08,6410.0,-0.0,5.0
00:26:48,7165.08,6420.0,-0.0,14.0
00:26:48,7165.08,6425.0,0.0,52.0
00:26:48,7165.08,6430.0,-0.0,7.0
00:26:48,7165.08,6440.0,-0.0,44.0
00:26:48,7165.08,6450.0,-0.0,1068.0
00:26:48,7165.08,6460.0,-0.0,80.0
00:26:48,7165.08,6470.0,-0.0,8.0
00:26:48,7165.08,6475.0,-0.0,3.0
00:26:48,7165.08,6480.0,-0.0,35.0
00:26:48,7165.08,6485.0,-0.0,8.0
00:26:48,7165.08,6490.0,-0.0,5.0
00:26:48,7165.08,6500.0,-0.0,70.0
00:26:48,7165.08,6505.0,-0.0,100.0
00:26:48,7165.08,6510.0,-0.0,118.0
00:26:48,7165.08,6515.0,-0.0,117.0
00:26:48,7165.08,6520.0,-0.0,29.0
00:26:48,7165.08,6525.0,-0.0,4.0
00:26:48,7165.08,6530.0,-0.0,1.0
00:26:48,7165.08,6535.0,-0.0,64.0
00:26:48,7165.08,6540.0,-0.0,22.0
00:26:48,7165.08,6545.0,-0.0,58.0
00:26:48,7165.08,6555.0,0.0,27.0
00:26:48,7165.08,6560.0,-0.0,15.0
00:26:48,7165.08,6565.0,-0.0,3.0
00:26:48,7165.08,6570.0,0.0,1.0
00:26:48,7165.08,6580.0,-0.0,13.0
00:26:48,7165.08,6585.0,-0.0,48.0
00:26:48,7165.08,6590.0,-0.0,57.0
00:26:48,7165.08,6595.0,-0.0,79.0
00:26:48,7165.08,6600.0,-0.0,4.0
00:26:48,7165.08,6605.0,-0.0,30.0
00:26:48,7165.08,6610.0,-0.0,106.0
00:26:48,7165.08,6615.0,-0.0,95.0
00:26:48,7165.08,6620.0,-0.0,80.0
00:26:48,7165.08,6625.0,0.0,16.0
00:26:48,7165.08,6630.0,-0.0,40.0
00:26:48,7165.08,6635.0,-0.0,137.0
00:26:48,7165.08,6640.0,-0.0,87.0
00:26:48,7165.08,6645.0,-0.0,27.0
00:26:48,7165.08,6650.0,-0.0,3.0
00:26:48,7165.08,6655.0,-0.0,70.0
00:26:48,7165.08,6660.0,-0.0,88.0
00:26:48,7165.08,6665.0,-0.0,6.0
00:26:48,7165.08,6670.0,-0.0,3.0
00:26:48,7165.08,6675.0,0.0,248.0
00:26:48,7165.08,6680.0,-0.0,62.0
00:26:48,7165.08,6685.0,-0.0,287.0
00:26:48,7165.08,6690.0,-0.0002,139.0
00:26:48,7165.08,6695.0,-0.0,31.0
00:26:48,7165.08,6700.0,-0.0014,1429.0
00:26:48,7165.08,6705.0,-0.0001,49.0
00:26:48,7165.08,6710.0,-0.0002,565.0
00:26:48,7165.08,6715.0,-0.0002,161.0
00:26:48,7165.08,6720.0,-0.0004,44.0
00:26:48,7165.08,6725.0,-0.0006,1300.0
00:26:48,7165.08,6730.0,-0.0008,65.0
00:26:48,7165.08,6735.0,-0.0016,56.0
00:26:48,7165.08,6740.0,-0.0022,181.0
00:26:48,7165.08,6745.0,-0.0006,86.0
00:26:48,7165.08,6750.0,-0.0094,3696.0
00:26:48,7165.08,6755.0,-0.0019,153.0
00:26:48,7165.08,6760.0,-0.007,1868.0
00:26:48,7165.08,6765.0,-0.0031,293.0
00:26:48,7165.08,6770.0,-0.0089,136.0
00:26:48,7165.08,6775.0,-0.0042,3448.0
00:26:48,7165.08,6780.0,-0.0111,276.0
00:26:48,7165.08,6785.0,-0.0106,130.0
00:26:48,7165.08,6790.0,-0.0215,220.0
00:26:48,7165.08,6795.0,-0.0608,159.0
00:26:48,7165.08,6800.0,-0.2388,2592.0
00:26:48,7165.08,6805.0,-0.1026,347.0
00:26:48,7165.08,6810.0,-0.0975,704.0
00:26:48,7165.08,6815.0,-0.0214,296.0
00:26:48,7165.08,6820.0,-0.0584,158.0
00:26:48,7165.08,6825.0,-0.0312,1565.0
00:26:48,7165.08,6830.0,-0.0506,188.0
00:26:48,7165.08,6835.0,-0.0602,221.0
00:26:48,7165.08,6840.0,-0.16,1189.0
00:26:48,7165.08,6845.0,-0.2437,4310.0
00:26:48,7165.08,6850.0,-0.8535,4380.0
00:26:48,7165.08,6855.0,-0.413,665.0
00:26:48,7165.08,6860.0,-0.5511,2311.0
00:26:48,7165.08,6865.0,-0.6827,651.0
00:26:48,7165.08,6870.0,-0.2721,406.0
00:26:48,7165.08,6875.0,-0.6819,3584.0
00:26:48,7165.08,6880.0,-1.0618,615.0
00:26:48,7165.08,6885.0,-13.817,6460.0
00:26:48,7165.08,6890.0,-0.825,763.0
00:26:48,7165.08,6895.0,-19.1141,6746.0
00:26:48,7165.08,6900.0,-13.6337,5330.0
00:26:48,7165.08,6905.0,-1.2031,879.0
00:26:48,7165.08,6910.0,-1.4923,1170.0
00:26:48,7165.08,6915.0,-1.2064,2764.0
00:26:48,7165.08,6920.0,-0.7761,1309.0
00:26:48,7165.08,6925.0,-1.0761,1913.0
00:26:48,7165.08,6930.0,-5.7977,2200.0
00:26:48,7165.08,6935.0,-3.2501,1171.0
00:26:48,7165.08,6940.0,-0.6602,1353.0
00:26:48,7165.08,6945.0,-39.9374,7592.0
00:26:48,7165.08,6950.0,-61.6649,8046.0
00:26:48,7165.08,6955.0,-25.4936,1528.0
00:26:48,7165.08,6960.0,-13.141,1831.0
00:26:48,7165.08,6965.0,-6.3978,645.0
00:26:48,7165.08,6970.0,-4.1436,2617.0
00:26:48,7165.08,6975.0,-15.0898,2778.0
00:26:48,7165.08,6980.0,-14.1651,3571.0
00:26:48,7165.08,6985.0,-12.9884,1391.0
00:26:48,7165.08,6990.0,-17.337,2455.0
00:26:48,7165.08,6995.0,-16.4244,1442.0
00:26:48,7165.08,7000.0,-11.9001,8907.0
00:26:48,7165.08,7005.0,-126.529,2523.0
00:26:48,7165.08,7010.0,-3.725,2245.0
00:26:48,7165.08,7015.0,-10.7498,2148.0
00:26:48,7165.08,7020.0,-4.1122,2885.0
00:26:48,7165.08,7025.0,-24.5871,2772.0
00:26:48,7165.08,7030.0,44.2324,3035.0
00:26:48,7165.08,7035.0,-20.2507,2182.0
00:26:48,7165.08,7040.0,-31.1121,3149.0
00:26:48,7165.08,7045.0,308.3998,2285.0
00:26:48,7165.08,7050.0,-95.5946,9556.0
00:26:48,7165.08,7055.0,-195.4224,2665.0
00:26:48,7165.08,7060.0,-41.4304,2935.0
00:26:48,7165.08,7065.0,-15.1002,1971.0
00:26:48,7165.08,7070.0,3.8618,2978.0
00:26:48,7165.08,7075.0,-55.5984,2724.0
00:26:48,7165.08,7080.0,-54.2907,2314.0
00:26:48,7165.08,7085.0,-24.8423,1883.0
00:26:48,7165.08,7090.0,-49.6816,3620.0
00:26:48,7165.08,7095.0,-15.3363,2889.0
00:26:48,7165.08,7100.0,127.8095,10605.0
00:26:48,7165.08,7105.0,18.3136,1937.0
00:26:48,7165.08,7110.0,-24.7531,2670.0
00:26:48,7165.08,7115.0,22.6923,2447.0
00:26:48,7165.08,7120.0,74.7954,4735.0
00:26:48,7165.08,7125.0,1.3871,7040.0
00:26:48,7165.08,7130.0,1432.7542,10251.0
00:26:48,7165.08,7135.0,36.5812,2866.0
00:26:48,7165.08,7140.0,293.1332,5724.0
00:26:48,7165.08,7145.0,40.4458,2663.0
00:26:48,7165.08,7150.0,95.4028,13358.0
00:26:48,7165.08,7155.0,654.3267,6007.0
00:26:48,7165.08,7160.0,1144.1108,14943.0
00:26:48,7165.08,7165.0,49.9362,7850.0
00:26:48,7165.08,7170.0,215.7644,9019.0
00:26:48,7165.08,7175.0,324.0935,4217.0
00:26:48,7165.08,7180.0,122.0941,3557.0
00:26:48,7165.08,7185.0,82.3908,5475.0
00:26:48,7165.08,7190.0,143.775,2933.0
00:26:48,7165.08,7195.0,119.8409,1872.0
00:26:48,7165.08,7200.0,681.2964,10217.0
00:26:48,7165.08,7205.0,84.4635,2363.0
00:26:48,7165.08,7210.0,213.0405,3161.0
00:26:48,7165.08,7215.0,122.7578,4769.0
00:26:48,7165.08,7220.0,216.5669,5948.0
00:26:48,7165.08,7225.0,166.4071,4712.0
00:26:48,7165.08,7230.0,178.4028,3379.0
00:26:48,7165.08,7235.0,70.096,2238.0
00:26:48,7165.08,7240.0,181.1292,9393.0
00:26:48,7165.08,7245.0,88.7401,2161.0
00:26:48,7165.08,7250.0,1201.5839,17796.0
00:26:48,7165.08,7255.0,447.3161,5768.0
00:26:48,7165.08,7260.0,118.2156,7087.0
00:26:48,7165.08,7265.0,101.798,2882.0
00:26:48,7165.08,7270.0,161.7779,3241.0
00:26:48,7165.08,7275.0,281.902,11907.0
00:26:48,7165.08,7280.0,198.4675,7154.0
00:26:48,7165.08,7285.0,114.7543,1336.0
00:26:48,7165.08,7290.0,104.0849,3242.0
00:26:48,7165.08,7295.0,113.7588,1915.0
00:26:48,7165.08,7300.0,264.9317,8356.0
00:26:48,7165.08,7305.0,18.4327,440.0
00:26:48,7165.08,7310.0,56.8141,740.0
00:26:48,7165.08,7315.0,29.3403,746.0
00:26:48,7165.08,7320.0,72.6397,1219.0
00:26:48,7165.08,7325.0,76.1697,367.0
00:26:48,7165.08,7330.0,57.2859,997.0
00:26:48,7165.08,7335.0,1.292,382.0
00:26:48,7165.08,7340.0,23.7482,2278.0
00:26:48,7165.08,7345.0,0.7576,468.0
00:26:48,7165.08,7350.0,102.7869,6953.0
00:26:48,7165.08,7360.0,9.5505,250.0
00:26:48,7165.08,7370.0,23.323,771.0
00:26:48,7165.08,7375.0,25.4988,10617.0
00:26:48,7165.08,7380.0,12.2254,5156.0
00:26:48,7165.08,7390.0,33.0836,2139.0
00:26:48,7165.08,7400.0,15.4658,4230.0
00:26:48,7165.08,7410.0,0.0095,65.0
00:26:48,7165.08,7425.0,4.2126,194.0
00:26:48,7165.08,7450.0,3.4958,474.0
00:26:48,7165.08,7475.0,0.2361,140.0
00:26:48,7165.08,7500.0,0.1662,296.0
00:26:48,7165.08,7525.0,0.0024,0.0
00:26:48,7165.08,7550.0,0.0005,0.0
00:26:48,7165.08,7600.0,0.0006,2.0
00:26:48,7165.08,7700.0,0.0001,0.0
00:26:48,7165.08,7800.0,0.0,1.0
00:26:48,7165.08,8000.0,0.0,2.0
00:26:48,7165.08,8800.0,0.0,2.0
00:26:48,7165.08,9200.0,0.0,1.0
00:43:37,7165.08,4600.0,-0.0,4.0
00:43:37,7165.08,5300.0,-0.0,1.0
00:43:37,7165.08,5400.0,-0.0,3.0
00:43:37,7165.08,5500.0,-0.0,1.0
00:43:37,7165.08,5575.0,-0.0,1.0
00:43:37,7165.08,5625.0,-0.0,1.0
00:43:37,7165.08,5650.0,-0.0,1.0
00:43:37,7165.08,5800.0,-0.0,4.0
00:43:37,7165.08,5900.0,-0.0,3.0
00:43:37,7165.08,6000.0,-0.0,24.0
00:43:37,7165.08,6100.0,-0.0,876.0
00:43:37,7165.08,6110.0,-0.0,105.0
00:43:37,7165.08,6120.0,-0.0,81.0
00:43:37,7165.08,6125.0,-0.0,13.0
00:43:37,7165.08,6130.0,-0.0,3.0
00:43:37,7165.08,6140.0,-0.0,100.0
00:43:37,7165.08,6150.0,-0.0,297.0
00:43:37,7165.08,6160.0,-0.0,85.0
00:43:37,7165.08,6170.0,-0.0,87.0
00:43:37,7165.08,6175.0,-0.0,163.0
00:43:37,7165.08,6180.0,-0.0,10.0
00:43:37,7165.08,6190.0,-0.0,97.0
00:43:37,7165.08,6200.0,-0.0,1177.0
00:43:37,7165.08,6220.0,-0.0,40.0
00:43:37,7165.08,6225.0,-0.0,150.0
00:43:37,7165.08,6230.0,-0.0,302.0
00:43:37,7165.08,6240.0,-0.0,60.0
00:43:37,7165.08,6250.0,-0.0,226.0
00:43:37,7165.08,6260.0,-0.0,200.0
00:43:37,7165.08,6270.0,-0.0,101.0
00:43:37,7165.08,6275.0,-0.0,30.0
00:43:37,7165.08,6280.0,-0.0,20.0
00:43:37,7165.08,6290.0,-0.0,38.0
00:43:37,7165.08,6300.0,-0.0,96.0
00:43:37,7165.08,6310.0,-0.0,161.0
00:43:37,7165.08,6320.0,-0.0,10.0
00:43:37,7165.08,6325.0,-0.0,30.0
00:43:37,7165.08,6330.0,-0.0,196.0
00:43:37,7165.08,6340.0,-0.0,10.0
00:43:37,7165.08,6350.0,-0.0,95.0
00:43:37,7165.08,6360.0,-0.0,58.0
00:43:37,7165.08,6370.0,-0.0,50.0
00:43:37,7165.08,6375.0,-0.0,5.0
00:43:37,7165.08,6380.0,-0.0,44.0
00:43:37,7165.08,6390.0,0.0,11.0
00:43:37,7165.08,6400.0,-0.0,152.0
00:43:37,7165.08,6410.0,-0.0,5.0
00:43:37,7165.08,6420.0,-0.0,14.0
00:43:37,7165.08,6425.0,0.0,52.0
00:43:37,7165.08,6430.0,-0.0,7.0
00:43:37,7165.08,6440.0,-0.0,44.0
00:43:37,7165.08,6450.0,-0.0,1068.0
00:43:37,7165.08,6460.0,-0.0,80.0
00:43:37,7165.08,6470.0,-0.0,8.0
00:43:37,7165.08,6475.0,-0.0,3.0
00:43:37,7165.08,6480.0,-0.0,35.0
00:43:37,7165.08,6485.0,-0.0,8.0
00:43:37,7165.08,6490.0,-0.0,5.0
00:43:37,7165.08,6500.0,-0.0,70.0
00:43:37,7165.08,6505.0,-0.0,100.0
00:43:37,7165.08,6510.0,-0.0,118.0
00:43:37,7165.08,6515.0,-0.0,117.0
00:43:37,7165.08,6520.0,-0.0,29.0
00:43:37,7165.08,6525.0,-0.0,4.0
00:43:37,7165.08,6530.0,-0.0,1.0
00:43:37,7165.08,6535.0,-0.0,64.0
00:43:37,7165.08,6540.0,-0.0,22.0
00:43:37,7165.08,6545.0,-0.0,58.0
00:43:37,7165.08,6555.0,0.0,27.0
00:43:37,7165.08,6560.0,-0.0,15.0
00:43:37,7165.08,6565.0,-0.0,3.0
00:43:37,7165.08,6570.0,0.0,1.0
00:43:37,7165.08,6580.0,-0.0,13.0
00:43:37,7165.08,6585.0,-0.0,48.0
00:43:37,7165.08,6590.0,-0.0,57.0
00:43:37,7165.08,6595.0,-0.0,79.0
00:43:37,7165.08,6600.0,-0.0,4.0
00:43:37,7165.08,6605.0,-0.0,30.0
00:43:37,7165.08,6610.0,-0.0,106.0
00:43:37,7165.08,6615.0,-0.0,95.0
00:43:37,7165.08,6620.0,-0.0,80.0
00:43:37,7165.08,6625.0,0.0,16.0
00:43:37,7165.08,6630.0,-0.0,40.0
00:43:37,7165.08,6635.0,-0.0,137.0
00:43:37,7165.08,6640.0,-0.0,87.0
00:43:37,7165.08,6645.0,-0.0,27.0
00:43:37,7165.08,6650.0,-0.0,3.0
00:43:37,7165.08,6655.0,-0.0,70.0
00:43:37,7165.08,6660.0,-0.0,88.0
00:43:37,7165.08,6665.0,-0.0,6.0
00:43:37,7165.08,6670.0,-0.0,3.0
00:43:37,7165.08,6675.0,0.0,248.0
00:43:37,7165.08,6680.0,-0.0,62.0
00:43:37,7165.08,6685.0,-0.0,287.0
00:43:37,7165.08,6690.0,-0.0002,139.0
00:43:37,7165.08,6695.0,-0.0,31.0
00:43:37,7165.08,6700.0,-0.0014,1429.0
00:43:37,7165.08,6705.0,-0.0001,49.0
00:43:37,7165.08,6710.0,-0.0002,565.0
00:43:37,7165.08,6715.0,-0.0002,161.0
00:43:37,7165.08,6720.0,-0.0004,44.0
00:43:37,7165.08,6725.0,-0.0006,1300.0
00:43:37,7165.08,6730.0,-0.0008,65.0
00:43:37,7165.08,6735.0,-0.0016,56.0
00:43:37,7165.08,6740.0,-0.0022,181.0
00:43:37,7165.08,6745.0,-0.0006,86.0
00:43:37,7165.08,6750.0,-0.0094,3696.0
00:43:37,7165.08,6755.0,-0.0019,153.0
00:43:37,7165.08,6760.0,-0.007,1868.0
00:43:37,7165.08,6765.0,-0.0031,293.0
00:43:37,7165.08,6770.0,-0.0089,136.0
00:43:37,7165.08,6775.0,-0.0042,3448.0
00:43:37,7165.08,6780.0,-0.0111,276.0
00:43:37,7165.08,6785.0,-0.0106,130.0
00:43:37,7165.08,6790.0,-0.0215,220.0
00:43:37,7165.08,6795.0,-0.0608,159.0
00:43:37,7165.08,6800.0,-0.2388,2592.0
00:43:37,7165.08,6805.0,-0.1026,347.0
00:43:37,7165.08,6810.0,-0.0975,704.0
00:43:37,7165.08,6815.0,-0.0214,296.0
00:43:37,7165.08,6820.0,-0.0584,158.0
00:43:37,7165.08,6825.0,-0.0312,1565.0
00:43:37,7165.08,6830.0,-0.0506,188.0
00:43:37,7165.08,6835.0,-0.0602,221.0
00:43:37,7165.08,6840.0,-0.16,1189.0
00:43:37,7165.08,6845.0,-0.2437,4310.0
00:43:37,7165.08,6850.0,-0.8535,4380.0
00:43:37,7165.08,6855.0,-0.413,665.0
00:43:37,7165.08,6860.0,-0.5511,2311.0
00:43:37,7165.08,6865.0,-0.6827,651.0
00:43:37,7165.08,6870.0,-0.2721,406.0
00:43:37,7165.08,6875.0,-0.6819,3584.0
00:43:37,7165.08,6880.0,-1.0618,615.0
00:43:37,7165.08,6885.0,-13.817,6460.0
00:43:37,7165.08,6890.0,-0.825,763.0
00:43:37,7165.08,6895.0,-19.1141,6746.0
00:43:37,7165.08,6900.0,-13.6337,5330.0
00:43:37,7165.08,6905.0,-1.2031,879.0
00:43:37,7165.08,6910.0,-1.4923,1170.0
00:43:37,7165.08,6915.0,-1.2064,2764.0
00:43:37,7165.08,6920.0,-0.7761,1309.0
00:43:37,7165.08,6925.0,-1.0761,1913.0
00:43:37,7165.08,6930.0,-5.7977,2200.0
00:43:37,7165.08,6935.0,-3.2501,1171.0
00:43:37,7165.08,6940.0,-0.6602,1353.0
00:43:37,7165.08,6945.0,-39.9374,7592.0
00:43:37,7165.08,6950.0,-61.6649,8046.0
00:43:37,7165.08,6955.0,-25.4936,1528.0
00:43:37,7165.08,6960.0,-13.141,1831.0
00:43:37,7165.08,6965.0,-6.3978,645.0
00:43:37,7165.08,6970.0,-4.1436,2617.0
00:43:37,7165.08,6975.0,-15.0898,2778.0
00:43:37,7165.08,6980.0,-14.1651,3571.0
00:43:37,7165.08,6985.0,-12.9884,1391.0
00:43:37,7165.08,6990.0,-17.337,2455.0
00:43:37,7165.08,6995.0,-16.4244,1442.0
00:43:37,7165.08,7000.0,-11.9001,8907.0
00:43:37,7165.08,7005.0,-126.529,2523.0
00:43:37,7165.08,7010.0,-3.725,2245.0
00:43:37,7165.08,7015.0,-10.7498,2148.0
00:43:37,7165.08,7020.0,-4.1122,2885.0
00:43:37,7165.08,7025.0,-24.5871,2772.0
00:43:37,7165.08,7030.0,44.2324,3035.0
00:43:37,7165.08,7035.0,-20.2507,2182.0
00:43:37,7165.08,7040.0,-31.1121,3149.0
00:43:37,7165.08,7045.0,308.3998,2285.0
00:43:37,7165.08,7050.0,-95.5946,9556.0
00:43:37,7165.08,7055.0,-195.4224,2665.0
00:43:37,7165.08,7060.0,-41.4304,2935.0
00:43:37,7165.08,7065.0,-15.1002,1971.0
00:43:37,7165.08,7070.0,3.8618,2978.0
00:43:37,7165.08,7075.0,-55.5984,2724.0
00:43:37,7165.08,7080.0,-54.2907,2314.0
00:43:37,7165.08,7085.0,-24.8423,1883.0
00:43:37,7165.08,7090.0,-49.6816,3620.0
00:43:37,7165.08,7095.0,-15.3363,2889.0
00:43:37,7165.08,7100.0,127.8095,10605.0
00:43:37,7165.08,7105.0,18.3136,1937.0
00:43:37,7165.08,7110.0,-24.7531,2670.0
00:43:37,7165.08,7115.0,22.6923,2447.0
00:43:37,7165.08,7120.0,74.7954,4735.0
00:43:37,7165.08,7125.0,1.3871,7040.0
00:43:37,7165.08,7130.0,1432.7542,10251.0
00:43:37,7165.08,7135.0,36.5812,2866.0
00:43:37,7165.08,7140.0,293.1332,5724.0
00:43:37,7165.08,7145.0,40.4458,2663.0
00:43:37,7165.08,7150.0,95.4028,13358.0
00:43:37,7165.08,7155.0,654.3267,6007.0
00:43:37,7165.08,7160.0,1144.1108,14943.0
00:43:37,7165.08,7165.0,49.9362,7850.0
00:43:37,7165.08,7170.0,215.7644,9019.0
00:43:37,7165.08,7175.0,324.0935,4217.0
00:43:37,7165.08,7180.0,122.0941,3557.0
00:43:37,7165.08,7185.0,82.3908,5475.0
00:43:37,7165.08,7190.0,143.775,2933.0
00:43:37,7165.08,7195.0,119.8409,1872.0
00:43:37,7165.08,7200.0,681.2964,10217.0
00:43:37,7165.08,7205.0,84.4635,2363.0
00:43:37,7165.08,7210.0,213.0405,3161.0
00:43:37,7165.08,7215.0,122.7578,4769.0
00:43:37,7165.08,7220.0,216.5669,5948.0
00:43:37,7165.08,7225.0,166.4071,4712.0
00:43:37,7165.08,7230.0,178.4028,3379.0
00:43:37,7165.08,7235.0,70.096,2238.0
00:43:37,7165.08,7240.0,181.1292,9393.0
00:43:37,7165.08,7245.0,88.7401,2161.0
00:43:37,7165.08,7250.0,1201.5839,17796.0
00:43:37,7165.08,7255.0,447.3161,5768.0
00:43:37,7165.08,7260.0,118.2156,7087.0
00:43:37,7165.08,7265.0,101.798,2879.0
00:43:37,7165.08,7270.0,161.8997,3240.0
00:43:37,7165.08,7275.0,281.902,11907.0
00:43:37,7165.08,7280.0,198.4675,7154.0
00:43:37,7165.08,7285.0,114.7543,1336.0
00:43:37,7165.08,7290.0,104.0849,3242.0
00:43:37,7165.08,7295.0,113.7588,1915.0
00:43:37,7165.08,7300.0,264.9317,8356.0
00:43:37,7165.08,7305.0,18.4327,440.0
00:43:37,7165.08,7310.0,56.8141,740.0
00:43:37,7165.08,7315.0,29.3403,746.0
00:43:37,7165.08,7320.0,72.6397,1219.0
00:43:37,7165.08,7325.0,76.1697,367.0
00:43:37,7165.08,7330.0,57.2859,997.0
00:43:37,7165.08,7335.0,1.292,382.0
00:43:37,7165.08,7340.0,23.7482,2278.0
00:43:37,7165.08,7345.0,0.7576,468.0
00:43:37,7165.08,7350.0,102.7869,6953.0
00:43:37,7165.08,7360.0,9.5505,250.0
00:43:37,7165.08,7370.0,23.323,771.0
00:43:37,7165.08,7375.0,25.4988,10617.0
00:43:37,7165.08,7380.0,12.2254,5156.0
00:43:37,7165.08,7390.0,33.0836,2139.0
00:43:37,7165.08,7400.0,15.4658,4230.0
00:43:37,7165.08,7410.0,0.0095,65.0
00:43:37,7165.08,7425.0,4.2126,194.0
00:43:37,7165.08,7450.0,3.4958,474.0
00:43:37,7165.08,7475.0,0.2361,140.0
00:43:37,7165.08,7500.0,0.1662,296.0
00:43:37,7165.08,7525.0,0.0024,0.0
00:43:37,7165.08,7550.0,0.0005,0.0
00:43:37,7165.08,7600.0,0.0006,2.0
00:43:37,7165.08,7700.0,0.0001,0.0
00:43:37,7165.08,7800.0,0.0,1.0
00:43:37,7165.08,8000.0,0.0,2.0
00:43:37,7165.08,8800.0,0.0,2.0
00:43:37,7165.08,9200.0,0.0,1.0
00:59:09,7165.08,4600.0,-0.0,4.0
00:59:09,7165.08,5300.0,-0.0,1.0
00:59:09,7165.08,5400.0,-0.0,3.0
00:59:09,7165.08,5500.0,-0.0,1.0
00:59:09,7165.08,5575.0,-0.0,1.0
00:59:09,7165.08,5625.0,-0.0,1.0
00:59:09,7165.08,5650.0,-0.0,1.0
00:59:09,7165.08,5800.0,-0.0,4.0
00:59:09,7165.08,5900.0,-0.0,3.0
00:59:09,7165.08,6000.0,-0.0,24.0
00:59:09,7165.08,6100.0,-0.0,876.0
00:59:09,7165.08,6110.0,-0.0,105.0
00:59:09,7165.08,6120.0,-0.0,81.0
00:59:09,7165.08,6125.0,-0.0,13.0
00:59:09,7165.08,6130.0,-0.0,3.0
00:59:09,7165.08,6140.0,-0.0,100.0
00:59:09,7165.08,6150.0,-0.0,297.0
00:59:09,7165.08,6160.0,-0.0,85.0
00:59:09,7165.08,6170.0,-0.0,87.0
00:59:09,7165.08,6175.0,-0.0,163.0
00:59:09,7165.08,6180.0,-0.0,10.0
00:59:09,7165.08,6190.0,-0.0,97.0
00:59:09,7165.08,6200.0,-0.0,1177.0
00:59:09,7165.08,6220.0,-0.0,40.0
00:59:09,7165.08,6225.0,-0.0,150.0
00:59:09,7165.08,6230.0,-0.0,302.0
00:59:09,7165.08,6240.0,-0.0,60.0
00:59:09,7165.08,6250.0,-0.0,226.0
00:59:09,7165.08,6260.0,-0.0,200.0
00:59:09,7165.08,6270.0,-0.0,101.0
00:59:09,7165.08,6275.0,-0.0,30.0
00:59:09,7165.08,6280.0,-0.0,20.0
00:59:09,7165.08,6290.0,-0.0,38.0
00:59:09,7165.08,6300.0,-0.0,96.0
00:59:09,7165.08,6310.0,-0.0,161.0
00:59:09,7165.08,6320.0,-0.0,10.0
00:59:09,7165.08,6325.0,-0.0,30.0
00:59:09,7165.08,6330.0,-0.0,196.0
00:59:09,7165.08,6340.0,-0.0,10.0
00:59:09,7165.08,6350.0,-0.0,95.0
00:59:09,7165.08,6360.0,-0.0,58.0
00:59:09,7165.08,6370.0,-0.0,50.0
00:59:09,7165.08,6375.0,-0.0,5.0
00:59:09,7165.08,6380.0,-0.0,44.0
00:59:09,7165.08,6390.0,0.0,11.0
00:59:09,7165.08,6400.0,-0.0,152.0
00:59:09,7165.08,6410.0,-0.0,5.0
00:59:09,7165.08,6420.0,-0.0,14.0
00:59:09,7165.08,6425.0,0.0,52.0
00:59:09,7165.08,6430.0,-0.0,7.0
00:59:09,7165.08,6440.0,-0.0,44.0
00:59:09,7165.08,6450.0,-0.0,1068.0
00:59:09,7165.08,6460.0,-0.0,80.0
00:59:09,7165.08,6470.0,-0.0,8.0
00:59:09,7165.08,6475.0,-0.0,3.0
00:59:09,7165.08,6480.0,-0.0,35.0
00:59:09,7165.08,6485.0,-0.0,8.0
00:59:09,7165.08,6490.0,-0.0,5.0
00:59:09,7165.08,6500.0,-0.0,70.0
00:59:09,7165.08,6505.0,-0.0,100.0
00:59:09,7165.08,6510.0,-0.0,118.0
00:59:09,7165.08,6515.0,-0.0,117.0
00:59:09,7165.08,6520.0,-0.0,29.0
00:59:09,7165.08,6525.0,-0.0,4.0
00:59:09,7165.08,6530.0,-0.0,1.0
00:59:09,7165.08,6535.0,-0.0,64.0
00:59:09,7165.08,6540.0,-0.0,22.0
00:59:09,7165.08,6545.0,-0.0,58.0
00:59:09,7165.08,6555.0,0.0,27.0
00:59:09,7165.08,6560.0,-0.0,15.0
00:59:09,7165.08,6565.0,-0.0,3.0
00:59:09,7165.08,6570.0,0.0,1.0
00:59:09,7165.08,6580.0,-0.0,13.0
00:59:09,7165.08,6585.0,-0.0,48.0
00:59:09,7165.08,6590.0,-0.0,57.0
00:59:09,7165.08,6595.0,-0.0,79.0
00:59:09,7165.08,6600.0,-0.0,4.0
00:59:09,7165.08,6605.0,-0.0,30.0
00:59:09,7165.08,6610.0,-0.0,106.0
00:59:09,7165.08,6615.0,-0.0,95.0
00:59:09,7165.08,6620.0,-0.0,80.0
00:59:09,7165.08,6625.0,0.0,16.0
00:59:09,7165.08,6630.0,-0.0,40.0
00:59:09,7165.08,6635.0,-0.0,137.0
00:59:09,7165.08,6640.0,-0.0,87.0
00:59:09,7165.08,6645.0,-0.0,27.0
00:59:09,7165.08,6650.0,-0.0,3.0
00:59:09,7165.08,6655.0,-0.0,70.0
00:59:09,7165.08,6660.0,-0.0,88.0
00:59:09,7165.08,6665.0,-0.0,6.0
00:59:09,7165.08,6670.0,-0.0,3.0
00:59:09,7165.08,6675.0,0.0,248.0
00:59:09,7165.08,6680.0,-0.0,62.0
00:59:09,7165.08,6685.0,-0.0,287.0
00:59:09,7165.08,6690.0,-0.0002,139.0
00:59:09,7165.08,6695.0,-0.0,31.0
00:59:09,7165.08,6700.0,-0.0014,1429.0
00:59:09,7165.08,6705.0,-0.0001,49.0
00:59:09,7165.08,6710.0,-0.0002,565.0
00:59:09,7165.08,6715.0,-0.0002,161.0
00:59:09,7165.08,6720.0,-0.0004,44.0
00:59:09,7165.08,6725.0,-0.0006,1300.0
00:59:09,7165.08,6730.0,-0.0008,65.0
00:59:09,7165.08,6735.0,-0.0016,56.0
00:59:09,7165.08,6740.0,-0.0022,181.0
00:59:09,7165.08,6745.0,-0.0006,86.0
00:59:09,7165.08,6750.0,-0.0094,3696.0
00:59:09,7165.08,6755.0,-0.0019,153.0
00:59:09,7165.08,6760.0,-0.007,1868.0
00:59:09,7165.08,6765.0,-0.0031,293.0
00:59:09,7165.08,6770.0,-0.0089,136.0
00:59:09,7165.08,6775.0,-0.0042,3448.0
00:59:09,7165.08,6780.0,-0.0111,276.0
00:59:09,7165.08,6785.0,-0.0106,130.0
00:59:09,7165.08,6790.0,-0.0215,220.0
00:59:09,7165.08,6795.0,-0.0608,159.0
00:59:09,7165.08,6800.0,-0.2388,2592.0
00:59:09,7165.08,6805.0,-0.1026,347.0
00:59:09,7165.08,6810.0,-0.0975,704.0
00:59:09,7165.08,6815.0,-0.0214,296.0
00:59:09,7165.08,6820.0,-0.0584,158.0
00:59:09,7165.08,6825.0,-0.0312,1565.0
00:59:09,7165.08,6830.0,-0.0506,188.0
00:59:09,7165.08,6835.0,-0.0602,221.0
00:59:09,7165.08,6840.0,-0.16,1189.0
00:59:09,7165.08,6845.0,-0.2437,4310.0
00:59:09,7165.08,6850.0,-0.8535,4380.0
00:59:09,7165.08,6855.0,-0.413,665.0
00:59:09,7165.08,6860.0,-0.5511,2311.0
00:59:09,7165.08,6865.0,-0.6827,651.0
00:59:09,7165.08,6870.0,-0.2721,406.0
00:59:09,7165.08,6875.0,-0.6819,3584.0
00:59:09,7165.08,6880.0,-1.0618,615.0
00:59:09,7165.08,6885.0,-13.817,6460.0
00:59:09,7165.08,6890.0,-0.825,763.0
00:59:09,7165.08,6895.0,-19.1141,6746.0
00:59:09,7165.08,6900.0,-13.6337,5330.0
00:59:09,7165.08,6905.0,-1.2031,879.0
00:59:09,7165.08,6910.0,-1.4923,1170.0
00:59:09,7165.08,6915.0,-1.2064,2764.0
00:59:09,7165.08,6920.0,-0.7761,1309.0
00:59:09,7165.08,6925.0,-1.0761,1913.0
00:59:09,7165.08,6930.0,-5.7977,2200.0
00:59:09,7165.08,6935.0,-3.2501,1171.0
00:59:09,7165.08,6940.0,-0.6602,1353.0
00:59:09,7165.08,6945.0,-39.9374,7592.0
00:59:09,7165.08,6950.0,-61.6649,8046.0
00:59:09,7165.08,6955.0,-25.4936,1528.0
00:59:09,7165.08,6960.0,-13.141,1831.0
00:59:09,7165.08,6965.0,-6.3978,645.0
00:59:09,7165.08,6970.0,-4.1436,2617.0
00:59:09,7165.08,6975.0,-15.0898,2778.0
00:59:09,7165.08,6980.0,-14.1651,3571.0
00:59:09,7165.08,6985.0,-12.9884,1391.0
00:59:09,7165.08,6990.0,-17.337,2455.0
00:59:09,7165.08,6995.0,-16.4244,1442.0
00:59:09,7165.08,7000.0,-11.9001,8907.0
00:59:09,7165.08,7005.0,-126.529,2523.0
00:59:09,7165.08,7010.0,-3.725,2245.0
00:59:09,7165.08,7015.0,-10.7498,2148.0
00:59:09,7165.08,7020.0,-4.1122,2885.0
00:59:09,7165.08,7025.0,-24.5871,2772.0
00:59:09,7165.08,7030.0,44.2324,3035.0
00:59:09,7165.08,7035.0,-20.2507,2182.0
00:59:09,7165.08,7040.0,-31.1121,3149.0
00:59:09,7165.08,7045.0,308.3998,2285.0
00:59:09,7165.08,7050.0,-95.5946,9556.0
00:59:09,7165.08,7055.0,-195.4224,2665.0
00:59:09,7165.08,7060.0,-41.4304,2935.0
00:59:09,7165.08,7065.0,-15.1002,1971.0
00:59:09,7165.08,7070.0,3.8618,2978.0
00:59:09,7165.08,7075.0,-55.5984,2724.0
00:59:09,7165.08,7080.0,-54.2907,2314.0
00:59:09,7165.08,7085.0,-24.8423,1883.0
00:59:09,7165.08,7090.0,-49.6816,3620.0
00:59:09,7165.08,7095.0,-15.3363,2889.0
00:59:09,7165.08,7100.0,127.8095,10605.0
00:59:09,7165.08,7105.0,18.3136,1937.0
00:59:09,7165.08,7110.0,-24.7531,2670.0
00:59:09,7165.08,7115.0,22.6923,2447.0
00:59:09,7165.08,7120.0,74.7954,4735.0
00:59:09,7165.08,7125.0,1.3871,7040.0
00:59:09,7165.08,7130.0,1432.7542,10251.0
00:59:09,7165.08,7135.0,36.5812,2866.0
00:59:09,7165.08,7140.0,293.1332,5724.0
00:59:09,7165.08,7145.0,40.4458,2663.0
00:59:09,7165.08,7150.0,95.4028,13358.0
00:59:09,7165.08,7155.0,654.3267,6007.0
00:59:09,7165.08,7160.0,1144.1108,14943.0
00:59:09,7165.08,7165.0,49.9362,7850.0
00:59:09,7165.08,7170.0,215.7644,9019.0
00:59:09,7165.08,7175.0,324.0935,4217.0
00:59:09,7165.08,7180.0,122.0941,3557.0
00:59:09,7165.08,7185.0,82.3908,5475.0
00:59:09,7165.08,7190.0,143.775,2933.0
00:59:09,7165.08,7195.0,119.8409,1872.0
00:59:09,7165.08,7200.0,681.2964,10217.0
00:59:09,7165.08,7205.0,84.4635,2363.0
00:59:09,7165.08,7210.0,213.0405,3161.0
00:59:09,7165.08,7215.0,122.7578,4769.0
00:59:09,7165.08,7220.0,216.5669,5948.0
00:59:09,7165.08,7225.0,166.4071,4712.0
00:59:09,7165.08,7230.0,178.4028,3379.0
00:59:09,7165.08,7235.0,70.096,2238.0
00:59:09,7165.08,7240.0,181.1292,9393.0
00:59:09,7165.08,7245.0,88.7401,2161.0
00:59:09,7165.08,7250.0,1201.5839,17796.0
00:59:09,7165.08,7255.0,447.3161,5768.0
00:59:09,7165.08,7260.0,118.2156,7087.0
00:59:09,7165.08,7265.0,101.798,2879.0
00:59:09,7165.08,7270.0,161.8997,3240.0
00:59:09,7165.08,7275.0,281.902,11907.0
00:59:09,7165.08,7280.0,198.4675,7154.0
00:59:09,7165.08,7285.0,114.7543,1336.0
00:59:09,7165.08,7290.0,104.0849,3242.0
00:59:09,7165.08,7295.0,113.7588,1915.0
00:59:09,7165.08,7300.0,264.9317,8356.0
00:59:09,7165.08,7305.0,18.4327,440.0
00:59:09,7165.08,7310.0,56.8141,740.0
00:59:09,7165.08,7315.0,29.3403,746.0
00:59:09,7165.08,7320.0,72.6397,1219.0
00:59:09,7165.08,7325.0,76.1697,367.0
00:59:09,7165.08,7330.0,57.2859,997.0
00:59:09,7165.08,7335.0,1.292,382.0
00:59:09,7165.08,7340.0,23.7482,2278.0
00:59:09,7165.08,7345.0,0.7576,468.0
00:59:09,7165.08,7350.0,102.7869,6953.0
00:59:09,7165.08,7360.0,9.5505,250.0
00:59:09,7165.08,7370.0,23.323,771.0
00:59:09,7165.08,7375.0,25.4988,10617.0
00:59:09,7165.08,7380.0,12.2254,5156.0
00:59:09,7165.08,7390.0,33.0836,2139.0
00:59:09,7165.08,7400.0,15.4658,4230.0
00:59:09,7165.08,7410.0,0.0095,65.0
00:59:09,7165.08,7425.0,4.2126,194.0
00:59:09,7165.08,7450.0,3.4958,474.0
00:59:09,7165.08,7475.0,0.2361,140.0
00:59:09,7165.08,7500.0,0.1662,296.0
00:59:09,7165.08,7525.0,0.0024,0.0
00:59:09,7165.08,7550.0,0.0005,0.0
00:59:09,7165.08,7600.0,0.0006,2.0
00:59:09,7165.08,7700.0,0.0001,0.0
00:59:09,7165.08,7800.0,0.0,1.0
00:59:09,7165.08,8000.0,0.0,2.0
00:59:09,7165.08,8800.0,0.0,2.0
00:59:09,7165.08,9200.0,0.0,1.0
01:15:53,7165.08,4600.0,-0.0,4.0
01:15:53,7165.08,5300.0,-0.0,1.0
01:15:53,7165.08,5400.0,-0.0,3.0
01:15:53,7165.08,5500.0,-0.0,1.0
01:15:53,7165.08,5575.0,-0.0,1.0
01:15:53,7165.08,5625.0,-0.0,1.0
01:15:53,7165.08,5650.0,-0.0,1.0
01:15:53,7165.08,5800.0,-0.0,4.0
01:15:53,7165.08,5900.0,-0.0,3.0
01:15:53,7165.08,6000.0,-0.0,24.0
01:15:53,7165.08,6100.0,-0.0,876.0
01:15:53,7165.08,6110.0,-0.0,105.0
01:15:53,7165.08,6120.0,-0.0,81.0
01:15:53,7165.08,6125.0,-0.0,13.0
01:15:53,7165.08,6130.0,-0.0,3.0
01:15:53,7165.08,6140.0,-0.0,100.0
01:15:53,7165.08,6150.0,-0.0,297.0
01:15:53,7165.08,6160.0,-0.0,85.0
01:15:53,7165.08,6170.0,-0.0,87.0
01:15:53,7165.08,6175.0,-0.0,163.0
01:15:53,7165.08,6180.0,-0.0,10.0
01:15:53,7165.08,6190.0,-0.0,97.0
01:15:53,7165.08,6200.0,-0.0,1177.0
01:15:53,7165.08,6220.0,-0.0,40.0
01:15:53,7165.08,6225.0,-0.0,150.0
01:15:53,7165.08,6230.0,-0.0,302.0
01:15:53,7165.08,6240.0,-0.0,60.0
01:15:53,7165.08,6250.0,-0.0,226.0
01:15:53,7165.08,6260.0,-0.0,200.0
01:15:53,7165.08,6270.0,-0.0,101.0
01:15:53,7165.08,6275.0,-0.0,30.0
01:15:53,7165.08,6280.0,-0.0,20.0
01:15:53,7165.08,6290.0,-0.0,38.0
01:15:53,7165.08,6300.0,-0.0,96.0
01:15:53,7165.08,6310.0,-0.0,161.0
01:15:53,7165.08,6320.0,-0.0,10.0
01:15:53,7165.08,6325.0,-0.0,30.0
01:15:53,7165.08,6330.0,-0.0,196.0
01:15:53,7165.08,6340.0,-0.0,10.0
01:15:53,7165.08,6350.0,-0.0,95.0
01:15:53,7165.08,6360.0,-0.0,58.0
01:15:53,7165.08,6370.0,-0.0,50.0
01:15:53,7165.08,6375.0,-0.0,5.0
01:15:53,7165.08,6380.0,-0.0,44.0
01:15:53,7165.08,6390.0,0.0,11.0
01:15:53,7165.08,6400.0,-0.0,152.0
01:15:53,7165.08,6410.0,-0.0,5.0
01:15:53,7165.08,6420.0,-0.0,14.0
01:15:53,7165.08,6425.0,0.0,52.0
01:15:53,7165.08,6430.0,-0.0,7.0
01:15:53,7165.08,6440.0,-0.0,44.0
01:15:53,7165.08,6450.0,-0.0,1068.0
01:15:53,7165.08,6460.0,-0.0,80.0
01:15:53,7165.08,6470.0,-0.0,8.0
01:15:53,7165.08,6475.0,-0.0,3.0
01:15:53,7165.08,6480.0,-0.0,35.0
01:15:53,7165.08,6485.0,-0.0,8.0
01:15:53,7165.08,6490.0,-0.0,5.0
01:15:53,7165.08,6500.0,-0.0,70.0
01:15:53,7165.08,6505.0,-0.0,100.0
01:15:53,7165.08,6510.0,-0.0,118.0
01:15:53,7165.08,6515.0,-0.0,117.0
01:15:53,7165.08,6520.0,-0.0,29.0
01:15:53,7165.08,6525.0,-0.0,4.0
01:15:53,7165.08,6530.0,-0.0,1.0
01:15:53,7165.08,6535.0,-0.0,64.0
01:15:53,7165.08,6540.0,-0.0,22.0
01:15:53,7165.08,6545.0,-0.0,58.0
01:15:53,7165.08,6555.0,0.0,27.0
01:15:53,7165.08,6560.0,-0.0,15.0
01:15:53,7165.08,6565.0,-0.0,3.0
01:15:53,7165.08,6570.0,0.0,1.0
01:15:53,7165.08,6580.0,-0.0,13.0
01:15:53,7165.08,6585.0,-0.0,48.0
01:15:53,7165.08,6590.0,-0.0,57.0
01:15:53,7165.08,6595.0,-0.0,79.0
01:15:53,7165.08,6600.0,-0.0,4.0
01:15:53,7165.08,6605.0,-0.0,30.0
01:15:53,7165.08,6610.0,-0.0,106.0
01:15:53,7165.08,6615.0,-0.0,95.0
01:15:53,7165.08,6620.0,-0.0,80.0
01:15:53,7165.08,6625.0,0.0,16.0
01:15:53,7165.08,6630.0,-0.0,40.0
01:15:53,7165.08,6635.0,-0.0,137.0
01:15:53,7165.08,6640.0,-0.0,87.0
01:15:53,7165.08,6645.0,-0.0,27.0
01:15:53,7165.08,6650.0,-0.0,3.0
01:15:53,7165.08,6655.0,-0.0,70.0
01:15:53,7165.08,6660.0,-0.0,88.0
01:15:53,7165.08,6665.0,-0.0,6.0
01:15:53,7165.08,6670.0,-0.0,3.0
01:15:53,7165.08,6675.0,0.0,248.0
01:15:53,7165.08,6680.0,-0.0,62.0
01:15:53,7165.08,6685.0,-0.0,287.0
01:15:53,7165.08,6690.0,-0.0002,139.0
01:15:53,7165.08,6695.0,-0.0,31.0
01:15:53,7165.08,6700.0,-0.0014,1429.0
01:15:53,7165.08,6705.0,-0.0001,49.0
01:15:53,7165.08,6710.0,-0.0002,565.0
01:15:53,7165.08,6715.0,-0.0002,161.0
01:15:53,7165.08,6720.0,-0.0004,44.0
01:15:53,7165.08,6725.0,-0.0006,1300.0
01:15:53,7165.08,6730.0,-0.0008,65.0
01:15:53,7165.08,6735.0,-0.0016,56.0
01:15:53,7165.08,6740.0,-0.0022,181.0
01:15:53,7165.08,6745.0,-0.0006,86.0
01:15:53,7165.08,6750.0,-0.0094,3696.0
01:15:53,7165.08,6755.0,-0.0019,153.0
01:15:53,7165.08,6760.0,-0.007,1868.0
01:15:53,7165.08,6765.0,-0.0031,293.0
01:15:53,7165.08,6770.0,-0.0089,136.0
01:15:53,7165.08,6775.0,-0.0042,3448.0
01:15:53,7165.08,6780.0,-0.0111,276.0
01:15:53,7165.08,6785.0,-0.0106,130.0
01:15:53,7165.08,6790.0,-0.0215,220.0
01:15:53,7165.08,6795.0,-0.0608,159.0
01:15:53,7165.08,6800.0,-0.2388,2592.0
01:15:53,7165.08,6805.0,-0.1026,347.0
01:15:53,7165.08,6810.0,-0.0975,704.0
01:15:53,7165.08,6815.0,-0.0214,296.0
01:15:53,7165.08,6820.0,-0.0584,158.0
01:15:53,7165.08,6825.0,-0.0312,1565.0
01:15:53,7165.08,6830.0,-0.0506,188.0
01:15:53,7165.08,6835.0,-0.0602,221.0
01:15:53,7165.08,6840.0,-0.16,1189.0
01:15:53,7165.08,6845.0,-0.2437,4310.0
01:15:53,7165.08,6850.0,-0.8535,4380.0
01:15:53,7165.08,6855.0,-0.413,665.0
01:15:53,7165.08,6860.0,-0.5511,2311.0
01:15:53,7165.08,6865.0,-0.6827,651.0
01:15:53,7165.08,6870.0,-0.2721,406.0
01:15:53,7165.08,6875.0,-0.6819,3584.0
01:15:53,7165.08,6880.0,-1.0618,615.0
01:15:53,7165.08,6885.0,-13.817,6460.0
01:15:53,7165.08,6890.0,-0.825,763.0
01:15:53,7165.08,6895.0,-19.1141,6746.0
01:15:53,7165.08,6900.0,-13.6337,5330.0
01:15:53,7165.08,6905.0,-1.2031,879.0
01:15:53,7165.08,6910.0,-1.4923,1170.0
01:15:53,7165.08,6915.0,-1.2064,2764.0
01:15:53,7165.08,6920.0,-0.7761,1309.0
01:15:53,7165.08,6925.0,-1.0761,1913.0
01:15:53,7165.08,6930.0,-5.7977,2200.0
01:15:53,7165.08,6935.0,-3.2501,1171.0
01:15:53,7165.08,6940.0,-0.6602,1353.0
01:15:53,7165.08,6945.0,-39.9374,7592.0
01:15:53,7165.08,6950.0,-61.6649,8046.0
01:15:53,7165.08,6955.0,-25.4936,1528.0
01:15:53,7165.08,6960.0,-13.141,1831.0
01:15:53,7165.08,6965.0,-6.3978,645.0
01:15:53,7165.08,6970.0,-4.1436,2617.0
01:15:53,7165.08,6975.0,-15.0898,2778.0
01:15:53,7165.08,6980.0,-14.1651,3571.0
01:15:53,7165.08,6985.0,-12.9884,1391.0
01:15:53,7165.08,6990.0,-17.337,2455.0
01:15:53,7165.08,6995.0,-16.4244,1442.0
01:15:53,7165.08,7000.0,-11.9001,8907.0
01:15:53,7165.08,7005.0,-126.529,2523.0
01:15:53,7165.08,7010.0,-3.725,2245.0
01:15:53,7165.08,7015.0,-10.7498,2148.0
01:15:53,7165.08,7020.0,-4.1122,2885.0
01:15:53,7165.08,7025.0,-24.5871,2772.0
01:15:53,7165.08,7030.0,44.2324,3035.0
01:15:53,7165.08,7035.0,-20.2507,2182.0
01:15:53,7165.08,7040.0,-31.1121,3149.0
01:15:53,7165.08,7045.0,308.3998,2285.0
01:15:53,7165.08,7050.0,-95.5946,9556.0
01:15:53,7165.08,7055.0,-195.4224,2665.0
01:15:53,7165.08,7060.0,-41.4304,2935.0
01:15:53,7165.08,7065.0,-15.1002,1971.0
01:15:53,7165.08,7070.0,3.8618,2978.0
01:15:53,7165.08,7075.0,-55.5984,2724.0
01:15:53,7165.08,7080.0,-54.2907,2314.0
01:15:53,7165.08,7085.0,-24.8423,1883.0
01:15:53,7165.08,7090.0,-49.6816,3620.0
01:15:53,7165.08,7095.0,-15.3363,2889.0
01:15:53,7165.08,7100.0,127.8095,10605.0
01:15:53,7165.08,7105.0,18.3136,1937.0
01:15:53,7165.08,7110.0,-24.7531,2670.0
01:15:53,7165.08,7115.0,22.6923,2447.0
01:15:53,7165.08,7120.0,74.7954,4735.0
01:15:53,7165.08,7125.0,1.3871,7040.0
01:15:53,7165.08,7130.0,1432.7542,10251.0
01:15:53,7165.08,7135.0,36.5812,2866.0
01:15:53,7165.08,7140.0,293.1332,5724.0
01:15:53,7165.08,7145.0,40.4458,2663.0
01:15:53,7165.08,7150.0,95.4028,13358.0
01:15:53,7165.08,7155.0,654.3267,6007.0
01:15:53,7165.08,7160.0,1144.1108,14943.0
01:15:53,7165.08,7165.0,49.9362,7850.0
01:15:53,7165.08,7170.0,215.7644,9019.0
01:15:53,7165.08,7175.0,324.0935,4217.0
01:15:53,7165.08,7180.0,122.0941,3557.0
01:15:53,7165.08,7185.0,82.3908,5475.0
01:15:53,7165.08,7190.0,143.775,2933.0
01:15:53,7165.08,7195.0,119.8409,1872.0
01:15:53,7165.08,7200.0,681.2964,10217.0
01:15:53,7165.08,7205.0,84.4635,2363.0
01:15:53,7165.08,7210.0,213.0405,3161.0
01:15:53,7165.08,7215.0,122.7578,4769.0
01:15:53,7165.08,7220.0,216.5669,5948.0
01:15:53,7165.08,7225.0,166.4071,4712.0
01:15:53,7165.08,7230.0,178.4028,3379.0
01:15:53,7165.08,7235.0,70.096,2238.0
01:15:53,7165.08,7240.0,181.1292,9393.0
01:15:53,7165.08,7245.0,88.7401,2161.0
01:15:53,7165.08,7250.0,1201.5839,17796.0
01:15:53,7165.08,7255.0,447.3161,5768.0
01:15:53,7165.08,7260.0,118.2156,7087.0
01:15:53,7165.08,7265.0,101.798,2879.0
01:15:53,7165.08,7270.0,161.8997,3240.0
01:15:53,7165.08,7275.0,281.902,11907.0
01:15:53,7165.08,7280.0,198.4675,7154.0
01:15:53,7165.08,7285.0,114.7543,1336.0
01:15:53,7165.08,7290.0,104.0849,3242.0
01:15:53,7165.08,7295.0,113.7588,1915.0
01:15:53,7165.08,7300.0,264.9317,8356.0
01:15:53,7165.08,7305.0,18.4327,440.0
01:15:53,7165.08,7310.0,56.8141,740.0
01:15:53,7165.08,7315.0,29.3403,746.0
01:15:53,7165.08,7320.0,72.6397,1219.0
01:15:53,7165.08,7325.0,76.1697,367.0
01:15:53,7165.08,7330.0,57.2859,997.0
01:15:53,7165.08,7335.0,1.292,382.0
01:15:53,7165.08,7340.0,23.7482,2278.0
01:15:53,7165.08,7345.0,0.7576,468.0
01:15:53,7165.08,7350.0,102.7869,6953.0
01:15:53,7165.08,7360.0,9.5505,250.0
01:15:53,7165.08,7370.0,23.323,771.0
01:15:53,7165.08,7375.0,25.4988,10617.0
01:15:53,7165.08,7380.0,12.2254,5156.0
01:15:53,7165.08,7390.0,33.0836,2139.0
01:15:53,7165.08,7400.0,15.4658,4230.0
01:15:53,7165.08,7410.0,0.0095,65.0
01:15:53,7165.08,7425.0,4.2126,194.0
01:15:53,7165.08,7450.0,3.4958,474.0
01:15:53,7165.08,7475.0,0.2361,140.0
01:15:53,7165.08,7500.0,0.1662,296.0
01:15:53,7165.08,7525.0,0.0024,0.0
01:15:53,7165.08,7550.0,0.0005,0.0
01:15:53,7165.08,7600.0,0.0006,2.0
01:15:53,7165.08,7700.0,0.0001,0.0
01:15:53,7165.08,7800.0,0.0,1.0
01:15:53,7165.08,8000.0,0.0,2.0
01:15:53,7165.08,8800.0,0.0,2.0
01:15:53,7165.08,9200.0,0.0,1.0
01:30:58,7165.08,4600.0,-0.0,4.0
01:30:58,7165.08,5300.0,-0.0,1.0
01:30:58,7165.08,5400.0,-0.0,3.0
01:30:58,7165.08,5500.0,-0.0,1.0
01:30:58,7165.08,5575.0,-0.0,1.0
01:30:58,7165.08,5625.0,-0.0,1.0
01:30:58,7165.08,5650.0,-0.0,1.0
01:30:58,7165.08,5800.0,-0.0,4.0
01:30:58,7165.08,5900.0,-0.0,3.0
01:30:58,7165.08,6000.0,-0.0,24.0
01:30:58,7165.08,6100.0,-0.0,876.0
01:30:58,7165.08,6110.0,-0.0,105.0
01:30:58,7165.08,6120.0,-0.0,81.0
01:30:58,7165.08,6125.0,-0.0,13.0
01:30:58,7165.08,6130.0,-0.0,3.0
01:30:58,7165.08,6140.0,-0.0,100.0
01:30:58,7165.08,6150.0,-0.0,297.0
01:30:58,7165.08,6160.0,-0.0,85.0
01:30:58,7165.08,6170.0,-0.0,87.0
01:30:58,7165.08,6175.0,-0.0,163.0
01:30:58,7165.08,6180.0,-0.0,10.0
01:30:58,7165.08,6190.0,-0.0,97.0
01:30:58,7165.08,6200.0,-0.0,1177.0
01:30:58,7165.08,6220.0,-0.0,40.0
01:30:58,7165.08,6225.0,-0.0,150.0
01:30:58,7165.08,6230.0,-0.0,302.0
01:30:58,7165.08,6240.0,-0.0,60.0
01:30:58,7165.08,6250.0,-0.0,226.0
01:30:58,7165.08,6260.0,-0.0,200.0
01:30:58,7165.08,6270.0,-0.0,101.0
01:30:58,7165.08,6275.0,-0.0,30.0
01:30:58,7165.08,6280.0,-0.0,20.0
01:30:58,7165.08,6290.0,-0.0,38.0
01:30:58,7165.08,6300.0,-0.0,96.0
01:30:58,7165.08,6310.0,-0.0,161.0
01:30:58,7165.08,6320.0,-0.0,10.0
01:30:58,7165.08,6325.0,-0.0,30.0
01:30:58,7165.08,6330.0,-0.0,196.0
01:30:58,7165.08,6340.0,-0.0,10.0
01:30:58,7165.08,6350.0,-0.0,95.0
01:30:58,7165.08,6360.0,-0.0,58.0
01:30:58,7165.08,6370.0,-0.0,50.0
01:30:58,7165.08,6375.0,-0.0,5.0
01:30:58,7165.08,6380.0,-0.0,44.0
01:30:58,7165.08,6390.0,0.0,11.0
01:30:58,7165.08,6400.0,-0.0,152.0
01:30:58,7165.08,6410.0,-0.0,5.0
01:30:58,7165.08,6420.0,-0.0,14.0
01:30:58,7165.08,6425.0,0.0,52.0
01:30:58,7165.08,6430.0,-0.0,7.0
01:30:58,7165.08,6440.0,-0.0,44.0
01:30:58,7165.08,6450.0,-0.0,1068.0
01:30:58,7165.08,6460.0,-0.0,80.0
01:30:58,7165.08,6470.0,-0.0,8.0
01:30:58,7165.08,6475.0,-0.0,3.0
01:30:58,7165.08,6480.0,-0.0,35.0
01:30:58,7165.08,6485.0,-0.0,8.0
01:30:58,7165.08,6490.0,-0.0,5.0
01:30:58,7165.08,6500.0,-0.0,70.0
01:30:58,7165.08,6505.0,-0.0,100.0
01:30:58,7165.08,6510.0,-0.0,118.0
01:30:58,7165.08,6515.0,-0.0,117.0
01:30:58,7165.08,6520.0,-0.0,29.0
01:30:58,7165.08,6525.0,-0.0,4.0
01:30:58,7165.08,6530.0,-0.0,1.0
01:30:58,7165.08,6535.0,-0.0,64.0
01:30:58,7165.08,6540.0,-0.0,22.0
01:30:58,7165.08,6545.0,-0.0,58.0
01:30:58,7165.08,6555.0,0.0,27.0
01:30:58,7165.08,6560.0,-0.0,15.0
01:30:58,7165.08,6565.0,-0.0,3.0
01:30:58,7165.08,6570.0,0.0,1.0
01:30:58,7165.08,6580.0,-0.0,13.0
01:30:58,7165.08,6585.0,-0.0,48.0
01:30:58,7165.08,6590.0,-0.0,57.0
01:30:58,7165.08,6595.0,-0.0,79.0
01:30:58,7165.08,6600.0,-0.0,4.0
01:30:58,7165.08,6605.0,-0.0,30.0
01:30:58,7165.08,6610.0,-0.0,106.0
01:30:58,7165.08,6615.0,-0.0,95.0
01:30:58,7165.08,6620.0,-0.0,80.0
01:30:58,7165.08,6625.0,0.0,16.0
01:30:58,7165.08,6630.0,-0.0,40.0
01:30:58,7165.08,6635.0,-0.0,137.0
01:30:58,7165.08,6640.0,-0.0,87.0
01:30:58,7165.08,6645.0,-0.0,27.0
01:30:58,7165.08,6650.0,-0.0,3.0
01:30:58,7165.08,6655.0,-0.0,70.0
01:30:58,7165.08,6660.0,-0.0,88.0
01:30:58,7165.08,6665.0,-0.0,6.0
01:30:58,7165.08,6675.0,0.0,33.0
01:30:58,7165.08,6680.0,-0.0,1.0
01:30:58,7165.08,6690.0,-0.0002,0.0
01:30:58,7165.08,6700.0,-0.0014,48.0
01:30:58,7165.08,6705.0,-0.0001,0.0
01:30:58,7165.08,6710.0,-0.0002,97.0
01:30:58,7165.08,6715.0,-0.0002,45.0
01:30:58,7165.08,6720.0,-0.0004,19.0
01:30:58,7165.08,6725.0,-0.0006,23.0
01:30:58,7165.08,6730.0,-0.0008,2.0
01:30:58,7165.08,6735.0,-0.0016,0.0
01:30:58,7165.08,6740.0,-0.0022,28.0
01:30:58,7165.08,6745.0,-0.0006,80.0
01:30:58,7165.08,6750.0,-0.0094,36.0
01:30:58,7165.08,6755.0,-0.0019,5.0
01:30:58,7165.08,6760.0,-0.007,1.0
01:30:58,7165.08,6765.0,-0.0031,18.0
01:30:58,7165.08,6770.0,-0.0089,3.0
01:30:58,7165.08,6775.0,-0.0042,17.0
01:30:58,7165.08,6780.0,-0.0111,119.0
01:30:58,7165.08,6785.0,-0.0106,1.0
01:30:58,7165.08,6790.0,-0.0215,26.0
01:30:58,7165.08,6795.0,-0.0608,0.0
01:30:58,7165.08,6800.0,-0.2388,96.0
01:30:58,7165.08,6805.0,-0.1026,23.0
01:30:58,7165.08,6810.0,-0.0975,3.0
01:30:58,7165.08,6815.0,-0.0214,5.0
01:30:58,7165.08,6820.0,-0.0584,20.0
01:30:58,7165.08,6825.0,-0.0312,55.0
01:30:58,7165.08,6830.0,-0.0506,4.0
01:30:58,7165.08,6835.0,-0.0602,87.0
01:30:58,7165.08,6840.0,-0.16,84.0
01:30:58,7165.08,6845.0,-0.2437,2.0
01:30:58,7165.08,6850.0,-0.8535,45.0
01:30:58,7165.08,6855.0,-0.413,101.0
01:30:58,7165.08,6860.0,-0.5511,32.0
01:30:58,7165.08,6865.0,-0.6827,0.0
01:30:58,7165.08,6870.0,-0.2721,82.0
01:30:58,7165.08,6875.0,-0.6819,16.0
01:30:58,7165.08,6880.0,-1.0618,6.0
01:30:58,7165.08,6885.0,-13.817,3.0
01:30:58,7165.08,6890.0,-0.825,33.0
01:30:58,7165.08,6895.0,-19.1141,13.0
01:30:58,7165.08,6900.0,-13.6337,112.0
01:30:58,7165.08,6905.0,-1.2031,102.0
01:30:58,7165.08,6910.0,-1.4923,5.0
01:30:58,7165.08,6915.0,-1.2064,2764.0
01:30:58,7165.08,6920.0,-0.7761,1309.0
01:30:58,7165.08,6925.0,-1.0761,1913.0
01:30:58,7165.08,6930.0,-5.7977,2200.0
01:30:58,7165.08,6935.0,-3.2501,1171.0
01:30:58,7165.08,6940.0,-0.6602,1353.0
01:30:58,7165.08,6945.0,-39.9374,7592.0
01:30:58,7165.08,6950.0,-61.6649,8046.0
01:30:58,7165.08,6955.0,-25.4936,1528.0
01:30:58,7165.08,6960.0,-13.141,1831.0
01:30:58,7165.08,6965.0,-6.3978,645.0
01:30:58,7165.08,6970.0,-4.1436,2617.0
01:30:58,7165.08,6975.0,-15.0898,2778.0
01:30:58,7165.08,6980.0,-14.1651,3571.0
01:30:58,7165.08,6985.0,-12.9884,1391.0
01:30:58,7165.08,6990.0,-17.337,2455.0
01:30:58,7165.08,6995.0,-16.4244,1442.0
01:30:58,7165.08,7000.0,-11.9001,8907.0
01:30:58,7165.08,7005.0,-126.529,2523.0
01:30:58,7165.08,7010.0,-3.725,2245.0
01:30:58,7165.08,7015.0,-10.7498,2148.0
01:30:58,7165.08,7020.0,-4.1122,2885.0
01:30:58,7165.08,7025.0,-24.5871,2772.0
01:30:58,7165.08,7030.0,44.2324,3035.0
01:30:58,7165.08,7035.0,-20.2507,2182.0
01:30:58,7165.08,7040.0,-31.1121,3149.0
01:30:58,7165.08,7045.0,308.3998,2285.0
01:30:58,7165.08,7050.0,-95.5946,9556.0
01:30:58,7165.08,7055.0,-195.4224,2665.0
01:30:58,7165.08,7060.0,-41.4304,2935.0
01:30:58,7165.08,7065.0,-15.1002,1971.0
01:30:58,7165.08,7070.0,3.8618,2978.0
01:30:58,7165.08,7075.0,-55.5984,2724.0
01:30:58,7165.08,7080.0,-54.2907,2314.0
01:30:58,7165.08,7085.0,-24.8423,1883.0
01:30:58,7165.08,7090.0,-49.6816,3620.0
01:30:58,7165.08,7095.0,-15.3363,2889.0
01:30:58,7165.08,7100.0,127.8095,10605.0
01:30:58,7165.08,7105.0,18.3136,1937.0
01:30:58,7165.08,7110.0,-24.7531,2670.0
01:30:58,7165.08,7115.0,22.6923,2447.0
01:30:58,7165.08,7120.0,74.7954,4735.0
01:30:58,7165.08,7125.0,1.3871,7040.0
01:30:58,7165.08,7130.0,1432.7542,10251.0
01:30:58,7165.08,7135.0,36.5812,2866.0
01:30:58,7165.08,7140.0,293.1332,5724.0
01:30:58,7165.08,7145.0,40.4458,2663.0
01:30:58,7165.08,7150.0,95.4028,13358.0
01:30:58,7165.08,7155.0,654.3267,6007.0
01:30:58,7165.08,7160.0,1144.1108,14943.0
01:30:58,7165.08,7165.0,49.9362,7850.0
01:30:58,7165.08,7170.0,215.7644,9019.0
01:30:58,7165.08,7175.0,324.0935,4217.0
01:30:58,7165.08,7180.0,122.0941,3557.0
01:30:58,7165.08,7185.0,82.3908,5475.0
01:30:58,7165.08,7190.0,143.775,2933.0
01:30:58,7165.08,7195.0,119.8409,1872.0
01:30:58,7165.08,7200.0,681.2964,10217.0
01:30:58,7165.08,7205.0,84.4635,2363.0
01:30:58,7165.08,7210.0,213.0405,3161.0
01:30:58,7165.08,7215.0,122.7578,4769.0
01:30:58,7165.08,7220.0,216.5669,5948.0
01:30:58,7165.08,7225.0,166.4071,4712.0
01:30:58,7165.08,7230.0,178.4028,3379.0
01:30:58,7165.08,7235.0,70.096,2238.0
01:30:58,7165.08,7240.0,181.1292,9393.0
01:30:58,7165.08,7245.0,88.7401,2161.0
01:30:58,7165.08,7250.0,1201.5839,17796.0
01:30:58,7165.08,7255.0,447.3161,5768.0
01:30:58,7165.08,7260.0,118.2156,7087.0
01:30:58,7165.08,7265.0,101.798,2879.0
01:30:58,7165.08,7270.0,161.8997,3240.0
01:30:58,7165.08,7275.0,281.902,11907.0
01:30:58,7165.08,7280.0,198.4675,7154.0
01:30:58,7165.08,7285.0,114.7543,1336.0
01:30:58,7165.08,7290.0,104.0849,3242.0
01:30:58,7165.08,7295.0,113.7588,1915.0
01:30:58,7165.08,7300.0,264.9317,8356.0
01:30:58,7165.08,7305.0,18.4327,440.0
01:30:58,7165.08,7310.0,56.8141,740.0
01:30:58,7165.08,7315.0,29.3403,746.0
01:30:58,7165.08,7320.0,72.6397,1219.0
01:30:58,7165.08,7325.0,76.1697,367.0
01:30:58,7165.08,7330.0,57.2859,997.0
01:30:58,7165.08,7335.0,1.292,382.0
01:30:58,7165.08,7340.0,23.7482,2278.0
01:30:58,7165.08,7345.0,0.7576,468.0
01:30:58,7165.08,7350.0,102.7869,6953.0
01:30:58,7165.08,7360.0,9.5505,250.0
01:30:58,7165.08,7370.0,23.323,771.0
01:30:58,7165.08,7375.0,25.4988,10617.0
01:30:58,7165.08,7380.0,12.2254,5156.0
01:30:58,7165.08,7390.0,33.0836,2139.0
01:30:58,7165.08,7400.0,15.4658,4230.0
01:30:58,7165.08,7410.0,0.0095,65.0
01:30:58,7165.08,7425.0,4.2126,0.0
01:30:58,7165.08,7450.0,3.4958,0.0
01:30:58,7165.08,7475.0,0.2361,0.0
01:30:58,7165.08,7500.0,0.1662,0.0
01:30:58,7165.08,7525.0,0.0024,0.0
01:30:58,7165.08,7550.0,0.0005,0.0
01:30:58,7165.08,7600.0,0.0006,0.0
01:30:58,7165.08,7700.0,0.0001,0.0
01:30:58,7165.08,7800.0,0.0,1.0
01:30:58,7165.08,8000.0,0.0,2.0
01:30:58,7165.08,8800.0,0.0,2.0
01:30:58,7165.08,9200.0,0.0,1.0
01:33:24,7165.08,4600.0,-0.0,4.0
01:33:24,7165.08,5300.0,-0.0,1.0
01:33:24,7165.08,5400.0,-0.0,3.0
01:33:24,7165.08,5500.0,-0.0,1.0
01:33:24,7165.08,5575.0,-0.0,1.0
01:33:24,7165.08,5625.0,-0.0,1.0
01:33:24,7165.08,5650.0,-0.0,1.0
01:33:24,7165.08,5800.0,-0.0,4.0
01:33:24,7165.08,5900.0,-0.0,3.0
01:33:24,7165.08,6000.0,-0.0,24.0
01:33:24,7165.08,6100.0,-0.0,876.0
01:33:24,7165.08,6110.0,-0.0,105.0
01:33:24,7165.08,6120.0,-0.0,81.0
01:33:24,7165.08,6125.0,-0.0,13.0
01:33:24,7165.08,6130.0,-0.0,3.0
01:33:24,7165.08,6140.0,-0.0,100.0
01:33:24,7165.08,6150.0,-0.0,297.0
01:33:24,7165.08,6160.0,-0.0,85.0
01:33:24,7165.08,6170.0,-0.0,87.0
01:33:24,7165.08,6175.0,-0.0,163.0
01:33:24,7165.08,6180.0,-0.0,10.0
01:33:24,7165.08,6190.0,-0.0,97.0
01:33:24,7165.08,6200.0,-0.0,1177.0
01:33:24,7165.08,6220.0,-0.0,40.0
01:33:24,7165.08,6225.0,-0.0,150.0
01:33:24,7165.08,6230.0,-0.0,302.0
01:33:24,7165.08,6240.0,-0.0,60.0
01:33:24,7165.08,6250.0,-0.0,226.0
01:33:24,7165.08,6260.0,-0.0,200.0
01:33:24,7165.08,6270.0,-0.0,101.0
01:33:24,7165.08,6275.0,-0.0,30.0
01:33:24,7165.08,6280.0,-0.0,20.0
01:33:24,7165.08,6290.0,-0.0,38.0
01:33:24,7165.08,6300.0,-0.0,96.0
01:33:24,7165.08,6310.0,-0.0,161.0
01:33:24,7165.08,6320.0,-0.0,10.0
01:33:24,7165.08,6325.0,-0.0,30.0
01:33:24,7165.08,6330.0,-0.0,196.0
01:33:24,7165.08,6340.0,-0.0,10.0
01:33:24,7165.08,6350.0,-0.0,95.0
01:33:24,7165.08,6360.0,-0.0,58.0
01:33:24,7165.08,6370.0,-0.0,50.0
01:33:24,7165.08,6375.0,-0.0,5.0
01:33:24,7165.08,6380.0,-0.0,44.0
01:33:24,7165.08,6390.0,0.0,11.0
01:33:24,7165.08,6400.0,-0.0,152.0
01:33:24,7165.08,6410.0,-0.0,5.0
01:33:24,7165.08,6420.0,-0.0,14.0
01:33:24,7165.08,6425.0,0.0,52.0
01:33:24,7165.08,6430.0,-0.0,7.0
01:33:24,7165.08,6440.0,-0.0,44.0
01:33:24,7165.08,6450.0,-0.0,1068.0
01:33:24,7165.08,6460.0,-0.0,80.0
01:33:24,7165.08,6470.0,-0.0,8.0
01:33:24,7165.08,6475.0,-0.0,3.0
01:33:24,7165.08,6480.0,-0.0,35.0
01:33:24,7165.08,6485.0,-0.0,8.0
01:33:24,7165.08,6490.0,-0.0,5.0
01:33:24,7165.08,6500.0,-0.0,70.0
01:33:24,7165.08,6505.0,-0.0,100.0
01:33:24,7165.08,6510.0,-0.0,118.0
01:33:24,7165.08,6515.0,-0.0,117.0
01:33:24,7165.08,6520.0,-0.0,29.0
01:33:24,7165.08,6525.0,-0.0,4.0
01:33:24,7165.08,6530.0,-0.0,1.0
01:33:24,7165.08,6535.0,-0.0,64.0
01:33:24,7165.08,6540.0,-0.0,22.0
01:33:24,7165.08,6545.0,-0.0,58.0
01:33:24,7165.08,6555.0,0.0,27.0
01:33:24,7165.08,6560.0,-0.0,15.0
01:33:24,7165.08,6565.0,-0.0,3.0
01:33:24,7165.08,6570.0,0.0,1.0
01:33:24,7165.08,6580.0,-0.0,13.0
01:33:24,7165.08,6585.0,-0.0,48.0
01:33:24,7165.08,6590.0,-0.0,57.0
01:33:24,7165.08,6595.0,-0.0,79.0
01:33:24,7165.08,6600.0,-0.0,4.0
01:33:24,7165.08,6605.0,-0.0,30.0
01:33:24,7165.08,6610.0,-0.0,106.0
01:33:24,7165.08,6615.0,-0.0,95.0
01:33:24,7165.08,6620.0,-0.0,80.0
01:33:24,7165.08,6625.0,0.0,16.0
01:33:24,7165.08,6630.0,-0.0,40.0
01:33:24,7165.08,6635.0,-0.0,137.0
01:33:24,7165.08,6640.0,-0.0,87.0
01:33:24,7165.08,6645.0,-0.0,27.0
01:33:24,7165.08,6650.0,-0.0,3.0
01:33:24,7165.08,6655.0,-0.0,70.0
01:33:24,7165.08,6660.0,-0.0,88.0
01:33:24,7165.08,6665.0,-0.0,6.0
01:33:24,7165.08,6675.0,0.0,33.0
01:33:24,7165.08,6680.0,-0.0,1.0
01:33:24,7165.08,6690.0,-0.0002,0.0
01:33:24,7165.08,6700.0,-0.0014,48.0
01:33:24,7165.08,6705.0,-0.0001,0.0
01:33:24,7165.08,6710.0,-0.0002,97.0
01:33:24,7165.08,6715.0,-0.0002,45.0
01:33:24,7165.08,6720.0,-0.0004,19.0
01:33:24,7165.08,6725.0,-0.0006,23.0
01:33:24,7165.08,6730.0,-0.0008,2.0
01:33:24,7165.08,6735.0,-0.0016,0.0
01:33:24,7165.08,6740.0,-0.0022,28.0
01:33:24,7165.08,6745.0,-0.0006,80.0
01:33:24,7165.08,6750.0,-0.0094,36.0
01:33:24,7165.08,6755.0,-0.0019,5.0
01:33:24,7165.08,6760.0,-0.007,1.0
01:33:24,7165.08,6765.0,-0.0031,18.0
01:33:24,7165.08,6770.0,-0.0089,3.0
01:33:24,7165.08,6775.0,-0.0042,17.0
01:33:24,7165.08,6780.0,-0.0111,119.0
01:33:24,7165.08,6785.0,-0.0106,1.0
01:33:24,7165.08,6790.0,-0.0215,26.0
01:33:24,7165.08,6795.0,-0.0608,0.0
01:33:24,7165.08,6800.0,-0.2388,96.0
01:33:24,7165.08,6805.0,-0.1026,23.0
01:33:24,7165.08,6810.0,-0.0975,3.0
01:33:24,7165.08,6815.0,-0.0214,5.0
01:33:24,7165.08,6820.0,-0.0584,20.0
01:33:24,7165.08,6825.0,-0.0312,55.0
01:33:24,7165.08,6830.0,-0.0506,4.0
01:33:24,7165.08,6835.0,-0.0602,87.0
01:33:24,7165.08,6840.0,-0.16,84.0
01:33:24,7165.08,6845.0,-0.2437,2.0
01:33:24,7165.08,6850.0,-0.8535,45.0
01:33:24,7165.08,6855.0,-0.413,101.0
01:33:24,7165.08,6860.0,-0.5511,32.0
01:33:24,7165.08,6865.0,-0.6827,0.0
01:33:24,7165.08,6870.0,-0.2721,82.0
01:33:24,7165.08,6875.0,-0.6819,16.0
01:33:24,7165.08,6880.0,-1.0618,6.0
01:33:24,7165.08,6885.0,-13.817,3.0
01:33:24,7165.08,6890.0,-0.825,33.0
01:33:24,7165.08,6895.0,-19.1141,13.0
01:33:24,7165.08,6900.0,-13.6337,112.0
01:33:24,7165.08,6905.0,-1.2031,102.0
01:33:24,7165.08,6910.0,-1.4923,5.0
01:33:24,7165.08,6915.0,-1.2064,2764.0
01:33:24,7165.08,6920.0,-0.7761,1309.0
01:33:24,7165.08,6925.0,-1.0761,1913.0
01:33:24,7165.08,6930.0,-5.7977,2200.0
01:33:24,7165.08,6935.0,-3.2501,1171.0
01:33:24,7165.08,6940.0,-0.6602,1353.0
01:33:24,7165.08,6945.0,-39.9374,7592.0
01:33:24,7165.08,6950.0,-61.6649,8046.0
01:33:24,7165.08,6955.0,-25.4936,1528.0
01:33:24,7165.08,6960.0,-13.141,1831.0
01:33:24,7165.08,6965.0,-6.3978,645.0
01:33:24,7165.08,6970.0,-4.1436,2617.0
01:33:24,7165.08,6975.0,-15.0898,2778.0
01:33:24,7165.08,6980.0,-14.1651,3571.0
01:33:24,7165.08,6985.0,-12.9884,1391.0
01:33:24,7165.08,6990.0,-17.337,2455.0
01:33:24,7165.08,6995.0,-16.4244,1442.0
01:33:24,7165.08,7000.0,-11.9001,8907.0
01:33:24,7165.08,7005.0,-126.529,2523.0
01:33:24,7165.08,7010.0,-3.725,2245.0
01:33:24,7165.08,7015.0,-10.7498,2148.0
01:33:24,7165.08,7020.0,-4.1122,2885.0
01:33:24,7165.08,7025.0,-24.5871,2772.0
01:33:24,7165.08,7030.0,44.2324,3035.0
01:33:24,7165.08,7035.0,-20.2507,2182.0
01:33:24,7165.08,7040.0,-31.1121,3149.0
01:33:24,7165.08,7045.0,308.3998,2285.0
01:33:24,7165.08,7050.0,-95.5946,9556.0
01:33:24,7165.08,7055.0,-195.4224,2665.0
01:33:24,7165.08,7060.0,-41.4304,2935.0
01:33:24,7165.08,7065.0,-15.1002,1971.0
01:33:24,7165.08,7070.0,3.8618,2978.0
01:33:24,7165.08,7075.0,-55.5984,2724.0
01:33:24,7165.08,7080.0,-54.2907,2314.0
01:33:24,7165.08,7085.0,-24.8423,1883.0
01:33:24,7165.08,7090.0,-49.6816,3620.0
01:33:24,7165.08,7095.0,-15.3363,2889.0
01:33:24,7165.08,7100.0,127.8095,10605.0
01:33:24,7165.08,7105.0,18.3136,1937.0
01:33:24,7165.08,7110.0,-24.7531,2670.0
01:33:24,7165.08,7115.0,22.6923,2447.0
01:33:24,7165.08,7120.0,74.7954,4735.0
01:33:24,7165.08,7125.0,1.3871,7040.0
01:33:24,7165.08,7130.0,1432.7542,10251.0
01:33:24,7165.08,7135.0,36.5812,2866.0
01:33:24,7165.08,7140.0,293.1332,5724.0
01:33:24,7165.08,7145.0,40.4458,2663.0
01:33:24,7165.08,7150.0,95.4028,13358.0
01:33:24,7165.08,7155.0,654.3267,6007.0
01:33:24,7165.08,7160.0,1144.1108,14943.0
01:33:24,7165.08,7165.0,49.9362,7850.0
01:33:24,7165.08,7170.0,215.7644,9019.0
01:33:24,7165.08,7175.0,324.0935,4217.0
01:33:24,7165.08,7180.0,122.0941,3557.0
01:33:24,7165.08,7185.0,82.3908,5475.0
01:33:24,7165.08,7190.0,143.775,2933.0
01:33:24,7165.08,7195.0,119.8409,1872.0
01:33:24,7165.08,7200.0,681.2964,10217.0
01:33:24,7165.08,7205.0,84.4635,2363.0
01:33:24,7165.08,7210.0,213.0405,3161.0
01:33:24,7165.08,7215.0,122.7578,4769.0
01:33:24,7165.08,7220.0,216.5669,5948.0
01:33:24,7165.08,7225.0,166.4071,4712.0
01:33:24,7165.08,7230.0,178.4028,3379.0
01:33:24,7165.08,7235.0,70.096,2238.0
01:33:24,7165.08,7240.0,181.1292,9393.0
01:33:24,7165.08,7245.0,88.7401,2161.0
01:33:24,7165.08,7250.0,1201.5839,17796.0
01:33:24,7165.08,7255.0,447.3161,5768.0
01:33:24,7165.08,7260.0,118.2156,7087.0
01:33:24,7165.08,7265.0,101.798,2879.0
01:33:24,7165.08,7270.0,161.8997,3240.0
01:33:24,7165.08,7275.0,281.902,11907.0
01:33:24,7165.08,7280.0,198.4675,7154.0
01:33:24,7165.08,7285.0,114.7543,1336.0
01:33:24,7165.08,7290.0,104.0849,3242.0
01:33:24,7165.08,7295.0,113.7588,1915.0
01:33:24,7165.08,7300.0,264.9317,8356.0
01:33:24,7165.08,7305.0,18.4327,440.0
01:33:24,7165.08,7310.0,56.8141,740.0
01:33:24,7165.08,7315.0,29.3403,746.0
01:33:24,7165.08,7320.0,72.6397,1219.0
01:33:24,7165.08,7325.0,76.1697,367.0
01:33:24,7165.08,7330.0,57.2859,997.0
01:33:24,7165.08,7335.0,1.292,382.0
01:33:24,7165.08,7340.0,23.7482,2278.0
01:33:24,7165.08,7345.0,0.7576,468.0
01:33:24,7165.08,7350.0,102.7869,6953.0
01:33:24,7165.08,7360.0,9.5505,250.0
01:33:24,7165.08,7370.0,23.323,771.0
01:33:24,7165.08,7375.0,25.4988,10617.0
01:33:24,7165.08,7380.0,12.2254,5156.0
01:33:24,7165.08,7390.0,33.0836,2139.0
01:33:24,7165.08,7400.0,15.4658,4230.0
01:33:24,7165.08,7410.0,0.0095,0.0
01:33:24,7165.08,7425.0,4.2126,0.0
01:33:24,7165.08,7450.0,3.4958,0.0
01:33:24,7165.08,7475.0,0.2361,0.0
01:33:24,7165.08,7500.0,0.1662,0.0
01:33:24,7165.08,7525.0,0.0024,0.0
01:33:24,7165.08,7550.0,0.0005,0.0
01:33:24,7165.08,7600.0,0.0006,0.0
01:33:24,7165.08,7700.0,0.0001,0.0
01:33:24,7165.08,7800.0,0.0,1.0
01:33:24,7165.08,8000.0,0.0,2.0
01:33:24,7165.08,8800.0,0.0,2.0
01:33:24,7165.08,9200.0,0.0,1.0
01:35:51,7165.08,4600.0,-0.0,4.0
01:35:51,7165.08,5300.0,-0.0,1.0
01:35:51,7165.08,5400.0,-0.0,3.0
01:35:51,7165.08,5500.0,-0.0,1.0
01:35:51,7165.08,5575.0,-0.0,1.0
01:35:51,7165.08,5625.0,-0.0,1.0
01:35:51,7165.08,5650.0,-0.0,1.0
01:35:51,7165.08,5800.0,-0.0,4.0
01:35:51,7165.08,5900.0,-0.0,3.0
01:35:51,7165.08,6000.0,-0.0,24.0
01:35:51,7165.08,6100.0,-0.0,876.0
01:35:51,7165.08,6110.0,-0.0,105.0
01:35:51,7165.08,6120.0,-0.0,81.0
01:35:51,7165.08,6125.0,-0.0,13.0
01:35:51,7165.08,6130.0,-0.0,3.0
01:35:51,7165.08,6140.0,-0.0,100.0
01:35:51,7165.08,6150.0,-0.0,297.0
01:35:51,7165.08,6160.0,-0.0,85.0
01:35:51,7165.08,6170.0,-0.0,87.0
01:35:51,7165.08,6175.0,-0.0,163.0
01:35:51,7165.08,6180.0,-0.0,10.0
01:35:51,7165.08,6190.0,-0.0,97.0
01:35:51,7165.08,6200.0,-0.0,1177.0
01:35:51,7165.08,6220.0,-0.0,40.0
01:35:51,7165.08,6225.0,-0.0,150.0
01:35:51,7165.08,6230.0,-0.0,302.0
01:35:51,7165.08,6240.0,-0.0,60.0
01:35:51,7165.08,6250.0,-0.0,226.0
01:35:51,7165.08,6260.0,-0.0,200.0
01:35:51,7165.08,6270.0,-0.0,101.0
01:35:51,7165.08,6275.0,-0.0,30.0
01:35:51,7165.08,6280.0,-0.0,20.0
01:35:51,7165.08,6290.0,-0.0,38.0
01:35:51,7165.08,6300.0,-0.0,96.0
01:35:51,7165.08,6310.0,-0.0,161.0
01:35:51,7165.08,6320.0,-0.0,10.0
01:35:51,7165.08,6325.0,-0.0,30.0
01:35:51,7165.08,6330.0,-0.0,196.0
01:35:51,7165.08,6340.0,-0.0,10.0
01:35:51,7165.08,6350.0,-0.0,95.0
01:35:51,7165.08,6360.0,-0.0,58.0
01:35:51,7165.08,6370.0,-0.0,50.0
01:35:51,7165.08,6375.0,-0.0,5.0
01:35:51,7165.08,6380.0,-0.0,44.0
01:35:51,7165.08,6390.0,0.0,11.0
01:35:51,7165.08,6400.0,-0.0,152.0
01:35:51,7165.08,6410.0,-0.0,5.0
01:35:51,7165.08,6420.0,-0.0,14.0
01:35:51,7165.08,6425.0,0.0,52.0
01:35:51,7165.08,6430.0,-0.0,7.0
01:35:51,7165.08,6440.0,-0.0,44.0
01:35:51,7165.08,6450.0,-0.0,1068.0
01:35:51,7165.08,6460.0,-0.0,80.0
01:35:51,7165.08,6470.0,-0.0,8.0
01:35:51,7165.08,6475.0,-0.0,3.0
01:35:51,7165.08,6480.0,-0.0,35.0
01:35:51,7165.08,6485.0,-0.0,8.0
01:35:51,7165.08,6490.0,-0.0,5.0
01:35:51,7165.08,6500.0,-0.0,70.0
01:35:51,7165.08,6505.0,-0.0,100.0
01:35:51,7165.08,6510.0,-0.0,118.0
01:35:51,7165.08,6515.0,-0.0,117.0
01:35:51,7165.08,6520.0,-0.0,29.0
01:35:51,7165.08,6525.0,-0.0,4.0
01:35:51,7165.08,6530.0,-0.0,1.0
01:35:51,7165.08,6535.0,-0.0,64.0
01:35:51,7165.08,6540.0,-0.0,22.0
01:35:51,7165.08,6545.0,-0.0,58.0
01:35:51,7165.08,6555.0,0.0,27.0
01:35:51,7165.08,6560.0,-0.0,15.0
01:35:51,7165.08,6565.0,-0.0,3.0
01:35:51,7165.08,6570.0,0.0,1.0
01:35:51,7165.08,6580.0,-0.0,13.0
01:35:51,7165.08,6585.0,-0.0,48.0
01:35:51,7165.08,6590.0,-0.0,57.0
01:35:51,7165.08,6595.0,-0.0,79.0
01:35:51,7165.08,6600.0,-0.0,4.0
01:35:51,7165.08,6605.0,-0.0,30.0
01:35:51,7165.08,6610.0,-0.0,106.0
01:35:51,7165.08,6615.0,-0.0,95.0
01:35:51,7165.08,6620.0,-0.0,80.0
01:35:51,7165.08,6625.0,0.0,16.0
01:35:51,7165.08,6630.0,-0.0,40.0
01:35:51,7165.08,6635.0,-0.0,137.0
01:35:51,7165.08,6640.0,-0.0,87.0
01:35:51,7165.08,6645.0,-0.0,27.0
01:35:51,7165.08,6650.0,-0.0,3.0
01:35:51,7165.08,6655.0,-0.0,70.0
01:35:51,7165.08,6660.0,-0.0,88.0
01:35:51,7165.08,6665.0,-0.0,6.0
01:35:51,7165.08,6675.0,0.0,33.0
01:35:51,7165.08,6680.0,-0.0,1.0
01:35:51,7165.08,6690.0,-0.0002,0.0
01:35:51,7165.08,6700.0,-0.0014,48.0
01:35:51,7165.08,6705.0,-0.0001,0.0
01:35:51,7165.08,6710.0,-0.0002,97.0
01:35:51,7165.08,6715.0,-0.0002,45.0
01:35:51,7165.08,6720.0,-0.0004,19.0
01:35:51,7165.08,6725.0,-0.0006,23.0
01:35:51,7165.08,6730.0,-0.0008,2.0
01:35:51,7165.08,6735.0,-0.0016,0.0
01:35:51,7165.08,6740.0,-0.0022,28.0
01:35:51,7165.08,6745.0,-0.0006,80.0
01:35:51,7165.08,6750.0,-0.0094,36.0
01:35:51,7165.08,6755.0,-0.0019,5.0
01:35:51,7165.08,6760.0,-0.007,1.0
01:35:51,7165.08,6765.0,-0.0031,18.0
01:35:51,7165.08,6770.0,-0.0089,3.0
01:35:51,7165.08,6775.0,-0.0042,17.0
01:35:51,7165.08,6780.0,-0.0111,119.0
01:35:51,7165.08,6785.0,-0.0106,1.0
01:35:51,7165.08,6790.0,-0.0215,26.0
01:35:51,7165.08,6795.0,-0.0608,0.0
01:35:51,7165.08,6800.0,-0.2388,96.0
01:35:51,7165.08,6805.0,-0.1026,23.0
01:35:51,7165.08,6810.0,-0.0975,3.0
01:35:51,7165.08,6815.0,-0.0214,5.0
01:35:51,7165.08,6820.0,-0.0584,20.0
01:35:51,7165.08,6825.0,-0.0312,55.0
01:35:51,7165.08,6830.0,-0.0506,4.0
01:35:51,7165.08,6835.0,-0.0602,87.0
01:35:51,7165.08,6840.0,-0.16,84.0
01:35:51,7165.08,6845.0,-0.2437,2.0
01:35:51,7165.08,6850.0,-0.8535,45.0
01:35:51,7165.08,6855.0,-0.413,101.0
01:35:51,7165.08,6860.0,-0.5511,32.0
01:35:51,7165.08,6865.0,-0.6827,0.0
01:35:51,7165.08,6870.0,-0.2721,82.0
01:35:51,7165.08,6875.0,-0.6819,16.0
01:35:51,7165.08,6880.0,-1.0618,6.0
01:35:51,7165.08,6885.0,-13.817,3.0
01:35:51,7165.08,6890.0,-0.825,33.0
01:35:51,7165.08,6895.0,-19.1141,13.0
01:35:51,7165.08,6900.0,-13.6337,112.0
01:35:51,7165.08,6905.0,-1.2031,102.0
01:35:51,7165.08,6910.0,-1.4923,5.0
01:35:51,7165.08,6915.0,-1.2064,2764.0
01:35:51,7165.08,6920.0,-0.7761,1309.0
01:35:51,7165.08,6925.0,-1.0761,1913.0
01:35:51,7165.08,6930.0,-5.7977,2200.0
01:35:51,7165.08,6935.0,-3.2501,1171.0
01:35:51,7165.08,6940.0,-0.6602,1353.0
01:35:51,7165.08,6945.0,-39.9374,7592.0
01:35:51,7165.08,6950.0,-61.6649,8046.0
01:35:51,7165.08,6955.0,-25.4936,1528.0
01:35:51,7165.08,6960.0,-13.141,1831.0
01:35:51,7165.08,6965.0,-6.3978,645.0
01:35:51,7165.08,6970.0,-4.1436,2617.0
01:35:51,7165.08,6975.0,-15.0898,2778.0
01:35:51,7165.08,6980.0,-14.1651,3571.0
01:35:51,7165.08,6985.0,-12.9884,1391.0
01:35:51,7165.08,6990.0,-17.337,2455.0
01:35:51,7165.08,6995.0,-16.4244,1442.0
01:35:51,7165.08,7000.0,-11.9001,8907.0
01:35:51,7165.08,7005.0,-126.529,2523.0
01:35:51,7165.08,7010.0,-3.725,2245.0
01:35:51,7165.08,7015.0,-10.7498,2148.0
01:35:51,7165.08,7020.0,-4.1122,2885.0
01:35:51,7165.08,7025.0,-24.5871,2772.0
01:35:51,7165.08,7030.0,44.2324,3035.0
01:35:51,7165.08,7035.0,-20.2507,2182.0
01:35:51,7165.08,7040.0,-31.1121,3149.0
01:35:51,7165.08,7045.0,308.3998,2285.0
01:35:51,7165.08,7050.0,-95.5946,9556.0
01:35:51,7165.08,7055.0,-195.4224,2665.0
01:35:51,7165.08,7060.0,-41.4304,2935.0
01:35:51,7165.08,7065.0,-15.1002,1971.0
01:35:51,7165.08,7070.0,3.8618,2978.0
01:35:51,7165.08,7075.0,-55.5984,2724.0
01:35:51,7165.08,7080.0,-54.2907,2314.0
01:35:51,7165.08,7085.0,-24.8423,1883.0
01:35:51,7165.08,7090.0,-49.6816,3620.0
01:35:51,7165.08,7095.0,-15.3363,2889.0
01:35:51,7165.08,7100.0,127.8095,10605.0
01:35:51,7165.08,7105.0,18.3136,1937.0
01:35:51,7165.08,7110.0,-24.7531,2670.0
01:35:51,7165.08,7115.0,22.6923,2447.0
01:35:51,7165.08,7120.0,74.7954,4735.0
01:35:51,7165.08,7125.0,1.3871,7040.0
01:35:51,7165.08,7130.0,1432.7542,10251.0
01:35:51,7165.08,7135.0,36.5812,2866.0
01:35:51,7165.08,7140.0,293.1332,5724.0
01:35:51,7165.08,7145.0,40.4458,2663.0
01:35:51,7165.08,7150.0,95.4028,13358.0
01:35:51,7165.08,7155.0,654.3267,6007.0
01:35:51,7165.08,7160.0,1144.1108,14943.0
01:35:51,7165.08,7165.0,49.9362,7850.0
01:35:51,7165.08,7170.0,215.7644,9019.0
01:35:51,7165.08,7175.0,324.0935,4217.0
01:35:51,7165.08,7180.0,122.0941,3557.0
01:35:51,7165.08,7185.0,82.3908,5475.0
01:35:51,7165.08,7190.0,143.775,2933.0
01:35:51,7165.08,7195.0,119.8409,1872.0
01:35:51,7165.08,7200.0,681.2964,10217.0
01:35:51,7165.08,7205.0,84.4635,2363.0
01:35:51,7165.08,7210.0,213.0405,3161.0
01:35:51,7165.08,7215.0,122.7578,4769.0
01:35:51,7165.08,7220.0,216.5669,5948.0
01:35:51,7165.08,7225.0,166.4071,4712.0
01:35:51,7165.08,7230.0,178.4028,3379.0
01:35:51,7165.08,7235.0,70.096,2238.0
01:35:51,7165.08,7240.0,181.1292,9393.0
01:35:51,7165.08,7245.0,88.7401,2161.0
01:35:51,7165.08,7250.0,1201.5839,17796.0
01:35:51,7165.08,7255.0,447.3161,5768.0
01:35:51,7165.08,7260.0,118.2156,7087.0
01:35:51,7165.08,7265.0,101.798,2879.0
01:35:51,7165.08,7270.0,161.8997,3240.0
01:35:51,7165.08,7275.0,281.902,11907.0
01:35:51,7165.08,7280.0,198.4675,7154.0
01:35:51,7165.08,7285.0,114.7543,1336.0
01:35:51,7165.08,7290.0,104.0849,3242.0
01:35:51,7165.08,7295.0,113.7588,1915.0
01:35:51,7165.08,7300.0,264.9317,8356.0
01:35:51,7165.08,7305.0,18.4327,440.0
01:35:51,7165.08,7310.0,56.8141,740.0
01:35:51,7165.08,7315.0,29.3403,746.0
01:35:51,7165.08,7320.0,72.6397,1219.0
01:35:51,7165.08,7325.0,76.1697,367.0
01:35:51,7165.08,7330.0,57.2859,997.0
01:35:51,7165.08,7335.0,1.292,382.0
01:35:51,7165.08,7340.0,23.7482,2278.0
01:35:51,7165.08,7345.0,0.7576,468.0
01:35:51,7165.08,7350.0,102.7869,6953.0
01:35:51,7165.08,7360.0,9.5505,250.0
01:35:51,7165.08,7370.0,23.323,771.0
01:35:51,7165.08,7375.0,25.4988,10617.0
01:35:51,7165.08,7380.0,12.2254,5156.0
01:35:51,7165.08,7390.0,33.0836,2139.0
01:35:51,7165.08,7400.0,15.4658,4230.0
01:35:51,7165.08,7410.0,0.0095,0.0
01:35:51,7165.08,7425.0,4.2126,0.0
01:35:51,7165.08,7450.0,3.4958,0.0
01:35:51,7165.08,7475.0,0.2361,0.0
01:35:51,7165.08,7500.0,0.1662,0.0
01:35:51,7165.08,7525.0,0.0024,0.0
01:35:51,7165.08,7550.0,0.0005,0.0
01:35:51,7165.08,7600.0,0.0006,0.0
01:35:51,7165.08,7700.0,0.0001,0.0
01:35:51,7165.08,7800.0,0.0,1.0
01:35:51,7165.08,8000.0,0.0,2.0
01:35:51,7165.08,8800.0,0.0,2.0
01:35:51,7165.08,9200.0,0.0,1.0
01:52:01,7165.08,4600.0,-0.0,4.0
01:52:01,7165.08,5300.0,-0.0,1.0
01:52:01,7165.08,5400.0,-0.0,3.0
01:52:01,7165.08,5500.0,-0.0,1.0
01:52:01,7165.08,5575.0,-0.0,1.0
01:52:01,7165.08,5625.0,-0.0,1.0
01:52:01,7165.08,5650.0,-0.0,1.0
01:52:01,7165.08,5800.0,-0.0,4.0
01:52:01,7165.08,5900.0,-0.0,3.0
01:52:01,7165.08,6000.0,-0.0,24.0
01:52:01,7165.08,6100.0,-0.0,876.0
01:52:01,7165.08,6110.0,-0.0,105.0
01:52:01,7165.08,6120.0,-0.0,81.0
01:52:01,7165.08,6125.0,-0.0,13.0
01:52:01,7165.08,6130.0,-0.0,3.0
01:52:01,7165.08,6140.0,-0.0,100.0
01:52:01,7165.08,6150.0,-0.0,297.0
01:52:01,7165.08,6160.0,-0.0,85.0
01:52:01,7165.08,6170.0,-0.0,87.0
01:52:01,7165.08,6175.0,-0.0,163.0
01:52:01,7165.08,6180.0,-0.0,10.0
01:52:01,7165.08,6190.0,-0.0,97.0
01:52:01,7165.08,6200.0,-0.0,1177.0
01:52:01,7165.08,6220.0,-0.0,40.0
01:52:01,7165.08,6225.0,-0.0,150.0
01:52:01,7165.08,6230.0,-0.0,302.0
01:52:01,7165.08,6240.0,-0.0,60.0
01:52:01,7165.08,6250.0,-0.0,226.0
01:52:01,7165.08,6260.0,-0.0,200.0
01:52:01,7165.08,6270.0,-0.0,101.0
01:52:01,7165.08,6275.0,-0.0,30.0
01:52:01,7165.08,6280.0,-0.0,20.0
01:52:01,7165.08,6290.0,-0.0,38.0
01:52:01,7165.08,6300.0,-0.0,96.0
01:52:01,7165.08,6310.0,-0.0,161.0
01:52:01,7165.08,6320.0,-0.0,10.0
01:52:01,7165.08,6325.0,-0.0,30.0
01:52:01,7165.08,6330.0,-0.0,196.0
01:52:01,7165.08,6340.0,-0.0,10.0
01:52:01,7165.08,6350.0,-0.0,95.0
01:52:01,7165.08,6360.0,-0.0,58.0
01:52:01,7165.08,6370.0,-0.0,50.0
01:52:01,7165.08,6375.0,-0.0,5.0
01:52:01,7165.08,6380.0,-0.0,44.0
01:52:01,7165.08,6390.0,0.0,11.0
01:52:01,7165.08,6400.0,-0.0,152.0
01:52:01,7165.08,6410.0,-0.0,5.0
01:52:01,7165.08,6420.0,-0.0,14.0
01:52:01,7165.08,6425.0,0.0,52.0
01:52:01,7165.08,6430.0,-0.0,7.0
01:52:01,7165.08,6440.0,-0.0,44.0
01:52:01,7165.08,6450.0,-0.0,1068.0
01:52:01,7165.08,6460.0,-0.0,80.0
01:52:01,7165.08,6470.0,-0.0,8.0
01:52:01,7165.08,6475.0,-0.0,3.0
01:52:01,7165.08,6480.0,-0.0,35.0
01:52:01,7165.08,6485.0,-0.0,8.0
01:52:01,7165.08,6490.0,-0.0,5.0
01:52:01,7165.08,6500.0,-0.0,70.0
01:52:01,7165.08,6505.0,-0.0,100.0
01:52:01,7165.08,6510.0,-0.0,118.0
01:52:01,7165.08,6515.0,-0.0,117.0
01:52:01,7165.08,6520.0,-0.0,29.0
01:52:01,7165.08,6525.0,-0.0,4.0
01:52:01,7165.08,6530.0,-0.0,1.0
01:52:01,7165.08,6535.0,-0.0,64.0
01:52:01,7165.08,6540.0,-0.0,22.0
01:52:01,7165.08,6545.0,-0.0,58.0
01:52:01,7165.08,6555.0,0.0,27.0
01:52:01,7165.08,6560.0,-0.0,15.0
01:52:01,7165.08,6565.0,-0.0,3.0
01:52:01,7165.08,6570.0,0.0,1.0
01:52:01,7165.08,6580.0,-0.0,13.0
01:52:01,7165.08,6585.0,-0.0,48.0
01:52:01,7165.08,6590.0,-0.0,57.0
01:52:01,7165.08,6595.0,-0.0,79.0
01:52:01,7165.08,6600.0,-0.0,4.0
01:52:01,7165.08,6605.0,-0.0,30.0
01:52:01,7165.08,6610.0,-0.0,106.0
01:52:01,7165.08,6615.0,-0.0,95.0
01:52:01,7165.08,6620.0,-0.0,80.0
01:52:01,7165.08,6625.0,0.0,16.0
01:52:01,7165.08,6630.0,-0.0,40.0
01:52:01,7165.08,6635.0,-0.0,137.0
01:52:01,7165.08,6640.0,-0.0,87.0
01:52:01,7165.08,6645.0,-0.0,27.0
01:52:01,7165.08,6650.0,-0.0,3.0
01:52:01,7165.08,6655.0,-0.0,70.0
01:52:01,7165.08,6660.0,-0.0,88.0
01:52:01,7165.08,6665.0,-0.0,6.0
01:52:01,7165.08,6675.0,0.0,33.0
01:52:01,7165.08,6680.0,-0.0,1.0
01:52:01,7165.08,6690.0,-0.0002,0.0
01:52:01,7165.08,6700.0,-0.0014,48.0
01:52:01,7165.08,6705.0,-0.0001,0.0
01:52:01,7165.08,6710.0,-0.0002,97.0
01:52:01,7165.08,6715.0,-0.0002,45.0
01:52:01,7165.08,6720.0,-0.0004,19.0
01:52:01,7165.08,6725.0,-0.0006,23.0
01:52:01,7165.08,6730.0,-0.0008,2.0
01:52:01,7165.08,6735.0,-0.0016,0.0
01:52:01,7165.08,6740.0,-0.0022,28.0
01:52:01,7165.08,6745.0,-0.0006,80.0
01:52:01,7165.08,6750.0,-0.0094,36.0
01:52:01,7165.08,6755.0,-0.0019,5.0
01:52:01,7165.08,6760.0,-0.007,1.0
01:52:01,7165.08,6765.0,-0.0031,18.0
01:52:01,7165.08,6770.0,-0.0089,3.0
01:52:01,7165.08,6775.0,-0.0042,17.0
01:52:01,7165.08,6780.0,-0.0111,119.0
01:52:01,7165.08,6785.0,-0.0106,1.0
01:52:01,7165.08,6790.0,-0.0215,26.0
01:52:01,7165.08,6795.0,-0.0608,0.0
01:52:01,7165.08,6800.0,-0.2388,96.0
01:52:01,7165.08,6805.0,-0.1026,23.0
01:52:01,7165.08,6810.0,-0.0975,3.0
01:52:01,7165.08,6815.0,-0.0214,5.0
01:52:01,7165.08,6820.0,-0.0584,20.0
01:52:01,7165.08,6825.0,-0.0312,55.0
01:52:01,7165.08,6830.0,-0.0506,4.0
01:52:01,7165.08,6835.0,-0.0602,87.0
01:52:01,7165.08,6840.0,-0.16,84.0
01:52:01,7165.08,6845.0,-0.2437,2.0
01:52:01,7165.08,6850.0,-0.8535,45.0
01:52:01,7165.08,6855.0,-0.413,101.0
01:52:01,7165.08,6860.0,-0.5511,32.0
01:52:01,7165.08,6865.0,-0.6827,0.0
01:52:01,7165.08,6870.0,-0.2721,82.0
01:52:01,7165.08,6875.0,-0.6819,16.0
01:52:01,7165.08,6880.0,-1.0618,6.0
01:52:01,7165.08,6885.0,-13.817,3.0
01:52:01,7165.08,6890.0,-0.825,33.0
01:52:01,7165.08,6895.0,-19.1141,13.0
01:52:01,7165.08,6900.0,-13.6337,112.0
01:52:01,7165.08,6905.0,-1.2031,102.0
01:52:01,7165.08,6910.0,-1.4923,5.0
01:52:01,7165.08,6915.0,-1.2064,2764.0
01:52:01,7165.08,6920.0,-0.7761,1309.0
01:52:01,7165.08,6925.0,-1.0761,1913.0
01:52:01,7165.08,6930.0,-5.7977,2200.0
01:52:01,7165.08,6935.0,-3.2501,1171.0
01:52:01,7165.08,6940.0,-0.6602,1353.0
01:52:01,7165.08,6945.0,-39.9374,7592.0
01:52:01,7165.08,6950.0,-61.6649,8046.0
01:52:01,7165.08,6955.0,-25.4936,1528.0
01:52:01,7165.08,6960.0,-13.141,1831.0
01:52:01,7165.08,6965.0,-6.3978,645.0
01:52:01,7165.08,6970.0,-4.1436,2617.0
01:52:01,7165.08,6975.0,-15.0898,2778.0
01:52:01,7165.08,6980.0,-14.1651,3571.0
01:52:01,7165.08,6985.0,-12.9884,1391.0
01:52:01,7165.08,6990.0,-17.337,2455.0
01:52:01,7165.08,6995.0,-16.4244,1442.0
01:52:01,7165.08,7000.0,-11.9001,8907.0
01:52:01,7165.08,7005.0,-126.529,2523.0
01:52:01,7165.08,7010.0,-3.725,2245.0
01:52:01,7165.08,7015.0,-10.7498,2148.0
01:52:01,7165.08,7020.0,-4.1122,2885.0
01:52:01,7165.08,7025.0,-24.5871,2772.0
01:52:01,7165.08,7030.0,44.2324,3035.0
01:52:01,7165.08,7035.0,-20.2507,2182.0
01:52:01,7165.08,7040.0,-31.1121,3149.0
01:52:01,7165.08,7045.0,308.3998,2285.0
01:52:01,7165.08,7050.0,-95.5946,9556.0
01:52:01,7165.08,7055.0,-195.4224,2665.0
01:52:01,7165.08,7060.0,-41.4304,2935.0
01:52:01,7165.08,7065.0,-15.1002,1971.0
01:52:01,7165.08,7070.0,3.8618,2978.0
01:52:01,7165.08,7075.0,-55.5984,2724.0
01:52:01,7165.08,7080.0,-54.2907,2314.0
01:52:01,7165.08,7085.0,-24.8423,1883.0
01:52:01,7165.08,7090.0,-49.6816,3620.0
01:52:01,7165.08,7095.0,-15.3363,2889.0
01:52:01,7165.08,7100.0,127.8095,10605.0
01:52:01,7165.08,7105.0,18.3136,1937.0
01:52:01,7165.08,7110.0,-24.7531,2670.0
01:52:01,7165.08,7115.0,22.6923,2447.0
01:52:01,7165.08,7120.0,74.7954,4735.0
01:52:01,7165.08,7125.0,1.3871,7040.0
01:52:01,7165.08,7130.0,1432.7542,10251.0
01:52:01,7165.08,7135.0,36.5812,2866.0
01:52:01,7165.08,7140.0,293.1332,5724.0
01:52:01,7165.08,7145.0,40.4458,2663.0
01:52:01,7165.08,7150.0,95.4028,13358.0
01:52:01,7165.08,7155.0,654.3267,6007.0
01:52:01,7165.08,7160.0,1144.1108,14944.0
01:52:01,7165.08,7165.0,49.9362,7856.0
01:52:01,7165.08,7170.0,215.7644,9023.0
01:52:01,7165.08,7175.0,324.0935,4217.0
01:52:01,7165.08,7180.0,122.0941,3557.0
01:52:01,7165.08,7185.0,82.3908,5475.0
01:52:01,7165.08,7190.0,143.775,2933.0
01:52:01,7165.08,7195.0,119.8409,1872.0
01:52:01,7165.08,7200.0,681.2964,10217.0
01:52:01,7165.08,7205.0,84.4635,2363.0
01:52:01,7165.08,7210.0,213.0405,3161.0
01:52:01,7165.08,7215.0,122.7578,4769.0
01:52:01,7165.08,7220.0,216.5669,5948.0
01:52:01,7165.08,7225.0,166.4071,4712.0
01:52:01,7165.08,7230.0,178.4028,3379.0
01:52:01,7165.08,7235.0,70.096,2238.0
01:52:01,7165.08,7240.0,181.1292,9393.0
01:52:01,7165.08,7245.0,88.7401,2161.0
01:52:01,7165.08,7250.0,1201.5839,17796.0
01:52:01,7165.08,7255.0,447.3161,5768.0
01:52:01,7165.08,7260.0,118.2156,7087.0
01:52:01,7165.08,7265.0,101.798,2879.0
01:52:01,7165.08,7270.0,161.8997,3240.0
01:52:01,7165.08,7275.0,281.902,11907.0
01:52:01,7165.08,7280.0,198.4675,7154.0
01:52:01,7165.08,7285.0,114.7543,1336.0
01:52:01,7165.08,7290.0,104.0849,3242.0
01:52:01,7165.08,7295.0,113.7588,1915.0
01:52:01,7165.08,7300.0,264.9317,8356.0
01:52:01,7165.08,7305.0,18.4327,440.0
01:52:01,7165.08,7310.0,56.8141,740.0
01:52:01,7165.08,7315.0,29.3403,746.0
01:52:01,7165.08,7320.0,72.6397,1219.0
01:52:01,7165.08,7325.0,76.1697,367.0
01:52:01,7165.08,7330.0,57.2859,997.0
01:52:01,7165.08,7335.0,1.292,382.0
01:52:01,7165.08,7340.0,23.7482,2278.0
01:52:01,7165.08,7345.0,0.7576,468.0
01:52:01,7165.08,7350.0,102.7869,6953.0
01:52:01,7165.08,7360.0,9.5505,250.0
01:52:01,7165.08,7370.0,23.323,771.0
01:52:01,7165.08,7375.0,25.4988,10617.0
01:52:01,7165.08,7380.0,12.2254,5156.0
01:52:01,7165.08,7390.0,33.0836,2139.0
01:52:01,7165.08,7400.0,15.4658,4230.0
01:52:01,7165.08,7410.0,0.0095,0.0
01:52:01,7165.08,7425.0,4.2126,0.0
01:52:01,7165.08,7450.0,3.4958,0.0
01:52:01,7165.08,7475.0,0.2361,0.0
01:52:01,7165.08,7500.0,0.1662,0.0
01:52:01,7165.08,7525.0,0.0024,0.0
01:52:01,7165.08,7550.0,0.0005,0.0
01:52:01,7165.08,7600.0,0.0006,0.0
01:52:01,7165.08,7700.0,0.0001,0.0
01:52:01,7165.08,7800.0,0.0,1.0
01:52:01,7165.08,8000.0,0.0,2.0
01:52:01,7165.08,8800.0,0.0,2.0
01:52:01,7165.08,9200.0,0.0,1.0
02:06:10,7165.08,4600.0,-0.0,4.0
02:06:10,7165.08,5300.0,-0.0,1.0
02:06:10,7165.08,5400.0,-0.0,3.0
02:06:10,7165.08,5500.0,-0.0,1.0
02:06:10,7165.08,5575.0,-0.0,1.0
02:06:10,7165.08,5625.0,-0.0,1.0
02:06:10,7165.08,5650.0,-0.0,1.0
02:06:10,7165.08,5800.0,-0.0,4.0
02:06:10,7165.08,5900.0,-0.0,3.0
02:06:10,7165.08,6000.0,-0.0,24.0
02:06:10,7165.08,6100.0,-0.0,876.0
02:06:10,7165.08,6110.0,-0.0,105.0
02:06:10,7165.08,6120.0,-0.0,81.0
02:06:10,7165.08,6125.0,-0.0,13.0
02:06:10,7165.08,6130.0,-0.0,3.0
02:06:10,7165.08,6140.0,-0.0,100.0
02:06:10,7165.08,6150.0,-0.0,297.0
02:06:10,7165.08,6160.0,-0.0,85.0
02:06:10,7165.08,6170.0,-0.0,87.0
02:06:10,7165.08,6175.0,-0.0,163.0
02:06:10,7165.08,6180.0,-0.0,10.0
02:06:10,7165.08,6190.0,-0.0,97.0
02:06:10,7165.08,6200.0,-0.0,1177.0
02:06:10,7165.08,6220.0,-0.0,40.0
02:06:10,7165.08,6225.0,-0.0,150.0
02:06:10,7165.08,6230.0,-0.0,302.0
02:06:10,7165.08,6240.0,-0.0,60.0
02:06:10,7165.08,6250.0,-0.0,226.0
02:06:10,7165.08,6260.0,-0.0,200.0
02:06:10,7165.08,6270.0,-0.0,101.0
02:06:10,7165.08,6275.0,-0.0,30.0
02:06:10,7165.08,6280.0,-0.0,20.0
02:06:10,7165.08,6290.0,-0.0,38.0
02:06:10,7165.08,6300.0,-0.0,96.0
02:06:10,7165.08,6310.0,-0.0,161.0
02:06:10,7165.08,6320.0,-0.0,10.0
02:06:10,7165.08,6325.0,-0.0,30.0
02:06:10,7165.08,6330.0,-0.0,196.0
02:06:10,7165.08,6340.0,-0.0,10.0
02:06:10,7165.08,6350.0,-0.0,95.0
02:06:10,7165.08,6360.0,-0.0,58.0
02:06:10,7165.08,6370.0,-0.0,50.0
02:06:10,7165.08,6375.0,-0.0,5.0
02:06:10,7165.08,6380.0,-0.0,44.0
02:06:10,7165.08,6390.0,0.0,11.0
02:06:10,7165.08,6400.0,-0.0,152.0
02:06:10,7165.08,6410.0,-0.0,5.0
02:06:10,7165.08,6420.0,-0.0,14.0
02:06:10,7165.08,6425.0,0.0,52.0
02:06:10,7165.08,6430.0,-0.0,7.0
02:06:10,7165.08,6440.0,-0.0,44.0
02:06:10,7165.08,6450.0,-0.0,1068.0
02:06:10,7165.08,6460.0,-0.0,80.0
02:06:10,7165.08,6470.0,-0.0,8.0
02:06:10,7165.08,6475.0,-0.0,3.0
02:06:10,7165.08,6480.0,-0.0,35.0
02:06:10,7165.08,6485.0,-0.0,8.0
02:06:10,7165.08,6490.0,-0.0,5.0
02:06:10,7165.08,6500.0,-0.0,70.0
02:06:10,7165.08,6505.0,-0.0,100.0
02:06:10,7165.08,6510.0,-0.0,118.0
02:06:10,7165.08,6515.0,-0.0,117.0
02:06:10,7165.08,6520.0,-0.0,29.0
02:06:10,7165.08,6525.0,-0.0,4.0
02:06:10,7165.08,6530.0,-0.0,1.0
02:06:10,7165.08,6535.0,-0.0,64.0
02:06:10,7165.08,6540.0,-0.0,22.0
02:06:10,7165.08,6545.0,-0.0,58.0
02:06:10,7165.08,6555.0,0.0,27.0
02:06:10,7165.08,6560.0,-0.0,15.0
02:06:10,7165.08,6565.0,-0.0,3.0
02:06:10,7165.08,6570.0,0.0,1.0
02:06:10,7165.08,6580.0,-0.0,13.0
02:06:10,7165.08,6585.0,-0.0,48.0
02:06:10,7165.08,6590.0,-0.0,57.0
02:06:10,7165.08,6595.0,-0.0,79.0
02:06:10,7165.08,6600.0,-0.0,4.0
02:06:10,7165.08,6605.0,-0.0,30.0
02:06:10,7165.08,6610.0,-0.0,106.0
02:06:10,7165.08,6615.0,-0.0,95.0
02:06:10,7165.08,6620.0,-0.0,80.0
02:06:10,7165.08,6625.0,0.0,16.0
02:06:10,7165.08,6630.0,-0.0,40.0
02:06:10,7165.08,6635.0,-0.0,137.0
02:06:10,7165.08,6640.0,-0.0,87.0
02:06:10,7165.08,6645.0,-0.0,27.0
02:06:10,7165.08,6650.0,-0.0,3.0
02:06:10,7165.08,6655.0,-0.0,70.0
02:06:10,7165.08,6660.0,-0.0,88.0
02:06:10,7165.08,6665.0,-0.0,6.0
02:06:10,7165.08,6675.0,0.0,33.0
02:06:10,7165.08,6680.0,-0.0,1.0
02:06:10,7165.08,6690.0,-0.0002,0.0
02:06:10,7165.08,6700.0,-0.0014,48.0
02:06:10,7165.08,6705.0,-0.0001,0.0
02:06:10,7165.08,6710.0,-0.0002,97.0
02:06:10,7165.08,6715.0,-0.0002,45.0
02:06:10,7165.08,6720.0,-0.0004,19.0
02:06:10,7165.08,6725.0,-0.0006,23.0
02:06:10,7165.08,6730.0,-0.0008,2.0
02:06:10,7165.08,6735.0,-0.0016,0.0
02:06:10,7165.08,6740.0,-0.0022,28.0
02:06:10,7165.08,6745.0,-0.0006,80.0
02:06:10,7165.08,6750.0,-0.0094,36.0
02:06:10,7165.08,6755.0,-0.0019,5.0
02:06:10,7165.08,6760.0,-0.007,1.0
02:06:10,7165.08,6765.0,-0.0031,18.0
02:06:10,7165.08,6770.0,-0.0089,3.0
02:06:10,7165.08,6775.0,-0.0042,17.0
02:06:10,7165.08,6780.0,-0.0111,119.0
02:06:10,7165.08,6785.0,-0.0106,1.0
02:06:10,7165.08,6790.0,-0.0215,26.0
02:06:10,7165.08,6795.0,-0.0608,0.0
02:06:10,7165.08,6800.0,-0.2388,96.0
02:06:10,7165.08,6805.0,-0.1026,23.0
02:06:10,7165.08,6810.0,-0.0975,3.0
02:06:10,7165.08,6815.0,-0.0214,5.0
02:06:10,7165.08,6820.0,-0.0584,20.0
02:06:10,7165.08,6825.0,-0.0312,55.0
02:06:10,7165.08,6830.0,-0.0506,4.0
02:06:10,7165.08,6835.0,-0.0602,87.0
02:06:10,7165.08,6840.0,-0.16,84.0
02:06:10,7165.08,6845.0,-0.2437,2.0
02:06:10,7165.08,6850.0,-0.8535,45.0
02:06:10,7165.08,6855.0,-0.413,101.0
02:06:10,7165.08,6860.0,-0.5511,32.0
02:06:10,7165.08,6865.0,-0.6827,0.0
02:06:10,7165.08,6870.0,-0.2721,82.0
02:06:10,7165.08,6875.0,-0.6819,16.0
02:06:10,7165.08,6880.0,-1.0618,6.0
02:06:10,7165.08,6885.0,-13.817,3.0
02:06:10,7165.08,6890.0,-0.825,33.0
02:06:10,7165.08,6895.0,-19.1141,13.0
02:06:10,7165.08,6900.0,-13.6337,112.0
02:06:10,7165.08,6905.0,-1.2031,102.0
02:06:10,7165.08,6910.0,-1.4923,5.0
02:06:10,7165.08,6915.0,-1.2064,2764.0
02:06:10,7165.08,6920.0,-0.7761,1309.0
02:06:10,7165.08,6925.0,-1.0761,1913.0
02:06:10,7165.08,6930.0,-5.7977,2200.0
02:06:10,7165.08,6935.0,-3.2501,1171.0
02:06:10,7165.08,6940.0,-0.6602,1353.0
02:06:10,7165.08,6945.0,-39.9374,7592.0
02:06:10,7165.08,6950.0,-61.6649,8046.0
02:06:10,7165.08,6955.0,-25.4936,1528.0
02:06:10,7165.08,6960.0,-13.141,1831.0
02:06:10,7165.08,6965.0,-6.3978,645.0
02:06:10,7165.08,6970.0,-4.1436,2617.0
02:06:10,7165.08,6975.0,-15.0898,2778.0
02:06:10,7165.08,6980.0,-14.1651,3571.0
02:06:10,7165.08,6985.0,-12.9884,1391.0
02:06:10,7165.08,6990.0,-17.337,2455.0
02:06:10,7165.08,6995.0,-16.4244,1442.0
02:06:10,7165.08,7000.0,-11.9001,8907.0
02:06:10,7165.08,7005.0,-126.529,2523.0
02:06:10,7165.08,7010.0,-3.725,2245.0
02:06:10,7165.08,7015.0,-10.7498,2148.0
02:06:10,7165.08,7020.0,-4.1122,2885.0
02:06:10,7165.08,7025.0,-24.5871,2772.0
02:06:10,7165.08,7030.0,44.2324,3035.0
02:06:10,7165.08,7035.0,-20.2507,2182.0
02:06:10,7165.08,7040.0,-31.1121,3149.0
02:06:10,7165.08,7045.0,308.3998,2285.0
02:06:10,7165.08,7050.0,-95.5946,9556.0
02:06:10,7165.08,7055.0,-195.4224,2665.0
02:06:10,7165.08,7060.0,-41.4304,2935.0
02:06:10,7165.08,7065.0,-15.1002,1971.0
02:06:10,7165.08,7070.0,3.8618,2978.0
02:06:10,7165.08,7075.0,-55.5984,2724.0
02:06:10,7165.08,7080.0,-54.2907,2314.0
02:06:10,7165.08,7085.0,-24.8423,1883.0
02:06:10,7165.08,7090.0,-49.6816,3620.0
02:06:10,7165.08,7095.0,-15.3363,2889.0
02:06:10,7165.08,7100.0,127.8095,10605.0
02:06:10,7165.08,7105.0,18.3136,1937.0
02:06:10,7165.08,7110.0,-24.7531,2670.0
02:06:10,7165.08,7115.0,22.6923,2447.0
02:06:10,7165.08,7120.0,74.7954,4735.0
02:06:10,7165.08,7125.0,1.3871,7040.0
02:06:10,7165.08,7130.0,1432.7542,10251.0
02:06:10,7165.08,7135.0,36.5812,2866.0
02:06:10,7165.08,7140.0,293.1332,5724.0
02:06:10,7165.08,7145.0,40.4458,2663.0
02:06:10,7165.08,7150.0,95.4028,13358.0
02:06:10,7165.08,7155.0,654.3267,6007.0
02:06:10,7165.08,7160.0,1144.1108,0.0
02:06:10,7165.08,7165.0,49.9362,0.0
02:06:10,7165.08,7170.0,215.7644,0.0
02:06:10,7165.08,7175.0,324.0935,4217.0
02:06:10,7165.08,7180.0,122.0941,3557.0
02:06:10,7165.08,7185.0,82.3908,5475.0
02:06:10,7165.08,7190.0,143.775,2933.0
02:06:10,7165.08,7195.0,119.8409,1872.0
02:06:10,7165.08,7200.0,681.2964,10217.0
02:06:10,7165.08,7205.0,84.4635,2363.0
02:06:10,7165.08,7210.0,213.0405,3161.0
02:06:10,7165.08,7215.0,122.7578,4769.0
02:06:10,7165.08,7220.0,216.5669,5948.0
02:06:10,7165.08,7225.0,166.4071,4712.0
02:06:10,7165.08,7230.0,178.4028,3379.0
02:06:10,7165.08,7235.0,70.096,2238.0
02:06:10,7165.08,7240.0,181.1292,9393.0
02:06:10,7165.08,7245.0,88.7401,2161.0
02:06:10,7165.08,7250.0,1201.5839,17796.0
02:06:10,7165.08,7255.0,447.3161,5768.0
02:06:10,7165.08,7260.0,118.2156,7087.0
02:06:10,7165.08,7265.0,101.798,2879.0
02:06:10,7165.08,7270.0,161.8997,3240.0
02:06:10,7165.08,7275.0,281.902,11907.0
02:06:10,7165.08,7280.0,198.4675,7154.0
02:06:10,7165.08,7285.0,114.7543,1336.0
02:06:10,7165.08,7290.0,104.0849,3242.0
02:06:10,7165.08,7295.0,113.7588,1915.0
02:06:10,7165.08,7300.0,264.9317,8356.0
02:06:10,7165.08,7305.0,18.4327,440.0
02:06:10,7165.08,7310.0,56.8141,740.0
02:06:10,7165.08,7315.0,29.3403,746.0
02:06:10,7165.08,7320.0,72.6397,1219.0
02:06:10,7165.08,7325.0,76.1697,367.0
02:06:10,7165.08,7330.0,57.2859,997.0
02:06:10,7165.08,7335.0,1.292,382.0
02:06:10,7165.08,7340.0,23.7482,2278.0
02:06:10,7165.08,7345.0,0.7576,468.0
02:06:10,7165.08,7350.0,102.7869,6953.0
02:06:10,7165.08,7360.0,9.5505,250.0
02:06:10,7165.08,7370.0,23.323,771.0
02:06:10,7165.08,7375.0,25.4988,10617.0
02:06:10,7165.08,7380.0,12.2254,5156.0
02:06:10,7165.08,7390.0,33.0836,2139.0
02:06:10,7165.08,7400.0,15.4658,4230.0
02:06:10,7165.08,7410.0,0.0095,0.0
02:06:10,7165.08,7425.0,4.2126,0.0
02:06:10,7165.08,7450.0,3.4958,0.0
02:06:10,7165.08,7475.0,0.2361,0.0
02:06:10,7165.08,7500.0,0.1662,0.0
02:06:10,7165.08,7525.0,0.0024,0.0
02:06:10,7165.08,7550.0,0.0005,0.0
02:06:10,7165.08,7600.0,0.0006,0.0
02:06:10,7165.08,7700.0,0.0001,0.0
02:06:10,7165.08,7800.0,0.0,1.0
02:06:10,7165.08,8000.0,0.0,2.0
02:06:10,7165.08,8800.0,0.0,2.0
02:06:10,7165.08,9200.0,0.0,1.0
02:23:29,7165.08,4600.0,-0.0,4.0
02:23:29,7165.08,5300.0,-0.0,1.0
02:23:29,7165.08,5400.0,-0.0,3.0
02:23:29,7165.08,5500.0,-0.0,1.0
02:23:29,7165.08,5575.0,-0.0,1.0
02:23:29,7165.08,5625.0,-0.0,1.0
02:23:29,7165.08,5650.0,-0.0,1.0
02:23:29,7165.08,5800.0,-0.0,4.0
02:23:29,7165.08,5900.0,-0.0,3.0
02:23:29,7165.08,6000.0,-0.0,24.0
02:23:29,7165.08,6100.0,-0.0,876.0
02:23:29,7165.08,6110.0,-0.0,105.0
02:23:29,7165.08,6120.0,-0.0,81.0
02:23:29,7165.08,6125.0,-0.0,13.0
02:23:29,7165.08,6130.0,-0.0,3.0
02:23:29,7165.08,6140.0,-0.0,100.0
02:23:29,7165.08,6150.0,-0.0,297.0
02:23:29,7165.08,6160.0,-0.0,85.0
02:23:29,7165.08,6170.0,-0.0,87.0
02:23:29,7165.08,6175.0,-0.0,163.0
02:23:29,7165.08,6180.0,-0.0,10.0
02:23:29,7165.08,6190.0,-0.0,97.0
02:23:29,7165.08,6200.0,-0.0,1177.0
02:23:29,7165.08,6220.0,-0.0,40.0
02:23:29,7165.08,6225.0,-0.0,150.0
02:23:29,7165.08,6230.0,-0.0,302.0
02:23:29,7165.08,6240.0,-0.0,60.0
02:23:29,7165.08,6250.0,-0.0,226.0
02:23:29,7165.08,6260.0,-0.0,200.0
02:23:29,7165.08,6270.0,-0.0,101.0
02:23:29,7165.08,6275.0,-0.0,30.0
02:23:29,7165.08,6280.0,-0.0,20.0
02:23:29,7165.08,6290.0,-0.0,38.0
02:23:29,7165.08,6300.0,-0.0,96.0
02:23:29,7165.08,6310.0,-0.0,161.0
02:23:29,7165.08,6320.0,-0.0,10.0
02:23:29,7165.08,6325.0,-0.0,30.0
02:23:29,7165.08,6330.0,-0.0,196.0
02:23:29,7165.08,6340.0,-0.0,10.0
02:23:29,7165.08,6350.0,-0.0,95.0
02:23:29,7165.08,6360.0,-0.0,58.0
02:23:29,7165.08,6370.0,-0.0,50.0
02:23:29,7165.08,6375.0,-0.0,5.0
02:23:29,7165.08,6380.0,-0.0,44.0
02:23:29,7165.08,6390.0,0.0,11.0
02:23:29,7165.08,6400.0,-0.0,152.0
02:23:29,7165.08,6410.0,-0.0,5.0
02:23:29,7165.08,6420.0,-0.0,14.0
02:23:29,7165.08,6425.0,0.0,52.0
02:23:29,7165.08,6430.0,-0.0,7.0
02:23:29,7165.08,6440.0,-0.0,44.0
02:23:29,7165.08,6450.0,-0.0,1068.0
02:23:29,7165.08,6460.0,-0.0,80.0
02:23:29,7165.08,6470.0,-0.0,8.0
02:23:29,7165.08,6475.0,-0.0,3.0
02:23:29,7165.08,6480.0,-0.0,35.0
02:23:29,7165.08,6485.0,-0.0,8.0
02:23:29,7165.08,6490.0,-0.0,5.0
02:23:29,7165.08,6500.0,-0.0,70.0
02:23:29,7165.08,6505.0,-0.0,100.0
02:23:29,7165.08,6510.0,-0.0,118.0
02:23:29,7165.08,6515.0,-0.0,117.0
02:23:29,7165.08,6520.0,-0.0,29.0
02:23:29,7165.08,6525.0,-0.0,4.0
02:23:29,7165.08,6530.0,-0.0,1.0
02:23:29,7165.08,6535.0,-0.0,64.0
02:23:29,7165.08,6540.0,-0.0,22.0
02:23:29,7165.08,6545.0,-0.0,58.0
02:23:29,7165.08,6555.0,0.0,27.0
02:23:29,7165.08,6560.0,-0.0,15.0
02:23:29,7165.08,6565.0,-0.0,3.0
02:23:29,7165.08,6570.0,0.0,1.0
02:23:29,7165.08,6580.0,-0.0,13.0
02:23:29,7165.08,6585.0,-0.0,48.0
02:23:29,7165.08,6590.0,-0.0,57.0
02:23:29,7165.08,6595.0,-0.0,79.0
02:23:29,7165.08,6600.0,-0.0,4.0
02:23:29,7165.08,6605.0,-0.0,30.0
02:23:29,7165.08,6610.0,-0.0,106.0
02:23:29,7165.08,6615.0,-0.0,95.0
02:23:29,7165.08,6620.0,-0.0,80.0
02:23:29,7165.08,6625.0,0.0,16.0
02:23:29,7165.08,6630.0,-0.0,40.0
02:23:29,7165.08,6635.0,-0.0,137.0
02:23:29,7165.08,6640.0,-0.0,87.0
02:23:29,7165.08,6645.0,-0.0,27.0
02:23:29,7165.08,6650.0,-0.0,3.0
02:23:29,7165.08,6655.0,-0.0,70.0
02:23:29,7165.08,6660.0,-0.0,88.0
02:23:29,7165.08,6665.0,-0.0,6.0
02:23:29,7165.08,6670.0,-0.0,3.0
02:23:29,7165.08,6675.0,0.0,248.0
02:23:29,7165.08,6680.0,-0.0,62.0
02:23:29,7165.08,6685.0,-0.0,287.0
02:23:29,7165.08,6690.0,-0.0002,139.0
02:23:29,7165.08,6695.0,-0.0,31.0
02:23:29,7165.08,6700.0,-0.0014,1429.0
02:23:29,7165.08,6705.0,-0.0001,49.0
02:23:29,7165.08,6710.0,-0.0002,565.0
02:23:29,7165.08,6715.0,-0.0002,161.0
02:23:29,7165.08,6720.0,-0.0004,44.0
02:23:29,7165.08,6725.0,-0.0006,1300.0
02:23:29,7165.08,6730.0,-0.0008,65.0
02:23:29,7165.08,6735.0,-0.0016,56.0
02:23:29,7165.08,6740.0,-0.0022,181.0
02:23:29,7165.08,6745.0,-0.0006,86.0
02:23:29,7165.08,6750.0,-0.0094,3696.0
02:23:29,7165.08,6755.0,-0.0019,153.0
02:23:29,7165.08,6760.0,-0.007,1868.0
02:23:29,7165.08,6765.0,-0.0031,293.0
02:23:29,7165.08,6770.0,-0.0089,136.0
02:23:29,7165.08,6775.0,-0.0042,3448.0
02:23:29,7165.08,6780.0,-0.0111,276.0
02:23:29,7165.08,6785.0,-0.0106,130.0
02:23:29,7165.08,6790.0,-0.0215,220.0
02:23:29,7165.08,6795.0,-0.0608,159.0
02:23:29,7165.08,6800.0,-0.2388,2592.0
02:23:29,7165.08,6805.0,-0.1026,347.0
02:23:29,7165.08,6810.0,-0.0975,704.0
02:23:29,7165.08,6815.0,-0.0214,296.0
02:23:29,7165.08,6820.0,-0.0584,158.0
02:23:29,7165.08,6825.0,-0.0312,1565.0
02:23:29,7165.08,6830.0,-0.0506,188.0
02:23:29,7165.08,6835.0,-0.0602,221.0
02:23:29,7165.08,6840.0,-0.16,1189.0
02:23:29,7165.08,6845.0,-0.2437,4310.0
02:23:29,7165.08,6850.0,-0.8535,4380.0
02:23:29,7165.08,6855.0,-0.413,665.0
02:23:29,7165.08,6860.0,-0.5511,2311.0
02:23:29,7165.08,6865.0,-0.6827,651.0
02:23:29,7165.08,6870.0,-0.2721,406.0
02:23:29,7165.08,6875.0,-0.6819,3584.0
02:23:29,7165.08,6880.0,-1.0618,615.0
02:23:29,7165.08,6885.0,-13.817,6460.0
02:23:29,7165.08,6890.0,-0.825,763.0
02:23:29,7165.08,6895.0,-19.1141,6746.0
02:23:29,7165.08,6900.0,-13.6337,5330.0
02:23:29,7165.08,6905.0,-1.2031,879.0
02:23:29,7165.08,6910.0,-1.4923,1170.0
02:23:29,7165.08,6915.0,-1.2064,2764.0
02:23:29,7165.08,6920.0,-0.7761,1309.0
02:23:29,7165.08,6925.0,-1.0761,1913.0
02:23:29,7165.08,6930.0,-5.7977,2200.0
02:23:29,7165.08,6935.0,-3.2501,1171.0
02:23:29,7165.08,6940.0,-0.6602,1353.0
02:23:29,7165.08,6945.0,-39.9374,7592.0
02:23:29,7165.08,6950.0,-61.6649,8046.0
02:23:29,7165.08,6955.0,-25.4936,1528.0
02:23:29,7165.08,6960.0,-13.141,1831.0
02:23:29,7165.08,6965.0,-6.3978,645.0
02:23:29,7165.08,6970.0,-4.1436,2617.0
02:23:29,7165.08,6975.0,-15.0898,2778.0
02:23:29,7165.08,6980.0,-14.1651,3571.0
02:23:29,7165.08,6985.0,-12.9884,1391.0
02:23:29,7165.08,6990.0,-17.337,2455.0
02:23:29,7165.08,6995.0,-16.4244,1442.0
02:23:29,7165.08,7000.0,-11.9001,8907.0
02:23:29,7165.08,7005.0,-126.529,2523.0
02:23:29,7165.08,7010.0,-3.725,2245.0
02:23:29,7165.08,7015.0,-10.7498,2148.0
02:23:29,7165.08,7020.0,-4.1122,2885.0
02:23:29,7165.08,7025.0,-24.5871,2772.0
02:23:29,7165.08,7030.0,44.2324,3035.0
02:23:29,7165.08,7035.0,-20.2507,2182.0
02:23:29,7165.08,7040.0,-31.1121,3149.0
02:23:29,7165.08,7045.0,308.3998,2310.0
02:23:29,7165.08,7050.0,-95.5946,9556.0
02:23:29,7165.08,7055.0,-195.4224,2665.0
02:23:29,7165.08,7060.0,-41.4304,2935.0
02:23:29,7165.08,7065.0,-15.1002,1971.0
02:23:29,7165.08,7070.0,3.8618,2978.0
02:23:29,7165.08,7075.0,-55.5984,2724.0
02:23:29,7165.08,7080.0,-54.2907,2314.0
02:23:29,7165.08,7085.0,-24.8423,1883.0
02:23:29,7165.08,7090.0,-49.6816,3620.0
02:23:29,7165.08,7095.0,-15.3363,2889.0
02:23:29,7165.08,7100.0,127.8095,10605.0
02:23:29,7165.08,7105.0,18.3136,1937.0
02:23:29,7165.08,7110.0,-24.7531,2670.0
02:23:29,7165.08,7115.0,22.6923,2447.0
02:23:29,7165.08,7120.0,74.7954,4735.0
02:23:29,7165.08,7125.0,1.3871,7040.0
02:23:29,7165.08,7130.0,1432.7542,10251.0
02:23:29,7165.08,7135.0,36.5812,2866.0
02:23:29,7165.08,7140.0,293.1332,5724.0
02:23:29,7165.08,7145.0,40.4458,2663.0
02:23:29,7165.08,7150.0,95.4028,13358.0
02:23:29,7165.08,7155.0,654.3267,6007.0
02:23:29,7165.08,7160.0,1144.1108,14943.0
02:23:29,7165.08,7165.0,49.9362,7850.0
02:23:29,7165.08,7170.0,215.7644,9019.0
02:23:29,7165.08,7175.0,324.0935,4217.0
02:23:29,7165.08,7180.0,122.0941,3557.0
02:23:29,7165.08,7185.0,82.3908,5475.0
02:23:29,7165.08,7190.0,143.775,2933.0
02:23:29,7165.08,7195.0,119.8409,1872.0
02:23:29,7165.08,7200.0,681.2964,10217.0
02:23:29,7165.08,7205.0,84.4635,2363.0
02:23:29,7165.08,7210.0,213.0405,3161.0
02:23:29,7165.08,7215.0,122.7578,4769.0
02:23:29,7165.08,7220.0,216.5669,5948.0
02:23:29,7165.08,7225.0,166.4071,4712.0
02:23:29,7165.08,7230.0,178.4028,3379.0
02:23:29,7165.08,7235.0,70.096,2238.0
02:23:29,7165.08,7240.0,181.1292,9393.0
02:23:29,7165.08,7245.0,88.7401,2161.0
02:23:29,7165.08,7250.0,1201.5839,17796.0
02:23:29,7165.08,7255.0,447.3161,5768.0
02:23:29,7165.08,7260.0,118.2156,7087.0
02:23:29,7165.08,7265.0,101.798,2879.0
02:23:29,7165.08,7270.0,161.8997,3240.0
02:23:29,7165.08,7275.0,281.902,11907.0
02:23:29,7165.08,7280.0,198.4675,7154.0
02:23:29,7165.08,7285.0,114.7543,1336.0
02:23:29,7165.08,7290.0,104.0849,3242.0
02:23:29,7165.08,7295.0,113.7588,1915.0
02:23:29,7165.08,7300.0,264.9317,8356.0
02:23:29,7165.08,7305.0,18.4327,440.0
02:23:29,7165.08,7310.0,56.8141,740.0
02:23:29,7165.08,7315.0,29.3403,746.0
02:23:29,7165.08,7320.0,72.6397,1219.0
02:23:29,7165.08,7325.0,76.1697,367.0
02:23:29,7165.08,7330.0,57.2859,997.0
02:23:29,7165.08,7335.0,1.292,382.0
02:23:29,7165.08,7340.0,23.7482,2278.0
02:23:29,7165.08,7345.0,0.7576,468.0
02:23:29,7165.08,7350.0,102.7869,6953.0
02:23:29,7165.08,7360.0,9.5505,250.0
02:23:29,7165.08,7370.0,23.323,771.0
02:23:29,7165.08,7375.0,25.4988,10617.0
02:23:29,7165.08,7380.0,12.2254,5156.0
02:23:29,7165.08,7390.0,33.0836,2139.0
02:23:29,7165.08,7400.0,15.4658,4230.0
02:23:29,7165.08,7410.0,0.0095,0.0
02:23:29,7165.08,7425.0,4.2126,194.0
02:23:29,7165.08,7450.0,3.4958,474.0
02:23:29,7165.08,7475.0,0.2361,140.0
02:23:29,7165.08,7500.0,0.1662,296.0
02:23:29,7165.08,7525.0,0.0024,0.0
02:23:29,7165.08,7550.0,0.0005,0.0
02:23:29,7165.08,7600.0,0.0006,2.0
02:23:29,7165.08,7700.0,0.0001,0.0
02:23:29,7165.08,7800.0,0.0,1.0
02:23:29,7165.08,8000.0,0.0,2.0
02:23:29,7165.08,8800.0,0.0,2.0
02:23:29,7165.08,9200.0,0.0,1.0
02:40:00,7165.08,4600.0,-0.0,4.0
02:40:00,7165.08,5300.0,-0.0,1.0
02:40:00,7165.08,5400.0,-0.0,3.0
02:40:00,7165.08,5500.0,-0.0,1.0
02:40:00,7165.08,5575.0,-0.0,1.0
02:40:00,7165.08,5625.0,-0.0,1.0
02:40:00,7165.08,5650.0,-0.0,1.0
02:40:00,7165.08,5800.0,-0.0,4.0
02:40:00,7165.08,5900.0,-0.0,3.0
02:40:00,7165.08,6000.0,-0.0,24.0
02:40:00,7165.08,6100.0,-0.0,876.0
02:40:00,7165.08,6110.0,-0.0,105.0
02:40:00,7165.08,6120.0,-0.0,81.0
02:40:00,7165.08,6125.0,-0.0,13.0
02:40:00,7165.08,6130.0,-0.0,3.0
02:40:00,7165.08,6140.0,-0.0,100.0
02:40:00,7165.08,6150.0,-0.0,297.0
02:40:00,7165.08,6160.0,-0.0,85.0
02:40:00,7165.08,6170.0,-0.0,87.0
02:40:00,7165.08,6175.0,-0.0,163.0
02:40:00,7165.08,6180.0,-0.0,10.0
02:40:00,7165.08,6190.0,-0.0,97.0
02:40:00,7165.08,6200.0,-0.0,1177.0
02:40:00,7165.08,6220.0,-0.0,40.0
02:40:00,7165.08,6225.0,-0.0,150.0
02:40:00,7165.08,6230.0,-0.0,302.0
02:40:00,7165.08,6240.0,-0.0,60.0
02:40:00,7165.08,6250.0,-0.0,226.0
02:40:00,7165.08,6260.0,-0.0,200.0
02:40:00,7165.08,6270.0,-0.0,101.0
02:40:00,7165.08,6275.0,-0.0,30.0
02:40:00,7165.08,6280.0,-0.0,20.0
02:40:00,7165.08,6290.0,-0.0,38.0
02:40:00,7165.08,6300.0,-0.0,96.0
02:40:00,7165.08,6310.0,-0.0,161.0
02:40:00,7165.08,6320.0,-0.0,10.0
02:40:00,7165.08,6325.0,-0.0,30.0
02:40:00,7165.08,6330.0,-0.0,196.0
02:40:00,7165.08,6340.0,-0.0,10.0
02:40:00,7165.08,6350.0,-0.0,95.0
02:40:00,7165.08,6360.0,-0.0,58.0
02:40:00,7165.08,6370.0,-0.0,50.0
02:40:00,7165.08,6375.0,-0.0,5.0
02:40:00,7165.08,6380.0,-0.0,44.0
02:40:00,7165.08,6390.0,0.0,11.0
02:40:00,7165.08,6400.0,-0.0,152.0
02:40:00,7165.08,6410.0,-0.0,5.0
02:40:00,7165.08,6420.0,-0.0,14.0
02:40:00,7165.08,6425.0,0.0,52.0
02:40:00,7165.08,6430.0,-0.0,7.0
02:40:00,7165.08,6440.0,-0.0,44.0
02:40:00,7165.08,6450.0,-0.0,1068.0
02:40:00,7165.08,6460.0,-0.0,80.0
02:40:00,7165.08,6470.0,-0.0,8.0
02:40:00,7165.08,6475.0,-0.0,3.0
02:40:00,7165.08,6480.0,-0.0,35.0
02:40:00,7165.08,6485.0,-0.0,8.0
02:40:00,7165.08,6490.0,-0.0,5.0
02:40:00,7165.08,6500.0,-0.0,70.0
02:40:00,7165.08,6505.0,-0.0,100.0
02:40:00,7165.08,6510.0,-0.0,118.0
02:40:00,7165.08,6515.0,-0.0,117.0
02:40:00,7165.08,6520.0,-0.0,29.0
02:40:00,7165.08,6525.0,-0.0,4.0
02:40:00,7165.08,6530.0,-0.0,1.0
02:40:00,7165.08,6535.0,-0.0,64.0
02:40:00,7165.08,6540.0,-0.0,22.0
02:40:00,7165.08,6545.0,-0.0,58.0
02:40:00,7165.08,6555.0,0.0,27.0
02:40:00,7165.08,6560.0,-0.0,15.0
02:40:00,7165.08,6565.0,-0.0,3.0
02:40:00,7165.08,6570.0,0.0,1.0
02:40:00,7165.08,6580.0,-0.0,13.0
02:40:00,7165.08,6585.0,-0.0,48.0
02:40:00,7165.08,6590.0,-0.0,57.0
02:40:00,7165.08,6595.0,-0.0,79.0
02:40:00,7165.08,6600.0,-0.0,4.0
02:40:00,7165.08,6605.0,-0.0,30.0
02:40:00,7165.08,6610.0,-0.0,106.0
02:40:00,7165.08,6615.0,-0.0,95.0
02:40:00,7165.08,6620.0,-0.0,80.0
02:40:00,7165.08,6625.0,0.0,16.0
02:40:00,7165.08,6630.0,-0.0,40.0
02:40:00,7165.08,6635.0,-0.0,137.0
02:40:00,7165.08,6640.0,-0.0,87.0
02:40:00,7165.08,6645.0,-0.0,27.0
02:40:00,7165.08,6650.0,-0.0,3.0
02:40:00,7165.08,6655.0,-0.0,70.0
02:40:00,7165.08,6660.0,-0.0,88.0
02:40:00,7165.08,6665.0,-0.0,6.0
02:40:00,7165.08,6670.0,-0.0,3.0
02:40:00,7165.08,6675.0,0.0,248.0
02:40:00,7165.08,6680.0,-0.0,62.0
02:40:00,7165.08,6685.0,-0.0,287.0
02:40:00,7165.08,6690.0,-0.0002,139.0
02:40:00,7165.08,6695.0,-0.0,31.0
02:40:00,7165.08,6700.0,-0.0014,1429.0
02:40:00,7165.08,6705.0,-0.0001,49.0
02:40:00,7165.08,6710.0,-0.0002,565.0
02:40:00,7165.08,6715.0,-0.0002,161.0
02:40:00,7165.08,6720.0,-0.0004,44.0
02:40:00,7165.08,6725.0,-0.0006,1300.0
02:40:00,7165.08,6730.0,-0.0008,65.0
02:40:00,7165.08,6735.0,-0.0016,56.0
02:40:00,7165.08,6740.0,-0.0022,181.0
02:40:00,7165.08,6745.0,-0.0006,86.0
02:40:00,7165.08,6750.0,-0.0094,3696.0
02:40:00,7165.08,6755.0,-0.0019,153.0
02:40:00,7165.08,6760.0,-0.007,1868.0
02:40:00,7165.08,6765.0,-0.0031,293.0
02:40:00,7165.08,6770.0,-0.0089,136.0
02:40:00,7165.08,6775.0,-0.0042,3448.0
02:40:00,7165.08,6780.0,-0.0111,276.0
02:40:00,7165.08,6785.0,-0.0106,130.0
02:40:00,7165.08,6790.0,-0.0215,220.0
02:40:00,7165.08,6795.0,-0.0608,159.0
02:40:00,7165.08,6800.0,-0.2388,2592.0
02:40:00,7165.08,6805.0,-0.1026,347.0
02:40:00,7165.08,6810.0,-0.0975,704.0
02:40:00,7165.08,6815.0,-0.0214,296.0
02:40:00,7165.08,6820.0,-0.0584,158.0
02:40:00,7165.08,6825.0,-0.0312,1565.0
02:40:00,7165.08,6830.0,-0.0506,188.0
02:40:00,7165.08,6835.0,-0.0602,221.0
02:40:00,7165.08,6840.0,-0.16,1189.0
02:40:00,7165.08,6845.0,-0.2437,4310.0
02:40:00,7165.08,6850.0,-0.8535,4380.0
02:40:00,7165.08,6855.0,-0.413,665.0
02:40:00,7165.08,6860.0,-0.5511,2311.0
02:40:00,7165.08,6865.0,-0.6827,651.0
02:40:00,7165.08,6870.0,-0.2721,406.0
02:40:00,7165.08,6875.0,-0.6819,3584.0
02:40:00,7165.08,6880.0,-1.0618,615.0
02:40:00,7165.08,6885.0,-13.817,6460.0
02:40:00,7165.08,6890.0,-0.825,763.0
02:40:00,7165.08,6895.0,-19.1141,6746.0
02:40:00,7165.08,6900.0,-13.6337,5330.0
02:40:00,7165.08,6905.0,-1.2031,879.0
02:40:00,7165.08,6910.0,-1.4923,1170.0
02:40:00,7165.08,6915.0,-1.2064,2764.0
02:40:00,7165.08,6920.0,-0.7761,1309.0
02:40:00,7165.08,6925.0,-1.0761,1913.0
02:40:00,7165.08,6930.0,-5.7977,2200.0
02:40:00,7165.08,6935.0,-3.2501,1171.0
02:40:00,7165.08,6940.0,-0.6602,1353.0
02:40:00,7165.08,6945.0,-39.9374,7592.0
02:40:00,7165.08,6950.0,-61.6649,8046.0
02:40:00,7165.08,6955.0,-25.4936,1528.0
02:40:00,7165.08,6960.0,-13.141,1831.0
02:40:00,7165.08,6965.0,-6.3978,645.0
02:40:00,7165.08,6970.0,-4.1436,2617.0
02:40:00,7165.08,6975.0,-15.0898,2778.0
02:40:00,7165.08,6980.0,-14.1651,3571.0
02:40:00,7165.08,6985.0,-12.9884,1391.0
02:40:00,7165.08,6990.0,-17.337,2455.0
02:40:00,7165.08,6995.0,-16.4244,1442.0
02:40:00,7165.08,7000.0,-11.9001,8907.0
02:40:00,7165.08,7005.0,-126.529,2523.0
02:40:00,7165.08,7010.0,-3.725,2245.0
02:40:00,7165.08,7015.0,-10.7498,2148.0
02:40:00,7165.08,7020.0,-4.1122,2885.0
02:40:00,7165.08,7025.0,-24.5871,2772.0
02:40:00,7165.08,7030.0,44.2324,3035.0
02:40:00,7165.08,7035.0,-20.2507,2182.0
02:40:00,7165.08,7040.0,-31.1121,3149.0
02:40:00,7165.08,7045.0,308.3998,2310.0
02:40:00,7165.08,7050.0,-95.5946,9556.0
02:40:00,7165.08,7055.0,-195.4224,2665.0
02:40:00,7165.08,7060.0,-41.4304,2935.0
02:40:00,7165.08,7065.0,-15.1002,1971.0
02:40:00,7165.08,7070.0,3.8618,2978.0
02:40:00,7165.08,7075.0,-55.5984,2724.0
02:40:00,7165.08,7080.0,-54.2907,2314.0
02:40:00,7165.08,7085.0,-24.8423,1883.0
02:40:00,7165.08,7090.0,-49.6816,3620.0
02:40:00,7165.08,7095.0,-15.3363,2889.0
02:40:00,7165.08,7100.0,127.8095,10605.0
02:40:00,7165.08,7105.0,18.3136,1937.0
02:40:00,7165.08,7110.0,-24.7531,2670.0
02:40:00,7165.08,7115.0,22.6923,2447.0
02:40:00,7165.08,7120.0,74.7954,4735.0
02:40:00,7165.08,7125.0,1.3871,7040.0
02:40:00,7165.08,7130.0,1432.7542,10251.0
02:40:00,7165.08,7135.0,36.5812,2866.0
02:40:00,7165.08,7140.0,293.1332,5724.0
02:40:00,7165.08,7145.0,40.4458,2663.0
02:40:00,7165.08,7150.0,95.4028,13358.0
02:40:00,7165.08,7155.0,654.3267,6007.0
02:40:00,7165.08,7160.0,1144.1108,14943.0
02:40:00,7165.08,7165.0,49.9362,7850.0
02:40:00,7165.08,7170.0,215.7644,9019.0
02:40:00,7165.08,7175.0,324.0935,4217.0
02:40:00,7165.08,7180.0,122.0941,3557.0
02:40:00,7165.08,7185.0,82.3908,5475.0
02:40:00,7165.08,7190.0,143.775,2933.0
02:40:00,7165.08,7195.0,119.8409,1872.0
02:40:00,7165.08,7200.0,681.2964,10217.0
02:40:00,7165.08,7205.0,84.4635,2363.0
02:40:00,7165.08,7210.0,213.0405,3161.0
02:40:00,7165.08,7215.0,122.7578,4769.0
02:40:00,7165.08,7220.0,216.5669,5948.0
02:40:00,7165.08,7225.0,166.4071,4712.0
02:40:00,7165.08,7230.0,178.4028,3379.0
02:40:00,7165.08,7235.0,70.096,2238.0
02:40:00,7165.08,7240.0,181.1292,9393.0
02:40:00,7165.08,7245.0,88.7401,2161.0
02:40:00,7165.08,7250.0,1201.5839,17796.0
02:40:00,7165.08,7255.0,447.3161,5768.0
02:40:00,7165.08,7260.0,118.2156,7087.0
02:40:00,7165.08,7265.0,101.798,2879.0
02:40:00,7165.08,7270.0,161.8997,3240.0
02:40:00,7165.08,7275.0,281.902,11907.0
02:40:00,7165.08,7280.0,198.4675,7154.0
02:40:00,7165.08,7285.0,114.7543,1336.0
02:40:00,7165.08,7290.0,104.0849,3242.0
02:40:00,7165.08,7295.0,113.7588,1915.0
02:40:00,7165.08,7300.0,264.9317,8356.0
02:40:00,7165.08,7305.0,18.4327,440.0
02:40:00,7165.08,7310.0,56.8141,740.0
02:40:00,7165.08,7315.0,29.3403,746.0
02:40:00,7165.08,7320.0,72.6397,1219.0
02:40:00,7165.08,7325.0,76.1697,367.0
02:40:00,7165.08,7330.0,57.2859,997.0
02:40:00,7165.08,7335.0,1.292,382.0
02:40:00,7165.08,7340.0,23.7482,2278.0
02:40:00,7165.08,7345.0,0.7576,468.0
02:40:00,7165.08,7350.0,102.7869,6953.0
02:40:00,7165.08,7360.0,9.5505,250.0
02:40:00,7165.08,7370.0,23.323,771.0
02:40:00,7165.08,7375.0,25.4988,10617.0
02:40:00,7165.08,7380.0,12.2254,5156.0
02:40:00,7165.08,7390.0,33.0836,2139.0
02:40:00,7165.08,7400.0,15.4658,4230.0
02:40:00,7165.08,7410.0,0.0095,65.0
02:40:00,7165.08,7425.0,4.2126,194.0
02:40:00,7165.08,7450.0,3.4958,474.0
02:40:00,7165.08,7475.0,0.2361,140.0
02:40:00,7165.08,7500.0,0.1662,296.0
02:40:00,7165.08,7525.0,0.0024,0.0
02:40:00,7165.08,7550.0,0.0005,0.0
02:40:00,7165.08,7600.0,0.0006,2.0
02:40:00,7165.08,7700.0,0.0001,0.0
02:40:00,7165.08,7800.0,0.0,1.0
02:40:00,7165.08,8000.0,0.0,2.0
02:40:00,7165.08,8800.0,0.0,2.0
02:40:00,7165.08,9200.0,0.0,1.0
02:57:28,7165.08,4600.0,-0.0,4.0
02:57:28,7165.08,5300.0,-0.0,1.0
02:57:28,7165.08,5400.0,-0.0,3.0
02:57:28,7165.08,5500.0,-0.0,1.0
02:57:28,7165.08,5575.0,-0.0,1.0
02:57:28,7165.08,5625.0,-0.0,1.0
02:57:28,7165.08,5650.0,-0.0,1.0
02:57:28,7165.08,5800.0,-0.0,4.0
02:57:28,7165.08,5900.0,-0.0,3.0
02:57:28,7165.08,6000.0,-0.0,24.0
02:57:28,7165.08,6100.0,-0.0,876.0
02:57:28,7165.08,6110.0,-0.0,105.0
02:57:28,7165.08,6120.0,-0.0,81.0
02:57:28,7165.08,6125.0,-0.0,13.0
02:57:28,7165.08,6130.0,-0.0,3.0
02:57:28,7165.08,6140.0,-0.0,100.0
02:57:28,7165.08,6150.0,-0.0,297.0
02:57:28,7165.08,6160.0,-0.0,85.0
02:57:28,7165.08,6170.0,-0.0,87.0
02:57:28,7165.08,6175.0,-0.0,163.0
02:57:28,7165.08,6180.0,-0.0,10.0
02:57:28,7165.08,6190.0,-0.0,97.0
02:57:28,7165.08,6200.0,-0.0,1177.0
02:57:28,7165.08,6220.0,-0.0,40.0
02:57:28,7165.08,6225.0,-0.0,150.0
02:57:28,7165.08,6230.0,-0.0,302.0
02:57:28,7165.08,6240.0,-0.0,60.0
02:57:28,7165.08,6250.0,-0.0,226.0
02:57:28,7165.08,6260.0,-0.0,200.0
02:57:28,7165.08,6270.0,-0.0,101.0
02:57:28,7165.08,6275.0,-0.0,30.0
02:57:28,7165.08,6280.0,-0.0,20.0
02:57:28,7165.08,6290.0,-0.0,38.0
02:57:28,7165.08,6300.0,-0.0,96.0
02:57:28,7165.08,6310.0,-0.0,161.0
02:57:28,7165.08,6320.0,-0.0,10.0
02:57:28,7165.08,6325.0,-0.0,30.0
02:57:28,7165.08,6330.0,-0.0,196.0
02:57:28,7165.08,6340.0,-0.0,10.0
02:57:28,7165.08,6350.0,-0.0,95.0
02:57:28,7165.08,6360.0,-0.0,58.0
02:57:28,7165.08,6370.0,-0.0,50.0
02:57:28,7165.08,6375.0,-0.0,5.0
02:57:28,7165.08,6380.0,-0.0,44.0
02:57:28,7165.08,6390.0,0.0,11.0
02:57:28,7165.08,6400.0,-0.0,152.0
02:57:28,7165.08,6410.0,-0.0,5.0
02:57:28,7165.08,6420.0,-0.0,14.0
02:57:28,7165.08,6425.0,0.0,52.0
02:57:28,7165.08,6430.0,-0.0,7.0
02:57:28,7165.08,6440.0,-0.0,44.0
02:57:28,7165.08,6450.0,-0.0,1068.0
02:57:28,7165.08,6460.0,-0.0,80.0
02:57:28,7165.08,6470.0,-0.0,8.0
02:57:28,7165.08,6475.0,-0.0,3.0
02:57:28,7165.08,6480.0,-0.0,35.0
02:57:28,7165.08,6485.0,-0.0,8.0
02:57:28,7165.08,6490.0,-0.0,5.0
02:57:28,7165.08,6500.0,-0.0,70.0
02:57:28,7165.08,6505.0,-0.0,100.0
02:57:28,7165.08,6510.0,-0.0,118.0
02:57:28,7165.08,6515.0,-0.0,117.0
02:57:28,7165.08,6520.0,-0.0,29.0
02:57:28,7165.08,6525.0,-0.0,4.0
02:57:28,7165.08,6530.0,-0.0,1.0
02:57:28,7165.08,6535.0,-0.0,64.0
02:57:28,7165.08,6540.0,-0.0,22.0
02:57:28,7165.08,6545.0,-0.0,58.0
02:57:28,7165.08,6555.0,0.0,27.0
02:57:28,7165.08,6560.0,-0.0,15.0
02:57:28,7165.08,6565.0,-0.0,3.0
02:57:28,7165.08,6570.0,0.0,1.0
02:57:28,7165.08,6580.0,-0.0,13.0
02:57:28,7165.08,6585.0,-0.0,48.0
02:57:28,7165.08,6590.0,-0.0,57.0
02:57:28,7165.08,6595.0,-0.0,79.0
02:57:28,7165.08,6600.0,-0.0,4.0
02:57:28,7165.08,6605.0,-0.0,30.0
02:57:28,7165.08,6610.0,-0.0,106.0
02:57:28,7165.08,6615.0,-0.0,95.0
02:57:28,7165.08,6620.0,-0.0,80.0
02:57:28,7165.08,6625.0,0.0,16.0
02:57:28,7165.08,6630.0,-0.0,40.0
02:57:28,7165.08,6635.0,-0.0,137.0
02:57:28,7165.08,6640.0,-0.0,87.0
02:57:28,7165.08,6645.0,-0.0,27.0
02:57:28,7165.08,6650.0,-0.0,3.0
02:57:28,7165.08,6655.0,-0.0,70.0
02:57:28,7165.08,6660.0,-0.0,88.0
02:57:28,7165.08,6665.0,-0.0,6.0
02:57:28,7165.08,6670.0,-0.0,3.0
02:57:28,7165.08,6675.0,0.0,248.0
02:57:28,7165.08,6680.0,-0.0,62.0
02:57:28,7165.08,6685.0,-0.0,287.0
02:57:28,7165.08,6690.0,-0.0002,139.0
02:57:28,7165.08,6695.0,-0.0,31.0
02:57:28,7165.08,6700.0,-0.0014,1429.0
02:57:28,7165.08,6705.0,-0.0001,49.0
02:57:28,7165.08,6710.0,-0.0002,565.0
02:57:28,7165.08,6715.0,-0.0002,161.0
02:57:28,7165.08,6720.0,-0.0004,44.0
02:57:28,7165.08,6725.0,-0.0006,1300.0
02:57:28,7165.08,6730.0,-0.0008,65.0
02:57:28,7165.08,6735.0,-0.0016,56.0
02:57:28,7165.08,6740.0,-0.0022,181.0
02:57:28,7165.08,6745.0,-0.0006,86.0
02:57:28,7165.08,6750.0,-0.0094,3696.0
02:57:28,7165.08,6755.0,-0.0019,153.0
02:57:28,7165.08,6760.0,-0.007,1868.0
02:57:28,7165.08,6765.0,-0.0031,293.0
02:57:28,7165.08,6770.0,-0.0089,136.0
02:57:28,7165.08,6775.0,-0.0042,3448.0
02:57:28,7165.08,6780.0,-0.0111,276.0
02:57:28,7165.08,6785.0,-0.0106,130.0
02:57:28,7165.08,6790.0,-0.0215,220.0
02:57:28,7165.08,6795.0,-0.0608,159.0
02:57:28,7165.08,6800.0,-0.2388,2592.0
02:57:28,7165.08,6805.0,-0.1026,347.0
02:57:28,7165.08,6810.0,-0.0975,704.0
02:57:28,7165.08,6815.0,-0.0214,296.0
02:57:28,7165.08,6820.0,-0.0584,158.0
02:57:28,7165.08,6825.0,-0.0312,1565.0
02:57:28,7165.08,6830.0,-0.0506,188.0
02:57:28,7165.08,6835.0,-0.0602,221.0
02:57:28,7165.08,6840.0,-0.16,1189.0
02:57:28,7165.08,6845.0,-0.2437,4310.0
02:57:28,7165.08,6850.0,-0.8535,4380.0
02:57:28,7165.08,6855.0,-0.413,665.0
02:57:28,7165.08,6860.0,-0.5511,2311.0
02:57:28,7165.08,6865.0,-0.6827,651.0
02:57:28,7165.08,6870.0,-0.2721,406.0
02:57:28,7165.08,6875.0,-0.6819,3584.0
02:57:28,7165.08,6880.0,-1.0618,615.0
02:57:28,7165.08,6885.0,-13.817,6460.0
02:57:28,7165.08,6890.0,-0.825,763.0
02:57:28,7165.08,6895.0,-19.1141,6746.0
02:57:28,7165.08,6900.0,-13.6337,5330.0
02:57:28,7165.08,6905.0,-1.2031,879.0
02:57:28,7165.08,6910.0,-1.4923,1170.0
02:57:28,7165.08,6915.0,-1.2064,2764.0
02:57:28,7165.08,6920.0,-0.7761,1309.0
02:57:28,7165.08,6925.0,-1.0761,1913.0
02:57:28,7165.08,6930.0,-5.7977,2200.0
02:57:28,7165.08,6935.0,-3.2501,1171.0
02:57:28,7165.08,6940.0,-0.6602,1353.0
02:57:28,7165.08,6945.0,-39.9374,7592.0
02:57:28,7165.08,6950.0,-61.6649,8046.0
02:57:28,7165.08,6955.0,-25.4936,1528.0
02:57:28,7165.08,6960.0,-13.141,1831.0
02:57:28,7165.08,6965.0,-6.3978,645.0
02:57:28,7165.08,6970.0,-4.1436,2617.0
02:57:28,7165.08,6975.0,-15.0898,2778.0
02:57:28,7165.08,6980.0,-14.1651,3571.0
02:57:28,7165.08,6985.0,-12.9884,1391.0
02:57:28,7165.08,6990.0,-17.337,2455.0
02:57:28,7165.08,6995.0,-16.4244,1442.0
02:57:28,7165.08,7000.0,-11.9001,8907.0
02:57:28,7165.08,7005.0,-126.529,2523.0
02:57:28,7165.08,7010.0,-3.725,2245.0
02:57:28,7165.08,7015.0,-10.7498,2148.0
02:57:28,7165.08,7020.0,-4.1122,2885.0
02:57:28,7165.08,7025.0,-24.5871,2772.0
02:57:28,7165.08,7030.0,44.2324,3035.0
02:57:28,7165.08,7035.0,-20.2507,2182.0
02:57:28,7165.08,7040.0,-31.1121,3149.0
02:57:28,7165.08,7045.0,308.3998,2310.0
02:57:28,7165.08,7050.0,-95.5946,9556.0
02:57:28,7165.08,7055.0,-195.4224,2665.0
02:57:28,7165.08,7060.0,-41.4304,2935.0
02:57:28,7165.08,7065.0,-15.1002,1971.0
02:57:28,7165.08,7070.0,3.8618,2978.0
02:57:28,7165.08,7075.0,-55.5984,2724.0
02:57:28,7165.08,7080.0,-54.2907,2314.0
02:57:28,7165.08,7085.0,-24.8423,1883.0
02:57:28,7165.08,7090.0,-49.6816,3620.0
02:57:28,7165.08,7095.0,-15.3363,2889.0
02:57:28,7165.08,7100.0,127.8095,10605.0
02:57:28,7165.08,7105.0,18.3136,1937.0
02:57:28,7165.08,7110.0,-24.7531,2670.0
02:57:28,7165.08,7115.0,22.6923,2447.0
02:57:28,7165.08,7120.0,74.7954,4735.0
02:57:28,7165.08,7125.0,1.3871,7040.0
02:57:28,7165.08,7130.0,1432.7542,10251.0
02:57:28,7165.08,7135.0,36.5812,2866.0
02:57:28,7165.08,7140.0,293.1332,5724.0
02:57:28,7165.08,7145.0,40.4458,2663.0
02:57:28,7165.08,7150.0,95.4028,13358.0
02:57:28,7165.08,7155.0,654.3267,6007.0
02:57:28,7165.08,7160.0,1144.1108,14943.0
02:57:28,7165.08,7165.0,49.9362,7850.0
02:57:28,7165.08,7170.0,215.7644,9019.0
02:57:28,7165.08,7175.0,324.0935,4217.0
02:57:28,7165.08,7180.0,122.0941,3557.0
02:57:28,7165.08,7185.0,82.3908,5475.0
02:57:28,7165.08,7190.0,143.775,2933.0
02:57:28,7165.08,7195.0,119.8409,1872.0
02:57:28,7165.08,7200.0,681.2964,10217.0
02:57:28,7165.08,7205.0,84.4635,2363.0
02:57:28,7165.08,7210.0,213.0405,3161.0
02:57:28,7165.08,7215.0,122.7578,4769.0
02:57:28,7165.08,7220.0,216.5669,5948.0
02:57:28,7165.08,7225.0,166.4071,4712.0
02:57:28,7165.08,7230.0,178.4028,3379.0
02:57:28,7165.08,7235.0,70.096,2238.0
02:57:28,7165.08,7240.0,181.1292,9393.0
02:57:28,7165.08,7245.0,88.7401,2161.0
02:57:28,7165.08,7250.0,1201.5839,17796.0
02:57:28,7165.08,7255.0,447.3161,5768.0
02:57:28,7165.08,7260.0,118.2156,7087.0
02:57:28,7165.08,7265.0,101.798,2879.0
02:57:28,7165.08,7270.0,161.8997,3240.0
02:57:28,7165.08,7275.0,281.902,11907.0
02:57:28,7165.08,7280.0,198.4675,7154.0
02:57:28,7165.08,7285.0,114.7543,1336.0
02:57:28,7165.08,7290.0,104.0849,3242.0
02:57:28,7165.08,7295.0,113.7588,1915.0
02:57:28,7165.08,7300.0,264.9317,8356.0
02:57:28,7165.08,7305.0,18.4327,440.0
02:57:28,7165.08,7310.0,56.8141,740.0
02:57:28,7165.08,7315.0,29.3403,746.0
02:57:28,7165.08,7320.0,72.6397,1219.0
02:57:28,7165.08,7325.0,76.1697,367.0
02:57:28,7165.08,7330.0,57.2859,997.0
02:57:28,7165.08,7335.0,1.292,382.0
02:57:28,7165.08,7340.0,23.7482,2278.0
02:57:28,7165.08,7345.0,0.7576,468.0
02:57:28,7165.08,7350.0,102.7869,6953.0
02:57:28,7165.08,7360.0,9.5505,250.0
02:57:28,7165.08,7370.0,23.323,771.0
02:57:28,7165.08,7375.0,25.4988,10617.0
02:57:28,7165.08,7380.0,12.2254,5156.0
02:57:28,7165.08,7390.0,33.0836,2139.0
02:57:28,7165.08,7400.0,15.4658,4230.0
02:57:28,7165.08,7410.0,0.0095,65.0
02:57:28,7165.08,7425.0,4.2126,194.0
02:57:28,7165.08,7450.0,3.4958,474.0
02:57:28,7165.08,7475.0,0.2361,140.0
02:57:28,7165.08,7500.0,0.1662,296.0
02:57:28,7165.08,7525.0,0.0024,0.0
02:57:28,7165.08,7550.0,0.0005,0.0
02:57:28,7165.08,7600.0,0.0006,2.0
02:57:28,7165.08,7700.0,0.0001,0.0
02:57:28,7165.08,7800.0,0.0,1.0
02:57:28,7165.08,8000.0,0.0,2.0
02:57:28,7165.08,8800.0,0.0,2.0
02:57:28,7165.08,9200.0,0.0,1.0
03:05:45,7165.08,4600.0,-0.0,4.0
03:05:45,7165.08,5300.0,-0.0,1.0
03:05:45,7165.08,5400.0,-0.0,3.0
03:05:45,7165.08,5500.0,-0.0,1.0
03:05:45,7165.08,5575.0,-0.0,1.0
03:05:45,7165.08,5625.0,-0.0,1.0
03:05:45,7165.08,5650.0,-0.0,1.0
03:05:45,7165.08,5800.0,-0.0,4.0
03:05:45,7165.08,5900.0,-0.0,3.0
03:05:45,7165.08,6000.0,-0.0,24.0
03:05:45,7165.08,6100.0,-0.0,876.0
03:05:45,7165.08,6110.0,-0.0,105.0
03:05:45,7165.08,6120.0,-0.0,81.0
03:05:45,7165.08,6125.0,-0.0,13.0
03:05:45,7165.08,6130.0,-0.0,3.0
03:05:45,7165.08,6140.0,-0.0,100.0
03:05:45,7165.08,6150.0,-0.0,297.0
03:05:45,7165.08,6160.0,-0.0,85.0
03:05:45,7165.08,6170.0,-0.0,87.0
03:05:45,7165.08,6175.0,-0.0,163.0
03:05:45,7165.08,6180.0,-0.0,10.0
03:05:45,7165.08,6190.0,-0.0,97.0
03:05:45,7165.08,6200.0,-0.0,1177.0
03:05:45,7165.08,6220.0,-0.0,40.0
03:05:45,7165.08,6225.0,-0.0,150.0
03:05:45,7165.08,6230.0,-0.0,302.0
03:05:45,7165.08,6240.0,-0.0,60.0
03:05:45,7165.08,6250.0,-0.0,226.0
03:05:45,7165.08,6260.0,-0.0,200.0
03:05:45,7165.08,6270.0,-0.0,101.0
03:05:45,7165.08,6275.0,-0.0,30.0
03:05:45,7165.08,6280.0,-0.0,20.0
03:05:45,7165.08,6290.0,-0.0,38.0
03:05:45,7165.08,6300.0,-0.0,96.0
03:05:45,7165.08,6310.0,-0.0,161.0
03:05:45,7165.08,6320.0,-0.0,10.0
03:05:45,7165.08,6325.0,-0.0,30.0
03:05:45,7165.08,6330.0,-0.0,196.0
03:05:45,7165.08,6340.0,-0.0,10.0
03:05:45,7165.08,6350.0,-0.0,95.0
03:05:45,7165.08,6360.0,-0.0,58.0
03:05:45,7165.08,6370.0,-0.0,50.0
03:05:45,7165.08,6375.0,-0.0,5.0
03:05:45,7165.08,6380.0,-0.0,44.0
03:05:45,7165.08,6390.0,0.0,11.0
03:05:45,7165.08,6400.0,-0.0,152.0
03:05:45,7165.08,6410.0,-0.0,5.0
03:05:45,7165.08,6420.0,-0.0,14.0
03:05:45,7165.08,6425.0,0.0,52.0
03:05:45,7165.08,6430.0,-0.0,7.0
03:05:45,7165.08,6440.0,-0.0,44.0
03:05:45,7165.08,6450.0,-0.0,1068.0
03:05:45,7165.08,6460.0,-0.0,80.0
03:05:45,7165.08,6470.0,-0.0,8.0
03:05:45,7165.08,6475.0,-0.0,3.0
03:05:45,7165.08,6480.0,-0.0,35.0
03:05:45,7165.08,6485.0,-0.0,8.0
03:05:45,7165.08,6490.0,-0.0,5.0
03:05:45,7165.08,6500.0,-0.0,70.0
03:05:45,7165.08,6505.0,-0.0,100.0
03:05:45,7165.08,6510.0,-0.0,118.0
03:05:45,7165.08,6515.0,-0.0,117.0
03:05:45,7165.08,6520.0,-0.0,29.0
03:05:45,7165.08,6525.0,-0.0,4.0
03:05:45,7165.08,6530.0,-0.0,1.0
03:05:45,7165.08,6535.0,-0.0,64.0
03:05:45,7165.08,6540.0,-0.0,22.0
03:05:45,7165.08,6545.0,-0.0,58.0
03:05:45,7165.08,6555.0,0.0,27.0
03:05:45,7165.08,6560.0,-0.0,15.0
03:05:45,7165.08,6565.0,-0.0,3.0
03:05:45,7165.08,6570.0,0.0,1.0
03:05:45,7165.08,6580.0,-0.0,13.0
03:05:45,7165.08,6585.0,-0.0,48.0
03:05:45,7165.08,6590.0,-0.0,57.0
03:05:45,7165.08,6595.0,-0.0,79.0
03:05:45,7165.08,6600.0,-0.0,4.0
03:05:45,7165.08,6605.0,-0.0,30.0
03:05:45,7165.08,6610.0,-0.0,106.0
03:05:45,7165.08,6615.0,-0.0,95.0
03:05:45,7165.08,6620.0,-0.0,80.0
03:05:45,7165.08,6625.0,0.0,16.0
03:05:45,7165.08,6630.0,-0.0,40.0
03:05:45,7165.08,6635.0,-0.0,137.0
03:05:45,7165.08,6640.0,-0.0,87.0
03:05:45,7165.08,6645.0,-0.0,27.0
03:05:45,7165.08,6650.0,-0.0,3.0
03:05:45,7165.08,6655.0,-0.0,70.0
03:05:45,7165.08,6660.0,-0.0,88.0
03:05:45,7165.08,6665.0,-0.0,6.0
03:05:45,7165.08,6670.0,-0.0,3.0
03:05:45,7165.08,6675.0,0.0,248.0
03:05:45,7165.08,6680.0,-0.0,62.0
03:05:45,7165.08,6685.0,-0.0,287.0
03:05:45,7165.08,6690.0,-0.0002,139.0
03:05:45,7165.08,6695.0,-0.0,31.0
03:05:45,7165.08,6700.0,-0.0014,1429.0
03:05:45,7165.08,6705.0,-0.0001,49.0
03:05:45,7165.08,6710.0,-0.0002,565.0
03:05:45,7165.08,6715.0,-0.0002,161.0
03:05:45,7165.08,6720.0,-0.0004,44.0
03:05:45,7165.08,6725.0,-0.0006,1300.0
03:05:45,7165.08,6730.0,-0.0008,65.0
03:05:45,7165.08,6735.0,-0.0016,56.0
03:05:45,7165.08,6740.0,-0.0022,181.0
03:05:45,7165.08,6745.0,-0.0006,86.0
03:05:45,7165.08,6750.0,-0.0094,3696.0
03:05:45,7165.08,6755.0,-0.0019,153.0
03:05:45,7165.08,6760.0,-0.007,1868.0
03:05:45,7165.08,6765.0,-0.0031,293.0
03:05:45,7165.08,6770.0,-0.0089,136.0
03:05:45,7165.08,6775.0,-0.0042,3448.0
03:05:45,7165.08,6780.0,-0.0111,276.0
03:05:45,7165.08,6785.0,-0.0106,130.0
03:05:45,7165.08,6790.0,-0.0215,220.0
03:05:45,7165.08,6795.0,-0.0608,159.0
03:05:45,7165.08,6800.0,-0.2388,2592.0
03:05:45,7165.08,6805.0,-0.1026,347.0
03:05:45,7165.08,6810.0,-0.0975,704.0
03:05:45,7165.08,6815.0,-0.0214,296.0
03:05:45,7165.08,6820.0,-0.0584,158.0
03:05:45,7165.08,6825.0,-0.0312,1565.0
03:05:45,7165.08,6830.0,-0.0506,188.0
03:05:45,7165.08,6835.0,-0.0602,221.0
03:05:45,7165.08,6840.0,-0.16,1189.0
03:05:45,7165.08,6845.0,-0.2437,4310.0
03:05:45,7165.08,6850.0,-0.8535,4380.0
03:05:45,7165.08,6855.0,-0.413,665.0
03:05:45,7165.08,6860.0,-0.5511,2311.0
03:05:45,7165.08,6865.0,-0.6827,651.0
03:05:45,7165.08,6870.0,-0.2721,406.0
03:05:45,7165.08,6875.0,-0.6819,3584.0
03:05:45,7165.08,6880.0,-1.0618,615.0
03:05:45,7165.08,6885.0,-13.817,6460.0
03:05:45,7165.08,6890.0,-0.825,763.0
03:05:45,7165.08,6895.0,-19.1141,6746.0
03:05:45,7165.08,6900.0,-13.6337,5330.0
03:05:45,7165.08,6905.0,-1.2031,879.0
03:05:45,7165.08,6910.0,-1.4923,1170.0
03:05:45,7165.08,6915.0,-1.2064,2764.0
03:05:45,7165.08,6920.0,-0.7761,1309.0
03:05:45,7165.08,6925.0,-1.0761,1913.0
03:05:45,7165.08,6930.0,-5.7977,2200.0
03:05:45,7165.08,6935.0,-3.2501,1171.0
03:05:45,7165.08,6940.0,-0.6602,1353.0
03:05:45,7165.08,6945.0,-39.9374,7592.0
03:05:45,7165.08,6950.0,-61.6649,8046.0
03:05:45,7165.08,6955.0,-25.4936,1528.0
03:05:45,7165.08,6960.0,-13.141,1831.0
03:05:45,7165.08,6965.0,-6.3978,645.0
03:05:45,7165.08,6970.0,-4.1436,2617.0
03:05:45,7165.08,6975.0,-15.0898,2778.0
03:05:45,7165.08,6980.0,-14.1651,3571.0
03:05:45,7165.08,6985.0,-12.9884,1391.0
03:05:45,7165.08,6990.0,-17.337,2455.0
03:05:45,7165.08,6995.0,-16.4244,1442.0
03:05:45,7165.08,7000.0,-11.9001,8907.0
03:05:45,7165.08,7005.0,-126.529,2523.0
03:05:45,7165.08,7010.0,-3.725,2245.0
03:05:45,7165.08,7015.0,-10.7498,2148.0
03:05:45,7165.08,7020.0,-4.1122,2885.0
03:05:45,7165.08,7025.0,-24.5871,2772.0
03:05:45,7165.08,7030.0,44.2324,3035.0
03:05:45,7165.08,7035.0,-20.2507,2182.0
03:05:45,7165.08,7040.0,-31.1121,3149.0
03:05:45,7165.08,7045.0,308.3998,2310.0
03:05:45,7165.08,7050.0,-95.5946,9556.0
03:05:45,7165.08,7055.0,-195.4224,2665.0
03:05:45,7165.08,7060.0,-41.4304,2935.0
03:05:45,7165.08,7065.0,-15.1002,1971.0
03:05:45,7165.08,7070.0,3.8618,2978.0
03:05:45,7165.08,7075.0,-55.5984,2724.0
03:05:45,7165.08,7080.0,-54.2907,2038.0
03:05:45,7165.08,7085.0,-24.8423,1720.0
03:05:45,7165.08,7090.0,-49.6816,3294.0
03:05:45,7165.08,7095.0,-15.3363,2603.0
03:05:45,7165.08,7100.0,127.8095,10605.0
03:05:45,7165.08,7105.0,18.3136,1584.0
03:05:45,7165.08,7110.0,-24.7531,2004.0
03:05:45,7165.08,7115.0,22.6923,2078.0
03:05:45,7165.08,7120.0,74.7954,3139.0
03:05:45,7165.08,7125.0,1.3871,4954.0
03:05:45,7165.08,7130.0,1432.7542,3203.0
03:05:45,7165.08,7135.0,36.5812,1614.0
03:05:45,7165.08,7140.0,293.1332,3830.0
03:05:45,7165.08,7145.0,40.4458,1444.0
03:05:45,7165.08,7150.0,95.4028,13358.0
03:05:45,7165.08,7155.0,654.3267,6007.0
03:05:45,7165.08,7160.0,1144.1108,14943.0
03:05:45,7165.08,7165.0,49.9362,7850.0
03:05:45,7165.08,7170.0,215.7644,9019.0
03:05:45,7165.08,7175.0,324.0935,4217.0
03:05:45,7165.08,7180.0,122.0941,3557.0
03:05:45,7165.08,7185.0,82.3908,5475.0
03:05:45,7165.08,7190.0,143.775,2664.0
03:05:45,7165.08,7195.0,119.8409,1707.0
03:05:45,7165.08,7200.0,681.2964,10217.0
03:05:45,7165.08,7205.0,84.4635,2317.0
03:05:45,7165.08,7210.0,213.0405,3132.0
03:05:45,7165.08,7215.0,122.7578,4744.0
03:05:45,7165.08,7220.0,216.5669,5854.0
03:05:45,7165.08,7225.0,166.4071,4682.0
03:05:45,7165.08,7230.0,178.4028,3364.0
03:05:45,7165.08,7235.0,70.096,2222.0
03:05:45,7165.08,7240.0,182.226,9386.0
03:05:45,7165.08,7245.0,88.7401,2161.0
03:05:45,7165.08,7250.0,1201.5839,17796.0
03:05:45,7165.08,7255.0,447.3161,5768.0
03:05:45,7165.08,7260.0,118.2156,7087.0
03:05:45,7165.08,7265.0,101.798,2879.0
03:05:45,7165.08,7270.0,161.8997,3240.0
03:05:45,7165.08,7275.0,281.902,11907.0
03:05:45,7165.08,7280.0,198.4675,7154.0
03:05:45,7165.08,7285.0,114.7543,1336.0
03:05:45,7165.08,7290.0,104.0849,3242.0
03:05:45,7165.08,7295.0,113.7588,1915.0
03:05:45,7165.08,7300.0,264.9317,8356.0
03:05:45,7165.08,7305.0,18.4327,440.0
03:05:45,7165.08,7310.0,56.8141,740.0
03:05:45,7165.08,7315.0,29.3403,746.0
03:05:45,7165.08,7320.0,72.6397,1219.0
03:05:45,7165.08,7325.0,76.1697,367.0
03:05:45,7165.08,7330.0,57.2859,997.0
03:05:45,7165.08,7335.0,1.292,382.0
03:05:45,7165.08,7340.0,23.7482,2278.0
03:05:45,7165.08,7345.0,0.7576,468.0
03:05:45,7165.08,7350.0,102.7869,6953.0
03:05:45,7165.08,7360.0,9.5505,250.0
03:05:45,7165.08,7370.0,23.323,771.0
03:05:45,7165.08,7375.0,25.4988,10617.0
03:05:45,7165.08,7380.0,12.2254,5156.0
03:05:45,7165.08,7390.0,33.0836,2139.0
03:05:45,7165.08,7400.0,15.4658,4230.0
03:05:45,7165.08,7410.0,0.0095,65.0
03:05:45,7165.08,7425.0,4.2126,194.0
03:05:45,7165.08,7450.0,3.4958,474.0
03:05:45,7165.08,7475.0,0.2361,140.0
03:05:45,7165.08,7500.0,0.1662,296.0
03:05:45,7165.08,7525.0,0.0024,0.0
03:05:45,7165.08,7550.0,0.0005,0.0
03:05:45,7165.08,7600.0,0.0006,2.0
03:05:45,7165.08,7700.0,0.0001,0.0
03:05:45,7165.08,7800.0,0.0,1.0
03:05:45,7165.08,8000.0,0.0,2.0
03:05:45,7165.08,8800.0,0.0,2.0
03:05:45,7165.08,9200.0,0.0,1.0
03:18:13,7165.08,4600.0,-0.0,4.0
03:18:13,7165.08,5300.0,-0.0,1.0
03:18:13,7165.08,5400.0,-0.0,3.0
03:18:13,7165.08,5500.0,-0.0,1.0
03:18:13,7165.08,5575.0,-0.0,1.0
03:18:13,7165.08,5625.0,-0.0,1.0
03:18:13,7165.08,5650.0,-0.0,1.0
03:18:13,7165.08,5800.0,-0.0,4.0
03:18:13,7165.08,5900.0,-0.0,3.0
03:18:13,7165.08,6000.0,-0.0,24.0
03:18:13,7165.08,6100.0,-0.0,876.0
03:18:13,7165.08,6110.0,-0.0,105.0
03:18:13,7165.08,6120.0,-0.0,81.0
03:18:13,7165.08,6125.0,-0.0,13.0
03:18:13,7165.08,6130.0,-0.0,3.0
03:18:13,7165.08,6140.0,-0.0,100.0
03:18:13,7165.08,6150.0,-0.0,297.0
03:18:13,7165.08,6160.0,-0.0,85.0
03:18:13,7165.08,6170.0,-0.0,87.0
03:18:13,7165.08,6175.0,-0.0,163.0
03:18:13,7165.08,6180.0,-0.0,10.0
03:18:13,7165.08,6190.0,-0.0,97.0
03:18:13,7165.08,6200.0,-0.0,1177.0
03:18:13,7165.08,6220.0,-0.0,40.0
03:18:13,7165.08,6225.0,-0.0,150.0
03:18:13,7165.08,6230.0,-0.0,302.0
03:18:13,7165.08,6240.0,-0.0,60.0
03:18:13,7165.08,6250.0,-0.0,226.0
03:18:13,7165.08,6260.0,-0.0,200.0
03:18:13,7165.08,6270.0,-0.0,101.0
03:18:13,7165.08,6275.0,-0.0,30.0
03:18:13,7165.08,6280.0,-0.0,20.0
03:18:13,7165.08,6290.0,-0.0,38.0
03:18:13,7165.08,6300.0,-0.0,96.0
03:18:13,7165.08,6310.0,-0.0,161.0
03:18:13,7165.08,6320.0,-0.0,10.0
03:18:13,7165.08,6325.0,-0.0,30.0
03:18:13,7165.08,6330.0,-0.0,196.0
03:18:13,7165.08,6340.0,-0.0,10.0
03:18:13,7165.08,6350.0,-0.0,95.0
03:18:13,7165.08,6360.0,-0.0,58.0
03:18:13,7165.08,6370.0,-0.0,50.0
03:18:13,7165.08,6375.0,-0.0,5.0
03:18:13,7165.08,6380.0,-0.0,44.0
03:18:13,7165.08,6390.0,0.0,11.0
03:18:13,7165.08,6400.0,-0.0,152.0
03:18:13,7165.08,6410.0,-0.0,5.0
03:18:13,7165.08,6420.0,-0.0,14.0
03:18:13,7165.08,6425.0,0.0,52.0
03:18:13,7165.08,6430.0,-0.0,7.0
03:18:13,7165.08,6440.0,-0.0,44.0
03:18:13,7165.08,6450.0,-0.0,1068.0
03:18:13,7165.08,6460.0,-0.0,80.0
03:18:13,7165.08,6470.0,-0.0,8.0
03:18:13,7165.08,6475.0,-0.0,3.0
03:18:13,7165.08,6480.0,-0.0,35.0
03:18:13,7165.08,6485.0,-0.0,8.0
03:18:13,7165.08,6490.0,-0.0,5.0
03:18:13,7165.08,6500.0,-0.0,70.0
03:18:13,7165.08,6505.0,-0.0,100.0
03:18:13,7165.08,6510.0,-0.0,118.0
03:18:13,7165.08,6515.0,-0.0,117.0
03:18:13,7165.08,6520.0,-0.0,29.0
03:18:13,7165.08,6525.0,-0.0,4.0
03:18:13,7165.08,6530.0,-0.0,1.0
03:18:13,7165.08,6535.0,-0.0,64.0
03:18:13,7165.08,6540.0,-0.0,22.0
03:18:13,7165.08,6545.0,-0.0,58.0
03:18:13,7165.08,6555.0,0.0,27.0
03:18:13,7165.08,6560.0,-0.0,15.0
03:18:13,7165.08,6565.0,-0.0,3.0
03:18:13,7165.08,6570.0,0.0,1.0
03:18:13,7165.08,6580.0,-0.0,13.0
03:18:13,7165.08,6585.0,-0.0,48.0
03:18:13,7165.08,6590.0,-0.0,57.0
03:18:13,7165.08,6595.0,-0.0,79.0
03:18:13,7165.08,6600.0,-0.0,4.0
03:18:13,7165.08,6605.0,-0.0,30.0
03:18:13,7165.08,6610.0,-0.0,106.0
03:18:13,7165.08,6615.0,-0.0,95.0
03:18:13,7165.08,6620.0,-0.0,80.0
03:18:13,7165.08,6625.0,0.0,16.0
03:18:13,7165.08,6630.0,-0.0,40.0
03:18:13,7165.08,6635.0,-0.0,137.0
03:18:13,7165.08,6640.0,-0.0,87.0
03:18:13,7165.08,6645.0,-0.0,27.0
03:18:13,7165.08,6650.0,-0.0,3.0
03:18:13,7165.08,6655.0,-0.0,70.0
03:18:13,7165.08,6660.0,-0.0,88.0
03:18:13,7165.08,6665.0,-0.0,6.0
03:18:13,7165.08,6670.0,-0.0,3.0
03:18:13,7165.08,6675.0,0.0,248.0
03:18:13,7165.08,6680.0,-0.0,62.0
03:18:13,7165.08,6685.0,-0.0,287.0
03:18:13,7165.08,6690.0,-0.0002,139.0
03:18:13,7165.08,6695.0,-0.0,31.0
03:18:13,7165.08,6700.0,-0.0014,1429.0
03:18:13,7165.08,6705.0,-0.0001,49.0
03:18:13,7165.08,6710.0,-0.0002,565.0
03:18:13,7165.08,6715.0,-0.0002,161.0
03:18:13,7165.08,6720.0,-0.0004,44.0
03:18:13,7165.08,6725.0,-0.0006,1300.0
03:18:13,7165.08,6730.0,-0.0008,65.0
03:18:13,7165.08,6735.0,-0.0016,56.0
03:18:13,7165.08,6740.0,-0.0022,181.0
03:18:13,7165.08,6745.0,-0.0006,86.0
03:18:13,7165.08,6750.0,-0.0094,3696.0
03:18:13,7165.08,6755.0,-0.0019,153.0
03:18:13,7165.08,6760.0,-0.007,1868.0
03:18:13,7165.08,6765.0,-0.0031,293.0
03:18:13,7165.08,6770.0,-0.0089,136.0
03:18:13,7165.08,6775.0,-0.0042,3448.0
03:18:13,7165.08,6780.0,-0.0111,276.0
03:18:13,7165.08,6785.0,-0.0106,130.0
03:18:13,7165.08,6790.0,-0.0215,220.0
03:18:13,7165.08,6795.0,-0.0608,159.0
03:18:13,7165.08,6800.0,-0.2388,2592.0
03:18:13,7165.08,6805.0,-0.1026,347.0
03:18:13,7165.08,6810.0,-0.0975,704.0
03:18:13,7165.08,6815.0,-0.0214,296.0
03:18:13,7165.08,6820.0,-0.0584,158.0
03:18:13,7165.08,6825.0,-0.0312,1565.0
03:18:13,7165.08,6830.0,-0.0506,188.0
03:18:13,7165.08,6835.0,-0.0602,221.0
03:18:13,7165.08,6840.0,-0.16,1189.0
03:18:13,7165.08,6845.0,-0.2437,4310.0
03:18:13,7165.08,6850.0,-0.8535,4380.0
03:18:13,7165.08,6855.0,-0.413,665.0
03:18:13,7165.08,6860.0,-0.5511,2311.0
03:18:13,7165.08,6865.0,-0.6827,651.0
03:18:13,7165.08,6870.0,-0.2721,406.0
03:18:13,7165.08,6875.0,-0.6819,3584.0
03:18:13,7165.08,6880.0,-1.0618,615.0
03:18:13,7165.08,6885.0,-13.817,6460.0
03:18:13,7165.08,6890.0,-0.825,763.0
03:18:13,7165.08,6895.0,-19.1141,6746.0
03:18:13,7165.08,6900.0,-13.6337,5330.0
03:18:13,7165.08,6905.0,-1.2031,879.0
03:18:13,7165.08,6910.0,-1.4923,1170.0
03:18:13,7165.08,6915.0,-1.2064,2764.0
03:18:13,7165.08,6920.0,-0.7761,1309.0
03:18:13,7165.08,6925.0,-1.0761,1913.0
03:18:13,7165.08,6930.0,-5.7977,2200.0
03:18:13,7165.08,6935.0,-3.2501,1171.0
03:18:13,7165.08,6940.0,-0.6602,1353.0
03:18:13,7165.08,6945.0,-39.9374,7592.0
03:18:13,7165.08,6950.0,-61.6649,8046.0
03:18:13,7165.08,6955.0,-25.4936,1528.0
03:18:13,7165.08,6960.0,-13.141,1831.0
03:18:13,7165.08,6965.0,-6.3978,645.0
03:18:13,7165.08,6970.0,-4.1436,2617.0
03:18:13,7165.08,6975.0,-15.0898,2778.0
03:18:13,7165.08,6980.0,-14.1651,3571.0
03:18:13,7165.08,6985.0,-12.9884,1391.0
03:18:13,7165.08,6990.0,-17.337,2455.0
03:18:13,7165.08,6995.0,-16.4244,1442.0
03:18:13,7165.08,7000.0,-11.9001,8907.0
03:18:13,7165.08,7005.0,-126.529,2523.0
03:18:13,7165.08,7010.0,-3.725,2245.0
03:18:13,7165.08,7015.0,-10.7498,2148.0
03:18:13,7165.08,7020.0,-4.1122,2885.0
03:18:13,7165.08,7025.0,-24.5871,2772.0
03:18:13,7165.08,7030.0,44.2324,3035.0
03:18:13,7165.08,7035.0,-20.2507,2182.0
03:18:13,7165.08,7040.0,-31.1121,3149.0
03:18:13,7165.08,7045.0,308.3998,2310.0
03:18:13,7165.08,7050.0,-95.5946,9556.0
03:18:13,7165.08,7055.0,-195.4224,2665.0
03:18:13,7165.08,7060.0,-41.4304,2935.0
03:18:13,7165.08,7065.0,-15.1002,1971.0
03:18:13,7165.08,7070.0,3.8618,2978.0
03:18:13,7165.08,7075.0,-55.5984,2724.0
03:18:13,7165.08,7080.0,-54.2907,2038.0
03:18:13,7165.08,7085.0,-24.8423,1720.0
03:18:13,7165.08,7090.0,-49.6816,3294.0
03:18:13,7165.08,7095.0,-15.3363,2603.0
03:18:13,7165.08,7100.0,127.8095,10605.0
03:18:13,7165.08,7105.0,18.3136,1584.0
03:18:13,7165.08,7110.0,-24.7531,2004.0
03:18:13,7165.08,7115.0,22.6923,2078.0
03:18:13,7165.08,7120.0,74.7954,3139.0
03:18:13,7165.08,7125.0,1.3871,4954.0
03:18:13,7165.08,7130.0,1432.7542,3203.0
03:18:13,7165.08,7135.0,36.5812,1614.0
03:18:13,7165.08,7140.0,293.1332,3830.0
03:18:13,7165.08,7145.0,40.4458,1444.0
03:18:13,7165.08,7150.0,95.4028,13358.0
03:18:13,7165.08,7155.0,654.3267,6007.0
03:18:13,7165.08,7160.0,1144.1108,0.0
03:18:13,7165.08,7165.0,49.9362,0.0
03:18:13,7165.08,7170.0,215.7644,0.0
03:18:13,7165.08,7175.0,324.0935,4217.0
03:18:13,7165.08,7180.0,122.0941,3557.0
03:18:13,7165.08,7185.0,82.3908,5475.0
03:18:13,7165.08,7190.0,143.775,2664.0
03:18:13,7165.08,7195.0,119.8409,1707.0
03:18:13,7165.08,7200.0,681.2964,10217.0
03:18:13,7165.08,7205.0,84.4635,2317.0
03:18:13,7165.08,7210.0,213.0405,3132.0
03:18:13,7165.08,7215.0,122.7578,4744.0
03:18:13,7165.08,7220.0,216.5669,5854.0
03:18:13,7165.08,7225.0,166.4071,4682.0
03:18:13,7165.08,7230.0,178.4028,3364.0
03:18:13,7165.08,7235.0,70.096,2222.0
03:18:13,7165.08,7240.0,182.226,9386.0
03:18:13,7165.08,7245.0,89.3606,2157.0
03:18:13,7165.08,7250.0,1201.5839,17796.0
03:18:13,7165.08,7255.0,447.3161,5768.0
03:18:13,7165.08,7260.0,118.2156,7087.0
03:18:13,7165.08,7265.0,101.798,2879.0
03:18:13,7165.08,7270.0,161.8997,3240.0
03:18:13,7165.08,7275.0,281.902,11907.0
03:18:13,7165.08,7280.0,198.4675,7154.0
03:18:13,7165.08,7285.0,114.7543,1336.0
03:18:13,7165.08,7290.0,104.0849,3242.0
03:18:13,7165.08,7295.0,113.7588,1915.0
03:18:13,7165.08,7300.0,264.9317,8356.0
03:18:13,7165.08,7305.0,18.4327,440.0
03:18:13,7165.08,7310.0,56.8141,740.0
03:18:13,7165.08,7315.0,29.3403,746.0
03:18:13,7165.08,7320.0,72.6397,1219.0
03:18:13,7165.08,7325.0,76.1697,367.0
03:18:13,7165.08,7330.0,57.2859,997.0
03:18:13,7165.08,7335.0,1.292,382.0
03:18:13,7165.08,7340.0,23.7482,2278.0
03:18:13,7165.08,7345.0,0.7576,468.0
03:18:13,7165.08,7350.0,102.7869,6953.0
03:18:13,7165.08,7360.0,9.5505,250.0
03:18:13,7165.08,7370.0,23.323,771.0
03:18:13,7165.08,7375.0,25.4988,10617.0
03:18:13,7165.08,7380.0,12.2254,5156.0
03:18:13,7165.08,7390.0,33.0836,2139.0
03:18:13,7165.08,7400.0,15.4658,4230.0
03:18:13,7165.08,7410.0,0.0095,65.0
03:18:13,7165.08,7425.0,4.2126,194.0
03:18:13,7165.08,7450.0,3.4958,474.0
03:18:13,7165.08,7475.0,0.2361,140.0
03:18:13,7165.08,7500.0,0.1662,296.0
03:18:13,7165.08,7525.0,0.0024,0.0
03:18:13,7165.08,7550.0,0.0005,0.0
03:18:13,7165.08,7600.0,0.0006,2.0
03:18:13,7165.08,7700.0,0.0001,0.0
03:18:13,7165.08,7800.0,0.0,1.0
03:18:13,7165.08,8000.0,0.0,2.0
03:18:13,7165.08,8800.0,0.0,2.0
03:18:13,7165.08,9200.0,0.0,1.0
03:34:45,7165.08,4600.0,-0.0,4.0
03:34:45,7165.08,5300.0,-0.0,1.0
03:34:45,7165.08,5400.0,-0.0,3.0
03:34:45,7165.08,5500.0,-0.0,1.0
03:34:45,7165.08,5575.0,-0.0,1.0
03:34:45,7165.08,5625.0,-0.0,1.0
03:34:45,7165.08,5650.0,-0.0,1.0
03:34:45,7165.08,5800.0,-0.0,4.0
03:34:45,7165.08,5900.0,-0.0,3.0
03:34:45,7165.08,6000.0,-0.0,24.0
03:34:45,7165.08,6100.0,-0.0,876.0
03:34:45,7165.08,6110.0,-0.0,105.0
03:34:45,7165.08,6120.0,-0.0,81.0
03:34:45,7165.08,6125.0,-0.0,13.0
03:34:45,7165.08,6130.0,-0.0,3.0
03:34:45,7165.08,6140.0,-0.0,100.0
03:34:45,7165.08,6150.0,-0.0,297.0
03:34:45,7165.08,6160.0,-0.0,85.0
03:34:45,7165.08,6170.0,-0.0,87.0
03:34:45,7165.08,6175.0,-0.0,163.0
03:34:45,7165.08,6180.0,-0.0,10.0
03:34:45,7165.08,6190.0,-0.0,97.0
03:34:45,7165.08,6200.0,-0.0,1177.0
03:34:45,7165.08,6220.0,-0.0,40.0
03:34:45,7165.08,6225.0,-0.0,150.0
03:34:45,7165.08,6230.0,-0.0,302.0
03:34:45,7165.08,6240.0,-0.0,60.0
03:34:45,7165.08,6250.0,-0.0,226.0
03:34:45,7165.08,6260.0,-0.0,200.0
03:34:45,7165.08,6270.0,-0.0,101.0
03:34:45,7165.08,6275.0,-0.0,30.0
03:34:45,7165.08,6280.0,-0.0,20.0
03:34:45,7165.08,6290.0,-0.0,38.0
03:34:45,7165.08,6300.0,-0.0,96.0
03:34:45,7165.08,6310.0,-0.0,161.0
03:34:45,7165.08,6320.0,-0.0,10.0
03:34:45,7165.08,6325.0,-0.0,30.0
03:34:45,7165.08,6330.0,-0.0,196.0
03:34:45,7165.08,6340.0,-0.0,10.0
03:34:45,7165.08,6350.0,-0.0,95.0
03:34:45,7165.08,6360.0,-0.0,58.0
03:34:45,7165.08,6370.0,-0.0,50.0
03:34:45,7165.08,6375.0,-0.0,5.0
03:34:45,7165.08,6380.0,-0.0,44.0
03:34:45,7165.08,6390.0,0.0,11.0
03:34:45,7165.08,6400.0,-0.0,152.0
03:34:45,7165.08,6410.0,-0.0,5.0
03:34:45,7165.08,6420.0,-0.0,14.0
03:34:45,7165.08,6425.0,0.0,52.0
03:34:45,7165.08,6430.0,-0.0,7.0
03:34:45,7165.08,6440.0,-0.0,44.0
03:34:45,7165.08,6450.0,-0.0,1068.0
03:34:45,7165.08,6460.0,-0.0,80.0
03:34:45,7165.08,6470.0,-0.0,8.0
03:34:45,7165.08,6475.0,-0.0,3.0
03:34:45,7165.08,6480.0,-0.0,35.0
03:34:45,7165.08,6485.0,-0.0,8.0
03:34:45,7165.08,6490.0,-0.0,5.0
03:34:45,7165.08,6500.0,-0.0,70.0
03:34:45,7165.08,6505.0,-0.0,100.0
03:34:45,7165.08,6510.0,-0.0,118.0
03:34:45,7165.08,6515.0,-0.0,117.0
03:34:45,7165.08,6520.0,-0.0,29.0
03:34:45,7165.08,6525.0,-0.0,4.0
03:34:45,7165.08,6530.0,-0.0,1.0
03:34:45,7165.08,6535.0,-0.0,64.0
03:34:45,7165.08,6540.0,-0.0,22.0
03:34:45,7165.08,6545.0,-0.0,58.0
03:34:45,7165.08,6555.0,0.0,27.0
03:34:45,7165.08,6560.0,-0.0,15.0
03:34:45,7165.08,6565.0,-0.0,3.0
03:34:45,7165.08,6570.0,0.0,1.0
03:34:45,7165.08,6580.0,-0.0,13.0
03:34:45,7165.08,6585.0,-0.0,48.0
03:34:45,7165.08,6590.0,-0.0,57.0
03:34:45,7165.08,6595.0,-0.0,79.0
03:34:45,7165.08,6600.0,-0.0,4.0
03:34:45,7165.08,6605.0,-0.0,30.0
03:34:45,7165.08,6610.0,-0.0,106.0
03:34:45,7165.08,6615.0,-0.0,95.0
03:34:45,7165.08,6620.0,-0.0,80.0
03:34:45,7165.08,6625.0,0.0,16.0
03:34:45,7165.08,6630.0,-0.0,40.0
03:34:45,7165.08,6635.0,-0.0,137.0
03:34:45,7165.08,6640.0,-0.0,87.0
03:34:45,7165.08,6645.0,-0.0,27.0
03:34:45,7165.08,6650.0,-0.0,3.0
03:34:45,7165.08,6655.0,-0.0,70.0
03:34:45,7165.08,6660.0,-0.0,88.0
03:34:45,7165.08,6665.0,-0.0,6.0
03:34:45,7165.08,6670.0,-0.0,3.0
03:34:45,7165.08,6675.0,0.0,248.0
03:34:45,7165.08,6680.0,-0.0,62.0
03:34:45,7165.08,6685.0,-0.0,287.0
03:34:45,7165.08,6690.0,-0.0002,139.0
03:34:45,7165.08,6695.0,-0.0,31.0
03:34:45,7165.08,6700.0,-0.0014,1429.0
03:34:45,7165.08,6705.0,-0.0001,49.0
03:34:45,7165.08,6710.0,-0.0002,565.0
03:34:45,7165.08,6715.0,-0.0002,161.0
03:34:45,7165.08,6720.0,-0.0004,44.0
03:34:45,7165.08,6725.0,-0.0006,1300.0
03:34:45,7165.08,6730.0,-0.0008,65.0
03:34:45,7165.08,6735.0,-0.0016,56.0
03:34:45,7165.08,6740.0,-0.0022,181.0
03:34:45,7165.08,6745.0,-0.0006,86.0
03:34:45,7165.08,6750.0,-0.0094,3696.0
03:34:45,7165.08,6755.0,-0.0019,153.0
03:34:45,7165.08,6760.0,-0.007,1868.0
03:34:45,7165.08,6765.0,-0.0031,293.0
03:34:45,7165.08,6770.0,-0.0089,136.0
03:34:45,7165.08,6775.0,-0.0042,3448.0
03:34:45,7165.08,6780.0,-0.0111,276.0
03:34:45,7165.08,6785.0,-0.0106,130.0
03:34:45,7165.08,6790.0,-0.0215,220.0
03:34:45,7165.08,6795.0,-0.0608,159.0
03:34:45,7165.08,6800.0,-0.2388,2592.0
03:34:45,7165.08,6805.0,-0.1026,347.0
03:34:45,7165.08,6810.0,-0.0975,704.0
03:34:45,7165.08,6815.0,-0.0214,296.0
03:34:45,7165.08,6820.0,-0.0584,158.0
03:34:45,7165.08,6825.0,-0.0312,1565.0
03:34:45,7165.08,6830.0,-0.0506,188.0
03:34:45,7165.08,6835.0,-0.0602,221.0
03:34:45,7165.08,6840.0,-0.16,1189.0
03:34:45,7165.08,6845.0,-0.2437,4310.0
03:34:45,7165.08,6850.0,-0.8535,4380.0
03:34:45,7165.08,6855.0,-0.413,665.0
03:34:45,7165.08,6860.0,-0.5511,2311.0
03:34:45,7165.08,6865.0,-0.6827,651.0
03:34:45,7165.08,6870.0,-0.2721,406.0
03:34:45,7165.08,6875.0,-0.6819,3584.0
03:34:45,7165.08,6880.0,-1.0618,615.0
03:34:45,7165.08,6885.0,-13.817,6460.0
03:34:45,7165.08,6890.0,-0.825,763.0
03:34:45,7165.08,6895.0,-19.1141,6746.0
03:34:45,7165.08,6900.0,-13.6337,5330.0
03:34:45,7165.08,6905.0,-1.2031,879.0
03:34:45,7165.08,6910.0,-1.4923,1170.0
03:34:45,7165.08,6915.0,-1.2064,2764.0
03:34:45,7165.08,6920.0,-0.7761,1309.0
03:34:45,7165.08,6925.0,-1.0761,1913.0
03:34:45,7165.08,6930.0,-5.7977,2200.0
03:34:45,7165.08,6935.0,-3.2501,1171.0
03:34:45,7165.08,6940.0,-0.6602,1353.0
03:34:45,7165.08,6945.0,-39.9374,7592.0
03:34:45,7165.08,6950.0,-61.6649,8046.0
03:34:45,7165.08,6955.0,-25.4936,1528.0
03:34:45,7165.08,6960.0,-13.141,1831.0
03:34:45,7165.08,6965.0,-6.3978,645.0
03:34:45,7165.08,6970.0,-4.1436,2617.0
03:34:45,7165.08,6975.0,-15.0898,2778.0
03:34:45,7165.08,6980.0,-14.1651,3571.0
03:34:45,7165.08,6985.0,-12.9884,1391.0
03:34:45,7165.08,6990.0,-17.337,2455.0
03:34:45,7165.08,6995.0,-16.4244,1442.0
03:34:45,7165.08,7000.0,-11.9001,8907.0
03:34:45,7165.08,7005.0,-126.529,2523.0
03:34:45,7165.08,7010.0,-3.725,2245.0
03:34:45,7165.08,7015.0,-10.7498,2148.0
03:34:45,7165.08,7020.0,-4.1122,2885.0
03:34:45,7165.08,7025.0,-24.5871,2772.0
03:34:45,7165.08,7030.0,44.2324,3035.0
03:34:45,7165.08,7035.0,-20.2507,2182.0
03:34:45,7165.08,7040.0,-31.1121,3149.0
03:34:45,7165.08,7045.0,308.3998,2310.0
03:34:45,7165.08,7050.0,-95.5946,9556.0
03:34:45,7165.08,7055.0,-195.4224,2665.0
03:34:45,7165.08,7060.0,-41.4304,2935.0
03:34:45,7165.08,7065.0,-15.1002,1971.0
03:34:45,7165.08,7070.0,3.8618,2978.0
03:34:45,7165.08,7075.0,-55.5984,2724.0
03:34:45,7165.08,7080.0,-54.2907,2038.0
03:34:45,7165.08,7085.0,-24.8423,1720.0
03:34:45,7165.08,7090.0,-49.6816,3294.0
03:34:45,7165.08,7095.0,-15.3363,2603.0
03:34:45,7165.08,7100.0,127.8095,10605.0
03:34:45,7165.08,7105.0,18.3136,1584.0
03:34:45,7165.08,7110.0,-24.7531,2004.0
03:34:45,7165.08,7115.0,22.6923,2078.0
03:34:45,7165.08,7120.0,74.7954,3139.0
03:34:45,7165.08,7125.0,1.3871,4954.0
03:34:45,7165.08,7130.0,1432.7542,3203.0
03:34:45,7165.08,7135.0,36.5812,1614.0
03:34:45,7165.08,7140.0,293.1332,3830.0
03:34:45,7165.08,7145.0,40.4458,1444.0
03:34:45,7165.08,7150.0,95.4028,13358.0
03:34:45,7165.08,7155.0,654.3267,6007.0
03:34:45,7165.08,7160.0,1144.1108,14943.0
03:34:45,7165.08,7165.0,49.9362,7850.0
03:34:45,7165.08,7170.0,215.7644,9019.0
03:34:45,7165.08,7175.0,324.0935,4217.0
03:34:45,7165.08,7180.0,122.0941,3557.0
03:34:45,7165.08,7185.0,82.3908,5475.0
03:34:45,7165.08,7190.0,143.775,2664.0
03:34:45,7165.08,7195.0,119.8409,1707.0
03:34:45,7165.08,7200.0,681.2964,10217.0
03:34:45,7165.08,7205.0,84.4635,2317.0
03:34:45,7165.08,7210.0,213.0405,3132.0
03:34:45,7165.08,7215.0,122.7578,4744.0
03:34:45,7165.08,7220.0,216.5669,5854.0
03:34:45,7165.08,7225.0,166.4071,4682.0
03:34:45,7165.08,7230.0,178.4028,3364.0
03:34:45,7165.08,7235.0,70.096,2222.0
03:34:45,7165.08,7240.0,182.226,9386.0
03:34:45,7165.08,7245.0,89.3606,2157.0
03:34:45,7165.08,7250.0,1201.5839,17796.0
03:34:45,7165.08,7255.0,447.3161,5768.0
03:34:45,7165.08,7260.0,118.2156,7087.0
03:34:45,7165.08,7265.0,101.798,2879.0
03:34:45,7165.08,7270.0,161.8997,3240.0
03:34:45,7165.08,7275.0,281.902,11907.0
03:34:45,7165.08,7280.0,198.4675,7154.0
03:34:45,7165.08,7285.0,114.7543,1336.0
03:34:45,7165.08,7290.0,104.0849,3242.0
03:34:45,7165.08,7295.0,113.7588,1915.0
03:34:45,7165.08,7300.0,264.9317,8356.0
03:34:45,7165.08,7305.0,18.4327,440.0
03:34:45,7165.08,7310.0,56.8141,740.0
03:34:45,7165.08,7315.0,29.3403,746.0
03:34:45,7165.08,7320.0,72.6397,1219.0
03:34:45,7165.08,7325.0,76.1697,367.0
03:34:45,7165.08,7330.0,57.2859,997.0
03:34:45,7165.08,7335.0,1.292,382.0
03:34:45,7165.08,7340.0,23.7482,2278.0
03:34:45,7165.08,7345.0,0.7576,468.0
03:34:45,7165.08,7350.0,102.7869,6953.0
03:34:45,7165.08,7360.0,9.5505,250.0
03:34:45,7165.08,7370.0,23.323,771.0
03:34:45,7165.08,7375.0,25.4988,10617.0
03:34:45,7165.08,7380.0,12.2254,5156.0
03:34:45,7165.08,7390.0,33.0836,2139.0
03:34:45,7165.08,7400.0,15.4658,4230.0
03:34:45,7165.08,7410.0,0.0095,65.0
03:34:45,7165.08,7425.0,4.2126,194.0
03:34:45,7165.08,7450.0,3.4958,474.0
03:34:45,7165.08,7475.0,0.2361,140.0
03:34:45,7165.08,7500.0,0.1662,296.0
03:34:45,7165.08,7525.0,0.0024,0.0
03:34:45,7165.08,7550.0,0.0005,0.0
03:34:45,7165.08,7600.0,0.0006,2.0
03:34:45,7165.08,7700.0,0.0001,0.0
03:34:45,7165.08,7800.0,0.0,1.0
03:34:45,7165.08,8000.0,0.0,2.0
03:34:45,7165.08,8800.0,0.0,2.0
03:34:45,7165.08,9200.0,0.0,1.0
03:51:05,7165.08,4600.0,-0.0,4.0
03:51:05,7165.08,5300.0,-0.0,1.0
03:51:05,7165.08,5400.0,-0.0,3.0
03:51:05,7165.08,5500.0,-0.0,1.0
03:51:05,7165.08,5575.0,-0.0,1.0
03:51:05,7165.08,5625.0,-0.0,1.0
03:51:05,7165.08,5650.0,-0.0,1.0
03:51:05,7165.08,5800.0,-0.0,4.0
03:51:05,7165.08,5900.0,-0.0,3.0
03:51:05,7165.08,6000.0,-0.0,24.0
03:51:05,7165.08,6100.0,-0.0,876.0
03:51:05,7165.08,6110.0,-0.0,105.0
03:51:05,7165.08,6120.0,-0.0,81.0
03:51:05,7165.08,6125.0,-0.0,13.0
03:51:05,7165.08,6130.0,-0.0,3.0
03:51:05,7165.08,6140.0,-0.0,100.0
03:51:05,7165.08,6150.0,-0.0,297.0
03:51:05,7165.08,6160.0,-0.0,85.0
03:51:05,7165.08,6170.0,-0.0,87.0
03:51:05,7165.08,6175.0,-0.0,163.0
03:51:05,7165.08,6180.0,-0.0,10.0
03:51:05,7165.08,6190.0,-0.0,97.0
03:51:05,7165.08,6200.0,-0.0,1177.0
03:51:05,7165.08,6220.0,-0.0,40.0
03:51:05,7165.08,6225.0,-0.0,150.0
03:51:05,7165.08,6230.0,-0.0,302.0
03:51:05,7165.08,6240.0,-0.0,60.0
03:51:05,7165.08,6250.0,-0.0,226.0
03:51:05,7165.08,6260.0,-0.0,200.0
03:51:05,7165.08,6270.0,-0.0,101.0
03:51:05,7165.08,6275.0,-0.0,30.0
03:51:05,7165.08,6280.0,-0.0,20.0
03:51:05,7165.08,6290.0,-0.0,38.0
03:51:05,7165.08,6300.0,-0.0,96.0
03:51:05,7165.08,6310.0,-0.0,161.0
03:51:05,7165.08,6320.0,-0.0,10.0
03:51:05,7165.08,6325.0,-0.0,30.0
03:51:05,7165.08,6330.0,-0.0,196.0
03:51:05,7165.08,6340.0,-0.0,10.0
03:51:05,7165.08,6350.0,-0.0,95.0
03:51:05,7165.08,6360.0,-0.0,58.0
03:51:05,7165.08,6370.0,-0.0,50.0
03:51:05,7165.08,6375.0,-0.0,5.0
03:51:05,7165.08,6380.0,-0.0,44.0
03:51:05,7165.08,6390.0,0.0,11.0
03:51:05,7165.08,6400.0,-0.0,152.0
03:51:05,7165.08,6410.0,-0.0,5.0
03:51:05,7165.08,6420.0,-0.0,14.0
03:51:05,7165.08,6425.0,0.0,52.0
03:51:05,7165.08,6430.0,-0.0,7.0
03:51:05,7165.08,6440.0,-0.0,44.0
03:51:05,7165.08,6450.0,-0.0,1068.0
03:51:05,7165.08,6460.0,-0.0,80.0
03:51:05,7165.08,6470.0,-0.0,8.0
03:51:05,7165.08,6475.0,-0.0,3.0
03:51:05,7165.08,6480.0,-0.0,35.0
03:51:05,7165.08,6485.0,-0.0,8.0
03:51:05,7165.08,6490.0,-0.0,5.0
03:51:05,7165.08,6500.0,-0.0,70.0
03:51:05,7165.08,6505.0,-0.0,100.0
03:51:05,7165.08,6510.0,-0.0,118.0
03:51:05,7165.08,6515.0,-0.0,117.0
03:51:05,7165.08,6520.0,-0.0,29.0
03:51:05,7165.08,6525.0,-0.0,4.0
03:51:05,7165.08,6530.0,-0.0,1.0
03:51:05,7165.08,6535.0,-0.0,64.0
03:51:05,7165.08,6540.0,-0.0,22.0
03:51:05,7165.08,6545.0,-0.0,58.0
03:51:05,7165.08,6555.0,0.0,27.0
03:51:05,7165.08,6560.0,-0.0,15.0
03:51:05,7165.08,6565.0,-0.0,3.0
03:51:05,7165.08,6570.0,0.0,1.0
03:51:05,7165.08,6580.0,-0.0,13.0
03:51:05,7165.08,6585.0,-0.0,48.0
03:51:05,7165.08,6590.0,-0.0,57.0
03:51:05,7165.08,6595.0,-0.0,79.0
03:51:05,7165.08,6600.0,-0.0,4.0
03:51:05,7165.08,6605.0,-0.0,30.0
03:51:05,7165.08,6610.0,-0.0,106.0
03:51:05,7165.08,6615.0,-0.0,95.0
03:51:05,7165.08,6620.0,-0.0,80.0
03:51:05,7165.08,6625.0,0.0,16.0
03:51:05,7165.08,6630.0,-0.0,40.0
03:51:05,7165.08,6635.0,-0.0,137.0
03:51:05,7165.08,6640.0,-0.0,87.0
03:51:05,7165.08,6645.0,-0.0,27.0
03:51:05,7165.08,6650.0,-0.0,3.0
03:51:05,7165.08,6655.0,-0.0,70.0
03:51:05,7165.08,6660.0,-0.0,88.0
03:51:05,7165.08,6665.0,-0.0,6.0
03:51:05,7165.08,6670.0,-0.0,3.0
03:51:05,7165.08,6675.0,0.0,248.0
03:51:05,7165.08,6680.0,-0.0,62.0
03:51:05,7165.08,6685.0,-0.0,287.0
03:51:05,7165.08,6690.0,-0.0002,139.0
03:51:05,7165.08,6695.0,-0.0,31.0
03:51:05,7165.08,6700.0,-0.0014,1429.0
03:51:05,7165.08,6705.0,-0.0001,49.0
03:51:05,7165.08,6710.0,-0.0002,565.0
03:51:05,7165.08,6715.0,-0.0002,161.0
03:51:05,7165.08,6720.0,-0.0004,44.0
03:51:05,7165.08,6725.0,-0.0006,1300.0
03:51:05,7165.08,6730.0,-0.0008,65.0
03:51:05,7165.08,6735.0,-0.0016,56.0
03:51:05,7165.08,6740.0,-0.0022,181.0
03:51:05,7165.08,6745.0,-0.0006,86.0
03:51:05,7165.08,6750.0,-0.0094,3696.0
03:51:05,7165.08,6755.0,-0.0019,153.0
03:51:05,7165.08,6760.0,-0.007,1868.0
03:51:05,7165.08,6765.0,-0.0031,293.0
03:51:05,7165.08,6770.0,-0.0089,136.0
03:51:05,7165.08,6775.0,-0.0042,3448.0
03:51:05,7165.08,6780.0,-0.0111,276.0
03:51:05,7165.08,6785.0,-0.0106,130.0
03:51:05,7165.08,6790.0,-0.0215,220.0
03:51:05,7165.08,6795.0,-0.0608,159.0
03:51:05,7165.08,6800.0,-0.2388,2592.0
03:51:05,7165.08,6805.0,-0.1026,347.0
03:51:05,7165.08,6810.0,-0.0975,704.0
03:51:05,7165.08,6815.0,-0.0214,296.0
03:51:05,7165.08,6820.0,-0.0584,158.0
03:51:05,7165.08,6825.0,-0.0312,1565.0
03:51:05,7165.08,6830.0,-0.0506,188.0
03:51:05,7165.08,6835.0,-0.0602,221.0
03:51:05,7165.08,6840.0,-0.16,1189.0
03:51:05,7165.08,6845.0,-0.2437,4310.0
03:51:05,7165.08,6850.0,-0.8535,4380.0
03:51:05,7165.08,6855.0,-0.413,665.0
03:51:05,7165.08,6860.0,-0.5511,2311.0
03:51:05,7165.08,6865.0,-0.6827,651.0
03:51:05,7165.08,6870.0,-0.2721,406.0
03:51:05,7165.08,6875.0,-0.6819,3584.0
03:51:05,7165.08,6880.0,-1.0618,615.0
03:51:05,7165.08,6885.0,-13.817,6460.0
03:51:05,7165.08,6890.0,-0.825,763.0
03:51:05,7165.08,6895.0,-19.1141,6746.0
03:51:05,7165.08,6900.0,-13.6337,5330.0
03:51:05,7165.08,6905.0,-1.2031,879.0
03:51:05,7165.08,6910.0,-1.4923,1170.0
03:51:05,7165.08,6915.0,-1.2064,2764.0
03:51:05,7165.08,6920.0,-0.7761,1309.0
03:51:05,7165.08,6925.0,-1.0761,1913.0
03:51:05,7165.08,6930.0,-5.7977,2200.0
03:51:05,7165.08,6935.0,-3.2501,1171.0
03:51:05,7165.08,6940.0,-0.6602,0.0
03:51:05,7165.08,6945.0,-39.9374,0.0
03:51:05,7165.08,6950.0,-61.6649,0.0
03:51:05,7165.08,6955.0,-25.4936,0.0
03:51:05,7165.08,6960.0,-13.141,0.0
03:51:05,7165.08,6965.0,-6.3978,0.0
03:51:05,7165.08,6970.0,-4.1436,0.0
03:51:05,7165.08,6975.0,-15.0898,0.0
03:51:05,7165.08,6980.0,-14.1651,0.0
03:51:05,7165.08,6985.0,-12.9884,0.0
03:51:05,7165.08,6990.0,-17.337,0.0
03:51:05,7165.08,6995.0,-16.4244,0.0
03:51:05,7165.08,7000.0,-11.9001,0.0
03:51:05,7165.08,7005.0,-126.529,0.0
03:51:05,7165.08,7010.0,-3.725,0.0
03:51:05,7165.08,7015.0,-10.7498,0.0
03:51:05,7165.08,7020.0,-4.1122,0.0
03:51:05,7165.08,7025.0,-24.5871,0.0
03:51:05,7165.08,7030.0,44.2324,0.0
03:51:05,7165.08,7035.0,-20.2507,0.0
03:51:05,7165.08,7040.0,-31.1121,0.0
03:51:05,7165.08,7045.0,308.3998,0.0
03:51:05,7165.08,7050.0,-95.5946,0.0
03:51:05,7165.08,7055.0,-195.4224,0.0
03:51:05,7165.08,7060.0,-41.4304,0.0
03:51:05,7165.08,7065.0,-15.1002,0.0
03:51:05,7165.08,7070.0,3.8618,0.0
03:51:05,7165.08,7075.0,-55.5984,0.0
03:51:05,7165.08,7080.0,-54.2907,0.0
03:51:05,7165.08,7085.0,-24.8423,0.0
03:51:05,7165.08,7090.0,-49.6816,0.0
03:51:05,7165.08,7095.0,-15.3363,0.0
03:51:05,7165.08,7100.0,127.8095,10605.0
03:51:05,7165.08,7105.0,18.3136,0.0
03:51:05,7165.08,7110.0,-24.7531,0.0
03:51:05,7165.08,7115.0,22.6923,0.0
03:51:05,7165.08,7120.0,74.7954,0.0
03:51:05,7165.08,7125.0,1.3871,0.0
03:51:05,7165.08,7130.0,1432.7542,0.0
03:51:05,7165.08,7135.0,36.5812,0.0
03:51:05,7165.08,7140.0,293.1332,0.0
03:51:05,7165.08,7145.0,40.4458,0.0
03:51:05,7165.08,7150.0,95.4028,0.0
03:51:05,7165.08,7155.0,654.3267,0.0
03:51:05,7165.08,7160.0,1144.1108,14944.0
03:51:05,7165.08,7165.0,49.9362,7850.0
03:51:05,7165.08,7170.0,215.7644,9020.0
03:51:05,7165.08,7175.0,324.0935,0.0
03:51:05,7165.08,7180.0,122.0941,0.0
03:51:05,7165.08,7185.0,82.3908,0.0
03:51:05,7165.08,7190.0,143.775,0.0
03:51:05,7165.08,7195.0,119.8409,0.0
03:51:05,7165.08,7200.0,681.2964,10217.0
03:51:05,7165.08,7205.0,84.4635,0.0
03:51:05,7165.08,7210.0,213.0405,0.0
03:51:05,7165.08,7215.0,122.7578,0.0
03:51:05,7165.08,7220.0,216.5669,0.0
03:51:05,7165.08,7225.0,166.4071,0.0
03:51:05,7165.08,7230.0,178.4028,0.0
03:51:05,7165.08,7235.0,70.096,0.0
03:51:05,7165.08,7240.0,182.226,0.0
03:51:05,7165.08,7245.0,89.3606,0.0
03:51:05,7165.08,7250.0,1201.5839,0.0
03:51:05,7165.08,7255.0,447.3161,2.0
03:51:05,7165.08,7260.0,118.2156,15.0
03:51:05,7165.08,7265.0,101.798,147.0
03:51:05,7165.08,7270.0,161.8997,8.0
03:51:05,7165.08,7275.0,281.902,0.0
03:51:05,7165.08,7280.0,198.4675,5.0
03:51:05,7165.08,7285.0,114.7543,1336.0
03:51:05,7165.08,7290.0,104.0849,0.0
03:51:05,7165.08,7295.0,113.7588,1915.0
03:51:05,7165.08,7300.0,264.9317,0.0
03:51:05,7165.08,7305.0,18.4327,440.0
03:51:05,7165.08,7310.0,56.8141,2.0
03:51:05,7165.08,7315.0,29.3403,746.0
03:51:05,7165.08,7320.0,72.6397,1.0
03:51:05,7165.08,7325.0,76.1697,0.0
03:51:05,7165.08,7330.0,57.2859,2.0
03:51:05,7165.08,7335.0,1.292,382.0
03:51:05,7165.08,7340.0,23.7482,2278.0
03:51:05,7165.08,7345.0,0.7576,468.0
03:51:05,7165.08,7350.0,103.4757,0.0
03:51:05,7165.08,7360.0,9.5505,250.0
03:51:05,7165.08,7370.0,23.323,771.0
03:51:05,7165.08,7375.0,25.4988,0.0
03:51:05,7165.08,7380.0,12.2254,5156.0
03:51:05,7165.08,7390.0,33.0836,2139.0
03:51:05,7165.08,7400.0,15.4658,4230.0
03:51:05,7165.08,7410.0,0.0095,65.0
03:51:05,7165.08,7425.0,4.2126,194.0
03:51:05,7165.08,7450.0,3.4958,474.0
03:51:05,7165.08,7475.0,0.2361,140.0
03:51:05,7165.08,7500.0,0.1662,296.0
03:51:05,7165.08,7525.0,0.0024,0.0
03:51:05,7165.08,7550.0,0.0005,0.0
03:51:05,7165.08,7600.0,0.0006,2.0
03:51:05,7165.08,7700.0,0.0001,0.0
03:51:05,7165.08,7800.0,0.0,1.0
03:51:05,7165.08,8000.0,0.0,2.0
03:51:05,7165.08,8800.0,0.0,2.0
03:51:05,7165.08,9200.0,0.0,1.0
04:07:50,7165.08,4600.0,-0.0,4.0
04:07:50,7165.08,5300.0,-0.0,1.0
04:07:50,7165.08,5400.0,-0.0,3.0
04:07:50,7165.08,5500.0,-0.0,1.0
04:07:50,7165.08,5575.0,-0.0,1.0
04:07:50,7165.08,5625.0,-0.0,1.0
04:07:50,7165.08,5650.0,-0.0,1.0
04:07:50,7165.08,5800.0,-0.0,4.0
04:07:50,7165.08,5900.0,-0.0,3.0
04:07:50,7165.08,6000.0,-0.0,24.0
04:07:50,7165.08,6100.0,-0.0,876.0
04:07:50,7165.08,6110.0,-0.0,105.0
04:07:50,7165.08,6120.0,-0.0,81.0
04:07:50,7165.08,6125.0,-0.0,13.0
04:07:50,7165.08,6130.0,-0.0,3.0
04:07:50,7165.08,6140.0,-0.0,100.0
04:07:50,7165.08,6150.0,-0.0,297.0
04:07:50,7165.08,6160.0,-0.0,85.0
04:07:50,7165.08,6170.0,-0.0,87.0
04:07:50,7165.08,6175.0,-0.0,163.0
04:07:50,7165.08,6180.0,-0.0,10.0
04:07:50,7165.08,6190.0,-0.0,97.0
04:07:50,7165.08,6200.0,-0.0,1177.0
04:07:50,7165.08,6220.0,-0.0,40.0
04:07:50,7165.08,6225.0,-0.0,150.0
04:07:50,7165.08,6230.0,-0.0,302.0
04:07:50,7165.08,6240.0,-0.0,60.0
04:07:50,7165.08,6250.0,-0.0,226.0
04:07:50,7165.08,6260.0,-0.0,200.0
04:07:50,7165.08,6270.0,-0.0,101.0
04:07:50,7165.08,6275.0,-0.0,30.0
04:07:50,7165.08,6280.0,-0.0,20.0
04:07:50,7165.08,6290.0,-0.0,38.0
04:07:50,7165.08,6300.0,-0.0,96.0
04:07:50,7165.08,6310.0,-0.0,161.0
04:07:50,7165.08,6320.0,-0.0,10.0
04:07:50,7165.08,6325.0,-0.0,30.0
04:07:50,7165.08,6330.0,-0.0,196.0
04:07:50,7165.08,6340.0,-0.0,10.0
04:07:50,7165.08,6350.0,-0.0,95.0
04:07:50,7165.08,6360.0,-0.0,58.0
04:07:50,7165.08,6370.0,-0.0,50.0
04:07:50,7165.08,6375.0,-0.0,5.0
04:07:50,7165.08,6380.0,-0.0,44.0
04:07:50,7165.08,6390.0,0.0,11.0
04:07:50,7165.08,6400.0,-0.0,152.0
04:07:50,7165.08,6410.0,-0.0,5.0
04:07:50,7165.08,6420.0,-0.0,14.0
04:07:50,7165.08,6425.0,0.0,52.0
04:07:50,7165.08,6430.0,-0.0,7.0
04:07:50,7165.08,6440.0,-0.0,44.0
04:07:50,7165.08,6450.0,-0.0,1068.0
04:07:50,7165.08,6460.0,-0.0,80.0
04:07:50,7165.08,6470.0,-0.0,8.0
04:07:50,7165.08,6475.0,-0.0,3.0
04:07:50,7165.08,6480.0,-0.0,35.0
04:07:50,7165.08,6485.0,-0.0,8.0
04:07:50,7165.08,6490.0,-0.0,5.0
04:07:50,7165.08,6500.0,-0.0,70.0
04:07:50,7165.08,6505.0,-0.0,100.0
04:07:50,7165.08,6510.0,-0.0,118.0
04:07:50,7165.08,6515.0,-0.0,117.0
04:07:50,7165.08,6520.0,-0.0,29.0
04:07:50,7165.08,6525.0,-0.0,4.0
04:07:50,7165.08,6530.0,-0.0,1.0
04:07:50,7165.08,6535.0,-0.0,64.0
04:07:50,7165.08,6540.0,-0.0,22.0
04:07:50,7165.08,6545.0,-0.0,58.0
04:07:50,7165.08,6555.0,0.0,27.0
04:07:50,7165.08,6560.0,-0.0,15.0
04:07:50,7165.08,6565.0,-0.0,3.0
04:07:50,7165.08,6570.0,0.0,1.0
04:07:50,7165.08,6580.0,-0.0,13.0
04:07:50,7165.08,6585.0,-0.0,48.0
04:07:50,7165.08,6590.0,-0.0,57.0
04:07:50,7165.08,6595.0,-0.0,79.0
04:07:50,7165.08,6600.0,-0.0,4.0
04:07:50,7165.08,6605.0,-0.0,30.0
04:07:50,7165.08,6610.0,-0.0,106.0
04:07:50,7165.08,6615.0,-0.0,95.0
04:07:50,7165.08,6620.0,-0.0,80.0
04:07:50,7165.08,6625.0,0.0,16.0
04:07:50,7165.08,6630.0,-0.0,40.0
04:07:50,7165.08,6635.0,-0.0,137.0
04:07:50,7165.08,6640.0,-0.0,87.0
04:07:50,7165.08,6645.0,-0.0,27.0
04:07:50,7165.08,6650.0,-0.0,3.0
04:07:50,7165.08,6655.0,-0.0,70.0
04:07:50,7165.08,6660.0,-0.0,88.0
04:07:50,7165.08,6665.0,-0.0,6.0
04:07:50,7165.08,6670.0,-0.0,3.0
04:07:50,7165.08,6675.0,0.0,248.0
04:07:50,7165.08,6680.0,-0.0,62.0
04:07:50,7165.08,6685.0,-0.0,287.0
04:07:50,7165.08,6690.0,-0.0002,139.0
04:07:50,7165.08,6695.0,-0.0,31.0
04:07:50,7165.08,6700.0,-0.0014,1429.0
04:07:50,7165.08,6705.0,-0.0001,49.0
04:07:50,7165.08,6710.0,-0.0002,565.0
04:07:50,7165.08,6715.0,-0.0002,161.0
04:07:50,7165.08,6720.0,-0.0004,44.0
04:07:50,7165.08,6725.0,-0.0006,1300.0
04:07:50,7165.08,6730.0,-0.0008,65.0
04:07:50,7165.08,6735.0,-0.0016,56.0
04:07:50,7165.08,6740.0,-0.0022,181.0
04:07:50,7165.08,6745.0,-0.0006,86.0
04:07:50,7165.08,6750.0,-0.0094,3696.0
04:07:50,7165.08,6755.0,-0.0019,153.0
04:07:50,7165.08,6760.0,-0.007,1868.0
04:07:50,7165.08,6765.0,-0.0031,293.0
04:07:50,7165.08,6770.0,-0.0089,136.0
04:07:50,7165.08,6775.0,-0.0042,3448.0
04:07:50,7165.08,6780.0,-0.0111,276.0
04:07:50,7165.08,6785.0,-0.0106,130.0
04:07:50,7165.08,6790.0,-0.0215,220.0
04:07:50,7165.08,6795.0,-0.0608,159.0
04:07:50,7165.08,6800.0,-0.2388,2592.0
04:07:50,7165.08,6805.0,-0.1026,347.0
04:07:50,7165.08,6810.0,-0.0975,704.0
04:07:50,7165.08,6815.0,-0.0214,296.0
04:07:50,7165.08,6820.0,-0.0584,158.0
04:07:50,7165.08,6825.0,-0.0312,1565.0
04:07:50,7165.08,6830.0,-0.0506,188.0
04:07:50,7165.08,6835.0,-0.0602,221.0
04:07:50,7165.08,6840.0,-0.16,1189.0
04:07:50,7165.08,6845.0,-0.2437,4310.0
04:07:50,7165.08,6850.0,-0.8535,4380.0
04:07:50,7165.08,6855.0,-0.413,665.0
04:07:50,7165.08,6860.0,-0.5511,2311.0
04:07:50,7165.08,6865.0,-0.6827,651.0
04:07:50,7165.08,6870.0,-0.2721,406.0
04:07:50,7165.08,6875.0,-0.6819,3584.0
04:07:50,7165.08,6880.0,-1.0618,615.0
04:07:50,7165.08,6885.0,-13.817,6460.0
04:07:50,7165.08,6890.0,-0.825,763.0
04:07:50,7165.08,6895.0,-19.1141,6746.0
04:07:50,7165.08,6900.0,-13.6337,5330.0
04:07:50,7165.08,6905.0,-1.2031,879.0
04:07:50,7165.08,6910.0,-1.4923,1170.0
04:07:50,7165.08,6915.0,-1.2064,2764.0
04:07:50,7165.08,6920.0,-0.7761,1309.0
04:07:50,7165.08,6925.0,-1.0761,1913.0
04:07:50,7165.08,6930.0,-5.7977,2200.0
04:07:50,7165.08,6935.0,-3.2501,1171.0
04:07:50,7165.08,6940.0,-0.6602,1311.0
04:07:50,7165.08,6945.0,-39.9374,7577.0
04:07:50,7165.08,6950.0,-61.6649,7933.0
04:07:50,7165.08,6955.0,-25.4936,1323.0
04:07:50,7165.08,6960.0,-13.141,1606.0
04:07:50,7165.08,6965.0,-6.3978,639.0
04:07:50,7165.08,6970.0,-4.1436,2551.0
04:07:50,7165.08,6975.0,-15.0898,2648.0
04:07:50,7165.08,6980.0,-14.1651,3520.0
04:07:50,7165.08,6985.0,-12.9884,1359.0
04:07:50,7165.08,6990.0,-17.337,2402.0
04:07:50,7165.08,6995.0,-16.4244,1411.0
04:07:50,7165.08,7000.0,-11.9001,8424.0
04:07:50,7165.08,7005.0,-126.529,2413.0
04:07:50,7165.08,7010.0,-3.725,2182.0
04:07:50,7165.08,7015.0,-10.7498,2144.0
04:07:50,7165.08,7020.0,-4.1122,2632.0
04:07:50,7165.08,7025.0,-24.5871,2577.0
04:07:50,7165.08,7030.0,44.2324,2820.0
04:07:50,7165.08,7035.0,-20.2507,2166.0
04:07:50,7165.08,7040.0,-31.1121,3066.0
04:07:50,7165.08,7045.0,308.3998,2153.0
04:07:50,7165.08,7050.0,-95.5946,9217.0
04:07:50,7165.08,7055.0,-195.4224,2409.0
04:07:50,7165.08,7060.0,-41.4304,2660.0
04:07:50,7165.08,7065.0,-15.1002,1801.0
04:07:50,7165.08,7070.0,3.8618,2618.0
04:07:50,7165.08,7075.0,-55.5984,2584.0
04:07:50,7165.08,7080.0,-54.2907,2038.0
04:07:50,7165.08,7085.0,-24.8423,1720.0
04:07:50,7165.08,7090.0,-49.6816,3294.0
04:07:50,7165.08,7095.0,-15.3363,2603.0
04:07:50,7165.08,7100.0,127.8095,10605.0
04:07:50,7165.08,7105.0,18.3136,1584.0
04:07:50,7165.08,7110.0,-24.7531,2004.0
04:07:50,7165.08,7115.0,22.6923,2078.0
04:07:50,7165.08,7120.0,74.7954,3139.0
04:07:50,7165.08,7125.0,1.3871,4954.0
04:07:50,7165.08,7130.0,1432.7542,10251.0
04:07:50,7165.08,7135.0,36.5812,1614.0
04:07:50,7165.08,7140.0,293.1332,3830.0
04:07:50,7165.08,7145.0,40.4458,1444.0
04:07:50,7165.08,7150.0,95.4028,13358.0
04:07:50,7165.08,7155.0,654.3267,6007.0
04:07:50,7165.08,7160.0,1144.1108,14943.0
04:07:50,7165.08,7165.0,49.9362,7850.0
04:07:50,7165.08,7170.0,215.7644,9019.0
04:07:50,7165.08,7175.0,324.0935,4217.0
04:07:50,7165.08,7180.0,122.0941,3557.0
04:07:50,7165.08,7185.0,82.3908,5475.0
04:07:50,7165.08,7190.0,143.775,2664.0
04:07:50,7165.08,7195.0,119.8409,1707.0
04:07:50,7165.08,7200.0,681.2964,10217.0
04:07:50,7165.08,7205.0,84.4635,2317.0
04:07:50,7165.08,7210.0,213.0405,3132.0
04:07:50,7165.08,7215.0,122.7578,4744.0
04:07:50,7165.08,7220.0,216.5669,5854.0
04:07:50,7165.08,7225.0,166.4071,4682.0
04:07:50,7165.08,7230.0,178.4028,3364.0
04:07:50,7165.08,7235.0,70.096,2222.0
04:07:50,7165.08,7240.0,182.226,9386.0
04:07:50,7165.08,7245.0,89.3606,2157.0
04:07:50,7165.08,7250.0,1201.5839,17776.0
04:07:50,7165.08,7255.0,447.6,5766.0
04:07:50,7165.08,7260.0,120.2444,7072.0
04:07:50,7165.08,7265.0,101.798,2732.0
04:07:50,7165.08,7270.0,162.8743,3232.0
04:07:50,7165.08,7275.0,281.902,11901.0
04:07:50,7165.08,7280.0,198.4675,7149.0
04:07:50,7165.08,7285.0,115.1627,0.0
04:07:50,7165.08,7290.0,104.0849,3242.0
04:07:50,7165.08,7295.0,113.7588,0.0
04:07:50,7165.08,7300.0,264.9317,8312.0
04:07:50,7165.08,7305.0,18.5105,0.0
04:07:50,7165.08,7310.0,56.9585,738.0
04:07:50,7165.08,7315.0,29.3403,0.0
04:07:50,7165.08,7320.0,72.7014,1218.0
04:07:50,7165.08,7325.0,76.1697,365.0
04:07:50,7165.08,7330.0,57.2859,995.0
04:07:50,7165.08,7335.0,1.292,0.0
04:07:50,7165.08,7340.0,23.7482,0.0
04:07:50,7165.08,7345.0,0.7576,0.0
04:07:50,7165.08,7350.0,103.4757,6934.0
04:07:50,7165.08,7360.0,9.6398,0.0
04:07:50,7165.08,7370.0,23.323,0.0
04:07:50,7165.08,7375.0,25.4988,10617.0
04:07:50,7165.08,7380.0,12.2254,0.0
04:07:50,7165.08,7390.0,33.0836,2139.0
04:07:50,7165.08,7400.0,15.4658,4230.0
04:07:50,7165.08,7410.0,0.0095,65.0
04:07:50,7165.08,7425.0,4.2126,194.0
04:07:50,7165.08,7450.0,3.4958,474.0
04:07:50,7165.08,7475.0,0.2361,140.0
04:07:50,7165.08,7500.0,0.1662,296.0
04:07:50,7165.08,7525.0,0.0024,0.0
04:07:50,7165.08,7550.0,0.0005,0.0
04:07:50,7165.08,7600.0,0.0006,2.0
04:07:50,7165.08,7700.0,0.0001,0.0
04:07:50,7165.08,7800.0,0.0,1.0
04:07:50,7165.08,8000.0,0.0,2.0
04:07:50,7165.08,8800.0,0.0,2.0
04:07:50,7165.08,9200.0,0.0,1.0
04:24:11,7165.08,4600.0,-0.0,4.0
04:24:11,7165.08,5300.0,-0.0,1.0
04:24:11,7165.08,5400.0,-0.0,3.0
04:24:11,7165.08,5500.0,-0.0,1.0
04:24:11,7165.08,5575.0,-0.0,1.0
04:24:11,7165.08,5625.0,-0.0,1.0
04:24:11,7165.08,5650.0,-0.0,1.0
04:24:11,7165.08,5800.0,-0.0,4.0
04:24:11,7165.08,5900.0,-0.0,3.0
04:24:11,7165.08,6000.0,-0.0,24.0
04:24:11,7165.08,6100.0,-0.0,876.0
04:24:11,7165.08,6110.0,-0.0,105.0
04:24:11,7165.08,6120.0,-0.0,81.0
04:24:11,7165.08,6125.0,-0.0,13.0
04:24:11,7165.08,6130.0,-0.0,3.0
04:24:11,7165.08,6140.0,-0.0,100.0
04:24:11,7165.08,6150.0,-0.0,297.0
04:24:11,7165.08,6160.0,-0.0,85.0
04:24:11,7165.08,6170.0,-0.0,87.0
04:24:11,7165.08,6175.0,-0.0,163.0
04:24:11,7165.08,6180.0,-0.0,10.0
04:24:11,7165.08,6190.0,-0.0,97.0
04:24:11,7165.08,6200.0,-0.0,1177.0
04:24:11,7165.08,6220.0,-0.0,40.0
04:24:11,7165.08,6225.0,-0.0,150.0
04:24:11,7165.08,6230.0,-0.0,302.0
04:24:11,7165.08,6240.0,-0.0,60.0
04:24:11,7165.08,6250.0,-0.0,226.0
04:24:11,7165.08,6260.0,-0.0,200.0
04:24:11,7165.08,6270.0,-0.0,101.0
04:24:11,7165.08,6275.0,-0.0,30.0
04:24:11,7165.08,6280.0,-0.0,20.0
04:24:11,7165.08,6290.0,-0.0,38.0
04:24:11,7165.08,6300.0,-0.0,96.0
04:24:11,7165.08,6310.0,-0.0,161.0
04:24:11,7165.08,6320.0,-0.0,10.0
04:24:11,7165.08,6325.0,-0.0,30.0
04:24:11,7165.08,6330.0,-0.0,196.0
04:24:11,7165.08,6340.0,-0.0,10.0
04:24:11,7165.08,6350.0,-0.0,95.0
04:24:11,7165.08,6360.0,-0.0,58.0
04:24:11,7165.08,6370.0,-0.0,50.0
04:24:11,7165.08,6375.0,-0.0,5.0
04:24:11,7165.08,6380.0,-0.0,44.0
04:24:11,7165.08,6390.0,0.0,11.0
04:24:11,7165.08,6400.0,-0.0,152.0
04:24:11,7165.08,6410.0,-0.0,5.0
04:24:11,7165.08,6420.0,-0.0,14.0
04:24:11,7165.08,6425.0,0.0,52.0
04:24:11,7165.08,6430.0,-0.0,7.0
04:24:11,7165.08,6440.0,-0.0,44.0
04:24:11,7165.08,6450.0,-0.0,1068.0
04:24:11,7165.08,6460.0,-0.0,80.0
04:24:11,7165.08,6470.0,-0.0,8.0
04:24:11,7165.08,6475.0,-0.0,3.0
04:24:11,7165.08,6480.0,-0.0,35.0
04:24:11,7165.08,6485.0,-0.0,8.0
04:24:11,7165.08,6490.0,-0.0,5.0
04:24:11,7165.08,6500.0,-0.0,70.0
04:24:11,7165.08,6505.0,-0.0,100.0
04:24:11,7165.08,6510.0,-0.0,118.0
04:24:11,7165.08,6515.0,-0.0,117.0
04:24:11,7165.08,6520.0,-0.0,29.0
04:24:11,7165.08,6525.0,-0.0,4.0
04:24:11,7165.08,6530.0,-0.0,1.0
04:24:11,7165.08,6535.0,-0.0,64.0
04:24:11,7165.08,6540.0,-0.0,22.0
04:24:11,7165.08,6545.0,-0.0,58.0
04:24:11,7165.08,6555.0,0.0,27.0
04:24:11,7165.08,6560.0,-0.0,15.0
04:24:11,7165.08,6565.0,-0.0,3.0
04:24:11,7165.08,6570.0,0.0,1.0
04:24:11,7165.08,6580.0,-0.0,13.0
04:24:11,7165.08,6585.0,-0.0,48.0
04:24:11,7165.08,6590.0,-0.0,57.0
04:24:11,7165.08,6595.0,-0.0,79.0
04:24:11,7165.08,6600.0,-0.0,4.0
04:24:11,7165.08,6605.0,-0.0,30.0
04:24:11,7165.08,6610.0,-0.0,106.0
04:24:11,7165.08,6615.0,-0.0,95.0
04:24:11,7165.08,6620.0,-0.0,80.0
04:24:11,7165.08,6625.0,0.0,16.0
04:24:11,7165.08,6630.0,-0.0,40.0
04:24:11,7165.08,6635.0,-0.0,137.0
04:24:11,7165.08,6640.0,-0.0,87.0
04:24:11,7165.08,6645.0,-0.0,27.0
04:24:11,7165.08,6650.0,-0.0,3.0
04:24:11,7165.08,6655.0,-0.0,70.0
04:24:11,7165.08,6660.0,-0.0,88.0
04:24:11,7165.08,6665.0,-0.0,6.0
04:24:11,7165.08,6670.0,-0.0,3.0
04:24:11,7165.08,6675.0,0.0,248.0
04:24:11,7165.08,6680.0,-0.0,62.0
04:24:11,7165.08,6685.0,-0.0,287.0
04:24:11,7165.08,6690.0,-0.0002,139.0
04:24:11,7165.08,6695.0,-0.0,31.0
04:24:11,7165.08,6700.0,-0.0014,1429.0
04:24:11,7165.08,6705.0,-0.0001,49.0
04:24:11,7165.08,6710.0,-0.0002,565.0
04:24:11,7165.08,6715.0,-0.0002,161.0
04:24:11,7165.08,6720.0,-0.0004,44.0
04:24:11,7165.08,6725.0,-0.0006,1300.0
04:24:11,7165.08,6730.0,-0.0008,65.0
04:24:11,7165.08,6735.0,-0.0016,56.0
04:24:11,7165.08,6740.0,-0.0022,181.0
04:24:11,7165.08,6745.0,-0.0006,86.0
04:24:11,7165.08,6750.0,-0.0094,3696.0
04:24:11,7165.08,6755.0,-0.0019,153.0
04:24:11,7165.08,6760.0,-0.007,1868.0
04:24:11,7165.08,6765.0,-0.0031,293.0
04:24:11,7165.08,6770.0,-0.0089,136.0
04:24:11,7165.08,6775.0,-0.0042,3448.0
04:24:11,7165.08,6780.0,-0.0111,276.0
04:24:11,7165.08,6785.0,-0.0106,130.0
04:24:11,7165.08,6790.0,-0.0215,220.0
04:24:11,7165.08,6795.0,-0.0608,159.0
04:24:11,7165.08,6800.0,-0.2388,2592.0
04:24:11,7165.08,6805.0,-0.1026,347.0
04:24:11,7165.08,6810.0,-0.0975,704.0
04:24:11,7165.08,6815.0,-0.0214,296.0
04:24:11,7165.08,6820.0,-0.0584,158.0
04:24:11,7165.08,6825.0,-0.0312,1565.0
04:24:11,7165.08,6830.0,-0.0506,188.0
04:24:11,7165.08,6835.0,-0.0602,221.0
04:24:11,7165.08,6840.0,-0.16,1189.0
04:24:11,7165.08,6845.0,-0.2437,4310.0
04:24:11,7165.08,6850.0,-0.8535,4380.0
04:24:11,7165.08,6855.0,-0.413,665.0
04:24:11,7165.08,6860.0,-0.5511,2311.0
04:24:11,7165.08,6865.0,-0.6827,651.0
04:24:11,7165.08,6870.0,-0.2721,406.0
04:24:11,7165.08,6875.0,-0.6819,3584.0
04:24:11,7165.08,6880.0,-1.0618,615.0
04:24:11,7165.08,6885.0,-13.817,6460.0
04:24:11,7165.08,6890.0,-0.825,763.0
04:24:11,7165.08,6895.0,-19.1141,6746.0
04:24:11,7165.08,6900.0,-13.6337,5330.0
04:24:11,7165.08,6905.0,-1.2031,879.0
04:24:11,7165.08,6910.0,-1.4923,1170.0
04:24:11,7165.08,6915.0,-1.2064,2764.0
04:24:11,7165.08,6920.0,-0.7761,1309.0
04:24:11,7165.08,6925.0,-1.0761,1913.0
04:24:11,7165.08,6930.0,-5.7977,2200.0
04:24:11,7165.08,6935.0,-3.2501,1171.0
04:24:11,7165.08,6940.0,-0.6602,1311.0
04:24:11,7165.08,6945.0,-39.9374,7577.0
04:24:11,7165.08,6950.0,-61.6649,7933.0
04:24:11,7165.08,6955.0,-25.4936,1323.0
04:24:11,7165.08,6960.0,-13.141,1606.0
04:24:11,7165.08,6965.0,-6.3978,639.0
04:24:11,7165.08,6970.0,-4.1436,2551.0
04:24:11,7165.08,6975.0,-15.0898,2648.0
04:24:11,7165.08,6980.0,-14.1651,3520.0
04:24:11,7165.08,6985.0,-12.9884,1359.0
04:24:11,7165.08,6990.0,-17.337,2402.0
04:24:11,7165.08,6995.0,-16.4244,1411.0
04:24:11,7165.08,7000.0,-11.9001,8424.0
04:24:11,7165.08,7005.0,-126.529,2413.0
04:24:11,7165.08,7010.0,-3.725,2182.0
04:24:11,7165.08,7015.0,-10.7498,2144.0
04:24:11,7165.08,7020.0,-4.1122,0.0
04:24:11,7165.08,7025.0,-24.5871,2577.0
04:24:11,7165.08,7030.0,44.2324,0.0
04:24:11,7165.08,7035.0,-20.2507,2166.0
04:24:11,7165.08,7040.0,-31.1121,3066.0
04:24:11,7165.08,7045.0,308.3998,2153.0
04:24:11,7165.08,7050.0,-95.5946,0.0
04:24:11,7165.08,7055.0,-195.4224,2409.0
04:24:11,7165.08,7060.0,-41.4304,2660.0
04:24:11,7165.08,7065.0,-15.1002,1801.0
04:24:11,7165.08,7070.0,3.8618,2618.0
04:24:11,7165.08,7075.0,-55.5984,2584.0
04:24:11,7165.08,7080.0,-54.2907,2038.0
04:24:11,7165.08,7085.0,-24.8423,1720.0
04:24:11,7165.08,7090.0,-49.6816,3294.0
04:24:11,7165.08,7095.0,-15.3363,2603.0
04:24:11,7165.08,7100.0,127.8095,10605.0
04:24:11,7165.08,7105.0,18.3136,1584.0
04:24:11,7165.08,7110.0,-24.7531,2004.0
04:24:11,7165.08,7115.0,22.6923,2078.0
04:24:11,7165.08,7120.0,74.7954,3139.0
04:24:11,7165.08,7125.0,1.3871,4954.0
04:24:11,7165.08,7130.0,1432.7542,10251.0
04:24:11,7165.08,7135.0,36.5812,1614.0
04:24:11,7165.08,7140.0,293.1332,3830.0
04:24:11,7165.08,7145.0,40.4458,1444.0
04:24:11,7165.08,7150.0,95.4028,13358.0
04:24:11,7165.08,7155.0,654.3267,6007.0
04:24:11,7165.08,7160.0,1144.1108,0.0
04:24:11,7165.08,7165.0,49.9362,0.0
04:24:11,7165.08,7170.0,215.7644,0.0
04:24:11,7165.08,7175.0,324.0935,4217.0
04:24:11,7165.08,7180.0,122.0941,3557.0
04:24:11,7165.08,7185.0,82.3908,5475.0
04:24:11,7165.08,7190.0,143.775,2664.0
04:24:11,7165.08,7195.0,119.8409,1707.0
04:24:11,7165.08,7200.0,681.2964,10217.0
04:24:11,7165.08,7205.0,84.4635,2317.0
04:24:11,7165.08,7210.0,213.0405,3132.0
04:24:11,7165.08,7215.0,122.7578,4744.0
04:24:11,7165.08,7220.0,216.5669,5854.0
04:24:11,7165.08,7225.0,166.4071,4682.0
04:24:11,7165.08,7230.0,178.4028,3364.0
04:24:11,7165.08,7235.0,70.096,2222.0
04:24:11,7165.08,7240.0,182.226,9386.0
04:24:11,7165.08,7245.0,89.3606,2157.0
04:24:11,7165.08,7250.0,1201.5839,17776.0
04:24:11,7165.08,7255.0,447.6,5766.0
04:24:11,7165.08,7260.0,120.2444,7072.0
04:24:11,7165.08,7265.0,101.798,2732.0
04:24:11,7165.08,7270.0,162.8743,3232.0
04:24:11,7165.08,7275.0,281.902,11901.0
04:24:11,7165.08,7280.0,198.4675,7149.0
04:24:11,7165.08,7285.0,115.1627,1332.0
04:24:11,7165.08,7290.0,104.0849,3242.0
04:24:11,7165.08,7295.0,113.7588,1915.0
04:24:11,7165.08,7300.0,264.9317,8312.0
04:24:11,7165.08,7305.0,18.5105,439.0
04:24:11,7165.08,7310.0,56.9585,738.0
04:24:11,7165.08,7315.0,29.3403,746.0
04:24:11,7165.08,7320.0,72.7014,1218.0
04:24:11,7165.08,7325.0,76.1697,365.0
04:24:11,7165.08,7330.0,57.2859,995.0
04:24:11,7165.08,7335.0,1.292,382.0
04:24:11,7165.08,7340.0,23.7482,2278.0
04:24:11,7165.08,7345.0,0.7576,468.0
04:24:11,7165.08,7350.0,103.4757,6934.0
04:24:11,7165.08,7360.0,9.6398,247.0
04:24:11,7165.08,7370.0,23.323,771.0
04:24:11,7165.08,7375.0,25.4988,10617.0
04:24:11,7165.08,7380.0,12.2254,5152.0
04:24:11,7165.08,7390.0,33.0836,2139.0
04:24:11,7165.08,7400.0,15.4658,4230.0
04:24:11,7165.08,7410.0,0.0095,65.0
04:24:11,7165.08,7425.0,4.2126,194.0
04:24:11,7165.08,7450.0,3.4958,474.0
04:24:11,7165.08,7475.0,0.2361,140.0
04:24:11,7165.08,7500.0,0.1662,296.0
04:24:11,7165.08,7525.0,0.0024,0.0
04:24:11,7165.08,7550.0,0.0005,0.0
04:24:11,7165.08,7600.0,0.0006,2.0
04:24:11,7165.08,7700.0,0.0001,0.0
04:24:11,7165.08,7800.0,0.0,1.0
04:24:11,7165.08,8000.0,0.0,2.0
04:24:11,7165.08,8800.0,0.0,2.0
04:24:11,7165.08,9200.0,0.0,1.0
04:40:37,7165.08,4600.0,-0.0,4.0
04:40:37,7165.08,5300.0,-0.0,1.0
04:40:37,7165.08,5400.0,-0.0,3.0
04:40:37,7165.08,5500.0,-0.0,1.0
04:40:37,7165.08,5575.0,-0.0,1.0
04:40:37,7165.08,5625.0,-0.0,1.0
04:40:37,7165.08,5650.0,-0.0,1.0
04:40:37,7165.08,5800.0,-0.0,4.0
04:40:37,7165.08,5900.0,-0.0,3.0
04:40:37,7165.08,6000.0,-0.0,24.0
04:40:37,7165.08,6100.0,-0.0,876.0
04:40:37,7165.08,6110.0,-0.0,105.0
04:40:37,7165.08,6120.0,-0.0,81.0
04:40:37,7165.08,6125.0,-0.0,13.0
04:40:37,7165.08,6130.0,-0.0,3.0
04:40:37,7165.08,6140.0,-0.0,100.0
04:40:37,7165.08,6150.0,-0.0,297.0
04:40:37,7165.08,6160.0,-0.0,85.0
04:40:37,7165.08,6170.0,-0.0,87.0
04:40:37,7165.08,6175.0,-0.0,163.0
04:40:37,7165.08,6180.0,-0.0,10.0
04:40:37,7165.08,6190.0,-0.0,97.0
04:40:37,7165.08,6200.0,-0.0,1177.0
04:40:37,7165.08,6220.0,-0.0,40.0
04:40:37,7165.08,6225.0,-0.0,150.0
04:40:37,7165.08,6230.0,-0.0,302.0
04:40:37,7165.08,6240.0,-0.0,60.0
04:40:37,7165.08,6250.0,-0.0,226.0
04:40:37,7165.08,6260.0,-0.0,200.0
04:40:37,7165.08,6270.0,-0.0,101.0
04:40:37,7165.08,6275.0,-0.0,30.0
04:40:37,7165.08,6280.0,-0.0,20.0
04:40:37,7165.08,6290.0,-0.0,38.0
04:40:37,7165.08,6300.0,-0.0,96.0
04:40:37,7165.08,6310.0,-0.0,161.0
04:40:37,7165.08,6320.0,-0.0,10.0
04:40:37,7165.08,6325.0,-0.0,30.0
04:40:37,7165.08,6330.0,-0.0,196.0
04:40:37,7165.08,6340.0,-0.0,10.0
04:40:37,7165.08,6350.0,-0.0,95.0
04:40:37,7165.08,6360.0,-0.0,58.0
04:40:37,7165.08,6370.0,-0.0,50.0
04:40:37,7165.08,6375.0,-0.0,5.0
04:40:37,7165.08,6380.0,-0.0,44.0
04:40:37,7165.08,6390.0,0.0,11.0
04:40:37,7165.08,6400.0,-0.0,152.0
04:40:37,7165.08,6410.0,-0.0,5.0
04:40:37,7165.08,6420.0,-0.0,14.0
04:40:37,7165.08,6425.0,0.0,52.0
04:40:37,7165.08,6430.0,-0.0,7.0
04:40:37,7165.08,6440.0,-0.0,44.0
04:40:37,7165.08,6450.0,-0.0,1068.0
04:40:37,7165.08,6460.0,-0.0,80.0
04:40:37,7165.08,6470.0,-0.0,8.0
04:40:37,7165.08,6475.0,-0.0,3.0
04:40:37,7165.08,6480.0,-0.0,35.0
04:40:37,7165.08,6485.0,-0.0,8.0
04:40:37,7165.08,6490.0,-0.0,5.0
04:40:37,7165.08,6500.0,-0.0,70.0
04:40:37,7165.08,6505.0,-0.0,100.0
04:40:37,7165.08,6510.0,-0.0,118.0
04:40:37,7165.08,6515.0,-0.0,117.0
04:40:37,7165.08,6520.0,-0.0,29.0
04:40:37,7165.08,6525.0,-0.0,4.0
04:40:37,7165.08,6530.0,-0.0,1.0
04:40:37,7165.08,6535.0,-0.0,64.0
04:40:37,7165.08,6540.0,-0.0,22.0
04:40:37,7165.08,6545.0,-0.0,58.0
04:40:37,7165.08,6555.0,0.0,27.0
04:40:37,7165.08,6560.0,-0.0,15.0
04:40:37,7165.08,6565.0,-0.0,3.0
04:40:37,7165.08,6570.0,0.0,1.0
04:40:37,7165.08,6580.0,-0.0,13.0
04:40:37,7165.08,6585.0,-0.0,48.0
04:40:37,7165.08,6590.0,-0.0,57.0
04:40:37,7165.08,6595.0,-0.0,79.0
04:40:37,7165.08,6600.0,-0.0,4.0
04:40:37,7165.08,6605.0,-0.0,30.0
04:40:37,7165.08,6610.0,-0.0,106.0
04:40:37,7165.08,6615.0,-0.0,95.0
04:40:37,7165.08,6620.0,-0.0,80.0
04:40:37,7165.08,6625.0,0.0,16.0
04:40:37,7165.08,6630.0,-0.0,40.0
04:40:37,7165.08,6635.0,-0.0,137.0
04:40:37,7165.08,6640.0,-0.0,87.0
04:40:37,7165.08,6645.0,-0.0,27.0
04:40:37,7165.08,6650.0,-0.0,3.0
04:40:37,7165.08,6655.0,-0.0,70.0
04:40:37,7165.08,6660.0,-0.0,88.0
04:40:37,7165.08,6665.0,-0.0,6.0
04:40:37,7165.08,6670.0,-0.0,3.0
04:40:37,7165.08,6675.0,0.0,248.0
04:40:37,7165.08,6680.0,-0.0,62.0
04:40:37,7165.08,6685.0,-0.0,287.0
04:40:37,7165.08,6690.0,-0.0002,139.0
04:40:37,7165.08,6695.0,-0.0,31.0
04:40:37,7165.08,6700.0,-0.0014,1429.0
04:40:37,7165.08,6705.0,-0.0001,49.0
04:40:37,7165.08,6710.0,-0.0002,565.0
04:40:37,7165.08,6715.0,-0.0002,161.0
04:40:37,7165.08,6720.0,-0.0004,44.0
04:40:37,7165.08,6725.0,-0.0006,1300.0
04:40:37,7165.08,6730.0,-0.0008,65.0
04:40:37,7165.08,6735.0,-0.0016,56.0
04:40:37,7165.08,6740.0,-0.0022,181.0
04:40:37,7165.08,6745.0,-0.0006,86.0
04:40:37,7165.08,6750.0,-0.0094,3696.0
04:40:37,7165.08,6755.0,-0.0019,153.0
04:40:37,7165.08,6760.0,-0.007,1868.0
04:40:37,7165.08,6765.0,-0.0031,293.0
04:40:37,7165.08,6770.0,-0.0089,136.0
04:40:37,7165.08,6775.0,-0.0042,3448.0
04:40:37,7165.08,6780.0,-0.0111,276.0
04:40:37,7165.08,6785.0,-0.0106,130.0
04:40:37,7165.08,6790.0,-0.0215,220.0
04:40:37,7165.08,6795.0,-0.0608,159.0
04:40:37,7165.08,6800.0,-0.2388,2592.0
04:40:37,7165.08,6805.0,-0.1026,347.0
04:40:37,7165.08,6810.0,-0.0975,704.0
04:40:37,7165.08,6815.0,-0.0214,296.0
04:40:37,7165.08,6820.0,-0.0584,158.0
04:40:37,7165.08,6825.0,-0.0312,1565.0
04:40:37,7165.08,6830.0,-0.0506,188.0
04:40:37,7165.08,6835.0,-0.0602,221.0
04:40:37,7165.08,6840.0,-0.16,1189.0
04:40:37,7165.08,6845.0,-0.2437,4310.0
04:40:37,7165.08,6850.0,-0.8535,4380.0
04:40:37,7165.08,6855.0,-0.413,665.0
04:40:37,7165.08,6860.0,-0.5511,2311.0
04:40:37,7165.08,6865.0,-0.6827,651.0
04:40:37,7165.08,6870.0,-0.2721,406.0
04:40:37,7165.08,6875.0,-0.6819,3584.0
04:40:37,7165.08,6880.0,-1.0618,615.0
04:40:37,7165.08,6885.0,-13.817,6460.0
04:40:37,7165.08,6890.0,-0.825,763.0
04:40:37,7165.08,6895.0,-19.1141,6746.0
04:40:37,7165.08,6900.0,-13.6337,5330.0
04:40:37,7165.08,6905.0,-1.2031,879.0
04:40:37,7165.08,6910.0,-1.4923,1170.0
04:40:37,7165.08,6915.0,-1.2064,2764.0
04:40:37,7165.08,6920.0,-0.7761,1309.0
04:40:37,7165.08,6925.0,-1.0761,1913.0
04:40:37,7165.08,6930.0,-5.7977,2200.0
04:40:37,7165.08,6935.0,-3.2501,1171.0
04:40:37,7165.08,6940.0,-0.6602,1311.0
04:40:37,7165.08,6945.0,-39.9374,7577.0
04:40:37,7165.08,6950.0,-61.6649,7933.0
04:40:37,7165.08,6955.0,-25.4936,1323.0
04:40:37,7165.08,6960.0,-13.141,1606.0
04:40:37,7165.08,6965.0,-6.3978,639.0
04:40:37,7165.08,6970.0,-4.1436,2551.0
04:40:37,7165.08,6975.0,-15.0898,2648.0
04:40:37,7165.08,6980.0,-14.1651,3520.0
04:40:37,7165.08,6985.0,-12.9884,1359.0
04:40:37,7165.08,6990.0,-17.337,2402.0
04:40:37,7165.08,6995.0,-16.4244,1411.0
04:40:37,7165.08,7000.0,-11.9001,8424.0
04:40:37,7165.08,7005.0,-126.529,2413.0
04:40:37,7165.08,7010.0,-3.725,2182.0
04:40:37,7165.08,7015.0,-10.7498,2144.0
04:40:37,7165.08,7020.0,-4.1122,0.0
04:40:37,7165.08,7025.0,-24.5871,2577.0
04:40:37,7165.08,7030.0,44.2324,0.0
04:40:37,7165.08,7035.0,-20.2507,2166.0
04:40:37,7165.08,7040.0,-31.1121,3066.0
04:40:37,7165.08,7045.0,308.3998,2153.0
04:40:37,7165.08,7050.0,-95.5946,0.0
04:40:37,7165.08,7055.0,-195.4224,2409.0
04:40:37,7165.08,7060.0,-41.4304,2660.0
04:40:37,7165.08,7065.0,-15.1002,1801.0
04:40:37,7165.08,7070.0,3.8618,2618.0
04:40:37,7165.08,7075.0,-55.5984,2584.0
04:40:37,7165.08,7080.0,-54.2907,2038.0
04:40:37,7165.08,7085.0,-24.8423,1720.0
04:40:37,7165.08,7090.0,-49.6816,3294.0
04:40:37,7165.08,7095.0,-15.3363,2603.0
04:40:37,7165.08,7100.0,127.8095,10605.0
04:40:37,7165.08,7105.0,18.3136,1584.0
04:40:37,7165.08,7110.0,-24.7531,2004.0
04:40:37,7165.08,7115.0,22.6923,2078.0
04:40:37,7165.08,7120.0,74.7954,3139.0
04:40:37,7165.08,7125.0,1.3871,4954.0
04:40:37,7165.08,7130.0,1432.7542,10251.0
04:40:37,7165.08,7135.0,36.5812,1614.0
04:40:37,7165.08,7140.0,293.1332,3830.0
04:40:37,7165.08,7145.0,40.4458,1444.0
04:40:37,7165.08,7150.0,95.4028,13358.0
04:40:37,7165.08,7155.0,654.3267,6007.0
04:40:37,7165.08,7160.0,1144.1108,0.0
04:40:37,7165.08,7165.0,49.9362,0.0
04:40:37,7165.08,7170.0,215.7644,0.0
04:40:37,7165.08,7175.0,324.0935,4217.0
04:40:37,7165.08,7180.0,122.0941,3557.0
04:40:37,7165.08,7185.0,82.3908,5475.0
04:40:37,7165.08,7190.0,143.775,2664.0
04:40:37,7165.08,7195.0,119.8409,1707.0
04:40:37,7165.08,7200.0,681.2964,10217.0
04:40:37,7165.08,7205.0,84.4635,2317.0
04:40:37,7165.08,7210.0,213.0405,3132.0
04:40:37,7165.08,7215.0,122.7578,4744.0
04:40:37,7165.08,7220.0,216.5669,5854.0
04:40:37,7165.08,7225.0,166.4071,4682.0
04:40:37,7165.08,7230.0,178.4028,3364.0
04:40:37,7165.08,7235.0,70.096,2222.0
04:40:37,7165.08,7240.0,182.226,9386.0
04:40:37,7165.08,7245.0,89.3606,2157.0
04:40:37,7165.08,7250.0,1201.5839,17776.0
04:40:37,7165.08,7255.0,447.6,5766.0
04:40:37,7165.08,7260.0,120.2444,7072.0
04:40:37,7165.08,7265.0,101.798,2732.0
04:40:37,7165.08,7270.0,162.8743,3232.0
04:40:37,7165.08,7275.0,281.902,11901.0
04:40:37,7165.08,7280.0,198.4675,7149.0
04:40:37,7165.08,7285.0,115.1627,1332.0
04:40:37,7165.08,7290.0,104.0849,3242.0
04:40:37,7165.08,7295.0,113.7588,1915.0
04:40:37,7165.08,7300.0,264.9317,8312.0
04:40:37,7165.08,7305.0,18.5105,439.0
04:40:37,7165.08,7310.0,56.9585,738.0
04:40:37,7165.08,7315.0,29.3403,746.0
04:40:37,7165.08,7320.0,72.7014,1218.0
04:40:37,7165.08,7325.0,76.1697,365.0
04:40:37,7165.08,7330.0,57.2859,995.0
04:40:37,7165.08,7335.0,1.292,382.0
04:40:37,7165.08,7340.0,23.7482,2278.0
04:40:37,7165.08,7345.0,0.7576,468.0
04:40:37,7165.08,7350.0,103.4757,6934.0
04:40:37,7165.08,7360.0,9.6398,247.0
04:40:37,7165.08,7370.0,23.323,771.0
04:40:37,7165.08,7375.0,25.4988,10617.0
04:40:37,7165.08,7380.0,12.2254,5152.0
04:40:37,7165.08,7390.0,33.0836,2139.0
04:40:37,7165.08,7400.0,15.4658,4230.0
04:40:37,7165.08,7410.0,0.0095,65.0
04:40:37,7165.08,7425.0,4.2126,194.0
04:40:37,7165.08,7450.0,3.4958,474.0
04:40:37,7165.08,7475.0,0.2361,140.0
04:40:37,7165.08,7500.0,0.1662,296.0
04:40:37,7165.08,7525.0,0.0024,0.0
04:40:37,7165.08,7550.0,0.0005,0.0
04:40:37,7165.08,7600.0,0.0006,2.0
04:40:37,7165.08,7700.0,0.0001,0.0
04:40:37,7165.08,7800.0,0.0,1.0
04:40:37,7165.08,8000.0,0.0,2.0
04:40:37,7165.08,8800.0,0.0,2.0
04:40:37,7165.08,9200.0,0.0,1.0
04:43:57,7165.08,4600.0,-0.0,4.0
04:43:57,7165.08,5300.0,-0.0,1.0
04:43:57,7165.08,5400.0,-0.0,3.0
04:43:57,7165.08,5500.0,-0.0,1.0
04:43:57,7165.08,5575.0,-0.0,1.0
04:43:57,7165.08,5625.0,-0.0,1.0
04:43:57,7165.08,5650.0,-0.0,1.0
04:43:57,7165.08,5800.0,-0.0,4.0
04:43:57,7165.08,5900.0,-0.0,3.0
04:43:57,7165.08,6000.0,-0.0,24.0
04:43:57,7165.08,6100.0,-0.0,876.0
04:43:57,7165.08,6110.0,-0.0,105.0
04:43:57,7165.08,6120.0,-0.0,81.0
04:43:57,7165.08,6125.0,-0.0,13.0
04:43:57,7165.08,6130.0,-0.0,3.0
04:43:57,7165.08,6140.0,-0.0,100.0
04:43:57,7165.08,6150.0,-0.0,297.0
04:43:57,7165.08,6160.0,-0.0,85.0
04:43:57,7165.08,6170.0,-0.0,87.0
04:43:57,7165.08,6175.0,-0.0,163.0
04:43:57,7165.08,6180.0,-0.0,10.0
04:43:57,7165.08,6190.0,-0.0,97.0
04:43:57,7165.08,6200.0,-0.0,1177.0
04:43:57,7165.08,6220.0,-0.0,40.0
04:43:57,7165.08,6225.0,-0.0,150.0
04:43:57,7165.08,6230.0,-0.0,302.0
04:43:57,7165.08,6240.0,-0.0,60.0
04:43:57,7165.08,6250.0,-0.0,226.0
04:43:57,7165.08,6260.0,-0.0,200.0
04:43:57,7165.08,6270.0,-0.0,101.0
04:43:57,7165.08,6275.0,-0.0,30.0
04:43:57,7165.08,6280.0,-0.0,20.0
04:43:57,7165.08,6290.0,-0.0,38.0
04:43:57,7165.08,6300.0,-0.0,96.0
04:43:57,7165.08,6310.0,-0.0,161.0
04:43:57,7165.08,6320.0,-0.0,10.0
04:43:57,7165.08,6325.0,-0.0,30.0
04:43:57,7165.08,6330.0,-0.0,196.0
04:43:57,7165.08,6340.0,-0.0,10.0
04:43:57,7165.08,6350.0,-0.0,95.0
04:43:57,7165.08,6360.0,-0.0,58.0
04:43:57,7165.08,6370.0,-0.0,50.0
04:43:57,7165.08,6375.0,-0.0,5.0
04:43:57,7165.08,6380.0,-0.0,44.0
04:43:57,7165.08,6390.0,0.0,11.0
04:43:57,7165.08,6400.0,-0.0,152.0
04:43:57,7165.08,6410.0,-0.0,5.0
04:43:57,7165.08,6420.0,-0.0,14.0
04:43:57,7165.08,6425.0,0.0,52.0
04:43:57,7165.08,6430.0,-0.0,7.0
04:43:57,7165.08,6440.0,-0.0,44.0
04:43:57,7165.08,6450.0,-0.0,1068.0
04:43:57,7165.08,6460.0,-0.0,80.0
04:43:57,7165.08,6470.0,-0.0,8.0
04:43:57,7165.08,6475.0,-0.0,3.0
04:43:57,7165.08,6480.0,-0.0,35.0
04:43:57,7165.08,6485.0,-0.0,8.0
04:43:57,7165.08,6490.0,-0.0,5.0
04:43:57,7165.08,6500.0,-0.0,70.0
04:43:57,7165.08,6505.0,-0.0,100.0
04:43:57,7165.08,6510.0,-0.0,118.0
04:43:57,7165.08,6515.0,-0.0,117.0
04:43:57,7165.08,6520.0,-0.0,29.0
04:43:57,7165.08,6525.0,-0.0,4.0
04:43:57,7165.08,6530.0,-0.0,1.0
04:43:57,7165.08,6535.0,-0.0,64.0
04:43:57,7165.08,6540.0,-0.0,22.0
04:43:57,7165.08,6545.0,-0.0,58.0
04:43:57,7165.08,6555.0,0.0,27.0
04:43:57,7165.08,6560.0,-0.0,15.0
04:43:57,7165.08,6565.0,-0.0,3.0
04:43:57,7165.08,6570.0,0.0,1.0
04:43:57,7165.08,6580.0,-0.0,13.0
04:43:57,7165.08,6585.0,-0.0,48.0
04:43:57,7165.08,6590.0,-0.0,57.0
04:43:57,7165.08,6595.0,-0.0,79.0
04:43:57,7165.08,6600.0,-0.0,4.0
04:43:57,7165.08,6605.0,-0.0,30.0
04:43:57,7165.08,6610.0,-0.0,106.0
04:43:57,7165.08,6615.0,-0.0,95.0
04:43:57,7165.08,6620.0,-0.0,80.0
04:43:57,7165.08,6625.0,0.0,16.0
04:43:57,7165.08,6630.0,-0.0,40.0
04:43:57,7165.08,6635.0,-0.0,137.0
04:43:57,7165.08,6640.0,-0.0,87.0
04:43:57,7165.08,6645.0,-0.0,27.0
04:43:57,7165.08,6650.0,-0.0,3.0
04:43:57,7165.08,6655.0,-0.0,70.0
04:43:57,7165.08,6660.0,-0.0,88.0
04:43:57,7165.08,6665.0,-0.0,6.0
04:43:57,7165.08,6670.0,-0.0,3.0
04:43:57,7165.08,6675.0,0.0,248.0
04:43:57,7165.08,6680.0,-0.0,62.0
04:43:57,7165.08,6685.0,-0.0,287.0
04:43:57,7165.08,6690.0,-0.0002,139.0
04:43:57,7165.08,6695.0,-0.0,31.0
04:43:57,7165.08,6700.0,-0.0014,1429.0
04:43:57,7165.08,6705.0,-0.0001,49.0
04:43:57,7165.08,6710.0,-0.0002,565.0
04:43:57,7165.08,6715.0,-0.0002,161.0
04:43:57,7165.08,6720.0,-0.0004,44.0
04:43:57,7165.08,6725.0,-0.0006,1300.0
04:43:57,7165.08,6730.0,-0.0008,65.0
04:43:57,7165.08,6735.0,-0.0016,56.0
04:43:57,7165.08,6740.0,-0.0022,181.0
04:43:57,7165.08,6745.0,-0.0006,86.0
04:43:57,7165.08,6750.0,-0.0094,3696.0
04:43:57,7165.08,6755.0,-0.0019,153.0
04:43:57,7165.08,6760.0,-0.007,1868.0
04:43:57,7165.08,6765.0,-0.0031,293.0
04:43:57,7165.08,6770.0,-0.0089,136.0
04:43:57,7165.08,6775.0,-0.0042,3448.0
04:43:57,7165.08,6780.0,-0.0111,276.0
04:43:57,7165.08,6785.0,-0.0106,130.0
04:43:57,7165.08,6790.0,-0.0215,220.0
04:43:57,7165.08,6795.0,-0.0608,159.0
04:43:57,7165.08,6800.0,-0.2388,2592.0
04:43:57,7165.08,6805.0,-0.1026,347.0
04:43:57,7165.08,6810.0,-0.0975,704.0
04:43:57,7165.08,6815.0,-0.0214,296.0
04:43:57,7165.08,6820.0,-0.0584,158.0
04:43:57,7165.08,6825.0,-0.0312,1565.0
04:43:57,7165.08,6830.0,-0.0506,188.0
04:43:57,7165.08,6835.0,-0.0602,221.0
04:43:57,7165.08,6840.0,-0.16,1189.0
04:43:57,7165.08,6845.0,-0.2437,4310.0
04:43:57,7165.08,6850.0,-0.8535,4380.0
04:43:57,7165.08,6855.0,-0.413,665.0
04:43:57,7165.08,6860.0,-0.5511,2311.0
04:43:57,7165.08,6865.0,-0.6827,651.0
04:43:57,7165.08,6870.0,-0.2721,406.0
04:43:57,7165.08,6875.0,-0.6819,3584.0
04:43:57,7165.08,6880.0,-1.0618,615.0
04:43:57,7165.08,6885.0,-13.817,6460.0
04:43:57,7165.08,6890.0,-0.825,763.0
04:43:57,7165.08,6895.0,-19.1141,6746.0
04:43:57,7165.08,6900.0,-13.6337,5330.0
04:43:57,7165.08,6905.0,-1.2031,879.0
04:43:57,7165.08,6910.0,-1.4923,1170.0
04:43:57,7165.08,6915.0,-1.2064,2764.0
04:43:57,7165.08,6920.0,-0.7761,1309.0
04:43:57,7165.08,6925.0,-1.0761,1913.0
04:43:57,7165.08,6930.0,-5.7977,2200.0
04:43:57,7165.08,6935.0,-3.2501,1171.0
04:43:57,7165.08,6940.0,-0.6602,1311.0
04:43:57,7165.08,6945.0,-39.9374,7577.0
04:43:57,7165.08,6950.0,-61.6649,7933.0
04:43:57,7165.08,6955.0,-25.4936,1323.0
04:43:57,7165.08,6960.0,-13.141,1606.0
04:43:57,7165.08,6965.0,-6.3978,639.0
04:43:57,7165.08,6970.0,-4.1436,2551.0
04:43:57,7165.08,6975.0,-15.0898,2648.0
04:43:57,7165.08,6980.0,-14.1651,3520.0
04:43:57,7165.08,6985.0,-12.9884,1359.0
04:43:57,7165.08,6990.0,-17.337,2455.0
04:43:57,7165.08,6995.0,-16.4244,1411.0
04:43:57,7165.08,7000.0,-11.9001,8424.0
04:43:57,7165.08,7005.0,-126.529,2413.0
04:43:57,7165.08,7010.0,-3.725,2245.0
04:43:57,7165.08,7015.0,-10.7498,2144.0
04:43:57,7165.08,7020.0,-4.1122,0.0
04:43:57,7165.08,7025.0,-24.5871,2577.0
04:43:57,7165.08,7030.0,44.2324,0.0
04:43:57,7165.08,7035.0,-20.2507,2166.0
04:43:57,7165.08,7040.0,-31.1121,3066.0
04:43:57,7165.08,7045.0,308.3998,2153.0
04:43:57,7165.08,7050.0,-95.5946,0.0
04:43:57,7165.08,7055.0,-195.4224,2409.0
04:43:57,7165.08,7060.0,-41.4304,2660.0
04:43:57,7165.08,7065.0,-15.1002,1801.0
04:43:57,7165.08,7070.0,3.8618,2618.0
04:43:57,7165.08,7075.0,-55.5984,2584.0
04:43:57,7165.08,7080.0,-54.2907,2038.0
04:43:57,7165.08,7085.0,-24.8423,1720.0
04:43:57,7165.08,7090.0,-49.6816,3294.0
04:43:57,7165.08,7095.0,-15.3363,2603.0
04:43:57,7165.08,7100.0,127.8095,10605.0
04:43:57,7165.08,7105.0,18.3136,1584.0
04:43:57,7165.08,7110.0,-24.7531,2004.0
04:43:57,7165.08,7115.0,22.6923,2078.0
04:43:57,7165.08,7120.0,74.7954,3139.0
04:43:57,7165.08,7125.0,1.3871,4954.0
04:43:57,7165.08,7130.0,1432.7542,10251.0
04:43:57,7165.08,7135.0,36.5812,1614.0
04:43:57,7165.08,7140.0,293.1332,3830.0
04:43:57,7165.08,7145.0,40.4458,1444.0
04:43:57,7165.08,7150.0,95.4028,13358.0
04:43:57,7165.08,7155.0,654.3267,6007.0
04:43:57,7165.08,7160.0,1144.1108,0.0
04:43:57,7165.08,7165.0,49.9362,0.0
04:43:57,7165.08,7170.0,215.7644,0.0
04:43:57,7165.08,7175.0,324.0935,4217.0
04:43:57,7165.08,7180.0,122.0941,3557.0
04:43:57,7165.08,7185.0,82.3908,5475.0
04:43:57,7165.08,7190.0,143.775,2664.0
04:43:57,7165.08,7195.0,119.8409,1707.0
04:43:57,7165.08,7200.0,681.2964,10217.0
04:43:57,7165.08,7205.0,84.4635,2317.0
04:43:57,7165.08,7210.0,213.0405,3132.0
04:43:57,7165.08,7215.0,122.7578,4744.0
04:43:57,7165.08,7220.0,216.5669,5854.0
04:43:57,7165.08,7225.0,166.4071,4682.0
04:43:57,7165.08,7230.0,178.4028,3364.0
04:43:57,7165.08,7235.0,70.096,2222.0
04:43:57,7165.08,7240.0,182.226,9386.0
04:43:57,7165.08,7245.0,89.3606,2157.0
04:43:57,7165.08,7250.0,1201.5839,17776.0
04:43:57,7165.08,7255.0,447.6,5766.0
04:43:57,7165.08,7260.0,120.2444,7072.0
04:43:57,7165.08,7265.0,101.798,2732.0
04:43:57,7165.08,7270.0,162.8743,3232.0
04:43:57,7165.08,7275.0,281.902,11901.0
04:43:57,7165.08,7280.0,198.4675,7149.0
04:43:57,7165.08,7285.0,115.1627,1332.0
04:43:57,7165.08,7290.0,104.0849,3242.0
04:43:57,7165.08,7295.0,113.7588,1915.0
04:43:57,7165.08,7300.0,264.9317,8312.0
04:43:57,7165.08,7305.0,18.5105,439.0
04:43:57,7165.08,7310.0,56.9585,738.0
04:43:57,7165.08,7315.0,29.3403,746.0
04:43:57,7165.08,7320.0,72.7014,1218.0
04:43:57,7165.08,7325.0,76.1697,365.0
04:43:57,7165.08,7330.0,57.2859,995.0
04:43:57,7165.08,7335.0,1.292,382.0
04:43:57,7165.08,7340.0,23.7482,2278.0
04:43:57,7165.08,7345.0,0.7576,468.0
04:43:57,7165.08,7350.0,103.4757,6934.0
04:43:57,7165.08,7360.0,9.6398,247.0
04:43:57,7165.08,7370.0,23.323,771.0
04:43:57,7165.08,7375.0,25.4988,10617.0
04:43:57,7165.08,7380.0,12.2254,5152.0
04:43:57,7165.08,7390.0,33.0836,2139.0
04:43:57,7165.08,7400.0,15.4658,4230.0
04:43:57,7165.08,7410.0,0.0095,65.0
04:43:57,7165.08,7425.0,4.2126,194.0
04:43:57,7165.08,7450.0,3.4958,474.0
04:43:57,7165.08,7475.0,0.2361,140.0
04:43:57,7165.08,7500.0,0.1662,296.0
04:43:57,7165.08,7525.0,0.0024,0.0
04:43:57,7165.08,7550.0,0.0005,0.0
04:43:57,7165.08,7600.0,0.0006,2.0
04:43:57,7165.08,7700.0,0.0001,0.0
04:43:57,7165.08,7800.0,0.0,1.0
04:43:57,7165.08,8000.0,0.0,2.0
04:43:57,7165.08,8800.0,0.0,2.0
04:43:57,7165.08,9200.0,0.0,1.0
05:01:14,7165.08,4600.0,-0.0,4.0
05:01:14,7165.08,5300.0,-0.0,1.0
05:01:14,7165.08,5400.0,-0.0,3.0
05:01:14,7165.08,5500.0,-0.0,1.0
05:01:14,7165.08,5575.0,-0.0,1.0
05:01:14,7165.08,5625.0,-0.0,1.0
05:01:14,7165.08,5650.0,-0.0,1.0
05:01:14,7165.08,5800.0,-0.0,4.0
05:01:14,7165.08,5900.0,-0.0,3.0
05:01:14,7165.08,6000.0,-0.0,24.0
05:01:14,7165.08,6100.0,-0.0,876.0
05:01:14,7165.08,6110.0,-0.0,105.0
05:01:14,7165.08,6120.0,-0.0,81.0
05:01:14,7165.08,6125.0,-0.0,13.0
05:01:14,7165.08,6130.0,-0.0,3.0
05:01:14,7165.08,6140.0,-0.0,100.0
05:01:14,7165.08,6150.0,-0.0,297.0
05:01:14,7165.08,6160.0,-0.0,85.0
05:01:14,7165.08,6170.0,-0.0,87.0
05:01:14,7165.08,6175.0,-0.0,163.0
05:01:14,7165.08,6180.0,-0.0,10.0
05:01:14,7165.08,6190.0,-0.0,97.0
05:01:14,7165.08,6200.0,-0.0,1177.0
05:01:14,7165.08,6220.0,-0.0,40.0
05:01:14,7165.08,6225.0,-0.0,150.0
05:01:14,7165.08,6230.0,-0.0,302.0
05:01:14,7165.08,6240.0,-0.0,60.0
05:01:14,7165.08,6250.0,-0.0,226.0
05:01:14,7165.08,6260.0,-0.0,200.0
05:01:14,7165.08,6270.0,-0.0,101.0
05:01:14,7165.08,6275.0,-0.0,30.0
05:01:14,7165.08,6280.0,-0.0,20.0
05:01:14,7165.08,6290.0,-0.0,38.0
05:01:14,7165.08,6300.0,-0.0,96.0
05:01:14,7165.08,6310.0,-0.0,161.0
05:01:14,7165.08,6320.0,-0.0,10.0
05:01:14,7165.08,6325.0,-0.0,30.0
05:01:14,7165.08,6330.0,-0.0,196.0
05:01:14,7165.08,6340.0,-0.0,10.0
05:01:14,7165.08,6350.0,-0.0,95.0
05:01:14,7165.08,6360.0,-0.0,58.0
05:01:14,7165.08,6370.0,-0.0,50.0
05:01:14,7165.08,6375.0,-0.0,5.0
05:01:14,7165.08,6380.0,-0.0,44.0
05:01:14,7165.08,6390.0,0.0,11.0
05:01:14,7165.08,6400.0,-0.0,152.0
05:01:14,7165.08,6410.0,-0.0,5.0
05:01:14,7165.08,6420.0,-0.0,14.0
05:01:14,7165.08,6425.0,0.0,52.0
05:01:14,7165.08,6430.0,-0.0,7.0
05:01:14,7165.08,6440.0,-0.0,44.0
05:01:14,7165.08,6450.0,-0.0,1068.0
05:01:14,7165.08,6460.0,-0.0,80.0
05:01:14,7165.08,6470.0,-0.0,8.0
05:01:14,7165.08,6475.0,-0.0,3.0
05:01:14,7165.08,6480.0,-0.0,35.0
05:01:14,7165.08,6485.0,-0.0,8.0
05:01:14,7165.08,6490.0,-0.0,5.0
05:01:14,7165.08,6500.0,-0.0,70.0
05:01:14,7165.08,6505.0,-0.0,100.0
05:01:14,7165.08,6510.0,-0.0,118.0
05:01:14,7165.08,6515.0,-0.0,117.0
05:01:14,7165.08,6520.0,-0.0,29.0
05:01:14,7165.08,6525.0,-0.0,4.0
05:01:14,7165.08,6530.0,-0.0,1.0
05:01:14,7165.08,6535.0,-0.0,64.0
05:01:14,7165.08,6540.0,-0.0,22.0
05:01:14,7165.08,6545.0,-0.0,58.0
05:01:14,7165.08,6555.0,0.0,27.0
05:01:14,7165.08,6560.0,-0.0,15.0
05:01:14,7165.08,6565.0,-0.0,3.0
05:01:14,7165.08,6570.0,0.0,1.0
05:01:14,7165.08,6580.0,-0.0,13.0
05:01:14,7165.08,6585.0,-0.0,48.0
05:01:14,7165.08,6590.0,-0.0,57.0
05:01:14,7165.08,6595.0,-0.0,79.0
05:01:14,7165.08,6600.0,-0.0,4.0
05:01:14,7165.08,6605.0,-0.0,30.0
05:01:14,7165.08,6610.0,-0.0,106.0
05:01:14,7165.08,6615.0,-0.0,95.0
05:01:14,7165.08,6620.0,-0.0,80.0
05:01:14,7165.08,6625.0,0.0,16.0
05:01:14,7165.08,6630.0,-0.0,40.0
05:01:14,7165.08,6635.0,-0.0,137.0
05:01:14,7165.08,6640.0,-0.0,87.0
05:01:14,7165.08,6645.0,-0.0,27.0
05:01:14,7165.08,6650.0,-0.0,3.0
05:01:14,7165.08,6655.0,-0.0,70.0
05:01:14,7165.08,6660.0,-0.0,88.0
05:01:14,7165.08,6665.0,-0.0,6.0
05:01:14,7165.08,6670.0,-0.0,3.0
05:01:14,7165.08,6675.0,0.0,248.0
05:01:14,7165.08,6680.0,-0.0,62.0
05:01:14,7165.08,6685.0,-0.0,287.0
05:01:14,7165.08,6690.0,-0.0002,139.0
05:01:14,7165.08,6695.0,-0.0,31.0
05:01:14,7165.08,6700.0,-0.0014,1429.0
05:01:14,7165.08,6705.0,-0.0001,49.0
05:01:14,7165.08,6710.0,-0.0002,565.0
05:01:14,7165.08,6715.0,-0.0002,161.0
05:01:14,7165.08,6720.0,-0.0004,44.0
05:01:14,7165.08,6725.0,-0.0006,1300.0
05:01:14,7165.08,6730.0,-0.0008,65.0
05:01:14,7165.08,6735.0,-0.0016,56.0
05:01:14,7165.08,6740.0,-0.0022,181.0
05:01:14,7165.08,6745.0,-0.0006,86.0
05:01:14,7165.08,6750.0,-0.0094,3696.0
05:01:14,7165.08,6755.0,-0.0019,153.0
05:01:14,7165.08,6760.0,-0.007,1868.0
05:01:14,7165.08,6765.0,-0.0031,293.0
05:01:14,7165.08,6770.0,-0.0089,136.0
05:01:14,7165.08,6775.0,-0.0042,3448.0
05:01:14,7165.08,6780.0,-0.0111,276.0
05:01:14,7165.08,6785.0,-0.0106,130.0
05:01:14,7165.08,6790.0,-0.0215,220.0
05:01:14,7165.08,6795.0,-0.0608,159.0
05:01:14,7165.08,6800.0,-0.2388,2592.0
05:01:14,7165.08,6805.0,-0.1026,347.0
05:01:14,7165.08,6810.0,-0.0975,704.0
05:01:14,7165.08,6815.0,-0.0214,296.0
05:01:14,7165.08,6820.0,-0.0584,158.0
05:01:14,7165.08,6825.0,-0.0312,1565.0
05:01:14,7165.08,6830.0,-0.0506,188.0
05:01:14,7165.08,6835.0,-0.0602,221.0
05:01:14,7165.08,6840.0,-0.16,1189.0
05:01:14,7165.08,6845.0,-0.2437,4310.0
05:01:14,7165.08,6850.0,-0.8535,4380.0
05:01:14,7165.08,6855.0,-0.413,665.0
05:01:14,7165.08,6860.0,-0.5511,2311.0
05:01:14,7165.08,6865.0,-0.6827,651.0
05:01:14,7165.08,6870.0,-0.2721,406.0
05:01:14,7165.08,6875.0,-0.6819,3584.0
05:01:14,7165.08,6880.0,-1.0618,615.0
05:01:14,7165.08,6885.0,-13.817,6460.0
05:01:14,7165.08,6890.0,-0.825,763.0
05:01:14,7165.08,6895.0,-19.1141,6746.0
05:01:14,7165.08,6900.0,-13.6337,5330.0
05:01:14,7165.08,6905.0,-1.2031,879.0
05:01:14,7165.08,6910.0,-1.4923,1170.0
05:01:14,7165.08,6915.0,-1.2064,2764.0
05:01:14,7165.08,6920.0,-0.7761,1309.0
05:01:14,7165.08,6925.0,-1.0761,1913.0
05:01:14,7165.08,6930.0,-5.7977,2200.0
05:01:14,7165.08,6935.0,-3.2501,1171.0
05:01:14,7165.08,6940.0,-0.6602,1311.0
05:01:14,7165.08,6945.0,-39.9374,7577.0
05:01:14,7165.08,6950.0,-61.6649,7933.0
05:01:14,7165.08,6955.0,-25.4936,1323.0
05:01:14,7165.08,6960.0,-13.141,1606.0
05:01:14,7165.08,6965.0,-6.3978,639.0
05:01:14,7165.08,6970.0,-4.1436,2551.0
05:01:14,7165.08,6975.0,-15.0898,2648.0
05:01:14,7165.08,6980.0,-14.1651,3520.0
05:01:14,7165.08,6985.0,-12.9884,1359.0
05:01:14,7165.08,6990.0,-17.337,2455.0
05:01:14,7165.08,6995.0,-16.4244,1411.0
05:01:14,7165.08,7000.0,-11.9001,8424.0
05:01:14,7165.08,7005.0,-126.529,2413.0
05:01:14,7165.08,7010.0,-3.725,2245.0
05:01:14,7165.08,7015.0,-10.7498,2144.0
05:01:14,7165.08,7020.0,-4.1122,2632.0
05:01:14,7165.08,7025.0,-24.5871,2577.0
05:01:14,7165.08,7030.0,44.2324,2820.0
05:01:14,7165.08,7035.0,-20.2507,2166.0
05:01:14,7165.08,7040.0,-31.1121,3066.0
05:01:14,7165.08,7045.0,308.3998,2153.0
05:01:14,7165.08,7050.0,-95.5946,9217.0
05:01:14,7165.08,7055.0,-195.4224,2409.0
05:01:14,7165.08,7060.0,-41.4304,2660.0
05:01:14,7165.08,7065.0,-15.1002,1801.0
05:01:14,7165.08,7070.0,3.8618,2618.0
05:01:14,7165.08,7075.0,-55.5984,2584.0
05:01:14,7165.08,7080.0,-54.2907,2038.0
05:01:14,7165.08,7085.0,-24.8423,1720.0
05:01:14,7165.08,7090.0,-49.6816,3294.0
05:01:14,7165.08,7095.0,-15.3363,2603.0
05:01:14,7165.08,7100.0,127.8095,10605.0
05:01:14,7165.08,7105.0,18.3136,1584.0
05:01:14,7165.08,7110.0,-24.7531,2004.0
05:01:14,7165.08,7115.0,22.6923,2078.0
05:01:14,7165.08,7120.0,74.7954,3139.0
05:01:14,7165.08,7125.0,1.3871,4954.0
05:01:14,7165.08,7130.0,1432.7542,10251.0
05:01:14,7165.08,7135.0,36.5812,1614.0
05:01:14,7165.08,7140.0,293.1332,3830.0
05:01:14,7165.08,7145.0,40.4458,1444.0
05:01:14,7165.08,7150.0,95.4028,13358.0
05:01:14,7165.08,7155.0,654.3267,6007.0
05:01:14,7165.08,7160.0,1144.1108,14943.0
05:01:14,7165.08,7165.0,49.9362,7850.0
05:01:14,7165.08,7170.0,215.7644,9019.0
05:01:14,7165.08,7175.0,324.0935,4217.0
05:01:14,7165.08,7180.0,122.0941,3557.0
05:01:14,7165.08,7185.0,82.3908,5475.0
05:01:14,7165.08,7190.0,143.775,2664.0
05:01:14,7165.08,7195.0,119.8409,1707.0
05:01:14,7165.08,7200.0,681.2964,10217.0
05:01:14,7165.08,7205.0,84.4635,2317.0
05:01:14,7165.08,7210.0,213.0405,3132.0
05:01:14,7165.08,7215.0,122.7578,4744.0
05:01:14,7165.08,7220.0,216.5669,5854.0
05:01:14,7165.08,7225.0,166.4071,4682.0
05:01:14,7165.08,7230.0,178.4028,3364.0
05:01:14,7165.08,7235.0,70.096,2222.0
05:01:14,7165.08,7240.0,182.226,9386.0
05:01:14,7165.08,7245.0,89.3606,2157.0
05:01:14,7165.08,7250.0,1201.5839,17776.0
05:01:14,7165.08,7255.0,447.6,5766.0
05:01:14,7165.08,7260.0,120.2444,7072.0
05:01:14,7165.08,7265.0,101.798,2732.0
05:01:14,7165.08,7270.0,162.8743,3232.0
05:01:14,7165.08,7275.0,281.902,11901.0
05:01:14,7165.08,7280.0,198.4675,7149.0
05:01:14,7165.08,7285.0,115.1627,1332.0
05:01:14,7165.08,7290.0,104.0849,3242.0
05:01:14,7165.08,7295.0,113.7588,1915.0
05:01:14,7165.08,7300.0,264.9317,8312.0
05:01:14,7165.08,7305.0,18.5105,439.0
05:01:14,7165.08,7310.0,56.9585,738.0
05:01:14,7165.08,7315.0,29.3403,746.0
05:01:14,7165.08,7320.0,72.7014,1218.0
05:01:14,7165.08,7325.0,76.1697,365.0
05:01:14,7165.08,7330.0,57.2859,995.0
05:01:14,7165.08,7335.0,1.292,382.0
05:01:14,7165.08,7340.0,23.7482,2278.0
05:01:14,7165.08,7345.0,0.7576,468.0
05:01:14,7165.08,7350.0,103.4757,6934.0
05:01:14,7165.08,7360.0,9.6398,247.0
05:01:14,7165.08,7370.0,23.323,771.0
05:01:14,7165.08,7375.0,25.4988,10617.0
05:01:14,7165.08,7380.0,12.2254,5152.0
05:01:14,7165.08,7390.0,33.0836,2139.0
05:01:14,7165.08,7400.0,15.4658,4230.0
05:01:14,7165.08,7410.0,0.0095,65.0
05:01:14,7165.08,7425.0,4.2126,194.0
05:01:14,7165.08,7450.0,3.4958,474.0
05:01:14,7165.08,7475.0,0.2361,140.0
05:01:14,7165.08,7500.0,0.1662,296.0
05:01:14,7165.08,7525.0,0.0024,0.0
05:01:14,7165.08,7550.0,0.0005,0.0
05:01:14,7165.08,7600.0,0.0006,2.0
05:01:14,7165.08,7700.0,0.0001,0.0
05:01:14,7165.08,7800.0,0.0,1.0
05:01:14,7165.08,8000.0,0.0,2.0
05:01:14,7165.08,8800.0,0.0,2.0
05:01:14,7165.08,9200.0,0.0,1.0
05:17:07,7165.08,4600.0,-0.0,4.0
05:17:07,7165.08,5300.0,-0.0,1.0
05:17:07,7165.08,5400.0,-0.0,3.0
05:17:07,7165.08,5500.0,-0.0,1.0
05:17:07,7165.08,5575.0,-0.0,1.0
05:17:07,7165.08,5625.0,-0.0,1.0
05:17:07,7165.08,5650.0,-0.0,1.0
05:17:07,7165.08,5800.0,-0.0,4.0
05:17:07,7165.08,5900.0,-0.0,3.0
05:17:07,7165.08,6000.0,-0.0,24.0
05:17:07,7165.08,6100.0,-0.0,876.0
05:17:07,7165.08,6110.0,-0.0,105.0
05:17:07,7165.08,6120.0,-0.0,81.0
05:17:07,7165.08,6125.0,-0.0,13.0
05:17:07,7165.08,6130.0,-0.0,3.0
05:17:07,7165.08,6140.0,-0.0,100.0
05:17:07,7165.08,6150.0,-0.0,297.0
05:17:07,7165.08,6160.0,-0.0,85.0
05:17:07,7165.08,6170.0,-0.0,87.0
05:17:07,7165.08,6175.0,-0.0,163.0
05:17:07,7165.08,6180.0,-0.0,10.0
05:17:07,7165.08,6190.0,-0.0,97.0
05:17:07,7165.08,6200.0,-0.0,1177.0
05:17:07,7165.08,6220.0,-0.0,40.0
05:17:07,7165.08,6225.0,-0.0,150.0
05:17:07,7165.08,6230.0,-0.0,302.0
05:17:07,7165.08,6240.0,-0.0,60.0
05:17:07,7165.08,6250.0,-0.0,226.0
05:17:07,7165.08,6260.0,-0.0,200.0
05:17:07,7165.08,6270.0,-0.0,101.0
05:17:07,7165.08,6275.0,-0.0,30.0
05:17:07,7165.08,6280.0,-0.0,20.0
05:17:07,7165.08,6290.0,-0.0,38.0
05:17:07,7165.08,6300.0,-0.0,96.0
05:17:07,7165.08,6310.0,-0.0,161.0
05:17:07,7165.08,6320.0,-0.0,10.0
05:17:07,7165.08,6325.0,-0.0,30.0
05:17:07,7165.08,6330.0,-0.0,196.0
05:17:07,7165.08,6340.0,-0.0,10.0
05:17:07,7165.08,6350.0,-0.0,95.0
05:17:07,7165.08,6360.0,-0.0,58.0
05:17:07,7165.08,6370.0,-0.0,50.0
05:17:07,7165.08,6375.0,-0.0,5.0
05:17:07,7165.08,6380.0,-0.0,44.0
05:17:07,7165.08,6390.0,0.0,11.0
05:17:07,7165.08,6400.0,-0.0,152.0
05:17:07,7165.08,6410.0,-0.0,5.0
05:17:07,7165.08,6420.0,-0.0,14.0
05:17:07,7165.08,6425.0,0.0,52.0
05:17:07,7165.08,6430.0,-0.0,7.0
05:17:07,7165.08,6440.0,-0.0,44.0
05:17:07,7165.08,6450.0,-0.0,1068.0
05:17:07,7165.08,6460.0,-0.0,80.0
05:17:07,7165.08,6470.0,-0.0,8.0
05:17:07,7165.08,6475.0,-0.0,3.0
05:17:07,7165.08,6480.0,-0.0,35.0
05:17:07,7165.08,6485.0,-0.0,8.0
05:17:07,7165.08,6490.0,-0.0,5.0
05:17:07,7165.08,6500.0,-0.0,70.0
05:17:07,7165.08,6505.0,-0.0,100.0
05:17:07,7165.08,6510.0,-0.0,118.0
05:17:07,7165.08,6515.0,-0.0,117.0
05:17:07,7165.08,6520.0,-0.0,29.0
05:17:07,7165.08,6525.0,-0.0,4.0
05:17:07,7165.08,6530.0,-0.0,1.0
05:17:07,7165.08,6535.0,-0.0,64.0
05:17:07,7165.08,6540.0,-0.0,22.0
05:17:07,7165.08,6545.0,-0.0,58.0
05:17:07,7165.08,6555.0,0.0,27.0
05:17:07,7165.08,6560.0,-0.0,15.0
05:17:07,7165.08,6565.0,-0.0,3.0
05:17:07,7165.08,6570.0,0.0,1.0
05:17:07,7165.08,6580.0,-0.0,13.0
05:17:07,7165.08,6585.0,-0.0,48.0
05:17:07,7165.08,6590.0,-0.0,57.0
05:17:07,7165.08,6595.0,-0.0,79.0
05:17:07,7165.08,6600.0,-0.0,4.0
05:17:07,7165.08,6605.0,-0.0,30.0
05:17:07,7165.08,6610.0,-0.0,106.0
05:17:07,7165.08,6615.0,-0.0,95.0
05:17:07,7165.08,6620.0,-0.0,80.0
05:17:07,7165.08,6625.0,0.0,16.0
05:17:07,7165.08,6630.0,-0.0,40.0
05:17:07,7165.08,6635.0,-0.0,137.0
05:17:07,7165.08,6640.0,-0.0,87.0
05:17:07,7165.08,6645.0,-0.0,27.0
05:17:07,7165.08,6650.0,-0.0,3.0
05:17:07,7165.08,6655.0,-0.0,70.0
05:17:07,7165.08,6660.0,-0.0,88.0
05:17:07,7165.08,6665.0,-0.0,6.0
05:17:07,7165.08,6670.0,-0.0,3.0
05:17:07,7165.08,6675.0,0.0,248.0
05:17:07,7165.08,6680.0,-0.0,62.0
05:17:07,7165.08,6685.0,-0.0,287.0
05:17:07,7165.08,6690.0,-0.0002,139.0
05:17:07,7165.08,6695.0,-0.0,31.0
05:17:07,7165.08,6700.0,-0.0014,1429.0
05:17:07,7165.08,6705.0,-0.0001,49.0
05:17:07,7165.08,6710.0,-0.0002,565.0
05:17:07,7165.08,6715.0,-0.0002,161.0
05:17:07,7165.08,6720.0,-0.0004,44.0
05:17:07,7165.08,6725.0,-0.0006,1300.0
05:17:07,7165.08,6730.0,-0.0008,63.0
05:17:07,7165.08,6735.0,-0.0016,56.0
05:17:07,7165.08,6740.0,-0.0022,181.0
05:17:07,7165.08,6745.0,-0.0006,86.0
05:17:07,7165.08,6750.0,-0.0094,3696.0
05:17:07,7165.08,6755.0,-0.0019,153.0
05:17:07,7165.08,6760.0,-0.007,1867.0
05:17:07,7165.08,6765.0,-0.0031,293.0
05:17:07,7165.08,6770.0,-0.0089,136.0
05:17:07,7165.08,6775.0,-0.0042,3448.0
05:17:07,7165.08,6780.0,-0.0111,276.0
05:17:07,7165.08,6785.0,-0.0106,130.0
05:17:07,7165.08,6790.0,-0.0215,194.0
05:17:07,7165.08,6795.0,-0.0608,159.0
05:17:07,7165.08,6800.0,-0.2388,2592.0
05:17:07,7165.08,6805.0,-0.1026,347.0
05:17:07,7165.08,6810.0,-0.0975,704.0
05:17:07,7165.08,6815.0,-0.0214,296.0
05:17:07,7165.08,6820.0,-0.0584,158.0
05:17:07,7165.08,6825.0,-0.0312,1565.0
05:17:07,7165.08,6830.0,-0.0506,188.0
05:17:07,7165.08,6835.0,-0.0602,221.0
05:17:07,7165.08,6840.0,-0.16,1189.0
05:17:07,7165.08,6845.0,-0.2437,4310.0
05:17:07,7165.08,6850.0,-0.8535,4335.0
05:17:07,7165.08,6855.0,-0.413,665.0
05:17:07,7165.08,6860.0,-0.5511,0.0
05:17:07,7165.08,6865.0,-0.6827,0.0
05:17:07,7165.08,6870.0,-0.2721,0.0
05:17:07,7165.08,6875.0,-0.6819,0.0
05:17:07,7165.08,6880.0,-1.0618,0.0
05:17:07,7165.08,6885.0,-13.817,3.0
05:17:07,7165.08,6890.0,-0.825,0.0
05:17:07,7165.08,6895.0,-19.1141,13.0
05:17:07,7165.08,6900.0,-13.6337,0.0
05:17:07,7165.08,6905.0,-1.2031,0.0
05:17:07,7165.08,6910.0,-1.4923,0.0
05:17:07,7165.08,6915.0,-1.2064,82.0
05:17:07,7165.08,6920.0,-0.7761,91.0
05:17:07,7165.08,6925.0,-1.0761,791.0
05:17:07,7165.08,6930.0,-5.7977,0.0
05:17:07,7165.08,6935.0,-3.2501,0.0
05:17:07,7165.08,6940.0,-0.6602,0.0
05:17:07,7165.08,6945.0,-39.9374,0.0
05:17:07,7165.08,6950.0,-61.6649,117.0
05:17:07,7165.08,6955.0,-25.4936,0.0
05:17:07,7165.08,6960.0,-13.141,0.0
05:17:07,7165.08,6965.0,-6.3978,0.0
05:17:07,7165.08,6970.0,-4.1436,0.0
05:17:07,7165.08,6975.0,-15.0898,2648.0
05:17:07,7165.08,6980.0,-14.1651,0.0
05:17:07,7165.08,6985.0,-12.9884,32.0
05:17:07,7165.08,6990.0,-17.337,0.0
05:17:07,7165.08,6995.0,-16.4244,0.0
05:17:07,7165.08,7000.0,-11.9001,0.0
05:17:07,7165.08,7005.0,-126.529,0.0
05:17:07,7165.08,7010.0,-3.725,0.0
05:17:07,7165.08,7015.0,-10.7498,0.0
05:17:07,7165.08,7020.0,-4.1122,0.0
05:17:07,7165.08,7025.0,-24.5871,0.0
05:17:07,7165.08,7030.0,44.2324,0.0
05:17:07,7165.08,7035.0,-20.2507,0.0
05:17:07,7165.08,7040.0,-31.1121,0.0
05:17:07,7165.08,7045.0,308.3998,0.0
05:17:07,7165.08,7050.0,-95.5946,0.0
05:17:07,7165.08,7055.0,-195.4224,0.0
05:17:07,7165.08,7060.0,-41.4304,0.0
05:17:07,7165.08,7065.0,-15.1002,0.0
05:17:07,7165.08,7070.0,3.8618,0.0
05:17:07,7165.08,7075.0,-55.5984,0.0
05:17:07,7165.08,7080.0,-54.2907,0.0
05:17:07,7165.08,7085.0,-24.8423,0.0
05:17:07,7165.08,7090.0,-49.6816,0.0
05:17:07,7165.08,7095.0,-15.3363,0.0
05:17:07,7165.08,7100.0,127.8095,10605.0
05:17:07,7165.08,7105.0,18.3136,0.0
05:17:07,7165.08,7110.0,-24.7531,0.0
05:17:07,7165.08,7115.0,22.6923,0.0
05:17:07,7165.08,7120.0,74.7954,0.0
05:17:07,7165.08,7125.0,1.3871,0.0
05:17:07,7165.08,7130.0,1432.7542,0.0
05:17:07,7165.08,7135.0,36.5812,0.0
05:17:07,7165.08,7140.0,293.1332,0.0
05:17:07,7165.08,7145.0,40.4458,0.0
05:17:07,7165.08,7150.0,95.4028,0.0
05:17:07,7165.08,7155.0,654.3267,0.0
05:17:07,7165.08,7160.0,1144.1108,14947.0
05:17:07,7165.08,7165.0,49.9362,7851.0
05:17:07,7165.08,7170.0,215.7644,9019.0
05:17:07,7165.08,7175.0,324.0935,0.0
05:17:07,7165.08,7180.0,122.0941,0.0
05:17:07,7165.08,7185.0,82.3908,0.0
05:17:07,7165.08,7190.0,143.775,0.0
05:17:07,7165.08,7195.0,119.8409,0.0
05:17:07,7165.08,7200.0,681.2964,10217.0
05:17:07,7165.08,7205.0,84.4635,0.0
05:17:07,7165.08,7210.0,213.0405,0.0
05:17:07,7165.08,7215.0,122.7578,0.0
05:17:07,7165.08,7220.0,216.5669,0.0
05:17:07,7165.08,7225.0,166.4071,4682.0
05:17:07,7165.08,7230.0,178.4028,0.0
05:17:07,7165.08,7235.0,70.096,0.0
05:17:07,7165.08,7240.0,182.226,0.0
05:17:07,7165.08,7245.0,89.3606,0.0
05:17:07,7165.08,7250.0,1201.5839,0.0
05:17:07,7165.08,7255.0,447.6,0.0
05:17:07,7165.08,7260.0,120.2444,0.0
05:17:07,7165.08,7265.0,101.798,0.0
05:17:07,7165.08,7270.0,162.8743,0.0
05:17:07,7165.08,7275.0,281.902,0.0
05:17:07,7165.08,7280.0,198.4675,0.0
05:17:07,7165.08,7285.0,115.1627,1332.0
05:17:07,7165.08,7290.0,104.0849,0.0
05:17:07,7165.08,7295.0,113.7588,1915.0
05:17:07,7165.08,7300.0,264.9317,0.0
05:17:07,7165.08,7305.0,18.5105,439.0
05:17:07,7165.08,7310.0,56.9585,0.0
05:17:07,7165.08,7315.0,29.3403,746.0
05:17:07,7165.08,7320.0,72.7014,0.0
05:17:07,7165.08,7325.0,76.1697,0.0
05:17:07,7165.08,7330.0,57.2859,995.0
05:17:07,7165.08,7335.0,1.292,382.0
05:17:07,7165.08,7340.0,23.7482,2278.0
05:17:07,7165.08,7345.0,0.7576,468.0
05:17:07,7165.08,7350.0,103.4757,0.0
05:17:07,7165.08,7360.0,9.6398,247.0
05:17:07,7165.08,7370.0,23.323,771.0
05:17:07,7165.08,7375.0,25.4988,10617.0
05:17:07,7165.08,7380.0,12.2254,5152.0
05:17:07,7165.08,7390.0,33.0836,2139.0
05:17:07,7165.08,7400.0,15.4658,4230.0
05:17:07,7165.08,7410.0,0.0095,65.0
05:17:07,7165.08,7425.0,4.2126,194.0
05:17:07,7165.08,7450.0,3.4958,474.0
05:17:07,7165.08,7475.0,0.2361,140.0
05:17:07,7165.08,7500.0,0.1662,296.0
05:17:07,7165.08,7525.0,0.0024,0.0
05:17:07,7165.08,7550.0,0.0005,0.0
05:17:07,7165.08,7600.0,0.0006,2.0
05:17:07,7165.08,7700.0,0.0001,0.0
05:17:07,7165.08,7800.0,0.0,1.0
05:17:07,7165.08,8000.0,0.0,2.0
05:17:07,7165.08,8800.0,0.0,2.0
05:17:07,7165.08,9200.0,0.0,1.0
05:33:24,7165.08,4600.0,-0.0,4.0
05:33:24,7165.08,5300.0,-0.0,1.0
05:33:24,7165.08,5400.0,-0.0,3.0
05:33:24,7165.08,5500.0,-0.0,1.0
05:33:24,7165.08,5575.0,-0.0,1.0
05:33:24,7165.08,5625.0,-0.0,1.0
05:33:24,7165.08,5650.0,-0.0,1.0
05:33:24,7165.08,5800.0,-0.0,4.0
05:33:24,7165.08,5900.0,-0.0,3.0
05:33:24,7165.08,6000.0,-0.0,24.0
05:33:24,7165.08,6100.0,-0.0,876.0
05:33:24,7165.08,6110.0,-0.0,105.0
05:33:24,7165.08,6120.0,-0.0,81.0
05:33:24,7165.08,6125.0,-0.0,13.0
05:33:24,7165.08,6130.0,-0.0,3.0
05:33:24,7165.08,6140.0,-0.0,100.0
05:33:24,7165.08,6150.0,-0.0,297.0
05:33:24,7165.08,6160.0,-0.0,85.0
05:33:24,7165.08,6170.0,-0.0,87.0
05:33:24,7165.08,6175.0,-0.0,163.0
05:33:24,7165.08,6180.0,-0.0,10.0
05:33:24,7165.08,6190.0,-0.0026,97.0
05:33:24,7165.08,6200.0,-0.0,1177.0
05:33:24,7165.08,6210.0,-0.0984,0.0
05:33:24,7165.08,6220.0,-0.0021,40.0
05:33:24,7165.08,6225.0,-0.0,150.0
05:33:24,7165.08,6230.0,-0.0072,302.0
05:33:24,7165.08,6240.0,-0.0023,60.0
05:33:24,7165.08,6250.0,-0.0,226.0
05:33:24,7165.08,6260.0,-0.0,200.0
05:33:24,7165.08,6270.0,-0.0,101.0
05:33:24,7165.08,6275.0,-0.0,30.0
05:33:24,7165.08,6280.0,-0.0,20.0
05:33:24,7165.08,6290.0,-0.0,38.0
05:33:24,7165.08,6300.0,-0.0,96.0
05:33:24,7165.08,6310.0,-0.0,161.0
05:33:24,7165.08,6320.0,-0.0,10.0
05:33:24,7165.08,6325.0,-0.0,30.0
05:33:24,7165.08,6330.0,-0.0,196.0
05:33:24,7165.08,6340.0,-0.0,10.0
05:33:24,7165.08,6350.0,-0.0,95.0
05:33:24,7165.08,6360.0,-0.0,58.0
05:33:24,7165.08,6370.0,-0.0,50.0
05:33:24,7165.08,6375.0,-0.0,5.0
05:33:24,7165.08,6380.0,-0.0,44.0
05:33:24,7165.08,6390.0,0.0,11.0
05:33:24,7165.08,6400.0,-0.0,152.0
05:33:24,7165.08,6410.0,-0.0,5.0
05:33:24,7165.08,6420.0,-0.0,14.0
05:33:24,7165.08,6425.0,0.0,52.0
05:33:24,7165.08,6430.0,-0.0573,7.0
05:33:24,7165.08,6440.0,-0.0383,44.0
05:33:24,7165.08,6450.0,-0.0,1068.0
05:33:24,7165.08,6460.0,-0.0,80.0
05:33:24,7165.08,6470.0,-0.0,8.0
05:33:24,7165.08,6475.0,-0.0,3.0
05:33:24,7165.08,6480.0,-0.0,35.0
05:33:24,7165.08,6485.0,0.0043,8.0
05:33:24,7165.08,6490.0,-0.0,5.0
05:33:24,7165.08,6495.0,-0.0092,0.0
05:33:24,7165.08,6500.0,-0.0,70.0
05:33:24,7165.08,6505.0,-0.1222,100.0
05:33:24,7165.08,6510.0,-0.0,118.0
05:33:24,7165.08,6515.0,0.0164,117.0
05:33:24,7165.08,6520.0,-0.0,29.0
05:33:24,7165.08,6525.0,-0.0,4.0
05:33:24,7165.08,6530.0,-0.0,1.0
05:33:24,7165.08,6535.0,-0.0805,64.0
05:33:24,7165.08,6540.0,-0.0,22.0
05:33:24,7165.08,6545.0,-0.0131,58.0
05:33:24,7165.08,6550.0,-0.2663,0.0
05:33:24,7165.08,6555.0,0.0576,27.0
05:33:24,7165.08,6560.0,-0.0,15.0
05:33:24,7165.08,6565.0,-0.0552,3.0
05:33:24,7165.08,6570.0,0.0,1.0
05:33:24,7165.08,6580.0,0.0649,13.0
05:33:24,7165.08,6585.0,-0.0766,48.0
05:33:24,7165.08,6590.0,0.0474,57.0
05:33:24,7165.08,6595.0,-0.0,79.0
05:33:24,7165.08,6600.0,-0.0,4.0
05:33:24,7165.08,6605.0,-0.0,30.0
05:33:24,7165.08,6610.0,0.1515,106.0
05:33:24,7165.08,6615.0,-0.0,95.0
05:33:24,7165.08,6620.0,0.1026,80.0
05:33:24,7165.08,6625.0,0.0,16.0
05:33:24,7165.08,6630.0,-0.0,40.0
05:33:24,7165.08,6635.0,-0.1048,137.0
05:33:24,7165.08,6640.0,0.145,87.0
05:33:24,7165.08,6645.0,-0.1235,27.0
05:33:24,7165.08,6650.0,-0.0,3.0
05:33:24,7165.08,6655.0,-0.1014,70.0
05:33:24,7165.08,6660.0,-0.1662,88.0
05:33:24,7165.08,6665.0,-0.0,6.0
05:33:24,7165.08,6670.0,-0.0568,3.0
05:33:24,7165.08,6675.0,0.0,248.0
05:33:24,7165.08,6680.0,-0.3832,62.0
05:33:24,7165.08,6685.0,-0.0,287.0
05:33:24,7165.08,6690.0,-1.1985,139.0
05:33:24,7165.08,6695.0,-0.0,31.0
05:33:24,7165.08,6700.0,-0.0014,1429.0
05:33:24,7165.08,6705.0,-0.0001,49.0
05:33:24,7165.08,6710.0,-0.5515,565.0
05:33:24,7165.08,6715.0,-0.0002,161.0
05:33:24,7165.08,6720.0,-0.0004,44.0
05:33:24,7165.08,6725.0,-0.0006,1300.0
05:33:24,7165.08,6730.0,-0.0008,63.0
05:33:24,7165.08,6735.0,0.0255,56.0
05:33:24,7165.08,6740.0,-0.0022,181.0
05:33:24,7165.08,6745.0,-0.0006,86.0
05:33:24,7165.08,6750.0,-0.0094,3696.0
05:33:24,7165.08,6755.0,-0.0019,153.0
05:33:24,7165.08,6760.0,-1.966,1867.0
05:33:24,7165.08,6765.0,-0.0031,293.0
05:33:24,7165.08,6770.0,-1.806,136.0
05:33:24,7165.08,6775.0,-0.0042,3448.0
05:33:24,7165.08,6780.0,-0.0111,276.0
05:33:24,7165.08,6785.0,0.0242,130.0
05:33:24,7165.08,6790.0,-0.0215,194.0
05:33:24,7165.08,6795.0,-0.0608,159.0
05:33:24,7165.08,6800.0,-11.7331,2592.0
05:33:24,7165.08,6805.0,-4.2882,347.0
05:33:24,7165.08,6810.0,-3.7409,704.0
05:33:24,7165.08,6815.0,-0.0214,296.0
05:33:24,7165.08,6820.0,-1.649,158.0
05:33:24,7165.08,6825.0,2.1811,1565.0
05:33:24,7165.08,6830.0,-0.0506,188.0
05:33:24,7165.08,6835.0,-0.9594,221.0
05:33:24,7165.08,6840.0,-0.16,1189.0
05:33:24,7165.08,6845.0,-0.2437,4310.0
05:33:24,7165.08,6850.0,-7.8118,4335.0
05:33:24,7165.08,6855.0,-0.413,665.0
05:33:24,7165.08,6860.0,-4.3119,0.0
05:33:24,7165.08,6865.0,-0.6827,0.0
05:33:24,7165.08,6870.0,-0.2721,0.0
05:33:24,7165.08,6875.0,-0.6819,0.0
05:33:24,7165.08,6880.0,-1.0618,0.0
05:33:24,7165.08,6885.0,-13.817,3.0
05:33:24,7165.08,6890.0,-0.825,0.0
05:33:24,7165.08,6895.0,-58.1265,13.0
05:33:24,7165.08,6900.0,-36.6982,0.0
05:33:24,7165.08,6905.0,-2.7141,0.0
05:33:24,7165.08,6910.0,-1.4923,0.0
05:33:24,7165.08,6915.0,-1.2064,82.0
05:33:24,7165.08,6920.0,-0.7761,91.0
05:33:24,7165.08,6925.0,0.7624,791.0
05:33:24,7165.08,6930.0,-5.7977,0.0
05:33:24,7165.08,6935.0,-5.0962,0.0
05:33:24,7165.08,6940.0,1.0832,0.0
05:33:24,7165.08,6945.0,-39.7964,0.0
05:33:24,7165.08,6950.0,-55.891,117.0
05:33:24,7165.08,6955.0,-32.2255,0.0
05:33:24,7165.08,6960.0,-13.141,0.0
05:33:24,7165.08,6965.0,-6.3978,0.0
05:33:24,7165.08,6970.0,-4.1436,0.0
05:33:24,7165.08,6975.0,-15.0898,2648.0
05:33:24,7165.08,6980.0,-14.1651,0.0
05:33:24,7165.08,6985.0,-12.9409,32.0
05:33:24,7165.08,6990.0,-17.337,0.0
05:33:24,7165.08,6995.0,-16.8528,0.0
05:33:24,7165.08,7000.0,-11.9001,0.0
05:33:24,7165.08,7005.0,-126.486,0.0
05:33:24,7165.08,7010.0,-3.803,0.0
05:33:24,7165.08,7015.0,-10.6915,0.0
05:33:24,7165.08,7020.0,-4.5042,0.0
05:33:24,7165.08,7025.0,-23.4067,0.0
05:33:24,7165.08,7030.0,43.0428,0.0
05:33:24,7165.08,7035.0,-20.2507,0.0
05:33:24,7165.08,7040.0,-19.4179,0.0
05:33:24,7165.08,7045.0,308.3998,0.0
05:33:24,7165.08,7050.0,-123.7781,0.0
05:33:24,7165.08,7055.0,-195.4224,0.0
05:33:24,7165.08,7060.0,-22.1311,0.0
05:33:24,7165.08,7065.0,-15.1002,0.0
05:33:24,7165.08,7070.0,3.1324,0.0
05:33:24,7165.08,7075.0,-68.9882,0.0
05:33:24,7165.08,7080.0,-46.3397,0.0
05:33:24,7165.08,7085.0,-23.0963,0.0
05:33:24,7165.08,7090.0,-49.5119,0.0
05:33:24,7165.08,7095.0,-15.3363,0.0
05:33:24,7165.08,7100.0,127.8095,10605.0
05:33:24,7165.08,7105.0,18.294,0.0
05:33:24,7165.08,7110.0,-24.7531,0.0
05:33:24,7165.08,7115.0,22.6923,0.0
05:33:24,7165.08,7120.0,74.7954,0.0
05:33:24,7165.08,7125.0,1.3871,0.0
05:33:24,7165.08,7130.0,1432.7542,0.0
05:33:24,7165.08,7135.0,33.2303,0.0
05:33:24,7165.08,7140.0,281.7618,0.0
05:33:24,7165.08,7145.0,40.4458,0.0
05:33:24,7165.08,7150.0,95.4028,0.0
05:33:24,7165.08,7155.0,654.3267,0.0
05:33:24,7165.08,7160.0,1144.1108,14947.0
05:33:24,7165.08,7165.0,49.9362,7851.0
05:33:24,7165.08,7170.0,200.338,9019.0
05:33:24,7165.08,7175.0,324.0935,0.0
05:33:24,7165.08,7180.0,122.0941,0.0
05:33:24,7165.08,7185.0,76.5426,0.0
05:33:24,7165.08,7190.0,143.775,0.0
05:33:24,7165.08,7195.0,111.0354,0.0
05:33:24,7165.08,7200.0,681.2964,10217.0
05:33:24,7165.08,7205.0,78.608,0.0
05:33:24,7165.08,7210.0,213.0405,0.0
05:33:24,7165.08,7215.0,117.7262,0.0
05:33:24,7165.08,7220.0,216.5669,0.0
05:33:24,7165.08,7225.0,166.4071,4682.0
05:33:24,7165.08,7230.0,178.4028,0.0
05:33:24,7165.08,7235.0,68.8201,0.0
05:33:24,7165.08,7240.0,182.2312,0.0
05:33:24,7165.08,7245.0,89.3606,0.0
05:33:24,7165.08,7250.0,1201.5839,0.0
05:33:24,7165.08,7255.0,447.6,0.0
05:33:24,7165.08,7260.0,120.2444,0.0
05:33:24,7165.08,7265.0,101.798,0.0
05:33:24,7165.08,7270.0,162.8743,0.0
05:33:24,7165.08,7275.0,281.902,0.0
05:33:24,7165.08,7280.0,198.4675,0.0
05:33:24,7165.08,7285.0,115.1627,0.0
05:33:24,7165.08,7290.0,104.0849,0.0
05:33:24,7165.08,7295.0,113.7588,0.0
05:33:24,7165.08,7300.0,95.4905,0.0
05:33:24,7165.08,7305.0,18.5105,0.0
05:33:24,7165.08,7310.0,56.9585,0.0
05:33:24,7165.08,7315.0,29.3403,0.0
05:33:24,7165.08,7320.0,72.7014,0.0
05:33:24,7165.08,7325.0,21.8798,0.0
05:33:24,7165.08,7330.0,57.2859,0.0
05:33:24,7165.08,7335.0,1.292,0.0
05:33:24,7165.08,7340.0,23.7482,0.0
05:33:24,7165.08,7345.0,0.7576,0.0
05:33:24,7165.08,7350.0,29.7588,0.0
05:33:24,7165.08,7360.0,9.6398,247.0
05:33:24,7165.08,7370.0,23.323,771.0
05:33:24,7165.08,7375.0,25.4988,10617.0
05:33:24,7165.08,7380.0,12.2254,5152.0
05:33:24,7165.08,7390.0,33.0836,2139.0
05:33:24,7165.08,7400.0,15.4658,4230.0
05:33:24,7165.08,7410.0,0.0095,65.0
05:33:24,7165.08,7425.0,4.2126,194.0
05:33:24,7165.08,7450.0,1.5767,474.0
05:33:24,7165.08,7475.0,0.0336,140.0
05:33:24,7165.08,7500.0,0.1662,296.0
05:33:24,7165.08,7550.0,0.0005,0.0
05:33:24,7165.08,7600.0,0.0006,2.0
05:33:24,7165.08,7700.0,0.0001,0.0
05:33:24,7165.08,7800.0,0.0,1.0
05:33:24,7165.08,8000.0,0.0,2.0
05:33:24,7165.08,8800.0,0.0,2.0
05:33:24,7165.08,9200.0,0.0,1.0
05:49:22,7165.08,4600.0,-0.0,4.0
05:49:22,7165.08,5300.0,-0.0,1.0
05:49:22,7165.08,5400.0,-0.0,3.0
05:49:22,7165.08,5500.0,-0.0,1.0
05:49:22,7165.08,5575.0,-0.0,1.0
05:49:22,7165.08,5625.0,-0.0,1.0
05:49:22,7165.08,5650.0,-0.0,1.0
05:49:22,7165.08,5800.0,-0.0,4.0
05:49:22,7165.08,5900.0,-0.0,3.0
05:49:22,7165.08,6000.0,-0.0,24.0
05:49:22,7165.08,6100.0,-0.0,876.0
05:49:22,7165.08,6110.0,-0.0,105.0
05:49:22,7165.08,6120.0,-0.0,81.0
05:49:22,7165.08,6125.0,-0.0,13.0
05:49:22,7165.08,6130.0,-0.0,3.0
05:49:22,7165.08,6140.0,-0.0,100.0
05:49:22,7165.08,6150.0,-0.0,297.0
05:49:22,7165.08,6160.0,-0.0,85.0
05:49:22,7165.08,6170.0,-0.0,87.0
05:49:22,7165.08,6175.0,-0.0,163.0
05:49:22,7165.08,6180.0,-0.0,10.0
05:49:22,7165.08,6190.0,-0.0026,97.0
05:49:22,7165.08,6200.0,-0.0,1177.0
05:49:22,7165.08,6210.0,-0.0984,0.0
05:49:22,7165.08,6220.0,-0.0021,40.0
05:49:22,7165.08,6225.0,-0.0,150.0
05:49:22,7165.08,6230.0,-0.0072,302.0
05:49:22,7165.08,6240.0,-0.0023,60.0
05:49:22,7165.08,6250.0,-0.0,226.0
05:49:22,7165.08,6260.0,-0.0,200.0
05:49:22,7165.08,6270.0,-0.0,101.0
05:49:22,7165.08,6275.0,-0.0,30.0
05:49:22,7165.08,6280.0,-0.0,20.0
05:49:22,7165.08,6290.0,-0.0,38.0
05:49:22,7165.08,6300.0,-0.0,96.0
05:49:22,7165.08,6310.0,-0.0,161.0
05:49:22,7165.08,6320.0,-0.0,10.0
05:49:22,7165.08,6325.0,-0.0,30.0
05:49:22,7165.08,6330.0,-0.0,196.0
05:49:22,7165.08,6340.0,-0.0,10.0
05:49:22,7165.08,6350.0,-0.0,95.0
05:49:22,7165.08,6360.0,-0.0,58.0
05:49:22,7165.08,6370.0,-0.0,50.0
05:49:22,7165.08,6375.0,-0.0,5.0
05:49:22,7165.08,6380.0,-0.0,44.0
05:49:22,7165.08,6390.0,0.0,11.0
05:49:22,7165.08,6400.0,-0.0,152.0
05:49:22,7165.08,6410.0,-0.0,5.0
05:49:22,7165.08,6420.0,-0.0,14.0
05:49:22,7165.08,6425.0,0.0,52.0
05:49:22,7165.08,6430.0,-0.0573,7.0
05:49:22,7165.08,6440.0,-0.0383,44.0
05:49:22,7165.08,6450.0,-0.0,1068.0
05:49:22,7165.08,6460.0,-0.0,80.0
05:49:22,7165.08,6470.0,-0.0,8.0
05:49:22,7165.08,6475.0,-0.0,3.0
05:49:22,7165.08,6480.0,-0.0,35.0
05:49:22,7165.08,6485.0,0.0043,8.0
05:49:22,7165.08,6490.0,-0.0,5.0
05:49:22,7165.08,6495.0,-0.0092,0.0
05:49:22,7165.08,6500.0,-0.0,70.0
05:49:22,7165.08,6505.0,-0.1222,100.0
05:49:22,7165.08,6510.0,-0.0,118.0
05:49:22,7165.08,6515.0,0.0164,117.0
05:49:22,7165.08,6520.0,-0.0,29.0
05:49:22,7165.08,6525.0,-0.0,4.0
05:49:22,7165.08,6530.0,-0.0,1.0
05:49:22,7165.08,6535.0,-0.0805,64.0
05:49:22,7165.08,6540.0,-0.0,22.0
05:49:22,7165.08,6545.0,-0.0131,58.0
05:49:22,7165.08,6550.0,-0.2663,0.0
05:49:22,7165.08,6555.0,0.0576,27.0
05:49:22,7165.08,6560.0,-0.0,15.0
05:49:22,7165.08,6565.0,-0.0552,3.0
05:49:22,7165.08,6570.0,0.0,1.0
05:49:22,7165.08,6580.0,0.0649,13.0
05:49:22,7165.08,6585.0,-0.0766,48.0
05:49:22,7165.08,6590.0,0.0474,57.0
05:49:22,7165.08,6595.0,-0.0,79.0
05:49:22,7165.08,6600.0,-0.0,4.0
05:49:22,7165.08,6605.0,-0.0,30.0
05:49:22,7165.08,6610.0,0.1515,106.0
05:49:22,7165.08,6615.0,-0.0,95.0
05:49:22,7165.08,6620.0,0.1026,80.0
05:49:22,7165.08,6625.0,0.0,16.0
05:49:22,7165.08,6630.0,-0.0,40.0
05:49:22,7165.08,6635.0,-0.1048,137.0
05:49:22,7165.08,6640.0,0.145,87.0
05:49:22,7165.08,6645.0,-0.1235,27.0
05:49:22,7165.08,6650.0,-0.0,3.0
05:49:22,7165.08,6655.0,-0.1014,70.0
05:49:22,7165.08,6660.0,-0.1662,88.0
05:49:22,7165.08,6665.0,-0.0,6.0
05:49:22,7165.08,6670.0,-0.0568,3.0
05:49:22,7165.08,6675.0,0.0,248.0
05:49:22,7165.08,6680.0,-0.3832,62.0
05:49:22,7165.08,6685.0,-0.0,287.0
05:49:22,7165.08,6690.0,-1.1985,139.0
05:49:22,7165.08,6695.0,-0.0,31.0
05:49:22,7165.08,6700.0,-0.0014,1429.0
05:49:22,7165.08,6705.0,-0.0001,49.0
05:49:22,7165.08,6710.0,-0.5515,565.0
05:49:22,7165.08,6715.0,-0.0002,161.0
05:49:22,7165.08,6720.0,-0.0004,44.0
05:49:22,7165.08,6725.0,-0.0006,1300.0
05:49:22,7165.08,6730.0,-0.0008,63.0
05:49:22,7165.08,6735.0,0.0255,56.0
05:49:22,7165.08,6740.0,-0.0022,181.0
05:49:22,7165.08,6745.0,-0.0006,86.0
05:49:22,7165.08,6750.0,-0.0094,3696.0
05:49:22,7165.08,6755.0,-0.0019,153.0
05:49:22,7165.08,6760.0,-1.966,1867.0
05:49:22,7165.08,6765.0,-0.0031,293.0
05:49:22,7165.08,6770.0,-1.806,136.0
05:49:22,7165.08,6775.0,-0.0042,3448.0
05:49:22,7165.08,6780.0,-0.0111,276.0
05:49:22,7165.08,6785.0,0.0242,130.0
05:49:22,7165.08,6790.0,-0.0215,194.0
05:49:22,7165.08,6795.0,-0.0608,159.0
05:49:22,7165.08,6800.0,-11.7331,2592.0
05:49:22,7165.08,6805.0,-4.2882,347.0
05:49:22,7165.08,6810.0,-3.7409,704.0
05:49:22,7165.08,6815.0,-0.0214,296.0
05:49:22,7165.08,6820.0,-1.649,158.0
05:49:22,7165.08,6825.0,2.1811,1565.0
05:49:22,7165.08,6830.0,-0.0506,188.0
05:49:22,7165.08,6835.0,-0.9594,221.0
05:49:22,7165.08,6840.0,-0.16,1189.0
05:49:22,7165.08,6845.0,-0.2437,4310.0
05:49:22,7165.08,6850.0,-7.8118,4335.0
05:49:22,7165.08,6855.0,-0.413,665.0
05:49:22,7165.08,6860.0,-4.3119,0.0
05:49:22,7165.08,6865.0,-0.6827,0.0
05:49:22,7165.08,6870.0,-0.2721,0.0
05:49:22,7165.08,6875.0,-0.6819,0.0
05:49:22,7165.08,6880.0,-1.0618,0.0
05:49:22,7165.08,6885.0,-13.817,3.0
05:49:22,7165.08,6890.0,-0.825,0.0
05:49:22,7165.08,6895.0,-58.1265,13.0
05:49:22,7165.08,6900.0,-36.6982,0.0
05:49:22,7165.08,6905.0,-2.7141,0.0
05:49:22,7165.08,6910.0,-1.4923,0.0
05:49:22,7165.08,6915.0,-1.2064,82.0
05:49:22,7165.08,6920.0,-0.7761,91.0
05:49:22,7165.08,6925.0,0.7624,791.0
05:49:22,7165.08,6930.0,-5.7977,0.0
05:49:22,7165.08,6935.0,-5.0962,0.0
05:49:22,7165.08,6940.0,1.0832,0.0
05:49:22,7165.08,6945.0,-39.7964,0.0
05:49:22,7165.08,6950.0,-55.891,117.0
05:49:22,7165.08,6955.0,-32.2255,0.0
05:49:22,7165.08,6960.0,-13.141,0.0
05:49:22,7165.08,6965.0,-6.3978,0.0
05:49:22,7165.08,6970.0,-4.1436,0.0
05:49:22,7165.08,6975.0,-15.0898,2648.0
05:49:22,7165.08,6980.0,-14.1651,0.0
05:49:22,7165.08,6985.0,-12.9409,32.0
05:49:22,7165.08,6990.0,-17.337,0.0
05:49:22,7165.08,6995.0,-16.8528,0.0
05:49:22,7165.08,7000.0,-11.9001,0.0
05:49:22,7165.08,7005.0,-126.486,0.0
05:49:22,7165.08,7010.0,-3.803,0.0
05:49:22,7165.08,7015.0,-10.6915,0.0
05:49:22,7165.08,7020.0,-4.5042,0.0
05:49:22,7165.08,7025.0,-23.4067,0.0
05:49:22,7165.08,7030.0,43.0428,0.0
05:49:22,7165.08,7035.0,-20.2507,0.0
05:49:22,7165.08,7040.0,-19.4179,0.0
05:49:22,7165.08,7045.0,308.3998,0.0
05:49:22,7165.08,7050.0,-123.7781,0.0
05:49:22,7165.08,7055.0,-195.4224,0.0
05:49:22,7165.08,7060.0,-22.1311,0.0
05:49:22,7165.08,7065.0,-15.1002,0.0
05:49:22,7165.08,7070.0,3.1324,0.0
05:49:22,7165.08,7075.0,-68.9882,0.0
05:49:22,7165.08,7080.0,-46.3397,0.0
05:49:22,7165.08,7085.0,-23.0963,0.0
05:49:22,7165.08,7090.0,-49.5119,0.0
05:49:22,7165.08,7095.0,-15.3363,0.0
05:49:22,7165.08,7100.0,127.8095,10605.0
05:49:22,7165.08,7105.0,18.294,0.0
05:49:22,7165.08,7110.0,-24.7531,0.0
05:49:22,7165.08,7115.0,22.6923,0.0
05:49:22,7165.08,7120.0,74.7954,0.0
05:49:22,7165.08,7125.0,1.3871,0.0
05:49:22,7165.08,7130.0,1432.7542,0.0
05:49:22,7165.08,7135.0,33.2303,0.0
05:49:22,7165.08,7140.0,281.7618,0.0
05:49:22,7165.08,7145.0,40.4458,0.0
05:49:22,7165.08,7150.0,95.4028,0.0
05:49:22,7165.08,7155.0,654.3267,0.0
05:49:22,7165.08,7160.0,1144.1108,0.0
05:49:22,7165.08,7165.0,49.9362,0.0
05:49:22,7165.08,7170.0,200.338,0.0
05:49:22,7165.08,7175.0,324.0935,0.0
05:49:22,7165.08,7180.0,122.0941,0.0
05:49:22,7165.08,7185.0,76.5426,0.0
05:49:22,7165.08,7190.0,143.775,0.0
05:49:22,7165.08,7195.0,111.0354,0.0
05:49:22,7165.08,7200.0,681.2964,10217.0
05:49:22,7165.08,7205.0,78.608,0.0
05:49:22,7165.08,7210.0,213.0405,0.0
05:49:22,7165.08,7215.0,117.7262,0.0
05:49:22,7165.08,7220.0,216.5669,0.0
05:49:22,7165.08,7225.0,166.4071,4682.0
05:49:22,7165.08,7230.0,178.4028,0.0
05:49:22,7165.08,7235.0,68.8201,0.0
05:49:22,7165.08,7240.0,182.2312,0.0
05:49:22,7165.08,7245.0,89.3606,0.0
05:49:22,7165.08,7250.0,1201.5839,0.0
05:49:22,7165.08,7255.0,447.6,0.0
05:49:22,7165.08,7260.0,120.2444,0.0
05:49:22,7165.08,7265.0,101.798,0.0
05:49:22,7165.08,7270.0,162.8743,0.0
05:49:22,7165.08,7275.0,281.902,0.0
05:49:22,7165.08,7280.0,198.4675,0.0
05:49:22,7165.08,7285.0,46.405,0.0
05:49:22,7165.08,7290.0,104.0849,0.0
05:49:22,7165.08,7295.0,43.9082,0.0
05:49:22,7165.08,7300.0,95.4905,0.0
05:49:22,7165.08,7305.0,6.3165,0.0
05:49:22,7165.08,7310.0,56.9585,0.0
05:49:22,7165.08,7315.0,29.3403,0.0
05:49:22,7165.08,7320.0,72.7014,0.0
05:49:22,7165.08,7325.0,21.8798,0.0
05:49:22,7165.08,7330.0,57.2859,0.0
05:49:22,7165.08,7335.0,0.3669,0.0
05:49:22,7165.08,7340.0,6.7209,0.0
05:49:22,7165.08,7345.0,0.2152,0.0
05:49:22,7165.08,7350.0,29.7588,0.0
05:49:22,7165.08,7360.0,2.9159,247.0
05:49:22,7165.08,7370.0,7.6608,771.0
05:49:22,7165.08,7375.0,25.4988,10617.0
05:49:22,7165.08,7380.0,12.2625,5152.0
05:49:22,7165.08,7390.0,33.0928,2139.0
05:49:22,7165.08,7400.0,15.4658,4230.0
05:49:22,7165.08,7410.0,0.0095,65.0
05:49:22,7165.08,7425.0,4.2126,194.0
05:49:22,7165.08,7450.0,1.5767,474.0
05:49:22,7165.08,7475.0,0.0336,140.0
05:49:22,7165.08,7500.0,0.1662,296.0
05:49:22,7165.08,7550.0,0.0005,0.0
05:49:22,7165.08,7600.0,0.0006,2.0
05:49:22,7165.08,7700.0,0.0001,0.0
05:49:22,7165.08,7800.0,0.0,1.0
05:49:22,7165.08,8000.0,0.0,2.0
05:49:22,7165.08,8800.0,0.0,2.0
05:49:22,7165.08,9200.0,0.0,1.0
06:06:16,7165.08,4600.0,-0.0,4.0
06:06:16,7165.08,5300.0,-0.0,1.0
06:06:16,7165.08,5400.0,-0.0,3.0
06:06:16,7165.08,5500.0,-0.0,1.0
06:06:16,7165.08,5575.0,-0.0,1.0
06:06:16,7165.08,5625.0,-0.0,1.0
06:06:16,7165.08,5650.0,-0.0,1.0
06:06:16,7165.08,5800.0,-0.0,4.0
06:06:16,7165.08,5900.0,-0.0,3.0
06:06:16,7165.08,6000.0,-0.0,24.0
06:06:16,7165.08,6100.0,-0.0,876.0
06:06:16,7165.08,6110.0,-0.0,105.0
06:06:16,7165.08,6120.0,-0.0,81.0
06:06:16,7165.08,6125.0,-0.0,13.0
06:06:16,7165.08,6130.0,-0.0,3.0
06:06:16,7165.08,6140.0,-0.0,100.0
06:06:16,7165.08,6150.0,-0.0,297.0
06:06:16,7165.08,6160.0,-0.0,85.0
06:06:16,7165.08,6170.0,-0.0,87.0
06:06:16,7165.08,6175.0,-0.0,163.0
06:06:16,7165.08,6180.0,-0.0,10.0
06:06:16,7165.08,6190.0,-0.0026,97.0
06:06:16,7165.08,6200.0,-0.0,1177.0
06:06:16,7165.08,6210.0,-0.0984,0.0
06:06:16,7165.08,6220.0,-0.0021,40.0
06:06:16,7165.08,6225.0,-0.0,150.0
06:06:16,7165.08,6230.0,-0.0072,302.0
06:06:16,7165.08,6240.0,-0.0023,60.0
06:06:16,7165.08,6250.0,-0.0,226.0
06:06:16,7165.08,6260.0,-0.0,200.0
06:06:16,7165.08,6270.0,-0.0,101.0
06:06:16,7165.08,6275.0,-0.0,30.0
06:06:16,7165.08,6280.0,-0.0,20.0
06:06:16,7165.08,6290.0,-0.0,38.0
06:06:16,7165.08,6300.0,-0.0,96.0
06:06:16,7165.08,6310.0,-0.0,161.0
06:06:16,7165.08,6320.0,-0.0,10.0
06:06:16,7165.08,6325.0,-0.0,30.0
06:06:16,7165.08,6330.0,-0.0,196.0
06:06:16,7165.08,6340.0,-0.0,10.0
06:06:16,7165.08,6350.0,-0.0,95.0
06:06:16,7165.08,6360.0,-0.0,58.0
06:06:16,7165.08,6370.0,-0.0,50.0
06:06:16,7165.08,6375.0,-0.0,5.0
06:06:16,7165.08,6380.0,-0.0,44.0
06:06:16,7165.08,6390.0,0.0,11.0
06:06:16,7165.08,6400.0,-0.0,152.0
06:06:16,7165.08,6410.0,-0.0,5.0
06:06:16,7165.08,6420.0,-0.0,14.0
06:06:16,7165.08,6425.0,0.0,52.0
06:06:16,7165.08,6430.0,-0.0573,7.0
06:06:16,7165.08,6440.0,-0.0383,44.0
06:06:16,7165.08,6450.0,-0.0,1068.0
06:06:16,7165.08,6460.0,-0.0,80.0
06:06:16,7165.08,6470.0,-0.0,8.0
06:06:16,7165.08,6475.0,-0.0,3.0
06:06:16,7165.08,6480.0,-0.0,35.0
06:06:16,7165.08,6485.0,0.0043,8.0
06:06:16,7165.08,6490.0,-0.0,5.0
06:06:16,7165.08,6495.0,-0.0092,0.0
06:06:16,7165.08,6500.0,-0.0,70.0
06:06:16,7165.08,6505.0,-0.1222,100.0
06:06:16,7165.08,6510.0,-0.0,118.0
06:06:16,7165.08,6515.0,0.0164,117.0
06:06:16,7165.08,6520.0,-0.0,29.0
06:06:16,7165.08,6525.0,-0.0,4.0
06:06:16,7165.08,6530.0,-0.0,1.0
06:06:16,7165.08,6535.0,-0.0805,64.0
06:06:16,7165.08,6540.0,-0.0,22.0
06:06:16,7165.08,6545.0,-0.0131,58.0
06:06:16,7165.08,6550.0,-0.2663,0.0
06:06:16,7165.08,6555.0,0.0576,27.0
06:06:16,7165.08,6560.0,-0.0,15.0
06:06:16,7165.08,6565.0,-0.0552,3.0
06:06:16,7165.08,6570.0,0.0,1.0
06:06:16,7165.08,6580.0,0.0649,13.0
06:06:16,7165.08,6585.0,-0.0766,48.0
06:06:16,7165.08,6590.0,0.0474,57.0
06:06:16,7165.08,6595.0,-0.0,79.0
06:06:16,7165.08,6600.0,-0.0,4.0
06:06:16,7165.08,6605.0,-0.0,30.0
06:06:16,7165.08,6610.0,0.1515,106.0
06:06:16,7165.08,6615.0,-0.0,95.0
06:06:16,7165.08,6620.0,0.1026,80.0
06:06:16,7165.08,6625.0,0.0,16.0
06:06:16,7165.08,6630.0,-0.0,40.0
06:06:16,7165.08,6635.0,-0.1048,137.0
06:06:16,7165.08,6640.0,0.145,87.0
06:06:16,7165.08,6645.0,-0.1235,27.0
06:06:16,7165.08,6650.0,-0.0,3.0
06:06:16,7165.08,6655.0,-0.1014,70.0
06:06:16,7165.08,6660.0,-0.1662,88.0
06:06:16,7165.08,6665.0,-0.0,6.0
06:06:16,7165.08,6670.0,-0.0568,3.0
06:06:16,7165.08,6675.0,0.0,248.0
06:06:16,7165.08,6680.0,-0.3832,62.0
06:06:16,7165.08,6685.0,-0.0,287.0
06:06:16,7165.08,6690.0,-1.1985,139.0
06:06:16,7165.08,6695.0,-0.0,31.0
06:06:16,7165.08,6700.0,-0.0014,1429.0
06:06:16,7165.08,6705.0,-0.0001,49.0
06:06:16,7165.08,6710.0,-0.5515,565.0
06:06:16,7165.08,6715.0,-0.0002,161.0
06:06:16,7165.08,6720.0,-0.0004,44.0
06:06:16,7165.08,6725.0,-0.0006,1300.0
06:06:16,7165.08,6730.0,-0.0008,63.0
06:06:16,7165.08,6735.0,0.0255,56.0
06:06:16,7165.08,6740.0,-0.0022,181.0
06:06:16,7165.08,6745.0,-0.0006,86.0
06:06:16,7165.08,6750.0,-0.0094,3696.0
06:06:16,7165.08,6755.0,-0.0019,153.0
06:06:16,7165.08,6760.0,-1.966,1867.0
06:06:16,7165.08,6765.0,-0.0031,293.0
06:06:16,7165.08,6770.0,-1.806,136.0
06:06:16,7165.08,6775.0,-0.0042,3448.0
06:06:16,7165.08,6780.0,-0.0111,276.0
06:06:16,7165.08,6785.0,0.0242,130.0
06:06:16,7165.08,6790.0,-0.0215,194.0
06:06:16,7165.08,6795.0,-0.0608,159.0
06:06:16,7165.08,6800.0,-11.7331,2592.0
06:06:16,7165.08,6805.0,-4.2882,347.0
06:06:16,7165.08,6810.0,-3.7409,704.0
06:06:16,7165.08,6815.0,-0.0214,296.0
06:06:16,7165.08,6820.0,-1.649,158.0
06:06:16,7165.08,6825.0,2.1811,1565.0
06:06:16,7165.08,6830.0,-0.0506,188.0
06:06:16,7165.08,6835.0,-0.9594,221.0
06:06:16,7165.08,6840.0,-0.16,1189.0
06:06:16,7165.08,6845.0,-0.2437,4310.0
06:06:16,7165.08,6850.0,-7.8118,4335.0
06:06:16,7165.08,6855.0,-0.413,665.0
06:06:16,7165.08,6860.0,-4.3119,0.0
06:06:16,7165.08,6865.0,-0.6827,0.0
06:06:16,7165.08,6870.0,-0.2721,0.0
06:06:16,7165.08,6875.0,-0.6819,0.0
06:06:16,7165.08,6880.0,-1.0618,0.0
06:06:16,7165.08,6885.0,-13.817,3.0
06:06:16,7165.08,6890.0,-0.825,0.0
06:06:16,7165.08,6895.0,-58.1265,13.0
06:06:16,7165.08,6900.0,-36.6982,0.0
06:06:16,7165.08,6905.0,-2.7141,0.0
06:06:16,7165.08,6910.0,-1.4923,0.0
06:06:16,7165.08,6915.0,-1.2064,82.0
06:06:16,7165.08,6920.0,-0.7761,91.0
06:06:16,7165.08,6925.0,0.7624,791.0
06:06:16,7165.08,6930.0,-5.7977,0.0
06:06:16,7165.08,6935.0,-5.0962,0.0
06:06:16,7165.08,6940.0,1.0832,0.0
06:06:16,7165.08,6945.0,-39.7964,0.0
06:06:16,7165.08,6950.0,-55.891,117.0
06:06:16,7165.08,6955.0,-32.2255,0.0
06:06:16,7165.08,6960.0,-13.141,0.0
06:06:16,7165.08,6965.0,-6.3978,0.0
06:06:16,7165.08,6970.0,-4.1436,0.0
06:06:16,7165.08,6975.0,-15.0898,2648.0
06:06:16,7165.08,6980.0,-14.1651,0.0
06:06:16,7165.08,6985.0,-12.9409,32.0
06:06:16,7165.08,6990.0,-17.337,0.0
06:06:16,7165.08,6995.0,-16.8528,0.0
06:06:16,7165.08,7000.0,-11.9001,0.0
06:06:16,7165.08,7005.0,-126.486,0.0
06:06:16,7165.08,7010.0,-3.803,0.0
06:06:16,7165.08,7015.0,-10.6915,0.0
06:06:16,7165.08,7020.0,-4.5042,0.0
06:06:16,7165.08,7025.0,-23.4067,0.0
06:06:16,7165.08,7030.0,43.0428,0.0
06:06:16,7165.08,7035.0,-20.2507,0.0
06:06:16,7165.08,7040.0,-19.4179,0.0
06:06:16,7165.08,7045.0,308.3998,0.0
06:06:16,7165.08,7050.0,-123.7781,0.0
06:06:16,7165.08,7055.0,-195.4224,0.0
06:06:16,7165.08,7060.0,-22.1311,0.0
06:06:16,7165.08,7065.0,-15.1002,0.0
06:06:16,7165.08,7070.0,3.1324,0.0
06:06:16,7165.08,7075.0,-68.9882,0.0
06:06:16,7165.08,7080.0,-46.3397,0.0
06:06:16,7165.08,7085.0,-23.0963,0.0
06:06:16,7165.08,7090.0,-49.5119,0.0
06:06:16,7165.08,7095.0,-15.3363,0.0
06:06:16,7165.08,7100.0,127.8095,10605.0
06:06:16,7165.08,7105.0,18.294,0.0
06:06:16,7165.08,7110.0,-24.7531,0.0
06:06:16,7165.08,7115.0,22.6923,0.0
06:06:16,7165.08,7120.0,74.7954,0.0
06:06:16,7165.08,7125.0,1.3871,0.0
06:06:16,7165.08,7130.0,1432.7542,0.0
06:06:16,7165.08,7135.0,33.2303,0.0
06:06:16,7165.08,7140.0,281.7618,0.0
06:06:16,7165.08,7145.0,40.4458,0.0
06:06:16,7165.08,7150.0,95.4028,0.0
06:06:16,7165.08,7155.0,654.3267,0.0
06:06:16,7165.08,7160.0,1144.1108,0.0
06:06:16,7165.08,7165.0,49.9362,0.0
06:06:16,7165.08,7170.0,200.338,0.0
06:06:16,7165.08,7175.0,324.0935,0.0
06:06:16,7165.08,7180.0,122.0941,0.0
06:06:16,7165.08,7185.0,76.5426,0.0
06:06:16,7165.08,7190.0,143.775,0.0
06:06:16,7165.08,7195.0,111.0354,0.0
06:06:16,7165.08,7200.0,681.2964,10217.0
06:06:16,7165.08,7205.0,78.608,0.0
06:06:16,7165.08,7210.0,213.0405,0.0
06:06:16,7165.08,7215.0,117.7262,0.0
06:06:16,7165.08,7220.0,216.5669,0.0
06:06:16,7165.08,7225.0,166.4071,4682.0
06:06:16,7165.08,7230.0,178.4028,0.0
06:06:16,7165.08,7235.0,68.8201,0.0
06:06:16,7165.08,7240.0,182.2312,0.0
06:06:16,7165.08,7245.0,89.3606,0.0
06:06:16,7165.08,7250.0,1201.5839,0.0
06:06:16,7165.08,7255.0,447.6,0.0
06:06:16,7165.08,7260.0,120.2444,0.0
06:06:16,7165.08,7265.0,101.798,0.0
06:06:16,7165.08,7270.0,162.8743,0.0
06:06:16,7165.08,7275.0,281.902,0.0
06:06:16,7165.08,7280.0,198.4675,0.0
06:06:16,7165.08,7285.0,46.405,0.0
06:06:16,7165.08,7290.0,104.0849,0.0
06:06:16,7165.08,7295.0,43.9082,0.0
06:06:16,7165.08,7300.0,95.4905,0.0
06:06:16,7165.08,7305.0,6.3165,0.0
06:06:16,7165.08,7310.0,56.9585,0.0
06:06:16,7165.08,7315.0,29.3403,0.0
06:06:16,7165.08,7320.0,72.7014,0.0
06:06:16,7165.08,7325.0,21.8798,0.0
06:06:16,7165.08,7330.0,57.2859,0.0
06:06:16,7165.08,7335.0,0.3669,0.0
06:06:16,7165.08,7340.0,6.7209,0.0
06:06:16,7165.08,7345.0,0.2152,0.0
06:06:16,7165.08,7350.0,29.7588,0.0
06:06:16,7165.08,7360.0,2.9159,247.0
06:06:16,7165.08,7370.0,7.6608,771.0
06:06:16,7165.08,7375.0,25.4988,10617.0
06:06:16,7165.08,7380.0,12.2625,5152.0
06:06:16,7165.08,7390.0,33.0928,2139.0
06:06:16,7165.08,7400.0,15.4658,4230.0
06:06:16,7165.08,7410.0,0.0095,65.0
06:06:16,7165.08,7425.0,4.2126,194.0
06:06:16,7165.08,7450.0,1.5767,474.0
06:06:16,7165.08,7475.0,0.0336,140.0
06:06:16,7165.08,7500.0,0.1662,296.0
06:06:16,7165.08,7550.0,0.0005,0.0
06:06:16,7165.08,7600.0,0.0006,2.0
06:06:16,7165.08,7700.0,0.0001,0.0
06:06:16,7165.08,7800.0,0.0,1.0
06:06:16,7165.08,8000.0,0.0,2.0
06:06:16,7165.08,8800.0,0.0,2.0
06:06:16,7165.08,9200.0,0.0,1.0
06:17:23,7165.08,4600.0,-0.0,4.0
06:17:23,7165.08,5300.0,-0.0,1.0
06:17:23,7165.08,5400.0,-0.0,3.0
06:17:23,7165.08,5500.0,-0.0,1.0
06:17:23,7165.08,5575.0,-0.0,1.0
06:17:23,7165.08,5625.0,-0.0,1.0
06:17:23,7165.08,5650.0,-0.0,1.0
06:17:23,7165.08,5800.0,-0.0,4.0
06:17:23,7165.08,5900.0,-0.0,3.0
06:17:23,7165.08,6000.0,-0.0,24.0
06:17:23,7165.08,6100.0,-0.0,876.0
06:17:23,7165.08,6110.0,-0.0,105.0
06:17:23,7165.08,6120.0,-0.0,81.0
06:17:23,7165.08,6125.0,-0.0,13.0
06:17:23,7165.08,6130.0,-0.0,3.0
06:17:23,7165.08,6140.0,-0.0,100.0
06:17:23,7165.08,6150.0,-0.0,297.0
06:17:23,7165.08,6160.0,-0.0,85.0
06:17:23,7165.08,6170.0,-0.0,87.0
06:17:23,7165.08,6175.0,-0.0,163.0
06:17:23,7165.08,6180.0,-0.0,10.0
06:17:23,7165.08,6190.0,-0.0026,97.0
06:17:23,7165.08,6200.0,-0.0,1177.0
06:17:23,7165.08,6210.0,-0.0984,0.0
06:17:23,7165.08,6220.0,-0.0021,40.0
06:17:23,7165.08,6225.0,-0.0,150.0
06:17:23,7165.08,6230.0,-0.0072,302.0
06:17:23,7165.08,6240.0,-0.0023,60.0
06:17:23,7165.08,6250.0,-0.0,226.0
06:17:23,7165.08,6260.0,-0.0,200.0
06:17:23,7165.08,6270.0,-0.014,101.0
06:17:23,7165.08,6275.0,-0.0,30.0
06:17:23,7165.08,6280.0,0.0002,20.0
06:17:23,7165.08,6290.0,-0.0,38.0
06:17:23,7165.08,6300.0,-0.0,96.0
06:17:23,7165.08,6310.0,-0.0,161.0
06:17:23,7165.08,6320.0,-0.0,10.0
06:17:23,7165.08,6325.0,-0.0,30.0
06:17:23,7165.08,6330.0,-0.0,196.0
06:17:23,7165.08,6340.0,0.0095,10.0
06:17:23,7165.08,6350.0,-0.0,95.0
06:17:23,7165.08,6360.0,-0.0,58.0
06:17:23,7165.08,6370.0,-0.0,50.0
06:17:23,7165.08,6375.0,-0.0,5.0
06:17:23,7165.08,6380.0,-0.0,44.0
06:17:23,7165.08,6390.0,0.0,11.0
06:17:23,7165.08,6400.0,-0.0,152.0
06:17:23,7165.08,6410.0,-0.0,5.0
06:17:23,7165.08,6420.0,-0.0,14.0
06:17:23,7165.08,6425.0,0.0,52.0
06:17:23,7165.08,6430.0,-0.0573,7.0
06:17:23,7165.08,6440.0,-0.0383,44.0
06:17:23,7165.08,6450.0,-0.0,1068.0
06:17:23,7165.08,6460.0,-0.0,80.0
06:17:23,7165.08,6470.0,-0.0,8.0
06:17:23,7165.08,6475.0,-0.0,3.0
06:17:23,7165.08,6480.0,-0.0,35.0
06:17:23,7165.08,6485.0,0.0043,8.0
06:17:23,7165.08,6490.0,-0.0,5.0
06:17:23,7165.08,6495.0,-0.0092,0.0
06:17:23,7165.08,6500.0,-0.0,70.0
06:17:23,7165.08,6505.0,-0.1222,100.0
06:17:23,7165.08,6510.0,-0.0,118.0
06:17:23,7165.08,6515.0,0.0164,117.0
06:17:23,7165.08,6520.0,-0.0,29.0
06:17:23,7165.08,6525.0,-0.0,4.0
06:17:23,7165.08,6530.0,-0.0,1.0
06:17:23,7165.08,6535.0,-0.0805,64.0
06:17:23,7165.08,6540.0,-0.0,22.0
06:17:23,7165.08,6545.0,-0.0131,58.0
06:17:23,7165.08,6550.0,-0.2663,0.0
06:17:23,7165.08,6555.0,0.0576,27.0
06:17:23,7165.08,6560.0,-0.0,15.0
06:17:23,7165.08,6565.0,-0.0552,3.0
06:17:23,7165.08,6570.0,0.0,1.0
06:17:23,7165.08,6580.0,0.0649,13.0
06:17:23,7165.08,6585.0,-0.0766,48.0
06:17:23,7165.08,6590.0,0.0474,57.0
06:17:23,7165.08,6595.0,-0.0,79.0
06:17:23,7165.08,6600.0,-0.0,4.0
06:17:23,7165.08,6605.0,-0.0,30.0
06:17:23,7165.08,6610.0,0.1515,106.0
06:17:23,7165.08,6615.0,-0.0,95.0
06:17:23,7165.08,6620.0,0.1026,80.0
06:17:23,7165.08,6625.0,0.0,16.0
06:17:23,7165.08,6630.0,-0.0,40.0
06:17:23,7165.08,6635.0,-0.1048,137.0
06:17:23,7165.08,6640.0,0.145,87.0
06:17:23,7165.08,6645.0,-0.1235,27.0
06:17:23,7165.08,6650.0,-0.0,3.0
06:17:23,7165.08,6655.0,-0.1014,70.0
06:17:23,7165.08,6660.0,-0.1662,88.0
06:17:23,7165.08,6665.0,-0.0,6.0
06:17:23,7165.08,6670.0,-0.0568,3.0
06:17:23,7165.08,6675.0,0.0,248.0
06:17:23,7165.08,6680.0,-0.3832,62.0
06:17:23,7165.08,6685.0,-0.0,287.0
06:17:23,7165.08,6690.0,-1.1985,139.0
06:17:23,7165.08,6695.0,-0.0,31.0
06:17:23,7165.08,6700.0,-0.0014,1429.0
06:17:23,7165.08,6705.0,-0.0001,49.0
06:17:23,7165.08,6710.0,-0.5515,565.0
06:17:23,7165.08,6715.0,-0.0002,161.0
06:17:23,7165.08,6720.0,-0.0004,44.0
06:17:23,7165.08,6725.0,-0.0006,1300.0
06:17:23,7165.08,6730.0,-0.0008,63.0
06:17:23,7165.08,6735.0,0.0255,56.0
06:17:23,7165.08,6740.0,-0.0022,181.0
06:17:23,7165.08,6745.0,-0.0006,86.0
06:17:23,7165.08,6750.0,-0.0094,3696.0
06:17:23,7165.08,6755.0,-0.0019,153.0
06:17:23,7165.08,6760.0,-1.966,1867.0
06:17:23,7165.08,6765.0,-0.0031,293.0
06:17:23,7165.08,6770.0,-1.806,136.0
06:17:23,7165.08,6775.0,-0.0042,3448.0
06:17:23,7165.08,6780.0,-0.0111,276.0
06:17:23,7165.08,6785.0,0.0242,130.0
06:17:23,7165.08,6790.0,-0.0215,194.0
06:17:23,7165.08,6795.0,-0.0608,159.0
06:17:23,7165.08,6800.0,-11.7331,2592.0
06:17:23,7165.08,6805.0,-4.2882,347.0
06:17:23,7165.08,6810.0,-3.7409,704.0
06:17:23,7165.08,6815.0,-0.0214,296.0
06:17:23,7165.08,6820.0,-1.649,158.0
06:17:23,7165.08,6825.0,2.1811,1565.0
06:17:23,7165.08,6830.0,-0.0506,188.0
06:17:23,7165.08,6835.0,-0.9594,221.0
06:17:23,7165.08,6840.0,-0.16,1189.0
06:17:23,7165.08,6845.0,-0.2437,4310.0
06:17:23,7165.08,6850.0,-7.8118,4335.0
06:17:23,7165.08,6855.0,-0.413,665.0
06:17:23,7165.08,6860.0,-4.3119,0.0
06:17:23,7165.08,6865.0,-0.6827,0.0
06:17:23,7165.08,6870.0,-0.2721,0.0
06:17:23,7165.08,6875.0,-0.6819,0.0
06:17:23,7165.08,6880.0,-1.0618,0.0
06:17:23,7165.08,6885.0,-13.817,3.0
06:17:23,7165.08,6890.0,-0.825,0.0
06:17:23,7165.08,6895.0,-58.1265,13.0
06:17:23,7165.08,6900.0,-36.6982,0.0
06:17:23,7165.08,6905.0,-2.7141,0.0
06:17:23,7165.08,6910.0,-1.4923,0.0
06:17:23,7165.08,6915.0,-1.2064,82.0
06:17:23,7165.08,6920.0,-0.7761,91.0
06:17:23,7165.08,6925.0,0.7624,791.0
06:17:23,7165.08,6930.0,-5.7977,0.0
06:17:23,7165.08,6935.0,-5.0962,0.0
06:17:23,7165.08,6940.0,1.0832,0.0
06:17:23,7165.08,6945.0,-39.7964,0.0
06:17:23,7165.08,6950.0,-55.891,117.0
06:17:23,7165.08,6955.0,-32.2255,0.0
06:17:23,7165.08,6960.0,-13.141,0.0
06:17:23,7165.08,6965.0,-6.3978,0.0
06:17:23,7165.08,6970.0,-4.1436,0.0
06:17:23,7165.08,6975.0,-15.0898,2648.0
06:17:23,7165.08,6980.0,-14.1651,0.0
06:17:23,7165.08,6985.0,-12.9409,32.0
06:17:23,7165.08,6990.0,-17.337,0.0
06:17:23,7165.08,6995.0,-16.8528,0.0
06:17:23,7165.08,7000.0,-11.9001,0.0
06:17:23,7165.08,7005.0,-126.486,0.0
06:17:23,7165.08,7010.0,-3.803,0.0
06:17:23,7165.08,7015.0,-10.6915,0.0
06:17:23,7165.08,7020.0,-4.5042,0.0
06:17:23,7165.08,7025.0,-23.4067,0.0
06:17:23,7165.08,7030.0,43.0428,0.0
06:17:23,7165.08,7035.0,-20.2507,0.0
06:17:23,7165.08,7040.0,-19.4179,0.0
06:17:23,7165.08,7045.0,308.3998,0.0
06:17:23,7165.08,7050.0,-123.7781,0.0
06:17:23,7165.08,7055.0,-195.4224,0.0
06:17:23,7165.08,7060.0,-22.1311,0.0
06:17:23,7165.08,7065.0,-15.1002,0.0
06:17:23,7165.08,7070.0,3.1324,0.0
06:17:23,7165.08,7075.0,-68.9882,0.0
06:17:23,7165.08,7080.0,-46.3397,0.0
06:17:23,7165.08,7085.0,-23.0963,0.0
06:17:23,7165.08,7090.0,-49.5119,0.0
06:17:23,7165.08,7095.0,-15.3363,0.0
06:17:23,7165.08,7100.0,127.8095,10605.0
06:17:23,7165.08,7105.0,18.294,0.0
06:17:23,7165.08,7110.0,-24.7531,0.0
06:17:23,7165.08,7115.0,22.6923,0.0
06:17:23,7165.08,7120.0,74.7954,0.0
06:17:23,7165.08,7125.0,1.3871,0.0
06:17:23,7165.08,7130.0,1432.7542,0.0
06:17:23,7165.08,7135.0,33.2303,0.0
06:17:23,7165.08,7140.0,281.7618,1894.0
06:17:23,7165.08,7145.0,40.4458,0.0
06:17:23,7165.08,7150.0,95.4028,0.0
06:17:23,7165.08,7155.0,654.3267,0.0
06:17:23,7165.08,7160.0,1144.1108,0.0
06:17:23,7165.08,7165.0,49.9362,0.0
06:17:23,7165.08,7170.0,200.338,0.0
06:17:23,7165.08,7175.0,324.0935,0.0
06:17:23,7165.08,7180.0,122.0941,0.0
06:17:23,7165.08,7185.0,76.5426,0.0
06:17:23,7165.08,7190.0,143.775,0.0
06:17:23,7165.08,7195.0,111.0354,0.0
06:17:23,7165.08,7200.0,681.2964,10217.0
06:17:23,7165.08,7205.0,78.608,0.0
06:17:23,7165.08,7210.0,213.0405,0.0
06:17:23,7165.08,7215.0,117.7262,0.0
06:17:23,7165.08,7220.0,216.5669,0.0
06:17:23,7165.08,7225.0,166.4071,0.0
06:17:23,7165.08,7230.0,178.4028,0.0
06:17:23,7165.08,7235.0,68.8201,0.0
06:17:23,7165.08,7240.0,182.2312,0.0
06:17:23,7165.08,7245.0,89.3606,0.0
06:17:23,7165.08,7250.0,1201.5839,0.0
06:17:23,7165.08,7255.0,447.6,0.0
06:17:23,7165.08,7260.0,120.2444,0.0
06:17:23,7165.08,7265.0,101.798,0.0
06:17:23,7165.08,7270.0,162.8743,0.0
06:17:23,7165.08,7275.0,281.902,0.0
06:17:23,7165.08,7280.0,198.4675,0.0
06:17:23,7165.08,7285.0,46.405,0.0
06:17:23,7165.08,7290.0,104.0849,0.0
06:17:23,7165.08,7295.0,43.9082,0.0
06:17:23,7165.08,7300.0,95.4905,0.0
06:17:23,7165.08,7305.0,6.3165,0.0
06:17:23,7165.08,7310.0,56.9585,0.0
06:17:23,7165.08,7315.0,29.3403,0.0
06:17:23,7165.08,7320.0,72.7014,0.0
06:17:23,7165.08,7325.0,21.8798,0.0
06:17:23,7165.08,7330.0,57.2859,0.0
06:17:23,7165.08,7335.0,0.3669,0.0
06:17:23,7165.08,7340.0,6.7209,0.0
06:17:23,7165.08,7345.0,0.2152,0.0
06:17:23,7165.08,7350.0,29.7588,0.0
06:17:23,7165.08,7360.0,2.9159,247.0
06:17:23,7165.08,7370.0,7.6608,771.0
06:17:23,7165.08,7375.0,25.4988,10617.0
06:17:23,7165.08,7380.0,12.2625,5152.0
06:17:23,7165.08,7390.0,33.0928,2139.0
06:17:23,7165.08,7400.0,15.4658,4230.0
06:17:23,7165.08,7410.0,0.0095,65.0
06:17:23,7165.08,7425.0,4.2126,194.0
06:17:23,7165.08,7450.0,1.5767,474.0
06:17:23,7165.08,7475.0,0.0336,140.0
06:17:23,7165.08,7500.0,0.1662,296.0
06:17:23,7165.08,7550.0,0.0005,0.0
06:17:23,7165.08,7600.0,0.0006,2.0
06:17:23,7165.08,7700.0,0.0001,0.0
06:17:23,7165.08,7800.0,0.0,1.0
06:17:23,7165.08,8000.0,0.0,2.0
06:17:23,7165.08,8800.0,0.0,2.0
06:17:23,7165.08,9200.0,0.0,1.0
06:34:50,7165.08,4600.0,-0.0,4.0
06:34:50,7165.08,5300.0,-0.0,1.0
06:34:50,7165.08,5400.0,-0.0,3.0
06:34:50,7165.08,5500.0,-0.0,1.0
06:34:50,7165.08,5575.0,-0.0,1.0
06:34:50,7165.08,5625.0,-0.0,1.0
06:34:50,7165.08,5650.0,-0.0,1.0
06:34:50,7165.08,5800.0,-0.0,4.0
06:34:50,7165.08,5900.0,-0.0,3.0
06:34:50,7165.08,6000.0,-0.0,24.0
06:34:50,7165.08,6100.0,-0.0,876.0
06:34:50,7165.08,6110.0,-0.0,105.0
06:34:50,7165.08,6120.0,-0.0,81.0
06:34:50,7165.08,6125.0,-0.0,13.0
06:34:50,7165.08,6130.0,-0.0,3.0
06:34:50,7165.08,6140.0,-0.0,100.0
06:34:50,7165.08,6150.0,-0.0,297.0
06:34:50,7165.08,6160.0,-0.0,85.0
06:34:50,7165.08,6170.0,-0.0,87.0
06:34:50,7165.08,6175.0,-0.0,163.0
06:34:50,7165.08,6180.0,-0.0,10.0
06:34:50,7165.08,6190.0,-0.0026,97.0
06:34:50,7165.08,6200.0,-0.0,1177.0
06:34:50,7165.08,6210.0,-0.0984,0.0
06:34:50,7165.08,6220.0,-0.0021,40.0
06:34:50,7165.08,6225.0,-0.0,150.0
06:34:50,7165.08,6230.0,-0.0072,302.0
06:34:50,7165.08,6240.0,-0.0023,60.0
06:34:50,7165.08,6250.0,-0.0,226.0
06:34:50,7165.08,6260.0,-0.0,200.0
06:34:50,7165.08,6270.0,-0.014,101.0
06:34:50,7165.08,6275.0,-0.0,30.0
06:34:50,7165.08,6280.0,0.0002,20.0
06:34:50,7165.08,6290.0,-0.0,38.0
06:34:50,7165.08,6300.0,-0.0,96.0
06:34:50,7165.08,6310.0,-0.0,161.0
06:34:50,7165.08,6320.0,-0.0,10.0
06:34:50,7165.08,6325.0,-0.0,30.0
06:34:50,7165.08,6330.0,-0.0,196.0
06:34:50,7165.08,6340.0,0.0095,10.0
06:34:50,7165.08,6350.0,-0.0,95.0
06:34:50,7165.08,6360.0,-0.0,58.0
06:34:50,7165.08,6370.0,-0.0,50.0
06:34:50,7165.08,6375.0,-0.0,5.0
06:34:50,7165.08,6380.0,-0.0,44.0
06:34:50,7165.08,6390.0,0.0,11.0
06:34:50,7165.08,6400.0,-0.0,152.0
06:34:50,7165.08,6410.0,-0.0,5.0
06:34:50,7165.08,6420.0,-0.0,14.0
06:34:50,7165.08,6425.0,0.0,52.0
06:34:50,7165.08,6430.0,-0.0573,7.0
06:34:50,7165.08,6440.0,-0.0383,44.0
06:34:50,7165.08,6450.0,-0.0,1068.0
06:34:50,7165.08,6460.0,-0.0,80.0
06:34:50,7165.08,6470.0,-0.0,8.0
06:34:50,7165.08,6475.0,-0.0,3.0
06:34:50,7165.08,6480.0,-0.0,35.0
06:34:50,7165.08,6485.0,0.0043,8.0
06:34:50,7165.08,6490.0,-0.0,5.0
06:34:50,7165.08,6495.0,-0.0092,0.0
06:34:50,7165.08,6500.0,-0.0,70.0
06:34:50,7165.08,6505.0,-0.1222,100.0
06:34:50,7165.08,6510.0,-0.0,118.0
06:34:50,7165.08,6515.0,0.0164,117.0
06:34:50,7165.08,6520.0,-0.0,29.0
06:34:50,7165.08,6525.0,-0.0,4.0
06:34:50,7165.08,6530.0,-0.0,1.0
06:34:50,7165.08,6535.0,-0.0805,64.0
06:34:50,7165.08,6540.0,-0.0,22.0
06:34:50,7165.08,6545.0,-0.0131,58.0
06:34:50,7165.08,6550.0,-0.2663,0.0
06:34:50,7165.08,6555.0,0.0576,27.0
06:34:50,7165.08,6560.0,-0.0,15.0
06:34:50,7165.08,6565.0,-0.0552,3.0
06:34:50,7165.08,6570.0,0.0,1.0
06:34:50,7165.08,6580.0,0.0649,13.0
06:34:50,7165.08,6585.0,-0.0766,48.0
06:34:50,7165.08,6590.0,0.0474,57.0
06:34:50,7165.08,6595.0,-0.0,79.0
06:34:50,7165.08,6600.0,-0.0,4.0
06:34:50,7165.08,6605.0,-0.0,30.0
06:34:50,7165.08,6610.0,0.1515,106.0
06:34:50,7165.08,6615.0,-0.0,95.0
06:34:50,7165.08,6620.0,0.1026,80.0
06:34:50,7165.08,6625.0,0.0,16.0
06:34:50,7165.08,6630.0,-0.0,40.0
06:34:50,7165.08,6635.0,-0.1048,137.0
06:34:50,7165.08,6640.0,0.145,87.0
06:34:50,7165.08,6645.0,-0.1235,27.0
06:34:50,7165.08,6650.0,-0.0,3.0
06:34:50,7165.08,6655.0,-0.1014,70.0
06:34:50,7165.08,6660.0,-0.1662,88.0
06:34:50,7165.08,6665.0,-0.0,6.0
06:34:50,7165.08,6670.0,-0.0568,3.0
06:34:50,7165.08,6675.0,0.0,248.0
06:34:50,7165.08,6680.0,-0.3832,62.0
06:34:50,7165.08,6685.0,-0.0,287.0
06:34:50,7165.08,6690.0,-1.1985,139.0
06:34:50,7165.08,6695.0,-0.0,31.0
06:34:50,7165.08,6700.0,-0.0014,1429.0
06:34:50,7165.08,6705.0,-0.0001,49.0
06:34:50,7165.08,6710.0,-0.5515,565.0
06:34:50,7165.08,6715.0,-0.0002,161.0
06:34:50,7165.08,6720.0,-0.0004,44.0
06:34:50,7165.08,6725.0,-0.0006,1300.0
06:34:50,7165.08,6730.0,-0.0008,63.0
06:34:50,7165.08,6735.0,0.0255,56.0
06:34:50,7165.08,6740.0,-0.0022,181.0
06:34:50,7165.08,6745.0,-0.0006,86.0
06:34:50,7165.08,6750.0,-0.0094,3696.0
06:34:50,7165.08,6755.0,-0.0019,153.0
06:34:50,7165.08,6760.0,-1.966,1867.0
06:34:50,7165.08,6765.0,-0.0031,293.0
06:34:50,7165.08,6770.0,-1.806,136.0
06:34:50,7165.08,6775.0,-0.0042,3448.0
06:34:50,7165.08,6780.0,-0.0111,276.0
06:34:50,7165.08,6785.0,0.0242,130.0
06:34:50,7165.08,6790.0,-0.0215,194.0
06:34:50,7165.08,6795.0,-0.0608,159.0
06:34:50,7165.08,6800.0,-11.7331,2592.0
06:34:50,7165.08,6805.0,-4.2882,347.0
06:34:50,7165.08,6810.0,-3.7409,704.0
06:34:50,7165.08,6815.0,-0.0214,296.0
06:34:50,7165.08,6820.0,-1.649,158.0
06:34:50,7165.08,6825.0,2.1811,1565.0
06:34:50,7165.08,6830.0,-0.0506,188.0
06:34:50,7165.08,6835.0,-0.9594,221.0
06:34:50,7165.08,6840.0,-0.16,1189.0
06:34:50,7165.08,6845.0,-0.2437,4310.0
06:34:50,7165.08,6850.0,-7.8118,4335.0
06:34:50,7165.08,6855.0,-0.413,665.0
06:34:50,7165.08,6860.0,-4.3119,0.0
06:34:50,7165.08,6865.0,-0.6827,0.0
06:34:50,7165.08,6870.0,-0.2721,0.0
06:34:50,7165.08,6875.0,-0.6819,0.0
06:34:50,7165.08,6880.0,-1.0618,0.0
06:34:50,7165.08,6885.0,-13.817,3.0
06:34:50,7165.08,6890.0,-0.825,0.0
06:34:50,7165.08,6895.0,-58.1265,13.0
06:34:50,7165.08,6900.0,-36.6982,0.0
06:34:50,7165.08,6905.0,-2.7141,0.0
06:34:50,7165.08,6910.0,-1.4923,0.0
06:34:50,7165.08,6915.0,-1.2064,82.0
06:34:50,7165.08,6920.0,-0.7761,91.0
06:34:50,7165.08,6925.0,0.7624,791.0
06:34:50,7165.08,6930.0,-5.7977,0.0
06:34:50,7165.08,6935.0,-5.0962,0.0
06:34:50,7165.08,6940.0,1.0832,0.0
06:34:50,7165.08,6945.0,-39.7964,0.0
06:34:50,7165.08,6950.0,-55.891,117.0
06:34:50,7165.08,6955.0,-32.2255,0.0
06:34:50,7165.08,6960.0,-13.141,0.0
06:34:50,7165.08,6965.0,-6.3978,0.0
06:34:50,7165.08,6970.0,-4.1436,0.0
06:34:50,7165.08,6975.0,-15.0898,2648.0
06:34:50,7165.08,6980.0,-14.1651,0.0
06:34:50,7165.08,6985.0,-12.9409,32.0
06:34:50,7165.08,6990.0,-17.337,0.0
06:34:50,7165.08,6995.0,-16.8528,0.0
06:34:50,7165.08,7000.0,-11.9001,0.0
06:34:50,7165.08,7005.0,-126.486,0.0
06:34:50,7165.08,7010.0,-3.803,0.0
06:34:50,7165.08,7015.0,-10.6915,0.0
06:34:50,7165.08,7020.0,-4.5042,0.0
06:34:50,7165.08,7025.0,-23.4067,0.0
06:34:50,7165.08,7030.0,43.0428,0.0
06:34:50,7165.08,7035.0,-20.2507,0.0
06:34:50,7165.08,7040.0,-19.4179,0.0
06:34:50,7165.08,7045.0,308.3998,0.0
06:34:50,7165.08,7050.0,-123.7781,0.0
06:34:50,7165.08,7055.0,-195.4224,0.0
06:34:50,7165.08,7060.0,-22.1311,0.0
06:34:50,7165.08,7065.0,-15.1002,0.0
06:34:50,7165.08,7070.0,3.1324,0.0
06:34:50,7165.08,7075.0,-68.9882,0.0
06:34:50,7165.08,7080.0,-46.3397,0.0
06:34:50,7165.08,7085.0,-23.0963,0.0
06:34:50,7165.08,7090.0,-49.5119,0.0
06:34:50,7165.08,7095.0,-15.3363,0.0
06:34:50,7165.08,7100.0,127.8095,10605.0
06:34:50,7165.08,7105.0,18.294,0.0
06:34:50,7165.08,7110.0,-24.7531,0.0
06:34:50,7165.08,7115.0,22.6923,0.0
06:34:50,7165.08,7120.0,74.7954,0.0
06:34:50,7165.08,7125.0,1.3871,0.0
06:34:50,7165.08,7130.0,1432.7542,0.0
06:34:50,7165.08,7135.0,33.2303,0.0
06:34:50,7165.08,7140.0,281.7618,1894.0
06:34:50,7165.08,7145.0,40.4458,0.0
06:34:50,7165.08,7150.0,95.4028,0.0
06:34:50,7165.08,7155.0,654.3267,0.0
06:34:50,7165.08,7160.0,1144.1108,0.0
06:34:50,7165.08,7165.0,49.9362,0.0
06:34:50,7165.08,7170.0,200.338,0.0
06:34:50,7165.08,7175.0,324.0935,0.0
06:34:50,7165.08,7180.0,122.0941,0.0
06:34:50,7165.08,7185.0,76.5426,0.0
06:34:50,7165.08,7190.0,143.775,0.0
06:34:50,7165.08,7195.0,111.0354,0.0
06:34:50,7165.08,7200.0,681.2964,10217.0
06:34:50,7165.08,7205.0,78.608,0.0
06:34:50,7165.08,7210.0,213.0405,0.0
06:34:50,7165.08,7215.0,117.7262,0.0
06:34:50,7165.08,7220.0,216.5669,0.0
06:34:50,7165.08,7225.0,166.4071,0.0
06:34:50,7165.08,7230.0,178.4028,0.0
06:34:50,7165.08,7235.0,68.8201,0.0
06:34:50,7165.08,7240.0,182.2312,0.0
06:34:50,7165.08,7245.0,89.3606,0.0
06:34:50,7165.08,7250.0,1201.5839,0.0
06:34:50,7165.08,7255.0,447.6,0.0
06:34:50,7165.08,7260.0,120.2444,0.0
06:34:50,7165.08,7265.0,101.798,0.0
06:34:50,7165.08,7270.0,162.8743,0.0
06:34:50,7165.08,7275.0,281.902,0.0
06:34:50,7165.08,7280.0,198.4675,0.0
06:34:50,7165.08,7285.0,46.405,0.0
06:34:50,7165.08,7290.0,104.0849,0.0
06:34:50,7165.08,7295.0,43.9082,0.0
06:34:50,7165.08,7300.0,95.4905,0.0
06:34:50,7165.08,7305.0,6.3165,0.0
06:34:50,7165.08,7310.0,56.9585,0.0
06:34:50,7165.08,7315.0,29.3403,0.0
06:34:50,7165.08,7320.0,72.7014,0.0
06:34:50,7165.08,7325.0,21.8798,0.0
06:34:50,7165.08,7330.0,57.2859,0.0
06:34:50,7165.08,7335.0,0.3669,0.0
06:34:50,7165.08,7340.0,6.7209,0.0
06:34:50,7165.08,7345.0,0.2152,0.0
06:34:50,7165.08,7350.0,29.7588,0.0
06:34:50,7165.08,7360.0,2.9159,247.0
06:34:50,7165.08,7370.0,7.6608,771.0
06:34:50,7165.08,7375.0,25.4988,10617.0
06:34:50,7165.08,7380.0,12.2625,5152.0
06:34:50,7165.08,7390.0,33.0928,2139.0
06:34:50,7165.08,7400.0,15.4658,4230.0
06:34:50,7165.08,7410.0,0.0095,65.0
06:34:50,7165.08,7425.0,4.2126,194.0
06:34:50,7165.08,7450.0,1.5767,474.0
06:34:50,7165.08,7475.0,0.0336,140.0
06:34:50,7165.08,7500.0,0.1662,296.0
06:34:50,7165.08,7550.0,0.0005,0.0
06:34:50,7165.08,7600.0,0.0006,2.0
06:34:50,7165.08,7700.0,0.0001,0.0
06:34:50,7165.08,7800.0,0.0,1.0
06:34:50,7165.08,8000.0,0.0,2.0
06:34:50,7165.08,8800.0,0.0,2.0
06:34:50,7165.08,9200.0,0.0,1.0
06:42:30,7165.08,4600.0,-0.0,4.0
06:42:30,7165.08,5300.0,-0.0,1.0
06:42:30,7165.08,5400.0,-0.0,3.0
06:42:30,7165.08,5500.0,-0.0,1.0
06:42:30,7165.08,5575.0,-0.0,1.0
06:42:30,7165.08,5625.0,-0.0,1.0
06:42:30,7165.08,5650.0,-0.0,1.0
06:42:30,7165.08,5800.0,-0.0,4.0
06:42:30,7165.08,5900.0,-0.0,3.0
06:42:30,7165.08,6000.0,-0.0,24.0
06:42:30,7165.08,6100.0,-0.0,876.0
06:42:30,7165.08,6110.0,-0.0,105.0
06:42:30,7165.08,6120.0,-0.0,81.0
06:42:30,7165.08,6125.0,-0.0,13.0
06:42:30,7165.08,6130.0,-0.0,3.0
06:42:30,7165.08,6140.0,-0.0,100.0
06:42:30,7165.08,6150.0,-0.0,297.0
06:42:30,7165.08,6160.0,-0.0,85.0
06:42:30,7165.08,6170.0,-0.0,87.0
06:42:30,7165.08,6175.0,-0.0,163.0
06:42:30,7165.08,6180.0,-0.0,10.0
06:42:30,7165.08,6190.0,-0.0026,97.0
06:42:30,7165.08,6200.0,-0.0,1177.0
06:42:30,7165.08,6210.0,-0.0984,0.0
06:42:30,7165.08,6220.0,-0.0021,40.0
06:42:30,7165.08,6225.0,-0.0,150.0
06:42:30,7165.08,6230.0,-0.0072,302.0
06:42:30,7165.08,6240.0,-0.0023,60.0
06:42:30,7165.08,6250.0,-0.0,226.0
06:42:30,7165.08,6260.0,-0.0,200.0
06:42:30,7165.08,6270.0,-0.014,101.0
06:42:30,7165.08,6275.0,-0.0,30.0
06:42:30,7165.08,6280.0,0.0002,20.0
06:42:30,7165.08,6290.0,-0.0,38.0
06:42:30,7165.08,6300.0,-0.0,96.0
06:42:30,7165.08,6310.0,-0.0,161.0
06:42:30,7165.08,6320.0,-0.0,10.0
06:42:30,7165.08,6325.0,-0.0,30.0
06:42:30,7165.08,6330.0,-0.0,196.0
06:42:30,7165.08,6340.0,0.0095,10.0
06:42:30,7165.08,6350.0,-0.0,95.0
06:42:30,7165.08,6360.0,-0.0,58.0
06:42:30,7165.08,6370.0,-0.0,50.0
06:42:30,7165.08,6375.0,-0.0,5.0
06:42:30,7165.08,6380.0,-0.0,44.0
06:42:30,7165.08,6390.0,0.0,11.0
06:42:30,7165.08,6400.0,-0.0,152.0
06:42:30,7165.08,6410.0,-0.0,5.0
06:42:30,7165.08,6420.0,-0.0,14.0
06:42:30,7165.08,6425.0,0.0,52.0
06:42:30,7165.08,6430.0,-0.0573,7.0
06:42:30,7165.08,6440.0,-0.0383,44.0
06:42:30,7165.08,6450.0,-0.0,1068.0
06:42:30,7165.08,6460.0,-0.0,80.0
06:42:30,7165.08,6470.0,-0.0,8.0
06:42:30,7165.08,6475.0,-0.0,3.0
06:42:30,7165.08,6480.0,-0.0,35.0
06:42:30,7165.08,6485.0,0.0043,8.0
06:42:30,7165.08,6490.0,-0.0,5.0
06:42:30,7165.08,6495.0,-0.0092,0.0
06:42:30,7165.08,6500.0,-0.0,70.0
06:42:30,7165.08,6505.0,-0.1222,100.0
06:42:30,7165.08,6510.0,-0.0,118.0
06:42:30,7165.08,6515.0,0.0164,117.0
06:42:30,7165.08,6520.0,-0.0,29.0
06:42:30,7165.08,6525.0,-0.0,4.0
06:42:30,7165.08,6530.0,-0.0,1.0
06:42:30,7165.08,6535.0,-0.0805,64.0
06:42:30,7165.08,6540.0,-0.0,22.0
06:42:30,7165.08,6545.0,-0.0131,58.0
06:42:30,7165.08,6550.0,-0.2663,0.0
06:42:30,7165.08,6555.0,0.0576,27.0
06:42:30,7165.08,6560.0,-0.0,15.0
06:42:30,7165.08,6565.0,-0.0552,3.0
06:42:30,7165.08,6570.0,0.0,1.0
06:42:30,7165.08,6580.0,0.0649,13.0
06:42:30,7165.08,6585.0,-0.0766,48.0
06:42:30,7165.08,6590.0,0.0474,57.0
06:42:30,7165.08,6595.0,-0.0,79.0
06:42:30,7165.08,6600.0,-0.0,4.0
06:42:30,7165.08,6605.0,-0.0,30.0
06:42:30,7165.08,6610.0,0.1515,106.0
06:42:30,7165.08,6615.0,-0.0,95.0
06:42:30,7165.08,6620.0,0.1026,80.0
06:42:30,7165.08,6625.0,0.0,16.0
06:42:30,7165.08,6630.0,-0.0,40.0
06:42:30,7165.08,6635.0,-0.1048,137.0
06:42:30,7165.08,6640.0,0.145,87.0
06:42:30,7165.08,6645.0,-0.1235,27.0
06:42:30,7165.08,6650.0,-0.0,3.0
06:42:30,7165.08,6655.0,-0.1014,70.0
06:42:30,7165.08,6660.0,-0.1662,88.0
06:42:30,7165.08,6665.0,-0.0,6.0
06:42:30,7165.08,6670.0,-0.0568,3.0
06:42:30,7165.08,6675.0,0.0,248.0
06:42:30,7165.08,6680.0,-0.3832,62.0
06:42:30,7165.08,6685.0,-0.0,287.0
06:42:30,7165.08,6690.0,-1.1985,139.0
06:42:30,7165.08,6695.0,-0.0,31.0
06:42:30,7165.08,6700.0,-0.0014,1429.0
06:42:30,7165.08,6705.0,-0.0001,49.0
06:42:30,7165.08,6710.0,-0.5515,565.0
06:42:30,7165.08,6715.0,-0.0002,161.0
06:42:30,7165.08,6720.0,-0.0004,44.0
06:42:30,7165.08,6725.0,-0.0006,1300.0
06:42:30,7165.08,6730.0,-0.0008,63.0
06:42:30,7165.08,6735.0,0.0255,56.0
06:42:30,7165.08,6740.0,-0.0022,181.0
06:42:30,7165.08,6745.0,-0.0006,86.0
06:42:30,7165.08,6750.0,-0.0094,3696.0
06:42:30,7165.08,6755.0,-0.0019,153.0
06:42:30,7165.08,6760.0,-1.966,1867.0
06:42:30,7165.08,6765.0,-0.0031,293.0
06:42:30,7165.08,6770.0,-1.806,136.0
06:42:30,7165.08,6775.0,-0.0042,3448.0
06:42:30,7165.08,6780.0,-0.0111,276.0
06:42:30,7165.08,6785.0,0.0242,130.0
06:42:30,7165.08,6790.0,-0.0215,194.0
06:42:30,7165.08,6795.0,-0.0608,159.0
06:42:30,7165.08,6800.0,-11.7331,2592.0
06:42:30,7165.08,6805.0,-4.2882,347.0
06:42:30,7165.08,6810.0,-3.7409,704.0
06:42:30,7165.08,6815.0,-0.0214,296.0
06:42:30,7165.08,6820.0,-1.649,158.0
06:42:30,7165.08,6825.0,2.1811,1565.0
06:42:30,7165.08,6830.0,-0.0506,188.0
06:42:30,7165.08,6835.0,-0.9594,221.0
06:42:30,7165.08,6840.0,-0.16,1189.0
06:42:30,7165.08,6845.0,-0.2437,4310.0
06:42:30,7165.08,6850.0,-7.8118,4335.0
06:42:30,7165.08,6855.0,-0.413,665.0
06:42:30,7165.08,6860.0,-4.3119,0.0
06:42:30,7165.08,6865.0,-0.6827,0.0
06:42:30,7165.08,6870.0,-0.2721,0.0
06:42:30,7165.08,6875.0,-0.6819,0.0
06:42:30,7165.08,6880.0,-1.0618,0.0
06:42:30,7165.08,6885.0,-13.817,3.0
06:42:30,7165.08,6890.0,-0.825,0.0
06:42:30,7165.08,6895.0,-58.1265,13.0
06:42:30,7165.08,6900.0,-36.6982,0.0
06:42:30,7165.08,6905.0,-2.7141,0.0
06:42:30,7165.08,6910.0,-1.4923,0.0
06:42:30,7165.08,6915.0,-1.2064,82.0
06:42:30,7165.08,6920.0,-0.7761,91.0
06:42:30,7165.08,6925.0,0.7624,791.0
06:42:30,7165.08,6930.0,-5.7977,0.0
06:42:30,7165.08,6935.0,-5.0962,0.0
06:42:30,7165.08,6940.0,1.0832,0.0
06:42:30,7165.08,6945.0,-39.7964,0.0
06:42:30,7165.08,6950.0,-55.891,117.0
06:42:30,7165.08,6955.0,-32.2255,0.0
06:42:30,7165.08,6960.0,-13.141,0.0
06:42:30,7165.08,6965.0,-6.3978,0.0
06:42:30,7165.08,6970.0,-4.1436,0.0
06:42:30,7165.08,6975.0,-15.0898,2648.0
06:42:30,7165.08,6980.0,-14.1651,0.0
06:42:30,7165.08,6985.0,-12.9409,32.0
06:42:30,7165.08,6990.0,-17.337,0.0
06:42:30,7165.08,6995.0,-16.8528,0.0
06:42:30,7165.08,7000.0,-11.9001,0.0
06:42:30,7165.08,7005.0,-126.486,0.0
06:42:30,7165.08,7010.0,-3.803,0.0
06:42:30,7165.08,7015.0,-10.6915,0.0
06:42:30,7165.08,7020.0,-4.5042,0.0
06:42:30,7165.08,7025.0,-23.4067,0.0
06:42:30,7165.08,7030.0,43.0428,0.0
06:42:30,7165.08,7035.0,-20.2507,0.0
06:42:30,7165.08,7040.0,-19.4179,0.0
06:42:30,7165.08,7045.0,308.3998,0.0
06:42:30,7165.08,7050.0,-123.7781,0.0
06:42:30,7165.08,7055.0,-195.4224,0.0
06:42:30,7165.08,7060.0,-22.1311,0.0
06:42:30,7165.08,7065.0,-15.1002,0.0
06:42:30,7165.08,7070.0,3.1324,0.0
06:42:30,7165.08,7075.0,-68.9882,0.0
06:42:30,7165.08,7080.0,-46.3397,0.0
06:42:30,7165.08,7085.0,-23.0963,0.0
06:42:30,7165.08,7090.0,-49.5119,0.0
06:42:30,7165.08,7095.0,-15.3363,0.0
06:42:30,7165.08,7100.0,127.8095,10605.0
06:42:30,7165.08,7105.0,18.294,0.0
06:42:30,7165.08,7110.0,-24.7531,0.0
06:42:30,7165.08,7115.0,22.6923,0.0
06:42:30,7165.08,7120.0,74.7954,0.0
06:42:30,7165.08,7125.0,1.3871,0.0
06:42:30,7165.08,7130.0,1432.7542,0.0
06:42:30,7165.08,7135.0,33.2303,0.0
06:42:30,7165.08,7140.0,281.7618,1894.0
06:42:30,7165.08,7145.0,40.4458,0.0
06:42:30,7165.08,7150.0,95.4028,0.0
06:42:30,7165.08,7155.0,654.3267,0.0
06:42:30,7165.08,7160.0,1144.1108,0.0
06:42:30,7165.08,7165.0,49.9362,0.0
06:42:30,7165.08,7170.0,200.338,0.0
06:42:30,7165.08,7175.0,324.0935,0.0
06:42:30,7165.08,7180.0,122.0941,0.0
06:42:30,7165.08,7185.0,76.5426,0.0
06:42:30,7165.08,7190.0,143.775,0.0
06:42:30,7165.08,7195.0,111.0354,0.0
06:42:30,7165.08,7200.0,681.2964,10217.0
06:42:30,7165.08,7205.0,78.608,0.0
06:42:30,7165.08,7210.0,213.0405,0.0
06:42:30,7165.08,7215.0,117.7262,0.0
06:42:30,7165.08,7220.0,216.5669,0.0
06:42:30,7165.08,7225.0,166.4071,0.0
06:42:30,7165.08,7230.0,178.4028,0.0
06:42:30,7165.08,7235.0,68.8201,0.0
06:42:30,7165.08,7240.0,182.2312,0.0
06:42:30,7165.08,7245.0,89.3606,0.0
06:42:30,7165.08,7250.0,1201.5839,0.0
06:42:30,7165.08,7255.0,447.6,0.0
06:42:30,7165.08,7260.0,120.2444,0.0
06:42:30,7165.08,7265.0,101.798,0.0
06:42:30,7165.08,7270.0,162.8743,0.0
06:42:30,7165.08,7275.0,281.902,0.0
06:42:30,7165.08,7280.0,198.4675,0.0
06:42:30,7165.08,7285.0,46.405,0.0
06:42:30,7165.08,7290.0,104.0849,0.0
06:42:30,7165.08,7295.0,43.9082,0.0
06:42:30,7165.08,7300.0,95.4905,0.0
06:42:30,7165.08,7305.0,6.3165,0.0
06:42:30,7165.08,7310.0,56.9585,0.0
06:42:30,7165.08,7315.0,29.3403,0.0
06:42:30,7165.08,7320.0,72.7014,0.0
06:42:30,7165.08,7325.0,21.8798,0.0
06:42:30,7165.08,7330.0,57.2859,0.0
06:42:30,7165.08,7335.0,0.3669,0.0
06:42:30,7165.08,7340.0,6.7209,0.0
06:42:30,7165.08,7345.0,0.2152,0.0
06:42:30,7165.08,7350.0,29.7588,0.0
06:42:30,7165.08,7360.0,2.9159,247.0
06:42:30,7165.08,7370.0,7.6608,771.0
06:42:30,7165.08,7375.0,25.4988,10617.0
06:42:30,7165.08,7380.0,12.2625,5152.0
06:42:30,7165.08,7390.0,33.0928,2139.0
06:42:30,7165.08,7400.0,15.4658,4230.0
06:42:30,7165.08,7410.0,0.0095,65.0
06:42:30,7165.08,7425.0,4.2126,194.0
06:42:30,7165.08,7450.0,1.5767,474.0
06:42:30,7165.08,7475.0,0.0336,140.0
06:42:30,7165.08,7500.0,0.1662,296.0
06:42:30,7165.08,7550.0,0.0005,0.0
06:42:30,7165.08,7600.0,0.0006,2.0
06:42:30,7165.08,7700.0,0.0001,0.0
06:42:30,7165.08,7800.0,0.0,1.0
06:42:30,7165.08,8000.0,0.0,2.0
06:42:30,7165.08,8800.0,0.0,2.0
06:42:30,7165.08,9200.0,0.0,1.0
06:44:56,7165.08,4600.0,-0.0,4.0
06:44:56,7165.08,5300.0,-0.0,1.0
06:44:56,7165.08,5400.0,-0.0,3.0
06:44:56,7165.08,5500.0,-0.0,1.0
06:44:56,7165.08,5575.0,-0.0,1.0
06:44:56,7165.08,5625.0,-0.0,1.0
06:44:56,7165.08,5650.0,-0.0,1.0
06:44:56,7165.08,5800.0,-0.0,4.0
06:44:56,7165.08,5900.0,-0.0,3.0
06:44:56,7165.08,6000.0,-0.0,24.0
06:44:56,7165.08,6100.0,-0.0,876.0
06:44:56,7165.08,6110.0,-0.0,105.0
06:44:56,7165.08,6120.0,-0.0,81.0
06:44:56,7165.08,6125.0,-0.0,13.0
06:44:56,7165.08,6130.0,-0.0,3.0
06:44:56,7165.08,6140.0,-0.0,100.0
06:44:56,7165.08,6150.0,-0.0,297.0
06:44:56,7165.08,6160.0,-0.0,85.0
06:44:56,7165.08,6170.0,-0.0,87.0
06:44:56,7165.08,6175.0,-0.0,163.0
06:44:56,7165.08,6180.0,-0.0,10.0
06:44:56,7165.08,6190.0,-0.0026,97.0
06:44:56,7165.08,6200.0,-0.0,1177.0
06:44:56,7165.08,6210.0,-0.0984,0.0
06:44:56,7165.08,6220.0,-0.0021,40.0
06:44:56,7165.08,6225.0,-0.0,150.0
06:44:56,7165.08,6230.0,-0.0072,302.0
06:44:56,7165.08,6240.0,-0.0023,60.0
06:44:56,7165.08,6250.0,-0.0,226.0
06:44:56,7165.08,6260.0,-0.0,200.0
06:44:56,7165.08,6270.0,-0.014,101.0
06:44:56,7165.08,6275.0,-0.0,30.0
06:44:56,7165.08,6280.0,0.0002,20.0
06:44:56,7165.08,6290.0,-0.0,38.0
06:44:56,7165.08,6300.0,-0.0,96.0
06:44:56,7165.08,6310.0,-0.0,161.0
06:44:56,7165.08,6320.0,-0.0,10.0
06:44:56,7165.08,6325.0,-0.0,30.0
06:44:56,7165.08,6330.0,-0.0,196.0
06:44:56,7165.08,6340.0,0.0095,10.0
06:44:56,7165.08,6350.0,-0.0,95.0
06:44:56,7165.08,6360.0,-0.0,58.0
06:44:56,7165.08,6370.0,-0.0,50.0
06:44:56,7165.08,6375.0,-0.0,5.0
06:44:56,7165.08,6380.0,-0.0,44.0
06:44:56,7165.08,6390.0,0.0,11.0
06:44:56,7165.08,6400.0,-0.0,152.0
06:44:56,7165.08,6410.0,-0.0,5.0
06:44:56,7165.08,6420.0,-0.0,14.0
06:44:56,7165.08,6425.0,0.0,52.0
06:44:56,7165.08,6430.0,-0.0573,7.0
06:44:56,7165.08,6440.0,-0.0383,44.0
06:44:56,7165.08,6450.0,-0.0,1068.0
06:44:56,7165.08,6460.0,-0.0,80.0
06:44:56,7165.08,6470.0,-0.0,8.0
06:44:56,7165.08,6475.0,-0.0,3.0
06:44:56,7165.08,6480.0,-0.0,35.0
06:44:56,7165.08,6485.0,0.0043,8.0
06:44:56,7165.08,6490.0,-0.0,5.0
06:44:56,7165.08,6495.0,-0.0092,0.0
06:44:56,7165.08,6500.0,-0.0,70.0
06:44:56,7165.08,6505.0,-0.1222,100.0
06:44:56,7165.08,6510.0,-0.0,118.0
06:44:56,7165.08,6515.0,0.0164,117.0
06:44:56,7165.08,6520.0,-0.0,29.0
06:44:56,7165.08,6525.0,-0.0,4.0
06:44:56,7165.08,6530.0,-0.0,1.0
06:44:56,7165.08,6535.0,-0.0805,64.0
06:44:56,7165.08,6540.0,-0.0,22.0
06:44:56,7165.08,6545.0,-0.0131,58.0
06:44:56,7165.08,6550.0,-0.2663,0.0
06:44:56,7165.08,6555.0,0.0576,27.0
06:44:56,7165.08,6560.0,-0.0,15.0
06:44:56,7165.08,6565.0,-0.0552,3.0
06:44:56,7165.08,6570.0,0.0,1.0
06:44:56,7165.08,6580.0,0.0649,13.0
06:44:56,7165.08,6585.0,-0.0766,48.0
06:44:56,7165.08,6590.0,0.0474,57.0
06:44:56,7165.08,6595.0,-0.0,79.0
06:44:56,7165.08,6600.0,-0.0,4.0
06:44:56,7165.08,6605.0,-0.0,30.0
06:44:56,7165.08,6610.0,0.1515,106.0
06:44:56,7165.08,6615.0,-0.0,95.0
06:44:56,7165.08,6620.0,0.1026,80.0
06:44:56,7165.08,6625.0,0.0,16.0
06:44:56,7165.08,6630.0,-0.0,40.0
06:44:56,7165.08,6635.0,-0.1048,137.0
06:44:56,7165.08,6640.0,0.145,87.0
06:44:56,7165.08,6645.0,-0.1235,27.0
06:44:56,7165.08,6650.0,-0.0,3.0
06:44:56,7165.08,6655.0,-0.1014,70.0
06:44:56,7165.08,6660.0,-0.1662,88.0
06:44:56,7165.08,6665.0,-0.0,6.0
06:44:56,7165.08,6670.0,-0.0568,3.0
06:44:56,7165.08,6675.0,0.0,248.0
06:44:56,7165.08,6680.0,-0.3832,62.0
06:44:56,7165.08,6685.0,-0.0,287.0
06:44:56,7165.08,6690.0,-1.1985,139.0
06:44:56,7165.08,6695.0,-0.0,31.0
06:44:56,7165.08,6700.0,-0.0014,1429.0
06:44:56,7165.08,6705.0,-0.0001,49.0
06:44:56,7165.08,6710.0,-0.5515,565.0
06:44:56,7165.08,6715.0,-0.0002,161.0
06:44:56,7165.08,6720.0,-0.0004,44.0
06:44:56,7165.08,6725.0,-0.0006,1300.0
06:44:56,7165.08,6730.0,-0.0008,63.0
06:44:56,7165.08,6735.0,0.0255,56.0
06:44:56,7165.08,6740.0,-0.0022,181.0
06:44:56,7165.08,6745.0,-0.0006,86.0
06:44:56,7165.08,6750.0,-0.0094,3696.0
06:44:56,7165.08,6755.0,-0.0019,153.0
06:44:56,7165.08,6760.0,-1.966,1867.0
06:44:56,7165.08,6765.0,-0.0031,293.0
06:44:56,7165.08,6770.0,-1.806,136.0
06:44:56,7165.08,6775.0,-0.0042,3448.0
06:44:56,7165.08,6780.0,-0.0111,276.0
06:44:56,7165.08,6785.0,0.0242,130.0
06:44:56,7165.08,6790.0,-0.0215,194.0
06:44:56,7165.08,6795.0,-0.0608,159.0
06:44:56,7165.08,6800.0,-11.7331,2592.0
06:44:56,7165.08,6805.0,-4.2882,347.0
06:44:56,7165.08,6810.0,-3.7409,704.0
06:44:56,7165.08,6815.0,-0.0214,296.0
06:44:56,7165.08,6820.0,-1.649,158.0
06:44:56,7165.08,6825.0,2.1811,1565.0
06:44:56,7165.08,6830.0,-0.0506,188.0
06:44:56,7165.08,6835.0,-0.9594,221.0
06:44:56,7165.08,6840.0,-0.16,1189.0
06:44:56,7165.08,6845.0,-0.2437,4310.0
06:44:56,7165.08,6850.0,-7.8118,4335.0
06:44:56,7165.08,6855.0,-0.413,665.0
06:44:56,7165.08,6860.0,-4.3119,0.0
06:44:56,7165.08,6865.0,-0.6827,0.0
06:44:56,7165.08,6870.0,-0.2721,0.0
06:44:56,7165.08,6875.0,-0.6819,0.0
06:44:56,7165.08,6880.0,-1.0618,0.0
06:44:56,7165.08,6885.0,-13.817,3.0
06:44:56,7165.08,6890.0,-0.825,0.0
06:44:56,7165.08,6895.0,-58.1265,13.0
06:44:56,7165.08,6900.0,-36.6982,0.0
06:44:56,7165.08,6905.0,-2.7141,0.0
06:44:56,7165.08,6910.0,-1.4923,0.0
06:44:56,7165.08,6915.0,-1.2064,82.0
06:44:56,7165.08,6920.0,-0.7761,91.0
06:44:56,7165.08,6925.0,0.7624,791.0
06:44:56,7165.08,6930.0,-5.7977,0.0
06:44:56,7165.08,6935.0,-5.0962,0.0
06:44:56,7165.08,6940.0,1.0832,0.0
06:44:56,7165.08,6945.0,-39.7964,0.0
06:44:56,7165.08,6950.0,-55.891,117.0
06:44:56,7165.08,6955.0,-32.2255,0.0
06:44:56,7165.08,6960.0,-13.141,0.0
06:44:56,7165.08,6965.0,-6.3978,0.0
06:44:56,7165.08,6970.0,-4.1436,0.0
06:44:56,7165.08,6975.0,-15.0898,2648.0
06:44:56,7165.08,6980.0,-14.1651,0.0
06:44:56,7165.08,6985.0,-12.9409,32.0
06:44:56,7165.08,6990.0,-17.337,0.0
06:44:56,7165.08,6995.0,-16.8528,0.0
06:44:56,7165.08,7000.0,-11.9001,0.0
06:44:56,7165.08,7005.0,-126.486,0.0
06:44:56,7165.08,7010.0,-3.803,0.0
06:44:56,7165.08,7015.0,-10.6915,0.0
06:44:56,7165.08,7020.0,-4.5042,0.0
06:44:56,7165.08,7025.0,-23.4067,0.0
06:44:56,7165.08,7030.0,43.0428,0.0
06:44:56,7165.08,7035.0,-20.2507,0.0
06:44:56,7165.08,7040.0,-19.4179,0.0
06:44:56,7165.08,7045.0,308.3998,0.0
06:44:56,7165.08,7050.0,-123.7781,0.0
06:44:56,7165.08,7055.0,-195.4224,0.0
06:44:56,7165.08,7060.0,-22.1311,0.0
06:44:56,7165.08,7065.0,-15.1002,0.0
06:44:56,7165.08,7070.0,3.1324,0.0
06:44:56,7165.08,7075.0,-68.9882,0.0
06:44:56,7165.08,7080.0,-46.3397,0.0
06:44:56,7165.08,7085.0,-23.0963,0.0
06:44:56,7165.08,7090.0,-49.5119,0.0
06:44:56,7165.08,7095.0,-15.3363,0.0
06:44:56,7165.08,7100.0,127.8095,10605.0
06:44:56,7165.08,7105.0,18.294,0.0
06:44:56,7165.08,7110.0,-24.7531,0.0
06:44:56,7165.08,7115.0,22.6923,0.0
06:44:56,7165.08,7120.0,74.7954,0.0
06:44:56,7165.08,7125.0,1.3871,0.0
06:44:56,7165.08,7130.0,1432.7542,0.0
06:44:56,7165.08,7135.0,33.2303,0.0
06:44:56,7165.08,7140.0,281.7618,1894.0
06:44:56,7165.08,7145.0,40.4458,0.0
06:44:56,7165.08,7150.0,95.4028,0.0
06:44:56,7165.08,7155.0,654.3267,0.0
06:44:56,7165.08,7160.0,1144.1108,0.0
06:44:56,7165.08,7165.0,49.9362,0.0
06:44:56,7165.08,7170.0,200.338,0.0
06:44:56,7165.08,7175.0,324.0935,0.0
06:44:56,7165.08,7180.0,122.0941,0.0
06:44:56,7165.08,7185.0,76.5426,0.0
06:44:56,7165.08,7190.0,143.775,0.0
06:44:56,7165.08,7195.0,111.0354,0.0
06:44:56,7165.08,7200.0,681.2964,10217.0
06:44:56,7165.08,7205.0,78.608,0.0
06:44:56,7165.08,7210.0,213.0405,0.0
06:44:56,7165.08,7215.0,117.7262,0.0
06:44:56,7165.08,7220.0,216.5669,0.0
06:44:56,7165.08,7225.0,166.4071,0.0
06:44:56,7165.08,7230.0,178.4028,0.0
06:44:56,7165.08,7235.0,68.8201,0.0
06:44:56,7165.08,7240.0,182.2312,0.0
06:44:56,7165.08,7245.0,89.3606,0.0
06:44:56,7165.08,7250.0,1201.5839,0.0
06:44:56,7165.08,7255.0,447.6,0.0
06:44:56,7165.08,7260.0,120.2444,0.0
06:44:56,7165.08,7265.0,101.798,0.0
06:44:56,7165.08,7270.0,162.8743,0.0
06:44:56,7165.08,7275.0,281.902,0.0
06:44:56,7165.08,7280.0,198.4675,0.0
06:44:56,7165.08,7285.0,46.405,0.0
06:44:56,7165.08,7290.0,104.0849,0.0
06:44:56,7165.08,7295.0,43.9082,0.0
06:44:56,7165.08,7300.0,95.4905,0.0
06:44:56,7165.08,7305.0,6.3165,0.0
06:44:56,7165.08,7310.0,56.9585,0.0
06:44:56,7165.08,7315.0,29.3403,0.0
06:44:56,7165.08,7320.0,72.7014,0.0
06:44:56,7165.08,7325.0,21.8798,0.0
06:44:56,7165.08,7330.0,57.2859,0.0
06:44:56,7165.08,7335.0,0.3669,0.0
06:44:56,7165.08,7340.0,6.7209,0.0
06:44:56,7165.08,7345.0,0.2152,0.0
06:44:56,7165.08,7350.0,29.7588,0.0
06:44:56,7165.08,7360.0,2.9159,247.0
06:44:56,7165.08,7370.0,7.6608,771.0
06:44:56,7165.08,7375.0,25.4988,10617.0
06:44:56,7165.08,7380.0,12.2625,5152.0
06:44:56,7165.08,7390.0,33.0928,2139.0
06:44:56,7165.08,7400.0,15.4658,4230.0
06:44:56,7165.08,7410.0,0.0095,65.0
06:44:56,7165.08,7425.0,4.2126,194.0
06:44:56,7165.08,7450.0,1.5767,474.0
06:44:56,7165.08,7475.0,0.0336,140.0
06:44:56,7165.08,7500.0,0.1662,296.0
06:44:56,7165.08,7550.0,0.0005,0.0
06:44:56,7165.08,7600.0,0.0006,2.0
06:44:56,7165.08,7700.0,0.0001,0.0
06:44:56,7165.08,7800.0,0.0,1.0
06:44:56,7165.08,8000.0,0.0,2.0
06:44:56,7165.08,8800.0,0.0,2.0
06:44:56,7165.08,9200.0,0.0,1.0
07:01:27,7165.08,4600.0,-0.0,4.0
07:01:27,7165.08,5300.0,-0.0,1.0
07:01:27,7165.08,5400.0,-0.0,3.0
07:01:27,7165.08,5500.0,-0.0,1.0
07:01:27,7165.08,5575.0,-0.0,1.0
07:01:27,7165.08,5625.0,-0.0,1.0
07:01:27,7165.08,5650.0,-0.0,1.0
07:01:27,7165.08,5800.0,-0.0,4.0
07:01:27,7165.08,5900.0,-0.0,3.0
07:01:27,7165.08,6000.0,-0.0,24.0
07:01:27,7165.08,6100.0,-0.0,876.0
07:01:27,7165.08,6110.0,-0.0,105.0
07:01:27,7165.08,6120.0,-0.0,81.0
07:01:27,7165.08,6125.0,-0.0,13.0
07:01:27,7165.08,6130.0,-0.0,3.0
07:01:27,7165.08,6140.0,-0.0,100.0
07:01:27,7165.08,6150.0,-0.0,297.0
07:01:27,7165.08,6160.0,-0.0,85.0
07:01:27,7165.08,6170.0,-0.0,87.0
07:01:27,7165.08,6175.0,-0.0,163.0
07:01:27,7165.08,6180.0,-0.0,10.0
07:01:27,7165.08,6190.0,-0.0026,97.0
07:01:27,7165.08,6200.0,-0.0,1177.0
07:01:27,7165.08,6210.0,-0.0984,0.0
07:01:27,7165.08,6220.0,-0.0021,40.0
07:01:27,7165.08,6225.0,-0.0,150.0
07:01:27,7165.08,6230.0,-0.0072,302.0
07:01:27,7165.08,6240.0,-0.0023,60.0
07:01:27,7165.08,6250.0,-0.0,226.0
07:01:27,7165.08,6260.0,-0.0,200.0
07:01:27,7165.08,6270.0,-0.014,101.0
07:01:27,7165.08,6275.0,-0.0,30.0
07:01:27,7165.08,6280.0,0.0002,20.0
07:01:27,7165.08,6290.0,-0.0,38.0
07:01:27,7165.08,6300.0,-0.0,96.0
07:01:27,7165.08,6310.0,-0.0,161.0
07:01:27,7165.08,6320.0,-0.0,10.0
07:01:27,7165.08,6325.0,-0.0,30.0
07:01:27,7165.08,6330.0,-0.0,196.0
07:01:27,7165.08,6340.0,0.0095,10.0
07:01:27,7165.08,6350.0,-0.0,95.0
07:01:27,7165.08,6360.0,-0.0,58.0
07:01:27,7165.08,6370.0,-0.0,50.0
07:01:27,7165.08,6375.0,-0.0,5.0
07:01:27,7165.08,6380.0,-0.0,44.0
07:01:27,7165.08,6390.0,0.0,11.0
07:01:27,7165.08,6400.0,-0.0,152.0
07:01:27,7165.08,6410.0,-0.0,5.0
07:01:27,7165.08,6420.0,-0.0,14.0
07:01:27,7165.08,6425.0,0.0,52.0
07:01:27,7165.08,6430.0,-0.0573,7.0
07:01:27,7165.08,6440.0,-0.0383,44.0
07:01:27,7165.08,6450.0,-0.0,1068.0
07:01:27,7165.08,6460.0,-0.0,80.0
07:01:27,7165.08,6470.0,-0.0,8.0
07:01:27,7165.08,6475.0,-0.0,3.0
07:01:27,7165.08,6480.0,-0.0,35.0
07:01:27,7165.08,6485.0,0.0043,8.0
07:01:27,7165.08,6490.0,-0.0,5.0
07:01:27,7165.08,6495.0,-0.0092,0.0
07:01:27,7165.08,6500.0,-0.0,70.0
07:01:27,7165.08,6505.0,-0.1222,100.0
07:01:27,7165.08,6510.0,-0.0,118.0
07:01:27,7165.08,6515.0,0.0164,117.0
07:01:27,7165.08,6520.0,-0.0,29.0
07:01:27,7165.08,6525.0,-0.0,4.0
07:01:27,7165.08,6530.0,-0.0,1.0
07:01:27,7165.08,6535.0,-0.0805,64.0
07:01:27,7165.08,6540.0,-0.0,22.0
07:01:27,7165.08,6545.0,-0.0131,58.0
07:01:27,7165.08,6550.0,-0.2663,0.0
07:01:27,7165.08,6555.0,0.0576,27.0
07:01:27,7165.08,6560.0,-0.0,15.0
07:01:27,7165.08,6565.0,-0.0552,3.0
07:01:27,7165.08,6570.0,0.0,1.0
07:01:27,7165.08,6580.0,0.0649,13.0
07:01:27,7165.08,6585.0,-0.0766,48.0
07:01:27,7165.08,6590.0,0.0474,57.0
07:01:27,7165.08,6595.0,-0.0,79.0
07:01:27,7165.08,6600.0,-0.0,4.0
07:01:27,7165.08,6605.0,-0.0,30.0
07:01:27,7165.08,6610.0,0.1515,106.0
07:01:27,7165.08,6615.0,-0.0,95.0
07:01:27,7165.08,6620.0,0.1026,80.0
07:01:27,7165.08,6625.0,0.0,16.0
07:01:27,7165.08,6630.0,-0.0,40.0
07:01:27,7165.08,6635.0,-0.1048,137.0
07:01:27,7165.08,6640.0,0.145,87.0
07:01:27,7165.08,6645.0,-0.1235,27.0
07:01:27,7165.08,6650.0,-0.0,3.0
07:01:27,7165.08,6655.0,-0.1014,70.0
07:01:27,7165.08,6660.0,-0.1662,88.0
07:01:27,7165.08,6665.0,-0.0,6.0
07:01:27,7165.08,6670.0,-0.0568,3.0
07:01:27,7165.08,6675.0,0.0,248.0
07:01:27,7165.08,6680.0,-0.3832,62.0
07:01:27,7165.08,6685.0,-0.0,287.0
07:01:27,7165.08,6690.0,-1.1985,139.0
07:01:27,7165.08,6695.0,-0.0,31.0
07:01:27,7165.08,6700.0,-0.0014,1429.0
07:01:27,7165.08,6705.0,-0.0001,49.0
07:01:27,7165.08,6710.0,-0.5515,565.0
07:01:27,7165.08,6715.0,-0.0002,161.0
07:01:27,7165.08,6720.0,-0.0004,44.0
07:01:27,7165.08,6725.0,-0.0006,1300.0
07:01:27,7165.08,6730.0,-0.0008,63.0
07:01:27,7165.08,6735.0,0.0255,56.0
07:01:27,7165.08,6740.0,-0.0022,181.0
07:01:27,7165.08,6745.0,-0.0006,86.0
07:01:27,7165.08,6750.0,-0.0094,3696.0
07:01:27,7165.08,6755.0,-0.0019,153.0
07:01:27,7165.08,6760.0,-1.966,1867.0
07:01:27,7165.08,6765.0,-0.0031,293.0
07:01:27,7165.08,6770.0,-1.806,136.0
07:01:27,7165.08,6775.0,-0.0042,3448.0
07:01:27,7165.08,6780.0,-0.0111,276.0
07:01:27,7165.08,6785.0,0.0242,130.0
07:01:27,7165.08,6790.0,-0.0215,194.0
07:01:27,7165.08,6795.0,-0.0608,159.0
07:01:27,7165.08,6800.0,-11.7331,2592.0
07:01:27,7165.08,6805.0,-4.2882,347.0
07:01:27,7165.08,6810.0,-3.7409,704.0
07:01:27,7165.08,6815.0,-0.0214,296.0
07:01:27,7165.08,6820.0,-1.649,158.0
07:01:27,7165.08,6825.0,2.1811,1565.0
07:01:27,7165.08,6830.0,-0.0506,188.0
07:01:27,7165.08,6835.0,-0.9594,221.0
07:01:27,7165.08,6840.0,-0.16,1189.0
07:01:27,7165.08,6845.0,-0.2437,4310.0
07:01:27,7165.08,6850.0,-7.8118,4335.0
07:01:27,7165.08,6855.0,-0.413,665.0
07:01:27,7165.08,6860.0,-4.3119,0.0
07:01:27,7165.08,6865.0,-0.6827,0.0
07:01:27,7165.08,6870.0,-0.2721,0.0
07:01:27,7165.08,6875.0,-0.6819,0.0
07:01:27,7165.08,6880.0,-1.0618,0.0
07:01:27,7165.08,6885.0,-13.817,3.0
07:01:27,7165.08,6890.0,-0.825,0.0
07:01:27,7165.08,6895.0,-58.1265,13.0
07:01:27,7165.08,6900.0,-36.6982,0.0
07:01:27,7165.08,6905.0,-2.7141,0.0
07:01:27,7165.08,6910.0,-1.4923,0.0
07:01:27,7165.08,6915.0,-1.2064,82.0
07:01:27,7165.08,6920.0,-0.7761,91.0
07:01:27,7165.08,6925.0,0.7624,791.0
07:01:27,7165.08,6930.0,-5.7977,0.0
07:01:27,7165.08,6935.0,-5.0962,0.0
07:01:27,7165.08,6940.0,1.0832,0.0
07:01:27,7165.08,6945.0,-39.7964,0.0
07:01:27,7165.08,6950.0,-55.891,117.0
07:01:27,7165.08,6955.0,-32.2255,0.0
07:01:27,7165.08,6960.0,-13.141,0.0
07:01:27,7165.08,6965.0,-6.3978,0.0
07:01:27,7165.08,6970.0,-4.1436,0.0
07:01:27,7165.08,6975.0,-15.0898,2648.0
07:01:27,7165.08,6980.0,-14.1651,0.0
07:01:27,7165.08,6985.0,-12.9409,32.0
07:01:27,7165.08,6990.0,-17.337,0.0
07:01:27,7165.08,6995.0,-16.8528,0.0
07:01:27,7165.08,7000.0,-11.9001,0.0
07:01:27,7165.08,7005.0,-126.486,0.0
07:01:27,7165.08,7010.0,-3.803,0.0
07:01:27,7165.08,7015.0,-10.6915,0.0
07:01:27,7165.08,7020.0,-4.5042,0.0
07:01:27,7165.08,7025.0,-23.4067,0.0
07:01:27,7165.08,7030.0,43.0428,0.0
07:01:27,7165.08,7035.0,-20.2507,0.0
07:01:27,7165.08,7040.0,-19.4179,0.0
07:01:27,7165.08,7045.0,308.3998,0.0
07:01:27,7165.08,7050.0,-123.7781,0.0
07:01:27,7165.08,7055.0,-195.4224,0.0
07:01:27,7165.08,7060.0,-22.1311,0.0
07:01:27,7165.08,7065.0,-15.1002,0.0
07:01:27,7165.08,7070.0,3.1324,0.0
07:01:27,7165.08,7075.0,-68.9882,0.0
07:01:27,7165.08,7080.0,-46.3397,0.0
07:01:27,7165.08,7085.0,-23.0963,0.0
07:01:27,7165.08,7090.0,-49.5119,0.0
07:01:27,7165.08,7095.0,-15.3363,0.0
07:01:27,7165.08,7100.0,127.8095,10605.0
07:01:27,7165.08,7105.0,18.294,0.0
07:01:27,7165.08,7110.0,-24.7531,0.0
07:01:27,7165.08,7115.0,22.6923,0.0
07:01:27,7165.08,7120.0,74.7954,0.0
07:01:27,7165.08,7125.0,1.3871,0.0
07:01:27,7165.08,7130.0,1432.7542,0.0
07:01:27,7165.08,7135.0,33.2303,0.0
07:01:27,7165.08,7140.0,281.7618,1894.0
07:01:27,7165.08,7145.0,40.4458,0.0
07:01:27,7165.08,7150.0,95.4028,0.0
07:01:27,7165.08,7155.0,654.3267,0.0
07:01:27,7165.08,7160.0,1144.1108,0.0
07:01:27,7165.08,7165.0,49.9362,0.0
07:01:27,7165.08,7170.0,200.338,0.0
07:01:27,7165.08,7175.0,324.0935,0.0
07:01:27,7165.08,7180.0,122.0941,0.0
07:01:27,7165.08,7185.0,76.5426,0.0
07:01:27,7165.08,7190.0,143.775,0.0
07:01:27,7165.08,7195.0,111.0354,0.0
07:01:27,7165.08,7200.0,681.2964,10217.0
07:01:27,7165.08,7205.0,78.608,0.0
07:01:27,7165.08,7210.0,213.0405,0.0
07:01:27,7165.08,7215.0,117.7262,0.0
07:01:27,7165.08,7220.0,216.5669,0.0
07:01:27,7165.08,7225.0,166.4071,0.0
07:01:27,7165.08,7230.0,178.4028,0.0
07:01:27,7165.08,7235.0,68.8201,0.0
07:01:27,7165.08,7240.0,182.2312,0.0
07:01:27,7165.08,7245.0,89.3606,0.0
07:01:27,7165.08,7250.0,1201.5839,0.0
07:01:27,7165.08,7255.0,447.6,0.0
07:01:27,7165.08,7260.0,120.2444,0.0
07:01:27,7165.08,7265.0,101.798,0.0
07:01:27,7165.08,7270.0,162.8743,0.0
07:01:27,7165.08,7275.0,281.902,0.0
07:01:27,7165.08,7280.0,198.4675,0.0
07:01:27,7165.08,7285.0,46.405,0.0
07:01:27,7165.08,7290.0,104.0849,0.0
07:01:27,7165.08,7295.0,43.9082,0.0
07:01:27,7165.08,7300.0,95.4905,0.0
07:01:27,7165.08,7305.0,6.3165,0.0
07:01:27,7165.08,7310.0,56.9585,0.0
07:01:27,7165.08,7315.0,29.3403,0.0
07:01:27,7165.08,7320.0,72.7014,0.0
07:01:27,7165.08,7325.0,21.8798,0.0
07:01:27,7165.08,7330.0,57.2859,0.0
07:01:27,7165.08,7335.0,0.3669,0.0
07:01:27,7165.08,7340.0,6.7209,0.0
07:01:27,7165.08,7345.0,0.2152,0.0
07:01:27,7165.08,7350.0,29.7588,0.0
07:01:27,7165.08,7360.0,2.9159,247.0
07:01:27,7165.08,7370.0,7.6608,771.0
07:01:27,7165.08,7375.0,25.4988,10617.0
07:01:27,7165.08,7380.0,12.2625,5152.0
07:01:27,7165.08,7390.0,33.0928,2139.0
07:01:27,7165.08,7400.0,15.4658,4230.0
07:01:27,7165.08,7410.0,0.0095,65.0
07:01:27,7165.08,7425.0,4.2126,194.0
07:01:27,7165.08,7450.0,1.5767,474.0
07:01:27,7165.08,7475.0,0.0336,140.0
07:01:27,7165.08,7500.0,0.1662,296.0
07:01:27,7165.08,7550.0,0.0005,0.0
07:01:27,7165.08,7600.0,0.0006,2.0
07:01:27,7165.08,7700.0,0.0001,0.0
07:01:27,7165.08,7800.0,0.0,1.0
07:01:27,7165.08,8000.0,0.0,2.0
07:01:27,7165.08,8800.0,0.0,2.0
07:01:27,7165.08,9200.0,0.0,1.0
07:18:01,7165.08,4600.0,-0.0,4.0
07:18:01,7165.08,5300.0,-0.0,1.0
07:18:01,7165.08,5400.0,-0.0,3.0
07:18:01,7165.08,5500.0,-0.0,1.0
07:18:01,7165.08,5575.0,-0.0,1.0
07:18:01,7165.08,5625.0,-0.0,1.0
07:18:01,7165.08,5650.0,-0.0,1.0
07:18:01,7165.08,5800.0,-0.0,4.0
07:18:01,7165.08,5900.0,-0.0,3.0
07:18:01,7165.08,6000.0,-0.0,24.0
07:18:01,7165.08,6100.0,-0.0,876.0
07:18:01,7165.08,6110.0,-0.0,105.0
07:18:01,7165.08,6120.0,-0.0,81.0
07:18:01,7165.08,6125.0,-0.0,13.0
07:18:01,7165.08,6130.0,-0.0,3.0
07:18:01,7165.08,6140.0,-0.0,100.0
07:18:01,7165.08,6150.0,-0.0,297.0
07:18:01,7165.08,6160.0,-0.0,85.0
07:18:01,7165.08,6170.0,-0.0,87.0
07:18:01,7165.08,6175.0,-0.0,163.0
07:18:01,7165.08,6180.0,-0.0,10.0
07:18:01,7165.08,6190.0,-0.0026,97.0
07:18:01,7165.08,6200.0,-0.0,1177.0
07:18:01,7165.08,6210.0,-0.0984,0.0
07:18:01,7165.08,6220.0,-0.0021,40.0
07:18:01,7165.08,6225.0,-0.0,150.0
07:18:01,7165.08,6230.0,-0.0072,302.0
07:18:01,7165.08,6240.0,-0.0023,60.0
07:18:01,7165.08,6250.0,-0.0,226.0
07:18:01,7165.08,6260.0,-0.0,200.0
07:18:01,7165.08,6270.0,-0.014,101.0
07:18:01,7165.08,6275.0,-0.0,30.0
07:18:01,7165.08,6280.0,0.0002,20.0
07:18:01,7165.08,6290.0,-0.0,38.0
07:18:01,7165.08,6300.0,-0.0,96.0
07:18:01,7165.08,6310.0,-0.0,161.0
07:18:01,7165.08,6320.0,-0.0,10.0
07:18:01,7165.08,6325.0,-0.0,30.0
07:18:01,7165.08,6330.0,-0.0,196.0
07:18:01,7165.08,6340.0,0.0095,10.0
07:18:01,7165.08,6350.0,-0.0,95.0
07:18:01,7165.08,6360.0,-0.0,58.0
07:18:01,7165.08,6370.0,-0.0,50.0
07:18:01,7165.08,6375.0,-0.0,5.0
07:18:01,7165.08,6380.0,-0.0,44.0
07:18:01,7165.08,6390.0,0.0,11.0
07:18:01,7165.08,6400.0,-0.0,152.0
07:18:01,7165.08,6410.0,-0.0,5.0
07:18:01,7165.08,6420.0,-0.0,14.0
07:18:01,7165.08,6425.0,0.0,52.0
07:18:01,7165.08,6430.0,-0.0573,7.0
07:18:01,7165.08,6440.0,-0.0383,44.0
07:18:01,7165.08,6450.0,-0.0,1068.0
07:18:01,7165.08,6460.0,-0.0,80.0
07:18:01,7165.08,6470.0,-0.0,8.0
07:18:01,7165.08,6475.0,-0.0,3.0
07:18:01,7165.08,6480.0,-0.0,35.0
07:18:01,7165.08,6485.0,0.0043,8.0
07:18:01,7165.08,6490.0,-0.0,5.0
07:18:01,7165.08,6495.0,-0.0092,0.0
07:18:01,7165.08,6500.0,-0.0,70.0
07:18:01,7165.08,6505.0,-0.1222,100.0
07:18:01,7165.08,6510.0,-0.0,118.0
07:18:01,7165.08,6515.0,0.0164,117.0
07:18:01,7165.08,6520.0,-0.0,29.0
07:18:01,7165.08,6525.0,-0.0,4.0
07:18:01,7165.08,6530.0,-0.0,1.0
07:18:01,7165.08,6535.0,-0.0805,64.0
07:18:01,7165.08,6540.0,-0.0,22.0
07:18:01,7165.08,6545.0,-0.0131,58.0
07:18:01,7165.08,6550.0,-0.2663,0.0
07:18:01,7165.08,6555.0,0.0576,27.0
07:18:01,7165.08,6560.0,-0.0,15.0
07:18:01,7165.08,6565.0,-0.0552,3.0
07:18:01,7165.08,6570.0,0.0,1.0
07:18:01,7165.08,6580.0,0.0649,13.0
07:18:01,7165.08,6585.0,-0.0766,48.0
07:18:01,7165.08,6590.0,0.0474,57.0
07:18:01,7165.08,6595.0,-0.0,79.0
07:18:01,7165.08,6600.0,-0.0,4.0
07:18:01,7165.08,6605.0,-0.0,30.0
07:18:01,7165.08,6610.0,0.1515,106.0
07:18:01,7165.08,6615.0,-0.0,95.0
07:18:01,7165.08,6620.0,0.1026,80.0
07:18:01,7165.08,6625.0,0.0,16.0
07:18:01,7165.08,6630.0,-0.0,40.0
07:18:01,7165.08,6635.0,-0.1048,137.0
07:18:01,7165.08,6640.0,0.145,87.0
07:18:01,7165.08,6645.0,-0.1235,27.0
07:18:01,7165.08,6650.0,-0.0,3.0
07:18:01,7165.08,6655.0,-0.1014,70.0
07:18:01,7165.08,6660.0,-0.1662,88.0
07:18:01,7165.08,6665.0,-0.0,6.0
07:18:01,7165.08,6670.0,-0.0568,3.0
07:18:01,7165.08,6675.0,0.0,248.0
07:18:01,7165.08,6680.0,-0.3832,62.0
07:18:01,7165.08,6685.0,-0.0,287.0
07:18:01,7165.08,6690.0,-1.1985,139.0
07:18:01,7165.08,6695.0,-0.0,31.0
07:18:01,7165.08,6700.0,-0.0014,1429.0
07:18:01,7165.08,6705.0,-0.0001,49.0
07:18:01,7165.08,6710.0,-0.5515,565.0
07:18:01,7165.08,6715.0,-0.0002,161.0
07:18:01,7165.08,6720.0,-0.0004,44.0
07:18:01,7165.08,6725.0,-0.0006,1300.0
07:18:01,7165.08,6730.0,-0.0008,63.0
07:18:01,7165.08,6735.0,0.0255,56.0
07:18:01,7165.08,6740.0,-0.0022,181.0
07:18:01,7165.08,6745.0,-0.0006,86.0
07:18:01,7165.08,6750.0,-0.0094,3696.0
07:18:01,7165.08,6755.0,-0.0019,153.0
07:18:01,7165.08,6760.0,-1.966,1867.0
07:18:01,7165.08,6765.0,-0.0031,293.0
07:18:01,7165.08,6770.0,-1.806,136.0
07:18:01,7165.08,6775.0,-0.0042,3448.0
07:18:01,7165.08,6780.0,-0.0111,276.0
07:18:01,7165.08,6785.0,0.0242,130.0
07:18:01,7165.08,6790.0,-0.0215,194.0
07:18:01,7165.08,6795.0,-0.0608,159.0
07:18:01,7165.08,6800.0,-11.7331,2592.0
07:18:01,7165.08,6805.0,-4.2882,347.0
07:18:01,7165.08,6810.0,-3.7409,704.0
07:18:01,7165.08,6815.0,-0.0214,296.0
07:18:01,7165.08,6820.0,-1.649,158.0
07:18:01,7165.08,6825.0,2.1811,1565.0
07:18:01,7165.08,6830.0,-0.0506,188.0
07:18:01,7165.08,6835.0,-0.9594,221.0
07:18:01,7165.08,6840.0,-0.16,1189.0
07:18:01,7165.08,6845.0,-0.2437,4310.0
07:18:01,7165.08,6850.0,-7.8118,4335.0
07:18:01,7165.08,6855.0,-0.413,665.0
07:18:01,7165.08,6860.0,-4.3119,0.0
07:18:01,7165.08,6865.0,-0.6827,0.0
07:18:01,7165.08,6870.0,-0.2721,0.0
07:18:01,7165.08,6875.0,-0.6819,0.0
07:18:01,7165.08,6880.0,-1.0618,0.0
07:18:01,7165.08,6885.0,-13.817,3.0
07:18:01,7165.08,6890.0,-0.825,0.0
07:18:01,7165.08,6895.0,-58.1265,13.0
07:18:01,7165.08,6900.0,-36.6982,0.0
07:18:01,7165.08,6905.0,-2.7141,0.0
07:18:01,7165.08,6910.0,-1.4923,0.0
07:18:01,7165.08,6915.0,-1.2064,82.0
07:18:01,7165.08,6920.0,-0.7761,91.0
07:18:01,7165.08,6925.0,0.7624,791.0
07:18:01,7165.08,6930.0,-5.7977,0.0
07:18:01,7165.08,6935.0,-5.0962,0.0
07:18:01,7165.08,6940.0,1.0832,0.0
07:18:01,7165.08,6945.0,-39.7964,0.0
07:18:01,7165.08,6950.0,-55.891,117.0
07:18:01,7165.08,6955.0,-32.2255,0.0
07:18:01,7165.08,6960.0,-13.141,0.0
07:18:01,7165.08,6965.0,-6.3978,0.0
07:18:01,7165.08,6970.0,-4.1436,0.0
07:18:01,7165.08,6975.0,-15.0898,2648.0
07:18:01,7165.08,6980.0,-14.1651,0.0
07:18:01,7165.08,6985.0,-12.9409,32.0
07:18:01,7165.08,6990.0,-17.337,0.0
07:18:01,7165.08,6995.0,-16.8528,0.0
07:18:01,7165.08,7000.0,-11.9001,0.0
07:18:01,7165.08,7005.0,-126.486,0.0
07:18:01,7165.08,7010.0,-3.803,0.0
07:18:01,7165.08,7015.0,-10.6915,0.0
07:18:01,7165.08,7020.0,-4.5042,0.0
07:18:01,7165.08,7025.0,-23.4067,0.0
07:18:01,7165.08,7030.0,43.0428,0.0
07:18:01,7165.08,7035.0,-20.2507,0.0
07:18:01,7165.08,7040.0,-19.4179,0.0
07:18:01,7165.08,7045.0,308.3998,0.0
07:18:01,7165.08,7050.0,-123.7781,0.0
07:18:01,7165.08,7055.0,-195.4224,0.0
07:18:01,7165.08,7060.0,-22.1311,0.0
07:18:01,7165.08,7065.0,-15.1002,0.0
07:18:01,7165.08,7070.0,3.1324,0.0
07:18:01,7165.08,7075.0,-68.9882,0.0
07:18:01,7165.08,7080.0,-46.3397,0.0
07:18:01,7165.08,7085.0,-23.0963,0.0
07:18:01,7165.08,7090.0,-49.5119,0.0
07:18:01,7165.08,7095.0,-15.3363,0.0
07:18:01,7165.08,7100.0,127.8095,10605.0
07:18:01,7165.08,7105.0,18.294,0.0
07:18:01,7165.08,7110.0,-24.7531,0.0
07:18:01,7165.08,7115.0,22.6923,0.0
07:18:01,7165.08,7120.0,74.7954,0.0
07:18:01,7165.08,7125.0,1.3871,0.0
07:18:01,7165.08,7130.0,1432.7542,0.0
07:18:01,7165.08,7135.0,33.2303,0.0
07:18:01,7165.08,7140.0,281.7618,1894.0
07:18:01,7165.08,7145.0,40.4458,0.0
07:18:01,7165.08,7150.0,95.4028,0.0
07:18:01,7165.08,7155.0,654.3267,0.0
07:18:01,7165.08,7160.0,1144.1108,0.0
07:18:01,7165.08,7165.0,49.9362,0.0
07:18:01,7165.08,7170.0,200.338,0.0
07:18:01,7165.08,7175.0,324.0935,0.0
07:18:01,7165.08,7180.0,122.0941,0.0
07:18:01,7165.08,7185.0,76.5426,0.0
07:18:01,7165.08,7190.0,143.775,0.0
07:18:01,7165.08,7195.0,111.0354,0.0
07:18:01,7165.08,7200.0,681.2964,10217.0
07:18:01,7165.08,7205.0,78.608,0.0
07:18:01,7165.08,7210.0,213.0405,0.0
07:18:01,7165.08,7215.0,117.7262,0.0
07:18:01,7165.08,7220.0,216.5669,0.0
07:18:01,7165.08,7225.0,166.4071,0.0
07:18:01,7165.08,7230.0,178.4028,0.0
07:18:01,7165.08,7235.0,68.8201,0.0
07:18:01,7165.08,7240.0,182.2312,0.0
07:18:01,7165.08,7245.0,89.3606,0.0
07:18:01,7165.08,7250.0,1201.5839,0.0
07:18:01,7165.08,7255.0,447.6,0.0
07:18:01,7165.08,7260.0,120.2444,0.0
07:18:01,7165.08,7265.0,101.798,0.0
07:18:01,7165.08,7270.0,162.8743,0.0
07:18:01,7165.08,7275.0,281.902,0.0
07:18:01,7165.08,7280.0,198.4675,0.0
07:18:01,7165.08,7285.0,46.405,0.0
07:18:01,7165.08,7290.0,104.0849,0.0
07:18:01,7165.08,7295.0,43.9082,0.0
07:18:01,7165.08,7300.0,95.4905,0.0
07:18:01,7165.08,7305.0,6.3165,0.0
07:18:01,7165.08,7310.0,56.9585,0.0
07:18:01,7165.08,7315.0,29.3403,0.0
07:18:01,7165.08,7320.0,72.7014,0.0
07:18:01,7165.08,7325.0,21.8798,0.0
07:18:01,7165.08,7330.0,57.2859,0.0
07:18:01,7165.08,7335.0,0.3669,0.0
07:18:01,7165.08,7340.0,6.7209,0.0
07:18:01,7165.08,7345.0,0.2152,0.0
07:18:01,7165.08,7350.0,29.7588,0.0
07:18:01,7165.08,7360.0,2.9159,247.0
07:18:01,7165.08,7370.0,7.6608,771.0
07:18:01,7165.08,7375.0,25.4988,10617.0
07:18:01,7165.08,7380.0,12.2625,5152.0
07:18:01,7165.08,7390.0,33.0928,2139.0
07:18:01,7165.08,7400.0,15.4658,4230.0
07:18:01,7165.08,7410.0,0.0095,65.0
07:18:01,7165.08,7425.0,4.2126,194.0
07:18:01,7165.08,7450.0,1.5767,474.0
07:18:01,7165.08,7475.0,0.0336,140.0
07:18:01,7165.08,7500.0,0.1662,296.0
07:18:01,7165.08,7550.0,0.0005,0.0
07:18:01,7165.08,7600.0,0.0006,2.0
07:18:01,7165.08,7700.0,0.0001,0.0
07:18:01,7165.08,7800.0,0.0,1.0
07:18:01,7165.08,8000.0,0.0,2.0
07:18:01,7165.08,8800.0,0.0,2.0
07:18:01,7165.08,9200.0,0.0,1.0
07:35:10,7165.08,4600.0,-0.0,4.0
07:35:10,7165.08,5300.0,-0.0,1.0
07:35:10,7165.08,5400.0,-0.0,3.0
07:35:10,7165.08,5500.0,-0.0,1.0
07:35:10,7165.08,5575.0,-0.0,1.0
07:35:10,7165.08,5625.0,-0.0,1.0
07:35:10,7165.08,5650.0,-0.0,1.0
07:35:10,7165.08,5800.0,-0.0,4.0
07:35:10,7165.08,5900.0,-0.0,3.0
07:35:10,7165.08,6000.0,-0.0,24.0
07:35:10,7165.08,6100.0,-0.0,876.0
07:35:10,7165.08,6110.0,-0.0,105.0
07:35:10,7165.08,6120.0,-0.0,81.0
07:35:10,7165.08,6125.0,-0.0,13.0
07:35:10,7165.08,6130.0,-0.0,3.0
07:35:10,7165.08,6140.0,-0.0,100.0
07:35:10,7165.08,6150.0,-0.0,297.0
07:35:10,7165.08,6160.0,-0.0,85.0
07:35:10,7165.08,6170.0,-0.0,87.0
07:35:10,7165.08,6175.0,-0.0,163.0
07:35:10,7165.08,6180.0,-0.0,10.0
07:35:10,7165.08,6190.0,-0.0026,97.0
07:35:10,7165.08,6200.0,-0.0,1177.0
07:35:10,7165.08,6210.0,-0.0984,0.0
07:35:10,7165.08,6220.0,-0.0021,40.0
07:35:10,7165.08,6225.0,-0.0,150.0
07:35:10,7165.08,6230.0,-0.0072,302.0
07:35:10,7165.08,6240.0,-0.0023,60.0
07:35:10,7165.08,6250.0,-0.0,226.0
07:35:10,7165.08,6260.0,-0.0,200.0
07:35:10,7165.08,6270.0,-0.014,101.0
07:35:10,7165.08,6275.0,-0.0,30.0
07:35:10,7165.08,6280.0,0.0002,20.0
07:35:10,7165.08,6290.0,-0.0,38.0
07:35:10,7165.08,6300.0,-0.0,96.0
07:35:10,7165.08,6310.0,-0.0,161.0
07:35:10,7165.08,6320.0,-0.0,10.0
07:35:10,7165.08,6325.0,-0.0,30.0
07:35:10,7165.08,6330.0,-0.0,196.0
07:35:10,7165.08,6340.0,0.0095,10.0
07:35:10,7165.08,6350.0,-0.0,95.0
07:35:10,7165.08,6360.0,-0.0,58.0
07:35:10,7165.08,6370.0,-0.0,50.0
07:35:10,7165.08,6375.0,-0.0,5.0
07:35:10,7165.08,6380.0,-0.0,44.0
07:35:10,7165.08,6390.0,0.0,11.0
07:35:10,7165.08,6400.0,-0.0,152.0
07:35:10,7165.08,6410.0,-0.0,5.0
07:35:10,7165.08,6420.0,-0.0,14.0
07:35:10,7165.08,6425.0,0.0,52.0
07:35:10,7165.08,6430.0,-0.0573,7.0
07:35:10,7165.08,6440.0,-0.0383,44.0
07:35:10,7165.08,6450.0,-0.0,1068.0
07:35:10,7165.08,6460.0,-0.0,80.0
07:35:10,7165.08,6470.0,-0.0,8.0
07:35:10,7165.08,6475.0,-0.0,3.0
07:35:10,7165.08,6480.0,-0.0,35.0
07:35:10,7165.08,6485.0,0.0043,8.0
07:35:10,7165.08,6490.0,-0.0,5.0
07:35:10,7165.08,6495.0,-0.0092,0.0
07:35:10,7165.08,6500.0,-0.0,70.0
07:35:10,7165.08,6505.0,-0.1222,100.0
07:35:10,7165.08,6510.0,-0.0,118.0
07:35:10,7165.08,6515.0,0.0164,117.0
07:35:10,7165.08,6520.0,-0.0,29.0
07:35:10,7165.08,6525.0,-0.0,4.0
07:35:10,7165.08,6530.0,-0.0,1.0
07:35:10,7165.08,6535.0,-0.0805,64.0
07:35:10,7165.08,6540.0,-0.0,22.0
07:35:10,7165.08,6545.0,-0.0131,58.0
07:35:10,7165.08,6550.0,-0.2663,0.0
07:35:10,7165.08,6555.0,0.0576,27.0
07:35:10,7165.08,6560.0,-0.0,15.0
07:35:10,7165.08,6565.0,-0.0552,3.0
07:35:10,7165.08,6570.0,0.0,1.0
07:35:10,7165.08,6580.0,0.0649,13.0
07:35:10,7165.08,6585.0,-0.0766,48.0
07:35:10,7165.08,6590.0,0.0474,57.0
07:35:10,7165.08,6595.0,-0.0,79.0
07:35:10,7165.08,6600.0,-0.0,4.0
07:35:10,7165.08,6605.0,-0.0,30.0
07:35:10,7165.08,6610.0,0.1515,106.0
07:35:10,7165.08,6615.0,-0.0,95.0
07:35:10,7165.08,6620.0,0.1026,80.0
07:35:10,7165.08,6625.0,0.0,16.0
07:35:10,7165.08,6630.0,-0.0,40.0
07:35:10,7165.08,6635.0,-0.1048,137.0
07:35:10,7165.08,6640.0,0.145,87.0
07:35:10,7165.08,6645.0,-0.1235,27.0
07:35:10,7165.08,6650.0,-0.0,3.0
07:35:10,7165.08,6655.0,-0.1014,70.0
07:35:10,7165.08,6660.0,-0.1662,88.0
07:35:10,7165.08,6665.0,-0.0,6.0
07:35:10,7165.08,6670.0,-0.0568,3.0
07:35:10,7165.08,6675.0,0.0,248.0
07:35:10,7165.08,6680.0,-0.3832,62.0
07:35:10,7165.08,6685.0,-0.0,287.0
07:35:10,7165.08,6690.0,-1.1985,139.0
07:35:10,7165.08,6695.0,-0.0,31.0
07:35:10,7165.08,6700.0,-0.0014,1429.0
07:35:10,7165.08,6705.0,-0.0001,49.0
07:35:10,7165.08,6710.0,-0.5515,565.0
07:35:10,7165.08,6715.0,-0.0002,161.0
07:35:10,7165.08,6720.0,-0.0004,44.0
07:35:10,7165.08,6725.0,-0.0006,1300.0
07:35:10,7165.08,6730.0,-0.0008,63.0
07:35:10,7165.08,6735.0,0.0255,56.0
07:35:10,7165.08,6740.0,-0.0022,181.0
07:35:10,7165.08,6745.0,-0.0006,86.0
07:35:10,7165.08,6750.0,-0.0094,3696.0
07:35:10,7165.08,6755.0,-0.0019,153.0
07:35:10,7165.08,6760.0,-1.966,1867.0
07:35:10,7165.08,6765.0,-0.0031,293.0
07:35:10,7165.08,6770.0,-1.806,136.0
07:35:10,7165.08,6775.0,-0.0042,3448.0
07:35:10,7165.08,6780.0,-0.0111,276.0
07:35:10,7165.08,6785.0,0.0242,130.0
07:35:10,7165.08,6790.0,-0.0215,194.0
07:35:10,7165.08,6795.0,-0.0608,159.0
07:35:10,7165.08,6800.0,-11.7331,2592.0
07:35:10,7165.08,6805.0,-4.2882,347.0
07:35:10,7165.08,6810.0,-3.7409,704.0
07:35:10,7165.08,6815.0,-0.0214,296.0
07:35:10,7165.08,6820.0,-1.649,158.0
07:35:10,7165.08,6825.0,2.1811,1565.0
07:35:10,7165.08,6830.0,-0.0506,188.0
07:35:10,7165.08,6835.0,-0.9594,221.0
07:35:10,7165.08,6840.0,-0.16,1189.0
07:35:10,7165.08,6845.0,-0.2437,4310.0
07:35:10,7165.08,6850.0,-7.8118,4335.0
07:35:10,7165.08,6855.0,-0.413,665.0
07:35:10,7165.08,6860.0,-4.3119,0.0
07:35:10,7165.08,6865.0,-0.6827,0.0
07:35:10,7165.08,6870.0,-0.2721,0.0
07:35:10,7165.08,6875.0,-0.6819,0.0
07:35:10,7165.08,6880.0,-1.0618,0.0
07:35:10,7165.08,6885.0,-13.817,3.0
07:35:10,7165.08,6890.0,-0.825,0.0
07:35:10,7165.08,6895.0,-58.1265,13.0
07:35:10,7165.08,6900.0,-36.6982,0.0
07:35:10,7165.08,6905.0,-2.7141,0.0
07:35:10,7165.08,6910.0,-1.4923,0.0
07:35:10,7165.08,6915.0,-1.2064,82.0
07:35:10,7165.08,6920.0,-0.7761,91.0
07:35:10,7165.08,6925.0,0.7624,791.0
07:35:10,7165.08,6930.0,-5.7977,0.0
07:35:10,7165.08,6935.0,-5.0962,0.0
07:35:10,7165.08,6940.0,1.0832,0.0
07:35:10,7165.08,6945.0,-39.7964,0.0
07:35:10,7165.08,6950.0,-55.891,117.0
07:35:10,7165.08,6955.0,-32.2255,0.0
07:35:10,7165.08,6960.0,-13.141,0.0
07:35:10,7165.08,6965.0,-6.3978,0.0
07:35:10,7165.08,6970.0,-4.1436,0.0
07:35:10,7165.08,6975.0,-15.0898,2648.0
07:35:10,7165.08,6980.0,-14.1651,0.0
07:35:10,7165.08,6985.0,-12.9409,32.0
07:35:10,7165.08,6990.0,-17.337,0.0
07:35:10,7165.08,6995.0,-16.8528,0.0
07:35:10,7165.08,7000.0,-11.9001,0.0
07:35:10,7165.08,7005.0,-126.486,0.0
07:35:10,7165.08,7010.0,-3.803,0.0
07:35:10,7165.08,7015.0,-10.6915,0.0
07:35:10,7165.08,7020.0,-4.5042,0.0
07:35:10,7165.08,7025.0,-23.4067,0.0
07:35:10,7165.08,7030.0,43.0428,0.0
07:35:10,7165.08,7035.0,-20.2507,0.0
07:35:10,7165.08,7040.0,-19.4179,0.0
07:35:10,7165.08,7045.0,308.3998,0.0
07:35:10,7165.08,7050.0,-123.7781,0.0
07:35:10,7165.08,7055.0,-195.4224,0.0
07:35:10,7165.08,7060.0,-22.1311,0.0
07:35:10,7165.08,7065.0,-15.1002,0.0
07:35:10,7165.08,7070.0,3.1324,0.0
07:35:10,7165.08,7075.0,-68.9882,0.0
07:35:10,7165.08,7080.0,-46.3397,0.0
07:35:10,7165.08,7085.0,-23.0963,0.0
07:35:10,7165.08,7090.0,-49.5119,0.0
07:35:10,7165.08,7095.0,-15.3363,0.0
07:35:10,7165.08,7100.0,127.8095,10605.0
07:35:10,7165.08,7105.0,18.294,0.0
07:35:10,7165.08,7110.0,-24.7531,0.0
07:35:10,7165.08,7115.0,22.6923,0.0
07:35:10,7165.08,7120.0,74.7954,0.0
07:35:10,7165.08,7125.0,1.3871,0.0
07:35:10,7165.08,7130.0,1432.7542,0.0
07:35:10,7165.08,7135.0,33.2303,0.0
07:35:10,7165.08,7140.0,281.7618,1894.0
07:35:10,7165.08,7145.0,40.4458,0.0
07:35:10,7165.08,7150.0,95.4028,0.0
07:35:10,7165.08,7155.0,654.3267,0.0
07:35:10,7165.08,7160.0,1144.1108,0.0
07:35:10,7165.08,7165.0,49.9362,0.0
07:35:10,7165.08,7170.0,200.338,0.0
07:35:10,7165.08,7175.0,324.0935,0.0
07:35:10,7165.08,7180.0,122.0941,0.0
07:35:10,7165.08,7185.0,76.5426,0.0
07:35:10,7165.08,7190.0,143.775,0.0
07:35:10,7165.08,7195.0,111.0354,0.0
07:35:10,7165.08,7200.0,681.2964,10217.0
07:35:10,7165.08,7205.0,78.608,0.0
07:35:10,7165.08,7210.0,213.0405,0.0
07:35:10,7165.08,7215.0,117.7262,0.0
07:35:10,7165.08,7220.0,216.5669,0.0
07:35:10,7165.08,7225.0,166.4071,0.0
07:35:10,7165.08,7230.0,178.4028,0.0
07:35:10,7165.08,7235.0,68.8201,0.0
07:35:10,7165.08,7240.0,182.2312,0.0
07:35:10,7165.08,7245.0,89.3606,0.0
07:35:10,7165.08,7250.0,1201.5839,0.0
07:35:10,7165.08,7255.0,447.6,0.0
07:35:10,7165.08,7260.0,120.2444,0.0
07:35:10,7165.08,7265.0,101.798,0.0
07:35:10,7165.08,7270.0,162.8743,0.0
07:35:10,7165.08,7275.0,281.902,0.0
07:35:10,7165.08,7280.0,198.4675,0.0
07:35:10,7165.08,7285.0,46.405,0.0
07:35:10,7165.08,7290.0,104.0849,0.0
07:35:10,7165.08,7295.0,43.9082,0.0
07:35:10,7165.08,7300.0,95.4905,0.0
07:35:10,7165.08,7305.0,6.3165,0.0
07:35:10,7165.08,7310.0,56.9585,0.0
07:35:10,7165.08,7315.0,29.3403,0.0
07:35:10,7165.08,7320.0,72.7014,0.0
07:35:10,7165.08,7325.0,21.8798,0.0
07:35:10,7165.08,7330.0,57.2859,0.0
07:35:10,7165.08,7335.0,0.3669,0.0
07:35:10,7165.08,7340.0,6.7209,0.0
07:35:10,7165.08,7345.0,0.2152,0.0
07:35:10,7165.08,7350.0,29.7588,0.0
07:35:10,7165.08,7360.0,2.9159,247.0
07:35:10,7165.08,7370.0,7.6608,771.0
07:35:10,7165.08,7375.0,25.4988,10617.0
07:35:10,7165.08,7380.0,12.2625,5152.0
07:35:10,7165.08,7390.0,33.0928,2139.0
07:35:10,7165.08,7400.0,15.4658,4230.0
07:35:10,7165.08,7410.0,0.0095,65.0
07:35:10,7165.08,7425.0,4.2126,194.0
07:35:10,7165.08,7450.0,1.5767,474.0
07:35:10,7165.08,7475.0,0.0336,140.0
07:35:10,7165.08,7500.0,0.1662,296.0
07:35:10,7165.08,7550.0,0.0005,0.0
07:35:10,7165.08,7600.0,0.0006,2.0
07:35:10,7165.08,7700.0,0.0001,0.0
07:35:10,7165.08,7800.0,0.0,1.0
07:35:10,7165.08,8000.0,0.0,2.0
07:35:10,7165.08,8800.0,0.0,2.0
07:35:10,7165.08,9200.0,0.0,1.0
07:43:30,7165.08,4600.0,-0.0,4.0
07:43:30,7165.08,5300.0,-0.0,1.0
07:43:30,7165.08,5400.0,-0.0,3.0
07:43:30,7165.08,5500.0,-0.0,1.0
07:43:30,7165.08,5575.0,-0.0,1.0
07:43:30,7165.08,5625.0,-0.0,1.0
07:43:30,7165.08,5650.0,-0.0,1.0
07:43:30,7165.08,5800.0,-0.0,4.0
07:43:30,7165.08,5900.0,-0.0,3.0
07:43:30,7165.08,6000.0,-0.0,24.0
07:43:30,7165.08,6100.0,-0.0,876.0
07:43:30,7165.08,6110.0,-0.0,105.0
07:43:30,7165.08,6120.0,-0.0,81.0
07:43:30,7165.08,6125.0,-0.0,13.0
07:43:30,7165.08,6130.0,-0.0,3.0
07:43:30,7165.08,6140.0,-0.0,100.0
07:43:30,7165.08,6150.0,-0.0,297.0
07:43:30,7165.08,6160.0,-0.0,85.0
07:43:30,7165.08,6170.0,-0.0,87.0
07:43:30,7165.08,6175.0,-0.0,163.0
07:43:30,7165.08,6180.0,-0.0,10.0
07:43:30,7165.08,6190.0,-0.0026,97.0
07:43:30,7165.08,6200.0,-0.0,1177.0
07:43:30,7165.08,6210.0,-0.0984,0.0
07:43:30,7165.08,6220.0,-0.0021,40.0
07:43:30,7165.08,6225.0,-0.0,150.0
07:43:30,7165.08,6230.0,-0.0072,302.0
07:43:30,7165.08,6240.0,-0.0023,60.0
07:43:30,7165.08,6250.0,-0.0,226.0
07:43:30,7165.08,6260.0,-0.0,200.0
07:43:30,7165.08,6270.0,-0.014,101.0
07:43:30,7165.08,6275.0,-0.0,30.0
07:43:30,7165.08,6280.0,0.0002,20.0
07:43:30,7165.08,6290.0,-0.0,38.0
07:43:30,7165.08,6300.0,-0.0,96.0
07:43:30,7165.08,6310.0,-0.0,161.0
07:43:30,7165.08,6320.0,-0.0,10.0
07:43:30,7165.08,6325.0,-0.0,30.0
07:43:30,7165.08,6330.0,-0.0,196.0
07:43:30,7165.08,6340.0,0.0095,10.0
07:43:30,7165.08,6350.0,-0.0,95.0
07:43:30,7165.08,6360.0,-0.0,58.0
07:43:30,7165.08,6370.0,-0.0,50.0
07:43:30,7165.08,6375.0,-0.0,5.0
07:43:30,7165.08,6380.0,-0.0,44.0
07:43:30,7165.08,6390.0,0.0,11.0
07:43:30,7165.08,6400.0,-0.0,152.0
07:43:30,7165.08,6410.0,-0.0,5.0
07:43:30,7165.08,6420.0,-0.0,14.0
07:43:30,7165.08,6425.0,0.0,52.0
07:43:30,7165.08,6430.0,-0.0573,7.0
07:43:30,7165.08,6440.0,-0.0383,44.0
07:43:30,7165.08,6450.0,-0.0,1068.0
07:43:30,7165.08,6460.0,-0.0,80.0
07:43:30,7165.08,6470.0,-0.0,8.0
07:43:30,7165.08,6475.0,-0.0,3.0
07:43:30,7165.08,6480.0,-0.0,35.0
07:43:30,7165.08,6485.0,0.0043,8.0
07:43:30,7165.08,6490.0,-0.0,5.0
07:43:30,7165.08,6495.0,-0.0092,0.0
07:43:30,7165.08,6500.0,-0.0,70.0
07:43:30,7165.08,6505.0,-0.1222,100.0
07:43:30,7165.08,6510.0,-0.0,118.0
07:43:30,7165.08,6515.0,0.0164,117.0
07:43:30,7165.08,6520.0,-0.0,29.0
07:43:30,7165.08,6525.0,-0.0,4.0
07:43:30,7165.08,6530.0,-0.0,1.0
07:43:30,7165.08,6535.0,-0.0805,64.0
07:43:30,7165.08,6540.0,-0.0,22.0
07:43:30,7165.08,6545.0,-0.0131,58.0
07:43:30,7165.08,6550.0,-0.2663,0.0
07:43:30,7165.08,6555.0,0.0576,27.0
07:43:30,7165.08,6560.0,-0.0,15.0
07:43:30,7165.08,6565.0,-0.0552,3.0
07:43:30,7165.08,6570.0,0.0,1.0
07:43:30,7165.08,6580.0,0.0649,13.0
07:43:30,7165.08,6585.0,-0.0766,48.0
07:43:30,7165.08,6590.0,0.0474,57.0
07:43:30,7165.08,6595.0,-0.0,79.0
07:43:30,7165.08,6600.0,-0.0,4.0
07:43:30,7165.08,6605.0,-0.0,30.0
07:43:30,7165.08,6610.0,0.1515,106.0
07:43:30,7165.08,6615.0,-0.0,95.0
07:43:30,7165.08,6620.0,0.1026,80.0
07:43:30,7165.08,6625.0,0.0,16.0
07:43:30,7165.08,6630.0,-0.0,40.0
07:43:30,7165.08,6635.0,-0.1048,137.0
07:43:30,7165.08,6640.0,0.145,87.0
07:43:30,7165.08,6645.0,-0.1235,27.0
07:43:30,7165.08,6650.0,-0.0,3.0
07:43:30,7165.08,6655.0,-0.1014,70.0
07:43:30,7165.08,6660.0,-0.1662,88.0
07:43:30,7165.08,6665.0,-0.0,6.0
07:43:30,7165.08,6670.0,-0.0568,3.0
07:43:30,7165.08,6675.0,0.0,248.0
07:43:30,7165.08,6680.0,-0.3832,62.0
07:43:30,7165.08,6685.0,-0.0,287.0
07:43:30,7165.08,6690.0,-1.1985,139.0
07:43:30,7165.08,6695.0,-0.0,31.0
07:43:30,7165.08,6700.0,-0.0014,1429.0
07:43:30,7165.08,6705.0,-0.0001,49.0
07:43:30,7165.08,6710.0,-0.5515,565.0
07:43:30,7165.08,6715.0,-0.0002,161.0
07:43:30,7165.08,6720.0,-0.0004,44.0
07:43:30,7165.08,6725.0,-0.0006,1300.0
07:43:30,7165.08,6730.0,-0.0008,63.0
07:43:30,7165.08,6735.0,0.0255,56.0
07:43:30,7165.08,6740.0,-0.0022,181.0
07:43:30,7165.08,6745.0,-0.0006,86.0
07:43:30,7165.08,6750.0,-0.0094,3696.0
07:43:30,7165.08,6755.0,-0.0019,153.0
07:43:30,7165.08,6760.0,-1.966,1867.0
07:43:30,7165.08,6765.0,-0.0031,293.0
07:43:30,7165.08,6770.0,-1.806,136.0
07:43:30,7165.08,6775.0,-0.0042,3448.0
07:43:30,7165.08,6780.0,-0.0111,276.0
07:43:30,7165.08,6785.0,0.0242,130.0
07:43:30,7165.08,6790.0,-0.0215,194.0
07:43:30,7165.08,6795.0,-0.0608,159.0
07:43:30,7165.08,6800.0,-11.7331,2592.0
07:43:30,7165.08,6805.0,-4.2882,347.0
07:43:30,7165.08,6810.0,-3.7409,704.0
07:43:30,7165.08,6815.0,-0.0214,296.0
07:43:30,7165.08,6820.0,-1.649,158.0
07:43:30,7165.08,6825.0,2.1811,1565.0
07:43:30,7165.08,6830.0,-0.0506,188.0
07:43:30,7165.08,6835.0,-0.9594,221.0
07:43:30,7165.08,6840.0,-0.16,1189.0
07:43:30,7165.08,6845.0,-0.2437,4310.0
07:43:30,7165.08,6850.0,-7.8118,4335.0
07:43:30,7165.08,6855.0,-0.413,665.0
07:43:30,7165.08,6860.0,-4.3119,0.0
07:43:30,7165.08,6865.0,-0.6827,0.0
07:43:30,7165.08,6870.0,-0.2721,0.0
07:43:30,7165.08,6875.0,-0.6819,0.0
07:43:30,7165.08,6880.0,-1.0618,0.0
07:43:30,7165.08,6885.0,-13.817,3.0
07:43:30,7165.08,6890.0,-0.825,0.0
07:43:30,7165.08,6895.0,-58.1265,13.0
07:43:30,7165.08,6900.0,-36.6982,0.0
07:43:30,7165.08,6905.0,-2.7141,0.0
07:43:30,7165.08,6910.0,-1.4923,0.0
07:43:30,7165.08,6915.0,-1.2064,82.0
07:43:30,7165.08,6920.0,-0.7761,91.0
07:43:30,7165.08,6925.0,0.7624,791.0
07:43:30,7165.08,6930.0,-5.7977,0.0
07:43:30,7165.08,6935.0,-5.0962,0.0
07:43:30,7165.08,6940.0,1.0832,0.0
07:43:30,7165.08,6945.0,-39.7964,0.0
07:43:30,7165.08,6950.0,-55.891,117.0
07:43:30,7165.08,6955.0,-32.2255,0.0
07:43:30,7165.08,6960.0,-13.141,0.0
07:43:30,7165.08,6965.0,-6.3978,0.0
07:43:30,7165.08,6970.0,-4.1436,0.0
07:43:30,7165.08,6975.0,-15.0898,2648.0
07:43:30,7165.08,6980.0,-14.1651,0.0
07:43:30,7165.08,6985.0,-12.9409,32.0
07:43:30,7165.08,6990.0,-17.337,0.0
07:43:30,7165.08,6995.0,-16.8528,0.0
07:43:30,7165.08,7000.0,-11.9001,0.0
07:43:30,7165.08,7005.0,-126.486,0.0
07:43:30,7165.08,7010.0,-3.803,0.0
07:43:30,7165.08,7015.0,-10.6915,0.0
07:43:30,7165.08,7020.0,-4.5042,0.0
07:43:30,7165.08,7025.0,-23.4067,0.0
07:43:30,7165.08,7030.0,43.0428,0.0
07:43:30,7165.08,7035.0,-20.2507,0.0
07:43:30,7165.08,7040.0,-19.4179,0.0
07:43:30,7165.08,7045.0,308.3998,0.0
07:43:30,7165.08,7050.0,-123.7781,0.0
07:43:30,7165.08,7055.0,-195.4224,0.0
07:43:30,7165.08,7060.0,-22.1311,0.0
07:43:30,7165.08,7065.0,-15.1002,0.0
07:43:30,7165.08,7070.0,3.1324,0.0
07:43:30,7165.08,7075.0,-68.9882,0.0
07:43:30,7165.08,7080.0,-46.3397,0.0
07:43:30,7165.08,7085.0,-23.0963,0.0
07:43:30,7165.08,7090.0,-49.5119,0.0
07:43:30,7165.08,7095.0,-15.3363,0.0
07:43:30,7165.08,7100.0,127.8095,10605.0
07:43:30,7165.08,7105.0,18.294,0.0
07:43:30,7165.08,7110.0,-24.7531,0.0
07:43:30,7165.08,7115.0,22.6923,0.0
07:43:30,7165.08,7120.0,74.7954,0.0
07:43:30,7165.08,7125.0,1.3871,0.0
07:43:30,7165.08,7130.0,1432.7542,0.0
07:43:30,7165.08,7135.0,33.2303,0.0
07:43:30,7165.08,7140.0,281.7618,1894.0
07:43:30,7165.08,7145.0,40.4458,0.0
07:43:30,7165.08,7150.0,95.4028,0.0
07:43:30,7165.08,7155.0,654.3267,0.0
07:43:30,7165.08,7160.0,1144.1108,0.0
07:43:30,7165.08,7165.0,49.9362,0.0
07:43:30,7165.08,7170.0,200.338,0.0
07:43:30,7165.08,7175.0,324.0935,0.0
07:43:30,7165.08,7180.0,122.0941,0.0
07:43:30,7165.08,7185.0,76.5426,0.0
07:43:30,7165.08,7190.0,143.775,0.0
07:43:30,7165.08,7195.0,111.0354,0.0
07:43:30,7165.08,7200.0,681.2964,10217.0
07:43:30,7165.08,7205.0,78.608,0.0
07:43:30,7165.08,7210.0,213.0405,0.0
07:43:30,7165.08,7215.0,117.7262,0.0
07:43:30,7165.08,7220.0,216.5669,0.0
07:43:30,7165.08,7225.0,166.4071,0.0
07:43:30,7165.08,7230.0,178.4028,0.0
07:43:30,7165.08,7235.0,68.8201,0.0
07:43:30,7165.08,7240.0,182.2312,0.0
07:43:30,7165.08,7245.0,89.3606,0.0
07:43:30,7165.08,7250.0,1201.5839,0.0
07:43:30,7165.08,7255.0,447.6,0.0
07:43:30,7165.08,7260.0,120.2444,0.0
07:43:30,7165.08,7265.0,101.798,0.0
07:43:30,7165.08,7270.0,162.8743,0.0
07:43:30,7165.08,7275.0,281.902,0.0
07:43:30,7165.08,7280.0,198.4675,0.0
07:43:30,7165.08,7285.0,46.405,0.0
07:43:30,7165.08,7290.0,104.0849,0.0
07:43:30,7165.08,7295.0,43.9082,0.0
07:43:30,7165.08,7300.0,95.4905,0.0
07:43:30,7165.08,7305.0,6.3165,0.0
07:43:30,7165.08,7310.0,56.9585,0.0
07:43:30,7165.08,7315.0,29.3403,0.0
07:43:30,7165.08,7320.0,72.7014,0.0
07:43:30,7165.08,7325.0,21.8798,0.0
07:43:30,7165.08,7330.0,57.2859,0.0
07:43:30,7165.08,7335.0,0.3669,0.0
07:43:30,7165.08,7340.0,6.7209,0.0
07:43:30,7165.08,7345.0,0.2152,0.0
07:43:30,7165.08,7350.0,29.7588,0.0
07:43:30,7165.08,7360.0,2.9159,247.0
07:43:30,7165.08,7370.0,7.6608,771.0
07:43:30,7165.08,7375.0,25.4988,10617.0
07:43:30,7165.08,7380.0,12.2625,5152.0
07:43:30,7165.08,7390.0,33.0928,2139.0
07:43:30,7165.08,7400.0,15.4658,4230.0
07:43:30,7165.08,7410.0,0.0095,65.0
07:43:30,7165.08,7425.0,4.2126,194.0
07:43:30,7165.08,7450.0,1.5767,474.0
07:43:30,7165.08,7475.0,0.0336,140.0
07:43:30,7165.08,7500.0,0.1662,296.0
07:43:30,7165.08,7550.0,0.0005,0.0
07:43:30,7165.08,7600.0,0.0006,2.0
07:43:30,7165.08,7700.0,0.0001,0.0
07:43:30,7165.08,7800.0,0.0,1.0
07:43:30,7165.08,8000.0,0.0,2.0
07:43:30,7165.08,8800.0,0.0,2.0
07:43:30,7165.08,9200.0,0.0,1.0
07:59:42,7165.08,4600.0,-0.0,4.0
07:59:42,7165.08,5300.0,-0.0,1.0
07:59:42,7165.08,5400.0,-0.0,3.0
07:59:42,7165.08,5500.0,-0.0,1.0
07:59:42,7165.08,5575.0,-0.0,1.0
07:59:42,7165.08,5625.0,-0.0,1.0
07:59:42,7165.08,5650.0,-0.0,1.0
07:59:42,7165.08,5800.0,-0.0,4.0
07:59:42,7165.08,5900.0,-0.0,3.0
07:59:42,7165.08,6000.0,-0.0,24.0
07:59:42,7165.08,6100.0,-0.0,876.0
07:59:42,7165.08,6110.0,-0.0,105.0
07:59:42,7165.08,6120.0,-0.0,81.0
07:59:42,7165.08,6125.0,-0.0,13.0
07:59:42,7165.08,6130.0,-0.0,3.0
07:59:42,7165.08,6140.0,-0.0,100.0
07:59:42,7165.08,6150.0,-0.0,297.0
07:59:42,7165.08,6160.0,-0.0,85.0
07:59:42,7165.08,6170.0,-0.0,87.0
07:59:42,7165.08,6175.0,-0.0,163.0
07:59:42,7165.08,6180.0,-0.0,10.0
07:59:42,7165.08,6190.0,-0.0026,97.0
07:59:42,7165.08,6200.0,-0.0,1177.0
07:59:42,7165.08,6210.0,-0.0984,0.0
07:59:42,7165.08,6220.0,-0.0021,40.0
07:59:42,7165.08,6225.0,-0.0,150.0
07:59:42,7165.08,6230.0,-0.0072,302.0
07:59:42,7165.08,6240.0,-0.0023,60.0
07:59:42,7165.08,6250.0,-0.0,226.0
07:59:42,7165.08,6260.0,-0.0,200.0
07:59:42,7165.08,6270.0,-0.014,101.0
07:59:42,7165.08,6275.0,-0.0,30.0
07:59:42,7165.08,6280.0,0.0002,20.0
07:59:42,7165.08,6290.0,-0.0,38.0
07:59:42,7165.08,6300.0,-0.0,96.0
07:59:42,7165.08,6310.0,-0.0,161.0
07:59:42,7165.08,6320.0,-0.0,10.0
07:59:42,7165.08,6325.0,-0.0,30.0
07:59:42,7165.08,6330.0,-0.0,196.0
07:59:42,7165.08,6340.0,0.0095,10.0
07:59:42,7165.08,6350.0,-0.0,95.0
07:59:42,7165.08,6360.0,-0.0,58.0
07:59:42,7165.08,6370.0,-0.0,50.0
07:59:42,7165.08,6375.0,-0.0,5.0
07:59:42,7165.08,6380.0,-0.0,44.0
07:59:42,7165.08,6390.0,0.0,11.0
07:59:42,7165.08,6400.0,-0.0,152.0
07:59:42,7165.08,6410.0,-0.0,5.0
07:59:42,7165.08,6420.0,-0.0,14.0
07:59:42,7165.08,6425.0,0.0,52.0
07:59:42,7165.08,6430.0,-0.0573,7.0
07:59:42,7165.08,6440.0,-0.0383,44.0
07:59:42,7165.08,6450.0,-0.0,1068.0
07:59:42,7165.08,6460.0,-0.0,80.0
07:59:42,7165.08,6470.0,-0.0,8.0
07:59:42,7165.08,6475.0,-0.0,3.0
07:59:42,7165.08,6480.0,-0.0,35.0
07:59:42,7165.08,6485.0,0.0043,8.0
07:59:42,7165.08,6490.0,-0.0,5.0
07:59:42,7165.08,6495.0,-0.0092,0.0
07:59:42,7165.08,6500.0,-0.0,70.0
07:59:42,7165.08,6505.0,-0.1222,100.0
07:59:42,7165.08,6510.0,-0.0,118.0
07:59:42,7165.08,6515.0,0.0164,117.0
07:59:42,7165.08,6520.0,-0.0,29.0
07:59:42,7165.08,6525.0,-0.0,4.0
07:59:42,7165.08,6530.0,-0.0,1.0
07:59:42,7165.08,6535.0,-0.0805,64.0
07:59:42,7165.08,6540.0,-0.0,22.0
07:59:42,7165.08,6545.0,-0.0131,58.0
07:59:42,7165.08,6550.0,-0.2663,0.0
07:59:42,7165.08,6555.0,0.0576,27.0
07:59:42,7165.08,6560.0,-0.0,15.0
07:59:42,7165.08,6565.0,-0.0552,3.0
07:59:42,7165.08,6570.0,0.0,1.0
07:59:42,7165.08,6580.0,0.0649,13.0
07:59:42,7165.08,6585.0,-0.0766,48.0
07:59:42,7165.08,6590.0,0.0474,57.0
07:59:42,7165.08,6595.0,-0.0,79.0
07:59:42,7165.08,6600.0,-0.0,4.0
07:59:42,7165.08,6605.0,-0.0,30.0
07:59:42,7165.08,6610.0,0.1515,106.0
07:59:42,7165.08,6615.0,-0.0,95.0
07:59:42,7165.08,6620.0,0.1026,80.0
07:59:42,7165.08,6625.0,0.0,16.0
07:59:42,7165.08,6630.0,-0.0,40.0
07:59:42,7165.08,6635.0,-0.1048,137.0
07:59:42,7165.08,6640.0,0.145,87.0
07:59:42,7165.08,6645.0,-0.1235,27.0
07:59:42,7165.08,6650.0,-0.0,3.0
07:59:42,7165.08,6655.0,-0.1014,70.0
07:59:42,7165.08,6660.0,-0.1662,88.0
07:59:42,7165.08,6665.0,-0.0,6.0
07:59:42,7165.08,6670.0,-0.0568,3.0
07:59:42,7165.08,6675.0,0.0,248.0
07:59:42,7165.08,6680.0,-0.3832,62.0
07:59:42,7165.08,6685.0,-0.0,287.0
07:59:42,7165.08,6690.0,-1.1985,139.0
07:59:42,7165.08,6695.0,-0.0,31.0
07:59:42,7165.08,6700.0,-0.0014,1429.0
07:59:42,7165.08,6705.0,-0.0001,49.0
07:59:42,7165.08,6710.0,-0.5515,565.0
07:59:42,7165.08,6715.0,-0.0002,161.0
07:59:42,7165.08,6720.0,-0.0004,44.0
07:59:42,7165.08,6725.0,-0.0006,1300.0
07:59:42,7165.08,6730.0,-0.0008,63.0
07:59:42,7165.08,6735.0,0.0255,56.0
07:59:42,7165.08,6740.0,-0.0022,181.0
07:59:42,7165.08,6745.0,-0.0006,86.0
07:59:42,7165.08,6750.0,-0.0094,3696.0
07:59:42,7165.08,6755.0,-0.0019,153.0
07:59:42,7165.08,6760.0,-1.966,1867.0
07:59:42,7165.08,6765.0,-0.0031,293.0
07:59:42,7165.08,6770.0,-1.806,136.0
07:59:42,7165.08,6775.0,-0.0042,3448.0
07:59:42,7165.08,6780.0,-0.0111,276.0
07:59:42,7165.08,6785.0,0.0242,130.0
07:59:42,7165.08,6790.0,-0.0215,194.0
07:59:42,7165.08,6795.0,-0.0608,159.0
07:59:42,7165.08,6800.0,-11.7331,2592.0
07:59:42,7165.08,6805.0,-4.2882,347.0
07:59:42,7165.08,6810.0,-3.7409,704.0
07:59:42,7165.08,6815.0,-0.0214,296.0
07:59:42,7165.08,6820.0,-1.649,158.0
07:59:42,7165.08,6825.0,2.1811,1565.0
07:59:42,7165.08,6830.0,-0.0506,188.0
07:59:42,7165.08,6835.0,-0.9594,221.0
07:59:42,7165.08,6840.0,-0.16,1189.0
07:59:42,7165.08,6845.0,-0.2437,4310.0
07:59:42,7165.08,6850.0,-7.8118,4335.0
07:59:42,7165.08,6855.0,-0.413,665.0
07:59:42,7165.08,6860.0,-4.3119,0.0
07:59:42,7165.08,6865.0,-0.6827,0.0
07:59:42,7165.08,6870.0,-0.2721,0.0
07:59:42,7165.08,6875.0,-0.6819,0.0
07:59:42,7165.08,6880.0,-1.0618,0.0
07:59:42,7165.08,6885.0,-13.817,3.0
07:59:42,7165.08,6890.0,-0.825,0.0
07:59:42,7165.08,6895.0,-58.1265,13.0
07:59:42,7165.08,6900.0,-36.6982,0.0
07:59:42,7165.08,6905.0,-2.7141,0.0
07:59:42,7165.08,6910.0,-1.4923,0.0
07:59:42,7165.08,6915.0,-1.2064,82.0
07:59:42,7165.08,6920.0,-0.7761,91.0
07:59:42,7165.08,6925.0,0.7624,791.0
07:59:42,7165.08,6930.0,-5.7977,0.0
07:59:42,7165.08,6935.0,-5.0962,0.0
07:59:42,7165.08,6940.0,1.0832,0.0
07:59:42,7165.08,6945.0,-39.7964,0.0
07:59:42,7165.08,6950.0,-55.891,117.0
07:59:42,7165.08,6955.0,-32.2255,0.0
07:59:42,7165.08,6960.0,-13.141,0.0
07:59:42,7165.08,6965.0,-6.3978,0.0
07:59:42,7165.08,6970.0,-4.1436,0.0
07:59:42,7165.08,6975.0,-15.0898,2648.0
07:59:42,7165.08,6980.0,-14.1651,0.0
07:59:42,7165.08,6985.0,-12.9409,32.0
07:59:42,7165.08,6990.0,-17.337,0.0
07:59:42,7165.08,6995.0,-16.8528,0.0
07:59:42,7165.08,7000.0,-11.9001,0.0
07:59:42,7165.08,7005.0,-126.486,0.0
07:59:42,7165.08,7010.0,-3.803,0.0
07:59:42,7165.08,7015.0,-10.6915,0.0
07:59:42,7165.08,7020.0,-4.5042,0.0
07:59:42,7165.08,7025.0,-23.4067,0.0
07:59:42,7165.08,7030.0,43.0428,0.0
07:59:42,7165.08,7035.0,-20.2507,0.0
07:59:42,7165.08,7040.0,-19.4179,0.0
07:59:42,7165.08,7045.0,308.3998,0.0
07:59:42,7165.08,7050.0,-123.7781,0.0
07:59:42,7165.08,7055.0,-195.4224,0.0
07:59:42,7165.08,7060.0,-22.1311,0.0
07:59:42,7165.08,7065.0,-15.1002,0.0
07:59:42,7165.08,7070.0,3.1324,0.0
07:59:42,7165.08,7075.0,-68.9882,0.0
07:59:42,7165.08,7080.0,-46.3397,0.0
07:59:42,7165.08,7085.0,-23.0963,0.0
07:59:42,7165.08,7090.0,-49.5119,0.0
07:59:42,7165.08,7095.0,-15.3363,0.0
07:59:42,7165.08,7100.0,127.8095,10605.0
07:59:42,7165.08,7105.0,18.294,0.0
07:59:42,7165.08,7110.0,-24.7531,0.0
07:59:42,7165.08,7115.0,22.6923,0.0
07:59:42,7165.08,7120.0,74.7954,0.0
07:59:42,7165.08,7125.0,1.3871,0.0
07:59:42,7165.08,7130.0,1432.7542,0.0
07:59:42,7165.08,7135.0,33.2303,0.0
07:59:42,7165.08,7140.0,281.7618,1894.0
07:59:42,7165.08,7145.0,40.4458,0.0
07:59:42,7165.08,7150.0,95.4028,0.0
07:59:42,7165.08,7155.0,654.3267,0.0
07:59:42,7165.08,7160.0,1144.1108,0.0
07:59:42,7165.08,7165.0,49.9362,0.0
07:59:42,7165.08,7170.0,200.338,0.0
07:59:42,7165.08,7175.0,324.0935,0.0
07:59:42,7165.08,7180.0,122.0941,0.0
07:59:42,7165.08,7185.0,76.5426,0.0
07:59:42,7165.08,7190.0,143.775,0.0
07:59:42,7165.08,7195.0,111.0354,0.0
07:59:42,7165.08,7200.0,681.2964,10217.0
07:59:42,7165.08,7205.0,78.608,0.0
07:59:42,7165.08,7210.0,213.0405,0.0
07:59:42,7165.08,7215.0,117.7262,0.0
07:59:42,7165.08,7220.0,216.5669,0.0
07:59:42,7165.08,7225.0,166.4071,0.0
07:59:42,7165.08,7230.0,178.4028,0.0
07:59:42,7165.08,7235.0,68.8201,0.0
07:59:42,7165.08,7240.0,182.2312,0.0
07:59:42,7165.08,7245.0,89.3606,0.0
07:59:42,7165.08,7250.0,1201.5839,0.0
07:59:42,7165.08,7255.0,447.6,0.0
07:59:42,7165.08,7260.0,120.2444,0.0
07:59:42,7165.08,7265.0,101.798,0.0
07:59:42,7165.08,7270.0,162.8743,0.0
07:59:42,7165.08,7275.0,281.902,0.0
07:59:42,7165.08,7280.0,198.4675,0.0
07:59:42,7165.08,7285.0,46.405,0.0
07:59:42,7165.08,7290.0,104.0849,0.0
07:59:42,7165.08,7295.0,43.9082,0.0
07:59:42,7165.08,7300.0,95.4905,0.0
07:59:42,7165.08,7305.0,6.3165,0.0
07:59:42,7165.08,7310.0,56.9585,0.0
07:59:42,7165.08,7315.0,29.3403,0.0
07:59:42,7165.08,7320.0,72.7014,0.0
07:59:42,7165.08,7325.0,21.8798,0.0
07:59:42,7165.08,7330.0,57.2859,0.0
07:59:42,7165.08,7335.0,0.3669,0.0
07:59:42,7165.08,7340.0,6.7209,0.0
07:59:42,7165.08,7345.0,0.2152,0.0
07:59:42,7165.08,7350.0,29.7588,0.0
07:59:42,7165.08,7360.0,2.9159,247.0
07:59:42,7165.08,7370.0,7.6608,771.0
07:59:42,7165.08,7375.0,25.4988,10617.0
07:59:42,7165.08,7380.0,12.2625,5152.0
07:59:42,7165.08,7390.0,33.0928,2139.0
07:59:42,7165.08,7400.0,15.4658,4230.0
07:59:42,7165.08,7410.0,0.0095,65.0
07:59:42,7165.08,7425.0,4.2126,194.0
07:59:42,7165.08,7450.0,1.5767,474.0
07:59:42,7165.08,7475.0,0.0336,140.0
07:59:42,7165.08,7500.0,0.1662,296.0
07:59:42,7165.08,7550.0,0.0005,0.0
07:59:42,7165.08,7600.0,0.0006,2.0
07:59:42,7165.08,7700.0,0.0001,0.0
07:59:42,7165.08,7800.0,0.0,1.0
07:59:42,7165.08,8000.0,0.0,2.0
07:59:42,7165.08,8800.0,0.0,2.0
07:59:42,7165.08,9200.0,0.0,1.0
08:17:25,7165.08,4600.0,-0.0,4.0
08:17:25,7165.08,5300.0,-0.0,1.0
08:17:25,7165.08,5400.0,-0.0,3.0
08:17:25,7165.08,5500.0,-0.0,1.0
08:17:25,7165.08,5575.0,-0.0,1.0
08:17:25,7165.08,5625.0,-0.0,1.0
08:17:25,7165.08,5650.0,-0.0,1.0
08:17:25,7165.08,5800.0,-0.0,4.0
08:17:25,7165.08,5900.0,-0.0,3.0
08:17:25,7165.08,6000.0,-0.0,24.0
08:17:25,7165.08,6100.0,-0.0,876.0
08:17:25,7165.08,6110.0,-0.0,105.0
08:17:25,7165.08,6120.0,-0.0,81.0
08:17:25,7165.08,6125.0,-0.0,13.0
08:17:25,7165.08,6130.0,-0.0,3.0
08:17:25,7165.08,6140.0,-0.0,100.0
08:17:25,7165.08,6150.0,-0.0,297.0
08:17:25,7165.08,6160.0,-0.0,85.0
08:17:25,7165.08,6170.0,-0.0,87.0
08:17:25,7165.08,6175.0,-0.0,163.0
08:17:25,7165.08,6180.0,-0.0,10.0
08:17:25,7165.08,6190.0,-0.0026,97.0
08:17:25,7165.08,6200.0,-0.0,1177.0
08:17:25,7165.08,6210.0,-0.0984,0.0
08:17:25,7165.08,6220.0,-0.0021,40.0
08:17:25,7165.08,6225.0,-0.0,150.0
08:17:25,7165.08,6230.0,-0.0072,302.0
08:17:25,7165.08,6240.0,-0.0023,60.0
08:17:25,7165.08,6250.0,-0.0,226.0
08:17:25,7165.08,6260.0,-0.0,200.0
08:17:25,7165.08,6270.0,-0.014,101.0
08:17:25,7165.08,6275.0,-0.0,30.0
08:17:25,7165.08,6280.0,0.0002,20.0
08:17:25,7165.08,6290.0,-0.0,38.0
08:17:25,7165.08,6300.0,-0.0,96.0
08:17:25,7165.08,6310.0,-0.0,161.0
08:17:25,7165.08,6320.0,-0.0,10.0
08:17:25,7165.08,6325.0,-0.0,30.0
08:17:25,7165.08,6330.0,-0.0,196.0
08:17:25,7165.08,6340.0,0.0095,10.0
08:17:25,7165.08,6350.0,-0.0,95.0
08:17:25,7165.08,6360.0,-0.0,58.0
08:17:25,7165.08,6370.0,-0.0,50.0
08:17:25,7165.08,6375.0,-0.0,5.0
08:17:25,7165.08,6380.0,-0.0,44.0
08:17:25,7165.08,6390.0,0.0,11.0
08:17:25,7165.08,6400.0,-0.0,152.0
08:17:25,7165.08,6410.0,-0.0,5.0
08:17:25,7165.08,6420.0,-0.0,14.0
08:17:25,7165.08,6425.0,0.0,52.0
08:17:25,7165.08,6430.0,-0.0573,7.0
08:17:25,7165.08,6440.0,-0.0383,44.0
08:17:25,7165.08,6450.0,-0.0,1068.0
08:17:25,7165.08,6460.0,-0.0,80.0
08:17:25,7165.08,6470.0,-0.0,8.0
08:17:25,7165.08,6475.0,-0.0,3.0
08:17:25,7165.08,6480.0,-0.0,35.0
08:17:25,7165.08,6485.0,0.0043,8.0
08:17:25,7165.08,6490.0,-0.0,5.0
08:17:25,7165.08,6495.0,-0.0092,0.0
08:17:25,7165.08,6500.0,-0.0,70.0
08:17:25,7165.08,6505.0,-0.1222,100.0
08:17:25,7165.08,6510.0,-0.0,118.0
08:17:25,7165.08,6515.0,0.0164,117.0
08:17:25,7165.08,6520.0,-0.0,29.0
08:17:25,7165.08,6525.0,-0.0,4.0
08:17:25,7165.08,6530.0,-0.0,1.0
08:17:25,7165.08,6535.0,-0.0805,64.0
08:17:25,7165.08,6540.0,-0.0,22.0
08:17:25,7165.08,6545.0,-0.0131,58.0
08:17:25,7165.08,6550.0,-0.2663,0.0
08:17:25,7165.08,6555.0,0.0576,27.0
08:17:25,7165.08,6560.0,-0.0,15.0
08:17:25,7165.08,6565.0,-0.0552,3.0
08:17:25,7165.08,6570.0,0.0,1.0
08:17:25,7165.08,6580.0,0.0649,13.0
08:17:25,7165.08,6585.0,-0.0766,48.0
08:17:25,7165.08,6590.0,0.0474,57.0
08:17:25,7165.08,6595.0,-0.0,79.0
08:17:25,7165.08,6600.0,-0.0,4.0
08:17:25,7165.08,6605.0,-0.0,30.0
08:17:25,7165.08,6610.0,0.1515,106.0
08:17:25,7165.08,6615.0,-0.0,95.0
08:17:25,7165.08,6620.0,0.1026,80.0
08:17:25,7165.08,6625.0,0.0,16.0
08:17:25,7165.08,6630.0,-0.0,40.0
08:17:25,7165.08,6635.0,-0.1048,137.0
08:17:25,7165.08,6640.0,0.145,87.0
08:17:25,7165.08,6645.0,-0.1235,27.0
08:17:25,7165.08,6650.0,-0.0,3.0
08:17:25,7165.08,6655.0,-0.1014,70.0
08:17:25,7165.08,6660.0,-0.1662,88.0
08:17:25,7165.08,6665.0,-0.0,6.0
08:17:25,7165.08,6670.0,-0.0568,3.0
08:17:25,7165.08,6675.0,0.0,248.0
08:17:25,7165.08,6680.0,-0.3832,62.0
08:17:25,7165.08,6685.0,-0.0,287.0
08:17:25,7165.08,6690.0,-1.1985,139.0
08:17:25,7165.08,6695.0,-0.0,31.0
08:17:25,7165.08,6700.0,-0.0014,1429.0
08:17:25,7165.08,6705.0,-0.0001,49.0
08:17:25,7165.08,6710.0,-0.5515,565.0
08:17:25,7165.08,6715.0,-0.0002,161.0
08:17:25,7165.08,6720.0,-0.0004,44.0
08:17:25,7165.08,6725.0,-0.0006,1300.0
08:17:25,7165.08,6730.0,-0.0008,63.0
08:17:25,7165.08,6735.0,0.0255,56.0
08:17:25,7165.08,6740.0,-0.0022,181.0
08:17:25,7165.08,6745.0,-0.0006,86.0
08:17:25,7165.08,6750.0,-0.0094,3696.0
08:17:25,7165.08,6755.0,-0.0019,153.0
08:17:25,7165.08,6760.0,-1.966,1867.0
08:17:25,7165.08,6765.0,-0.0031,293.0
08:17:25,7165.08,6770.0,-1.806,136.0
08:17:25,7165.08,6775.0,-0.0042,3448.0
08:17:25,7165.08,6780.0,-0.0111,276.0
08:17:25,7165.08,6785.0,0.0242,130.0
08:17:25,7165.08,6790.0,-0.0215,194.0
08:17:25,7165.08,6795.0,-0.0608,159.0
08:17:25,7165.08,6800.0,-11.7331,2592.0
08:17:25,7165.08,6805.0,-4.2882,347.0
08:17:25,7165.08,6810.0,-3.7409,704.0
08:17:25,7165.08,6815.0,-0.0214,296.0
08:17:25,7165.08,6820.0,-1.649,158.0
08:17:25,7165.08,6825.0,2.1811,1565.0
08:17:25,7165.08,6830.0,-0.0506,188.0
08:17:25,7165.08,6835.0,-0.9594,221.0
08:17:25,7165.08,6840.0,-0.16,1189.0
08:17:25,7165.08,6845.0,-0.2437,4310.0
08:17:25,7165.08,6850.0,-7.8118,4335.0
08:17:25,7165.08,6855.0,-0.413,665.0
08:17:25,7165.08,6860.0,-4.3119,0.0
08:17:25,7165.08,6865.0,-0.6827,0.0
08:17:25,7165.08,6870.0,-0.2721,0.0
08:17:25,7165.08,6875.0,-0.6819,0.0
08:17:25,7165.08,6880.0,-1.0618,0.0
08:17:25,7165.08,6885.0,-13.817,3.0
08:17:25,7165.08,6890.0,-0.825,0.0
08:17:25,7165.08,6895.0,-58.1265,13.0
08:17:25,7165.08,6900.0,-36.6982,0.0
08:17:25,7165.08,6905.0,-2.7141,0.0
08:17:25,7165.08,6910.0,-1.4923,0.0
08:17:25,7165.08,6915.0,-1.2064,82.0
08:17:25,7165.08,6920.0,-0.7761,91.0
08:17:25,7165.08,6925.0,0.7624,791.0
08:17:25,7165.08,6930.0,-5.7977,0.0
08:17:25,7165.08,6935.0,-5.0962,0.0
08:17:25,7165.08,6940.0,1.0832,0.0
08:17:25,7165.08,6945.0,-39.7964,0.0
08:17:25,7165.08,6950.0,-55.891,117.0
08:17:25,7165.08,6955.0,-32.2255,0.0
08:17:25,7165.08,6960.0,-13.141,0.0
08:17:25,7165.08,6965.0,-6.3978,0.0
08:17:25,7165.08,6970.0,-4.1436,0.0
08:17:25,7165.08,6975.0,-15.0898,2648.0
08:17:25,7165.08,6980.0,-14.1651,0.0
08:17:25,7165.08,6985.0,-12.9409,32.0
08:17:25,7165.08,6990.0,-17.337,0.0
08:17:25,7165.08,6995.0,-16.8528,0.0
08:17:25,7165.08,7000.0,-11.9001,0.0
08:17:25,7165.08,7005.0,-126.486,0.0
08:17:25,7165.08,7010.0,-3.803,0.0
08:17:25,7165.08,7015.0,-10.6915,0.0
08:17:25,7165.08,7020.0,-4.5042,0.0
08:17:25,7165.08,7025.0,-23.4067,0.0
08:17:25,7165.08,7030.0,43.0428,0.0
08:17:25,7165.08,7035.0,-20.2507,0.0
08:17:25,7165.08,7040.0,-19.4179,0.0
08:17:25,7165.08,7045.0,308.3998,0.0
08:17:25,7165.08,7050.0,-123.7781,0.0
08:17:25,7165.08,7055.0,-195.4224,0.0
08:17:25,7165.08,7060.0,-22.1311,0.0
08:17:25,7165.08,7065.0,-15.1002,0.0
08:17:25,7165.08,7070.0,3.1324,0.0
08:17:25,7165.08,7075.0,-68.9882,0.0
08:17:25,7165.08,7080.0,-46.3397,0.0
08:17:25,7165.08,7085.0,-23.0963,0.0
08:17:25,7165.08,7090.0,-49.5119,0.0
08:17:25,7165.08,7095.0,-15.3363,0.0
08:17:25,7165.08,7100.0,127.8095,10605.0
08:17:25,7165.08,7105.0,18.294,0.0
08:17:25,7165.08,7110.0,-24.7531,0.0
08:17:25,7165.08,7115.0,22.6923,0.0
08:17:25,7165.08,7120.0,74.7954,0.0
08:17:25,7165.08,7125.0,1.3871,0.0
08:17:25,7165.08,7130.0,1432.7542,0.0
08:17:25,7165.08,7135.0,33.2303,0.0
08:17:25,7165.08,7140.0,281.7618,1894.0
08:17:25,7165.08,7145.0,40.4458,0.0
08:17:25,7165.08,7150.0,95.4028,0.0
08:17:25,7165.08,7155.0,654.3267,0.0
08:17:25,7165.08,7160.0,1144.1108,0.0
08:17:25,7165.08,7165.0,49.9362,0.0
08:17:25,7165.08,7170.0,200.338,0.0
08:17:25,7165.08,7175.0,324.0935,0.0
08:17:25,7165.08,7180.0,122.0941,0.0
08:17:25,7165.08,7185.0,76.5426,0.0
08:17:25,7165.08,7190.0,143.775,0.0
08:17:25,7165.08,7195.0,111.0354,0.0
08:17:25,7165.08,7200.0,681.2964,10217.0
08:17:25,7165.08,7205.0,78.608,0.0
08:17:25,7165.08,7210.0,213.0405,0.0
08:17:25,7165.08,7215.0,117.7262,0.0
08:17:25,7165.08,7220.0,216.5669,0.0
08:17:25,7165.08,7225.0,166.4071,0.0
08:17:25,7165.08,7230.0,178.4028,0.0
08:17:25,7165.08,7235.0,68.8201,0.0
08:17:25,7165.08,7240.0,182.2312,0.0
08:17:25,7165.08,7245.0,89.3606,0.0
08:17:25,7165.08,7250.0,1201.5839,0.0
08:17:25,7165.08,7255.0,447.6,0.0
08:17:25,7165.08,7260.0,120.2444,0.0
08:17:25,7165.08,7265.0,101.798,0.0
08:17:25,7165.08,7270.0,162.8743,0.0
08:17:25,7165.08,7275.0,281.902,0.0
08:17:25,7165.08,7280.0,198.4675,0.0
08:17:25,7165.08,7285.0,46.405,0.0
08:17:25,7165.08,7290.0,104.0849,0.0
08:17:25,7165.08,7295.0,43.9082,0.0
08:17:25,7165.08,7300.0,95.4905,0.0
08:17:25,7165.08,7305.0,6.3165,0.0
08:17:25,7165.08,7310.0,56.9585,0.0
08:17:25,7165.08,7315.0,29.3403,0.0
08:17:25,7165.08,7320.0,72.7014,0.0
08:17:25,7165.08,7325.0,21.8798,0.0
08:17:25,7165.08,7330.0,57.2859,0.0
08:17:25,7165.08,7335.0,0.3669,0.0
08:17:25,7165.08,7340.0,6.7209,0.0
08:17:25,7165.08,7345.0,0.2152,0.0
08:17:25,7165.08,7350.0,29.7588,0.0
08:17:25,7165.08,7360.0,2.9159,247.0
08:17:25,7165.08,7370.0,7.6608,771.0
08:17:25,7165.08,7375.0,25.4988,10617.0
08:17:25,7165.08,7380.0,12.2625,5152.0
08:17:25,7165.08,7390.0,33.0928,2139.0
08:17:25,7165.08,7400.0,15.4658,4230.0
08:17:25,7165.08,7410.0,0.0095,65.0
08:17:25,7165.08,7425.0,4.2126,194.0
08:17:25,7165.08,7450.0,1.5767,474.0
08:17:25,7165.08,7475.0,0.0336,140.0
08:17:25,7165.08,7500.0,0.1662,296.0
08:17:25,7165.08,7550.0,0.0005,0.0
08:17:25,7165.08,7600.0,0.0006,2.0
08:17:25,7165.08,7700.0,0.0001,0.0
08:17:25,7165.08,7800.0,0.0,1.0
08:17:25,7165.08,8000.0,0.0,2.0
08:17:25,7165.08,8800.0,0.0,2.0
08:17:25,7165.08,9200.0,0.0,1.0
08:20:00,7165.08,4600.0,-0.0,4.0
08:20:00,7165.08,5300.0,-0.0,1.0
08:20:00,7165.08,5400.0,-0.0,3.0
08:20:00,7165.08,5500.0,-0.0,1.0
08:20:00,7165.08,5575.0,-0.0,1.0
08:20:00,7165.08,5625.0,-0.0,1.0
08:20:00,7165.08,5650.0,-0.0,1.0
08:20:00,7165.08,5800.0,-0.0,4.0
08:20:00,7165.08,5900.0,-0.0,3.0
08:20:00,7165.08,6000.0,-0.0,24.0
08:20:00,7165.08,6100.0,-0.0,876.0
08:20:00,7165.08,6110.0,-0.0,105.0
08:20:00,7165.08,6120.0,-0.0,81.0
08:20:00,7165.08,6125.0,-0.0,13.0
08:20:00,7165.08,6130.0,-0.0,3.0
08:20:00,7165.08,6140.0,-0.0,100.0
08:20:00,7165.08,6150.0,-0.0,297.0
08:20:00,7165.08,6160.0,-0.0,85.0
08:20:00,7165.08,6170.0,-0.0,87.0
08:20:00,7165.08,6175.0,-0.0,163.0
08:20:00,7165.08,6180.0,-0.0,10.0
08:20:00,7165.08,6190.0,-0.0026,97.0
08:20:00,7165.08,6200.0,-0.0,1177.0
08:20:00,7165.08,6210.0,-0.0984,0.0
08:20:00,7165.08,6220.0,-0.0021,40.0
08:20:00,7165.08,6225.0,-0.0,150.0
08:20:00,7165.08,6230.0,-0.0072,302.0
08:20:00,7165.08,6240.0,-0.0023,60.0
08:20:00,7165.08,6250.0,-0.0,226.0
08:20:00,7165.08,6260.0,-0.0,200.0
08:20:00,7165.08,6270.0,-0.014,101.0
08:20:00,7165.08,6275.0,-0.0,30.0
08:20:00,7165.08,6280.0,0.0002,20.0
08:20:00,7165.08,6290.0,-0.0,38.0
08:20:00,7165.08,6300.0,-0.0,96.0
08:20:00,7165.08,6310.0,-0.0,161.0
08:20:00,7165.08,6320.0,-0.0,10.0
08:20:00,7165.08,6325.0,-0.0,30.0
08:20:00,7165.08,6330.0,-0.0,196.0
08:20:00,7165.08,6340.0,0.0095,10.0
08:20:00,7165.08,6350.0,-0.0,95.0
08:20:00,7165.08,6360.0,-0.0,58.0
08:20:00,7165.08,6370.0,-0.0,50.0
08:20:00,7165.08,6375.0,-0.0,5.0
08:20:00,7165.08,6380.0,-0.0,44.0
08:20:00,7165.08,6390.0,0.0,11.0
08:20:00,7165.08,6400.0,-0.0,152.0
08:20:00,7165.08,6410.0,-0.0,5.0
08:20:00,7165.08,6420.0,-0.0,14.0
08:20:00,7165.08,6425.0,0.0,52.0
08:20:00,7165.08,6430.0,-0.0573,7.0
08:20:00,7165.08,6440.0,-0.0383,44.0
08:20:00,7165.08,6450.0,-0.0,1068.0
08:20:00,7165.08,6460.0,-0.0,80.0
08:20:00,7165.08,6470.0,-0.0,8.0
08:20:00,7165.08,6475.0,-0.0,3.0
08:20:00,7165.08,6480.0,-0.0,35.0
08:20:00,7165.08,6485.0,0.0043,8.0
08:20:00,7165.08,6490.0,-0.0,5.0
08:20:00,7165.08,6495.0,-0.0092,0.0
08:20:00,7165.08,6500.0,-0.0,70.0
08:20:00,7165.08,6505.0,-0.1222,100.0
08:20:00,7165.08,6510.0,-0.0,118.0
08:20:00,7165.08,6515.0,0.0164,117.0
08:20:00,7165.08,6520.0,-0.0,29.0
08:20:00,7165.08,6525.0,-0.0,4.0
08:20:00,7165.08,6530.0,-0.0,1.0
08:20:00,7165.08,6535.0,-0.0805,64.0
08:20:00,7165.08,6540.0,-0.0,22.0
08:20:00,7165.08,6545.0,-0.0131,58.0
08:20:00,7165.08,6550.0,-0.2663,0.0
08:20:00,7165.08,6555.0,0.0576,27.0
08:20:00,7165.08,6560.0,-0.0,15.0
08:20:00,7165.08,6565.0,-0.0552,3.0
08:20:00,7165.08,6570.0,0.0,1.0
08:20:00,7165.08,6580.0,0.0649,13.0
08:20:00,7165.08,6585.0,-0.0766,48.0
08:20:00,7165.08,6590.0,0.0474,57.0
08:20:00,7165.08,6595.0,-0.0,79.0
08:20:00,7165.08,6600.0,-0.0,4.0
08:20:00,7165.08,6605.0,-0.0,30.0
08:20:00,7165.08,6610.0,0.1515,106.0
08:20:00,7165.08,6615.0,-0.0,95.0
08:20:00,7165.08,6620.0,0.1026,80.0
08:20:00,7165.08,6625.0,0.0,16.0
08:20:00,7165.08,6630.0,-0.0,40.0
08:20:00,7165.08,6635.0,-0.1048,137.0
08:20:00,7165.08,6640.0,0.145,87.0
08:20:00,7165.08,6645.0,-0.1235,27.0
08:20:00,7165.08,6650.0,-0.0,3.0
08:20:00,7165.08,6655.0,-0.1014,70.0
08:20:00,7165.08,6660.0,-0.1662,88.0
08:20:00,7165.08,6665.0,-0.0,6.0
08:20:00,7165.08,6670.0,-0.0568,3.0
08:20:00,7165.08,6675.0,0.0,248.0
08:20:00,7165.08,6680.0,-0.3832,62.0
08:20:00,7165.08,6685.0,-0.0,287.0
08:20:00,7165.08,6690.0,-1.1985,139.0
08:20:00,7165.08,6695.0,-0.0,31.0
08:20:00,7165.08,6700.0,-0.0014,1429.0
08:20:00,7165.08,6705.0,-0.0001,49.0
08:20:00,7165.08,6710.0,-0.5515,565.0
08:20:00,7165.08,6715.0,-0.0002,161.0
08:20:00,7165.08,6720.0,-0.0004,44.0
08:20:00,7165.08,6725.0,-0.0006,1300.0
08:20:00,7165.08,6730.0,-0.0008,63.0
08:20:00,7165.08,6735.0,0.0255,56.0
08:20:00,7165.08,6740.0,-0.0022,181.0
08:20:00,7165.08,6745.0,-0.0006,86.0
08:20:00,7165.08,6750.0,-0.0094,3696.0
08:20:00,7165.08,6755.0,-0.0019,153.0
08:20:00,7165.08,6760.0,-1.966,1867.0
08:20:00,7165.08,6765.0,-0.0031,293.0
08:20:00,7165.08,6770.0,-1.806,136.0
08:20:00,7165.08,6775.0,-0.0042,3448.0
08:20:00,7165.08,6780.0,-0.0111,276.0
08:20:00,7165.08,6785.0,0.0242,130.0
08:20:00,7165.08,6790.0,-0.0215,194.0
08:20:00,7165.08,6795.0,-0.0608,159.0
08:20:00,7165.08,6800.0,-11.7331,2592.0
08:20:00,7165.08,6805.0,-4.2882,347.0
08:20:00,7165.08,6810.0,-3.7409,704.0
08:20:00,7165.08,6815.0,-0.0214,296.0
08:20:00,7165.08,6820.0,-1.649,158.0
08:20:00,7165.08,6825.0,2.1811,1565.0
08:20:00,7165.08,6830.0,-0.0506,188.0
08:20:00,7165.08,6835.0,-0.9594,221.0
08:20:00,7165.08,6840.0,-0.16,1189.0
08:20:00,7165.08,6845.0,-0.2437,4310.0
08:20:00,7165.08,6850.0,-7.8118,4335.0
08:20:00,7165.08,6855.0,-0.413,665.0
08:20:00,7165.08,6860.0,-4.3119,0.0
08:20:00,7165.08,6865.0,-0.6827,0.0
08:20:00,7165.08,6870.0,-0.2721,0.0
08:20:00,7165.08,6875.0,-0.6819,0.0
08:20:00,7165.08,6880.0,-1.0618,0.0
08:20:00,7165.08,6885.0,-13.817,3.0
08:20:00,7165.08,6890.0,-0.825,0.0
08:20:00,7165.08,6895.0,-58.1265,13.0
08:20:00,7165.08,6900.0,-36.6982,0.0
08:20:00,7165.08,6905.0,-2.7141,0.0
08:20:00,7165.08,6910.0,-1.4923,0.0
08:20:00,7165.08,6915.0,-1.2064,82.0
08:20:00,7165.08,6920.0,-0.7761,91.0
08:20:00,7165.08,6925.0,0.7624,791.0
08:20:00,7165.08,6930.0,-5.7977,0.0
08:20:00,7165.08,6935.0,-5.0962,0.0
08:20:00,7165.08,6940.0,1.0832,0.0
08:20:00,7165.08,6945.0,-39.7964,0.0
08:20:00,7165.08,6950.0,-55.891,117.0
08:20:00,7165.08,6955.0,-32.2255,0.0
08:20:00,7165.08,6960.0,-13.141,0.0
08:20:00,7165.08,6965.0,-6.3978,0.0
08:20:00,7165.08,6970.0,-4.1436,0.0
08:20:00,7165.08,6975.0,-15.0898,2648.0
08:20:00,7165.08,6980.0,-14.1651,0.0
08:20:00,7165.08,6985.0,-12.9409,32.0
08:20:00,7165.08,6990.0,-17.337,0.0
08:20:00,7165.08,6995.0,-16.8528,0.0
08:20:00,7165.08,7000.0,-11.9001,0.0
08:20:00,7165.08,7005.0,-126.486,0.0
08:20:00,7165.08,7010.0,-3.803,0.0
08:20:00,7165.08,7015.0,-10.6915,0.0
08:20:00,7165.08,7020.0,-4.5042,0.0
08:20:00,7165.08,7025.0,-23.4067,0.0
08:20:00,7165.08,7030.0,43.0428,0.0
08:20:00,7165.08,7035.0,-20.2507,0.0
08:20:00,7165.08,7040.0,-19.4179,0.0
08:20:00,7165.08,7045.0,308.3998,0.0
08:20:00,7165.08,7050.0,-123.7781,0.0
08:20:00,7165.08,7055.0,-195.4224,0.0
08:20:00,7165.08,7060.0,-22.1311,0.0
08:20:00,7165.08,7065.0,-15.1002,0.0
08:20:00,7165.08,7070.0,3.1324,0.0
08:20:00,7165.08,7075.0,-68.9882,0.0
08:20:00,7165.08,7080.0,-46.3397,0.0
08:20:00,7165.08,7085.0,-23.0963,0.0
08:20:00,7165.08,7090.0,-49.5119,0.0
08:20:00,7165.08,7095.0,-15.3363,0.0
08:20:00,7165.08,7100.0,127.8095,10605.0
08:20:00,7165.08,7105.0,18.294,0.0
08:20:00,7165.08,7110.0,-24.7531,0.0
08:20:00,7165.08,7115.0,22.6923,0.0
08:20:00,7165.08,7120.0,74.7954,0.0
08:20:00,7165.08,7125.0,1.3871,0.0
08:20:00,7165.08,7130.0,1432.7542,0.0
08:20:00,7165.08,7135.0,33.2303,0.0
08:20:00,7165.08,7140.0,281.7618,1894.0
08:20:00,7165.08,7145.0,40.4458,0.0
08:20:00,7165.08,7150.0,95.4028,0.0
08:20:00,7165.08,7155.0,654.3267,0.0
08:20:00,7165.08,7160.0,1144.1108,0.0
08:20:00,7165.08,7165.0,49.9362,0.0
08:20:00,7165.08,7170.0,200.338,0.0
08:20:00,7165.08,7175.0,324.0935,0.0
08:20:00,7165.08,7180.0,122.0941,0.0
08:20:00,7165.08,7185.0,76.5426,0.0
08:20:00,7165.08,7190.0,143.775,0.0
08:20:00,7165.08,7195.0,111.0354,0.0
08:20:00,7165.08,7200.0,681.2964,10217.0
08:20:00,7165.08,7205.0,78.608,0.0
08:20:00,7165.08,7210.0,213.0405,0.0
08:20:00,7165.08,7215.0,117.7262,0.0
08:20:00,7165.08,7220.0,216.5669,0.0
08:20:00,7165.08,7225.0,166.4071,0.0
08:20:00,7165.08,7230.0,178.4028,0.0
08:20:00,7165.08,7235.0,68.8201,0.0
08:20:00,7165.08,7240.0,182.2312,0.0
08:20:00,7165.08,7245.0,89.3606,0.0
08:20:00,7165.08,7250.0,1201.5839,0.0
08:20:00,7165.08,7255.0,447.6,0.0
08:20:00,7165.08,7260.0,120.2444,0.0
08:20:00,7165.08,7265.0,101.798,0.0
08:20:00,7165.08,7270.0,162.8743,0.0
08:20:00,7165.08,7275.0,281.902,0.0
08:20:00,7165.08,7280.0,198.4675,0.0
08:20:00,7165.08,7285.0,46.405,0.0
08:20:00,7165.08,7290.0,104.0849,0.0
08:20:00,7165.08,7295.0,43.9082,0.0
08:20:00,7165.08,7300.0,95.4905,0.0
08:20:00,7165.08,7305.0,6.3165,0.0
08:20:00,7165.08,7310.0,56.9585,0.0
08:20:00,7165.08,7315.0,29.3403,0.0
08:20:00,7165.08,7320.0,72.7014,0.0
08:20:00,7165.08,7325.0,21.8798,0.0
08:20:00,7165.08,7330.0,57.2859,0.0
08:20:00,7165.08,7335.0,0.3669,0.0
08:20:00,7165.08,7340.0,6.7209,0.0
08:20:00,7165.08,7345.0,0.2152,0.0
08:20:00,7165.08,7350.0,29.7588,0.0
08:20:00,7165.08,7360.0,2.9159,247.0
08:20:00,7165.08,7370.0,7.6608,771.0
08:20:00,7165.08,7375.0,25.4988,10617.0
08:20:00,7165.08,7380.0,12.2625,5152.0
08:20:00,7165.08,7390.0,33.0928,2139.0
08:20:00,7165.08,7400.0,15.4658,4230.0
08:20:00,7165.08,7410.0,0.0095,65.0
08:20:00,7165.08,7425.0,4.2126,194.0
08:20:00,7165.08,7450.0,1.5767,474.0
08:20:00,7165.08,7475.0,0.0336,140.0
08:20:00,7165.08,7500.0,0.1662,296.0
08:20:00,7165.08,7550.0,0.0005,0.0
08:20:00,7165.08,7600.0,0.0006,2.0
08:20:00,7165.08,7700.0,0.0001,0.0
08:20:00,7165.08,7800.0,0.0,1.0
08:20:00,7165.08,8000.0,0.0,2.0
08:20:00,7165.08,8800.0,0.0,2.0
08:20:00,7165.08,9200.0,0.0,1.0
08:26:17,7165.08,4600.0,-0.0,4.0
08:26:17,7165.08,5300.0,-0.0,1.0
08:26:17,7165.08,5400.0,-0.0,3.0
08:26:17,7165.08,5500.0,-0.0,1.0
08:26:17,7165.08,5575.0,-0.0,1.0
08:26:17,7165.08,5625.0,-0.0,1.0
08:26:17,7165.08,5650.0,-0.0,1.0
08:26:17,7165.08,5800.0,-0.0,4.0
08:26:17,7165.08,5900.0,-0.0,3.0
08:26:17,7165.08,6000.0,-0.0,24.0
08:26:17,7165.08,6100.0,-0.0,876.0
08:26:17,7165.08,6110.0,-0.0,105.0
08:26:17,7165.08,6120.0,-0.0,81.0
08:26:17,7165.08,6125.0,-0.0,13.0
08:26:17,7165.08,6130.0,-0.0,3.0
08:26:17,7165.08,6140.0,-0.0,100.0
08:26:17,7165.08,6150.0,-0.0,297.0
08:26:17,7165.08,6160.0,-0.0,85.0
08:26:17,7165.08,6170.0,-0.0,87.0
08:26:17,7165.08,6175.0,-0.0,163.0
08:26:17,7165.08,6180.0,-0.0,10.0
08:26:17,7165.08,6190.0,-0.0026,97.0
08:26:17,7165.08,6200.0,-0.0,1177.0
08:26:17,7165.08,6210.0,-0.0984,0.0
08:26:17,7165.08,6220.0,-0.0021,40.0
08:26:17,7165.08,6225.0,-0.0,150.0
08:26:17,7165.08,6230.0,-0.0072,302.0
08:26:17,7165.08,6240.0,-0.0023,60.0
08:26:17,7165.08,6250.0,-0.0,226.0
08:26:17,7165.08,6260.0,-0.0,200.0
08:26:17,7165.08,6270.0,-0.014,101.0
08:26:17,7165.08,6275.0,-0.0,30.0
08:26:17,7165.08,6280.0,0.0002,20.0
08:26:17,7165.08,6290.0,-0.0,38.0
08:26:17,7165.08,6300.0,-0.0,96.0
08:26:17,7165.08,6310.0,-0.0,161.0
08:26:17,7165.08,6320.0,-0.0,10.0
08:26:17,7165.08,6325.0,-0.0,30.0
08:26:17,7165.08,6330.0,-0.0,196.0
08:26:17,7165.08,6340.0,0.0095,10.0
08:26:17,7165.08,6350.0,-0.0,95.0
08:26:17,7165.08,6360.0,-0.0,58.0
08:26:17,7165.08,6370.0,-0.0,50.0
08:26:17,7165.08,6375.0,-0.0,5.0
08:26:17,7165.08,6380.0,-0.0,44.0
08:26:17,7165.08,6390.0,0.0,11.0
08:26:17,7165.08,6400.0,-0.0,152.0
08:26:17,7165.08,6410.0,-0.0,5.0
08:26:17,7165.08,6420.0,-0.0,14.0
08:26:17,7165.08,6425.0,0.0,52.0
08:26:17,7165.08,6430.0,-0.0573,7.0
08:26:17,7165.08,6440.0,-0.0383,44.0
08:26:17,7165.08,6450.0,-0.0,1068.0
08:26:17,7165.08,6460.0,-0.0,80.0
08:26:17,7165.08,6470.0,-0.0,8.0
08:26:17,7165.08,6475.0,-0.0,3.0
08:26:17,7165.08,6480.0,-0.0,35.0
08:26:17,7165.08,6485.0,0.0043,8.0
08:26:17,7165.08,6490.0,-0.0,5.0
08:26:17,7165.08,6495.0,-0.0092,0.0
08:26:17,7165.08,6500.0,-0.0,70.0
08:26:17,7165.08,6505.0,-0.1222,100.0
08:26:17,7165.08,6510.0,-0.0,118.0
08:26:17,7165.08,6515.0,0.0164,117.0
08:26:17,7165.08,6520.0,-0.0,29.0
08:26:17,7165.08,6525.0,-0.0,4.0
08:26:17,7165.08,6530.0,-0.0,1.0
08:26:17,7165.08,6535.0,-0.0805,64.0
08:26:17,7165.08,6540.0,-0.0,22.0
08:26:17,7165.08,6545.0,-0.0131,58.0
08:26:17,7165.08,6550.0,-0.2663,0.0
08:26:17,7165.08,6555.0,0.0576,27.0
08:26:17,7165.08,6560.0,-0.0,15.0
08:26:17,7165.08,6565.0,-0.0552,3.0
08:26:17,7165.08,6570.0,0.0,1.0
08:26:17,7165.08,6580.0,0.0649,13.0
08:26:17,7165.08,6585.0,-0.0766,48.0
08:26:17,7165.08,6590.0,0.0474,57.0
08:26:17,7165.08,6595.0,-0.0,79.0
08:26:17,7165.08,6600.0,-0.0,4.0
08:26:17,7165.08,6605.0,-0.0,30.0
08:26:17,7165.08,6610.0,0.1515,106.0
08:26:17,7165.08,6615.0,-0.0,95.0
08:26:17,7165.08,6620.0,0.1026,80.0
08:26:17,7165.08,6625.0,0.0,16.0
08:26:17,7165.08,6630.0,-0.0,40.0
08:26:17,7165.08,6635.0,-0.1048,137.0
08:26:17,7165.08,6640.0,0.145,87.0
08:26:17,7165.08,6645.0,-0.1235,27.0
08:26:17,7165.08,6650.0,-0.0,3.0
08:26:17,7165.08,6655.0,-0.1014,70.0
08:26:17,7165.08,6660.0,-0.1662,88.0
08:26:17,7165.08,6665.0,-0.0,6.0
08:26:17,7165.08,6670.0,-0.0568,3.0
08:26:17,7165.08,6675.0,0.0,248.0
08:26:17,7165.08,6680.0,-0.3832,62.0
08:26:17,7165.08,6685.0,-0.0,287.0
08:26:17,7165.08,6690.0,-1.1985,139.0
08:26:17,7165.08,6695.0,-0.0,31.0
08:26:17,7165.08,6700.0,-0.0014,1429.0
08:26:17,7165.08,6705.0,-0.0001,49.0
08:26:17,7165.08,6710.0,-0.5515,565.0
08:26:17,7165.08,6715.0,-0.0002,161.0
08:26:17,7165.08,6720.0,-0.0004,44.0
08:26:17,7165.08,6725.0,-0.0006,1300.0
08:26:17,7165.08,6730.0,-0.0008,63.0
08:26:17,7165.08,6735.0,0.0255,56.0
08:26:17,7165.08,6740.0,-0.0022,181.0
08:26:17,7165.08,6745.0,-0.0006,86.0
08:26:17,7165.08,6750.0,-0.0094,3696.0
08:26:17,7165.08,6755.0,-0.0019,153.0
08:26:17,7165.08,6760.0,-1.966,1867.0
08:26:17,7165.08,6765.0,-0.0031,293.0
08:26:17,7165.08,6770.0,-1.806,136.0
08:26:17,7165.08,6775.0,-0.0042,3448.0
08:26:17,7165.08,6780.0,-0.0111,276.0
08:26:17,7165.08,6785.0,0.0242,130.0
08:26:17,7165.08,6790.0,-0.0215,194.0
08:26:17,7165.08,6795.0,-0.0608,159.0
08:26:17,7165.08,6800.0,-11.7331,2592.0
08:26:17,7165.08,6805.0,-4.2882,347.0
08:26:17,7165.08,6810.0,-3.7409,704.0
08:26:17,7165.08,6815.0,-0.0214,296.0
08:26:17,7165.08,6820.0,-1.649,158.0
08:26:17,7165.08,6825.0,2.1811,1565.0
08:26:17,7165.08,6830.0,-0.0506,188.0
08:26:17,7165.08,6835.0,-0.9594,221.0
08:26:17,7165.08,6840.0,-0.16,1189.0
08:26:17,7165.08,6845.0,-0.2437,4310.0
08:26:17,7165.08,6850.0,-7.8118,4335.0
08:26:17,7165.08,6855.0,-0.413,665.0
08:26:17,7165.08,6860.0,-4.3119,0.0
08:26:17,7165.08,6865.0,-0.6827,0.0
08:26:17,7165.08,6870.0,-0.2721,0.0
08:26:17,7165.08,6875.0,-0.6819,0.0
08:26:17,7165.08,6880.0,-1.0618,0.0
08:26:17,7165.08,6885.0,-13.817,3.0
08:26:17,7165.08,6890.0,-0.825,0.0
08:26:17,7165.08,6895.0,-58.1265,13.0
08:26:17,7165.08,6900.0,-36.6982,0.0
08:26:17,7165.08,6905.0,-2.7141,0.0
08:26:17,7165.08,6910.0,-1.4923,0.0
08:26:17,7165.08,6915.0,-1.2064,82.0
08:26:17,7165.08,6920.0,-0.7761,91.0
08:26:17,7165.08,6925.0,0.7624,791.0
08:26:17,7165.08,6930.0,-5.7977,0.0
08:26:17,7165.08,6935.0,-5.0962,0.0
08:26:17,7165.08,6940.0,1.0832,0.0
08:26:17,7165.08,6945.0,-39.7964,0.0
08:26:17,7165.08,6950.0,-55.891,117.0
08:26:17,7165.08,6955.0,-32.2255,0.0
08:26:17,7165.08,6960.0,-13.141,0.0
08:26:17,7165.08,6965.0,-6.3978,0.0
08:26:17,7165.08,6970.0,-4.1436,0.0
08:26:17,7165.08,6975.0,-15.0898,2648.0
08:26:17,7165.08,6980.0,-14.1651,0.0
08:26:17,7165.08,6985.0,-12.9409,32.0
08:26:17,7165.08,6990.0,-17.337,0.0
08:26:17,7165.08,6995.0,-16.8528,0.0
08:26:17,7165.08,7000.0,-11.9001,0.0
08:26:17,7165.08,7005.0,-126.486,0.0
08:26:17,7165.08,7010.0,-3.803,0.0
08:26:17,7165.08,7015.0,-10.6915,0.0
08:26:17,7165.08,7020.0,-4.5042,0.0
08:26:17,7165.08,7025.0,-23.4067,0.0
08:26:17,7165.08,7030.0,43.0428,0.0
08:26:17,7165.08,7035.0,-20.2507,0.0
08:26:17,7165.08,7040.0,-19.4179,0.0
08:26:17,7165.08,7045.0,308.3998,0.0
08:26:17,7165.08,7050.0,-123.7781,0.0
08:26:17,7165.08,7055.0,-195.4224,0.0
08:26:17,7165.08,7060.0,-22.1311,0.0
08:26:17,7165.08,7065.0,-15.1002,0.0
08:26:17,7165.08,7070.0,3.1324,0.0
08:26:17,7165.08,7075.0,-68.9882,0.0
08:26:17,7165.08,7080.0,-46.3397,0.0
08:26:17,7165.08,7085.0,-23.0963,0.0
08:26:17,7165.08,7090.0,-49.5119,0.0
08:26:17,7165.08,7095.0,-15.3363,0.0
08:26:17,7165.08,7100.0,127.8095,10605.0
08:26:17,7165.08,7105.0,18.294,0.0
08:26:17,7165.08,7110.0,-24.7531,0.0
08:26:17,7165.08,7115.0,22.6923,0.0
08:26:17,7165.08,7120.0,74.7954,0.0
08:26:17,7165.08,7125.0,1.3871,0.0
08:26:17,7165.08,7130.0,1432.7542,0.0
08:26:17,7165.08,7135.0,33.2303,0.0
08:26:17,7165.08,7140.0,281.7618,1894.0
08:26:17,7165.08,7145.0,40.4458,0.0
08:26:17,7165.08,7150.0,95.4028,0.0
08:26:17,7165.08,7155.0,654.3267,0.0
08:26:17,7165.08,7160.0,1144.1108,0.0
08:26:17,7165.08,7165.0,49.9362,0.0
08:26:17,7165.08,7170.0,200.338,0.0
08:26:17,7165.08,7175.0,324.0935,0.0
08:26:17,7165.08,7180.0,122.0941,0.0
08:26:17,7165.08,7185.0,76.5426,0.0
08:26:17,7165.08,7190.0,143.775,0.0
08:26:17,7165.08,7195.0,111.0354,0.0
08:26:17,7165.08,7200.0,681.2964,10217.0
08:26:17,7165.08,7205.0,78.608,0.0
08:26:17,7165.08,7210.0,213.0405,0.0
08:26:17,7165.08,7215.0,117.7262,0.0
08:26:17,7165.08,7220.0,216.5669,0.0
08:26:17,7165.08,7225.0,166.4071,0.0
08:26:17,7165.08,7230.0,178.4028,0.0
08:26:17,7165.08,7235.0,68.8201,0.0
08:26:17,7165.08,7240.0,182.2312,0.0
08:26:17,7165.08,7245.0,89.3606,0.0
08:26:17,7165.08,7250.0,1201.5839,0.0
08:26:17,7165.08,7255.0,447.6,0.0
08:26:17,7165.08,7260.0,120.2444,0.0
08:26:17,7165.08,7265.0,101.798,0.0
08:26:17,7165.08,7270.0,162.8743,0.0
08:26:17,7165.08,7275.0,281.902,0.0
08:26:17,7165.08,7280.0,198.4675,0.0
08:26:17,7165.08,7285.0,46.405,0.0
08:26:17,7165.08,7290.0,104.0849,0.0
08:26:17,7165.08,7295.0,43.9082,0.0
08:26:17,7165.08,7300.0,95.4905,0.0
08:26:17,7165.08,7305.0,6.3165,0.0
08:26:17,7165.08,7310.0,56.9585,0.0
08:26:17,7165.08,7315.0,29.3403,0.0
08:26:17,7165.08,7320.0,72.7014,0.0
08:26:17,7165.08,7325.0,21.8798,0.0
08:26:17,7165.08,7330.0,57.2859,0.0
08:26:17,7165.08,7335.0,0.3669,0.0
08:26:17,7165.08,7340.0,6.7209,0.0
08:26:17,7165.08,7345.0,0.2152,0.0
08:26:17,7165.08,7350.0,29.7588,0.0
08:26:17,7165.08,7360.0,2.9159,247.0
08:26:17,7165.08,7370.0,7.6608,771.0
08:26:17,7165.08,7375.0,25.4988,10617.0
08:26:17,7165.08,7380.0,12.2625,5152.0
08:26:17,7165.08,7390.0,33.0928,2139.0
08:26:17,7165.08,7400.0,15.4658,4230.0
08:26:17,7165.08,7410.0,0.0095,65.0
08:26:17,7165.08,7425.0,4.2126,194.0
08:26:17,7165.08,7450.0,1.5767,474.0
08:26:17,7165.08,7475.0,0.0336,140.0
08:26:17,7165.08,7500.0,0.1662,296.0
08:26:17,7165.08,7550.0,0.0005,0.0
08:26:17,7165.08,7600.0,0.0006,2.0
08:26:17,7165.08,7700.0,0.0001,0.0
08:26:17,7165.08,7800.0,0.0,1.0
08:26:17,7165.08,8000.0,0.0,2.0
08:26:17,7165.08,8800.0,0.0,2.0
08:26:17,7165.08,9200.0,0.0,1.0
08:42:43,7165.08,4600.0,-0.0,4.0
08:42:43,7165.08,5300.0,-0.0,1.0
08:42:43,7165.08,5400.0,-0.0,3.0
08:42:43,7165.08,5500.0,-0.0,1.0
08:42:43,7165.08,5575.0,-0.0,1.0
08:42:43,7165.08,5625.0,-0.0,1.0
08:42:43,7165.08,5650.0,-0.0,1.0
08:42:43,7165.08,5800.0,-0.0,4.0
08:42:43,7165.08,5900.0,-0.0,3.0
08:42:43,7165.08,6000.0,-0.0,24.0
08:42:43,7165.08,6100.0,-0.0,876.0
08:42:43,7165.08,6110.0,-0.0,105.0
08:42:43,7165.08,6120.0,-0.0,81.0
08:42:43,7165.08,6125.0,-0.0,13.0
08:42:43,7165.08,6130.0,-0.0,3.0
08:42:43,7165.08,6140.0,-0.0,100.0
08:42:43,7165.08,6150.0,-0.0,297.0
08:42:43,7165.08,6160.0,-0.0,85.0
08:42:43,7165.08,6170.0,-0.0,87.0
08:42:43,7165.08,6175.0,-0.0,163.0
08:42:43,7165.08,6180.0,-0.0,10.0
08:42:43,7165.08,6190.0,-0.0026,97.0
08:42:43,7165.08,6200.0,-0.0,1177.0
08:42:43,7165.08,6210.0,-0.0984,0.0
08:42:43,7165.08,6220.0,-0.0021,40.0
08:42:43,7165.08,6225.0,-0.0,150.0
08:42:43,7165.08,6230.0,-0.0072,302.0
08:42:43,7165.08,6240.0,-0.0023,60.0
08:42:43,7165.08,6250.0,-0.0,226.0
08:42:43,7165.08,6260.0,-0.0,200.0
08:42:43,7165.08,6270.0,-0.014,101.0
08:42:43,7165.08,6275.0,-0.0,30.0
08:42:43,7165.08,6280.0,0.0002,20.0
08:42:43,7165.08,6290.0,-0.0,38.0
08:42:43,7165.08,6300.0,-0.0,96.0
08:42:43,7165.08,6310.0,-0.0,161.0
08:42:43,7165.08,6320.0,-0.0,10.0
08:42:43,7165.08,6325.0,-0.0,30.0
08:42:43,7165.08,6330.0,-0.0,196.0
08:42:43,7165.08,6340.0,0.0095,10.0
08:42:43,7165.08,6350.0,-0.0,95.0
08:42:43,7165.08,6360.0,-0.0,58.0
08:42:43,7165.08,6370.0,-0.0,50.0
08:42:43,7165.08,6375.0,-0.0,5.0
08:42:43,7165.08,6380.0,-0.0,44.0
08:42:43,7165.08,6390.0,0.0,11.0
08:42:43,7165.08,6400.0,-0.0,152.0
08:42:43,7165.08,6410.0,-0.0,5.0
08:42:43,7165.08,6420.0,-0.0,14.0
08:42:43,7165.08,6425.0,0.0,52.0
08:42:43,7165.08,6430.0,-0.0573,7.0
08:42:43,7165.08,6440.0,-0.0383,44.0
08:42:43,7165.08,6450.0,-0.0,1068.0
08:42:43,7165.08,6460.0,-0.0,80.0
08:42:43,7165.08,6470.0,-0.0,8.0
08:42:43,7165.08,6475.0,-0.0,3.0
08:42:43,7165.08,6480.0,-0.0,35.0
08:42:43,7165.08,6485.0,0.0043,8.0
08:42:43,7165.08,6490.0,-0.0,5.0
08:42:43,7165.08,6495.0,-0.0092,0.0
08:42:43,7165.08,6500.0,-0.0,70.0
08:42:43,7165.08,6505.0,-0.1222,100.0
08:42:43,7165.08,6510.0,-0.0,118.0
08:42:43,7165.08,6515.0,0.0164,117.0
08:42:43,7165.08,6520.0,-0.0,29.0
08:42:43,7165.08,6525.0,-0.0,4.0
08:42:43,7165.08,6530.0,-0.0,1.0
08:42:43,7165.08,6535.0,-0.0805,64.0
08:42:43,7165.08,6540.0,-0.0,22.0
08:42:43,7165.08,6545.0,-0.0131,58.0
08:42:43,7165.08,6550.0,-0.2663,0.0
08:42:43,7165.08,6555.0,0.0576,27.0
08:42:43,7165.08,6560.0,-0.0,15.0
08:42:43,7165.08,6565.0,-0.0552,3.0
08:42:43,7165.08,6570.0,0.0,1.0
08:42:43,7165.08,6580.0,0.0649,13.0
08:42:43,7165.08,6585.0,-0.0766,48.0
08:42:43,7165.08,6590.0,0.0474,57.0
08:42:43,7165.08,6595.0,-0.0,79.0
08:42:43,7165.08,6600.0,-0.0,4.0
08:42:43,7165.08,6605.0,-0.0,30.0
08:42:43,7165.08,6610.0,0.1515,106.0
08:42:43,7165.08,6615.0,-0.0,95.0
08:42:43,7165.08,6620.0,0.1026,80.0
08:42:43,7165.08,6625.0,0.0,16.0
08:42:43,7165.08,6630.0,-0.0,40.0
08:42:43,7165.08,6635.0,-0.1048,137.0
08:42:43,7165.08,6640.0,0.145,87.0
08:42:43,7165.08,6645.0,-0.1235,27.0
08:42:43,7165.08,6650.0,-0.0,3.0
08:42:43,7165.08,6655.0,-0.1014,70.0
08:42:43,7165.08,6660.0,-0.1662,88.0
08:42:43,7165.08,6665.0,-0.0,6.0
08:42:43,7165.08,6670.0,-0.0568,3.0
08:42:43,7165.08,6675.0,0.0,248.0
08:42:43,7165.08,6680.0,-0.3832,62.0
08:42:43,7165.08,6685.0,-0.0,287.0
08:42:43,7165.08,6690.0,-1.1985,139.0
08:42:43,7165.08,6695.0,-0.0,31.0
08:42:43,7165.08,6700.0,-0.0014,1429.0
08:42:43,7165.08,6705.0,-0.0001,49.0
08:42:43,7165.08,6710.0,-0.5515,565.0
08:42:43,7165.08,6715.0,-0.0002,161.0
08:42:43,7165.08,6720.0,-0.0004,44.0
08:42:43,7165.08,6725.0,-0.0006,1300.0
08:42:43,7165.08,6730.0,-0.0008,63.0
08:42:43,7165.08,6735.0,0.0255,56.0
08:42:43,7165.08,6740.0,-0.0022,181.0
08:42:43,7165.08,6745.0,-0.0006,86.0
08:42:43,7165.08,6750.0,-0.0094,3696.0
08:42:43,7165.08,6755.0,-0.0019,153.0
08:42:43,7165.08,6760.0,-1.966,1867.0
08:42:43,7165.08,6765.0,-0.0031,293.0
08:42:43,7165.08,6770.0,-1.806,136.0
08:42:43,7165.08,6775.0,-0.0042,3448.0
08:42:43,7165.08,6780.0,-0.0111,276.0
08:42:43,7165.08,6785.0,0.0242,130.0
08:42:43,7165.08,6790.0,-0.0215,194.0
08:42:43,7165.08,6795.0,-0.0608,159.0
08:42:43,7165.08,6800.0,-11.7331,2592.0
08:42:43,7165.08,6805.0,-4.2882,347.0
08:42:43,7165.08,6810.0,-3.7409,704.0
08:42:43,7165.08,6815.0,-0.0214,296.0
08:42:43,7165.08,6820.0,-1.649,158.0
08:42:43,7165.08,6825.0,2.1811,1565.0
08:42:43,7165.08,6830.0,-0.0506,188.0
08:42:43,7165.08,6835.0,-0.9594,221.0
08:42:43,7165.08,6840.0,-0.16,1189.0
08:42:43,7165.08,6845.0,-0.2437,4310.0
08:42:43,7165.08,6850.0,-7.8118,4335.0
08:42:43,7165.08,6855.0,-0.413,665.0
08:42:43,7165.08,6860.0,-4.3119,0.0
08:42:43,7165.08,6865.0,-0.6827,0.0
08:42:43,7165.08,6870.0,-0.2721,0.0
08:42:43,7165.08,6875.0,-0.6819,0.0
08:42:43,7165.08,6880.0,-1.0618,0.0
08:42:43,7165.08,6885.0,-13.817,3.0
08:42:43,7165.08,6890.0,-0.825,0.0
08:42:43,7165.08,6895.0,-58.1265,13.0
08:42:43,7165.08,6900.0,-36.6982,0.0
08:42:43,7165.08,6905.0,-2.7141,0.0
08:42:43,7165.08,6910.0,-1.4923,0.0
08:42:43,7165.08,6915.0,-1.2064,82.0
08:42:43,7165.08,6920.0,-0.7761,91.0
08:42:43,7165.08,6925.0,0.7624,791.0
08:42:43,7165.08,6930.0,-5.7977,0.0
08:42:43,7165.08,6935.0,-5.0962,0.0
08:42:43,7165.08,6940.0,1.0832,0.0
08:42:43,7165.08,6945.0,-39.7964,0.0
08:42:43,7165.08,6950.0,-55.891,117.0
08:42:43,7165.08,6955.0,-32.2255,0.0
08:42:43,7165.08,6960.0,-13.141,0.0
08:42:43,7165.08,6965.0,-6.3978,0.0
08:42:43,7165.08,6970.0,-4.1436,0.0
08:42:43,7165.08,6975.0,-15.0898,2648.0
08:42:43,7165.08,6980.0,-14.1651,0.0
08:42:43,7165.08,6985.0,-12.9409,32.0
08:42:43,7165.08,6990.0,-17.337,0.0
08:42:43,7165.08,6995.0,-16.8528,0.0
08:42:43,7165.08,7000.0,-11.9001,0.0
08:42:43,7165.08,7005.0,-126.486,0.0
08:42:43,7165.08,7010.0,-3.803,0.0
08:42:43,7165.08,7015.0,-10.6915,0.0
08:42:43,7165.08,7020.0,-4.5042,0.0
08:42:43,7165.08,7025.0,-23.4067,0.0
08:42:43,7165.08,7030.0,43.0428,0.0
08:42:43,7165.08,7035.0,-20.2507,0.0
08:42:43,7165.08,7040.0,-19.4179,0.0
08:42:43,7165.08,7045.0,308.3998,0.0
08:42:43,7165.08,7050.0,-123.7781,0.0
08:42:43,7165.08,7055.0,-195.4224,0.0
08:42:43,7165.08,7060.0,-22.1311,0.0
08:42:43,7165.08,7065.0,-15.1002,0.0
08:42:43,7165.08,7070.0,3.1324,0.0
08:42:43,7165.08,7075.0,-68.9882,0.0
08:42:43,7165.08,7080.0,-46.3397,0.0
08:42:43,7165.08,7085.0,-23.0963,0.0
08:42:43,7165.08,7090.0,-49.5119,0.0
08:42:43,7165.08,7095.0,-15.3363,0.0
08:42:43,7165.08,7100.0,127.8095,10605.0
08:42:43,7165.08,7105.0,18.294,0.0
08:42:43,7165.08,7110.0,-24.7531,0.0
08:42:43,7165.08,7115.0,22.6923,0.0
08:42:43,7165.08,7120.0,74.7954,0.0
08:42:43,7165.08,7125.0,1.3871,0.0
08:42:43,7165.08,7130.0,1432.7542,0.0
08:42:43,7165.08,7135.0,33.2303,0.0
08:42:43,7165.08,7140.0,281.7618,1894.0
08:42:43,7165.08,7145.0,40.4458,0.0
08:42:43,7165.08,7150.0,95.4028,0.0
08:42:43,7165.08,7155.0,654.3267,0.0
08:42:43,7165.08,7160.0,1144.1108,0.0
08:42:43,7165.08,7165.0,49.9362,0.0
08:42:43,7165.08,7170.0,200.338,0.0
08:42:43,7165.08,7175.0,324.0935,0.0
08:42:43,7165.08,7180.0,122.0941,0.0
08:42:43,7165.08,7185.0,76.5426,0.0
08:42:43,7165.08,7190.0,143.775,0.0
08:42:43,7165.08,7195.0,111.0354,0.0
08:42:43,7165.08,7200.0,681.2964,10217.0
08:42:43,7165.08,7205.0,78.608,0.0
08:42:43,7165.08,7210.0,213.0405,0.0
08:42:43,7165.08,7215.0,117.7262,0.0
08:42:43,7165.08,7220.0,216.5669,0.0
08:42:43,7165.08,7225.0,166.4071,0.0
08:42:43,7165.08,7230.0,178.4028,0.0
08:42:43,7165.08,7235.0,68.8201,0.0
08:42:43,7165.08,7240.0,182.2312,0.0
08:42:43,7165.08,7245.0,89.3606,0.0
08:42:43,7165.08,7250.0,1201.5839,0.0
08:42:43,7165.08,7255.0,447.6,0.0
08:42:43,7165.08,7260.0,120.2444,0.0
08:42:43,7165.08,7265.0,101.798,0.0
08:42:43,7165.08,7270.0,162.8743,0.0
08:42:43,7165.08,7275.0,281.902,0.0
08:42:43,7165.08,7280.0,198.4675,0.0
08:42:43,7165.08,7285.0,46.405,0.0
08:42:43,7165.08,7290.0,104.0849,0.0
08:42:43,7165.08,7295.0,43.9082,0.0
08:42:43,7165.08,7300.0,95.4905,0.0
08:42:43,7165.08,7305.0,6.3165,0.0
08:42:43,7165.08,7310.0,56.9585,0.0
08:42:43,7165.08,7315.0,29.3403,0.0
08:42:43,7165.08,7320.0,72.7014,0.0
08:42:43,7165.08,7325.0,21.8798,0.0
08:42:43,7165.08,7330.0,57.2859,0.0
08:42:43,7165.08,7335.0,0.3669,0.0
08:42:43,7165.08,7340.0,6.7209,0.0
08:42:43,7165.08,7345.0,0.2152,0.0
08:42:43,7165.08,7350.0,29.7588,0.0
08:42:43,7165.08,7360.0,2.9159,247.0
08:42:43,7165.08,7370.0,7.6608,771.0
08:42:43,7165.08,7375.0,25.4988,10617.0
08:42:43,7165.08,7380.0,12.2625,5152.0
08:42:43,7165.08,7390.0,33.0928,2139.0
08:42:43,7165.08,7400.0,15.4658,4230.0
08:42:43,7165.08,7410.0,0.0095,65.0
08:42:43,7165.08,7425.0,4.2126,194.0
08:42:43,7165.08,7450.0,1.5767,474.0
08:42:43,7165.08,7475.0,0.0336,140.0
08:42:43,7165.08,7500.0,0.1662,296.0
08:42:43,7165.08,7550.0,0.0005,0.0
08:42:43,7165.08,7600.0,0.0006,2.0
08:42:43,7165.08,7700.0,0.0001,0.0
08:42:43,7165.08,7800.0,0.0,1.0
08:42:43,7165.08,8000.0,0.0,2.0
08:42:43,7165.08,8800.0,0.0,2.0
08:42:43,7165.08,9200.0,0.0,1.0
08:47:55,7165.08,4600.0,-0.0,4.0
08:47:55,7165.08,5300.0,-0.0,1.0
08:47:55,7165.08,5400.0,-0.0,3.0
08:47:55,7165.08,5500.0,-0.0,1.0
08:47:55,7165.08,5575.0,-0.0,1.0
08:47:55,7165.08,5625.0,-0.0,1.0
08:47:55,7165.08,5650.0,-0.0,1.0
08:47:55,7165.08,5800.0,-0.0,4.0
08:47:55,7165.08,5900.0,-0.0,3.0
08:47:55,7165.08,6000.0,-0.0,24.0
08:47:55,7165.08,6100.0,-0.0,876.0
08:47:55,7165.08,6110.0,-0.0,105.0
08:47:55,7165.08,6120.0,-0.0,81.0
08:47:55,7165.08,6125.0,-0.0,13.0
08:47:55,7165.08,6130.0,-0.0,3.0
08:47:55,7165.08,6140.0,-0.0,100.0
08:47:55,7165.08,6150.0,-0.0,297.0
08:47:55,7165.08,6160.0,-0.0,85.0
08:47:55,7165.08,6170.0,-0.0,87.0
08:47:55,7165.08,6175.0,-0.0,163.0
08:47:55,7165.08,6180.0,-0.0,10.0
08:47:55,7165.08,6190.0,-0.0026,97.0
08:47:55,7165.08,6200.0,-0.0,1177.0
08:47:55,7165.08,6210.0,-0.0984,0.0
08:47:55,7165.08,6220.0,-0.0021,40.0
08:47:55,7165.08,6225.0,-0.0,150.0
08:47:55,7165.08,6230.0,-0.0072,302.0
08:47:55,7165.08,6240.0,-0.0023,60.0
08:47:55,7165.08,6250.0,-0.0,226.0
08:47:55,7165.08,6260.0,-0.0,200.0
08:47:55,7165.08,6270.0,-0.014,101.0
08:47:55,7165.08,6275.0,-0.0,30.0
08:47:55,7165.08,6280.0,0.0002,20.0
08:47:55,7165.08,6290.0,-0.0,38.0
08:47:55,7165.08,6300.0,-0.0,96.0
08:47:55,7165.08,6310.0,-0.0,161.0
08:47:55,7165.08,6320.0,-0.0,10.0
08:47:55,7165.08,6325.0,-0.0,30.0
08:47:55,7165.08,6330.0,-0.0,196.0
08:47:55,7165.08,6340.0,0.0095,10.0
08:47:55,7165.08,6350.0,-0.0,95.0
08:47:55,7165.08,6360.0,-0.0,58.0
08:47:55,7165.08,6370.0,-0.0,50.0
08:47:55,7165.08,6375.0,-0.0,5.0
08:47:55,7165.08,6380.0,-0.0,44.0
08:47:55,7165.08,6390.0,0.0,11.0
08:47:55,7165.08,6400.0,-0.0,152.0
08:47:55,7165.08,6410.0,-0.0,5.0
08:47:55,7165.08,6420.0,-0.0,14.0
08:47:55,7165.08,6425.0,0.0,52.0
08:47:55,7165.08,6430.0,-0.0573,7.0
08:47:55,7165.08,6440.0,-0.0383,44.0
08:47:55,7165.08,6450.0,-0.0,1068.0
08:47:55,7165.08,6460.0,-0.0,80.0
08:47:55,7165.08,6470.0,-0.0,8.0
08:47:55,7165.08,6475.0,-0.0,3.0
08:47:55,7165.08,6480.0,-0.0,35.0
08:47:55,7165.08,6485.0,0.0043,8.0
08:47:55,7165.08,6490.0,-0.0,5.0
08:47:55,7165.08,6495.0,-0.0092,0.0
08:47:55,7165.08,6500.0,-0.0,70.0
08:47:55,7165.08,6505.0,-0.1222,100.0
08:47:55,7165.08,6510.0,-0.0,118.0
08:47:55,7165.08,6515.0,0.0164,117.0
08:47:55,7165.08,6520.0,-0.0,29.0
08:47:55,7165.08,6525.0,-0.0,4.0
08:47:55,7165.08,6530.0,-0.0,1.0
08:47:55,7165.08,6535.0,-0.0805,64.0
08:47:55,7165.08,6540.0,-0.0,22.0
08:47:55,7165.08,6545.0,-0.0131,58.0
08:47:55,7165.08,6550.0,-0.2663,0.0
08:47:55,7165.08,6555.0,0.0576,27.0
08:47:55,7165.08,6560.0,-0.0,15.0
08:47:55,7165.08,6565.0,-0.0552,3.0
08:47:55,7165.08,6570.0,0.0,1.0
08:47:55,7165.08,6580.0,0.0649,13.0
08:47:55,7165.08,6585.0,-0.0766,48.0
08:47:55,7165.08,6590.0,0.0474,57.0
08:47:55,7165.08,6595.0,-0.0,79.0
08:47:55,7165.08,6600.0,-0.0,4.0
08:47:55,7165.08,6605.0,-0.0,30.0
08:47:55,7165.08,6610.0,0.1515,106.0
08:47:55,7165.08,6615.0,-0.0,95.0
08:47:55,7165.08,6620.0,0.1026,80.0
08:47:55,7165.08,6625.0,0.0,16.0
08:47:55,7165.08,6630.0,-0.0,40.0
08:47:55,7165.08,6635.0,-0.1048,137.0
08:47:55,7165.08,6640.0,0.145,87.0
08:47:55,7165.08,6645.0,-0.1235,27.0
08:47:55,7165.08,6650.0,-0.0,3.0
08:47:55,7165.08,6655.0,-0.1014,70.0
08:47:55,7165.08,6660.0,-0.1662,88.0
08:47:55,7165.08,6665.0,-0.0,6.0
08:47:55,7165.08,6670.0,-0.0568,3.0
08:47:55,7165.08,6675.0,0.0,248.0
08:47:55,7165.08,6680.0,-0.3832,62.0
08:47:55,7165.08,6685.0,-0.0,287.0
08:47:55,7165.08,6690.0,-1.1985,139.0
08:47:55,7165.08,6695.0,-0.0,31.0
08:47:55,7165.08,6700.0,-0.0014,1429.0
08:47:55,7165.08,6705.0,-0.0001,49.0
08:47:55,7165.08,6710.0,-0.5515,565.0
08:47:55,7165.08,6715.0,-0.0002,161.0
08:47:55,7165.08,6720.0,-0.0004,44.0
08:47:55,7165.08,6725.0,-0.0006,1300.0
08:47:55,7165.08,6730.0,-0.0008,63.0
08:47:55,7165.08,6735.0,0.0255,56.0
08:47:55,7165.08,6740.0,-0.0022,181.0
08:47:55,7165.08,6745.0,-0.0006,86.0
08:47:55,7165.08,6750.0,-0.0094,3696.0
08:47:55,7165.08,6755.0,-0.0019,153.0
08:47:55,7165.08,6760.0,-1.966,1867.0
08:47:55,7165.08,6765.0,-0.0031,293.0
08:47:55,7165.08,6770.0,-1.806,136.0
08:47:55,7165.08,6775.0,-0.0042,3448.0
08:47:55,7165.08,6780.0,-0.0111,276.0
08:47:55,7165.08,6785.0,0.0242,130.0
08:47:55,7165.08,6790.0,-0.0215,194.0
08:47:55,7165.08,6795.0,-0.0608,159.0
08:47:55,7165.08,6800.0,-11.7331,2592.0
08:47:55,7165.08,6805.0,-4.2882,347.0
08:47:55,7165.08,6810.0,-3.7409,704.0
08:47:55,7165.08,6815.0,-0.0214,296.0
08:47:55,7165.08,6820.0,-1.649,158.0
08:47:55,7165.08,6825.0,2.1811,1565.0
08:47:55,7165.08,6830.0,-0.0506,188.0
08:47:55,7165.08,6835.0,-0.9594,221.0
08:47:55,7165.08,6840.0,-0.16,1189.0
08:47:55,7165.08,6845.0,-0.2437,4310.0
08:47:55,7165.08,6850.0,-7.8118,4335.0
08:47:55,7165.08,6855.0,-0.413,665.0
08:47:55,7165.08,6860.0,-4.3119,0.0
08:47:55,7165.08,6865.0,-0.6827,0.0
08:47:55,7165.08,6870.0,-0.2721,0.0
08:47:55,7165.08,6875.0,-0.6819,0.0
08:47:55,7165.08,6880.0,-1.0618,0.0
08:47:55,7165.08,6885.0,-13.817,3.0
08:47:55,7165.08,6890.0,-0.825,0.0
08:47:55,7165.08,6895.0,-58.1265,13.0
08:47:55,7165.08,6900.0,-36.6982,0.0
08:47:55,7165.08,6905.0,-2.7141,0.0
08:47:55,7165.08,6910.0,-1.4923,0.0
08:47:55,7165.08,6915.0,-1.2064,82.0
08:47:55,7165.08,6920.0,-0.7761,91.0
08:47:55,7165.08,6925.0,0.7624,791.0
08:47:55,7165.08,6930.0,-5.7977,0.0
08:47:55,7165.08,6935.0,-5.0962,0.0
08:47:55,7165.08,6940.0,1.0832,0.0
08:47:55,7165.08,6945.0,-39.7964,0.0
08:47:55,7165.08,6950.0,-55.891,117.0
08:47:55,7165.08,6955.0,-32.2255,0.0
08:47:55,7165.08,6960.0,-13.141,0.0
08:47:55,7165.08,6965.0,-6.3978,0.0
08:47:55,7165.08,6970.0,-4.1436,0.0
08:47:55,7165.08,6975.0,-15.0898,2648.0
08:47:55,7165.08,6980.0,-14.1651,0.0
08:47:55,7165.08,6985.0,-12.9409,32.0
08:47:55,7165.08,6990.0,-17.337,0.0
08:47:55,7165.08,6995.0,-16.8528,0.0
08:47:55,7165.08,7000.0,-11.9001,0.0
08:47:55,7165.08,7005.0,-126.486,0.0
08:47:55,7165.08,7010.0,-3.803,0.0
08:47:55,7165.08,7015.0,-10.6915,0.0
08:47:55,7165.08,7020.0,-4.5042,0.0
08:47:55,7165.08,7025.0,-23.4067,0.0
08:47:55,7165.08,7030.0,43.0428,0.0
08:47:55,7165.08,7035.0,-20.2507,0.0
08:47:55,7165.08,7040.0,-19.4179,0.0
08:47:55,7165.08,7045.0,308.3998,0.0
08:47:55,7165.08,7050.0,-123.7781,0.0
08:47:55,7165.08,7055.0,-195.4224,0.0
08:47:55,7165.08,7060.0,-22.1311,0.0
08:47:55,7165.08,7065.0,-15.1002,0.0
08:47:55,7165.08,7070.0,3.1324,0.0
08:47:55,7165.08,7075.0,-68.9882,0.0
08:47:55,7165.08,7080.0,-46.3397,0.0
08:47:55,7165.08,7085.0,-23.0963,0.0
08:47:55,7165.08,7090.0,-49.5119,0.0
08:47:55,7165.08,7095.0,-15.3363,0.0
08:47:55,7165.08,7100.0,127.8095,10605.0
08:47:55,7165.08,7105.0,18.294,0.0
08:47:55,7165.08,7110.0,-24.7531,0.0
08:47:55,7165.08,7115.0,22.6923,0.0
08:47:55,7165.08,7120.0,74.7954,0.0
08:47:55,7165.08,7125.0,1.3871,0.0
08:47:55,7165.08,7130.0,1432.7542,0.0
08:47:55,7165.08,7135.0,33.2303,0.0
08:47:55,7165.08,7140.0,281.7618,1894.0
08:47:55,7165.08,7145.0,40.4458,0.0
08:47:55,7165.08,7150.0,95.4028,0.0
08:47:55,7165.08,7155.0,654.3267,0.0
08:47:55,7165.08,7160.0,1144.1108,0.0
08:47:55,7165.08,7165.0,49.9362,0.0
08:47:55,7165.08,7170.0,200.338,0.0
08:47:55,7165.08,7175.0,324.0935,0.0
08:47:55,7165.08,7180.0,122.0941,0.0
08:47:55,7165.08,7185.0,76.5426,0.0
08:47:55,7165.08,7190.0,143.775,0.0
08:47:55,7165.08,7195.0,111.0354,0.0
08:47:55,7165.08,7200.0,681.2964,10217.0
08:47:55,7165.08,7205.0,78.608,0.0
08:47:55,7165.08,7210.0,213.0405,0.0
08:47:55,7165.08,7215.0,117.7262,0.0
08:47:55,7165.08,7220.0,216.5669,0.0
08:47:55,7165.08,7225.0,166.4071,0.0
08:47:55,7165.08,7230.0,178.4028,0.0
08:47:55,7165.08,7235.0,68.8201,0.0
08:47:55,7165.08,7240.0,182.2312,0.0
08:47:55,7165.08,7245.0,89.3606,0.0
08:47:55,7165.08,7250.0,1201.5839,0.0
08:47:55,7165.08,7255.0,447.6,0.0
08:47:55,7165.08,7260.0,120.2444,0.0
08:47:55,7165.08,7265.0,101.798,0.0
08:47:55,7165.08,7270.0,162.8743,0.0
08:47:55,7165.08,7275.0,281.902,0.0
08:47:55,7165.08,7280.0,198.4675,0.0
08:47:55,7165.08,7285.0,46.405,0.0
08:47:55,7165.08,7290.0,104.0849,0.0
08:47:55,7165.08,7295.0,43.9082,0.0
08:47:55,7165.08,7300.0,95.4905,0.0
08:47:55,7165.08,7305.0,6.3165,0.0
08:47:55,7165.08,7310.0,56.9585,0.0
08:47:55,7165.08,7315.0,29.3403,0.0
08:47:55,7165.08,7320.0,72.7014,0.0
08:47:55,7165.08,7325.0,21.8798,0.0
08:47:55,7165.08,7330.0,57.2859,0.0
08:47:55,7165.08,7335.0,0.3669,0.0
08:47:55,7165.08,7340.0,6.7209,0.0
08:47:55,7165.08,7345.0,0.2152,0.0
08:47:55,7165.08,7350.0,29.7588,0.0
08:47:55,7165.08,7360.0,2.9159,247.0
08:47:55,7165.08,7370.0,7.6608,771.0
08:47:55,7165.08,7375.0,25.4988,10617.0
08:47:55,7165.08,7380.0,12.2625,5152.0
08:47:55,7165.08,7390.0,33.0928,2139.0
08:47:55,7165.08,7400.0,15.4658,4230.0
08:47:55,7165.08,7410.0,0.0095,65.0
08:47:55,7165.08,7425.0,4.2126,194.0
08:47:55,7165.08,7450.0,1.5767,474.0
08:47:55,7165.08,7475.0,0.0336,140.0
08:47:55,7165.08,7500.0,0.1662,296.0
08:47:55,7165.08,7550.0,0.0005,0.0
08:47:55,7165.08,7600.0,0.0006,2.0
08:47:55,7165.08,7700.0,0.0001,0.0
08:47:55,7165.08,7800.0,0.0,1.0
08:47:55,7165.08,8000.0,0.0,2.0
08:47:55,7165.08,8800.0,0.0,2.0
08:47:55,7165.08,9200.0,0.0,1.0
09:00:24,7165.08,4600.0,-0.0,4.0
09:00:24,7165.08,5300.0,-0.0,1.0
09:00:24,7165.08,5400.0,-0.0,3.0
09:00:24,7165.08,5500.0,-0.0,1.0
09:00:24,7165.08,5575.0,-0.0,1.0
09:00:24,7165.08,5625.0,-0.0,1.0
09:00:24,7165.08,5650.0,-0.0,1.0
09:00:24,7165.08,5800.0,-0.0,4.0
09:00:24,7165.08,5900.0,-0.0,3.0
09:00:24,7165.08,6000.0,-0.0,24.0
09:00:24,7165.08,6100.0,-0.0,876.0
09:00:24,7165.08,6110.0,-0.0,105.0
09:00:24,7165.08,6120.0,-0.0,81.0
09:00:24,7165.08,6125.0,-0.0,13.0
09:00:24,7165.08,6130.0,-0.0,3.0
09:00:24,7165.08,6140.0,-0.0,100.0
09:00:24,7165.08,6150.0,-0.0,297.0
09:00:24,7165.08,6160.0,-0.0,85.0
09:00:24,7165.08,6170.0,-0.0,87.0
09:00:24,7165.08,6175.0,-0.0,163.0
09:00:24,7165.08,6180.0,-0.0,10.0
09:00:24,7165.08,6190.0,-0.0026,97.0
09:00:24,7165.08,6200.0,-0.0,1177.0
09:00:24,7165.08,6210.0,-0.0984,0.0
09:00:24,7165.08,6220.0,-0.0021,40.0
09:00:24,7165.08,6225.0,-0.0,150.0
09:00:24,7165.08,6230.0,-0.0072,302.0
09:00:24,7165.08,6240.0,-0.0023,60.0
09:00:24,7165.08,6250.0,-0.0,226.0
09:00:24,7165.08,6260.0,-0.0,200.0
09:00:24,7165.08,6270.0,-0.014,101.0
09:00:24,7165.08,6275.0,-0.0,30.0
09:00:24,7165.08,6280.0,0.0002,20.0
09:00:24,7165.08,6290.0,-0.0,38.0
09:00:24,7165.08,6300.0,-0.0,96.0
09:00:24,7165.08,6310.0,-0.0,161.0
09:00:24,7165.08,6320.0,-0.0,10.0
09:00:24,7165.08,6325.0,-0.0,30.0
09:00:24,7165.08,6330.0,-0.0,196.0
09:00:24,7165.08,6340.0,0.0095,10.0
09:00:24,7165.08,6350.0,-0.0,95.0
09:00:24,7165.08,6360.0,-0.0,58.0
09:00:24,7165.08,6370.0,-0.0,50.0
09:00:24,7165.08,6375.0,-0.0,5.0
09:00:24,7165.08,6380.0,-0.0,44.0
09:00:24,7165.08,6390.0,0.0,11.0
09:00:24,7165.08,6400.0,-0.0,152.0
09:00:24,7165.08,6410.0,-0.0,5.0
09:00:24,7165.08,6420.0,-0.0,14.0
09:00:24,7165.08,6425.0,0.0,52.0
09:00:24,7165.08,6430.0,-0.0573,7.0
09:00:24,7165.08,6440.0,-0.0383,44.0
09:00:24,7165.08,6450.0,-0.0,1068.0
09:00:24,7165.08,6460.0,-0.0,80.0
09:00:24,7165.08,6470.0,-0.0,8.0
09:00:24,7165.08,6475.0,-0.0,3.0
09:00:24,7165.08,6480.0,-0.0,35.0
09:00:24,7165.08,6485.0,0.0043,8.0
09:00:24,7165.08,6490.0,-0.0,5.0
09:00:24,7165.08,6495.0,-0.0092,0.0
09:00:24,7165.08,6500.0,-0.0,70.0
09:00:24,7165.08,6505.0,-0.1222,100.0
09:00:24,7165.08,6510.0,-0.0,118.0
09:00:24,7165.08,6515.0,0.0164,117.0
09:00:24,7165.08,6520.0,-0.0,29.0
09:00:24,7165.08,6525.0,-0.0,4.0
09:00:24,7165.08,6530.0,-0.0,1.0
09:00:24,7165.08,6535.0,-0.0805,64.0
09:00:24,7165.08,6540.0,-0.0,22.0
09:00:24,7165.08,6545.0,-0.0131,58.0
09:00:24,7165.08,6550.0,-0.2663,0.0
09:00:24,7165.08,6555.0,0.0576,27.0
09:00:24,7165.08,6560.0,-0.0,15.0
09:00:24,7165.08,6565.0,-0.0552,3.0
09:00:24,7165.08,6570.0,0.0,1.0
09:00:24,7165.08,6580.0,0.0649,13.0
09:00:24,7165.08,6585.0,-0.0766,48.0
09:00:24,7165.08,6590.0,0.0474,57.0
09:00:24,7165.08,6595.0,-0.0,79.0
09:00:24,7165.08,6600.0,-0.0,4.0
09:00:24,7165.08,6605.0,-0.0,30.0
09:00:24,7165.08,6610.0,0.1515,106.0
09:00:24,7165.08,6615.0,-0.0,95.0
09:00:24,7165.08,6620.0,0.1026,80.0
09:00:24,7165.08,6625.0,0.0,16.0
09:00:24,7165.08,6630.0,-0.0,40.0
09:00:24,7165.08,6635.0,-0.1048,137.0
09:00:24,7165.08,6640.0,0.145,87.0
09:00:24,7165.08,6645.0,-0.1235,27.0
09:00:24,7165.08,6650.0,-0.0,3.0
09:00:24,7165.08,6655.0,-0.1014,70.0
09:00:24,7165.08,6660.0,-0.1662,88.0
09:00:24,7165.08,6665.0,-0.0,6.0
09:00:24,7165.08,6670.0,-0.0568,3.0
09:00:24,7165.08,6675.0,0.0,248.0
09:00:24,7165.08,6680.0,-0.3832,62.0
09:00:24,7165.08,6685.0,-0.0,287.0
09:00:24,7165.08,6690.0,-1.1985,139.0
09:00:24,7165.08,6695.0,-0.0,31.0
09:00:24,7165.08,6700.0,-0.0014,1429.0
09:00:24,7165.08,6705.0,-0.0001,49.0
09:00:24,7165.08,6710.0,-0.5515,565.0
09:00:24,7165.08,6715.0,-0.0002,161.0
09:00:24,7165.08,6720.0,-0.0004,44.0
09:00:24,7165.08,6725.0,-0.0006,1300.0
09:00:24,7165.08,6730.0,-0.0008,63.0
09:00:24,7165.08,6735.0,0.0255,56.0
09:00:24,7165.08,6740.0,-0.0022,181.0
09:00:24,7165.08,6745.0,-0.0006,86.0
09:00:24,7165.08,6750.0,-0.0094,3696.0
09:00:24,7165.08,6755.0,-0.0019,153.0
09:00:24,7165.08,6760.0,-1.966,1867.0
09:00:24,7165.08,6765.0,-0.0031,293.0
09:00:24,7165.08,6770.0,-1.806,136.0
09:00:24,7165.08,6775.0,-0.0042,3448.0
09:00:24,7165.08,6780.0,-0.0111,276.0
09:00:24,7165.08,6785.0,0.0242,130.0
09:00:24,7165.08,6790.0,-0.0215,194.0
09:00:24,7165.08,6795.0,-0.0608,159.0
09:00:24,7165.08,6800.0,-11.7331,2592.0
09:00:24,7165.08,6805.0,-4.2882,347.0
09:00:24,7165.08,6810.0,-3.7409,704.0
09:00:24,7165.08,6815.0,-0.0214,296.0
09:00:24,7165.08,6820.0,-1.649,158.0
09:00:24,7165.08,6825.0,2.1811,1565.0
09:00:24,7165.08,6830.0,-0.0506,188.0
09:00:24,7165.08,6835.0,-0.9594,221.0
09:00:24,7165.08,6840.0,-0.16,1189.0
09:00:24,7165.08,6845.0,-0.2437,4310.0
09:00:24,7165.08,6850.0,-7.8118,4335.0
09:00:24,7165.08,6855.0,-0.413,665.0
09:00:24,7165.08,6860.0,-4.3119,0.0
09:00:24,7165.08,6865.0,-0.6827,0.0
09:00:24,7165.08,6870.0,-0.2721,0.0
09:00:24,7165.08,6875.0,-0.6819,0.0
09:00:24,7165.08,6880.0,-1.0618,0.0
09:00:24,7165.08,6885.0,-13.817,3.0
09:00:24,7165.08,6890.0,-0.825,0.0
09:00:24,7165.08,6895.0,-58.1265,13.0
09:00:24,7165.08,6900.0,-36.6982,0.0
09:00:24,7165.08,6905.0,-2.7141,0.0
09:00:24,7165.08,6910.0,-1.4923,0.0
09:00:24,7165.08,6915.0,-1.2064,82.0
09:00:24,7165.08,6920.0,-0.7761,91.0
09:00:24,7165.08,6925.0,0.7624,791.0
09:00:24,7165.08,6930.0,-5.7977,0.0
09:00:24,7165.08,6935.0,-5.0962,0.0
09:00:24,7165.08,6940.0,1.0832,0.0
09:00:24,7165.08,6945.0,-39.7964,0.0
09:00:24,7165.08,6950.0,-55.891,117.0
09:00:24,7165.08,6955.0,-32.2255,0.0
09:00:24,7165.08,6960.0,-13.141,0.0
09:00:24,7165.08,6965.0,-6.3978,0.0
09:00:24,7165.08,6970.0,-4.1436,0.0
09:00:24,7165.08,6975.0,-15.0898,2648.0
09:00:24,7165.08,6980.0,-14.1651,0.0
09:00:24,7165.08,6985.0,-12.9409,32.0
09:00:24,7165.08,6990.0,-17.337,0.0
09:00:24,7165.08,6995.0,-16.8528,0.0
09:00:24,7165.08,7000.0,-11.9001,0.0
09:00:24,7165.08,7005.0,-126.486,0.0
09:00:24,7165.08,7010.0,-3.803,0.0
09:00:24,7165.08,7015.0,-10.6915,0.0
09:00:24,7165.08,7020.0,-4.5042,0.0
09:00:24,7165.08,7025.0,-23.4067,0.0
09:00:24,7165.08,7030.0,43.0428,0.0
09:00:24,7165.08,7035.0,-20.2507,0.0
09:00:24,7165.08,7040.0,-19.4179,0.0
09:00:24,7165.08,7045.0,308.3998,0.0
09:00:24,7165.08,7050.0,-123.7781,0.0
09:00:24,7165.08,7055.0,-195.4224,0.0
09:00:24,7165.08,7060.0,-22.1311,0.0
09:00:24,7165.08,7065.0,-15.1002,0.0
09:00:24,7165.08,7070.0,3.1324,0.0
09:00:24,7165.08,7075.0,-68.9882,0.0
09:00:24,7165.08,7080.0,-46.3397,0.0
09:00:24,7165.08,7085.0,-23.0963,0.0
09:00:24,7165.08,7090.0,-49.5119,0.0
09:00:24,7165.08,7095.0,-15.3363,0.0
09:00:24,7165.08,7100.0,127.8095,10605.0
09:00:24,7165.08,7105.0,18.294,0.0
09:00:24,7165.08,7110.0,-24.7531,0.0
09:00:24,7165.08,7115.0,22.6923,0.0
09:00:24,7165.08,7120.0,74.7954,0.0
09:00:24,7165.08,7125.0,1.3871,0.0
09:00:24,7165.08,7130.0,1432.7542,0.0
09:00:24,7165.08,7135.0,33.2303,0.0
09:00:24,7165.08,7140.0,281.7618,1894.0
09:00:24,7165.08,7145.0,40.4458,0.0
09:00:24,7165.08,7150.0,95.4028,0.0
09:00:24,7165.08,7155.0,654.3267,0.0
09:00:24,7165.08,7160.0,1144.1108,0.0
09:00:24,7165.08,7165.0,49.9362,0.0
09:00:24,7165.08,7170.0,200.338,0.0
09:00:24,7165.08,7175.0,324.0935,0.0
09:00:24,7165.08,7180.0,122.0941,0.0
09:00:24,7165.08,7185.0,76.5426,0.0
09:00:24,7165.08,7190.0,143.775,0.0
09:00:24,7165.08,7195.0,111.0354,0.0
09:00:24,7165.08,7200.0,681.2964,10217.0
09:00:24,7165.08,7205.0,78.608,0.0
09:00:24,7165.08,7210.0,213.0405,0.0
09:00:24,7165.08,7215.0,117.7262,0.0
09:00:24,7165.08,7220.0,216.5669,0.0
09:00:24,7165.08,7225.0,166.4071,0.0
09:00:24,7165.08,7230.0,178.4028,0.0
09:00:24,7165.08,7235.0,68.8201,0.0
09:00:24,7165.08,7240.0,182.2312,0.0
09:00:24,7165.08,7245.0,89.3606,0.0
09:00:24,7165.08,7250.0,1201.5839,0.0
09:00:24,7165.08,7255.0,447.6,0.0
09:00:24,7165.08,7260.0,120.2444,0.0
09:00:24,7165.08,7265.0,101.798,0.0
09:00:24,7165.08,7270.0,162.8743,0.0
09:00:24,7165.08,7275.0,281.902,0.0
09:00:24,7165.08,7280.0,198.4675,0.0
09:00:24,7165.08,7285.0,46.405,0.0
09:00:24,7165.08,7290.0,104.0849,0.0
09:00:24,7165.08,7295.0,43.9082,0.0
09:00:24,7165.08,7300.0,95.4905,0.0
09:00:24,7165.08,7305.0,6.3165,0.0
09:00:24,7165.08,7310.0,56.9585,0.0
09:00:24,7165.08,7315.0,29.3403,0.0
09:00:24,7165.08,7320.0,72.7014,0.0
09:00:24,7165.08,7325.0,21.8798,0.0
09:00:24,7165.08,7330.0,57.2859,0.0
09:00:24,7165.08,7335.0,0.3669,0.0
09:00:24,7165.08,7340.0,6.7209,0.0
09:00:24,7165.08,7345.0,0.2152,0.0
09:00:24,7165.08,7350.0,29.7588,0.0
09:00:24,7165.08,7360.0,2.9159,247.0
09:00:24,7165.08,7370.0,7.6608,771.0
09:00:24,7165.08,7375.0,25.4988,10617.0
09:00:24,7165.08,7380.0,12.2625,5152.0
09:00:24,7165.08,7390.0,33.0928,2139.0
09:00:24,7165.08,7400.0,15.4658,4230.0
09:00:24,7165.08,7410.0,0.0095,65.0
09:00:24,7165.08,7425.0,4.2126,194.0
09:00:24,7165.08,7450.0,1.5767,474.0
09:00:24,7165.08,7475.0,0.0336,140.0
09:00:24,7165.08,7500.0,0.1662,296.0
09:00:24,7165.08,7550.0,0.0005,0.0
09:00:24,7165.08,7600.0,0.0006,2.0
09:00:24,7165.08,7700.0,0.0001,0.0
09:00:24,7165.08,7800.0,0.0,1.0
09:00:24,7165.08,8000.0,0.0,2.0
09:00:24,7165.08,8800.0,0.0,2.0
09:00:24,7165.08,9200.0,0.0,1.0
09:02:51,7165.08,4600.0,-0.0,4.0
09:02:51,7165.08,5300.0,-0.0,1.0
09:02:51,7165.08,5400.0,-0.0,3.0
09:02:51,7165.08,5500.0,-0.0,1.0
09:02:51,7165.08,5575.0,-0.0,1.0
09:02:51,7165.08,5625.0,-0.0,1.0
09:02:51,7165.08,5650.0,-0.0,1.0
09:02:51,7165.08,5800.0,-0.0,4.0
09:02:51,7165.08,5900.0,-0.0,3.0
09:02:51,7165.08,6000.0,-0.0,24.0
09:02:51,7165.08,6100.0,-0.0,876.0
09:02:51,7165.08,6110.0,-0.0,105.0
09:02:51,7165.08,6120.0,-0.0,81.0
09:02:51,7165.08,6125.0,-0.0,13.0
09:02:51,7165.08,6130.0,-0.0,3.0
09:02:51,7165.08,6140.0,-0.0,100.0
09:02:51,7165.08,6150.0,-0.0,297.0
09:02:51,7165.08,6160.0,-0.0,85.0
09:02:51,7165.08,6170.0,-0.0,87.0
09:02:51,7165.08,6175.0,-0.0,163.0
09:02:51,7165.08,6180.0,-0.0,10.0
09:02:51,7165.08,6190.0,-0.0026,97.0
09:02:51,7165.08,6200.0,-0.0,1177.0
09:02:51,7165.08,6210.0,-0.0984,0.0
09:02:51,7165.08,6220.0,-0.0021,40.0
09:02:51,7165.08,6225.0,-0.0,150.0
09:02:51,7165.08,6230.0,-0.0072,302.0
09:02:51,7165.08,6240.0,-0.0023,60.0
09:02:51,7165.08,6250.0,-0.0,226.0
09:02:51,7165.08,6260.0,-0.0,200.0
09:02:51,7165.08,6270.0,-0.014,101.0
09:02:51,7165.08,6275.0,-0.0,30.0
09:02:51,7165.08,6280.0,0.0002,20.0
09:02:51,7165.08,6290.0,-0.0,38.0
09:02:51,7165.08,6300.0,-0.0,96.0
09:02:51,7165.08,6310.0,-0.0,161.0
09:02:51,7165.08,6320.0,-0.0,10.0
09:02:51,7165.08,6325.0,-0.0,30.0
09:02:51,7165.08,6330.0,-0.0,196.0
09:02:51,7165.08,6340.0,0.0095,10.0
09:02:51,7165.08,6350.0,-0.0,95.0
09:02:51,7165.08,6360.0,-0.0,58.0
09:02:51,7165.08,6370.0,-0.0,50.0
09:02:51,7165.08,6375.0,-0.0,5.0
09:02:51,7165.08,6380.0,-0.0,44.0
09:02:51,7165.08,6390.0,0.0,11.0
09:02:51,7165.08,6400.0,-0.0,152.0
09:02:51,7165.08,6410.0,-0.0,5.0
09:02:51,7165.08,6420.0,-0.0,14.0
09:02:51,7165.08,6425.0,0.0,52.0
09:02:51,7165.08,6430.0,-0.0573,7.0
09:02:51,7165.08,6440.0,-0.0383,44.0
09:02:51,7165.08,6450.0,-0.0,1068.0
09:02:51,7165.08,6460.0,-0.0,80.0
09:02:51,7165.08,6470.0,-0.0,8.0
09:02:51,7165.08,6475.0,-0.0,3.0
09:02:51,7165.08,6480.0,-0.0,35.0
09:02:51,7165.08,6485.0,0.0043,8.0
09:02:51,7165.08,6490.0,-0.0,5.0
09:02:51,7165.08,6495.0,-0.0092,0.0
09:02:51,7165.08,6500.0,-0.0,70.0
09:02:51,7165.08,6505.0,-0.1222,100.0
09:02:51,7165.08,6510.0,-0.0,118.0
09:02:51,7165.08,6515.0,0.0164,117.0
09:02:51,7165.08,6520.0,-0.0,29.0
09:02:51,7165.08,6525.0,-0.0,4.0
09:02:51,7165.08,6530.0,-0.0,1.0
09:02:51,7165.08,6535.0,-0.0805,64.0
09:02:51,7165.08,6540.0,-0.0,22.0
09:02:51,7165.08,6545.0,-0.0131,58.0
09:02:51,7165.08,6550.0,-0.2663,0.0
09:02:51,7165.08,6555.0,0.0576,27.0
09:02:51,7165.08,6560.0,-0.0,15.0
09:02:51,7165.08,6565.0,-0.0552,3.0
09:02:51,7165.08,6570.0,0.0,1.0
09:02:51,7165.08,6580.0,0.0649,13.0
09:02:51,7165.08,6585.0,-0.0766,48.0
09:02:51,7165.08,6590.0,0.0474,57.0
09:02:51,7165.08,6595.0,-0.0,79.0
09:02:51,7165.08,6600.0,-0.0,4.0
09:02:51,7165.08,6605.0,-0.0,30.0
09:02:51,7165.08,6610.0,0.1515,106.0
09:02:51,7165.08,6615.0,-0.0,95.0
09:02:51,7165.08,6620.0,0.1026,80.0
09:02:51,7165.08,6625.0,0.0,16.0
09:02:51,7165.08,6630.0,-0.0,40.0
09:02:51,7165.08,6635.0,-0.1048,137.0
09:02:51,7165.08,6640.0,0.145,87.0
09:02:51,7165.08,6645.0,-0.1235,27.0
09:02:51,7165.08,6650.0,-0.0,3.0
09:02:51,7165.08,6655.0,-0.1014,70.0
09:02:51,7165.08,6660.0,-0.1662,88.0
09:02:51,7165.08,6665.0,-0.0,6.0
09:02:51,7165.08,6670.0,-0.0568,3.0
09:02:51,7165.08,6675.0,0.0,248.0
09:02:51,7165.08,6680.0,-0.3832,62.0
09:02:51,7165.08,6685.0,-0.0,287.0
09:02:51,7165.08,6690.0,-1.1985,139.0
09:02:51,7165.08,6695.0,-0.0,31.0
09:02:51,7165.08,6700.0,-0.0014,1429.0
09:02:51,7165.08,6705.0,-0.0001,49.0
09:02:51,7165.08,6710.0,-0.5515,565.0
09:02:51,7165.08,6715.0,-0.0002,161.0
09:02:51,7165.08,6720.0,-0.0004,44.0
09:02:51,7165.08,6725.0,-0.0006,1300.0
09:02:51,7165.08,6730.0,-0.0008,63.0
09:02:51,7165.08,6735.0,0.0255,56.0
09:02:51,7165.08,6740.0,-0.0022,181.0
09:02:51,7165.08,6745.0,-0.0006,86.0
09:02:51,7165.08,6750.0,-0.0094,3696.0
09:02:51,7165.08,6755.0,-0.0019,153.0
09:02:51,7165.08,6760.0,-1.966,1867.0
09:02:51,7165.08,6765.0,-0.0031,293.0
09:02:51,7165.08,6770.0,-1.806,136.0
09:02:51,7165.08,6775.0,-0.0042,3448.0
09:02:51,7165.08,6780.0,-0.0111,276.0
09:02:51,7165.08,6785.0,0.0242,130.0
09:02:51,7165.08,6790.0,-0.0215,194.0
09:02:51,7165.08,6795.0,-0.0608,159.0
09:02:51,7165.08,6800.0,-11.7331,2592.0
09:02:51,7165.08,6805.0,-4.2882,347.0
09:02:51,7165.08,6810.0,-3.7409,704.0
09:02:51,7165.08,6815.0,-0.0214,296.0
09:02:51,7165.08,6820.0,-1.649,158.0
09:02:51,7165.08,6825.0,2.1811,1565.0
09:02:51,7165.08,6830.0,-0.0506,188.0
09:02:51,7165.08,6835.0,-0.9594,221.0
09:02:51,7165.08,6840.0,-0.16,1189.0
09:02:51,7165.08,6845.0,-0.2437,4310.0
09:02:51,7165.08,6850.0,-7.8118,4335.0
09:02:51,7165.08,6855.0,-0.413,665.0
09:02:51,7165.08,6860.0,-4.3119,0.0
09:02:51,7165.08,6865.0,-0.6827,0.0
09:02:51,7165.08,6870.0,-0.2721,0.0
09:02:51,7165.08,6875.0,-0.6819,0.0
09:02:51,7165.08,6880.0,-1.0618,0.0
09:02:51,7165.08,6885.0,-13.817,3.0
09:02:51,7165.08,6890.0,-0.825,0.0
09:02:51,7165.08,6895.0,-58.1265,13.0
09:02:51,7165.08,6900.0,-36.6982,0.0
09:02:51,7165.08,6905.0,-2.7141,0.0
09:02:51,7165.08,6910.0,-1.4923,0.0
09:02:51,7165.08,6915.0,-1.2064,82.0
09:02:51,7165.08,6920.0,-0.7761,91.0
09:02:51,7165.08,6925.0,0.7624,791.0
09:02:51,7165.08,6930.0,-5.7977,0.0
09:02:51,7165.08,6935.0,-5.0962,0.0
09:02:51,7165.08,6940.0,1.0832,0.0
09:02:51,7165.08,6945.0,-39.7964,0.0
09:02:51,7165.08,6950.0,-55.891,117.0
09:02:51,7165.08,6955.0,-32.2255,0.0
09:02:51,7165.08,6960.0,-13.141,0.0
09:02:51,7165.08,6965.0,-6.3978,0.0
09:02:51,7165.08,6970.0,-4.1436,0.0
09:02:51,7165.08,6975.0,-15.0898,2648.0
09:02:51,7165.08,6980.0,-14.1651,0.0
09:02:51,7165.08,6985.0,-12.9409,32.0
09:02:51,7165.08,6990.0,-17.337,0.0
09:02:51,7165.08,6995.0,-16.8528,0.0
09:02:51,7165.08,7000.0,-11.9001,0.0
09:02:51,7165.08,7005.0,-126.486,0.0
09:02:51,7165.08,7010.0,-3.803,0.0
09:02:51,7165.08,7015.0,-10.6915,0.0
09:02:51,7165.08,7020.0,-4.5042,0.0
09:02:51,7165.08,7025.0,-23.4067,0.0
09:02:51,7165.08,7030.0,43.0428,0.0
09:02:51,7165.08,7035.0,-20.2507,0.0
09:02:51,7165.08,7040.0,-19.4179,0.0
09:02:51,7165.08,7045.0,308.3998,0.0
09:02:51,7165.08,7050.0,-123.7781,0.0
09:02:51,7165.08,7055.0,-195.4224,0.0
09:02:51,7165.08,7060.0,-22.1311,0.0
09:02:51,7165.08,7065.0,-15.1002,0.0
09:02:51,7165.08,7070.0,3.1324,0.0
09:02:51,7165.08,7075.0,-68.9882,0.0
09:02:51,7165.08,7080.0,-46.3397,0.0
09:02:51,7165.08,7085.0,-23.0963,0.0
09:02:51,7165.08,7090.0,-49.5119,0.0
09:02:51,7165.08,7095.0,-15.3363,0.0
09:02:51,7165.08,7100.0,127.8095,10605.0
09:02:51,7165.08,7105.0,18.294,0.0
09:02:51,7165.08,7110.0,-24.7531,0.0
09:02:51,7165.08,7115.0,22.6923,0.0
09:02:51,7165.08,7120.0,74.7954,0.0
09:02:51,7165.08,7125.0,1.3871,0.0
09:02:51,7165.08,7130.0,1432.7542,0.0
09:02:51,7165.08,7135.0,33.2303,0.0
09:02:51,7165.08,7140.0,281.7618,1894.0
09:02:51,7165.08,7145.0,40.4458,0.0
09:02:51,7165.08,7150.0,95.4028,0.0
09:02:51,7165.08,7155.0,654.3267,0.0
09:02:51,7165.08,7160.0,1144.1108,0.0
09:02:51,7165.08,7165.0,49.9362,0.0
09:02:51,7165.08,7170.0,200.338,0.0
09:02:51,7165.08,7175.0,324.0935,0.0
09:02:51,7165.08,7180.0,122.0941,0.0
09:02:51,7165.08,7185.0,76.5426,0.0
09:02:51,7165.08,7190.0,143.775,0.0
09:02:51,7165.08,7195.0,111.0354,0.0
09:02:51,7165.08,7200.0,681.2964,10217.0
09:02:51,7165.08,7205.0,78.608,0.0
09:02:51,7165.08,7210.0,213.0405,0.0
09:02:51,7165.08,7215.0,117.7262,0.0
09:02:51,7165.08,7220.0,216.5669,0.0
09:02:51,7165.08,7225.0,166.4071,0.0
09:02:51,7165.08,7230.0,178.4028,0.0
09:02:51,7165.08,7235.0,68.8201,0.0
09:02:51,7165.08,7240.0,182.2312,0.0
09:02:51,7165.08,7245.0,89.3606,0.0
09:02:51,7165.08,7250.0,1201.5839,0.0
09:02:51,7165.08,7255.0,447.6,0.0
09:02:51,7165.08,7260.0,120.2444,0.0
09:02:51,7165.08,7265.0,101.798,0.0
09:02:51,7165.08,7270.0,162.8743,0.0
09:02:51,7165.08,7275.0,281.902,0.0
09:02:51,7165.08,7280.0,198.4675,0.0
09:02:51,7165.08,7285.0,46.405,0.0
09:02:51,7165.08,7290.0,104.0849,0.0
09:02:51,7165.08,7295.0,43.9082,0.0
09:02:51,7165.08,7300.0,95.4905,0.0
09:02:51,7165.08,7305.0,6.3165,0.0
09:02:51,7165.08,7310.0,56.9585,0.0
09:02:51,7165.08,7315.0,29.3403,0.0
09:02:51,7165.08,7320.0,72.7014,0.0
09:02:51,7165.08,7325.0,21.8798,0.0
09:02:51,7165.08,7330.0,57.2859,0.0
09:02:51,7165.08,7335.0,0.3669,0.0
09:02:51,7165.08,7340.0,6.7209,0.0
09:02:51,7165.08,7345.0,0.2152,0.0
09:02:51,7165.08,7350.0,29.7588,0.0
09:02:51,7165.08,7360.0,2.9159,247.0
09:02:51,7165.08,7370.0,7.6608,771.0
09:02:51,7165.08,7375.0,25.4988,10617.0
09:02:51,7165.08,7380.0,12.2625,5152.0
09:02:51,7165.08,7390.0,33.0928,2139.0
09:02:51,7165.08,7400.0,15.4658,4230.0
09:02:51,7165.08,7410.0,0.0095,65.0
09:02:51,7165.08,7425.0,4.2126,194.0
09:02:51,7165.08,7450.0,1.5767,474.0
09:02:51,7165.08,7475.0,0.0336,140.0
09:02:51,7165.08,7500.0,0.1662,296.0
09:02:51,7165.08,7550.0,0.0005,0.0
09:02:51,7165.08,7600.0,0.0006,2.0
09:02:51,7165.08,7700.0,0.0001,0.0
09:02:51,7165.08,7800.0,0.0,1.0
09:02:51,7165.08,8000.0,0.0,2.0
09:02:51,7165.08,8800.0,0.0,2.0
09:02:51,7165.08,9200.0,0.0,1.0
09:19:18,7165.08,4600.0,-0.0,4.0
09:19:18,7165.08,5300.0,-0.0,1.0
09:19:18,7165.08,5400.0,-0.0,3.0
09:19:18,7165.08,5500.0,-0.0,1.0
09:19:18,7165.08,5575.0,-0.0,1.0
09:19:18,7165.08,5625.0,-0.0,1.0
09:19:18,7165.08,5650.0,-0.0,1.0
09:19:18,7165.08,5800.0,-0.0,4.0
09:19:18,7165.08,5900.0,-0.0,3.0
09:19:18,7165.08,6000.0,-0.0,24.0
09:19:18,7165.08,6100.0,-0.0,876.0
09:19:18,7165.08,6110.0,-0.0,105.0
09:19:18,7165.08,6120.0,-0.0,81.0
09:19:18,7165.08,6125.0,-0.0,13.0
09:19:18,7165.08,6130.0,-0.0,3.0
09:19:18,7165.08,6140.0,-0.0,100.0
09:19:18,7165.08,6150.0,-0.0,297.0
09:19:18,7165.08,6160.0,-0.0,85.0
09:19:18,7165.08,6170.0,-0.0,87.0
09:19:18,7165.08,6175.0,-0.0,163.0
09:19:18,7165.08,6180.0,-0.0,10.0
09:19:18,7165.08,6190.0,-0.0026,97.0
09:19:18,7165.08,6200.0,-0.0,1177.0
09:19:18,7165.08,6210.0,-0.0984,0.0
09:19:18,7165.08,6220.0,-0.0021,40.0
09:19:18,7165.08,6225.0,-0.0,150.0
09:19:18,7165.08,6230.0,-0.0072,302.0
09:19:18,7165.08,6240.0,-0.0023,60.0
09:19:18,7165.08,6250.0,-0.0,226.0
09:19:18,7165.08,6260.0,-0.0,200.0
09:19:18,7165.08,6270.0,-0.014,101.0
09:19:18,7165.08,6275.0,-0.0,30.0
09:19:18,7165.08,6280.0,0.0002,20.0
09:19:18,7165.08,6290.0,-0.0,38.0
09:19:18,7165.08,6300.0,-0.0,96.0
09:19:18,7165.08,6310.0,-0.0,161.0
09:19:18,7165.08,6320.0,-0.0,10.0
09:19:18,7165.08,6325.0,-0.0,30.0
09:19:18,7165.08,6330.0,-0.0,196.0
09:19:18,7165.08,6340.0,0.0095,10.0
09:19:18,7165.08,6350.0,-0.0,95.0
09:19:18,7165.08,6360.0,-0.0,58.0
09:19:18,7165.08,6370.0,-0.0,50.0
09:19:18,7165.08,6375.0,-0.0,5.0
09:19:18,7165.08,6380.0,-0.0,44.0
09:19:18,7165.08,6390.0,0.0,11.0
09:19:18,7165.08,6400.0,-0.0,152.0
09:19:18,7165.08,6410.0,-0.0,5.0
09:19:18,7165.08,6420.0,-0.0,14.0
09:19:18,7165.08,6425.0,0.0,52.0
09:19:18,7165.08,6430.0,-0.0573,7.0
09:19:18,7165.08,6440.0,-0.0383,44.0
09:19:18,7165.08,6450.0,-0.0,1068.0
09:19:18,7165.08,6460.0,-0.0,80.0
09:19:18,7165.08,6470.0,-0.0,8.0
09:19:18,7165.08,6475.0,-0.0,3.0
09:19:18,7165.08,6480.0,-0.0,35.0
09:19:18,7165.08,6485.0,0.0043,8.0
09:19:18,7165.08,6490.0,-0.0,5.0
09:19:18,7165.08,6495.0,-0.0092,0.0
09:19:18,7165.08,6500.0,-0.0,70.0
09:19:18,7165.08,6505.0,-0.1222,100.0
09:19:18,7165.08,6510.0,-0.0,118.0
09:19:18,7165.08,6515.0,0.0164,117.0
09:19:18,7165.08,6520.0,-0.0,29.0
09:19:18,7165.08,6525.0,-0.0,4.0
09:19:18,7165.08,6530.0,-0.0,1.0
09:19:18,7165.08,6535.0,-0.0805,64.0
09:19:18,7165.08,6540.0,-0.0,22.0
09:19:18,7165.08,6545.0,-0.0131,58.0
09:19:18,7165.08,6550.0,-0.2663,0.0
09:19:18,7165.08,6555.0,0.0576,27.0
09:19:18,7165.08,6560.0,-0.0,15.0
09:19:18,7165.08,6565.0,-0.0552,3.0
09:19:18,7165.08,6570.0,0.0,1.0
09:19:18,7165.08,6580.0,0.0649,13.0
09:19:18,7165.08,6585.0,-0.0766,48.0
09:19:18,7165.08,6590.0,0.0474,57.0
09:19:18,7165.08,6595.0,-0.0,79.0
09:19:18,7165.08,6600.0,-0.0,4.0
09:19:18,7165.08,6605.0,-0.0,30.0
09:19:18,7165.08,6610.0,0.1515,106.0
09:19:18,7165.08,6615.0,-0.0,95.0
09:19:18,7165.08,6620.0,0.1026,80.0
09:19:18,7165.08,6625.0,0.0,16.0
09:19:18,7165.08,6630.0,-0.0,40.0
09:19:18,7165.08,6635.0,-0.1048,137.0
09:19:18,7165.08,6640.0,0.145,87.0
09:19:18,7165.08,6645.0,-0.1235,27.0
09:19:18,7165.08,6650.0,-0.0,3.0
09:19:18,7165.08,6655.0,-0.1014,70.0
09:19:18,7165.08,6660.0,-0.1662,88.0
09:19:18,7165.08,6665.0,-0.0,6.0
09:19:18,7165.08,6670.0,-0.0568,3.0
09:19:18,7165.08,6675.0,0.0,248.0
09:19:18,7165.08,6680.0,-0.3832,62.0
09:19:18,7165.08,6685.0,-0.0,287.0
09:19:18,7165.08,6690.0,-1.1985,139.0
09:19:18,7165.08,6695.0,-0.0,31.0
09:19:18,7165.08,6700.0,-0.0014,1429.0
09:19:18,7165.08,6705.0,-0.0001,49.0
09:19:18,7165.08,6710.0,-0.5515,565.0
09:19:18,7165.08,6715.0,-0.0002,161.0
09:19:18,7165.08,6720.0,-0.0004,44.0
09:19:18,7165.08,6725.0,-0.0006,1300.0
09:19:18,7165.08,6730.0,-0.0008,63.0
09:19:18,7165.08,6735.0,0.0255,56.0
09:19:18,7165.08,6740.0,-0.0022,181.0
09:19:18,7165.08,6745.0,-0.0006,86.0
09:19:18,7165.08,6750.0,-0.0094,3696.0
09:19:18,7165.08,6755.0,-0.0019,153.0
09:19:18,7165.08,6760.0,-1.966,1867.0
09:19:18,7165.08,6765.0,-0.0031,293.0
09:19:18,7165.08,6770.0,-1.806,136.0
09:19:18,7165.08,6775.0,-0.0042,3448.0
09:19:18,7165.08,6780.0,-0.0111,276.0
09:19:18,7165.08,6785.0,0.0242,130.0
09:19:18,7165.08,6790.0,-0.0215,194.0
09:19:18,7165.08,6795.0,-0.0608,159.0
09:19:18,7165.08,6800.0,-11.7331,2592.0
09:19:18,7165.08,6805.0,-4.2882,347.0
09:19:18,7165.08,6810.0,-3.7409,704.0
09:19:18,7165.08,6815.0,-0.0214,296.0
09:19:18,7165.08,6820.0,-1.649,158.0
09:19:18,7165.08,6825.0,2.1811,1565.0
09:19:18,7165.08,6830.0,-0.0506,188.0
09:19:18,7165.08,6835.0,-0.9594,221.0
09:19:18,7165.08,6840.0,-0.16,1189.0
09:19:18,7165.08,6845.0,-0.2437,4310.0
09:19:18,7165.08,6850.0,-7.8118,4335.0
09:19:18,7165.08,6855.0,-0.413,665.0
09:19:18,7165.08,6860.0,-4.3119,0.0
09:19:18,7165.08,6865.0,-0.6827,0.0
09:19:18,7165.08,6870.0,-0.2721,0.0
09:19:18,7165.08,6875.0,-0.6819,0.0
09:19:18,7165.08,6880.0,-1.0618,0.0
09:19:18,7165.08,6885.0,-13.817,3.0
09:19:18,7165.08,6890.0,-0.825,0.0
09:19:18,7165.08,6895.0,-58.1265,13.0
09:19:18,7165.08,6900.0,-36.6982,0.0
09:19:18,7165.08,6905.0,-2.7141,0.0
09:19:18,7165.08,6910.0,-1.4923,0.0
09:19:18,7165.08,6915.0,-1.2064,82.0
09:19:18,7165.08,6920.0,-0.7761,91.0
09:19:18,7165.08,6925.0,0.7624,791.0
09:19:18,7165.08,6930.0,-5.7977,0.0
09:19:18,7165.08,6935.0,-5.0962,0.0
09:19:18,7165.08,6940.0,1.0832,0.0
09:19:18,7165.08,6945.0,-39.7964,0.0
09:19:18,7165.08,6950.0,-55.891,117.0
09:19:18,7165.08,6955.0,-32.2255,0.0
09:19:18,7165.08,6960.0,-13.141,0.0
09:19:18,7165.08,6965.0,-6.3978,0.0
09:19:18,7165.08,6970.0,-4.1436,0.0
09:19:18,7165.08,6975.0,-15.0898,2648.0
09:19:18,7165.08,6980.0,-14.1651,0.0
09:19:18,7165.08,6985.0,-12.9409,32.0
09:19:18,7165.08,6990.0,-17.337,0.0
09:19:18,7165.08,6995.0,-16.8528,0.0
09:19:18,7165.08,7000.0,-11.9001,0.0
09:19:18,7165.08,7005.0,-126.486,0.0
09:19:18,7165.08,7010.0,-3.803,0.0
09:19:18,7165.08,7015.0,-10.6915,0.0
09:19:18,7165.08,7020.0,-4.5042,0.0
09:19:18,7165.08,7025.0,-23.4067,0.0
09:19:18,7165.08,7030.0,43.0428,0.0
09:19:18,7165.08,7035.0,-20.2507,0.0
09:19:18,7165.08,7040.0,-19.4179,0.0
09:19:18,7165.08,7045.0,308.3998,0.0
09:19:18,7165.08,7050.0,-123.7781,0.0
09:19:18,7165.08,7055.0,-195.4224,0.0
09:19:18,7165.08,7060.0,-22.1311,0.0
09:19:18,7165.08,7065.0,-15.1002,0.0
09:19:18,7165.08,7070.0,3.1324,0.0
09:19:18,7165.08,7075.0,-68.9882,0.0
09:19:18,7165.08,7080.0,-46.3397,0.0
09:19:18,7165.08,7085.0,-23.0963,0.0
09:19:18,7165.08,7090.0,-49.5119,0.0
09:19:18,7165.08,7095.0,-15.3363,0.0
09:19:18,7165.08,7100.0,127.8095,10605.0
09:19:18,7165.08,7105.0,18.294,0.0
09:19:18,7165.08,7110.0,-24.7531,0.0
09:19:18,7165.08,7115.0,22.6923,0.0
09:19:18,7165.08,7120.0,74.7954,0.0
09:19:18,7165.08,7125.0,1.3871,0.0
09:19:18,7165.08,7130.0,1432.7542,0.0
09:19:18,7165.08,7135.0,33.2303,0.0
09:19:18,7165.08,7140.0,281.7618,1894.0
09:19:18,7165.08,7145.0,40.4458,0.0
09:19:18,7165.08,7150.0,95.4028,0.0
09:19:18,7165.08,7155.0,654.3267,0.0
09:19:18,7165.08,7160.0,1144.1108,0.0
09:19:18,7165.08,7165.0,49.9362,0.0
09:19:18,7165.08,7170.0,200.338,0.0
09:19:18,7165.08,7175.0,324.0935,0.0
09:19:18,7165.08,7180.0,122.0941,0.0
09:19:18,7165.08,7185.0,76.5426,0.0
09:19:18,7165.08,7190.0,143.775,0.0
09:19:18,7165.08,7195.0,111.0354,0.0
09:19:18,7165.08,7200.0,681.2964,10217.0
09:19:18,7165.08,7205.0,78.608,0.0
09:19:18,7165.08,7210.0,213.0405,0.0
09:19:18,7165.08,7215.0,117.7262,0.0
09:19:18,7165.08,7220.0,216.5669,0.0
09:19:18,7165.08,7225.0,166.4071,0.0
09:19:18,7165.08,7230.0,178.4028,0.0
09:19:18,7165.08,7235.0,68.8201,0.0
09:19:18,7165.08,7240.0,182.2312,0.0
09:19:18,7165.08,7245.0,89.3606,0.0
09:19:18,7165.08,7250.0,1201.5839,0.0
09:19:18,7165.08,7255.0,447.6,0.0
09:19:18,7165.08,7260.0,120.2444,0.0
09:19:18,7165.08,7265.0,101.798,0.0
09:19:18,7165.08,7270.0,162.8743,0.0
09:19:18,7165.08,7275.0,281.902,0.0
09:19:18,7165.08,7280.0,198.4675,0.0
09:19:18,7165.08,7285.0,46.405,0.0
09:19:18,7165.08,7290.0,104.0849,0.0
09:19:18,7165.08,7295.0,43.9082,0.0
09:19:18,7165.08,7300.0,95.4905,0.0
09:19:18,7165.08,7305.0,6.3165,0.0
09:19:18,7165.08,7310.0,56.9585,0.0
09:19:18,7165.08,7315.0,29.3403,0.0
09:19:18,7165.08,7320.0,72.7014,0.0
09:19:18,7165.08,7325.0,21.8798,0.0
09:19:18,7165.08,7330.0,57.2859,0.0
09:19:18,7165.08,7335.0,0.3669,0.0
09:19:18,7165.08,7340.0,6.7209,0.0
09:19:18,7165.08,7345.0,0.2152,0.0
09:19:18,7165.08,7350.0,29.7588,0.0
09:19:18,7165.08,7360.0,2.9159,247.0
09:19:18,7165.08,7370.0,7.6608,771.0
09:19:18,7165.08,7375.0,25.4988,10617.0
09:19:18,7165.08,7380.0,12.2625,5152.0
09:19:18,7165.08,7390.0,33.0928,2139.0
09:19:18,7165.08,7400.0,15.4658,4230.0
09:19:18,7165.08,7410.0,0.0095,65.0
09:19:18,7165.08,7425.0,4.2126,194.0
09:19:18,7165.08,7450.0,1.5767,474.0
09:19:18,7165.08,7475.0,0.0336,140.0
09:19:18,7165.08,7500.0,0.1662,296.0
09:19:18,7165.08,7550.0,0.0005,0.0
09:19:18,7165.08,7600.0,0.0006,2.0
09:19:18,7165.08,7700.0,0.0001,0.0
09:19:18,7165.08,7800.0,0.0,1.0
09:19:18,7165.08,8000.0,0.0,2.0
09:19:18,7165.08,8800.0,0.0,2.0
09:19:18,7165.08,9200.0,0.0,1.0
09:36:41,7165.08,4600.0,-0.0,4.0
09:36:41,7165.08,5300.0,-0.0,1.0
09:36:41,7165.08,5400.0,-0.0,3.0
09:36:41,7165.08,5500.0,-0.0,1.0
09:36:41,7165.08,5575.0,-0.0,1.0
09:36:41,7165.08,5625.0,-0.0,1.0
09:36:41,7165.08,5650.0,-0.0,1.0
09:36:41,7165.08,5800.0,-0.0,4.0
09:36:41,7165.08,5900.0,-0.0,3.0
09:36:41,7165.08,6000.0,-0.0,24.0
09:36:41,7165.08,6100.0,-0.0,876.0
09:36:41,7165.08,6110.0,-0.0,105.0
09:36:41,7165.08,6120.0,-0.0,81.0
09:36:41,7165.08,6125.0,-0.0,13.0
09:36:41,7165.08,6130.0,-0.0,3.0
09:36:41,7165.08,6140.0,-0.0,100.0
09:36:41,7165.08,6150.0,-0.0,297.0
09:36:41,7165.08,6160.0,-0.0,85.0
09:36:41,7165.08,6170.0,-0.0,87.0
09:36:41,7165.08,6175.0,-0.0,163.0
09:36:41,7165.08,6180.0,-0.0,10.0
09:36:41,7165.08,6190.0,-0.0026,97.0
09:36:41,7165.08,6200.0,-0.0,1177.0
09:36:41,7165.08,6210.0,-0.0984,0.0
09:36:41,7165.08,6220.0,-0.0021,40.0
09:36:41,7165.08,6225.0,-0.0,150.0
09:36:41,7165.08,6230.0,-0.0072,302.0
09:36:41,7165.08,6240.0,-0.0023,60.0
09:36:41,7165.08,6250.0,-0.0,226.0
09:36:41,7165.08,6260.0,-0.0,200.0
09:36:41,7165.08,6270.0,-0.014,101.0
09:36:41,7165.08,6275.0,-0.0,30.0
09:36:41,7165.08,6280.0,0.0002,20.0
09:36:41,7165.08,6290.0,-0.0,38.0
09:36:41,7165.08,6300.0,-0.0,96.0
09:36:41,7165.08,6310.0,-0.0,161.0
09:36:41,7165.08,6320.0,-0.0,10.0
09:36:41,7165.08,6325.0,-0.0,30.0
09:36:41,7165.08,6330.0,-0.0,196.0
09:36:41,7165.08,6340.0,0.0095,10.0
09:36:41,7165.08,6350.0,-0.0,95.0
09:36:41,7165.08,6360.0,-0.0,58.0
09:36:41,7165.08,6370.0,-0.0,50.0
09:36:41,7165.08,6375.0,-0.0,5.0
09:36:41,7165.08,6380.0,-0.0,44.0
09:36:41,7165.08,6390.0,0.0,11.0
09:36:41,7165.08,6400.0,-0.0,152.0
09:36:41,7165.08,6410.0,-0.0,5.0
09:36:41,7165.08,6420.0,-0.0,14.0
09:36:41,7165.08,6425.0,0.0,52.0
09:36:41,7165.08,6430.0,-0.0573,7.0
09:36:41,7165.08,6440.0,-0.0383,44.0
09:36:41,7165.08,6450.0,-0.0,1068.0
09:36:41,7165.08,6460.0,-0.0,80.0
09:36:41,7165.08,6470.0,-0.0,8.0
09:36:41,7165.08,6475.0,-0.0,3.0
09:36:41,7165.08,6480.0,-0.0,35.0
09:36:41,7165.08,6485.0,0.0043,8.0
09:36:41,7165.08,6490.0,-0.0,5.0
09:36:41,7165.08,6495.0,-0.0092,0.0
09:36:41,7165.08,6500.0,-0.0,70.0
09:36:41,7165.08,6505.0,-0.1222,100.0
09:36:41,7165.08,6510.0,-0.0,118.0
09:36:41,7165.08,6515.0,0.0164,117.0
09:36:41,7165.08,6520.0,-0.0,29.0
09:36:41,7165.08,6525.0,-0.0,4.0
09:36:41,7165.08,6530.0,-0.0,1.0
09:36:41,7165.08,6535.0,-0.0805,64.0
09:36:41,7165.08,6540.0,-0.0,22.0
09:36:41,7165.08,6545.0,-0.0131,58.0
09:36:41,7165.08,6550.0,-0.2663,0.0
09:36:41,7165.08,6555.0,0.0576,27.0
09:36:41,7165.08,6560.0,-0.0,15.0
09:36:41,7165.08,6565.0,-0.0552,3.0
09:36:41,7165.08,6570.0,0.0,1.0
09:36:41,7165.08,6580.0,0.0649,13.0
09:36:41,7165.08,6585.0,-0.0766,48.0
09:36:41,7165.08,6590.0,0.0474,57.0
09:36:41,7165.08,6595.0,-0.0,79.0
09:36:41,7165.08,6600.0,-0.0,4.0
09:36:41,7165.08,6605.0,-0.0,30.0
09:36:41,7165.08,6610.0,0.1515,106.0
09:36:41,7165.08,6615.0,-0.0,95.0
09:36:41,7165.08,6620.0,0.1026,80.0
09:36:41,7165.08,6625.0,0.0,16.0
09:36:41,7165.08,6630.0,-0.0,40.0
09:36:41,7165.08,6635.0,-0.1048,137.0
09:36:41,7165.08,6640.0,0.145,87.0
09:36:41,7165.08,6645.0,-0.1235,27.0
09:36:41,7165.08,6650.0,-0.0,3.0
09:36:41,7165.08,6655.0,-0.1014,70.0
09:36:41,7165.08,6660.0,-0.1662,88.0
09:36:41,7165.08,6665.0,-0.0,6.0
09:36:41,7165.08,6670.0,-0.0568,3.0
09:36:41,7165.08,6675.0,0.0,248.0
09:36:41,7165.08,6680.0,-0.3832,62.0
09:36:41,7165.08,6685.0,-0.0,287.0
09:36:41,7165.08,6690.0,-1.1985,139.0
09:36:41,7165.08,6695.0,-0.0,31.0
09:36:41,7165.08,6700.0,-0.0014,1429.0
09:36:41,7165.08,6705.0,-0.0001,49.0
09:36:41,7165.08,6710.0,-0.5515,565.0
09:36:41,7165.08,6715.0,-0.0002,161.0
09:36:41,7165.08,6720.0,-0.0004,44.0
09:36:41,7165.08,6725.0,-0.0006,1300.0
09:36:41,7165.08,6730.0,-0.0008,63.0
09:36:41,7165.08,6735.0,0.0255,56.0
09:36:41,7165.08,6740.0,-0.0022,181.0
09:36:41,7165.08,6745.0,-0.0006,86.0
09:36:41,7165.08,6750.0,-0.0094,3696.0
09:36:41,7165.08,6755.0,-0.0019,153.0
09:36:41,7165.08,6760.0,-1.966,1867.0
09:36:41,7165.08,6765.0,-0.0031,293.0
09:36:41,7165.08,6770.0,-1.806,136.0
09:36:41,7165.08,6775.0,-0.0042,3448.0
09:36:41,7165.08,6780.0,-0.0111,276.0
09:36:41,7165.08,6785.0,0.0242,130.0
09:36:41,7165.08,6790.0,-0.0215,194.0
09:36:41,7165.08,6795.0,-0.0608,159.0
09:36:41,7165.08,6800.0,-11.7331,2592.0
09:36:41,7165.08,6805.0,-4.2882,347.0
09:36:41,7165.08,6810.0,-3.7409,704.0
09:36:41,7165.08,6815.0,-0.0214,296.0
09:36:41,7165.08,6820.0,-1.649,158.0
09:36:41,7165.08,6825.0,2.1811,1565.0
09:36:41,7165.08,6830.0,-0.0506,188.0
09:36:41,7165.08,6835.0,-0.9594,221.0
09:36:41,7165.08,6840.0,-0.16,1189.0
09:36:41,7165.08,6845.0,-0.2437,4310.0
09:36:41,7165.08,6850.0,-7.8118,4335.0
09:36:41,7165.08,6855.0,-0.413,665.0
09:36:41,7165.08,6860.0,-4.3119,0.0
09:36:41,7165.08,6865.0,-0.6827,0.0
09:36:41,7165.08,6870.0,-0.2721,0.0
09:36:41,7165.08,6875.0,-0.6819,0.0
09:36:41,7165.08,6880.0,-1.0618,0.0
09:36:41,7165.08,6885.0,-13.817,3.0
09:36:41,7165.08,6890.0,-0.825,0.0
09:36:41,7165.08,6895.0,-58.1265,13.0
09:36:41,7165.08,6900.0,-36.6982,0.0
09:36:41,7165.08,6905.0,-2.7141,0.0
09:36:41,7165.08,6910.0,-1.4923,0.0
09:36:41,7165.08,6915.0,-1.2064,82.0
09:36:41,7165.08,6920.0,-0.7761,91.0
09:36:41,7165.08,6925.0,0.7624,791.0
09:36:41,7165.08,6930.0,-5.7977,0.0
09:36:41,7165.08,6935.0,-5.0962,0.0
09:36:41,7165.08,6940.0,1.0832,0.0
09:36:41,7165.08,6945.0,-39.7964,0.0
09:36:41,7165.08,6950.0,-55.891,117.0
09:36:41,7165.08,6955.0,-32.2255,0.0
09:36:41,7165.08,6960.0,-13.141,0.0
09:36:41,7165.08,6965.0,-6.3978,0.0
09:36:41,7165.08,6970.0,-4.1436,0.0
09:36:41,7165.08,6975.0,-15.0898,2648.0
09:36:41,7165.08,6980.0,-14.1651,0.0
09:36:41,7165.08,6985.0,-12.9409,32.0
09:36:41,7165.08,6990.0,-17.337,0.0
09:36:41,7165.08,6995.0,-16.8528,0.0
09:36:41,7165.08,7000.0,-11.9001,0.0
09:36:41,7165.08,7005.0,-126.486,0.0
09:36:41,7165.08,7010.0,-3.803,0.0
09:36:41,7165.08,7015.0,-10.6915,0.0
09:36:41,7165.08,7020.0,-4.5042,0.0
09:36:41,7165.08,7025.0,-23.4067,0.0
09:36:41,7165.08,7030.0,43.0428,0.0
09:36:41,7165.08,7035.0,-20.2507,0.0
09:36:41,7165.08,7040.0,-19.4179,0.0
09:36:41,7165.08,7045.0,308.3998,0.0
09:36:41,7165.08,7050.0,-123.7781,0.0
09:36:41,7165.08,7055.0,-195.4224,0.0
09:36:41,7165.08,7060.0,-22.1311,0.0
09:36:41,7165.08,7065.0,-15.1002,0.0
09:36:41,7165.08,7070.0,3.1324,0.0
09:36:41,7165.08,7075.0,-68.9882,0.0
09:36:41,7165.08,7080.0,-46.3397,0.0
09:36:41,7165.08,7085.0,-23.0963,0.0
09:36:41,7165.08,7090.0,-49.5119,0.0
09:36:41,7165.08,7095.0,-15.3363,0.0
09:36:41,7165.08,7100.0,127.8095,10605.0
09:36:41,7165.08,7105.0,18.294,0.0
09:36:41,7165.08,7110.0,-24.7531,0.0
09:36:41,7165.08,7115.0,22.6923,0.0
09:36:41,7165.08,7120.0,74.7954,0.0
09:36:41,7165.08,7125.0,1.3871,0.0
09:36:41,7165.08,7130.0,1432.7542,0.0
09:36:41,7165.08,7135.0,33.2303,0.0
09:36:41,7165.08,7140.0,281.7618,1894.0
09:36:41,7165.08,7145.0,40.4458,0.0
09:36:41,7165.08,7150.0,95.4028,0.0
09:36:41,7165.08,7155.0,654.3267,0.0
09:36:41,7165.08,7160.0,1144.1108,0.0
09:36:41,7165.08,7165.0,49.9362,0.0
09:36:41,7165.08,7170.0,200.338,0.0
09:36:41,7165.08,7175.0,324.0935,0.0
09:36:41,7165.08,7180.0,122.0941,0.0
09:36:41,7165.08,7185.0,76.5426,0.0
09:36:41,7165.08,7190.0,143.775,0.0
09:36:41,7165.08,7195.0,111.0354,0.0
09:36:41,7165.08,7200.0,681.2964,10217.0
09:36:41,7165.08,7205.0,78.608,0.0
09:36:41,7165.08,7210.0,213.0405,0.0
09:36:41,7165.08,7215.0,117.7262,0.0
09:36:41,7165.08,7220.0,216.5669,0.0
09:36:41,7165.08,7225.0,166.4071,0.0
09:36:41,7165.08,7230.0,178.4028,0.0
09:36:41,7165.08,7235.0,68.8201,0.0
09:36:41,7165.08,7240.0,182.2312,0.0
09:36:41,7165.08,7245.0,89.3606,0.0
09:36:41,7165.08,7250.0,1201.5839,0.0
09:36:41,7165.08,7255.0,447.6,0.0
09:36:41,7165.08,7260.0,120.2444,0.0
09:36:41,7165.08,7265.0,101.798,0.0
09:36:41,7165.08,7270.0,162.8743,0.0
09:36:41,7165.08,7275.0,281.902,0.0
09:36:41,7165.08,7280.0,198.4675,0.0
09:36:41,7165.08,7285.0,46.405,0.0
09:36:41,7165.08,7290.0,104.0849,0.0
09:36:41,7165.08,7295.0,43.9082,0.0
09:36:41,7165.08,7300.0,95.4905,0.0
09:36:41,7165.08,7305.0,6.3165,0.0
09:36:41,7165.08,7310.0,56.9585,0.0
09:36:41,7165.08,7315.0,29.3403,0.0
09:36:41,7165.08,7320.0,72.7014,0.0
09:36:41,7165.08,7325.0,21.8798,0.0
09:36:41,7165.08,7330.0,57.2859,0.0
09:36:41,7165.08,7335.0,0.3669,0.0
09:36:41,7165.08,7340.0,6.7209,0.0
09:36:41,7165.08,7345.0,0.2152,0.0
09:36:41,7165.08,7350.0,29.7588,0.0
09:36:41,7165.08,7360.0,2.9159,247.0
09:36:41,7165.08,7370.0,7.6608,771.0
09:36:41,7165.08,7375.0,25.4988,10617.0
09:36:41,7165.08,7380.0,12.2625,5152.0
09:36:41,7165.08,7390.0,33.0928,2139.0
09:36:41,7165.08,7400.0,15.4658,4230.0
09:36:41,7165.08,7410.0,0.0095,65.0
09:36:41,7165.08,7425.0,4.2126,194.0
09:36:41,7165.08,7450.0,1.5767,474.0
09:36:41,7165.08,7475.0,0.0336,140.0
09:36:41,7165.08,7500.0,0.1662,296.0
09:36:41,7165.08,7550.0,0.0005,0.0
09:36:41,7165.08,7600.0,0.0006,2.0
09:36:41,7165.08,7700.0,0.0001,0.0
09:36:41,7165.08,7800.0,0.0,1.0
09:36:41,7165.08,8000.0,0.0,2.0
09:36:41,7165.08,8800.0,0.0,2.0
09:36:41,7165.08,9200.0,0.0,1.0
09:43:58,7165.08,4600.0,-0.0,4.0
09:43:58,7165.08,5300.0,-0.0,1.0
09:43:58,7165.08,5400.0,-0.0,3.0
09:43:58,7165.08,5500.0,-0.0,1.0
09:43:58,7165.08,5575.0,-0.0,1.0
09:43:58,7165.08,5625.0,-0.0,1.0
09:43:58,7165.08,5650.0,-0.0,1.0
09:43:58,7165.08,5800.0,-0.0,4.0
09:43:58,7165.08,5900.0,-0.0,3.0
09:43:58,7165.08,6000.0,-0.0,24.0
09:43:58,7165.08,6100.0,-0.0,876.0
09:43:58,7165.08,6110.0,-0.0,105.0
09:43:58,7165.08,6120.0,-0.0,81.0
09:43:58,7165.08,6125.0,-0.0,13.0
09:43:58,7165.08,6130.0,-0.0,3.0
09:43:58,7165.08,6140.0,-0.0,100.0
09:43:58,7165.08,6150.0,-0.0,297.0
09:43:58,7165.08,6160.0,-0.0,85.0
09:43:58,7165.08,6170.0,-0.0,87.0
09:43:58,7165.08,6175.0,-0.0,163.0
09:43:58,7165.08,6180.0,-0.0,10.0
09:43:58,7165.08,6190.0,-0.0026,97.0
09:43:58,7165.08,6200.0,-0.0,1177.0
09:43:58,7165.08,6210.0,-0.0984,0.0
09:43:58,7165.08,6220.0,-0.0021,40.0
09:43:58,7165.08,6225.0,-0.0,150.0
09:43:58,7165.08,6230.0,-0.0072,302.0
09:43:58,7165.08,6240.0,-0.0023,60.0
09:43:58,7165.08,6250.0,-0.0,226.0
09:43:58,7165.08,6260.0,-0.0,200.0
09:43:58,7165.08,6270.0,-0.014,101.0
09:43:58,7165.08,6275.0,-0.0,30.0
09:43:58,7165.08,6280.0,0.0002,20.0
09:43:58,7165.08,6290.0,-0.0,38.0
09:43:58,7165.08,6300.0,-0.0,96.0
09:43:58,7165.08,6310.0,-0.0,161.0
09:43:58,7165.08,6320.0,-0.0,10.0
09:43:58,7165.08,6325.0,-0.0,30.0
09:43:58,7165.08,6330.0,-0.0,196.0
09:43:58,7165.08,6340.0,0.0095,10.0
09:43:58,7165.08,6350.0,-0.0,95.0
09:43:58,7165.08,6360.0,-0.0,58.0
09:43:58,7165.08,6370.0,-0.0,50.0
09:43:58,7165.08,6375.0,-0.0,5.0
09:43:58,7165.08,6380.0,-0.0,44.0
09:43:58,7165.08,6390.0,0.0,11.0
09:43:58,7165.08,6400.0,-0.0,152.0
09:43:58,7165.08,6410.0,-0.0,5.0
09:43:58,7165.08,6420.0,-0.0,14.0
09:43:58,7165.08,6425.0,0.0,52.0
09:43:58,7165.08,6430.0,-0.0573,7.0
09:43:58,7165.08,6440.0,-0.0383,44.0
09:43:58,7165.08,6450.0,-0.0,1068.0
09:43:58,7165.08,6460.0,-0.0,80.0
09:43:58,7165.08,6470.0,-0.0,8.0
09:43:58,7165.08,6475.0,-0.0,3.0
09:43:58,7165.08,6480.0,-0.0,35.0
09:43:58,7165.08,6485.0,0.0043,8.0
09:43:58,7165.08,6490.0,-0.0,5.0
09:43:58,7165.08,6495.0,-0.0092,0.0
09:43:58,7165.08,6500.0,-0.0,70.0
09:43:58,7165.08,6505.0,-0.1222,100.0
09:43:58,7165.08,6510.0,-0.0,118.0
09:43:58,7165.08,6515.0,0.0164,117.0
09:43:58,7165.08,6520.0,-0.0,29.0
09:43:58,7165.08,6525.0,-0.0,4.0
09:43:58,7165.08,6530.0,-0.0,1.0
09:43:58,7165.08,6535.0,-0.0805,64.0
09:43:58,7165.08,6540.0,-0.0,22.0
09:43:58,7165.08,6545.0,-0.0131,58.0
09:43:58,7165.08,6550.0,-0.2663,0.0
09:43:58,7165.08,6555.0,0.0576,27.0
09:43:58,7165.08,6560.0,-0.0,15.0
09:43:58,7165.08,6565.0,-0.0552,3.0
09:43:58,7165.08,6570.0,0.0,1.0
09:43:58,7165.08,6580.0,0.0649,13.0
09:43:58,7165.08,6585.0,-0.0766,48.0
09:43:58,7165.08,6590.0,0.0474,57.0
09:43:58,7165.08,6595.0,-0.0,79.0
09:43:58,7165.08,6600.0,-0.0,4.0
09:43:58,7165.08,6605.0,-0.0,30.0
09:43:58,7165.08,6610.0,0.1515,106.0
09:43:58,7165.08,6615.0,-0.0,95.0
09:43:58,7165.08,6620.0,0.1026,80.0
09:43:58,7165.08,6625.0,0.0,16.0
09:43:58,7165.08,6630.0,-0.0,40.0
09:43:58,7165.08,6635.0,-0.1048,137.0
09:43:58,7165.08,6640.0,0.145,87.0
09:43:58,7165.08,6645.0,-0.1235,27.0
09:43:58,7165.08,6650.0,-0.0,3.0
09:43:58,7165.08,6655.0,-0.1014,70.0
09:43:58,7165.08,6660.0,-0.1662,88.0
09:43:58,7165.08,6665.0,-0.0,6.0
09:43:58,7165.08,6670.0,-0.0568,3.0
09:43:58,7165.08,6675.0,0.0,248.0
09:43:58,7165.08,6680.0,-0.3832,62.0
09:43:58,7165.08,6685.0,-0.0,287.0
09:43:58,7165.08,6690.0,-1.1985,139.0
09:43:58,7165.08,6695.0,-0.0,31.0
09:43:58,7165.08,6700.0,-0.0014,1429.0
09:43:58,7165.08,6705.0,-0.0001,49.0
09:43:58,7165.08,6710.0,-0.5515,565.0
09:43:58,7165.08,6715.0,-0.0002,161.0
09:43:58,7165.08,6720.0,-0.0004,44.0
09:43:58,7165.08,6725.0,-0.0006,1300.0
09:43:58,7165.08,6730.0,-0.0008,63.0
09:43:58,7165.08,6735.0,0.0255,56.0
09:43:58,7165.08,6740.0,-0.0022,181.0
09:43:58,7165.08,6745.0,-0.0006,86.0
09:43:58,7165.08,6750.0,-0.0094,3696.0
09:43:58,7165.08,6755.0,-0.0019,153.0
09:43:58,7165.08,6760.0,-1.966,1867.0
09:43:58,7165.08,6765.0,-0.0031,293.0
09:43:58,7165.08,6770.0,-1.806,136.0
09:43:58,7165.08,6775.0,-0.0042,3448.0
09:43:58,7165.08,6780.0,-0.0111,276.0
09:43:58,7165.08,6785.0,0.0242,130.0
09:43:58,7165.08,6790.0,-0.0215,194.0
09:43:58,7165.08,6795.0,-0.0608,159.0
09:43:58,7165.08,6800.0,-11.7331,2592.0
09:43:58,7165.08,6805.0,-4.2882,347.0
09:43:58,7165.08,6810.0,-3.7409,704.0
09:43:58,7165.08,6815.0,-0.0214,296.0
09:43:58,7165.08,6820.0,-1.649,158.0
09:43:58,7165.08,6825.0,2.1811,1565.0
09:43:58,7165.08,6830.0,-0.0506,188.0
09:43:58,7165.08,6835.0,-0.9594,221.0
09:43:58,7165.08,6840.0,-0.16,1189.0
09:43:58,7165.08,6845.0,-0.2437,4310.0
09:43:58,7165.08,6850.0,-7.8118,4335.0
09:43:58,7165.08,6855.0,-0.413,665.0
09:43:58,7165.08,6860.0,-4.3119,0.0
09:43:58,7165.08,6865.0,-0.6827,0.0
09:43:58,7165.08,6870.0,-0.2721,0.0
09:43:58,7165.08,6875.0,-0.6819,0.0
09:43:58,7165.08,6880.0,-1.0618,0.0
09:43:58,7165.08,6885.0,-13.817,3.0
09:43:58,7165.08,6890.0,-0.825,0.0
09:43:58,7165.08,6895.0,-58.1265,13.0
09:43:58,7165.08,6900.0,-36.6982,0.0
09:43:58,7165.08,6905.0,-2.7141,0.0
09:43:58,7165.08,6910.0,-1.4923,0.0
09:43:58,7165.08,6915.0,-1.2064,82.0
09:43:58,7165.08,6920.0,-0.7761,91.0
09:43:58,7165.08,6925.0,0.7624,791.0
09:43:58,7165.08,6930.0,-5.7977,0.0
09:43:58,7165.08,6935.0,-5.0962,0.0
09:43:58,7165.08,6940.0,1.0832,0.0
09:43:58,7165.08,6945.0,-39.7964,0.0
09:43:58,7165.08,6950.0,-55.891,117.0
09:43:58,7165.08,6955.0,-32.2255,0.0
09:43:58,7165.08,6960.0,-13.141,0.0
09:43:58,7165.08,6965.0,-6.3978,0.0
09:43:58,7165.08,6970.0,-4.1436,0.0
09:43:58,7165.08,6975.0,-15.0898,2648.0
09:43:58,7165.08,6980.0,-14.1651,0.0
09:43:58,7165.08,6985.0,-12.9409,32.0
09:43:58,7165.08,6990.0,-17.337,0.0
09:43:58,7165.08,6995.0,-16.8528,0.0
09:43:58,7165.08,7000.0,-11.9001,0.0
09:43:58,7165.08,7005.0,-126.486,0.0
09:43:58,7165.08,7010.0,-3.803,0.0
09:43:58,7165.08,7015.0,-10.6915,0.0
09:43:58,7165.08,7020.0,-4.5042,0.0
09:43:58,7165.08,7025.0,-23.4067,0.0
09:43:58,7165.08,7030.0,43.0428,0.0
09:43:58,7165.08,7035.0,-20.2507,0.0
09:43:58,7165.08,7040.0,-19.4179,0.0
09:43:58,7165.08,7045.0,308.3998,0.0
09:43:58,7165.08,7050.0,-123.7781,0.0
09:43:58,7165.08,7055.0,-195.4224,0.0
09:43:58,7165.08,7060.0,-22.1311,0.0
09:43:58,7165.08,7065.0,-15.1002,0.0
09:43:58,7165.08,7070.0,3.1324,0.0
09:43:58,7165.08,7075.0,-68.9882,0.0
09:43:58,7165.08,7080.0,-46.3397,0.0
09:43:58,7165.08,7085.0,-23.0963,0.0
09:43:58,7165.08,7090.0,-49.5119,0.0
09:43:58,7165.08,7095.0,-15.3363,0.0
09:43:58,7165.08,7100.0,127.8095,10605.0
09:43:58,7165.08,7105.0,18.294,0.0
09:43:58,7165.08,7110.0,-24.7531,0.0
09:43:58,7165.08,7115.0,22.6923,0.0
09:43:58,7165.08,7120.0,74.7954,0.0
09:43:58,7165.08,7125.0,1.3871,0.0
09:43:58,7165.08,7130.0,1432.7542,0.0
09:43:58,7165.08,7135.0,33.2303,0.0
09:43:58,7165.08,7140.0,281.7618,1894.0
09:43:58,7165.08,7145.0,40.4458,0.0
09:43:58,7165.08,7150.0,95.4028,0.0
09:43:58,7165.08,7155.0,654.3267,0.0
09:43:58,7165.08,7160.0,1144.1108,0.0
09:43:58,7165.08,7165.0,49.9362,0.0
09:43:58,7165.08,7170.0,200.338,0.0
09:43:58,7165.08,7175.0,324.0935,0.0
09:43:58,7165.08,7180.0,122.0941,0.0
09:43:58,7165.08,7185.0,76.5426,0.0
09:43:58,7165.08,7190.0,143.775,0.0
09:43:58,7165.08,7195.0,111.0354,0.0
09:43:58,7165.08,7200.0,681.2964,10217.0
09:43:58,7165.08,7205.0,78.608,0.0
09:43:58,7165.08,7210.0,213.0405,0.0
09:43:58,7165.08,7215.0,117.7262,0.0
09:43:58,7165.08,7220.0,216.5669,0.0
09:43:58,7165.08,7225.0,166.4071,0.0
09:43:58,7165.08,7230.0,178.4028,0.0
09:43:58,7165.08,7235.0,68.8201,0.0
09:43:58,7165.08,7240.0,182.2312,0.0
09:43:58,7165.08,7245.0,89.3606,0.0
09:43:58,7165.08,7250.0,1201.5839,0.0
09:43:58,7165.08,7255.0,447.6,0.0
09:43:58,7165.08,7260.0,120.2444,0.0
09:43:58,7165.08,7265.0,101.798,0.0
09:43:58,7165.08,7270.0,162.8743,0.0
09:43:58,7165.08,7275.0,281.902,0.0
09:43:58,7165.08,7280.0,198.4675,0.0
09:43:58,7165.08,7285.0,46.405,0.0
09:43:58,7165.08,7290.0,104.0849,0.0
09:43:58,7165.08,7295.0,43.9082,0.0
09:43:58,7165.08,7300.0,95.4905,0.0
09:43:58,7165.08,7305.0,6.3165,0.0
09:43:58,7165.08,7310.0,56.9585,0.0
09:43:58,7165.08,7315.0,29.3403,0.0
09:43:58,7165.08,7320.0,72.7014,0.0
09:43:58,7165.08,7325.0,21.8798,0.0
09:43:58,7165.08,7330.0,57.2859,0.0
09:43:58,7165.08,7335.0,0.3669,0.0
09:43:58,7165.08,7340.0,6.7209,0.0
09:43:58,7165.08,7345.0,0.2152,0.0
09:43:58,7165.08,7350.0,29.7588,0.0
09:43:58,7165.08,7360.0,2.9159,247.0
09:43:58,7165.08,7370.0,7.6608,771.0
09:43:58,7165.08,7375.0,25.4988,10617.0
09:43:58,7165.08,7380.0,12.2625,5152.0
09:43:58,7165.08,7390.0,33.0928,2139.0
09:43:58,7165.08,7400.0,15.4658,4230.0
09:43:58,7165.08,7410.0,0.0095,65.0
09:43:58,7165.08,7425.0,4.2126,194.0
09:43:58,7165.08,7450.0,1.5767,474.0
09:43:58,7165.08,7475.0,0.0336,140.0
09:43:58,7165.08,7500.0,0.1662,296.0
09:43:58,7165.08,7550.0,0.0005,0.0
09:43:58,7165.08,7600.0,0.0006,2.0
09:43:58,7165.08,7700.0,0.0001,0.0
09:43:58,7165.08,7800.0,0.0,1.0
09:43:58,7165.08,8000.0,0.0,2.0
09:43:58,7165.08,8800.0,0.0,2.0
09:43:58,7165.08,9200.0,0.0,1.0
09:48:12,7165.08,4600.0,-0.0,4.0
09:48:12,7165.08,5300.0,-0.0,1.0
09:48:12,7165.08,5400.0,-0.0,3.0
09:48:12,7165.08,5500.0,-0.0,1.0
09:48:12,7165.08,5575.0,-0.0,1.0
09:48:12,7165.08,5625.0,-0.0,1.0
09:48:12,7165.08,5650.0,-0.0,1.0
09:48:12,7165.08,5800.0,-0.0,4.0
09:48:12,7165.08,5900.0,-0.0,3.0
09:48:12,7165.08,6000.0,-0.0,24.0
09:48:12,7165.08,6100.0,-0.0,876.0
09:48:12,7165.08,6110.0,-0.0,105.0
09:48:12,7165.08,6120.0,-0.0,81.0
09:48:12,7165.08,6125.0,-0.0,13.0
09:48:12,7165.08,6130.0,-0.0,3.0
09:48:12,7165.08,6140.0,-0.0,100.0
09:48:12,7165.08,6150.0,-0.0,297.0
09:48:12,7165.08,6160.0,-0.0,85.0
09:48:12,7165.08,6170.0,-0.0,87.0
09:48:12,7165.08,6175.0,-0.0,163.0
09:48:12,7165.08,6180.0,-0.0,10.0
09:48:12,7165.08,6190.0,-0.0026,97.0
09:48:12,7165.08,6200.0,-0.0,1177.0
09:48:12,7165.08,6210.0,-0.0984,0.0
09:48:12,7165.08,6220.0,-0.0021,40.0
09:48:12,7165.08,6225.0,-0.0,150.0
09:48:12,7165.08,6230.0,-0.0072,302.0
09:48:12,7165.08,6240.0,-0.0023,60.0
09:48:12,7165.08,6250.0,-0.0,226.0
09:48:12,7165.08,6260.0,-0.0,200.0
09:48:12,7165.08,6270.0,-0.014,101.0
09:48:12,7165.08,6275.0,-0.0,30.0
09:48:12,7165.08,6280.0,0.0002,20.0
09:48:12,7165.08,6290.0,-0.0,38.0
09:48:12,7165.08,6300.0,-0.0,96.0
09:48:12,7165.08,6310.0,-0.0,161.0
09:48:12,7165.08,6320.0,-0.0,10.0
09:48:12,7165.08,6325.0,-0.0,30.0
09:48:12,7165.08,6330.0,-0.0,196.0
09:48:12,7165.08,6340.0,0.0095,10.0
09:48:12,7165.08,6350.0,-0.0,95.0
09:48:12,7165.08,6360.0,-0.0,58.0
09:48:12,7165.08,6370.0,-0.0,50.0
09:48:12,7165.08,6375.0,-0.0,5.0
09:48:12,7165.08,6380.0,-0.0,44.0
09:48:12,7165.08,6390.0,0.0,11.0
09:48:12,7165.08,6400.0,-0.0,152.0
09:48:12,7165.08,6410.0,-0.0,5.0
09:48:12,7165.08,6420.0,-0.0,14.0
09:48:12,7165.08,6425.0,0.0,52.0
09:48:12,7165.08,6430.0,-0.0573,7.0
09:48:12,7165.08,6440.0,-0.0383,44.0
09:48:12,7165.08,6450.0,-0.0,1068.0
09:48:12,7165.08,6460.0,-0.0,80.0
09:48:12,7165.08,6470.0,-0.0,8.0
09:48:12,7165.08,6475.0,-0.0,3.0
09:48:12,7165.08,6480.0,-0.0,35.0
09:48:12,7165.08,6485.0,0.0043,8.0
09:48:12,7165.08,6490.0,-0.0,5.0
09:48:12,7165.08,6495.0,-0.0092,0.0
09:48:12,7165.08,6500.0,-0.0,70.0
09:48:12,7165.08,6505.0,-0.1222,100.0
09:48:12,7165.08,6510.0,-0.0,118.0
09:48:12,7165.08,6515.0,0.0164,117.0
09:48:12,7165.08,6520.0,-0.0,29.0
09:48:12,7165.08,6525.0,-0.0,4.0
09:48:12,7165.08,6530.0,-0.0,1.0
09:48:12,7165.08,6535.0,-0.0805,64.0
09:48:12,7165.08,6540.0,-0.0,22.0
09:48:12,7165.08,6545.0,-0.0131,58.0
09:48:12,7165.08,6550.0,-0.2663,0.0
09:48:12,7165.08,6555.0,0.0576,27.0
09:48:12,7165.08,6560.0,-0.0,15.0
09:48:12,7165.08,6565.0,-0.0552,3.0
09:48:12,7165.08,6570.0,0.0,1.0
09:48:12,7165.08,6580.0,0.0649,13.0
09:48:12,7165.08,6585.0,-0.0766,48.0
09:48:12,7165.08,6590.0,0.0474,57.0
09:48:12,7165.08,6595.0,-0.0,79.0
09:48:12,7165.08,6600.0,-0.0,4.0
09:48:12,7165.08,6605.0,-0.0,30.0
09:48:12,7165.08,6610.0,0.1515,106.0
09:48:12,7165.08,6615.0,-0.0,95.0
09:48:12,7165.08,6620.0,0.1026,80.0
09:48:12,7165.08,6625.0,0.0,16.0
09:48:12,7165.08,6630.0,-0.0,40.0
09:48:12,7165.08,6635.0,-0.1048,137.0
09:48:12,7165.08,6640.0,0.145,87.0
09:48:12,7165.08,6645.0,-0.1235,27.0
09:48:12,7165.08,6650.0,-0.0,3.0
09:48:12,7165.08,6655.0,-0.1014,70.0
09:48:12,7165.08,6660.0,-0.1662,88.0
09:48:12,7165.08,6665.0,-0.0,6.0
09:48:12,7165.08,6670.0,-0.0568,3.0
09:48:12,7165.08,6675.0,0.0,248.0
09:48:12,7165.08,6680.0,-0.3832,62.0
09:48:12,7165.08,6685.0,-0.0,287.0
09:48:12,7165.08,6690.0,-1.1985,139.0
09:48:12,7165.08,6695.0,-0.0,31.0
09:48:12,7165.08,6700.0,-0.0014,1429.0
09:48:12,7165.08,6705.0,-0.0001,49.0
09:48:12,7165.08,6710.0,-0.5515,565.0
09:48:12,7165.08,6715.0,-0.0002,161.0
09:48:12,7165.08,6720.0,-0.0004,44.0
09:48:12,7165.08,6725.0,-0.0006,1300.0
09:48:12,7165.08,6730.0,-0.0008,63.0
09:48:12,7165.08,6735.0,0.0255,56.0
09:48:12,7165.08,6740.0,-0.0022,181.0
09:48:12,7165.08,6745.0,-0.0006,86.0
09:48:12,7165.08,6750.0,-0.0094,3696.0
09:48:12,7165.08,6755.0,-0.0019,153.0
09:48:12,7165.08,6760.0,-1.966,1867.0
09:48:12,7165.08,6765.0,-0.0031,293.0
09:48:12,7165.08,6770.0,-1.806,136.0
09:48:12,7165.08,6775.0,-0.0042,3448.0
09:48:12,7165.08,6780.0,-0.0111,276.0
09:48:12,7165.08,6785.0,0.0242,130.0
09:48:12,7165.08,6790.0,-0.0215,194.0
09:48:12,7165.08,6795.0,-0.0608,159.0
09:48:12,7165.08,6800.0,-11.7331,2592.0
09:48:12,7165.08,6805.0,-4.2882,347.0
09:48:12,7165.08,6810.0,-3.7409,704.0
09:48:12,7165.08,6815.0,-0.0214,296.0
09:48:12,7165.08,6820.0,-1.649,158.0
09:48:12,7165.08,6825.0,2.1811,1565.0
09:48:12,7165.08,6830.0,-0.0506,188.0
09:48:12,7165.08,6835.0,-0.9594,221.0
09:48:12,7165.08,6840.0,-0.16,1189.0
09:48:12,7165.08,6845.0,-0.2437,4310.0
09:48:12,7165.08,6850.0,-7.8118,4335.0
09:48:12,7165.08,6855.0,-0.413,665.0
09:48:12,7165.08,6860.0,-4.3119,0.0
09:48:12,7165.08,6865.0,-0.6827,0.0
09:48:12,7165.08,6870.0,-0.2721,0.0
09:48:12,7165.08,6875.0,-0.6819,0.0
09:48:12,7165.08,6880.0,-1.0618,0.0
09:48:12,7165.08,6885.0,-13.817,3.0
09:48:12,7165.08,6890.0,-0.825,0.0
09:48:12,7165.08,6895.0,-58.1265,13.0
09:48:12,7165.08,6900.0,-36.6982,0.0
09:48:12,7165.08,6905.0,-2.7141,0.0
09:48:12,7165.08,6910.0,-1.4923,0.0
09:48:12,7165.08,6915.0,-1.2064,82.0
09:48:12,7165.08,6920.0,-0.7761,91.0
09:48:12,7165.08,6925.0,0.7624,791.0
09:48:12,7165.08,6930.0,-5.7977,0.0
09:48:12,7165.08,6935.0,-5.0962,0.0
09:48:12,7165.08,6940.0,1.0832,0.0
09:48:12,7165.08,6945.0,-39.7964,0.0
09:48:12,7165.08,6950.0,-55.891,117.0
09:48:12,7165.08,6955.0,-32.2255,0.0
09:48:12,7165.08,6960.0,-13.141,0.0
09:48:12,7165.08,6965.0,-6.3978,0.0
09:48:12,7165.08,6970.0,-4.1436,0.0
09:48:12,7165.08,6975.0,-15.0898,2648.0
09:48:12,7165.08,6980.0,-14.1651,0.0
09:48:12,7165.08,6985.0,-12.9409,32.0
09:48:12,7165.08,6990.0,-17.337,0.0
09:48:12,7165.08,6995.0,-16.8528,0.0
09:48:12,7165.08,7000.0,-11.9001,0.0
09:48:12,7165.08,7005.0,-126.486,0.0
09:48:12,7165.08,7010.0,-3.803,0.0
09:48:12,7165.08,7015.0,-10.6915,0.0
09:48:12,7165.08,7020.0,-4.5042,0.0
09:48:12,7165.08,7025.0,-23.4067,0.0
09:48:12,7165.08,7030.0,43.0428,0.0
09:48:12,7165.08,7035.0,-20.2507,0.0
09:48:12,7165.08,7040.0,-19.4179,0.0
09:48:12,7165.08,7045.0,308.3998,0.0
09:48:12,7165.08,7050.0,-123.7781,0.0
09:48:12,7165.08,7055.0,-195.4224,0.0
09:48:12,7165.08,7060.0,-22.1311,0.0
09:48:12,7165.08,7065.0,-15.1002,0.0
09:48:12,7165.08,7070.0,3.1324,0.0
09:48:12,7165.08,7075.0,-68.9882,0.0
09:48:12,7165.08,7080.0,-46.3397,0.0
09:48:12,7165.08,7085.0,-23.0963,0.0
09:48:12,7165.08,7090.0,-49.5119,0.0
09:48:12,7165.08,7095.0,-15.3363,0.0
09:48:12,7165.08,7100.0,127.8095,10605.0
09:48:12,7165.08,7105.0,18.294,0.0
09:48:12,7165.08,7110.0,-24.7531,0.0
09:48:12,7165.08,7115.0,22.6923,0.0
09:48:12,7165.08,7120.0,74.7954,0.0
09:48:12,7165.08,7125.0,1.3871,0.0
09:48:12,7165.08,7130.0,1432.7542,0.0
09:48:12,7165.08,7135.0,33.2303,0.0
09:48:12,7165.08,7140.0,281.7618,1894.0
09:48:12,7165.08,7145.0,40.4458,0.0
09:48:12,7165.08,7150.0,95.4028,0.0
09:48:12,7165.08,7155.0,654.3267,0.0
09:48:12,7165.08,7160.0,1144.1108,0.0
09:48:12,7165.08,7165.0,49.9362,0.0
09:48:12,7165.08,7170.0,200.338,0.0
09:48:12,7165.08,7175.0,324.0935,0.0
09:48:12,7165.08,7180.0,122.0941,0.0
09:48:12,7165.08,7185.0,76.5426,0.0
09:48:12,7165.08,7190.0,143.775,0.0
09:48:12,7165.08,7195.0,111.0354,0.0
09:48:12,7165.08,7200.0,681.2964,10217.0
09:48:12,7165.08,7205.0,78.608,0.0
09:48:12,7165.08,7210.0,213.0405,0.0
09:48:12,7165.08,7215.0,117.7262,0.0
09:48:12,7165.08,7220.0,216.5669,0.0
09:48:12,7165.08,7225.0,166.4071,0.0
09:48:12,7165.08,7230.0,178.4028,0.0
09:48:12,7165.08,7235.0,68.8201,0.0
09:48:12,7165.08,7240.0,182.2312,0.0
09:48:12,7165.08,7245.0,89.3606,0.0
09:48:12,7165.08,7250.0,1201.5839,0.0
09:48:12,7165.08,7255.0,447.6,0.0
09:48:12,7165.08,7260.0,120.2444,0.0
09:48:12,7165.08,7265.0,101.798,0.0
09:48:12,7165.08,7270.0,162.8743,0.0
09:48:12,7165.08,7275.0,281.902,0.0
09:48:12,7165.08,7280.0,198.4675,0.0
09:48:12,7165.08,7285.0,46.405,0.0
09:48:12,7165.08,7290.0,104.0849,0.0
09:48:12,7165.08,7295.0,43.9082,0.0
09:48:12,7165.08,7300.0,95.4905,0.0
09:48:12,7165.08,7305.0,6.3165,0.0
09:48:12,7165.08,7310.0,56.9585,0.0
09:48:12,7165.08,7315.0,29.3403,0.0
09:48:12,7165.08,7320.0,72.7014,0.0
09:48:12,7165.08,7325.0,21.8798,0.0
09:48:12,7165.08,7330.0,57.2859,0.0
09:48:12,7165.08,7335.0,0.3669,0.0
09:48:12,7165.08,7340.0,6.7209,0.0
09:48:12,7165.08,7345.0,0.2152,0.0
09:48:12,7165.08,7350.0,29.7588,0.0
09:48:12,7165.08,7360.0,2.9159,247.0
09:48:12,7165.08,7370.0,7.6608,771.0
09:48:12,7165.08,7375.0,25.4988,10617.0
09:48:12,7165.08,7380.0,12.2625,5152.0
09:48:12,7165.08,7390.0,33.0928,2139.0
09:48:12,7165.08,7400.0,15.4658,4230.0
09:48:12,7165.08,7410.0,0.0095,65.0
09:48:12,7165.08,7425.0,4.2126,194.0
09:48:12,7165.08,7450.0,1.5767,474.0
09:48:12,7165.08,7475.0,0.0336,140.0
09:48:12,7165.08,7500.0,0.1662,296.0
09:48:12,7165.08,7550.0,0.0005,0.0
09:48:12,7165.08,7600.0,0.0006,2.0
09:48:12,7165.08,7700.0,0.0001,0.0
09:48:12,7165.08,7800.0,0.0,1.0
09:48:12,7165.08,8000.0,0.0,2.0
09:48:12,7165.08,8800.0,0.0,2.0
09:48:12,7165.08,9200.0,0.0,1.0
09:59:40,7165.08,4600.0,-0.0,4.0
09:59:40,7165.08,5300.0,-0.0,1.0
09:59:40,7165.08,5400.0,-0.0,3.0
09:59:40,7165.08,5500.0,-0.0,1.0
09:59:40,7165.08,5575.0,-0.0,1.0
09:59:40,7165.08,5625.0,-0.0,1.0
09:59:40,7165.08,5650.0,-0.0,1.0
09:59:40,7165.08,5800.0,-0.0,4.0
09:59:40,7165.08,5900.0,-0.0,3.0
09:59:40,7165.08,6000.0,-0.0,24.0
09:59:40,7165.08,6100.0,-0.0,876.0
09:59:40,7165.08,6110.0,-0.0,105.0
09:59:40,7165.08,6120.0,-0.0,81.0
09:59:40,7165.08,6125.0,-0.0,13.0
09:59:40,7165.08,6130.0,-0.0,3.0
09:59:40,7165.08,6140.0,-0.0,100.0
09:59:40,7165.08,6150.0,-0.0,297.0
09:59:40,7165.08,6160.0,-0.0,85.0
09:59:40,7165.08,6170.0,-0.0,87.0
09:59:40,7165.08,6175.0,-0.0,163.0
09:59:40,7165.08,6180.0,-0.0,10.0
09:59:40,7165.08,6190.0,-0.0026,97.0
09:59:40,7165.08,6200.0,-0.0,1177.0
09:59:40,7165.08,6210.0,-0.0984,0.0
09:59:40,7165.08,6220.0,-0.0021,40.0
09:59:40,7165.08,6225.0,-0.0,150.0
09:59:40,7165.08,6230.0,-0.0072,302.0
09:59:40,7165.08,6240.0,-0.0023,60.0
09:59:40,7165.08,6250.0,-0.0,226.0
09:59:40,7165.08,6260.0,-0.0,200.0
09:59:40,7165.08,6270.0,-0.014,101.0
09:59:40,7165.08,6275.0,-0.0,30.0
09:59:40,7165.08,6280.0,0.0002,20.0
09:59:40,7165.08,6290.0,-0.0,38.0
09:59:40,7165.08,6300.0,-0.0,96.0
09:59:40,7165.08,6310.0,-0.0,161.0
09:59:40,7165.08,6320.0,-0.0,10.0
09:59:40,7165.08,6325.0,-0.0,30.0
09:59:40,7165.08,6330.0,-0.0,196.0
09:59:40,7165.08,6340.0,0.0095,10.0
09:59:40,7165.08,6350.0,-0.0,95.0
09:59:40,7165.08,6360.0,-0.0,58.0
09:59:40,7165.08,6370.0,-0.0,50.0
09:59:40,7165.08,6375.0,-0.0,5.0
09:59:40,7165.08,6380.0,-0.0,44.0
09:59:40,7165.08,6390.0,0.0,11.0
09:59:40,7165.08,6400.0,-0.0,152.0
09:59:40,7165.08,6410.0,-0.0,5.0
09:59:40,7165.08,6420.0,-0.0,14.0
09:59:40,7165.08,6425.0,0.0,52.0
09:59:40,7165.08,6430.0,-0.0573,7.0
09:59:40,7165.08,6440.0,-0.0383,44.0
09:59:40,7165.08,6450.0,-0.0,1068.0
09:59:40,7165.08,6460.0,-0.0,80.0
09:59:40,7165.08,6470.0,-0.0,8.0
09:59:40,7165.08,6475.0,-0.0,3.0
09:59:40,7165.08,6480.0,-0.0,35.0
09:59:40,7165.08,6485.0,0.0043,8.0
09:59:40,7165.08,6490.0,-0.0,5.0
09:59:40,7165.08,6495.0,-0.0092,0.0
09:59:40,7165.08,6500.0,-0.0,70.0
09:59:40,7165.08,6505.0,-0.1222,100.0
09:59:40,7165.08,6510.0,-0.0,118.0
09:59:40,7165.08,6515.0,0.0164,117.0
09:59:40,7165.08,6520.0,-0.0,29.0
09:59:40,7165.08,6525.0,-0.0,4.0
09:59:40,7165.08,6530.0,-0.0,1.0
09:59:40,7165.08,6535.0,-0.0805,64.0
09:59:40,7165.08,6540.0,-0.0,22.0
09:59:40,7165.08,6545.0,-0.0131,58.0
09:59:40,7165.08,6550.0,-0.2663,0.0
09:59:40,7165.08,6555.0,0.0576,27.0
09:59:40,7165.08,6560.0,-0.0,15.0
09:59:40,7165.08,6565.0,-0.0552,3.0
09:59:40,7165.08,6570.0,0.0,1.0
09:59:40,7165.08,6580.0,0.0649,13.0
09:59:40,7165.08,6585.0,-0.0766,48.0
09:59:40,7165.08,6590.0,0.0474,57.0
09:59:40,7165.08,6595.0,-0.0,79.0
09:59:40,7165.08,6600.0,-0.0,4.0
09:59:40,7165.08,6605.0,-0.0,30.0
09:59:40,7165.08,6610.0,0.1515,106.0
09:59:40,7165.08,6615.0,-0.0,95.0
09:59:40,7165.08,6620.0,0.1026,80.0
09:59:40,7165.08,6625.0,0.0,16.0
09:59:40,7165.08,6630.0,-0.0,40.0
09:59:40,7165.08,6635.0,-0.1048,137.0
09:59:40,7165.08,6640.0,0.145,87.0
09:59:40,7165.08,6645.0,-0.1235,27.0
09:59:40,7165.08,6650.0,-0.0,3.0
09:59:40,7165.08,6655.0,-0.1014,70.0
09:59:40,7165.08,6660.0,-0.1662,88.0
09:59:40,7165.08,6665.0,-0.0,6.0
09:59:40,7165.08,6670.0,-0.0568,3.0
09:59:40,7165.08,6675.0,0.0,248.0
09:59:40,7165.08,6680.0,-0.3832,62.0
09:59:40,7165.08,6685.0,-0.0,287.0
09:59:40,7165.08,6690.0,-1.1985,139.0
09:59:40,7165.08,6695.0,-0.0,31.0
09:59:40,7165.08,6700.0,-0.0014,1429.0
09:59:40,7165.08,6705.0,-0.0001,49.0
09:59:40,7165.08,6710.0,-0.5515,565.0
09:59:40,7165.08,6715.0,-0.0002,161.0
09:59:40,7165.08,6720.0,-0.0004,44.0
09:59:40,7165.08,6725.0,-0.0006,1300.0
09:59:40,7165.08,6730.0,-0.0008,63.0
09:59:40,7165.08,6735.0,0.0255,56.0
09:59:40,7165.08,6740.0,-0.0022,181.0
09:59:40,7165.08,6745.0,-0.0006,86.0
09:59:40,7165.08,6750.0,-0.0094,3696.0
09:59:40,7165.08,6755.0,-0.0019,153.0
09:59:40,7165.08,6760.0,-1.966,1867.0
09:59:40,7165.08,6765.0,-0.0031,293.0
09:59:40,7165.08,6770.0,-1.806,136.0
09:59:40,7165.08,6775.0,-0.0042,3448.0
09:59:40,7165.08,6780.0,-0.0111,276.0
09:59:40,7165.08,6785.0,0.0242,130.0
09:59:40,7165.08,6790.0,-0.0215,194.0
09:59:40,7165.08,6795.0,-0.0608,159.0
09:59:40,7165.08,6800.0,-11.7331,2592.0
09:59:40,7165.08,6805.0,-4.2882,347.0
09:59:40,7165.08,6810.0,-3.7409,704.0
09:59:40,7165.08,6815.0,-0.0214,296.0
09:59:40,7165.08,6820.0,-1.649,158.0
09:59:40,7165.08,6825.0,2.1811,1565.0
09:59:40,7165.08,6830.0,-0.0506,188.0
09:59:40,7165.08,6835.0,-0.9594,221.0
09:59:40,7165.08,6840.0,-0.16,1189.0
09:59:40,7165.08,6845.0,-0.2437,4310.0
09:59:40,7165.08,6850.0,-7.8118,4335.0
09:59:40,7165.08,6855.0,-0.413,665.0
09:59:40,7165.08,6860.0,-4.3119,0.0
09:59:40,7165.08,6865.0,-0.6827,0.0
09:59:40,7165.08,6870.0,-0.2721,0.0
09:59:40,7165.08,6875.0,-0.6819,0.0
09:59:40,7165.08,6880.0,-1.0618,0.0
09:59:40,7165.08,6885.0,-13.817,3.0
09:59:40,7165.08,6890.0,-0.825,0.0
09:59:40,7165.08,6895.0,-58.1265,13.0
09:59:40,7165.08,6900.0,-36.6982,0.0
09:59:40,7165.08,6905.0,-2.7141,0.0
09:59:40,7165.08,6910.0,-1.4923,0.0
09:59:40,7165.08,6915.0,-1.2064,82.0
09:59:40,7165.08,6920.0,-0.7761,91.0
09:59:40,7165.08,6925.0,0.7624,791.0
09:59:40,7165.08,6930.0,-5.7977,0.0
09:59:40,7165.08,6935.0,-5.0962,0.0
09:59:40,7165.08,6940.0,1.0832,0.0
09:59:40,7165.08,6945.0,-39.7964,0.0
09:59:40,7165.08,6950.0,-55.891,117.0
09:59:40,7165.08,6955.0,-32.2255,0.0
09:59:40,7165.08,6960.0,-13.141,0.0
09:59:40,7165.08,6965.0,-6.3978,0.0
09:59:40,7165.08,6970.0,-4.1436,0.0
09:59:40,7165.08,6975.0,-15.0898,2648.0
09:59:40,7165.08,6980.0,-14.1651,0.0
09:59:40,7165.08,6985.0,-12.9409,32.0
09:59:40,7165.08,6990.0,-17.337,0.0
09:59:40,7165.08,6995.0,-16.8528,0.0
09:59:40,7165.08,7000.0,-11.9001,0.0
09:59:40,7165.08,7005.0,-126.486,0.0
09:59:40,7165.08,7010.0,-3.803,0.0
09:59:40,7165.08,7015.0,-10.6915,0.0
09:59:40,7165.08,7020.0,-4.5042,0.0
09:59:40,7165.08,7025.0,-23.4067,0.0
09:59:40,7165.08,7030.0,43.0428,0.0
09:59:40,7165.08,7035.0,-20.2507,0.0
09:59:40,7165.08,7040.0,-19.4179,0.0
09:59:40,7165.08,7045.0,308.3998,0.0
09:59:40,7165.08,7050.0,-123.7781,0.0
09:59:40,7165.08,7055.0,-195.4224,0.0
09:59:40,7165.08,7060.0,-22.1311,0.0
09:59:40,7165.08,7065.0,-15.1002,0.0
09:59:40,7165.08,7070.0,3.1324,0.0
09:59:40,7165.08,7075.0,-68.9882,0.0
09:59:40,7165.08,7080.0,-46.3397,0.0
09:59:40,7165.08,7085.0,-23.0963,0.0
09:59:40,7165.08,7090.0,-49.5119,0.0
09:59:40,7165.08,7095.0,-15.3363,0.0
09:59:40,7165.08,7100.0,127.8095,10605.0
09:59:40,7165.08,7105.0,18.294,0.0
09:59:40,7165.08,7110.0,-24.7531,0.0
09:59:40,7165.08,7115.0,22.6923,0.0
09:59:40,7165.08,7120.0,74.7954,0.0
09:59:40,7165.08,7125.0,1.3871,0.0
09:59:40,7165.08,7130.0,1432.7542,0.0
09:59:40,7165.08,7135.0,33.2303,0.0
09:59:40,7165.08,7140.0,281.7618,1894.0
09:59:40,7165.08,7145.0,40.4458,0.0
09:59:40,7165.08,7150.0,95.4028,0.0
09:59:40,7165.08,7155.0,654.3267,0.0
09:59:40,7165.08,7160.0,1144.1108,0.0
09:59:40,7165.08,7165.0,49.9362,0.0
09:59:40,7165.08,7170.0,200.338,0.0
09:59:40,7165.08,7175.0,324.0935,0.0
09:59:40,7165.08,7180.0,122.0941,0.0
09:59:40,7165.08,7185.0,76.5426,0.0
09:59:40,7165.08,7190.0,143.775,0.0
09:59:40,7165.08,7195.0,111.0354,0.0
09:59:40,7165.08,7200.0,681.2964,10217.0
09:59:40,7165.08,7205.0,78.608,0.0
09:59:40,7165.08,7210.0,213.0405,0.0
09:59:40,7165.08,7215.0,117.7262,0.0
09:59:40,7165.08,7220.0,216.5669,0.0
09:59:40,7165.08,7225.0,166.4071,0.0
09:59:40,7165.08,7230.0,178.4028,0.0
09:59:40,7165.08,7235.0,68.8201,0.0
09:59:40,7165.08,7240.0,182.2312,0.0
09:59:40,7165.08,7245.0,89.3606,0.0
09:59:40,7165.08,7250.0,1201.5839,0.0
09:59:40,7165.08,7255.0,447.6,0.0
09:59:40,7165.08,7260.0,120.2444,0.0
09:59:40,7165.08,7265.0,101.798,0.0
09:59:40,7165.08,7270.0,162.8743,0.0
09:59:40,7165.08,7275.0,281.902,0.0
09:59:40,7165.08,7280.0,198.4675,0.0
09:59:40,7165.08,7285.0,46.405,0.0
09:59:40,7165.08,7290.0,104.0849,0.0
09:59:40,7165.08,7295.0,43.9082,0.0
09:59:40,7165.08,7300.0,95.4905,0.0
09:59:40,7165.08,7305.0,6.3165,0.0
09:59:40,7165.08,7310.0,56.9585,0.0
09:59:40,7165.08,7315.0,29.3403,0.0
09:59:40,7165.08,7320.0,72.7014,0.0
09:59:40,7165.08,7325.0,21.8798,0.0
09:59:40,7165.08,7330.0,57.2859,0.0
09:59:40,7165.08,7335.0,0.3669,0.0
09:59:40,7165.08,7340.0,6.7209,0.0
09:59:40,7165.08,7345.0,0.2152,0.0
09:59:40,7165.08,7350.0,29.7588,0.0
09:59:40,7165.08,7360.0,2.9159,247.0
09:59:40,7165.08,7370.0,7.6608,771.0
09:59:40,7165.08,7375.0,25.4988,10617.0
09:59:40,7165.08,7380.0,12.2625,5152.0
09:59:40,7165.08,7390.0,33.0928,2139.0
09:59:40,7165.08,7400.0,15.4658,4230.0
09:59:40,7165.08,7410.0,0.0095,65.0
09:59:40,7165.08,7425.0,4.2126,194.0
09:59:40,7165.08,7450.0,1.5767,474.0
09:59:40,7165.08,7475.0,0.0336,140.0
09:59:40,7165.08,7500.0,0.1662,296.0
09:59:40,7165.08,7550.0,0.0005,0.0
09:59:40,7165.08,7600.0,0.0006,2.0
09:59:40,7165.08,7700.0,0.0001,0.0
09:59:40,7165.08,7800.0,0.0,1.0
09:59:40,7165.08,8000.0,0.0,2.0
09:59:40,7165.08,8800.0,0.0,2.0
09:59:40,7165.08,9200.0,0.0,1.0
10:07:44,7165.08,4600.0,-0.0,4.0
10:07:44,7165.08,5300.0,-0.0,1.0
10:07:44,7165.08,5400.0,-0.0,3.0
10:07:44,7165.08,5500.0,-0.0,1.0
10:07:44,7165.08,5575.0,-0.0,1.0
10:07:44,7165.08,5625.0,-0.0,1.0
10:07:44,7165.08,5650.0,-0.0,1.0
10:07:44,7165.08,5800.0,-0.0,4.0
10:07:44,7165.08,5900.0,-0.0,3.0
10:07:44,7165.08,6000.0,-0.0,24.0
10:07:44,7165.08,6100.0,-0.0,876.0
10:07:44,7165.08,6110.0,-0.0,105.0
10:07:44,7165.08,6120.0,-0.0,81.0
10:07:44,7165.08,6125.0,-0.0,13.0
10:07:44,7165.08,6130.0,-0.0,3.0
10:07:44,7165.08,6140.0,-0.0,100.0
10:07:44,7165.08,6150.0,-0.0,297.0
10:07:44,7165.08,6160.0,-0.0,85.0
10:07:44,7165.08,6170.0,-0.0,87.0
10:07:44,7165.08,6175.0,-0.0,163.0
10:07:44,7165.08,6180.0,-0.0,10.0
10:07:44,7165.08,6190.0,-0.0026,97.0
10:07:44,7165.08,6200.0,-0.0,1177.0
10:07:44,7165.08,6210.0,-0.0984,0.0
10:07:44,7165.08,6220.0,-0.0021,40.0
10:07:44,7165.08,6225.0,-0.0,150.0
10:07:44,7165.08,6230.0,-0.0072,302.0
10:07:44,7165.08,6240.0,-0.0023,60.0
10:07:44,7165.08,6250.0,-0.0,226.0
10:07:44,7165.08,6260.0,-0.0,200.0
10:07:44,7165.08,6270.0,-0.014,101.0
10:07:44,7165.08,6275.0,-0.0,30.0
10:07:44,7165.08,6280.0,0.0002,20.0
10:07:44,7165.08,6290.0,-0.0,38.0
10:07:44,7165.08,6300.0,-0.0,96.0
10:07:44,7165.08,6310.0,-0.0,161.0
10:07:44,7165.08,6320.0,-0.0,10.0
10:07:44,7165.08,6325.0,-0.0,30.0
10:07:44,7165.08,6330.0,-0.0,196.0
10:07:44,7165.08,6340.0,0.0095,10.0
10:07:44,7165.08,6350.0,-0.0,95.0
10:07:44,7165.08,6360.0,-0.0,58.0
10:07:44,7165.08,6370.0,-0.0,50.0
10:07:44,7165.08,6375.0,-0.0,5.0
10:07:44,7165.08,6380.0,-0.0,44.0
10:07:44,7165.08,6390.0,0.0,11.0
10:07:44,7165.08,6400.0,-0.0,152.0
10:07:44,7165.08,6410.0,-0.0,5.0
10:07:44,7165.08,6420.0,-0.0,14.0
10:07:44,7165.08,6425.0,0.0,52.0
10:07:44,7165.08,6430.0,-0.0573,7.0
10:07:44,7165.08,6440.0,-0.0383,44.0
10:07:44,7165.08,6450.0,-0.0,1068.0
10:07:44,7165.08,6460.0,-0.0,80.0
10:07:44,7165.08,6470.0,-0.0,8.0
10:07:44,7165.08,6475.0,-0.0,3.0
10:07:44,7165.08,6480.0,-0.0,35.0
10:07:44,7165.08,6485.0,0.0043,8.0
10:07:44,7165.08,6490.0,-0.0,5.0
10:07:44,7165.08,6495.0,-0.0092,0.0
10:07:44,7165.08,6500.0,-0.0,70.0
10:07:44,7165.08,6505.0,-0.1222,100.0
10:07:44,7165.08,6510.0,-0.0,118.0
10:07:44,7165.08,6515.0,0.0164,117.0
10:07:44,7165.08,6520.0,-0.0,29.0
10:07:44,7165.08,6525.0,-0.0,4.0
10:07:44,7165.08,6530.0,-0.0,1.0
10:07:44,7165.08,6535.0,-0.0805,64.0
10:07:44,7165.08,6540.0,-0.0,22.0
10:07:44,7165.08,6545.0,-0.0131,58.0
10:07:44,7165.08,6550.0,-0.2663,0.0
10:07:44,7165.08,6555.0,0.0576,27.0
10:07:44,7165.08,6560.0,-0.0,15.0
10:07:44,7165.08,6565.0,-0.0552,3.0
10:07:44,7165.08,6570.0,0.0,1.0
10:07:44,7165.08,6580.0,0.0649,13.0
10:07:44,7165.08,6585.0,-0.0766,48.0
10:07:44,7165.08,6590.0,0.0474,57.0
10:07:44,7165.08,6595.0,-0.0,79.0
10:07:44,7165.08,6600.0,-0.0,4.0
10:07:44,7165.08,6605.0,-0.0,30.0
10:07:44,7165.08,6610.0,0.1515,106.0
10:07:44,7165.08,6615.0,-0.0,95.0
10:07:44,7165.08,6620.0,0.1026,80.0
10:07:44,7165.08,6625.0,0.0,16.0
10:07:44,7165.08,6630.0,-0.0,40.0
10:07:44,7165.08,6635.0,-0.1048,137.0
10:07:44,7165.08,6640.0,0.145,87.0
10:07:44,7165.08,6645.0,-0.1235,27.0
10:07:44,7165.08,6650.0,-0.0,3.0
10:07:44,7165.08,6655.0,-0.1014,70.0
10:07:44,7165.08,6660.0,-0.1662,88.0
10:07:44,7165.08,6665.0,-0.0,6.0
10:07:44,7165.08,6670.0,-0.0568,3.0
10:07:44,7165.08,6675.0,0.0,248.0
10:07:44,7165.08,6680.0,-0.3832,62.0
10:07:44,7165.08,6685.0,-0.0,287.0
10:07:44,7165.08,6690.0,-1.1985,139.0
10:07:44,7165.08,6695.0,-0.0,31.0
10:07:44,7165.08,6700.0,-0.0014,1429.0
10:07:44,7165.08,6705.0,-0.0001,49.0
10:07:44,7165.08,6710.0,-0.5515,565.0
10:07:44,7165.08,6715.0,-0.0002,161.0
10:07:44,7165.08,6720.0,-0.0004,44.0
10:07:44,7165.08,6725.0,-0.0006,1300.0
10:07:44,7165.08,6730.0,-0.0008,63.0
10:07:44,7165.08,6735.0,0.0255,56.0
10:07:44,7165.08,6740.0,-0.0022,181.0
10:07:44,7165.08,6745.0,-0.0006,86.0
10:07:44,7165.08,6750.0,-0.0094,3696.0
10:07:44,7165.08,6755.0,-0.0019,153.0
10:07:44,7165.08,6760.0,-1.966,1867.0
10:07:44,7165.08,6765.0,-0.0031,293.0
10:07:44,7165.08,6770.0,-1.806,136.0
10:07:44,7165.08,6775.0,-0.0042,3448.0
10:07:44,7165.08,6780.0,-0.0111,276.0
10:07:44,7165.08,6785.0,0.0242,130.0
10:07:44,7165.08,6790.0,-0.0215,194.0
10:07:44,7165.08,6795.0,-0.0608,159.0
10:07:44,7165.08,6800.0,-11.7331,2592.0
10:07:44,7165.08,6805.0,-4.2882,347.0
10:07:44,7165.08,6810.0,-3.7409,704.0
10:07:44,7165.08,6815.0,-0.0214,296.0
10:07:44,7165.08,6820.0,-1.649,158.0
10:07:44,7165.08,6825.0,2.1811,1565.0
10:07:44,7165.08,6830.0,-0.0506,188.0
10:07:44,7165.08,6835.0,-0.9594,221.0
10:07:44,7165.08,6840.0,-0.16,1189.0
10:07:44,7165.08,6845.0,-0.2437,4310.0
10:07:44,7165.08,6850.0,-7.8118,4335.0
10:07:44,7165.08,6855.0,-0.413,665.0
10:07:44,7165.08,6860.0,-4.3119,0.0
10:07:44,7165.08,6865.0,-0.6827,0.0
10:07:44,7165.08,6870.0,-0.2721,0.0
10:07:44,7165.08,6875.0,-0.6819,0.0
10:07:44,7165.08,6880.0,-1.0618,0.0
10:07:44,7165.08,6885.0,-13.817,3.0
10:07:44,7165.08,6890.0,-0.825,0.0
10:07:44,7165.08,6895.0,-58.1265,13.0
10:07:44,7165.08,6900.0,-36.6982,0.0
10:07:44,7165.08,6905.0,-2.7141,0.0
10:07:44,7165.08,6910.0,-1.4923,0.0
10:07:44,7165.08,6915.0,-1.2064,82.0
10:07:44,7165.08,6920.0,-0.7761,91.0
10:07:44,7165.08,6925.0,0.7624,791.0
10:07:44,7165.08,6930.0,-5.7977,0.0
10:07:44,7165.08,6935.0,-5.0962,0.0
10:07:44,7165.08,6940.0,1.0832,0.0
10:07:44,7165.08,6945.0,-39.7964,0.0
10:07:44,7165.08,6950.0,-55.891,117.0
10:07:44,7165.08,6955.0,-32.2255,0.0
10:07:44,7165.08,6960.0,-13.141,0.0
10:07:44,7165.08,6965.0,-6.3978,0.0
10:07:44,7165.08,6970.0,-4.1436,0.0
10:07:44,7165.08,6975.0,-15.0898,2648.0
10:07:44,7165.08,6980.0,-14.1651,0.0
10:07:44,7165.08,6985.0,-12.9409,32.0
10:07:44,7165.08,6990.0,-17.337,0.0
10:07:44,7165.08,6995.0,-16.8528,0.0
10:07:44,7165.08,7000.0,-11.9001,0.0
10:07:44,7165.08,7005.0,-126.486,0.0
10:07:44,7165.08,7010.0,-3.803,0.0
10:07:44,7165.08,7015.0,-10.6915,0.0
10:07:44,7165.08,7020.0,-4.5042,0.0
10:07:44,7165.08,7025.0,-23.4067,0.0
10:07:44,7165.08,7030.0,43.0428,0.0
10:07:44,7165.08,7035.0,-20.2507,0.0
10:07:44,7165.08,7040.0,-19.4179,0.0
10:07:44,7165.08,7045.0,308.3998,0.0
10:07:44,7165.08,7050.0,-123.7781,0.0
10:07:44,7165.08,7055.0,-195.4224,0.0
10:07:44,7165.08,7060.0,-22.1311,0.0
10:07:44,7165.08,7065.0,-15.1002,0.0
10:07:44,7165.08,7070.0,3.1324,0.0
10:07:44,7165.08,7075.0,-68.9882,0.0
10:07:44,7165.08,7080.0,-46.3397,0.0
10:07:44,7165.08,7085.0,-23.0963,0.0
10:07:44,7165.08,7090.0,-49.5119,0.0
10:07:44,7165.08,7095.0,-15.3363,0.0
10:07:44,7165.08,7100.0,127.8095,10605.0
10:07:44,7165.08,7105.0,18.294,0.0
10:07:44,7165.08,7110.0,-24.7531,0.0
10:07:44,7165.08,7115.0,22.6923,0.0
10:07:44,7165.08,7120.0,74.7954,0.0
10:07:44,7165.08,7125.0,1.3871,0.0
10:07:44,7165.08,7130.0,1432.7542,0.0
10:07:44,7165.08,7135.0,33.2303,0.0
10:07:44,7165.08,7140.0,281.7618,1894.0
10:07:44,7165.08,7145.0,40.4458,0.0
10:07:44,7165.08,7150.0,95.4028,0.0
10:07:44,7165.08,7155.0,654.3267,0.0
10:07:44,7165.08,7160.0,1144.1108,0.0
10:07:44,7165.08,7165.0,49.9362,0.0
10:07:44,7165.08,7170.0,200.338,0.0
10:07:44,7165.08,7175.0,324.0935,0.0
10:07:44,7165.08,7180.0,122.0941,0.0
10:07:44,7165.08,7185.0,76.5426,0.0
10:07:44,7165.08,7190.0,143.775,0.0
10:07:44,7165.08,7195.0,111.0354,0.0
10:07:44,7165.08,7200.0,681.2964,10217.0
10:07:44,7165.08,7205.0,78.608,0.0
10:07:44,7165.08,7210.0,213.0405,0.0
10:07:44,7165.08,7215.0,117.7262,0.0
10:07:44,7165.08,7220.0,216.5669,0.0
10:07:44,7165.08,7225.0,166.4071,0.0
10:07:44,7165.08,7230.0,178.4028,0.0
10:07:44,7165.08,7235.0,68.8201,0.0
10:07:44,7165.08,7240.0,182.2312,0.0
10:07:44,7165.08,7245.0,89.3606,0.0
10:07:44,7165.08,7250.0,1201.5839,0.0
10:07:44,7165.08,7255.0,447.6,0.0
10:07:44,7165.08,7260.0,120.2444,0.0
10:07:44,7165.08,7265.0,101.798,0.0
10:07:44,7165.08,7270.0,162.8743,0.0
10:07:44,7165.08,7275.0,281.902,0.0
10:07:44,7165.08,7280.0,198.4675,0.0
10:07:44,7165.08,7285.0,46.405,0.0
10:07:44,7165.08,7290.0,104.0849,0.0
10:07:44,7165.08,7295.0,43.9082,0.0
10:07:44,7165.08,7300.0,95.4905,0.0
10:07:44,7165.08,7305.0,6.3165,0.0
10:07:44,7165.08,7310.0,56.9585,0.0
10:07:44,7165.08,7315.0,29.3403,0.0
10:07:44,7165.08,7320.0,72.7014,0.0
10:07:44,7165.08,7325.0,21.8798,0.0
10:07:44,7165.08,7330.0,57.2859,0.0
10:07:44,7165.08,7335.0,0.3669,0.0
10:07:44,7165.08,7340.0,6.7209,0.0
10:07:44,7165.08,7345.0,0.2152,0.0
10:07:44,7165.08,7350.0,29.7588,0.0
10:07:44,7165.08,7360.0,2.9159,247.0
10:07:44,7165.08,7370.0,7.6608,771.0
10:07:44,7165.08,7375.0,25.4988,10617.0
10:07:44,7165.08,7380.0,12.2625,5152.0
10:07:44,7165.08,7390.0,33.0928,2139.0
10:07:44,7165.08,7400.0,15.4658,4230.0
10:07:44,7165.08,7410.0,0.0095,65.0
10:07:44,7165.08,7425.0,4.2126,194.0
10:07:44,7165.08,7450.0,1.5767,474.0
10:07:44,7165.08,7475.0,0.0336,140.0
10:07:44,7165.08,7500.0,0.1662,296.0
10:07:44,7165.08,7550.0,0.0005,0.0
10:07:44,7165.08,7600.0,0.0006,2.0
10:07:44,7165.08,7700.0,0.0001,0.0
10:07:44,7165.08,7800.0,0.0,1.0
10:07:44,7165.08,8000.0,0.0,2.0
10:07:44,7165.08,8800.0,0.0,2.0
10:07:44,7165.08,9200.0,0.0,1.0
10:19:28,7165.08,4600.0,-0.0,4.0
10:19:28,7165.08,5300.0,-0.0,1.0
10:19:28,7165.08,5400.0,-0.0,3.0
10:19:28,7165.08,5500.0,-0.0,1.0
10:19:28,7165.08,5575.0,-0.0,1.0
10:19:28,7165.08,5625.0,-0.0,1.0
10:19:28,7165.08,5650.0,-0.0,1.0
10:19:28,7165.08,5800.0,-0.0,4.0
10:19:28,7165.08,5900.0,-0.0,3.0
10:19:28,7165.08,6000.0,-0.0,24.0
10:19:28,7165.08,6100.0,-0.0,876.0
10:19:28,7165.08,6110.0,-0.0,105.0
10:19:28,7165.08,6120.0,-0.0,81.0
10:19:28,7165.08,6125.0,-0.0,13.0
10:19:28,7165.08,6130.0,-0.0,3.0
10:19:28,7165.08,6140.0,-0.0,100.0
10:19:28,7165.08,6150.0,-0.0,297.0
10:19:28,7165.08,6160.0,-0.0,85.0
10:19:28,7165.08,6170.0,-0.0,87.0
10:19:28,7165.08,6175.0,-0.0,163.0
10:19:28,7165.08,6180.0,-0.0,10.0
10:19:28,7165.08,6190.0,-0.0026,97.0
10:19:28,7165.08,6200.0,-0.0,1177.0
10:19:28,7165.08,6210.0,-0.0984,0.0
10:19:28,7165.08,6220.0,-0.0021,40.0
10:19:28,7165.08,6225.0,-0.0,150.0
10:19:28,7165.08,6230.0,-0.0072,302.0
10:19:28,7165.08,6240.0,-0.0023,60.0
10:19:28,7165.08,6250.0,-0.0,226.0
10:19:28,7165.08,6260.0,-0.0,200.0
10:19:28,7165.08,6270.0,-0.014,101.0
10:19:28,7165.08,6275.0,-0.0,30.0
10:19:28,7165.08,6280.0,0.0002,20.0
10:19:28,7165.08,6290.0,-0.0,38.0
10:19:28,7165.08,6300.0,-0.0,96.0
10:19:28,7165.08,6310.0,-0.0,161.0
10:19:28,7165.08,6320.0,-0.0,10.0
10:19:28,7165.08,6325.0,-0.0,30.0
10:19:28,7165.08,6330.0,-0.0,196.0
10:19:28,7165.08,6340.0,0.0095,10.0
10:19:28,7165.08,6350.0,-0.0,95.0
10:19:28,7165.08,6360.0,-0.0,58.0
10:19:28,7165.08,6370.0,-0.0,50.0
10:19:28,7165.08,6375.0,-0.0,5.0
10:19:28,7165.08,6380.0,-0.0,44.0
10:19:28,7165.08,6390.0,0.0,11.0
10:19:28,7165.08,6400.0,-0.0,152.0
10:19:28,7165.08,6410.0,-0.0,5.0
10:19:28,7165.08,6420.0,-0.0,14.0
10:19:28,7165.08,6425.0,0.0,52.0
10:19:28,7165.08,6430.0,-0.0573,7.0
10:19:28,7165.08,6440.0,-0.0383,44.0
10:19:28,7165.08,6450.0,-0.0,1068.0
10:19:28,7165.08,6460.0,-0.0,80.0
10:19:28,7165.08,6470.0,-0.0,8.0
10:19:28,7165.08,6475.0,-0.0,3.0
10:19:28,7165.08,6480.0,-0.0,35.0
10:19:28,7165.08,6485.0,0.0043,8.0
10:19:28,7165.08,6490.0,-0.0,5.0
10:19:28,7165.08,6495.0,-0.0092,0.0
10:19:28,7165.08,6500.0,-0.0,70.0
10:19:28,7165.08,6505.0,-0.1222,100.0
10:19:28,7165.08,6510.0,-0.0,118.0
10:19:28,7165.08,6515.0,0.0164,117.0
10:19:28,7165.08,6520.0,-0.0,29.0
10:19:28,7165.08,6525.0,-0.0,4.0
10:19:28,7165.08,6530.0,-0.0,1.0
10:19:28,7165.08,6535.0,-0.0805,64.0
10:19:28,7165.08,6540.0,-0.0,22.0
10:19:28,7165.08,6545.0,-0.0131,58.0
10:19:28,7165.08,6550.0,-0.2663,0.0
10:19:28,7165.08,6555.0,0.0576,27.0
10:19:28,7165.08,6560.0,-0.0,15.0
10:19:28,7165.08,6565.0,-0.0552,3.0
10:19:28,7165.08,6570.0,0.0,1.0
10:19:28,7165.08,6580.0,0.0649,13.0
10:19:28,7165.08,6585.0,-0.0766,48.0
10:19:28,7165.08,6590.0,0.0474,57.0
10:19:28,7165.08,6595.0,-0.0,79.0
10:19:28,7165.08,6600.0,-0.0,4.0
10:19:28,7165.08,6605.0,-0.0,30.0
10:19:28,7165.08,6610.0,0.1515,106.0
10:19:28,7165.08,6615.0,-0.0,95.0
10:19:28,7165.08,6620.0,0.1026,80.0
10:19:28,7165.08,6625.0,0.0,16.0
10:19:28,7165.08,6630.0,-0.0,40.0
10:19:28,7165.08,6635.0,-0.1048,137.0
10:19:28,7165.08,6640.0,0.145,87.0
10:19:28,7165.08,6645.0,-0.1235,27.0
10:19:28,7165.08,6650.0,-0.0,3.0
10:19:28,7165.08,6655.0,-0.1014,70.0
10:19:28,7165.08,6660.0,-0.1662,88.0
10:19:28,7165.08,6665.0,-0.0,6.0
10:19:28,7165.08,6670.0,-0.0568,3.0
10:19:28,7165.08,6675.0,0.0,248.0
10:19:28,7165.08,6680.0,-0.3832,62.0
10:19:28,7165.08,6685.0,-0.0,287.0
10:19:28,7165.08,6690.0,-1.1985,139.0
10:19:28,7165.08,6695.0,-0.0,31.0
10:19:28,7165.08,6700.0,-0.0014,1429.0
10:19:28,7165.08,6705.0,-0.0001,49.0
10:19:28,7165.08,6710.0,-0.5515,565.0
10:19:28,7165.08,6715.0,-0.0002,161.0
10:19:28,7165.08,6720.0,-0.0004,44.0
10:19:28,7165.08,6725.0,-0.0006,1300.0
10:19:28,7165.08,6730.0,-0.0008,63.0
10:19:28,7165.08,6735.0,0.0255,56.0
10:19:28,7165.08,6740.0,-0.0022,181.0
10:19:28,7165.08,6745.0,-0.0006,86.0
10:19:28,7165.08,6750.0,-0.0094,3696.0
10:19:28,7165.08,6755.0,-0.0019,153.0
10:19:28,7165.08,6760.0,-1.966,1867.0
10:19:28,7165.08,6765.0,-0.0031,293.0
10:19:28,7165.08,6770.0,-1.806,136.0
10:19:28,7165.08,6775.0,-0.0042,3448.0
10:19:28,7165.08,6780.0,-0.0111,276.0
10:19:28,7165.08,6785.0,0.0242,130.0
10:19:28,7165.08,6790.0,-0.0215,194.0
10:19:28,7165.08,6795.0,-0.0608,159.0
10:19:28,7165.08,6800.0,-11.7331,2592.0
10:19:28,7165.08,6805.0,-4.2882,347.0
10:19:28,7165.08,6810.0,-3.7409,704.0
10:19:28,7165.08,6815.0,-0.0214,296.0
10:19:28,7165.08,6820.0,-1.649,158.0
10:19:28,7165.08,6825.0,2.1811,1565.0
10:19:28,7165.08,6830.0,-0.0506,188.0
10:19:28,7165.08,6835.0,-0.9594,221.0
10:19:28,7165.08,6840.0,-0.16,1189.0
10:19:28,7165.08,6845.0,-0.2437,4310.0
10:19:28,7165.08,6850.0,-7.8118,4335.0
10:19:28,7165.08,6855.0,-0.413,665.0
10:19:28,7165.08,6860.0,-4.3119,0.0
10:19:28,7165.08,6865.0,-0.6827,0.0
10:19:28,7165.08,6870.0,-0.2721,0.0
10:19:28,7165.08,6875.0,-0.6819,0.0
10:19:28,7165.08,6880.0,-1.0618,0.0
10:19:28,7165.08,6885.0,-13.817,3.0
10:19:28,7165.08,6890.0,-0.825,0.0
10:19:28,7165.08,6895.0,-58.1265,13.0
10:19:28,7165.08,6900.0,-36.6982,0.0
10:19:28,7165.08,6905.0,-2.7141,0.0
10:19:28,7165.08,6910.0,-1.4923,0.0
10:19:28,7165.08,6915.0,-1.2064,82.0
10:19:28,7165.08,6920.0,-0.7761,91.0
10:19:28,7165.08,6925.0,0.7624,791.0
10:19:28,7165.08,6930.0,-5.7977,0.0
10:19:28,7165.08,6935.0,-5.0962,0.0
10:19:28,7165.08,6940.0,1.0832,0.0
10:19:28,7165.08,6945.0,-39.7964,0.0
10:19:28,7165.08,6950.0,-55.891,117.0
10:19:28,7165.08,6955.0,-32.2255,0.0
10:19:28,7165.08,6960.0,-13.141,0.0
10:19:28,7165.08,6965.0,-6.3978,0.0
10:19:28,7165.08,6970.0,-4.1436,0.0
10:19:28,7165.08,6975.0,-15.0898,2648.0
10:19:28,7165.08,6980.0,-14.1651,0.0
10:19:28,7165.08,6985.0,-12.9409,32.0
10:19:28,7165.08,6990.0,-17.337,0.0
10:19:28,7165.08,6995.0,-16.8528,0.0
10:19:28,7165.08,7000.0,-11.9001,0.0
10:19:28,7165.08,7005.0,-126.486,0.0
10:19:28,7165.08,7010.0,-3.803,0.0
10:19:28,7165.08,7015.0,-10.6915,0.0
10:19:28,7165.08,7020.0,-4.5042,0.0
10:19:28,7165.08,7025.0,-23.4067,0.0
10:19:28,7165.08,7030.0,43.0428,0.0
10:19:28,7165.08,7035.0,-20.2507,0.0
10:19:28,7165.08,7040.0,-19.4179,0.0
10:19:28,7165.08,7045.0,308.3998,0.0
10:19:28,7165.08,7050.0,-123.7781,0.0
10:19:28,7165.08,7055.0,-195.4224,0.0
10:19:28,7165.08,7060.0,-22.1311,0.0
10:19:28,7165.08,7065.0,-15.1002,0.0
10:19:28,7165.08,7070.0,3.1324,0.0
10:19:28,7165.08,7075.0,-68.9882,0.0
10:19:28,7165.08,7080.0,-46.3397,0.0
10:19:28,7165.08,7085.0,-23.0963,0.0
10:19:28,7165.08,7090.0,-49.5119,0.0
10:19:28,7165.08,7095.0,-15.3363,0.0
10:19:28,7165.08,7100.0,127.8095,10605.0
10:19:28,7165.08,7105.0,18.294,0.0
10:19:28,7165.08,7110.0,-24.7531,0.0
10:19:28,7165.08,7115.0,22.6923,0.0
10:19:28,7165.08,7120.0,74.7954,0.0
10:19:28,7165.08,7125.0,1.3871,0.0
10:19:28,7165.08,7130.0,1432.7542,0.0
10:19:28,7165.08,7135.0,33.2303,0.0
10:19:28,7165.08,7140.0,281.7618,1894.0
10:19:28,7165.08,7145.0,40.4458,0.0
10:19:28,7165.08,7150.0,95.4028,0.0
10:19:28,7165.08,7155.0,654.3267,0.0
10:19:28,7165.08,7160.0,1144.1108,0.0
10:19:28,7165.08,7165.0,49.9362,0.0
10:19:28,7165.08,7170.0,200.338,0.0
10:19:28,7165.08,7175.0,324.0935,0.0
10:19:28,7165.08,7180.0,122.0941,0.0
10:19:28,7165.08,7185.0,76.5426,0.0
10:19:28,7165.08,7190.0,143.775,0.0
10:19:28,7165.08,7195.0,111.0354,0.0
10:19:28,7165.08,7200.0,681.2964,10217.0
10:19:28,7165.08,7205.0,78.608,0.0
10:19:28,7165.08,7210.0,213.0405,0.0
10:19:28,7165.08,7215.0,117.7262,0.0
10:19:28,7165.08,7220.0,216.5669,0.0
10:19:28,7165.08,7225.0,166.4071,0.0
10:19:28,7165.08,7230.0,178.4028,0.0
10:19:28,7165.08,7235.0,68.8201,0.0
10:19:28,7165.08,7240.0,182.2312,0.0
10:19:28,7165.08,7245.0,89.3606,0.0
10:19:28,7165.08,7250.0,1201.5839,0.0
10:19:28,7165.08,7255.0,447.6,0.0
10:19:28,7165.08,7260.0,120.2444,0.0
10:19:28,7165.08,7265.0,101.798,0.0
10:19:28,7165.08,7270.0,162.8743,0.0
10:19:28,7165.08,7275.0,281.902,0.0
10:19:28,7165.08,7280.0,198.4675,0.0
10:19:28,7165.08,7285.0,46.405,0.0
10:19:28,7165.08,7290.0,104.0849,0.0
10:19:28,7165.08,7295.0,43.9082,0.0
10:19:28,7165.08,7300.0,95.4905,0.0
10:19:28,7165.08,7305.0,6.3165,0.0
10:19:28,7165.08,7310.0,56.9585,0.0
10:19:28,7165.08,7315.0,29.3403,0.0
10:19:28,7165.08,7320.0,72.7014,0.0
10:19:28,7165.08,7325.0,21.8798,0.0
10:19:28,7165.08,7330.0,57.2859,0.0
10:19:28,7165.08,7335.0,0.3669,0.0
10:19:28,7165.08,7340.0,6.7209,0.0
10:19:28,7165.08,7345.0,0.2152,0.0
10:19:28,7165.08,7350.0,29.7588,0.0
10:19:28,7165.08,7360.0,2.9159,247.0
10:19:28,7165.08,7370.0,7.6608,771.0
10:19:28,7165.08,7375.0,25.4988,10617.0
10:19:28,7165.08,7380.0,12.2625,5152.0
10:19:28,7165.08,7390.0,33.0928,2139.0
10:19:28,7165.08,7400.0,15.4658,4230.0
10:19:28,7165.08,7410.0,0.0095,65.0
10:19:28,7165.08,7425.0,4.2126,194.0
10:19:28,7165.08,7450.0,1.5767,474.0
10:19:28,7165.08,7475.0,0.0336,140.0
10:19:28,7165.08,7500.0,0.1662,296.0
10:19:28,7165.08,7550.0,0.0005,0.0
10:19:28,7165.08,7600.0,0.0006,2.0
10:19:28,7165.08,7700.0,0.0001,0.0
10:19:28,7165.08,7800.0,0.0,1.0
10:19:28,7165.08,8000.0,0.0,2.0
10:19:28,7165.08,8800.0,0.0,2.0
10:19:28,7165.08,9200.0,0.0,1.0
10:35:48,7165.08,4600.0,-0.0,4.0
10:35:48,7165.08,5300.0,-0.0,1.0
10:35:48,7165.08,5400.0,-0.0,3.0
10:35:48,7165.08,5500.0,-0.0,1.0
10:35:48,7165.08,5575.0,-0.0,1.0
10:35:48,7165.08,5625.0,-0.0,1.0
10:35:48,7165.08,5650.0,-0.0,1.0
10:35:48,7165.08,5800.0,-0.0,4.0
10:35:48,7165.08,5900.0,-0.0,3.0
10:35:48,7165.08,6000.0,-0.0,24.0
10:35:48,7165.08,6100.0,-0.0,876.0
10:35:48,7165.08,6110.0,-0.0,105.0
10:35:48,7165.08,6120.0,-0.0,81.0
10:35:48,7165.08,6125.0,-0.0,13.0
10:35:48,7165.08,6130.0,-0.0,3.0
10:35:48,7165.08,6140.0,-0.0,100.0
10:35:48,7165.08,6150.0,-0.0,297.0
10:35:48,7165.08,6160.0,-0.0,85.0
10:35:48,7165.08,6170.0,-0.0,87.0
10:35:48,7165.08,6175.0,-0.0,163.0
10:35:48,7165.08,6180.0,-0.0,10.0
10:35:48,7165.08,6190.0,-0.0026,97.0
10:35:48,7165.08,6200.0,-0.0,1177.0
10:35:48,7165.08,6210.0,-0.0984,0.0
10:35:48,7165.08,6220.0,-0.0021,40.0
10:35:48,7165.08,6225.0,-0.0,150.0
10:35:48,7165.08,6230.0,-0.0072,302.0
10:35:48,7165.08,6240.0,-0.0023,60.0
10:35:48,7165.08,6250.0,-0.0,226.0
10:35:48,7165.08,6260.0,-0.0,200.0
10:35:48,7165.08,6270.0,-0.014,101.0
10:35:48,7165.08,6275.0,-0.0,30.0
10:35:48,7165.08,6280.0,0.0002,20.0
10:35:48,7165.08,6290.0,-0.0,38.0
10:35:48,7165.08,6300.0,-0.0,96.0
10:35:48,7165.08,6310.0,-0.0,161.0
10:35:48,7165.08,6320.0,-0.0,10.0
10:35:48,7165.08,6325.0,-0.0,30.0
10:35:48,7165.08,6330.0,-0.0,196.0
10:35:48,7165.08,6340.0,0.0095,10.0
10:35:48,7165.08,6350.0,-0.0,95.0
10:35:48,7165.08,6360.0,-0.0,58.0
10:35:48,7165.08,6370.0,-0.0,50.0
10:35:48,7165.08,6375.0,-0.0,5.0
10:35:48,7165.08,6380.0,-0.0,44.0
10:35:48,7165.08,6390.0,0.0,11.0
10:35:48,7165.08,6400.0,-0.0,152.0
10:35:48,7165.08,6410.0,-0.0,5.0
10:35:48,7165.08,6420.0,-0.0,14.0
10:35:48,7165.08,6425.0,0.0,52.0
10:35:48,7165.08,6430.0,-0.0573,7.0
10:35:48,7165.08,6440.0,-0.0383,44.0
10:35:48,7165.08,6450.0,-0.0,1068.0
10:35:48,7165.08,6460.0,-0.0,80.0
10:35:48,7165.08,6470.0,-0.0,8.0
10:35:48,7165.08,6475.0,-0.0,3.0
10:35:48,7165.08,6480.0,-0.0,35.0
10:35:48,7165.08,6485.0,0.0043,8.0
10:35:48,7165.08,6490.0,-0.0,5.0
10:35:48,7165.08,6495.0,-0.0092,0.0
10:35:48,7165.08,6500.0,-0.0,70.0
10:35:48,7165.08,6505.0,-0.1222,100.0
10:35:48,7165.08,6510.0,-0.0,118.0
10:35:48,7165.08,6515.0,0.0164,117.0
10:35:48,7165.08,6520.0,-0.0,29.0
10:35:48,7165.08,6525.0,-0.0,4.0
10:35:48,7165.08,6530.0,-0.0,1.0
10:35:48,7165.08,6535.0,-0.0805,64.0
10:35:48,7165.08,6540.0,-0.0,22.0
10:35:48,7165.08,6545.0,-0.0131,58.0
10:35:48,7165.08,6550.0,-0.2663,0.0
10:35:48,7165.08,6555.0,0.0576,27.0
10:35:48,7165.08,6560.0,-0.0,15.0
10:35:48,7165.08,6565.0,-0.0552,3.0
10:35:48,7165.08,6570.0,0.0,1.0
10:35:48,7165.08,6580.0,0.0649,13.0
10:35:48,7165.08,6585.0,-0.0766,48.0
10:35:48,7165.08,6590.0,0.0474,57.0
10:35:48,7165.08,6595.0,-0.0,79.0
10:35:48,7165.08,6600.0,-0.0,4.0
10:35:48,7165.08,6605.0,-0.0,30.0
10:35:48,7165.08,6610.0,0.1515,106.0
10:35:48,7165.08,6615.0,-0.0,95.0
10:35:48,7165.08,6620.0,0.1026,80.0
10:35:48,7165.08,6625.0,0.0,16.0
10:35:48,7165.08,6630.0,-0.0,40.0
10:35:48,7165.08,6635.0,-0.1048,137.0
10:35:48,7165.08,6640.0,0.145,87.0
10:35:48,7165.08,6645.0,-0.1235,27.0
10:35:48,7165.08,6650.0,-0.0,3.0
10:35:48,7165.08,6655.0,-0.1014,70.0
10:35:48,7165.08,6660.0,-0.1662,88.0
10:35:48,7165.08,6665.0,-0.0,6.0
10:35:48,7165.08,6670.0,-0.0568,3.0
10:35:48,7165.08,6675.0,0.0,248.0
10:35:48,7165.08,6680.0,-0.3832,62.0
10:35:48,7165.08,6685.0,-0.0,287.0
10:35:48,7165.08,6690.0,-1.1985,139.0
10:35:48,7165.08,6695.0,-0.0,31.0
10:35:48,7165.08,6700.0,-0.0014,1429.0
10:35:48,7165.08,6705.0,-0.0001,49.0
10:35:48,7165.08,6710.0,-0.5515,565.0
10:35:48,7165.08,6715.0,-0.0002,161.0
10:35:48,7165.08,6720.0,-0.0004,44.0
10:35:48,7165.08,6725.0,-0.0006,1300.0
10:35:48,7165.08,6730.0,-0.0008,63.0
10:35:48,7165.08,6735.0,0.0255,56.0
10:35:48,7165.08,6740.0,-0.0022,181.0
10:35:48,7165.08,6745.0,-0.0006,86.0
10:35:48,7165.08,6750.0,-0.0094,3696.0
10:35:48,7165.08,6755.0,-0.0019,153.0
10:35:48,7165.08,6760.0,-1.966,1867.0
10:35:48,7165.08,6765.0,-0.0031,293.0
10:35:48,7165.08,6770.0,-1.806,136.0
10:35:48,7165.08,6775.0,-0.0042,3448.0
10:35:48,7165.08,6780.0,-0.0111,276.0
10:35:48,7165.08,6785.0,0.0242,130.0
10:35:48,7165.08,6790.0,-0.0215,194.0
10:35:48,7165.08,6795.0,-0.0608,159.0
10:35:48,7165.08,6800.0,-11.7331,2592.0
10:35:48,7165.08,6805.0,-4.2882,347.0
10:35:48,7165.08,6810.0,-3.7409,704.0
10:35:48,7165.08,6815.0,-0.0214,296.0
10:35:48,7165.08,6820.0,-1.649,158.0
10:35:48,7165.08,6825.0,2.1811,1565.0
10:35:48,7165.08,6830.0,-0.0506,188.0
10:35:48,7165.08,6835.0,-0.9594,221.0
10:35:48,7165.08,6840.0,-0.16,1189.0
10:35:48,7165.08,6845.0,-0.2437,4310.0
10:35:48,7165.08,6850.0,-7.8118,4335.0
10:35:48,7165.08,6855.0,-0.413,665.0
10:35:48,7165.08,6860.0,-4.3119,0.0
10:35:48,7165.08,6865.0,-0.6827,0.0
10:35:48,7165.08,6870.0,-0.2721,0.0
10:35:48,7165.08,6875.0,-0.6819,0.0
10:35:48,7165.08,6880.0,-1.0618,0.0
10:35:48,7165.08,6885.0,-13.817,3.0
10:35:48,7165.08,6890.0,-0.825,0.0
10:35:48,7165.08,6895.0,-58.1265,13.0
10:35:48,7165.08,6900.0,-36.6982,0.0
10:35:48,7165.08,6905.0,-2.7141,0.0
10:35:48,7165.08,6910.0,-1.4923,0.0
10:35:48,7165.08,6915.0,-1.2064,82.0
10:35:48,7165.08,6920.0,-0.7761,91.0
10:35:48,7165.08,6925.0,0.7624,791.0
10:35:48,7165.08,6930.0,-5.7977,0.0
10:35:48,7165.08,6935.0,-5.0962,0.0
10:35:48,7165.08,6940.0,1.0832,0.0
10:35:48,7165.08,6945.0,-39.7964,0.0
10:35:48,7165.08,6950.0,-55.891,117.0
10:35:48,7165.08,6955.0,-32.2255,0.0
10:35:48,7165.08,6960.0,-13.141,0.0
10:35:48,7165.08,6965.0,-6.3978,0.0
10:35:48,7165.08,6970.0,-4.1436,0.0
10:35:48,7165.08,6975.0,-15.0898,2648.0
10:35:48,7165.08,6980.0,-14.1651,0.0
10:35:48,7165.08,6985.0,-12.9409,32.0
10:35:48,7165.08,6990.0,-17.337,0.0
10:35:48,7165.08,6995.0,-16.8528,0.0
10:35:48,7165.08,7000.0,-11.9001,0.0
10:35:48,7165.08,7005.0,-126.486,0.0
10:35:48,7165.08,7010.0,-3.803,0.0
10:35:48,7165.08,7015.0,-10.6915,0.0
10:35:48,7165.08,7020.0,-4.5042,0.0
10:35:48,7165.08,7025.0,-23.4067,0.0
10:35:48,7165.08,7030.0,43.0428,0.0
10:35:48,7165.08,7035.0,-20.2507,0.0
10:35:48,7165.08,7040.0,-19.4179,0.0
10:35:48,7165.08,7045.0,308.3998,0.0
10:35:48,7165.08,7050.0,-123.7781,0.0
10:35:48,7165.08,7055.0,-195.4224,0.0
10:35:48,7165.08,7060.0,-22.1311,0.0
10:35:48,7165.08,7065.0,-15.1002,0.0
10:35:48,7165.08,7070.0,3.1324,0.0
10:35:48,7165.08,7075.0,-68.9882,0.0
10:35:48,7165.08,7080.0,-46.3397,0.0
10:35:48,7165.08,7085.0,-23.0963,0.0
10:35:48,7165.08,7090.0,-49.5119,0.0
10:35:48,7165.08,7095.0,-15.3363,0.0
10:35:48,7165.08,7100.0,127.8095,10605.0
10:35:48,7165.08,7105.0,18.294,0.0
10:35:48,7165.08,7110.0,-24.7531,0.0
10:35:48,7165.08,7115.0,22.6923,0.0
10:35:48,7165.08,7120.0,74.7954,0.0
10:35:48,7165.08,7125.0,1.3871,0.0
10:35:48,7165.08,7130.0,1432.7542,0.0
10:35:48,7165.08,7135.0,33.2303,0.0
10:35:48,7165.08,7140.0,281.7618,1894.0
10:35:48,7165.08,7145.0,40.4458,0.0
10:35:48,7165.08,7150.0,95.4028,0.0
10:35:48,7165.08,7155.0,654.3267,0.0
10:35:48,7165.08,7160.0,1144.1108,0.0
10:35:48,7165.08,7165.0,49.9362,0.0
10:35:48,7165.08,7170.0,200.338,0.0
10:35:48,7165.08,7175.0,324.0935,0.0
10:35:48,7165.08,7180.0,122.0941,0.0
10:35:48,7165.08,7185.0,76.5426,0.0
10:35:48,7165.08,7190.0,143.775,0.0
10:35:48,7165.08,7195.0,111.0354,0.0
10:35:48,7165.08,7200.0,681.2964,10217.0
10:35:48,7165.08,7205.0,78.608,0.0
10:35:48,7165.08,7210.0,213.0405,0.0
10:35:48,7165.08,7215.0,117.7262,0.0
10:35:48,7165.08,7220.0,216.5669,0.0
10:35:48,7165.08,7225.0,166.4071,0.0
10:35:48,7165.08,7230.0,178.4028,0.0
10:35:48,7165.08,7235.0,68.8201,0.0
10:35:48,7165.08,7240.0,182.2312,0.0
10:35:48,7165.08,7245.0,89.3606,0.0
10:35:48,7165.08,7250.0,1201.5839,0.0
10:35:48,7165.08,7255.0,447.6,0.0
10:35:48,7165.08,7260.0,120.2444,0.0
10:35:48,7165.08,7265.0,101.798,0.0
10:35:48,7165.08,7270.0,162.8743,0.0
10:35:48,7165.08,7275.0,281.902,0.0
10:35:48,7165.08,7280.0,198.4675,0.0
10:35:48,7165.08,7285.0,46.405,0.0
10:35:48,7165.08,7290.0,104.0849,0.0
10:35:48,7165.08,7295.0,43.9082,0.0
10:35:48,7165.08,7300.0,95.4905,0.0
10:35:48,7165.08,7305.0,6.3165,0.0
10:35:48,7165.08,7310.0,56.9585,0.0
10:35:48,7165.08,7315.0,29.3403,0.0
10:35:48,7165.08,7320.0,72.7014,0.0
10:35:48,7165.08,7325.0,21.8798,0.0
10:35:48,7165.08,7330.0,57.2859,0.0
10:35:48,7165.08,7335.0,0.3669,0.0
10:35:48,7165.08,7340.0,6.7209,0.0
10:35:48,7165.08,7345.0,0.2152,0.0
10:35:48,7165.08,7350.0,29.7588,0.0
10:35:48,7165.08,7360.0,2.9159,247.0
10:35:48,7165.08,7370.0,7.6608,771.0
10:35:48,7165.08,7375.0,25.4988,10617.0
10:35:48,7165.08,7380.0,12.2625,5152.0
10:35:48,7165.08,7390.0,33.0928,2139.0
10:35:48,7165.08,7400.0,15.4658,4230.0
10:35:48,7165.08,7410.0,0.0095,65.0
10:35:48,7165.08,7425.0,4.2126,194.0
10:35:48,7165.08,7450.0,1.5767,474.0
10:35:48,7165.08,7475.0,0.0336,140.0
10:35:48,7165.08,7500.0,0.1662,296.0
10:35:48,7165.08,7550.0,0.0005,0.0
10:35:48,7165.08,7600.0,0.0006,2.0
10:35:48,7165.08,7700.0,0.0001,0.0
10:35:48,7165.08,7800.0,0.0,1.0
10:35:48,7165.08,8000.0,0.0,2.0
10:35:48,7165.08,8800.0,0.0,2.0
10:35:48,7165.08,9200.0,0.0,1.0
10:38:14,7165.08,4600.0,-0.0,4.0
10:38:14,7165.08,5300.0,-0.0,1.0
10:38:14,7165.08,5400.0,-0.0,3.0
10:38:14,7165.08,5500.0,-0.0,1.0
10:38:14,7165.08,5575.0,-0.0,1.0
10:38:14,7165.08,5625.0,-0.0,1.0
10:38:14,7165.08,5650.0,-0.0,1.0
10:38:14,7165.08,5800.0,-0.0,4.0
10:38:14,7165.08,5900.0,-0.0,3.0
10:38:14,7165.08,6000.0,-0.0,24.0
10:38:14,7165.08,6100.0,-0.0,876.0
10:38:14,7165.08,6110.0,-0.0,105.0
10:38:14,7165.08,6120.0,-0.0,81.0
10:38:14,7165.08,6125.0,-0.0,13.0
10:38:14,7165.08,6130.0,-0.0,3.0
10:38:14,7165.08,6140.0,-0.0,100.0
10:38:14,7165.08,6150.0,-0.0,297.0
10:38:14,7165.08,6160.0,-0.0,85.0
10:38:14,7165.08,6170.0,-0.0,87.0
10:38:14,7165.08,6175.0,-0.0,163.0
10:38:14,7165.08,6180.0,-0.0,10.0
10:38:14,7165.08,6190.0,-0.0026,97.0
10:38:14,7165.08,6200.0,-0.0,1177.0
10:38:14,7165.08,6210.0,-0.0984,0.0
10:38:14,7165.08,6220.0,-0.0021,40.0
10:38:14,7165.08,6225.0,-0.0,150.0
10:38:14,7165.08,6230.0,-0.0072,302.0
10:38:14,7165.08,6240.0,-0.0023,60.0
10:38:14,7165.08,6250.0,-0.0,226.0
10:38:14,7165.08,6260.0,-0.0,200.0
10:38:14,7165.08,6270.0,-0.014,101.0
10:38:14,7165.08,6275.0,-0.0,30.0
10:38:14,7165.08,6280.0,0.0002,20.0
10:38:14,7165.08,6290.0,-0.0,38.0
10:38:14,7165.08,6300.0,-0.0,96.0
10:38:14,7165.08,6310.0,-0.0,161.0
10:38:14,7165.08,6320.0,-0.0,10.0
10:38:14,7165.08,6325.0,-0.0,30.0
10:38:14,7165.08,6330.0,-0.0,196.0
10:38:14,7165.08,6340.0,0.0095,10.0
10:38:14,7165.08,6350.0,-0.0,95.0
10:38:14,7165.08,6360.0,-0.0,58.0
10:38:14,7165.08,6370.0,-0.0,50.0
10:38:14,7165.08,6375.0,-0.0,5.0
10:38:14,7165.08,6380.0,-0.0,44.0
10:38:14,7165.08,6390.0,0.0,11.0
10:38:14,7165.08,6400.0,-0.0,152.0
10:38:14,7165.08,6410.0,-0.0,5.0
10:38:14,7165.08,6420.0,-0.0,14.0
10:38:14,7165.08,6425.0,0.0,52.0
10:38:14,7165.08,6430.0,-0.0573,7.0
10:38:14,7165.08,6440.0,-0.0383,44.0
10:38:14,7165.08,6450.0,-0.0,1068.0
10:38:14,7165.08,6460.0,-0.0,80.0
10:38:14,7165.08,6470.0,-0.0,8.0
10:38:14,7165.08,6475.0,-0.0,3.0
10:38:14,7165.08,6480.0,-0.0,35.0
10:38:14,7165.08,6485.0,0.0043,8.0
10:38:14,7165.08,6490.0,-0.0,5.0
10:38:14,7165.08,6495.0,-0.0092,0.0
10:38:14,7165.08,6500.0,-0.0,70.0
10:38:14,7165.08,6505.0,-0.1222,100.0
10:38:14,7165.08,6510.0,-0.0,118.0
10:38:14,7165.08,6515.0,0.0164,117.0
10:38:14,7165.08,6520.0,-0.0,29.0
10:38:14,7165.08,6525.0,-0.0,4.0
10:38:14,7165.08,6530.0,-0.0,1.0
10:38:14,7165.08,6535.0,-0.0805,64.0
10:38:14,7165.08,6540.0,-0.0,22.0
10:38:14,7165.08,6545.0,-0.0131,58.0
10:38:14,7165.08,6550.0,-0.2663,0.0
10:38:14,7165.08,6555.0,0.0576,27.0
10:38:14,7165.08,6560.0,-0.0,15.0
10:38:14,7165.08,6565.0,-0.0552,3.0
10:38:14,7165.08,6570.0,0.0,1.0
10:38:14,7165.08,6580.0,0.0649,13.0
10:38:14,7165.08,6585.0,-0.0766,48.0
10:38:14,7165.08,6590.0,0.0474,57.0
10:38:14,7165.08,6595.0,-0.0,79.0
10:38:14,7165.08,6600.0,-0.0,4.0
10:38:14,7165.08,6605.0,-0.0,30.0
10:38:14,7165.08,6610.0,0.1515,106.0
10:38:14,7165.08,6615.0,-0.0,95.0
10:38:14,7165.08,6620.0,0.1026,80.0
10:38:14,7165.08,6625.0,0.0,16.0
10:38:14,7165.08,6630.0,-0.0,40.0
10:38:14,7165.08,6635.0,-0.1048,137.0
10:38:14,7165.08,6640.0,0.145,87.0
10:38:14,7165.08,6645.0,-0.1235,27.0
10:38:14,7165.08,6650.0,-0.0,3.0
10:38:14,7165.08,6655.0,-0.1014,70.0
10:38:14,7165.08,6660.0,-0.1662,88.0
10:38:14,7165.08,6665.0,-0.0,6.0
10:38:14,7165.08,6670.0,-0.0568,3.0
10:38:14,7165.08,6675.0,0.0,248.0
10:38:14,7165.08,6680.0,-0.3832,62.0
10:38:14,7165.08,6685.0,-0.0,287.0
10:38:14,7165.08,6690.0,-1.1985,139.0
10:38:14,7165.08,6695.0,-0.0,31.0
10:38:14,7165.08,6700.0,-0.0014,1429.0
10:38:14,7165.08,6705.0,-0.0001,49.0
10:38:14,7165.08,6710.0,-0.5515,565.0
10:38:14,7165.08,6715.0,-0.0002,161.0
10:38:14,7165.08,6720.0,-0.0004,44.0
10:38:14,7165.08,6725.0,-0.0006,1300.0
10:38:14,7165.08,6730.0,-0.0008,63.0
10:38:14,7165.08,6735.0,0.0255,56.0
10:38:14,7165.08,6740.0,-0.0022,181.0
10:38:14,7165.08,6745.0,-0.0006,86.0
10:38:14,7165.08,6750.0,-0.0094,3696.0
10:38:14,7165.08,6755.0,-0.0019,153.0
10:38:14,7165.08,6760.0,-1.966,1867.0
10:38:14,7165.08,6765.0,-0.0031,293.0
10:38:14,7165.08,6770.0,-1.806,136.0
10:38:14,7165.08,6775.0,-0.0042,3448.0
10:38:14,7165.08,6780.0,-0.0111,276.0
10:38:14,7165.08,6785.0,0.0242,130.0
10:38:14,7165.08,6790.0,-0.0215,194.0
10:38:14,7165.08,6795.0,-0.0608,159.0
10:38:14,7165.08,6800.0,-11.7331,2592.0
10:38:14,7165.08,6805.0,-4.2882,347.0
10:38:14,7165.08,6810.0,-3.7409,704.0
10:38:14,7165.08,6815.0,-0.0214,296.0
10:38:14,7165.08,6820.0,-1.649,158.0
10:38:14,7165.08,6825.0,2.1811,1565.0
10:38:14,7165.08,6830.0,-0.0506,188.0
10:38:14,7165.08,6835.0,-0.9594,221.0
10:38:14,7165.08,6840.0,-0.16,1189.0
10:38:14,7165.08,6845.0,-0.2437,4310.0
10:38:14,7165.08,6850.0,-7.8118,4335.0
10:38:14,7165.08,6855.0,-0.413,665.0
10:38:14,7165.08,6860.0,-4.3119,0.0
10:38:14,7165.08,6865.0,-0.6827,0.0
10:38:14,7165.08,6870.0,-0.2721,0.0
10:38:14,7165.08,6875.0,-0.6819,0.0
10:38:14,7165.08,6880.0,-1.0618,0.0
10:38:14,7165.08,6885.0,-13.817,3.0
10:38:14,7165.08,6890.0,-0.825,0.0
10:38:14,7165.08,6895.0,-58.1265,13.0
10:38:14,7165.08,6900.0,-36.6982,0.0
10:38:14,7165.08,6905.0,-2.7141,0.0
10:38:14,7165.08,6910.0,-1.4923,0.0
10:38:14,7165.08,6915.0,-1.2064,82.0
10:38:14,7165.08,6920.0,-0.7761,91.0
10:38:14,7165.08,6925.0,0.7624,791.0
10:38:14,7165.08,6930.0,-5.7977,0.0
10:38:14,7165.08,6935.0,-5.0962,0.0
10:38:14,7165.08,6940.0,1.0832,0.0
10:38:14,7165.08,6945.0,-39.7964,0.0
10:38:14,7165.08,6950.0,-55.891,117.0
10:38:14,7165.08,6955.0,-32.2255,0.0
10:38:14,7165.08,6960.0,-13.141,0.0
10:38:14,7165.08,6965.0,-6.3978,0.0
10:38:14,7165.08,6970.0,-4.1436,0.0
10:38:14,7165.08,6975.0,-15.0898,2648.0
10:38:14,7165.08,6980.0,-14.1651,0.0
10:38:14,7165.08,6985.0,-12.9409,32.0
10:38:14,7165.08,6990.0,-17.337,0.0
10:38:14,7165.08,6995.0,-16.8528,0.0
10:38:14,7165.08,7000.0,-11.9001,0.0
10:38:14,7165.08,7005.0,-126.486,0.0
10:38:14,7165.08,7010.0,-3.803,0.0
10:38:14,7165.08,7015.0,-10.6915,0.0
10:38:14,7165.08,7020.0,-4.5042,0.0
10:38:14,7165.08,7025.0,-23.4067,0.0
10:38:14,7165.08,7030.0,43.0428,0.0
10:38:14,7165.08,7035.0,-20.2507,0.0
10:38:14,7165.08,7040.0,-19.4179,0.0
10:38:14,7165.08,7045.0,308.3998,0.0
10:38:14,7165.08,7050.0,-123.7781,0.0
10:38:14,7165.08,7055.0,-195.4224,0.0
10:38:14,7165.08,7060.0,-22.1311,0.0
10:38:14,7165.08,7065.0,-15.1002,0.0
10:38:14,7165.08,7070.0,3.1324,0.0
10:38:14,7165.08,7075.0,-68.9882,0.0
10:38:14,7165.08,7080.0,-46.3397,0.0
10:38:14,7165.08,7085.0,-23.0963,0.0
10:38:14,7165.08,7090.0,-49.5119,0.0
10:38:14,7165.08,7095.0,-15.3363,0.0
10:38:14,7165.08,7100.0,127.8095,10605.0
10:38:14,7165.08,7105.0,18.294,0.0
10:38:14,7165.08,7110.0,-24.7531,0.0
10:38:14,7165.08,7115.0,22.6923,0.0
10:38:14,7165.08,7120.0,74.7954,0.0
10:38:14,7165.08,7125.0,1.3871,0.0
10:38:14,7165.08,7130.0,1432.7542,0.0
10:38:14,7165.08,7135.0,33.2303,0.0
10:38:14,7165.08,7140.0,281.7618,1894.0
10:38:14,7165.08,7145.0,40.4458,0.0
10:38:14,7165.08,7150.0,95.4028,0.0
10:38:14,7165.08,7155.0,654.3267,0.0
10:38:14,7165.08,7160.0,1144.1108,0.0
10:38:14,7165.08,7165.0,49.9362,0.0
10:38:14,7165.08,7170.0,200.338,0.0
10:38:14,7165.08,7175.0,324.0935,0.0
10:38:14,7165.08,7180.0,122.0941,0.0
10:38:14,7165.08,7185.0,76.5426,0.0
10:38:14,7165.08,7190.0,143.775,0.0
10:38:14,7165.08,7195.0,111.0354,0.0
10:38:14,7165.08,7200.0,681.2964,10217.0
10:38:14,7165.08,7205.0,78.608,0.0
10:38:14,7165.08,7210.0,213.0405,0.0
10:38:14,7165.08,7215.0,117.7262,0.0
10:38:14,7165.08,7220.0,216.5669,0.0
10:38:14,7165.08,7225.0,166.4071,0.0
10:38:14,7165.08,7230.0,178.4028,0.0
10:38:14,7165.08,7235.0,68.8201,0.0
10:38:14,7165.08,7240.0,182.2312,0.0
10:38:14,7165.08,7245.0,89.3606,0.0
10:38:14,7165.08,7250.0,1201.5839,0.0
10:38:14,7165.08,7255.0,447.6,0.0
10:38:14,7165.08,7260.0,120.2444,0.0
10:38:14,7165.08,7265.0,101.798,0.0
10:38:14,7165.08,7270.0,162.8743,0.0
10:38:14,7165.08,7275.0,281.902,0.0
10:38:14,7165.08,7280.0,198.4675,0.0
10:38:14,7165.08,7285.0,46.405,0.0
10:38:14,7165.08,7290.0,104.0849,0.0
10:38:14,7165.08,7295.0,43.9082,0.0
10:38:14,7165.08,7300.0,95.4905,0.0
10:38:14,7165.08,7305.0,6.3165,0.0
10:38:14,7165.08,7310.0,56.9585,0.0
10:38:14,7165.08,7315.0,29.3403,0.0
10:38:14,7165.08,7320.0,72.7014,0.0
10:38:14,7165.08,7325.0,21.8798,0.0
10:38:14,7165.08,7330.0,57.2859,0.0
10:38:14,7165.08,7335.0,0.3669,0.0
10:38:14,7165.08,7340.0,6.7209,0.0
10:38:14,7165.08,7345.0,0.2152,0.0
10:38:14,7165.08,7350.0,29.7588,0.0
10:38:14,7165.08,7360.0,2.9159,247.0
10:38:14,7165.08,7370.0,7.6608,771.0
10:38:14,7165.08,7375.0,25.4988,10617.0
10:38:14,7165.08,7380.0,12.2625,5152.0
10:38:14,7165.08,7390.0,33.0928,2139.0
10:38:14,7165.08,7400.0,15.4658,4230.0
10:38:14,7165.08,7410.0,0.0095,65.0
10:38:14,7165.08,7425.0,4.2126,194.0
10:38:14,7165.08,7450.0,1.5767,474.0
10:38:14,7165.08,7475.0,0.0336,140.0
10:38:14,7165.08,7500.0,0.1662,296.0
10:38:14,7165.08,7550.0,0.0005,0.0
10:38:14,7165.08,7600.0,0.0006,2.0
10:38:14,7165.08,7700.0,0.0001,0.0
10:38:14,7165.08,7800.0,0.0,1.0
10:38:14,7165.08,8000.0,0.0,2.0
10:38:14,7165.08,8800.0,0.0,2.0
10:38:14,7165.08,9200.0,0.0,1.0
10:47:24,7165.08,4600.0,-0.0,4.0
10:47:24,7165.08,5300.0,-0.0,1.0
10:47:24,7165.08,5400.0,-0.0,3.0
10:47:24,7165.08,5500.0,-0.0,1.0
10:47:24,7165.08,5575.0,-0.0,1.0
10:47:24,7165.08,5625.0,-0.0,1.0
10:47:24,7165.08,5650.0,-0.0,1.0
10:47:24,7165.08,5800.0,-0.0,4.0
10:47:24,7165.08,5900.0,-0.0,3.0
10:47:24,7165.08,6000.0,-0.0,24.0
10:47:24,7165.08,6100.0,-0.0,876.0
10:47:24,7165.08,6110.0,-0.0,105.0
10:47:24,7165.08,6120.0,-0.0,81.0
10:47:24,7165.08,6125.0,-0.0,13.0
10:47:24,7165.08,6130.0,-0.0,3.0
10:47:24,7165.08,6140.0,-0.0,100.0
10:47:24,7165.08,6150.0,-0.0,297.0
10:47:24,7165.08,6160.0,-0.0,85.0
10:47:24,7165.08,6170.0,-0.0,87.0
10:47:24,7165.08,6175.0,-0.0,163.0
10:47:24,7165.08,6180.0,-0.0,10.0
10:47:24,7165.08,6190.0,-0.0026,97.0
10:47:24,7165.08,6200.0,-0.0,1177.0
10:47:24,7165.08,6210.0,-0.0984,0.0
10:47:24,7165.08,6220.0,-0.0021,40.0
10:47:24,7165.08,6225.0,-0.0,150.0
10:47:24,7165.08,6230.0,-0.0072,302.0
10:47:24,7165.08,6240.0,-0.0023,60.0
10:47:24,7165.08,6250.0,-0.0,226.0
10:47:24,7165.08,6260.0,-0.0,200.0
10:47:24,7165.08,6270.0,-0.014,101.0
10:47:24,7165.08,6275.0,-0.0,30.0
10:47:24,7165.08,6280.0,0.0002,20.0
10:47:24,7165.08,6290.0,-0.0,38.0
10:47:24,7165.08,6300.0,-0.0,96.0
10:47:24,7165.08,6310.0,-0.0,161.0
10:47:24,7165.08,6320.0,-0.0,10.0
10:47:24,7165.08,6325.0,-0.0,30.0
10:47:24,7165.08,6330.0,-0.0,196.0
10:47:24,7165.08,6340.0,0.0095,10.0
10:47:24,7165.08,6350.0,-0.0,95.0
10:47:24,7165.08,6360.0,-0.0,58.0
10:47:24,7165.08,6370.0,-0.0,50.0
10:47:24,7165.08,6375.0,-0.0,5.0
10:47:24,7165.08,6380.0,-0.0,44.0
10:47:24,7165.08,6390.0,0.0,11.0
10:47:24,7165.08,6400.0,-0.0,152.0
10:47:24,7165.08,6410.0,-0.0,5.0
10:47:24,7165.08,6420.0,-0.0,14.0
10:47:24,7165.08,6425.0,0.0,52.0
10:47:24,7165.08,6430.0,-0.0573,7.0
10:47:24,7165.08,6440.0,-0.0383,44.0
10:47:24,7165.08,6450.0,-0.0,1068.0
10:47:24,7165.08,6460.0,-0.0,80.0
10:47:24,7165.08,6470.0,-0.0,8.0
10:47:24,7165.08,6475.0,-0.0,3.0
10:47:24,7165.08,6480.0,-0.0,35.0
10:47:24,7165.08,6485.0,0.0043,8.0
10:47:24,7165.08,6490.0,-0.0,5.0
10:47:24,7165.08,6495.0,-0.0092,0.0
10:47:24,7165.08,6500.0,-0.0,70.0
10:47:24,7165.08,6505.0,-0.1222,100.0
10:47:24,7165.08,6510.0,-0.0,118.0
10:47:24,7165.08,6515.0,0.0164,117.0
10:47:24,7165.08,6520.0,-0.0,29.0
10:47:24,7165.08,6525.0,-0.0,4.0
10:47:24,7165.08,6530.0,-0.0,1.0
10:47:24,7165.08,6535.0,-0.0805,64.0
10:47:24,7165.08,6540.0,-0.0,22.0
10:47:24,7165.08,6545.0,-0.0131,58.0
10:47:24,7165.08,6550.0,-0.2663,0.0
10:47:24,7165.08,6555.0,0.0576,27.0
10:47:24,7165.08,6560.0,-0.0,15.0
10:47:24,7165.08,6565.0,-0.0552,3.0
10:47:24,7165.08,6570.0,0.0,1.0
10:47:24,7165.08,6580.0,0.0649,13.0
10:47:24,7165.08,6585.0,-0.0766,48.0
10:47:24,7165.08,6590.0,0.0474,57.0
10:47:24,7165.08,6595.0,-0.0,79.0
10:47:24,7165.08,6600.0,-0.0,4.0
10:47:24,7165.08,6605.0,-0.0,30.0
10:47:24,7165.08,6610.0,0.1515,106.0
10:47:24,7165.08,6615.0,-0.0,95.0
10:47:24,7165.08,6620.0,0.1026,80.0
10:47:24,7165.08,6625.0,0.0,16.0
10:47:24,7165.08,6630.0,-0.0,40.0
10:47:24,7165.08,6635.0,-0.1048,137.0
10:47:24,7165.08,6640.0,0.145,87.0
10:47:24,7165.08,6645.0,-0.1235,27.0
10:47:24,7165.08,6650.0,-0.0,3.0
10:47:24,7165.08,6655.0,-0.1014,70.0
10:47:24,7165.08,6660.0,-0.1662,88.0
10:47:24,7165.08,6665.0,-0.0,6.0
10:47:24,7165.08,6670.0,-0.0568,3.0
10:47:24,7165.08,6675.0,0.0,248.0
10:47:24,7165.08,6680.0,-0.3832,62.0
10:47:24,7165.08,6685.0,-0.0,287.0
10:47:24,7165.08,6690.0,-1.1985,139.0
10:47:24,7165.08,6695.0,-0.0,31.0
10:47:24,7165.08,6700.0,-0.0014,1429.0
10:47:24,7165.08,6705.0,-0.0001,49.0
10:47:24,7165.08,6710.0,-0.5515,565.0
10:47:24,7165.08,6715.0,-0.0002,161.0
10:47:24,7165.08,6720.0,-0.0004,44.0
10:47:24,7165.08,6725.0,-0.0006,1300.0
10:47:24,7165.08,6730.0,-0.0008,63.0
10:47:24,7165.08,6735.0,0.0255,56.0
10:47:24,7165.08,6740.0,-0.0022,181.0
10:47:24,7165.08,6745.0,-0.0006,86.0
10:47:24,7165.08,6750.0,-0.0094,3696.0
10:47:24,7165.08,6755.0,-0.0019,153.0
10:47:24,7165.08,6760.0,-1.966,1867.0
10:47:24,7165.08,6765.0,-0.0031,293.0
10:47:24,7165.08,6770.0,-1.806,136.0
10:47:24,7165.08,6775.0,-0.0042,3448.0
10:47:24,7165.08,6780.0,-0.0111,276.0
10:47:24,7165.08,6785.0,0.0242,130.0
10:47:24,7165.08,6790.0,-0.0215,194.0
10:47:24,7165.08,6795.0,-0.0608,159.0
10:47:24,7165.08,6800.0,-11.7331,2592.0
10:47:24,7165.08,6805.0,-4.2882,347.0
10:47:24,7165.08,6810.0,-3.7409,704.0
10:47:24,7165.08,6815.0,-0.0214,296.0
10:47:24,7165.08,6820.0,-1.649,158.0
10:47:24,7165.08,6825.0,2.1811,1565.0
10:47:24,7165.08,6830.0,-0.0506,188.0
10:47:24,7165.08,6835.0,-0.9594,221.0
10:47:24,7165.08,6840.0,-0.16,1189.0
10:47:24,7165.08,6845.0,-0.2437,4310.0
10:47:24,7165.08,6850.0,-7.8118,4335.0
10:47:24,7165.08,6855.0,-0.413,665.0
10:47:24,7165.08,6860.0,-4.3119,0.0
10:47:24,7165.08,6865.0,-0.6827,0.0
10:47:24,7165.08,6870.0,-0.2721,0.0
10:47:24,7165.08,6875.0,-0.6819,0.0
10:47:24,7165.08,6880.0,-1.0618,0.0
10:47:24,7165.08,6885.0,-13.817,3.0
10:47:24,7165.08,6890.0,-0.825,0.0
10:47:24,7165.08,6895.0,-58.1265,13.0
10:47:24,7165.08,6900.0,-36.6982,0.0
10:47:24,7165.08,6905.0,-2.7141,0.0
10:47:24,7165.08,6910.0,-1.4923,0.0
10:47:24,7165.08,6915.0,-1.2064,82.0
10:47:24,7165.08,6920.0,-0.7761,91.0
10:47:24,7165.08,6925.0,0.7624,791.0
10:47:24,7165.08,6930.0,-5.7977,0.0
10:47:24,7165.08,6935.0,-5.0962,0.0
10:47:24,7165.08,6940.0,1.0832,0.0
10:47:24,7165.08,6945.0,-39.7964,0.0
10:47:24,7165.08,6950.0,-55.891,117.0
10:47:24,7165.08,6955.0,-32.2255,0.0
10:47:24,7165.08,6960.0,-13.141,0.0
10:47:24,7165.08,6965.0,-6.3978,0.0
10:47:24,7165.08,6970.0,-4.1436,0.0
10:47:24,7165.08,6975.0,-15.0898,2648.0
10:47:24,7165.08,6980.0,-14.1651,0.0
10:47:24,7165.08,6985.0,-12.9409,32.0
10:47:24,7165.08,6990.0,-17.337,0.0
10:47:24,7165.08,6995.0,-16.8528,0.0
10:47:24,7165.08,7000.0,-11.9001,0.0
10:47:24,7165.08,7005.0,-126.486,0.0
10:47:24,7165.08,7010.0,-3.803,0.0
10:47:24,7165.08,7015.0,-10.6915,0.0
10:47:24,7165.08,7020.0,-4.5042,0.0
10:47:24,7165.08,7025.0,-23.4067,0.0
10:47:24,7165.08,7030.0,43.0428,0.0
10:47:24,7165.08,7035.0,-20.2507,0.0
10:47:24,7165.08,7040.0,-19.4179,0.0
10:47:24,7165.08,7045.0,308.3998,0.0
10:47:24,7165.08,7050.0,-123.7781,0.0
10:47:24,7165.08,7055.0,-195.4224,0.0
10:47:24,7165.08,7060.0,-22.1311,0.0
10:47:24,7165.08,7065.0,-15.1002,0.0
10:47:24,7165.08,7070.0,3.1324,0.0
10:47:24,7165.08,7075.0,-68.9882,0.0
10:47:24,7165.08,7080.0,-46.3397,0.0
10:47:24,7165.08,7085.0,-23.0963,0.0
10:47:24,7165.08,7090.0,-49.5119,0.0
10:47:24,7165.08,7095.0,-15.3363,0.0
10:47:24,7165.08,7100.0,127.8095,10605.0
10:47:24,7165.08,7105.0,18.294,0.0
10:47:24,7165.08,7110.0,-24.7531,0.0
10:47:24,7165.08,7115.0,22.6923,0.0
10:47:24,7165.08,7120.0,74.7954,0.0
10:47:24,7165.08,7125.0,1.3871,0.0
10:47:24,7165.08,7130.0,1432.7542,0.0
10:47:24,7165.08,7135.0,33.2303,0.0
10:47:24,7165.08,7140.0,281.7618,1894.0
10:47:24,7165.08,7145.0,40.4458,0.0
10:47:24,7165.08,7150.0,95.4028,0.0
10:47:24,7165.08,7155.0,654.3267,0.0
10:47:24,7165.08,7160.0,1144.1108,0.0
10:47:24,7165.08,7165.0,49.9362,0.0
10:47:24,7165.08,7170.0,200.338,0.0
10:47:24,7165.08,7175.0,324.0935,0.0
10:47:24,7165.08,7180.0,122.0941,0.0
10:47:24,7165.08,7185.0,76.5426,0.0
10:47:24,7165.08,7190.0,143.775,0.0
10:47:24,7165.08,7195.0,111.0354,0.0
10:47:24,7165.08,7200.0,681.2964,10217.0
10:47:24,7165.08,7205.0,78.608,0.0
10:47:24,7165.08,7210.0,213.0405,0.0
10:47:24,7165.08,7215.0,117.7262,0.0
10:47:24,7165.08,7220.0,216.5669,0.0
10:47:24,7165.08,7225.0,166.4071,0.0
10:47:24,7165.08,7230.0,178.4028,0.0
10:47:24,7165.08,7235.0,68.8201,0.0
10:47:24,7165.08,7240.0,182.2312,0.0
10:47:24,7165.08,7245.0,89.3606,0.0
10:47:24,7165.08,7250.0,1201.5839,0.0
10:47:24,7165.08,7255.0,447.6,0.0
10:47:24,7165.08,7260.0,120.2444,0.0
10:47:24,7165.08,7265.0,101.798,0.0
10:47:24,7165.08,7270.0,162.8743,0.0
10:47:24,7165.08,7275.0,281.902,0.0
10:47:24,7165.08,7280.0,198.4675,0.0
10:47:24,7165.08,7285.0,46.405,0.0
10:47:24,7165.08,7290.0,104.0849,0.0
10:47:24,7165.08,7295.0,43.9082,0.0
10:47:24,7165.08,7300.0,95.4905,0.0
10:47:24,7165.08,7305.0,6.3165,0.0
10:47:24,7165.08,7310.0,56.9585,0.0
10:47:24,7165.08,7315.0,29.3403,0.0
10:47:24,7165.08,7320.0,72.7014,0.0
10:47:24,7165.08,7325.0,21.8798,0.0
10:47:24,7165.08,7330.0,57.2859,0.0
10:47:24,7165.08,7335.0,0.3669,0.0
10:47:24,7165.08,7340.0,6.7209,0.0
10:47:24,7165.08,7345.0,0.2152,0.0
10:47:24,7165.08,7350.0,29.7588,0.0
10:47:24,7165.08,7360.0,2.9159,247.0
10:47:24,7165.08,7370.0,7.6608,771.0
10:47:24,7165.08,7375.0,25.4988,10617.0
10:47:24,7165.08,7380.0,12.2625,5152.0
10:47:24,7165.08,7390.0,33.0928,2139.0
10:47:24,7165.08,7400.0,15.4658,4230.0
10:47:24,7165.08,7410.0,0.0095,65.0
10:47:24,7165.08,7425.0,4.2126,194.0
10:47:24,7165.08,7450.0,1.5767,474.0
10:47:24,7165.08,7475.0,0.0336,140.0
10:47:24,7165.08,7500.0,0.1662,296.0
10:47:24,7165.08,7550.0,0.0005,0.0
10:47:24,7165.08,7600.0,0.0006,2.0
10:47:24,7165.08,7700.0,0.0001,0.0
10:47:24,7165.08,7800.0,0.0,1.0
10:47:24,7165.08,8000.0,0.0,2.0
10:47:24,7165.08,8800.0,0.0,2.0
10:47:24,7165.08,9200.0,0.0,1.0
10:49:50,7165.08,4600.0,-0.0,4.0
10:49:50,7165.08,5300.0,-0.0,1.0
10:49:50,7165.08,5400.0,-0.0,3.0
10:49:50,7165.08,5500.0,-0.0,1.0
10:49:50,7165.08,5575.0,-0.0,1.0
10:49:50,7165.08,5625.0,-0.0,1.0
10:49:50,7165.08,5650.0,-0.0,1.0
10:49:50,7165.08,5800.0,-0.0,4.0
10:49:50,7165.08,5900.0,-0.0,3.0
10:49:50,7165.08,6000.0,-0.0,24.0
10:49:50,7165.08,6100.0,-0.0,876.0
10:49:50,7165.08,6110.0,-0.0,105.0
10:49:50,7165.08,6120.0,-0.0,81.0
10:49:50,7165.08,6125.0,-0.0,13.0
10:49:50,7165.08,6130.0,-0.0,3.0
10:49:50,7165.08,6140.0,-0.0,100.0
10:49:50,7165.08,6150.0,-0.0,297.0
10:49:50,7165.08,6160.0,-0.0,85.0
10:49:50,7165.08,6170.0,-0.0,87.0
10:49:50,7165.08,6175.0,-0.0,163.0
10:49:50,7165.08,6180.0,-0.0,10.0
10:49:50,7165.08,6190.0,-0.0026,97.0
10:49:50,7165.08,6200.0,-0.0,1177.0
10:49:50,7165.08,6210.0,-0.0984,0.0
10:49:50,7165.08,6220.0,-0.0021,40.0
10:49:50,7165.08,6225.0,-0.0,150.0
10:49:50,7165.08,6230.0,-0.0072,302.0
10:49:50,7165.08,6240.0,-0.0023,60.0
10:49:50,7165.08,6250.0,-0.0,226.0
10:49:50,7165.08,6260.0,-0.0,200.0
10:49:50,7165.08,6270.0,-0.014,101.0
10:49:50,7165.08,6275.0,-0.0,30.0
10:49:50,7165.08,6280.0,0.0002,20.0
10:49:50,7165.08,6290.0,-0.0,38.0
10:49:50,7165.08,6300.0,-0.0,96.0
10:49:50,7165.08,6310.0,-0.0,161.0
10:49:50,7165.08,6320.0,-0.0,10.0
10:49:50,7165.08,6325.0,-0.0,30.0
10:49:50,7165.08,6330.0,-0.0,196.0
10:49:50,7165.08,6340.0,0.0095,10.0
10:49:50,7165.08,6350.0,-0.0,95.0
10:49:50,7165.08,6360.0,-0.0,58.0
10:49:50,7165.08,6370.0,-0.0,50.0
10:49:50,7165.08,6375.0,-0.0,5.0
10:49:50,7165.08,6380.0,-0.0,44.0
10:49:50,7165.08,6390.0,0.0,11.0
10:49:50,7165.08,6400.0,-0.0,152.0
10:49:50,7165.08,6410.0,-0.0,5.0
10:49:50,7165.08,6420.0,-0.0,14.0
10:49:50,7165.08,6425.0,0.0,52.0
10:49:50,7165.08,6430.0,-0.0573,7.0
10:49:50,7165.08,6440.0,-0.0383,44.0
10:49:50,7165.08,6450.0,-0.0,1068.0
10:49:50,7165.08,6460.0,-0.0,80.0
10:49:50,7165.08,6470.0,-0.0,8.0
10:49:50,7165.08,6475.0,-0.0,3.0
10:49:50,7165.08,6480.0,-0.0,35.0
10:49:50,7165.08,6485.0,0.0043,8.0
10:49:50,7165.08,6490.0,-0.0,5.0
10:49:50,7165.08,6495.0,-0.0092,0.0
10:49:50,7165.08,6500.0,-0.0,70.0
10:49:50,7165.08,6505.0,-0.1222,100.0
10:49:50,7165.08,6510.0,-0.0,118.0
10:49:50,7165.08,6515.0,0.0164,117.0
10:49:50,7165.08,6520.0,-0.0,29.0
10:49:50,7165.08,6525.0,-0.0,4.0
10:49:50,7165.08,6530.0,-0.0,1.0
10:49:50,7165.08,6535.0,-0.0805,64.0
10:49:50,7165.08,6540.0,-0.0,22.0
10:49:50,7165.08,6545.0,-0.0131,58.0
10:49:50,7165.08,6550.0,-0.2663,0.0
10:49:50,7165.08,6555.0,0.0576,27.0
10:49:50,7165.08,6560.0,-0.0,15.0
10:49:50,7165.08,6565.0,-0.0552,3.0
10:49:50,7165.08,6570.0,0.0,1.0
10:49:50,7165.08,6580.0,0.0649,13.0
10:49:50,7165.08,6585.0,-0.0766,48.0
10:49:50,7165.08,6590.0,0.0474,57.0
10:49:50,7165.08,6595.0,-0.0,79.0
10:49:50,7165.08,6600.0,-0.0,4.0
10:49:50,7165.08,6605.0,-0.0,30.0
10:49:50,7165.08,6610.0,0.1515,106.0
10:49:50,7165.08,6615.0,-0.0,95.0
10:49:50,7165.08,6620.0,0.1026,80.0
10:49:50,7165.08,6625.0,0.0,16.0
10:49:50,7165.08,6630.0,-0.0,40.0
10:49:50,7165.08,6635.0,-0.1048,137.0
10:49:50,7165.08,6640.0,0.145,87.0
10:49:50,7165.08,6645.0,-0.1235,27.0
10:49:50,7165.08,6650.0,-0.0,3.0
10:49:50,7165.08,6655.0,-0.1014,70.0
10:49:50,7165.08,6660.0,-0.1662,88.0
10:49:50,7165.08,6665.0,-0.0,6.0
10:49:50,7165.08,6670.0,-0.0568,3.0
10:49:50,7165.08,6675.0,0.0,248.0
10:49:50,7165.08,6680.0,-0.3832,62.0
10:49:50,7165.08,6685.0,-0.0,287.0
10:49:50,7165.08,6690.0,-1.1985,139.0
10:49:50,7165.08,6695.0,-0.0,31.0
10:49:50,7165.08,6700.0,-0.0014,1429.0
10:49:50,7165.08,6705.0,-0.0001,49.0
10:49:50,7165.08,6710.0,-0.5515,565.0
10:49:50,7165.08,6715.0,-0.0002,161.0
10:49:50,7165.08,6720.0,-0.0004,44.0
10:49:50,7165.08,6725.0,-0.0006,1300.0
10:49:50,7165.08,6730.0,-0.0008,63.0
10:49:50,7165.08,6735.0,0.0255,56.0
10:49:50,7165.08,6740.0,-0.0022,181.0
10:49:50,7165.08,6745.0,-0.0006,86.0
10:49:50,7165.08,6750.0,-0.0094,3696.0
10:49:50,7165.08,6755.0,-0.0019,153.0
10:49:50,7165.08,6760.0,-1.966,1867.0
10:49:50,7165.08,6765.0,-0.0031,293.0
10:49:50,7165.08,6770.0,-1.806,136.0
10:49:50,7165.08,6775.0,-0.0042,3448.0
10:49:50,7165.08,6780.0,-0.0111,276.0
10:49:50,7165.08,6785.0,0.0242,130.0
10:49:50,7165.08,6790.0,-0.0215,194.0
10:49:50,7165.08,6795.0,-0.0608,159.0
10:49:50,7165.08,6800.0,-11.7331,2592.0
10:49:50,7165.08,6805.0,-4.2882,347.0
10:49:50,7165.08,6810.0,-3.7409,704.0
10:49:50,7165.08,6815.0,-0.0214,296.0
10:49:50,7165.08,6820.0,-1.649,158.0
10:49:50,7165.08,6825.0,2.1811,1565.0
10:49:50,7165.08,6830.0,-0.0506,188.0
10:49:50,7165.08,6835.0,-0.9594,221.0
10:49:50,7165.08,6840.0,-0.16,1189.0
10:49:50,7165.08,6845.0,-0.2437,4310.0
10:49:50,7165.08,6850.0,-7.8118,4335.0
10:49:50,7165.08,6855.0,-0.413,665.0
10:49:50,7165.08,6860.0,-4.3119,0.0
10:49:50,7165.08,6865.0,-0.6827,0.0
10:49:50,7165.08,6870.0,-0.2721,0.0
10:49:50,7165.08,6875.0,-0.6819,0.0
10:49:50,7165.08,6880.0,-1.0618,0.0
10:49:50,7165.08,6885.0,-13.817,3.0
10:49:50,7165.08,6890.0,-0.825,0.0
10:49:50,7165.08,6895.0,-58.1265,13.0
10:49:50,7165.08,6900.0,-36.6982,0.0
10:49:50,7165.08,6905.0,-2.7141,0.0
10:49:50,7165.08,6910.0,-1.4923,0.0
10:49:50,7165.08,6915.0,-1.2064,82.0
10:49:50,7165.08,6920.0,-0.7761,91.0
10:49:50,7165.08,6925.0,0.7624,791.0
10:49:50,7165.08,6930.0,-5.7977,0.0
10:49:50,7165.08,6935.0,-5.0962,0.0
10:49:50,7165.08,6940.0,1.0832,0.0
10:49:50,7165.08,6945.0,-39.7964,0.0
10:49:50,7165.08,6950.0,-55.891,117.0
10:49:50,7165.08,6955.0,-32.2255,0.0
10:49:50,7165.08,6960.0,-13.141,0.0
10:49:50,7165.08,6965.0,-6.3978,0.0
10:49:50,7165.08,6970.0,-4.1436,0.0
10:49:50,7165.08,6975.0,-15.0898,2648.0
10:49:50,7165.08,6980.0,-14.1651,0.0
10:49:50,7165.08,6985.0,-12.9409,32.0
10:49:50,7165.08,6990.0,-17.337,0.0
10:49:50,7165.08,6995.0,-16.8528,0.0
10:49:50,7165.08,7000.0,-11.9001,0.0
10:49:50,7165.08,7005.0,-126.486,0.0
10:49:50,7165.08,7010.0,-3.803,0.0
10:49:50,7165.08,7015.0,-10.6915,0.0
10:49:50,7165.08,7020.0,-4.5042,0.0
10:49:50,7165.08,7025.0,-23.4067,0.0
10:49:50,7165.08,7030.0,43.0428,0.0
10:49:50,7165.08,7035.0,-20.2507,0.0
10:49:50,7165.08,7040.0,-19.4179,0.0
10:49:50,7165.08,7045.0,308.3998,0.0
10:49:50,7165.08,7050.0,-123.7781,0.0
10:49:50,7165.08,7055.0,-195.4224,0.0
10:49:50,7165.08,7060.0,-22.1311,0.0
10:49:50,7165.08,7065.0,-15.1002,0.0
10:49:50,7165.08,7070.0,3.1324,0.0
10:49:50,7165.08,7075.0,-68.9882,0.0
10:49:50,7165.08,7080.0,-46.3397,0.0
10:49:50,7165.08,7085.0,-23.0963,0.0
10:49:50,7165.08,7090.0,-49.5119,0.0
10:49:50,7165.08,7095.0,-15.3363,0.0
10:49:50,7165.08,7100.0,127.8095,10605.0
10:49:50,7165.08,7105.0,18.294,0.0
10:49:50,7165.08,7110.0,-24.7531,0.0
10:49:50,7165.08,7115.0,22.6923,0.0
10:49:50,7165.08,7120.0,74.7954,0.0
10:49:50,7165.08,7125.0,1.3871,0.0
10:49:50,7165.08,7130.0,1432.7542,0.0
10:49:50,7165.08,7135.0,33.2303,0.0
10:49:50,7165.08,7140.0,281.7618,1894.0
10:49:50,7165.08,7145.0,40.4458,0.0
10:49:50,7165.08,7150.0,95.4028,0.0
10:49:50,7165.08,7155.0,654.3267,0.0
10:49:50,7165.08,7160.0,1144.1108,0.0
10:49:50,7165.08,7165.0,49.9362,0.0
10:49:50,7165.08,7170.0,200.338,0.0
10:49:50,7165.08,7175.0,324.0935,0.0
10:49:50,7165.08,7180.0,122.0941,0.0
10:49:50,7165.08,7185.0,76.5426,0.0
10:49:50,7165.08,7190.0,143.775,0.0
10:49:50,7165.08,7195.0,111.0354,0.0
10:49:50,7165.08,7200.0,681.2964,10217.0
10:49:50,7165.08,7205.0,78.608,0.0
10:49:50,7165.08,7210.0,213.0405,0.0
10:49:50,7165.08,7215.0,117.7262,0.0
10:49:50,7165.08,7220.0,216.5669,0.0
10:49:50,7165.08,7225.0,166.4071,0.0
10:49:50,7165.08,7230.0,178.4028,0.0
10:49:50,7165.08,7235.0,68.8201,0.0
10:49:50,7165.08,7240.0,182.2312,0.0
10:49:50,7165.08,7245.0,89.3606,0.0
10:49:50,7165.08,7250.0,1201.5839,0.0
10:49:50,7165.08,7255.0,447.6,0.0
10:49:50,7165.08,7260.0,120.2444,0.0
10:49:50,7165.08,7265.0,101.798,0.0
10:49:50,7165.08,7270.0,162.8743,0.0
10:49:50,7165.08,7275.0,281.902,0.0
10:49:50,7165.08,7280.0,198.4675,0.0
10:49:50,7165.08,7285.0,46.405,0.0
10:49:50,7165.08,7290.0,104.0849,0.0
10:49:50,7165.08,7295.0,43.9082,0.0
10:49:50,7165.08,7300.0,95.4905,0.0
10:49:50,7165.08,7305.0,6.3165,0.0
10:49:50,7165.08,7310.0,56.9585,0.0
10:49:50,7165.08,7315.0,29.3403,0.0
10:49:50,7165.08,7320.0,72.7014,0.0
10:49:50,7165.08,7325.0,21.8798,0.0
10:49:50,7165.08,7330.0,57.2859,0.0
10:49:50,7165.08,7335.0,0.3669,0.0
10:49:50,7165.08,7340.0,6.7209,0.0
10:49:50,7165.08,7345.0,0.2152,0.0
10:49:50,7165.08,7350.0,29.7588,0.0
10:49:50,7165.08,7360.0,2.9159,247.0
10:49:50,7165.08,7370.0,7.6608,771.0
10:49:50,7165.08,7375.0,25.4988,10617.0
10:49:50,7165.08,7380.0,12.2625,5152.0
10:49:50,7165.08,7390.0,33.0928,2139.0
10:49:50,7165.08,7400.0,15.4658,4230.0
10:49:50,7165.08,7410.0,0.0095,65.0
10:49:50,7165.08,7425.0,4.2126,194.0
10:49:50,7165.08,7450.0,1.5767,474.0
10:49:50,7165.08,7475.0,0.0336,140.0
10:49:50,7165.08,7500.0,0.1662,296.0
10:49:50,7165.08,7550.0,0.0005,0.0
10:49:50,7165.08,7600.0,0.0006,2.0
10:49:50,7165.08,7700.0,0.0001,0.0
10:49:50,7165.08,7800.0,0.0,1.0
10:49:50,7165.08,8000.0,0.0,2.0
10:49:50,7165.08,8800.0,0.0,2.0
10:49:50,7165.08,9200.0,0.0,1.0
11:05:42,7165.08,4600.0,-0.0,4.0
11:05:42,7165.08,5300.0,-0.0,1.0
11:05:42,7165.08,5400.0,-0.0,3.0
11:05:42,7165.08,5500.0,-0.0,1.0
11:05:42,7165.08,5575.0,-0.0,1.0
11:05:42,7165.08,5625.0,-0.0,1.0
11:05:42,7165.08,5650.0,-0.0,1.0
11:05:42,7165.08,5800.0,-0.0,4.0
11:05:42,7165.08,5900.0,-0.0,3.0
11:05:42,7165.08,6000.0,-0.0,24.0
11:05:42,7165.08,6100.0,-0.0,876.0
11:05:42,7165.08,6110.0,-0.0,105.0
11:05:42,7165.08,6120.0,-0.0,81.0
11:05:42,7165.08,6125.0,-0.0,13.0
11:05:42,7165.08,6130.0,-0.0,3.0
11:05:42,7165.08,6140.0,-0.0,100.0
11:05:42,7165.08,6150.0,-0.0,297.0
11:05:42,7165.08,6160.0,-0.0,85.0
11:05:42,7165.08,6170.0,-0.0,87.0
11:05:42,7165.08,6175.0,-0.0,163.0
11:05:42,7165.08,6180.0,-0.0,10.0
11:05:42,7165.08,6190.0,-0.0026,97.0
11:05:42,7165.08,6200.0,-0.0,1177.0
11:05:42,7165.08,6210.0,-0.0984,0.0
11:05:42,7165.08,6220.0,-0.0021,40.0
11:05:42,7165.08,6225.0,-0.0,150.0
11:05:42,7165.08,6230.0,-0.0072,302.0
11:05:42,7165.08,6240.0,-0.0023,60.0
11:05:42,7165.08,6250.0,-0.0,226.0
11:05:42,7165.08,6260.0,-0.0,200.0
11:05:42,7165.08,6270.0,-0.014,101.0
11:05:42,7165.08,6275.0,-0.0,30.0
11:05:42,7165.08,6280.0,0.0002,20.0
11:05:42,7165.08,6290.0,-0.0,38.0
11:05:42,7165.08,6300.0,-0.0,96.0
11:05:42,7165.08,6310.0,-0.0,161.0
11:05:42,7165.08,6320.0,-0.0,10.0
11:05:42,7165.08,6325.0,-0.0,30.0
11:05:42,7165.08,6330.0,-0.0,196.0
11:05:42,7165.08,6340.0,0.0095,10.0
11:05:42,7165.08,6350.0,-0.0,95.0
11:05:42,7165.08,6360.0,-0.0,58.0
11:05:42,7165.08,6370.0,-0.0,50.0
11:05:42,7165.08,6375.0,-0.0,5.0
11:05:42,7165.08,6380.0,-0.0,44.0
11:05:42,7165.08,6390.0,0.0,11.0
11:05:42,7165.08,6400.0,-0.0,152.0
11:05:42,7165.08,6410.0,-0.0,5.0
11:05:42,7165.08,6420.0,-0.0,14.0
11:05:42,7165.08,6425.0,0.0,52.0
11:05:42,7165.08,6430.0,-0.0573,7.0
11:05:42,7165.08,6440.0,-0.0383,44.0
11:05:42,7165.08,6450.0,-0.0,1068.0
11:05:42,7165.08,6460.0,-0.0,80.0
11:05:42,7165.08,6470.0,-0.0,8.0
11:05:42,7165.08,6475.0,-0.0,3.0
11:05:42,7165.08,6480.0,-0.0,35.0
11:05:42,7165.08,6485.0,0.0043,8.0
11:05:42,7165.08,6490.0,-0.0,5.0
11:05:42,7165.08,6495.0,-0.0092,0.0
11:05:42,7165.08,6500.0,-0.0,70.0
11:05:42,7165.08,6505.0,-0.1222,100.0
11:05:42,7165.08,6510.0,-0.0,118.0
11:05:42,7165.08,6515.0,0.0164,117.0
11:05:42,7165.08,6520.0,-0.0,29.0
11:05:42,7165.08,6525.0,-0.0,4.0
11:05:42,7165.08,6530.0,-0.0,1.0
11:05:42,7165.08,6535.0,-0.0805,64.0
11:05:42,7165.08,6540.0,-0.0,22.0
11:05:42,7165.08,6545.0,-0.0131,58.0
11:05:42,7165.08,6550.0,-0.2663,0.0
11:05:42,7165.08,6555.0,0.0576,27.0
11:05:42,7165.08,6560.0,-0.0,15.0
11:05:42,7165.08,6565.0,-0.0552,3.0
11:05:42,7165.08,6570.0,0.0,1.0
11:05:42,7165.08,6580.0,0.0649,13.0
11:05:42,7165.08,6585.0,-0.0766,48.0
11:05:42,7165.08,6590.0,0.0474,57.0
11:05:42,7165.08,6595.0,-0.0,79.0
11:05:42,7165.08,6600.0,-0.0,4.0
11:05:42,7165.08,6605.0,-0.0,30.0
11:05:42,7165.08,6610.0,0.1515,106.0
11:05:42,7165.08,6615.0,-0.0,95.0
11:05:42,7165.08,6620.0,0.1026,80.0
11:05:42,7165.08,6625.0,0.0,16.0
11:05:42,7165.08,6630.0,-0.0,40.0
11:05:42,7165.08,6635.0,-0.1048,137.0
11:05:42,7165.08,6640.0,0.145,87.0
11:05:42,7165.08,6645.0,-0.1235,27.0
11:05:42,7165.08,6650.0,-0.0,3.0
11:05:42,7165.08,6655.0,-0.1014,70.0
11:05:42,7165.08,6660.0,-0.1662,88.0
11:05:42,7165.08,6665.0,-0.0,6.0
11:05:42,7165.08,6670.0,-0.0568,3.0
11:05:42,7165.08,6675.0,0.0,248.0
11:05:42,7165.08,6680.0,-0.3832,62.0
11:05:42,7165.08,6685.0,-0.0,287.0
11:05:42,7165.08,6690.0,-1.1985,139.0
11:05:42,7165.08,6695.0,-0.0,31.0
11:05:42,7165.08,6700.0,-0.0014,1429.0
11:05:42,7165.08,6705.0,-0.0001,49.0
11:05:42,7165.08,6710.0,-0.5515,565.0
11:05:42,7165.08,6715.0,-0.0002,161.0
11:05:42,7165.08,6720.0,-0.0004,44.0
11:05:42,7165.08,6725.0,-0.0006,1300.0
11:05:42,7165.08,6730.0,-0.0008,63.0
11:05:42,7165.08,6735.0,0.0255,56.0
11:05:42,7165.08,6740.0,-0.0022,181.0
11:05:42,7165.08,6745.0,-0.0006,86.0
11:05:42,7165.08,6750.0,-0.0094,3696.0
11:05:42,7165.08,6755.0,-0.0019,153.0
11:05:42,7165.08,6760.0,-1.966,1867.0
11:05:42,7165.08,6765.0,-0.0031,293.0
11:05:42,7165.08,6770.0,-1.806,136.0
11:05:42,7165.08,6775.0,-0.0042,3448.0
11:05:42,7165.08,6780.0,-0.0111,276.0
11:05:42,7165.08,6785.0,0.0242,130.0
11:05:42,7165.08,6790.0,-0.0215,194.0
11:05:42,7165.08,6795.0,-0.0608,159.0
11:05:42,7165.08,6800.0,-11.7331,2592.0
11:05:42,7165.08,6805.0,-4.2882,347.0
11:05:42,7165.08,6810.0,-3.7409,704.0
11:05:42,7165.08,6815.0,-0.0214,296.0
11:05:42,7165.08,6820.0,-1.649,158.0
11:05:42,7165.08,6825.0,2.1811,1565.0
11:05:42,7165.08,6830.0,-0.0506,188.0
11:05:42,7165.08,6835.0,-0.9594,221.0
11:05:42,7165.08,6840.0,-0.16,1189.0
11:05:42,7165.08,6845.0,-0.2437,4310.0
11:05:42,7165.08,6850.0,-7.8118,4335.0
11:05:42,7165.08,6855.0,-0.413,665.0
11:05:42,7165.08,6860.0,-4.3119,0.0
11:05:42,7165.08,6865.0,-0.6827,0.0
11:05:42,7165.08,6870.0,-0.2721,0.0
11:05:42,7165.08,6875.0,-0.6819,0.0
11:05:42,7165.08,6880.0,-1.0618,0.0
11:05:42,7165.08,6885.0,-13.817,3.0
11:05:42,7165.08,6890.0,-0.825,0.0
11:05:42,7165.08,6895.0,-58.1265,13.0
11:05:42,7165.08,6900.0,-36.6982,0.0
11:05:42,7165.08,6905.0,-2.7141,0.0
11:05:42,7165.08,6910.0,-1.4923,0.0
11:05:42,7165.08,6915.0,-1.2064,82.0
11:05:42,7165.08,6920.0,-0.7761,91.0
11:05:42,7165.08,6925.0,0.7624,791.0
11:05:42,7165.08,6930.0,-5.7977,0.0
11:05:42,7165.08,6935.0,-5.0962,0.0
11:05:42,7165.08,6940.0,1.0832,0.0
11:05:42,7165.08,6945.0,-39.7964,0.0
11:05:42,7165.08,6950.0,-55.891,117.0
11:05:42,7165.08,6955.0,-32.2255,0.0
11:05:42,7165.08,6960.0,-13.141,0.0
11:05:42,7165.08,6965.0,-6.3978,0.0
11:05:42,7165.08,6970.0,-4.1436,0.0
11:05:42,7165.08,6975.0,-15.0898,2648.0
11:05:42,7165.08,6980.0,-14.1651,0.0
11:05:42,7165.08,6985.0,-12.9409,32.0
11:05:42,7165.08,6990.0,-17.337,0.0
11:05:42,7165.08,6995.0,-16.8528,0.0
11:05:42,7165.08,7000.0,-11.9001,0.0
11:05:42,7165.08,7005.0,-126.486,0.0
11:05:42,7165.08,7010.0,-3.803,0.0
11:05:42,7165.08,7015.0,-10.6915,0.0
11:05:42,7165.08,7020.0,-4.5042,0.0
11:05:42,7165.08,7025.0,-23.4067,0.0
11:05:42,7165.08,7030.0,43.0428,0.0
11:05:42,7165.08,7035.0,-20.2507,0.0
11:05:42,7165.08,7040.0,-19.4179,0.0
11:05:42,7165.08,7045.0,308.3998,0.0
11:05:42,7165.08,7050.0,-123.7781,0.0
11:05:42,7165.08,7055.0,-195.4224,0.0
11:05:42,7165.08,7060.0,-22.1311,0.0
11:05:42,7165.08,7065.0,-15.1002,0.0
11:05:42,7165.08,7070.0,3.1324,0.0
11:05:42,7165.08,7075.0,-68.9882,0.0
11:05:42,7165.08,7080.0,-46.3397,0.0
11:05:42,7165.08,7085.0,-23.0963,0.0
11:05:42,7165.08,7090.0,-49.5119,0.0
11:05:42,7165.08,7095.0,-15.3363,0.0
11:05:42,7165.08,7100.0,127.8095,10605.0
11:05:42,7165.08,7105.0,18.294,0.0
11:05:42,7165.08,7110.0,-24.7531,0.0
11:05:42,7165.08,7115.0,22.6923,0.0
11:05:42,7165.08,7120.0,74.7954,0.0
11:05:42,7165.08,7125.0,1.3871,0.0
11:05:42,7165.08,7130.0,1432.7542,0.0
11:05:42,7165.08,7135.0,33.2303,0.0
11:05:42,7165.08,7140.0,281.7618,1894.0
11:05:42,7165.08,7145.0,40.4458,0.0
11:05:42,7165.08,7150.0,95.4028,0.0
11:05:42,7165.08,7155.0,654.3267,0.0
11:05:42,7165.08,7160.0,1144.1108,0.0
11:05:42,7165.08,7165.0,49.9362,0.0
11:05:42,7165.08,7170.0,200.338,0.0
11:05:42,7165.08,7175.0,324.0935,0.0
11:05:42,7165.08,7180.0,122.0941,0.0
11:05:42,7165.08,7185.0,76.5426,0.0
11:05:42,7165.08,7190.0,143.775,0.0
11:05:42,7165.08,7195.0,111.0354,0.0
11:05:42,7165.08,7200.0,681.2964,10217.0
11:05:42,7165.08,7205.0,78.608,0.0
11:05:42,7165.08,7210.0,213.0405,0.0
11:05:42,7165.08,7215.0,117.7262,0.0
11:05:42,7165.08,7220.0,216.5669,0.0
11:05:42,7165.08,7225.0,166.4071,0.0
11:05:42,7165.08,7230.0,178.4028,0.0
11:05:42,7165.08,7235.0,68.8201,0.0
11:05:42,7165.08,7240.0,182.2312,0.0
11:05:42,7165.08,7245.0,89.3606,0.0
11:05:42,7165.08,7250.0,1201.5839,0.0
11:05:42,7165.08,7255.0,447.6,0.0
11:05:42,7165.08,7260.0,120.2444,0.0
11:05:42,7165.08,7265.0,101.798,0.0
11:05:42,7165.08,7270.0,162.8743,0.0
11:05:42,7165.08,7275.0,281.902,0.0
11:05:42,7165.08,7280.0,198.4675,0.0
11:05:42,7165.08,7285.0,46.405,0.0
11:05:42,7165.08,7290.0,104.0849,0.0
11:05:42,7165.08,7295.0,43.9082,0.0
11:05:42,7165.08,7300.0,95.4905,0.0
11:05:42,7165.08,7305.0,6.3165,0.0
11:05:42,7165.08,7310.0,56.9585,0.0
11:05:42,7165.08,7315.0,29.3403,0.0
11:05:42,7165.08,7320.0,72.7014,0.0
11:05:42,7165.08,7325.0,21.8798,0.0
11:05:42,7165.08,7330.0,57.2859,0.0
11:05:42,7165.08,7335.0,0.3669,0.0
11:05:42,7165.08,7340.0,6.7209,0.0
11:05:42,7165.08,7345.0,0.2152,0.0
11:05:42,7165.08,7350.0,29.7588,0.0
11:05:42,7165.08,7360.0,2.9159,247.0
11:05:42,7165.08,7370.0,7.6608,771.0
11:05:42,7165.08,7375.0,25.4988,10617.0
11:05:42,7165.08,7380.0,12.2625,5152.0
11:05:42,7165.08,7390.0,33.0928,2139.0
11:05:42,7165.08,7400.0,15.4658,4230.0
11:05:42,7165.08,7410.0,0.0095,65.0
11:05:42,7165.08,7425.0,4.2126,194.0
11:05:42,7165.08,7450.0,1.5767,474.0
11:05:42,7165.08,7475.0,0.0336,140.0
11:05:42,7165.08,7500.0,0.1662,296.0
11:05:42,7165.08,7550.0,0.0005,0.0
11:05:42,7165.08,7600.0,0.0006,2.0
11:05:42,7165.08,7700.0,0.0001,0.0
11:05:42,7165.08,7800.0,0.0,1.0
11:05:42,7165.08,8000.0,0.0,2.0
11:05:42,7165.08,8800.0,0.0,2.0
11:05:42,7165.08,9200.0,0.0,1.0
11:17:22,7165.08,4600.0,-0.0,4.0
11:17:22,7165.08,5300.0,-0.0,1.0
11:17:22,7165.08,5400.0,-0.0,3.0
11:17:22,7165.08,5500.0,-0.0,1.0
11:17:22,7165.08,5575.0,-0.0,1.0
11:17:22,7165.08,5625.0,-0.0,1.0
11:17:22,7165.08,5650.0,-0.0,1.0
11:17:22,7165.08,5800.0,-0.0,4.0
11:17:22,7165.08,5900.0,-0.0,3.0
11:17:22,7165.08,6000.0,-0.0,24.0
11:17:22,7165.08,6100.0,-0.0,876.0
11:17:22,7165.08,6110.0,-0.0,105.0
11:17:22,7165.08,6120.0,-0.0,81.0
11:17:22,7165.08,6125.0,-0.0,13.0
11:17:22,7165.08,6130.0,-0.0,3.0
11:17:22,7165.08,6140.0,-0.0,100.0
11:17:22,7165.08,6150.0,-0.0,297.0
11:17:22,7165.08,6160.0,-0.0,85.0
11:17:22,7165.08,6170.0,-0.0,87.0
11:17:22,7165.08,6175.0,-0.0,163.0
11:17:22,7165.08,6180.0,-0.0,10.0
11:17:22,7165.08,6190.0,-0.0026,97.0
11:17:22,7165.08,6200.0,-0.0,1177.0
11:17:22,7165.08,6210.0,-0.0984,0.0
11:17:22,7165.08,6220.0,-0.0021,40.0
11:17:22,7165.08,6225.0,-0.0,150.0
11:17:22,7165.08,6230.0,-0.0072,302.0
11:17:22,7165.08,6240.0,-0.0023,60.0
11:17:22,7165.08,6250.0,-0.0,226.0
11:17:22,7165.08,6260.0,-0.0,200.0
11:17:22,7165.08,6270.0,-0.014,101.0
11:17:22,7165.08,6275.0,-0.0,30.0
11:17:22,7165.08,6280.0,0.0002,20.0
11:17:22,7165.08,6290.0,-0.0,38.0
11:17:22,7165.08,6300.0,-0.0,96.0
11:17:22,7165.08,6310.0,-0.0,161.0
11:17:22,7165.08,6320.0,-0.0,10.0
11:17:22,7165.08,6325.0,-0.0,30.0
11:17:22,7165.08,6330.0,-0.0,196.0
11:17:22,7165.08,6340.0,0.0095,10.0
11:17:22,7165.08,6350.0,-0.0,95.0
11:17:22,7165.08,6360.0,-0.0,58.0
11:17:22,7165.08,6370.0,-0.0,50.0
11:17:22,7165.08,6375.0,-0.0,5.0
11:17:22,7165.08,6380.0,-0.0,44.0
11:17:22,7165.08,6390.0,0.0,11.0
11:17:22,7165.08,6400.0,-0.0,152.0
11:17:22,7165.08,6410.0,-0.0,5.0
11:17:22,7165.08,6420.0,-0.0,14.0
11:17:22,7165.08,6425.0,0.0,52.0
11:17:22,7165.08,6430.0,-0.0573,7.0
11:17:22,7165.08,6440.0,-0.0383,44.0
11:17:22,7165.08,6450.0,-0.0,1068.0
11:17:22,7165.08,6460.0,-0.0,80.0
11:17:22,7165.08,6470.0,-0.0,8.0
11:17:22,7165.08,6475.0,-0.0,3.0
11:17:22,7165.08,6480.0,-0.0,35.0
11:17:22,7165.08,6485.0,0.0043,8.0
11:17:22,7165.08,6490.0,-0.0,5.0
11:17:22,7165.08,6495.0,-0.0092,0.0
11:17:22,7165.08,6500.0,-0.0,70.0
11:17:22,7165.08,6505.0,-0.1222,100.0
11:17:22,7165.08,6510.0,-0.0,118.0
11:17:22,7165.08,6515.0,0.0164,117.0
11:17:22,7165.08,6520.0,-0.0,29.0
11:17:22,7165.08,6525.0,-0.0,4.0
11:17:22,7165.08,6530.0,-0.0,1.0
11:17:22,7165.08,6535.0,-0.0805,64.0
11:17:22,7165.08,6540.0,-0.0,22.0
11:17:22,7165.08,6545.0,-0.0131,58.0
11:17:22,7165.08,6550.0,-0.2663,0.0
11:17:22,7165.08,6555.0,0.0576,27.0
11:17:22,7165.08,6560.0,-0.0,15.0
11:17:22,7165.08,6565.0,-0.0552,3.0
11:17:22,7165.08,6570.0,0.0,1.0
11:17:22,7165.08,6580.0,0.0649,13.0
11:17:22,7165.08,6585.0,-0.0766,48.0
11:17:22,7165.08,6590.0,0.0474,57.0
11:17:22,7165.08,6595.0,-0.0,79.0
11:17:22,7165.08,6600.0,-0.0,4.0
11:17:22,7165.08,6605.0,-0.0,30.0
11:17:22,7165.08,6610.0,0.1515,106.0
11:17:22,7165.08,6615.0,-0.0,95.0
11:17:22,7165.08,6620.0,0.1026,80.0
11:17:22,7165.08,6625.0,0.0,16.0
11:17:22,7165.08,6630.0,-0.0,40.0
11:17:22,7165.08,6635.0,-0.1048,137.0
11:17:22,7165.08,6640.0,0.145,87.0
11:17:22,7165.08,6645.0,-0.1235,27.0
11:17:22,7165.08,6650.0,-0.0,3.0
11:17:22,7165.08,6655.0,-0.1014,70.0
11:17:22,7165.08,6660.0,-0.1662,88.0
11:17:22,7165.08,6665.0,-0.0,6.0
11:17:22,7165.08,6670.0,-0.0568,3.0
11:17:22,7165.08,6675.0,0.0,248.0
11:17:22,7165.08,6680.0,-0.3832,62.0
11:17:22,7165.08,6685.0,-0.0,287.0
11:17:22,7165.08,6690.0,-1.1985,139.0
11:17:22,7165.08,6695.0,-0.0,31.0
11:17:22,7165.08,6700.0,-0.0014,1429.0
11:17:22,7165.08,6705.0,-0.0001,49.0
11:17:22,7165.08,6710.0,-0.5515,565.0
11:17:22,7165.08,6715.0,-0.0002,161.0
11:17:22,7165.08,6720.0,-0.0004,44.0
11:17:22,7165.08,6725.0,-0.0006,1300.0
11:17:22,7165.08,6730.0,-0.0008,63.0
11:17:22,7165.08,6735.0,0.0255,56.0
11:17:22,7165.08,6740.0,-0.0022,181.0
11:17:22,7165.08,6745.0,-0.0006,86.0
11:17:22,7165.08,6750.0,-0.0094,3696.0
11:17:22,7165.08,6755.0,-0.0019,153.0
11:17:22,7165.08,6760.0,-1.966,1867.0
11:17:22,7165.08,6765.0,-0.0031,293.0
11:17:22,7165.08,6770.0,-1.806,136.0
11:17:22,7165.08,6775.0,-0.0042,3448.0
11:17:22,7165.08,6780.0,-0.0111,276.0
11:17:22,7165.08,6785.0,0.0242,130.0
11:17:22,7165.08,6790.0,-0.0215,194.0
11:17:22,7165.08,6795.0,-0.0608,159.0
11:17:22,7165.08,6800.0,-11.7331,2592.0
11:17:22,7165.08,6805.0,-4.2882,347.0
11:17:22,7165.08,6810.0,-3.7409,704.0
11:17:22,7165.08,6815.0,-0.0214,296.0
11:17:22,7165.08,6820.0,-1.649,158.0
11:17:22,7165.08,6825.0,2.1811,1565.0
11:17:22,7165.08,6830.0,-0.0506,188.0
11:17:22,7165.08,6835.0,-0.9594,221.0
11:17:22,7165.08,6840.0,-0.16,1189.0
11:17:22,7165.08,6845.0,-0.2437,4310.0
11:17:22,7165.08,6850.0,-7.8118,4335.0
11:17:22,7165.08,6855.0,-0.413,665.0
11:17:22,7165.08,6860.0,-4.3119,0.0
11:17:22,7165.08,6865.0,-0.6827,0.0
11:17:22,7165.08,6870.0,-0.2721,0.0
11:17:22,7165.08,6875.0,-0.6819,0.0
11:17:22,7165.08,6880.0,-1.0618,0.0
11:17:22,7165.08,6885.0,-13.817,3.0
11:17:22,7165.08,6890.0,-0.825,0.0
11:17:22,7165.08,6895.0,-58.1265,13.0
11:17:22,7165.08,6900.0,-36.6982,0.0
11:17:22,7165.08,6905.0,-2.7141,0.0
11:17:22,7165.08,6910.0,-1.4923,0.0
11:17:22,7165.08,6915.0,-1.2064,82.0
11:17:22,7165.08,6920.0,-0.7761,91.0
11:17:22,7165.08,6925.0,0.7624,791.0
11:17:22,7165.08,6930.0,-5.7977,0.0
11:17:22,7165.08,6935.0,-5.0962,0.0
11:17:22,7165.08,6940.0,1.0832,0.0
11:17:22,7165.08,6945.0,-39.7964,0.0
11:17:22,7165.08,6950.0,-55.891,117.0
11:17:22,7165.08,6955.0,-32.2255,0.0
11:17:22,7165.08,6960.0,-13.141,0.0
11:17:22,7165.08,6965.0,-6.3978,0.0
11:17:22,7165.08,6970.0,-4.1436,0.0
11:17:22,7165.08,6975.0,-15.0898,2648.0
11:17:22,7165.08,6980.0,-14.1651,0.0
11:17:22,7165.08,6985.0,-12.9409,32.0
11:17:22,7165.08,6990.0,-17.337,0.0
11:17:22,7165.08,6995.0,-16.8528,0.0
11:17:22,7165.08,7000.0,-11.9001,0.0
11:17:22,7165.08,7005.0,-126.486,0.0
11:17:22,7165.08,7010.0,-3.803,0.0
11:17:22,7165.08,7015.0,-10.6915,0.0
11:17:22,7165.08,7020.0,-4.5042,0.0
11:17:22,7165.08,7025.0,-23.4067,0.0
11:17:22,7165.08,7030.0,43.0428,0.0
11:17:22,7165.08,7035.0,-20.2507,0.0
11:17:22,7165.08,7040.0,-19.4179,0.0
11:17:22,7165.08,7045.0,308.3998,0.0
11:17:22,7165.08,7050.0,-123.7781,0.0
11:17:22,7165.08,7055.0,-195.4224,0.0
11:17:22,7165.08,7060.0,-22.1311,0.0
11:17:22,7165.08,7065.0,-15.1002,0.0
11:17:22,7165.08,7070.0,3.1324,0.0
11:17:22,7165.08,7075.0,-68.9882,0.0
11:17:22,7165.08,7080.0,-46.3397,0.0
11:17:22,7165.08,7085.0,-23.0963,0.0
11:17:22,7165.08,7090.0,-49.5119,0.0
11:17:22,7165.08,7095.0,-15.3363,0.0
11:17:22,7165.08,7100.0,127.8095,10605.0
11:17:22,7165.08,7105.0,18.294,0.0
11:17:22,7165.08,7110.0,-24.7531,0.0
11:17:22,7165.08,7115.0,22.6923,0.0
11:17:22,7165.08,7120.0,74.7954,0.0
11:17:22,7165.08,7125.0,1.3871,0.0
11:17:22,7165.08,7130.0,1432.7542,0.0
11:17:22,7165.08,7135.0,33.2303,0.0
11:17:22,7165.08,7140.0,281.7618,1894.0
11:17:22,7165.08,7145.0,40.4458,0.0
11:17:22,7165.08,7150.0,95.4028,0.0
11:17:22,7165.08,7155.0,654.3267,0.0
11:17:22,7165.08,7160.0,1144.1108,0.0
11:17:22,7165.08,7165.0,49.9362,0.0
11:17:22,7165.08,7170.0,200.338,0.0
11:17:22,7165.08,7175.0,324.0935,0.0
11:17:22,7165.08,7180.0,122.0941,0.0
11:17:22,7165.08,7185.0,76.5426,0.0
11:17:22,7165.08,7190.0,143.775,0.0
11:17:22,7165.08,7195.0,111.0354,0.0
11:17:22,7165.08,7200.0,681.2964,10217.0
11:17:22,7165.08,7205.0,78.608,0.0
11:17:22,7165.08,7210.0,213.0405,0.0
11:17:22,7165.08,7215.0,117.7262,0.0
11:17:22,7165.08,7220.0,216.5669,0.0
11:17:22,7165.08,7225.0,166.4071,0.0
11:17:22,7165.08,7230.0,178.4028,0.0
11:17:22,7165.08,7235.0,68.8201,0.0
11:17:22,7165.08,7240.0,182.2312,0.0
11:17:22,7165.08,7245.0,89.3606,0.0
11:17:22,7165.08,7250.0,1201.5839,0.0
11:17:22,7165.08,7255.0,447.6,0.0
11:17:22,7165.08,7260.0,120.2444,0.0
11:17:22,7165.08,7265.0,101.798,0.0
11:17:22,7165.08,7270.0,162.8743,0.0
11:17:22,7165.08,7275.0,281.902,0.0
11:17:22,7165.08,7280.0,198.4675,0.0
11:17:22,7165.08,7285.0,46.405,0.0
11:17:22,7165.08,7290.0,104.0849,0.0
11:17:22,7165.08,7295.0,43.9082,0.0
11:17:22,7165.08,7300.0,95.4905,0.0
11:17:22,7165.08,7305.0,6.3165,0.0
11:17:22,7165.08,7310.0,56.9585,0.0
11:17:22,7165.08,7315.0,29.3403,0.0
11:17:22,7165.08,7320.0,72.7014,0.0
11:17:22,7165.08,7325.0,21.8798,0.0
11:17:22,7165.08,7330.0,57.2859,0.0
11:17:22,7165.08,7335.0,0.3669,0.0
11:17:22,7165.08,7340.0,6.7209,0.0
11:17:22,7165.08,7345.0,0.2152,0.0
11:17:22,7165.08,7350.0,29.7588,0.0
11:17:22,7165.08,7360.0,2.9159,247.0
11:17:22,7165.08,7370.0,7.6608,771.0
11:17:22,7165.08,7375.0,25.4988,10617.0
11:17:22,7165.08,7380.0,12.2625,5152.0
11:17:22,7165.08,7390.0,33.0928,2139.0
11:17:22,7165.08,7400.0,15.4658,4230.0
11:17:22,7165.08,7410.0,0.0095,65.0
11:17:22,7165.08,7425.0,4.2126,194.0
11:17:22,7165.08,7450.0,1.5767,474.0
11:17:22,7165.08,7475.0,0.0336,140.0
11:17:22,7165.08,7500.0,0.1662,296.0
11:17:22,7165.08,7550.0,0.0005,0.0
11:17:22,7165.08,7600.0,0.0006,2.0
11:17:22,7165.08,7700.0,0.0001,0.0
11:17:22,7165.08,7800.0,0.0,1.0
11:17:22,7165.08,8000.0,0.0,2.0
11:17:22,7165.08,8800.0,0.0,2.0
11:17:22,7165.08,9200.0,0.0,1.0
11:21:36,7165.08,4600.0,-0.0,4.0
11:21:36,7165.08,5300.0,-0.0,1.0
11:21:36,7165.08,5400.0,-0.0,3.0
11:21:36,7165.08,5500.0,-0.0,1.0
11:21:36,7165.08,5575.0,-0.0,1.0
11:21:36,7165.08,5625.0,-0.0,1.0
11:21:36,7165.08,5650.0,-0.0,1.0
11:21:36,7165.08,5800.0,-0.0,4.0
11:21:36,7165.08,5900.0,-0.0,3.0
11:21:36,7165.08,6000.0,-0.0,24.0
11:21:36,7165.08,6100.0,-0.0,876.0
11:21:36,7165.08,6110.0,-0.0,105.0
11:21:36,7165.08,6120.0,-0.0,81.0
11:21:36,7165.08,6125.0,-0.0,13.0
11:21:36,7165.08,6130.0,-0.0,3.0
11:21:36,7165.08,6140.0,-0.0,100.0
11:21:36,7165.08,6150.0,-0.0,297.0
11:21:36,7165.08,6160.0,-0.0,85.0
11:21:36,7165.08,6170.0,-0.0,87.0
11:21:36,7165.08,6175.0,-0.0,163.0
11:21:36,7165.08,6180.0,-0.0,10.0
11:21:36,7165.08,6190.0,-0.0026,97.0
11:21:36,7165.08,6200.0,-0.0,1177.0
11:21:36,7165.08,6210.0,-0.0984,0.0
11:21:36,7165.08,6220.0,-0.0021,40.0
11:21:36,7165.08,6225.0,-0.0,150.0
11:21:36,7165.08,6230.0,-0.0072,302.0
11:21:36,7165.08,6240.0,-0.0023,60.0
11:21:36,7165.08,6250.0,-0.0,226.0
11:21:36,7165.08,6260.0,-0.0,200.0
11:21:36,7165.08,6270.0,-0.014,101.0
11:21:36,7165.08,6275.0,-0.0,30.0
11:21:36,7165.08,6280.0,0.0002,20.0
11:21:36,7165.08,6290.0,-0.0,38.0
11:21:36,7165.08,6300.0,-0.0,96.0
11:21:36,7165.08,6310.0,-0.0,161.0
11:21:36,7165.08,6320.0,-0.0,10.0
11:21:36,7165.08,6325.0,-0.0,30.0
11:21:36,7165.08,6330.0,-0.0,196.0
11:21:36,7165.08,6340.0,0.0095,10.0
11:21:36,7165.08,6350.0,-0.0,95.0
11:21:36,7165.08,6360.0,-0.0,58.0
11:21:36,7165.08,6370.0,-0.0,50.0
11:21:36,7165.08,6375.0,-0.0,5.0
11:21:36,7165.08,6380.0,-0.0,44.0
11:21:36,7165.08,6390.0,0.0,11.0
11:21:36,7165.08,6400.0,-0.0,152.0
11:21:36,7165.08,6410.0,-0.0,5.0
11:21:36,7165.08,6420.0,-0.0,14.0
11:21:36,7165.08,6425.0,0.0,52.0
11:21:36,7165.08,6430.0,-0.0573,7.0
11:21:36,7165.08,6440.0,-0.0383,44.0
11:21:36,7165.08,6450.0,-0.0,1068.0
11:21:36,7165.08,6460.0,-0.0,80.0
11:21:36,7165.08,6470.0,-0.0,8.0
11:21:36,7165.08,6475.0,-0.0,3.0
11:21:36,7165.08,6480.0,-0.0,35.0
11:21:36,7165.08,6485.0,0.0043,8.0
11:21:36,7165.08,6490.0,-0.0,5.0
11:21:36,7165.08,6495.0,-0.0092,0.0
11:21:36,7165.08,6500.0,-0.0,70.0
11:21:36,7165.08,6505.0,-0.1222,100.0
11:21:36,7165.08,6510.0,-0.0,118.0
11:21:36,7165.08,6515.0,0.0164,117.0
11:21:36,7165.08,6520.0,-0.0,29.0
11:21:36,7165.08,6525.0,-0.0,4.0
11:21:36,7165.08,6530.0,-0.0,1.0
11:21:36,7165.08,6535.0,-0.0805,64.0
11:21:36,7165.08,6540.0,-0.0,22.0
11:21:36,7165.08,6545.0,-0.0131,58.0
11:21:36,7165.08,6550.0,-0.2663,0.0
11:21:36,7165.08,6555.0,0.0576,27.0
11:21:36,7165.08,6560.0,-0.0,15.0
11:21:36,7165.08,6565.0,-0.0552,3.0
11:21:36,7165.08,6570.0,0.0,1.0
11:21:36,7165.08,6580.0,0.0649,13.0
11:21:36,7165.08,6585.0,-0.0766,48.0
11:21:36,7165.08,6590.0,0.0474,57.0
11:21:36,7165.08,6595.0,-0.0,79.0
11:21:36,7165.08,6600.0,-0.0,4.0
11:21:36,7165.08,6605.0,-0.0,30.0
11:21:36,7165.08,6610.0,0.1515,106.0
11:21:36,7165.08,6615.0,-0.0,95.0
11:21:36,7165.08,6620.0,0.1026,80.0
11:21:36,7165.08,6625.0,0.0,16.0
11:21:36,7165.08,6630.0,-0.0,40.0
11:21:36,7165.08,6635.0,-0.1048,137.0
11:21:36,7165.08,6640.0,0.145,87.0
11:21:36,7165.08,6645.0,-0.1235,27.0
11:21:36,7165.08,6650.0,-0.0,3.0
11:21:36,7165.08,6655.0,-0.1014,70.0
11:21:36,7165.08,6660.0,-0.1662,88.0
11:21:36,7165.08,6665.0,-0.0,6.0
11:21:36,7165.08,6670.0,-0.0568,3.0
11:21:36,7165.08,6675.0,0.0,248.0
11:21:36,7165.08,6680.0,-0.3832,62.0
11:21:36,7165.08,6685.0,-0.0,287.0
11:21:36,7165.08,6690.0,-1.1985,139.0
11:21:36,7165.08,6695.0,-0.0,31.0
11:21:36,7165.08,6700.0,-0.0014,1429.0
11:21:36,7165.08,6705.0,-0.0001,49.0
11:21:36,7165.08,6710.0,-0.5515,565.0
11:21:36,7165.08,6715.0,-0.0002,161.0
11:21:36,7165.08,6720.0,-0.0004,44.0
11:21:36,7165.08,6725.0,-0.0006,1300.0
11:21:36,7165.08,6730.0,-0.0008,63.0
11:21:36,7165.08,6735.0,0.0255,56.0
11:21:36,7165.08,6740.0,-0.0022,181.0
11:21:36,7165.08,6745.0,-0.0006,86.0
11:21:36,7165.08,6750.0,-0.0094,3696.0
11:21:36,7165.08,6755.0,-0.0019,153.0
11:21:36,7165.08,6760.0,-1.966,1867.0
11:21:36,7165.08,6765.0,-0.0031,293.0
11:21:36,7165.08,6770.0,-1.806,136.0
11:21:36,7165.08,6775.0,-0.0042,3448.0
11:21:36,7165.08,6780.0,-0.0111,276.0
11:21:36,7165.08,6785.0,0.0242,130.0
11:21:36,7165.08,6790.0,-0.0215,194.0
11:21:36,7165.08,6795.0,-0.0608,159.0
11:21:36,7165.08,6800.0,-11.7331,2592.0
11:21:36,7165.08,6805.0,-4.2882,347.0
11:21:36,7165.08,6810.0,-3.7409,704.0
11:21:36,7165.08,6815.0,-0.0214,296.0
11:21:36,7165.08,6820.0,-1.649,158.0
11:21:36,7165.08,6825.0,2.1811,1565.0
11:21:36,7165.08,6830.0,-0.0506,188.0
11:21:36,7165.08,6835.0,-0.9594,221.0
11:21:36,7165.08,6840.0,-0.16,1189.0
11:21:36,7165.08,6845.0,-0.2437,4310.0
11:21:36,7165.08,6850.0,-7.8118,4335.0
11:21:36,7165.08,6855.0,-0.413,665.0
11:21:36,7165.08,6860.0,-4.3119,0.0
11:21:36,7165.08,6865.0,-0.6827,0.0
11:21:36,7165.08,6870.0,-0.2721,0.0
11:21:36,7165.08,6875.0,-0.6819,0.0
11:21:36,7165.08,6880.0,-1.0618,0.0
11:21:36,7165.08,6885.0,-13.817,3.0
11:21:36,7165.08,6890.0,-0.825,0.0
11:21:36,7165.08,6895.0,-58.1265,13.0
11:21:36,7165.08,6900.0,-36.6982,0.0
11:21:36,7165.08,6905.0,-2.7141,0.0
11:21:36,7165.08,6910.0,-1.4923,0.0
11:21:36,7165.08,6915.0,-1.2064,82.0
11:21:36,7165.08,6920.0,-0.7761,91.0
11:21:36,7165.08,6925.0,0.7624,791.0
11:21:36,7165.08,6930.0,-5.7977,0.0
11:21:36,7165.08,6935.0,-5.0962,0.0
11:21:36,7165.08,6940.0,1.0832,0.0
11:21:36,7165.08,6945.0,-39.7964,0.0
11:21:36,7165.08,6950.0,-55.891,117.0
11:21:36,7165.08,6955.0,-32.2255,0.0
11:21:36,7165.08,6960.0,-13.141,0.0
11:21:36,7165.08,6965.0,-6.3978,0.0
11:21:36,7165.08,6970.0,-4.1436,0.0
11:21:36,7165.08,6975.0,-15.0898,2648.0
11:21:36,7165.08,6980.0,-14.1651,0.0
11:21:36,7165.08,6985.0,-12.9409,32.0
11:21:36,7165.08,6990.0,-17.337,0.0
11:21:36,7165.08,6995.0,-16.8528,0.0
11:21:36,7165.08,7000.0,-11.9001,0.0
11:21:36,7165.08,7005.0,-126.486,0.0
11:21:36,7165.08,7010.0,-3.803,0.0
11:21:36,7165.08,7015.0,-10.6915,0.0
11:21:36,7165.08,7020.0,-4.5042,0.0
11:21:36,7165.08,7025.0,-23.4067,0.0
11:21:36,7165.08,7030.0,43.0428,0.0
11:21:36,7165.08,7035.0,-20.2507,0.0
11:21:36,7165.08,7040.0,-19.4179,0.0
11:21:36,7165.08,7045.0,308.3998,0.0
11:21:36,7165.08,7050.0,-123.7781,0.0
11:21:36,7165.08,7055.0,-195.4224,0.0
11:21:36,7165.08,7060.0,-22.1311,0.0
11:21:36,7165.08,7065.0,-15.1002,0.0
11:21:36,7165.08,7070.0,3.1324,0.0
11:21:36,7165.08,7075.0,-68.9882,0.0
11:21:36,7165.08,7080.0,-46.3397,0.0
11:21:36,7165.08,7085.0,-23.0963,0.0
11:21:36,7165.08,7090.0,-49.5119,0.0
11:21:36,7165.08,7095.0,-15.3363,0.0
11:21:36,7165.08,7100.0,127.8095,10605.0
11:21:36,7165.08,7105.0,18.294,0.0
11:21:36,7165.08,7110.0,-24.7531,0.0
11:21:36,7165.08,7115.0,22.6923,0.0
11:21:36,7165.08,7120.0,74.7954,0.0
11:21:36,7165.08,7125.0,1.3871,0.0
11:21:36,7165.08,7130.0,1432.7542,0.0
11:21:36,7165.08,7135.0,33.2303,0.0
11:21:36,7165.08,7140.0,281.7618,1894.0
11:21:36,7165.08,7145.0,40.4458,0.0
11:21:36,7165.08,7150.0,95.4028,0.0
11:21:36,7165.08,7155.0,654.3267,0.0
11:21:36,7165.08,7160.0,1144.1108,0.0
11:21:36,7165.08,7165.0,49.9362,0.0
11:21:36,7165.08,7170.0,200.338,0.0
11:21:36,7165.08,7175.0,324.0935,0.0
11:21:36,7165.08,7180.0,122.0941,0.0
11:21:36,7165.08,7185.0,76.5426,0.0
11:21:36,7165.08,7190.0,143.775,0.0
11:21:36,7165.08,7195.0,111.0354,0.0
11:21:36,7165.08,7200.0,681.2964,10217.0
11:21:36,7165.08,7205.0,78.608,0.0
11:21:36,7165.08,7210.0,213.0405,0.0
11:21:36,7165.08,7215.0,117.7262,0.0
11:21:36,7165.08,7220.0,216.5669,0.0
11:21:36,7165.08,7225.0,166.4071,0.0
11:21:36,7165.08,7230.0,178.4028,0.0
11:21:36,7165.08,7235.0,68.8201,0.0
11:21:36,7165.08,7240.0,182.2312,0.0
11:21:36,7165.08,7245.0,89.3606,0.0
11:21:36,7165.08,7250.0,1201.5839,0.0
11:21:36,7165.08,7255.0,447.6,0.0
11:21:36,7165.08,7260.0,120.2444,0.0
11:21:36,7165.08,7265.0,101.798,0.0
11:21:36,7165.08,7270.0,162.8743,0.0
11:21:36,7165.08,7275.0,281.902,0.0
11:21:36,7165.08,7280.0,198.4675,0.0
11:21:36,7165.08,7285.0,46.405,0.0
11:21:36,7165.08,7290.0,104.0849,0.0
11:21:36,7165.08,7295.0,43.9082,0.0
11:21:36,7165.08,7300.0,95.4905,0.0
11:21:36,7165.08,7305.0,6.3165,0.0
11:21:36,7165.08,7310.0,56.9585,0.0
11:21:36,7165.08,7315.0,29.3403,0.0
11:21:36,7165.08,7320.0,72.7014,0.0
11:21:36,7165.08,7325.0,21.8798,0.0
11:21:36,7165.08,7330.0,57.2859,0.0
11:21:36,7165.08,7335.0,0.3669,0.0
11:21:36,7165.08,7340.0,6.7209,0.0
11:21:36,7165.08,7345.0,0.2152,0.0
11:21:36,7165.08,7350.0,29.7588,0.0
11:21:36,7165.08,7360.0,2.9159,247.0
11:21:36,7165.08,7370.0,7.6608,771.0
11:21:36,7165.08,7375.0,25.4988,10617.0
11:21:36,7165.08,7380.0,12.2625,5152.0
11:21:36,7165.08,7390.0,33.0928,2139.0
11:21:36,7165.08,7400.0,15.4658,4230.0
11:21:36,7165.08,7410.0,0.0095,65.0
11:21:36,7165.08,7425.0,4.2126,194.0
11:21:36,7165.08,7450.0,1.5767,474.0
11:21:36,7165.08,7475.0,0.0336,140.0
11:21:36,7165.08,7500.0,0.1662,296.0
11:21:36,7165.08,7550.0,0.0005,0.0
11:21:36,7165.08,7600.0,0.0006,2.0
11:21:36,7165.08,7700.0,0.0001,0.0
11:21:36,7165.08,7800.0,0.0,1.0
11:21:36,7165.08,8000.0,0.0,2.0
11:21:36,7165.08,8800.0,0.0,2.0
11:21:36,7165.08,9200.0,0.0,1.0
11:39:09,7165.08,4600.0,-0.0,4.0
11:39:09,7165.08,5300.0,-0.0,1.0
11:39:09,7165.08,5400.0,-0.0,3.0
11:39:09,7165.08,5500.0,-0.0,1.0
11:39:09,7165.08,5575.0,-0.0,1.0
11:39:09,7165.08,5625.0,-0.0,1.0
11:39:09,7165.08,5650.0,-0.0,1.0
11:39:09,7165.08,5800.0,-0.0,4.0
11:39:09,7165.08,5900.0,-0.0,3.0
11:39:09,7165.08,6000.0,-0.0,24.0
11:39:09,7165.08,6100.0,-0.0,876.0
11:39:09,7165.08,6110.0,-0.0,105.0
11:39:09,7165.08,6120.0,-0.0,81.0
11:39:09,7165.08,6125.0,-0.0,13.0
11:39:09,7165.08,6130.0,-0.0,3.0
11:39:09,7165.08,6140.0,-0.0,100.0
11:39:09,7165.08,6150.0,-0.0,297.0
11:39:09,7165.08,6160.0,-0.0,85.0
11:39:09,7165.08,6170.0,-0.0,87.0
11:39:09,7165.08,6175.0,-0.0,163.0
11:39:09,7165.08,6180.0,-0.0,10.0
11:39:09,7165.08,6190.0,-0.0026,97.0
11:39:09,7165.08,6200.0,-0.0,1177.0
11:39:09,7165.08,6210.0,-0.0984,0.0
11:39:09,7165.08,6220.0,-0.0021,40.0
11:39:09,7165.08,6225.0,-0.0,150.0
11:39:09,7165.08,6230.0,-0.0072,302.0
11:39:09,7165.08,6240.0,-0.0023,60.0
11:39:09,7165.08,6250.0,-0.0,226.0
11:39:09,7165.08,6260.0,-0.0,200.0
11:39:09,7165.08,6270.0,-0.014,101.0
11:39:09,7165.08,6275.0,-0.0,30.0
11:39:09,7165.08,6280.0,0.0002,20.0
11:39:09,7165.08,6290.0,-0.0,38.0
11:39:09,7165.08,6300.0,-0.0,96.0
11:39:09,7165.08,6310.0,-0.0,161.0
11:39:09,7165.08,6320.0,-0.0,10.0
11:39:09,7165.08,6325.0,-0.0,30.0
11:39:09,7165.08,6330.0,-0.0,196.0
11:39:09,7165.08,6340.0,0.0095,10.0
11:39:09,7165.08,6350.0,-0.0,95.0
11:39:09,7165.08,6360.0,-0.0,58.0
11:39:09,7165.08,6370.0,-0.0,50.0
11:39:09,7165.08,6375.0,-0.0,5.0
11:39:09,7165.08,6380.0,-0.0,44.0
11:39:09,7165.08,6390.0,0.0,11.0
11:39:09,7165.08,6400.0,-0.0,152.0
11:39:09,7165.08,6410.0,-0.0,5.0
11:39:09,7165.08,6420.0,-0.0,14.0
11:39:09,7165.08,6425.0,0.0,52.0
11:39:09,7165.08,6430.0,-0.0573,7.0
11:39:09,7165.08,6440.0,-0.0383,44.0
11:39:09,7165.08,6450.0,-0.0,1068.0
11:39:09,7165.08,6460.0,-0.0,80.0
11:39:09,7165.08,6470.0,-0.0,8.0
11:39:09,7165.08,6475.0,-0.0,3.0
11:39:09,7165.08,6480.0,-0.0,35.0
11:39:09,7165.08,6485.0,0.0043,8.0
11:39:09,7165.08,6490.0,-0.0,5.0
11:39:09,7165.08,6495.0,-0.0092,0.0
11:39:09,7165.08,6500.0,-0.0,70.0
11:39:09,7165.08,6505.0,-0.1222,100.0
11:39:09,7165.08,6510.0,-0.0,118.0
11:39:09,7165.08,6515.0,0.0164,117.0
11:39:09,7165.08,6520.0,-0.0,29.0
11:39:09,7165.08,6525.0,-0.0,4.0
11:39:09,7165.08,6530.0,-0.0,1.0
11:39:09,7165.08,6535.0,-0.0805,64.0
11:39:09,7165.08,6540.0,-0.0,22.0
11:39:09,7165.08,6545.0,-0.0131,58.0
11:39:09,7165.08,6550.0,-0.2663,0.0
11:39:09,7165.08,6555.0,0.0576,27.0
11:39:09,7165.08,6560.0,-0.0,15.0
11:39:09,7165.08,6565.0,-0.0552,3.0
11:39:09,7165.08,6570.0,0.0,1.0
11:39:09,7165.08,6580.0,0.0649,13.0
11:39:09,7165.08,6585.0,-0.0766,48.0
11:39:09,7165.08,6590.0,0.0474,57.0
11:39:09,7165.08,6595.0,-0.0,79.0
11:39:09,7165.08,6600.0,-0.0,4.0
11:39:09,7165.08,6605.0,-0.0,30.0
11:39:09,7165.08,6610.0,0.1515,106.0
11:39:09,7165.08,6615.0,-0.0,95.0
11:39:09,7165.08,6620.0,0.1026,80.0
11:39:09,7165.08,6625.0,0.0,16.0
11:39:09,7165.08,6630.0,-0.0,40.0
11:39:09,7165.08,6635.0,-0.1048,137.0
11:39:09,7165.08,6640.0,0.145,87.0
11:39:09,7165.08,6645.0,-0.1235,27.0
11:39:09,7165.08,6650.0,-0.0,3.0
11:39:09,7165.08,6655.0,-0.1014,70.0
11:39:09,7165.08,6660.0,-0.1662,88.0
11:39:09,7165.08,6665.0,-0.0,6.0
11:39:09,7165.08,6670.0,-0.0568,3.0
11:39:09,7165.08,6675.0,0.0,248.0
11:39:09,7165.08,6680.0,-0.3832,62.0
11:39:09,7165.08,6685.0,-0.0,287.0
11:39:09,7165.08,6690.0,-1.1985,139.0
11:39:09,7165.08,6695.0,-0.0,31.0
11:39:09,7165.08,6700.0,-0.0014,1429.0
11:39:09,7165.08,6705.0,-0.0001,49.0
11:39:09,7165.08,6710.0,-0.5515,565.0
11:39:09,7165.08,6715.0,-0.0002,161.0
11:39:09,7165.08,6720.0,-0.0004,44.0
11:39:09,7165.08,6725.0,-0.0006,1300.0
11:39:09,7165.08,6730.0,-0.0008,63.0
11:39:09,7165.08,6735.0,0.0255,56.0
11:39:09,7165.08,6740.0,-0.0022,181.0
11:39:09,7165.08,6745.0,-0.0006,86.0
11:39:09,7165.08,6750.0,-0.0094,3696.0
11:39:09,7165.08,6755.0,-0.0019,153.0
11:39:09,7165.08,6760.0,-1.966,1867.0
11:39:09,7165.08,6765.0,-0.0031,293.0
11:39:09,7165.08,6770.0,-1.806,136.0
11:39:09,7165.08,6775.0,-0.0042,3448.0
11:39:09,7165.08,6780.0,-0.0111,276.0
11:39:09,7165.08,6785.0,0.0242,130.0
11:39:09,7165.08,6790.0,-0.0215,194.0
11:39:09,7165.08,6795.0,-0.0608,159.0
11:39:09,7165.08,6800.0,-11.7331,2592.0
11:39:09,7165.08,6805.0,-4.2882,347.0
11:39:09,7165.08,6810.0,-3.7409,704.0
11:39:09,7165.08,6815.0,-0.0214,296.0
11:39:09,7165.08,6820.0,-1.649,158.0
11:39:09,7165.08,6825.0,2.1811,1565.0
11:39:09,7165.08,6830.0,-0.0506,188.0
11:39:09,7165.08,6835.0,-0.9594,221.0
11:39:09,7165.08,6840.0,-0.16,1189.0
11:39:09,7165.08,6845.0,-0.2437,4310.0
11:39:09,7165.08,6850.0,-7.8118,4335.0
11:39:09,7165.08,6855.0,-0.413,665.0
11:39:09,7165.08,6860.0,-4.3119,0.0
11:39:09,7165.08,6865.0,-0.6827,0.0
11:39:09,7165.08,6870.0,-0.2721,0.0
11:39:09,7165.08,6875.0,-0.6819,0.0
11:39:09,7165.08,6880.0,-1.0618,0.0
11:39:09,7165.08,6885.0,-13.817,3.0
11:39:09,7165.08,6890.0,-0.825,0.0
11:39:09,7165.08,6895.0,-58.1265,13.0
11:39:09,7165.08,6900.0,-36.6982,0.0
11:39:09,7165.08,6905.0,-2.7141,0.0
11:39:09,7165.08,6910.0,-1.4923,0.0
11:39:09,7165.08,6915.0,-1.2064,82.0
11:39:09,7165.08,6920.0,-0.7761,91.0
11:39:09,7165.08,6925.0,0.7624,791.0
11:39:09,7165.08,6930.0,-5.7977,0.0
11:39:09,7165.08,6935.0,-5.0962,0.0
11:39:09,7165.08,6940.0,1.0832,0.0
11:39:09,7165.08,6945.0,-39.7964,0.0
11:39:09,7165.08,6950.0,-55.891,117.0
11:39:09,7165.08,6955.0,-32.2255,0.0
11:39:09,7165.08,6960.0,-13.141,0.0
11:39:09,7165.08,6965.0,-6.3978,0.0
11:39:09,7165.08,6970.0,-4.1436,0.0
11:39:09,7165.08,6975.0,-15.0898,2648.0
11:39:09,7165.08,6980.0,-14.1651,0.0
11:39:09,7165.08,6985.0,-12.9409,32.0
11:39:09,7165.08,6990.0,-17.337,0.0
11:39:09,7165.08,6995.0,-16.8528,0.0
11:39:09,7165.08,7000.0,-11.9001,0.0
11:39:09,7165.08,7005.0,-126.486,0.0
11:39:09,7165.08,7010.0,-3.803,0.0
11:39:09,7165.08,7015.0,-10.6915,0.0
11:39:09,7165.08,7020.0,-4.5042,0.0
11:39:09,7165.08,7025.0,-23.4067,0.0
11:39:09,7165.08,7030.0,43.0428,0.0
11:39:09,7165.08,7035.0,-20.2507,0.0
11:39:09,7165.08,7040.0,-19.4179,0.0
11:39:09,7165.08,7045.0,308.3998,0.0
11:39:09,7165.08,7050.0,-123.7781,0.0
11:39:09,7165.08,7055.0,-195.4224,0.0
11:39:09,7165.08,7060.0,-22.1311,0.0
11:39:09,7165.08,7065.0,-15.1002,0.0
11:39:09,7165.08,7070.0,3.1324,0.0
11:39:09,7165.08,7075.0,-68.9882,0.0
11:39:09,7165.08,7080.0,-46.3397,0.0
11:39:09,7165.08,7085.0,-23.0963,0.0
11:39:09,7165.08,7090.0,-49.5119,0.0
11:39:09,7165.08,7095.0,-15.3363,0.0
11:39:09,7165.08,7100.0,127.8095,10605.0
11:39:09,7165.08,7105.0,18.294,0.0
11:39:09,7165.08,7110.0,-24.7531,0.0
11:39:09,7165.08,7115.0,22.6923,0.0
11:39:09,7165.08,7120.0,74.7954,0.0
11:39:09,7165.08,7125.0,1.3871,0.0
11:39:09,7165.08,7130.0,1432.7542,0.0
11:39:09,7165.08,7135.0,33.2303,0.0
11:39:09,7165.08,7140.0,281.7618,1894.0
11:39:09,7165.08,7145.0,40.4458,0.0
11:39:09,7165.08,7150.0,95.4028,0.0
11:39:09,7165.08,7155.0,654.3267,0.0
11:39:09,7165.08,7160.0,1144.1108,0.0
11:39:09,7165.08,7165.0,49.9362,0.0
11:39:09,7165.08,7170.0,200.338,0.0
11:39:09,7165.08,7175.0,324.0935,0.0
11:39:09,7165.08,7180.0,122.0941,0.0
11:39:09,7165.08,7185.0,76.5426,0.0
11:39:09,7165.08,7190.0,143.775,0.0
11:39:09,7165.08,7195.0,111.0354,0.0
11:39:09,7165.08,7200.0,681.2964,10217.0
11:39:09,7165.08,7205.0,78.608,0.0
11:39:09,7165.08,7210.0,213.0405,0.0
11:39:09,7165.08,7215.0,117.7262,0.0
11:39:09,7165.08,7220.0,216.5669,0.0
11:39:09,7165.08,7225.0,166.4071,0.0
11:39:09,7165.08,7230.0,178.4028,0.0
11:39:09,7165.08,7235.0,68.8201,0.0
11:39:09,7165.08,7240.0,182.2312,0.0
11:39:09,7165.08,7245.0,89.3606,0.0
11:39:09,7165.08,7250.0,1201.5839,0.0
11:39:09,7165.08,7255.0,447.6,0.0
11:39:09,7165.08,7260.0,120.2444,0.0
11:39:09,7165.08,7265.0,101.798,0.0
11:39:09,7165.08,7270.0,162.8743,0.0
11:39:09,7165.08,7275.0,281.902,0.0
11:39:09,7165.08,7280.0,198.4675,0.0
11:39:09,7165.08,7285.0,46.405,0.0
11:39:09,7165.08,7290.0,104.0849,0.0
11:39:09,7165.08,7295.0,43.9082,0.0
11:39:09,7165.08,7300.0,95.4905,0.0
11:39:09,7165.08,7305.0,6.3165,0.0
11:39:09,7165.08,7310.0,56.9585,0.0
11:39:09,7165.08,7315.0,29.3403,0.0
11:39:09,7165.08,7320.0,72.7014,0.0
11:39:09,7165.08,7325.0,21.8798,0.0
11:39:09,7165.08,7330.0,57.2859,0.0
11:39:09,7165.08,7335.0,0.3669,0.0
11:39:09,7165.08,7340.0,6.7209,0.0
11:39:09,7165.08,7345.0,0.2152,0.0
11:39:09,7165.08,7350.0,29.7588,0.0
11:39:09,7165.08,7360.0,2.9159,247.0
11:39:09,7165.08,7370.0,7.6608,771.0
11:39:09,7165.08,7375.0,25.4988,10617.0
11:39:09,7165.08,7380.0,12.2625,5152.0
11:39:09,7165.08,7390.0,33.0928,2139.0
11:39:09,7165.08,7400.0,15.4658,4230.0
11:39:09,7165.08,7410.0,0.0095,65.0
11:39:09,7165.08,7425.0,4.2126,194.0
11:39:09,7165.08,7450.0,1.5767,474.0
11:39:09,7165.08,7475.0,0.0336,140.0
11:39:09,7165.08,7500.0,0.1662,296.0
11:39:09,7165.08,7550.0,0.0005,0.0
11:39:09,7165.08,7600.0,0.0006,2.0
11:39:09,7165.08,7700.0,0.0001,0.0
11:39:09,7165.08,7800.0,0.0,1.0
11:39:09,7165.08,8000.0,0.0,2.0
11:39:09,7165.08,8800.0,0.0,2.0
11:39:09,7165.08,9200.0,0.0,1.0
11:56:13,7165.08,4600.0,-0.0,4.0
11:56:13,7165.08,5300.0,-0.0,1.0
11:56:13,7165.08,5400.0,-0.0,3.0
11:56:13,7165.08,5500.0,-0.0,1.0
11:56:13,7165.08,5575.0,-0.0,1.0
11:56:13,7165.08,5625.0,-0.0,1.0
11:56:13,7165.08,5650.0,-0.0,1.0
11:56:13,7165.08,5800.0,-0.0,4.0
11:56:13,7165.08,5900.0,-0.0,3.0
11:56:13,7165.08,6000.0,-0.0,24.0
11:56:13,7165.08,6100.0,-0.0,876.0
11:56:13,7165.08,6110.0,-0.0,105.0
11:56:13,7165.08,6120.0,-0.0,81.0
11:56:13,7165.08,6125.0,-0.0,13.0
11:56:13,7165.08,6130.0,-0.0,3.0
11:56:13,7165.08,6140.0,-0.0,100.0
11:56:13,7165.08,6150.0,-0.0,297.0
11:56:13,7165.08,6160.0,-0.0,85.0
11:56:13,7165.08,6170.0,-0.0,87.0
11:56:13,7165.08,6175.0,-0.0,163.0
11:56:13,7165.08,6180.0,-0.0,10.0
11:56:13,7165.08,6190.0,-0.0026,97.0
11:56:13,7165.08,6200.0,-0.0,1177.0
11:56:13,7165.08,6210.0,-0.0984,0.0
11:56:13,7165.08,6220.0,-0.0021,40.0
11:56:13,7165.08,6225.0,-0.0,150.0
11:56:13,7165.08,6230.0,-0.0072,302.0
11:56:13,7165.08,6240.0,-0.0023,60.0
11:56:13,7165.08,6250.0,-0.0,226.0
11:56:13,7165.08,6260.0,-0.0,200.0
11:56:13,7165.08,6270.0,-0.014,101.0
11:56:13,7165.08,6275.0,-0.0,30.0
11:56:13,7165.08,6280.0,0.0002,20.0
11:56:13,7165.08,6290.0,-0.0,38.0
11:56:13,7165.08,6300.0,-0.0,96.0
11:56:13,7165.08,6310.0,-0.0,161.0
11:56:13,7165.08,6320.0,-0.0,10.0
11:56:13,7165.08,6325.0,-0.0,30.0
11:56:13,7165.08,6330.0,-0.0,196.0
11:56:13,7165.08,6340.0,0.0095,10.0
11:56:13,7165.08,6350.0,-0.0,95.0
11:56:13,7165.08,6360.0,-0.0,58.0
11:56:13,7165.08,6370.0,-0.0,50.0
11:56:13,7165.08,6375.0,-0.0,5.0
11:56:13,7165.08,6380.0,-0.0,44.0
11:56:13,7165.08,6390.0,0.0,11.0
11:56:13,7165.08,6400.0,-0.0,152.0
11:56:13,7165.08,6410.0,-0.0,5.0
11:56:13,7165.08,6420.0,-0.0,14.0
11:56:13,7165.08,6425.0,0.0,52.0
11:56:13,7165.08,6430.0,-0.0573,7.0
11:56:13,7165.08,6440.0,-0.0383,44.0
11:56:13,7165.08,6450.0,-0.0,1068.0
11:56:13,7165.08,6460.0,-0.0,80.0
11:56:13,7165.08,6470.0,-0.0,8.0
11:56:13,7165.08,6475.0,-0.0,3.0
11:56:13,7165.08,6480.0,-0.0,35.0
11:56:13,7165.08,6485.0,0.0043,8.0
11:56:13,7165.08,6490.0,-0.0,5.0
11:56:13,7165.08,6495.0,-0.0092,0.0
11:56:13,7165.08,6500.0,-0.0,70.0
11:56:13,7165.08,6505.0,-0.1222,100.0
11:56:13,7165.08,6510.0,-0.0,118.0
11:56:13,7165.08,6515.0,0.0164,117.0
11:56:13,7165.08,6520.0,-0.0,29.0
11:56:13,7165.08,6525.0,-0.0,4.0
11:56:13,7165.08,6530.0,-0.0,1.0
11:56:13,7165.08,6535.0,-0.0805,64.0
11:56:13,7165.08,6540.0,-0.0,22.0
11:56:13,7165.08,6545.0,-0.0131,58.0
11:56:13,7165.08,6550.0,-0.2663,0.0
11:56:13,7165.08,6555.0,0.0576,27.0
11:56:13,7165.08,6560.0,-0.0,15.0
11:56:13,7165.08,6565.0,-0.0552,3.0
11:56:13,7165.08,6570.0,0.0,1.0
11:56:13,7165.08,6580.0,0.0649,13.0
11:56:13,7165.08,6585.0,-0.0766,48.0
11:56:13,7165.08,6590.0,0.0474,57.0
11:56:13,7165.08,6595.0,-0.0,79.0
11:56:13,7165.08,6600.0,-0.0,4.0
11:56:13,7165.08,6605.0,-0.0,30.0
11:56:13,7165.08,6610.0,0.1515,106.0
11:56:13,7165.08,6615.0,-0.0,95.0
11:56:13,7165.08,6620.0,0.1026,80.0
11:56:13,7165.08,6625.0,0.0,16.0
11:56:13,7165.08,6630.0,-0.0,40.0
11:56:13,7165.08,6635.0,-0.1048,137.0
11:56:13,7165.08,6640.0,0.145,87.0
11:56:13,7165.08,6645.0,-0.1235,27.0
11:56:13,7165.08,6650.0,-0.0,3.0
11:56:13,7165.08,6655.0,-0.1014,70.0
11:56:13,7165.08,6660.0,-0.1662,88.0
11:56:13,7165.08,6665.0,-0.0,6.0
11:56:13,7165.08,6670.0,-0.0568,3.0
11:56:13,7165.08,6675.0,0.0,248.0
11:56:13,7165.08,6680.0,-0.3832,62.0
11:56:13,7165.08,6685.0,-0.0,287.0
11:56:13,7165.08,6690.0,-1.1985,139.0
11:56:13,7165.08,6695.0,-0.0,31.0
11:56:13,7165.08,6700.0,-0.0014,1429.0
11:56:13,7165.08,6705.0,-0.0001,49.0
11:56:13,7165.08,6710.0,-0.5515,565.0
11:56:13,7165.08,6715.0,-0.0002,161.0
11:56:13,7165.08,6720.0,-0.0004,44.0
11:56:13,7165.08,6725.0,-0.0006,1300.0
11:56:13,7165.08,6730.0,-0.0008,63.0
11:56:13,7165.08,6735.0,0.0255,56.0
11:56:13,7165.08,6740.0,-0.0022,181.0
11:56:13,7165.08,6745.0,-0.0006,86.0
11:56:13,7165.08,6750.0,-0.0094,3696.0
11:56:13,7165.08,6755.0,-0.0019,153.0
11:56:13,7165.08,6760.0,-1.966,1867.0
11:56:13,7165.08,6765.0,-0.0031,293.0
11:56:13,7165.08,6770.0,-1.806,136.0
11:56:13,7165.08,6775.0,-0.0042,3448.0
11:56:13,7165.08,6780.0,-0.0111,276.0
11:56:13,7165.08,6785.0,0.0242,130.0
11:56:13,7165.08,6790.0,-0.0215,194.0
11:56:13,7165.08,6795.0,-0.0608,159.0
11:56:13,7165.08,6800.0,-11.7331,2592.0
11:56:13,7165.08,6805.0,-4.2882,347.0
11:56:13,7165.08,6810.0,-3.7409,704.0
11:56:13,7165.08,6815.0,-0.0214,296.0
11:56:13,7165.08,6820.0,-1.649,158.0
11:56:13,7165.08,6825.0,2.1811,1565.0
11:56:13,7165.08,6830.0,-0.0506,188.0
11:56:13,7165.08,6835.0,-0.9594,221.0
11:56:13,7165.08,6840.0,-0.16,1189.0
11:56:13,7165.08,6845.0,-0.2437,4310.0
11:56:13,7165.08,6850.0,-7.8118,4335.0
11:56:13,7165.08,6855.0,-0.413,665.0
11:56:13,7165.08,6860.0,-4.3119,0.0
11:56:13,7165.08,6865.0,-0.6827,0.0
11:56:13,7165.08,6870.0,-0.2721,0.0
11:56:13,7165.08,6875.0,-0.6819,0.0
11:56:13,7165.08,6880.0,-1.0618,0.0
11:56:13,7165.08,6885.0,-13.817,3.0
11:56:13,7165.08,6890.0,-0.825,0.0
11:56:13,7165.08,6895.0,-58.1265,13.0
11:56:13,7165.08,6900.0,-36.6982,0.0
11:56:13,7165.08,6905.0,-2.7141,0.0
11:56:13,7165.08,6910.0,-1.4923,0.0
11:56:13,7165.08,6915.0,-1.2064,82.0
11:56:13,7165.08,6920.0,-0.7761,91.0
11:56:13,7165.08,6925.0,0.7624,791.0
11:56:13,7165.08,6930.0,-5.7977,0.0
11:56:13,7165.08,6935.0,-5.0962,0.0
11:56:13,7165.08,6940.0,1.0832,0.0
11:56:13,7165.08,6945.0,-39.7964,0.0
11:56:13,7165.08,6950.0,-55.891,117.0
11:56:13,7165.08,6955.0,-32.2255,0.0
11:56:13,7165.08,6960.0,-13.141,0.0
11:56:13,7165.08,6965.0,-6.3978,0.0
11:56:13,7165.08,6970.0,-4.1436,0.0
11:56:13,7165.08,6975.0,-15.0898,2648.0
11:56:13,7165.08,6980.0,-14.1651,0.0
11:56:13,7165.08,6985.0,-12.9409,32.0
11:56:13,7165.08,6990.0,-17.337,0.0
11:56:13,7165.08,6995.0,-16.8528,0.0
11:56:13,7165.08,7000.0,-11.9001,0.0
11:56:13,7165.08,7005.0,-126.486,0.0
11:56:13,7165.08,7010.0,-3.803,0.0
11:56:13,7165.08,7015.0,-10.6915,0.0
11:56:13,7165.08,7020.0,-4.5042,0.0
11:56:13,7165.08,7025.0,-23.4067,0.0
11:56:13,7165.08,7030.0,43.0428,0.0
11:56:13,7165.08,7035.0,-20.2507,0.0
11:56:13,7165.08,7040.0,-19.4179,0.0
11:56:13,7165.08,7045.0,308.3998,0.0
11:56:13,7165.08,7050.0,-123.7781,0.0
11:56:13,7165.08,7055.0,-195.4224,0.0
11:56:13,7165.08,7060.0,-22.1311,0.0
11:56:13,7165.08,7065.0,-15.1002,0.0
11:56:13,7165.08,7070.0,3.1324,0.0
11:56:13,7165.08,7075.0,-68.9882,0.0
11:56:13,7165.08,7080.0,-46.3397,0.0
11:56:13,7165.08,7085.0,-23.0963,0.0
11:56:13,7165.08,7090.0,-49.5119,0.0
11:56:13,7165.08,7095.0,-15.3363,0.0
11:56:13,7165.08,7100.0,127.8095,10605.0
11:56:13,7165.08,7105.0,18.294,0.0
11:56:13,7165.08,7110.0,-24.7531,0.0
11:56:13,7165.08,7115.0,22.6923,0.0
11:56:13,7165.08,7120.0,74.7954,0.0
11:56:13,7165.08,7125.0,1.3871,0.0
11:56:13,7165.08,7130.0,1432.7542,0.0
11:56:13,7165.08,7135.0,33.2303,0.0
11:56:13,7165.08,7140.0,281.7618,1894.0
11:56:13,7165.08,7145.0,40.4458,0.0
11:56:13,7165.08,7150.0,95.4028,0.0
11:56:13,7165.08,7155.0,654.3267,0.0
11:56:13,7165.08,7160.0,1144.1108,0.0
11:56:13,7165.08,7165.0,49.9362,0.0
11:56:13,7165.08,7170.0,200.338,0.0
11:56:13,7165.08,7175.0,324.0935,0.0
11:56:13,7165.08,7180.0,122.0941,0.0
11:56:13,7165.08,7185.0,76.5426,0.0
11:56:13,7165.08,7190.0,143.775,0.0
11:56:13,7165.08,7195.0,111.0354,0.0
11:56:13,7165.08,7200.0,681.2964,10217.0
11:56:13,7165.08,7205.0,78.608,0.0
11:56:13,7165.08,7210.0,213.0405,0.0
11:56:13,7165.08,7215.0,117.7262,0.0
11:56:13,7165.08,7220.0,216.5669,0.0
11:56:13,7165.08,7225.0,166.4071,0.0
11:56:13,7165.08,7230.0,178.4028,0.0
11:56:13,7165.08,7235.0,68.8201,0.0
11:56:13,7165.08,7240.0,182.2312,0.0
11:56:13,7165.08,7245.0,89.3606,0.0
11:56:13,7165.08,7250.0,1201.5839,0.0
11:56:13,7165.08,7255.0,447.6,0.0
11:56:13,7165.08,7260.0,120.2444,0.0
11:56:13,7165.08,7265.0,101.798,0.0
11:56:13,7165.08,7270.0,162.8743,0.0
11:56:13,7165.08,7275.0,281.902,0.0
11:56:13,7165.08,7280.0,198.4675,0.0
11:56:13,7165.08,7285.0,46.405,0.0
11:56:13,7165.08,7290.0,104.0849,0.0
11:56:13,7165.08,7295.0,43.9082,0.0
11:56:13,7165.08,7300.0,95.4905,0.0
11:56:13,7165.08,7305.0,6.3165,0.0
11:56:13,7165.08,7310.0,56.9585,0.0
11:56:13,7165.08,7315.0,29.3403,0.0
11:56:13,7165.08,7320.0,72.7014,0.0
11:56:13,7165.08,7325.0,21.8798,0.0
11:56:13,7165.08,7330.0,57.2859,0.0
11:56:13,7165.08,7335.0,0.3669,0.0
11:56:13,7165.08,7340.0,6.7209,0.0
11:56:13,7165.08,7345.0,0.2152,0.0
11:56:13,7165.08,7350.0,29.7588,0.0
11:56:13,7165.08,7360.0,2.9159,247.0
11:56:13,7165.08,7370.0,7.6608,771.0
11:56:13,7165.08,7375.0,25.4988,10617.0
11:56:13,7165.08,7380.0,12.2625,5152.0
11:56:13,7165.08,7390.0,33.0928,2139.0
11:56:13,7165.08,7400.0,15.4658,4230.0
11:56:13,7165.08,7410.0,0.0095,65.0
11:56:13,7165.08,7425.0,4.2126,194.0
11:56:13,7165.08,7450.0,1.5767,474.0
11:56:13,7165.08,7475.0,0.0336,140.0
11:56:13,7165.08,7500.0,0.1662,296.0
11:56:13,7165.08,7550.0,0.0005,0.0
11:56:13,7165.08,7600.0,0.0006,2.0
11:56:13,7165.08,7700.0,0.0001,0.0
11:56:13,7165.08,7800.0,0.0,1.0
11:56:13,7165.08,8000.0,0.0,2.0
11:56:13,7165.08,8800.0,0.0,2.0
11:56:13,7165.08,9200.0,0.0,1.0
12:13:32,7165.08,4600.0,-0.0,4.0
12:13:32,7165.08,5300.0,-0.0,1.0
12:13:32,7165.08,5400.0,-0.0,3.0
12:13:32,7165.08,5500.0,-0.0,1.0
12:13:32,7165.08,5575.0,-0.0,1.0
12:13:32,7165.08,5625.0,-0.0,1.0
12:13:32,7165.08,5650.0,-0.0,1.0
12:13:32,7165.08,5800.0,-0.0,4.0
12:13:32,7165.08,5900.0,-0.0,3.0
12:13:32,7165.08,6000.0,-0.0,24.0
12:13:32,7165.08,6100.0,-0.0,876.0
12:13:32,7165.08,6110.0,-0.0,105.0
12:13:32,7165.08,6120.0,-0.0,81.0
12:13:32,7165.08,6125.0,-0.0,13.0
12:13:32,7165.08,6130.0,-0.0,3.0
12:13:32,7165.08,6140.0,-0.0,100.0
12:13:32,7165.08,6150.0,-0.0,297.0
12:13:32,7165.08,6160.0,-0.0,85.0
12:13:32,7165.08,6170.0,-0.0,87.0
12:13:32,7165.08,6175.0,-0.0,163.0
12:13:32,7165.08,6180.0,-0.0,10.0
12:13:32,7165.08,6190.0,-0.0026,97.0
12:13:32,7165.08,6200.0,-0.0,1177.0
12:13:32,7165.08,6210.0,-0.0984,0.0
12:13:32,7165.08,6220.0,-0.0021,40.0
12:13:32,7165.08,6225.0,-0.0,150.0
12:13:32,7165.08,6230.0,-0.0072,302.0
12:13:32,7165.08,6240.0,-0.0023,60.0
12:13:32,7165.08,6250.0,-0.0,226.0
12:13:32,7165.08,6260.0,-0.0,200.0
12:13:32,7165.08,6270.0,-0.014,101.0
12:13:32,7165.08,6275.0,-0.0,30.0
12:13:32,7165.08,6280.0,0.0002,20.0
12:13:32,7165.08,6290.0,-0.0,38.0
12:13:32,7165.08,6300.0,-0.0,96.0
12:13:32,7165.08,6310.0,-0.0,161.0
12:13:32,7165.08,6320.0,-0.0,10.0
12:13:32,7165.08,6325.0,-0.0,30.0
12:13:32,7165.08,6330.0,-0.0,196.0
12:13:32,7165.08,6340.0,0.0095,10.0
12:13:32,7165.08,6350.0,-0.0,95.0
12:13:32,7165.08,6360.0,-0.0,58.0
12:13:32,7165.08,6370.0,-0.0,50.0
12:13:32,7165.08,6375.0,-0.0,5.0
12:13:32,7165.08,6380.0,-0.0,44.0
12:13:32,7165.08,6390.0,0.0,11.0
12:13:32,7165.08,6400.0,-0.0,152.0
12:13:32,7165.08,6410.0,-0.0,5.0
12:13:32,7165.08,6420.0,-0.0,14.0
12:13:32,7165.08,6425.0,0.0,52.0
12:13:32,7165.08,6430.0,-0.0573,7.0
12:13:32,7165.08,6440.0,-0.0383,44.0
12:13:32,7165.08,6450.0,-0.0,1068.0
12:13:32,7165.08,6460.0,-0.0,80.0
12:13:32,7165.08,6470.0,-0.0,8.0
12:13:32,7165.08,6475.0,-0.0,3.0
12:13:32,7165.08,6480.0,-0.0,35.0
12:13:32,7165.08,6485.0,0.0043,8.0
12:13:32,7165.08,6490.0,-0.0,5.0
12:13:32,7165.08,6495.0,-0.0092,0.0
12:13:32,7165.08,6500.0,-0.0,70.0
12:13:32,7165.08,6505.0,-0.1222,100.0
12:13:32,7165.08,6510.0,-0.0,118.0
12:13:32,7165.08,6515.0,0.0164,117.0
12:13:32,7165.08,6520.0,-0.0,29.0
12:13:32,7165.08,6525.0,-0.0,4.0
12:13:32,7165.08,6530.0,-0.0,1.0
12:13:32,7165.08,6535.0,-0.0805,64.0
12:13:32,7165.08,6540.0,-0.0,22.0
12:13:32,7165.08,6545.0,-0.0131,58.0
12:13:32,7165.08,6550.0,-0.2663,0.0
12:13:32,7165.08,6555.0,0.0576,27.0
12:13:32,7165.08,6560.0,-0.0,15.0
12:13:32,7165.08,6565.0,-0.0552,3.0
12:13:32,7165.08,6570.0,0.0,1.0
12:13:32,7165.08,6580.0,0.0649,13.0
12:13:32,7165.08,6585.0,-0.0766,48.0
12:13:32,7165.08,6590.0,0.0474,57.0
12:13:32,7165.08,6595.0,-0.0,79.0
12:13:32,7165.08,6600.0,-0.0,4.0
12:13:32,7165.08,6605.0,-0.0,30.0
12:13:32,7165.08,6610.0,0.1515,106.0
12:13:32,7165.08,6615.0,-0.0,95.0
12:13:32,7165.08,6620.0,0.1026,80.0
12:13:32,7165.08,6625.0,0.0,16.0
12:13:32,7165.08,6630.0,-0.0,40.0
12:13:32,7165.08,6635.0,-0.1048,137.0
12:13:32,7165.08,6640.0,0.145,87.0
12:13:32,7165.08,6645.0,-0.1235,27.0
12:13:32,7165.08,6650.0,-0.0,3.0
12:13:32,7165.08,6655.0,-0.1014,70.0
12:13:32,7165.08,6660.0,-0.1662,88.0
12:13:32,7165.08,6665.0,-0.0,6.0
12:13:32,7165.08,6670.0,-0.0568,3.0
12:13:32,7165.08,6675.0,0.0,248.0
12:13:32,7165.08,6680.0,-0.3832,62.0
12:13:32,7165.08,6685.0,-0.0,287.0
12:13:32,7165.08,6690.0,-1.1985,139.0
12:13:32,7165.08,6695.0,-0.0,31.0
12:13:32,7165.08,6700.0,-0.0014,1429.0
12:13:32,7165.08,6705.0,-0.0001,49.0
12:13:32,7165.08,6710.0,-0.5515,565.0
12:13:32,7165.08,6715.0,-0.0002,161.0
12:13:32,7165.08,6720.0,-0.0004,44.0
12:13:32,7165.08,6725.0,-0.0006,1300.0
12:13:32,7165.08,6730.0,-0.0008,63.0
12:13:32,7165.08,6735.0,0.0255,56.0
12:13:32,7165.08,6740.0,-0.0022,181.0
12:13:32,7165.08,6745.0,-0.0006,86.0
12:13:32,7165.08,6750.0,-0.0094,3696.0
12:13:32,7165.08,6755.0,-0.0019,153.0
12:13:32,7165.08,6760.0,-1.966,1867.0
12:13:32,7165.08,6765.0,-0.0031,293.0
12:13:32,7165.08,6770.0,-1.806,136.0
12:13:32,7165.08,6775.0,-0.0042,3448.0
12:13:32,7165.08,6780.0,-0.0111,276.0
12:13:32,7165.08,6785.0,0.0242,130.0
12:13:32,7165.08,6790.0,-0.0215,194.0
12:13:32,7165.08,6795.0,-0.0608,159.0
12:13:32,7165.08,6800.0,-11.7331,2592.0
12:13:32,7165.08,6805.0,-4.2882,347.0
12:13:32,7165.08,6810.0,-3.7409,704.0
12:13:32,7165.08,6815.0,-0.0214,296.0
12:13:32,7165.08,6820.0,-1.649,158.0
12:13:32,7165.08,6825.0,2.1811,1565.0
12:13:32,7165.08,6830.0,-0.0506,188.0
12:13:32,7165.08,6835.0,-0.9594,221.0
12:13:32,7165.08,6840.0,-0.16,1189.0
12:13:32,7165.08,6845.0,-0.2437,4310.0
12:13:32,7165.08,6850.0,-7.8118,4335.0
12:13:32,7165.08,6855.0,-0.413,665.0
12:13:32,7165.08,6860.0,-4.3119,0.0
12:13:32,7165.08,6865.0,-0.6827,0.0
12:13:32,7165.08,6870.0,-0.2721,0.0
12:13:32,7165.08,6875.0,-0.6819,0.0
12:13:32,7165.08,6880.0,-1.0618,0.0
12:13:32,7165.08,6885.0,-13.817,3.0
12:13:32,7165.08,6890.0,-0.825,0.0
12:13:32,7165.08,6895.0,-58.1265,13.0
12:13:32,7165.08,6900.0,-36.6982,0.0
12:13:32,7165.08,6905.0,-2.7141,0.0
12:13:32,7165.08,6910.0,-1.4923,0.0
12:13:32,7165.08,6915.0,-1.2064,82.0
12:13:32,7165.08,6920.0,-0.7761,91.0
12:13:32,7165.08,6925.0,0.7624,791.0
12:13:32,7165.08,6930.0,-5.7977,0.0
12:13:32,7165.08,6935.0,-5.0962,0.0
12:13:32,7165.08,6940.0,1.0832,0.0
12:13:32,7165.08,6945.0,-39.7964,0.0
12:13:32,7165.08,6950.0,-55.891,117.0
12:13:32,7165.08,6955.0,-32.2255,0.0
12:13:32,7165.08,6960.0,-13.141,0.0
12:13:32,7165.08,6965.0,-6.3978,0.0
12:13:32,7165.08,6970.0,-4.1436,0.0
12:13:32,7165.08,6975.0,-15.0898,2648.0
12:13:32,7165.08,6980.0,-14.1651,0.0
12:13:32,7165.08,6985.0,-12.9409,32.0
12:13:32,7165.08,6990.0,-17.337,0.0
12:13:32,7165.08,6995.0,-16.8528,0.0
12:13:32,7165.08,7000.0,-11.9001,0.0
12:13:32,7165.08,7005.0,-126.486,0.0
12:13:32,7165.08,7010.0,-3.803,0.0
12:13:32,7165.08,7015.0,-10.6915,0.0
12:13:32,7165.08,7020.0,-4.5042,0.0
12:13:32,7165.08,7025.0,-23.4067,0.0
12:13:32,7165.08,7030.0,43.0428,0.0
12:13:32,7165.08,7035.0,-20.2507,0.0
12:13:32,7165.08,7040.0,-19.4179,0.0
12:13:32,7165.08,7045.0,308.3998,0.0
12:13:32,7165.08,7050.0,-123.7781,0.0
12:13:32,7165.08,7055.0,-195.4224,0.0
12:13:32,7165.08,7060.0,-22.1311,0.0
12:13:32,7165.08,7065.0,-15.1002,0.0
12:13:32,7165.08,7070.0,3.1324,0.0
12:13:32,7165.08,7075.0,-68.9882,0.0
12:13:32,7165.08,7080.0,-46.3397,0.0
12:13:32,7165.08,7085.0,-23.0963,0.0
12:13:32,7165.08,7090.0,-49.5119,0.0
12:13:32,7165.08,7095.0,-15.3363,0.0
12:13:32,7165.08,7100.0,127.8095,10605.0
12:13:32,7165.08,7105.0,18.294,0.0
12:13:32,7165.08,7110.0,-24.7531,0.0
12:13:32,7165.08,7115.0,22.6923,0.0
12:13:32,7165.08,7120.0,74.7954,0.0
12:13:32,7165.08,7125.0,1.3871,0.0
12:13:32,7165.08,7130.0,1432.7542,0.0
12:13:32,7165.08,7135.0,33.2303,0.0
12:13:32,7165.08,7140.0,281.7618,1894.0
12:13:32,7165.08,7145.0,40.4458,0.0
12:13:32,7165.08,7150.0,95.4028,0.0
12:13:32,7165.08,7155.0,654.3267,0.0
12:13:32,7165.08,7160.0,1144.1108,0.0
12:13:32,7165.08,7165.0,49.9362,0.0
12:13:32,7165.08,7170.0,200.338,0.0
12:13:32,7165.08,7175.0,324.0935,0.0
12:13:32,7165.08,7180.0,122.0941,0.0
12:13:32,7165.08,7185.0,76.5426,0.0
12:13:32,7165.08,7190.0,143.775,0.0
12:13:32,7165.08,7195.0,111.0354,0.0
12:13:32,7165.08,7200.0,681.2964,10217.0
12:13:32,7165.08,7205.0,78.608,0.0
12:13:32,7165.08,7210.0,213.0405,0.0
12:13:32,7165.08,7215.0,117.7262,0.0
12:13:32,7165.08,7220.0,216.5669,0.0
12:13:32,7165.08,7225.0,166.4071,0.0
12:13:32,7165.08,7230.0,178.4028,0.0
12:13:32,7165.08,7235.0,68.8201,0.0
12:13:32,7165.08,7240.0,182.2312,0.0
12:13:32,7165.08,7245.0,89.3606,0.0
12:13:32,7165.08,7250.0,1201.5839,0.0
12:13:32,7165.08,7255.0,447.6,0.0
12:13:32,7165.08,7260.0,120.2444,0.0
12:13:32,7165.08,7265.0,101.798,0.0
12:13:32,7165.08,7270.0,162.8743,0.0
12:13:32,7165.08,7275.0,281.902,0.0
12:13:32,7165.08,7280.0,198.4675,0.0
12:13:32,7165.08,7285.0,46.405,0.0
12:13:32,7165.08,7290.0,104.0849,0.0
12:13:32,7165.08,7295.0,43.9082,0.0
12:13:32,7165.08,7300.0,95.4905,0.0
12:13:32,7165.08,7305.0,6.3165,0.0
12:13:32,7165.08,7310.0,56.9585,0.0
12:13:32,7165.08,7315.0,29.3403,0.0
12:13:32,7165.08,7320.0,72.7014,0.0
12:13:32,7165.08,7325.0,21.8798,0.0
12:13:32,7165.08,7330.0,57.2859,0.0
12:13:32,7165.08,7335.0,0.3669,0.0
12:13:32,7165.08,7340.0,6.7209,0.0
12:13:32,7165.08,7345.0,0.2152,0.0
12:13:32,7165.08,7350.0,29.7588,0.0
12:13:32,7165.08,7360.0,2.9159,247.0
12:13:32,7165.08,7370.0,7.6608,771.0
12:13:32,7165.08,7375.0,25.4988,10617.0
12:13:32,7165.08,7380.0,12.2625,5152.0
12:13:32,7165.08,7390.0,33.0928,2139.0
12:13:32,7165.08,7400.0,15.4658,4230.0
12:13:32,7165.08,7410.0,0.0095,65.0
12:13:32,7165.08,7425.0,4.2126,194.0
12:13:32,7165.08,7450.0,1.5767,474.0
12:13:32,7165.08,7475.0,0.0336,140.0
12:13:32,7165.08,7500.0,0.1662,296.0
12:13:32,7165.08,7550.0,0.0005,0.0
12:13:32,7165.08,7600.0,0.0006,2.0
12:13:32,7165.08,7700.0,0.0001,0.0
12:13:32,7165.08,7800.0,0.0,1.0
12:13:32,7165.08,8000.0,0.0,2.0
12:13:32,7165.08,8800.0,0.0,2.0
12:13:32,7165.08,9200.0,0.0,1.0
12:31:51,7165.08,4600.0,-0.0,4.0
12:31:51,7165.08,5300.0,-0.0,1.0
12:31:51,7165.08,5400.0,-0.0,3.0
12:31:51,7165.08,5500.0,-0.0,1.0
12:31:51,7165.08,5575.0,-0.0,1.0
12:31:51,7165.08,5625.0,-0.0,1.0
12:31:51,7165.08,5650.0,-0.0,1.0
12:31:51,7165.08,5800.0,-0.0,4.0
12:31:51,7165.08,5900.0,-0.0,3.0
12:31:51,7165.08,6000.0,-0.0,24.0
12:31:51,7165.08,6100.0,-0.0,876.0
12:31:51,7165.08,6110.0,-0.0,105.0
12:31:51,7165.08,6120.0,-0.0,81.0
12:31:51,7165.08,6125.0,-0.0,13.0
12:31:51,7165.08,6130.0,-0.0,3.0
12:31:51,7165.08,6140.0,-0.0,100.0
12:31:51,7165.08,6150.0,-0.0,297.0
12:31:51,7165.08,6160.0,-0.0,85.0
12:31:51,7165.08,6170.0,-0.0,87.0
12:31:51,7165.08,6175.0,-0.0,163.0
12:31:51,7165.08,6180.0,-0.0,10.0
12:31:51,7165.08,6190.0,-0.0026,97.0
12:31:51,7165.08,6200.0,-0.0,1177.0
12:31:51,7165.08,6210.0,-0.0984,0.0
12:31:51,7165.08,6220.0,-0.0021,40.0
12:31:51,7165.08,6225.0,-0.0,150.0
12:31:51,7165.08,6230.0,-0.0072,302.0
12:31:51,7165.08,6240.0,-0.0023,60.0
12:31:51,7165.08,6250.0,-0.0,226.0
12:31:51,7165.08,6260.0,-0.0,200.0
12:31:51,7165.08,6270.0,-0.014,101.0
12:31:51,7165.08,6275.0,-0.0,30.0
12:31:51,7165.08,6280.0,0.0002,20.0
12:31:51,7165.08,6290.0,-0.0,38.0
12:31:51,7165.08,6300.0,-0.0,96.0
12:31:51,7165.08,6310.0,-0.0,161.0
12:31:51,7165.08,6320.0,-0.0,10.0
12:31:51,7165.08,6325.0,-0.0,30.0
12:31:51,7165.08,6330.0,-0.0,196.0
12:31:51,7165.08,6340.0,0.0095,10.0
12:31:51,7165.08,6350.0,-0.0,95.0
12:31:51,7165.08,6360.0,-0.0,58.0
12:31:51,7165.08,6370.0,-0.0,50.0
12:31:51,7165.08,6375.0,-0.0,5.0
12:31:51,7165.08,6380.0,-0.0,44.0
12:31:51,7165.08,6390.0,0.0,11.0
12:31:51,7165.08,6400.0,-0.0,152.0
12:31:51,7165.08,6410.0,-0.0,5.0
12:31:51,7165.08,6420.0,-0.0,14.0
12:31:51,7165.08,6425.0,0.0,52.0
12:31:51,7165.08,6430.0,-0.0573,7.0
12:31:51,7165.08,6440.0,-0.0383,44.0
12:31:51,7165.08,6450.0,-0.0,1068.0
12:31:51,7165.08,6460.0,-0.0,80.0
12:31:51,7165.08,6470.0,-0.0,8.0
12:31:51,7165.08,6475.0,-0.0,3.0
12:31:51,7165.08,6480.0,-0.0,35.0
12:31:51,7165.08,6485.0,0.0043,8.0
12:31:51,7165.08,6490.0,-0.0,5.0
12:31:51,7165.08,6495.0,-0.0092,0.0
12:31:51,7165.08,6500.0,-0.0,70.0
12:31:51,7165.08,6505.0,-0.1222,100.0
12:31:51,7165.08,6510.0,-0.0,118.0
12:31:51,7165.08,6515.0,0.0164,117.0
12:31:51,7165.08,6520.0,-0.0,29.0
12:31:51,7165.08,6525.0,-0.0,4.0
12:31:51,7165.08,6530.0,-0.0,1.0
12:31:51,7165.08,6535.0,-0.0805,64.0
12:31:51,7165.08,6540.0,-0.0,22.0
12:31:51,7165.08,6545.0,-0.0131,58.0
12:31:51,7165.08,6550.0,-0.2663,0.0
12:31:51,7165.08,6555.0,0.0576,27.0
12:31:51,7165.08,6560.0,-0.0,15.0
12:31:51,7165.08,6565.0,-0.0552,3.0
12:31:51,7165.08,6570.0,0.0,1.0
12:31:51,7165.08,6580.0,0.0649,13.0
12:31:51,7165.08,6585.0,-0.0766,48.0
12:31:51,7165.08,6590.0,0.0474,57.0
12:31:51,7165.08,6595.0,-0.0,79.0
12:31:51,7165.08,6600.0,-0.0,4.0
12:31:51,7165.08,6605.0,-0.0,30.0
12:31:51,7165.08,6610.0,0.1515,106.0
12:31:51,7165.08,6615.0,-0.0,95.0
12:31:51,7165.08,6620.0,0.1026,80.0
12:31:51,7165.08,6625.0,0.0,16.0
12:31:51,7165.08,6630.0,-0.0,40.0
12:31:51,7165.08,6635.0,-0.1048,137.0
12:31:51,7165.08,6640.0,0.145,87.0
12:31:51,7165.08,6645.0,-0.1235,27.0
12:31:51,7165.08,6650.0,-0.0,3.0
12:31:51,7165.08,6655.0,-0.1014,70.0
12:31:51,7165.08,6660.0,-0.1662,88.0
12:31:51,7165.08,6665.0,-0.0,6.0
12:31:51,7165.08,6670.0,-0.0568,3.0
12:31:51,7165.08,6675.0,0.0,248.0
12:31:51,7165.08,6680.0,-0.3832,62.0
12:31:51,7165.08,6685.0,-0.0,287.0
12:31:51,7165.08,6690.0,-1.1985,139.0
12:31:51,7165.08,6695.0,-0.0,31.0
12:31:51,7165.08,6700.0,-0.0014,1429.0
12:31:51,7165.08,6705.0,-0.0001,49.0
12:31:51,7165.08,6710.0,-0.5515,565.0
12:31:51,7165.08,6715.0,-0.0002,161.0
12:31:51,7165.08,6720.0,-0.0004,44.0
12:31:51,7165.08,6725.0,-0.0006,1300.0
12:31:51,7165.08,6730.0,-0.0008,63.0
12:31:51,7165.08,6735.0,0.0255,56.0
12:31:51,7165.08,6740.0,-0.0022,181.0
12:31:51,7165.08,6745.0,-0.0006,86.0
12:31:51,7165.08,6750.0,-0.0094,3696.0
12:31:51,7165.08,6755.0,-0.0019,153.0
12:31:51,7165.08,6760.0,-1.966,1867.0
12:31:51,7165.08,6765.0,-0.0031,293.0
12:31:51,7165.08,6770.0,-1.806,136.0
12:31:51,7165.08,6775.0,-0.0042,3448.0
12:31:51,7165.08,6780.0,-0.0111,276.0
12:31:51,7165.08,6785.0,0.0242,130.0
12:31:51,7165.08,6790.0,-0.0215,194.0
12:31:51,7165.08,6795.0,-0.0608,159.0
12:31:51,7165.08,6800.0,-11.7331,2592.0
12:31:51,7165.08,6805.0,-4.2882,347.0
12:31:51,7165.08,6810.0,-3.7409,704.0
12:31:51,7165.08,6815.0,-0.0214,296.0
12:31:51,7165.08,6820.0,-1.649,158.0
12:31:51,7165.08,6825.0,2.1811,1565.0
12:31:51,7165.08,6830.0,-0.0506,188.0
12:31:51,7165.08,6835.0,-0.9594,221.0
12:31:51,7165.08,6840.0,-0.16,1189.0
12:31:51,7165.08,6845.0,-0.2437,4310.0
12:31:51,7165.08,6850.0,-7.8118,4335.0
12:31:51,7165.08,6855.0,-0.413,665.0
12:31:51,7165.08,6860.0,-4.3119,0.0
12:31:51,7165.08,6865.0,-0.6827,0.0
12:31:51,7165.08,6870.0,-0.2721,0.0
12:31:51,7165.08,6875.0,-0.6819,0.0
12:31:51,7165.08,6880.0,-1.0618,0.0
12:31:51,7165.08,6885.0,-13.817,3.0
12:31:51,7165.08,6890.0,-0.825,0.0
12:31:51,7165.08,6895.0,-58.1265,13.0
12:31:51,7165.08,6900.0,-36.6982,0.0
12:31:51,7165.08,6905.0,-2.7141,0.0
12:31:51,7165.08,6910.0,-1.4923,0.0
12:31:51,7165.08,6915.0,-1.2064,82.0
12:31:51,7165.08,6920.0,-0.7761,91.0
12:31:51,7165.08,6925.0,0.7624,791.0
12:31:51,7165.08,6930.0,-5.7977,0.0
12:31:51,7165.08,6935.0,-5.0962,0.0
12:31:51,7165.08,6940.0,1.0832,0.0
12:31:51,7165.08,6945.0,-39.7964,0.0
12:31:51,7165.08,6950.0,-55.891,117.0
12:31:51,7165.08,6955.0,-32.2255,0.0
12:31:51,7165.08,6960.0,-13.141,0.0
12:31:51,7165.08,6965.0,-6.3978,0.0
12:31:51,7165.08,6970.0,-4.1436,0.0
12:31:51,7165.08,6975.0,-15.0898,2648.0
12:31:51,7165.08,6980.0,-14.1651,0.0
12:31:51,7165.08,6985.0,-12.9409,32.0
12:31:51,7165.08,6990.0,-17.337,0.0
12:31:51,7165.08,6995.0,-16.8528,0.0
12:31:51,7165.08,7000.0,-11.9001,0.0
12:31:51,7165.08,7005.0,-126.486,0.0
12:31:51,7165.08,7010.0,-3.803,0.0
12:31:51,7165.08,7015.0,-10.6915,0.0
12:31:51,7165.08,7020.0,-4.5042,0.0
12:31:51,7165.08,7025.0,-23.4067,0.0
12:31:51,7165.08,7030.0,43.0428,0.0
12:31:51,7165.08,7035.0,-20.2507,0.0
12:31:51,7165.08,7040.0,-19.4179,0.0
12:31:51,7165.08,7045.0,308.3998,0.0
12:31:51,7165.08,7050.0,-123.7781,0.0
12:31:51,7165.08,7055.0,-195.4224,0.0
12:31:51,7165.08,7060.0,-22.1311,0.0
12:31:51,7165.08,7065.0,-15.1002,0.0
12:31:51,7165.08,7070.0,3.1324,0.0
12:31:51,7165.08,7075.0,-68.9882,0.0
12:31:51,7165.08,7080.0,-46.3397,0.0
12:31:51,7165.08,7085.0,-23.0963,0.0
12:31:51,7165.08,7090.0,-49.5119,0.0
12:31:51,7165.08,7095.0,-15.3363,0.0
12:31:51,7165.08,7100.0,127.8095,10605.0
12:31:51,7165.08,7105.0,18.294,0.0
12:31:51,7165.08,7110.0,-24.7531,0.0
12:31:51,7165.08,7115.0,22.6923,0.0
12:31:51,7165.08,7120.0,74.7954,0.0
12:31:51,7165.08,7125.0,1.3871,0.0
12:31:51,7165.08,7130.0,1432.7542,0.0
12:31:51,7165.08,7135.0,33.2303,0.0
12:31:51,7165.08,7140.0,281.7618,1894.0
12:31:51,7165.08,7145.0,40.4458,0.0
12:31:51,7165.08,7150.0,95.4028,0.0
12:31:51,7165.08,7155.0,654.3267,0.0
12:31:51,7165.08,7160.0,1144.1108,0.0
12:31:51,7165.08,7165.0,49.9362,0.0
12:31:51,7165.08,7170.0,200.338,0.0
12:31:51,7165.08,7175.0,324.0935,0.0
12:31:51,7165.08,7180.0,122.0941,0.0
12:31:51,7165.08,7185.0,76.5426,0.0
12:31:51,7165.08,7190.0,143.775,0.0
12:31:51,7165.08,7195.0,111.0354,0.0
12:31:51,7165.08,7200.0,681.2964,10217.0
12:31:51,7165.08,7205.0,78.608,0.0
12:31:51,7165.08,7210.0,213.0405,0.0
12:31:51,7165.08,7215.0,117.7262,0.0
12:31:51,7165.08,7220.0,216.5669,0.0
12:31:51,7165.08,7225.0,166.4071,0.0
12:31:51,7165.08,7230.0,178.4028,0.0
12:31:51,7165.08,7235.0,68.8201,0.0
12:31:51,7165.08,7240.0,182.2312,0.0
12:31:51,7165.08,7245.0,89.3606,0.0
12:31:51,7165.08,7250.0,1201.5839,0.0
12:31:51,7165.08,7255.0,447.6,0.0
12:31:51,7165.08,7260.0,120.2444,0.0
12:31:51,7165.08,7265.0,101.798,0.0
12:31:51,7165.08,7270.0,162.8743,0.0
12:31:51,7165.08,7275.0,281.902,0.0
12:31:51,7165.08,7280.0,198.4675,0.0
12:31:51,7165.08,7285.0,46.405,0.0
12:31:51,7165.08,7290.0,104.0849,0.0
12:31:51,7165.08,7295.0,43.9082,0.0
12:31:51,7165.08,7300.0,95.4905,0.0
12:31:51,7165.08,7305.0,6.3165,0.0
12:31:51,7165.08,7310.0,56.9585,0.0
12:31:51,7165.08,7315.0,29.3403,0.0
12:31:51,7165.08,7320.0,72.7014,0.0
12:31:51,7165.08,7325.0,21.8798,0.0
12:31:51,7165.08,7330.0,57.2859,0.0
12:31:51,7165.08,7335.0,0.3669,0.0
12:31:51,7165.08,7340.0,6.7209,0.0
12:31:51,7165.08,7345.0,0.2152,0.0
12:31:51,7165.08,7350.0,29.7588,0.0
12:31:51,7165.08,7360.0,2.9159,247.0
12:31:51,7165.08,7370.0,7.6608,771.0
12:31:51,7165.08,7375.0,25.4988,10617.0
12:31:51,7165.08,7380.0,12.2625,5152.0
12:31:51,7165.08,7390.0,33.0928,2139.0
12:31:51,7165.08,7400.0,15.4658,4230.0
12:31:51,7165.08,7410.0,0.0095,65.0
12:31:51,7165.08,7425.0,4.2126,194.0
12:31:51,7165.08,7450.0,1.5767,474.0
12:31:51,7165.08,7475.0,0.0336,140.0
12:31:51,7165.08,7500.0,0.1662,296.0
12:31:51,7165.08,7550.0,0.0005,0.0
12:31:51,7165.08,7600.0,0.0006,2.0
12:31:51,7165.08,7700.0,0.0001,0.0
12:31:51,7165.08,7800.0,0.0,1.0
12:31:51,7165.08,8000.0,0.0,2.0
12:31:51,7165.08,8800.0,0.0,2.0
12:31:51,7165.08,9200.0,0.0,1.0
12:49:07,7165.08,4600.0,-0.0,4.0
12:49:07,7165.08,5300.0,-0.0,1.0
12:49:07,7165.08,5400.0,-0.0,3.0
12:49:07,7165.08,5500.0,-0.0,1.0
12:49:07,7165.08,5575.0,-0.0,1.0
12:49:07,7165.08,5625.0,-0.0,1.0
12:49:07,7165.08,5650.0,-0.0,1.0
12:49:07,7165.08,5800.0,-0.0,4.0
12:49:07,7165.08,5900.0,-0.0,3.0
12:49:07,7165.08,6000.0,-0.0,24.0
12:49:07,7165.08,6100.0,-0.0,876.0
12:49:07,7165.08,6110.0,-0.0,105.0
12:49:07,7165.08,6120.0,-0.0,81.0
12:49:07,7165.08,6125.0,-0.0,13.0
12:49:07,7165.08,6130.0,-0.0,3.0
12:49:07,7165.08,6140.0,-0.0,100.0
12:49:07,7165.08,6150.0,-0.0,297.0
12:49:07,7165.08,6160.0,-0.0,85.0
12:49:07,7165.08,6170.0,-0.0,87.0
12:49:07,7165.08,6175.0,-0.0,163.0
12:49:07,7165.08,6180.0,-0.0,10.0
12:49:07,7165.08,6190.0,-0.0026,97.0
12:49:07,7165.08,6200.0,-0.0,1177.0
12:49:07,7165.08,6210.0,-0.0984,0.0
12:49:07,7165.08,6220.0,-0.0021,40.0
12:49:07,7165.08,6225.0,-0.0,150.0
12:49:07,7165.08,6230.0,-0.0072,302.0
12:49:07,7165.08,6240.0,-0.0023,60.0
12:49:07,7165.08,6250.0,-0.0,226.0
12:49:07,7165.08,6260.0,-0.0,200.0
12:49:07,7165.08,6270.0,-0.014,101.0
12:49:07,7165.08,6275.0,-0.0,30.0
12:49:07,7165.08,6280.0,0.0002,20.0
12:49:07,7165.08,6290.0,-0.0,38.0
12:49:07,7165.08,6300.0,-0.0,96.0
12:49:07,7165.08,6310.0,-0.0,161.0
12:49:07,7165.08,6320.0,-0.0,10.0
12:49:07,7165.08,6325.0,-0.0,30.0
12:49:07,7165.08,6330.0,-0.0,196.0
12:49:07,7165.08,6340.0,0.0095,10.0
12:49:07,7165.08,6350.0,-0.0,95.0
12:49:07,7165.08,6360.0,-0.0,58.0
12:49:07,7165.08,6370.0,-0.0,50.0
12:49:07,7165.08,6375.0,-0.0,5.0
12:49:07,7165.08,6380.0,-0.0,44.0
12:49:07,7165.08,6390.0,0.0,11.0
12:49:07,7165.08,6400.0,-0.0,152.0
12:49:07,7165.08,6410.0,-0.0,5.0
12:49:07,7165.08,6420.0,-0.0,14.0
12:49:07,7165.08,6425.0,0.0,52.0
12:49:07,7165.08,6430.0,-0.0573,7.0
12:49:07,7165.08,6440.0,-0.0383,44.0
12:49:07,7165.08,6450.0,-0.0,1068.0
12:49:07,7165.08,6460.0,-0.0,80.0
12:49:07,7165.08,6470.0,-0.0,8.0
12:49:07,7165.08,6475.0,-0.0,3.0
12:49:07,7165.08,6480.0,-0.0,35.0
12:49:07,7165.08,6485.0,0.0043,8.0
12:49:07,7165.08,6490.0,-0.0,5.0
12:49:07,7165.08,6495.0,-0.0092,0.0
12:49:07,7165.08,6500.0,-0.0,70.0
12:49:07,7165.08,6505.0,-0.1222,100.0
12:49:07,7165.08,6510.0,-0.0,118.0
12:49:07,7165.08,6515.0,0.0164,117.0
12:49:07,7165.08,6520.0,-0.0,29.0
12:49:07,7165.08,6525.0,-0.0,4.0
12:49:07,7165.08,6530.0,-0.0,1.0
12:49:07,7165.08,6535.0,-0.0805,64.0
12:49:07,7165.08,6540.0,-0.0,22.0
12:49:07,7165.08,6545.0,-0.0131,58.0
12:49:07,7165.08,6550.0,-0.2663,0.0
12:49:07,7165.08,6555.0,0.0576,27.0
12:49:07,7165.08,6560.0,-0.0,15.0
12:49:07,7165.08,6565.0,-0.0552,3.0
12:49:07,7165.08,6570.0,0.0,1.0
12:49:07,7165.08,6580.0,0.0649,13.0
12:49:07,7165.08,6585.0,-0.0766,48.0
12:49:07,7165.08,6590.0,0.0474,57.0
12:49:07,7165.08,6595.0,-0.0,79.0
12:49:07,7165.08,6600.0,-0.0,4.0
12:49:07,7165.08,6605.0,-0.0,30.0
12:49:07,7165.08,6610.0,0.1515,106.0
12:49:07,7165.08,6615.0,-0.0,95.0
12:49:07,7165.08,6620.0,0.1026,80.0
12:49:07,7165.08,6625.0,0.0,16.0
12:49:07,7165.08,6630.0,-0.0,40.0
12:49:07,7165.08,6635.0,-0.1048,137.0
12:49:07,7165.08,6640.0,0.145,87.0
12:49:07,7165.08,6645.0,-0.1235,27.0
12:49:07,7165.08,6650.0,-0.0,3.0
12:49:07,7165.08,6655.0,-0.1014,70.0
12:49:07,7165.08,6660.0,-0.1662,88.0
12:49:07,7165.08,6665.0,-0.0,6.0
12:49:07,7165.08,6670.0,-0.0568,3.0
12:49:07,7165.08,6675.0,0.0,248.0
12:49:07,7165.08,6680.0,-0.3832,62.0
12:49:07,7165.08,6685.0,-0.0,287.0
12:49:07,7165.08,6690.0,-1.1985,139.0
12:49:07,7165.08,6695.0,-0.0,31.0
12:49:07,7165.08,6700.0,-0.0014,1429.0
12:49:07,7165.08,6705.0,-0.0001,49.0
12:49:07,7165.08,6710.0,-0.5515,565.0
12:49:07,7165.08,6715.0,-0.0002,161.0
12:49:07,7165.08,6720.0,-0.0004,44.0
12:49:07,7165.08,6725.0,-0.0006,1300.0
12:49:07,7165.08,6730.0,-0.0008,63.0
12:49:07,7165.08,6735.0,0.0255,56.0
12:49:07,7165.08,6740.0,-0.0022,181.0
12:49:07,7165.08,6745.0,-0.0006,86.0
12:49:07,7165.08,6750.0,-0.0094,3696.0
12:49:07,7165.08,6755.0,-0.0019,153.0
12:49:07,7165.08,6760.0,-1.966,1867.0
12:49:07,7165.08,6765.0,-0.0031,293.0
12:49:07,7165.08,6770.0,-1.806,136.0
12:49:07,7165.08,6775.0,-0.0042,3448.0
12:49:07,7165.08,6780.0,-0.0111,276.0
12:49:07,7165.08,6785.0,0.0242,130.0
12:49:07,7165.08,6790.0,-0.0215,194.0
12:49:07,7165.08,6795.0,-0.0608,159.0
12:49:07,7165.08,6800.0,-11.7331,2592.0
12:49:07,7165.08,6805.0,-4.2882,347.0
12:49:07,7165.08,6810.0,-3.7409,704.0
12:49:07,7165.08,6815.0,-0.0214,296.0
12:49:07,7165.08,6820.0,-1.649,158.0
12:49:07,7165.08,6825.0,2.1811,1565.0
12:49:07,7165.08,6830.0,-0.0506,188.0
12:49:07,7165.08,6835.0,-0.9594,221.0
12:49:07,7165.08,6840.0,-0.16,1189.0
12:49:07,7165.08,6845.0,-0.2437,4310.0
12:49:07,7165.08,6850.0,-7.8118,4335.0
12:49:07,7165.08,6855.0,-0.413,665.0
12:49:07,7165.08,6860.0,-4.3119,0.0
12:49:07,7165.08,6865.0,-0.6827,0.0
12:49:07,7165.08,6870.0,-0.2721,0.0
12:49:07,7165.08,6875.0,-0.6819,0.0
12:49:07,7165.08,6880.0,-1.0618,0.0
12:49:07,7165.08,6885.0,-13.817,3.0
12:49:07,7165.08,6890.0,-0.825,0.0
12:49:07,7165.08,6895.0,-58.1265,13.0
12:49:07,7165.08,6900.0,-36.6982,0.0
12:49:07,7165.08,6905.0,-2.7141,0.0
12:49:07,7165.08,6910.0,-1.4923,0.0
12:49:07,7165.08,6915.0,-1.2064,82.0
12:49:07,7165.08,6920.0,-0.7761,91.0
12:49:07,7165.08,6925.0,0.7624,791.0
12:49:07,7165.08,6930.0,-5.7977,0.0
12:49:07,7165.08,6935.0,-5.0962,0.0
12:49:07,7165.08,6940.0,1.0832,0.0
12:49:07,7165.08,6945.0,-39.7964,0.0
12:49:07,7165.08,6950.0,-55.891,117.0
12:49:07,7165.08,6955.0,-32.2255,0.0
12:49:07,7165.08,6960.0,-13.141,0.0
12:49:07,7165.08,6965.0,-6.3978,0.0
12:49:07,7165.08,6970.0,-4.1436,0.0
12:49:07,7165.08,6975.0,-15.0898,2648.0
12:49:07,7165.08,6980.0,-14.1651,0.0
12:49:07,7165.08,6985.0,-12.9409,32.0
12:49:07,7165.08,6990.0,-17.337,0.0
12:49:07,7165.08,6995.0,-16.8528,0.0
12:49:07,7165.08,7000.0,-11.9001,0.0
12:49:07,7165.08,7005.0,-126.486,0.0
12:49:07,7165.08,7010.0,-3.803,0.0
12:49:07,7165.08,7015.0,-10.6915,0.0
12:49:07,7165.08,7020.0,-4.5042,0.0
12:49:07,7165.08,7025.0,-23.4067,0.0
12:49:07,7165.08,7030.0,43.0428,0.0
12:49:07,7165.08,7035.0,-20.2507,0.0
12:49:07,7165.08,7040.0,-19.4179,0.0
12:49:07,7165.08,7045.0,308.3998,0.0
12:49:07,7165.08,7050.0,-123.7781,0.0
12:49:07,7165.08,7055.0,-195.4224,0.0
12:49:07,7165.08,7060.0,-22.1311,0.0
12:49:07,7165.08,7065.0,-15.1002,0.0
12:49:07,7165.08,7070.0,3.1324,0.0
12:49:07,7165.08,7075.0,-68.9882,0.0
12:49:07,7165.08,7080.0,-46.3397,0.0
12:49:07,7165.08,7085.0,-23.0963,0.0
12:49:07,7165.08,7090.0,-49.5119,0.0
12:49:07,7165.08,7095.0,-15.3363,0.0
12:49:07,7165.08,7100.0,127.8095,10605.0
12:49:07,7165.08,7105.0,18.294,0.0
12:49:07,7165.08,7110.0,-24.7531,0.0
12:49:07,7165.08,7115.0,22.6923,0.0
12:49:07,7165.08,7120.0,74.7954,0.0
12:49:07,7165.08,7125.0,1.3871,0.0
12:49:07,7165.08,7130.0,1432.7542,0.0
12:49:07,7165.08,7135.0,33.2303,0.0
12:49:07,7165.08,7140.0,281.7618,1894.0
12:49:07,7165.08,7145.0,40.4458,0.0
12:49:07,7165.08,7150.0,95.4028,0.0
12:49:07,7165.08,7155.0,654.3267,0.0
12:49:07,7165.08,7160.0,1144.1108,0.0
12:49:07,7165.08,7165.0,49.9362,0.0
12:49:07,7165.08,7170.0,200.338,0.0
12:49:07,7165.08,7175.0,324.0935,0.0
12:49:07,7165.08,7180.0,122.0941,0.0
12:49:07,7165.08,7185.0,76.5426,0.0
12:49:07,7165.08,7190.0,143.775,0.0
12:49:07,7165.08,7195.0,111.0354,0.0
12:49:07,7165.08,7200.0,681.2964,10217.0
12:49:07,7165.08,7205.0,78.608,0.0
12:49:07,7165.08,7210.0,213.0405,0.0
12:49:07,7165.08,7215.0,117.7262,0.0
12:49:07,7165.08,7220.0,216.5669,0.0
12:49:07,7165.08,7225.0,166.4071,0.0
12:49:07,7165.08,7230.0,178.4028,0.0
12:49:07,7165.08,7235.0,68.8201,0.0
12:49:07,7165.08,7240.0,182.2312,0.0
12:49:07,7165.08,7245.0,89.3606,0.0
12:49:07,7165.08,7250.0,1201.5839,0.0
12:49:07,7165.08,7255.0,447.6,0.0
12:49:07,7165.08,7260.0,120.2444,0.0
12:49:07,7165.08,7265.0,101.798,0.0
12:49:07,7165.08,7270.0,162.8743,0.0
12:49:07,7165.08,7275.0,281.902,0.0
12:49:07,7165.08,7280.0,198.4675,0.0
12:49:07,7165.08,7285.0,46.405,0.0
12:49:07,7165.08,7290.0,104.0849,0.0
12:49:07,7165.08,7295.0,43.9082,0.0
12:49:07,7165.08,7300.0,95.4905,0.0
12:49:07,7165.08,7305.0,6.3165,0.0
12:49:07,7165.08,7310.0,56.9585,0.0
12:49:07,7165.08,7315.0,29.3403,0.0
12:49:07,7165.08,7320.0,72.7014,0.0
12:49:07,7165.08,7325.0,21.8798,0.0
12:49:07,7165.08,7330.0,57.2859,0.0
12:49:07,7165.08,7335.0,0.3669,0.0
12:49:07,7165.08,7340.0,6.7209,0.0
12:49:07,7165.08,7345.0,0.2152,0.0
12:49:07,7165.08,7350.0,29.7588,0.0
12:49:07,7165.08,7360.0,2.9159,247.0
12:49:07,7165.08,7370.0,7.6608,771.0
12:49:07,7165.08,7375.0,25.4988,10617.0
12:49:07,7165.08,7380.0,12.2625,5152.0
12:49:07,7165.08,7390.0,33.0928,2139.0
12:49:07,7165.08,7400.0,15.4658,4230.0
12:49:07,7165.08,7410.0,0.0095,65.0
12:49:07,7165.08,7425.0,4.2126,194.0
12:49:07,7165.08,7450.0,1.5767,474.0
12:49:07,7165.08,7475.0,0.0336,140.0
12:49:07,7165.08,7500.0,0.1662,296.0
12:49:07,7165.08,7550.0,0.0005,0.0
12:49:07,7165.08,7600.0,0.0006,2.0
12:49:07,7165.08,7700.0,0.0001,0.0
12:49:07,7165.08,7800.0,0.0,1.0
12:49:07,7165.08,8000.0,0.0,2.0
12:49:07,7165.08,8800.0,0.0,2.0
12:49:07,7165.08,9200.0,0.0,1.0
12:56:57,7165.08,4600.0,-0.0,4.0
12:56:57,7165.08,5300.0,-0.0,1.0
12:56:57,7165.08,5400.0,-0.0,3.0
12:56:57,7165.08,5500.0,-0.0,1.0
12:56:57,7165.08,5575.0,-0.0,1.0
12:56:57,7165.08,5625.0,-0.0,1.0
12:56:57,7165.08,5650.0,-0.0,1.0
12:56:57,7165.08,5800.0,-0.0,4.0
12:56:57,7165.08,5900.0,-0.0,3.0
12:56:57,7165.08,6000.0,-0.0,24.0
12:56:57,7165.08,6100.0,-0.0,876.0
12:56:57,7165.08,6110.0,-0.0,105.0
12:56:57,7165.08,6120.0,-0.0,81.0
12:56:57,7165.08,6125.0,-0.0,13.0
12:56:57,7165.08,6130.0,-0.0,3.0
12:56:57,7165.08,6140.0,-0.0,100.0
12:56:57,7165.08,6150.0,-0.0,297.0
12:56:57,7165.08,6160.0,-0.0,85.0
12:56:57,7165.08,6170.0,-0.0,87.0
12:56:57,7165.08,6175.0,-0.0,163.0
12:56:57,7165.08,6180.0,-0.0,10.0
12:56:57,7165.08,6190.0,-0.0026,97.0
12:56:57,7165.08,6200.0,-0.0,1177.0
12:56:57,7165.08,6210.0,-0.0984,0.0
12:56:57,7165.08,6220.0,-0.0021,40.0
12:56:57,7165.08,6225.0,-0.0,150.0
12:56:57,7165.08,6230.0,-0.0072,302.0
12:56:57,7165.08,6240.0,-0.0023,60.0
12:56:57,7165.08,6250.0,-0.0,226.0
12:56:57,7165.08,6260.0,-0.0,200.0
12:56:57,7165.08,6270.0,-0.014,101.0
12:56:57,7165.08,6275.0,-0.0,30.0
12:56:57,7165.08,6280.0,0.0002,20.0
12:56:57,7165.08,6290.0,-0.0,38.0
12:56:57,7165.08,6300.0,-0.0,96.0
12:56:57,7165.08,6310.0,-0.0,161.0
12:56:57,7165.08,6320.0,-0.0,10.0
12:56:57,7165.08,6325.0,-0.0,30.0
12:56:57,7165.08,6330.0,-0.0,196.0
12:56:57,7165.08,6340.0,0.0095,10.0
12:56:57,7165.08,6350.0,-0.0,95.0
12:56:57,7165.08,6360.0,-0.0,58.0
12:56:57,7165.08,6370.0,-0.0,50.0
12:56:57,7165.08,6375.0,-0.0,5.0
12:56:57,7165.08,6380.0,-0.0,44.0
12:56:57,7165.08,6390.0,0.0,11.0
12:56:57,7165.08,6400.0,-0.0,152.0
12:56:57,7165.08,6410.0,-0.0,5.0
12:56:57,7165.08,6420.0,-0.0,14.0
12:56:57,7165.08,6425.0,0.0,52.0
12:56:57,7165.08,6430.0,-0.0573,7.0
12:56:57,7165.08,6440.0,-0.0383,44.0
12:56:57,7165.08,6450.0,-0.0,1068.0
12:56:57,7165.08,6460.0,-0.0,80.0
12:56:57,7165.08,6470.0,-0.0,8.0
12:56:57,7165.08,6475.0,-0.0,3.0
12:56:57,7165.08,6480.0,-0.0,35.0
12:56:57,7165.08,6485.0,0.0043,8.0
12:56:57,7165.08,6490.0,-0.0,5.0
12:56:57,7165.08,6495.0,-0.0092,0.0
12:56:57,7165.08,6500.0,-0.0,70.0
12:56:57,7165.08,6505.0,-0.1222,100.0
12:56:57,7165.08,6510.0,-0.0,118.0
12:56:57,7165.08,6515.0,0.0164,117.0
12:56:57,7165.08,6520.0,-0.0,29.0
12:56:57,7165.08,6525.0,-0.0,4.0
12:56:57,7165.08,6530.0,-0.0,1.0
12:56:57,7165.08,6535.0,-0.0805,64.0
12:56:57,7165.08,6540.0,-0.0,22.0
12:56:57,7165.08,6545.0,-0.0131,58.0
12:56:57,7165.08,6550.0,-0.2663,0.0
12:56:57,7165.08,6555.0,0.0576,27.0
12:56:57,7165.08,6560.0,-0.0,15.0
12:56:57,7165.08,6565.0,-0.0552,3.0
12:56:57,7165.08,6570.0,0.0,1.0
12:56:57,7165.08,6580.0,0.0649,13.0
12:56:57,7165.08,6585.0,-0.0766,48.0
12:56:57,7165.08,6590.0,0.0474,57.0
12:56:57,7165.08,6595.0,-0.0,79.0
12:56:57,7165.08,6600.0,-0.0,4.0
12:56:57,7165.08,6605.0,-0.0,30.0
12:56:57,7165.08,6610.0,0.1515,106.0
12:56:57,7165.08,6615.0,-0.0,95.0
12:56:57,7165.08,6620.0,0.1026,80.0
12:56:57,7165.08,6625.0,0.0,16.0
12:56:57,7165.08,6630.0,-0.0,40.0
12:56:57,7165.08,6635.0,-0.1048,137.0
12:56:57,7165.08,6640.0,0.145,87.0
12:56:57,7165.08,6645.0,-0.1235,27.0
12:56:57,7165.08,6650.0,-0.0,3.0
12:56:57,7165.08,6655.0,-0.1014,70.0
12:56:57,7165.08,6660.0,-0.1662,88.0
12:56:57,7165.08,6665.0,-0.0,6.0
12:56:57,7165.08,6670.0,-0.0568,3.0
12:56:57,7165.08,6675.0,0.0,248.0
12:56:57,7165.08,6680.0,-0.3832,62.0
12:56:57,7165.08,6685.0,-0.0,287.0
12:56:57,7165.08,6690.0,-1.1985,139.0
12:56:57,7165.08,6695.0,-0.0,31.0
12:56:57,7165.08,6700.0,-0.0014,1429.0
12:56:57,7165.08,6705.0,-0.0001,49.0
12:56:57,7165.08,6710.0,-0.5515,565.0
12:56:57,7165.08,6715.0,-0.0002,161.0
12:56:57,7165.08,6720.0,-0.0004,44.0
12:56:57,7165.08,6725.0,-0.0006,1300.0
12:56:57,7165.08,6730.0,-0.0008,63.0
12:56:57,7165.08,6735.0,0.0255,56.0
12:56:57,7165.08,6740.0,-0.0022,181.0
12:56:57,7165.08,6745.0,-0.0006,86.0
12:56:57,7165.08,6750.0,-0.0094,3696.0
12:56:57,7165.08,6755.0,-0.0019,153.0
12:56:57,7165.08,6760.0,-1.966,1867.0
12:56:57,7165.08,6765.0,-0.0031,293.0
12:56:57,7165.08,6770.0,-1.806,136.0
12:56:57,7165.08,6775.0,-0.0042,3448.0
12:56:57,7165.08,6780.0,-0.0111,276.0
12:56:57,7165.08,6785.0,0.0242,130.0
12:56:57,7165.08,6790.0,-0.0215,194.0
12:56:57,7165.08,6795.0,-0.0608,159.0
12:56:57,7165.08,6800.0,-11.7331,2592.0
12:56:57,7165.08,6805.0,-4.2882,347.0
12:56:57,7165.08,6810.0,-3.7409,704.0
12:56:57,7165.08,6815.0,-0.0214,296.0
12:56:57,7165.08,6820.0,-1.649,158.0
12:56:57,7165.08,6825.0,2.1811,1565.0
12:56:57,7165.08,6830.0,-0.0506,188.0
12:56:57,7165.08,6835.0,-0.9594,221.0
12:56:57,7165.08,6840.0,-0.16,1189.0
12:56:57,7165.08,6845.0,-0.2437,4310.0
12:56:57,7165.08,6850.0,-7.8118,4335.0
12:56:57,7165.08,6855.0,-0.413,665.0
12:56:57,7165.08,6860.0,-4.3119,0.0
12:56:57,7165.08,6865.0,-0.6827,0.0
12:56:57,7165.08,6870.0,-0.2721,0.0
12:56:57,7165.08,6875.0,-0.6819,0.0
12:56:57,7165.08,6880.0,-1.0618,0.0
12:56:57,7165.08,6885.0,-13.817,3.0
12:56:57,7165.08,6890.0,-0.825,0.0
12:56:57,7165.08,6895.0,-58.1265,13.0
12:56:57,7165.08,6900.0,-36.6982,0.0
12:56:57,7165.08,6905.0,-2.7141,0.0
12:56:57,7165.08,6910.0,-1.4923,0.0
12:56:57,7165.08,6915.0,-1.2064,82.0
12:56:57,7165.08,6920.0,-0.7761,91.0
12:56:57,7165.08,6925.0,0.7624,791.0
12:56:57,7165.08,6930.0,-5.7977,0.0
12:56:57,7165.08,6935.0,-5.0962,0.0
12:56:57,7165.08,6940.0,1.0832,0.0
12:56:57,7165.08,6945.0,-39.7964,0.0
12:56:57,7165.08,6950.0,-55.891,117.0
12:56:57,7165.08,6955.0,-32.2255,0.0
12:56:57,7165.08,6960.0,-13.141,0.0
12:56:57,7165.08,6965.0,-6.3978,0.0
12:56:57,7165.08,6970.0,-4.1436,0.0
12:56:57,7165.08,6975.0,-15.0898,2648.0
12:56:57,7165.08,6980.0,-14.1651,0.0
12:56:57,7165.08,6985.0,-12.9409,32.0
12:56:57,7165.08,6990.0,-17.337,0.0
12:56:57,7165.08,6995.0,-16.8528,0.0
12:56:57,7165.08,7000.0,-11.9001,0.0
12:56:57,7165.08,7005.0,-126.486,0.0
12:56:57,7165.08,7010.0,-3.803,0.0
12:56:57,7165.08,7015.0,-10.6915,0.0
12:56:57,7165.08,7020.0,-4.5042,0.0
12:56:57,7165.08,7025.0,-23.4067,0.0
12:56:57,7165.08,7030.0,43.0428,0.0
12:56:57,7165.08,7035.0,-20.2507,0.0
12:56:57,7165.08,7040.0,-19.4179,0.0
12:56:57,7165.08,7045.0,308.3998,0.0
12:56:57,7165.08,7050.0,-123.7781,0.0
12:56:57,7165.08,7055.0,-195.4224,0.0
12:56:57,7165.08,7060.0,-22.1311,0.0
12:56:57,7165.08,7065.0,-15.1002,0.0
12:56:57,7165.08,7070.0,3.1324,0.0
12:56:57,7165.08,7075.0,-68.9882,0.0
12:56:57,7165.08,7080.0,-46.3397,0.0
12:56:57,7165.08,7085.0,-23.0963,0.0
12:56:57,7165.08,7090.0,-49.5119,0.0
12:56:57,7165.08,7095.0,-15.3363,0.0
12:56:57,7165.08,7100.0,127.8095,10605.0
12:56:57,7165.08,7105.0,18.294,0.0
12:56:57,7165.08,7110.0,-24.7531,0.0
12:56:57,7165.08,7115.0,22.6923,0.0
12:56:57,7165.08,7120.0,74.7954,0.0
12:56:57,7165.08,7125.0,1.3871,0.0
12:56:57,7165.08,7130.0,1432.7542,0.0
12:56:57,7165.08,7135.0,33.2303,0.0
12:56:57,7165.08,7140.0,281.7618,1894.0
12:56:57,7165.08,7145.0,40.4458,0.0
12:56:57,7165.08,7150.0,95.4028,0.0
12:56:57,7165.08,7155.0,654.3267,0.0
12:56:57,7165.08,7160.0,1144.1108,0.0
12:56:57,7165.08,7165.0,49.9362,0.0
12:56:57,7165.08,7170.0,200.338,0.0
12:56:57,7165.08,7175.0,324.0935,0.0
12:56:57,7165.08,7180.0,122.0941,0.0
12:56:57,7165.08,7185.0,76.5426,0.0
12:56:57,7165.08,7190.0,143.775,0.0
12:56:57,7165.08,7195.0,111.0354,0.0
12:56:57,7165.08,7200.0,681.2964,10217.0
12:56:57,7165.08,7205.0,78.608,0.0
12:56:57,7165.08,7210.0,213.0405,0.0
12:56:57,7165.08,7215.0,117.7262,0.0
12:56:57,7165.08,7220.0,216.5669,0.0
12:56:57,7165.08,7225.0,166.4071,0.0
12:56:57,7165.08,7230.0,178.4028,0.0
12:56:57,7165.08,7235.0,68.8201,0.0
12:56:57,7165.08,7240.0,182.2312,0.0
12:56:57,7165.08,7245.0,89.3606,0.0
12:56:57,7165.08,7250.0,1201.5839,0.0
12:56:57,7165.08,7255.0,447.6,0.0
12:56:57,7165.08,7260.0,120.2444,0.0
12:56:57,7165.08,7265.0,101.798,0.0
12:56:57,7165.08,7270.0,162.8743,0.0
12:56:57,7165.08,7275.0,281.902,0.0
12:56:57,7165.08,7280.0,198.4675,0.0
12:56:57,7165.08,7285.0,46.405,0.0
12:56:57,7165.08,7290.0,104.0849,0.0
12:56:57,7165.08,7295.0,43.9082,0.0
12:56:57,7165.08,7300.0,95.4905,0.0
12:56:57,7165.08,7305.0,6.3165,0.0
12:56:57,7165.08,7310.0,56.9585,0.0
12:56:57,7165.08,7315.0,29.3403,0.0
12:56:57,7165.08,7320.0,72.7014,0.0
12:56:57,7165.08,7325.0,21.8798,0.0
12:56:57,7165.08,7330.0,57.2859,0.0
12:56:57,7165.08,7335.0,0.3669,0.0
12:56:57,7165.08,7340.0,6.7209,0.0
12:56:57,7165.08,7345.0,0.2152,0.0
12:56:57,7165.08,7350.0,29.7588,0.0
12:56:57,7165.08,7360.0,2.9159,247.0
12:56:57,7165.08,7370.0,7.6608,771.0
12:56:57,7165.08,7375.0,25.4988,10617.0
12:56:57,7165.08,7380.0,12.2625,5152.0
12:56:57,7165.08,7390.0,33.0928,2139.0
12:56:57,7165.08,7400.0,15.4658,4230.0
12:56:57,7165.08,7410.0,0.0095,65.0
12:56:57,7165.08,7425.0,4.2126,194.0
12:56:57,7165.08,7450.0,1.5767,474.0
12:56:57,7165.08,7475.0,0.0336,140.0
12:56:57,7165.08,7500.0,0.1662,296.0
12:56:57,7165.08,7550.0,0.0005,0.0
12:56:57,7165.08,7600.0,0.0006,2.0
12:56:57,7165.08,7700.0,0.0001,0.0
12:56:57,7165.08,7800.0,0.0,1.0
12:56:57,7165.08,8000.0,0.0,2.0
12:56:57,7165.08,8800.0,0.0,2.0
12:56:57,7165.08,9200.0,0.0,1.0
13:13:27,7165.08,4600.0,-0.0,4.0
13:13:27,7165.08,5300.0,-0.0,1.0
13:13:27,7165.08,5400.0,-0.0,3.0
13:13:27,7165.08,5500.0,-0.0,1.0
13:13:27,7165.08,5575.0,-0.0,1.0
13:13:27,7165.08,5625.0,-0.0,1.0
13:13:27,7165.08,5650.0,-0.0,1.0
13:13:27,7165.08,5800.0,-0.0,4.0
13:13:27,7165.08,5900.0,-0.0,3.0
13:13:27,7165.08,6000.0,-0.0,24.0
13:13:27,7165.08,6100.0,-0.0,876.0
13:13:27,7165.08,6110.0,-0.0,105.0
13:13:27,7165.08,6120.0,-0.0,81.0
13:13:27,7165.08,6125.0,-0.0,13.0
13:13:27,7165.08,6130.0,-0.0,3.0
13:13:27,7165.08,6140.0,-0.0,100.0
13:13:27,7165.08,6150.0,-0.0,297.0
13:13:27,7165.08,6160.0,-0.0,85.0
13:13:27,7165.08,6170.0,-0.0,87.0
13:13:27,7165.08,6175.0,-0.0,163.0
13:13:27,7165.08,6180.0,-0.0,10.0
13:13:27,7165.08,6190.0,-0.0026,97.0
13:13:27,7165.08,6200.0,-0.0,1177.0
13:13:27,7165.08,6210.0,-0.0984,0.0
13:13:27,7165.08,6220.0,-0.0021,40.0
13:13:27,7165.08,6225.0,-0.0,150.0
13:13:27,7165.08,6230.0,-0.0072,302.0
13:13:27,7165.08,6240.0,-0.0023,60.0
13:13:27,7165.08,6250.0,-0.0,226.0
13:13:27,7165.08,6260.0,-0.0,200.0
13:13:27,7165.08,6270.0,-0.014,101.0
13:13:27,7165.08,6275.0,-0.0,30.0
13:13:27,7165.08,6280.0,0.0002,20.0
13:13:27,7165.08,6290.0,-0.0,38.0
13:13:27,7165.08,6300.0,-0.0,96.0
13:13:27,7165.08,6310.0,-0.0,161.0
13:13:27,7165.08,6320.0,-0.0,10.0
13:13:27,7165.08,6325.0,-0.0,30.0
13:13:27,7165.08,6330.0,-0.0,196.0
13:13:27,7165.08,6340.0,0.0095,10.0
13:13:27,7165.08,6350.0,-0.0,95.0
13:13:27,7165.08,6360.0,-0.0,58.0
13:13:27,7165.08,6370.0,-0.0,50.0
13:13:27,7165.08,6375.0,-0.0,5.0
13:13:27,7165.08,6380.0,-0.0,44.0
13:13:27,7165.08,6390.0,0.0,11.0
13:13:27,7165.08,6400.0,-0.0,152.0
13:13:27,7165.08,6410.0,-0.0,5.0
13:13:27,7165.08,6420.0,-0.0,14.0
13:13:27,7165.08,6425.0,0.0,52.0
13:13:27,7165.08,6430.0,-0.0573,7.0
13:13:27,7165.08,6440.0,-0.0383,44.0
13:13:27,7165.08,6450.0,-0.0,1068.0
13:13:27,7165.08,6460.0,-0.0,80.0
13:13:27,7165.08,6470.0,-0.0,8.0
13:13:27,7165.08,6475.0,-0.0,3.0
13:13:27,7165.08,6480.0,-0.0,35.0
13:13:27,7165.08,6485.0,0.0043,8.0
13:13:27,7165.08,6490.0,-0.0,5.0
13:13:27,7165.08,6495.0,-0.0092,0.0
13:13:27,7165.08,6500.0,-0.0,70.0
13:13:27,7165.08,6505.0,-0.1222,100.0
13:13:27,7165.08,6510.0,-0.0,118.0
13:13:27,7165.08,6515.0,0.0164,117.0
13:13:27,7165.08,6520.0,-0.0,29.0
13:13:27,7165.08,6525.0,-0.0,4.0
13:13:27,7165.08,6530.0,-0.0,1.0
13:13:27,7165.08,6535.0,-0.0805,64.0
13:13:27,7165.08,6540.0,-0.0,22.0
13:13:27,7165.08,6545.0,-0.0131,58.0
13:13:27,7165.08,6550.0,-0.2663,0.0
13:13:27,7165.08,6555.0,0.0576,27.0
13:13:27,7165.08,6560.0,-0.0,15.0
13:13:27,7165.08,6565.0,-0.0552,3.0
13:13:27,7165.08,6570.0,0.0,1.0
13:13:27,7165.08,6580.0,0.0649,13.0
13:13:27,7165.08,6585.0,-0.0766,48.0
13:13:27,7165.08,6590.0,0.0474,57.0
13:13:27,7165.08,6595.0,-0.0,79.0
13:13:27,7165.08,6600.0,-0.0,4.0
13:13:27,7165.08,6605.0,-0.0,30.0
13:13:27,7165.08,6610.0,0.1515,106.0
13:13:27,7165.08,6615.0,-0.0,95.0
13:13:27,7165.08,6620.0,0.1026,80.0
13:13:27,7165.08,6625.0,0.0,16.0
13:13:27,7165.08,6630.0,-0.0,40.0
13:13:27,7165.08,6635.0,-0.1048,137.0
13:13:27,7165.08,6640.0,0.145,87.0
13:13:27,7165.08,6645.0,-0.1235,27.0
13:13:27,7165.08,6650.0,-0.0,3.0
13:13:27,7165.08,6655.0,-0.1014,70.0
13:13:27,7165.08,6660.0,-0.1662,88.0
13:13:27,7165.08,6665.0,-0.0,6.0
13:13:27,7165.08,6670.0,-0.0568,3.0
13:13:27,7165.08,6675.0,0.0,248.0
13:13:27,7165.08,6680.0,-0.3832,62.0
13:13:27,7165.08,6685.0,-0.0,287.0
13:13:27,7165.08,6690.0,-1.1985,139.0
13:13:27,7165.08,6695.0,-0.0,31.0
13:13:27,7165.08,6700.0,-0.0014,1429.0
13:13:27,7165.08,6705.0,-0.0001,49.0
13:13:27,7165.08,6710.0,-0.5515,565.0
13:13:27,7165.08,6715.0,-0.0002,161.0
13:13:27,7165.08,6720.0,-0.0004,44.0
13:13:27,7165.08,6725.0,-0.0006,1300.0
13:13:27,7165.08,6730.0,-0.0008,63.0
13:13:27,7165.08,6735.0,0.0255,56.0
13:13:27,7165.08,6740.0,-0.0022,181.0
13:13:27,7165.08,6745.0,-0.0006,86.0
13:13:27,7165.08,6750.0,-0.0094,3696.0
13:13:27,7165.08,6755.0,-0.0019,153.0
13:13:27,7165.08,6760.0,-1.966,1867.0
13:13:27,7165.08,6765.0,-0.0031,293.0
13:13:27,7165.08,6770.0,-1.806,136.0
13:13:27,7165.08,6775.0,-0.0042,3448.0
13:13:27,7165.08,6780.0,-0.0111,276.0
13:13:27,7165.08,6785.0,0.0242,130.0
13:13:27,7165.08,6790.0,-0.0215,194.0
13:13:27,7165.08,6795.0,-0.0608,159.0
13:13:27,7165.08,6800.0,-11.7331,2592.0
13:13:27,7165.08,6805.0,-4.2882,347.0
13:13:27,7165.08,6810.0,-3.7409,704.0
13:13:27,7165.08,6815.0,-0.0214,296.0
13:13:27,7165.08,6820.0,-1.649,158.0
13:13:27,7165.08,6825.0,2.1811,1565.0
13:13:27,7165.08,6830.0,-0.0506,188.0
13:13:27,7165.08,6835.0,-0.9594,221.0
13:13:27,7165.08,6840.0,-0.16,1189.0
13:13:27,7165.08,6845.0,-0.2437,4310.0
13:13:27,7165.08,6850.0,-7.8118,4335.0
13:13:27,7165.08,6855.0,-0.413,665.0
13:13:27,7165.08,6860.0,-4.3119,0.0
13:13:27,7165.08,6865.0,-0.6827,0.0
13:13:27,7165.08,6870.0,-0.2721,0.0
13:13:27,7165.08,6875.0,-0.6819,0.0
13:13:27,7165.08,6880.0,-1.0618,0.0
13:13:27,7165.08,6885.0,-13.817,3.0
13:13:27,7165.08,6890.0,-0.825,0.0
13:13:27,7165.08,6895.0,-58.1265,13.0
13:13:27,7165.08,6900.0,-36.6982,0.0
13:13:27,7165.08,6905.0,-2.7141,0.0
13:13:27,7165.08,6910.0,-1.4923,0.0
13:13:27,7165.08,6915.0,-1.2064,82.0
13:13:27,7165.08,6920.0,-0.7761,91.0
13:13:27,7165.08,6925.0,0.7624,791.0
13:13:27,7165.08,6930.0,-5.7977,0.0
13:13:27,7165.08,6935.0,-5.0962,0.0
13:13:27,7165.08,6940.0,1.0832,0.0
13:13:27,7165.08,6945.0,-39.7964,0.0
13:13:27,7165.08,6950.0,-55.891,117.0
13:13:27,7165.08,6955.0,-32.2255,0.0
13:13:27,7165.08,6960.0,-13.141,0.0
13:13:27,7165.08,6965.0,-6.3978,0.0
13:13:27,7165.08,6970.0,-4.1436,0.0
13:13:27,7165.08,6975.0,-15.0898,2648.0
13:13:27,7165.08,6980.0,-14.1651,0.0
13:13:27,7165.08,6985.0,-12.9409,32.0
13:13:27,7165.08,6990.0,-17.337,0.0
13:13:27,7165.08,6995.0,-16.8528,0.0
13:13:27,7165.08,7000.0,-11.9001,0.0
13:13:27,7165.08,7005.0,-126.486,0.0
13:13:27,7165.08,7010.0,-3.803,0.0
13:13:27,7165.08,7015.0,-10.6915,0.0
13:13:27,7165.08,7020.0,-4.5042,0.0
13:13:27,7165.08,7025.0,-23.4067,0.0
13:13:27,7165.08,7030.0,43.0428,0.0
13:13:27,7165.08,7035.0,-20.2507,0.0
13:13:27,7165.08,7040.0,-19.4179,0.0
13:13:27,7165.08,7045.0,308.3998,0.0
13:13:27,7165.08,7050.0,-123.7781,0.0
13:13:27,7165.08,7055.0,-195.4224,0.0
13:13:27,7165.08,7060.0,-22.1311,0.0
13:13:27,7165.08,7065.0,-15.1002,0.0
13:13:27,7165.08,7070.0,3.1324,0.0
13:13:27,7165.08,7075.0,-68.9882,0.0
13:13:27,7165.08,7080.0,-46.3397,0.0
13:13:27,7165.08,7085.0,-23.0963,0.0
13:13:27,7165.08,7090.0,-49.5119,0.0
13:13:27,7165.08,7095.0,-15.3363,0.0
13:13:27,7165.08,7100.0,127.8095,10605.0
13:13:27,7165.08,7105.0,18.294,0.0
13:13:27,7165.08,7110.0,-24.7531,0.0
13:13:27,7165.08,7115.0,22.6923,0.0
13:13:27,7165.08,7120.0,74.7954,0.0
13:13:27,7165.08,7125.0,1.3871,0.0
13:13:27,7165.08,7130.0,1432.7542,0.0
13:13:27,7165.08,7135.0,33.2303,0.0
13:13:27,7165.08,7140.0,281.7618,1894.0
13:13:27,7165.08,7145.0,40.4458,0.0
13:13:27,7165.08,7150.0,95.4028,0.0
13:13:27,7165.08,7155.0,654.3267,0.0
13:13:27,7165.08,7160.0,1144.1108,0.0
13:13:27,7165.08,7165.0,49.9362,0.0
13:13:27,7165.08,7170.0,200.338,0.0
13:13:27,7165.08,7175.0,324.0935,0.0
13:13:27,7165.08,7180.0,122.0941,0.0
13:13:27,7165.08,7185.0,76.5426,0.0
13:13:27,7165.08,7190.0,143.775,0.0
13:13:27,7165.08,7195.0,111.0354,0.0
13:13:27,7165.08,7200.0,681.2964,10217.0
13:13:27,7165.08,7205.0,78.608,0.0
13:13:27,7165.08,7210.0,213.0405,0.0
13:13:27,7165.08,7215.0,117.7262,0.0
13:13:27,7165.08,7220.0,216.5669,0.0
13:13:27,7165.08,7225.0,166.4071,0.0
13:13:27,7165.08,7230.0,178.4028,0.0
13:13:27,7165.08,7235.0,68.8201,0.0
13:13:27,7165.08,7240.0,182.2312,0.0
13:13:27,7165.08,7245.0,89.3606,0.0
13:13:27,7165.08,7250.0,1201.5839,0.0
13:13:27,7165.08,7255.0,447.6,0.0
13:13:27,7165.08,7260.0,120.2444,0.0
13:13:27,7165.08,7265.0,101.798,0.0
13:13:27,7165.08,7270.0,162.8743,0.0
13:13:27,7165.08,7275.0,281.902,0.0
13:13:27,7165.08,7280.0,198.4675,0.0
13:13:27,7165.08,7285.0,46.405,0.0
13:13:27,7165.08,7290.0,104.0849,0.0
13:13:27,7165.08,7295.0,43.9082,0.0
13:13:27,7165.08,7300.0,95.4905,0.0
13:13:27,7165.08,7305.0,6.3165,0.0
13:13:27,7165.08,7310.0,56.9585,0.0
13:13:27,7165.08,7315.0,29.3403,0.0
13:13:27,7165.08,7320.0,72.7014,0.0
13:13:27,7165.08,7325.0,21.8798,0.0
13:13:27,7165.08,7330.0,57.2859,0.0
13:13:27,7165.08,7335.0,0.3669,0.0
13:13:27,7165.08,7340.0,6.7209,0.0
13:13:27,7165.08,7345.0,0.2152,0.0
13:13:27,7165.08,7350.0,29.7588,0.0
13:13:27,7165.08,7360.0,2.9159,247.0
13:13:27,7165.08,7370.0,7.6608,771.0
13:13:27,7165.08,7375.0,25.4988,10617.0
13:13:27,7165.08,7380.0,12.2625,5152.0
13:13:27,7165.08,7390.0,33.0928,2139.0
13:13:27,7165.08,7400.0,15.4658,4230.0
13:13:27,7165.08,7410.0,0.0095,65.0
13:13:27,7165.08,7425.0,4.2126,194.0
13:13:27,7165.08,7450.0,1.5767,474.0
13:13:27,7165.08,7475.0,0.0336,140.0
13:13:27,7165.08,7500.0,0.1662,296.0
13:13:27,7165.08,7550.0,0.0005,0.0
13:13:27,7165.08,7600.0,0.0006,2.0
13:13:27,7165.08,7700.0,0.0001,0.0
13:13:27,7165.08,7800.0,0.0,1.0
13:13:27,7165.08,8000.0,0.0,2.0
13:13:27,7165.08,8800.0,0.0,2.0
13:13:27,7165.08,9200.0,0.0,1.0
13:29:55,7165.08,4600.0,-0.0,4.0
13:29:55,7165.08,5300.0,-0.0,1.0
13:29:55,7165.08,5400.0,-0.0,3.0
13:29:55,7165.08,5500.0,-0.0,1.0
13:29:55,7165.08,5575.0,-0.0,1.0
13:29:55,7165.08,5625.0,-0.0,1.0
13:29:55,7165.08,5650.0,-0.0,1.0
13:29:55,7165.08,5800.0,-0.0,4.0
13:29:55,7165.08,5900.0,-0.0,3.0
13:29:55,7165.08,6000.0,-0.0,24.0
13:29:55,7165.08,6100.0,-0.0,876.0
13:29:55,7165.08,6110.0,-0.0,105.0
13:29:55,7165.08,6120.0,-0.0,81.0
13:29:55,7165.08,6125.0,-0.0,13.0
13:29:55,7165.08,6130.0,-0.0,3.0
13:29:55,7165.08,6140.0,-0.0,100.0
13:29:55,7165.08,6150.0,-0.0,297.0
13:29:55,7165.08,6160.0,-0.0,85.0
13:29:55,7165.08,6170.0,-0.0,87.0
13:29:55,7165.08,6175.0,-0.0,163.0
13:29:55,7165.08,6180.0,-0.0,10.0
13:29:55,7165.08,6190.0,-0.0026,97.0
13:29:55,7165.08,6200.0,-0.0,1177.0
13:29:55,7165.08,6210.0,-0.0984,0.0
13:29:55,7165.08,6220.0,-0.0021,40.0
13:29:55,7165.08,6225.0,-0.0,150.0
13:29:55,7165.08,6230.0,-0.0072,302.0
13:29:55,7165.08,6240.0,-0.0023,60.0
13:29:55,7165.08,6250.0,-0.0,226.0
13:29:55,7165.08,6260.0,-0.0,200.0
13:29:55,7165.08,6270.0,-0.014,101.0
13:29:55,7165.08,6275.0,-0.0,30.0
13:29:55,7165.08,6280.0,0.0002,20.0
13:29:55,7165.08,6290.0,-0.0,38.0
13:29:55,7165.08,6300.0,-0.0,96.0
13:29:55,7165.08,6310.0,-0.0,161.0
13:29:55,7165.08,6320.0,-0.0,10.0
13:29:55,7165.08,6325.0,-0.0,30.0
13:29:55,7165.08,6330.0,-0.0,196.0
13:29:55,7165.08,6340.0,0.0095,10.0
13:29:55,7165.08,6350.0,-0.0,95.0
13:29:55,7165.08,6360.0,-0.0,58.0
13:29:55,7165.08,6370.0,-0.0,50.0
13:29:55,7165.08,6375.0,-0.0,5.0
13:29:55,7165.08,6380.0,-0.0,44.0
13:29:55,7165.08,6390.0,0.0,11.0
13:29:55,7165.08,6400.0,-0.0,152.0
13:29:55,7165.08,6410.0,-0.0,5.0
13:29:55,7165.08,6420.0,-0.0,14.0
13:29:55,7165.08,6425.0,0.0,52.0
13:29:55,7165.08,6430.0,-0.0573,7.0
13:29:55,7165.08,6440.0,-0.0383,44.0
13:29:55,7165.08,6450.0,-0.0,1068.0
13:29:55,7165.08,6460.0,-0.0,80.0
13:29:55,7165.08,6470.0,-0.0,8.0
13:29:55,7165.08,6475.0,-0.0,3.0
13:29:55,7165.08,6480.0,-0.0,35.0
13:29:55,7165.08,6485.0,0.0043,8.0
13:29:55,7165.08,6490.0,-0.0,5.0
13:29:55,7165.08,6495.0,-0.0092,0.0
13:29:55,7165.08,6500.0,-0.0,70.0
13:29:55,7165.08,6505.0,-0.1222,100.0
13:29:55,7165.08,6510.0,-0.0,118.0
13:29:55,7165.08,6515.0,0.0164,117.0
13:29:55,7165.08,6520.0,-0.0,29.0
13:29:55,7165.08,6525.0,-0.0,4.0
13:29:55,7165.08,6530.0,-0.0,1.0
13:29:55,7165.08,6535.0,-0.0805,64.0
13:29:55,7165.08,6540.0,-0.0,22.0
13:29:55,7165.08,6545.0,-0.0131,58.0
13:29:55,7165.08,6550.0,-0.2663,0.0
13:29:55,7165.08,6555.0,0.0576,27.0
13:29:55,7165.08,6560.0,-0.0,15.0
13:29:55,7165.08,6565.0,-0.0552,3.0
13:29:55,7165.08,6570.0,0.0,1.0
13:29:55,7165.08,6580.0,0.0649,13.0
13:29:55,7165.08,6585.0,-0.0766,48.0
13:29:55,7165.08,6590.0,0.0474,57.0
13:29:55,7165.08,6595.0,-0.0,79.0
13:29:55,7165.08,6600.0,-0.0,4.0
13:29:55,7165.08,6605.0,-0.0,30.0
13:29:55,7165.08,6610.0,0.1515,106.0
13:29:55,7165.08,6615.0,-0.0,95.0
13:29:55,7165.08,6620.0,0.1026,80.0
13:29:55,7165.08,6625.0,0.0,16.0
13:29:55,7165.08,6630.0,-0.0,40.0
13:29:55,7165.08,6635.0,-0.1048,137.0
13:29:55,7165.08,6640.0,0.145,87.0
13:29:55,7165.08,6645.0,-0.1235,27.0
13:29:55,7165.08,6650.0,-0.0,3.0
13:29:55,7165.08,6655.0,-0.1014,70.0
13:29:55,7165.08,6660.0,-0.1662,88.0
13:29:55,7165.08,6665.0,-0.0,6.0
13:29:55,7165.08,6670.0,-0.0568,3.0
13:29:55,7165.08,6675.0,0.0,248.0
13:29:55,7165.08,6680.0,-0.3832,62.0
13:29:55,7165.08,6685.0,-0.0,287.0
13:29:55,7165.08,6690.0,-1.1985,139.0
13:29:55,7165.08,6695.0,-0.0,31.0
13:29:55,7165.08,6700.0,-0.0014,1429.0
13:29:55,7165.08,6705.0,-0.0001,49.0
13:29:55,7165.08,6710.0,-0.5515,565.0
13:29:55,7165.08,6715.0,-0.0002,161.0
13:29:55,7165.08,6720.0,-0.0004,44.0
13:29:55,7165.08,6725.0,-0.0006,1300.0
13:29:55,7165.08,6730.0,-0.0008,63.0
13:29:55,7165.08,6735.0,0.0255,56.0
13:29:55,7165.08,6740.0,-0.0022,181.0
13:29:55,7165.08,6745.0,-0.0006,86.0
13:29:55,7165.08,6750.0,-0.0094,3696.0
13:29:55,7165.08,6755.0,-0.0019,153.0
13:29:55,7165.08,6760.0,-1.966,1867.0
13:29:55,7165.08,6765.0,-0.0031,293.0
13:29:55,7165.08,6770.0,-1.806,136.0
13:29:55,7165.08,6775.0,-0.0042,3448.0
13:29:55,7165.08,6780.0,-0.0111,276.0
13:29:55,7165.08,6785.0,0.0242,130.0
13:29:55,7165.08,6790.0,-0.0215,194.0
13:29:55,7165.08,6795.0,-0.0608,159.0
13:29:55,7165.08,6800.0,-11.7331,2592.0
13:29:55,7165.08,6805.0,-4.2882,347.0
13:29:55,7165.08,6810.0,-3.7409,704.0
13:29:55,7165.08,6815.0,-0.0214,296.0
13:29:55,7165.08,6820.0,-1.649,158.0
13:29:55,7165.08,6825.0,2.1811,1565.0
13:29:55,7165.08,6830.0,-0.0506,188.0
13:29:55,7165.08,6835.0,-0.9594,221.0
13:29:55,7165.08,6840.0,-0.16,1189.0
13:29:55,7165.08,6845.0,-0.2437,4310.0
13:29:55,7165.08,6850.0,-7.8118,4335.0
13:29:55,7165.08,6855.0,-0.413,665.0
13:29:55,7165.08,6860.0,-4.3119,0.0
13:29:55,7165.08,6865.0,-0.6827,0.0
13:29:55,7165.08,6870.0,-0.2721,0.0
13:29:55,7165.08,6875.0,-0.6819,0.0
13:29:55,7165.08,6880.0,-1.0618,0.0
13:29:55,7165.08,6885.0,-13.817,3.0
13:29:55,7165.08,6890.0,-0.825,0.0
13:29:55,7165.08,6895.0,-58.1265,13.0
13:29:55,7165.08,6900.0,-36.6982,0.0
13:29:55,7165.08,6905.0,-2.7141,0.0
13:29:55,7165.08,6910.0,-1.4923,0.0
13:29:55,7165.08,6915.0,-1.2064,82.0
13:29:55,7165.08,6920.0,-0.7761,91.0
13:29:55,7165.08,6925.0,0.7624,791.0
13:29:55,7165.08,6930.0,-5.7977,0.0
13:29:55,7165.08,6935.0,-5.0962,0.0
13:29:55,7165.08,6940.0,1.0832,0.0
13:29:55,7165.08,6945.0,-39.7964,0.0
13:29:55,7165.08,6950.0,-55.891,117.0
13:29:55,7165.08,6955.0,-32.2255,0.0
13:29:55,7165.08,6960.0,-13.141,0.0
13:29:55,7165.08,6965.0,-6.3978,0.0
13:29:55,7165.08,6970.0,-4.1436,0.0
13:29:55,7165.08,6975.0,-15.0898,2648.0
13:29:55,7165.08,6980.0,-14.1651,0.0
13:29:55,7165.08,6985.0,-12.9409,32.0
13:29:55,7165.08,6990.0,-17.337,0.0
13:29:55,7165.08,6995.0,-16.8528,0.0
13:29:55,7165.08,7000.0,-11.9001,0.0
13:29:55,7165.08,7005.0,-126.486,0.0
13:29:55,7165.08,7010.0,-3.803,0.0
13:29:55,7165.08,7015.0,-10.6915,0.0
13:29:55,7165.08,7020.0,-4.5042,0.0
13:29:55,7165.08,7025.0,-23.4067,0.0
13:29:55,7165.08,7030.0,43.0428,0.0
13:29:55,7165.08,7035.0,-20.2507,0.0
13:29:55,7165.08,7040.0,-19.4179,0.0
13:29:55,7165.08,7045.0,308.3998,0.0
13:29:55,7165.08,7050.0,-123.7781,0.0
13:29:55,7165.08,7055.0,-195.4224,0.0
13:29:55,7165.08,7060.0,-22.1311,0.0
13:29:55,7165.08,7065.0,-15.1002,0.0
13:29:55,7165.08,7070.0,3.1324,0.0
13:29:55,7165.08,7075.0,-68.9882,0.0
13:29:55,7165.08,7080.0,-46.3397,0.0
13:29:55,7165.08,7085.0,-23.0963,0.0
13:29:55,7165.08,7090.0,-49.5119,0.0
13:29:55,7165.08,7095.0,-15.3363,0.0
13:29:55,7165.08,7100.0,127.8095,10605.0
13:29:55,7165.08,7105.0,18.294,0.0
13:29:55,7165.08,7110.0,-24.7531,0.0
13:29:55,7165.08,7115.0,22.6923,0.0
13:29:55,7165.08,7120.0,74.7954,0.0
13:29:55,7165.08,7125.0,1.3871,0.0
13:29:55,7165.08,7130.0,1432.7542,0.0
13:29:55,7165.08,7135.0,33.2303,0.0
13:29:55,7165.08,7140.0,281.7618,1894.0
13:29:55,7165.08,7145.0,40.4458,0.0
13:29:55,7165.08,7150.0,95.4028,0.0
13:29:55,7165.08,7155.0,654.3267,0.0
13:29:55,7165.08,7160.0,1144.1108,0.0
13:29:55,7165.08,7165.0,49.9362,0.0
13:29:55,7165.08,7170.0,200.338,0.0
13:29:55,7165.08,7175.0,324.0935,0.0
13:29:55,7165.08,7180.0,122.0941,0.0
13:29:55,7165.08,7185.0,76.5426,0.0
13:29:55,7165.08,7190.0,143.775,0.0
13:29:55,7165.08,7195.0,111.0354,0.0
13:29:55,7165.08,7200.0,681.2964,10217.0
13:29:55,7165.08,7205.0,78.608,0.0
13:29:55,7165.08,7210.0,213.0405,0.0
13:29:55,7165.08,7215.0,117.7262,0.0
13:29:55,7165.08,7220.0,216.5669,0.0
13:29:55,7165.08,7225.0,166.4071,0.0
13:29:55,7165.08,7230.0,178.4028,0.0
13:29:55,7165.08,7235.0,68.8201,0.0
13:29:55,7165.08,7240.0,182.2312,0.0
13:29:55,7165.08,7245.0,89.3606,0.0
13:29:55,7165.08,7250.0,1201.5839,0.0
13:29:55,7165.08,7255.0,447.6,0.0
13:29:55,7165.08,7260.0,120.2444,0.0
13:29:55,7165.08,7265.0,101.798,0.0
13:29:55,7165.08,7270.0,162.8743,0.0
13:29:55,7165.08,7275.0,281.902,0.0
13:29:55,7165.08,7280.0,198.4675,0.0
13:29:55,7165.08,7285.0,46.405,0.0
13:29:55,7165.08,7290.0,104.0849,0.0
13:29:55,7165.08,7295.0,43.9082,0.0
13:29:55,7165.08,7300.0,95.4905,0.0
13:29:55,7165.08,7305.0,6.3165,0.0
13:29:55,7165.08,7310.0,56.9585,0.0
13:29:55,7165.08,7315.0,29.3403,0.0
13:29:55,7165.08,7320.0,72.7014,0.0
13:29:55,7165.08,7325.0,21.8798,0.0
13:29:55,7165.08,7330.0,57.2859,0.0
13:29:55,7165.08,7335.0,0.3669,0.0
13:29:55,7165.08,7340.0,6.7209,0.0
13:29:55,7165.08,7345.0,0.2152,0.0
13:29:55,7165.08,7350.0,29.7588,0.0
13:29:55,7165.08,7360.0,2.9159,247.0
13:29:55,7165.08,7370.0,7.6608,771.0
13:29:55,7165.08,7375.0,25.4988,10617.0
13:29:55,7165.08,7380.0,12.2625,5152.0
13:29:55,7165.08,7390.0,33.0928,2139.0
13:29:55,7165.08,7400.0,15.4658,4230.0
13:29:55,7165.08,7410.0,0.0095,65.0
13:29:55,7165.08,7425.0,4.2126,194.0
13:29:55,7165.08,7450.0,1.5767,474.0
13:29:55,7165.08,7475.0,0.0336,140.0
13:29:55,7165.08,7500.0,0.1662,296.0
13:29:55,7165.08,7550.0,0.0005,0.0
13:29:55,7165.08,7600.0,0.0006,2.0
13:29:55,7165.08,7700.0,0.0001,0.0
13:29:55,7165.08,7800.0,0.0,1.0
13:29:55,7165.08,8000.0,0.0,2.0
13:29:55,7165.08,8800.0,0.0,2.0
13:29:55,7165.08,9200.0,0.0,1.0
13:47:50,7165.08,4600.0,-0.0,4.0
13:47:50,7165.08,5300.0,-0.0,1.0
13:47:50,7165.08,5400.0,-0.0,3.0
13:47:50,7165.08,5500.0,-0.0,1.0
13:47:50,7165.08,5575.0,-0.0,1.0
13:47:50,7165.08,5625.0,-0.0,1.0
13:47:50,7165.08,5650.0,-0.0,1.0
13:47:50,7165.08,5800.0,-0.0,4.0
13:47:50,7165.08,5900.0,-0.0,3.0
13:47:50,7165.08,6000.0,-0.0,24.0
13:47:50,7165.08,6100.0,-0.0,876.0
13:47:50,7165.08,6110.0,-0.0,105.0
13:47:50,7165.08,6120.0,-0.0,81.0
13:47:50,7165.08,6125.0,-0.0,13.0
13:47:50,7165.08,6130.0,-0.0,3.0
13:47:50,7165.08,6140.0,-0.0,100.0
13:47:50,7165.08,6150.0,-0.0,297.0
13:47:50,7165.08,6160.0,-0.0,85.0
13:47:50,7165.08,6170.0,-0.0,87.0
13:47:50,7165.08,6175.0,-0.0,163.0
13:47:50,7165.08,6180.0,-0.0,10.0
13:47:50,7165.08,6190.0,-0.0026,97.0
13:47:50,7165.08,6200.0,-0.0,1177.0
13:47:50,7165.08,6210.0,-0.0984,0.0
13:47:50,7165.08,6220.0,-0.0021,40.0
13:47:50,7165.08,6225.0,-0.0,150.0
13:47:50,7165.08,6230.0,-0.0072,302.0
13:47:50,7165.08,6240.0,-0.0023,60.0
13:47:50,7165.08,6250.0,-0.0,226.0
13:47:50,7165.08,6260.0,-0.0,200.0
13:47:50,7165.08,6270.0,-0.014,101.0
13:47:50,7165.08,6275.0,-0.0,30.0
13:47:50,7165.08,6280.0,0.0002,20.0
13:47:50,7165.08,6290.0,-0.0,38.0
13:47:50,7165.08,6300.0,-0.0,96.0
13:47:50,7165.08,6310.0,-0.0,161.0
13:47:50,7165.08,6320.0,-0.0,10.0
13:47:50,7165.08,6325.0,-0.0,30.0
13:47:50,7165.08,6330.0,-0.0,196.0
13:47:50,7165.08,6340.0,0.0095,10.0
13:47:50,7165.08,6350.0,-0.0,95.0
13:47:50,7165.08,6360.0,-0.0,58.0
13:47:50,7165.08,6370.0,-0.0,50.0
13:47:50,7165.08,6375.0,-0.0,5.0
13:47:50,7165.08,6380.0,-0.0,44.0
13:47:50,7165.08,6390.0,0.0,11.0
13:47:50,7165.08,6400.0,-0.0,152.0
13:47:50,7165.08,6410.0,-0.0,5.0
13:47:50,7165.08,6420.0,-0.0,14.0
13:47:50,7165.08,6425.0,0.0,52.0
13:47:50,7165.08,6430.0,-0.0573,7.0
13:47:50,7165.08,6440.0,-0.0383,44.0
13:47:50,7165.08,6450.0,-0.0,1068.0
13:47:50,7165.08,6460.0,-0.0,80.0
13:47:50,7165.08,6470.0,-0.0,8.0
13:47:50,7165.08,6475.0,-0.0,3.0
13:47:50,7165.08,6480.0,-0.0,35.0
13:47:50,7165.08,6485.0,0.0043,8.0
13:47:50,7165.08,6490.0,-0.0,5.0
13:47:50,7165.08,6495.0,-0.0092,0.0
13:47:50,7165.08,6500.0,-0.0,70.0
13:47:50,7165.08,6505.0,-0.1222,100.0
13:47:50,7165.08,6510.0,-0.0,118.0
13:47:50,7165.08,6515.0,0.0164,117.0
13:47:50,7165.08,6520.0,-0.0,29.0
13:47:50,7165.08,6525.0,-0.0,4.0
13:47:50,7165.08,6530.0,-0.0,1.0
13:47:50,7165.08,6535.0,-0.0805,64.0
13:47:50,7165.08,6540.0,-0.0,22.0
13:47:50,7165.08,6545.0,-0.0131,58.0
13:47:50,7165.08,6550.0,-0.2663,0.0
13:47:50,7165.08,6555.0,0.0576,27.0
13:47:50,7165.08,6560.0,-0.0,15.0
13:47:50,7165.08,6565.0,-0.0552,3.0
13:47:50,7165.08,6570.0,0.0,1.0
13:47:50,7165.08,6580.0,0.0649,13.0
13:47:50,7165.08,6585.0,-0.0766,48.0
13:47:50,7165.08,6590.0,0.0474,57.0
13:47:50,7165.08,6595.0,-0.0,79.0
13:47:50,7165.08,6600.0,-0.0,4.0
13:47:50,7165.08,6605.0,-0.0,30.0
13:47:50,7165.08,6610.0,0.1515,106.0
13:47:50,7165.08,6615.0,-0.0,95.0
13:47:50,7165.08,6620.0,0.1026,80.0
13:47:50,7165.08,6625.0,0.0,16.0
13:47:50,7165.08,6630.0,-0.0,40.0
13:47:50,7165.08,6635.0,-0.1048,137.0
13:47:50,7165.08,6640.0,0.145,87.0
13:47:50,7165.08,6645.0,-0.1235,27.0
13:47:50,7165.08,6650.0,-0.0,3.0
13:47:50,7165.08,6655.0,-0.1014,70.0
13:47:50,7165.08,6660.0,-0.1662,88.0
13:47:50,7165.08,6665.0,-0.0,6.0
13:47:50,7165.08,6670.0,-0.0568,3.0
13:47:50,7165.08,6675.0,0.0,248.0
13:47:50,7165.08,6680.0,-0.3832,62.0
13:47:50,7165.08,6685.0,-0.0,287.0
13:47:50,7165.08,6690.0,-1.1985,139.0
13:47:50,7165.08,6695.0,-0.0,31.0
13:47:50,7165.08,6700.0,-0.0014,1429.0
13:47:50,7165.08,6705.0,-0.0001,49.0
13:47:50,7165.08,6710.0,-0.5515,565.0
13:47:50,7165.08,6715.0,-0.0002,161.0
13:47:50,7165.08,6720.0,-0.0004,44.0
13:47:50,7165.08,6725.0,-0.0006,1300.0
13:47:50,7165.08,6730.0,-0.0008,63.0
13:47:50,7165.08,6735.0,0.0255,56.0
13:47:50,7165.08,6740.0,-0.0022,181.0
13:47:50,7165.08,6745.0,-0.0006,86.0
13:47:50,7165.08,6750.0,-0.0094,3696.0
13:47:50,7165.08,6755.0,-0.0019,153.0
13:47:50,7165.08,6760.0,-1.966,1867.0
13:47:50,7165.08,6765.0,-0.0031,293.0
13:47:50,7165.08,6770.0,-1.806,136.0
13:47:50,7165.08,6775.0,-0.0042,3448.0
13:47:50,7165.08,6780.0,-0.0111,276.0
13:47:50,7165.08,6785.0,0.0242,130.0
13:47:50,7165.08,6790.0,-0.0215,194.0
13:47:50,7165.08,6795.0,-0.0608,159.0
13:47:50,7165.08,6800.0,-11.7331,2592.0
13:47:50,7165.08,6805.0,-4.2882,347.0
13:47:50,7165.08,6810.0,-3.7409,704.0
13:47:50,7165.08,6815.0,-0.0214,296.0
13:47:50,7165.08,6820.0,-1.649,158.0
13:47:50,7165.08,6825.0,2.1811,1565.0
13:47:50,7165.08,6830.0,-0.0506,188.0
13:47:50,7165.08,6835.0,-0.9594,221.0
13:47:50,7165.08,6840.0,-0.16,1189.0
13:47:50,7165.08,6845.0,-0.2437,4310.0
13:47:50,7165.08,6850.0,-7.8118,4335.0
13:47:50,7165.08,6855.0,-0.413,665.0
13:47:50,7165.08,6860.0,-4.3119,0.0
13:47:50,7165.08,6865.0,-0.6827,0.0
13:47:50,7165.08,6870.0,-0.2721,0.0
13:47:50,7165.08,6875.0,-0.6819,0.0
13:47:50,7165.08,6880.0,-1.0618,0.0
13:47:50,7165.08,6885.0,-13.817,3.0
13:47:50,7165.08,6890.0,-0.825,0.0
13:47:50,7165.08,6895.0,-58.1265,13.0
13:47:50,7165.08,6900.0,-36.6982,0.0
13:47:50,7165.08,6905.0,-2.7141,0.0
13:47:50,7165.08,6910.0,-1.4923,0.0
13:47:50,7165.08,6915.0,-1.2064,82.0
13:47:50,7165.08,6920.0,-0.7761,91.0
13:47:50,7165.08,6925.0,0.7624,791.0
13:47:50,7165.08,6930.0,-5.7977,0.0
13:47:50,7165.08,6935.0,-5.0962,0.0
13:47:50,7165.08,6940.0,1.0832,0.0
13:47:50,7165.08,6945.0,-39.7964,0.0
13:47:50,7165.08,6950.0,-55.891,117.0
13:47:50,7165.08,6955.0,-32.2255,0.0
13:47:50,7165.08,6960.0,-13.141,0.0
13:47:50,7165.08,6965.0,-6.3978,0.0
13:47:50,7165.08,6970.0,-4.1436,0.0
13:47:50,7165.08,6975.0,-15.0898,2648.0
13:47:50,7165.08,6980.0,-14.1651,0.0
13:47:50,7165.08,6985.0,-12.9409,32.0
13:47:50,7165.08,6990.0,-17.337,0.0
13:47:50,7165.08,6995.0,-16.8528,0.0
13:47:50,7165.08,7000.0,-11.9001,0.0
13:47:50,7165.08,7005.0,-126.486,0.0
13:47:50,7165.08,7010.0,-3.803,0.0
13:47:50,7165.08,7015.0,-10.6915,0.0
13:47:50,7165.08,7020.0,-4.5042,0.0
13:47:50,7165.08,7025.0,-23.4067,0.0
13:47:50,7165.08,7030.0,43.0428,0.0
13:47:50,7165.08,7035.0,-20.2507,0.0
13:47:50,7165.08,7040.0,-19.4179,0.0
13:47:50,7165.08,7045.0,308.3998,0.0
13:47:50,7165.08,7050.0,-123.7781,0.0
13:47:50,7165.08,7055.0,-195.4224,0.0
13:47:50,7165.08,7060.0,-22.1311,0.0
13:47:50,7165.08,7065.0,-15.1002,0.0
13:47:50,7165.08,7070.0,3.1324,0.0
13:47:50,7165.08,7075.0,-68.9882,0.0
13:47:50,7165.08,7080.0,-46.3397,0.0
13:47:50,7165.08,7085.0,-23.0963,0.0
13:47:50,7165.08,7090.0,-49.5119,0.0
13:47:50,7165.08,7095.0,-15.3363,0.0
13:47:50,7165.08,7100.0,127.8095,10605.0
13:47:50,7165.08,7105.0,18.294,0.0
13:47:50,7165.08,7110.0,-24.7531,0.0
13:47:50,7165.08,7115.0,22.6923,0.0
13:47:50,7165.08,7120.0,74.7954,0.0
13:47:50,7165.08,7125.0,1.3871,0.0
13:47:50,7165.08,7130.0,1432.7542,0.0
13:47:50,7165.08,7135.0,33.2303,0.0
13:47:50,7165.08,7140.0,281.7618,1894.0
13:47:50,7165.08,7145.0,40.4458,0.0
13:47:50,7165.08,7150.0,95.4028,0.0
13:47:50,7165.08,7155.0,654.3267,0.0
13:47:50,7165.08,7160.0,1144.1108,0.0
13:47:50,7165.08,7165.0,49.9362,0.0
13:47:50,7165.08,7170.0,200.338,0.0
13:47:50,7165.08,7175.0,324.0935,0.0
13:47:50,7165.08,7180.0,122.0941,0.0
13:47:50,7165.08,7185.0,76.5426,0.0
13:47:50,7165.08,7190.0,143.775,0.0
13:47:50,7165.08,7195.0,111.0354,0.0
13:47:50,7165.08,7200.0,681.2964,10217.0
13:47:50,7165.08,7205.0,78.608,0.0
13:47:50,7165.08,7210.0,213.0405,0.0
13:47:50,7165.08,7215.0,117.7262,0.0
13:47:50,7165.08,7220.0,216.5669,0.0
13:47:50,7165.08,7225.0,166.4071,0.0
13:47:50,7165.08,7230.0,178.4028,0.0
13:47:50,7165.08,7235.0,68.8201,0.0
13:47:50,7165.08,7240.0,182.2312,0.0
13:47:50,7165.08,7245.0,89.3606,0.0
13:47:50,7165.08,7250.0,1201.5839,0.0
13:47:50,7165.08,7255.0,447.6,0.0
13:47:50,7165.08,7260.0,120.2444,0.0
13:47:50,7165.08,7265.0,101.798,0.0
13:47:50,7165.08,7270.0,162.8743,0.0
13:47:50,7165.08,7275.0,281.902,0.0
13:47:50,7165.08,7280.0,198.4675,0.0
13:47:50,7165.08,7285.0,46.405,0.0
13:47:50,7165.08,7290.0,104.0849,0.0
13:47:50,7165.08,7295.0,43.9082,0.0
13:47:50,7165.08,7300.0,95.4905,0.0
13:47:50,7165.08,7305.0,6.3165,0.0
13:47:50,7165.08,7310.0,56.9585,0.0
13:47:50,7165.08,7315.0,29.3403,0.0
13:47:50,7165.08,7320.0,72.7014,0.0
13:47:50,7165.08,7325.0,21.8798,0.0
13:47:50,7165.08,7330.0,57.2859,0.0
13:47:50,7165.08,7335.0,0.3669,0.0
13:47:50,7165.08,7340.0,6.7209,0.0
13:47:50,7165.08,7345.0,0.2152,0.0
13:47:50,7165.08,7350.0,29.7588,0.0
13:47:50,7165.08,7360.0,2.9159,247.0
13:47:50,7165.08,7370.0,7.6608,771.0
13:47:50,7165.08,7375.0,25.4988,10617.0
13:47:50,7165.08,7380.0,12.2625,5152.0
13:47:50,7165.08,7390.0,33.0928,2139.0
13:47:50,7165.08,7400.0,15.4658,4230.0
13:47:50,7165.08,7410.0,0.0095,65.0
13:47:50,7165.08,7425.0,4.2126,194.0
13:47:50,7165.08,7450.0,1.5767,474.0
13:47:50,7165.08,7475.0,0.0336,140.0
13:47:50,7165.08,7500.0,0.1662,296.0
13:47:50,7165.08,7550.0,0.0005,0.0
13:47:50,7165.08,7600.0,0.0006,2.0
13:47:50,7165.08,7700.0,0.0001,0.0
13:47:50,7165.08,7800.0,0.0,1.0
13:47:50,7165.08,8000.0,0.0,2.0
13:47:50,7165.08,8800.0,0.0,2.0
13:47:50,7165.08,9200.0,0.0,1.0
13:53:03,7165.08,4600.0,-0.0,4.0
13:53:03,7165.08,5300.0,-0.0,1.0
13:53:03,7165.08,5400.0,-0.0,3.0
13:53:03,7165.08,5500.0,-0.0,1.0
13:53:03,7165.08,5575.0,-0.0,1.0
13:53:03,7165.08,5625.0,-0.0,1.0
13:53:03,7165.08,5650.0,-0.0,1.0
13:53:03,7165.08,5800.0,-0.0,4.0
13:53:03,7165.08,5900.0,-0.0,3.0
13:53:03,7165.08,6000.0,-0.0,24.0
13:53:03,7165.08,6100.0,-0.0,876.0
13:53:03,7165.08,6110.0,-0.0,105.0
13:53:03,7165.08,6120.0,-0.0,81.0
13:53:03,7165.08,6125.0,-0.0,13.0
13:53:03,7165.08,6130.0,-0.0,3.0
13:53:03,7165.08,6140.0,-0.0,100.0
13:53:03,7165.08,6150.0,-0.0,297.0
13:53:03,7165.08,6160.0,-0.0,85.0
13:53:03,7165.08,6170.0,-0.0,87.0
13:53:03,7165.08,6175.0,-0.0,163.0
13:53:03,7165.08,6180.0,-0.0,10.0
13:53:03,7165.08,6190.0,-0.0026,97.0
13:53:03,7165.08,6200.0,-0.0,1177.0
13:53:03,7165.08,6210.0,-0.0984,0.0
13:53:03,7165.08,6220.0,-0.0021,40.0
13:53:03,7165.08,6225.0,-0.0,150.0
13:53:03,7165.08,6230.0,-0.0072,302.0
13:53:03,7165.08,6240.0,-0.0023,60.0
13:53:03,7165.08,6250.0,-0.0,226.0
13:53:03,7165.08,6260.0,-0.0,200.0
13:53:03,7165.08,6270.0,-0.014,101.0
13:53:03,7165.08,6275.0,-0.0,30.0
13:53:03,7165.08,6280.0,0.0002,20.0
13:53:03,7165.08,6290.0,-0.0,38.0
13:53:03,7165.08,6300.0,-0.0,96.0
13:53:03,7165.08,6310.0,-0.0,161.0
13:53:03,7165.08,6320.0,-0.0,10.0
13:53:03,7165.08,6325.0,-0.0,30.0
13:53:03,7165.08,6330.0,-0.0,196.0
13:53:03,7165.08,6340.0,0.0095,10.0
13:53:03,7165.08,6350.0,-0.0,95.0
13:53:03,7165.08,6360.0,-0.0,58.0
13:53:03,7165.08,6370.0,-0.0,50.0
13:53:03,7165.08,6375.0,-0.0,5.0
13:53:03,7165.08,6380.0,-0.0,44.0
13:53:03,7165.08,6390.0,0.0,11.0
13:53:03,7165.08,6400.0,-0.0,152.0
13:53:03,7165.08,6410.0,-0.0,5.0
13:53:03,7165.08,6420.0,-0.0,14.0
13:53:03,7165.08,6425.0,0.0,52.0
13:53:03,7165.08,6430.0,-0.0573,7.0
13:53:03,7165.08,6440.0,-0.0383,44.0
13:53:03,7165.08,6450.0,-0.0,1068.0
13:53:03,7165.08,6460.0,-0.0,80.0
13:53:03,7165.08,6470.0,-0.0,8.0
13:53:03,7165.08,6475.0,-0.0,3.0
13:53:03,7165.08,6480.0,-0.0,35.0
13:53:03,7165.08,6485.0,0.0043,8.0
13:53:03,7165.08,6490.0,-0.0,5.0
13:53:03,7165.08,6495.0,-0.0092,0.0
13:53:03,7165.08,6500.0,-0.0,70.0
13:53:03,7165.08,6505.0,-0.1222,100.0
13:53:03,7165.08,6510.0,-0.0,118.0
13:53:03,7165.08,6515.0,0.0164,117.0
13:53:03,7165.08,6520.0,-0.0,29.0
13:53:03,7165.08,6525.0,-0.0,4.0
13:53:03,7165.08,6530.0,-0.0,1.0
13:53:03,7165.08,6535.0,-0.0805,64.0
13:53:03,7165.08,6540.0,-0.0,22.0
13:53:03,7165.08,6545.0,-0.0131,58.0
13:53:03,7165.08,6550.0,-0.2663,0.0
13:53:03,7165.08,6555.0,0.0576,27.0
13:53:03,7165.08,6560.0,-0.0,15.0
13:53:03,7165.08,6565.0,-0.0552,3.0
13:53:03,7165.08,6570.0,0.0,1.0
13:53:03,7165.08,6580.0,0.0649,13.0
13:53:03,7165.08,6585.0,-0.0766,48.0
13:53:03,7165.08,6590.0,0.0474,57.0
13:53:03,7165.08,6595.0,-0.0,79.0
13:53:03,7165.08,6600.0,-0.0,4.0
13:53:03,7165.08,6605.0,-0.0,30.0
13:53:03,7165.08,6610.0,0.1515,106.0
13:53:03,7165.08,6615.0,-0.0,95.0
13:53:03,7165.08,6620.0,0.1026,80.0
13:53:03,7165.08,6625.0,0.0,16.0
13:53:03,7165.08,6630.0,-0.0,40.0
13:53:03,7165.08,6635.0,-0.1048,137.0
13:53:03,7165.08,6640.0,0.145,87.0
13:53:03,7165.08,6645.0,-0.1235,27.0
13:53:03,7165.08,6650.0,-0.0,3.0
13:53:03,7165.08,6655.0,-0.1014,70.0
13:53:03,7165.08,6660.0,-0.1662,88.0
13:53:03,7165.08,6665.0,-0.0,6.0
13:53:03,7165.08,6670.0,-0.0568,3.0
13:53:03,7165.08,6675.0,0.0,248.0
13:53:03,7165.08,6680.0,-0.3832,62.0
13:53:03,7165.08,6685.0,-0.0,287.0
13:53:03,7165.08,6690.0,-1.1985,139.0
13:53:03,7165.08,6695.0,-0.0,31.0
13:53:03,7165.08,6700.0,-0.0014,1429.0
13:53:03,7165.08,6705.0,-0.0001,49.0
13:53:03,7165.08,6710.0,-0.5515,565.0
13:53:03,7165.08,6715.0,-0.0002,161.0
13:53:03,7165.08,6720.0,-0.0004,44.0
13:53:03,7165.08,6725.0,-0.0006,1300.0
13:53:03,7165.08,6730.0,-0.0008,63.0
13:53:03,7165.08,6735.0,0.0255,56.0
13:53:03,7165.08,6740.0,-0.0022,181.0
13:53:03,7165.08,6745.0,-0.0006,86.0
13:53:03,7165.08,6750.0,-0.0094,3696.0
13:53:03,7165.08,6755.0,-0.0019,153.0
13:53:03,7165.08,6760.0,-1.966,1867.0
13:53:03,7165.08,6765.0,-0.0031,293.0
13:53:03,7165.08,6770.0,-1.806,136.0
13:53:03,7165.08,6775.0,-0.0042,3448.0
13:53:03,7165.08,6780.0,-0.0111,276.0
13:53:03,7165.08,6785.0,0.0242,130.0
13:53:03,7165.08,6790.0,-0.0215,194.0
13:53:03,7165.08,6795.0,-0.0608,159.0
13:53:03,7165.08,6800.0,-11.7331,2592.0
13:53:03,7165.08,6805.0,-4.2882,347.0
13:53:03,7165.08,6810.0,-3.7409,704.0
13:53:03,7165.08,6815.0,-0.0214,296.0
13:53:03,7165.08,6820.0,-1.649,158.0
13:53:03,7165.08,6825.0,2.1811,1565.0
13:53:03,7165.08,6830.0,-0.0506,188.0
13:53:03,7165.08,6835.0,-0.9594,221.0
13:53:03,7165.08,6840.0,-0.16,1189.0
13:53:03,7165.08,6845.0,-0.2437,4310.0
13:53:03,7165.08,6850.0,-7.8118,4335.0
13:53:03,7165.08,6855.0,-0.413,665.0
13:53:03,7165.08,6860.0,-4.3119,0.0
13:53:03,7165.08,6865.0,-0.6827,0.0
13:53:03,7165.08,6870.0,-0.2721,0.0
13:53:03,7165.08,6875.0,-0.6819,0.0
13:53:03,7165.08,6880.0,-1.0618,0.0
13:53:03,7165.08,6885.0,-13.817,3.0
13:53:03,7165.08,6890.0,-0.825,0.0
13:53:03,7165.08,6895.0,-58.1265,13.0
13:53:03,7165.08,6900.0,-36.6982,0.0
13:53:03,7165.08,6905.0,-2.7141,0.0
13:53:03,7165.08,6910.0,-1.4923,0.0
13:53:03,7165.08,6915.0,-1.2064,82.0
13:53:03,7165.08,6920.0,-0.7761,91.0
13:53:03,7165.08,6925.0,0.7624,791.0
13:53:03,7165.08,6930.0,-5.7977,0.0
13:53:03,7165.08,6935.0,-5.0962,0.0
13:53:03,7165.08,6940.0,1.0832,0.0
13:53:03,7165.08,6945.0,-39.7964,0.0
13:53:03,7165.08,6950.0,-55.891,117.0
13:53:03,7165.08,6955.0,-32.2255,0.0
13:53:03,7165.08,6960.0,-13.141,0.0
13:53:03,7165.08,6965.0,-6.3978,0.0
13:53:03,7165.08,6970.0,-4.1436,0.0
13:53:03,7165.08,6975.0,-15.0898,2648.0
13:53:03,7165.08,6980.0,-14.1651,0.0
13:53:03,7165.08,6985.0,-12.9409,32.0
13:53:03,7165.08,6990.0,-17.337,0.0
13:53:03,7165.08,6995.0,-16.8528,0.0
13:53:03,7165.08,7000.0,-11.9001,0.0
13:53:03,7165.08,7005.0,-126.486,0.0
13:53:03,7165.08,7010.0,-3.803,0.0
13:53:03,7165.08,7015.0,-10.6915,0.0
13:53:03,7165.08,7020.0,-4.5042,0.0
13:53:03,7165.08,7025.0,-23.4067,0.0
13:53:03,7165.08,7030.0,43.0428,0.0
13:53:03,7165.08,7035.0,-20.2507,0.0
13:53:03,7165.08,7040.0,-19.4179,0.0
13:53:03,7165.08,7045.0,308.3998,0.0
13:53:03,7165.08,7050.0,-123.7781,0.0
13:53:03,7165.08,7055.0,-195.4224,0.0
13:53:03,7165.08,7060.0,-22.1311,0.0
13:53:03,7165.08,7065.0,-15.1002,0.0
13:53:03,7165.08,7070.0,3.1324,0.0
13:53:03,7165.08,7075.0,-68.9882,0.0
13:53:03,7165.08,7080.0,-46.3397,0.0
13:53:03,7165.08,7085.0,-23.0963,0.0
13:53:03,7165.08,7090.0,-49.5119,0.0
13:53:03,7165.08,7095.0,-15.3363,0.0
13:53:03,7165.08,7100.0,127.8095,10605.0
13:53:03,7165.08,7105.0,18.294,0.0
13:53:03,7165.08,7110.0,-24.7531,0.0
13:53:03,7165.08,7115.0,22.6923,0.0
13:53:03,7165.08,7120.0,74.7954,0.0
13:53:03,7165.08,7125.0,1.3871,0.0
13:53:03,7165.08,7130.0,1432.7542,0.0
13:53:03,7165.08,7135.0,33.2303,0.0
13:53:03,7165.08,7140.0,281.7618,1894.0
13:53:03,7165.08,7145.0,40.4458,0.0
13:53:03,7165.08,7150.0,95.4028,0.0
13:53:03,7165.08,7155.0,654.3267,0.0
13:53:03,7165.08,7160.0,1144.1108,0.0
13:53:03,7165.08,7165.0,49.9362,0.0
13:53:03,7165.08,7170.0,200.338,0.0
13:53:03,7165.08,7175.0,324.0935,0.0
13:53:03,7165.08,7180.0,122.0941,0.0
13:53:03,7165.08,7185.0,76.5426,0.0
13:53:03,7165.08,7190.0,143.775,0.0
13:53:03,7165.08,7195.0,111.0354,0.0
13:53:03,7165.08,7200.0,681.2964,10217.0
13:53:03,7165.08,7205.0,78.608,0.0
13:53:03,7165.08,7210.0,213.0405,0.0
13:53:03,7165.08,7215.0,117.7262,0.0
13:53:03,7165.08,7220.0,216.5669,0.0
13:53:03,7165.08,7225.0,166.4071,0.0
13:53:03,7165.08,7230.0,178.4028,0.0
13:53:03,7165.08,7235.0,68.8201,0.0
13:53:03,7165.08,7240.0,182.2312,0.0
13:53:03,7165.08,7245.0,89.3606,0.0
13:53:03,7165.08,7250.0,1201.5839,0.0
13:53:03,7165.08,7255.0,447.6,0.0
13:53:03,7165.08,7260.0,120.2444,0.0
13:53:03,7165.08,7265.0,101.798,0.0
13:53:03,7165.08,7270.0,162.8743,0.0
13:53:03,7165.08,7275.0,281.902,0.0
13:53:03,7165.08,7280.0,198.4675,0.0
13:53:03,7165.08,7285.0,46.405,0.0
13:53:03,7165.08,7290.0,104.0849,0.0
13:53:03,7165.08,7295.0,43.9082,0.0
13:53:03,7165.08,7300.0,95.4905,0.0
13:53:03,7165.08,7305.0,6.3165,0.0
13:53:03,7165.08,7310.0,56.9585,0.0
13:53:03,7165.08,7315.0,29.3403,0.0
13:53:03,7165.08,7320.0,72.7014,0.0
13:53:03,7165.08,7325.0,21.8798,0.0
13:53:03,7165.08,7330.0,57.2859,0.0
13:53:03,7165.08,7335.0,0.3669,0.0
13:53:03,7165.08,7340.0,6.7209,0.0
13:53:03,7165.08,7345.0,0.2152,0.0
13:53:03,7165.08,7350.0,29.7588,0.0
13:53:03,7165.08,7360.0,2.9159,247.0
13:53:03,7165.08,7370.0,7.6608,771.0
13:53:03,7165.08,7375.0,25.4988,10617.0
13:53:03,7165.08,7380.0,12.2625,5152.0
13:53:03,7165.08,7390.0,33.0928,2139.0
13:53:03,7165.08,7400.0,15.4658,4230.0
13:53:03,7165.08,7410.0,0.0095,65.0
13:53:03,7165.08,7425.0,4.2126,194.0
13:53:03,7165.08,7450.0,1.5767,474.0
13:53:03,7165.08,7475.0,0.0336,140.0
13:53:03,7165.08,7500.0,0.1662,296.0
13:53:03,7165.08,7550.0,0.0005,0.0
13:53:03,7165.08,7600.0,0.0006,2.0
13:53:03,7165.08,7700.0,0.0001,0.0
13:53:03,7165.08,7800.0,0.0,1.0
13:53:03,7165.08,8000.0,0.0,2.0
13:53:03,7165.08,8800.0,0.0,2.0
13:53:03,7165.08,9200.0,0.0,1.0
13:58:48,7165.08,4600.0,-0.0,4.0
13:58:48,7165.08,5300.0,-0.0,1.0
13:58:48,7165.08,5400.0,-0.0,3.0
13:58:48,7165.08,5500.0,-0.0,1.0
13:58:48,7165.08,5575.0,-0.0,1.0
13:58:48,7165.08,5625.0,-0.0,1.0
13:58:48,7165.08,5650.0,-0.0,1.0
13:58:48,7165.08,5800.0,-0.0,4.0
13:58:48,7165.08,5900.0,-0.0,3.0
13:58:48,7165.08,6000.0,-0.0,24.0
13:58:48,7165.08,6100.0,-0.0,876.0
13:58:48,7165.08,6110.0,-0.0,105.0
13:58:48,7165.08,6120.0,-0.0,81.0
13:58:48,7165.08,6125.0,-0.0,13.0
13:58:48,7165.08,6130.0,-0.0,3.0
13:58:48,7165.08,6140.0,-0.0,100.0
13:58:48,7165.08,6150.0,-0.0,297.0
13:58:48,7165.08,6160.0,-0.0,85.0
13:58:48,7165.08,6170.0,-0.0,87.0
13:58:48,7165.08,6175.0,-0.0,163.0
13:58:48,7165.08,6180.0,-0.0,10.0
13:58:48,7165.08,6190.0,-0.0026,97.0
13:58:48,7165.08,6200.0,-0.0,1177.0
13:58:48,7165.08,6210.0,-0.0984,0.0
13:58:48,7165.08,6220.0,-0.0021,40.0
13:58:48,7165.08,6225.0,-0.0,150.0
13:58:48,7165.08,6230.0,-0.0072,302.0
13:58:48,7165.08,6240.0,-0.0023,60.0
13:58:48,7165.08,6250.0,-0.0,226.0
13:58:48,7165.08,6260.0,-0.0,200.0
13:58:48,7165.08,6270.0,-0.014,101.0
13:58:48,7165.08,6275.0,-0.0,30.0
13:58:48,7165.08,6280.0,0.0002,20.0
13:58:48,7165.08,6290.0,-0.0,38.0
13:58:48,7165.08,6300.0,-0.0,96.0
13:58:48,7165.08,6310.0,-0.0,161.0
13:58:48,7165.08,6320.0,-0.0,10.0
13:58:48,7165.08,6325.0,-0.0,30.0
13:58:48,7165.08,6330.0,-0.0,196.0
13:58:48,7165.08,6340.0,0.0095,10.0
13:58:48,7165.08,6350.0,-0.0,95.0
13:58:48,7165.08,6360.0,-0.0,58.0
13:58:48,7165.08,6370.0,-0.0,50.0
13:58:48,7165.08,6375.0,-0.0,5.0
13:58:48,7165.08,6380.0,-0.0,44.0
13:58:48,7165.08,6390.0,0.0,11.0
13:58:48,7165.08,6400.0,-0.0,152.0
13:58:48,7165.08,6410.0,-0.0,5.0
13:58:48,7165.08,6420.0,-0.0,14.0
13:58:48,7165.08,6425.0,0.0,52.0
13:58:48,7165.08,6430.0,-0.0573,7.0
13:58:48,7165.08,6440.0,-0.0383,44.0
13:58:48,7165.08,6450.0,-0.0,1068.0
13:58:48,7165.08,6460.0,-0.0,80.0
13:58:48,7165.08,6470.0,-0.0,8.0
13:58:48,7165.08,6475.0,-0.0,3.0
13:58:48,7165.08,6480.0,-0.0,35.0
13:58:48,7165.08,6485.0,0.0043,8.0
13:58:48,7165.08,6490.0,-0.0,5.0
13:58:48,7165.08,6495.0,-0.0092,0.0
13:58:48,7165.08,6500.0,-0.0,70.0
13:58:48,7165.08,6505.0,-0.1222,100.0
13:58:48,7165.08,6510.0,-0.0,118.0
13:58:48,7165.08,6515.0,0.0164,117.0
13:58:48,7165.08,6520.0,-0.0,29.0
13:58:48,7165.08,6525.0,-0.0,4.0
13:58:48,7165.08,6530.0,-0.0,1.0
13:58:48,7165.08,6535.0,-0.0805,64.0
13:58:48,7165.08,6540.0,-0.0,22.0
13:58:48,7165.08,6545.0,-0.0131,58.0
13:58:48,7165.08,6550.0,-0.2663,0.0
13:58:48,7165.08,6555.0,0.0576,27.0
13:58:48,7165.08,6560.0,-0.0,15.0
13:58:48,7165.08,6565.0,-0.0552,3.0
13:58:48,7165.08,6570.0,0.0,1.0
13:58:48,7165.08,6580.0,0.0649,13.0
13:58:48,7165.08,6585.0,-0.0766,48.0
13:58:48,7165.08,6590.0,0.0474,57.0
13:58:48,7165.08,6595.0,-0.0,79.0
13:58:48,7165.08,6600.0,-0.0,4.0
13:58:48,7165.08,6605.0,-0.0,30.0
13:58:48,7165.08,6610.0,0.1515,106.0
13:58:48,7165.08,6615.0,-0.0,95.0
13:58:48,7165.08,6620.0,0.1026,80.0
13:58:48,7165.08,6625.0,0.0,16.0
13:58:48,7165.08,6630.0,-0.0,40.0
13:58:48,7165.08,6635.0,-0.1048,137.0
13:58:48,7165.08,6640.0,0.145,87.0
13:58:48,7165.08,6645.0,-0.1235,27.0
13:58:48,7165.08,6650.0,-0.0,3.0
13:58:48,7165.08,6655.0,-0.1014,70.0
13:58:48,7165.08,6660.0,-0.1662,88.0
13:58:48,7165.08,6665.0,-0.0,6.0
13:58:48,7165.08,6670.0,-0.0568,3.0
13:58:48,7165.08,6675.0,0.0,248.0
13:58:48,7165.08,6680.0,-0.3832,62.0
13:58:48,7165.08,6685.0,-0.0,287.0
13:58:48,7165.08,6690.0,-1.1985,139.0
13:58:48,7165.08,6695.0,-0.0,31.0
13:58:48,7165.08,6700.0,-0.0014,1429.0
13:58:48,7165.08,6705.0,-0.0001,49.0
13:58:48,7165.08,6710.0,-0.5515,565.0
13:58:48,7165.08,6715.0,-0.0002,161.0
13:58:48,7165.08,6720.0,-0.0004,44.0
13:58:48,7165.08,6725.0,-0.0006,1300.0
13:58:48,7165.08,6730.0,-0.0008,63.0
13:58:48,7165.08,6735.0,0.0255,56.0
13:58:48,7165.08,6740.0,-0.0022,181.0
13:58:48,7165.08,6745.0,-0.0006,86.0
13:58:48,7165.08,6750.0,-0.0094,3696.0
13:58:48,7165.08,6755.0,-0.0019,153.0
13:58:48,7165.08,6760.0,-1.966,1867.0
13:58:48,7165.08,6765.0,-0.0031,293.0
13:58:48,7165.08,6770.0,-1.806,136.0
13:58:48,7165.08,6775.0,-0.0042,3448.0
13:58:48,7165.08,6780.0,-0.0111,276.0
13:58:48,7165.08,6785.0,0.0242,130.0
13:58:48,7165.08,6790.0,-0.0215,194.0
13:58:48,7165.08,6795.0,-0.0608,159.0
13:58:48,7165.08,6800.0,-11.7331,2592.0
13:58:48,7165.08,6805.0,-4.2882,347.0
13:58:48,7165.08,6810.0,-3.7409,704.0
13:58:48,7165.08,6815.0,-0.0214,296.0
13:58:48,7165.08,6820.0,-1.649,158.0
13:58:48,7165.08,6825.0,2.1811,1565.0
13:58:48,7165.08,6830.0,-0.0506,188.0
13:58:48,7165.08,6835.0,-0.9594,221.0
13:58:48,7165.08,6840.0,-0.16,1189.0
13:58:48,7165.08,6845.0,-0.2437,4310.0
13:58:48,7165.08,6850.0,-7.8118,4335.0
13:58:48,7165.08,6855.0,-0.413,665.0
13:58:48,7165.08,6860.0,-4.3119,0.0
13:58:48,7165.08,6865.0,-0.6827,0.0
13:58:48,7165.08,6870.0,-0.2721,0.0
13:58:48,7165.08,6875.0,-0.6819,0.0
13:58:48,7165.08,6880.0,-1.0618,0.0
13:58:48,7165.08,6885.0,-13.817,3.0
13:58:48,7165.08,6890.0,-0.825,0.0
13:58:48,7165.08,6895.0,-58.1265,13.0
13:58:48,7165.08,6900.0,-36.6982,0.0
13:58:48,7165.08,6905.0,-2.7141,0.0
13:58:48,7165.08,6910.0,-1.4923,0.0
13:58:48,7165.08,6915.0,-1.2064,82.0
13:58:48,7165.08,6920.0,-0.7761,91.0
13:58:48,7165.08,6925.0,0.7624,791.0
13:58:48,7165.08,6930.0,-5.7977,0.0
13:58:48,7165.08,6935.0,-5.0962,0.0
13:58:48,7165.08,6940.0,1.0832,0.0
13:58:48,7165.08,6945.0,-39.7964,0.0
13:58:48,7165.08,6950.0,-55.891,117.0
13:58:48,7165.08,6955.0,-32.2255,0.0
13:58:48,7165.08,6960.0,-13.141,0.0
13:58:48,7165.08,6965.0,-6.3978,0.0
13:58:48,7165.08,6970.0,-4.1436,0.0
13:58:48,7165.08,6975.0,-15.0898,2648.0
13:58:48,7165.08,6980.0,-14.1651,0.0
13:58:48,7165.08,6985.0,-12.9409,32.0
13:58:48,7165.08,6990.0,-17.337,0.0
13:58:48,7165.08,6995.0,-16.8528,0.0
13:58:48,7165.08,7000.0,-11.9001,0.0
13:58:48,7165.08,7005.0,-126.486,0.0
13:58:48,7165.08,7010.0,-3.803,0.0
13:58:48,7165.08,7015.0,-10.6915,0.0
13:58:48,7165.08,7020.0,-4.5042,0.0
13:58:48,7165.08,7025.0,-23.4067,0.0
13:58:48,7165.08,7030.0,43.0428,0.0
13:58:48,7165.08,7035.0,-20.2507,0.0
13:58:48,7165.08,7040.0,-19.4179,0.0
13:58:48,7165.08,7045.0,308.3998,0.0
13:58:48,7165.08,7050.0,-123.7781,0.0
13:58:48,7165.08,7055.0,-195.4224,0.0
13:58:48,7165.08,7060.0,-22.1311,0.0
13:58:48,7165.08,7065.0,-15.1002,0.0
13:58:48,7165.08,7070.0,3.1324,0.0
13:58:48,7165.08,7075.0,-68.9882,0.0
13:58:48,7165.08,7080.0,-46.3397,0.0
13:58:48,7165.08,7085.0,-23.0963,0.0
13:58:48,7165.08,7090.0,-49.5119,0.0
13:58:48,7165.08,7095.0,-15.3363,0.0
13:58:48,7165.08,7100.0,127.8095,10605.0
13:58:48,7165.08,7105.0,18.294,0.0
13:58:48,7165.08,7110.0,-24.7531,0.0
13:58:48,7165.08,7115.0,22.6923,0.0
13:58:48,7165.08,7120.0,74.7954,0.0
13:58:48,7165.08,7125.0,1.3871,0.0
13:58:48,7165.08,7130.0,1432.7542,0.0
13:58:48,7165.08,7135.0,33.2303,0.0
13:58:48,7165.08,7140.0,281.7618,1894.0
13:58:48,7165.08,7145.0,40.4458,0.0
13:58:48,7165.08,7150.0,95.4028,0.0
13:58:48,7165.08,7155.0,654.3267,0.0
13:58:48,7165.08,7160.0,1144.1108,0.0
13:58:48,7165.08,7165.0,49.9362,0.0
13:58:48,7165.08,7170.0,200.338,0.0
13:58:48,7165.08,7175.0,324.0935,0.0
13:58:48,7165.08,7180.0,122.0941,0.0
13:58:48,7165.08,7185.0,76.5426,0.0
13:58:48,7165.08,7190.0,143.775,0.0
13:58:48,7165.08,7195.0,111.0354,0.0
13:58:48,7165.08,7200.0,681.2964,10217.0
13:58:48,7165.08,7205.0,78.608,0.0
13:58:48,7165.08,7210.0,213.0405,0.0
13:58:48,7165.08,7215.0,117.7262,0.0
13:58:48,7165.08,7220.0,216.5669,0.0
13:58:48,7165.08,7225.0,166.4071,0.0
13:58:48,7165.08,7230.0,178.4028,0.0
13:58:48,7165.08,7235.0,68.8201,0.0
13:58:48,7165.08,7240.0,182.2312,0.0
13:58:48,7165.08,7245.0,89.3606,0.0
13:58:48,7165.08,7250.0,1201.5839,0.0
13:58:48,7165.08,7255.0,447.6,0.0
13:58:48,7165.08,7260.0,120.2444,0.0
13:58:48,7165.08,7265.0,101.798,0.0
13:58:48,7165.08,7270.0,162.8743,0.0
13:58:48,7165.08,7275.0,281.902,0.0
13:58:48,7165.08,7280.0,198.4675,0.0
13:58:48,7165.08,7285.0,46.405,0.0
13:58:48,7165.08,7290.0,104.0849,0.0
13:58:48,7165.08,7295.0,43.9082,0.0
13:58:48,7165.08,7300.0,95.4905,0.0
13:58:48,7165.08,7305.0,6.3165,0.0
13:58:48,7165.08,7310.0,56.9585,0.0
13:58:48,7165.08,7315.0,29.3403,0.0
13:58:48,7165.08,7320.0,72.7014,0.0
13:58:48,7165.08,7325.0,21.8798,0.0
13:58:48,7165.08,7330.0,57.2859,0.0
13:58:48,7165.08,7335.0,0.3669,0.0
13:58:48,7165.08,7340.0,6.7209,0.0
13:58:48,7165.08,7345.0,0.2152,0.0
13:58:48,7165.08,7350.0,29.7588,0.0
13:58:48,7165.08,7360.0,2.9159,247.0
13:58:48,7165.08,7370.0,7.6608,771.0
13:58:48,7165.08,7375.0,25.4988,10617.0
13:58:48,7165.08,7380.0,12.2625,5152.0
13:58:48,7165.08,7390.0,33.0928,2139.0
13:58:48,7165.08,7400.0,15.4658,4230.0
13:58:48,7165.08,7410.0,0.0095,65.0
13:58:48,7165.08,7425.0,4.2126,194.0
13:58:48,7165.08,7450.0,1.5767,474.0
13:58:48,7165.08,7475.0,0.0336,140.0
13:58:48,7165.08,7500.0,0.1662,296.0
13:58:48,7165.08,7550.0,0.0005,0.0
13:58:48,7165.08,7600.0,0.0006,2.0
13:58:48,7165.08,7700.0,0.0001,0.0
13:58:48,7165.08,7800.0,0.0,1.0
13:58:48,7165.08,8000.0,0.0,2.0
13:58:48,7165.08,8800.0,0.0,2.0
13:58:48,7165.08,9200.0,0.0,1.0
14:01:14,7165.08,4600.0,-0.0,4.0
14:01:14,7165.08,5300.0,-0.0,1.0
14:01:14,7165.08,5400.0,-0.0,3.0
14:01:14,7165.08,5500.0,-0.0,1.0
14:01:14,7165.08,5575.0,-0.0,1.0
14:01:14,7165.08,5625.0,-0.0,1.0
14:01:14,7165.08,5650.0,-0.0,1.0
14:01:14,7165.08,5800.0,-0.0,4.0
14:01:14,7165.08,5900.0,-0.0,3.0
14:01:14,7165.08,6000.0,-0.0,24.0
14:01:14,7165.08,6100.0,-0.0,876.0
14:01:14,7165.08,6110.0,-0.0,105.0
14:01:14,7165.08,6120.0,-0.0,81.0
14:01:14,7165.08,6125.0,-0.0,13.0
14:01:14,7165.08,6130.0,-0.0,3.0
14:01:14,7165.08,6140.0,-0.0,100.0
14:01:14,7165.08,6150.0,-0.0,297.0
14:01:14,7165.08,6160.0,-0.0,85.0
14:01:14,7165.08,6170.0,-0.0,87.0
14:01:14,7165.08,6175.0,-0.0,163.0
14:01:14,7165.08,6180.0,-0.0,10.0
14:01:14,7165.08,6190.0,-0.0026,97.0
14:01:14,7165.08,6200.0,-0.0,1177.0
14:01:14,7165.08,6210.0,-0.0984,0.0
14:01:14,7165.08,6220.0,-0.0021,40.0
14:01:14,7165.08,6225.0,-0.0,150.0
14:01:14,7165.08,6230.0,-0.0072,302.0
14:01:14,7165.08,6240.0,-0.0023,60.0
14:01:14,7165.08,6250.0,-0.0,226.0
14:01:14,7165.08,6260.0,-0.0,200.0
14:01:14,7165.08,6270.0,-0.014,101.0
14:01:14,7165.08,6275.0,-0.0,30.0
14:01:14,7165.08,6280.0,0.0002,20.0
14:01:14,7165.08,6290.0,-0.0,38.0
14:01:14,7165.08,6300.0,-0.0,96.0
14:01:14,7165.08,6310.0,-0.0,161.0
14:01:14,7165.08,6320.0,-0.0,10.0
14:01:14,7165.08,6325.0,-0.0,30.0
14:01:14,7165.08,6330.0,-0.0,196.0
14:01:14,7165.08,6340.0,0.0095,10.0
14:01:14,7165.08,6350.0,-0.0,95.0
14:01:14,7165.08,6360.0,-0.0,58.0
14:01:14,7165.08,6370.0,-0.0,50.0
14:01:14,7165.08,6375.0,-0.0,5.0
14:01:14,7165.08,6380.0,-0.0,44.0
14:01:14,7165.08,6390.0,0.0,11.0
14:01:14,7165.08,6400.0,-0.0,152.0
14:01:14,7165.08,6410.0,-0.0,5.0
14:01:14,7165.08,6420.0,-0.0,14.0
14:01:14,7165.08,6425.0,0.0,52.0
14:01:14,7165.08,6430.0,-0.0573,7.0
14:01:14,7165.08,6440.0,-0.0383,44.0
14:01:14,7165.08,6450.0,-0.0,1068.0
14:01:14,7165.08,6460.0,-0.0,80.0
14:01:14,7165.08,6470.0,-0.0,8.0
14:01:14,7165.08,6475.0,-0.0,3.0
14:01:14,7165.08,6480.0,-0.0,35.0
14:01:14,7165.08,6485.0,0.0043,8.0
14:01:14,7165.08,6490.0,-0.0,5.0
14:01:14,7165.08,6495.0,-0.0092,0.0
14:01:14,7165.08,6500.0,-0.0,70.0
14:01:14,7165.08,6505.0,-0.1222,100.0
14:01:14,7165.08,6510.0,-0.0,118.0
14:01:14,7165.08,6515.0,0.0164,117.0
14:01:14,7165.08,6520.0,-0.0,29.0
14:01:14,7165.08,6525.0,-0.0,4.0
14:01:14,7165.08,6530.0,-0.0,1.0
14:01:14,7165.08,6535.0,-0.0805,64.0
14:01:14,7165.08,6540.0,-0.0,22.0
14:01:14,7165.08,6545.0,-0.0131,58.0
14:01:14,7165.08,6550.0,-0.2663,0.0
14:01:14,7165.08,6555.0,0.0576,27.0
14:01:14,7165.08,6560.0,-0.0,15.0
14:01:14,7165.08,6565.0,-0.0552,3.0
14:01:14,7165.08,6570.0,0.0,1.0
14:01:14,7165.08,6580.0,0.0649,13.0
14:01:14,7165.08,6585.0,-0.0766,48.0
14:01:14,7165.08,6590.0,0.0474,57.0
14:01:14,7165.08,6595.0,-0.0,79.0
14:01:14,7165.08,6600.0,-0.0,4.0
14:01:14,7165.08,6605.0,-0.0,30.0
14:01:14,7165.08,6610.0,0.1515,106.0
14:01:14,7165.08,6615.0,-0.0,95.0
14:01:14,7165.08,6620.0,0.1026,80.0
14:01:14,7165.08,6625.0,0.0,16.0
14:01:14,7165.08,6630.0,-0.0,40.0
14:01:14,7165.08,6635.0,-0.1048,137.0
14:01:14,7165.08,6640.0,0.145,87.0
14:01:14,7165.08,6645.0,-0.1235,27.0
14:01:14,7165.08,6650.0,-0.0,3.0
14:01:14,7165.08,6655.0,-0.1014,70.0
14:01:14,7165.08,6660.0,-0.1662,88.0
14:01:14,7165.08,6665.0,-0.0,6.0
14:01:14,7165.08,6670.0,-0.0568,3.0
14:01:14,7165.08,6675.0,0.0,248.0
14:01:14,7165.08,6680.0,-0.3832,62.0
14:01:14,7165.08,6685.0,-0.0,287.0
14:01:14,7165.08,6690.0,-1.1985,139.0
14:01:14,7165.08,6695.0,-0.0,31.0
14:01:14,7165.08,6700.0,-0.0014,1429.0
14:01:14,7165.08,6705.0,-0.0001,49.0
14:01:14,7165.08,6710.0,-0.5515,565.0
14:01:14,7165.08,6715.0,-0.0002,161.0
14:01:14,7165.08,6720.0,-0.0004,44.0
14:01:14,7165.08,6725.0,-0.0006,1300.0
14:01:14,7165.08,6730.0,-0.0008,63.0
14:01:14,7165.08,6735.0,0.0255,56.0
14:01:14,7165.08,6740.0,-0.0022,181.0
14:01:14,7165.08,6745.0,-0.0006,86.0
14:01:14,7165.08,6750.0,-0.0094,3696.0
14:01:14,7165.08,6755.0,-0.0019,153.0
14:01:14,7165.08,6760.0,-1.966,1867.0
14:01:14,7165.08,6765.0,-0.0031,293.0
14:01:14,7165.08,6770.0,-1.806,136.0
14:01:14,7165.08,6775.0,-0.0042,3448.0
14:01:14,7165.08,6780.0,-0.0111,276.0
14:01:14,7165.08,6785.0,0.0242,130.0
14:01:14,7165.08,6790.0,-0.0215,194.0
14:01:14,7165.08,6795.0,-0.0608,159.0
14:01:14,7165.08,6800.0,-11.7331,2592.0
14:01:14,7165.08,6805.0,-4.2882,347.0
14:01:14,7165.08,6810.0,-3.7409,704.0
14:01:14,7165.08,6815.0,-0.0214,296.0
14:01:14,7165.08,6820.0,-1.649,158.0
14:01:14,7165.08,6825.0,2.1811,1565.0
14:01:14,7165.08,6830.0,-0.0506,188.0
14:01:14,7165.08,6835.0,-0.9594,221.0
14:01:14,7165.08,6840.0,-0.16,1189.0
14:01:14,7165.08,6845.0,-0.2437,4310.0
14:01:14,7165.08,6850.0,-7.8118,4335.0
14:01:14,7165.08,6855.0,-0.413,665.0
14:01:14,7165.08,6860.0,-4.3119,0.0
14:01:14,7165.08,6865.0,-0.6827,0.0
14:01:14,7165.08,6870.0,-0.2721,0.0
14:01:14,7165.08,6875.0,-0.6819,0.0
14:01:14,7165.08,6880.0,-1.0618,0.0
14:01:14,7165.08,6885.0,-13.817,3.0
14:01:14,7165.08,6890.0,-0.825,0.0
14:01:14,7165.08,6895.0,-58.1265,13.0
14:01:14,7165.08,6900.0,-36.6982,0.0
14:01:14,7165.08,6905.0,-2.7141,0.0
14:01:14,7165.08,6910.0,-1.4923,0.0
14:01:14,7165.08,6915.0,-1.2064,82.0
14:01:14,7165.08,6920.0,-0.7761,91.0
14:01:14,7165.08,6925.0,0.7624,791.0
14:01:14,7165.08,6930.0,-5.7977,0.0
14:01:14,7165.08,6935.0,-5.0962,0.0
14:01:14,7165.08,6940.0,1.0832,0.0
14:01:14,7165.08,6945.0,-39.7964,0.0
14:01:14,7165.08,6950.0,-55.891,117.0
14:01:14,7165.08,6955.0,-32.2255,0.0
14:01:14,7165.08,6960.0,-13.141,0.0
14:01:14,7165.08,6965.0,-6.3978,0.0
14:01:14,7165.08,6970.0,-4.1436,0.0
14:01:14,7165.08,6975.0,-15.0898,2648.0
14:01:14,7165.08,6980.0,-14.1651,0.0
14:01:14,7165.08,6985.0,-12.9409,32.0
14:01:14,7165.08,6990.0,-17.337,0.0
14:01:14,7165.08,6995.0,-16.8528,0.0
14:01:14,7165.08,7000.0,-11.9001,0.0
14:01:14,7165.08,7005.0,-126.486,0.0
14:01:14,7165.08,7010.0,-3.803,0.0
14:01:14,7165.08,7015.0,-10.6915,0.0
14:01:14,7165.08,7020.0,-4.5042,0.0
14:01:14,7165.08,7025.0,-23.4067,0.0
14:01:14,7165.08,7030.0,43.0428,0.0
14:01:14,7165.08,7035.0,-20.2507,0.0
14:01:14,7165.08,7040.0,-19.4179,0.0
14:01:14,7165.08,7045.0,308.3998,0.0
14:01:14,7165.08,7050.0,-123.7781,0.0
14:01:14,7165.08,7055.0,-195.4224,0.0
14:01:14,7165.08,7060.0,-22.1311,0.0
14:01:14,7165.08,7065.0,-15.1002,0.0
14:01:14,7165.08,7070.0,3.1324,0.0
14:01:14,7165.08,7075.0,-68.9882,0.0
14:01:14,7165.08,7080.0,-46.3397,0.0
14:01:14,7165.08,7085.0,-23.0963,0.0
14:01:14,7165.08,7090.0,-49.5119,0.0
14:01:14,7165.08,7095.0,-15.3363,0.0
14:01:14,7165.08,7100.0,127.8095,10605.0
14:01:14,7165.08,7105.0,18.294,0.0
14:01:14,7165.08,7110.0,-24.7531,0.0
14:01:14,7165.08,7115.0,22.6923,0.0
14:01:14,7165.08,7120.0,74.7954,0.0
14:01:14,7165.08,7125.0,1.3871,0.0
14:01:14,7165.08,7130.0,1432.7542,0.0
14:01:14,7165.08,7135.0,33.2303,0.0
14:01:14,7165.08,7140.0,281.7618,1894.0
14:01:14,7165.08,7145.0,40.4458,0.0
14:01:14,7165.08,7150.0,95.4028,0.0
14:01:14,7165.08,7155.0,654.3267,0.0
14:01:14,7165.08,7160.0,1144.1108,0.0
14:01:14,7165.08,7165.0,49.9362,0.0
14:01:14,7165.08,7170.0,200.338,0.0
14:01:14,7165.08,7175.0,324.0935,0.0
14:01:14,7165.08,7180.0,122.0941,0.0
14:01:14,7165.08,7185.0,76.5426,0.0
14:01:14,7165.08,7190.0,143.775,0.0
14:01:14,7165.08,7195.0,111.0354,0.0
14:01:14,7165.08,7200.0,681.2964,10217.0
14:01:14,7165.08,7205.0,78.608,0.0
14:01:14,7165.08,7210.0,213.0405,0.0
14:01:14,7165.08,7215.0,117.7262,0.0
14:01:14,7165.08,7220.0,216.5669,0.0
14:01:14,7165.08,7225.0,166.4071,0.0
14:01:14,7165.08,7230.0,178.4028,0.0
14:01:14,7165.08,7235.0,68.8201,0.0
14:01:14,7165.08,7240.0,182.2312,0.0
14:01:14,7165.08,7245.0,89.3606,0.0
14:01:14,7165.08,7250.0,1201.5839,0.0
14:01:14,7165.08,7255.0,447.6,0.0
14:01:14,7165.08,7260.0,120.2444,0.0
14:01:14,7165.08,7265.0,101.798,0.0
14:01:14,7165.08,7270.0,162.8743,0.0
14:01:14,7165.08,7275.0,281.902,0.0
14:01:14,7165.08,7280.0,198.4675,0.0
14:01:14,7165.08,7285.0,46.405,0.0
14:01:14,7165.08,7290.0,104.0849,0.0
14:01:14,7165.08,7295.0,43.9082,0.0
14:01:14,7165.08,7300.0,95.4905,0.0
14:01:14,7165.08,7305.0,6.3165,0.0
14:01:14,7165.08,7310.0,56.9585,0.0
14:01:14,7165.08,7315.0,29.3403,0.0
14:01:14,7165.08,7320.0,72.7014,0.0
14:01:14,7165.08,7325.0,21.8798,0.0
14:01:14,7165.08,7330.0,57.2859,0.0
14:01:14,7165.08,7335.0,0.3669,0.0
14:01:14,7165.08,7340.0,6.7209,0.0
14:01:14,7165.08,7345.0,0.2152,0.0
14:01:14,7165.08,7350.0,29.7588,0.0
14:01:14,7165.08,7360.0,2.9159,247.0
14:01:14,7165.08,7370.0,7.6608,771.0
14:01:14,7165.08,7375.0,25.4988,10617.0
14:01:14,7165.08,7380.0,12.2625,5152.0
14:01:14,7165.08,7390.0,33.0928,2139.0
14:01:14,7165.08,7400.0,15.4658,4230.0
14:01:14,7165.08,7410.0,0.0095,65.0
14:01:14,7165.08,7425.0,4.2126,194.0
14:01:14,7165.08,7450.0,1.5767,474.0
14:01:14,7165.08,7475.0,0.0336,140.0
14:01:14,7165.08,7500.0,0.1662,296.0
14:01:14,7165.08,7550.0,0.0005,0.0
14:01:14,7165.08,7600.0,0.0006,2.0
14:01:14,7165.08,7700.0,0.0001,0.0
14:01:14,7165.08,7800.0,0.0,1.0
14:01:14,7165.08,8000.0,0.0,2.0
14:01:14,7165.08,8800.0,0.0,2.0
14:01:14,7165.08,9200.0,0.0,1.0
14:18:19,7165.08,4600.0,-0.0,4.0
14:18:19,7165.08,5300.0,-0.0,1.0
14:18:19,7165.08,5400.0,-0.0,3.0
14:18:19,7165.08,5500.0,-0.0,1.0
14:18:19,7165.08,5575.0,-0.0,1.0
14:18:19,7165.08,5625.0,-0.0,1.0
14:18:19,7165.08,5650.0,-0.0,1.0
14:18:19,7165.08,5800.0,-0.0,4.0
14:18:19,7165.08,5900.0,-0.0,3.0
14:18:19,7165.08,6000.0,-0.0,24.0
14:18:19,7165.08,6100.0,-0.0,876.0
14:18:19,7165.08,6110.0,-0.0,105.0
14:18:19,7165.08,6120.0,-0.0,81.0
14:18:19,7165.08,6125.0,-0.0,13.0
14:18:19,7165.08,6130.0,-0.0,3.0
14:18:19,7165.08,6140.0,-0.0,100.0
14:18:19,7165.08,6150.0,-0.0,297.0
14:18:19,7165.08,6160.0,-0.0,85.0
14:18:19,7165.08,6170.0,-0.0,87.0
14:18:19,7165.08,6175.0,-0.0,163.0
14:18:19,7165.08,6180.0,-0.0,10.0
14:18:19,7165.08,6190.0,-0.0026,97.0
14:18:19,7165.08,6200.0,-0.0,1177.0
14:18:19,7165.08,6210.0,-0.0984,0.0
14:18:19,7165.08,6220.0,-0.0021,40.0
14:18:19,7165.08,6225.0,-0.0,150.0
14:18:19,7165.08,6230.0,-0.0072,302.0
14:18:19,7165.08,6240.0,-0.0023,60.0
14:18:19,7165.08,6250.0,-0.0,226.0
14:18:19,7165.08,6260.0,-0.0,200.0
14:18:19,7165.08,6270.0,-0.014,101.0
14:18:19,7165.08,6275.0,-0.0,30.0
14:18:19,7165.08,6280.0,0.0002,20.0
14:18:19,7165.08,6290.0,-0.0,38.0
14:18:19,7165.08,6300.0,-0.0,96.0
14:18:19,7165.08,6310.0,-0.0,161.0
14:18:19,7165.08,6320.0,-0.0,10.0
14:18:19,7165.08,6325.0,-0.0,30.0
14:18:19,7165.08,6330.0,-0.0,196.0
14:18:19,7165.08,6340.0,0.0095,10.0
14:18:19,7165.08,6350.0,-0.0,95.0
14:18:19,7165.08,6360.0,-0.0,58.0
14:18:19,7165.08,6370.0,-0.0,50.0
14:18:19,7165.08,6375.0,-0.0,5.0
14:18:19,7165.08,6380.0,-0.0,44.0
14:18:19,7165.08,6390.0,0.0,11.0
14:18:19,7165.08,6400.0,-0.0,152.0
14:18:19,7165.08,6410.0,-0.0,5.0
14:18:19,7165.08,6420.0,-0.0,14.0
14:18:19,7165.08,6425.0,0.0,52.0
14:18:19,7165.08,6430.0,-0.0573,7.0
14:18:19,7165.08,6440.0,-0.0383,44.0
14:18:19,7165.08,6450.0,-0.0,1068.0
14:18:19,7165.08,6460.0,-0.0,80.0
14:18:19,7165.08,6470.0,-0.0,8.0
14:18:19,7165.08,6475.0,-0.0,3.0
14:18:19,7165.08,6480.0,-0.0,35.0
14:18:19,7165.08,6485.0,0.0043,8.0
14:18:19,7165.08,6490.0,-0.0,5.0
14:18:19,7165.08,6495.0,-0.0092,0.0
14:18:19,7165.08,6500.0,-0.0,70.0
14:18:19,7165.08,6505.0,-0.1222,100.0
14:18:19,7165.08,6510.0,-0.0,118.0
14:18:19,7165.08,6515.0,0.0164,117.0
14:18:19,7165.08,6520.0,-0.0,29.0
14:18:19,7165.08,6525.0,-0.0,4.0
14:18:19,7165.08,6530.0,-0.0,1.0
14:18:19,7165.08,6535.0,-0.0805,64.0
14:18:19,7165.08,6540.0,-0.0,22.0
14:18:19,7165.08,6545.0,-0.0131,58.0
14:18:19,7165.08,6550.0,-0.2663,0.0
14:18:19,7165.08,6555.0,0.0576,27.0
14:18:19,7165.08,6560.0,-0.0,15.0
14:18:19,7165.08,6565.0,-0.0552,3.0
14:18:19,7165.08,6570.0,0.0,1.0
14:18:19,7165.08,6580.0,0.0649,13.0
14:18:19,7165.08,6585.0,-0.0766,48.0
14:18:19,7165.08,6590.0,0.0474,57.0
14:18:19,7165.08,6595.0,-0.0,79.0
14:18:19,7165.08,6600.0,-0.0,4.0
14:18:19,7165.08,6605.0,-0.0,30.0
14:18:19,7165.08,6610.0,0.1515,106.0
14:18:19,7165.08,6615.0,-0.0,95.0
14:18:19,7165.08,6620.0,0.1026,80.0
14:18:19,7165.08,6625.0,0.0,16.0
14:18:19,7165.08,6630.0,-0.0,40.0
14:18:19,7165.08,6635.0,-0.1048,137.0
14:18:19,7165.08,6640.0,0.145,87.0
14:18:19,7165.08,6645.0,-0.1235,27.0
14:18:19,7165.08,6650.0,-0.0,3.0
14:18:19,7165.08,6655.0,-0.1014,70.0
14:18:19,7165.08,6660.0,-0.1662,88.0
14:18:19,7165.08,6665.0,-0.0,6.0
14:18:19,7165.08,6670.0,-0.0568,3.0
14:18:19,7165.08,6675.0,0.0,248.0
14:18:19,7165.08,6680.0,-0.3832,62.0
14:18:19,7165.08,6685.0,-0.0,287.0
14:18:19,7165.08,6690.0,-1.1985,139.0
14:18:19,7165.08,6695.0,-0.0,31.0
14:18:19,7165.08,6700.0,-0.0014,1429.0
14:18:19,7165.08,6705.0,-0.0001,49.0
14:18:19,7165.08,6710.0,-0.5515,565.0
14:18:19,7165.08,6715.0,-0.0002,161.0
14:18:19,7165.08,6720.0,-0.0004,44.0
14:18:19,7165.08,6725.0,-0.0006,1300.0
14:18:19,7165.08,6730.0,-0.0008,63.0
14:18:19,7165.08,6735.0,0.0255,56.0
14:18:19,7165.08,6740.0,-0.0022,181.0
14:18:19,7165.08,6745.0,-0.0006,86.0
14:18:19,7165.08,6750.0,-0.0094,3696.0
14:18:19,7165.08,6755.0,-0.0019,153.0
14:18:19,7165.08,6760.0,-1.966,1867.0
14:18:19,7165.08,6765.0,-0.0031,293.0
14:18:19,7165.08,6770.0,-1.806,136.0
14:18:19,7165.08,6775.0,-0.0042,3448.0
14:18:19,7165.08,6780.0,-0.0111,276.0
14:18:19,7165.08,6785.0,0.0242,130.0
14:18:19,7165.08,6790.0,-0.0215,194.0
14:18:19,7165.08,6795.0,-0.0608,159.0
14:18:19,7165.08,6800.0,-11.7331,2592.0
14:18:19,7165.08,6805.0,-4.2882,347.0
14:18:19,7165.08,6810.0,-3.7409,704.0
14:18:19,7165.08,6815.0,-0.0214,296.0
14:18:19,7165.08,6820.0,-1.649,158.0
14:18:19,7165.08,6825.0,2.1811,1565.0
14:18:19,7165.08,6830.0,-0.0506,188.0
14:18:19,7165.08,6835.0,-0.9594,221.0
14:18:19,7165.08,6840.0,-0.16,1189.0
14:18:19,7165.08,6845.0,-0.2437,4310.0
14:18:19,7165.08,6850.0,-7.8118,4335.0
14:18:19,7165.08,6855.0,-0.413,665.0
14:18:19,7165.08,6860.0,-4.3119,0.0
14:18:19,7165.08,6865.0,-0.6827,0.0
14:18:19,7165.08,6870.0,-0.2721,0.0
14:18:19,7165.08,6875.0,-0.6819,0.0
14:18:19,7165.08,6880.0,-1.0618,0.0
14:18:19,7165.08,6885.0,-13.817,3.0
14:18:19,7165.08,6890.0,-0.825,0.0
14:18:19,7165.08,6895.0,-58.1265,13.0
14:18:19,7165.08,6900.0,-36.6982,0.0
14:18:19,7165.08,6905.0,-2.7141,0.0
14:18:19,7165.08,6910.0,-1.4923,0.0
14:18:19,7165.08,6915.0,-1.2064,82.0
14:18:19,7165.08,6920.0,-0.7761,91.0
14:18:19,7165.08,6925.0,0.7624,791.0
14:18:19,7165.08,6930.0,-5.7977,0.0
14:18:19,7165.08,6935.0,-5.0962,0.0
14:18:19,7165.08,6940.0,1.0832,0.0
14:18:19,7165.08,6945.0,-39.7964,0.0
14:18:19,7165.08,6950.0,-55.891,117.0
14:18:19,7165.08,6955.0,-32.2255,0.0
14:18:19,7165.08,6960.0,-13.141,0.0
14:18:19,7165.08,6965.0,-6.3978,0.0
14:18:19,7165.08,6970.0,-4.1436,0.0
14:18:19,7165.08,6975.0,-15.0898,2648.0
14:18:19,7165.08,6980.0,-14.1651,0.0
14:18:19,7165.08,6985.0,-12.9409,32.0
14:18:19,7165.08,6990.0,-17.337,0.0
14:18:19,7165.08,6995.0,-16.8528,0.0
14:18:19,7165.08,7000.0,-11.9001,0.0
14:18:19,7165.08,7005.0,-126.486,0.0
14:18:19,7165.08,7010.0,-3.803,0.0
14:18:19,7165.08,7015.0,-10.6915,0.0
14:18:19,7165.08,7020.0,-4.5042,0.0
14:18:19,7165.08,7025.0,-23.4067,0.0
14:18:19,7165.08,7030.0,43.0428,0.0
14:18:19,7165.08,7035.0,-20.2507,0.0
14:18:19,7165.08,7040.0,-19.4179,0.0
14:18:19,7165.08,7045.0,308.3998,0.0
14:18:19,7165.08,7050.0,-123.7781,0.0
14:18:19,7165.08,7055.0,-195.4224,0.0
14:18:19,7165.08,7060.0,-22.1311,0.0
14:18:19,7165.08,7065.0,-15.1002,0.0
14:18:19,7165.08,7070.0,3.1324,0.0
14:18:19,7165.08,7075.0,-68.9882,0.0
14:18:19,7165.08,7080.0,-46.3397,0.0
14:18:19,7165.08,7085.0,-23.0963,0.0
14:18:19,7165.08,7090.0,-49.5119,0.0
14:18:19,7165.08,7095.0,-15.3363,0.0
14:18:19,7165.08,7100.0,127.8095,10605.0
14:18:19,7165.08,7105.0,18.294,0.0
14:18:19,7165.08,7110.0,-24.7531,0.0
14:18:19,7165.08,7115.0,22.6923,0.0
14:18:19,7165.08,7120.0,74.7954,0.0
14:18:19,7165.08,7125.0,1.3871,0.0
14:18:19,7165.08,7130.0,1432.7542,0.0
14:18:19,7165.08,7135.0,33.2303,0.0
14:18:19,7165.08,7140.0,281.7618,1894.0
14:18:19,7165.08,7145.0,40.4458,0.0
14:18:19,7165.08,7150.0,95.4028,0.0
14:18:19,7165.08,7155.0,654.3267,0.0
14:18:19,7165.08,7160.0,1144.1108,0.0
14:18:19,7165.08,7165.0,49.9362,0.0
14:18:19,7165.08,7170.0,200.338,0.0
14:18:19,7165.08,7175.0,324.0935,0.0
14:18:19,7165.08,7180.0,122.0941,0.0
14:18:19,7165.08,7185.0,76.5426,0.0
14:18:19,7165.08,7190.0,143.775,0.0
14:18:19,7165.08,7195.0,111.0354,0.0
14:18:19,7165.08,7200.0,681.2964,10217.0
14:18:19,7165.08,7205.0,78.608,0.0
14:18:19,7165.08,7210.0,213.0405,0.0
14:18:19,7165.08,7215.0,117.7262,0.0
14:18:19,7165.08,7220.0,216.5669,0.0
14:18:19,7165.08,7225.0,166.4071,0.0
14:18:19,7165.08,7230.0,178.4028,0.0
14:18:19,7165.08,7235.0,68.8201,0.0
14:18:19,7165.08,7240.0,182.2312,0.0
14:18:19,7165.08,7245.0,89.3606,0.0
14:18:19,7165.08,7250.0,1201.5839,0.0
14:18:19,7165.08,7255.0,447.6,0.0
14:18:19,7165.08,7260.0,120.2444,0.0
14:18:19,7165.08,7265.0,101.798,0.0
14:18:19,7165.08,7270.0,162.8743,0.0
14:18:19,7165.08,7275.0,281.902,0.0
14:18:19,7165.08,7280.0,198.4675,0.0
14:18:19,7165.08,7285.0,46.405,0.0
14:18:19,7165.08,7290.0,104.0849,0.0
14:18:19,7165.08,7295.0,43.9082,0.0
14:18:19,7165.08,7300.0,95.4905,0.0
14:18:19,7165.08,7305.0,6.3165,0.0
14:18:19,7165.08,7310.0,56.9585,0.0
14:18:19,7165.08,7315.0,29.3403,0.0
14:18:19,7165.08,7320.0,72.7014,0.0
14:18:19,7165.08,7325.0,21.8798,0.0
14:18:19,7165.08,7330.0,57.2859,0.0
14:18:19,7165.08,7335.0,0.3669,0.0
14:18:19,7165.08,7340.0,6.7209,0.0
14:18:19,7165.08,7345.0,0.2152,0.0
14:18:19,7165.08,7350.0,29.7588,0.0
14:18:19,7165.08,7360.0,2.9159,247.0
14:18:19,7165.08,7370.0,7.6608,771.0
14:18:19,7165.08,7375.0,25.4988,10617.0
14:18:19,7165.08,7380.0,12.2625,5152.0
14:18:19,7165.08,7390.0,33.0928,2139.0
14:18:19,7165.08,7400.0,15.4658,4230.0
14:18:19,7165.08,7410.0,0.0095,65.0
14:18:19,7165.08,7425.0,4.2126,194.0
14:18:19,7165.08,7450.0,1.5767,474.0
14:18:19,7165.08,7475.0,0.0336,140.0
14:18:19,7165.08,7500.0,0.1662,296.0
14:18:19,7165.08,7550.0,0.0005,0.0
14:18:19,7165.08,7600.0,0.0006,2.0
14:18:19,7165.08,7700.0,0.0001,0.0
14:18:19,7165.08,7800.0,0.0,1.0
14:18:19,7165.08,8000.0,0.0,2.0
14:18:19,7165.08,8800.0,0.0,2.0
14:18:19,7165.08,9200.0,0.0,1.0
14:20:45,7165.08,4600.0,-0.0,4.0
14:20:45,7165.08,5300.0,-0.0,1.0
14:20:45,7165.08,5400.0,-0.0,3.0
14:20:45,7165.08,5500.0,-0.0,1.0
14:20:45,7165.08,5575.0,-0.0,1.0
14:20:45,7165.08,5625.0,-0.0,1.0
14:20:45,7165.08,5650.0,-0.0,1.0
14:20:45,7165.08,5800.0,-0.0,4.0
14:20:45,7165.08,5900.0,-0.0,3.0
14:20:45,7165.08,6000.0,-0.0,24.0
14:20:45,7165.08,6100.0,-0.0,876.0
14:20:45,7165.08,6110.0,-0.0,105.0
14:20:45,7165.08,6120.0,-0.0,81.0
14:20:45,7165.08,6125.0,-0.0,13.0
14:20:45,7165.08,6130.0,-0.0,3.0
14:20:45,7165.08,6140.0,-0.0,100.0
14:20:45,7165.08,6150.0,-0.0,297.0
14:20:45,7165.08,6160.0,-0.0,85.0
14:20:45,7165.08,6170.0,-0.0,87.0
14:20:45,7165.08,6175.0,-0.0,163.0
14:20:45,7165.08,6180.0,-0.0,10.0
14:20:45,7165.08,6190.0,-0.0026,97.0
14:20:45,7165.08,6200.0,-0.0,1177.0
14:20:45,7165.08,6210.0,-0.0984,0.0
14:20:45,7165.08,6220.0,-0.0021,40.0
14:20:45,7165.08,6225.0,-0.0,150.0
14:20:45,7165.08,6230.0,-0.0072,302.0
14:20:45,7165.08,6240.0,-0.0023,60.0
14:20:45,7165.08,6250.0,-0.0,226.0
14:20:45,7165.08,6260.0,-0.0,200.0
14:20:45,7165.08,6270.0,-0.014,101.0
14:20:45,7165.08,6275.0,-0.0,30.0
14:20:45,7165.08,6280.0,0.0002,20.0
14:20:45,7165.08,6290.0,-0.0,38.0
14:20:45,7165.08,6300.0,-0.0,96.0
14:20:45,7165.08,6310.0,-0.0,161.0
14:20:45,7165.08,6320.0,-0.0,10.0
14:20:45,7165.08,6325.0,-0.0,30.0
14:20:45,7165.08,6330.0,-0.0,196.0
14:20:45,7165.08,6340.0,0.0095,10.0
14:20:45,7165.08,6350.0,-0.0,95.0
14:20:45,7165.08,6360.0,-0.0,58.0
14:20:45,7165.08,6370.0,-0.0,50.0
14:20:45,7165.08,6375.0,-0.0,5.0
14:20:45,7165.08,6380.0,-0.0,44.0
14:20:45,7165.08,6390.0,0.0,11.0
14:20:45,7165.08,6400.0,-0.0,152.0
14:20:45,7165.08,6410.0,-0.0,5.0
14:20:45,7165.08,6420.0,-0.0,14.0
14:20:45,7165.08,6425.0,0.0,52.0
14:20:45,7165.08,6430.0,-0.0573,7.0
14:20:45,7165.08,6440.0,-0.0383,44.0
14:20:45,7165.08,6450.0,-0.0,1068.0
14:20:45,7165.08,6460.0,-0.0,80.0
14:20:45,7165.08,6470.0,-0.0,8.0
14:20:45,7165.08,6475.0,-0.0,3.0
14:20:45,7165.08,6480.0,-0.0,35.0
14:20:45,7165.08,6485.0,0.0043,8.0
14:20:45,7165.08,6490.0,-0.0,5.0
14:20:45,7165.08,6495.0,-0.0092,0.0
14:20:45,7165.08,6500.0,-0.0,70.0
14:20:45,7165.08,6505.0,-0.1222,100.0
14:20:45,7165.08,6510.0,-0.0,118.0
14:20:45,7165.08,6515.0,0.0164,117.0
14:20:45,7165.08,6520.0,-0.0,29.0
14:20:45,7165.08,6525.0,-0.0,4.0
14:20:45,7165.08,6530.0,-0.0,1.0
14:20:45,7165.08,6535.0,-0.0805,64.0
14:20:45,7165.08,6540.0,-0.0,22.0
14:20:45,7165.08,6545.0,-0.0131,58.0
14:20:45,7165.08,6550.0,-0.2663,0.0
14:20:45,7165.08,6555.0,0.0576,27.0
14:20:45,7165.08,6560.0,-0.0,15.0
14:20:45,7165.08,6565.0,-0.0552,3.0
14:20:45,7165.08,6570.0,0.0,1.0
14:20:45,7165.08,6580.0,0.0649,13.0
14:20:45,7165.08,6585.0,-0.0766,48.0
14:20:45,7165.08,6590.0,0.0474,57.0
14:20:45,7165.08,6595.0,-0.0,79.0
14:20:45,7165.08,6600.0,-0.0,4.0
14:20:45,7165.08,6605.0,-0.0,30.0
14:20:45,7165.08,6610.0,0.1515,106.0
14:20:45,7165.08,6615.0,-0.0,95.0
14:20:45,7165.08,6620.0,0.1026,80.0
14:20:45,7165.08,6625.0,0.0,16.0
14:20:45,7165.08,6630.0,-0.0,40.0
14:20:45,7165.08,6635.0,-0.1048,137.0
14:20:45,7165.08,6640.0,0.145,87.0
14:20:45,7165.08,6645.0,-0.1235,27.0
14:20:45,7165.08,6650.0,-0.0,3.0
14:20:45,7165.08,6655.0,-0.1014,70.0
14:20:45,7165.08,6660.0,-0.1662,88.0
14:20:45,7165.08,6665.0,-0.0,6.0
14:20:45,7165.08,6670.0,-0.0568,3.0
14:20:45,7165.08,6675.0,0.0,248.0
14:20:45,7165.08,6680.0,-0.3832,62.0
14:20:45,7165.08,6685.0,-0.0,287.0
14:20:45,7165.08,6690.0,-1.1985,139.0
14:20:45,7165.08,6695.0,-0.0,31.0
14:20:45,7165.08,6700.0,-0.0014,1429.0
14:20:45,7165.08,6705.0,-0.0001,49.0
14:20:45,7165.08,6710.0,-0.5515,565.0
14:20:45,7165.08,6715.0,-0.0002,161.0
14:20:45,7165.08,6720.0,-0.0004,44.0
14:20:45,7165.08,6725.0,-0.0006,1300.0
14:20:45,7165.08,6730.0,-0.0008,63.0
14:20:45,7165.08,6735.0,0.0255,56.0
14:20:45,7165.08,6740.0,-0.0022,181.0
14:20:45,7165.08,6745.0,-0.0006,86.0
14:20:45,7165.08,6750.0,-0.0094,3696.0
14:20:45,7165.08,6755.0,-0.0019,153.0
14:20:45,7165.08,6760.0,-1.966,1867.0
14:20:45,7165.08,6765.0,-0.0031,293.0
14:20:45,7165.08,6770.0,-1.806,136.0
14:20:45,7165.08,6775.0,-0.0042,3448.0
14:20:45,7165.08,6780.0,-0.0111,276.0
14:20:45,7165.08,6785.0,0.0242,130.0
14:20:45,7165.08,6790.0,-0.0215,194.0
14:20:45,7165.08,6795.0,-0.0608,159.0
14:20:45,7165.08,6800.0,-11.7331,2592.0
14:20:45,7165.08,6805.0,-4.2882,347.0
14:20:45,7165.08,6810.0,-3.7409,704.0
14:20:45,7165.08,6815.0,-0.0214,296.0
14:20:45,7165.08,6820.0,-1.649,158.0
14:20:45,7165.08,6825.0,2.1811,1565.0
14:20:45,7165.08,6830.0,-0.0506,188.0
14:20:45,7165.08,6835.0,-0.9594,221.0
14:20:45,7165.08,6840.0,-0.16,1189.0
14:20:45,7165.08,6845.0,-0.2437,4310.0
14:20:45,7165.08,6850.0,-7.8118,4335.0
14:20:45,7165.08,6855.0,-0.413,665.0
14:20:45,7165.08,6860.0,-4.3119,0.0
14:20:45,7165.08,6865.0,-0.6827,0.0
14:20:45,7165.08,6870.0,-0.2721,0.0
14:20:45,7165.08,6875.0,-0.6819,0.0
14:20:45,7165.08,6880.0,-1.0618,0.0
14:20:45,7165.08,6885.0,-13.817,3.0
14:20:45,7165.08,6890.0,-0.825,0.0
14:20:45,7165.08,6895.0,-58.1265,13.0
14:20:45,7165.08,6900.0,-36.6982,0.0
14:20:45,7165.08,6905.0,-2.7141,0.0
14:20:45,7165.08,6910.0,-1.4923,0.0
14:20:45,7165.08,6915.0,-1.2064,82.0
14:20:45,7165.08,6920.0,-0.7761,91.0
14:20:45,7165.08,6925.0,0.7624,791.0
14:20:45,7165.08,6930.0,-5.7977,0.0
14:20:45,7165.08,6935.0,-5.0962,0.0
14:20:45,7165.08,6940.0,1.0832,0.0
14:20:45,7165.08,6945.0,-39.7964,0.0
14:20:45,7165.08,6950.0,-55.891,117.0
14:20:45,7165.08,6955.0,-32.2255,0.0
14:20:45,7165.08,6960.0,-13.141,0.0
14:20:45,7165.08,6965.0,-6.3978,0.0
14:20:45,7165.08,6970.0,-4.1436,0.0
14:20:45,7165.08,6975.0,-15.0898,2648.0
14:20:45,7165.08,6980.0,-14.1651,0.0
14:20:45,7165.08,6985.0,-12.9409,32.0
14:20:45,7165.08,6990.0,-17.337,0.0
14:20:45,7165.08,6995.0,-16.8528,0.0
14:20:45,7165.08,7000.0,-11.9001,0.0
14:20:45,7165.08,7005.0,-126.486,0.0
14:20:45,7165.08,7010.0,-3.803,0.0
14:20:45,7165.08,7015.0,-10.6915,0.0
14:20:45,7165.08,7020.0,-4.5042,0.0
14:20:45,7165.08,7025.0,-23.4067,0.0
14:20:45,7165.08,7030.0,43.0428,0.0
14:20:45,7165.08,7035.0,-20.2507,0.0
14:20:45,7165.08,7040.0,-19.4179,0.0
14:20:45,7165.08,7045.0,308.3998,0.0
14:20:45,7165.08,7050.0,-123.7781,0.0
14:20:45,7165.08,7055.0,-195.4224,0.0
14:20:45,7165.08,7060.0,-22.1311,0.0
14:20:45,7165.08,7065.0,-15.1002,0.0
14:20:45,7165.08,7070.0,3.1324,0.0
14:20:45,7165.08,7075.0,-68.9882,0.0
14:20:45,7165.08,7080.0,-46.3397,0.0
14:20:45,7165.08,7085.0,-23.0963,0.0
14:20:45,7165.08,7090.0,-49.5119,0.0
14:20:45,7165.08,7095.0,-15.3363,0.0
14:20:45,7165.08,7100.0,127.8095,10605.0
14:20:45,7165.08,7105.0,18.294,0.0
14:20:45,7165.08,7110.0,-24.7531,0.0
14:20:45,7165.08,7115.0,22.6923,0.0
14:20:45,7165.08,7120.0,74.7954,0.0
14:20:45,7165.08,7125.0,1.3871,0.0
14:20:45,7165.08,7130.0,1432.7542,0.0
14:20:45,7165.08,7135.0,33.2303,0.0
14:20:45,7165.08,7140.0,281.7618,1894.0
14:20:45,7165.08,7145.0,40.4458,0.0
14:20:45,7165.08,7150.0,95.4028,0.0
14:20:45,7165.08,7155.0,654.3267,0.0
14:20:45,7165.08,7160.0,1144.1108,0.0
14:20:45,7165.08,7165.0,49.9362,0.0
14:20:45,7165.08,7170.0,200.338,0.0
14:20:45,7165.08,7175.0,324.0935,0.0
14:20:45,7165.08,7180.0,122.0941,0.0
14:20:45,7165.08,7185.0,76.5426,0.0
14:20:45,7165.08,7190.0,143.775,0.0
14:20:45,7165.08,7195.0,111.0354,0.0
14:20:45,7165.08,7200.0,681.2964,10217.0
14:20:45,7165.08,7205.0,78.608,0.0
14:20:45,7165.08,7210.0,213.0405,0.0
14:20:45,7165.08,7215.0,117.7262,0.0
14:20:45,7165.08,7220.0,216.5669,0.0
14:20:45,7165.08,7225.0,166.4071,0.0
14:20:45,7165.08,7230.0,178.4028,0.0
14:20:45,7165.08,7235.0,68.8201,0.0
14:20:45,7165.08,7240.0,182.2312,0.0
14:20:45,7165.08,7245.0,89.3606,0.0
14:20:45,7165.08,7250.0,1201.5839,0.0
14:20:45,7165.08,7255.0,447.6,0.0
14:20:45,7165.08,7260.0,120.2444,0.0
14:20:45,7165.08,7265.0,101.798,0.0
14:20:45,7165.08,7270.0,162.8743,0.0
14:20:45,7165.08,7275.0,281.902,0.0
14:20:45,7165.08,7280.0,198.4675,0.0
14:20:45,7165.08,7285.0,46.405,0.0
14:20:45,7165.08,7290.0,104.0849,0.0
14:20:45,7165.08,7295.0,43.9082,0.0
14:20:45,7165.08,7300.0,95.4905,0.0
14:20:45,7165.08,7305.0,6.3165,0.0
14:20:45,7165.08,7310.0,56.9585,0.0
14:20:45,7165.08,7315.0,29.3403,0.0
14:20:45,7165.08,7320.0,72.7014,0.0
14:20:45,7165.08,7325.0,21.8798,0.0
14:20:45,7165.08,7330.0,57.2859,0.0
14:20:45,7165.08,7335.0,0.3669,0.0
14:20:45,7165.08,7340.0,6.7209,0.0
14:20:45,7165.08,7345.0,0.2152,0.0
14:20:45,7165.08,7350.0,29.7588,0.0
14:20:45,7165.08,7360.0,2.9159,247.0
14:20:45,7165.08,7370.0,7.6608,771.0
14:20:45,7165.08,7375.0,25.4988,10617.0
14:20:45,7165.08,7380.0,12.2625,5152.0
14:20:45,7165.08,7390.0,33.0928,2139.0
14:20:45,7165.08,7400.0,15.4658,4230.0
14:20:45,7165.08,7410.0,0.0095,65.0
14:20:45,7165.08,7425.0,4.2126,194.0
14:20:45,7165.08,7450.0,1.5767,474.0
14:20:45,7165.08,7475.0,0.0336,140.0
14:20:45,7165.08,7500.0,0.1662,296.0
14:20:45,7165.08,7550.0,0.0005,0.0
14:20:45,7165.08,7600.0,0.0006,2.0
14:20:45,7165.08,7700.0,0.0001,0.0
14:20:45,7165.08,7800.0,0.0,1.0
14:20:45,7165.08,8000.0,0.0,2.0
14:20:45,7165.08,8800.0,0.0,2.0
14:20:45,7165.08,9200.0,0.0,1.0
14:38:07,7165.08,4600.0,-0.0,4.0
14:38:07,7165.08,5300.0,-0.0,1.0
14:38:07,7165.08,5400.0,-0.0,3.0
14:38:07,7165.08,5500.0,-0.0,1.0
14:38:07,7165.08,5575.0,-0.0,1.0
14:38:07,7165.08,5625.0,-0.0,1.0
14:38:07,7165.08,5650.0,-0.0,1.0
14:38:07,7165.08,5800.0,-0.0,4.0
14:38:07,7165.08,5900.0,-0.0,3.0
14:38:07,7165.08,6000.0,-0.0,24.0
14:38:07,7165.08,6100.0,-0.0,876.0
14:38:07,7165.08,6110.0,-0.0,105.0
14:38:07,7165.08,6120.0,-0.0,81.0
14:38:07,7165.08,6125.0,-0.0,13.0
14:38:07,7165.08,6130.0,-0.0,3.0
14:38:07,7165.08,6140.0,-0.0,100.0
14:38:07,7165.08,6150.0,-0.0,297.0
14:38:07,7165.08,6160.0,-0.0,85.0
14:38:07,7165.08,6170.0,-0.0,87.0
14:38:07,7165.08,6175.0,-0.0,163.0
14:38:07,7165.08,6180.0,-0.0,10.0
14:38:07,7165.08,6190.0,-0.0026,97.0
14:38:07,7165.08,6200.0,-0.0,1177.0
14:38:07,7165.08,6210.0,-0.0984,0.0
14:38:07,7165.08,6220.0,-0.0021,40.0
14:38:07,7165.08,6225.0,-0.0,150.0
14:38:07,7165.08,6230.0,-0.0072,302.0
14:38:07,7165.08,6240.0,-0.0023,60.0
14:38:07,7165.08,6250.0,-0.0,226.0
14:38:07,7165.08,6260.0,-0.0,200.0
14:38:07,7165.08,6270.0,-0.014,101.0
14:38:07,7165.08,6275.0,-0.0,30.0
14:38:07,7165.08,6280.0,0.0002,20.0
14:38:07,7165.08,6290.0,-0.0,38.0
14:38:07,7165.08,6300.0,-0.0,96.0
14:38:07,7165.08,6310.0,-0.0,161.0
14:38:07,7165.08,6320.0,-0.0,10.0
14:38:07,7165.08,6325.0,-0.0,30.0
14:38:07,7165.08,6330.0,-0.0,196.0
14:38:07,7165.08,6340.0,0.0095,10.0
14:38:07,7165.08,6350.0,-0.0,95.0
14:38:07,7165.08,6360.0,-0.0,58.0
14:38:07,7165.08,6370.0,-0.0,50.0
14:38:07,7165.08,6375.0,-0.0,5.0
14:38:07,7165.08,6380.0,-0.0,44.0
14:38:07,7165.08,6390.0,0.0,11.0
14:38:07,7165.08,6400.0,-0.0,152.0
14:38:07,7165.08,6410.0,-0.0,5.0
14:38:07,7165.08,6420.0,-0.0,14.0
14:38:07,7165.08,6425.0,0.0,52.0
14:38:07,7165.08,6430.0,-0.0573,7.0
14:38:07,7165.08,6440.0,-0.0383,44.0
14:38:07,7165.08,6450.0,-0.0,1068.0
14:38:07,7165.08,6460.0,-0.0,80.0
14:38:07,7165.08,6470.0,-0.0,8.0
14:38:07,7165.08,6475.0,-0.0,3.0
14:38:07,7165.08,6480.0,-0.0,35.0
14:38:07,7165.08,6485.0,0.0043,8.0
14:38:07,7165.08,6490.0,-0.0,5.0
14:38:07,7165.08,6495.0,-0.0092,0.0
14:38:07,7165.08,6500.0,-0.0,70.0
14:38:07,7165.08,6505.0,-0.1222,100.0
14:38:07,7165.08,6510.0,-0.0,118.0
14:38:07,7165.08,6515.0,0.0164,117.0
14:38:07,7165.08,6520.0,-0.0,29.0
14:38:07,7165.08,6525.0,-0.0,4.0
14:38:07,7165.08,6530.0,-0.0,1.0
14:38:07,7165.08,6535.0,-0.0805,64.0
14:38:07,7165.08,6540.0,-0.0,22.0
14:38:07,7165.08,6545.0,-0.0131,58.0
14:38:07,7165.08,6550.0,-0.2663,0.0
14:38:07,7165.08,6555.0,0.0576,27.0
14:38:07,7165.08,6560.0,-0.0,15.0
14:38:07,7165.08,6565.0,-0.0552,3.0
14:38:07,7165.08,6570.0,0.0,1.0
14:38:07,7165.08,6580.0,0.0649,13.0
14:38:07,7165.08,6585.0,-0.0766,48.0
14:38:07,7165.08,6590.0,0.0474,57.0
14:38:07,7165.08,6595.0,-0.0,79.0
14:38:07,7165.08,6600.0,-0.0,4.0
14:38:07,7165.08,6605.0,-0.0,30.0
14:38:07,7165.08,6610.0,0.1515,106.0
14:38:07,7165.08,6615.0,-0.0,95.0
14:38:07,7165.08,6620.0,0.1026,80.0
14:38:07,7165.08,6625.0,0.0,16.0
14:38:07,7165.08,6630.0,-0.0,40.0
14:38:07,7165.08,6635.0,-0.1048,137.0
14:38:07,7165.08,6640.0,0.145,87.0
14:38:07,7165.08,6645.0,-0.1235,27.0
14:38:07,7165.08,6650.0,-0.0,3.0
14:38:07,7165.08,6655.0,-0.1014,70.0
14:38:07,7165.08,6660.0,-0.1662,88.0
14:38:07,7165.08,6665.0,-0.0,6.0
14:38:07,7165.08,6670.0,-0.0568,3.0
14:38:07,7165.08,6675.0,0.0,248.0
14:38:07,7165.08,6680.0,-0.3832,62.0
14:38:07,7165.08,6685.0,-0.0,287.0
14:38:07,7165.08,6690.0,-1.1985,139.0
14:38:07,7165.08,6695.0,-0.0,31.0
14:38:07,7165.08,6700.0,-0.0014,1429.0
14:38:07,7165.08,6705.0,-0.0001,49.0
14:38:07,7165.08,6710.0,-0.5515,565.0
14:38:07,7165.08,6715.0,-0.0002,161.0
14:38:07,7165.08,6720.0,-0.0004,44.0
14:38:07,7165.08,6725.0,-0.0006,1300.0
14:38:07,7165.08,6730.0,-0.0008,63.0
14:38:07,7165.08,6735.0,0.0255,56.0
14:38:07,7165.08,6740.0,-0.0022,181.0
14:38:07,7165.08,6745.0,-0.0006,86.0
14:38:07,7165.08,6750.0,-0.0094,3696.0
14:38:07,7165.08,6755.0,-0.0019,153.0
14:38:07,7165.08,6760.0,-1.966,1867.0
14:38:07,7165.08,6765.0,-0.0031,293.0
14:38:07,7165.08,6770.0,-1.806,136.0
14:38:07,7165.08,6775.0,-0.0042,3448.0
14:38:07,7165.08,6780.0,-0.0111,276.0
14:38:07,7165.08,6785.0,0.0242,130.0
14:38:07,7165.08,6790.0,-0.0215,194.0
14:38:07,7165.08,6795.0,-0.0608,159.0
14:38:07,7165.08,6800.0,-11.7331,2592.0
14:38:07,7165.08,6805.0,-4.2882,347.0
14:38:07,7165.08,6810.0,-3.7409,704.0
14:38:07,7165.08,6815.0,-0.0214,296.0
14:38:07,7165.08,6820.0,-1.649,158.0
14:38:07,7165.08,6825.0,2.1811,1565.0
14:38:07,7165.08,6830.0,-0.0506,188.0
14:38:07,7165.08,6835.0,-0.9594,221.0
14:38:07,7165.08,6840.0,-0.16,1189.0
14:38:07,7165.08,6845.0,-0.2437,4310.0
14:38:07,7165.08,6850.0,-7.8118,4335.0
14:38:07,7165.08,6855.0,-0.413,665.0
14:38:07,7165.08,6860.0,-4.3119,0.0
14:38:07,7165.08,6865.0,-0.6827,0.0
14:38:07,7165.08,6870.0,-0.2721,0.0
14:38:07,7165.08,6875.0,-0.6819,0.0
14:38:07,7165.08,6880.0,-1.0618,0.0
14:38:07,7165.08,6885.0,-13.817,3.0
14:38:07,7165.08,6890.0,-0.825,0.0
14:38:07,7165.08,6895.0,-58.1265,13.0
14:38:07,7165.08,6900.0,-36.6982,0.0
14:38:07,7165.08,6905.0,-2.7141,0.0
14:38:07,7165.08,6910.0,-1.4923,0.0
14:38:07,7165.08,6915.0,-1.2064,82.0
14:38:07,7165.08,6920.0,-0.7761,91.0
14:38:07,7165.08,6925.0,0.7624,791.0
14:38:07,7165.08,6930.0,-5.7977,0.0
14:38:07,7165.08,6935.0,-5.0962,0.0
14:38:07,7165.08,6940.0,1.0832,0.0
14:38:07,7165.08,6945.0,-39.7964,0.0
14:38:07,7165.08,6950.0,-55.891,117.0
14:38:07,7165.08,6955.0,-32.2255,0.0
14:38:07,7165.08,6960.0,-13.141,0.0
14:38:07,7165.08,6965.0,-6.3978,0.0
14:38:07,7165.08,6970.0,-4.1436,0.0
14:38:07,7165.08,6975.0,-15.0898,2648.0
14:38:07,7165.08,6980.0,-14.1651,0.0
14:38:07,7165.08,6985.0,-12.9409,32.0
14:38:07,7165.08,6990.0,-17.337,0.0
14:38:07,7165.08,6995.0,-16.8528,0.0
14:38:07,7165.08,7000.0,-11.9001,0.0
14:38:07,7165.08,7005.0,-126.486,0.0
14:38:07,7165.08,7010.0,-3.803,0.0
14:38:07,7165.08,7015.0,-10.6915,0.0
14:38:07,7165.08,7020.0,-4.5042,0.0
14:38:07,7165.08,7025.0,-23.4067,0.0
14:38:07,7165.08,7030.0,43.0428,0.0
14:38:07,7165.08,7035.0,-20.2507,0.0
14:38:07,7165.08,7040.0,-19.4179,0.0
14:38:07,7165.08,7045.0,308.3998,0.0
14:38:07,7165.08,7050.0,-123.7781,0.0
14:38:07,7165.08,7055.0,-195.4224,0.0
14:38:07,7165.08,7060.0,-22.1311,0.0
14:38:07,7165.08,7065.0,-15.1002,0.0
14:38:07,7165.08,7070.0,3.1324,0.0
14:38:07,7165.08,7075.0,-68.9882,0.0
14:38:07,7165.08,7080.0,-46.3397,0.0
14:38:07,7165.08,7085.0,-23.0963,0.0
14:38:07,7165.08,7090.0,-49.5119,0.0
14:38:07,7165.08,7095.0,-15.3363,0.0
14:38:07,7165.08,7100.0,127.8095,10605.0
14:38:07,7165.08,7105.0,18.294,0.0
14:38:07,7165.08,7110.0,-24.7531,0.0
14:38:07,7165.08,7115.0,22.6923,0.0
14:38:07,7165.08,7120.0,74.7954,0.0
14:38:07,7165.08,7125.0,1.3871,0.0
14:38:07,7165.08,7130.0,1432.7542,0.0
14:38:07,7165.08,7135.0,33.2303,0.0
14:38:07,7165.08,7140.0,281.7618,1894.0
14:38:07,7165.08,7145.0,40.4458,0.0
14:38:07,7165.08,7150.0,95.4028,0.0
14:38:07,7165.08,7155.0,654.3267,0.0
14:38:07,7165.08,7160.0,1144.1108,0.0
14:38:07,7165.08,7165.0,49.9362,0.0
14:38:07,7165.08,7170.0,200.338,0.0
14:38:07,7165.08,7175.0,324.0935,0.0
14:38:07,7165.08,7180.0,122.0941,0.0
14:38:07,7165.08,7185.0,76.5426,0.0
14:38:07,7165.08,7190.0,143.775,0.0
14:38:07,7165.08,7195.0,111.0354,0.0
14:38:07,7165.08,7200.0,681.2964,10217.0
14:38:07,7165.08,7205.0,78.608,0.0
14:38:07,7165.08,7210.0,213.0405,0.0
14:38:07,7165.08,7215.0,117.7262,0.0
14:38:07,7165.08,7220.0,216.5669,0.0
14:38:07,7165.08,7225.0,166.4071,0.0
14:38:07,7165.08,7230.0,178.4028,0.0
14:38:07,7165.08,7235.0,68.8201,0.0
14:38:07,7165.08,7240.0,182.2312,0.0
14:38:07,7165.08,7245.0,89.3606,0.0
14:38:07,7165.08,7250.0,1201.5839,0.0
14:38:07,7165.08,7255.0,447.6,0.0
14:38:07,7165.08,7260.0,120.2444,0.0
14:38:07,7165.08,7265.0,101.798,0.0
14:38:07,7165.08,7270.0,162.8743,0.0
14:38:07,7165.08,7275.0,281.902,0.0
14:38:07,7165.08,7280.0,198.4675,0.0
14:38:07,7165.08,7285.0,46.405,0.0
14:38:07,7165.08,7290.0,104.0849,0.0
14:38:07,7165.08,7295.0,43.9082,0.0
14:38:07,7165.08,7300.0,95.4905,0.0
14:38:07,7165.08,7305.0,6.3165,0.0
14:38:07,7165.08,7310.0,56.9585,0.0
14:38:07,7165.08,7315.0,29.3403,0.0
14:38:07,7165.08,7320.0,72.7014,0.0
14:38:07,7165.08,7325.0,21.8798,0.0
14:38:07,7165.08,7330.0,57.2859,0.0
14:38:07,7165.08,7335.0,0.3669,0.0
14:38:07,7165.08,7340.0,6.7209,0.0
14:38:07,7165.08,7345.0,0.2152,0.0
14:38:07,7165.08,7350.0,29.7588,0.0
14:38:07,7165.08,7360.0,2.9159,247.0
14:38:07,7165.08,7370.0,7.6608,771.0
14:38:07,7165.08,7375.0,25.4988,10617.0
14:38:07,7165.08,7380.0,12.2625,5152.0
14:38:07,7165.08,7390.0,33.0928,2139.0
14:38:07,7165.08,7400.0,15.4658,4230.0
14:38:07,7165.08,7410.0,0.0095,65.0
14:38:07,7165.08,7425.0,4.2126,194.0
14:38:07,7165.08,7450.0,1.5767,474.0
14:38:07,7165.08,7475.0,0.0336,140.0
14:38:07,7165.08,7500.0,0.1662,296.0
14:38:07,7165.08,7550.0,0.0005,0.0
14:38:07,7165.08,7600.0,0.0006,2.0
14:38:07,7165.08,7700.0,0.0001,0.0
14:38:07,7165.08,7800.0,0.0,1.0
14:38:07,7165.08,8000.0,0.0,2.0
14:38:07,7165.08,8800.0,0.0,2.0
14:38:07,7165.08,9200.0,0.0,1.0
14:54:35,7165.08,4600.0,-0.0,4.0
14:54:35,7165.08,5300.0,-0.0,1.0
14:54:35,7165.08,5400.0,-0.0,3.0
14:54:35,7165.08,5500.0,-0.0,1.0
14:54:35,7165.08,5575.0,-0.0,1.0
14:54:35,7165.08,5625.0,-0.0,1.0
14:54:35,7165.08,5650.0,-0.0,1.0
14:54:35,7165.08,5800.0,-0.0,4.0
14:54:35,7165.08,5900.0,-0.0,3.0
14:54:35,7165.08,6000.0,-0.0,24.0
14:54:35,7165.08,6100.0,-0.0,876.0
14:54:35,7165.08,6110.0,-0.0,105.0
14:54:35,7165.08,6120.0,-0.0,81.0
14:54:35,7165.08,6125.0,-0.0,13.0
14:54:35,7165.08,6130.0,-0.0,3.0
14:54:35,7165.08,6140.0,-0.0,100.0
14:54:35,7165.08,6150.0,-0.0,297.0
14:54:35,7165.08,6160.0,-0.0,85.0
14:54:35,7165.08,6170.0,-0.0,87.0
14:54:35,7165.08,6175.0,-0.0,163.0
14:54:35,7165.08,6180.0,-0.0,10.0
14:54:35,7165.08,6190.0,-0.0026,97.0
14:54:35,7165.08,6200.0,-0.0,1177.0
14:54:35,7165.08,6210.0,-0.0984,0.0
14:54:35,7165.08,6220.0,-0.0021,40.0
14:54:35,7165.08,6225.0,-0.0,150.0
14:54:35,7165.08,6230.0,-0.0072,302.0
14:54:35,7165.08,6240.0,-0.0023,60.0
14:54:35,7165.08,6250.0,-0.0,226.0
14:54:35,7165.08,6260.0,-0.0,200.0
14:54:35,7165.08,6270.0,-0.014,101.0
14:54:35,7165.08,6275.0,-0.0,30.0
14:54:35,7165.08,6280.0,0.0002,20.0
14:54:35,7165.08,6290.0,-0.0,38.0
14:54:35,7165.08,6300.0,-0.0,96.0
14:54:35,7165.08,6310.0,-0.0,161.0
14:54:35,7165.08,6320.0,-0.0,10.0
14:54:35,7165.08,6325.0,-0.0,30.0
14:54:35,7165.08,6330.0,-0.0,196.0
14:54:35,7165.08,6340.0,0.0095,10.0
14:54:35,7165.08,6350.0,-0.0,95.0
14:54:35,7165.08,6360.0,-0.0,58.0
14:54:35,7165.08,6370.0,-0.0,50.0
14:54:35,7165.08,6375.0,-0.0,5.0
14:54:35,7165.08,6380.0,-0.0,44.0
14:54:35,7165.08,6390.0,0.0,11.0
14:54:35,7165.08,6400.0,-0.0,152.0
14:54:35,7165.08,6410.0,-0.0,5.0
14:54:35,7165.08,6420.0,-0.0,14.0
14:54:35,7165.08,6425.0,0.0,52.0
14:54:35,7165.08,6430.0,-0.0573,7.0
14:54:35,7165.08,6440.0,-0.0383,44.0
14:54:35,7165.08,6450.0,-0.0,1068.0
14:54:35,7165.08,6460.0,-0.0,80.0
14:54:35,7165.08,6470.0,-0.0,8.0
14:54:35,7165.08,6475.0,-0.0,3.0
14:54:35,7165.08,6480.0,-0.0,35.0
14:54:35,7165.08,6485.0,0.0043,8.0
14:54:35,7165.08,6490.0,-0.0,5.0
14:54:35,7165.08,6495.0,-0.0092,0.0
14:54:35,7165.08,6500.0,-0.0,70.0
14:54:35,7165.08,6505.0,-0.1222,100.0
14:54:35,7165.08,6510.0,-0.0,118.0
14:54:35,7165.08,6515.0,0.0164,117.0
14:54:35,7165.08,6520.0,-0.0,29.0
14:54:35,7165.08,6525.0,-0.0,4.0
14:54:35,7165.08,6530.0,-0.0,1.0
14:54:35,7165.08,6535.0,-0.0805,64.0
14:54:35,7165.08,6540.0,-0.0,22.0
14:54:35,7165.08,6545.0,-0.0131,58.0
14:54:35,7165.08,6550.0,-0.2663,0.0
14:54:35,7165.08,6555.0,0.0576,27.0
14:54:35,7165.08,6560.0,-0.0,15.0
14:54:35,7165.08,6565.0,-0.0552,3.0
14:54:35,7165.08,6570.0,0.0,1.0
14:54:35,7165.08,6580.0,0.0649,13.0
14:54:35,7165.08,6585.0,-0.0766,48.0
14:54:35,7165.08,6590.0,0.0474,57.0
14:54:35,7165.08,6595.0,-0.0,79.0
14:54:35,7165.08,6600.0,-0.0,4.0
14:54:35,7165.08,6605.0,-0.0,30.0
14:54:35,7165.08,6610.0,0.1515,106.0
14:54:35,7165.08,6615.0,-0.0,95.0
14:54:35,7165.08,6620.0,0.1026,80.0
14:54:35,7165.08,6625.0,0.0,16.0
14:54:35,7165.08,6630.0,-0.0,40.0
14:54:35,7165.08,6635.0,-0.1048,137.0
14:54:35,7165.08,6640.0,0.145,87.0
14:54:35,7165.08,6645.0,-0.1235,27.0
14:54:35,7165.08,6650.0,-0.0,3.0
14:54:35,7165.08,6655.0,-0.1014,70.0
14:54:35,7165.08,6660.0,-0.1662,88.0
14:54:35,7165.08,6665.0,-0.0,6.0
14:54:35,7165.08,6670.0,-0.0568,3.0
14:54:35,7165.08,6675.0,0.0,248.0
14:54:35,7165.08,6680.0,-0.3832,62.0
14:54:35,7165.08,6685.0,-0.0,287.0
14:54:35,7165.08,6690.0,-1.1985,139.0
14:54:35,7165.08,6695.0,-0.0,31.0
14:54:35,7165.08,6700.0,-0.0014,1429.0
14:54:35,7165.08,6705.0,-0.0001,49.0
14:54:35,7165.08,6710.0,-0.5515,565.0
14:54:35,7165.08,6715.0,-0.0002,161.0
14:54:35,7165.08,6720.0,-0.0004,44.0
14:54:35,7165.08,6725.0,-0.0006,1300.0
14:54:35,7165.08,6730.0,-0.0008,63.0
14:54:35,7165.08,6735.0,0.0255,56.0
14:54:35,7165.08,6740.0,-0.0022,181.0
14:54:35,7165.08,6745.0,-0.0006,86.0
14:54:35,7165.08,6750.0,-0.0094,3696.0
14:54:35,7165.08,6755.0,-0.0019,153.0
14:54:35,7165.08,6760.0,-1.966,1867.0
14:54:35,7165.08,6765.0,-0.0031,293.0
14:54:35,7165.08,6770.0,-1.806,136.0
14:54:35,7165.08,6775.0,-0.0042,3448.0
14:54:35,7165.08,6780.0,-0.0111,276.0
14:54:35,7165.08,6785.0,0.0242,130.0
14:54:35,7165.08,6790.0,-0.0215,194.0
14:54:35,7165.08,6795.0,-0.0608,159.0
14:54:35,7165.08,6800.0,-11.7331,2592.0
14:54:35,7165.08,6805.0,-4.2882,347.0
14:54:35,7165.08,6810.0,-3.7409,704.0
14:54:35,7165.08,6815.0,-0.0214,296.0
14:54:35,7165.08,6820.0,-1.649,158.0
14:54:35,7165.08,6825.0,2.1811,1565.0
14:54:35,7165.08,6830.0,-0.0506,188.0
14:54:35,7165.08,6835.0,-0.9594,221.0
14:54:35,7165.08,6840.0,-0.16,1189.0
14:54:35,7165.08,6845.0,-0.2437,4310.0
14:54:35,7165.08,6850.0,-7.8118,4335.0
14:54:35,7165.08,6855.0,-0.413,665.0
14:54:35,7165.08,6860.0,-4.3119,0.0
14:54:35,7165.08,6865.0,-0.6827,0.0
14:54:35,7165.08,6870.0,-0.2721,0.0
14:54:35,7165.08,6875.0,-0.6819,0.0
14:54:35,7165.08,6880.0,-1.0618,0.0
14:54:35,7165.08,6885.0,-13.817,3.0
14:54:35,7165.08,6890.0,-0.825,0.0
14:54:35,7165.08,6895.0,-58.1265,13.0
14:54:35,7165.08,6900.0,-36.6982,0.0
14:54:35,7165.08,6905.0,-2.7141,0.0
14:54:35,7165.08,6910.0,-1.4923,0.0
14:54:35,7165.08,6915.0,-1.2064,82.0
14:54:35,7165.08,6920.0,-0.7761,91.0
14:54:35,7165.08,6925.0,0.7624,791.0
14:54:35,7165.08,6930.0,-5.7977,0.0
14:54:35,7165.08,6935.0,-5.0962,0.0
14:54:35,7165.08,6940.0,1.0832,0.0
14:54:35,7165.08,6945.0,-39.7964,0.0
14:54:35,7165.08,6950.0,-55.891,117.0
14:54:35,7165.08,6955.0,-32.2255,0.0
14:54:35,7165.08,6960.0,-13.141,0.0
14:54:35,7165.08,6965.0,-6.3978,0.0
14:54:35,7165.08,6970.0,-4.1436,0.0
14:54:35,7165.08,6975.0,-15.0898,2648.0
14:54:35,7165.08,6980.0,-14.1651,0.0
14:54:35,7165.08,6985.0,-12.9409,32.0
14:54:35,7165.08,6990.0,-17.337,0.0
14:54:35,7165.08,6995.0,-16.8528,0.0
14:54:35,7165.08,7000.0,-11.9001,0.0
14:54:35,7165.08,7005.0,-126.486,0.0
14:54:35,7165.08,7010.0,-3.803,0.0
14:54:35,7165.08,7015.0,-10.6915,0.0
14:54:35,7165.08,7020.0,-4.5042,0.0
14:54:35,7165.08,7025.0,-23.4067,0.0
14:54:35,7165.08,7030.0,43.0428,0.0
14:54:35,7165.08,7035.0,-20.2507,0.0
14:54:35,7165.08,7040.0,-19.4179,0.0
14:54:35,7165.08,7045.0,308.3998,0.0
14:54:35,7165.08,7050.0,-123.7781,0.0
14:54:35,7165.08,7055.0,-195.4224,0.0
14:54:35,7165.08,7060.0,-22.1311,0.0
14:54:35,7165.08,7065.0,-15.1002,0.0
14:54:35,7165.08,7070.0,3.1324,0.0
14:54:35,7165.08,7075.0,-68.9882,0.0
14:54:35,7165.08,7080.0,-46.3397,0.0
14:54:35,7165.08,7085.0,-23.0963,0.0
14:54:35,7165.08,7090.0,-49.5119,0.0
14:54:35,7165.08,7095.0,-15.3363,0.0
14:54:35,7165.08,7100.0,127.8095,10605.0
14:54:35,7165.08,7105.0,18.294,0.0
14:54:35,7165.08,7110.0,-24.7531,0.0
14:54:35,7165.08,7115.0,22.6923,0.0
14:54:35,7165.08,7120.0,74.7954,0.0
14:54:35,7165.08,7125.0,1.3871,0.0
14:54:35,7165.08,7130.0,1432.7542,0.0
14:54:35,7165.08,7135.0,33.2303,0.0
14:54:35,7165.08,7140.0,281.7618,1894.0
14:54:35,7165.08,7145.0,40.4458,0.0
14:54:35,7165.08,7150.0,95.4028,0.0
14:54:35,7165.08,7155.0,654.3267,0.0
14:54:35,7165.08,7160.0,1144.1108,0.0
14:54:35,7165.08,7165.0,49.9362,0.0
14:54:35,7165.08,7170.0,200.338,0.0
14:54:35,7165.08,7175.0,324.0935,0.0
14:54:35,7165.08,7180.0,122.0941,0.0
14:54:35,7165.08,7185.0,76.5426,0.0
14:54:35,7165.08,7190.0,143.775,0.0
14:54:35,7165.08,7195.0,111.0354,0.0
14:54:35,7165.08,7200.0,681.2964,10217.0
14:54:35,7165.08,7205.0,78.608,0.0
14:54:35,7165.08,7210.0,213.0405,0.0
14:54:35,7165.08,7215.0,117.7262,0.0
14:54:35,7165.08,7220.0,216.5669,0.0
14:54:35,7165.08,7225.0,166.4071,0.0
14:54:35,7165.08,7230.0,178.4028,0.0
14:54:35,7165.08,7235.0,68.8201,0.0
14:54:35,7165.08,7240.0,182.2312,0.0
14:54:35,7165.08,7245.0,89.3606,0.0
14:54:35,7165.08,7250.0,1201.5839,0.0
14:54:35,7165.08,7255.0,447.6,0.0
14:54:35,7165.08,7260.0,120.2444,0.0
14:54:35,7165.08,7265.0,101.798,0.0
14:54:35,7165.08,7270.0,162.8743,0.0
14:54:35,7165.08,7275.0,281.902,0.0
14:54:35,7165.08,7280.0,198.4675,0.0
14:54:35,7165.08,7285.0,46.405,0.0
14:54:35,7165.08,7290.0,104.0849,0.0
14:54:35,7165.08,7295.0,43.9082,0.0
14:54:35,7165.08,7300.0,95.4905,0.0
14:54:35,7165.08,7305.0,6.3165,0.0
14:54:35,7165.08,7310.0,56.9585,0.0
14:54:35,7165.08,7315.0,29.3403,0.0
14:54:35,7165.08,7320.0,72.7014,0.0
14:54:35,7165.08,7325.0,21.8798,0.0
14:54:35,7165.08,7330.0,57.2859,0.0
14:54:35,7165.08,7335.0,0.3669,0.0
14:54:35,7165.08,7340.0,6.7209,0.0
14:54:35,7165.08,7345.0,0.2152,0.0
14:54:35,7165.08,7350.0,29.7588,0.0
14:54:35,7165.08,7360.0,2.9159,247.0
14:54:35,7165.08,7370.0,7.6608,771.0
14:54:35,7165.08,7375.0,25.4988,10617.0
14:54:35,7165.08,7380.0,12.2625,5152.0
14:54:35,7165.08,7390.0,33.0928,2139.0
14:54:35,7165.08,7400.0,15.4658,4230.0
14:54:35,7165.08,7410.0,0.0095,65.0
14:54:35,7165.08,7425.0,4.2126,194.0
14:54:35,7165.08,7450.0,1.5767,474.0
14:54:35,7165.08,7475.0,0.0336,140.0
14:54:35,7165.08,7500.0,0.1662,296.0
14:54:35,7165.08,7550.0,0.0005,0.0
14:54:35,7165.08,7600.0,0.0006,2.0
14:54:35,7165.08,7700.0,0.0001,0.0
14:54:35,7165.08,7800.0,0.0,1.0
14:54:35,7165.08,8000.0,0.0,2.0
14:54:35,7165.08,8800.0,0.0,2.0
14:54:35,7165.08,9200.0,0.0,1.0
15:13:07,7165.08,4600.0,-0.0,4.0
15:13:07,7165.08,5300.0,-0.0,1.0
15:13:07,7165.08,5400.0,-0.0,3.0
15:13:07,7165.08,5500.0,-0.0,1.0
15:13:07,7165.08,5575.0,-0.0,1.0
15:13:07,7165.08,5625.0,-0.0,1.0
15:13:07,7165.08,5650.0,-0.0,1.0
15:13:07,7165.08,5800.0,-0.0,4.0
15:13:07,7165.08,5900.0,-0.0,3.0
15:13:07,7165.08,6000.0,-0.0,24.0
15:13:07,7165.08,6100.0,-0.0,876.0
15:13:07,7165.08,6110.0,-0.0,105.0
15:13:07,7165.08,6120.0,-0.0,81.0
15:13:07,7165.08,6125.0,-0.0,13.0
15:13:07,7165.08,6130.0,-0.0,3.0
15:13:07,7165.08,6140.0,-0.0,100.0
15:13:07,7165.08,6150.0,-0.0,297.0
15:13:07,7165.08,6160.0,-0.0,85.0
15:13:07,7165.08,6170.0,-0.0,87.0
15:13:07,7165.08,6175.0,-0.0,163.0
15:13:07,7165.08,6180.0,-0.0,10.0
15:13:07,7165.08,6190.0,-0.0026,97.0
15:13:07,7165.08,6200.0,-0.0,1177.0
15:13:07,7165.08,6210.0,-0.0984,0.0
15:13:07,7165.08,6220.0,-0.0021,40.0
15:13:07,7165.08,6225.0,-0.0,150.0
15:13:07,7165.08,6230.0,-0.0072,302.0
15:13:07,7165.08,6240.0,-0.0023,60.0
15:13:07,7165.08,6250.0,-0.0,226.0
15:13:07,7165.08,6260.0,-0.0,200.0
15:13:07,7165.08,6270.0,-0.014,101.0
15:13:07,7165.08,6275.0,-0.0,30.0
15:13:07,7165.08,6280.0,0.0002,20.0
15:13:07,7165.08,6290.0,-0.0,38.0
15:13:07,7165.08,6300.0,-0.0,96.0
15:13:07,7165.08,6310.0,-0.0,161.0
15:13:07,7165.08,6320.0,-0.0,10.0
15:13:07,7165.08,6325.0,-0.0,30.0
15:13:07,7165.08,6330.0,-0.0,196.0
15:13:07,7165.08,6340.0,0.0095,10.0
15:13:07,7165.08,6350.0,-0.0,95.0
15:13:07,7165.08,6360.0,-0.0,58.0
15:13:07,7165.08,6370.0,-0.0,50.0
15:13:07,7165.08,6375.0,-0.0,5.0
15:13:07,7165.08,6380.0,-0.0,44.0
15:13:07,7165.08,6390.0,0.0,11.0
15:13:07,7165.08,6400.0,-0.0,152.0
15:13:07,7165.08,6410.0,-0.0,5.0
15:13:07,7165.08,6420.0,-0.0,14.0
15:13:07,7165.08,6425.0,0.0,52.0
15:13:07,7165.08,6430.0,-0.0573,7.0
15:13:07,7165.08,6440.0,-0.0383,44.0
15:13:07,7165.08,6450.0,-0.0,1068.0
15:13:07,7165.08,6460.0,-0.0,80.0
15:13:07,7165.08,6470.0,-0.0,8.0
15:13:07,7165.08,6475.0,-0.0,3.0
15:13:07,7165.08,6480.0,-0.0,35.0
15:13:07,7165.08,6485.0,0.0043,8.0
15:13:07,7165.08,6490.0,-0.0,5.0
15:13:07,7165.08,6495.0,-0.0092,0.0
15:13:07,7165.08,6500.0,-0.0,70.0
15:13:07,7165.08,6505.0,-0.1222,100.0
15:13:07,7165.08,6510.0,-0.0,118.0
15:13:07,7165.08,6515.0,0.0164,117.0
15:13:07,7165.08,6520.0,-0.0,29.0
15:13:07,7165.08,6525.0,-0.0,4.0
15:13:07,7165.08,6530.0,-0.0,1.0
15:13:07,7165.08,6535.0,-0.0805,64.0
15:13:07,7165.08,6540.0,-0.0,22.0
15:13:07,7165.08,6545.0,-0.0131,58.0
15:13:07,7165.08,6550.0,-0.2663,0.0
15:13:07,7165.08,6555.0,0.0576,27.0
15:13:07,7165.08,6560.0,-0.0,15.0
15:13:07,7165.08,6565.0,-0.0552,3.0
15:13:07,7165.08,6570.0,0.0,1.0
15:13:07,7165.08,6580.0,0.0649,13.0
15:13:07,7165.08,6585.0,-0.0766,48.0
15:13:07,7165.08,6590.0,0.0474,57.0
15:13:07,7165.08,6595.0,-0.0,79.0
15:13:07,7165.08,6600.0,-0.0,4.0
15:13:07,7165.08,6605.0,-0.0,30.0
15:13:07,7165.08,6610.0,0.1515,106.0
15:13:07,7165.08,6615.0,-0.0,95.0
15:13:07,7165.08,6620.0,0.1026,80.0
15:13:07,7165.08,6625.0,0.0,16.0
15:13:07,7165.08,6630.0,-0.0,40.0
15:13:07,7165.08,6635.0,-0.1048,137.0
15:13:07,7165.08,6640.0,0.145,87.0
15:13:07,7165.08,6645.0,-0.1235,27.0
15:13:07,7165.08,6650.0,-0.0,3.0
15:13:07,7165.08,6655.0,-0.1014,70.0
15:13:07,7165.08,6660.0,-0.1662,88.0
15:13:07,7165.08,6665.0,-0.0,6.0
15:13:07,7165.08,6670.0,-0.0568,3.0
15:13:07,7165.08,6675.0,0.0,248.0
15:13:07,7165.08,6680.0,-0.3832,62.0
15:13:07,7165.08,6685.0,-0.0,287.0
15:13:07,7165.08,6690.0,-1.1985,139.0
15:13:07,7165.08,6695.0,-0.0,31.0
15:13:07,7165.08,6700.0,-0.0014,1429.0
15:13:07,7165.08,6705.0,-0.0001,49.0
15:13:07,7165.08,6710.0,-0.5515,565.0
15:13:07,7165.08,6715.0,-0.0002,161.0
15:13:07,7165.08,6720.0,-0.0004,44.0
15:13:07,7165.08,6725.0,-0.0006,1300.0
15:13:07,7165.08,6730.0,-0.0008,63.0
15:13:07,7165.08,6735.0,0.0255,56.0
15:13:07,7165.08,6740.0,-0.0022,181.0
15:13:07,7165.08,6745.0,-0.0006,86.0
15:13:07,7165.08,6750.0,-0.0094,3696.0
15:13:07,7165.08,6755.0,-0.0019,153.0
15:13:07,7165.08,6760.0,-1.966,1867.0
15:13:07,7165.08,6765.0,-0.0031,293.0
15:13:07,7165.08,6770.0,-1.806,136.0
15:13:07,7165.08,6775.0,-0.0042,3448.0
15:13:07,7165.08,6780.0,-0.0111,276.0
15:13:07,7165.08,6785.0,0.0242,130.0
15:13:07,7165.08,6790.0,-0.0215,194.0
15:13:07,7165.08,6795.0,-0.0608,159.0
15:13:07,7165.08,6800.0,-11.7331,2592.0
15:13:07,7165.08,6805.0,-4.2882,347.0
15:13:07,7165.08,6810.0,-3.7409,704.0
15:13:07,7165.08,6815.0,-0.0214,296.0
15:13:07,7165.08,6820.0,-1.649,158.0
15:13:07,7165.08,6825.0,2.1811,1565.0
15:13:07,7165.08,6830.0,-0.0506,188.0
15:13:07,7165.08,6835.0,-0.9594,221.0
15:13:07,7165.08,6840.0,-0.16,1189.0
15:13:07,7165.08,6845.0,-0.2437,4310.0
15:13:07,7165.08,6850.0,-7.8118,4335.0
15:13:07,7165.08,6855.0,-0.413,665.0
15:13:07,7165.08,6860.0,-4.3119,0.0
15:13:07,7165.08,6865.0,-0.6827,0.0
15:13:07,7165.08,6870.0,-0.2721,0.0
15:13:07,7165.08,6875.0,-0.6819,0.0
15:13:07,7165.08,6880.0,-1.0618,0.0
15:13:07,7165.08,6885.0,-13.817,3.0
15:13:07,7165.08,6890.0,-0.825,0.0
15:13:07,7165.08,6895.0,-58.1265,13.0
15:13:07,7165.08,6900.0,-36.6982,0.0
15:13:07,7165.08,6905.0,-2.7141,0.0
15:13:07,7165.08,6910.0,-1.4923,0.0
15:13:07,7165.08,6915.0,-1.2064,82.0
15:13:07,7165.08,6920.0,-0.7761,91.0
15:13:07,7165.08,6925.0,0.7624,791.0
15:13:07,7165.08,6930.0,-5.7977,0.0
15:13:07,7165.08,6935.0,-5.0962,0.0
15:13:07,7165.08,6940.0,1.0832,0.0
15:13:07,7165.08,6945.0,-39.7964,0.0
15:13:07,7165.08,6950.0,-55.891,117.0
15:13:07,7165.08,6955.0,-32.2255,0.0
15:13:07,7165.08,6960.0,-13.141,0.0
15:13:07,7165.08,6965.0,-6.3978,0.0
15:13:07,7165.08,6970.0,-4.1436,0.0
15:13:07,7165.08,6975.0,-15.0898,2648.0
15:13:07,7165.08,6980.0,-14.1651,0.0
15:13:07,7165.08,6985.0,-12.9409,32.0
15:13:07,7165.08,6990.0,-17.337,0.0
15:13:07,7165.08,6995.0,-16.8528,0.0
15:13:07,7165.08,7000.0,-11.9001,0.0
15:13:07,7165.08,7005.0,-126.486,0.0
15:13:07,7165.08,7010.0,-3.803,0.0
15:13:07,7165.08,7015.0,-10.6915,0.0
15:13:07,7165.08,7020.0,-4.5042,0.0
15:13:07,7165.08,7025.0,-23.4067,0.0
15:13:07,7165.08,7030.0,43.0428,0.0
15:13:07,7165.08,7035.0,-20.2507,0.0
15:13:07,7165.08,7040.0,-19.4179,0.0
15:13:07,7165.08,7045.0,308.3998,0.0
15:13:07,7165.08,7050.0,-123.7781,0.0
15:13:07,7165.08,7055.0,-195.4224,0.0
15:13:07,7165.08,7060.0,-22.1311,0.0
15:13:07,7165.08,7065.0,-15.1002,0.0
15:13:07,7165.08,7070.0,3.1324,0.0
15:13:07,7165.08,7075.0,-68.9882,0.0
15:13:07,7165.08,7080.0,-46.3397,0.0
15:13:07,7165.08,7085.0,-23.0963,0.0
15:13:07,7165.08,7090.0,-49.5119,0.0
15:13:07,7165.08,7095.0,-15.3363,0.0
15:13:07,7165.08,7100.0,127.8095,10605.0
15:13:07,7165.08,7105.0,18.294,0.0
15:13:07,7165.08,7110.0,-24.7531,0.0
15:13:07,7165.08,7115.0,22.6923,0.0
15:13:07,7165.08,7120.0,74.7954,0.0
15:13:07,7165.08,7125.0,1.3871,0.0
15:13:07,7165.08,7130.0,1432.7542,0.0
15:13:07,7165.08,7135.0,33.2303,0.0
15:13:07,7165.08,7140.0,281.7618,1894.0
15:13:07,7165.08,7145.0,40.4458,0.0
15:13:07,7165.08,7150.0,95.4028,0.0
15:13:07,7165.08,7155.0,654.3267,0.0
15:13:07,7165.08,7160.0,1144.1108,0.0
15:13:07,7165.08,7165.0,49.9362,0.0
15:13:07,7165.08,7170.0,200.338,0.0
15:13:07,7165.08,7175.0,324.0935,0.0
15:13:07,7165.08,7180.0,122.0941,0.0
15:13:07,7165.08,7185.0,76.5426,0.0
15:13:07,7165.08,7190.0,143.775,0.0
15:13:07,7165.08,7195.0,111.0354,0.0
15:13:07,7165.08,7200.0,681.2964,10217.0
15:13:07,7165.08,7205.0,78.608,0.0
15:13:07,7165.08,7210.0,213.0405,0.0
15:13:07,7165.08,7215.0,117.7262,0.0
15:13:07,7165.08,7220.0,216.5669,0.0
15:13:07,7165.08,7225.0,166.4071,0.0
15:13:07,7165.08,7230.0,178.4028,0.0
15:13:07,7165.08,7235.0,68.8201,0.0
15:13:07,7165.08,7240.0,182.2312,0.0
15:13:07,7165.08,7245.0,89.3606,0.0
15:13:07,7165.08,7250.0,1201.5839,0.0
15:13:07,7165.08,7255.0,447.6,0.0
15:13:07,7165.08,7260.0,120.2444,0.0
15:13:07,7165.08,7265.0,101.798,0.0
15:13:07,7165.08,7270.0,162.8743,0.0
15:13:07,7165.08,7275.0,281.902,0.0
15:13:07,7165.08,7280.0,198.4675,0.0
15:13:07,7165.08,7285.0,46.405,0.0
15:13:07,7165.08,7290.0,104.0849,0.0
15:13:07,7165.08,7295.0,43.9082,0.0
15:13:07,7165.08,7300.0,95.4905,0.0
15:13:07,7165.08,7305.0,6.3165,0.0
15:13:07,7165.08,7310.0,56.9585,0.0
15:13:07,7165.08,7315.0,29.3403,0.0
15:13:07,7165.08,7320.0,72.7014,0.0
15:13:07,7165.08,7325.0,21.8798,0.0
15:13:07,7165.08,7330.0,57.2859,0.0
15:13:07,7165.08,7335.0,0.3669,0.0
15:13:07,7165.08,7340.0,6.7209,0.0
15:13:07,7165.08,7345.0,0.2152,0.0
15:13:07,7165.08,7350.0,29.7588,0.0
15:13:07,7165.08,7360.0,2.9159,247.0
15:13:07,7165.08,7370.0,7.6608,771.0
15:13:07,7165.08,7375.0,25.4988,10617.0
15:13:07,7165.08,7380.0,12.2625,5152.0
15:13:07,7165.08,7390.0,33.0928,2139.0
15:13:07,7165.08,7400.0,15.4658,4230.0
15:13:07,7165.08,7410.0,0.0095,65.0
15:13:07,7165.08,7425.0,4.2126,194.0
15:13:07,7165.08,7450.0,1.5767,474.0
15:13:07,7165.08,7475.0,0.0336,140.0
15:13:07,7165.08,7500.0,0.1662,296.0
15:13:07,7165.08,7550.0,0.0005,0.0
15:13:07,7165.08,7600.0,0.0006,2.0
15:13:07,7165.08,7700.0,0.0001,0.0
15:13:07,7165.08,7800.0,0.0,1.0
15:13:07,7165.08,8000.0,0.0,2.0
15:13:07,7165.08,8800.0,0.0,2.0
15:13:07,7165.08,9200.0,0.0,1.0
15:30:00,7165.08,4600.0,-0.0,4.0
15:30:00,7165.08,5300.0,-0.0,1.0
15:30:00,7165.08,5400.0,-0.0,3.0
15:30:00,7165.08,5500.0,-0.0,1.0
15:30:00,7165.08,5575.0,-0.0,1.0
15:30:00,7165.08,5625.0,-0.0,1.0
15:30:00,7165.08,5650.0,-0.0,1.0
15:30:00,7165.08,5800.0,-0.0,4.0
15:30:00,7165.08,5900.0,-0.0,3.0
15:30:00,7165.08,6000.0,-0.0,24.0
15:30:00,7165.08,6100.0,-0.0,876.0
15:30:00,7165.08,6110.0,-0.0,105.0
15:30:00,7165.08,6120.0,-0.0,81.0
15:30:00,7165.08,6125.0,-0.0,13.0
15:30:00,7165.08,6130.0,-0.0,3.0
15:30:00,7165.08,6140.0,-0.0,100.0
15:30:00,7165.08,6150.0,-0.0,297.0
15:30:00,7165.08,6160.0,-0.0,85.0
15:30:00,7165.08,6170.0,-0.0,87.0
15:30:00,7165.08,6175.0,-0.0,163.0
15:30:00,7165.08,6180.0,-0.0,10.0
15:30:00,7165.08,6190.0,-0.0026,97.0
15:30:00,7165.08,6200.0,-0.0,1177.0
15:30:00,7165.08,6210.0,-0.0984,0.0
15:30:00,7165.08,6220.0,-0.0021,40.0
15:30:00,7165.08,6225.0,-0.0,150.0
15:30:00,7165.08,6230.0,-0.0072,302.0
15:30:00,7165.08,6240.0,-0.0023,60.0
15:30:00,7165.08,6250.0,-0.0,226.0
15:30:00,7165.08,6260.0,-0.0,200.0
15:30:00,7165.08,6270.0,-0.014,101.0
15:30:00,7165.08,6275.0,-0.0,30.0
15:30:00,7165.08,6280.0,0.0002,20.0
15:30:00,7165.08,6290.0,-0.0,38.0
15:30:00,7165.08,6300.0,-0.0,96.0
15:30:00,7165.08,6310.0,-0.0,161.0
15:30:00,7165.08,6320.0,-0.0,10.0
15:30:00,7165.08,6325.0,-0.0,30.0
15:30:00,7165.08,6330.0,-0.0,196.0
15:30:00,7165.08,6340.0,0.0095,10.0
15:30:00,7165.08,6350.0,-0.0,95.0
15:30:00,7165.08,6360.0,-0.0,58.0
15:30:00,7165.08,6370.0,-0.0,50.0
15:30:00,7165.08,6375.0,-0.0,5.0
15:30:00,7165.08,6380.0,-0.0,44.0
15:30:00,7165.08,6390.0,0.0,11.0
15:30:00,7165.08,6400.0,-0.0,152.0
15:30:00,7165.08,6410.0,-0.0,5.0
15:30:00,7165.08,6420.0,-0.0,14.0
15:30:00,7165.08,6425.0,0.0,52.0
15:30:00,7165.08,6430.0,-0.0573,7.0
15:30:00,7165.08,6440.0,-0.0383,44.0
15:30:00,7165.08,6450.0,-0.0,1068.0
15:30:00,7165.08,6460.0,-0.0,80.0
15:30:00,7165.08,6470.0,-0.0,8.0
15:30:00,7165.08,6475.0,-0.0,3.0
15:30:00,7165.08,6480.0,-0.0,35.0
15:30:00,7165.08,6485.0,0.0043,8.0
15:30:00,7165.08,6490.0,-0.0,5.0
15:30:00,7165.08,6495.0,-0.0092,0.0
15:30:00,7165.08,6500.0,-0.0,70.0
15:30:00,7165.08,6505.0,-0.1222,100.0
15:30:00,7165.08,6510.0,-0.0,118.0
15:30:00,7165.08,6515.0,0.0164,117.0
15:30:00,7165.08,6520.0,-0.0,29.0
15:30:00,7165.08,6525.0,-0.0,4.0
15:30:00,7165.08,6530.0,-0.0,1.0
15:30:00,7165.08,6535.0,-0.0805,64.0
15:30:00,7165.08,6540.0,-0.0,22.0
15:30:00,7165.08,6545.0,-0.0131,58.0
15:30:00,7165.08,6550.0,-0.2663,0.0
15:30:00,7165.08,6555.0,0.0576,27.0
15:30:00,7165.08,6560.0,-0.0,15.0
15:30:00,7165.08,6565.0,-0.0552,3.0
15:30:00,7165.08,6570.0,0.0,1.0
15:30:00,7165.08,6580.0,0.0649,13.0
15:30:00,7165.08,6585.0,-0.0766,48.0
15:30:00,7165.08,6590.0,0.0474,57.0
15:30:00,7165.08,6595.0,-0.0,79.0
15:30:00,7165.08,6600.0,-0.0,4.0
15:30:00,7165.08,6605.0,-0.0,30.0
15:30:00,7165.08,6610.0,0.1515,106.0
15:30:00,7165.08,6615.0,-0.0,95.0
15:30:00,7165.08,6620.0,0.1026,80.0
15:30:00,7165.08,6625.0,0.0,16.0
15:30:00,7165.08,6630.0,-0.0,40.0
15:30:00,7165.08,6635.0,-0.1048,137.0
15:30:00,7165.08,6640.0,0.145,87.0
15:30:00,7165.08,6645.0,-0.1235,27.0
15:30:00,7165.08,6650.0,-0.0,3.0
15:30:00,7165.08,6655.0,-0.1014,70.0
15:30:00,7165.08,6660.0,-0.1662,88.0
15:30:00,7165.08,6665.0,-0.0,6.0
15:30:00,7165.08,6670.0,-0.0568,3.0
15:30:00,7165.08,6675.0,0.0,248.0
15:30:00,7165.08,6680.0,-0.3832,62.0
15:30:00,7165.08,6685.0,-0.0,287.0
15:30:00,7165.08,6690.0,-1.1985,139.0
15:30:00,7165.08,6695.0,-0.0,31.0
15:30:00,7165.08,6700.0,-0.0014,1429.0
15:30:00,7165.08,6705.0,-0.0001,49.0
15:30:00,7165.08,6710.0,-0.5515,565.0
15:30:00,7165.08,6715.0,-0.0002,161.0
15:30:00,7165.08,6720.0,-0.0004,44.0
15:30:00,7165.08,6725.0,-0.0006,1300.0
15:30:00,7165.08,6730.0,-0.0008,63.0
15:30:00,7165.08,6735.0,0.0255,56.0
15:30:00,7165.08,6740.0,-0.0022,181.0
15:30:00,7165.08,6745.0,-0.0006,86.0
15:30:00,7165.08,6750.0,-0.0094,3696.0
15:30:00,7165.08,6755.0,-0.0019,153.0
15:30:00,7165.08,6760.0,-1.966,1867.0
15:30:00,7165.08,6765.0,-0.0031,293.0
15:30:00,7165.08,6770.0,-1.806,136.0
15:30:00,7165.08,6775.0,-0.0042,3448.0
15:30:00,7165.08,6780.0,-0.0111,276.0
15:30:00,7165.08,6785.0,0.0242,130.0
15:30:00,7165.08,6790.0,-0.0215,194.0
15:30:00,7165.08,6795.0,-0.0608,159.0
15:30:00,7165.08,6800.0,-11.7331,2592.0
15:30:00,7165.08,6805.0,-4.2882,347.0
15:30:00,7165.08,6810.0,-3.7409,704.0
15:30:00,7165.08,6815.0,-0.0214,296.0
15:30:00,7165.08,6820.0,-1.649,158.0
15:30:00,7165.08,6825.0,2.1811,1565.0
15:30:00,7165.08,6830.0,-0.0506,188.0
15:30:00,7165.08,6835.0,-0.9594,221.0
15:30:00,7165.08,6840.0,-0.16,1189.0
15:30:00,7165.08,6845.0,-0.2437,4310.0
15:30:00,7165.08,6850.0,-7.8118,4335.0
15:30:00,7165.08,6855.0,-0.413,665.0
15:30:00,7165.08,6860.0,-4.3119,0.0
15:30:00,7165.08,6865.0,-0.6827,0.0
15:30:00,7165.08,6870.0,-0.2721,0.0
15:30:00,7165.08,6875.0,-0.6819,0.0
15:30:00,7165.08,6880.0,-1.0618,0.0
15:30:00,7165.08,6885.0,-13.817,3.0
15:30:00,7165.08,6890.0,-0.825,0.0
15:30:00,7165.08,6895.0,-58.1265,13.0
15:30:00,7165.08,6900.0,-36.6982,0.0
15:30:00,7165.08,6905.0,-2.7141,0.0
15:30:00,7165.08,6910.0,-1.4923,0.0
15:30:00,7165.08,6915.0,-1.2064,82.0
15:30:00,7165.08,6920.0,-0.7761,91.0
15:30:00,7165.08,6925.0,0.7624,791.0
15:30:00,7165.08,6930.0,-5.7977,0.0
15:30:00,7165.08,6935.0,-5.0962,0.0
15:30:00,7165.08,6940.0,1.0832,0.0
15:30:00,7165.08,6945.0,-39.7964,0.0
15:30:00,7165.08,6950.0,-55.891,117.0
15:30:00,7165.08,6955.0,-32.2255,0.0
15:30:00,7165.08,6960.0,-13.141,0.0
15:30:00,7165.08,6965.0,-6.3978,0.0
15:30:00,7165.08,6970.0,-4.1436,0.0
15:30:00,7165.08,6975.0,-15.0898,2648.0
15:30:00,7165.08,6980.0,-14.1651,0.0
15:30:00,7165.08,6985.0,-12.9409,32.0
15:30:00,7165.08,6990.0,-17.337,0.0
15:30:00,7165.08,6995.0,-16.8528,0.0
15:30:00,7165.08,7000.0,-11.9001,0.0
15:30:00,7165.08,7005.0,-126.486,0.0
15:30:00,7165.08,7010.0,-3.803,0.0
15:30:00,7165.08,7015.0,-10.6915,0.0
15:30:00,7165.08,7020.0,-4.5042,0.0
15:30:00,7165.08,7025.0,-23.4067,0.0
15:30:00,7165.08,7030.0,43.0428,0.0
15:30:00,7165.08,7035.0,-20.2507,0.0
15:30:00,7165.08,7040.0,-19.4179,0.0
15:30:00,7165.08,7045.0,308.3998,0.0
15:30:00,7165.08,7050.0,-123.7781,0.0
15:30:00,7165.08,7055.0,-195.4224,0.0
15:30:00,7165.08,7060.0,-22.1311,0.0
15:30:00,7165.08,7065.0,-15.1002,0.0
15:30:00,7165.08,7070.0,3.1324,0.0
15:30:00,7165.08,7075.0,-68.9882,0.0
15:30:00,7165.08,7080.0,-46.3397,0.0
15:30:00,7165.08,7085.0,-23.0963,0.0
15:30:00,7165.08,7090.0,-49.5119,0.0
15:30:00,7165.08,7095.0,-15.3363,0.0
15:30:00,7165.08,7100.0,127.8095,10605.0
15:30:00,7165.08,7105.0,18.294,0.0
15:30:00,7165.08,7110.0,-24.7531,0.0
15:30:00,7165.08,7115.0,22.6923,0.0
15:30:00,7165.08,7120.0,74.7954,0.0
15:30:00,7165.08,7125.0,1.3871,0.0
15:30:00,7165.08,7130.0,1432.7542,0.0
15:30:00,7165.08,7135.0,33.2303,0.0
15:30:00,7165.08,7140.0,281.7618,1894.0
15:30:00,7165.08,7145.0,40.4458,0.0
15:30:00,7165.08,7150.0,95.4028,0.0
15:30:00,7165.08,7155.0,654.3267,0.0
15:30:00,7165.08,7160.0,1144.1108,0.0
15:30:00,7165.08,7165.0,49.9362,0.0
15:30:00,7165.08,7170.0,200.338,0.0
15:30:00,7165.08,7175.0,324.0935,0.0
15:30:00,7165.08,7180.0,122.0941,0.0
15:30:00,7165.08,7185.0,76.5426,0.0
15:30:00,7165.08,7190.0,143.775,0.0
15:30:00,7165.08,7195.0,111.0354,0.0
15:30:00,7165.08,7200.0,681.2964,10217.0
15:30:00,7165.08,7205.0,78.608,0.0
15:30:00,7165.08,7210.0,213.0405,0.0
15:30:00,7165.08,7215.0,117.7262,0.0
15:30:00,7165.08,7220.0,216.5669,0.0
15:30:00,7165.08,7225.0,166.4071,0.0
15:30:00,7165.08,7230.0,178.4028,0.0
15:30:00,7165.08,7235.0,68.8201,0.0
15:30:00,7165.08,7240.0,182.2312,0.0
15:30:00,7165.08,7245.0,89.3606,0.0
15:30:00,7165.08,7250.0,1201.5839,0.0
15:30:00,7165.08,7255.0,447.6,0.0
15:30:00,7165.08,7260.0,120.2444,0.0
15:30:00,7165.08,7265.0,101.798,0.0
15:30:00,7165.08,7270.0,162.8743,0.0
15:30:00,7165.08,7275.0,281.902,0.0
15:30:00,7165.08,7280.0,198.4675,0.0
15:30:00,7165.08,7285.0,46.405,0.0
15:30:00,7165.08,7290.0,104.0849,0.0
15:30:00,7165.08,7295.0,43.9082,0.0
15:30:00,7165.08,7300.0,95.4905,0.0
15:30:00,7165.08,7305.0,6.3165,0.0
15:30:00,7165.08,7310.0,56.9585,0.0
15:30:00,7165.08,7315.0,29.3403,0.0
15:30:00,7165.08,7320.0,72.7014,0.0
15:30:00,7165.08,7325.0,21.8798,0.0
15:30:00,7165.08,7330.0,57.2859,0.0
15:30:00,7165.08,7335.0,0.3669,0.0
15:30:00,7165.08,7340.0,6.7209,0.0
15:30:00,7165.08,7345.0,0.2152,0.0
15:30:00,7165.08,7350.0,29.7588,0.0
15:30:00,7165.08,7360.0,2.9159,247.0
15:30:00,7165.08,7370.0,7.6608,771.0
15:30:00,7165.08,7375.0,25.4988,10617.0
15:30:00,7165.08,7380.0,12.2625,5152.0
15:30:00,7165.08,7390.0,33.0928,2139.0
15:30:00,7165.08,7400.0,15.4658,4230.0
15:30:00,7165.08,7410.0,0.0095,65.0
15:30:00,7165.08,7425.0,4.2126,194.0
15:30:00,7165.08,7450.0,1.5767,474.0
15:30:00,7165.08,7475.0,0.0336,140.0
15:30:00,7165.08,7500.0,0.1662,296.0
15:30:00,7165.08,7550.0,0.0005,0.0
15:30:00,7165.08,7600.0,0.0006,2.0
15:30:00,7165.08,7700.0,0.0001,0.0
15:30:00,7165.08,7800.0,0.0,1.0
15:30:00,7165.08,8000.0,0.0,2.0
15:30:00,7165.08,8800.0,0.0,2.0
15:30:00,7165.08,9200.0,0.0,1.0
15:47:47,7165.08,4600.0,-0.0,4.0
15:47:47,7165.08,5300.0,-0.0,1.0
15:47:47,7165.08,5400.0,-0.0,3.0
15:47:47,7165.08,5500.0,-0.0,1.0
15:47:47,7165.08,5575.0,-0.0,1.0
15:47:47,7165.08,5625.0,-0.0,1.0
15:47:47,7165.08,5650.0,-0.0,1.0
15:47:47,7165.08,5800.0,-0.0,4.0
15:47:47,7165.08,5900.0,-0.0,3.0
15:47:47,7165.08,6000.0,-0.0,24.0
15:47:47,7165.08,6100.0,-0.0,876.0
15:47:47,7165.08,6110.0,-0.0,105.0
15:47:47,7165.08,6120.0,-0.0,81.0
15:47:47,7165.08,6125.0,-0.0,13.0
15:47:47,7165.08,6130.0,-0.0,3.0
15:47:47,7165.08,6140.0,-0.0,100.0
15:47:47,7165.08,6150.0,-0.0,297.0
15:47:47,7165.08,6160.0,-0.0,85.0
15:47:47,7165.08,6170.0,-0.0,87.0
15:47:47,7165.08,6175.0,-0.0,163.0
15:47:47,7165.08,6180.0,-0.0,10.0
15:47:47,7165.08,6190.0,-0.0026,97.0
15:47:47,7165.08,6200.0,-0.0,1177.0
15:47:47,7165.08,6210.0,-0.0984,0.0
15:47:47,7165.08,6220.0,-0.0021,40.0
15:47:47,7165.08,6225.0,-0.0,150.0
15:47:47,7165.08,6230.0,-0.0072,302.0
15:47:47,7165.08,6240.0,-0.0023,60.0
15:47:47,7165.08,6250.0,-0.0,226.0
15:47:47,7165.08,6260.0,-0.0,200.0
15:47:47,7165.08,6270.0,-0.014,101.0
15:47:47,7165.08,6275.0,-0.0,30.0
15:47:47,7165.08,6280.0,0.0002,20.0
15:47:47,7165.08,6290.0,-0.0,38.0
15:47:47,7165.08,6300.0,-0.0,96.0
15:47:47,7165.08,6310.0,-0.0,161.0
15:47:47,7165.08,6320.0,-0.0,10.0
15:47:47,7165.08,6325.0,-0.0,30.0
15:47:47,7165.08,6330.0,-0.0,196.0
15:47:47,7165.08,6340.0,0.0095,10.0
15:47:47,7165.08,6350.0,-0.0,95.0
15:47:47,7165.08,6360.0,-0.0,58.0
15:47:47,7165.08,6370.0,-0.0,50.0
15:47:47,7165.08,6375.0,-0.0,5.0
15:47:47,7165.08,6380.0,-0.0,44.0
15:47:47,7165.08,6390.0,0.0,11.0
15:47:47,7165.08,6400.0,-0.0,152.0
15:47:47,7165.08,6410.0,-0.0,5.0
15:47:47,7165.08,6420.0,-0.0,14.0
15:47:47,7165.08,6425.0,0.0,52.0
15:47:47,7165.08,6430.0,-0.0573,7.0
15:47:47,7165.08,6440.0,-0.0383,44.0
15:47:47,7165.08,6450.0,-0.0,1068.0
15:47:47,7165.08,6460.0,-0.0,80.0
15:47:47,7165.08,6470.0,-0.0,8.0
15:47:47,7165.08,6475.0,-0.0,3.0
15:47:47,7165.08,6480.0,-0.0,35.0
15:47:47,7165.08,6485.0,0.0043,8.0
15:47:47,7165.08,6490.0,-0.0,5.0
15:47:47,7165.08,6495.0,-0.0092,0.0
15:47:47,7165.08,6500.0,-0.0,70.0
15:47:47,7165.08,6505.0,-0.1222,100.0
15:47:47,7165.08,6510.0,-0.0,118.0
15:47:47,7165.08,6515.0,0.0164,117.0
15:47:47,7165.08,6520.0,-0.0,29.0
15:47:47,7165.08,6525.0,-0.0,4.0
15:47:47,7165.08,6530.0,-0.0,1.0
15:47:47,7165.08,6535.0,-0.0805,64.0
15:47:47,7165.08,6540.0,-0.0,22.0
15:47:47,7165.08,6545.0,-0.0131,58.0
15:47:47,7165.08,6550.0,-0.2663,0.0
15:47:47,7165.08,6555.0,0.0576,27.0
15:47:47,7165.08,6560.0,-0.0,15.0
15:47:47,7165.08,6565.0,-0.0552,3.0
15:47:47,7165.08,6570.0,0.0,1.0
15:47:47,7165.08,6580.0,0.0649,13.0
15:47:47,7165.08,6585.0,-0.0766,48.0
15:47:47,7165.08,6590.0,0.0474,57.0
15:47:47,7165.08,6595.0,-0.0,79.0
15:47:47,7165.08,6600.0,-0.0,4.0
15:47:47,7165.08,6605.0,-0.0,30.0
15:47:47,7165.08,6610.0,0.1515,106.0
15:47:47,7165.08,6615.0,-0.0,95.0
15:47:47,7165.08,6620.0,0.1026,80.0
15:47:47,7165.08,6625.0,0.0,16.0
15:47:47,7165.08,6630.0,-0.0,40.0
15:47:47,7165.08,6635.0,-0.1048,137.0
15:47:47,7165.08,6640.0,0.145,87.0
15:47:47,7165.08,6645.0,-0.1235,27.0
15:47:47,7165.08,6650.0,-0.0,3.0
15:47:47,7165.08,6655.0,-0.1014,70.0
15:47:47,7165.08,6660.0,-0.1662,88.0
15:47:47,7165.08,6665.0,-0.0,6.0
15:47:47,7165.08,6670.0,-0.0568,3.0
15:47:47,7165.08,6675.0,0.0,248.0
15:47:47,7165.08,6680.0,-0.3832,62.0
15:47:47,7165.08,6685.0,-0.0,287.0
15:47:47,7165.08,6690.0,-1.1985,139.0
15:47:47,7165.08,6695.0,-0.0,31.0
15:47:47,7165.08,6700.0,-0.0014,1429.0
15:47:47,7165.08,6705.0,-0.0001,49.0
15:47:47,7165.08,6710.0,-0.5515,565.0
15:47:47,7165.08,6715.0,-0.0002,161.0
15:47:47,7165.08,6720.0,-0.0004,44.0
15:47:47,7165.08,6725.0,-0.0006,1300.0
15:47:47,7165.08,6730.0,-0.0008,63.0
15:47:47,7165.08,6735.0,0.0255,56.0
15:47:47,7165.08,6740.0,-0.0022,181.0
15:47:47,7165.08,6745.0,-0.0006,86.0
15:47:47,7165.08,6750.0,-0.0094,3696.0
15:47:47,7165.08,6755.0,-0.0019,153.0
15:47:47,7165.08,6760.0,-1.966,1867.0
15:47:47,7165.08,6765.0,-0.0031,293.0
15:47:47,7165.08,6770.0,-1.806,136.0
15:47:47,7165.08,6775.0,-0.0042,3448.0
15:47:47,7165.08,6780.0,-0.0111,276.0
15:47:47,7165.08,6785.0,0.0242,130.0
15:47:47,7165.08,6790.0,-0.0215,194.0
15:47:47,7165.08,6795.0,-0.0608,159.0
15:47:47,7165.08,6800.0,-11.7331,2592.0
15:47:47,7165.08,6805.0,-4.2882,347.0
15:47:47,7165.08,6810.0,-3.7409,704.0
15:47:47,7165.08,6815.0,-0.0214,296.0
15:47:47,7165.08,6820.0,-1.649,158.0
15:47:47,7165.08,6825.0,2.1811,1565.0
15:47:47,7165.08,6830.0,-0.0506,188.0
15:47:47,7165.08,6835.0,-0.9594,221.0
15:47:47,7165.08,6840.0,-0.16,1189.0
15:47:47,7165.08,6845.0,-0.2437,4310.0
15:47:47,7165.08,6850.0,-7.8118,4335.0
15:47:47,7165.08,6855.0,-0.413,665.0
15:47:47,7165.08,6860.0,-4.3119,0.0
15:47:47,7165.08,6865.0,-0.6827,0.0
15:47:47,7165.08,6870.0,-0.2721,0.0
15:47:47,7165.08,6875.0,-0.6819,0.0
15:47:47,7165.08,6880.0,-1.0618,0.0
15:47:47,7165.08,6885.0,-13.817,3.0
15:47:47,7165.08,6890.0,-0.825,0.0
15:47:47,7165.08,6895.0,-58.1265,13.0
15:47:47,7165.08,6900.0,-36.6982,0.0
15:47:47,7165.08,6905.0,-2.7141,0.0
15:47:47,7165.08,6910.0,-1.4923,0.0
15:47:47,7165.08,6915.0,-1.2064,82.0
15:47:47,7165.08,6920.0,-0.7761,91.0
15:47:47,7165.08,6925.0,0.7624,791.0
15:47:47,7165.08,6930.0,-5.7977,0.0
15:47:47,7165.08,6935.0,-5.0962,0.0
15:47:47,7165.08,6940.0,1.0832,0.0
15:47:47,7165.08,6945.0,-39.7964,0.0
15:47:47,7165.08,6950.0,-55.891,117.0
15:47:47,7165.08,6955.0,-32.2255,0.0
15:47:47,7165.08,6960.0,-13.141,0.0
15:47:47,7165.08,6965.0,-6.3978,0.0
15:47:47,7165.08,6970.0,-4.1436,0.0
15:47:47,7165.08,6975.0,-15.0898,2648.0
15:47:47,7165.08,6980.0,-14.1651,0.0
15:47:47,7165.08,6985.0,-12.9409,32.0
15:47:47,7165.08,6990.0,-17.337,0.0
15:47:47,7165.08,6995.0,-16.8528,0.0
15:47:47,7165.08,7000.0,-11.9001,0.0
15:47:47,7165.08,7005.0,-126.486,0.0
15:47:47,7165.08,7010.0,-3.803,0.0
15:47:47,7165.08,7015.0,-10.6915,0.0
15:47:47,7165.08,7020.0,-4.5042,0.0
15:47:47,7165.08,7025.0,-23.4067,0.0
15:47:47,7165.08,7030.0,43.0428,0.0
15:47:47,7165.08,7035.0,-20.2507,0.0
15:47:47,7165.08,7040.0,-19.4179,0.0
15:47:47,7165.08,7045.0,308.3998,0.0
15:47:47,7165.08,7050.0,-123.7781,0.0
15:47:47,7165.08,7055.0,-195.4224,0.0
15:47:47,7165.08,7060.0,-22.1311,0.0
15:47:47,7165.08,7065.0,-15.1002,0.0
15:47:47,7165.08,7070.0,3.1324,0.0
15:47:47,7165.08,7075.0,-68.9882,0.0
15:47:47,7165.08,7080.0,-46.3397,0.0
15:47:47,7165.08,7085.0,-23.0963,0.0
15:47:47,7165.08,7090.0,-49.5119,0.0
15:47:47,7165.08,7095.0,-15.3363,0.0
15:47:47,7165.08,7100.0,127.8095,10605.0
15:47:47,7165.08,7105.0,18.294,0.0
15:47:47,7165.08,7110.0,-24.7531,0.0
15:47:47,7165.08,7115.0,22.6923,0.0
15:47:47,7165.08,7120.0,74.7954,0.0
15:47:47,7165.08,7125.0,1.3871,0.0
15:47:47,7165.08,7130.0,1432.7542,0.0
15:47:47,7165.08,7135.0,33.2303,0.0
15:47:47,7165.08,7140.0,281.7618,1894.0
15:47:47,7165.08,7145.0,40.4458,0.0
15:47:47,7165.08,7150.0,95.4028,0.0
15:47:47,7165.08,7155.0,654.3267,0.0
15:47:47,7165.08,7160.0,1144.1108,0.0
15:47:47,7165.08,7165.0,49.9362,0.0
15:47:47,7165.08,7170.0,200.338,0.0
15:47:47,7165.08,7175.0,324.0935,0.0
15:47:47,7165.08,7180.0,122.0941,0.0
15:47:47,7165.08,7185.0,76.5426,0.0
15:47:47,7165.08,7190.0,143.775,0.0
15:47:47,7165.08,7195.0,111.0354,0.0
15:47:47,7165.08,7200.0,681.2964,10217.0
15:47:47,7165.08,7205.0,78.608,0.0
15:47:47,7165.08,7210.0,213.0405,0.0
15:47:47,7165.08,7215.0,117.7262,0.0
15:47:47,7165.08,7220.0,216.5669,0.0
15:47:47,7165.08,7225.0,166.4071,0.0
15:47:47,7165.08,7230.0,178.4028,0.0
15:47:47,7165.08,7235.0,68.8201,0.0
15:47:47,7165.08,7240.0,182.2312,0.0
15:47:47,7165.08,7245.0,89.3606,0.0
15:47:47,7165.08,7250.0,1201.5839,0.0
15:47:47,7165.08,7255.0,447.6,0.0
15:47:47,7165.08,7260.0,120.2444,0.0
15:47:47,7165.08,7265.0,101.798,0.0
15:47:47,7165.08,7270.0,162.8743,0.0
15:47:47,7165.08,7275.0,281.902,0.0
15:47:47,7165.08,7280.0,198.4675,0.0
15:47:47,7165.08,7285.0,46.405,0.0
15:47:47,7165.08,7290.0,104.0849,0.0
15:47:47,7165.08,7295.0,43.9082,0.0
15:47:47,7165.08,7300.0,95.4905,0.0
15:47:47,7165.08,7305.0,6.3165,0.0
15:47:47,7165.08,7310.0,56.9585,0.0
15:47:47,7165.08,7315.0,29.3403,0.0
15:47:47,7165.08,7320.0,72.7014,0.0
15:47:47,7165.08,7325.0,21.8798,0.0
15:47:47,7165.08,7330.0,57.2859,0.0
15:47:47,7165.08,7335.0,0.3669,0.0
15:47:47,7165.08,7340.0,6.7209,0.0
15:47:47,7165.08,7345.0,0.2152,0.0
15:47:47,7165.08,7350.0,29.7588,0.0
15:47:47,7165.08,7360.0,2.9159,247.0
15:47:47,7165.08,7370.0,7.6608,771.0
15:47:47,7165.08,7375.0,25.4988,10617.0
15:47:47,7165.08,7380.0,12.2625,5152.0
15:47:47,7165.08,7390.0,33.0928,2139.0
15:47:47,7165.08,7400.0,15.4658,4230.0
15:47:47,7165.08,7410.0,0.0095,65.0
15:47:47,7165.08,7425.0,4.2126,194.0
15:47:47,7165.08,7450.0,1.5767,474.0
15:47:47,7165.08,7475.0,0.0336,140.0
15:47:47,7165.08,7500.0,0.1662,296.0
15:47:47,7165.08,7550.0,0.0005,0.0
15:47:47,7165.08,7600.0,0.0006,2.0
15:47:47,7165.08,7700.0,0.0001,0.0
15:47:47,7165.08,7800.0,0.0,1.0
15:47:47,7165.08,8000.0,0.0,2.0
15:47:47,7165.08,8800.0,0.0,2.0
15:47:47,7165.08,9200.0,0.0,1.0
16:05:44,7165.08,4600.0,-0.0,4.0
16:05:44,7165.08,5300.0,-0.0,1.0
16:05:44,7165.08,5400.0,-0.0,3.0
16:05:44,7165.08,5500.0,-0.0,1.0
16:05:44,7165.08,5575.0,-0.0,1.0
16:05:44,7165.08,5625.0,-0.0,1.0
16:05:44,7165.08,5650.0,-0.0,1.0
16:05:44,7165.08,5800.0,-0.0,4.0
16:05:44,7165.08,5900.0,-0.0,3.0
16:05:44,7165.08,6000.0,-0.0,24.0
16:05:44,7165.08,6100.0,-0.0,876.0
16:05:44,7165.08,6110.0,-0.0,105.0
16:05:44,7165.08,6120.0,-0.0,81.0
16:05:44,7165.08,6125.0,-0.0,13.0
16:05:44,7165.08,6130.0,-0.0,3.0
16:05:44,7165.08,6140.0,-0.0,100.0
16:05:44,7165.08,6150.0,-0.0,297.0
16:05:44,7165.08,6160.0,-0.0,85.0
16:05:44,7165.08,6170.0,-0.0,87.0
16:05:44,7165.08,6175.0,-0.0,163.0
16:05:44,7165.08,6180.0,-0.0,10.0
16:05:44,7165.08,6190.0,-0.0026,97.0
16:05:44,7165.08,6200.0,-0.0,1177.0
16:05:44,7165.08,6210.0,-0.0984,0.0
16:05:44,7165.08,6220.0,-0.0021,40.0
16:05:44,7165.08,6225.0,-0.0,150.0
16:05:44,7165.08,6230.0,-0.0072,302.0
16:05:44,7165.08,6240.0,-0.0023,60.0
16:05:44,7165.08,6250.0,-0.0,226.0
16:05:44,7165.08,6260.0,-0.0,200.0
16:05:44,7165.08,6270.0,-0.014,101.0
16:05:44,7165.08,6275.0,-0.0,30.0
16:05:44,7165.08,6280.0,0.0002,20.0
16:05:44,7165.08,6290.0,-0.0,38.0
16:05:44,7165.08,6300.0,-0.0,96.0
16:05:44,7165.08,6310.0,-0.0,161.0
16:05:44,7165.08,6320.0,-0.0,10.0
16:05:44,7165.08,6325.0,-0.0,30.0
16:05:44,7165.08,6330.0,-0.0,196.0
16:05:44,7165.08,6340.0,0.0095,10.0
16:05:44,7165.08,6350.0,-0.0,95.0
16:05:44,7165.08,6360.0,-0.0,58.0
16:05:44,7165.08,6370.0,-0.0,50.0
16:05:44,7165.08,6375.0,-0.0,5.0
16:05:44,7165.08,6380.0,-0.0,44.0
16:05:44,7165.08,6390.0,0.0,11.0
16:05:44,7165.08,6400.0,-0.0,152.0
16:05:44,7165.08,6410.0,-0.0,5.0
16:05:44,7165.08,6420.0,-0.0,14.0
16:05:44,7165.08,6425.0,0.0,52.0
16:05:44,7165.08,6430.0,-0.0573,7.0
16:05:44,7165.08,6440.0,-0.0383,44.0
16:05:44,7165.08,6450.0,-0.0,1068.0
16:05:44,7165.08,6460.0,-0.0,80.0
16:05:44,7165.08,6470.0,-0.0,8.0
16:05:44,7165.08,6475.0,-0.0,3.0
16:05:44,7165.08,6480.0,-0.0,35.0
16:05:44,7165.08,6485.0,0.0043,8.0
16:05:44,7165.08,6490.0,-0.0,5.0
16:05:44,7165.08,6495.0,-0.0092,0.0
16:05:44,7165.08,6500.0,-0.0,70.0
16:05:44,7165.08,6505.0,-0.1222,100.0
16:05:44,7165.08,6510.0,-0.0,118.0
16:05:44,7165.08,6515.0,0.0164,117.0
16:05:44,7165.08,6520.0,-0.0,29.0
16:05:44,7165.08,6525.0,-0.0,4.0
16:05:44,7165.08,6530.0,-0.0,1.0
16:05:44,7165.08,6535.0,-0.0805,64.0
16:05:44,7165.08,6540.0,-0.0,22.0
16:05:44,7165.08,6545.0,-0.0131,58.0
16:05:44,7165.08,6550.0,-0.2663,0.0
16:05:44,7165.08,6555.0,0.0576,27.0
16:05:44,7165.08,6560.0,-0.0,15.0
16:05:44,7165.08,6565.0,-0.0552,3.0
16:05:44,7165.08,6570.0,0.0,1.0
16:05:44,7165.08,6580.0,0.0649,13.0
16:05:44,7165.08,6585.0,-0.0766,48.0
16:05:44,7165.08,6590.0,0.0474,57.0
16:05:44,7165.08,6595.0,-0.0,79.0
16:05:44,7165.08,6600.0,-0.0,4.0
16:05:44,7165.08,6605.0,-0.0,30.0
16:05:44,7165.08,6610.0,0.1515,106.0
16:05:44,7165.08,6615.0,-0.0,95.0
16:05:44,7165.08,6620.0,0.1026,80.0
16:05:44,7165.08,6625.0,0.0,16.0
16:05:44,7165.08,6630.0,-0.0,40.0
16:05:44,7165.08,6635.0,-0.1048,137.0
16:05:44,7165.08,6640.0,0.145,87.0
16:05:44,7165.08,6645.0,-0.1235,27.0
16:05:44,7165.08,6650.0,-0.0,3.0
16:05:44,7165.08,6655.0,-0.1014,70.0
16:05:44,7165.08,6660.0,-0.1662,88.0
16:05:44,7165.08,6665.0,-0.0,6.0
16:05:44,7165.08,6670.0,-0.0568,3.0
16:05:44,7165.08,6675.0,0.0,248.0
16:05:44,7165.08,6680.0,-0.3832,62.0
16:05:44,7165.08,6685.0,-0.0,287.0
16:05:44,7165.08,6690.0,-1.1985,139.0
16:05:44,7165.08,6695.0,-0.0,31.0
16:05:44,7165.08,6700.0,-0.0014,1429.0
16:05:44,7165.08,6705.0,-0.0001,49.0
16:05:44,7165.08,6710.0,-0.5515,565.0
16:05:44,7165.08,6715.0,-0.0002,161.0
16:05:44,7165.08,6720.0,-0.0004,44.0
16:05:44,7165.08,6725.0,-0.0006,1300.0
16:05:44,7165.08,6730.0,-0.0008,63.0
16:05:44,7165.08,6735.0,0.0255,56.0
16:05:44,7165.08,6740.0,-0.0022,181.0
16:05:44,7165.08,6745.0,-0.0006,86.0
16:05:44,7165.08,6750.0,-0.0094,3696.0
16:05:44,7165.08,6755.0,-0.0019,153.0
16:05:44,7165.08,6760.0,-1.966,1867.0
16:05:44,7165.08,6765.0,-0.0031,293.0
16:05:44,7165.08,6770.0,-1.806,136.0
16:05:44,7165.08,6775.0,-0.0042,3448.0
16:05:44,7165.08,6780.0,-0.0111,276.0
16:05:44,7165.08,6785.0,0.0242,130.0
16:05:44,7165.08,6790.0,-0.0215,194.0
16:05:44,7165.08,6795.0,-0.0608,159.0
16:05:44,7165.08,6800.0,-11.7331,2592.0
16:05:44,7165.08,6805.0,-4.2882,347.0
16:05:44,7165.08,6810.0,-3.7409,704.0
16:05:44,7165.08,6815.0,-0.0214,296.0
16:05:44,7165.08,6820.0,-1.649,158.0
16:05:44,7165.08,6825.0,2.1811,1565.0
16:05:44,7165.08,6830.0,-0.0506,188.0
16:05:44,7165.08,6835.0,-0.9594,221.0
16:05:44,7165.08,6840.0,-0.16,1189.0
16:05:44,7165.08,6845.0,-0.2437,4310.0
16:05:44,7165.08,6850.0,-7.8118,4335.0
16:05:44,7165.08,6855.0,-0.413,665.0
16:05:44,7165.08,6860.0,-4.3119,0.0
16:05:44,7165.08,6865.0,-0.6827,0.0
16:05:44,7165.08,6870.0,-0.2721,0.0
16:05:44,7165.08,6875.0,-0.6819,0.0
16:05:44,7165.08,6880.0,-1.0618,0.0
16:05:44,7165.08,6885.0,-13.817,3.0
16:05:44,7165.08,6890.0,-0.825,0.0
16:05:44,7165.08,6895.0,-58.1265,13.0
16:05:44,7165.08,6900.0,-36.6982,0.0
16:05:44,7165.08,6905.0,-2.7141,0.0
16:05:44,7165.08,6910.0,-1.4923,0.0
16:05:44,7165.08,6915.0,-1.2064,82.0
16:05:44,7165.08,6920.0,-0.7761,91.0
16:05:44,7165.08,6925.0,0.7624,791.0
16:05:44,7165.08,6930.0,-5.7977,0.0
16:05:44,7165.08,6935.0,-5.0962,0.0
16:05:44,7165.08,6940.0,1.0832,0.0
16:05:44,7165.08,6945.0,-39.7964,0.0
16:05:44,7165.08,6950.0,-55.891,117.0
16:05:44,7165.08,6955.0,-32.2255,0.0
16:05:44,7165.08,6960.0,-13.141,0.0
16:05:44,7165.08,6965.0,-6.3978,0.0
16:05:44,7165.08,6970.0,-4.1436,0.0
16:05:44,7165.08,6975.0,-15.0898,2648.0
16:05:44,7165.08,6980.0,-14.1651,0.0
16:05:44,7165.08,6985.0,-12.9409,32.0
16:05:44,7165.08,6990.0,-17.337,0.0
16:05:44,7165.08,6995.0,-16.8528,0.0
16:05:44,7165.08,7000.0,-11.9001,0.0
16:05:44,7165.08,7005.0,-126.486,0.0
16:05:44,7165.08,7010.0,-3.803,0.0
16:05:44,7165.08,7015.0,-10.6915,0.0
16:05:44,7165.08,7020.0,-4.5042,0.0
16:05:44,7165.08,7025.0,-23.4067,0.0
16:05:44,7165.08,7030.0,43.0428,0.0
16:05:44,7165.08,7035.0,-20.2507,0.0
16:05:44,7165.08,7040.0,-19.4179,0.0
16:05:44,7165.08,7045.0,308.3998,0.0
16:05:44,7165.08,7050.0,-123.7781,0.0
16:05:44,7165.08,7055.0,-195.4224,0.0
16:05:44,7165.08,7060.0,-22.1311,0.0
16:05:44,7165.08,7065.0,-15.1002,0.0
16:05:44,7165.08,7070.0,3.1324,0.0
16:05:44,7165.08,7075.0,-68.9882,0.0
16:05:44,7165.08,7080.0,-46.3397,0.0
16:05:44,7165.08,7085.0,-23.0963,0.0
16:05:44,7165.08,7090.0,-49.5119,0.0
16:05:44,7165.08,7095.0,-15.3363,0.0
16:05:44,7165.08,7100.0,127.8095,10605.0
16:05:44,7165.08,7105.0,18.294,0.0
16:05:44,7165.08,7110.0,-24.7531,0.0
16:05:44,7165.08,7115.0,22.6923,0.0
16:05:44,7165.08,7120.0,74.7954,0.0
16:05:44,7165.08,7125.0,1.3871,0.0
16:05:44,7165.08,7130.0,1432.7542,0.0
16:05:44,7165.08,7135.0,33.2303,0.0
16:05:44,7165.08,7140.0,281.7618,1894.0
16:05:44,7165.08,7145.0,40.4458,0.0
16:05:44,7165.08,7150.0,95.4028,0.0
16:05:44,7165.08,7155.0,654.3267,0.0
16:05:44,7165.08,7160.0,1144.1108,0.0
16:05:44,7165.08,7165.0,49.9362,0.0
16:05:44,7165.08,7170.0,200.338,0.0
16:05:44,7165.08,7175.0,324.0935,0.0
16:05:44,7165.08,7180.0,122.0941,0.0
16:05:44,7165.08,7185.0,76.5426,0.0
16:05:44,7165.08,7190.0,143.775,0.0
16:05:44,7165.08,7195.0,111.0354,0.0
16:05:44,7165.08,7200.0,681.2964,10217.0
16:05:44,7165.08,7205.0,78.608,0.0
16:05:44,7165.08,7210.0,213.0405,0.0
16:05:44,7165.08,7215.0,117.7262,0.0
16:05:44,7165.08,7220.0,216.5669,0.0
16:05:44,7165.08,7225.0,166.4071,0.0
16:05:44,7165.08,7230.0,178.4028,0.0
16:05:44,7165.08,7235.0,68.8201,0.0
16:05:44,7165.08,7240.0,182.2312,0.0
16:05:44,7165.08,7245.0,89.3606,0.0
16:05:44,7165.08,7250.0,1201.5839,0.0
16:05:44,7165.08,7255.0,447.6,0.0
16:05:44,7165.08,7260.0,120.2444,0.0
16:05:44,7165.08,7265.0,101.798,0.0
16:05:44,7165.08,7270.0,162.8743,0.0
16:05:44,7165.08,7275.0,281.902,0.0
16:05:44,7165.08,7280.0,198.4675,0.0
16:05:44,7165.08,7285.0,46.405,0.0
16:05:44,7165.08,7290.0,104.0849,0.0
16:05:44,7165.08,7295.0,43.9082,0.0
16:05:44,7165.08,7300.0,95.4905,0.0
16:05:44,7165.08,7305.0,6.3165,0.0
16:05:44,7165.08,7310.0,56.9585,0.0
16:05:44,7165.08,7315.0,29.3403,0.0
16:05:44,7165.08,7320.0,72.7014,0.0
16:05:44,7165.08,7325.0,21.8798,0.0
16:05:44,7165.08,7330.0,57.2859,0.0
16:05:44,7165.08,7335.0,0.3669,0.0
16:05:44,7165.08,7340.0,6.7209,0.0
16:05:44,7165.08,7345.0,0.2152,0.0
16:05:44,7165.08,7350.0,29.7588,0.0
16:05:44,7165.08,7360.0,2.9159,247.0
16:05:44,7165.08,7370.0,7.6608,771.0
16:05:44,7165.08,7375.0,25.4988,10617.0
16:05:44,7165.08,7380.0,12.2625,5152.0
16:05:44,7165.08,7390.0,33.0928,2139.0
16:05:44,7165.08,7400.0,15.4658,4230.0
16:05:44,7165.08,7410.0,0.0095,65.0
16:05:44,7165.08,7425.0,4.2126,194.0
16:05:44,7165.08,7450.0,1.5767,474.0
16:05:44,7165.08,7475.0,0.0336,140.0
16:05:44,7165.08,7500.0,0.1662,296.0
16:05:44,7165.08,7550.0,0.0005,0.0
16:05:44,7165.08,7600.0,0.0006,2.0
16:05:44,7165.08,7700.0,0.0001,0.0
16:05:44,7165.08,7800.0,0.0,1.0
16:05:44,7165.08,8000.0,0.0,2.0
16:05:44,7165.08,8800.0,0.0,2.0
16:05:44,7165.08,9200.0,0.0,1.0
16:22:56,7165.08,4600.0,-0.0,4.0
16:22:56,7165.08,5300.0,-0.0,1.0
16:22:56,7165.08,5400.0,-0.0,3.0
16:22:56,7165.08,5500.0,-0.0,1.0
16:22:56,7165.08,5575.0,-0.0,1.0
16:22:56,7165.08,5625.0,-0.0,1.0
16:22:56,7165.08,5650.0,-0.0,1.0
16:22:56,7165.08,5800.0,-0.0,4.0
16:22:56,7165.08,5900.0,-0.0,3.0
16:22:56,7165.08,6000.0,-0.0,24.0
16:22:56,7165.08,6100.0,-0.0,876.0
16:22:56,7165.08,6110.0,-0.0,105.0
16:22:56,7165.08,6120.0,-0.0,81.0
16:22:56,7165.08,6125.0,-0.0,13.0
16:22:56,7165.08,6130.0,-0.0,3.0
16:22:56,7165.08,6140.0,-0.0,100.0
16:22:56,7165.08,6150.0,-0.0,297.0
16:22:56,7165.08,6160.0,-0.0,85.0
16:22:56,7165.08,6170.0,-0.0,87.0
16:22:56,7165.08,6175.0,-0.0,163.0
16:22:56,7165.08,6180.0,-0.0,10.0
16:22:56,7165.08,6190.0,-0.0026,97.0
16:22:56,7165.08,6200.0,-0.0,1177.0
16:22:56,7165.08,6210.0,-0.0984,0.0
16:22:56,7165.08,6220.0,-0.0021,40.0
16:22:56,7165.08,6225.0,-0.0,150.0
16:22:56,7165.08,6230.0,-0.0072,302.0
16:22:56,7165.08,6240.0,-0.0023,60.0
16:22:56,7165.08,6250.0,-0.0,226.0
16:22:56,7165.08,6260.0,-0.0,200.0
16:22:56,7165.08,6270.0,-0.014,101.0
16:22:56,7165.08,6275.0,-0.0,30.0
16:22:56,7165.08,6280.0,0.0002,20.0
16:22:56,7165.08,6290.0,-0.0,38.0
16:22:56,7165.08,6300.0,-0.0,96.0
16:22:56,7165.08,6310.0,-0.0,161.0
16:22:56,7165.08,6320.0,-0.0,10.0
16:22:56,7165.08,6325.0,-0.0,30.0
16:22:56,7165.08,6330.0,-0.0,196.0
16:22:56,7165.08,6340.0,0.0095,10.0
16:22:56,7165.08,6350.0,-0.0,95.0
16:22:56,7165.08,6360.0,-0.0,58.0
16:22:56,7165.08,6370.0,-0.0,50.0
16:22:56,7165.08,6375.0,-0.0,5.0
16:22:56,7165.08,6380.0,-0.0,44.0
16:22:56,7165.08,6390.0,0.0,11.0
16:22:56,7165.08,6400.0,-0.0,152.0
16:22:56,7165.08,6410.0,-0.0,5.0
16:22:56,7165.08,6420.0,-0.0,14.0
16:22:56,7165.08,6425.0,0.0,52.0
16:22:56,7165.08,6430.0,-0.0573,7.0
16:22:56,7165.08,6440.0,-0.0383,44.0
16:22:56,7165.08,6450.0,-0.0,1068.0
16:22:56,7165.08,6460.0,-0.0,80.0
16:22:56,7165.08,6470.0,-0.0,8.0
16:22:56,7165.08,6475.0,-0.0,3.0
16:22:56,7165.08,6480.0,-0.0,35.0
16:22:56,7165.08,6485.0,0.0043,8.0
16:22:56,7165.08,6490.0,-0.0,5.0
16:22:56,7165.08,6495.0,-0.0092,0.0
16:22:56,7165.08,6500.0,-0.0,70.0
16:22:56,7165.08,6505.0,-0.1222,100.0
16:22:56,7165.08,6510.0,-0.0,118.0
16:22:56,7165.08,6515.0,0.0164,117.0
16:22:56,7165.08,6520.0,-0.0,29.0
16:22:56,7165.08,6525.0,-0.0,4.0
16:22:56,7165.08,6530.0,-0.0,1.0
16:22:56,7165.08,6535.0,-0.0805,64.0
16:22:56,7165.08,6540.0,-0.0,22.0
16:22:56,7165.08,6545.0,-0.0131,58.0
16:22:56,7165.08,6550.0,-0.2663,0.0
16:22:56,7165.08,6555.0,0.0576,27.0
16:22:56,7165.08,6560.0,-0.0,15.0
16:22:56,7165.08,6565.0,-0.0552,3.0
16:22:56,7165.08,6570.0,0.0,1.0
16:22:56,7165.08,6580.0,0.0649,13.0
16:22:56,7165.08,6585.0,-0.0766,48.0
16:22:56,7165.08,6590.0,0.0474,57.0
16:22:56,7165.08,6595.0,-0.0,79.0
16:22:56,7165.08,6600.0,-0.0,4.0
16:22:56,7165.08,6605.0,-0.0,30.0
16:22:56,7165.08,6610.0,0.1515,106.0
16:22:56,7165.08,6615.0,-0.0,95.0
16:22:56,7165.08,6620.0,0.1026,80.0
16:22:56,7165.08,6625.0,0.0,16.0
16:22:56,7165.08,6630.0,-0.0,40.0
16:22:56,7165.08,6635.0,-0.1048,137.0
16:22:56,7165.08,6640.0,0.145,87.0
16:22:56,7165.08,6645.0,-0.1235,27.0
16:22:56,7165.08,6650.0,-0.0,3.0
16:22:56,7165.08,6655.0,-0.1014,70.0
16:22:56,7165.08,6660.0,-0.1662,88.0
16:22:56,7165.08,6665.0,-0.0,6.0
16:22:56,7165.08,6670.0,-0.0568,3.0
16:22:56,7165.08,6675.0,0.0,248.0
16:22:56,7165.08,6680.0,-0.3832,62.0
16:22:56,7165.08,6685.0,-0.0,287.0
16:22:56,7165.08,6690.0,-1.1985,139.0
16:22:56,7165.08,6695.0,-0.0,31.0
16:22:56,7165.08,6700.0,-0.0014,1429.0
16:22:56,7165.08,6705.0,-0.0001,49.0
16:22:56,7165.08,6710.0,-0.5515,565.0
16:22:56,7165.08,6715.0,-0.0002,161.0
16:22:56,7165.08,6720.0,-0.0004,44.0
16:22:56,7165.08,6725.0,-0.0006,1300.0
16:22:56,7165.08,6730.0,-0.0008,63.0
16:22:56,7165.08,6735.0,0.0255,56.0
16:22:56,7165.08,6740.0,-0.0022,181.0
16:22:56,7165.08,6745.0,-0.0006,86.0
16:22:56,7165.08,6750.0,-0.0094,3696.0
16:22:56,7165.08,6755.0,-0.0019,153.0
16:22:56,7165.08,6760.0,-1.966,1867.0
16:22:56,7165.08,6765.0,-0.0031,293.0
16:22:56,7165.08,6770.0,-1.806,136.0
16:22:56,7165.08,6775.0,-0.0042,3448.0
16:22:56,7165.08,6780.0,-0.0111,276.0
16:22:56,7165.08,6785.0,0.0242,130.0
16:22:56,7165.08,6790.0,-0.0215,194.0
16:22:56,7165.08,6795.0,-0.0608,159.0
16:22:56,7165.08,6800.0,-11.7331,2592.0
16:22:56,7165.08,6805.0,-4.2882,347.0
16:22:56,7165.08,6810.0,-3.7409,704.0
16:22:56,7165.08,6815.0,-0.0214,296.0
16:22:56,7165.08,6820.0,-1.649,158.0
16:22:56,7165.08,6825.0,2.1811,1565.0
16:22:56,7165.08,6830.0,-0.0506,188.0
16:22:56,7165.08,6835.0,-0.9594,221.0
16:22:56,7165.08,6840.0,-0.16,1189.0
16:22:56,7165.08,6845.0,-0.2437,4310.0
16:22:56,7165.08,6850.0,-7.8118,4335.0
16:22:56,7165.08,6855.0,-0.413,665.0
16:22:56,7165.08,6860.0,-4.3119,0.0
16:22:56,7165.08,6865.0,-0.6827,0.0
16:22:56,7165.08,6870.0,-0.2721,0.0
16:22:56,7165.08,6875.0,-0.6819,0.0
16:22:56,7165.08,6880.0,-1.0618,0.0
16:22:56,7165.08,6885.0,-13.817,3.0
16:22:56,7165.08,6890.0,-0.825,0.0
16:22:56,7165.08,6895.0,-58.1265,13.0
16:22:56,7165.08,6900.0,-36.6982,0.0
16:22:56,7165.08,6905.0,-2.7141,0.0
16:22:56,7165.08,6910.0,-1.4923,0.0
16:22:56,7165.08,6915.0,-1.2064,82.0
16:22:56,7165.08,6920.0,-0.7761,91.0
16:22:56,7165.08,6925.0,0.7624,791.0
16:22:56,7165.08,6930.0,-5.7977,0.0
16:22:56,7165.08,6935.0,-5.0962,0.0
16:22:56,7165.08,6940.0,1.0832,0.0
16:22:56,7165.08,6945.0,-39.7964,0.0
16:22:56,7165.08,6950.0,-55.891,117.0
16:22:56,7165.08,6955.0,-32.2255,0.0
16:22:56,7165.08,6960.0,-13.141,0.0
16:22:56,7165.08,6965.0,-6.3978,0.0
16:22:56,7165.08,6970.0,-4.1436,0.0
16:22:56,7165.08,6975.0,-15.0898,2648.0
16:22:56,7165.08,6980.0,-14.1651,0.0
16:22:56,7165.08,6985.0,-12.9409,32.0
16:22:56,7165.08,6990.0,-17.337,0.0
16:22:56,7165.08,6995.0,-16.8528,0.0
16:22:56,7165.08,7000.0,-11.9001,0.0
16:22:56,7165.08,7005.0,-126.486,0.0
16:22:56,7165.08,7010.0,-3.803,0.0
16:22:56,7165.08,7015.0,-10.6915,0.0
16:22:56,7165.08,7020.0,-4.5042,0.0
16:22:56,7165.08,7025.0,-23.4067,0.0
16:22:56,7165.08,7030.0,43.0428,0.0
16:22:56,7165.08,7035.0,-20.2507,0.0
16:22:56,7165.08,7040.0,-19.4179,0.0
16:22:56,7165.08,7045.0,308.3998,0.0
16:22:56,7165.08,7050.0,-123.7781,0.0
16:22:56,7165.08,7055.0,-195.4224,0.0
16:22:56,7165.08,7060.0,-22.1311,0.0
16:22:56,7165.08,7065.0,-15.1002,0.0
16:22:56,7165.08,7070.0,3.1324,0.0
16:22:56,7165.08,7075.0,-68.9882,0.0
16:22:56,7165.08,7080.0,-46.3397,0.0
16:22:56,7165.08,7085.0,-23.0963,0.0
16:22:56,7165.08,7090.0,-49.5119,0.0
16:22:56,7165.08,7095.0,-15.3363,0.0
16:22:56,7165.08,7100.0,127.8095,10605.0
16:22:56,7165.08,7105.0,18.294,0.0
16:22:56,7165.08,7110.0,-24.7531,0.0
16:22:56,7165.08,7115.0,22.6923,0.0
16:22:56,7165.08,7120.0,74.7954,0.0
16:22:56,7165.08,7125.0,1.3871,0.0
16:22:56,7165.08,7130.0,1432.7542,0.0
16:22:56,7165.08,7135.0,33.2303,0.0
16:22:56,7165.08,7140.0,281.7618,1894.0
16:22:56,7165.08,7145.0,40.4458,0.0
16:22:56,7165.08,7150.0,95.4028,0.0
16:22:56,7165.08,7155.0,654.3267,0.0
16:22:56,7165.08,7160.0,1144.1108,0.0
16:22:56,7165.08,7165.0,49.9362,0.0
16:22:56,7165.08,7170.0,200.338,0.0
16:22:56,7165.08,7175.0,324.0935,0.0
16:22:56,7165.08,7180.0,122.0941,0.0
16:22:56,7165.08,7185.0,76.5426,0.0
16:22:56,7165.08,7190.0,143.775,0.0
16:22:56,7165.08,7195.0,111.0354,0.0
16:22:56,7165.08,7200.0,681.2964,10217.0
16:22:56,7165.08,7205.0,78.608,0.0
16:22:56,7165.08,7210.0,213.0405,0.0
16:22:56,7165.08,7215.0,117.7262,0.0
16:22:56,7165.08,7220.0,216.5669,0.0
16:22:56,7165.08,7225.0,166.4071,0.0
16:22:56,7165.08,7230.0,178.4028,0.0
16:22:56,7165.08,7235.0,68.8201,0.0
16:22:56,7165.08,7240.0,182.2312,0.0
16:22:56,7165.08,7245.0,89.3606,0.0
16:22:56,7165.08,7250.0,1201.5839,0.0
16:22:56,7165.08,7255.0,447.6,0.0
16:22:56,7165.08,7260.0,120.2444,0.0
16:22:56,7165.08,7265.0,101.798,0.0
16:22:56,7165.08,7270.0,162.8743,0.0
16:22:56,7165.08,7275.0,281.902,0.0
16:22:56,7165.08,7280.0,198.4675,0.0
16:22:56,7165.08,7285.0,46.405,0.0
16:22:56,7165.08,7290.0,104.0849,0.0
16:22:56,7165.08,7295.0,43.9082,0.0
16:22:56,7165.08,7300.0,95.4905,0.0
16:22:56,7165.08,7305.0,6.3165,0.0
16:22:56,7165.08,7310.0,56.9585,0.0
16:22:56,7165.08,7315.0,29.3403,0.0
16:22:56,7165.08,7320.0,72.7014,0.0
16:22:56,7165.08,7325.0,21.8798,0.0
16:22:56,7165.08,7330.0,57.2859,0.0
16:22:56,7165.08,7335.0,0.3669,0.0
16:22:56,7165.08,7340.0,6.7209,0.0
16:22:56,7165.08,7345.0,0.2152,0.0
16:22:56,7165.08,7350.0,29.7588,0.0
16:22:56,7165.08,7360.0,2.9159,247.0
16:22:56,7165.08,7370.0,7.6608,771.0
16:22:56,7165.08,7375.0,25.4988,10617.0
16:22:56,7165.08,7380.0,12.2625,5152.0
16:22:56,7165.08,7390.0,33.0928,2139.0
16:22:56,7165.08,7400.0,15.4658,4230.0
16:22:56,7165.08,7410.0,0.0095,65.0
16:22:56,7165.08,7425.0,4.2126,194.0
16:22:56,7165.08,7450.0,1.5767,474.0
16:22:56,7165.08,7475.0,0.0336,140.0
16:22:56,7165.08,7500.0,0.1662,296.0
16:22:56,7165.08,7550.0,0.0005,0.0
16:22:56,7165.08,7600.0,0.0006,2.0
16:22:56,7165.08,7700.0,0.0001,0.0
16:22:56,7165.08,7800.0,0.0,1.0
16:22:56,7165.08,8000.0,0.0,2.0
16:22:56,7165.08,8800.0,0.0,2.0
16:22:56,7165.08,9200.0,0.0,1.0
16:39:47,7165.08,4600.0,-0.0,4.0
16:39:47,7165.08,5300.0,-0.0,1.0
16:39:47,7165.08,5400.0,-0.0,3.0
16:39:47,7165.08,5500.0,-0.0,1.0
16:39:47,7165.08,5575.0,-0.0,1.0
16:39:47,7165.08,5625.0,-0.0,1.0
16:39:47,7165.08,5650.0,-0.0,1.0
16:39:47,7165.08,5800.0,-0.0,4.0
16:39:47,7165.08,5900.0,-0.0,3.0
16:39:47,7165.08,6000.0,-0.0,24.0
16:39:47,7165.08,6100.0,-0.0,876.0
16:39:47,7165.08,6110.0,-0.0,105.0
16:39:47,7165.08,6120.0,-0.0,81.0
16:39:47,7165.08,6125.0,-0.0,13.0
16:39:47,7165.08,6130.0,-0.0,3.0
16:39:47,7165.08,6140.0,-0.0,100.0
16:39:47,7165.08,6150.0,-0.0,297.0
16:39:47,7165.08,6160.0,-0.0,85.0
16:39:47,7165.08,6170.0,-0.0,87.0
16:39:47,7165.08,6175.0,-0.0,163.0
16:39:47,7165.08,6180.0,-0.0,10.0
16:39:47,7165.08,6190.0,-0.0026,97.0
16:39:47,7165.08,6200.0,-0.0,1177.0
16:39:47,7165.08,6210.0,-0.0984,0.0
16:39:47,7165.08,6220.0,-0.0021,40.0
16:39:47,7165.08,6225.0,-0.0,150.0
16:39:47,7165.08,6230.0,-0.0072,302.0
16:39:47,7165.08,6240.0,-0.0023,60.0
16:39:47,7165.08,6250.0,-0.0,226.0
16:39:47,7165.08,6260.0,-0.0,200.0
16:39:47,7165.08,6270.0,-0.014,101.0
16:39:47,7165.08,6275.0,-0.0,30.0
16:39:47,7165.08,6280.0,0.0002,20.0
16:39:47,7165.08,6290.0,-0.0,38.0
16:39:47,7165.08,6300.0,-0.0,96.0
16:39:47,7165.08,6310.0,-0.0,161.0
16:39:47,7165.08,6320.0,-0.0,10.0
16:39:47,7165.08,6325.0,-0.0,30.0
16:39:47,7165.08,6330.0,-0.0,196.0
16:39:47,7165.08,6340.0,0.0095,10.0
16:39:47,7165.08,6350.0,-0.0,95.0
16:39:47,7165.08,6360.0,-0.0,58.0
16:39:47,7165.08,6370.0,-0.0,50.0
16:39:47,7165.08,6375.0,-0.0,5.0
16:39:47,7165.08,6380.0,-0.0,44.0
16:39:47,7165.08,6390.0,0.0,11.0
16:39:47,7165.08,6400.0,-0.0,152.0
16:39:47,7165.08,6410.0,-0.0,5.0
16:39:47,7165.08,6420.0,-0.0,14.0
16:39:47,7165.08,6425.0,0.0,52.0
16:39:47,7165.08,6430.0,-0.0573,7.0
16:39:47,7165.08,6440.0,-0.0383,44.0
16:39:47,7165.08,6450.0,-0.0,1068.0
16:39:47,7165.08,6460.0,-0.0,80.0
16:39:47,7165.08,6470.0,-0.0,8.0
16:39:47,7165.08,6475.0,-0.0,3.0
16:39:47,7165.08,6480.0,-0.0,35.0
16:39:47,7165.08,6485.0,0.0043,8.0
16:39:47,7165.08,6490.0,-0.0,5.0
16:39:47,7165.08,6495.0,-0.0092,0.0
16:39:47,7165.08,6500.0,-0.0,70.0
16:39:47,7165.08,6505.0,-0.1222,100.0
16:39:47,7165.08,6510.0,-0.0,118.0
16:39:47,7165.08,6515.0,0.0164,117.0
16:39:47,7165.08,6520.0,-0.0,29.0
16:39:47,7165.08,6525.0,-0.0,4.0
16:39:47,7165.08,6530.0,-0.0,1.0
16:39:47,7165.08,6535.0,-0.0805,64.0
16:39:47,7165.08,6540.0,-0.0,22.0
16:39:47,7165.08,6545.0,-0.0131,58.0
16:39:47,7165.08,6550.0,-0.2663,0.0
16:39:47,7165.08,6555.0,0.0576,27.0
16:39:47,7165.08,6560.0,-0.0,15.0
16:39:47,7165.08,6565.0,-0.0552,3.0
16:39:47,7165.08,6570.0,0.0,1.0
16:39:47,7165.08,6580.0,0.0649,13.0
16:39:47,7165.08,6585.0,-0.0766,48.0
16:39:47,7165.08,6590.0,0.0474,57.0
16:39:47,7165.08,6595.0,-0.0,79.0
16:39:47,7165.08,6600.0,-0.0,4.0
16:39:47,7165.08,6605.0,-0.0,30.0
16:39:47,7165.08,6610.0,0.1515,106.0
16:39:47,7165.08,6615.0,-0.0,95.0
16:39:47,7165.08,6620.0,0.1026,80.0
16:39:47,7165.08,6625.0,0.0,16.0
16:39:47,7165.08,6630.0,-0.0,40.0
16:39:47,7165.08,6635.0,-0.1048,137.0
16:39:47,7165.08,6640.0,0.145,87.0
16:39:47,7165.08,6645.0,-0.1235,27.0
16:39:47,7165.08,6650.0,-0.0,3.0
16:39:47,7165.08,6655.0,-0.1014,70.0
16:39:47,7165.08,6660.0,-0.1662,88.0
16:39:47,7165.08,6665.0,-0.0,6.0
16:39:47,7165.08,6670.0,-0.0568,3.0
16:39:47,7165.08,6675.0,0.0,248.0
16:39:47,7165.08,6680.0,-0.3832,62.0
16:39:47,7165.08,6685.0,-0.0,287.0
16:39:47,7165.08,6690.0,-1.1985,139.0
16:39:47,7165.08,6695.0,-0.0,31.0
16:39:47,7165.08,6700.0,-0.0014,1429.0
16:39:47,7165.08,6705.0,-0.0001,49.0
16:39:47,7165.08,6710.0,-0.5515,565.0
16:39:47,7165.08,6715.0,-0.0002,161.0
16:39:47,7165.08,6720.0,-0.0004,44.0
16:39:47,7165.08,6725.0,-0.0006,1300.0
16:39:47,7165.08,6730.0,-0.0008,63.0
16:39:47,7165.08,6735.0,0.0255,56.0
16:39:47,7165.08,6740.0,-0.0022,181.0
16:39:47,7165.08,6745.0,-0.0006,86.0
16:39:47,7165.08,6750.0,-0.0094,3696.0
16:39:47,7165.08,6755.0,-0.0019,153.0
16:39:47,7165.08,6760.0,-1.966,1867.0
16:39:47,7165.08,6765.0,-0.0031,293.0
16:39:47,7165.08,6770.0,-1.806,136.0
16:39:47,7165.08,6775.0,-0.0042,3448.0
16:39:47,7165.08,6780.0,-0.0111,276.0
16:39:47,7165.08,6785.0,0.0242,130.0
16:39:47,7165.08,6790.0,-0.0215,194.0
16:39:47,7165.08,6795.0,-0.0608,159.0
16:39:47,7165.08,6800.0,-11.7331,2592.0
16:39:47,7165.08,6805.0,-4.2882,347.0
16:39:47,7165.08,6810.0,-3.7409,704.0
16:39:47,7165.08,6815.0,-0.0214,296.0
16:39:47,7165.08,6820.0,-1.649,158.0
16:39:47,7165.08,6825.0,2.1811,1565.0
16:39:47,7165.08,6830.0,-0.0506,188.0
16:39:47,7165.08,6835.0,-0.9594,221.0
16:39:47,7165.08,6840.0,-0.16,1189.0
16:39:47,7165.08,6845.0,-0.2437,4310.0
16:39:47,7165.08,6850.0,-7.8118,4335.0
16:39:47,7165.08,6855.0,-0.413,665.0
16:39:47,7165.08,6860.0,-4.3119,0.0
16:39:47,7165.08,6865.0,-0.6827,0.0
16:39:47,7165.08,6870.0,-0.2721,0.0
16:39:47,7165.08,6875.0,-0.6819,0.0
16:39:47,7165.08,6880.0,-1.0618,0.0
16:39:47,7165.08,6885.0,-13.817,3.0
16:39:47,7165.08,6890.0,-0.825,0.0
16:39:47,7165.08,6895.0,-58.1265,13.0
16:39:47,7165.08,6900.0,-36.6982,0.0
16:39:47,7165.08,6905.0,-2.7141,0.0
16:39:47,7165.08,6910.0,-1.4923,0.0
16:39:47,7165.08,6915.0,-1.2064,82.0
16:39:47,7165.08,6920.0,-0.7761,91.0
16:39:47,7165.08,6925.0,0.7624,791.0
16:39:47,7165.08,6930.0,-5.7977,0.0
16:39:47,7165.08,6935.0,-5.0962,0.0
16:39:47,7165.08,6940.0,1.0832,0.0
16:39:47,7165.08,6945.0,-39.7964,0.0
16:39:47,7165.08,6950.0,-55.891,117.0
16:39:47,7165.08,6955.0,-32.2255,0.0
16:39:47,7165.08,6960.0,-13.141,0.0
16:39:47,7165.08,6965.0,-6.3978,0.0
16:39:47,7165.08,6970.0,-4.1436,0.0
16:39:47,7165.08,6975.0,-15.0898,2648.0
16:39:47,7165.08,6980.0,-14.1651,0.0
16:39:47,7165.08,6985.0,-12.9409,32.0
16:39:47,7165.08,6990.0,-17.337,0.0
16:39:47,7165.08,6995.0,-16.8528,0.0
16:39:47,7165.08,7000.0,-11.9001,0.0
16:39:47,7165.08,7005.0,-126.486,0.0
16:39:47,7165.08,7010.0,-3.803,0.0
16:39:47,7165.08,7015.0,-10.6915,0.0
16:39:47,7165.08,7020.0,-4.5042,0.0
16:39:47,7165.08,7025.0,-23.4067,0.0
16:39:47,7165.08,7030.0,43.0428,0.0
16:39:47,7165.08,7035.0,-20.2507,0.0
16:39:47,7165.08,7040.0,-19.4179,0.0
16:39:47,7165.08,7045.0,308.3998,0.0
16:39:47,7165.08,7050.0,-123.7781,0.0
16:39:47,7165.08,7055.0,-195.4224,0.0
16:39:47,7165.08,7060.0,-22.1311,0.0
16:39:47,7165.08,7065.0,-15.1002,0.0
16:39:47,7165.08,7070.0,3.1324,0.0
16:39:47,7165.08,7075.0,-68.9882,0.0
16:39:47,7165.08,7080.0,-46.3397,0.0
16:39:47,7165.08,7085.0,-23.0963,0.0
16:39:47,7165.08,7090.0,-49.5119,0.0
16:39:47,7165.08,7095.0,-15.3363,0.0
16:39:47,7165.08,7100.0,127.8095,10605.0
16:39:47,7165.08,7105.0,18.294,0.0
16:39:47,7165.08,7110.0,-24.7531,0.0
16:39:47,7165.08,7115.0,22.6923,0.0
16:39:47,7165.08,7120.0,74.7954,0.0
16:39:47,7165.08,7125.0,1.3871,0.0
16:39:47,7165.08,7130.0,1432.7542,0.0
16:39:47,7165.08,7135.0,33.2303,0.0
16:39:47,7165.08,7140.0,281.7618,1894.0
16:39:47,7165.08,7145.0,40.4458,0.0
16:39:47,7165.08,7150.0,95.4028,0.0
16:39:47,7165.08,7155.0,654.3267,0.0
16:39:47,7165.08,7160.0,1144.1108,0.0
16:39:47,7165.08,7165.0,49.9362,0.0
16:39:47,7165.08,7170.0,200.338,0.0
16:39:47,7165.08,7175.0,324.0935,0.0
16:39:47,7165.08,7180.0,122.0941,0.0
16:39:47,7165.08,7185.0,76.5426,0.0
16:39:47,7165.08,7190.0,143.775,0.0
16:39:47,7165.08,7195.0,111.0354,0.0
16:39:47,7165.08,7200.0,681.2964,10217.0
16:39:47,7165.08,7205.0,78.608,0.0
16:39:47,7165.08,7210.0,213.0405,0.0
16:39:47,7165.08,7215.0,117.7262,0.0
16:39:47,7165.08,7220.0,216.5669,0.0
16:39:47,7165.08,7225.0,166.4071,0.0
16:39:47,7165.08,7230.0,178.4028,0.0
16:39:47,7165.08,7235.0,68.8201,0.0
16:39:47,7165.08,7240.0,182.2312,0.0
16:39:47,7165.08,7245.0,89.3606,0.0
16:39:47,7165.08,7250.0,1201.5839,0.0
16:39:47,7165.08,7255.0,447.6,0.0
16:39:47,7165.08,7260.0,120.2444,0.0
16:39:47,7165.08,7265.0,101.798,0.0
16:39:47,7165.08,7270.0,162.8743,0.0
16:39:47,7165.08,7275.0,281.902,0.0
16:39:47,7165.08,7280.0,198.4675,0.0
16:39:47,7165.08,7285.0,46.405,0.0
16:39:47,7165.08,7290.0,104.0849,0.0
16:39:47,7165.08,7295.0,43.9082,0.0
16:39:47,7165.08,7300.0,95.4905,0.0
16:39:47,7165.08,7305.0,6.3165,0.0
16:39:47,7165.08,7310.0,56.9585,0.0
16:39:47,7165.08,7315.0,29.3403,0.0
16:39:47,7165.08,7320.0,72.7014,0.0
16:39:47,7165.08,7325.0,21.8798,0.0
16:39:47,7165.08,7330.0,57.2859,0.0
16:39:47,7165.08,7335.0,0.3669,0.0
16:39:47,7165.08,7340.0,6.7209,0.0
16:39:47,7165.08,7345.0,0.2152,0.0
16:39:47,7165.08,7350.0,29.7588,0.0
16:39:47,7165.08,7360.0,2.9159,247.0
16:39:47,7165.08,7370.0,7.6608,771.0
16:39:47,7165.08,7375.0,25.4988,10617.0
16:39:47,7165.08,7380.0,12.2625,5152.0
16:39:47,7165.08,7390.0,33.0928,2139.0
16:39:47,7165.08,7400.0,15.4658,4230.0
16:39:47,7165.08,7410.0,0.0095,65.0
16:39:47,7165.08,7425.0,4.2126,194.0
16:39:47,7165.08,7450.0,1.5767,474.0
16:39:47,7165.08,7475.0,0.0336,140.0
16:39:47,7165.08,7500.0,0.1662,296.0
16:39:47,7165.08,7550.0,0.0005,0.0
16:39:47,7165.08,7600.0,0.0006,2.0
16:39:47,7165.08,7700.0,0.0001,0.0
16:39:47,7165.08,7800.0,0.0,1.0
16:39:47,7165.08,8000.0,0.0,2.0
16:39:47,7165.08,8800.0,0.0,2.0
16:39:47,7165.08,9200.0,0.0,1.0
16:55:22,7165.08,4600.0,-0.0,4.0
16:55:22,7165.08,5300.0,-0.0,1.0
16:55:22,7165.08,5400.0,-0.0,3.0
16:55:22,7165.08,5500.0,-0.0,1.0
16:55:22,7165.08,5575.0,-0.0,1.0
16:55:22,7165.08,5625.0,-0.0,1.0
16:55:22,7165.08,5650.0,-0.0,1.0
16:55:22,7165.08,5800.0,-0.0,4.0
16:55:22,7165.08,5900.0,-0.0,3.0
16:55:22,7165.08,6000.0,-0.0,24.0
16:55:22,7165.08,6100.0,-0.0,876.0
16:55:22,7165.08,6110.0,-0.0,105.0
16:55:22,7165.08,6120.0,-0.0,81.0
16:55:22,7165.08,6125.0,-0.0,13.0
16:55:22,7165.08,6130.0,-0.0,3.0
16:55:22,7165.08,6140.0,-0.0,100.0
16:55:22,7165.08,6150.0,-0.0,297.0
16:55:22,7165.08,6160.0,-0.0,85.0
16:55:22,7165.08,6170.0,-0.0,87.0
16:55:22,7165.08,6175.0,-0.0,163.0
16:55:22,7165.08,6180.0,-0.0,10.0
16:55:22,7165.08,6190.0,-0.0026,97.0
16:55:22,7165.08,6200.0,-0.0,1177.0
16:55:22,7165.08,6210.0,-0.0984,0.0
16:55:22,7165.08,6220.0,-0.0021,40.0
16:55:22,7165.08,6225.0,-0.0,150.0
16:55:22,7165.08,6230.0,-0.0072,302.0
16:55:22,7165.08,6240.0,-0.0023,60.0
16:55:22,7165.08,6250.0,-0.0,226.0
16:55:22,7165.08,6260.0,-0.0,200.0
16:55:22,7165.08,6270.0,-0.014,101.0
16:55:22,7165.08,6275.0,-0.0,30.0
16:55:22,7165.08,6280.0,0.0002,20.0
16:55:22,7165.08,6290.0,-0.0,38.0
16:55:22,7165.08,6300.0,-0.0,96.0
16:55:22,7165.08,6310.0,-0.0,161.0
16:55:22,7165.08,6320.0,-0.0,10.0
16:55:22,7165.08,6325.0,-0.0,30.0
16:55:22,7165.08,6330.0,-0.0,196.0
16:55:22,7165.08,6340.0,0.0095,10.0
16:55:22,7165.08,6350.0,-0.0,95.0
16:55:22,7165.08,6360.0,-0.0,58.0
16:55:22,7165.08,6370.0,-0.0,50.0
16:55:22,7165.08,6375.0,-0.0,5.0
16:55:22,7165.08,6380.0,-0.0,44.0
16:55:22,7165.08,6390.0,0.0,11.0
16:55:22,7165.08,6400.0,-0.0,152.0
16:55:22,7165.08,6410.0,-0.0,5.0
16:55:22,7165.08,6420.0,-0.0,14.0
16:55:22,7165.08,6425.0,0.0,52.0
16:55:22,7165.08,6430.0,-0.0573,7.0
16:55:22,7165.08,6440.0,-0.0383,44.0
16:55:22,7165.08,6450.0,-0.0,1068.0
16:55:22,7165.08,6460.0,-0.0,80.0
16:55:22,7165.08,6470.0,-0.0,8.0
16:55:22,7165.08,6475.0,-0.0,3.0
16:55:22,7165.08,6480.0,-0.0,35.0
16:55:22,7165.08,6485.0,0.0043,8.0
16:55:22,7165.08,6490.0,-0.0,5.0
16:55:22,7165.08,6495.0,-0.0092,0.0
16:55:22,7165.08,6500.0,-0.0,70.0
16:55:22,7165.08,6505.0,-0.1222,100.0
16:55:22,7165.08,6510.0,-0.0,118.0
16:55:22,7165.08,6515.0,0.0164,117.0
16:55:22,7165.08,6520.0,-0.0,29.0
16:55:22,7165.08,6525.0,-0.0,4.0
16:55:22,7165.08,6530.0,-0.0,1.0
16:55:22,7165.08,6535.0,-0.0805,64.0
16:55:22,7165.08,6540.0,-0.0,22.0
16:55:22,7165.08,6545.0,-0.0131,58.0
16:55:22,7165.08,6550.0,-0.2663,0.0
16:55:22,7165.08,6555.0,0.0576,27.0
16:55:22,7165.08,6560.0,-0.0,15.0
16:55:22,7165.08,6565.0,-0.0552,3.0
16:55:22,7165.08,6570.0,0.0,1.0
16:55:22,7165.08,6580.0,0.0649,13.0
16:55:22,7165.08,6585.0,-0.0766,48.0
16:55:22,7165.08,6590.0,0.0474,57.0
16:55:22,7165.08,6595.0,-0.0,79.0
16:55:22,7165.08,6600.0,-0.0,4.0
16:55:22,7165.08,6605.0,-0.0,30.0
16:55:22,7165.08,6610.0,0.1515,106.0
16:55:22,7165.08,6615.0,-0.0,95.0
16:55:22,7165.08,6620.0,0.1026,80.0
16:55:22,7165.08,6625.0,0.0,16.0
16:55:22,7165.08,6630.0,-0.0,40.0
16:55:22,7165.08,6635.0,-0.1048,137.0
16:55:22,7165.08,6640.0,0.145,87.0
16:55:22,7165.08,6645.0,-0.1235,27.0
16:55:22,7165.08,6650.0,-0.0,3.0
16:55:22,7165.08,6655.0,-0.1014,70.0
16:55:22,7165.08,6660.0,-0.1662,88.0
16:55:22,7165.08,6665.0,-0.0,6.0
16:55:22,7165.08,6670.0,-0.0568,3.0
16:55:22,7165.08,6675.0,0.0,248.0
16:55:22,7165.08,6680.0,-0.3832,62.0
16:55:22,7165.08,6685.0,-0.0,287.0
16:55:22,7165.08,6690.0,-1.1985,139.0
16:55:22,7165.08,6695.0,-0.0,31.0
16:55:22,7165.08,6700.0,-0.0014,1429.0
16:55:22,7165.08,6705.0,-0.0001,49.0
16:55:22,7165.08,6710.0,-0.5515,565.0
16:55:22,7165.08,6715.0,-0.0002,161.0
16:55:22,7165.08,6720.0,-0.0004,44.0
16:55:22,7165.08,6725.0,-0.0006,1300.0
16:55:22,7165.08,6730.0,-0.0008,63.0
16:55:22,7165.08,6735.0,0.0255,56.0
16:55:22,7165.08,6740.0,-0.0022,181.0
16:55:22,7165.08,6745.0,-0.0006,86.0
16:55:22,7165.08,6750.0,-0.0094,3696.0
16:55:22,7165.08,6755.0,-0.0019,153.0
16:55:22,7165.08,6760.0,-1.966,1867.0
16:55:22,7165.08,6765.0,-0.0031,293.0
16:55:22,7165.08,6770.0,-1.806,136.0
16:55:22,7165.08,6775.0,-0.0042,3448.0
16:55:22,7165.08,6780.0,-0.0111,276.0
16:55:22,7165.08,6785.0,0.0242,130.0
16:55:22,7165.08,6790.0,-0.0215,194.0
16:55:22,7165.08,6795.0,-0.0608,159.0
16:55:22,7165.08,6800.0,-11.7331,2592.0
16:55:22,7165.08,6805.0,-4.2882,347.0
16:55:22,7165.08,6810.0,-3.7409,704.0
16:55:22,7165.08,6815.0,-0.0214,296.0
16:55:22,7165.08,6820.0,-1.649,158.0
16:55:22,7165.08,6825.0,2.1811,1565.0
16:55:22,7165.08,6830.0,-0.0506,188.0
16:55:22,7165.08,6835.0,-0.9594,221.0
16:55:22,7165.08,6840.0,-0.16,1189.0
16:55:22,7165.08,6845.0,-0.2437,4310.0
16:55:22,7165.08,6850.0,-7.8118,4335.0
16:55:22,7165.08,6855.0,-0.413,665.0
16:55:22,7165.08,6860.0,-4.3119,0.0
16:55:22,7165.08,6865.0,-0.6827,0.0
16:55:22,7165.08,6870.0,-0.2721,0.0
16:55:22,7165.08,6875.0,-0.6819,0.0
16:55:22,7165.08,6880.0,-1.0618,0.0
16:55:22,7165.08,6885.0,-13.817,3.0
16:55:22,7165.08,6890.0,-0.825,0.0
16:55:22,7165.08,6895.0,-58.1265,13.0
16:55:22,7165.08,6900.0,-36.6982,0.0
16:55:22,7165.08,6905.0,-2.7141,0.0
16:55:22,7165.08,6910.0,-1.4923,0.0
16:55:22,7165.08,6915.0,-1.2064,82.0
16:55:22,7165.08,6920.0,-0.7761,91.0
16:55:22,7165.08,6925.0,0.7624,791.0
16:55:22,7165.08,6930.0,-5.7977,0.0
16:55:22,7165.08,6935.0,-5.0962,0.0
16:55:22,7165.08,6940.0,1.0832,0.0
16:55:22,7165.08,6945.0,-39.7964,0.0
16:55:22,7165.08,6950.0,-55.891,117.0
16:55:22,7165.08,6955.0,-32.2255,0.0
16:55:22,7165.08,6960.0,-13.141,0.0
16:55:22,7165.08,6965.0,-6.3978,0.0
16:55:22,7165.08,6970.0,-4.1436,0.0
16:55:22,7165.08,6975.0,-15.0898,2648.0
16:55:22,7165.08,6980.0,-14.1651,0.0
16:55:22,7165.08,6985.0,-12.9409,32.0
16:55:22,7165.08,6990.0,-17.337,0.0
16:55:22,7165.08,6995.0,-16.8528,0.0
16:55:22,7165.08,7000.0,-11.9001,0.0
16:55:22,7165.08,7005.0,-126.486,0.0
16:55:22,7165.08,7010.0,-3.803,0.0
16:55:22,7165.08,7015.0,-10.6915,0.0
16:55:22,7165.08,7020.0,-4.5042,0.0
16:55:22,7165.08,7025.0,-23.4067,0.0
16:55:22,7165.08,7030.0,43.0428,0.0
16:55:22,7165.08,7035.0,-20.2507,0.0
16:55:22,7165.08,7040.0,-19.4179,0.0
16:55:22,7165.08,7045.0,308.3998,0.0
16:55:22,7165.08,7050.0,-123.7781,0.0
16:55:22,7165.08,7055.0,-195.4224,0.0
16:55:22,7165.08,7060.0,-22.1311,0.0
16:55:22,7165.08,7065.0,-15.1002,0.0
16:55:22,7165.08,7070.0,3.1324,0.0
16:55:22,7165.08,7075.0,-68.9882,0.0
16:55:22,7165.08,7080.0,-46.3397,0.0
16:55:22,7165.08,7085.0,-23.0963,0.0
16:55:22,7165.08,7090.0,-49.5119,0.0
16:55:22,7165.08,7095.0,-15.3363,0.0
16:55:22,7165.08,7100.0,127.8095,10605.0
16:55:22,7165.08,7105.0,18.294,0.0
16:55:22,7165.08,7110.0,-24.7531,0.0
16:55:22,7165.08,7115.0,22.6923,0.0
16:55:22,7165.08,7120.0,74.7954,0.0
16:55:22,7165.08,7125.0,1.3871,0.0
16:55:22,7165.08,7130.0,1432.7542,0.0
16:55:22,7165.08,7135.0,33.2303,0.0
16:55:22,7165.08,7140.0,281.7618,1894.0
16:55:22,7165.08,7145.0,40.4458,0.0
16:55:22,7165.08,7150.0,95.4028,0.0
16:55:22,7165.08,7155.0,654.3267,0.0
16:55:22,7165.08,7160.0,1144.1108,0.0
16:55:22,7165.08,7165.0,49.9362,0.0
16:55:22,7165.08,7170.0,200.338,0.0
16:55:22,7165.08,7175.0,324.0935,0.0
16:55:22,7165.08,7180.0,122.0941,0.0
16:55:22,7165.08,7185.0,76.5426,0.0
16:55:22,7165.08,7190.0,143.775,0.0
16:55:22,7165.08,7195.0,111.0354,0.0
16:55:22,7165.08,7200.0,681.2964,10217.0
16:55:22,7165.08,7205.0,78.608,0.0
16:55:22,7165.08,7210.0,213.0405,0.0
16:55:22,7165.08,7215.0,117.7262,0.0
16:55:22,7165.08,7220.0,216.5669,0.0
16:55:22,7165.08,7225.0,166.4071,0.0
16:55:22,7165.08,7230.0,178.4028,0.0
16:55:22,7165.08,7235.0,68.8201,0.0
16:55:22,7165.08,7240.0,182.2312,0.0
16:55:22,7165.08,7245.0,89.3606,0.0
16:55:22,7165.08,7250.0,1201.5839,0.0
16:55:22,7165.08,7255.0,447.6,0.0
16:55:22,7165.08,7260.0,120.2444,0.0
16:55:22,7165.08,7265.0,101.798,0.0
16:55:22,7165.08,7270.0,162.8743,0.0
16:55:22,7165.08,7275.0,281.902,0.0
16:55:22,7165.08,7280.0,198.4675,0.0
16:55:22,7165.08,7285.0,46.405,0.0
16:55:22,7165.08,7290.0,104.0849,0.0
16:55:22,7165.08,7295.0,43.9082,0.0
16:55:22,7165.08,7300.0,95.4905,0.0
16:55:22,7165.08,7305.0,6.3165,0.0
16:55:22,7165.08,7310.0,56.9585,0.0
16:55:22,7165.08,7315.0,29.3403,0.0
16:55:22,7165.08,7320.0,72.7014,0.0
16:55:22,7165.08,7325.0,21.8798,0.0
16:55:22,7165.08,7330.0,57.2859,0.0
16:55:22,7165.08,7335.0,0.3669,0.0
16:55:22,7165.08,7340.0,6.7209,0.0
16:55:22,7165.08,7345.0,0.2152,0.0
16:55:22,7165.08,7350.0,29.7588,0.0
16:55:22,7165.08,7360.0,2.9159,247.0
16:55:22,7165.08,7370.0,7.6608,771.0
16:55:22,7165.08,7375.0,25.4988,10617.0
16:55:22,7165.08,7380.0,12.2625,5152.0
16:55:22,7165.08,7390.0,33.0928,2139.0
16:55:22,7165.08,7400.0,15.4658,4230.0
16:55:22,7165.08,7410.0,0.0095,65.0
16:55:22,7165.08,7425.0,4.2126,194.0
16:55:22,7165.08,7450.0,1.5767,474.0
16:55:22,7165.08,7475.0,0.0336,140.0
16:55:22,7165.08,7500.0,0.1662,296.0
16:55:22,7165.08,7550.0,0.0005,0.0
16:55:22,7165.08,7600.0,0.0006,2.0
16:55:22,7165.08,7700.0,0.0001,0.0
16:55:22,7165.08,7800.0,0.0,1.0
16:55:22,7165.08,8000.0,0.0,2.0
16:55:22,7165.08,8800.0,0.0,2.0
16:55:22,7165.08,9200.0,0.0,1.0
17:06:38,7165.08,4600.0,-0.0,4.0
17:06:38,7165.08,5300.0,-0.0,1.0
17:06:38,7165.08,5400.0,-0.0,3.0
17:06:38,7165.08,5500.0,-0.0,1.0
17:06:38,7165.08,5575.0,-0.0,1.0
17:06:38,7165.08,5625.0,-0.0,1.0
17:06:38,7165.08,5650.0,-0.0,1.0
17:06:38,7165.08,5800.0,-0.0,4.0
17:06:38,7165.08,5900.0,-0.0,3.0
17:06:38,7165.08,6000.0,-0.0,24.0
17:06:38,7165.08,6100.0,-0.0,876.0
17:06:38,7165.08,6110.0,-0.0,105.0
17:06:38,7165.08,6120.0,-0.0,81.0
17:06:38,7165.08,6125.0,-0.0,13.0
17:06:38,7165.08,6130.0,-0.0,3.0
17:06:38,7165.08,6140.0,-0.0,100.0
17:06:38,7165.08,6150.0,-0.0,297.0
17:06:38,7165.08,6160.0,-0.0,85.0
17:06:38,7165.08,6170.0,-0.0,87.0
17:06:38,7165.08,6175.0,-0.0,163.0
17:06:38,7165.08,6180.0,-0.0,10.0
17:06:38,7165.08,6190.0,-0.0026,97.0
17:06:38,7165.08,6200.0,-0.0,1177.0
17:06:38,7165.08,6210.0,-0.0984,0.0
17:06:38,7165.08,6220.0,-0.0021,40.0
17:06:38,7165.08,6225.0,-0.0,150.0
17:06:38,7165.08,6230.0,-0.0072,302.0
17:06:38,7165.08,6240.0,-0.0023,60.0
17:06:38,7165.08,6250.0,-0.0,226.0
17:06:38,7165.08,6260.0,-0.0,200.0
17:06:38,7165.08,6270.0,-0.014,101.0
17:06:38,7165.08,6275.0,-0.0,30.0
17:06:38,7165.08,6280.0,0.0002,20.0
17:06:38,7165.08,6290.0,-0.0,38.0
17:06:38,7165.08,6300.0,-0.0,96.0
17:06:38,7165.08,6310.0,-0.0,161.0
17:06:38,7165.08,6320.0,-0.0,10.0
17:06:38,7165.08,6325.0,-0.0,30.0
17:06:38,7165.08,6330.0,-0.0,196.0
17:06:38,7165.08,6340.0,0.0095,10.0
17:06:38,7165.08,6350.0,-0.0,95.0
17:06:38,7165.08,6360.0,-0.0,58.0
17:06:38,7165.08,6370.0,-0.0,50.0
17:06:38,7165.08,6375.0,-0.0,5.0
17:06:38,7165.08,6380.0,-0.0,44.0
17:06:38,7165.08,6390.0,0.0,11.0
17:06:38,7165.08,6400.0,-0.0,152.0
17:06:38,7165.08,6410.0,-0.0,5.0
17:06:38,7165.08,6420.0,-0.0,14.0
17:06:38,7165.08,6425.0,0.0,52.0
17:06:38,7165.08,6430.0,-0.0573,7.0
17:06:38,7165.08,6440.0,-0.0383,44.0
17:06:38,7165.08,6450.0,-0.0,1068.0
17:06:38,7165.08,6460.0,-0.0,80.0
17:06:38,7165.08,6470.0,-0.0,8.0
17:06:38,7165.08,6475.0,-0.0,3.0
17:06:38,7165.08,6480.0,-0.0,35.0
17:06:38,7165.08,6485.0,0.0043,8.0
17:06:38,7165.08,6490.0,-0.0,5.0
17:06:38,7165.08,6495.0,-0.0092,0.0
17:06:38,7165.08,6500.0,-0.0,70.0
17:06:38,7165.08,6505.0,-0.1222,100.0
17:06:38,7165.08,6510.0,-0.0,118.0
17:06:38,7165.08,6515.0,0.0164,117.0
17:06:38,7165.08,6520.0,-0.0,29.0
17:06:38,7165.08,6525.0,-0.0,4.0
17:06:38,7165.08,6530.0,-0.0,1.0
17:06:38,7165.08,6535.0,-0.0805,64.0
17:06:38,7165.08,6540.0,-0.0,22.0
17:06:38,7165.08,6545.0,-0.0131,58.0
17:06:38,7165.08,6550.0,-0.2663,0.0
17:06:38,7165.08,6555.0,0.0576,27.0
17:06:38,7165.08,6560.0,-0.0,15.0
17:06:38,7165.08,6565.0,-0.0552,3.0
17:06:38,7165.08,6570.0,0.0,1.0
17:06:38,7165.08,6580.0,0.0649,13.0
17:06:38,7165.08,6585.0,-0.0766,48.0
17:06:38,7165.08,6590.0,0.0474,57.0
17:06:38,7165.08,6595.0,-0.0,79.0
17:06:38,7165.08,6600.0,-0.0,4.0
17:06:38,7165.08,6605.0,-0.0,30.0
17:06:38,7165.08,6610.0,0.1515,106.0
17:06:38,7165.08,6615.0,-0.0,95.0
17:06:38,7165.08,6620.0,0.1026,80.0
17:06:38,7165.08,6625.0,0.0,16.0
17:06:38,7165.08,6630.0,-0.0,40.0
17:06:38,7165.08,6635.0,-0.1048,137.0
17:06:38,7165.08,6640.0,0.145,87.0
17:06:38,7165.08,6645.0,-0.1235,27.0
17:06:38,7165.08,6650.0,-0.0,3.0
17:06:38,7165.08,6655.0,-0.1014,70.0
17:06:38,7165.08,6660.0,-0.1662,88.0
17:06:38,7165.08,6665.0,-0.0,6.0
17:06:38,7165.08,6670.0,-0.0568,3.0
17:06:38,7165.08,6675.0,0.0,248.0
17:06:38,7165.08,6680.0,-0.3832,62.0
17:06:38,7165.08,6685.0,-0.0,287.0
17:06:38,7165.08,6690.0,-1.1985,139.0
17:06:38,7165.08,6695.0,-0.0,31.0
17:06:38,7165.08,6700.0,-0.0014,1429.0
17:06:38,7165.08,6705.0,-0.0001,49.0
17:06:38,7165.08,6710.0,-0.5515,565.0
17:06:38,7165.08,6715.0,-0.0002,161.0
17:06:38,7165.08,6720.0,-0.0004,44.0
17:06:38,7165.08,6725.0,-0.0006,1300.0
17:06:38,7165.08,6730.0,-0.0008,63.0
17:06:38,7165.08,6735.0,0.0255,56.0
17:06:38,7165.08,6740.0,-0.0022,181.0
17:06:38,7165.08,6745.0,-0.0006,86.0
17:06:38,7165.08,6750.0,-0.0094,3696.0
17:06:38,7165.08,6755.0,-0.0019,153.0
17:06:38,7165.08,6760.0,-1.966,1867.0
17:06:38,7165.08,6765.0,-0.0031,293.0
17:06:38,7165.08,6770.0,-1.806,136.0
17:06:38,7165.08,6775.0,-0.0042,3448.0
17:06:38,7165.08,6780.0,-0.0111,276.0
17:06:38,7165.08,6785.0,0.0242,130.0
17:06:38,7165.08,6790.0,-0.0215,194.0
17:06:38,7165.08,6795.0,-0.0608,159.0
17:06:38,7165.08,6800.0,-11.7331,2592.0
17:06:38,7165.08,6805.0,-4.2882,347.0
17:06:38,7165.08,6810.0,-3.7409,704.0
17:06:38,7165.08,6815.0,-0.0214,296.0
17:06:38,7165.08,6820.0,-1.649,158.0
17:06:38,7165.08,6825.0,2.1811,1565.0
17:06:38,7165.08,6830.0,-0.0506,188.0
17:06:38,7165.08,6835.0,-0.9594,221.0
17:06:38,7165.08,6840.0,-0.16,1189.0
17:06:38,7165.08,6845.0,-0.2437,4310.0
17:06:38,7165.08,6850.0,-7.8118,4335.0
17:06:38,7165.08,6855.0,-0.413,665.0
17:06:38,7165.08,6860.0,-4.3119,0.0
17:06:38,7165.08,6865.0,-0.6827,0.0
17:06:38,7165.08,6870.0,-0.2721,0.0
17:06:38,7165.08,6875.0,-0.6819,0.0
17:06:38,7165.08,6880.0,-1.0618,0.0
17:06:38,7165.08,6885.0,-13.817,3.0
17:06:38,7165.08,6890.0,-0.825,0.0
17:06:38,7165.08,6895.0,-58.1265,13.0
17:06:38,7165.08,6900.0,-36.6982,0.0
17:06:38,7165.08,6905.0,-2.7141,0.0
17:06:38,7165.08,6910.0,-1.4923,0.0
17:06:38,7165.08,6915.0,-1.2064,82.0
17:06:38,7165.08,6920.0,-0.7761,91.0
17:06:38,7165.08,6925.0,0.7624,791.0
17:06:38,7165.08,6930.0,-5.7977,0.0
17:06:38,7165.08,6935.0,-5.0962,0.0
17:06:38,7165.08,6940.0,1.0832,0.0
17:06:38,7165.08,6945.0,-39.7964,0.0
17:06:38,7165.08,6950.0,-55.891,117.0
17:06:38,7165.08,6955.0,-32.2255,0.0
17:06:38,7165.08,6960.0,-13.141,0.0
17:06:38,7165.08,6965.0,-6.3978,0.0
17:06:38,7165.08,6970.0,-4.1436,0.0
17:06:38,7165.08,6975.0,-15.0898,2648.0
17:06:38,7165.08,6980.0,-14.1651,0.0
17:06:38,7165.08,6985.0,-12.9409,32.0
17:06:38,7165.08,6990.0,-17.337,0.0
17:06:38,7165.08,6995.0,-16.8528,0.0
17:06:38,7165.08,7000.0,-11.9001,0.0
17:06:38,7165.08,7005.0,-126.486,0.0
17:06:38,7165.08,7010.0,-3.803,0.0
17:06:38,7165.08,7015.0,-10.6915,0.0
17:06:38,7165.08,7020.0,-4.5042,0.0
17:06:38,7165.08,7025.0,-23.4067,0.0
17:06:38,7165.08,7030.0,43.0428,0.0
17:06:38,7165.08,7035.0,-20.2507,0.0
17:06:38,7165.08,7040.0,-19.4179,0.0
17:06:38,7165.08,7045.0,308.3998,0.0
17:06:38,7165.08,7050.0,-123.7781,0.0
17:06:38,7165.08,7055.0,-195.4224,0.0
17:06:38,7165.08,7060.0,-22.1311,0.0
17:06:38,7165.08,7065.0,-15.1002,0.0
17:06:38,7165.08,7070.0,3.1324,0.0
17:06:38,7165.08,7075.0,-68.9882,0.0
17:06:38,7165.08,7080.0,-46.3397,0.0
17:06:38,7165.08,7085.0,-23.0963,0.0
17:06:38,7165.08,7090.0,-49.5119,0.0
17:06:38,7165.08,7095.0,-15.3363,0.0
17:06:38,7165.08,7100.0,127.8095,10605.0
17:06:38,7165.08,7105.0,18.294,0.0
17:06:38,7165.08,7110.0,-24.7531,0.0
17:06:38,7165.08,7115.0,22.6923,0.0
17:06:38,7165.08,7120.0,74.7954,0.0
17:06:38,7165.08,7125.0,1.3871,0.0
17:06:38,7165.08,7130.0,1432.7542,0.0
17:06:38,7165.08,7135.0,33.2303,0.0
17:06:38,7165.08,7140.0,281.7618,1894.0
17:06:38,7165.08,7145.0,40.4458,0.0
17:06:38,7165.08,7150.0,95.4028,0.0
17:06:38,7165.08,7155.0,654.3267,0.0
17:06:38,7165.08,7160.0,1144.1108,0.0
17:06:38,7165.08,7165.0,49.9362,0.0
17:06:38,7165.08,7170.0,200.338,0.0
17:06:38,7165.08,7175.0,324.0935,0.0
17:06:38,7165.08,7180.0,122.0941,0.0
17:06:38,7165.08,7185.0,76.5426,0.0
17:06:38,7165.08,7190.0,143.775,0.0
17:06:38,7165.08,7195.0,111.0354,0.0
17:06:38,7165.08,7200.0,681.2964,10217.0
17:06:38,7165.08,7205.0,78.608,0.0
17:06:38,7165.08,7210.0,213.0405,0.0
17:06:38,7165.08,7215.0,117.7262,0.0
17:06:38,7165.08,7220.0,216.5669,0.0
17:06:38,7165.08,7225.0,166.4071,0.0
17:06:38,7165.08,7230.0,178.4028,0.0
17:06:38,7165.08,7235.0,68.8201,0.0
17:06:38,7165.08,7240.0,182.2312,0.0
17:06:38,7165.08,7245.0,89.3606,0.0
17:06:38,7165.08,7250.0,1201.5839,0.0
17:06:38,7165.08,7255.0,447.6,0.0
17:06:38,7165.08,7260.0,120.2444,0.0
17:06:38,7165.08,7265.0,101.798,0.0
17:06:38,7165.08,7270.0,162.8743,0.0
17:06:38,7165.08,7275.0,281.902,0.0
17:06:38,7165.08,7280.0,198.4675,0.0
17:06:38,7165.08,7285.0,46.405,0.0
17:06:38,7165.08,7290.0,104.0849,0.0
17:06:38,7165.08,7295.0,43.9082,0.0
17:06:38,7165.08,7300.0,95.4905,0.0
17:06:38,7165.08,7305.0,6.3165,0.0
17:06:38,7165.08,7310.0,56.9585,0.0
17:06:38,7165.08,7315.0,29.3403,0.0
17:06:38,7165.08,7320.0,72.7014,0.0
17:06:38,7165.08,7325.0,21.8798,0.0
17:06:38,7165.08,7330.0,57.2859,0.0
17:06:38,7165.08,7335.0,0.3669,0.0
17:06:38,7165.08,7340.0,6.7209,0.0
17:06:38,7165.08,7345.0,0.2152,0.0
17:06:38,7165.08,7350.0,29.7588,0.0
17:06:38,7165.08,7360.0,2.9159,247.0
17:06:38,7165.08,7370.0,7.6608,771.0
17:06:38,7165.08,7375.0,25.4988,10617.0
17:06:38,7165.08,7380.0,12.2625,5152.0
17:06:38,7165.08,7390.0,33.0928,2139.0
17:06:38,7165.08,7400.0,15.4658,4230.0
17:06:38,7165.08,7410.0,0.0095,65.0
17:06:38,7165.08,7425.0,4.2126,194.0
17:06:38,7165.08,7450.0,1.5767,474.0
17:06:38,7165.08,7475.0,0.0336,140.0
17:06:38,7165.08,7500.0,0.1662,296.0
17:06:38,7165.08,7550.0,0.0005,0.0
17:06:38,7165.08,7600.0,0.0006,2.0
17:06:38,7165.08,7700.0,0.0001,0.0
17:06:38,7165.08,7800.0,0.0,1.0
17:06:38,7165.08,8000.0,0.0,2.0
17:06:38,7165.08,8800.0,0.0,2.0
17:06:38,7165.08,9200.0,0.0,1.0
17:23:56,7165.08,4600.0,-0.0,4.0
17:23:56,7165.08,5300.0,-0.0,1.0
17:23:56,7165.08,5400.0,-0.0,3.0
17:23:56,7165.08,5500.0,-0.0,1.0
17:23:56,7165.08,5575.0,-0.0,1.0
17:23:56,7165.08,5625.0,-0.0,1.0
17:23:56,7165.08,5650.0,-0.0,1.0
17:23:56,7165.08,5800.0,-0.0,4.0
17:23:56,7165.08,5900.0,-0.0,3.0
17:23:56,7165.08,6000.0,-0.0,24.0
17:23:56,7165.08,6100.0,-0.0,876.0
17:23:56,7165.08,6110.0,-0.0,105.0
17:23:56,7165.08,6120.0,-0.0,81.0
17:23:56,7165.08,6125.0,-0.0,13.0
17:23:56,7165.08,6130.0,-0.0,3.0
17:23:56,7165.08,6140.0,-0.0,100.0
17:23:56,7165.08,6150.0,-0.0,297.0
17:23:56,7165.08,6160.0,-0.0,85.0
17:23:56,7165.08,6170.0,-0.0,87.0
17:23:56,7165.08,6175.0,-0.0,163.0
17:23:56,7165.08,6180.0,-0.0,10.0
17:23:56,7165.08,6190.0,-0.0026,97.0
17:23:56,7165.08,6200.0,-0.0,1177.0
17:23:56,7165.08,6210.0,-0.0984,0.0
17:23:56,7165.08,6220.0,-0.0021,40.0
17:23:56,7165.08,6225.0,-0.0,150.0
17:23:56,7165.08,6230.0,-0.0072,302.0
17:23:56,7165.08,6240.0,-0.0023,60.0
17:23:56,7165.08,6250.0,-0.0,226.0
17:23:56,7165.08,6260.0,-0.0,200.0
17:23:56,7165.08,6270.0,-0.014,101.0
17:23:56,7165.08,6275.0,-0.0,30.0
17:23:56,7165.08,6280.0,0.0002,20.0
17:23:56,7165.08,6290.0,-0.0,38.0
17:23:56,7165.08,6300.0,-0.0,96.0
17:23:56,7165.08,6310.0,-0.0,161.0
17:23:56,7165.08,6320.0,-0.0,10.0
17:23:56,7165.08,6325.0,-0.0,30.0
17:23:56,7165.08,6330.0,-0.0,196.0
17:23:56,7165.08,6340.0,0.0095,10.0
17:23:56,7165.08,6350.0,-0.0,95.0
17:23:56,7165.08,6360.0,-0.0,58.0
17:23:56,7165.08,6370.0,-0.0,50.0
17:23:56,7165.08,6375.0,-0.0,5.0
17:23:56,7165.08,6380.0,-0.0,44.0
17:23:56,7165.08,6390.0,0.0,11.0
17:23:56,7165.08,6400.0,-0.0,152.0
17:23:56,7165.08,6410.0,-0.0,5.0
17:23:56,7165.08,6420.0,-0.0,14.0
17:23:56,7165.08,6425.0,0.0,52.0
17:23:56,7165.08,6430.0,-0.0573,7.0
17:23:56,7165.08,6440.0,-0.0383,44.0
17:23:56,7165.08,6450.0,-0.0,1068.0
17:23:56,7165.08,6460.0,-0.0,80.0
17:23:56,7165.08,6470.0,-0.0,8.0
17:23:56,7165.08,6475.0,-0.0,3.0
17:23:56,7165.08,6480.0,-0.0,35.0
17:23:56,7165.08,6485.0,0.0043,8.0
17:23:56,7165.08,6490.0,-0.0,5.0
17:23:56,7165.08,6495.0,-0.0092,0.0
17:23:56,7165.08,6500.0,-0.0,70.0
17:23:56,7165.08,6505.0,-0.1222,100.0
17:23:56,7165.08,6510.0,-0.0,118.0
17:23:56,7165.08,6515.0,0.0164,117.0
17:23:56,7165.08,6520.0,-0.0,29.0
17:23:56,7165.08,6525.0,-0.0,4.0
17:23:56,7165.08,6530.0,-0.0,1.0
17:23:56,7165.08,6535.0,-0.0805,64.0
17:23:56,7165.08,6540.0,-0.0,22.0
17:23:56,7165.08,6545.0,-0.0131,58.0
17:23:56,7165.08,6550.0,-0.2663,0.0
17:23:56,7165.08,6555.0,0.0576,27.0
17:23:56,7165.08,6560.0,-0.0,15.0
17:23:56,7165.08,6565.0,-0.0552,3.0
17:23:56,7165.08,6570.0,0.0,1.0
17:23:56,7165.08,6580.0,0.0649,13.0
17:23:56,7165.08,6585.0,-0.0766,48.0
17:23:56,7165.08,6590.0,0.0474,57.0
17:23:56,7165.08,6595.0,-0.0,79.0
17:23:56,7165.08,6600.0,-0.0,4.0
17:23:56,7165.08,6605.0,-0.0,30.0
17:23:56,7165.08,6610.0,0.1515,106.0
17:23:56,7165.08,6615.0,-0.0,95.0
17:23:56,7165.08,6620.0,0.1026,80.0
17:23:56,7165.08,6625.0,0.0,16.0
17:23:56,7165.08,6630.0,-0.0,40.0
17:23:56,7165.08,6635.0,-0.1048,137.0
17:23:56,7165.08,6640.0,0.145,87.0
17:23:56,7165.08,6645.0,-0.1235,27.0
17:23:56,7165.08,6650.0,-0.0,3.0
17:23:56,7165.08,6655.0,-0.1014,70.0
17:23:56,7165.08,6660.0,-0.1662,88.0
17:23:56,7165.08,6665.0,-0.0,6.0
17:23:56,7165.08,6670.0,-0.0568,3.0
17:23:56,7165.08,6675.0,0.0,248.0
17:23:56,7165.08,6680.0,-0.3832,62.0
17:23:56,7165.08,6685.0,-0.0,287.0
17:23:56,7165.08,6690.0,-1.1985,139.0
17:23:56,7165.08,6695.0,-0.0,31.0
17:23:56,7165.08,6700.0,-0.0014,1429.0
17:23:56,7165.08,6705.0,-0.0001,49.0
17:23:56,7165.08,6710.0,-0.5515,565.0
17:23:56,7165.08,6715.0,-0.0002,161.0
17:23:56,7165.08,6720.0,-0.0004,44.0
17:23:56,7165.08,6725.0,-0.0006,1300.0
17:23:56,7165.08,6730.0,-0.0008,63.0
17:23:56,7165.08,6735.0,0.0255,56.0
17:23:56,7165.08,6740.0,-0.0022,181.0
17:23:56,7165.08,6745.0,-0.0006,86.0
17:23:56,7165.08,6750.0,-0.0094,3696.0
17:23:56,7165.08,6755.0,-0.0019,153.0
17:23:56,7165.08,6760.0,-1.966,1867.0
17:23:56,7165.08,6765.0,-0.0031,293.0
17:23:56,7165.08,6770.0,-1.806,136.0
17:23:56,7165.08,6775.0,-0.0042,3448.0
17:23:56,7165.08,6780.0,-0.0111,276.0
17:23:56,7165.08,6785.0,0.0242,130.0
17:23:56,7165.08,6790.0,-0.0215,194.0
17:23:56,7165.08,6795.0,-0.0608,159.0
17:23:56,7165.08,6800.0,-11.7331,2592.0
17:23:56,7165.08,6805.0,-4.2882,347.0
17:23:56,7165.08,6810.0,-3.7409,704.0
17:23:56,7165.08,6815.0,-0.0214,296.0
17:23:56,7165.08,6820.0,-1.649,158.0
17:23:56,7165.08,6825.0,2.1811,1565.0
17:23:56,7165.08,6830.0,-0.0506,188.0
17:23:56,7165.08,6835.0,-0.9594,221.0
17:23:56,7165.08,6840.0,-0.16,1189.0
17:23:56,7165.08,6845.0,-0.2437,4310.0
17:23:56,7165.08,6850.0,-7.8118,4335.0
17:23:56,7165.08,6855.0,-0.413,665.0
17:23:56,7165.08,6860.0,-4.3119,0.0
17:23:56,7165.08,6865.0,-0.6827,0.0
17:23:56,7165.08,6870.0,-0.2721,0.0
17:23:56,7165.08,6875.0,-0.6819,0.0
17:23:56,7165.08,6880.0,-1.0618,0.0
17:23:56,7165.08,6885.0,-13.817,3.0
17:23:56,7165.08,6890.0,-0.825,0.0
17:23:56,7165.08,6895.0,-58.1265,13.0
17:23:56,7165.08,6900.0,-36.6982,0.0
17:23:56,7165.08,6905.0,-2.7141,0.0
17:23:56,7165.08,6910.0,-1.4923,0.0
17:23:56,7165.08,6915.0,-1.2064,82.0
17:23:56,7165.08,6920.0,-0.7761,91.0
17:23:56,7165.08,6925.0,0.7624,791.0
17:23:56,7165.08,6930.0,-5.7977,0.0
17:23:56,7165.08,6935.0,-5.0962,0.0
17:23:56,7165.08,6940.0,1.0832,0.0
17:23:56,7165.08,6945.0,-39.7964,0.0
17:23:56,7165.08,6950.0,-55.891,117.0
17:23:56,7165.08,6955.0,-32.2255,0.0
17:23:56,7165.08,6960.0,-13.141,0.0
17:23:56,7165.08,6965.0,-6.3978,0.0
17:23:56,7165.08,6970.0,-4.1436,0.0
17:23:56,7165.08,6975.0,-15.0898,2648.0
17:23:56,7165.08,6980.0,-14.1651,0.0
17:23:56,7165.08,6985.0,-12.9409,32.0
17:23:56,7165.08,6990.0,-17.337,0.0
17:23:56,7165.08,6995.0,-16.8528,0.0
17:23:56,7165.08,7000.0,-11.9001,0.0
17:23:56,7165.08,7005.0,-126.486,0.0
17:23:56,7165.08,7010.0,-3.803,0.0
17:23:56,7165.08,7015.0,-10.6915,0.0
17:23:56,7165.08,7020.0,-4.5042,0.0
17:23:56,7165.08,7025.0,-23.4067,0.0
17:23:56,7165.08,7030.0,43.0428,0.0
17:23:56,7165.08,7035.0,-20.2507,0.0
17:23:56,7165.08,7040.0,-19.4179,0.0
17:23:56,7165.08,7045.0,308.3998,0.0
17:23:56,7165.08,7050.0,-123.7781,0.0
17:23:56,7165.08,7055.0,-195.4224,0.0
17:23:56,7165.08,7060.0,-22.1311,0.0
17:23:56,7165.08,7065.0,-15.1002,0.0
17:23:56,7165.08,7070.0,3.1324,0.0
17:23:56,7165.08,7075.0,-68.9882,0.0
17:23:56,7165.08,7080.0,-46.3397,0.0
17:23:56,7165.08,7085.0,-23.0963,0.0
17:23:56,7165.08,7090.0,-49.5119,0.0
17:23:56,7165.08,7095.0,-15.3363,0.0
17:23:56,7165.08,7100.0,127.8095,10605.0
17:23:56,7165.08,7105.0,18.294,0.0
17:23:56,7165.08,7110.0,-24.7531,0.0
17:23:56,7165.08,7115.0,22.6923,0.0
17:23:56,7165.08,7120.0,74.7954,0.0
17:23:56,7165.08,7125.0,1.3871,0.0
17:23:56,7165.08,7130.0,1432.7542,0.0
17:23:56,7165.08,7135.0,33.2303,0.0
17:23:56,7165.08,7140.0,281.7618,1894.0
17:23:56,7165.08,7145.0,40.4458,0.0
17:23:56,7165.08,7150.0,95.4028,0.0
17:23:56,7165.08,7155.0,654.3267,0.0
17:23:56,7165.08,7160.0,1144.1108,0.0
17:23:56,7165.08,7165.0,49.9362,0.0
17:23:56,7165.08,7170.0,200.338,0.0
17:23:56,7165.08,7175.0,324.0935,0.0
17:23:56,7165.08,7180.0,122.0941,0.0
17:23:56,7165.08,7185.0,76.5426,0.0
17:23:56,7165.08,7190.0,143.775,0.0
17:23:56,7165.08,7195.0,111.0354,0.0
17:23:56,7165.08,7200.0,681.2964,10217.0
17:23:56,7165.08,7205.0,78.608,0.0
17:23:56,7165.08,7210.0,213.0405,0.0
17:23:56,7165.08,7215.0,117.7262,0.0
17:23:56,7165.08,7220.0,216.5669,0.0
17:23:56,7165.08,7225.0,166.4071,0.0
17:23:56,7165.08,7230.0,178.4028,0.0
17:23:56,7165.08,7235.0,68.8201,0.0
17:23:56,7165.08,7240.0,182.2312,0.0
17:23:56,7165.08,7245.0,89.3606,0.0
17:23:56,7165.08,7250.0,1201.5839,0.0
17:23:56,7165.08,7255.0,447.6,0.0
17:23:56,7165.08,7260.0,120.2444,0.0
17:23:56,7165.08,7265.0,101.798,0.0
17:23:56,7165.08,7270.0,162.8743,0.0
17:23:56,7165.08,7275.0,281.902,0.0
17:23:56,7165.08,7280.0,198.4675,0.0
17:23:56,7165.08,7285.0,46.405,0.0
17:23:56,7165.08,7290.0,104.0849,0.0
17:23:56,7165.08,7295.0,43.9082,0.0
17:23:56,7165.08,7300.0,95.4905,0.0
17:23:56,7165.08,7305.0,6.3165,0.0
17:23:56,7165.08,7310.0,56.9585,0.0
17:23:56,7165.08,7315.0,29.3403,0.0
17:23:56,7165.08,7320.0,72.7014,0.0
17:23:56,7165.08,7325.0,21.8798,0.0
17:23:56,7165.08,7330.0,57.2859,0.0
17:23:56,7165.08,7335.0,0.3669,0.0
17:23:56,7165.08,7340.0,6.7209,0.0
17:23:56,7165.08,7345.0,0.2152,0.0
17:23:56,7165.08,7350.0,29.7588,0.0
17:23:56,7165.08,7360.0,2.9159,247.0
17:23:56,7165.08,7370.0,7.6608,771.0
17:23:56,7165.08,7375.0,25.4988,10617.0
17:23:56,7165.08,7380.0,12.2625,5152.0
17:23:56,7165.08,7390.0,33.0928,2139.0
17:23:56,7165.08,7400.0,15.4658,4230.0
17:23:56,7165.08,7410.0,0.0095,65.0
17:23:56,7165.08,7425.0,4.2126,194.0
17:23:56,7165.08,7450.0,1.5767,474.0
17:23:56,7165.08,7475.0,0.0336,140.0
17:23:56,7165.08,7500.0,0.1662,296.0
17:23:56,7165.08,7550.0,0.0005,0.0
17:23:56,7165.08,7600.0,0.0006,2.0
17:23:56,7165.08,7700.0,0.0001,0.0
17:23:56,7165.08,7800.0,0.0,1.0
17:23:56,7165.08,8000.0,0.0,2.0
17:23:56,7165.08,8800.0,0.0,2.0
17:23:56,7165.08,9200.0,0.0,1.0
17:33:19,7165.08,4600.0,-0.0,4.0
17:33:19,7165.08,5300.0,-0.0,1.0
17:33:19,7165.08,5400.0,-0.0,3.0
17:33:19,7165.08,5500.0,-0.0,1.0
17:33:19,7165.08,5575.0,-0.0,1.0
17:33:19,7165.08,5625.0,-0.0,1.0
17:33:19,7165.08,5650.0,-0.0,1.0
17:33:19,7165.08,5800.0,-0.0,4.0
17:33:19,7165.08,5900.0,-0.0,3.0
17:33:19,7165.08,6000.0,-0.0,24.0
17:33:19,7165.08,6100.0,-0.0,876.0
17:33:19,7165.08,6110.0,-0.0,105.0
17:33:19,7165.08,6120.0,-0.0,81.0
17:33:19,7165.08,6125.0,-0.0,13.0
17:33:19,7165.08,6130.0,-0.0,3.0
17:33:19,7165.08,6140.0,-0.0,100.0
17:33:19,7165.08,6150.0,-0.0,297.0
17:33:19,7165.08,6160.0,-0.0,85.0
17:33:19,7165.08,6170.0,-0.0,87.0
17:33:19,7165.08,6175.0,-0.0,163.0
17:33:19,7165.08,6180.0,-0.0,10.0
17:33:19,7165.08,6190.0,-0.0026,97.0
17:33:19,7165.08,6200.0,-0.0,1177.0
17:33:19,7165.08,6210.0,-0.0984,0.0
17:33:19,7165.08,6220.0,-0.0021,40.0
17:33:19,7165.08,6225.0,-0.0,150.0
17:33:19,7165.08,6230.0,-0.0072,302.0
17:33:19,7165.08,6240.0,-0.0023,60.0
17:33:19,7165.08,6250.0,-0.0,226.0
17:33:19,7165.08,6260.0,-0.0,200.0
17:33:19,7165.08,6270.0,-0.014,101.0
17:33:19,7165.08,6275.0,-0.0,30.0
17:33:19,7165.08,6280.0,0.0002,20.0
17:33:19,7165.08,6290.0,-0.0,38.0
17:33:19,7165.08,6300.0,-0.0,96.0
17:33:19,7165.08,6310.0,-0.0,161.0
17:33:19,7165.08,6320.0,-0.0,10.0
17:33:19,7165.08,6325.0,-0.0,30.0
17:33:19,7165.08,6330.0,-0.0,196.0
17:33:19,7165.08,6340.0,0.0095,10.0
17:33:19,7165.08,6350.0,-0.0,95.0
17:33:19,7165.08,6360.0,-0.0,58.0
17:33:19,7165.08,6370.0,-0.0,50.0
17:33:19,7165.08,6375.0,-0.0,5.0
17:33:19,7165.08,6380.0,-0.0,44.0
17:33:19,7165.08,6390.0,0.0,11.0
17:33:19,7165.08,6400.0,-0.0,152.0
17:33:19,7165.08,6410.0,-0.0,5.0
17:33:19,7165.08,6420.0,-0.0,14.0
17:33:19,7165.08,6425.0,0.0,52.0
17:33:19,7165.08,6430.0,-0.0573,7.0
17:33:19,7165.08,6440.0,-0.0383,44.0
17:33:19,7165.08,6450.0,-0.0,1068.0
17:33:19,7165.08,6460.0,-0.0,80.0
17:33:19,7165.08,6470.0,-0.0,8.0
17:33:19,7165.08,6475.0,-0.0,3.0
17:33:19,7165.08,6480.0,-0.0,35.0
17:33:19,7165.08,6485.0,0.0043,8.0
17:33:19,7165.08,6490.0,-0.0,5.0
17:33:19,7165.08,6495.0,-0.0092,0.0
17:33:19,7165.08,6500.0,-0.0,70.0
17:33:19,7165.08,6505.0,-0.1222,100.0
17:33:19,7165.08,6510.0,-0.0,118.0
17:33:19,7165.08,6515.0,0.0164,117.0
17:33:19,7165.08,6520.0,-0.0,29.0
17:33:19,7165.08,6525.0,-0.0,4.0
17:33:19,7165.08,6530.0,-0.0,1.0
17:33:19,7165.08,6535.0,-0.0805,64.0
17:33:19,7165.08,6540.0,-0.0,22.0
17:33:19,7165.08,6545.0,-0.0131,58.0
17:33:19,7165.08,6550.0,-0.2663,0.0
17:33:19,7165.08,6555.0,0.0576,27.0
17:33:19,7165.08,6560.0,-0.0,15.0
17:33:19,7165.08,6565.0,-0.0552,3.0
17:33:19,7165.08,6570.0,0.0,1.0
17:33:19,7165.08,6580.0,0.0649,13.0
17:33:19,7165.08,6585.0,-0.0766,48.0
17:33:19,7165.08,6590.0,0.0474,57.0
17:33:19,7165.08,6595.0,-0.0,79.0
17:33:19,7165.08,6600.0,-0.0,4.0
17:33:19,7165.08,6605.0,-0.0,30.0
17:33:19,7165.08,6610.0,0.1515,106.0
17:33:19,7165.08,6615.0,-0.0,95.0
17:33:19,7165.08,6620.0,0.1026,80.0
17:33:19,7165.08,6625.0,0.0,16.0
17:33:19,7165.08,6630.0,-0.0,40.0
17:33:19,7165.08,6635.0,-0.1048,137.0
17:33:19,7165.08,6640.0,0.145,87.0
17:33:19,7165.08,6645.0,-0.1235,27.0
17:33:19,7165.08,6650.0,-0.0,3.0
17:33:19,7165.08,6655.0,-0.1014,70.0
17:33:19,7165.08,6660.0,-0.1662,88.0
17:33:19,7165.08,6665.0,-0.0,6.0
17:33:19,7165.08,6670.0,-0.0568,3.0
17:33:19,7165.08,6675.0,0.0,248.0
17:33:19,7165.08,6680.0,-0.3832,62.0
17:33:19,7165.08,6685.0,-0.0,287.0
17:33:19,7165.08,6690.0,-1.1985,139.0
17:33:19,7165.08,6695.0,-0.0,31.0
17:33:19,7165.08,6700.0,-0.0014,1429.0
17:33:19,7165.08,6705.0,-0.0001,49.0
17:33:19,7165.08,6710.0,-0.5515,565.0
17:33:19,7165.08,6715.0,-0.0002,161.0
17:33:19,7165.08,6720.0,-0.0004,44.0
17:33:19,7165.08,6725.0,-0.0006,1300.0
17:33:19,7165.08,6730.0,-0.0008,63.0
17:33:19,7165.08,6735.0,0.0255,56.0
17:33:19,7165.08,6740.0,-0.0022,181.0
17:33:19,7165.08,6745.0,-0.0006,86.0
17:33:19,7165.08,6750.0,-0.0094,3696.0
17:33:19,7165.08,6755.0,-0.0019,153.0
17:33:19,7165.08,6760.0,-1.966,1867.0
17:33:19,7165.08,6765.0,-0.0031,293.0
17:33:19,7165.08,6770.0,-1.806,136.0
17:33:19,7165.08,6775.0,-0.0042,3448.0
17:33:19,7165.08,6780.0,-0.0111,276.0
17:33:19,7165.08,6785.0,0.0242,130.0
17:33:19,7165.08,6790.0,-0.0215,194.0
17:33:19,7165.08,6795.0,-0.0608,159.0
17:33:19,7165.08,6800.0,-11.7331,2592.0
17:33:19,7165.08,6805.0,-4.2882,347.0
17:33:19,7165.08,6810.0,-3.7409,704.0
17:33:19,7165.08,6815.0,-0.0214,296.0
17:33:19,7165.08,6820.0,-1.649,158.0
17:33:19,7165.08,6825.0,2.1811,1565.0
17:33:19,7165.08,6830.0,-0.0506,188.0
17:33:19,7165.08,6835.0,-0.9594,221.0
17:33:19,7165.08,6840.0,-0.16,1189.0
17:33:19,7165.08,6845.0,-0.2437,4310.0
17:33:19,7165.08,6850.0,-7.8118,4335.0
17:33:19,7165.08,6855.0,-0.413,665.0
17:33:19,7165.08,6860.0,-4.3119,0.0
17:33:19,7165.08,6865.0,-0.6827,0.0
17:33:19,7165.08,6870.0,-0.2721,0.0
17:33:19,7165.08,6875.0,-0.6819,0.0
17:33:19,7165.08,6880.0,-1.0618,0.0
17:33:19,7165.08,6885.0,-13.817,3.0
17:33:19,7165.08,6890.0,-0.825,0.0
17:33:19,7165.08,6895.0,-58.1265,13.0
17:33:19,7165.08,6900.0,-36.6982,0.0
17:33:19,7165.08,6905.0,-2.7141,0.0
17:33:19,7165.08,6910.0,-1.4923,0.0
17:33:19,7165.08,6915.0,-1.2064,82.0
17:33:19,7165.08,6920.0,-0.7761,91.0
17:33:19,7165.08,6925.0,0.7624,791.0
17:33:19,7165.08,6930.0,-5.7977,0.0
17:33:19,7165.08,6935.0,-5.0962,0.0
17:33:19,7165.08,6940.0,1.0832,0.0
17:33:19,7165.08,6945.0,-39.7964,0.0
17:33:19,7165.08,6950.0,-55.891,117.0
17:33:19,7165.08,6955.0,-32.2255,0.0
17:33:19,7165.08,6960.0,-13.141,0.0
17:33:19,7165.08,6965.0,-6.3978,0.0
17:33:19,7165.08,6970.0,-4.1436,0.0
17:33:19,7165.08,6975.0,-15.0898,2648.0
17:33:19,7165.08,6980.0,-14.1651,0.0
17:33:19,7165.08,6985.0,-12.9409,32.0
17:33:19,7165.08,6990.0,-17.337,0.0
17:33:19,7165.08,6995.0,-16.8528,0.0
17:33:19,7165.08,7000.0,-11.9001,0.0
17:33:19,7165.08,7005.0,-126.486,0.0
17:33:19,7165.08,7010.0,-3.803,0.0
17:33:19,7165.08,7015.0,-10.6915,0.0
17:33:19,7165.08,7020.0,-4.5042,0.0
17:33:19,7165.08,7025.0,-23.4067,0.0
17:33:19,7165.08,7030.0,43.0428,0.0
17:33:19,7165.08,7035.0,-20.2507,0.0
17:33:19,7165.08,7040.0,-19.4179,0.0
17:33:19,7165.08,7045.0,308.3998,0.0
17:33:19,7165.08,7050.0,-123.7781,0.0
17:33:19,7165.08,7055.0,-195.4224,0.0
17:33:19,7165.08,7060.0,-22.1311,0.0
17:33:19,7165.08,7065.0,-15.1002,0.0
17:33:19,7165.08,7070.0,3.1324,0.0
17:33:19,7165.08,7075.0,-68.9882,0.0
17:33:19,7165.08,7080.0,-46.3397,0.0
17:33:19,7165.08,7085.0,-23.0963,0.0
17:33:19,7165.08,7090.0,-49.5119,0.0
17:33:19,7165.08,7095.0,-15.3363,0.0
17:33:19,7165.08,7100.0,127.8095,10605.0
17:33:19,7165.08,7105.0,18.294,0.0
17:33:19,7165.08,7110.0,-24.7531,0.0
17:33:19,7165.08,7115.0,22.6923,0.0
17:33:19,7165.08,7120.0,74.7954,0.0
17:33:19,7165.08,7125.0,1.3871,0.0
17:33:19,7165.08,7130.0,1432.7542,0.0
17:33:19,7165.08,7135.0,33.2303,0.0
17:33:19,7165.08,7140.0,281.7618,1894.0
17:33:19,7165.08,7145.0,40.4458,0.0
17:33:19,7165.08,7150.0,95.4028,0.0
17:33:19,7165.08,7155.0,654.3267,0.0
17:33:19,7165.08,7160.0,1144.1108,0.0
17:33:19,7165.08,7165.0,49.9362,0.0
17:33:19,7165.08,7170.0,200.338,0.0
17:33:19,7165.08,7175.0,324.0935,0.0
17:33:19,7165.08,7180.0,122.0941,0.0
17:33:19,7165.08,7185.0,76.5426,0.0
17:33:19,7165.08,7190.0,143.775,0.0
17:33:19,7165.08,7195.0,111.0354,0.0
17:33:19,7165.08,7200.0,681.2964,10217.0
17:33:19,7165.08,7205.0,78.608,0.0
17:33:19,7165.08,7210.0,213.0405,0.0
17:33:19,7165.08,7215.0,117.7262,0.0
17:33:19,7165.08,7220.0,216.5669,0.0
17:33:19,7165.08,7225.0,166.4071,0.0
17:33:19,7165.08,7230.0,178.4028,0.0
17:33:19,7165.08,7235.0,68.8201,0.0
17:33:19,7165.08,7240.0,182.2312,0.0
17:33:19,7165.08,7245.0,89.3606,0.0
17:33:19,7165.08,7250.0,1201.5839,0.0
17:33:19,7165.08,7255.0,447.6,0.0
17:33:19,7165.08,7260.0,120.2444,0.0
17:33:19,7165.08,7265.0,101.798,0.0
17:33:19,7165.08,7270.0,162.8743,0.0
17:33:19,7165.08,7275.0,281.902,0.0
17:33:19,7165.08,7280.0,198.4675,0.0
17:33:19,7165.08,7285.0,46.405,0.0
17:33:19,7165.08,7290.0,104.0849,0.0
17:33:19,7165.08,7295.0,43.9082,0.0
17:33:19,7165.08,7300.0,95.4905,0.0
17:33:19,7165.08,7305.0,6.3165,0.0
17:33:19,7165.08,7310.0,56.9585,0.0
17:33:19,7165.08,7315.0,29.3403,0.0
17:33:19,7165.08,7320.0,72.7014,0.0
17:33:19,7165.08,7325.0,21.8798,0.0
17:33:19,7165.08,7330.0,57.2859,0.0
17:33:19,7165.08,7335.0,0.3669,0.0
17:33:19,7165.08,7340.0,6.7209,0.0
17:33:19,7165.08,7345.0,0.2152,0.0
17:33:19,7165.08,7350.0,29.7588,0.0
17:33:19,7165.08,7360.0,2.9159,247.0
17:33:19,7165.08,7370.0,7.6608,771.0
17:33:19,7165.08,7375.0,25.4988,10617.0
17:33:19,7165.08,7380.0,12.2625,5152.0
17:33:19,7165.08,7390.0,33.0928,2139.0
17:33:19,7165.08,7400.0,15.4658,4230.0
17:33:19,7165.08,7410.0,0.0095,65.0
17:33:19,7165.08,7425.0,4.2126,194.0
17:33:19,7165.08,7450.0,1.5767,474.0
17:33:19,7165.08,7475.0,0.0336,140.0
17:33:19,7165.08,7500.0,0.1662,296.0
17:33:19,7165.08,7550.0,0.0005,0.0
17:33:19,7165.08,7600.0,0.0006,2.0
17:33:19,7165.08,7700.0,0.0001,0.0
17:33:19,7165.08,7800.0,0.0,1.0
17:33:19,7165.08,8000.0,0.0,2.0
17:33:19,7165.08,8800.0,0.0,2.0
17:33:19,7165.08,9200.0,0.0,1.0
17:38:38,7165.08,4600.0,-0.0,4.0
17:38:38,7165.08,5300.0,-0.0,1.0
17:38:38,7165.08,5400.0,-0.0,3.0
17:38:38,7165.08,5500.0,-0.0,1.0
17:38:38,7165.08,5575.0,-0.0,1.0
17:38:38,7165.08,5625.0,-0.0,1.0
17:38:38,7165.08,5650.0,-0.0,1.0
17:38:38,7165.08,5800.0,-0.0,4.0
17:38:38,7165.08,5900.0,-0.0,3.0
17:38:38,7165.08,6000.0,-0.0,24.0
17:38:38,7165.08,6100.0,-0.0,876.0
17:38:38,7165.08,6110.0,-0.0,105.0
17:38:38,7165.08,6120.0,-0.0,81.0
17:38:38,7165.08,6125.0,-0.0,13.0
17:38:38,7165.08,6130.0,-0.0,3.0
17:38:38,7165.08,6140.0,-0.0,100.0
17:38:38,7165.08,6150.0,-0.0,297.0
17:38:38,7165.08,6160.0,-0.0,85.0
17:38:38,7165.08,6170.0,-0.0,87.0
17:38:38,7165.08,6175.0,-0.0,163.0
17:38:38,7165.08,6180.0,-0.0,10.0
17:38:38,7165.08,6190.0,-0.0026,97.0
17:38:38,7165.08,6200.0,-0.0,1177.0
17:38:38,7165.08,6210.0,-0.0984,0.0
17:38:38,7165.08,6220.0,-0.0021,40.0
17:38:38,7165.08,6225.0,-0.0,150.0
17:38:38,7165.08,6230.0,-0.0072,302.0
17:38:38,7165.08,6240.0,-0.0023,60.0
17:38:38,7165.08,6250.0,-0.0,226.0
17:38:38,7165.08,6260.0,-0.0,200.0
17:38:38,7165.08,6270.0,-0.014,101.0
17:38:38,7165.08,6275.0,-0.0,30.0
17:38:38,7165.08,6280.0,0.0002,20.0
17:38:38,7165.08,6290.0,-0.0,38.0
17:38:38,7165.08,6300.0,-0.0,96.0
17:38:38,7165.08,6310.0,-0.0,161.0
17:38:38,7165.08,6320.0,-0.0,10.0
17:38:38,7165.08,6325.0,-0.0,30.0
17:38:38,7165.08,6330.0,-0.0,196.0
17:38:38,7165.08,6340.0,0.0095,10.0
17:38:38,7165.08,6350.0,-0.0,95.0
17:38:38,7165.08,6360.0,-0.0,58.0
17:38:38,7165.08,6370.0,-0.0,50.0
17:38:38,7165.08,6375.0,-0.0,5.0
17:38:38,7165.08,6380.0,-0.0,44.0
17:38:38,7165.08,6390.0,0.0,11.0
17:38:38,7165.08,6400.0,-0.0,152.0
17:38:38,7165.08,6410.0,-0.0,5.0
17:38:38,7165.08,6420.0,-0.0,14.0
17:38:38,7165.08,6425.0,0.0,52.0
17:38:38,7165.08,6430.0,-0.0573,7.0
17:38:38,7165.08,6440.0,-0.0383,44.0
17:38:38,7165.08,6450.0,-0.0,1068.0
17:38:38,7165.08,6460.0,-0.0,80.0
17:38:38,7165.08,6470.0,-0.0,8.0
17:38:38,7165.08,6475.0,-0.0,3.0
17:38:38,7165.08,6480.0,-0.0,35.0
17:38:38,7165.08,6485.0,0.0043,8.0
17:38:38,7165.08,6490.0,-0.0,5.0
17:38:38,7165.08,6495.0,-0.0092,0.0
17:38:38,7165.08,6500.0,-0.0,70.0
17:38:38,7165.08,6505.0,-0.1222,100.0
17:38:38,7165.08,6510.0,-0.0,118.0
17:38:38,7165.08,6515.0,0.0164,117.0
17:38:38,7165.08,6520.0,-0.0,29.0
17:38:38,7165.08,6525.0,-0.0,4.0
17:38:38,7165.08,6530.0,-0.0,1.0
17:38:38,7165.08,6535.0,-0.0805,64.0
17:38:38,7165.08,6540.0,-0.0,22.0
17:38:38,7165.08,6545.0,-0.0131,58.0
17:38:38,7165.08,6550.0,-0.2663,0.0
17:38:38,7165.08,6555.0,0.0576,27.0
17:38:38,7165.08,6560.0,-0.0,15.0
17:38:38,7165.08,6565.0,-0.0552,3.0
17:38:38,7165.08,6570.0,0.0,1.0
17:38:38,7165.08,6580.0,0.0649,13.0
17:38:38,7165.08,6585.0,-0.0766,48.0
17:38:38,7165.08,6590.0,0.0474,57.0
17:38:38,7165.08,6595.0,-0.0,79.0
17:38:38,7165.08,6600.0,-0.0,4.0
17:38:38,7165.08,6605.0,-0.0,30.0
17:38:38,7165.08,6610.0,0.1515,106.0
17:38:38,7165.08,6615.0,-0.0,95.0
17:38:38,7165.08,6620.0,0.1026,80.0
17:38:38,7165.08,6625.0,0.0,16.0
17:38:38,7165.08,6630.0,-0.0,40.0
17:38:38,7165.08,6635.0,-0.1048,137.0
17:38:38,7165.08,6640.0,0.145,87.0
17:38:38,7165.08,6645.0,-0.1235,27.0
17:38:38,7165.08,6650.0,-0.0,3.0
17:38:38,7165.08,6655.0,-0.1014,70.0
17:38:38,7165.08,6660.0,-0.1662,88.0
17:38:38,7165.08,6665.0,-0.0,6.0
17:38:38,7165.08,6670.0,-0.0568,3.0
17:38:38,7165.08,6675.0,0.0,248.0
17:38:38,7165.08,6680.0,-0.3832,62.0
17:38:38,7165.08,6685.0,-0.0,287.0
17:38:38,7165.08,6690.0,-1.1985,139.0
17:38:38,7165.08,6695.0,-0.0,31.0
17:38:38,7165.08,6700.0,-0.0014,1429.0
17:38:38,7165.08,6705.0,-0.0001,49.0
17:38:38,7165.08,6710.0,-0.5515,565.0
17:38:38,7165.08,6715.0,-0.0002,161.0
17:38:38,7165.08,6720.0,-0.0004,44.0
17:38:38,7165.08,6725.0,-0.0006,1300.0
17:38:38,7165.08,6730.0,-0.0008,63.0
17:38:38,7165.08,6735.0,0.0255,56.0
17:38:38,7165.08,6740.0,-0.0022,181.0
17:38:38,7165.08,6745.0,-0.0006,86.0
17:38:38,7165.08,6750.0,-0.0094,3696.0
17:38:38,7165.08,6755.0,-0.0019,153.0
17:38:38,7165.08,6760.0,-1.966,1867.0
17:38:38,7165.08,6765.0,-0.0031,293.0
17:38:38,7165.08,6770.0,-1.806,136.0
17:38:38,7165.08,6775.0,-0.0042,3448.0
17:38:38,7165.08,6780.0,-0.0111,276.0
17:38:38,7165.08,6785.0,0.0242,130.0
17:38:38,7165.08,6790.0,-0.0215,194.0
17:38:38,7165.08,6795.0,-0.0608,159.0
17:38:38,7165.08,6800.0,-11.7331,2592.0
17:38:38,7165.08,6805.0,-4.2882,347.0
17:38:38,7165.08,6810.0,-3.7409,704.0
17:38:38,7165.08,6815.0,-0.0214,296.0
17:38:38,7165.08,6820.0,-1.649,158.0
17:38:38,7165.08,6825.0,2.1811,1565.0
17:38:38,7165.08,6830.0,-0.0506,188.0
17:38:38,7165.08,6835.0,-0.9594,221.0
17:38:38,7165.08,6840.0,-0.16,1189.0
17:38:38,7165.08,6845.0,-0.2437,4310.0
17:38:38,7165.08,6850.0,-7.8118,4335.0
17:38:38,7165.08,6855.0,-0.413,665.0
17:38:38,7165.08,6860.0,-4.3119,0.0
17:38:38,7165.08,6865.0,-0.6827,0.0
17:38:38,7165.08,6870.0,-0.2721,0.0
17:38:38,7165.08,6875.0,-0.6819,0.0
17:38:38,7165.08,6880.0,-1.0618,0.0
17:38:38,7165.08,6885.0,-13.817,3.0
17:38:38,7165.08,6890.0,-0.825,0.0
17:38:38,7165.08,6895.0,-58.1265,13.0
17:38:38,7165.08,6900.0,-36.6982,0.0
17:38:38,7165.08,6905.0,-2.7141,0.0
17:38:38,7165.08,6910.0,-1.4923,0.0
17:38:38,7165.08,6915.0,-1.2064,82.0
17:38:38,7165.08,6920.0,-0.7761,91.0
17:38:38,7165.08,6925.0,0.7624,791.0
17:38:38,7165.08,6930.0,-5.7977,0.0
17:38:38,7165.08,6935.0,-5.0962,0.0
17:38:38,7165.08,6940.0,1.0832,0.0
17:38:38,7165.08,6945.0,-39.7964,0.0
17:38:38,7165.08,6950.0,-55.891,117.0
17:38:38,7165.08,6955.0,-32.2255,0.0
17:38:38,7165.08,6960.0,-13.141,0.0
17:38:38,7165.08,6965.0,-6.3978,0.0
17:38:38,7165.08,6970.0,-4.1436,0.0
17:38:38,7165.08,6975.0,-15.0898,2648.0
17:38:38,7165.08,6980.0,-14.1651,0.0
17:38:38,7165.08,6985.0,-12.9409,32.0
17:38:38,7165.08,6990.0,-17.337,0.0
17:38:38,7165.08,6995.0,-16.8528,0.0
17:38:38,7165.08,7000.0,-11.9001,0.0
17:38:38,7165.08,7005.0,-126.486,0.0
17:38:38,7165.08,7010.0,-3.803,0.0
17:38:38,7165.08,7015.0,-10.6915,0.0
17:38:38,7165.08,7020.0,-4.5042,0.0
17:38:38,7165.08,7025.0,-23.4067,0.0
17:38:38,7165.08,7030.0,43.0428,0.0
17:38:38,7165.08,7035.0,-20.2507,0.0
17:38:38,7165.08,7040.0,-19.4179,0.0
17:38:38,7165.08,7045.0,308.3998,0.0
17:38:38,7165.08,7050.0,-123.7781,0.0
17:38:38,7165.08,7055.0,-195.4224,0.0
17:38:38,7165.08,7060.0,-22.1311,0.0
17:38:38,7165.08,7065.0,-15.1002,0.0
17:38:38,7165.08,7070.0,3.1324,0.0
17:38:38,7165.08,7075.0,-68.9882,0.0
17:38:38,7165.08,7080.0,-46.3397,0.0
17:38:38,7165.08,7085.0,-23.0963,0.0
17:38:38,7165.08,7090.0,-49.5119,0.0
17:38:38,7165.08,7095.0,-15.3363,0.0
17:38:38,7165.08,7100.0,127.8095,10605.0
17:38:38,7165.08,7105.0,18.294,0.0
17:38:38,7165.08,7110.0,-24.7531,0.0
17:38:38,7165.08,7115.0,22.6923,0.0
17:38:38,7165.08,7120.0,74.7954,0.0
17:38:38,7165.08,7125.0,1.3871,0.0
17:38:38,7165.08,7130.0,1432.7542,0.0
17:38:38,7165.08,7135.0,33.2303,0.0
17:38:38,7165.08,7140.0,281.7618,1894.0
17:38:38,7165.08,7145.0,40.4458,0.0
17:38:38,7165.08,7150.0,95.4028,0.0
17:38:38,7165.08,7155.0,654.3267,0.0
17:38:38,7165.08,7160.0,1144.1108,0.0
17:38:38,7165.08,7165.0,49.9362,0.0
17:38:38,7165.08,7170.0,200.338,0.0
17:38:38,7165.08,7175.0,324.0935,0.0
17:38:38,7165.08,7180.0,122.0941,0.0
17:38:38,7165.08,7185.0,76.5426,0.0
17:38:38,7165.08,7190.0,143.775,0.0
17:38:38,7165.08,7195.0,111.0354,0.0
17:38:38,7165.08,7200.0,681.2964,10217.0
17:38:38,7165.08,7205.0,78.608,0.0
17:38:38,7165.08,7210.0,213.0405,0.0
17:38:38,7165.08,7215.0,117.7262,0.0
17:38:38,7165.08,7220.0,216.5669,0.0
17:38:38,7165.08,7225.0,166.4071,0.0
17:38:38,7165.08,7230.0,178.4028,0.0
17:38:38,7165.08,7235.0,68.8201,0.0
17:38:38,7165.08,7240.0,182.2312,0.0
17:38:38,7165.08,7245.0,89.3606,0.0
17:38:38,7165.08,7250.0,1201.5839,0.0
17:38:38,7165.08,7255.0,447.6,0.0
17:38:38,7165.08,7260.0,120.2444,0.0
17:38:38,7165.08,7265.0,101.798,0.0
17:38:38,7165.08,7270.0,162.8743,0.0
17:38:38,7165.08,7275.0,281.902,0.0
17:38:38,7165.08,7280.0,198.4675,0.0
17:38:38,7165.08,7285.0,46.405,0.0
17:38:38,7165.08,7290.0,104.0849,0.0
17:38:38,7165.08,7295.0,43.9082,0.0
17:38:38,7165.08,7300.0,95.4905,0.0
17:38:38,7165.08,7305.0,6.3165,0.0
17:38:38,7165.08,7310.0,56.9585,0.0
17:38:38,7165.08,7315.0,29.3403,0.0
17:38:38,7165.08,7320.0,72.7014,0.0
17:38:38,7165.08,7325.0,21.8798,0.0
17:38:38,7165.08,7330.0,57.2859,0.0
17:38:38,7165.08,7335.0,0.3669,0.0
17:38:38,7165.08,7340.0,6.7209,0.0
17:38:38,7165.08,7345.0,0.2152,0.0
17:38:38,7165.08,7350.0,29.7588,0.0
17:38:38,7165.08,7360.0,2.9159,247.0
17:38:38,7165.08,7370.0,7.6608,771.0
17:38:38,7165.08,7375.0,25.4988,10617.0
17:38:38,7165.08,7380.0,12.2625,5152.0
17:38:38,7165.08,7390.0,33.0928,2139.0
17:38:38,7165.08,7400.0,15.4658,4230.0
17:38:38,7165.08,7410.0,0.0095,65.0
17:38:38,7165.08,7425.0,4.2126,194.0
17:38:38,7165.08,7450.0,1.5767,474.0
17:38:38,7165.08,7475.0,0.0336,140.0
17:38:38,7165.08,7500.0,0.1662,296.0
17:38:38,7165.08,7550.0,0.0005,0.0
17:38:38,7165.08,7600.0,0.0006,2.0
17:38:38,7165.08,7700.0,0.0001,0.0
17:38:38,7165.08,7800.0,0.0,1.0
17:38:38,7165.08,8000.0,0.0,2.0
17:38:38,7165.08,8800.0,0.0,2.0
17:38:38,7165.08,9200.0,0.0,1.0
17:41:28,7165.08,4600.0,-0.0,4.0
17:41:28,7165.08,5300.0,-0.0,1.0
17:41:28,7165.08,5400.0,-0.0,3.0
17:41:28,7165.08,5500.0,-0.0,1.0
17:41:28,7165.08,5575.0,-0.0,1.0
17:41:28,7165.08,5625.0,-0.0,1.0
17:41:28,7165.08,5650.0,-0.0,1.0
17:41:28,7165.08,5800.0,-0.0,4.0
17:41:28,7165.08,5900.0,-0.0,3.0
17:41:28,7165.08,6000.0,-0.0,24.0
17:41:28,7165.08,6100.0,-0.0,876.0
17:41:28,7165.08,6110.0,-0.0,105.0
17:41:28,7165.08,6120.0,-0.0,81.0
17:41:28,7165.08,6125.0,-0.0,13.0
17:41:28,7165.08,6130.0,-0.0,3.0
17:41:28,7165.08,6140.0,-0.0,100.0
17:41:28,7165.08,6150.0,-0.0,297.0
17:41:28,7165.08,6160.0,-0.0,85.0
17:41:28,7165.08,6170.0,-0.0,87.0
17:41:28,7165.08,6175.0,-0.0,163.0
17:41:28,7165.08,6180.0,-0.0,10.0
17:41:28,7165.08,6190.0,-0.0026,97.0
17:41:28,7165.08,6200.0,-0.0,1177.0
17:41:28,7165.08,6210.0,-0.0984,0.0
17:41:28,7165.08,6220.0,-0.0021,40.0
17:41:28,7165.08,6225.0,-0.0,150.0
17:41:28,7165.08,6230.0,-0.0072,302.0
17:41:28,7165.08,6240.0,-0.0023,60.0
17:41:28,7165.08,6250.0,-0.0,226.0
17:41:28,7165.08,6260.0,-0.0,200.0
17:41:28,7165.08,6270.0,-0.014,101.0
17:41:28,7165.08,6275.0,-0.0,30.0
17:41:28,7165.08,6280.0,0.0002,20.0
17:41:28,7165.08,6290.0,-0.0,38.0
17:41:28,7165.08,6300.0,-0.0,96.0
17:41:28,7165.08,6310.0,-0.0,161.0
17:41:28,7165.08,6320.0,-0.0,10.0
17:41:28,7165.08,6325.0,-0.0,30.0
17:41:28,7165.08,6330.0,-0.0,196.0
17:41:28,7165.08,6340.0,0.0095,10.0
17:41:28,7165.08,6350.0,-0.0,95.0
17:41:28,7165.08,6360.0,-0.0,58.0
17:41:28,7165.08,6370.0,-0.0,50.0
17:41:28,7165.08,6375.0,-0.0,5.0
17:41:28,7165.08,6380.0,-0.0,44.0
17:41:28,7165.08,6390.0,0.0,11.0
17:41:28,7165.08,6400.0,-0.0,152.0
17:41:28,7165.08,6410.0,-0.0,5.0
17:41:28,7165.08,6420.0,-0.0,14.0
17:41:28,7165.08,6425.0,0.0,52.0
17:41:28,7165.08,6430.0,-0.0573,7.0
17:41:28,7165.08,6440.0,-0.0383,44.0
17:41:28,7165.08,6450.0,-0.0,1068.0
17:41:28,7165.08,6460.0,-0.0,80.0
17:41:28,7165.08,6470.0,-0.0,8.0
17:41:28,7165.08,6475.0,-0.0,3.0
17:41:28,7165.08,6480.0,-0.0,35.0
17:41:28,7165.08,6485.0,0.0043,8.0
17:41:28,7165.08,6490.0,-0.0,5.0
17:41:28,7165.08,6495.0,-0.0092,0.0
17:41:28,7165.08,6500.0,-0.0,70.0
17:41:28,7165.08,6505.0,-0.1222,100.0
17:41:28,7165.08,6510.0,-0.0,118.0
17:41:28,7165.08,6515.0,0.0164,117.0
17:41:28,7165.08,6520.0,-0.0,29.0
17:41:28,7165.08,6525.0,-0.0,4.0
17:41:28,7165.08,6530.0,-0.0,1.0
17:41:28,7165.08,6535.0,-0.0805,64.0
17:41:28,7165.08,6540.0,-0.0,22.0
17:41:28,7165.08,6545.0,-0.0131,58.0
17:41:28,7165.08,6550.0,-0.2663,0.0
17:41:28,7165.08,6555.0,0.0576,27.0
17:41:28,7165.08,6560.0,-0.0,15.0
17:41:28,7165.08,6565.0,-0.0552,3.0
17:41:28,7165.08,6570.0,0.0,1.0
17:41:28,7165.08,6580.0,0.0649,13.0
17:41:28,7165.08,6585.0,-0.0766,48.0
17:41:28,7165.08,6590.0,0.0474,57.0
17:41:28,7165.08,6595.0,-0.0,79.0
17:41:28,7165.08,6600.0,-0.0,4.0
17:41:28,7165.08,6605.0,-0.0,30.0
17:41:28,7165.08,6610.0,0.1515,106.0
17:41:28,7165.08,6615.0,-0.0,95.0
17:41:28,7165.08,6620.0,0.1026,80.0
17:41:28,7165.08,6625.0,0.0,16.0
17:41:28,7165.08,6630.0,-0.0,40.0
17:41:28,7165.08,6635.0,-0.1048,137.0
17:41:28,7165.08,6640.0,0.145,87.0
17:41:28,7165.08,6645.0,-0.1235,27.0
17:41:28,7165.08,6650.0,-0.0,3.0
17:41:28,7165.08,6655.0,-0.1014,70.0
17:41:28,7165.08,6660.0,-0.1662,88.0
17:41:28,7165.08,6665.0,-0.0,6.0
17:41:28,7165.08,6670.0,-0.0568,3.0
17:41:28,7165.08,6675.0,0.0,248.0
17:41:28,7165.08,6680.0,-0.3832,62.0
17:41:28,7165.08,6685.0,-0.0,287.0
17:41:28,7165.08,6690.0,-1.1985,139.0
17:41:28,7165.08,6695.0,-0.0,31.0
17:41:28,7165.08,6700.0,-0.0014,1429.0
17:41:28,7165.08,6705.0,-0.0001,49.0
17:41:28,7165.08,6710.0,-0.5515,565.0
17:41:28,7165.08,6715.0,-0.0002,161.0
17:41:28,7165.08,6720.0,-0.0004,44.0
17:41:28,7165.08,6725.0,-0.0006,1300.0
17:41:28,7165.08,6730.0,-0.0008,63.0
17:41:28,7165.08,6735.0,0.0255,56.0
17:41:28,7165.08,6740.0,-0.0022,181.0
17:41:28,7165.08,6745.0,-0.0006,86.0
17:41:28,7165.08,6750.0,-0.0094,3696.0
17:41:28,7165.08,6755.0,-0.0019,153.0
17:41:28,7165.08,6760.0,-1.966,1867.0
17:41:28,7165.08,6765.0,-0.0031,293.0
17:41:28,7165.08,6770.0,-1.806,136.0
17:41:28,7165.08,6775.0,-0.0042,3448.0
17:41:28,7165.08,6780.0,-0.0111,276.0
17:41:28,7165.08,6785.0,0.0242,130.0
17:41:28,7165.08,6790.0,-0.0215,194.0
17:41:28,7165.08,6795.0,-0.0608,159.0
17:41:28,7165.08,6800.0,-11.7331,2592.0
17:41:28,7165.08,6805.0,-4.2882,347.0
17:41:28,7165.08,6810.0,-3.7409,704.0
17:41:28,7165.08,6815.0,-0.0214,296.0
17:41:28,7165.08,6820.0,-1.649,158.0
17:41:28,7165.08,6825.0,2.1811,1565.0
17:41:28,7165.08,6830.0,-0.0506,188.0
17:41:28,7165.08,6835.0,-0.9594,221.0
17:41:28,7165.08,6840.0,-0.16,1189.0
17:41:28,7165.08,6845.0,-0.2437,4310.0
17:41:28,7165.08,6850.0,-7.8118,4335.0
17:41:28,7165.08,6855.0,-0.413,665.0
17:41:28,7165.08,6860.0,-4.3119,0.0
17:41:28,7165.08,6865.0,-0.6827,0.0
17:41:28,7165.08,6870.0,-0.2721,0.0
17:41:28,7165.08,6875.0,-0.6819,0.0
17:41:28,7165.08,6880.0,-1.0618,0.0
17:41:28,7165.08,6885.0,-13.817,3.0
17:41:28,7165.08,6890.0,-0.825,0.0
17:41:28,7165.08,6895.0,-58.1265,13.0
17:41:28,7165.08,6900.0,-36.6982,0.0
17:41:28,7165.08,6905.0,-2.7141,0.0
17:41:28,7165.08,6910.0,-1.4923,0.0
17:41:28,7165.08,6915.0,-1.2064,82.0
17:41:28,7165.08,6920.0,-0.7761,91.0
17:41:28,7165.08,6925.0,0.7624,791.0
17:41:28,7165.08,6930.0,-5.7977,0.0
17:41:28,7165.08,6935.0,-5.0962,0.0
17:41:28,7165.08,6940.0,1.0832,0.0
17:41:28,7165.08,6945.0,-39.7964,0.0
17:41:28,7165.08,6950.0,-55.891,117.0
17:41:28,7165.08,6955.0,-32.2255,0.0
17:41:28,7165.08,6960.0,-13.141,0.0
17:41:28,7165.08,6965.0,-6.3978,0.0
17:41:28,7165.08,6970.0,-4.1436,0.0
17:41:28,7165.08,6975.0,-15.0898,2648.0
17:41:28,7165.08,6980.0,-14.1651,0.0
17:41:28,7165.08,6985.0,-12.9409,32.0
17:41:28,7165.08,6990.0,-17.337,0.0
17:41:28,7165.08,6995.0,-16.8528,0.0
17:41:28,7165.08,7000.0,-11.9001,0.0
17:41:28,7165.08,7005.0,-126.486,0.0
17:41:28,7165.08,7010.0,-3.803,0.0
17:41:28,7165.08,7015.0,-10.6915,0.0
17:41:28,7165.08,7020.0,-4.5042,0.0
17:41:28,7165.08,7025.0,-23.4067,0.0
17:41:28,7165.08,7030.0,43.0428,0.0
17:41:28,7165.08,7035.0,-20.2507,0.0
17:41:28,7165.08,7040.0,-19.4179,0.0
17:41:28,7165.08,7045.0,308.3998,0.0
17:41:28,7165.08,7050.0,-123.7781,0.0
17:41:28,7165.08,7055.0,-195.4224,0.0
17:41:28,7165.08,7060.0,-22.1311,0.0
17:41:28,7165.08,7065.0,-15.1002,0.0
17:41:28,7165.08,7070.0,3.1324,0.0
17:41:28,7165.08,7075.0,-68.9882,0.0
17:41:28,7165.08,7080.0,-46.3397,0.0
17:41:28,7165.08,7085.0,-23.0963,0.0
17:41:28,7165.08,7090.0,-49.5119,0.0
17:41:28,7165.08,7095.0,-15.3363,0.0
17:41:28,7165.08,7100.0,127.8095,10605.0
17:41:28,7165.08,7105.0,18.294,0.0
17:41:28,7165.08,7110.0,-24.7531,0.0
17:41:28,7165.08,7115.0,22.6923,0.0
17:41:28,7165.08,7120.0,74.7954,0.0
17:41:28,7165.08,7125.0,1.3871,0.0
17:41:28,7165.08,7130.0,1432.7542,0.0
17:41:28,7165.08,7135.0,33.2303,0.0
17:41:28,7165.08,7140.0,281.7618,1894.0
17:41:28,7165.08,7145.0,40.4458,0.0
17:41:28,7165.08,7150.0,95.4028,0.0
17:41:28,7165.08,7155.0,654.3267,0.0
17:41:28,7165.08,7160.0,1144.1108,0.0
17:41:28,7165.08,7165.0,49.9362,0.0
17:41:28,7165.08,7170.0,200.338,0.0
17:41:28,7165.08,7175.0,324.0935,0.0
17:41:28,7165.08,7180.0,122.0941,0.0
17:41:28,7165.08,7185.0,76.5426,0.0
17:41:28,7165.08,7190.0,143.775,0.0
17:41:28,7165.08,7195.0,111.0354,0.0
17:41:28,7165.08,7200.0,681.2964,10217.0
17:41:28,7165.08,7205.0,78.608,0.0
17:41:28,7165.08,7210.0,213.0405,0.0
17:41:28,7165.08,7215.0,117.7262,0.0
17:41:28,7165.08,7220.0,216.5669,0.0
17:41:28,7165.08,7225.0,166.4071,0.0
17:41:28,7165.08,7230.0,178.4028,0.0
17:41:28,7165.08,7235.0,68.8201,0.0
17:41:28,7165.08,7240.0,182.2312,0.0
17:41:28,7165.08,7245.0,89.3606,0.0
17:41:28,7165.08,7250.0,1201.5839,0.0
17:41:28,7165.08,7255.0,447.6,0.0
17:41:28,7165.08,7260.0,120.2444,0.0
17:41:28,7165.08,7265.0,101.798,0.0
17:41:28,7165.08,7270.0,162.8743,0.0
17:41:28,7165.08,7275.0,281.902,0.0
17:41:28,7165.08,7280.0,198.4675,0.0
17:41:28,7165.08,7285.0,46.405,0.0
17:41:28,7165.08,7290.0,104.0849,0.0
17:41:28,7165.08,7295.0,43.9082,0.0
17:41:28,7165.08,7300.0,95.4905,0.0
17:41:28,7165.08,7305.0,6.3165,0.0
17:41:28,7165.08,7310.0,56.9585,0.0
17:41:28,7165.08,7315.0,29.3403,0.0
17:41:28,7165.08,7320.0,72.7014,0.0
17:41:28,7165.08,7325.0,21.8798,0.0
17:41:28,7165.08,7330.0,57.2859,0.0
17:41:28,7165.08,7335.0,0.3669,0.0
17:41:28,7165.08,7340.0,6.7209,0.0
17:41:28,7165.08,7345.0,0.2152,0.0
17:41:28,7165.08,7350.0,29.7588,0.0
17:41:28,7165.08,7360.0,2.9159,247.0
17:41:28,7165.08,7370.0,7.6608,771.0
17:41:28,7165.08,7375.0,25.4988,10617.0
17:41:28,7165.08,7380.0,12.2625,5152.0
17:41:28,7165.08,7390.0,33.0928,2139.0
17:41:28,7165.08,7400.0,15.4658,4230.0
17:41:28,7165.08,7410.0,0.0095,65.0
17:41:28,7165.08,7425.0,4.2126,194.0
17:41:28,7165.08,7450.0,1.5767,474.0
17:41:28,7165.08,7475.0,0.0336,140.0
17:41:28,7165.08,7500.0,0.1662,296.0
17:41:28,7165.08,7550.0,0.0005,0.0
17:41:28,7165.08,7600.0,0.0006,2.0
17:41:28,7165.08,7700.0,0.0001,0.0
17:41:28,7165.08,7800.0,0.0,1.0
17:41:28,7165.08,8000.0,0.0,2.0
17:41:28,7165.08,8800.0,0.0,2.0
17:41:28,7165.08,9200.0,0.0,1.0
17:56:36,7165.08,4600.0,-0.0,4.0
17:56:36,7165.08,5300.0,-0.0,1.0
17:56:36,7165.08,5400.0,-0.0,3.0
17:56:36,7165.08,5500.0,-0.0,1.0
17:56:36,7165.08,5575.0,-0.0,1.0
17:56:36,7165.08,5625.0,-0.0,1.0
17:56:36,7165.08,5650.0,-0.0,1.0
17:56:36,7165.08,5800.0,-0.0,4.0
17:56:36,7165.08,5900.0,-0.0,3.0
17:56:36,7165.08,6000.0,-0.0,24.0
17:56:36,7165.08,6100.0,-0.0,876.0
17:56:36,7165.08,6110.0,-0.0,105.0
17:56:36,7165.08,6120.0,-0.0,81.0
17:56:36,7165.08,6125.0,-0.0,13.0
17:56:36,7165.08,6130.0,-0.0,3.0
17:56:36,7165.08,6140.0,-0.0,100.0
17:56:36,7165.08,6150.0,-0.0,297.0
17:56:36,7165.08,6160.0,-0.0,85.0
17:56:36,7165.08,6170.0,-0.0,87.0
17:56:36,7165.08,6175.0,-0.0,163.0
17:56:36,7165.08,6180.0,-0.0,10.0
17:56:36,7165.08,6190.0,-0.0026,97.0
17:56:36,7165.08,6200.0,-0.0,1177.0
17:56:36,7165.08,6210.0,-0.0984,0.0
17:56:36,7165.08,6220.0,-0.0021,40.0
17:56:36,7165.08,6225.0,-0.0,150.0
17:56:36,7165.08,6230.0,-0.0072,302.0
17:56:36,7165.08,6240.0,-0.0023,60.0
17:56:36,7165.08,6250.0,-0.0,226.0
17:56:36,7165.08,6260.0,-0.0,200.0
17:56:36,7165.08,6270.0,-0.014,101.0
17:56:36,7165.08,6275.0,-0.0,30.0
17:56:36,7165.08,6280.0,0.0002,20.0
17:56:36,7165.08,6290.0,-0.0,38.0
17:56:36,7165.08,6300.0,-0.0,96.0
17:56:36,7165.08,6310.0,-0.0,161.0
17:56:36,7165.08,6320.0,-0.0,10.0
17:56:36,7165.08,6325.0,-0.0,30.0
17:56:36,7165.08,6330.0,-0.0,196.0
17:56:36,7165.08,6340.0,0.0095,10.0
17:56:36,7165.08,6350.0,-0.0,95.0
17:56:36,7165.08,6360.0,-0.0,58.0
17:56:36,7165.08,6370.0,-0.0,50.0
17:56:36,7165.08,6375.0,-0.0,5.0
17:56:36,7165.08,6380.0,-0.0,44.0
17:56:36,7165.08,6390.0,0.0,11.0
17:56:36,7165.08,6400.0,-0.0,152.0
17:56:36,7165.08,6410.0,-0.0,5.0
17:56:36,7165.08,6420.0,-0.0,14.0
17:56:36,7165.08,6425.0,0.0,52.0
17:56:36,7165.08,6430.0,-0.0573,7.0
17:56:36,7165.08,6440.0,-0.0383,44.0
17:56:36,7165.08,6450.0,-0.0,1068.0
17:56:36,7165.08,6460.0,-0.0,80.0
17:56:36,7165.08,6470.0,-0.0,8.0
17:56:36,7165.08,6475.0,-0.0,3.0
17:56:36,7165.08,6480.0,-0.0,35.0
17:56:36,7165.08,6485.0,0.0043,8.0
17:56:36,7165.08,6490.0,-0.0,5.0
17:56:36,7165.08,6495.0,-0.0092,0.0
17:56:36,7165.08,6500.0,-0.0,70.0
17:56:36,7165.08,6505.0,-0.1222,100.0
17:56:36,7165.08,6510.0,-0.0,118.0
17:56:36,7165.08,6515.0,0.0164,117.0
17:56:36,7165.08,6520.0,-0.0,29.0
17:56:36,7165.08,6525.0,-0.0,4.0
17:56:36,7165.08,6530.0,-0.0,1.0
17:56:36,7165.08,6535.0,-0.0805,64.0
17:56:36,7165.08,6540.0,-0.0,22.0
17:56:36,7165.08,6545.0,-0.0131,58.0
17:56:36,7165.08,6550.0,-0.2663,0.0
17:56:36,7165.08,6555.0,0.0576,27.0
17:56:36,7165.08,6560.0,-0.0,15.0
17:56:36,7165.08,6565.0,-0.0552,3.0
17:56:36,7165.08,6570.0,0.0,1.0
17:56:36,7165.08,6580.0,0.0649,13.0
17:56:36,7165.08,6585.0,-0.0766,48.0
17:56:36,7165.08,6590.0,0.0474,57.0
17:56:36,7165.08,6595.0,-0.0,79.0
17:56:36,7165.08,6600.0,-0.0,4.0
17:56:36,7165.08,6605.0,-0.0,30.0
17:56:36,7165.08,6610.0,0.1515,106.0
17:56:36,7165.08,6615.0,-0.0,95.0
17:56:36,7165.08,6620.0,0.1026,80.0
17:56:36,7165.08,6625.0,0.0,16.0
17:56:36,7165.08,6630.0,-0.0,40.0
17:56:36,7165.08,6635.0,-0.1048,137.0
17:56:36,7165.08,6640.0,0.145,87.0
17:56:36,7165.08,6645.0,-0.1235,27.0
17:56:36,7165.08,6650.0,-0.0,3.0
17:56:36,7165.08,6655.0,-0.1014,70.0
17:56:36,7165.08,6660.0,-0.1662,88.0
17:56:36,7165.08,6665.0,-0.0,6.0
17:56:36,7165.08,6670.0,-0.0568,3.0
17:56:36,7165.08,6675.0,0.0,248.0
17:56:36,7165.08,6680.0,-0.3832,62.0
17:56:36,7165.08,6685.0,-0.0,287.0
17:56:36,7165.08,6690.0,-1.1985,139.0
17:56:36,7165.08,6695.0,-0.0,31.0
17:56:36,7165.08,6700.0,-0.0014,1429.0
17:56:36,7165.08,6705.0,-0.0001,49.0
17:56:36,7165.08,6710.0,-0.5515,565.0
17:56:36,7165.08,6715.0,-0.0002,161.0
17:56:36,7165.08,6720.0,-0.0004,44.0
17:56:36,7165.08,6725.0,-0.0006,1300.0
17:56:36,7165.08,6730.0,-0.0008,63.0
17:56:36,7165.08,6735.0,0.0255,56.0
17:56:36,7165.08,6740.0,-0.0022,181.0
17:56:36,7165.08,6745.0,-0.0006,86.0
17:56:36,7165.08,6750.0,-0.0094,3696.0
17:56:36,7165.08,6755.0,-0.0019,153.0
17:56:36,7165.08,6760.0,-1.966,1867.0
17:56:36,7165.08,6765.0,-0.0031,293.0
17:56:36,7165.08,6770.0,-1.806,136.0
17:56:36,7165.08,6775.0,-0.0042,3448.0
17:56:36,7165.08,6780.0,-0.0111,276.0
17:56:36,7165.08,6785.0,0.0242,130.0
17:56:36,7165.08,6790.0,-0.0215,194.0
17:56:36,7165.08,6795.0,-0.0608,159.0
17:56:36,7165.08,6800.0,-11.7331,2592.0
17:56:36,7165.08,6805.0,-4.2882,347.0
17:56:36,7165.08,6810.0,-3.7409,704.0
17:56:36,7165.08,6815.0,-0.0214,296.0
17:56:36,7165.08,6820.0,-1.649,158.0
17:56:36,7165.08,6825.0,2.1811,1565.0
17:56:36,7165.08,6830.0,-0.0506,188.0
17:56:36,7165.08,6835.0,-0.9594,221.0
17:56:36,7165.08,6840.0,-0.16,1189.0
17:56:36,7165.08,6845.0,-0.2437,4310.0
17:56:36,7165.08,6850.0,-7.8118,4335.0
17:56:36,7165.08,6855.0,-0.413,665.0
17:56:36,7165.08,6860.0,-4.3119,0.0
17:56:36,7165.08,6865.0,-0.6827,0.0
17:56:36,7165.08,6870.0,-0.2721,0.0
17:56:36,7165.08,6875.0,-0.6819,0.0
17:56:36,7165.08,6880.0,-1.0618,0.0
17:56:36,7165.08,6885.0,-13.817,3.0
17:56:36,7165.08,6890.0,-0.825,0.0
17:56:36,7165.08,6895.0,-58.1265,13.0
17:56:36,7165.08,6900.0,-36.6982,0.0
17:56:36,7165.08,6905.0,-2.7141,0.0
17:56:36,7165.08,6910.0,-1.4923,0.0
17:56:36,7165.08,6915.0,-1.2064,82.0
17:56:36,7165.08,6920.0,-0.7761,91.0
17:56:36,7165.08,6925.0,0.7624,791.0
17:56:36,7165.08,6930.0,-5.7977,0.0
17:56:36,7165.08,6935.0,-5.0962,0.0
17:56:36,7165.08,6940.0,1.0832,0.0
17:56:36,7165.08,6945.0,-39.7964,0.0
17:56:36,7165.08,6950.0,-55.891,117.0
17:56:36,7165.08,6955.0,-32.2255,0.0
17:56:36,7165.08,6960.0,-13.141,0.0
17:56:36,7165.08,6965.0,-6.3978,0.0
17:56:36,7165.08,6970.0,-4.1436,0.0
17:56:36,7165.08,6975.0,-15.0898,2648.0
17:56:36,7165.08,6980.0,-14.1651,0.0
17:56:36,7165.08,6985.0,-12.9409,32.0
17:56:36,7165.08,6990.0,-17.337,0.0
17:56:36,7165.08,6995.0,-16.8528,0.0
17:56:36,7165.08,7000.0,-11.9001,0.0
17:56:36,7165.08,7005.0,-126.486,0.0
17:56:36,7165.08,7010.0,-3.803,0.0
17:56:36,7165.08,7015.0,-10.6915,0.0
17:56:36,7165.08,7020.0,-4.5042,0.0
17:56:36,7165.08,7025.0,-23.4067,0.0
17:56:36,7165.08,7030.0,43.0428,0.0
17:56:36,7165.08,7035.0,-20.2507,0.0
17:56:36,7165.08,7040.0,-19.4179,0.0
17:56:36,7165.08,7045.0,308.3998,0.0
17:56:36,7165.08,7050.0,-123.7781,0.0
17:56:36,7165.08,7055.0,-195.4224,0.0
17:56:36,7165.08,7060.0,-22.1311,0.0
17:56:36,7165.08,7065.0,-15.1002,0.0
17:56:36,7165.08,7070.0,3.1324,0.0
17:56:36,7165.08,7075.0,-68.9882,0.0
17:56:36,7165.08,7080.0,-46.3397,0.0
17:56:36,7165.08,7085.0,-23.0963,0.0
17:56:36,7165.08,7090.0,-49.5119,0.0
17:56:36,7165.08,7095.0,-15.3363,0.0
17:56:36,7165.08,7100.0,127.8095,10605.0
17:56:36,7165.08,7105.0,18.294,0.0
17:56:36,7165.08,7110.0,-24.7531,0.0
17:56:36,7165.08,7115.0,22.6923,0.0
17:56:36,7165.08,7120.0,74.7954,0.0
17:56:36,7165.08,7125.0,1.3871,0.0
17:56:36,7165.08,7130.0,1432.7542,0.0
17:56:36,7165.08,7135.0,33.2303,0.0
17:56:36,7165.08,7140.0,281.7618,1894.0
17:56:36,7165.08,7145.0,40.4458,0.0
17:56:36,7165.08,7150.0,95.4028,0.0
17:56:36,7165.08,7155.0,654.3267,0.0
17:56:36,7165.08,7160.0,1144.1108,0.0
17:56:36,7165.08,7165.0,49.9362,0.0
17:56:36,7165.08,7170.0,200.338,0.0
17:56:36,7165.08,7175.0,324.0935,0.0
17:56:36,7165.08,7180.0,122.0941,0.0
17:56:36,7165.08,7185.0,76.5426,0.0
17:56:36,7165.08,7190.0,143.775,0.0
17:56:36,7165.08,7195.0,111.0354,0.0
17:56:36,7165.08,7200.0,681.2964,10217.0
17:56:36,7165.08,7205.0,78.608,0.0
17:56:36,7165.08,7210.0,213.0405,0.0
17:56:36,7165.08,7215.0,117.7262,0.0
17:56:36,7165.08,7220.0,216.5669,0.0
17:56:36,7165.08,7225.0,166.4071,0.0
17:56:36,7165.08,7230.0,178.4028,0.0
17:56:36,7165.08,7235.0,68.8201,0.0
17:56:36,7165.08,7240.0,182.2312,0.0
17:56:36,7165.08,7245.0,89.3606,0.0
17:56:36,7165.08,7250.0,1201.5839,0.0
17:56:36,7165.08,7255.0,447.6,0.0
17:56:36,7165.08,7260.0,120.2444,0.0
17:56:36,7165.08,7265.0,101.798,0.0
17:56:36,7165.08,7270.0,162.8743,0.0
17:56:36,7165.08,7275.0,281.902,0.0
17:56:36,7165.08,7280.0,198.4675,0.0
17:56:36,7165.08,7285.0,46.405,0.0
17:56:36,7165.08,7290.0,104.0849,0.0
17:56:36,7165.08,7295.0,43.9082,0.0
17:56:36,7165.08,7300.0,95.4905,0.0
17:56:36,7165.08,7305.0,6.3165,0.0
17:56:36,7165.08,7310.0,56.9585,0.0
17:56:36,7165.08,7315.0,29.3403,0.0
17:56:36,7165.08,7320.0,72.7014,0.0
17:56:36,7165.08,7325.0,21.8798,0.0
17:56:36,7165.08,7330.0,57.2859,0.0
17:56:36,7165.08,7335.0,0.3669,0.0
17:56:36,7165.08,7340.0,6.7209,0.0
17:56:36,7165.08,7345.0,0.2152,0.0
17:56:36,7165.08,7350.0,29.7588,0.0
17:56:36,7165.08,7360.0,2.9159,247.0
17:56:36,7165.08,7370.0,7.6608,771.0
17:56:36,7165.08,7375.0,25.4988,10617.0
17:56:36,7165.08,7380.0,12.2625,5152.0
17:56:36,7165.08,7390.0,33.0928,2139.0
17:56:36,7165.08,7400.0,15.4658,4230.0
17:56:36,7165.08,7410.0,0.0095,65.0
17:56:36,7165.08,7425.0,4.2126,194.0
17:56:36,7165.08,7450.0,1.5767,474.0
17:56:36,7165.08,7475.0,0.0336,140.0
17:56:36,7165.08,7500.0,0.1662,296.0
17:56:36,7165.08,7550.0,0.0005,0.0
17:56:36,7165.08,7600.0,0.0006,2.0
17:56:36,7165.08,7700.0,0.0001,0.0
17:56:36,7165.08,7800.0,0.0,1.0
17:56:36,7165.08,8000.0,0.0,2.0
17:56:36,7165.08,8800.0,0.0,2.0
17:56:36,7165.08,9200.0,0.0,1.0
18:05:53,7165.08,4600.0,-0.0,4.0
18:05:53,7165.08,5300.0,-0.0,1.0
18:05:53,7165.08,5400.0,-0.0,3.0
18:05:53,7165.08,5500.0,-0.0,1.0
18:05:53,7165.08,5575.0,-0.0,1.0
18:05:53,7165.08,5625.0,-0.0,1.0
18:05:53,7165.08,5650.0,-0.0,1.0
18:05:53,7165.08,5800.0,-0.0,4.0
18:05:53,7165.08,5900.0,-0.0,3.0
18:05:53,7165.08,6000.0,-0.0,24.0
18:05:53,7165.08,6100.0,-0.0,876.0
18:05:53,7165.08,6110.0,-0.0,105.0
18:05:53,7165.08,6120.0,-0.0,81.0
18:05:53,7165.08,6125.0,-0.0,13.0
18:05:53,7165.08,6130.0,-0.0,3.0
18:05:53,7165.08,6140.0,-0.0,100.0
18:05:53,7165.08,6150.0,-0.0,297.0
18:05:53,7165.08,6160.0,-0.0,85.0
18:05:53,7165.08,6170.0,-0.0,87.0
18:05:53,7165.08,6175.0,-0.0,163.0
18:05:53,7165.08,6180.0,-0.0,10.0
18:05:53,7165.08,6190.0,-0.0026,97.0
18:05:53,7165.08,6200.0,-0.0,1177.0
18:05:53,7165.08,6210.0,-0.0984,0.0
18:05:53,7165.08,6220.0,-0.0021,40.0
18:05:53,7165.08,6225.0,-0.0,150.0
18:05:53,7165.08,6230.0,-0.0072,302.0
18:05:53,7165.08,6240.0,-0.0023,60.0
18:05:53,7165.08,6250.0,-0.0,226.0
18:05:53,7165.08,6260.0,-0.0,200.0
18:05:53,7165.08,6270.0,-0.014,101.0
18:05:53,7165.08,6275.0,-0.0,30.0
18:05:53,7165.08,6280.0,0.0002,20.0
18:05:53,7165.08,6290.0,-0.0,38.0
18:05:53,7165.08,6300.0,-0.0,96.0
18:05:53,7165.08,6310.0,-0.0,161.0
18:05:53,7165.08,6320.0,-0.0,10.0
18:05:53,7165.08,6325.0,-0.0,30.0
18:05:53,7165.08,6330.0,-0.0,196.0
18:05:53,7165.08,6340.0,0.0095,10.0
18:05:53,7165.08,6350.0,-0.0,95.0
18:05:53,7165.08,6360.0,-0.0,58.0
18:05:53,7165.08,6370.0,-0.0,50.0
18:05:53,7165.08,6375.0,-0.0,5.0
18:05:53,7165.08,6380.0,-0.0,44.0
18:05:53,7165.08,6390.0,0.0,11.0
18:05:53,7165.08,6400.0,-0.0,152.0
18:05:53,7165.08,6410.0,-0.0,5.0
18:05:53,7165.08,6420.0,-0.0,14.0
18:05:53,7165.08,6425.0,0.0,52.0
18:05:53,7165.08,6430.0,-0.0573,7.0
18:05:53,7165.08,6440.0,-0.0383,44.0
18:05:53,7165.08,6450.0,-0.0,1068.0
18:05:53,7165.08,6460.0,-0.0,80.0
18:05:53,7165.08,6470.0,-0.0,8.0
18:05:53,7165.08,6475.0,-0.0,3.0
18:05:53,7165.08,6480.0,-0.0,35.0
18:05:53,7165.08,6485.0,0.0043,8.0
18:05:53,7165.08,6490.0,-0.0,5.0
18:05:53,7165.08,6495.0,-0.0092,0.0
18:05:53,7165.08,6500.0,-0.0,70.0
18:05:53,7165.08,6505.0,-0.1222,100.0
18:05:53,7165.08,6510.0,-0.0,118.0
18:05:53,7165.08,6515.0,0.0164,117.0
18:05:53,7165.08,6520.0,-0.0,29.0
18:05:53,7165.08,6525.0,-0.0,4.0
18:05:53,7165.08,6530.0,-0.0,1.0
18:05:53,7165.08,6535.0,-0.0805,64.0
18:05:53,7165.08,6540.0,-0.0,22.0
18:05:53,7165.08,6545.0,-0.0131,58.0
18:05:53,7165.08,6550.0,-0.2663,0.0
18:05:53,7165.08,6555.0,0.0576,27.0
18:05:53,7165.08,6560.0,-0.0,15.0
18:05:53,7165.08,6565.0,-0.0552,3.0
18:05:53,7165.08,6570.0,0.0,1.0
18:05:53,7165.08,6580.0,0.0649,13.0
18:05:53,7165.08,6585.0,-0.0766,48.0
18:05:53,7165.08,6590.0,0.0474,57.0
18:05:53,7165.08,6595.0,-0.0,79.0
18:05:53,7165.08,6600.0,-0.0,4.0
18:05:53,7165.08,6605.0,-0.0,30.0
18:05:53,7165.08,6610.0,0.1515,106.0
18:05:53,7165.08,6615.0,-0.0,95.0
18:05:53,7165.08,6620.0,0.1026,80.0
18:05:53,7165.08,6625.0,0.0,16.0
18:05:53,7165.08,6630.0,-0.0,40.0
18:05:53,7165.08,6635.0,-0.1048,137.0
18:05:53,7165.08,6640.0,0.145,87.0
18:05:53,7165.08,6645.0,-0.1235,27.0
18:05:53,7165.08,6650.0,-0.0,3.0
18:05:53,7165.08,6655.0,-0.1014,70.0
18:05:53,7165.08,6660.0,-0.1662,88.0
18:05:53,7165.08,6665.0,-0.0,6.0
18:05:53,7165.08,6670.0,-0.0568,3.0
18:05:53,7165.08,6675.0,0.0,248.0
18:05:53,7165.08,6680.0,-0.3832,62.0
18:05:53,7165.08,6685.0,-0.0,287.0
18:05:53,7165.08,6690.0,-1.1985,139.0
18:05:53,7165.08,6695.0,-0.0,31.0
18:05:53,7165.08,6700.0,-0.0014,1429.0
18:05:53,7165.08,6705.0,-0.0001,49.0
18:05:53,7165.08,6710.0,-0.5515,565.0
18:05:53,7165.08,6715.0,-0.0002,161.0
18:05:53,7165.08,6720.0,-0.0004,44.0
18:05:53,7165.08,6725.0,-0.0006,1300.0
18:05:53,7165.08,6730.0,-0.0008,63.0
18:05:53,7165.08,6735.0,0.0255,56.0
18:05:53,7165.08,6740.0,-0.0022,181.0
18:05:53,7165.08,6745.0,-0.0006,86.0
18:05:53,7165.08,6750.0,-0.0094,3696.0
18:05:53,7165.08,6755.0,-0.0019,153.0
18:05:53,7165.08,6760.0,-1.966,1867.0
18:05:53,7165.08,6765.0,-0.0031,293.0
18:05:53,7165.08,6770.0,-1.806,136.0
18:05:53,7165.08,6775.0,-0.0042,3448.0
18:05:53,7165.08,6780.0,-0.0111,276.0
18:05:53,7165.08,6785.0,0.0242,130.0
18:05:53,7165.08,6790.0,-0.0215,194.0
18:05:53,7165.08,6795.0,-0.0608,159.0
18:05:53,7165.08,6800.0,-11.7331,2592.0
18:05:53,7165.08,6805.0,-4.2882,347.0
18:05:53,7165.08,6810.0,-3.7409,704.0
18:05:53,7165.08,6815.0,-0.0214,296.0
18:05:53,7165.08,6820.0,-1.649,158.0
18:05:53,7165.08,6825.0,2.1811,1565.0
18:05:53,7165.08,6830.0,-0.0506,188.0
18:05:53,7165.08,6835.0,-0.9594,221.0
18:05:53,7165.08,6840.0,-0.16,1189.0
18:05:53,7165.08,6845.0,-0.2437,4310.0
18:05:53,7165.08,6850.0,-7.8118,4335.0
18:05:53,7165.08,6855.0,-0.413,665.0
18:05:53,7165.08,6860.0,-4.3119,0.0
18:05:53,7165.08,6865.0,-0.6827,0.0
18:05:53,7165.08,6870.0,-0.2721,0.0
18:05:53,7165.08,6875.0,-0.6819,0.0
18:05:53,7165.08,6880.0,-1.0618,0.0
18:05:53,7165.08,6885.0,-13.817,3.0
18:05:53,7165.08,6890.0,-0.825,0.0
18:05:53,7165.08,6895.0,-58.1265,13.0
18:05:53,7165.08,6900.0,-36.6982,0.0
18:05:53,7165.08,6905.0,-2.7141,0.0
18:05:53,7165.08,6910.0,-1.4923,0.0
18:05:53,7165.08,6915.0,-1.2064,82.0
18:05:53,7165.08,6920.0,-0.7761,91.0
18:05:53,7165.08,6925.0,0.7624,791.0
18:05:53,7165.08,6930.0,-5.7977,0.0
18:05:53,7165.08,6935.0,-5.0962,0.0
18:05:53,7165.08,6940.0,1.0832,0.0
18:05:53,7165.08,6945.0,-39.7964,0.0
18:05:53,7165.08,6950.0,-55.891,117.0
18:05:53,7165.08,6955.0,-32.2255,0.0
18:05:53,7165.08,6960.0,-13.141,0.0
18:05:53,7165.08,6965.0,-6.3978,0.0
18:05:53,7165.08,6970.0,-4.1436,0.0
18:05:53,7165.08,6975.0,-15.0898,2648.0
18:05:53,7165.08,6980.0,-14.1651,0.0
18:05:53,7165.08,6985.0,-12.9409,32.0
18:05:53,7165.08,6990.0,-17.337,0.0
18:05:53,7165.08,6995.0,-16.8528,0.0
18:05:53,7165.08,7000.0,-11.9001,0.0
18:05:53,7165.08,7005.0,-126.486,0.0
18:05:53,7165.08,7010.0,-3.803,0.0
18:05:53,7165.08,7015.0,-10.6915,0.0
18:05:53,7165.08,7020.0,-4.5042,0.0
18:05:53,7165.08,7025.0,-23.4067,0.0
18:05:53,7165.08,7030.0,43.0428,0.0
18:05:53,7165.08,7035.0,-20.2507,0.0
18:05:53,7165.08,7040.0,-19.4179,0.0
18:05:53,7165.08,7045.0,308.3998,0.0
18:05:53,7165.08,7050.0,-123.7781,0.0
18:05:53,7165.08,7055.0,-195.4224,0.0
18:05:53,7165.08,7060.0,-22.1311,0.0
18:05:53,7165.08,7065.0,-15.1002,0.0
18:05:53,7165.08,7070.0,3.1324,0.0
18:05:53,7165.08,7075.0,-68.9882,0.0
18:05:53,7165.08,7080.0,-46.3397,0.0
18:05:53,7165.08,7085.0,-23.0963,0.0
18:05:53,7165.08,7090.0,-49.5119,0.0
18:05:53,7165.08,7095.0,-15.3363,0.0
18:05:53,7165.08,7100.0,127.8095,10605.0
18:05:53,7165.08,7105.0,18.294,0.0
18:05:53,7165.08,7110.0,-24.7531,0.0
18:05:53,7165.08,7115.0,22.6923,0.0
18:05:53,7165.08,7120.0,74.7954,0.0
18:05:53,7165.08,7125.0,1.3871,0.0
18:05:53,7165.08,7130.0,1432.7542,0.0
18:05:53,7165.08,7135.0,33.2303,0.0
18:05:53,7165.08,7140.0,281.7618,1894.0
18:05:53,7165.08,7145.0,40.4458,0.0
18:05:53,7165.08,7150.0,95.4028,0.0
18:05:53,7165.08,7155.0,654.3267,0.0
18:05:53,7165.08,7160.0,1144.1108,0.0
18:05:53,7165.08,7165.0,49.9362,0.0
18:05:53,7165.08,7170.0,200.338,0.0
18:05:53,7165.08,7175.0,324.0935,0.0
18:05:53,7165.08,7180.0,122.0941,0.0
18:05:53,7165.08,7185.0,76.5426,0.0
18:05:53,7165.08,7190.0,143.775,0.0
18:05:53,7165.08,7195.0,111.0354,0.0
18:05:53,7165.08,7200.0,681.2964,10217.0
18:05:53,7165.08,7205.0,78.608,0.0
18:05:53,7165.08,7210.0,213.0405,0.0
18:05:53,7165.08,7215.0,117.7262,0.0
18:05:53,7165.08,7220.0,216.5669,0.0
18:05:53,7165.08,7225.0,166.4071,0.0
18:05:53,7165.08,7230.0,178.4028,0.0
18:05:53,7165.08,7235.0,68.8201,0.0
18:05:53,7165.08,7240.0,182.2312,0.0
18:05:53,7165.08,7245.0,89.3606,0.0
18:05:53,7165.08,7250.0,1201.5839,0.0
18:05:53,7165.08,7255.0,447.6,0.0
18:05:53,7165.08,7260.0,120.2444,0.0
18:05:53,7165.08,7265.0,101.798,0.0
18:05:53,7165.08,7270.0,162.8743,0.0
18:05:53,7165.08,7275.0,281.902,0.0
18:05:53,7165.08,7280.0,198.4675,0.0
18:05:53,7165.08,7285.0,46.405,0.0
18:05:53,7165.08,7290.0,104.0849,0.0
18:05:53,7165.08,7295.0,43.9082,0.0
18:05:53,7165.08,7300.0,95.4905,0.0
18:05:53,7165.08,7305.0,6.3165,0.0
18:05:53,7165.08,7310.0,56.9585,0.0
18:05:53,7165.08,7315.0,29.3403,0.0
18:05:53,7165.08,7320.0,72.7014,0.0
18:05:53,7165.08,7325.0,21.8798,0.0
18:05:53,7165.08,7330.0,57.2859,0.0
18:05:53,7165.08,7335.0,0.3669,0.0
18:05:53,7165.08,7340.0,6.7209,0.0
18:05:53,7165.08,7345.0,0.2152,0.0
18:05:53,7165.08,7350.0,29.7588,0.0
18:05:53,7165.08,7360.0,2.9159,247.0
18:05:53,7165.08,7370.0,7.6608,771.0
18:05:53,7165.08,7375.0,25.4988,10617.0
18:05:53,7165.08,7380.0,12.2625,5152.0
18:05:53,7165.08,7390.0,33.0928,2139.0
18:05:53,7165.08,7400.0,15.4658,4230.0
18:05:53,7165.08,7410.0,0.0095,65.0
18:05:53,7165.08,7425.0,4.2126,194.0
18:05:53,7165.08,7450.0,1.5767,474.0
18:05:53,7165.08,7475.0,0.0336,140.0
18:05:53,7165.08,7500.0,0.1662,296.0
18:05:53,7165.08,7550.0,0.0005,0.0
18:05:53,7165.08,7600.0,0.0006,2.0
18:05:53,7165.08,7700.0,0.0001,0.0
18:05:53,7165.08,7800.0,0.0,1.0
18:05:53,7165.08,8000.0,0.0,2.0
18:05:53,7165.08,8800.0,0.0,2.0
18:05:53,7165.08,9200.0,0.0,1.0
18:22:13,7165.08,4600.0,-0.0,4.0
18:22:13,7165.08,5300.0,-0.0,1.0
18:22:13,7165.08,5400.0,-0.0,3.0
18:22:13,7165.08,5500.0,-0.0,1.0
18:22:13,7165.08,5575.0,-0.0,1.0
18:22:13,7165.08,5625.0,-0.0,1.0
18:22:13,7165.08,5650.0,-0.0,1.0
18:22:13,7165.08,5800.0,-0.0,4.0
18:22:13,7165.08,5900.0,-0.0,3.0
18:22:13,7165.08,6000.0,-0.0,24.0
18:22:13,7165.08,6100.0,-0.0,876.0
18:22:13,7165.08,6110.0,-0.0,105.0
18:22:13,7165.08,6120.0,-0.0,81.0
18:22:13,7165.08,6125.0,-0.0,13.0
18:22:13,7165.08,6130.0,-0.0,3.0
18:22:13,7165.08,6140.0,-0.0,100.0
18:22:13,7165.08,6150.0,-0.0,297.0
18:22:13,7165.08,6160.0,-0.0,85.0
18:22:13,7165.08,6170.0,-0.0,87.0
18:22:13,7165.08,6175.0,-0.0,163.0
18:22:13,7165.08,6180.0,-0.0,10.0
18:22:13,7165.08,6190.0,-0.0026,97.0
18:22:13,7165.08,6200.0,-0.0,1177.0
18:22:13,7165.08,6210.0,-0.0984,0.0
18:22:13,7165.08,6220.0,-0.0021,40.0
18:22:13,7165.08,6225.0,-0.0,150.0
18:22:13,7165.08,6230.0,-0.0072,302.0
18:22:13,7165.08,6240.0,-0.0023,60.0
18:22:13,7165.08,6250.0,-0.0,226.0
18:22:13,7165.08,6260.0,-0.0,200.0
18:22:13,7165.08,6270.0,-0.014,101.0
18:22:13,7165.08,6275.0,-0.0,30.0
18:22:13,7165.08,6280.0,0.0002,20.0
18:22:13,7165.08,6290.0,-0.0,38.0
18:22:13,7165.08,6300.0,-0.0,96.0
18:22:13,7165.08,6310.0,-0.0,161.0
18:22:13,7165.08,6320.0,-0.0,10.0
18:22:13,7165.08,6325.0,-0.0,30.0
18:22:13,7165.08,6330.0,-0.0,196.0
18:22:13,7165.08,6340.0,0.0095,10.0
18:22:13,7165.08,6350.0,-0.0,95.0
18:22:13,7165.08,6360.0,-0.0,58.0
18:22:13,7165.08,6370.0,-0.0,50.0
18:22:13,7165.08,6375.0,-0.0,5.0
18:22:13,7165.08,6380.0,-0.0,44.0
18:22:13,7165.08,6390.0,0.0,11.0
18:22:13,7165.08,6400.0,-0.0,152.0
18:22:13,7165.08,6410.0,-0.0,5.0
18:22:13,7165.08,6420.0,-0.0,14.0
18:22:13,7165.08,6425.0,0.0,52.0
18:22:13,7165.08,6430.0,-0.0573,7.0
18:22:13,7165.08,6440.0,-0.0383,44.0
18:22:13,7165.08,6450.0,-0.0,1068.0
18:22:13,7165.08,6460.0,-0.0,80.0
18:22:13,7165.08,6470.0,-0.0,8.0
18:22:13,7165.08,6475.0,-0.0,3.0
18:22:13,7165.08,6480.0,-0.0,35.0
18:22:13,7165.08,6485.0,0.0043,8.0
18:22:13,7165.08,6490.0,-0.0,5.0
18:22:13,7165.08,6495.0,-0.0092,0.0
18:22:13,7165.08,6500.0,-0.0,70.0
18:22:13,7165.08,6505.0,-0.1222,100.0
18:22:13,7165.08,6510.0,-0.0,118.0
18:22:13,7165.08,6515.0,0.0164,117.0
18:22:13,7165.08,6520.0,-0.0,29.0
18:22:13,7165.08,6525.0,-0.0,4.0
18:22:13,7165.08,6530.0,-0.0,1.0
18:22:13,7165.08,6535.0,-0.0805,64.0
18:22:13,7165.08,6540.0,-0.0,22.0
18:22:13,7165.08,6545.0,-0.0131,58.0
18:22:13,7165.08,6550.0,-0.2663,0.0
18:22:13,7165.08,6555.0,0.0576,27.0
18:22:13,7165.08,6560.0,-0.0,15.0
18:22:13,7165.08,6565.0,-0.0552,3.0
18:22:13,7165.08,6570.0,0.0,1.0
18:22:13,7165.08,6580.0,0.0649,13.0
18:22:13,7165.08,6585.0,-0.0766,48.0
18:22:13,7165.08,6590.0,0.0474,57.0
18:22:13,7165.08,6595.0,-0.0,79.0
18:22:13,7165.08,6600.0,-0.0,4.0
18:22:13,7165.08,6605.0,-0.0,30.0
18:22:13,7165.08,6610.0,0.1515,106.0
18:22:13,7165.08,6615.0,-0.0,95.0
18:22:13,7165.08,6620.0,0.1026,80.0
18:22:13,7165.08,6625.0,0.0,16.0
18:22:13,7165.08,6630.0,-0.0,40.0
18:22:13,7165.08,6635.0,-0.1048,137.0
18:22:13,7165.08,6640.0,0.145,87.0
18:22:13,7165.08,6645.0,-0.1235,27.0
18:22:13,7165.08,6650.0,-0.0,3.0
18:22:13,7165.08,6655.0,-0.1014,70.0
18:22:13,7165.08,6660.0,-0.1662,88.0
18:22:13,7165.08,6665.0,-0.0,6.0
18:22:13,7165.08,6670.0,-0.0568,3.0
18:22:13,7165.08,6675.0,0.0,248.0
18:22:13,7165.08,6680.0,-0.3832,62.0
18:22:13,7165.08,6685.0,-0.0,287.0
18:22:13,7165.08,6690.0,-1.1985,139.0
18:22:13,7165.08,6695.0,-0.0,31.0
18:22:13,7165.08,6700.0,-0.0014,1429.0
18:22:13,7165.08,6705.0,-0.0001,49.0
18:22:13,7165.08,6710.0,-0.5515,565.0
18:22:13,7165.08,6715.0,-0.0002,161.0
18:22:13,7165.08,6720.0,-0.0004,44.0
18:22:13,7165.08,6725.0,-0.0006,1300.0
18:22:13,7165.08,6730.0,-0.0008,63.0
18:22:13,7165.08,6735.0,0.0255,56.0
18:22:13,7165.08,6740.0,-0.0022,181.0
18:22:13,7165.08,6745.0,-0.0006,86.0
18:22:13,7165.08,6750.0,-0.0094,3696.0
18:22:13,7165.08,6755.0,-0.0019,153.0
18:22:13,7165.08,6760.0,-1.966,1867.0
18:22:13,7165.08,6765.0,-0.0031,293.0
18:22:13,7165.08,6770.0,-1.806,136.0
18:22:13,7165.08,6775.0,-0.0042,3448.0
18:22:13,7165.08,6780.0,-0.0111,276.0
18:22:13,7165.08,6785.0,0.0242,130.0
18:22:13,7165.08,6790.0,-0.0215,194.0
18:22:13,7165.08,6795.0,-0.0608,159.0
18:22:13,7165.08,6800.0,-11.7331,2592.0
18:22:13,7165.08,6805.0,-4.2882,347.0
18:22:13,7165.08,6810.0,-3.7409,704.0
18:22:13,7165.08,6815.0,-0.0214,296.0
18:22:13,7165.08,6820.0,-1.649,158.0
18:22:13,7165.08,6825.0,2.1811,1565.0
18:22:13,7165.08,6830.0,-0.0506,188.0
18:22:13,7165.08,6835.0,-0.9594,221.0
18:22:13,7165.08,6840.0,-0.16,1189.0
18:22:13,7165.08,6845.0,-0.2437,4310.0
18:22:13,7165.08,6850.0,-7.8118,4335.0
18:22:13,7165.08,6855.0,-0.413,665.0
18:22:13,7165.08,6860.0,-4.3119,0.0
18:22:13,7165.08,6865.0,-0.6827,0.0
18:22:13,7165.08,6870.0,-0.2721,0.0
18:22:13,7165.08,6875.0,-0.6819,0.0
18:22:13,7165.08,6880.0,-1.0618,0.0
18:22:13,7165.08,6885.0,-13.817,3.0
18:22:13,7165.08,6890.0,-0.825,0.0
18:22:13,7165.08,6895.0,-58.1265,13.0
18:22:13,7165.08,6900.0,-36.6982,0.0
18:22:13,7165.08,6905.0,-2.7141,0.0
18:22:13,7165.08,6910.0,-1.4923,0.0
18:22:13,7165.08,6915.0,-1.2064,82.0
18:22:13,7165.08,6920.0,-0.7761,91.0
18:22:13,7165.08,6925.0,0.7624,791.0
18:22:13,7165.08,6930.0,-5.7977,0.0
18:22:13,7165.08,6935.0,-5.0962,0.0
18:22:13,7165.08,6940.0,1.0832,0.0
18:22:13,7165.08,6945.0,-39.7964,0.0
18:22:13,7165.08,6950.0,-55.891,117.0
18:22:13,7165.08,6955.0,-32.2255,0.0
18:22:13,7165.08,6960.0,-13.141,0.0
18:22:13,7165.08,6965.0,-6.3978,0.0
18:22:13,7165.08,6970.0,-4.1436,0.0
18:22:13,7165.08,6975.0,-15.0898,2648.0
18:22:13,7165.08,6980.0,-14.1651,0.0
18:22:13,7165.08,6985.0,-12.9409,32.0
18:22:13,7165.08,6990.0,-17.337,0.0
18:22:13,7165.08,6995.0,-16.8528,0.0
18:22:13,7165.08,7000.0,-11.9001,0.0
18:22:13,7165.08,7005.0,-126.486,0.0
18:22:13,7165.08,7010.0,-3.803,0.0
18:22:13,7165.08,7015.0,-10.6915,0.0
18:22:13,7165.08,7020.0,-4.5042,0.0
18:22:13,7165.08,7025.0,-23.4067,0.0
18:22:13,7165.08,7030.0,43.0428,0.0
18:22:13,7165.08,7035.0,-20.2507,0.0
18:22:13,7165.08,7040.0,-19.4179,0.0
18:22:13,7165.08,7045.0,308.3998,0.0
18:22:13,7165.08,7050.0,-123.7781,0.0
18:22:13,7165.08,7055.0,-195.4224,0.0
18:22:13,7165.08,7060.0,-22.1311,0.0
18:22:13,7165.08,7065.0,-15.1002,0.0
18:22:13,7165.08,7070.0,3.1324,0.0
18:22:13,7165.08,7075.0,-68.9882,0.0
18:22:13,7165.08,7080.0,-46.3397,0.0
18:22:13,7165.08,7085.0,-23.0963,0.0
18:22:13,7165.08,7090.0,-49.5119,0.0
18:22:13,7165.08,7095.0,-15.3363,0.0
18:22:13,7165.08,7100.0,127.8095,10605.0
18:22:13,7165.08,7105.0,18.294,0.0
18:22:13,7165.08,7110.0,-24.7531,0.0
18:22:13,7165.08,7115.0,22.6923,0.0
18:22:13,7165.08,7120.0,74.7954,0.0
18:22:13,7165.08,7125.0,1.3871,0.0
18:22:13,7165.08,7130.0,1432.7542,0.0
18:22:13,7165.08,7135.0,33.2303,0.0
18:22:13,7165.08,7140.0,281.7618,1894.0
18:22:13,7165.08,7145.0,40.4458,0.0
18:22:13,7165.08,7150.0,95.4028,0.0
18:22:13,7165.08,7155.0,654.3267,0.0
18:22:13,7165.08,7160.0,1144.1108,0.0
18:22:13,7165.08,7165.0,49.9362,0.0
18:22:13,7165.08,7170.0,200.338,0.0
18:22:13,7165.08,7175.0,324.0935,0.0
18:22:13,7165.08,7180.0,122.0941,0.0
18:22:13,7165.08,7185.0,76.5426,0.0
18:22:13,7165.08,7190.0,143.775,0.0
18:22:13,7165.08,7195.0,111.0354,0.0
18:22:13,7165.08,7200.0,681.2964,10217.0
18:22:13,7165.08,7205.0,78.608,0.0
18:22:13,7165.08,7210.0,213.0405,0.0
18:22:13,7165.08,7215.0,117.7262,0.0
18:22:13,7165.08,7220.0,216.5669,0.0
18:22:13,7165.08,7225.0,166.4071,0.0
18:22:13,7165.08,7230.0,178.4028,0.0
18:22:13,7165.08,7235.0,68.8201,0.0
18:22:13,7165.08,7240.0,182.2312,0.0
18:22:13,7165.08,7245.0,89.3606,0.0
18:22:13,7165.08,7250.0,1201.5839,0.0
18:22:13,7165.08,7255.0,447.6,0.0
18:22:13,7165.08,7260.0,120.2444,0.0
18:22:13,7165.08,7265.0,101.798,0.0
18:22:13,7165.08,7270.0,162.8743,0.0
18:22:13,7165.08,7275.0,281.902,0.0
18:22:13,7165.08,7280.0,198.4675,0.0
18:22:13,7165.08,7285.0,46.405,0.0
18:22:13,7165.08,7290.0,104.0849,0.0
18:22:13,7165.08,7295.0,43.9082,0.0
18:22:13,7165.08,7300.0,95.4905,0.0
18:22:13,7165.08,7305.0,6.3165,0.0
18:22:13,7165.08,7310.0,56.9585,0.0
18:22:13,7165.08,7315.0,29.3403,0.0
18:22:13,7165.08,7320.0,72.7014,0.0
18:22:13,7165.08,7325.0,21.8798,0.0
18:22:13,7165.08,7330.0,57.2859,0.0
18:22:13,7165.08,7335.0,0.3669,0.0
18:22:13,7165.08,7340.0,6.7209,0.0
18:22:13,7165.08,7345.0,0.2152,0.0
18:22:13,7165.08,7350.0,29.7588,0.0
18:22:13,7165.08,7360.0,2.9159,247.0
18:22:13,7165.08,7370.0,7.6608,771.0
18:22:13,7165.08,7375.0,25.4988,10617.0
18:22:13,7165.08,7380.0,12.2625,5152.0
18:22:13,7165.08,7390.0,33.0928,2139.0
18:22:13,7165.08,7400.0,15.4658,4230.0
18:22:13,7165.08,7410.0,0.0095,65.0
18:22:13,7165.08,7425.0,4.2126,194.0
18:22:13,7165.08,7450.0,1.5767,474.0
18:22:13,7165.08,7475.0,0.0336,140.0
18:22:13,7165.08,7500.0,0.1662,296.0
18:22:13,7165.08,7550.0,0.0005,0.0
18:22:13,7165.08,7600.0,0.0006,2.0
18:22:13,7165.08,7700.0,0.0001,0.0
18:22:13,7165.08,7800.0,0.0,1.0
18:22:13,7165.08,8000.0,0.0,2.0
18:22:13,7165.08,8800.0,0.0,2.0
18:22:13,7165.08,9200.0,0.0,1.0
18:38:01,7165.08,4600.0,-0.0,4.0
18:38:01,7165.08,5300.0,-0.0,1.0
18:38:01,7165.08,5400.0,-0.0,3.0
18:38:01,7165.08,5500.0,-0.0,1.0
18:38:01,7165.08,5575.0,-0.0,1.0
18:38:01,7165.08,5625.0,-0.0,1.0
18:38:01,7165.08,5650.0,-0.0,1.0
18:38:01,7165.08,5800.0,-0.0,4.0
18:38:01,7165.08,5900.0,-0.0,3.0
18:38:01,7165.08,6000.0,-0.0,24.0
18:38:01,7165.08,6100.0,-0.0,876.0
18:38:01,7165.08,6110.0,-0.0,105.0
18:38:01,7165.08,6120.0,-0.0,81.0
18:38:01,7165.08,6125.0,-0.0,13.0
18:38:01,7165.08,6130.0,-0.0,3.0
18:38:01,7165.08,6140.0,-0.0,100.0
18:38:01,7165.08,6150.0,-0.0,297.0
18:38:01,7165.08,6160.0,-0.0,85.0
18:38:01,7165.08,6170.0,-0.0,87.0
18:38:01,7165.08,6175.0,-0.0,163.0
18:38:01,7165.08,6180.0,-0.0,10.0
18:38:01,7165.08,6190.0,-0.0026,97.0
18:38:01,7165.08,6200.0,-0.0,1177.0
18:38:01,7165.08,6210.0,-0.0984,0.0
18:38:01,7165.08,6220.0,-0.0021,40.0
18:38:01,7165.08,6225.0,-0.0,150.0
18:38:01,7165.08,6230.0,-0.0072,302.0
18:38:01,7165.08,6240.0,-0.0023,60.0
18:38:01,7165.08,6250.0,-0.0,226.0
18:38:01,7165.08,6260.0,-0.0,200.0
18:38:01,7165.08,6270.0,-0.014,101.0
18:38:01,7165.08,6275.0,-0.0,30.0
18:38:01,7165.08,6280.0,0.0002,20.0
18:38:01,7165.08,6290.0,-0.0,38.0
18:38:01,7165.08,6300.0,-0.0,96.0
18:38:01,7165.08,6310.0,-0.0,161.0
18:38:01,7165.08,6320.0,-0.0,10.0
18:38:01,7165.08,6325.0,-0.0,30.0
18:38:01,7165.08,6330.0,-0.0,196.0
18:38:01,7165.08,6340.0,0.0095,10.0
18:38:01,7165.08,6350.0,-0.0,95.0
18:38:01,7165.08,6360.0,-0.0,58.0
18:38:01,7165.08,6370.0,-0.0,50.0
18:38:01,7165.08,6375.0,-0.0,5.0
18:38:01,7165.08,6380.0,-0.0,44.0
18:38:01,7165.08,6390.0,0.0,11.0
18:38:01,7165.08,6400.0,-0.0,152.0
18:38:01,7165.08,6410.0,-0.0,5.0
18:38:01,7165.08,6420.0,-0.0,14.0
18:38:01,7165.08,6425.0,0.0,52.0
18:38:01,7165.08,6430.0,-0.0573,7.0
18:38:01,7165.08,6440.0,-0.0383,44.0
18:38:01,7165.08,6450.0,-0.0,1068.0
18:38:01,7165.08,6460.0,-0.0,80.0
18:38:01,7165.08,6470.0,-0.0,8.0
18:38:01,7165.08,6475.0,-0.0,3.0
18:38:01,7165.08,6480.0,-0.0,35.0
18:38:01,7165.08,6485.0,0.0043,8.0
18:38:01,7165.08,6490.0,-0.0,5.0
18:38:01,7165.08,6495.0,-0.0092,0.0
18:38:01,7165.08,6500.0,-0.0,70.0
18:38:01,7165.08,6505.0,-0.1222,100.0
18:38:01,7165.08,6510.0,-0.0,118.0
18:38:01,7165.08,6515.0,0.0164,117.0
18:38:01,7165.08,6520.0,-0.0,29.0
18:38:01,7165.08,6525.0,-0.0,4.0
18:38:01,7165.08,6530.0,-0.0,1.0
18:38:01,7165.08,6535.0,-0.0805,64.0
18:38:01,7165.08,6540.0,-0.0,22.0
18:38:01,7165.08,6545.0,-0.0131,58.0
18:38:01,7165.08,6550.0,-0.2663,0.0
18:38:01,7165.08,6555.0,0.0576,27.0
18:38:01,7165.08,6560.0,-0.0,15.0
18:38:01,7165.08,6565.0,-0.0552,3.0
18:38:01,7165.08,6570.0,0.0,1.0
18:38:01,7165.08,6580.0,0.0649,13.0
18:38:01,7165.08,6585.0,-0.0766,48.0
18:38:01,7165.08,6590.0,0.0474,57.0
18:38:01,7165.08,6595.0,-0.0,79.0
18:38:01,7165.08,6600.0,-0.0,4.0
18:38:01,7165.08,6605.0,-0.0,30.0
18:38:01,7165.08,6610.0,0.1515,106.0
18:38:01,7165.08,6615.0,-0.0,95.0
18:38:01,7165.08,6620.0,0.1026,80.0
18:38:01,7165.08,6625.0,0.0,16.0
18:38:01,7165.08,6630.0,-0.0,40.0
18:38:01,7165.08,6635.0,-0.1048,137.0
18:38:01,7165.08,6640.0,0.145,87.0
18:38:01,7165.08,6645.0,-0.1235,27.0
18:38:01,7165.08,6650.0,-0.0,3.0
18:38:01,7165.08,6655.0,-0.1014,70.0
18:38:01,7165.08,6660.0,-0.1662,88.0
18:38:01,7165.08,6665.0,-0.0,6.0
18:38:01,7165.08,6670.0,-0.0568,3.0
18:38:01,7165.08,6675.0,0.0,248.0
18:38:01,7165.08,6680.0,-0.3832,62.0
18:38:01,7165.08,6685.0,-0.0,287.0
18:38:01,7165.08,6690.0,-1.1985,139.0
18:38:01,7165.08,6695.0,-0.0,31.0
18:38:01,7165.08,6700.0,-0.0014,1429.0
18:38:01,7165.08,6705.0,-0.0001,49.0
18:38:01,7165.08,6710.0,-0.5515,565.0
18:38:01,7165.08,6715.0,-0.0002,161.0
18:38:01,7165.08,6720.0,-0.0004,44.0
18:38:01,7165.08,6725.0,-0.0006,1300.0
18:38:01,7165.08,6730.0,-0.0008,63.0
18:38:01,7165.08,6735.0,0.0255,56.0
18:38:01,7165.08,6740.0,-0.0022,181.0
18:38:01,7165.08,6745.0,-0.0006,86.0
18:38:01,7165.08,6750.0,-0.0094,3696.0
18:38:01,7165.08,6755.0,-0.0019,153.0
18:38:01,7165.08,6760.0,-1.966,1867.0
18:38:01,7165.08,6765.0,-0.0031,293.0
18:38:01,7165.08,6770.0,-1.806,136.0
18:38:01,7165.08,6775.0,-0.0042,3448.0
18:38:01,7165.08,6780.0,-0.0111,276.0
18:38:01,7165.08,6785.0,0.0242,130.0
18:38:01,7165.08,6790.0,-0.0215,194.0
18:38:01,7165.08,6795.0,-0.0608,159.0
18:38:01,7165.08,6800.0,-11.7331,2592.0
18:38:01,7165.08,6805.0,-4.2882,347.0
18:38:01,7165.08,6810.0,-3.7409,704.0
18:38:01,7165.08,6815.0,-0.0214,296.0
18:38:01,7165.08,6820.0,-1.649,158.0
18:38:01,7165.08,6825.0,2.1811,1565.0
18:38:01,7165.08,6830.0,-0.0506,188.0
18:38:01,7165.08,6835.0,-0.9594,221.0
18:38:01,7165.08,6840.0,-0.16,1189.0
18:38:01,7165.08,6845.0,-0.2437,4310.0
18:38:01,7165.08,6850.0,-7.8118,4335.0
18:38:01,7165.08,6855.0,-0.413,665.0
18:38:01,7165.08,6860.0,-4.3119,0.0
18:38:01,7165.08,6865.0,-0.6827,0.0
18:38:01,7165.08,6870.0,-0.2721,0.0
18:38:01,7165.08,6875.0,-0.6819,0.0
18:38:01,7165.08,6880.0,-1.0618,0.0
18:38:01,7165.08,6885.0,-13.817,3.0
18:38:01,7165.08,6890.0,-0.825,0.0
18:38:01,7165.08,6895.0,-58.1265,13.0
18:38:01,7165.08,6900.0,-36.6982,0.0
18:38:01,7165.08,6905.0,-2.7141,0.0
18:38:01,7165.08,6910.0,-1.4923,0.0
18:38:01,7165.08,6915.0,-1.2064,82.0
18:38:01,7165.08,6920.0,-0.7761,91.0
18:38:01,7165.08,6925.0,0.7624,791.0
18:38:01,7165.08,6930.0,-5.7977,0.0
18:38:01,7165.08,6935.0,-5.0962,0.0
18:38:01,7165.08,6940.0,1.0832,0.0
18:38:01,7165.08,6945.0,-39.7964,0.0
18:38:01,7165.08,6950.0,-55.891,117.0
18:38:01,7165.08,6955.0,-32.2255,0.0
18:38:01,7165.08,6960.0,-13.141,0.0
18:38:01,7165.08,6965.0,-6.3978,0.0
18:38:01,7165.08,6970.0,-4.1436,0.0
18:38:01,7165.08,6975.0,-15.0898,2648.0
18:38:01,7165.08,6980.0,-14.1651,0.0
18:38:01,7165.08,6985.0,-12.9409,32.0
18:38:01,7165.08,6990.0,-17.337,0.0
18:38:01,7165.08,6995.0,-16.8528,0.0
18:38:01,7165.08,7000.0,-11.9001,0.0
18:38:01,7165.08,7005.0,-126.486,0.0
18:38:01,7165.08,7010.0,-3.803,0.0
18:38:01,7165.08,7015.0,-10.6915,0.0
18:38:01,7165.08,7020.0,-4.5042,0.0
18:38:01,7165.08,7025.0,-23.4067,0.0
18:38:01,7165.08,7030.0,43.0428,0.0
18:38:01,7165.08,7035.0,-20.2507,0.0
18:38:01,7165.08,7040.0,-19.4179,0.0
18:38:01,7165.08,7045.0,308.3998,0.0
18:38:01,7165.08,7050.0,-123.7781,0.0
18:38:01,7165.08,7055.0,-195.4224,0.0
18:38:01,7165.08,7060.0,-22.1311,0.0
18:38:01,7165.08,7065.0,-15.1002,0.0
18:38:01,7165.08,7070.0,3.1324,0.0
18:38:01,7165.08,7075.0,-68.9882,0.0
18:38:01,7165.08,7080.0,-46.3397,0.0
18:38:01,7165.08,7085.0,-23.0963,0.0
18:38:01,7165.08,7090.0,-49.5119,0.0
18:38:01,7165.08,7095.0,-15.3363,0.0
18:38:01,7165.08,7100.0,127.8095,10605.0
18:38:01,7165.08,7105.0,18.294,0.0
18:38:01,7165.08,7110.0,-24.7531,0.0
18:38:01,7165.08,7115.0,22.6923,0.0
18:38:01,7165.08,7120.0,74.7954,0.0
18:38:01,7165.08,7125.0,1.3871,0.0
18:38:01,7165.08,7130.0,1432.7542,0.0
18:38:01,7165.08,7135.0,33.2303,0.0
18:38:01,7165.08,7140.0,281.7618,1894.0
18:38:01,7165.08,7145.0,40.4458,0.0
18:38:01,7165.08,7150.0,95.4028,0.0
18:38:01,7165.08,7155.0,654.3267,0.0
18:38:01,7165.08,7160.0,1144.1108,0.0
18:38:01,7165.08,7165.0,49.9362,0.0
18:38:01,7165.08,7170.0,200.338,0.0
18:38:01,7165.08,7175.0,324.0935,0.0
18:38:01,7165.08,7180.0,122.0941,0.0
18:38:01,7165.08,7185.0,76.5426,0.0
18:38:01,7165.08,7190.0,143.775,0.0
18:38:01,7165.08,7195.0,111.0354,0.0
18:38:01,7165.08,7200.0,681.2964,10217.0
18:38:01,7165.08,7205.0,78.608,0.0
18:38:01,7165.08,7210.0,213.0405,0.0
18:38:01,7165.08,7215.0,117.7262,0.0
18:38:01,7165.08,7220.0,216.5669,0.0
18:38:01,7165.08,7225.0,166.4071,0.0
18:38:01,7165.08,7230.0,178.4028,0.0
18:38:01,7165.08,7235.0,68.8201,0.0
18:38:01,7165.08,7240.0,182.2312,0.0
18:38:01,7165.08,7245.0,89.3606,0.0
18:38:01,7165.08,7250.0,1201.5839,0.0
18:38:01,7165.08,7255.0,447.6,0.0
18:38:01,7165.08,7260.0,120.2444,0.0
18:38:01,7165.08,7265.0,101.798,0.0
18:38:01,7165.08,7270.0,162.8743,0.0
18:38:01,7165.08,7275.0,281.902,0.0
18:38:01,7165.08,7280.0,198.4675,0.0
18:38:01,7165.08,7285.0,46.405,0.0
18:38:01,7165.08,7290.0,104.0849,0.0
18:38:01,7165.08,7295.0,43.9082,0.0
18:38:01,7165.08,7300.0,95.4905,0.0
18:38:01,7165.08,7305.0,6.3165,0.0
18:38:01,7165.08,7310.0,56.9585,0.0
18:38:01,7165.08,7315.0,29.3403,0.0
18:38:01,7165.08,7320.0,72.7014,0.0
18:38:01,7165.08,7325.0,21.8798,0.0
18:38:01,7165.08,7330.0,57.2859,0.0
18:38:01,7165.08,7335.0,0.3669,0.0
18:38:01,7165.08,7340.0,6.7209,0.0
18:38:01,7165.08,7345.0,0.2152,0.0
18:38:01,7165.08,7350.0,29.7588,0.0
18:38:01,7165.08,7360.0,2.9159,247.0
18:38:01,7165.08,7370.0,7.6608,771.0
18:38:01,7165.08,7375.0,25.4988,10617.0
18:38:01,7165.08,7380.0,12.2625,5152.0
18:38:01,7165.08,7390.0,33.0928,2139.0
18:38:01,7165.08,7400.0,15.4658,4230.0
18:38:01,7165.08,7410.0,0.0095,65.0
18:38:01,7165.08,7425.0,4.2126,194.0
18:38:01,7165.08,7450.0,1.5767,474.0
18:38:01,7165.08,7475.0,0.0336,140.0
18:38:01,7165.08,7500.0,0.1662,296.0
18:38:01,7165.08,7550.0,0.0005,0.0
18:38:01,7165.08,7600.0,0.0006,2.0
18:38:01,7165.08,7700.0,0.0001,0.0
18:38:01,7165.08,7800.0,0.0,1.0
18:38:01,7165.08,8000.0,0.0,2.0
18:38:01,7165.08,8800.0,0.0,2.0
18:38:01,7165.08,9200.0,0.0,1.0
18:55:26,7165.08,4600.0,-0.0,4.0
18:55:26,7165.08,5300.0,-0.0,1.0
18:55:26,7165.08,5400.0,-0.0,3.0
18:55:26,7165.08,5500.0,-0.0,1.0
18:55:26,7165.08,5575.0,-0.0,1.0
18:55:26,7165.08,5625.0,-0.0,1.0
18:55:26,7165.08,5650.0,-0.0,1.0
18:55:26,7165.08,5800.0,-0.0,4.0
18:55:26,7165.08,5900.0,-0.0,3.0
18:55:26,7165.08,6000.0,-0.0,24.0
18:55:26,7165.08,6100.0,-0.0,876.0
18:55:26,7165.08,6110.0,-0.0,105.0
18:55:26,7165.08,6120.0,-0.0,81.0
18:55:26,7165.08,6125.0,-0.0,13.0
18:55:26,7165.08,6130.0,-0.0,3.0
18:55:26,7165.08,6140.0,-0.0,100.0
18:55:26,7165.08,6150.0,-0.0,297.0
18:55:26,7165.08,6160.0,-0.0,85.0
18:55:26,7165.08,6170.0,-0.0,87.0
18:55:26,7165.08,6175.0,-0.0,163.0
18:55:26,7165.08,6180.0,-0.0,10.0
18:55:26,7165.08,6190.0,-0.0026,97.0
18:55:26,7165.08,6200.0,-0.0,1177.0
18:55:26,7165.08,6210.0,-0.0984,0.0
18:55:26,7165.08,6220.0,-0.0021,40.0
18:55:26,7165.08,6225.0,-0.0,150.0
18:55:26,7165.08,6230.0,-0.0072,302.0
18:55:26,7165.08,6240.0,-0.0023,60.0
18:55:26,7165.08,6250.0,-0.0,226.0
18:55:26,7165.08,6260.0,-0.0,200.0
18:55:26,7165.08,6270.0,-0.014,101.0
18:55:26,7165.08,6275.0,-0.0,30.0
18:55:26,7165.08,6280.0,0.0002,20.0
18:55:26,7165.08,6290.0,-0.0,38.0
18:55:26,7165.08,6300.0,-0.0,96.0
18:55:26,7165.08,6310.0,-0.0,161.0
18:55:26,7165.08,6320.0,-0.0,10.0
18:55:26,7165.08,6325.0,-0.0,30.0
18:55:26,7165.08,6330.0,-0.0,196.0
18:55:26,7165.08,6340.0,0.0095,10.0
18:55:26,7165.08,6350.0,-0.0,95.0
18:55:26,7165.08,6360.0,-0.0,58.0
18:55:26,7165.08,6370.0,-0.0,50.0
18:55:26,7165.08,6375.0,-0.0,5.0
18:55:26,7165.08,6380.0,-0.0,44.0
18:55:26,7165.08,6390.0,0.0,11.0
18:55:26,7165.08,6400.0,-0.0,152.0
18:55:26,7165.08,6410.0,-0.0,5.0
18:55:26,7165.08,6420.0,-0.0,14.0
18:55:26,7165.08,6425.0,0.0,52.0
18:55:26,7165.08,6430.0,-0.0573,7.0
18:55:26,7165.08,6440.0,-0.0383,44.0
18:55:26,7165.08,6450.0,-0.0,1068.0
18:55:26,7165.08,6460.0,-0.0,80.0
18:55:26,7165.08,6470.0,-0.0,8.0
18:55:26,7165.08,6475.0,-0.0,3.0
18:55:26,7165.08,6480.0,-0.0,35.0
18:55:26,7165.08,6485.0,0.0043,8.0
18:55:26,7165.08,6490.0,-0.0,5.0
18:55:26,7165.08,6495.0,-0.0092,0.0
18:55:26,7165.08,6500.0,-0.0,70.0
18:55:26,7165.08,6505.0,-0.1222,100.0
18:55:26,7165.08,6510.0,-0.0,118.0
18:55:26,7165.08,6515.0,0.0164,117.0
18:55:26,7165.08,6520.0,-0.0,29.0
18:55:26,7165.08,6525.0,-0.0,4.0
18:55:26,7165.08,6530.0,-0.0,1.0
18:55:26,7165.08,6535.0,-0.0805,64.0
18:55:26,7165.08,6540.0,-0.0,22.0
18:55:26,7165.08,6545.0,-0.0131,58.0
18:55:26,7165.08,6550.0,-0.2663,0.0
18:55:26,7165.08,6555.0,0.0576,27.0
18:55:26,7165.08,6560.0,-0.0,15.0
18:55:26,7165.08,6565.0,-0.0552,3.0
18:55:26,7165.08,6570.0,0.0,1.0
18:55:26,7165.08,6580.0,0.0649,13.0
18:55:26,7165.08,6585.0,-0.0766,48.0
18:55:26,7165.08,6590.0,0.0474,57.0
18:55:26,7165.08,6595.0,-0.0,79.0
18:55:26,7165.08,6600.0,-0.0,4.0
18:55:26,7165.08,6605.0,-0.0,30.0
18:55:26,7165.08,6610.0,0.1515,106.0
18:55:26,7165.08,6615.0,-0.0,95.0
18:55:26,7165.08,6620.0,0.1026,80.0
18:55:26,7165.08,6625.0,0.0,16.0
18:55:26,7165.08,6630.0,-0.0,40.0
18:55:26,7165.08,6635.0,-0.1048,137.0
18:55:26,7165.08,6640.0,0.145,87.0
18:55:26,7165.08,6645.0,-0.1235,27.0
18:55:26,7165.08,6650.0,-0.0,3.0
18:55:26,7165.08,6655.0,-0.1014,70.0
18:55:26,7165.08,6660.0,-0.1662,88.0
18:55:26,7165.08,6665.0,-0.0,6.0
18:55:26,7165.08,6670.0,-0.0568,3.0
18:55:26,7165.08,6675.0,0.0,248.0
18:55:26,7165.08,6680.0,-0.3832,62.0
18:55:26,7165.08,6685.0,-0.0,287.0
18:55:26,7165.08,6690.0,-1.1985,139.0
18:55:26,7165.08,6695.0,-0.0,31.0
18:55:26,7165.08,6700.0,-0.0014,1429.0
18:55:26,7165.08,6705.0,-0.0001,49.0
18:55:26,7165.08,6710.0,-0.5515,565.0
18:55:26,7165.08,6715.0,-0.0002,161.0
18:55:26,7165.08,6720.0,-0.0004,44.0
18:55:26,7165.08,6725.0,-0.0006,1300.0
18:55:26,7165.08,6730.0,-0.0008,63.0
18:55:26,7165.08,6735.0,0.0255,56.0
18:55:26,7165.08,6740.0,-0.0022,181.0
18:55:26,7165.08,6745.0,-0.0006,86.0
18:55:26,7165.08,6750.0,-0.0094,3696.0
18:55:26,7165.08,6755.0,-0.0019,153.0
18:55:26,7165.08,6760.0,-1.966,1867.0
18:55:26,7165.08,6765.0,-0.0031,293.0
18:55:26,7165.08,6770.0,-1.806,136.0
18:55:26,7165.08,6775.0,-0.0042,3448.0
18:55:26,7165.08,6780.0,-0.0111,276.0
18:55:26,7165.08,6785.0,0.0242,130.0
18:55:26,7165.08,6790.0,-0.0215,194.0
18:55:26,7165.08,6795.0,-0.0608,159.0
18:55:26,7165.08,6800.0,-11.7331,2592.0
18:55:26,7165.08,6805.0,-4.2882,347.0
18:55:26,7165.08,6810.0,-3.7409,704.0
18:55:26,7165.08,6815.0,-0.0214,296.0
18:55:26,7165.08,6820.0,-1.649,158.0
18:55:26,7165.08,6825.0,2.1811,1565.0
18:55:26,7165.08,6830.0,-0.0506,188.0
18:55:26,7165.08,6835.0,-0.9594,221.0
18:55:26,7165.08,6840.0,-0.16,1189.0
18:55:26,7165.08,6845.0,-0.2437,4310.0
18:55:26,7165.08,6850.0,-7.8118,4335.0
18:55:26,7165.08,6855.0,-0.413,665.0
18:55:26,7165.08,6860.0,-4.3119,0.0
18:55:26,7165.08,6865.0,-0.6827,0.0
18:55:26,7165.08,6870.0,-0.2721,0.0
18:55:26,7165.08,6875.0,-0.6819,0.0
18:55:26,7165.08,6880.0,-1.0618,0.0
18:55:26,7165.08,6885.0,-13.817,3.0
18:55:26,7165.08,6890.0,-0.825,0.0
18:55:26,7165.08,6895.0,-58.1265,13.0
18:55:26,7165.08,6900.0,-36.6982,0.0
18:55:26,7165.08,6905.0,-2.7141,0.0
18:55:26,7165.08,6910.0,-1.4923,0.0
18:55:26,7165.08,6915.0,-1.2064,82.0
18:55:26,7165.08,6920.0,-0.7761,91.0
18:55:26,7165.08,6925.0,0.7624,791.0
18:55:26,7165.08,6930.0,-5.7977,0.0
18:55:26,7165.08,6935.0,-5.0962,0.0
18:55:26,7165.08,6940.0,1.0832,0.0
18:55:26,7165.08,6945.0,-39.7964,0.0
18:55:26,7165.08,6950.0,-55.891,117.0
18:55:26,7165.08,6955.0,-32.2255,0.0
18:55:26,7165.08,6960.0,-13.141,0.0
18:55:26,7165.08,6965.0,-6.3978,0.0
18:55:26,7165.08,6970.0,-4.1436,0.0
18:55:26,7165.08,6975.0,-15.0898,2648.0
18:55:26,7165.08,6980.0,-14.1651,0.0
18:55:26,7165.08,6985.0,-12.9409,32.0
18:55:26,7165.08,6990.0,-17.337,0.0
18:55:26,7165.08,6995.0,-16.8528,0.0
18:55:26,7165.08,7000.0,-11.9001,0.0
18:55:26,7165.08,7005.0,-126.486,0.0
18:55:26,7165.08,7010.0,-3.803,0.0
18:55:26,7165.08,7015.0,-10.6915,0.0
18:55:26,7165.08,7020.0,-4.5042,0.0
18:55:26,7165.08,7025.0,-23.4067,0.0
18:55:26,7165.08,7030.0,43.0428,0.0
18:55:26,7165.08,7035.0,-20.2507,0.0
18:55:26,7165.08,7040.0,-19.4179,0.0
18:55:26,7165.08,7045.0,308.3998,0.0
18:55:26,7165.08,7050.0,-123.7781,0.0
18:55:26,7165.08,7055.0,-195.4224,0.0
18:55:26,7165.08,7060.0,-22.1311,0.0
18:55:26,7165.08,7065.0,-15.1002,0.0
18:55:26,7165.08,7070.0,3.1324,0.0
18:55:26,7165.08,7075.0,-68.9882,0.0
18:55:26,7165.08,7080.0,-46.3397,0.0
18:55:26,7165.08,7085.0,-23.0963,0.0
18:55:26,7165.08,7090.0,-49.5119,0.0
18:55:26,7165.08,7095.0,-15.3363,0.0
18:55:26,7165.08,7100.0,127.8095,10605.0
18:55:26,7165.08,7105.0,18.294,0.0
18:55:26,7165.08,7110.0,-24.7531,0.0
18:55:26,7165.08,7115.0,22.6923,0.0
18:55:26,7165.08,7120.0,74.7954,0.0
18:55:26,7165.08,7125.0,1.3871,0.0
18:55:26,7165.08,7130.0,1432.7542,0.0
18:55:26,7165.08,7135.0,33.2303,0.0
18:55:26,7165.08,7140.0,281.7618,1894.0
18:55:26,7165.08,7145.0,40.4458,0.0
18:55:26,7165.08,7150.0,95.4028,0.0
18:55:26,7165.08,7155.0,654.3267,0.0
18:55:26,7165.08,7160.0,1144.1108,0.0
18:55:26,7165.08,7165.0,49.9362,0.0
18:55:26,7165.08,7170.0,200.338,0.0
18:55:26,7165.08,7175.0,324.0935,0.0
18:55:26,7165.08,7180.0,122.0941,0.0
18:55:26,7165.08,7185.0,76.5426,0.0
18:55:26,7165.08,7190.0,143.775,0.0
18:55:26,7165.08,7195.0,111.0354,0.0
18:55:26,7165.08,7200.0,681.2964,10217.0
18:55:26,7165.08,7205.0,78.608,0.0
18:55:26,7165.08,7210.0,213.0405,0.0
18:55:26,7165.08,7215.0,117.7262,0.0
18:55:26,7165.08,7220.0,216.5669,0.0
18:55:26,7165.08,7225.0,166.4071,0.0
18:55:26,7165.08,7230.0,178.4028,0.0
18:55:26,7165.08,7235.0,68.8201,0.0
18:55:26,7165.08,7240.0,182.2312,0.0
18:55:26,7165.08,7245.0,89.3606,0.0
18:55:26,7165.08,7250.0,1201.5839,0.0
18:55:26,7165.08,7255.0,447.6,0.0
18:55:26,7165.08,7260.0,120.2444,0.0
18:55:26,7165.08,7265.0,101.798,0.0
18:55:26,7165.08,7270.0,162.8743,0.0
18:55:26,7165.08,7275.0,281.902,0.0
18:55:26,7165.08,7280.0,198.4675,0.0
18:55:26,7165.08,7285.0,46.405,0.0
18:55:26,7165.08,7290.0,104.0849,0.0
18:55:26,7165.08,7295.0,43.9082,0.0
18:55:26,7165.08,7300.0,95.4905,0.0
18:55:26,7165.08,7305.0,6.3165,0.0
18:55:26,7165.08,7310.0,56.9585,0.0
18:55:26,7165.08,7315.0,29.3403,0.0
18:55:26,7165.08,7320.0,72.7014,0.0
18:55:26,7165.08,7325.0,21.8798,0.0
18:55:26,7165.08,7330.0,57.2859,0.0
18:55:26,7165.08,7335.0,0.3669,0.0
18:55:26,7165.08,7340.0,6.7209,0.0
18:55:26,7165.08,7345.0,0.2152,0.0
18:55:26,7165.08,7350.0,29.7588,0.0
18:55:26,7165.08,7360.0,2.9159,247.0
18:55:26,7165.08,7370.0,7.6608,771.0
18:55:26,7165.08,7375.0,25.4988,10617.0
18:55:26,7165.08,7380.0,12.2625,5152.0
18:55:26,7165.08,7390.0,33.0928,2139.0
18:55:26,7165.08,7400.0,15.4658,4230.0
18:55:26,7165.08,7410.0,0.0095,65.0
18:55:26,7165.08,7425.0,4.2126,194.0
18:55:26,7165.08,7450.0,1.5767,474.0
18:55:26,7165.08,7475.0,0.0336,140.0
18:55:26,7165.08,7500.0,0.1662,296.0
18:55:26,7165.08,7550.0,0.0005,0.0
18:55:26,7165.08,7600.0,0.0006,2.0
18:55:26,7165.08,7700.0,0.0001,0.0
18:55:26,7165.08,7800.0,0.0,1.0
18:55:26,7165.08,8000.0,0.0,2.0
18:55:26,7165.08,8800.0,0.0,2.0
18:55:26,7165.08,9200.0,0.0,1.0
19:11:25,7165.08,4600.0,-0.0,4.0
19:11:25,7165.08,5300.0,-0.0,1.0
19:11:25,7165.08,5400.0,-0.0,3.0
19:11:25,7165.08,5500.0,-0.0,1.0
19:11:25,7165.08,5575.0,-0.0,1.0
19:11:25,7165.08,5625.0,-0.0,1.0
19:11:25,7165.08,5650.0,-0.0,1.0
19:11:25,7165.08,5800.0,-0.0,4.0
19:11:25,7165.08,5900.0,-0.0,3.0
19:11:25,7165.08,6000.0,-0.0,24.0
19:11:25,7165.08,6100.0,-0.0,876.0
19:11:25,7165.08,6110.0,-0.0,105.0
19:11:25,7165.08,6120.0,-0.0,81.0
19:11:25,7165.08,6125.0,-0.0,13.0
19:11:25,7165.08,6130.0,-0.0,3.0
19:11:25,7165.08,6140.0,-0.0,100.0
19:11:25,7165.08,6150.0,-0.0,297.0
19:11:25,7165.08,6160.0,-0.0,85.0
19:11:25,7165.08,6170.0,-0.0,87.0
19:11:25,7165.08,6175.0,-0.0,163.0
19:11:25,7165.08,6180.0,-0.0,10.0
19:11:25,7165.08,6190.0,-0.0026,97.0
19:11:25,7165.08,6200.0,-0.0,1177.0
19:11:25,7165.08,6210.0,-0.0984,0.0
19:11:25,7165.08,6220.0,-0.0021,40.0
19:11:25,7165.08,6225.0,-0.0,150.0
19:11:25,7165.08,6230.0,-0.0072,302.0
19:11:25,7165.08,6240.0,-0.0023,60.0
19:11:25,7165.08,6250.0,-0.0,226.0
19:11:25,7165.08,6260.0,-0.0,200.0
19:11:25,7165.08,6270.0,-0.014,101.0
19:11:25,7165.08,6275.0,-0.0,30.0
19:11:25,7165.08,6280.0,0.0002,20.0
19:11:25,7165.08,6290.0,-0.0,38.0
19:11:25,7165.08,6300.0,-0.0,96.0
19:11:25,7165.08,6310.0,-0.0,161.0
19:11:25,7165.08,6320.0,-0.0,10.0
19:11:25,7165.08,6325.0,-0.0,30.0
19:11:25,7165.08,6330.0,-0.0,196.0
19:11:25,7165.08,6340.0,0.0095,10.0
19:11:25,7165.08,6350.0,-0.0,95.0
19:11:25,7165.08,6360.0,-0.0,58.0
19:11:25,7165.08,6370.0,-0.0,50.0
19:11:25,7165.08,6375.0,-0.0,5.0
19:11:25,7165.08,6380.0,-0.0,44.0
19:11:25,7165.08,6390.0,0.0,11.0
19:11:25,7165.08,6400.0,-0.0,152.0
19:11:25,7165.08,6410.0,-0.0,5.0
19:11:25,7165.08,6420.0,-0.0,14.0
19:11:25,7165.08,6425.0,0.0,52.0
19:11:25,7165.08,6430.0,-0.0573,7.0
19:11:25,7165.08,6440.0,-0.0383,44.0
19:11:25,7165.08,6450.0,-0.0,1068.0
19:11:25,7165.08,6460.0,-0.0,80.0
19:11:25,7165.08,6470.0,-0.0,8.0
19:11:25,7165.08,6475.0,-0.0,3.0
19:11:25,7165.08,6480.0,-0.0,35.0
19:11:25,7165.08,6485.0,0.0043,8.0
19:11:25,7165.08,6490.0,-0.0,5.0
19:11:25,7165.08,6495.0,-0.0092,0.0
19:11:25,7165.08,6500.0,-0.0,70.0
19:11:25,7165.08,6505.0,-0.1222,100.0
19:11:25,7165.08,6510.0,-0.0,118.0
19:11:25,7165.08,6515.0,0.0164,117.0
19:11:25,7165.08,6520.0,-0.0,29.0
19:11:25,7165.08,6525.0,-0.0,4.0
19:11:25,7165.08,6530.0,-0.0,1.0
19:11:25,7165.08,6535.0,-0.0805,64.0
19:11:25,7165.08,6540.0,-0.0,22.0
19:11:25,7165.08,6545.0,-0.0131,58.0
19:11:25,7165.08,6550.0,-0.2663,0.0
19:11:25,7165.08,6555.0,0.0576,27.0
19:11:25,7165.08,6560.0,-0.0,15.0
19:11:25,7165.08,6565.0,-0.0552,3.0
19:11:25,7165.08,6570.0,0.0,1.0
19:11:25,7165.08,6580.0,0.0649,13.0
19:11:25,7165.08,6585.0,-0.0766,48.0
19:11:25,7165.08,6590.0,0.0474,57.0
19:11:25,7165.08,6595.0,-0.0,79.0
19:11:25,7165.08,6600.0,-0.0,4.0
19:11:25,7165.08,6605.0,-0.0,30.0
19:11:25,7165.08,6610.0,0.1515,106.0
19:11:25,7165.08,6615.0,-0.0,95.0
19:11:25,7165.08,6620.0,0.1026,80.0
19:11:25,7165.08,6625.0,0.0,16.0
19:11:25,7165.08,6630.0,-0.0,40.0
19:11:25,7165.08,6635.0,-0.1048,137.0
19:11:25,7165.08,6640.0,0.145,87.0
19:11:25,7165.08,6645.0,-0.1235,27.0
19:11:25,7165.08,6650.0,-0.0,3.0
19:11:25,7165.08,6655.0,-0.1014,70.0
19:11:25,7165.08,6660.0,-0.1662,88.0
19:11:25,7165.08,6665.0,-0.0,6.0
19:11:25,7165.08,6670.0,-0.0568,3.0
19:11:25,7165.08,6675.0,0.0,248.0
19:11:25,7165.08,6680.0,-0.3832,62.0
19:11:25,7165.08,6685.0,-0.0,287.0
19:11:25,7165.08,6690.0,-1.1985,139.0
19:11:25,7165.08,6695.0,-0.0,31.0
19:11:25,7165.08,6700.0,-0.0014,1429.0
19:11:25,7165.08,6705.0,-0.0001,49.0
19:11:25,7165.08,6710.0,-0.5515,565.0
19:11:25,7165.08,6715.0,-0.0002,161.0
19:11:25,7165.08,6720.0,-0.0004,44.0
19:11:25,7165.08,6725.0,-0.0006,1300.0
19:11:25,7165.08,6730.0,-0.0008,63.0
19:11:25,7165.08,6735.0,0.0255,56.0
19:11:25,7165.08,6740.0,-0.0022,181.0
19:11:25,7165.08,6745.0,-0.0006,86.0
19:11:25,7165.08,6750.0,-0.0094,3696.0
19:11:25,7165.08,6755.0,-0.0019,153.0
19:11:25,7165.08,6760.0,-1.966,1867.0
19:11:25,7165.08,6765.0,-0.0031,293.0
19:11:25,7165.08,6770.0,-1.806,136.0
19:11:25,7165.08,6775.0,-0.0042,3448.0
19:11:25,7165.08,6780.0,-0.0111,276.0
19:11:25,7165.08,6785.0,0.0242,130.0
19:11:25,7165.08,6790.0,-0.0215,194.0
19:11:25,7165.08,6795.0,-0.0608,159.0
19:11:25,7165.08,6800.0,-11.7331,2592.0
19:11:25,7165.08,6805.0,-4.2882,347.0
19:11:25,7165.08,6810.0,-3.7409,704.0
19:11:25,7165.08,6815.0,-0.0214,296.0
19:11:25,7165.08,6820.0,-1.649,158.0
19:11:25,7165.08,6825.0,2.1811,1565.0
19:11:25,7165.08,6830.0,-0.0506,188.0
19:11:25,7165.08,6835.0,-0.9594,221.0
19:11:25,7165.08,6840.0,-0.16,1189.0
19:11:25,7165.08,6845.0,-0.2437,4310.0
19:11:25,7165.08,6850.0,-7.8118,4335.0
19:11:25,7165.08,6855.0,-0.413,665.0
19:11:25,7165.08,6860.0,-4.3119,0.0
19:11:25,7165.08,6865.0,-0.6827,0.0
19:11:25,7165.08,6870.0,-0.2721,0.0
19:11:25,7165.08,6875.0,-0.6819,0.0
19:11:25,7165.08,6880.0,-1.0618,0.0
19:11:25,7165.08,6885.0,-13.817,3.0
19:11:25,7165.08,6890.0,-0.825,0.0
19:11:25,7165.08,6895.0,-58.1265,13.0
19:11:25,7165.08,6900.0,-36.6982,0.0
19:11:25,7165.08,6905.0,-2.7141,0.0
19:11:25,7165.08,6910.0,-1.4923,0.0
19:11:25,7165.08,6915.0,-1.2064,82.0
19:11:25,7165.08,6920.0,-0.7761,91.0
19:11:25,7165.08,6925.0,0.7624,791.0
19:11:25,7165.08,6930.0,-5.7977,0.0
19:11:25,7165.08,6935.0,-5.0962,0.0
19:11:25,7165.08,6940.0,1.0832,0.0
19:11:25,7165.08,6945.0,-39.7964,0.0
19:11:25,7165.08,6950.0,-55.891,117.0
19:11:25,7165.08,6955.0,-32.2255,0.0
19:11:25,7165.08,6960.0,-13.141,0.0
19:11:25,7165.08,6965.0,-6.3978,0.0
19:11:25,7165.08,6970.0,-4.1436,0.0
19:11:25,7165.08,6975.0,-15.0898,2648.0
19:11:25,7165.08,6980.0,-14.1651,0.0
19:11:25,7165.08,6985.0,-12.9409,32.0
19:11:25,7165.08,6990.0,-17.337,0.0
19:11:25,7165.08,6995.0,-16.8528,0.0
19:11:25,7165.08,7000.0,-11.9001,0.0
19:11:25,7165.08,7005.0,-126.486,0.0
19:11:25,7165.08,7010.0,-3.803,0.0
19:11:25,7165.08,7015.0,-10.6915,0.0
19:11:25,7165.08,7020.0,-4.5042,0.0
19:11:25,7165.08,7025.0,-23.4067,0.0
19:11:25,7165.08,7030.0,43.0428,0.0
19:11:25,7165.08,7035.0,-20.2507,0.0
19:11:25,7165.08,7040.0,-19.4179,0.0
19:11:25,7165.08,7045.0,308.3998,0.0
19:11:25,7165.08,7050.0,-123.7781,0.0
19:11:25,7165.08,7055.0,-195.4224,0.0
19:11:25,7165.08,7060.0,-22.1311,0.0
19:11:25,7165.08,7065.0,-15.1002,0.0
19:11:25,7165.08,7070.0,3.1324,0.0
19:11:25,7165.08,7075.0,-68.9882,0.0
19:11:25,7165.08,7080.0,-46.3397,0.0
19:11:25,7165.08,7085.0,-23.0963,0.0
19:11:25,7165.08,7090.0,-49.5119,0.0
19:11:25,7165.08,7095.0,-15.3363,0.0
19:11:25,7165.08,7100.0,127.8095,10605.0
19:11:25,7165.08,7105.0,18.294,0.0
19:11:25,7165.08,7110.0,-24.7531,0.0
19:11:25,7165.08,7115.0,22.6923,0.0
19:11:25,7165.08,7120.0,74.7954,0.0
19:11:25,7165.08,7125.0,1.3871,0.0
19:11:25,7165.08,7130.0,1432.7542,0.0
19:11:25,7165.08,7135.0,33.2303,0.0
19:11:25,7165.08,7140.0,281.7618,1894.0
19:11:25,7165.08,7145.0,40.4458,0.0
19:11:25,7165.08,7150.0,95.4028,0.0
19:11:25,7165.08,7155.0,654.3267,0.0
19:11:25,7165.08,7160.0,1144.1108,0.0
19:11:25,7165.08,7165.0,49.9362,0.0
19:11:25,7165.08,7170.0,200.338,0.0
19:11:25,7165.08,7175.0,324.0935,0.0
19:11:25,7165.08,7180.0,122.0941,0.0
19:11:25,7165.08,7185.0,76.5426,0.0
19:11:25,7165.08,7190.0,143.775,0.0
19:11:25,7165.08,7195.0,111.0354,0.0
19:11:25,7165.08,7200.0,681.2964,10217.0
19:11:25,7165.08,7205.0,78.608,0.0
19:11:25,7165.08,7210.0,213.0405,0.0
19:11:25,7165.08,7215.0,117.7262,0.0
19:11:25,7165.08,7220.0,216.5669,0.0
19:11:25,7165.08,7225.0,166.4071,0.0
19:11:25,7165.08,7230.0,178.4028,0.0
19:11:25,7165.08,7235.0,68.8201,0.0
19:11:25,7165.08,7240.0,182.2312,0.0
19:11:25,7165.08,7245.0,89.3606,0.0
19:11:25,7165.08,7250.0,1201.5839,0.0
19:11:25,7165.08,7255.0,447.6,0.0
19:11:25,7165.08,7260.0,120.2444,0.0
19:11:25,7165.08,7265.0,101.798,0.0
19:11:25,7165.08,7270.0,162.8743,0.0
19:11:25,7165.08,7275.0,281.902,0.0
19:11:25,7165.08,7280.0,198.4675,0.0
19:11:25,7165.08,7285.0,46.405,0.0
19:11:25,7165.08,7290.0,104.0849,0.0
19:11:25,7165.08,7295.0,43.9082,0.0
19:11:25,7165.08,7300.0,95.4905,0.0
19:11:25,7165.08,7305.0,6.3165,0.0
19:11:25,7165.08,7310.0,56.9585,0.0
19:11:25,7165.08,7315.0,29.3403,0.0
19:11:25,7165.08,7320.0,72.7014,0.0
19:11:25,7165.08,7325.0,21.8798,0.0
19:11:25,7165.08,7330.0,57.2859,0.0
19:11:25,7165.08,7335.0,0.3669,0.0
19:11:25,7165.08,7340.0,6.7209,0.0
19:11:25,7165.08,7345.0,0.2152,0.0
19:11:25,7165.08,7350.0,29.7588,0.0
19:11:25,7165.08,7360.0,2.9159,247.0
19:11:25,7165.08,7370.0,7.6608,771.0
19:11:25,7165.08,7375.0,25.4988,10617.0
19:11:25,7165.08,7380.0,12.2625,5152.0
19:11:25,7165.08,7390.0,33.0928,2139.0
19:11:25,7165.08,7400.0,15.4658,4230.0
19:11:25,7165.08,7410.0,0.0095,65.0
19:11:25,7165.08,7425.0,4.2126,194.0
19:11:25,7165.08,7450.0,1.5767,474.0
19:11:25,7165.08,7475.0,0.0336,140.0
19:11:25,7165.08,7500.0,0.1662,296.0
19:11:25,7165.08,7550.0,0.0005,0.0
19:11:25,7165.08,7600.0,0.0006,2.0
19:11:25,7165.08,7700.0,0.0001,0.0
19:11:25,7165.08,7800.0,0.0,1.0
19:11:25,7165.08,8000.0,0.0,2.0
19:11:25,7165.08,8800.0,0.0,2.0
19:11:25,7165.08,9200.0,0.0,1.0
19:28:25,7165.08,4600.0,-0.0,4.0
19:28:25,7165.08,5300.0,-0.0,1.0
19:28:25,7165.08,5400.0,-0.0,3.0
19:28:25,7165.08,5500.0,-0.0,1.0
19:28:25,7165.08,5575.0,-0.0,1.0
19:28:25,7165.08,5625.0,-0.0,1.0
19:28:25,7165.08,5650.0,-0.0,1.0
19:28:25,7165.08,5800.0,-0.0,4.0
19:28:25,7165.08,5900.0,-0.0,3.0
19:28:25,7165.08,6000.0,-0.0,24.0
19:28:25,7165.08,6100.0,-0.0,876.0
19:28:25,7165.08,6110.0,-0.0,105.0
19:28:25,7165.08,6120.0,-0.0,81.0
19:28:25,7165.08,6125.0,-0.0,13.0
19:28:25,7165.08,6130.0,-0.0,3.0
19:28:25,7165.08,6140.0,-0.0,100.0
19:28:25,7165.08,6150.0,-0.0,297.0
19:28:25,7165.08,6160.0,-0.0,85.0
19:28:25,7165.08,6170.0,-0.0,87.0
19:28:25,7165.08,6175.0,-0.0,163.0
19:28:25,7165.08,6180.0,-0.0,10.0
19:28:25,7165.08,6190.0,-0.0026,97.0
19:28:25,7165.08,6200.0,-0.0,1177.0
19:28:25,7165.08,6210.0,-0.0984,0.0
19:28:25,7165.08,6220.0,-0.0021,40.0
19:28:25,7165.08,6225.0,-0.0,150.0
19:28:25,7165.08,6230.0,-0.0072,302.0
19:28:25,7165.08,6240.0,-0.0023,60.0
19:28:25,7165.08,6250.0,-0.0,226.0
19:28:25,7165.08,6260.0,-0.0,200.0
19:28:25,7165.08,6270.0,-0.014,101.0
19:28:25,7165.08,6275.0,-0.0,30.0
19:28:25,7165.08,6280.0,0.0002,20.0
19:28:25,7165.08,6290.0,-0.0,38.0
19:28:25,7165.08,6300.0,-0.0,96.0
19:28:25,7165.08,6310.0,-0.0,161.0
19:28:25,7165.08,6320.0,-0.0,10.0
19:28:25,7165.08,6325.0,-0.0,30.0
19:28:25,7165.08,6330.0,-0.0,196.0
19:28:25,7165.08,6340.0,0.0095,10.0
19:28:25,7165.08,6350.0,-0.0,95.0
19:28:25,7165.08,6360.0,-0.0,58.0
19:28:25,7165.08,6370.0,-0.0,50.0
19:28:25,7165.08,6375.0,-0.0,5.0
19:28:25,7165.08,6380.0,-0.0,44.0
19:28:25,7165.08,6390.0,0.0,11.0
19:28:25,7165.08,6400.0,-0.0,152.0
19:28:25,7165.08,6410.0,-0.0,5.0
19:28:25,7165.08,6420.0,-0.0,14.0
19:28:25,7165.08,6425.0,0.0,52.0
19:28:25,7165.08,6430.0,-0.0573,7.0
19:28:25,7165.08,6440.0,-0.0383,44.0
19:28:25,7165.08,6450.0,-0.0,1068.0
19:28:25,7165.08,6460.0,-0.0,80.0
19:28:25,7165.08,6470.0,-0.0,8.0
19:28:25,7165.08,6475.0,-0.0,3.0
19:28:25,7165.08,6480.0,-0.0,35.0
19:28:25,7165.08,6485.0,0.0043,8.0
19:28:25,7165.08,6490.0,-0.0,5.0
19:28:25,7165.08,6495.0,-0.0092,0.0
19:28:25,7165.08,6500.0,-0.0,70.0
19:28:25,7165.08,6505.0,-0.1222,100.0
19:28:25,7165.08,6510.0,-0.0,118.0
19:28:25,7165.08,6515.0,0.0164,117.0
19:28:25,7165.08,6520.0,-0.0,29.0
19:28:25,7165.08,6525.0,-0.0,4.0
19:28:25,7165.08,6530.0,-0.0,1.0
19:28:25,7165.08,6535.0,-0.0805,64.0
19:28:25,7165.08,6540.0,-0.0,22.0
19:28:25,7165.08,6545.0,-0.0131,58.0
19:28:25,7165.08,6550.0,-0.2663,0.0
19:28:25,7165.08,6555.0,0.0576,27.0
19:28:25,7165.08,6560.0,-0.0,15.0
19:28:25,7165.08,6565.0,-0.0552,3.0
19:28:25,7165.08,6570.0,0.0,1.0
19:28:25,7165.08,6580.0,0.0649,13.0
19:28:25,7165.08,6585.0,-0.0766,48.0
19:28:25,7165.08,6590.0,0.0474,57.0
19:28:25,7165.08,6595.0,-0.0,79.0
19:28:25,7165.08,6600.0,-0.0,4.0
19:28:25,7165.08,6605.0,-0.0,30.0
19:28:25,7165.08,6610.0,0.1515,106.0
19:28:25,7165.08,6615.0,-0.0,95.0
19:28:25,7165.08,6620.0,0.1026,80.0
19:28:25,7165.08,6625.0,0.0,16.0
19:28:25,7165.08,6630.0,-0.0,40.0
19:28:25,7165.08,6635.0,-0.1048,137.0
19:28:25,7165.08,6640.0,0.145,87.0
19:28:25,7165.08,6645.0,-0.1235,27.0
19:28:25,7165.08,6650.0,-0.0,3.0
19:28:25,7165.08,6655.0,-0.1014,70.0
19:28:25,7165.08,6660.0,-0.1662,88.0
19:28:25,7165.08,6665.0,-0.0,6.0
19:28:25,7165.08,6670.0,-0.0568,3.0
19:28:25,7165.08,6675.0,0.0,248.0
19:28:25,7165.08,6680.0,-0.3832,62.0
19:28:25,7165.08,6685.0,-0.0,287.0
19:28:25,7165.08,6690.0,-1.1985,139.0
19:28:25,7165.08,6695.0,-0.0,31.0
19:28:25,7165.08,6700.0,-0.0014,1429.0
19:28:25,7165.08,6705.0,-0.0001,49.0
19:28:25,7165.08,6710.0,-0.5515,565.0
19:28:25,7165.08,6715.0,-0.0002,161.0
19:28:25,7165.08,6720.0,-0.0004,44.0
19:28:25,7165.08,6725.0,-0.0006,1300.0
19:28:25,7165.08,6730.0,-0.0008,63.0
19:28:25,7165.08,6735.0,0.0255,56.0
19:28:25,7165.08,6740.0,-0.0022,181.0
19:28:25,7165.08,6745.0,-0.0006,86.0
19:28:25,7165.08,6750.0,-0.0094,3696.0
19:28:25,7165.08,6755.0,-0.0019,153.0
19:28:25,7165.08,6760.0,-1.966,1867.0
19:28:25,7165.08,6765.0,-0.0031,293.0
19:28:25,7165.08,6770.0,-1.806,136.0
19:28:25,7165.08,6775.0,-0.0042,3448.0
19:28:25,7165.08,6780.0,-0.0111,276.0
19:28:25,7165.08,6785.0,0.0242,130.0
19:28:25,7165.08,6790.0,-0.0215,194.0
19:28:25,7165.08,6795.0,-0.0608,159.0
19:28:25,7165.08,6800.0,-11.7331,2592.0
19:28:25,7165.08,6805.0,-4.2882,347.0
19:28:25,7165.08,6810.0,-3.7409,704.0
19:28:25,7165.08,6815.0,-0.0214,296.0
19:28:25,7165.08,6820.0,-1.649,158.0
19:28:25,7165.08,6825.0,2.1811,1565.0
19:28:25,7165.08,6830.0,-0.0506,188.0
19:28:25,7165.08,6835.0,-0.9594,221.0
19:28:25,7165.08,6840.0,-0.16,1189.0
19:28:25,7165.08,6845.0,-0.2437,4310.0
19:28:25,7165.08,6850.0,-7.8118,4335.0
19:28:25,7165.08,6855.0,-0.413,665.0
19:28:25,7165.08,6860.0,-4.3119,0.0
19:28:25,7165.08,6865.0,-0.6827,0.0
19:28:25,7165.08,6870.0,-0.2721,0.0
19:28:25,7165.08,6875.0,-0.6819,0.0
19:28:25,7165.08,6880.0,-1.0618,0.0
19:28:25,7165.08,6885.0,-13.817,3.0
19:28:25,7165.08,6890.0,-0.825,0.0
19:28:25,7165.08,6895.0,-58.1265,13.0
19:28:25,7165.08,6900.0,-36.6982,0.0
19:28:25,7165.08,6905.0,-2.7141,0.0
19:28:25,7165.08,6910.0,-1.4923,0.0
19:28:25,7165.08,6915.0,-1.2064,82.0
19:28:25,7165.08,6920.0,-0.7761,91.0
19:28:25,7165.08,6925.0,0.7624,791.0
19:28:25,7165.08,6930.0,-5.7977,0.0
19:28:25,7165.08,6935.0,-5.0962,0.0
19:28:25,7165.08,6940.0,1.0832,0.0
19:28:25,7165.08,6945.0,-39.7964,0.0
19:28:25,7165.08,6950.0,-55.891,117.0
19:28:25,7165.08,6955.0,-32.2255,0.0
19:28:25,7165.08,6960.0,-13.141,0.0
19:28:25,7165.08,6965.0,-6.3978,0.0
19:28:25,7165.08,6970.0,-4.1436,0.0
19:28:25,7165.08,6975.0,-15.0898,2648.0
19:28:25,7165.08,6980.0,-14.1651,0.0
19:28:25,7165.08,6985.0,-12.9409,32.0
19:28:25,7165.08,6990.0,-17.337,0.0
19:28:25,7165.08,6995.0,-16.8528,0.0
19:28:25,7165.08,7000.0,-11.9001,0.0
19:28:25,7165.08,7005.0,-126.486,0.0
19:28:25,7165.08,7010.0,-3.803,0.0
19:28:25,7165.08,7015.0,-10.6915,0.0
19:28:25,7165.08,7020.0,-4.5042,0.0
19:28:25,7165.08,7025.0,-23.4067,0.0
19:28:25,7165.08,7030.0,43.0428,0.0
19:28:25,7165.08,7035.0,-20.2507,0.0
19:28:25,7165.08,7040.0,-19.4179,0.0
19:28:25,7165.08,7045.0,308.3998,0.0
19:28:25,7165.08,7050.0,-123.7781,0.0
19:28:25,7165.08,7055.0,-195.4224,0.0
19:28:25,7165.08,7060.0,-22.1311,0.0
19:28:25,7165.08,7065.0,-15.1002,0.0
19:28:25,7165.08,7070.0,3.1324,0.0
19:28:25,7165.08,7075.0,-68.9882,0.0
19:28:25,7165.08,7080.0,-46.3397,0.0
19:28:25,7165.08,7085.0,-23.0963,0.0
19:28:25,7165.08,7090.0,-49.5119,0.0
19:28:25,7165.08,7095.0,-15.3363,0.0
19:28:25,7165.08,7100.0,127.8095,10605.0
19:28:25,7165.08,7105.0,18.294,0.0
19:28:25,7165.08,7110.0,-24.7531,0.0
19:28:25,7165.08,7115.0,22.6923,0.0
19:28:25,7165.08,7120.0,74.7954,0.0
19:28:25,7165.08,7125.0,1.3871,0.0
19:28:25,7165.08,7130.0,1432.7542,0.0
19:28:25,7165.08,7135.0,33.2303,0.0
19:28:25,7165.08,7140.0,281.7618,1894.0
19:28:25,7165.08,7145.0,40.4458,0.0
19:28:25,7165.08,7150.0,95.4028,0.0
19:28:25,7165.08,7155.0,654.3267,0.0
19:28:25,7165.08,7160.0,1144.1108,0.0
19:28:25,7165.08,7165.0,49.9362,0.0
19:28:25,7165.08,7170.0,200.338,0.0
19:28:25,7165.08,7175.0,324.0935,0.0
19:28:25,7165.08,7180.0,122.0941,0.0
19:28:25,7165.08,7185.0,76.5426,0.0
19:28:25,7165.08,7190.0,143.775,0.0
19:28:25,7165.08,7195.0,111.0354,0.0
19:28:25,7165.08,7200.0,681.2964,10217.0
19:28:25,7165.08,7205.0,78.608,0.0
19:28:25,7165.08,7210.0,213.0405,0.0
19:28:25,7165.08,7215.0,117.7262,0.0
19:28:25,7165.08,7220.0,216.5669,0.0
19:28:25,7165.08,7225.0,166.4071,0.0
19:28:25,7165.08,7230.0,178.4028,0.0
19:28:25,7165.08,7235.0,68.8201,0.0
19:28:25,7165.08,7240.0,182.2312,0.0
19:28:25,7165.08,7245.0,89.3606,0.0
19:28:25,7165.08,7250.0,1201.5839,0.0
19:28:25,7165.08,7255.0,447.6,0.0
19:28:25,7165.08,7260.0,120.2444,0.0
19:28:25,7165.08,7265.0,101.798,0.0
19:28:25,7165.08,7270.0,162.8743,0.0
19:28:25,7165.08,7275.0,281.902,0.0
19:28:25,7165.08,7280.0,198.4675,0.0
19:28:25,7165.08,7285.0,46.405,0.0
19:28:25,7165.08,7290.0,104.0849,0.0
19:28:25,7165.08,7295.0,43.9082,0.0
19:28:25,7165.08,7300.0,95.4905,0.0
19:28:25,7165.08,7305.0,6.3165,0.0
19:28:25,7165.08,7310.0,56.9585,0.0
19:28:25,7165.08,7315.0,29.3403,0.0
19:28:25,7165.08,7320.0,72.7014,0.0
19:28:25,7165.08,7325.0,21.8798,0.0
19:28:25,7165.08,7330.0,57.2859,0.0
19:28:25,7165.08,7335.0,0.3669,0.0
19:28:25,7165.08,7340.0,6.7209,0.0
19:28:25,7165.08,7345.0,0.2152,0.0
19:28:25,7165.08,7350.0,29.7588,0.0
19:28:25,7165.08,7360.0,2.9159,247.0
19:28:25,7165.08,7370.0,7.6608,771.0
19:28:25,7165.08,7375.0,25.4988,10617.0
19:28:25,7165.08,7380.0,12.2625,5152.0
19:28:25,7165.08,7390.0,33.0928,2139.0
19:28:25,7165.08,7400.0,15.4658,4230.0
19:28:25,7165.08,7410.0,0.0095,65.0
19:28:25,7165.08,7425.0,4.2126,194.0
19:28:25,7165.08,7450.0,1.5767,474.0
19:28:25,7165.08,7475.0,0.0336,140.0
19:28:25,7165.08,7500.0,0.1662,296.0
19:28:25,7165.08,7550.0,0.0005,0.0
19:28:25,7165.08,7600.0,0.0006,2.0
19:28:25,7165.08,7700.0,0.0001,0.0
19:28:25,7165.08,7800.0,0.0,1.0
19:28:25,7165.08,8000.0,0.0,2.0
19:28:25,7165.08,8800.0,0.0,2.0
19:28:25,7165.08,9200.0,0.0,1.0
19:46:04,7165.08,4600.0,-0.0,4.0
19:46:04,7165.08,5300.0,-0.0,1.0
19:46:04,7165.08,5400.0,-0.0,3.0
19:46:04,7165.08,5500.0,-0.0,1.0
19:46:04,7165.08,5575.0,-0.0,1.0
19:46:04,7165.08,5625.0,-0.0,1.0
19:46:04,7165.08,5650.0,-0.0,1.0
19:46:04,7165.08,5800.0,-0.0,4.0
19:46:04,7165.08,5900.0,-0.0,3.0
19:46:04,7165.08,6000.0,-0.0,24.0
19:46:04,7165.08,6100.0,-0.0,876.0
19:46:04,7165.08,6110.0,-0.0,105.0
19:46:04,7165.08,6120.0,-0.0,81.0
19:46:04,7165.08,6125.0,-0.0,13.0
19:46:04,7165.08,6130.0,-0.0,3.0
19:46:04,7165.08,6140.0,-0.0,100.0
19:46:04,7165.08,6150.0,-0.0,297.0
19:46:04,7165.08,6160.0,-0.0,85.0
19:46:04,7165.08,6170.0,-0.0,87.0
19:46:04,7165.08,6175.0,-0.0,163.0
19:46:04,7165.08,6180.0,-0.0,10.0
19:46:04,7165.08,6190.0,-0.0026,97.0
19:46:04,7165.08,6200.0,-0.0,1177.0
19:46:04,7165.08,6210.0,-0.0984,0.0
19:46:04,7165.08,6220.0,-0.0021,40.0
19:46:04,7165.08,6225.0,-0.0,150.0
19:46:04,7165.08,6230.0,-0.0072,302.0
19:46:04,7165.08,6240.0,-0.0023,60.0
19:46:04,7165.08,6250.0,-0.0,226.0
19:46:04,7165.08,6260.0,-0.0,200.0
19:46:04,7165.08,6270.0,-0.014,101.0
19:46:04,7165.08,6275.0,-0.0,30.0
19:46:04,7165.08,6280.0,0.0002,20.0
19:46:04,7165.08,6290.0,-0.0,38.0
19:46:04,7165.08,6300.0,-0.0,96.0
19:46:04,7165.08,6310.0,-0.0,161.0
19:46:04,7165.08,6320.0,-0.0,10.0
19:46:04,7165.08,6325.0,-0.0,30.0
19:46:04,7165.08,6330.0,-0.0,196.0
19:46:04,7165.08,6340.0,0.0095,10.0
19:46:04,7165.08,6350.0,-0.0,95.0
19:46:04,7165.08,6360.0,-0.0,58.0
19:46:04,7165.08,6370.0,-0.0,50.0
19:46:04,7165.08,6375.0,-0.0,5.0
19:46:04,7165.08,6380.0,-0.0,44.0
19:46:04,7165.08,6390.0,0.0,11.0
19:46:04,7165.08,6400.0,-0.0,152.0
19:46:04,7165.08,6410.0,-0.0,5.0
19:46:04,7165.08,6420.0,-0.0,14.0
19:46:04,7165.08,6425.0,0.0,52.0
19:46:04,7165.08,6430.0,-0.0573,7.0
19:46:04,7165.08,6440.0,-0.0383,44.0
19:46:04,7165.08,6450.0,-0.0,1068.0
19:46:04,7165.08,6460.0,-0.0,80.0
19:46:04,7165.08,6470.0,-0.0,8.0
19:46:04,7165.08,6475.0,-0.0,3.0
19:46:04,7165.08,6480.0,-0.0,35.0
19:46:04,7165.08,6485.0,0.0043,8.0
19:46:04,7165.08,6490.0,-0.0,5.0
19:46:04,7165.08,6495.0,-0.0092,0.0
19:46:04,7165.08,6500.0,-0.0,70.0
19:46:04,7165.08,6505.0,-0.1222,100.0
19:46:04,7165.08,6510.0,-0.0,118.0
19:46:04,7165.08,6515.0,0.0164,117.0
19:46:04,7165.08,6520.0,-0.0,29.0
19:46:04,7165.08,6525.0,-0.0,4.0
19:46:04,7165.08,6530.0,-0.0,1.0
19:46:04,7165.08,6535.0,-0.0805,64.0
19:46:04,7165.08,6540.0,-0.0,22.0
19:46:04,7165.08,6545.0,-0.0131,58.0
19:46:04,7165.08,6550.0,-0.2663,0.0
19:46:04,7165.08,6555.0,0.0576,27.0
19:46:04,7165.08,6560.0,-0.0,15.0
19:46:04,7165.08,6565.0,-0.0552,3.0
19:46:04,7165.08,6570.0,0.0,1.0
19:46:04,7165.08,6580.0,0.0649,13.0
19:46:04,7165.08,6585.0,-0.0766,48.0
19:46:04,7165.08,6590.0,0.0474,57.0
19:46:04,7165.08,6595.0,-0.0,79.0
19:46:04,7165.08,6600.0,-0.0,4.0
19:46:04,7165.08,6605.0,-0.0,30.0
19:46:04,7165.08,6610.0,0.1515,106.0
19:46:04,7165.08,6615.0,-0.0,95.0
19:46:04,7165.08,6620.0,0.1026,80.0
19:46:04,7165.08,6625.0,0.0,16.0
19:46:04,7165.08,6630.0,-0.0,40.0
19:46:04,7165.08,6635.0,-0.1048,137.0
19:46:04,7165.08,6640.0,0.145,87.0
19:46:04,7165.08,6645.0,-0.1235,27.0
19:46:04,7165.08,6650.0,-0.0,3.0
19:46:04,7165.08,6655.0,-0.1014,70.0
19:46:04,7165.08,6660.0,-0.1662,88.0
19:46:04,7165.08,6665.0,-0.0,6.0
19:46:04,7165.08,6670.0,-0.0568,3.0
19:46:04,7165.08,6675.0,0.0,248.0
19:46:04,7165.08,6680.0,-0.3832,62.0
19:46:04,7165.08,6685.0,-0.0,287.0
19:46:04,7165.08,6690.0,-1.1985,139.0
19:46:04,7165.08,6695.0,-0.0,31.0
19:46:04,7165.08,6700.0,-0.0014,1429.0
19:46:04,7165.08,6705.0,-0.0001,49.0
19:46:04,7165.08,6710.0,-0.5515,565.0
19:46:04,7165.08,6715.0,-0.0002,161.0
19:46:04,7165.08,6720.0,-0.0004,44.0
19:46:04,7165.08,6725.0,-0.0006,1300.0
19:46:04,7165.08,6730.0,-0.0008,63.0
19:46:04,7165.08,6735.0,0.0255,56.0
19:46:04,7165.08,6740.0,-0.0022,181.0
19:46:04,7165.08,6745.0,-0.0006,86.0
19:46:04,7165.08,6750.0,-0.0094,3696.0
19:46:04,7165.08,6755.0,-0.0019,153.0
19:46:04,7165.08,6760.0,-1.966,1867.0
19:46:04,7165.08,6765.0,-0.0031,293.0
19:46:04,7165.08,6770.0,-1.806,136.0
19:46:04,7165.08,6775.0,-0.0042,3448.0
19:46:04,7165.08,6780.0,-0.0111,276.0
19:46:04,7165.08,6785.0,0.0242,130.0
19:46:04,7165.08,6790.0,-0.0215,194.0
19:46:04,7165.08,6795.0,-0.0608,159.0
19:46:04,7165.08,6800.0,-11.7331,2592.0
19:46:04,7165.08,6805.0,-4.2882,347.0
19:46:04,7165.08,6810.0,-3.7409,704.0
19:46:04,7165.08,6815.0,-0.0214,296.0
19:46:04,7165.08,6820.0,-1.649,158.0
19:46:04,7165.08,6825.0,2.1811,1565.0
19:46:04,7165.08,6830.0,-0.0506,188.0
19:46:04,7165.08,6835.0,-0.9594,221.0
19:46:04,7165.08,6840.0,-0.16,1189.0
19:46:04,7165.08,6845.0,-0.2437,4310.0
19:46:04,7165.08,6850.0,-7.8118,4335.0
19:46:04,7165.08,6855.0,-0.413,665.0
19:46:04,7165.08,6860.0,-4.3119,0.0
19:46:04,7165.08,6865.0,-0.6827,0.0
19:46:04,7165.08,6870.0,-0.2721,0.0
19:46:04,7165.08,6875.0,-0.6819,0.0
19:46:04,7165.08,6880.0,-1.0618,0.0
19:46:04,7165.08,6885.0,-13.817,3.0
19:46:04,7165.08,6890.0,-0.825,0.0
19:46:04,7165.08,6895.0,-58.1265,13.0
19:46:04,7165.08,6900.0,-36.6982,0.0
19:46:04,7165.08,6905.0,-2.7141,0.0
19:46:04,7165.08,6910.0,-1.4923,0.0
19:46:04,7165.08,6915.0,-1.2064,82.0
19:46:04,7165.08,6920.0,-0.7761,91.0
19:46:04,7165.08,6925.0,0.7624,791.0
19:46:04,7165.08,6930.0,-5.7977,0.0
19:46:04,7165.08,6935.0,-5.0962,0.0
19:46:04,7165.08,6940.0,1.0832,0.0
19:46:04,7165.08,6945.0,-39.7964,0.0
19:46:04,7165.08,6950.0,-55.891,117.0
19:46:04,7165.08,6955.0,-32.2255,0.0
19:46:04,7165.08,6960.0,-13.141,0.0
19:46:04,7165.08,6965.0,-6.3978,0.0
19:46:04,7165.08,6970.0,-4.1436,0.0
19:46:04,7165.08,6975.0,-15.0898,2648.0
19:46:04,7165.08,6980.0,-14.1651,0.0
19:46:04,7165.08,6985.0,-12.9409,32.0
19:46:04,7165.08,6990.0,-17.337,0.0
19:46:04,7165.08,6995.0,-16.8528,0.0
19:46:04,7165.08,7000.0,-11.9001,0.0
19:46:04,7165.08,7005.0,-126.486,0.0
19:46:04,7165.08,7010.0,-3.803,0.0
19:46:04,7165.08,7015.0,-10.6915,0.0
19:46:04,7165.08,7020.0,-4.5042,0.0
19:46:04,7165.08,7025.0,-23.4067,0.0
19:46:04,7165.08,7030.0,43.0428,0.0
19:46:04,7165.08,7035.0,-20.2507,0.0
19:46:04,7165.08,7040.0,-19.4179,0.0
19:46:04,7165.08,7045.0,308.3998,0.0
19:46:04,7165.08,7050.0,-123.7781,0.0
19:46:04,7165.08,7055.0,-195.4224,0.0
19:46:04,7165.08,7060.0,-22.1311,0.0
19:46:04,7165.08,7065.0,-15.1002,0.0
19:46:04,7165.08,7070.0,3.1324,0.0
19:46:04,7165.08,7075.0,-68.9882,0.0
19:46:04,7165.08,7080.0,-46.3397,0.0
19:46:04,7165.08,7085.0,-23.0963,0.0
19:46:04,7165.08,7090.0,-49.5119,0.0
19:46:04,7165.08,7095.0,-15.3363,0.0
19:46:04,7165.08,7100.0,127.8095,10605.0
19:46:04,7165.08,7105.0,18.294,0.0
19:46:04,7165.08,7110.0,-24.7531,0.0
19:46:04,7165.08,7115.0,22.6923,0.0
19:46:04,7165.08,7120.0,74.7954,0.0
19:46:04,7165.08,7125.0,1.3871,0.0
19:46:04,7165.08,7130.0,1432.7542,0.0
19:46:04,7165.08,7135.0,33.2303,0.0
19:46:04,7165.08,7140.0,281.7618,1894.0
19:46:04,7165.08,7145.0,40.4458,0.0
19:46:04,7165.08,7150.0,95.4028,0.0
19:46:04,7165.08,7155.0,654.3267,0.0
19:46:04,7165.08,7160.0,1144.1108,0.0
19:46:04,7165.08,7165.0,49.9362,0.0
19:46:04,7165.08,7170.0,200.338,0.0
19:46:04,7165.08,7175.0,324.0935,0.0
19:46:04,7165.08,7180.0,122.0941,0.0
19:46:04,7165.08,7185.0,76.5426,0.0
19:46:04,7165.08,7190.0,143.775,0.0
19:46:04,7165.08,7195.0,111.0354,0.0
19:46:04,7165.08,7200.0,681.2964,10217.0
19:46:04,7165.08,7205.0,78.608,0.0
19:46:04,7165.08,7210.0,213.0405,0.0
19:46:04,7165.08,7215.0,117.7262,0.0
19:46:04,7165.08,7220.0,216.5669,0.0
19:46:04,7165.08,7225.0,166.4071,0.0
19:46:04,7165.08,7230.0,178.4028,0.0
19:46:04,7165.08,7235.0,68.8201,0.0
19:46:04,7165.08,7240.0,182.2312,0.0
19:46:04,7165.08,7245.0,89.3606,0.0
19:46:04,7165.08,7250.0,1201.5839,0.0
19:46:04,7165.08,7255.0,447.6,0.0
19:46:04,7165.08,7260.0,120.2444,0.0
19:46:04,7165.08,7265.0,101.798,0.0
19:46:04,7165.08,7270.0,162.8743,0.0
19:46:04,7165.08,7275.0,281.902,0.0
19:46:04,7165.08,7280.0,198.4675,0.0
19:46:04,7165.08,7285.0,46.405,0.0
19:46:04,7165.08,7290.0,104.0849,0.0
19:46:04,7165.08,7295.0,43.9082,0.0
19:46:04,7165.08,7300.0,95.4905,0.0
19:46:04,7165.08,7305.0,6.3165,0.0
19:46:04,7165.08,7310.0,56.9585,0.0
19:46:04,7165.08,7315.0,29.3403,0.0
19:46:04,7165.08,7320.0,72.7014,0.0
19:46:04,7165.08,7325.0,21.8798,0.0
19:46:04,7165.08,7330.0,57.2859,0.0
19:46:04,7165.08,7335.0,0.3669,0.0
19:46:04,7165.08,7340.0,6.7209,0.0
19:46:04,7165.08,7345.0,0.2152,0.0
19:46:04,7165.08,7350.0,29.7588,0.0
19:46:04,7165.08,7360.0,2.9159,247.0
19:46:04,7165.08,7370.0,7.6608,771.0
19:46:04,7165.08,7375.0,25.4988,10617.0
19:46:04,7165.08,7380.0,12.2625,5152.0
19:46:04,7165.08,7390.0,33.0928,2139.0
19:46:04,7165.08,7400.0,15.4658,4230.0
19:46:04,7165.08,7410.0,0.0095,65.0
19:46:04,7165.08,7425.0,4.2126,194.0
19:46:04,7165.08,7450.0,1.5767,474.0
19:46:04,7165.08,7475.0,0.0336,140.0
19:46:04,7165.08,7500.0,0.1662,296.0
19:46:04,7165.08,7550.0,0.0005,0.0
19:46:04,7165.08,7600.0,0.0006,2.0
19:46:04,7165.08,7700.0,0.0001,0.0
19:46:04,7165.08,7800.0,0.0,1.0
19:46:04,7165.08,8000.0,0.0,2.0
19:46:04,7165.08,8800.0,0.0,2.0
19:46:04,7165.08,9200.0,0.0,1.0
20:03:57,7165.08,4600.0,-0.0,4.0
20:03:57,7165.08,5300.0,-0.0,1.0
20:03:57,7165.08,5400.0,-0.0,3.0
20:03:57,7165.08,5500.0,-0.0,1.0
20:03:57,7165.08,5575.0,-0.0,1.0
20:03:57,7165.08,5625.0,-0.0,1.0
20:03:57,7165.08,5650.0,-0.0,1.0
20:03:57,7165.08,5800.0,-0.0,4.0
20:03:57,7165.08,5900.0,-0.0,3.0
20:03:57,7165.08,6000.0,-0.0,24.0
20:03:57,7165.08,6100.0,-0.0,876.0
20:03:57,7165.08,6110.0,-0.0,105.0
20:03:57,7165.08,6120.0,-0.0,81.0
20:03:57,7165.08,6125.0,-0.0,13.0
20:03:57,7165.08,6130.0,-0.0,3.0
20:03:57,7165.08,6140.0,-0.0,100.0
20:03:57,7165.08,6150.0,-0.0,297.0
20:03:57,7165.08,6160.0,-0.0,85.0
20:03:57,7165.08,6170.0,-0.0,87.0
20:03:57,7165.08,6175.0,-0.0,163.0
20:03:57,7165.08,6180.0,-0.0,10.0
20:03:57,7165.08,6190.0,-0.0026,97.0
20:03:57,7165.08,6200.0,-0.0,1177.0
20:03:57,7165.08,6210.0,-0.0984,0.0
20:03:57,7165.08,6220.0,-0.0021,40.0
20:03:57,7165.08,6225.0,-0.0,150.0
20:03:57,7165.08,6230.0,-0.0072,302.0
20:03:57,7165.08,6240.0,-0.0023,60.0
20:03:57,7165.08,6250.0,-0.0,226.0
20:03:57,7165.08,6260.0,-0.0,200.0
20:03:57,7165.08,6270.0,-0.014,101.0
20:03:57,7165.08,6275.0,-0.0,30.0
20:03:57,7165.08,6280.0,0.0002,20.0
20:03:57,7165.08,6290.0,-0.0,38.0
20:03:57,7165.08,6300.0,-0.0,96.0
20:03:57,7165.08,6310.0,-0.0,161.0
20:03:57,7165.08,6320.0,-0.0,10.0
20:03:57,7165.08,6325.0,-0.0,30.0
20:03:57,7165.08,6330.0,-0.0,196.0
20:03:57,7165.08,6340.0,0.0095,10.0
20:03:57,7165.08,6350.0,-0.0,95.0
20:03:57,7165.08,6360.0,-0.0,58.0
20:03:57,7165.08,6370.0,-0.0,50.0
20:03:57,7165.08,6375.0,-0.0,5.0
20:03:57,7165.08,6380.0,-0.0,44.0
20:03:57,7165.08,6390.0,0.0,11.0
20:03:57,7165.08,6400.0,-0.0,152.0
20:03:57,7165.08,6410.0,-0.0,5.0
20:03:57,7165.08,6420.0,-0.0,14.0
20:03:57,7165.08,6425.0,0.0,52.0
20:03:57,7165.08,6430.0,-0.0573,7.0
20:03:57,7165.08,6440.0,-0.0383,44.0
20:03:57,7165.08,6450.0,-0.0,1068.0
20:03:57,7165.08,6460.0,-0.0,80.0
20:03:57,7165.08,6470.0,-0.0,8.0
20:03:57,7165.08,6475.0,-0.0,3.0
20:03:57,7165.08,6480.0,-0.0,35.0
20:03:57,7165.08,6485.0,0.0043,8.0
20:03:57,7165.08,6490.0,-0.0,5.0
20:03:57,7165.08,6495.0,-0.0092,0.0
20:03:57,7165.08,6500.0,-0.0,70.0
20:03:57,7165.08,6505.0,-0.1222,100.0
20:03:57,7165.08,6510.0,-0.0,118.0
20:03:57,7165.08,6515.0,0.0164,117.0
20:03:57,7165.08,6520.0,-0.0,29.0
20:03:57,7165.08,6525.0,-0.0,4.0
20:03:57,7165.08,6530.0,-0.0,1.0
20:03:57,7165.08,6535.0,-0.0805,64.0
20:03:57,7165.08,6540.0,-0.0,22.0
20:03:57,7165.08,6545.0,-0.0131,58.0
20:03:57,7165.08,6550.0,-0.2663,0.0
20:03:57,7165.08,6555.0,0.0576,27.0
20:03:57,7165.08,6560.0,-0.0,15.0
20:03:57,7165.08,6565.0,-0.0552,3.0
20:03:57,7165.08,6570.0,0.0,1.0
20:03:57,7165.08,6580.0,0.0649,13.0
20:03:57,7165.08,6585.0,-0.0766,48.0
20:03:57,7165.08,6590.0,0.0474,57.0
20:03:57,7165.08,6595.0,-0.0,79.0
20:03:57,7165.08,6600.0,-0.0,4.0
20:03:57,7165.08,6605.0,-0.0,30.0
20:03:57,7165.08,6610.0,0.1515,106.0
20:03:57,7165.08,6615.0,-0.0,95.0
20:03:57,7165.08,6620.0,0.1026,80.0
20:03:57,7165.08,6625.0,0.0,16.0
20:03:57,7165.08,6630.0,-0.0,40.0
20:03:57,7165.08,6635.0,-0.1048,137.0
20:03:57,7165.08,6640.0,0.145,87.0
20:03:57,7165.08,6645.0,-0.1235,27.0
20:03:57,7165.08,6650.0,-0.0,3.0
20:03:57,7165.08,6655.0,-0.1014,70.0
20:03:57,7165.08,6660.0,-0.1662,88.0
20:03:57,7165.08,6665.0,-0.0,6.0
20:03:57,7165.08,6670.0,-0.0568,3.0
20:03:57,7165.08,6675.0,0.0,248.0
20:03:57,7165.08,6680.0,-0.3832,62.0
20:03:57,7165.08,6685.0,-0.0,287.0
20:03:57,7165.08,6690.0,-1.1985,139.0
20:03:57,7165.08,6695.0,-0.0,31.0
20:03:57,7165.08,6700.0,-0.0014,1429.0
20:03:57,7165.08,6705.0,-0.0001,49.0
20:03:57,7165.08,6710.0,-0.5515,565.0
20:03:57,7165.08,6715.0,-0.0002,161.0
20:03:57,7165.08,6720.0,-0.0004,44.0
20:03:57,7165.08,6725.0,-0.0006,1300.0
20:03:57,7165.08,6730.0,-0.0008,63.0
20:03:57,7165.08,6735.0,0.0255,56.0
20:03:57,7165.08,6740.0,-0.0022,181.0
20:03:57,7165.08,6745.0,-0.0006,86.0
20:03:57,7165.08,6750.0,-0.0094,3696.0
20:03:57,7165.08,6755.0,-0.0019,153.0
20:03:57,7165.08,6760.0,-1.966,1867.0
20:03:57,7165.08,6765.0,-0.0031,293.0
20:03:57,7165.08,6770.0,-1.806,136.0
20:03:57,7165.08,6775.0,-0.0042,3448.0
20:03:57,7165.08,6780.0,-0.0111,276.0
20:03:57,7165.08,6785.0,0.0242,130.0
20:03:57,7165.08,6790.0,-0.0215,194.0
20:03:57,7165.08,6795.0,-0.0608,159.0
20:03:57,7165.08,6800.0,-11.7331,2592.0
20:03:57,7165.08,6805.0,-4.2882,347.0
20:03:57,7165.08,6810.0,-3.7409,704.0
20:03:57,7165.08,6815.0,-0.0214,296.0
20:03:57,7165.08,6820.0,-1.649,158.0
20:03:57,7165.08,6825.0,2.1811,1565.0
20:03:57,7165.08,6830.0,-0.0506,188.0
20:03:57,7165.08,6835.0,-0.9594,221.0
20:03:57,7165.08,6840.0,-0.16,1189.0
20:03:57,7165.08,6845.0,-0.2437,4310.0
20:03:57,7165.08,6850.0,-7.8118,4335.0
20:03:57,7165.08,6855.0,-0.413,665.0
20:03:57,7165.08,6860.0,-4.3119,0.0
20:03:57,7165.08,6865.0,-0.6827,0.0
20:03:57,7165.08,6870.0,-0.2721,0.0
20:03:57,7165.08,6875.0,-0.6819,0.0
20:03:57,7165.08,6880.0,-1.0618,0.0
20:03:57,7165.08,6885.0,-13.817,3.0
20:03:57,7165.08,6890.0,-0.825,0.0
20:03:57,7165.08,6895.0,-58.1265,13.0
20:03:57,7165.08,6900.0,-36.6982,0.0
20:03:57,7165.08,6905.0,-2.7141,0.0
20:03:57,7165.08,6910.0,-1.4923,0.0
20:03:57,7165.08,6915.0,-1.2064,82.0
20:03:57,7165.08,6920.0,-0.7761,91.0
20:03:57,7165.08,6925.0,0.7624,791.0
20:03:57,7165.08,6930.0,-5.7977,0.0
20:03:57,7165.08,6935.0,-5.0962,0.0
20:03:57,7165.08,6940.0,1.0832,0.0
20:03:57,7165.08,6945.0,-39.7964,0.0
20:03:57,7165.08,6950.0,-55.891,117.0
20:03:57,7165.08,6955.0,-32.2255,0.0
20:03:57,7165.08,6960.0,-13.141,0.0
20:03:57,7165.08,6965.0,-6.3978,0.0
20:03:57,7165.08,6970.0,-4.1436,0.0
20:03:57,7165.08,6975.0,-15.0898,2648.0
20:03:57,7165.08,6980.0,-14.1651,0.0
20:03:57,7165.08,6985.0,-12.9409,32.0
20:03:57,7165.08,6990.0,-17.337,0.0
20:03:57,7165.08,6995.0,-16.8528,0.0
20:03:57,7165.08,7000.0,-11.9001,0.0
20:03:57,7165.08,7005.0,-126.486,0.0
20:03:57,7165.08,7010.0,-3.803,0.0
20:03:57,7165.08,7015.0,-10.6915,0.0
20:03:57,7165.08,7020.0,-4.5042,0.0
20:03:57,7165.08,7025.0,-23.4067,0.0
20:03:57,7165.08,7030.0,43.0428,0.0
20:03:57,7165.08,7035.0,-20.2507,0.0
20:03:57,7165.08,7040.0,-19.4179,0.0
20:03:57,7165.08,7045.0,308.3998,0.0
20:03:57,7165.08,7050.0,-123.7781,0.0
20:03:57,7165.08,7055.0,-195.4224,0.0
20:03:57,7165.08,7060.0,-22.1311,0.0
20:03:57,7165.08,7065.0,-15.1002,0.0
20:03:57,7165.08,7070.0,3.1324,0.0
20:03:57,7165.08,7075.0,-68.9882,0.0
20:03:57,7165.08,7080.0,-46.3397,0.0
20:03:57,7165.08,7085.0,-23.0963,0.0
20:03:57,7165.08,7090.0,-49.5119,0.0
20:03:57,7165.08,7095.0,-15.3363,0.0
20:03:57,7165.08,7100.0,127.8095,10605.0
20:03:57,7165.08,7105.0,18.294,0.0
20:03:57,7165.08,7110.0,-24.7531,0.0
20:03:57,7165.08,7115.0,22.6923,0.0
20:03:57,7165.08,7120.0,74.7954,0.0
20:03:57,7165.08,7125.0,1.3871,0.0
20:03:57,7165.08,7130.0,1432.7542,0.0
20:03:57,7165.08,7135.0,33.2303,0.0
20:03:57,7165.08,7140.0,281.7618,1894.0
20:03:57,7165.08,7145.0,40.4458,0.0
20:03:57,7165.08,7150.0,95.4028,0.0
20:03:57,7165.08,7155.0,654.3267,0.0
20:03:57,7165.08,7160.0,1144.1108,0.0
20:03:57,7165.08,7165.0,49.9362,0.0
20:03:57,7165.08,7170.0,200.338,0.0
20:03:57,7165.08,7175.0,324.0935,0.0
20:03:57,7165.08,7180.0,122.0941,0.0
20:03:57,7165.08,7185.0,76.5426,0.0
20:03:57,7165.08,7190.0,143.775,0.0
20:03:57,7165.08,7195.0,111.0354,0.0
20:03:57,7165.08,7200.0,681.2964,10217.0
20:03:57,7165.08,7205.0,78.608,0.0
20:03:57,7165.08,7210.0,213.0405,0.0
20:03:57,7165.08,7215.0,117.7262,0.0
20:03:57,7165.08,7220.0,216.5669,0.0
20:03:57,7165.08,7225.0,166.4071,0.0
20:03:57,7165.08,7230.0,178.4028,0.0
20:03:57,7165.08,7235.0,68.8201,0.0
20:03:57,7165.08,7240.0,182.2312,0.0
20:03:57,7165.08,7245.0,89.3606,0.0
20:03:57,7165.08,7250.0,1201.5839,0.0
20:03:57,7165.08,7255.0,447.6,0.0
20:03:57,7165.08,7260.0,120.2444,0.0
20:03:57,7165.08,7265.0,101.798,0.0
20:03:57,7165.08,7270.0,162.8743,0.0
20:03:57,7165.08,7275.0,281.902,0.0
20:03:57,7165.08,7280.0,198.4675,0.0
20:03:57,7165.08,7285.0,46.405,0.0
20:03:57,7165.08,7290.0,104.0849,0.0
20:03:57,7165.08,7295.0,43.9082,0.0
20:03:57,7165.08,7300.0,95.4905,0.0
20:03:57,7165.08,7305.0,6.3165,0.0
20:03:57,7165.08,7310.0,56.9585,0.0
20:03:57,7165.08,7315.0,29.3403,0.0
20:03:57,7165.08,7320.0,72.7014,0.0
20:03:57,7165.08,7325.0,21.8798,0.0
20:03:57,7165.08,7330.0,57.2859,0.0
20:03:57,7165.08,7335.0,0.3669,0.0
20:03:57,7165.08,7340.0,6.7209,0.0
20:03:57,7165.08,7345.0,0.2152,0.0
20:03:57,7165.08,7350.0,29.7588,0.0
20:03:57,7165.08,7360.0,2.9159,247.0
20:03:57,7165.08,7370.0,7.6608,771.0
20:03:57,7165.08,7375.0,25.4988,10617.0
20:03:57,7165.08,7380.0,12.2625,5152.0
20:03:57,7165.08,7390.0,33.0928,2139.0
20:03:57,7165.08,7400.0,15.4658,4230.0
20:03:57,7165.08,7410.0,0.0095,65.0
20:03:57,7165.08,7425.0,4.2126,194.0
20:03:57,7165.08,7450.0,1.5767,474.0
20:03:57,7165.08,7475.0,0.0336,140.0
20:03:57,7165.08,7500.0,0.1662,296.0
20:03:57,7165.08,7550.0,0.0005,0.0
20:03:57,7165.08,7600.0,0.0006,2.0
20:03:57,7165.08,7700.0,0.0001,0.0
20:03:57,7165.08,7800.0,0.0,1.0
20:03:57,7165.08,8000.0,0.0,2.0
20:03:57,7165.08,8800.0,0.0,2.0
20:03:57,7165.08,9200.0,0.0,1.0
20:07:55,7165.08,4600.0,-0.0,4.0
20:07:55,7165.08,5300.0,-0.0,1.0
20:07:55,7165.08,5400.0,-0.0,3.0
20:07:55,7165.08,5500.0,-0.0,1.0
20:07:55,7165.08,5575.0,-0.0,1.0
20:07:55,7165.08,5625.0,-0.0,1.0
20:07:55,7165.08,5650.0,-0.0,1.0
20:07:55,7165.08,5800.0,-0.0,4.0
20:07:55,7165.08,5900.0,-0.0,3.0
20:07:55,7165.08,6000.0,-0.0,24.0
20:07:55,7165.08,6100.0,-0.0,876.0
20:07:55,7165.08,6110.0,-0.0,105.0
20:07:55,7165.08,6120.0,-0.0,81.0
20:07:55,7165.08,6125.0,-0.0,13.0
20:07:55,7165.08,6130.0,-0.0,3.0
20:07:55,7165.08,6140.0,-0.0,100.0
20:07:55,7165.08,6150.0,-0.0,297.0
20:07:55,7165.08,6160.0,-0.0,85.0
20:07:55,7165.08,6170.0,-0.0,87.0
20:07:55,7165.08,6175.0,-0.0,163.0
20:07:55,7165.08,6180.0,-0.0,10.0
20:07:55,7165.08,6190.0,-0.0026,97.0
20:07:55,7165.08,6200.0,-0.0,1177.0
20:07:55,7165.08,6210.0,-0.0984,0.0
20:07:55,7165.08,6220.0,-0.0021,40.0
20:07:55,7165.08,6225.0,-0.0,150.0
20:07:55,7165.08,6230.0,-0.0072,302.0
20:07:55,7165.08,6240.0,-0.0023,60.0
20:07:55,7165.08,6250.0,-0.0,226.0
20:07:55,7165.08,6260.0,-0.0,200.0
20:07:55,7165.08,6270.0,-0.014,101.0
20:07:55,7165.08,6275.0,-0.0,30.0
20:07:55,7165.08,6280.0,0.0002,20.0
20:07:55,7165.08,6290.0,-0.0,38.0
20:07:55,7165.08,6300.0,-0.0,96.0
20:07:55,7165.08,6310.0,-0.0,161.0
20:07:55,7165.08,6320.0,-0.0,10.0
20:07:55,7165.08,6325.0,-0.0,30.0
20:07:55,7165.08,6330.0,-0.0,196.0
20:07:55,7165.08,6340.0,0.0095,10.0
20:07:55,7165.08,6350.0,-0.0,95.0
20:07:55,7165.08,6360.0,-0.0,58.0
20:07:55,7165.08,6370.0,-0.0,50.0
20:07:55,7165.08,6375.0,-0.0,5.0
20:07:55,7165.08,6380.0,-0.0,44.0
20:07:55,7165.08,6390.0,0.0,11.0
20:07:55,7165.08,6400.0,-0.0,152.0
20:07:55,7165.08,6410.0,-0.0,5.0
20:07:55,7165.08,6420.0,-0.0,14.0
20:07:55,7165.08,6425.0,0.0,52.0
20:07:55,7165.08,6430.0,-0.0573,7.0
20:07:55,7165.08,6440.0,-0.0383,44.0
20:07:55,7165.08,6450.0,-0.0,1068.0
20:07:55,7165.08,6460.0,-0.0,80.0
20:07:55,7165.08,6470.0,-0.0,8.0
20:07:55,7165.08,6475.0,-0.0,3.0
20:07:55,7165.08,6480.0,-0.0,35.0
20:07:55,7165.08,6485.0,0.0043,8.0
20:07:55,7165.08,6490.0,-0.0,5.0
20:07:55,7165.08,6495.0,-0.0092,0.0
20:07:55,7165.08,6500.0,-0.0,70.0
20:07:55,7165.08,6505.0,-0.1222,100.0
20:07:55,7165.08,6510.0,-0.0,118.0
20:07:55,7165.08,6515.0,0.0164,117.0
20:07:55,7165.08,6520.0,-0.0,29.0
20:07:55,7165.08,6525.0,-0.0,4.0
20:07:55,7165.08,6530.0,-0.0,1.0
20:07:55,7165.08,6535.0,-0.0805,64.0
20:07:55,7165.08,6540.0,-0.0,22.0
20:07:55,7165.08,6545.0,-0.0131,58.0
20:07:55,7165.08,6550.0,-0.2663,0.0
20:07:55,7165.08,6555.0,0.0576,27.0
20:07:55,7165.08,6560.0,-0.0,15.0
20:07:55,7165.08,6565.0,-0.0552,3.0
20:07:55,7165.08,6570.0,0.0,1.0
20:07:55,7165.08,6580.0,0.0649,13.0
20:07:55,7165.08,6585.0,-0.0766,48.0
20:07:55,7165.08,6590.0,0.0474,57.0
20:07:55,7165.08,6595.0,-0.0,79.0
20:07:55,7165.08,6600.0,-0.0,4.0
20:07:55,7165.08,6605.0,-0.0,30.0
20:07:55,7165.08,6610.0,0.1515,106.0
20:07:55,7165.08,6615.0,-0.0,95.0
20:07:55,7165.08,6620.0,0.1026,80.0
20:07:55,7165.08,6625.0,0.0,16.0
20:07:55,7165.08,6630.0,-0.0,40.0
20:07:55,7165.08,6635.0,-0.1048,137.0
20:07:55,7165.08,6640.0,0.145,87.0
20:07:55,7165.08,6645.0,-0.1235,27.0
20:07:55,7165.08,6650.0,-0.0,3.0
20:07:55,7165.08,6655.0,-0.1014,70.0
20:07:55,7165.08,6660.0,-0.1662,88.0
20:07:55,7165.08,6665.0,-0.0,6.0
20:07:55,7165.08,6670.0,-0.0568,3.0
20:07:55,7165.08,6675.0,0.0,248.0
20:07:55,7165.08,6680.0,-0.3832,62.0
20:07:55,7165.08,6685.0,-0.0,287.0
20:07:55,7165.08,6690.0,-1.1985,139.0
20:07:55,7165.08,6695.0,-0.0,31.0
20:07:55,7165.08,6700.0,-0.0014,1429.0
20:07:55,7165.08,6705.0,-0.0001,49.0
20:07:55,7165.08,6710.0,-0.5515,565.0
20:07:55,7165.08,6715.0,-0.0002,161.0
20:07:55,7165.08,6720.0,-0.0004,44.0
20:07:55,7165.08,6725.0,-0.0006,1300.0
20:07:55,7165.08,6730.0,-0.0008,63.0
20:07:55,7165.08,6735.0,0.0255,56.0
20:07:55,7165.08,6740.0,-0.0022,181.0
20:07:55,7165.08,6745.0,-0.0006,86.0
20:07:55,7165.08,6750.0,-0.0094,3696.0
20:07:55,7165.08,6755.0,-0.0019,153.0
20:07:55,7165.08,6760.0,-1.966,1867.0
20:07:55,7165.08,6765.0,-0.0031,293.0
20:07:55,7165.08,6770.0,-1.806,136.0
20:07:55,7165.08,6775.0,-0.0042,3448.0
20:07:55,7165.08,6780.0,-0.0111,276.0
20:07:55,7165.08,6785.0,0.0242,130.0
20:07:55,7165.08,6790.0,-0.0215,194.0
20:07:55,7165.08,6795.0,-0.0608,159.0
20:07:55,7165.08,6800.0,-11.7331,2592.0
20:07:55,7165.08,6805.0,-4.2882,347.0
20:07:55,7165.08,6810.0,-3.7409,704.0
20:07:55,7165.08,6815.0,-0.0214,296.0
20:07:55,7165.08,6820.0,-1.649,158.0
20:07:55,7165.08,6825.0,2.1811,1565.0
20:07:55,7165.08,6830.0,-0.0506,188.0
20:07:55,7165.08,6835.0,-0.9594,221.0
20:07:55,7165.08,6840.0,-0.16,1189.0
20:07:55,7165.08,6845.0,-0.2437,4310.0
20:07:55,7165.08,6850.0,-7.8118,4335.0
20:07:55,7165.08,6855.0,-0.413,665.0
20:07:55,7165.08,6860.0,-4.3119,0.0
20:07:55,7165.08,6865.0,-0.6827,0.0
20:07:55,7165.08,6870.0,-0.2721,0.0
20:07:55,7165.08,6875.0,-0.6819,0.0
20:07:55,7165.08,6880.0,-1.0618,0.0
20:07:55,7165.08,6885.0,-13.817,3.0
20:07:55,7165.08,6890.0,-0.825,0.0
20:07:55,7165.08,6895.0,-58.1265,13.0
20:07:55,7165.08,6900.0,-36.6982,0.0
20:07:55,7165.08,6905.0,-2.7141,0.0
20:07:55,7165.08,6910.0,-1.4923,0.0
20:07:55,7165.08,6915.0,-1.2064,82.0
20:07:55,7165.08,6920.0,-0.7761,91.0
20:07:55,7165.08,6925.0,0.7624,791.0
20:07:55,7165.08,6930.0,-5.7977,0.0
20:07:55,7165.08,6935.0,-5.0962,0.0
20:07:55,7165.08,6940.0,1.0832,0.0
20:07:55,7165.08,6945.0,-39.7964,0.0
20:07:55,7165.08,6950.0,-55.891,117.0
20:07:55,7165.08,6955.0,-32.2255,0.0
20:07:55,7165.08,6960.0,-13.141,0.0
20:07:55,7165.08,6965.0,-6.3978,0.0
20:07:55,7165.08,6970.0,-4.1436,0.0
20:07:55,7165.08,6975.0,-15.0898,2648.0
20:07:55,7165.08,6980.0,-14.1651,0.0
20:07:55,7165.08,6985.0,-12.9409,32.0
20:07:55,7165.08,6990.0,-17.337,0.0
20:07:55,7165.08,6995.0,-16.8528,0.0
20:07:55,7165.08,7000.0,-11.9001,0.0
20:07:55,7165.08,7005.0,-126.486,0.0
20:07:55,7165.08,7010.0,-3.803,0.0
20:07:55,7165.08,7015.0,-10.6915,0.0
20:07:55,7165.08,7020.0,-4.5042,0.0
20:07:55,7165.08,7025.0,-23.4067,0.0
20:07:55,7165.08,7030.0,43.0428,0.0
20:07:55,7165.08,7035.0,-20.2507,0.0
20:07:55,7165.08,7040.0,-19.4179,0.0
20:07:55,7165.08,7045.0,308.3998,0.0
20:07:55,7165.08,7050.0,-123.7781,0.0
20:07:55,7165.08,7055.0,-195.4224,0.0
20:07:55,7165.08,7060.0,-22.1311,0.0
20:07:55,7165.08,7065.0,-15.1002,0.0
20:07:55,7165.08,7070.0,3.1324,0.0
20:07:55,7165.08,7075.0,-68.9882,0.0
20:07:55,7165.08,7080.0,-46.3397,0.0
20:07:55,7165.08,7085.0,-23.0963,0.0
20:07:55,7165.08,7090.0,-49.5119,0.0
20:07:55,7165.08,7095.0,-15.3363,0.0
20:07:55,7165.08,7100.0,127.8095,10605.0
20:07:55,7165.08,7105.0,18.294,0.0
20:07:55,7165.08,7110.0,-24.7531,0.0
20:07:55,7165.08,7115.0,22.6923,0.0
20:07:55,7165.08,7120.0,74.7954,0.0
20:07:55,7165.08,7125.0,1.3871,0.0
20:07:55,7165.08,7130.0,1432.7542,0.0
20:07:55,7165.08,7135.0,33.2303,0.0
20:07:55,7165.08,7140.0,281.7618,1894.0
20:07:55,7165.08,7145.0,40.4458,0.0
20:07:55,7165.08,7150.0,95.4028,0.0
20:07:55,7165.08,7155.0,654.3267,0.0
20:07:55,7165.08,7160.0,1144.1108,0.0
20:07:55,7165.08,7165.0,49.9362,0.0
20:07:55,7165.08,7170.0,200.338,0.0
20:07:55,7165.08,7175.0,324.0935,0.0
20:07:55,7165.08,7180.0,122.0941,0.0
20:07:55,7165.08,7185.0,76.5426,0.0
20:07:55,7165.08,7190.0,143.775,0.0
20:07:55,7165.08,7195.0,111.0354,0.0
20:07:55,7165.08,7200.0,681.2964,10217.0
20:07:55,7165.08,7205.0,78.608,0.0
20:07:55,7165.08,7210.0,213.0405,0.0
20:07:55,7165.08,7215.0,117.7262,0.0
20:07:55,7165.08,7220.0,216.5669,0.0
20:07:55,7165.08,7225.0,166.4071,0.0
20:07:55,7165.08,7230.0,178.4028,0.0
20:07:55,7165.08,7235.0,68.8201,0.0
20:07:55,7165.08,7240.0,182.2312,0.0
20:07:55,7165.08,7245.0,89.3606,0.0
20:07:55,7165.08,7250.0,1201.5839,0.0
20:07:55,7165.08,7255.0,447.6,0.0
20:07:55,7165.08,7260.0,120.2444,0.0
20:07:55,7165.08,7265.0,101.798,0.0
20:07:55,7165.08,7270.0,162.8743,0.0
20:07:55,7165.08,7275.0,281.902,0.0
20:07:55,7165.08,7280.0,198.4675,0.0
20:07:55,7165.08,7285.0,46.405,0.0
20:07:55,7165.08,7290.0,104.0849,0.0
20:07:55,7165.08,7295.0,43.9082,0.0
20:07:55,7165.08,7300.0,95.4905,0.0
20:07:55,7165.08,7305.0,6.3165,0.0
20:07:55,7165.08,7310.0,56.9585,0.0
20:07:55,7165.08,7315.0,29.3403,0.0
20:07:55,7165.08,7320.0,72.7014,0.0
20:07:55,7165.08,7325.0,21.8798,0.0
20:07:55,7165.08,7330.0,57.2859,0.0
20:07:55,7165.08,7335.0,0.3669,0.0
20:07:55,7165.08,7340.0,6.7209,0.0
20:07:55,7165.08,7345.0,0.2152,0.0
20:07:55,7165.08,7350.0,29.7588,0.0
20:07:55,7165.08,7360.0,2.9159,247.0
20:07:55,7165.08,7370.0,7.6608,771.0
20:07:55,7165.08,7375.0,25.4988,10617.0
20:07:55,7165.08,7380.0,12.2625,5152.0
20:07:55,7165.08,7390.0,33.0928,2139.0
20:07:55,7165.08,7400.0,15.4658,4230.0
20:07:55,7165.08,7410.0,0.0095,65.0
20:07:55,7165.08,7425.0,4.2126,194.0
20:07:55,7165.08,7450.0,1.5767,474.0
20:07:55,7165.08,7475.0,0.0336,140.0
20:07:55,7165.08,7500.0,0.1662,296.0
20:07:55,7165.08,7550.0,0.0005,0.0
20:07:55,7165.08,7600.0,0.0006,2.0
20:07:55,7165.08,7700.0,0.0001,0.0
20:07:55,7165.08,7800.0,0.0,1.0
20:07:55,7165.08,8000.0,0.0,2.0
20:07:55,7165.08,8800.0,0.0,2.0
20:07:55,7165.08,9200.0,0.0,1.0
20:24:10,7165.08,4600.0,-0.0,4.0
20:24:10,7165.08,5300.0,-0.0,1.0
20:24:10,7165.08,5400.0,-0.0,3.0
20:24:10,7165.08,5500.0,-0.0,1.0
20:24:10,7165.08,5575.0,-0.0,1.0
20:24:10,7165.08,5625.0,-0.0,1.0
20:24:10,7165.08,5650.0,-0.0,1.0
20:24:10,7165.08,5800.0,-0.0,4.0
20:24:10,7165.08,5900.0,-0.0,3.0
20:24:10,7165.08,6000.0,-0.0,24.0
20:24:10,7165.08,6100.0,-0.0,876.0
20:24:10,7165.08,6110.0,-0.0,105.0
20:24:10,7165.08,6120.0,-0.0,81.0
20:24:10,7165.08,6125.0,-0.0,13.0
20:24:10,7165.08,6130.0,-0.0,3.0
20:24:10,7165.08,6140.0,-0.0,100.0
20:24:10,7165.08,6150.0,-0.0,297.0
20:24:10,7165.08,6160.0,-0.0,85.0
20:24:10,7165.08,6170.0,-0.0,87.0
20:24:10,7165.08,6175.0,-0.0,163.0
20:24:10,7165.08,6180.0,-0.0,10.0
20:24:10,7165.08,6190.0,-0.0026,97.0
20:24:10,7165.08,6200.0,-0.0,1177.0
20:24:10,7165.08,6210.0,-0.0984,0.0
20:24:10,7165.08,6220.0,-0.0021,40.0
20:24:10,7165.08,6225.0,-0.0,150.0
20:24:10,7165.08,6230.0,-0.0072,302.0
20:24:10,7165.08,6240.0,-0.0023,60.0
20:24:10,7165.08,6250.0,-0.0,226.0
20:24:10,7165.08,6260.0,-0.0,200.0
20:24:10,7165.08,6270.0,-0.014,101.0
20:24:10,7165.08,6275.0,-0.0,30.0
20:24:10,7165.08,6280.0,0.0002,20.0
20:24:10,7165.08,6290.0,-0.0,38.0
20:24:10,7165.08,6300.0,-0.0,96.0
20:24:10,7165.08,6310.0,-0.0,161.0
20:24:10,7165.08,6320.0,-0.0,10.0
20:24:10,7165.08,6325.0,-0.0,30.0
20:24:10,7165.08,6330.0,-0.0,196.0
20:24:10,7165.08,6340.0,0.0095,10.0
20:24:10,7165.08,6350.0,-0.0,95.0
20:24:10,7165.08,6360.0,-0.0,58.0
20:24:10,7165.08,6370.0,-0.0,50.0
20:24:10,7165.08,6375.0,-0.0,5.0
20:24:10,7165.08,6380.0,-0.0,44.0
20:24:10,7165.08,6390.0,0.0,11.0
20:24:10,7165.08,6400.0,-0.0,152.0
20:24:10,7165.08,6410.0,-0.0,5.0
20:24:10,7165.08,6420.0,-0.0,14.0
20:24:10,7165.08,6425.0,0.0,52.0
20:24:10,7165.08,6430.0,-0.0573,7.0
20:24:10,7165.08,6440.0,-0.0383,44.0
20:24:10,7165.08,6450.0,-0.0,1068.0
20:24:10,7165.08,6460.0,-0.0,80.0
20:24:10,7165.08,6470.0,-0.0,8.0
20:24:10,7165.08,6475.0,-0.0,3.0
20:24:10,7165.08,6480.0,-0.0,35.0
20:24:10,7165.08,6485.0,0.0043,8.0
20:24:10,7165.08,6490.0,-0.0,5.0
20:24:10,7165.08,6495.0,-0.0092,0.0
20:24:10,7165.08,6500.0,-0.0,70.0
20:24:10,7165.08,6505.0,-0.1222,100.0
20:24:10,7165.08,6510.0,-0.0,118.0
20:24:10,7165.08,6515.0,0.0164,117.0
20:24:10,7165.08,6520.0,-0.0,29.0
20:24:10,7165.08,6525.0,-0.0,4.0
20:24:10,7165.08,6530.0,-0.0,1.0
20:24:10,7165.08,6535.0,-0.0805,64.0
20:24:10,7165.08,6540.0,-0.0,22.0
20:24:10,7165.08,6545.0,-0.0131,58.0
20:24:10,7165.08,6550.0,-0.2663,0.0
20:24:10,7165.08,6555.0,0.0576,27.0
20:24:10,7165.08,6560.0,-0.0,15.0
20:24:10,7165.08,6565.0,-0.0552,3.0
20:24:10,7165.08,6570.0,0.0,1.0
20:24:10,7165.08,6580.0,0.0649,13.0
20:24:10,7165.08,6585.0,-0.0766,48.0
20:24:10,7165.08,6590.0,0.0474,57.0
20:24:10,7165.08,6595.0,-0.0,79.0
20:24:10,7165.08,6600.0,-0.0,4.0
20:24:10,7165.08,6605.0,-0.0,30.0
20:24:10,7165.08,6610.0,0.1515,106.0
20:24:10,7165.08,6615.0,-0.0,95.0
20:24:10,7165.08,6620.0,0.1026,80.0
20:24:10,7165.08,6625.0,0.0,16.0
20:24:10,7165.08,6630.0,-0.0,40.0
20:24:10,7165.08,6635.0,-0.1048,137.0
20:24:10,7165.08,6640.0,0.145,87.0
20:24:10,7165.08,6645.0,-0.1235,27.0
20:24:10,7165.08,6650.0,-0.0,3.0
20:24:10,7165.08,6655.0,-0.1014,70.0
20:24:10,7165.08,6660.0,-0.1662,88.0
20:24:10,7165.08,6665.0,-0.0,6.0
20:24:10,7165.08,6670.0,-0.0568,3.0
20:24:10,7165.08,6675.0,0.0,248.0
20:24:10,7165.08,6680.0,-0.3832,62.0
20:24:10,7165.08,6685.0,-0.0,287.0
20:24:10,7165.08,6690.0,-1.1985,139.0
20:24:10,7165.08,6695.0,-0.0,31.0
20:24:10,7165.08,6700.0,-0.0014,1429.0
20:24:10,7165.08,6705.0,-0.0001,49.0
20:24:10,7165.08,6710.0,-0.5515,565.0
20:24:10,7165.08,6715.0,-0.0002,161.0
20:24:10,7165.08,6720.0,-0.0004,44.0
20:24:10,7165.08,6725.0,-0.0006,1300.0
20:24:10,7165.08,6730.0,-0.0008,63.0
20:24:10,7165.08,6735.0,0.0255,56.0
20:24:10,7165.08,6740.0,-0.0022,181.0
20:24:10,7165.08,6745.0,-0.0006,86.0
20:24:10,7165.08,6750.0,-0.0094,3696.0
20:24:10,7165.08,6755.0,-0.0019,153.0
20:24:10,7165.08,6760.0,-1.966,1867.0
20:24:10,7165.08,6765.0,-0.0031,293.0
20:24:10,7165.08,6770.0,-1.806,136.0
20:24:10,7165.08,6775.0,-0.0042,3448.0
20:24:10,7165.08,6780.0,-0.0111,276.0
20:24:10,7165.08,6785.0,0.0242,130.0
20:24:10,7165.08,6790.0,-0.0215,194.0
20:24:10,7165.08,6795.0,-0.0608,159.0
20:24:10,7165.08,6800.0,-11.7331,2592.0
20:24:10,7165.08,6805.0,-4.2882,347.0
20:24:10,7165.08,6810.0,-3.7409,704.0
20:24:10,7165.08,6815.0,-0.0214,296.0
20:24:10,7165.08,6820.0,-1.649,158.0
20:24:10,7165.08,6825.0,2.1811,1565.0
20:24:10,7165.08,6830.0,-0.0506,188.0
20:24:10,7165.08,6835.0,-0.9594,221.0
20:24:10,7165.08,6840.0,-0.16,1189.0
20:24:10,7165.08,6845.0,-0.2437,4310.0
20:24:10,7165.08,6850.0,-7.8118,4335.0
20:24:10,7165.08,6855.0,-0.413,665.0
20:24:10,7165.08,6860.0,-4.3119,0.0
20:24:10,7165.08,6865.0,-0.6827,0.0
20:24:10,7165.08,6870.0,-0.2721,0.0
20:24:10,7165.08,6875.0,-0.6819,0.0
20:24:10,7165.08,6880.0,-1.0618,0.0
20:24:10,7165.08,6885.0,-13.817,3.0
20:24:10,7165.08,6890.0,-0.825,0.0
20:24:10,7165.08,6895.0,-58.1265,13.0
20:24:10,7165.08,6900.0,-36.6982,0.0
20:24:10,7165.08,6905.0,-2.7141,0.0
20:24:10,7165.08,6910.0,-1.4923,0.0
20:24:10,7165.08,6915.0,-1.2064,82.0
20:24:10,7165.08,6920.0,-0.7761,91.0
20:24:10,7165.08,6925.0,0.7624,791.0
20:24:10,7165.08,6930.0,-5.7977,0.0
20:24:10,7165.08,6935.0,-5.0962,0.0
20:24:10,7165.08,6940.0,1.0832,0.0
20:24:10,7165.08,6945.0,-39.7964,0.0
20:24:10,7165.08,6950.0,-55.891,117.0
20:24:10,7165.08,6955.0,-32.2255,0.0
20:24:10,7165.08,6960.0,-13.141,0.0
20:24:10,7165.08,6965.0,-6.3978,0.0
20:24:10,7165.08,6970.0,-4.1436,0.0
20:24:10,7165.08,6975.0,-15.0898,2648.0
20:24:10,7165.08,6980.0,-14.1651,0.0
20:24:10,7165.08,6985.0,-12.9409,32.0
20:24:10,7165.08,6990.0,-17.337,0.0
20:24:10,7165.08,6995.0,-16.8528,0.0
20:24:10,7165.08,7000.0,-11.9001,0.0
20:24:10,7165.08,7005.0,-126.486,0.0
20:24:10,7165.08,7010.0,-3.803,0.0
20:24:10,7165.08,7015.0,-10.6915,0.0
20:24:10,7165.08,7020.0,-4.5042,0.0
20:24:10,7165.08,7025.0,-23.4067,0.0
20:24:10,7165.08,7030.0,43.0428,0.0
20:24:10,7165.08,7035.0,-20.2507,0.0
20:24:10,7165.08,7040.0,-19.4179,0.0
20:24:10,7165.08,7045.0,308.3998,0.0
20:24:10,7165.08,7050.0,-123.7781,0.0
20:24:10,7165.08,7055.0,-195.4224,0.0
20:24:10,7165.08,7060.0,-22.1311,0.0
20:24:10,7165.08,7065.0,-15.1002,0.0
20:24:10,7165.08,7070.0,3.1324,0.0
20:24:10,7165.08,7075.0,-68.9882,0.0
20:24:10,7165.08,7080.0,-46.3397,0.0
20:24:10,7165.08,7085.0,-23.0963,0.0
20:24:10,7165.08,7090.0,-49.5119,0.0
20:24:10,7165.08,7095.0,-15.3363,0.0
20:24:10,7165.08,7100.0,127.8095,10605.0
20:24:10,7165.08,7105.0,18.294,0.0
20:24:10,7165.08,7110.0,-24.7531,0.0
20:24:10,7165.08,7115.0,22.6923,0.0
20:24:10,7165.08,7120.0,74.7954,0.0
20:24:10,7165.08,7125.0,1.3871,0.0
20:24:10,7165.08,7130.0,1432.7542,0.0
20:24:10,7165.08,7135.0,33.2303,0.0
20:24:10,7165.08,7140.0,281.7618,1894.0
20:24:10,7165.08,7145.0,40.4458,0.0
20:24:10,7165.08,7150.0,95.4028,0.0
20:24:10,7165.08,7155.0,654.3267,0.0
20:24:10,7165.08,7160.0,1144.1108,0.0
20:24:10,7165.08,7165.0,49.9362,0.0
20:24:10,7165.08,7170.0,200.338,0.0
20:24:10,7165.08,7175.0,324.0935,0.0
20:24:10,7165.08,7180.0,122.0941,0.0
20:24:10,7165.08,7185.0,76.5426,0.0
20:24:10,7165.08,7190.0,143.775,0.0
20:24:10,7165.08,7195.0,111.0354,0.0
20:24:10,7165.08,7200.0,681.2964,10217.0
20:24:10,7165.08,7205.0,78.608,0.0
20:24:10,7165.08,7210.0,213.0405,0.0
20:24:10,7165.08,7215.0,117.7262,0.0
20:24:10,7165.08,7220.0,216.5669,0.0
20:24:10,7165.08,7225.0,166.4071,0.0
20:24:10,7165.08,7230.0,178.4028,0.0
20:24:10,7165.08,7235.0,68.8201,0.0
20:24:10,7165.08,7240.0,182.2312,0.0
20:24:10,7165.08,7245.0,89.3606,0.0
20:24:10,7165.08,7250.0,1201.5839,0.0
20:24:10,7165.08,7255.0,447.6,0.0
20:24:10,7165.08,7260.0,120.2444,0.0
20:24:10,7165.08,7265.0,101.798,0.0
20:24:10,7165.08,7270.0,162.8743,0.0
20:24:10,7165.08,7275.0,281.902,0.0
20:24:10,7165.08,7280.0,198.4675,0.0
20:24:10,7165.08,7285.0,46.405,0.0
20:24:10,7165.08,7290.0,104.0849,0.0
20:24:10,7165.08,7295.0,43.9082,0.0
20:24:10,7165.08,7300.0,95.4905,0.0
20:24:10,7165.08,7305.0,6.3165,0.0
20:24:10,7165.08,7310.0,56.9585,0.0
20:24:10,7165.08,7315.0,29.3403,0.0
20:24:10,7165.08,7320.0,72.7014,0.0
20:24:10,7165.08,7325.0,21.8798,0.0
20:24:10,7165.08,7330.0,57.2859,0.0
20:24:10,7165.08,7335.0,0.3669,0.0
20:24:10,7165.08,7340.0,6.7209,0.0
20:24:10,7165.08,7345.0,0.2152,0.0
20:24:10,7165.08,7350.0,29.7588,0.0
20:24:10,7165.08,7360.0,2.9159,247.0
20:24:10,7165.08,7370.0,7.6608,771.0
20:24:10,7165.08,7375.0,25.4988,10617.0
20:24:10,7165.08,7380.0,12.2625,5152.0
20:24:10,7165.08,7390.0,33.0928,2139.0
20:24:10,7165.08,7400.0,15.4658,4230.0
20:24:10,7165.08,7410.0,0.0095,65.0
20:24:10,7165.08,7425.0,4.2126,194.0
20:24:10,7165.08,7450.0,1.5767,474.0
20:24:10,7165.08,7475.0,0.0336,140.0
20:24:10,7165.08,7500.0,0.1662,296.0
20:24:10,7165.08,7550.0,0.0005,0.0
20:24:10,7165.08,7600.0,0.0006,2.0
20:24:10,7165.08,7700.0,0.0001,0.0
20:24:10,7165.08,7800.0,0.0,1.0
20:24:10,7165.08,8000.0,0.0,2.0
20:24:10,7165.08,8800.0,0.0,2.0
20:24:10,7165.08,9200.0,0.0,1.0
20:42:25,7165.08,4600.0,-0.0,4.0
20:42:25,7165.08,5300.0,-0.0,1.0
20:42:25,7165.08,5400.0,-0.0,3.0
20:42:25,7165.08,5500.0,-0.0,1.0
20:42:25,7165.08,5575.0,-0.0,1.0
20:42:25,7165.08,5625.0,-0.0,1.0
20:42:25,7165.08,5650.0,-0.0,1.0
20:42:25,7165.08,5800.0,-0.0,4.0
20:42:25,7165.08,5900.0,-0.0,3.0
20:42:25,7165.08,6000.0,-0.0,24.0
20:42:25,7165.08,6100.0,-0.0,876.0
20:42:25,7165.08,6110.0,-0.0,105.0
20:42:25,7165.08,6120.0,-0.0,81.0
20:42:25,7165.08,6125.0,-0.0,13.0
20:42:25,7165.08,6130.0,-0.0,3.0
20:42:25,7165.08,6140.0,-0.0,100.0
20:42:25,7165.08,6150.0,-0.0,297.0
20:42:25,7165.08,6160.0,-0.0,85.0
20:42:25,7165.08,6170.0,-0.0,87.0
20:42:25,7165.08,6175.0,-0.0,163.0
20:42:25,7165.08,6180.0,-0.0,10.0
20:42:25,7165.08,6190.0,-0.0026,97.0
20:42:25,7165.08,6200.0,-0.0,1177.0
20:42:25,7165.08,6210.0,-0.0984,0.0
20:42:25,7165.08,6220.0,-0.0021,40.0
20:42:25,7165.08,6225.0,-0.0,150.0
20:42:25,7165.08,6230.0,-0.0072,302.0
20:42:25,7165.08,6240.0,-0.0023,60.0
20:42:25,7165.08,6250.0,-0.0,226.0
20:42:25,7165.08,6260.0,-0.0,200.0
20:42:25,7165.08,6270.0,-0.014,101.0
20:42:25,7165.08,6275.0,-0.0,30.0
20:42:25,7165.08,6280.0,0.0002,20.0
20:42:25,7165.08,6290.0,-0.0,38.0
20:42:25,7165.08,6300.0,-0.0,96.0
20:42:25,7165.08,6310.0,-0.0,161.0
20:42:25,7165.08,6320.0,-0.0,10.0
20:42:25,7165.08,6325.0,-0.0,30.0
20:42:25,7165.08,6330.0,-0.0,196.0
20:42:25,7165.08,6340.0,0.0095,10.0
20:42:25,7165.08,6350.0,-0.0,95.0
20:42:25,7165.08,6360.0,-0.0,58.0
20:42:25,7165.08,6370.0,-0.0,50.0
20:42:25,7165.08,6375.0,-0.0,5.0
20:42:25,7165.08,6380.0,-0.0,44.0
20:42:25,7165.08,6390.0,0.0,11.0
20:42:25,7165.08,6400.0,-0.0,152.0
20:42:25,7165.08,6410.0,-0.0,5.0
20:42:25,7165.08,6420.0,-0.0,14.0
20:42:25,7165.08,6425.0,0.0,52.0
20:42:25,7165.08,6430.0,-0.0573,7.0
20:42:25,7165.08,6440.0,-0.0383,44.0
20:42:25,7165.08,6450.0,-0.0,1068.0
20:42:25,7165.08,6460.0,-0.0,80.0
20:42:25,7165.08,6470.0,-0.0,8.0
20:42:25,7165.08,6475.0,-0.0,3.0
20:42:25,7165.08,6480.0,-0.0,35.0
20:42:25,7165.08,6485.0,0.0043,8.0
20:42:25,7165.08,6490.0,-0.0,5.0
20:42:25,7165.08,6495.0,-0.0092,0.0
20:42:25,7165.08,6500.0,-0.0,70.0
20:42:25,7165.08,6505.0,-0.1222,100.0
20:42:25,7165.08,6510.0,-0.0,118.0
20:42:25,7165.08,6515.0,0.0164,117.0
20:42:25,7165.08,6520.0,-0.0,29.0
20:42:25,7165.08,6525.0,-0.0,4.0
20:42:25,7165.08,6530.0,-0.0,1.0
20:42:25,7165.08,6535.0,-0.0805,64.0
20:42:25,7165.08,6540.0,-0.0,22.0
20:42:25,7165.08,6545.0,-0.0131,58.0
20:42:25,7165.08,6550.0,-0.2663,0.0
20:42:25,7165.08,6555.0,0.0576,27.0
20:42:25,7165.08,6560.0,-0.0,15.0
20:42:25,7165.08,6565.0,-0.0552,3.0
20:42:25,7165.08,6570.0,0.0,1.0
20:42:25,7165.08,6580.0,0.0649,13.0
20:42:25,7165.08,6585.0,-0.0766,48.0
20:42:25,7165.08,6590.0,0.0474,57.0
20:42:25,7165.08,6595.0,-0.0,79.0
20:42:25,7165.08,6600.0,-0.0,4.0
20:42:25,7165.08,6605.0,-0.0,30.0
20:42:25,7165.08,6610.0,0.1515,106.0
20:42:25,7165.08,6615.0,-0.0,95.0
20:42:25,7165.08,6620.0,0.1026,80.0
20:42:25,7165.08,6625.0,0.0,16.0
20:42:25,7165.08,6630.0,-0.0,40.0
20:42:25,7165.08,6635.0,-0.1048,137.0
20:42:25,7165.08,6640.0,0.145,87.0
20:42:25,7165.08,6645.0,-0.1235,27.0
20:42:25,7165.08,6650.0,-0.0,3.0
20:42:25,7165.08,6655.0,-0.1014,70.0
20:42:25,7165.08,6660.0,-0.1662,88.0
20:42:25,7165.08,6665.0,-0.0,6.0
20:42:25,7165.08,6670.0,-0.0568,3.0
20:42:25,7165.08,6675.0,0.0,248.0
20:42:25,7165.08,6680.0,-0.3832,62.0
20:42:25,7165.08,6685.0,-0.0,287.0
20:42:25,7165.08,6690.0,-1.1985,139.0
20:42:25,7165.08,6695.0,-0.0,31.0
20:42:25,7165.08,6700.0,-0.0014,1429.0
20:42:25,7165.08,6705.0,-0.0001,49.0
20:42:25,7165.08,6710.0,-0.5515,565.0
20:42:25,7165.08,6715.0,-0.0002,161.0
20:42:25,7165.08,6720.0,-0.0004,44.0
20:42:25,7165.08,6725.0,-0.0006,1300.0
20:42:25,7165.08,6730.0,-0.0008,63.0
20:42:25,7165.08,6735.0,0.0255,56.0
20:42:25,7165.08,6740.0,-0.0022,181.0
20:42:25,7165.08,6745.0,-0.0006,86.0
20:42:25,7165.08,6750.0,-0.0094,3696.0
20:42:25,7165.08,6755.0,-0.0019,153.0
20:42:25,7165.08,6760.0,-1.966,1867.0
20:42:25,7165.08,6765.0,-0.0031,293.0
20:42:25,7165.08,6770.0,-1.806,136.0
20:42:25,7165.08,6775.0,-0.0042,3448.0
20:42:25,7165.08,6780.0,-0.0111,276.0
20:42:25,7165.08,6785.0,0.0242,130.0
20:42:25,7165.08,6790.0,-0.0215,194.0
20:42:25,7165.08,6795.0,-0.0608,159.0
20:42:25,7165.08,6800.0,-11.7331,2592.0
20:42:25,7165.08,6805.0,-4.2882,347.0
20:42:25,7165.08,6810.0,-3.7409,704.0
20:42:25,7165.08,6815.0,-0.0214,296.0
20:42:25,7165.08,6820.0,-1.649,158.0
20:42:25,7165.08,6825.0,2.1811,1565.0
20:42:25,7165.08,6830.0,-0.0506,188.0
20:42:25,7165.08,6835.0,-0.9594,221.0
20:42:25,7165.08,6840.0,-0.16,1189.0
20:42:25,7165.08,6845.0,-0.2437,4310.0
20:42:25,7165.08,6850.0,-7.8118,4335.0
20:42:25,7165.08,6855.0,-0.413,665.0
20:42:25,7165.08,6860.0,-4.3119,0.0
20:42:25,7165.08,6865.0,-0.6827,0.0
20:42:25,7165.08,6870.0,-0.2721,0.0
20:42:25,7165.08,6875.0,-0.6819,0.0
20:42:25,7165.08,6880.0,-1.0618,0.0
20:42:25,7165.08,6885.0,-13.817,3.0
20:42:25,7165.08,6890.0,-0.825,0.0
20:42:25,7165.08,6895.0,-58.1265,13.0
20:42:25,7165.08,6900.0,-36.6982,0.0
20:42:25,7165.08,6905.0,-2.7141,0.0
20:42:25,7165.08,6910.0,-1.4923,0.0
20:42:25,7165.08,6915.0,-1.2064,82.0
20:42:25,7165.08,6920.0,-0.7761,91.0
20:42:25,7165.08,6925.0,0.7624,791.0
20:42:25,7165.08,6930.0,-5.7977,0.0
20:42:25,7165.08,6935.0,-5.0962,0.0
20:42:25,7165.08,6940.0,1.0832,0.0
20:42:25,7165.08,6945.0,-39.7964,0.0
20:42:25,7165.08,6950.0,-55.891,117.0
20:42:25,7165.08,6955.0,-32.2255,0.0
20:42:25,7165.08,6960.0,-13.141,0.0
20:42:25,7165.08,6965.0,-6.3978,0.0
20:42:25,7165.08,6970.0,-4.1436,0.0
20:42:25,7165.08,6975.0,-15.0898,2648.0
20:42:25,7165.08,6980.0,-14.1651,0.0
20:42:25,7165.08,6985.0,-12.9409,32.0
20:42:25,7165.08,6990.0,-17.337,0.0
20:42:25,7165.08,6995.0,-16.8528,0.0
20:42:25,7165.08,7000.0,-11.9001,0.0
20:42:25,7165.08,7005.0,-126.486,0.0
20:42:25,7165.08,7010.0,-3.803,0.0
20:42:25,7165.08,7015.0,-10.6915,0.0
20:42:25,7165.08,7020.0,-4.5042,0.0
20:42:25,7165.08,7025.0,-23.4067,0.0
20:42:25,7165.08,7030.0,43.0428,0.0
20:42:25,7165.08,7035.0,-20.2507,0.0
20:42:25,7165.08,7040.0,-19.4179,0.0
20:42:25,7165.08,7045.0,308.3998,0.0
20:42:25,7165.08,7050.0,-123.7781,0.0
20:42:25,7165.08,7055.0,-195.4224,0.0
20:42:25,7165.08,7060.0,-22.1311,0.0
20:42:25,7165.08,7065.0,-15.1002,0.0
20:42:25,7165.08,7070.0,3.1324,0.0
20:42:25,7165.08,7075.0,-68.9882,0.0
20:42:25,7165.08,7080.0,-46.3397,0.0
20:42:25,7165.08,7085.0,-23.0963,0.0
20:42:25,7165.08,7090.0,-49.5119,0.0
20:42:25,7165.08,7095.0,-15.3363,0.0
20:42:25,7165.08,7100.0,127.8095,10605.0
20:42:25,7165.08,7105.0,18.294,0.0
20:42:25,7165.08,7110.0,-24.7531,0.0
20:42:25,7165.08,7115.0,22.6923,0.0
20:42:25,7165.08,7120.0,74.7954,0.0
20:42:25,7165.08,7125.0,1.3871,0.0
20:42:25,7165.08,7130.0,1432.7542,0.0
20:42:25,7165.08,7135.0,33.2303,0.0
20:42:25,7165.08,7140.0,281.7618,1894.0
20:42:25,7165.08,7145.0,40.4458,0.0
20:42:25,7165.08,7150.0,95.4028,0.0
20:42:25,7165.08,7155.0,654.3267,0.0
20:42:25,7165.08,7160.0,1144.1108,0.0
20:42:25,7165.08,7165.0,49.9362,0.0
20:42:25,7165.08,7170.0,200.338,0.0
20:42:25,7165.08,7175.0,324.0935,0.0
20:42:25,7165.08,7180.0,122.0941,0.0
20:42:25,7165.08,7185.0,76.5426,0.0
20:42:25,7165.08,7190.0,143.775,0.0
20:42:25,7165.08,7195.0,111.0354,0.0
20:42:25,7165.08,7200.0,681.2964,10217.0
20:42:25,7165.08,7205.0,78.608,0.0
20:42:25,7165.08,7210.0,213.0405,0.0
20:42:25,7165.08,7215.0,117.7262,0.0
20:42:25,7165.08,7220.0,216.5669,0.0
20:42:25,7165.08,7225.0,166.4071,0.0
20:42:25,7165.08,7230.0,178.4028,0.0
20:42:25,7165.08,7235.0,68.8201,0.0
20:42:25,7165.08,7240.0,182.2312,0.0
20:42:25,7165.08,7245.0,89.3606,0.0
20:42:25,7165.08,7250.0,1201.5839,0.0
20:42:25,7165.08,7255.0,447.6,0.0
20:42:25,7165.08,7260.0,120.2444,0.0
20:42:25,7165.08,7265.0,101.798,0.0
20:42:25,7165.08,7270.0,162.8743,0.0
20:42:25,7165.08,7275.0,281.902,0.0
20:42:25,7165.08,7280.0,198.4675,0.0
20:42:25,7165.08,7285.0,46.405,0.0
20:42:25,7165.08,7290.0,104.0849,0.0
20:42:25,7165.08,7295.0,43.9082,0.0
20:42:25,7165.08,7300.0,95.4905,0.0
20:42:25,7165.08,7305.0,6.3165,0.0
20:42:25,7165.08,7310.0,56.9585,0.0
20:42:25,7165.08,7315.0,29.3403,0.0
20:42:25,7165.08,7320.0,72.7014,0.0
20:42:25,7165.08,7325.0,21.8798,0.0
20:42:25,7165.08,7330.0,57.2859,0.0
20:42:25,7165.08,7335.0,0.3669,0.0
20:42:25,7165.08,7340.0,6.7209,0.0
20:42:25,7165.08,7345.0,0.2152,0.0
20:42:25,7165.08,7350.0,29.7588,0.0
20:42:25,7165.08,7360.0,2.9159,247.0
20:42:25,7165.08,7370.0,7.6608,771.0
20:42:25,7165.08,7375.0,25.4988,10617.0
20:42:25,7165.08,7380.0,12.2625,5152.0
20:42:25,7165.08,7390.0,33.0928,2139.0
20:42:25,7165.08,7400.0,15.4658,4230.0
20:42:25,7165.08,7410.0,0.0095,65.0
20:42:25,7165.08,7425.0,4.2126,194.0
20:42:25,7165.08,7450.0,1.5767,474.0
20:42:25,7165.08,7475.0,0.0336,140.0
20:42:25,7165.08,7500.0,0.1662,296.0
20:42:25,7165.08,7550.0,0.0005,0.0
20:42:25,7165.08,7600.0,0.0006,2.0
20:42:25,7165.08,7700.0,0.0001,0.0
20:42:25,7165.08,7800.0,0.0,1.0
20:42:25,7165.08,8000.0,0.0,2.0
20:42:25,7165.08,8800.0,0.0,2.0
20:42:25,7165.08,9200.0,0.0,1.0
20:58:19,7165.08,4600.0,-0.0,4.0
20:58:19,7165.08,5300.0,-0.0,1.0
20:58:19,7165.08,5400.0,-0.0,3.0
20:58:19,7165.08,5500.0,-0.0,1.0
20:58:19,7165.08,5575.0,-0.0,1.0
20:58:19,7165.08,5625.0,-0.0,1.0
20:58:19,7165.08,5650.0,-0.0,1.0
20:58:19,7165.08,5800.0,-0.0,4.0
20:58:19,7165.08,5900.0,-0.0,3.0
20:58:19,7165.08,6000.0,-0.0,24.0
20:58:19,7165.08,6100.0,-0.0,876.0
20:58:19,7165.08,6110.0,-0.0,105.0
20:58:19,7165.08,6120.0,-0.0,81.0
20:58:19,7165.08,6125.0,-0.0,13.0
20:58:19,7165.08,6130.0,-0.0,3.0
20:58:19,7165.08,6140.0,-0.0,100.0
20:58:19,7165.08,6150.0,-0.0,297.0
20:58:19,7165.08,6160.0,-0.0,85.0
20:58:19,7165.08,6170.0,-0.0,87.0
20:58:19,7165.08,6175.0,-0.0,163.0
20:58:19,7165.08,6180.0,-0.0,10.0
20:58:19,7165.08,6190.0,-0.0026,97.0
20:58:19,7165.08,6200.0,-0.0,1177.0
20:58:19,7165.08,6210.0,-0.0984,0.0
20:58:19,7165.08,6220.0,-0.0021,40.0
20:58:19,7165.08,6225.0,-0.0,150.0
20:58:19,7165.08,6230.0,-0.0072,302.0
20:58:19,7165.08,6240.0,-0.0023,60.0
20:58:19,7165.08,6250.0,-0.0,226.0
20:58:19,7165.08,6260.0,-0.0,200.0
20:58:19,7165.08,6270.0,-0.014,101.0
20:58:19,7165.08,6275.0,-0.0,30.0
20:58:19,7165.08,6280.0,0.0002,20.0
20:58:19,7165.08,6290.0,-0.0,38.0
20:58:19,7165.08,6300.0,-0.0,96.0
20:58:19,7165.08,6310.0,-0.0,161.0
20:58:19,7165.08,6320.0,-0.0,10.0
20:58:19,7165.08,6325.0,-0.0,30.0
20:58:19,7165.08,6330.0,-0.0,196.0
20:58:19,7165.08,6340.0,0.0095,10.0
20:58:19,7165.08,6350.0,-0.0,95.0
20:58:19,7165.08,6360.0,-0.0,58.0
20:58:19,7165.08,6370.0,-0.0,50.0
20:58:19,7165.08,6375.0,-0.0,5.0
20:58:19,7165.08,6380.0,-0.0,44.0
20:58:19,7165.08,6390.0,0.0,11.0
20:58:19,7165.08,6400.0,-0.0,152.0
20:58:19,7165.08,6410.0,-0.0,5.0
20:58:19,7165.08,6420.0,-0.0,14.0
20:58:19,7165.08,6425.0,0.0,52.0
20:58:19,7165.08,6430.0,-0.0573,7.0
20:58:19,7165.08,6440.0,-0.0383,44.0
20:58:19,7165.08,6450.0,-0.0,1068.0
20:58:19,7165.08,6460.0,-0.0,80.0
20:58:19,7165.08,6470.0,-0.0,8.0
20:58:19,7165.08,6475.0,-0.0,3.0
20:58:19,7165.08,6480.0,-0.0,35.0
20:58:19,7165.08,6485.0,0.0043,8.0
20:58:19,7165.08,6490.0,-0.0,5.0
20:58:19,7165.08,6495.0,-0.0092,0.0
20:58:19,7165.08,6500.0,-0.0,70.0
20:58:19,7165.08,6505.0,-0.1222,100.0
20:58:19,7165.08,6510.0,-0.0,118.0
20:58:19,7165.08,6515.0,0.0164,117.0
20:58:19,7165.08,6520.0,-0.0,29.0
20:58:19,7165.08,6525.0,-0.0,4.0
20:58:19,7165.08,6530.0,-0.0,1.0
20:58:19,7165.08,6535.0,-0.0805,64.0
20:58:19,7165.08,6540.0,-0.0,22.0
20:58:19,7165.08,6545.0,-0.0131,58.0
20:58:19,7165.08,6550.0,-0.2663,0.0
20:58:19,7165.08,6555.0,0.0576,27.0
20:58:19,7165.08,6560.0,-0.0,15.0
20:58:19,7165.08,6565.0,-0.0552,3.0
20:58:19,7165.08,6570.0,0.0,1.0
20:58:19,7165.08,6580.0,0.0649,13.0
20:58:19,7165.08,6585.0,-0.0766,48.0
20:58:19,7165.08,6590.0,0.0474,57.0
20:58:19,7165.08,6595.0,-0.0,79.0
20:58:19,7165.08,6600.0,-0.0,4.0
20:58:19,7165.08,6605.0,-0.0,30.0
20:58:19,7165.08,6610.0,0.1515,106.0
20:58:19,7165.08,6615.0,-0.0,95.0
20:58:19,7165.08,6620.0,0.1026,80.0
20:58:19,7165.08,6625.0,0.0,16.0
20:58:19,7165.08,6630.0,-0.0,40.0
20:58:19,7165.08,6635.0,-0.1048,137.0
20:58:19,7165.08,6640.0,0.145,87.0
20:58:19,7165.08,6645.0,-0.1235,27.0
20:58:19,7165.08,6650.0,-0.0,3.0
20:58:19,7165.08,6655.0,-0.1014,70.0
20:58:19,7165.08,6660.0,-0.1662,88.0
20:58:19,7165.08,6665.0,-0.0,6.0
20:58:19,7165.08,6670.0,-0.0568,3.0
20:58:19,7165.08,6675.0,0.0,248.0
20:58:19,7165.08,6680.0,-0.3832,62.0
20:58:19,7165.08,6685.0,-0.0,287.0
20:58:19,7165.08,6690.0,-1.1985,139.0
20:58:19,7165.08,6695.0,-0.0,31.0
20:58:19,7165.08,6700.0,-0.0014,1429.0
20:58:19,7165.08,6705.0,-0.0001,49.0
20:58:19,7165.08,6710.0,-0.5515,565.0
20:58:19,7165.08,6715.0,-0.0002,161.0
20:58:19,7165.08,6720.0,-0.0004,44.0
20:58:19,7165.08,6725.0,-0.0006,1300.0
20:58:19,7165.08,6730.0,-0.0008,63.0
20:58:19,7165.08,6735.0,0.0255,56.0
20:58:19,7165.08,6740.0,-0.0022,181.0
20:58:19,7165.08,6745.0,-0.0006,86.0
20:58:19,7165.08,6750.0,-0.0094,3696.0
20:58:19,7165.08,6755.0,-0.0019,153.0
20:58:19,7165.08,6760.0,-1.966,1867.0
20:58:19,7165.08,6765.0,-0.0031,293.0
20:58:19,7165.08,6770.0,-1.806,136.0
20:58:19,7165.08,6775.0,-0.0042,3448.0
20:58:19,7165.08,6780.0,-0.0111,276.0
20:58:19,7165.08,6785.0,0.0242,130.0
20:58:19,7165.08,6790.0,-0.0215,194.0
20:58:19,7165.08,6795.0,-0.0608,159.0
20:58:19,7165.08,6800.0,-11.7331,2592.0
20:58:19,7165.08,6805.0,-4.2882,347.0
20:58:19,7165.08,6810.0,-3.7409,704.0
20:58:19,7165.08,6815.0,-0.0214,296.0
20:58:19,7165.08,6820.0,-1.649,158.0
20:58:19,7165.08,6825.0,2.1811,1565.0
20:58:19,7165.08,6830.0,-0.0506,188.0
20:58:19,7165.08,6835.0,-0.9594,221.0
20:58:19,7165.08,6840.0,-0.16,1189.0
20:58:19,7165.08,6845.0,-0.2437,4310.0
20:58:19,7165.08,6850.0,-7.8118,4335.0
20:58:19,7165.08,6855.0,-0.413,665.0
20:58:19,7165.08,6860.0,-4.3119,0.0
20:58:19,7165.08,6865.0,-0.6827,0.0
20:58:19,7165.08,6870.0,-0.2721,0.0
20:58:19,7165.08,6875.0,-0.6819,0.0
20:58:19,7165.08,6880.0,-1.0618,0.0
20:58:19,7165.08,6885.0,-13.817,3.0
20:58:19,7165.08,6890.0,-0.825,0.0
20:58:19,7165.08,6895.0,-58.1265,13.0
20:58:19,7165.08,6900.0,-36.6982,0.0
20:58:19,7165.08,6905.0,-2.7141,0.0
20:58:19,7165.08,6910.0,-1.4923,0.0
20:58:19,7165.08,6915.0,-1.2064,82.0
20:58:19,7165.08,6920.0,-0.7761,91.0
20:58:19,7165.08,6925.0,0.7624,791.0
20:58:19,7165.08,6930.0,-5.7977,0.0
20:58:19,7165.08,6935.0,-5.0962,0.0
20:58:19,7165.08,6940.0,1.0832,0.0
20:58:19,7165.08,6945.0,-39.7964,0.0
20:58:19,7165.08,6950.0,-55.891,117.0
20:58:19,7165.08,6955.0,-32.2255,0.0
20:58:19,7165.08,6960.0,-13.141,0.0
20:58:19,7165.08,6965.0,-6.3978,0.0
20:58:19,7165.08,6970.0,-4.1436,0.0
20:58:19,7165.08,6975.0,-15.0898,2648.0
20:58:19,7165.08,6980.0,-14.1651,0.0
20:58:19,7165.08,6985.0,-12.9409,32.0
20:58:19,7165.08,6990.0,-17.337,0.0
20:58:19,7165.08,6995.0,-16.8528,0.0
20:58:19,7165.08,7000.0,-11.9001,0.0
20:58:19,7165.08,7005.0,-126.486,0.0
20:58:19,7165.08,7010.0,-3.803,0.0
20:58:19,7165.08,7015.0,-10.6915,0.0
20:58:19,7165.08,7020.0,-4.5042,0.0
20:58:19,7165.08,7025.0,-23.4067,0.0
20:58:19,7165.08,7030.0,43.0428,0.0
20:58:19,7165.08,7035.0,-20.2507,0.0
20:58:19,7165.08,7040.0,-19.4179,0.0
20:58:19,7165.08,7045.0,308.3998,0.0
20:58:19,7165.08,7050.0,-123.7781,0.0
20:58:19,7165.08,7055.0,-195.4224,0.0
20:58:19,7165.08,7060.0,-22.1311,0.0
20:58:19,7165.08,7065.0,-15.1002,0.0
20:58:19,7165.08,7070.0,3.1324,0.0
20:58:19,7165.08,7075.0,-68.9882,0.0
20:58:19,7165.08,7080.0,-46.3397,0.0
20:58:19,7165.08,7085.0,-23.0963,0.0
20:58:19,7165.08,7090.0,-49.5119,0.0
20:58:19,7165.08,7095.0,-15.3363,0.0
20:58:19,7165.08,7100.0,127.8095,10605.0
20:58:19,7165.08,7105.0,18.294,0.0
20:58:19,7165.08,7110.0,-24.7531,0.0
20:58:19,7165.08,7115.0,22.6923,0.0
20:58:19,7165.08,7120.0,74.7954,0.0
20:58:19,7165.08,7125.0,1.3871,0.0
20:58:19,7165.08,7130.0,1432.7542,0.0
20:58:19,7165.08,7135.0,33.2303,0.0
20:58:19,7165.08,7140.0,281.7618,1894.0
20:58:19,7165.08,7145.0,40.4458,0.0
20:58:19,7165.08,7150.0,95.4028,0.0
20:58:19,7165.08,7155.0,654.3267,0.0
20:58:19,7165.08,7160.0,1144.1108,0.0
20:58:19,7165.08,7165.0,49.9362,0.0
20:58:19,7165.08,7170.0,200.338,0.0
20:58:19,7165.08,7175.0,324.0935,0.0
20:58:19,7165.08,7180.0,122.0941,0.0
20:58:19,7165.08,7185.0,76.5426,0.0
20:58:19,7165.08,7190.0,143.775,0.0
20:58:19,7165.08,7195.0,111.0354,0.0
20:58:19,7165.08,7200.0,681.2964,10217.0
20:58:19,7165.08,7205.0,78.608,0.0
20:58:19,7165.08,7210.0,213.0405,0.0
20:58:19,7165.08,7215.0,117.7262,0.0
20:58:19,7165.08,7220.0,216.5669,0.0
20:58:19,7165.08,7225.0,166.4071,0.0
20:58:19,7165.08,7230.0,178.4028,0.0
20:58:19,7165.08,7235.0,68.8201,0.0
20:58:19,7165.08,7240.0,182.2312,0.0
20:58:19,7165.08,7245.0,89.3606,0.0
20:58:19,7165.08,7250.0,1201.5839,0.0
20:58:19,7165.08,7255.0,447.6,0.0
20:58:19,7165.08,7260.0,120.2444,0.0
20:58:19,7165.08,7265.0,101.798,0.0
20:58:19,7165.08,7270.0,162.8743,0.0
20:58:19,7165.08,7275.0,281.902,0.0
20:58:19,7165.08,7280.0,198.4675,0.0
20:58:19,7165.08,7285.0,46.405,0.0
20:58:19,7165.08,7290.0,104.0849,0.0
20:58:19,7165.08,7295.0,43.9082,0.0
20:58:19,7165.08,7300.0,95.4905,0.0
20:58:19,7165.08,7305.0,6.3165,0.0
20:58:19,7165.08,7310.0,56.9585,0.0
20:58:19,7165.08,7315.0,29.3403,0.0
20:58:19,7165.08,7320.0,72.7014,0.0
20:58:19,7165.08,7325.0,21.8798,0.0
20:58:19,7165.08,7330.0,57.2859,0.0
20:58:19,7165.08,7335.0,0.3669,0.0
20:58:19,7165.08,7340.0,6.7209,0.0
20:58:19,7165.08,7345.0,0.2152,0.0
20:58:19,7165.08,7350.0,29.7588,0.0
20:58:19,7165.08,7360.0,2.9159,247.0
20:58:19,7165.08,7370.0,7.6608,771.0
20:58:19,7165.08,7375.0,25.4988,10617.0
20:58:19,7165.08,7380.0,12.2625,5152.0
20:58:19,7165.08,7390.0,33.0928,2139.0
20:58:19,7165.08,7400.0,15.4658,4230.0
20:58:19,7165.08,7410.0,0.0095,65.0
20:58:19,7165.08,7425.0,4.2126,194.0
20:58:19,7165.08,7450.0,1.5767,474.0
20:58:19,7165.08,7475.0,0.0336,140.0
20:58:19,7165.08,7500.0,0.1662,296.0
20:58:19,7165.08,7550.0,0.0005,0.0
20:58:19,7165.08,7600.0,0.0006,2.0
20:58:19,7165.08,7700.0,0.0001,0.0
20:58:19,7165.08,7800.0,0.0,1.0
20:58:19,7165.08,8000.0,0.0,2.0
20:58:19,7165.08,8800.0,0.0,2.0
20:58:19,7165.08,9200.0,0.0,1.0
21:01:01,7165.08,4600.0,-0.0,4.0
21:01:01,7165.08,5300.0,-0.0,1.0
21:01:01,7165.08,5400.0,-0.0,3.0
21:01:01,7165.08,5500.0,-0.0,1.0
21:01:01,7165.08,5575.0,-0.0,1.0
21:01:01,7165.08,5625.0,-0.0,1.0
21:01:01,7165.08,5650.0,-0.0,1.0
21:01:01,7165.08,5800.0,-0.0,4.0
21:01:01,7165.08,5900.0,-0.0,3.0
21:01:01,7165.08,6000.0,-0.0,24.0
21:01:01,7165.08,6100.0,-0.0,876.0
21:01:01,7165.08,6110.0,-0.0,105.0
21:01:01,7165.08,6120.0,-0.0,81.0
21:01:01,7165.08,6125.0,-0.0,13.0
21:01:01,7165.08,6130.0,-0.0,3.0
21:01:01,7165.08,6140.0,-0.0,100.0
21:01:01,7165.08,6150.0,-0.0,297.0
21:01:01,7165.08,6160.0,-0.0,85.0
21:01:01,7165.08,6170.0,-0.0,87.0
21:01:01,7165.08,6175.0,-0.0,163.0
21:01:01,7165.08,6180.0,-0.0,10.0
21:01:01,7165.08,6190.0,-0.0026,97.0
21:01:01,7165.08,6200.0,-0.0,1177.0
21:01:01,7165.08,6210.0,-0.0984,0.0
21:01:01,7165.08,6220.0,-0.0021,40.0
21:01:01,7165.08,6225.0,-0.0,150.0
21:01:01,7165.08,6230.0,-0.0072,302.0
21:01:01,7165.08,6240.0,-0.0023,60.0
21:01:01,7165.08,6250.0,-0.0,226.0
21:01:01,7165.08,6260.0,-0.0,200.0
21:01:01,7165.08,6270.0,-0.014,101.0
21:01:01,7165.08,6275.0,-0.0,30.0
21:01:01,7165.08,6280.0,0.0002,20.0
21:01:01,7165.08,6290.0,-0.0,38.0
21:01:01,7165.08,6300.0,-0.0,96.0
21:01:01,7165.08,6310.0,-0.0,161.0
21:01:01,7165.08,6320.0,-0.0,10.0
21:01:01,7165.08,6325.0,-0.0,30.0
21:01:01,7165.08,6330.0,-0.0,196.0
21:01:01,7165.08,6340.0,0.0095,10.0
21:01:01,7165.08,6350.0,-0.0,95.0
21:01:01,7165.08,6360.0,-0.0,58.0
21:01:01,7165.08,6370.0,-0.0,50.0
21:01:01,7165.08,6375.0,-0.0,5.0
21:01:01,7165.08,6380.0,-0.0,44.0
21:01:01,7165.08,6390.0,0.0,11.0
21:01:01,7165.08,6400.0,-0.0,152.0
21:01:01,7165.08,6410.0,-0.0,5.0
21:01:01,7165.08,6420.0,-0.0,14.0
21:01:01,7165.08,6425.0,0.0,52.0
21:01:01,7165.08,6430.0,-0.0573,7.0
21:01:01,7165.08,6440.0,-0.0383,44.0
21:01:01,7165.08,6450.0,-0.0,1068.0
21:01:01,7165.08,6460.0,-0.0,80.0
21:01:01,7165.08,6470.0,-0.0,8.0
21:01:01,7165.08,6475.0,-0.0,3.0
21:01:01,7165.08,6480.0,-0.0,35.0
21:01:01,7165.08,6485.0,0.0043,8.0
21:01:01,7165.08,6490.0,-0.0,5.0
21:01:01,7165.08,6495.0,-0.0092,0.0
21:01:01,7165.08,6500.0,-0.0,70.0
21:01:01,7165.08,6505.0,-0.1222,100.0
21:01:01,7165.08,6510.0,-0.0,118.0
21:01:01,7165.08,6515.0,0.0164,117.0
21:01:01,7165.08,6520.0,-0.0,29.0
21:01:01,7165.08,6525.0,-0.0,4.0
21:01:01,7165.08,6530.0,-0.0,1.0
21:01:01,7165.08,6535.0,-0.0805,64.0
21:01:01,7165.08,6540.0,-0.0,22.0
21:01:01,7165.08,6545.0,-0.0131,58.0
21:01:01,7165.08,6550.0,-0.2663,0.0
21:01:01,7165.08,6555.0,0.0576,27.0
21:01:01,7165.08,6560.0,-0.0,15.0
21:01:01,7165.08,6565.0,-0.0552,3.0
21:01:01,7165.08,6570.0,0.0,1.0
21:01:01,7165.08,6580.0,0.0649,13.0
21:01:01,7165.08,6585.0,-0.0766,48.0
21:01:01,7165.08,6590.0,0.0474,57.0
21:01:01,7165.08,6595.0,-0.0,79.0
21:01:01,7165.08,6600.0,-0.0,4.0
21:01:01,7165.08,6605.0,-0.0,30.0
21:01:01,7165.08,6610.0,0.1515,106.0
21:01:01,7165.08,6615.0,-0.0,95.0
21:01:01,7165.08,6620.0,0.1026,80.0
21:01:01,7165.08,6625.0,0.0,16.0
21:01:01,7165.08,6630.0,-0.0,40.0
21:01:01,7165.08,6635.0,-0.1048,137.0
21:01:01,7165.08,6640.0,0.145,87.0
21:01:01,7165.08,6645.0,-0.1235,27.0
21:01:01,7165.08,6650.0,-0.0,3.0
21:01:01,7165.08,6655.0,-0.1014,70.0
21:01:01,7165.08,6660.0,-0.1662,88.0
21:01:01,7165.08,6665.0,-0.0,6.0
21:01:01,7165.08,6670.0,-0.0568,3.0
21:01:01,7165.08,6675.0,0.0,248.0
21:01:01,7165.08,6680.0,-0.3832,62.0
21:01:01,7165.08,6685.0,-0.0,287.0
21:01:01,7165.08,6690.0,-1.1985,139.0
21:01:01,7165.08,6695.0,-0.0,31.0
21:01:01,7165.08,6700.0,-0.0014,1429.0
21:01:01,7165.08,6705.0,-0.0001,49.0
21:01:01,7165.08,6710.0,-0.5515,565.0
21:01:01,7165.08,6715.0,-0.0002,161.0
21:01:01,7165.08,6720.0,-0.0004,44.0
21:01:01,7165.08,6725.0,-0.0006,1300.0
21:01:01,7165.08,6730.0,-0.0008,63.0
21:01:01,7165.08,6735.0,0.0255,56.0
21:01:01,7165.08,6740.0,-0.0022,181.0
21:01:01,7165.08,6745.0,-0.0006,86.0
21:01:01,7165.08,6750.0,-0.0094,3696.0
21:01:01,7165.08,6755.0,-0.0019,153.0
21:01:01,7165.08,6760.0,-1.966,1867.0
21:01:01,7165.08,6765.0,-0.0031,293.0
21:01:01,7165.08,6770.0,-1.806,136.0
21:01:01,7165.08,6775.0,-0.0042,3448.0
21:01:01,7165.08,6780.0,-0.0111,276.0
21:01:01,7165.08,6785.0,0.0242,130.0
21:01:01,7165.08,6790.0,-0.0215,194.0
21:01:01,7165.08,6795.0,-0.0608,159.0
21:01:01,7165.08,6800.0,-11.7331,2592.0
21:01:01,7165.08,6805.0,-4.2882,347.0
21:01:01,7165.08,6810.0,-3.7409,704.0
21:01:01,7165.08,6815.0,-0.0214,296.0
21:01:01,7165.08,6820.0,-1.649,158.0
21:01:01,7165.08,6825.0,2.1811,1565.0
21:01:01,7165.08,6830.0,-0.0506,188.0
21:01:01,7165.08,6835.0,-0.9594,221.0
21:01:01,7165.08,6840.0,-0.16,1189.0
21:01:01,7165.08,6845.0,-0.2437,4310.0
21:01:01,7165.08,6850.0,-7.8118,4335.0
21:01:01,7165.08,6855.0,-0.413,665.0
21:01:01,7165.08,6860.0,-4.3119,0.0
21:01:01,7165.08,6865.0,-0.6827,0.0
21:01:01,7165.08,6870.0,-0.2721,0.0
21:01:01,7165.08,6875.0,-0.6819,0.0
21:01:01,7165.08,6880.0,-1.0618,0.0
21:01:01,7165.08,6885.0,-13.817,3.0
21:01:01,7165.08,6890.0,-0.825,0.0
21:01:01,7165.08,6895.0,-58.1265,13.0
21:01:01,7165.08,6900.0,-36.6982,0.0
21:01:01,7165.08,6905.0,-2.7141,0.0
21:01:01,7165.08,6910.0,-1.4923,0.0
21:01:01,7165.08,6915.0,-1.2064,82.0
21:01:01,7165.08,6920.0,-0.7761,91.0
21:01:01,7165.08,6925.0,0.7624,791.0
21:01:01,7165.08,6930.0,-5.7977,0.0
21:01:01,7165.08,6935.0,-5.0962,0.0
21:01:01,7165.08,6940.0,1.0832,0.0
21:01:01,7165.08,6945.0,-39.7964,0.0
21:01:01,7165.08,6950.0,-55.891,117.0
21:01:01,7165.08,6955.0,-32.2255,0.0
21:01:01,7165.08,6960.0,-13.141,0.0
21:01:01,7165.08,6965.0,-6.3978,0.0
21:01:01,7165.08,6970.0,-4.1436,0.0
21:01:01,7165.08,6975.0,-15.0898,2648.0
21:01:01,7165.08,6980.0,-14.1651,0.0
21:01:01,7165.08,6985.0,-12.9409,32.0
21:01:01,7165.08,6990.0,-17.337,0.0
21:01:01,7165.08,6995.0,-16.8528,0.0
21:01:01,7165.08,7000.0,-11.9001,0.0
21:01:01,7165.08,7005.0,-126.486,0.0
21:01:01,7165.08,7010.0,-3.803,0.0
21:01:01,7165.08,7015.0,-10.6915,0.0
21:01:01,7165.08,7020.0,-4.5042,0.0
21:01:01,7165.08,7025.0,-23.4067,0.0
21:01:01,7165.08,7030.0,43.0428,0.0
21:01:01,7165.08,7035.0,-20.2507,0.0
21:01:01,7165.08,7040.0,-19.4179,0.0
21:01:01,7165.08,7045.0,308.3998,0.0
21:01:01,7165.08,7050.0,-123.7781,0.0
21:01:01,7165.08,7055.0,-195.4224,0.0
21:01:01,7165.08,7060.0,-22.1311,0.0
21:01:01,7165.08,7065.0,-15.1002,0.0
21:01:01,7165.08,7070.0,3.1324,0.0
21:01:01,7165.08,7075.0,-68.9882,0.0
21:01:01,7165.08,7080.0,-46.3397,0.0
21:01:01,7165.08,7085.0,-23.0963,0.0
21:01:01,7165.08,7090.0,-49.5119,0.0
21:01:01,7165.08,7095.0,-15.3363,0.0
21:01:01,7165.08,7100.0,127.8095,10605.0
21:01:01,7165.08,7105.0,18.294,0.0
21:01:01,7165.08,7110.0,-24.7531,0.0
21:01:01,7165.08,7115.0,22.6923,0.0
21:01:01,7165.08,7120.0,74.7954,0.0
21:01:01,7165.08,7125.0,1.3871,0.0
21:01:01,7165.08,7130.0,1432.7542,0.0
21:01:01,7165.08,7135.0,33.2303,0.0
21:01:01,7165.08,7140.0,281.7618,1894.0
21:01:01,7165.08,7145.0,40.4458,0.0
21:01:01,7165.08,7150.0,95.4028,0.0
21:01:01,7165.08,7155.0,654.3267,0.0
21:01:01,7165.08,7160.0,1144.1108,0.0
21:01:01,7165.08,7165.0,49.9362,0.0
21:01:01,7165.08,7170.0,200.338,0.0
21:01:01,7165.08,7175.0,324.0935,0.0
21:01:01,7165.08,7180.0,122.0941,0.0
21:01:01,7165.08,7185.0,76.5426,0.0
21:01:01,7165.08,7190.0,143.775,0.0
21:01:01,7165.08,7195.0,111.0354,0.0
21:01:01,7165.08,7200.0,681.2964,10217.0
21:01:01,7165.08,7205.0,78.608,0.0
21:01:01,7165.08,7210.0,213.0405,0.0
21:01:01,7165.08,7215.0,117.7262,0.0
21:01:01,7165.08,7220.0,216.5669,0.0
21:01:01,7165.08,7225.0,166.4071,0.0
21:01:01,7165.08,7230.0,178.4028,0.0
21:01:01,7165.08,7235.0,68.8201,0.0
21:01:01,7165.08,7240.0,182.2312,0.0
21:01:01,7165.08,7245.0,89.3606,0.0
21:01:01,7165.08,7250.0,1201.5839,0.0
21:01:01,7165.08,7255.0,447.6,0.0
21:01:01,7165.08,7260.0,120.2444,0.0
21:01:01,7165.08,7265.0,101.798,0.0
21:01:01,7165.08,7270.0,162.8743,0.0
21:01:01,7165.08,7275.0,281.902,0.0
21:01:01,7165.08,7280.0,198.4675,0.0
21:01:01,7165.08,7285.0,46.405,0.0
21:01:01,7165.08,7290.0,104.0849,0.0
21:01:01,7165.08,7295.0,43.9082,0.0
21:01:01,7165.08,7300.0,95.4905,0.0
21:01:01,7165.08,7305.0,6.3165,0.0
21:01:01,7165.08,7310.0,56.9585,0.0
21:01:01,7165.08,7315.0,29.3403,0.0
21:01:01,7165.08,7320.0,72.7014,0.0
21:01:01,7165.08,7325.0,21.8798,0.0
21:01:01,7165.08,7330.0,57.2859,0.0
21:01:01,7165.08,7335.0,0.3669,0.0
21:01:01,7165.08,7340.0,6.7209,0.0
21:01:01,7165.08,7345.0,0.2152,0.0
21:01:01,7165.08,7350.0,29.7588,0.0
21:01:01,7165.08,7360.0,2.9159,247.0
21:01:01,7165.08,7370.0,7.6608,771.0
21:01:01,7165.08,7375.0,25.4988,10617.0
21:01:01,7165.08,7380.0,12.2625,5152.0
21:01:01,7165.08,7390.0,33.0928,2139.0
21:01:01,7165.08,7400.0,15.4658,4230.0
21:01:01,7165.08,7410.0,0.0095,65.0
21:01:01,7165.08,7425.0,4.2126,194.0
21:01:01,7165.08,7450.0,1.5767,474.0
21:01:01,7165.08,7475.0,0.0336,140.0
21:01:01,7165.08,7500.0,0.1662,296.0
21:01:01,7165.08,7550.0,0.0005,0.0
21:01:01,7165.08,7600.0,0.0006,2.0
21:01:01,7165.08,7700.0,0.0001,0.0
21:01:01,7165.08,7800.0,0.0,1.0
21:01:01,7165.08,8000.0,0.0,2.0
21:01:01,7165.08,8800.0,0.0,2.0
21:01:01,7165.08,9200.0,0.0,1.0
21:08:55,7165.08,4600.0,-0.0,4.0
21:08:55,7165.08,5300.0,-0.0,1.0
21:08:55,7165.08,5400.0,-0.0,3.0
21:08:55,7165.08,5500.0,-0.0,1.0
21:08:55,7165.08,5575.0,-0.0,1.0
21:08:55,7165.08,5625.0,-0.0,1.0
21:08:55,7165.08,5650.0,-0.0,1.0
21:08:55,7165.08,5800.0,-0.0,4.0
21:08:55,7165.08,5900.0,-0.0,3.0
21:08:55,7165.08,6000.0,-0.0,24.0
21:08:55,7165.08,6100.0,-0.0,876.0
21:08:55,7165.08,6110.0,-0.0,105.0
21:08:55,7165.08,6120.0,-0.0,81.0
21:08:55,7165.08,6125.0,-0.0,13.0
21:08:55,7165.08,6130.0,-0.0,3.0
21:08:55,7165.08,6140.0,-0.0,100.0
21:08:55,7165.08,6150.0,-0.0,297.0
21:08:55,7165.08,6160.0,-0.0,85.0
21:08:55,7165.08,6170.0,-0.0,87.0
21:08:55,7165.08,6175.0,-0.0,163.0
21:08:55,7165.08,6180.0,-0.0,10.0
21:08:55,7165.08,6190.0,-0.0026,97.0
21:08:55,7165.08,6200.0,-0.0,1177.0
21:08:55,7165.08,6210.0,-0.0984,0.0
21:08:55,7165.08,6220.0,-0.0021,40.0
21:08:55,7165.08,6225.0,-0.0,150.0
21:08:55,7165.08,6230.0,-0.0072,302.0
21:08:55,7165.08,6240.0,-0.0023,60.0
21:08:55,7165.08,6250.0,-0.0,226.0
21:08:55,7165.08,6260.0,-0.0,200.0
21:08:55,7165.08,6270.0,-0.014,101.0
21:08:55,7165.08,6275.0,-0.0,30.0
21:08:55,7165.08,6280.0,0.0002,20.0
21:08:55,7165.08,6290.0,-0.0,38.0
21:08:55,7165.08,6300.0,-0.0,96.0
21:08:55,7165.08,6310.0,-0.0,161.0
21:08:55,7165.08,6320.0,-0.0,10.0
21:08:55,7165.08,6325.0,-0.0,30.0
21:08:55,7165.08,6330.0,-0.0,196.0
21:08:55,7165.08,6340.0,0.0095,10.0
21:08:55,7165.08,6350.0,-0.0,95.0
21:08:55,7165.08,6360.0,-0.0,58.0
21:08:55,7165.08,6370.0,-0.0,50.0
21:08:55,7165.08,6375.0,-0.0,5.0
21:08:55,7165.08,6380.0,-0.0,44.0
21:08:55,7165.08,6390.0,0.0,11.0
21:08:55,7165.08,6400.0,-0.0,152.0
21:08:55,7165.08,6410.0,-0.0,5.0
21:08:55,7165.08,6420.0,-0.0,14.0
21:08:55,7165.08,6425.0,0.0,52.0
21:08:55,7165.08,6430.0,-0.0573,7.0
21:08:55,7165.08,6440.0,-0.0383,44.0
21:08:55,7165.08,6450.0,-0.0,1068.0
21:08:55,7165.08,6460.0,-0.0,80.0
21:08:55,7165.08,6470.0,-0.0,8.0
21:08:55,7165.08,6475.0,-0.0,3.0
21:08:55,7165.08,6480.0,-0.0,35.0
21:08:55,7165.08,6485.0,0.0043,8.0
21:08:55,7165.08,6490.0,-0.0,5.0
21:08:55,7165.08,6495.0,-0.0092,0.0
21:08:55,7165.08,6500.0,-0.0,70.0
21:08:55,7165.08,6505.0,-0.1222,100.0
21:08:55,7165.08,6510.0,-0.0,118.0
21:08:55,7165.08,6515.0,0.0164,117.0
21:08:55,7165.08,6520.0,-0.0,29.0
21:08:55,7165.08,6525.0,-0.0,4.0
21:08:55,7165.08,6530.0,-0.0,1.0
21:08:55,7165.08,6535.0,-0.0805,64.0
21:08:55,7165.08,6540.0,-0.0,22.0
21:08:55,7165.08,6545.0,-0.0131,58.0
21:08:55,7165.08,6550.0,-0.2663,0.0
21:08:55,7165.08,6555.0,0.0576,27.0
21:08:55,7165.08,6560.0,-0.0,15.0
21:08:55,7165.08,6565.0,-0.0552,3.0
21:08:55,7165.08,6570.0,0.0,1.0
21:08:55,7165.08,6580.0,0.0649,13.0
21:08:55,7165.08,6585.0,-0.0766,48.0
21:08:55,7165.08,6590.0,0.0474,57.0
21:08:55,7165.08,6595.0,-0.0,79.0
21:08:55,7165.08,6600.0,-0.0,4.0
21:08:55,7165.08,6605.0,-0.0,30.0
21:08:55,7165.08,6610.0,0.1515,106.0
21:08:55,7165.08,6615.0,-0.0,95.0
21:08:55,7165.08,6620.0,0.1026,80.0
21:08:55,7165.08,6625.0,0.0,16.0
21:08:55,7165.08,6630.0,-0.0,40.0
21:08:55,7165.08,6635.0,-0.1048,137.0
21:08:55,7165.08,6640.0,0.145,87.0
21:08:55,7165.08,6645.0,-0.1235,27.0
21:08:55,7165.08,6650.0,-0.0,3.0
21:08:55,7165.08,6655.0,-0.1014,70.0
21:08:55,7165.08,6660.0,-0.1662,88.0
21:08:55,7165.08,6665.0,-0.0,6.0
21:08:55,7165.08,6670.0,-0.0568,3.0
21:08:55,7165.08,6675.0,0.0,248.0
21:08:55,7165.08,6680.0,-0.3832,62.0
21:08:55,7165.08,6685.0,-0.0,287.0
21:08:55,7165.08,6690.0,-1.1985,139.0
21:08:55,7165.08,6695.0,-0.0,31.0
21:08:55,7165.08,6700.0,-0.0014,1429.0
21:08:55,7165.08,6705.0,-0.0001,49.0
21:08:55,7165.08,6710.0,-0.5515,565.0
21:08:55,7165.08,6715.0,-0.0002,161.0
21:08:55,7165.08,6720.0,-0.0004,44.0
21:08:55,7165.08,6725.0,-0.0006,1300.0
21:08:55,7165.08,6730.0,-0.0008,63.0
21:08:55,7165.08,6735.0,0.0255,56.0
21:08:55,7165.08,6740.0,-0.0022,181.0
21:08:55,7165.08,6745.0,-0.0006,86.0
21:08:55,7165.08,6750.0,-0.0094,3696.0
21:08:55,7165.08,6755.0,-0.0019,153.0
21:08:55,7165.08,6760.0,-1.966,1867.0
21:08:55,7165.08,6765.0,-0.0031,293.0
21:08:55,7165.08,6770.0,-1.806,136.0
21:08:55,7165.08,6775.0,-0.0042,3448.0
21:08:55,7165.08,6780.0,-0.0111,276.0
21:08:55,7165.08,6785.0,0.0242,130.0
21:08:55,7165.08,6790.0,-0.0215,194.0
21:08:55,7165.08,6795.0,-0.0608,159.0
21:08:55,7165.08,6800.0,-11.7331,2592.0
21:08:55,7165.08,6805.0,-4.2882,347.0
21:08:55,7165.08,6810.0,-3.7409,704.0
21:08:55,7165.08,6815.0,-0.0214,296.0
21:08:55,7165.08,6820.0,-1.649,158.0
21:08:55,7165.08,6825.0,2.1811,1565.0
21:08:55,7165.08,6830.0,-0.0506,188.0
21:08:55,7165.08,6835.0,-0.9594,221.0
21:08:55,7165.08,6840.0,-0.16,1189.0
21:08:55,7165.08,6845.0,-0.2437,4310.0
21:08:55,7165.08,6850.0,-7.8118,4335.0
21:08:55,7165.08,6855.0,-0.413,665.0
21:08:55,7165.08,6860.0,-4.3119,0.0
21:08:55,7165.08,6865.0,-0.6827,0.0
21:08:55,7165.08,6870.0,-0.2721,0.0
21:08:55,7165.08,6875.0,-0.6819,0.0
21:08:55,7165.08,6880.0,-1.0618,0.0
21:08:55,7165.08,6885.0,-13.817,3.0
21:08:55,7165.08,6890.0,-0.825,0.0
21:08:55,7165.08,6895.0,-58.1265,13.0
21:08:55,7165.08,6900.0,-36.6982,0.0
21:08:55,7165.08,6905.0,-2.7141,0.0
21:08:55,7165.08,6910.0,-1.4923,0.0
21:08:55,7165.08,6915.0,-1.2064,82.0
21:08:55,7165.08,6920.0,-0.7761,91.0
21:08:55,7165.08,6925.0,0.7624,791.0
21:08:55,7165.08,6930.0,-5.7977,0.0
21:08:55,7165.08,6935.0,-5.0962,0.0
21:08:55,7165.08,6940.0,1.0832,0.0
21:08:55,7165.08,6945.0,-39.7964,0.0
21:08:55,7165.08,6950.0,-55.891,117.0
21:08:55,7165.08,6955.0,-32.2255,0.0
21:08:55,7165.08,6960.0,-13.141,0.0
21:08:55,7165.08,6965.0,-6.3978,0.0
21:08:55,7165.08,6970.0,-4.1436,0.0
21:08:55,7165.08,6975.0,-15.0898,2648.0
21:08:55,7165.08,6980.0,-14.1651,0.0
21:08:55,7165.08,6985.0,-12.9409,32.0
21:08:55,7165.08,6990.0,-17.337,0.0
21:08:55,7165.08,6995.0,-16.8528,0.0
21:08:55,7165.08,7000.0,-11.9001,0.0
21:08:55,7165.08,7005.0,-126.486,0.0
21:08:55,7165.08,7010.0,-3.803,0.0
21:08:55,7165.08,7015.0,-10.6915,0.0
21:08:55,7165.08,7020.0,-4.5042,0.0
21:08:55,7165.08,7025.0,-23.4067,0.0
21:08:55,7165.08,7030.0,43.0428,0.0
21:08:55,7165.08,7035.0,-20.2507,0.0
21:08:55,7165.08,7040.0,-19.4179,0.0
21:08:55,7165.08,7045.0,308.3998,0.0
21:08:55,7165.08,7050.0,-123.7781,0.0
21:08:55,7165.08,7055.0,-195.4224,0.0
21:08:55,7165.08,7060.0,-22.1311,0.0
21:08:55,7165.08,7065.0,-15.1002,0.0
21:08:55,7165.08,7070.0,3.1324,0.0
21:08:55,7165.08,7075.0,-68.9882,0.0
21:08:55,7165.08,7080.0,-46.3397,0.0
21:08:55,7165.08,7085.0,-23.0963,0.0
21:08:55,7165.08,7090.0,-49.5119,0.0
21:08:55,7165.08,7095.0,-15.3363,0.0
21:08:55,7165.08,7100.0,127.8095,10605.0
21:08:55,7165.08,7105.0,18.294,0.0
21:08:55,7165.08,7110.0,-24.7531,0.0
21:08:55,7165.08,7115.0,22.6923,0.0
21:08:55,7165.08,7120.0,74.7954,0.0
21:08:55,7165.08,7125.0,1.3871,0.0
21:08:55,7165.08,7130.0,1432.7542,0.0
21:08:55,7165.08,7135.0,33.2303,0.0
21:08:55,7165.08,7140.0,281.7618,1894.0
21:08:55,7165.08,7145.0,40.4458,0.0
21:08:55,7165.08,7150.0,95.4028,0.0
21:08:55,7165.08,7155.0,654.3267,0.0
21:08:55,7165.08,7160.0,1144.1108,0.0
21:08:55,7165.08,7165.0,49.9362,0.0
21:08:55,7165.08,7170.0,200.338,0.0
21:08:55,7165.08,7175.0,324.0935,0.0
21:08:55,7165.08,7180.0,122.0941,0.0
21:08:55,7165.08,7185.0,76.5426,0.0
21:08:55,7165.08,7190.0,143.775,0.0
21:08:55,7165.08,7195.0,111.0354,0.0
21:08:55,7165.08,7200.0,681.2964,10217.0
21:08:55,7165.08,7205.0,78.608,0.0
21:08:55,7165.08,7210.0,213.0405,0.0
21:08:55,7165.08,7215.0,117.7262,0.0
21:08:55,7165.08,7220.0,216.5669,0.0
21:08:55,7165.08,7225.0,166.4071,0.0
21:08:55,7165.08,7230.0,178.4028,0.0
21:08:55,7165.08,7235.0,68.8201,0.0
21:08:55,7165.08,7240.0,182.2312,0.0
21:08:55,7165.08,7245.0,89.3606,0.0
21:08:55,7165.08,7250.0,1201.5839,0.0
21:08:55,7165.08,7255.0,447.6,0.0
21:08:55,7165.08,7260.0,120.2444,0.0
21:08:55,7165.08,7265.0,101.798,0.0
21:08:55,7165.08,7270.0,162.8743,0.0
21:08:55,7165.08,7275.0,281.902,0.0
21:08:55,7165.08,7280.0,198.4675,0.0
21:08:55,7165.08,7285.0,46.405,0.0
21:08:55,7165.08,7290.0,104.0849,0.0
21:08:55,7165.08,7295.0,43.9082,0.0
21:08:55,7165.08,7300.0,95.4905,0.0
21:08:55,7165.08,7305.0,6.3165,0.0
21:08:55,7165.08,7310.0,56.9585,0.0
21:08:55,7165.08,7315.0,29.3403,0.0
21:08:55,7165.08,7320.0,72.7014,0.0
21:08:55,7165.08,7325.0,21.8798,0.0
21:08:55,7165.08,7330.0,57.2859,0.0
21:08:55,7165.08,7335.0,0.3669,0.0
21:08:55,7165.08,7340.0,6.7209,0.0
21:08:55,7165.08,7345.0,0.2152,0.0
21:08:55,7165.08,7350.0,29.7588,0.0
21:08:55,7165.08,7360.0,2.9159,247.0
21:08:55,7165.08,7370.0,7.6608,771.0
21:08:55,7165.08,7375.0,25.4988,10617.0
21:08:55,7165.08,7380.0,12.2625,5152.0
21:08:55,7165.08,7390.0,33.0928,2139.0
21:08:55,7165.08,7400.0,15.4658,4230.0
21:08:55,7165.08,7410.0,0.0095,65.0
21:08:55,7165.08,7425.0,4.2126,194.0
21:08:55,7165.08,7450.0,1.5767,474.0
21:08:55,7165.08,7475.0,0.0336,140.0
21:08:55,7165.08,7500.0,0.1662,296.0
21:08:55,7165.08,7550.0,0.0005,0.0
21:08:55,7165.08,7600.0,0.0006,2.0
21:08:55,7165.08,7700.0,0.0001,0.0
21:08:55,7165.08,7800.0,0.0,1.0
21:08:55,7165.08,8000.0,0.0,2.0
21:08:55,7165.08,8800.0,0.0,2.0
21:08:55,7165.08,9200.0,0.0,1.0
21:25:37,7165.08,4600.0,-0.0,4.0
21:25:37,7165.08,5300.0,-0.0,1.0
21:25:37,7165.08,5400.0,-0.0,3.0
21:25:37,7165.08,5500.0,-0.0,1.0
21:25:37,7165.08,5575.0,-0.0,1.0
21:25:37,7165.08,5625.0,-0.0,1.0
21:25:37,7165.08,5650.0,-0.0,1.0
21:25:37,7165.08,5800.0,-0.0,4.0
21:25:37,7165.08,5900.0,-0.0,3.0
21:25:37,7165.08,6000.0,-0.0,24.0
21:25:37,7165.08,6100.0,-0.0,876.0
21:25:37,7165.08,6110.0,-0.0,105.0
21:25:37,7165.08,6120.0,-0.0,81.0
21:25:37,7165.08,6125.0,-0.0,13.0
21:25:37,7165.08,6130.0,-0.0,3.0
21:25:37,7165.08,6140.0,-0.0,100.0
21:25:37,7165.08,6150.0,-0.0,297.0
21:25:37,7165.08,6160.0,-0.0,85.0
21:25:37,7165.08,6170.0,-0.0,87.0
21:25:37,7165.08,6175.0,-0.0,163.0
21:25:37,7165.08,6180.0,-0.0,10.0
21:25:37,7165.08,6190.0,-0.0026,97.0
21:25:37,7165.08,6200.0,-0.0,1177.0
21:25:37,7165.08,6210.0,-0.0984,0.0
21:25:37,7165.08,6220.0,-0.0021,40.0
21:25:37,7165.08,6225.0,-0.0,150.0
21:25:37,7165.08,6230.0,-0.0072,302.0
21:25:37,7165.08,6240.0,-0.0023,60.0
21:25:37,7165.08,6250.0,-0.0,226.0
21:25:37,7165.08,6260.0,-0.0,200.0
21:25:37,7165.08,6270.0,-0.014,101.0
21:25:37,7165.08,6275.0,-0.0,30.0
21:25:37,7165.08,6280.0,0.0002,20.0
21:25:37,7165.08,6290.0,-0.0,38.0
21:25:37,7165.08,6300.0,-0.0,96.0
21:25:37,7165.08,6310.0,-0.0,161.0
21:25:37,7165.08,6320.0,-0.0,10.0
21:25:37,7165.08,6325.0,-0.0,30.0
21:25:37,7165.08,6330.0,-0.0,196.0
21:25:37,7165.08,6340.0,0.0095,10.0
21:25:37,7165.08,6350.0,-0.0,95.0
21:25:37,7165.08,6360.0,-0.0,58.0
21:25:37,7165.08,6370.0,-0.0,50.0
21:25:37,7165.08,6375.0,-0.0,5.0
21:25:37,7165.08,6380.0,-0.0,44.0
21:25:37,7165.08,6390.0,0.0,11.0
21:25:37,7165.08,6400.0,-0.0,152.0
21:25:37,7165.08,6410.0,-0.0,5.0
21:25:37,7165.08,6420.0,-0.0,14.0
21:25:37,7165.08,6425.0,0.0,52.0
21:25:37,7165.08,6430.0,-0.0573,7.0
21:25:37,7165.08,6440.0,-0.0383,44.0
21:25:37,7165.08,6450.0,-0.0,1068.0
21:25:37,7165.08,6460.0,-0.0,80.0
21:25:37,7165.08,6470.0,-0.0,8.0
21:25:37,7165.08,6475.0,-0.0,3.0
21:25:37,7165.08,6480.0,-0.0,35.0
21:25:37,7165.08,6485.0,0.0043,8.0
21:25:37,7165.08,6490.0,-0.0,5.0
21:25:37,7165.08,6495.0,-0.0092,0.0
21:25:37,7165.08,6500.0,-0.0,70.0
21:25:37,7165.08,6505.0,-0.1222,100.0
21:25:37,7165.08,6510.0,-0.0,118.0
21:25:37,7165.08,6515.0,0.0164,117.0
21:25:37,7165.08,6520.0,-0.0,29.0
21:25:37,7165.08,6525.0,-0.0,4.0
21:25:37,7165.08,6530.0,-0.0,1.0
21:25:37,7165.08,6535.0,-0.0805,64.0
21:25:37,7165.08,6540.0,-0.0,22.0
21:25:37,7165.08,6545.0,-0.0131,58.0
21:25:37,7165.08,6550.0,-0.2663,0.0
21:25:37,7165.08,6555.0,0.0576,27.0
21:25:37,7165.08,6560.0,-0.0,15.0
21:25:37,7165.08,6565.0,-0.0552,3.0
21:25:37,7165.08,6570.0,0.0,1.0
21:25:37,7165.08,6580.0,0.0649,13.0
21:25:37,7165.08,6585.0,-0.0766,48.0
21:25:37,7165.08,6590.0,0.0474,57.0
21:25:37,7165.08,6595.0,-0.0,79.0
21:25:37,7165.08,6600.0,-0.0,4.0
21:25:37,7165.08,6605.0,-0.0,30.0
21:25:37,7165.08,6610.0,0.1515,106.0
21:25:37,7165.08,6615.0,-0.0,95.0
21:25:37,7165.08,6620.0,0.1026,80.0
21:25:37,7165.08,6625.0,0.0,16.0
21:25:37,7165.08,6630.0,-0.0,40.0
21:25:37,7165.08,6635.0,-0.1048,137.0
21:25:37,7165.08,6640.0,0.145,87.0
21:25:37,7165.08,6645.0,-0.1235,27.0
21:25:37,7165.08,6650.0,-0.0,3.0
21:25:37,7165.08,6655.0,-0.1014,70.0
21:25:37,7165.08,6660.0,-0.1662,88.0
21:25:37,7165.08,6665.0,-0.0,6.0
21:25:37,7165.08,6670.0,-0.0568,3.0
21:25:37,7165.08,6675.0,0.0,248.0
21:25:37,7165.08,6680.0,-0.3832,62.0
21:25:37,7165.08,6685.0,-0.0,287.0
21:25:37,7165.08,6690.0,-1.1985,139.0
21:25:37,7165.08,6695.0,-0.0,31.0
21:25:37,7165.08,6700.0,-0.0014,1429.0
21:25:37,7165.08,6705.0,-0.0001,49.0
21:25:37,7165.08,6710.0,-0.5515,565.0
21:25:37,7165.08,6715.0,-0.0002,161.0
21:25:37,7165.08,6720.0,-0.0004,44.0
21:25:37,7165.08,6725.0,-0.0006,1300.0
21:25:37,7165.08,6730.0,-0.0008,63.0
21:25:37,7165.08,6735.0,0.0255,56.0
21:25:37,7165.08,6740.0,-0.0022,181.0
21:25:37,7165.08,6745.0,-0.0006,86.0
21:25:37,7165.08,6750.0,-0.0094,3696.0
21:25:37,7165.08,6755.0,-0.0019,153.0
21:25:37,7165.08,6760.0,-1.966,1867.0
21:25:37,7165.08,6765.0,-0.0031,293.0
21:25:37,7165.08,6770.0,-1.806,136.0
21:25:37,7165.08,6775.0,-0.0042,3448.0
21:25:37,7165.08,6780.0,-0.0111,276.0
21:25:37,7165.08,6785.0,0.0242,130.0
21:25:37,7165.08,6790.0,-0.0215,194.0
21:25:37,7165.08,6795.0,-0.0608,159.0
21:25:37,7165.08,6800.0,-11.7331,2592.0
21:25:37,7165.08,6805.0,-4.2882,347.0
21:25:37,7165.08,6810.0,-3.7409,704.0
21:25:37,7165.08,6815.0,-0.0214,296.0
21:25:37,7165.08,6820.0,-1.649,158.0
21:25:37,7165.08,6825.0,2.1811,1565.0
21:25:37,7165.08,6830.0,-0.0506,188.0
21:25:37,7165.08,6835.0,-0.9594,221.0
21:25:37,7165.08,6840.0,-0.16,1189.0
21:25:37,7165.08,6845.0,-0.2437,4310.0
21:25:37,7165.08,6850.0,-7.8118,4335.0
21:25:37,7165.08,6855.0,-0.413,665.0
21:25:37,7165.08,6860.0,-4.3119,0.0
21:25:37,7165.08,6865.0,-0.6827,0.0
21:25:37,7165.08,6870.0,-0.2721,0.0
21:25:37,7165.08,6875.0,-0.6819,0.0
21:25:37,7165.08,6880.0,-1.0618,0.0
21:25:37,7165.08,6885.0,-13.817,3.0
21:25:37,7165.08,6890.0,-0.825,0.0
21:25:37,7165.08,6895.0,-58.1265,13.0
21:25:37,7165.08,6900.0,-36.6982,0.0
21:25:37,7165.08,6905.0,-2.7141,0.0
21:25:37,7165.08,6910.0,-1.4923,0.0
21:25:37,7165.08,6915.0,-1.2064,82.0
21:25:37,7165.08,6920.0,-0.7761,91.0
21:25:37,7165.08,6925.0,0.7624,791.0
21:25:37,7165.08,6930.0,-5.7977,0.0
21:25:37,7165.08,6935.0,-5.0962,0.0
21:25:37,7165.08,6940.0,1.0832,0.0
21:25:37,7165.08,6945.0,-39.7964,0.0
21:25:37,7165.08,6950.0,-55.891,117.0
21:25:37,7165.08,6955.0,-32.2255,0.0
21:25:37,7165.08,6960.0,-13.141,0.0
21:25:37,7165.08,6965.0,-6.3978,0.0
21:25:37,7165.08,6970.0,-4.1436,0.0
21:25:37,7165.08,6975.0,-15.0898,2648.0
21:25:37,7165.08,6980.0,-14.1651,0.0
21:25:37,7165.08,6985.0,-12.9409,32.0
21:25:37,7165.08,6990.0,-17.337,0.0
21:25:37,7165.08,6995.0,-16.8528,0.0
21:25:37,7165.08,7000.0,-11.9001,0.0
21:25:37,7165.08,7005.0,-126.486,0.0
21:25:37,7165.08,7010.0,-3.803,0.0
21:25:37,7165.08,7015.0,-10.6915,0.0
21:25:37,7165.08,7020.0,-4.5042,0.0
21:25:37,7165.08,7025.0,-23.4067,0.0
21:25:37,7165.08,7030.0,43.0428,0.0
21:25:37,7165.08,7035.0,-20.2507,0.0
21:25:37,7165.08,7040.0,-19.4179,0.0
21:25:37,7165.08,7045.0,308.3998,0.0
21:25:37,7165.08,7050.0,-123.7781,0.0
21:25:37,7165.08,7055.0,-195.4224,0.0
21:25:37,7165.08,7060.0,-22.1311,0.0
21:25:37,7165.08,7065.0,-15.1002,0.0
21:25:37,7165.08,7070.0,3.1324,0.0
21:25:37,7165.08,7075.0,-68.9882,0.0
21:25:37,7165.08,7080.0,-46.3397,0.0
21:25:37,7165.08,7085.0,-23.0963,0.0
21:25:37,7165.08,7090.0,-49.5119,0.0
21:25:37,7165.08,7095.0,-15.3363,0.0
21:25:37,7165.08,7100.0,127.8095,10605.0
21:25:37,7165.08,7105.0,18.294,0.0
21:25:37,7165.08,7110.0,-24.7531,0.0
21:25:37,7165.08,7115.0,22.6923,0.0
21:25:37,7165.08,7120.0,74.7954,0.0
21:25:37,7165.08,7125.0,1.3871,0.0
21:25:37,7165.08,7130.0,1432.7542,0.0
21:25:37,7165.08,7135.0,33.2303,0.0
21:25:37,7165.08,7140.0,281.7618,1894.0
21:25:37,7165.08,7145.0,40.4458,0.0
21:25:37,7165.08,7150.0,95.4028,0.0
21:25:37,7165.08,7155.0,654.3267,0.0
21:25:37,7165.08,7160.0,1144.1108,0.0
21:25:37,7165.08,7165.0,49.9362,0.0
21:25:37,7165.08,7170.0,200.338,0.0
21:25:37,7165.08,7175.0,324.0935,0.0
21:25:37,7165.08,7180.0,122.0941,0.0
21:25:37,7165.08,7185.0,76.5426,0.0
21:25:37,7165.08,7190.0,143.775,0.0
21:25:37,7165.08,7195.0,111.0354,0.0
21:25:37,7165.08,7200.0,681.2964,10217.0
21:25:37,7165.08,7205.0,78.608,0.0
21:25:37,7165.08,7210.0,213.0405,0.0
21:25:37,7165.08,7215.0,117.7262,0.0
21:25:37,7165.08,7220.0,216.5669,0.0
21:25:37,7165.08,7225.0,166.4071,0.0
21:25:37,7165.08,7230.0,178.4028,0.0
21:25:37,7165.08,7235.0,68.8201,0.0
21:25:37,7165.08,7240.0,182.2312,0.0
21:25:37,7165.08,7245.0,89.3606,0.0
21:25:37,7165.08,7250.0,1201.5839,0.0
21:25:37,7165.08,7255.0,447.6,0.0
21:25:37,7165.08,7260.0,120.2444,0.0
21:25:37,7165.08,7265.0,101.798,0.0
21:25:37,7165.08,7270.0,162.8743,0.0
21:25:37,7165.08,7275.0,281.902,0.0
21:25:37,7165.08,7280.0,198.4675,0.0
21:25:37,7165.08,7285.0,46.405,0.0
21:25:37,7165.08,7290.0,104.0849,0.0
21:25:37,7165.08,7295.0,43.9082,0.0
21:25:37,7165.08,7300.0,95.4905,0.0
21:25:37,7165.08,7305.0,6.3165,0.0
21:25:37,7165.08,7310.0,56.9585,0.0
21:25:37,7165.08,7315.0,29.3403,0.0
21:25:37,7165.08,7320.0,72.7014,0.0
21:25:37,7165.08,7325.0,21.8798,0.0
21:25:37,7165.08,7330.0,57.2859,0.0
21:25:37,7165.08,7335.0,0.3669,0.0
21:25:37,7165.08,7340.0,6.7209,0.0
21:25:37,7165.08,7345.0,0.2152,0.0
21:25:37,7165.08,7350.0,29.7588,0.0
21:25:37,7165.08,7360.0,2.9159,247.0
21:25:37,7165.08,7370.0,7.6608,771.0
21:25:37,7165.08,7375.0,25.4988,10617.0
21:25:37,7165.08,7380.0,12.2625,5152.0
21:25:37,7165.08,7390.0,33.0928,2139.0
21:25:37,7165.08,7400.0,15.4658,4230.0
21:25:37,7165.08,7410.0,0.0095,65.0
21:25:37,7165.08,7425.0,4.2126,194.0
21:25:37,7165.08,7450.0,1.5767,474.0
21:25:37,7165.08,7475.0,0.0336,140.0
21:25:37,7165.08,7500.0,0.1662,296.0
21:25:37,7165.08,7550.0,0.0005,0.0
21:25:37,7165.08,7600.0,0.0006,2.0
21:25:37,7165.08,7700.0,0.0001,0.0
21:25:37,7165.08,7800.0,0.0,1.0
21:25:37,7165.08,8000.0,0.0,2.0
21:25:37,7165.08,8800.0,0.0,2.0
21:25:37,7165.08,9200.0,0.0,1.0
21:52:31,7165.08,4600.0,-0.0,4.0
21:52:31,7165.08,5300.0,-0.0,1.0
21:52:31,7165.08,5400.0,-0.0,3.0
21:52:31,7165.08,5500.0,-0.0,1.0
21:52:31,7165.08,5575.0,-0.0,1.0
21:52:31,7165.08,5625.0,-0.0,1.0
21:52:31,7165.08,5650.0,-0.0,1.0
21:52:31,7165.08,5800.0,-0.0,4.0
21:52:31,7165.08,5900.0,-0.0,3.0
21:52:31,7165.08,6000.0,-0.0,24.0
21:52:31,7165.08,6100.0,-0.0,876.0
21:52:31,7165.08,6110.0,-0.0,105.0
21:52:31,7165.08,6120.0,-0.0,81.0
21:52:31,7165.08,6125.0,-0.0,13.0
21:52:31,7165.08,6130.0,-0.0,3.0
21:52:31,7165.08,6140.0,-0.0,100.0
21:52:31,7165.08,6150.0,-0.0,297.0
21:52:31,7165.08,6160.0,-0.0,85.0
21:52:31,7165.08,6170.0,-0.0,87.0
21:52:31,7165.08,6175.0,-0.0,163.0
21:52:31,7165.08,6180.0,-0.0,10.0
21:52:31,7165.08,6190.0,-0.0026,97.0
21:52:31,7165.08,6200.0,-0.0,1177.0
21:52:31,7165.08,6210.0,-0.0984,0.0
21:52:31,7165.08,6220.0,-0.0021,40.0
21:52:31,7165.08,6225.0,-0.0,150.0
21:52:31,7165.08,6230.0,-0.0072,302.0
21:52:31,7165.08,6240.0,-0.0023,60.0
21:52:31,7165.08,6250.0,-0.0,226.0
21:52:31,7165.08,6260.0,-0.0,200.0
21:52:31,7165.08,6270.0,-0.014,101.0
21:52:31,7165.08,6275.0,-0.0,30.0
21:52:31,7165.08,6280.0,0.0002,20.0
21:52:31,7165.08,6290.0,-0.0,38.0
21:52:31,7165.08,6300.0,-0.0,96.0
21:52:31,7165.08,6310.0,-0.0,161.0
21:52:31,7165.08,6320.0,-0.0,10.0
21:52:31,7165.08,6325.0,-0.0,30.0
21:52:31,7165.08,6330.0,-0.0,196.0
21:52:31,7165.08,6340.0,0.0095,10.0
21:52:31,7165.08,6350.0,-0.0,95.0
21:52:31,7165.08,6360.0,-0.0,58.0
21:52:31,7165.08,6370.0,-0.0,50.0
21:52:31,7165.08,6375.0,-0.0,5.0
21:52:31,7165.08,6380.0,-0.0,44.0
21:52:31,7165.08,6390.0,0.0,11.0
21:52:31,7165.08,6400.0,-0.0,152.0
21:52:31,7165.08,6410.0,-0.0,5.0
21:52:31,7165.08,6420.0,-0.0,14.0
21:52:31,7165.08,6425.0,0.0,52.0
21:52:31,7165.08,6430.0,-0.0573,7.0
21:52:31,7165.08,6440.0,-0.0383,44.0
21:52:31,7165.08,6450.0,-0.0,1068.0
21:52:31,7165.08,6460.0,-0.0,80.0
21:52:31,7165.08,6470.0,-0.0,8.0
21:52:31,7165.08,6475.0,-0.0,3.0
21:52:31,7165.08,6480.0,-0.0,35.0
21:52:31,7165.08,6485.0,0.0043,8.0
21:52:31,7165.08,6490.0,-0.0,5.0
21:52:31,7165.08,6495.0,-0.0092,0.0
21:52:31,7165.08,6500.0,-0.0,70.0
21:52:31,7165.08,6505.0,-0.1222,100.0
21:52:31,7165.08,6510.0,-0.0,118.0
21:52:31,7165.08,6515.0,0.0164,117.0
21:52:31,7165.08,6520.0,-0.0,29.0
21:52:31,7165.08,6525.0,-0.0,4.0
21:52:31,7165.08,6530.0,-0.0,1.0
21:52:31,7165.08,6535.0,-0.0805,64.0
21:52:31,7165.08,6540.0,-0.0,22.0
21:52:31,7165.08,6545.0,-0.0131,58.0
21:52:31,7165.08,6550.0,-0.2663,0.0
21:52:31,7165.08,6555.0,0.0576,27.0
21:52:31,7165.08,6560.0,-0.0,15.0
21:52:31,7165.08,6565.0,-0.0552,3.0
21:52:31,7165.08,6570.0,0.0,1.0
21:52:31,7165.08,6580.0,0.0649,13.0
21:52:31,7165.08,6585.0,-0.0766,48.0
21:52:31,7165.08,6590.0,0.0474,57.0
21:52:31,7165.08,6595.0,-0.0,79.0
21:52:31,7165.08,6600.0,-0.0,4.0
21:52:31,7165.08,6605.0,-0.0,30.0
21:52:31,7165.08,6610.0,0.1515,106.0
21:52:31,7165.08,6615.0,-0.0,95.0
21:52:31,7165.08,6620.0,0.1026,80.0
21:52:31,7165.08,6625.0,0.0,16.0
21:52:31,7165.08,6630.0,-0.0,40.0
21:52:31,7165.08,6635.0,-0.1048,137.0
21:52:31,7165.08,6640.0,0.145,87.0
21:52:31,7165.08,6645.0,-0.1235,27.0
21:52:31,7165.08,6650.0,-0.0,3.0
21:52:31,7165.08,6655.0,-0.1014,70.0
21:52:31,7165.08,6660.0,-0.1662,88.0
21:52:31,7165.08,6665.0,-0.0,6.0
21:52:31,7165.08,6670.0,-0.0568,3.0
21:52:31,7165.08,6675.0,0.0,248.0
21:52:31,7165.08,6680.0,-0.3832,62.0
21:52:31,7165.08,6685.0,-0.0,287.0
21:52:31,7165.08,6690.0,-1.1985,139.0
21:52:31,7165.08,6695.0,-0.0,31.0
21:52:31,7165.08,6700.0,-0.0014,1429.0
21:52:31,7165.08,6705.0,-0.0001,49.0
21:52:31,7165.08,6710.0,-0.5515,565.0
21:52:31,7165.08,6715.0,-0.0002,161.0
21:52:31,7165.08,6720.0,-0.0004,44.0
21:52:31,7165.08,6725.0,-0.0006,1300.0
21:52:31,7165.08,6730.0,-0.0008,63.0
21:52:31,7165.08,6735.0,0.0255,56.0
21:52:31,7165.08,6740.0,-0.0022,181.0
21:52:31,7165.08,6745.0,-0.0006,86.0
21:52:31,7165.08,6750.0,-0.0094,3696.0
21:52:31,7165.08,6755.0,-0.0019,153.0
21:52:31,7165.08,6760.0,-1.966,1867.0
21:52:31,7165.08,6765.0,-0.0031,293.0
21:52:31,7165.08,6770.0,-1.806,136.0
21:52:31,7165.08,6775.0,-0.0042,3448.0
21:52:31,7165.08,6780.0,-0.0111,276.0
21:52:31,7165.08,6785.0,0.0242,130.0
21:52:31,7165.08,6790.0,-0.0215,194.0
21:52:31,7165.08,6795.0,-0.0608,159.0
21:52:31,7165.08,6800.0,-11.7331,2592.0
21:52:31,7165.08,6805.0,-4.2882,347.0
21:52:31,7165.08,6810.0,-3.7409,704.0
21:52:31,7165.08,6815.0,-0.0214,296.0
21:52:31,7165.08,6820.0,-1.649,158.0
21:52:31,7165.08,6825.0,2.1811,1565.0
21:52:31,7165.08,6830.0,-0.0506,188.0
21:52:31,7165.08,6835.0,-0.9594,221.0
21:52:31,7165.08,6840.0,-0.16,1189.0
21:52:31,7165.08,6845.0,-0.2437,4310.0
21:52:31,7165.08,6850.0,-7.8118,4335.0
21:52:31,7165.08,6855.0,-0.413,665.0
21:52:31,7165.08,6860.0,-4.3119,0.0
21:52:31,7165.08,6865.0,-0.6827,0.0
21:52:31,7165.08,6870.0,-0.2721,0.0
21:52:31,7165.08,6875.0,-0.6819,0.0
21:52:31,7165.08,6880.0,-1.0618,0.0
21:52:31,7165.08,6885.0,-13.817,3.0
21:52:31,7165.08,6890.0,-0.825,0.0
21:52:31,7165.08,6895.0,-58.1265,13.0
21:52:31,7165.08,6900.0,-36.6982,0.0
21:52:31,7165.08,6905.0,-2.7141,0.0
21:52:31,7165.08,6910.0,-1.4923,0.0
21:52:31,7165.08,6915.0,-1.2064,82.0
21:52:31,7165.08,6920.0,-0.7761,91.0
21:52:31,7165.08,6925.0,0.7624,791.0
21:52:31,7165.08,6930.0,-5.7977,0.0
21:52:31,7165.08,6935.0,-5.0962,0.0
21:52:31,7165.08,6940.0,1.0832,0.0
21:52:31,7165.08,6945.0,-39.7964,0.0
21:52:31,7165.08,6950.0,-55.891,117.0
21:52:31,7165.08,6955.0,-32.2255,0.0
21:52:31,7165.08,6960.0,-13.141,0.0
21:52:31,7165.08,6965.0,-6.3978,0.0
21:52:31,7165.08,6970.0,-4.1436,0.0
21:52:31,7165.08,6975.0,-15.0898,2648.0
21:52:31,7165.08,6980.0,-14.1651,0.0
21:52:31,7165.08,6985.0,-12.9409,32.0
21:52:31,7165.08,6990.0,-17.337,0.0
21:52:31,7165.08,6995.0,-16.8528,0.0
21:52:31,7165.08,7000.0,-11.9001,0.0
21:52:31,7165.08,7005.0,-126.486,0.0
21:52:31,7165.08,7010.0,-3.803,0.0
21:52:31,7165.08,7015.0,-10.6915,0.0
21:52:31,7165.08,7020.0,-4.5042,0.0
21:52:31,7165.08,7025.0,-23.4067,0.0
21:52:31,7165.08,7030.0,43.0428,0.0
21:52:31,7165.08,7035.0,-20.2507,0.0
21:52:31,7165.08,7040.0,-19.4179,0.0
21:52:31,7165.08,7045.0,308.3998,0.0
21:52:31,7165.08,7050.0,-123.7781,0.0
21:52:31,7165.08,7055.0,-195.4224,0.0
21:52:31,7165.08,7060.0,-22.1311,0.0
21:52:31,7165.08,7065.0,-15.1002,0.0
21:52:31,7165.08,7070.0,3.1324,0.0
21:52:31,7165.08,7075.0,-68.9882,0.0
21:52:31,7165.08,7080.0,-46.3397,0.0
21:52:31,7165.08,7085.0,-23.0963,0.0
21:52:31,7165.08,7090.0,-49.5119,0.0
21:52:31,7165.08,7095.0,-15.3363,0.0
21:52:31,7165.08,7100.0,127.8095,10605.0
21:52:31,7165.08,7105.0,18.294,0.0
21:52:31,7165.08,7110.0,-24.7531,0.0
21:52:31,7165.08,7115.0,22.6923,0.0
21:52:31,7165.08,7120.0,74.7954,0.0
21:52:31,7165.08,7125.0,1.3871,0.0
21:52:31,7165.08,7130.0,1432.7542,0.0
21:52:31,7165.08,7135.0,33.2303,0.0
21:52:31,7165.08,7140.0,281.7618,1894.0
21:52:31,7165.08,7145.0,40.4458,0.0
21:52:31,7165.08,7150.0,95.4028,0.0
21:52:31,7165.08,7155.0,654.3267,0.0
21:52:31,7165.08,7160.0,1144.1108,0.0
21:52:31,7165.08,7165.0,49.9362,0.0
21:52:31,7165.08,7170.0,200.338,0.0
21:52:31,7165.08,7175.0,324.0935,0.0
21:52:31,7165.08,7180.0,122.0941,0.0
21:52:31,7165.08,7185.0,76.5426,0.0
21:52:31,7165.08,7190.0,143.775,0.0
21:52:31,7165.08,7195.0,111.0354,0.0
21:52:31,7165.08,7200.0,681.2964,10217.0
21:52:31,7165.08,7205.0,78.608,0.0
21:52:31,7165.08,7210.0,213.0405,0.0
21:52:31,7165.08,7215.0,117.7262,0.0
21:52:31,7165.08,7220.0,216.5669,0.0
21:52:31,7165.08,7225.0,166.4071,0.0
21:52:31,7165.08,7230.0,178.4028,0.0
21:52:31,7165.08,7235.0,68.8201,0.0
21:52:31,7165.08,7240.0,182.2312,0.0
21:52:31,7165.08,7245.0,89.3606,0.0
21:52:31,7165.08,7250.0,1201.5839,0.0
21:52:31,7165.08,7255.0,447.6,0.0
21:52:31,7165.08,7260.0,120.2444,0.0
21:52:31,7165.08,7265.0,101.798,0.0
21:52:31,7165.08,7270.0,162.8743,0.0
21:52:31,7165.08,7275.0,281.902,0.0
21:52:31,7165.08,7280.0,198.4675,0.0
21:52:31,7165.08,7285.0,46.405,0.0
21:52:31,7165.08,7290.0,104.0849,0.0
21:52:31,7165.08,7295.0,43.9082,0.0
21:52:31,7165.08,7300.0,95.4905,0.0
21:52:31,7165.08,7305.0,6.3165,0.0
21:52:31,7165.08,7310.0,56.9585,0.0
21:52:31,7165.08,7315.0,29.3403,0.0
21:52:31,7165.08,7320.0,72.7014,0.0
21:52:31,7165.08,7325.0,21.8798,0.0
21:52:31,7165.08,7330.0,57.2859,0.0
21:52:31,7165.08,7335.0,0.3669,0.0
21:52:31,7165.08,7340.0,6.7209,0.0
21:52:31,7165.08,7345.0,0.2152,0.0
21:52:31,7165.08,7350.0,29.7588,0.0
21:52:31,7165.08,7360.0,2.9159,247.0
21:52:31,7165.08,7370.0,7.6608,771.0
21:52:31,7165.08,7375.0,25.4988,10617.0
21:52:31,7165.08,7380.0,12.2625,5152.0
21:52:31,7165.08,7390.0,33.0928,2139.0
21:52:31,7165.08,7400.0,15.4658,4230.0
21:52:31,7165.08,7410.0,0.0095,65.0
21:52:31,7165.08,7425.0,4.2126,194.0
21:52:31,7165.08,7450.0,1.5767,474.0
21:52:31,7165.08,7475.0,0.0336,140.0
21:52:31,7165.08,7500.0,0.1662,296.0
21:52:31,7165.08,7550.0,0.0005,0.0
21:52:31,7165.08,7600.0,0.0006,2.0
21:52:31,7165.08,7700.0,0.0001,0.0
21:52:31,7165.08,7800.0,0.0,1.0
21:52:31,7165.08,8000.0,0.0,2.0
21:52:31,7165.08,8800.0,0.0,2.0
21:52:31,7165.08,9200.0,0.0,1.0
22:05:20,7165.08,4600.0,-0.0,4.0
22:05:20,7165.08,5300.0,-0.0,1.0
22:05:20,7165.08,5400.0,-0.0,3.0
22:05:20,7165.08,5500.0,-0.0,1.0
22:05:20,7165.08,5575.0,-0.0,1.0
22:05:20,7165.08,5625.0,-0.0,1.0
22:05:20,7165.08,5650.0,-0.0,1.0
22:05:20,7165.08,5800.0,-0.0,4.0
22:05:20,7165.08,5900.0,-0.0,3.0
22:05:20,7165.08,6000.0,-0.0,24.0
22:05:20,7165.08,6100.0,-0.0,876.0
22:05:20,7165.08,6110.0,-0.0,105.0
22:05:20,7165.08,6120.0,-0.0,81.0
22:05:20,7165.08,6125.0,-0.0,13.0
22:05:20,7165.08,6130.0,-0.0,3.0
22:05:20,7165.08,6140.0,-0.0,100.0
22:05:20,7165.08,6150.0,-0.0,297.0
22:05:20,7165.08,6160.0,-0.0,85.0
22:05:20,7165.08,6170.0,-0.0,87.0
22:05:20,7165.08,6175.0,-0.0,163.0
22:05:20,7165.08,6180.0,-0.0,10.0
22:05:20,7165.08,6190.0,-0.0026,97.0
22:05:20,7165.08,6200.0,-0.0,1177.0
22:05:20,7165.08,6210.0,-0.0984,0.0
22:05:20,7165.08,6220.0,-0.0021,40.0
22:05:20,7165.08,6225.0,-0.0,150.0
22:05:20,7165.08,6230.0,-0.0072,302.0
22:05:20,7165.08,6240.0,-0.0023,60.0
22:05:20,7165.08,6250.0,-0.0,226.0
22:05:20,7165.08,6260.0,-0.0,200.0
22:05:20,7165.08,6270.0,-0.014,101.0
22:05:20,7165.08,6275.0,-0.0,30.0
22:05:20,7165.08,6280.0,0.0002,20.0
22:05:20,7165.08,6290.0,-0.0,38.0
22:05:20,7165.08,6300.0,-0.0,96.0
22:05:20,7165.08,6310.0,-0.0,161.0
22:05:20,7165.08,6320.0,-0.0,10.0
22:05:20,7165.08,6325.0,-0.0,30.0
22:05:20,7165.08,6330.0,-0.0,196.0
22:05:20,7165.08,6340.0,0.0095,10.0
22:05:20,7165.08,6350.0,-0.0,95.0
22:05:20,7165.08,6360.0,-0.0,58.0
22:05:20,7165.08,6370.0,-0.0,50.0
22:05:20,7165.08,6375.0,-0.0,5.0
22:05:20,7165.08,6380.0,-0.0,44.0
22:05:20,7165.08,6390.0,0.0,11.0
22:05:20,7165.08,6400.0,-0.0,152.0
22:05:20,7165.08,6410.0,-0.0,5.0
22:05:20,7165.08,6420.0,-0.0,14.0
22:05:20,7165.08,6425.0,0.0,52.0
22:05:20,7165.08,6430.0,-0.0573,7.0
22:05:20,7165.08,6440.0,-0.0383,44.0
22:05:20,7165.08,6450.0,-0.0,1068.0
22:05:20,7165.08,6460.0,-0.0,80.0
22:05:20,7165.08,6470.0,-0.0,8.0
22:05:20,7165.08,6475.0,-0.0,3.0
22:05:20,7165.08,6480.0,-0.0,35.0
22:05:20,7165.08,6485.0,0.0043,8.0
22:05:20,7165.08,6490.0,-0.0,5.0
22:05:20,7165.08,6495.0,-0.0092,0.0
22:05:20,7165.08,6500.0,-0.0,70.0
22:05:20,7165.08,6505.0,-0.1222,100.0
22:05:20,7165.08,6510.0,-0.0,118.0
22:05:20,7165.08,6515.0,0.0164,117.0
22:05:20,7165.08,6520.0,-0.0,29.0
22:05:20,7165.08,6525.0,-0.0,4.0
22:05:20,7165.08,6530.0,-0.0,1.0
22:05:20,7165.08,6535.0,-0.0805,64.0
22:05:20,7165.08,6540.0,-0.0,22.0
22:05:20,7165.08,6545.0,-0.0131,58.0
22:05:20,7165.08,6550.0,-0.2663,0.0
22:05:20,7165.08,6555.0,0.0576,27.0
22:05:20,7165.08,6560.0,-0.0,15.0
22:05:20,7165.08,6565.0,-0.0552,3.0
22:05:20,7165.08,6570.0,0.0,1.0
22:05:20,7165.08,6580.0,0.0649,13.0
22:05:20,7165.08,6585.0,-0.0766,48.0
22:05:20,7165.08,6590.0,0.0474,57.0
22:05:20,7165.08,6595.0,-0.0,79.0
22:05:20,7165.08,6600.0,-0.0,4.0
22:05:20,7165.08,6605.0,-0.0,30.0
22:05:20,7165.08,6610.0,0.1515,106.0
22:05:20,7165.08,6615.0,-0.0,95.0
22:05:20,7165.08,6620.0,0.1026,80.0
22:05:20,7165.08,6625.0,0.0,16.0
22:05:20,7165.08,6630.0,-0.0,40.0
22:05:20,7165.08,6635.0,-0.1048,137.0
22:05:20,7165.08,6640.0,0.145,87.0
22:05:20,7165.08,6645.0,-0.1235,27.0
22:05:20,7165.08,6650.0,-0.0,3.0
22:05:20,7165.08,6655.0,-0.1014,70.0
22:05:20,7165.08,6660.0,-0.1662,88.0
22:05:20,7165.08,6665.0,-0.0,6.0
22:05:20,7165.08,6670.0,-0.0568,3.0
22:05:20,7165.08,6675.0,0.0,248.0
22:05:20,7165.08,6680.0,-0.3832,62.0
22:05:20,7165.08,6685.0,-0.0,287.0
22:05:20,7165.08,6690.0,-1.1985,139.0
22:05:20,7165.08,6695.0,-0.0,31.0
22:05:20,7165.08,6700.0,-0.0014,1429.0
22:05:20,7165.08,6705.0,-0.0001,49.0
22:05:20,7165.08,6710.0,-0.5515,565.0
22:05:20,7165.08,6715.0,-0.0002,161.0
22:05:20,7165.08,6720.0,-0.0004,44.0
22:05:20,7165.08,6725.0,-0.0006,1300.0
22:05:20,7165.08,6730.0,-0.0008,63.0
22:05:20,7165.08,6735.0,0.0255,56.0
22:05:20,7165.08,6740.0,-0.0022,181.0
22:05:20,7165.08,6745.0,-0.0006,86.0
22:05:20,7165.08,6750.0,-0.0094,3696.0
22:05:20,7165.08,6755.0,-0.0019,153.0
22:05:20,7165.08,6760.0,-1.966,1867.0
22:05:20,7165.08,6765.0,-0.0031,293.0
22:05:20,7165.08,6770.0,-1.806,136.0
22:05:20,7165.08,6775.0,-0.0042,3448.0
22:05:20,7165.08,6780.0,-0.0111,276.0
22:05:20,7165.08,6785.0,0.0242,130.0
22:05:20,7165.08,6790.0,-0.0215,194.0
22:05:20,7165.08,6795.0,-0.0608,159.0
22:05:20,7165.08,6800.0,-11.7331,2592.0
22:05:20,7165.08,6805.0,-4.2882,347.0
22:05:20,7165.08,6810.0,-3.7409,704.0
22:05:20,7165.08,6815.0,-0.0214,296.0
22:05:20,7165.08,6820.0,-1.649,158.0
22:05:20,7165.08,6825.0,2.1811,1565.0
22:05:20,7165.08,6830.0,-0.0506,188.0
22:05:20,7165.08,6835.0,-0.9594,221.0
22:05:20,7165.08,6840.0,-0.16,1189.0
22:05:20,7165.08,6845.0,-0.2437,4310.0
22:05:20,7165.08,6850.0,-7.8118,4335.0
22:05:20,7165.08,6855.0,-0.413,665.0
22:05:20,7165.08,6860.0,-4.3119,0.0
22:05:20,7165.08,6865.0,-0.6827,0.0
22:05:20,7165.08,6870.0,-0.2721,0.0
22:05:20,7165.08,6875.0,-0.6819,0.0
22:05:20,7165.08,6880.0,-1.0618,0.0
22:05:20,7165.08,6885.0,-13.817,3.0
22:05:20,7165.08,6890.0,-0.825,0.0
22:05:20,7165.08,6895.0,-58.1265,13.0
22:05:20,7165.08,6900.0,-36.6982,0.0
22:05:20,7165.08,6905.0,-2.7141,0.0
22:05:20,7165.08,6910.0,-1.4923,0.0
22:05:20,7165.08,6915.0,-1.2064,82.0
22:05:20,7165.08,6920.0,-0.7761,91.0
22:05:20,7165.08,6925.0,0.7624,791.0
22:05:20,7165.08,6930.0,-5.7977,0.0
22:05:20,7165.08,6935.0,-5.0962,0.0
22:05:20,7165.08,6940.0,1.0832,0.0
22:05:20,7165.08,6945.0,-39.7964,0.0
22:05:20,7165.08,6950.0,-55.891,117.0
22:05:20,7165.08,6955.0,-32.2255,0.0
22:05:20,7165.08,6960.0,-13.141,0.0
22:05:20,7165.08,6965.0,-6.3978,0.0
22:05:20,7165.08,6970.0,-4.1436,0.0
22:05:20,7165.08,6975.0,-15.0898,2648.0
22:05:20,7165.08,6980.0,-14.1651,0.0
22:05:20,7165.08,6985.0,-12.9409,32.0
22:05:20,7165.08,6990.0,-17.337,0.0
22:05:20,7165.08,6995.0,-16.8528,0.0
22:05:20,7165.08,7000.0,-11.9001,0.0
22:05:20,7165.08,7005.0,-126.486,0.0
22:05:20,7165.08,7010.0,-3.803,0.0
22:05:20,7165.08,7015.0,-10.6915,0.0
22:05:20,7165.08,7020.0,-4.5042,0.0
22:05:20,7165.08,7025.0,-23.4067,0.0
22:05:20,7165.08,7030.0,43.0428,0.0
22:05:20,7165.08,7035.0,-20.2507,0.0
22:05:20,7165.08,7040.0,-19.4179,0.0
22:05:20,7165.08,7045.0,308.3998,0.0
22:05:20,7165.08,7050.0,-123.7781,0.0
22:05:20,7165.08,7055.0,-195.4224,0.0
22:05:20,7165.08,7060.0,-22.1311,0.0
22:05:20,7165.08,7065.0,-15.1002,0.0
22:05:20,7165.08,7070.0,3.1324,0.0
22:05:20,7165.08,7075.0,-68.9882,0.0
22:05:20,7165.08,7080.0,-46.3397,0.0
22:05:20,7165.08,7085.0,-23.0963,0.0
22:05:20,7165.08,7090.0,-49.5119,0.0
22:05:20,7165.08,7095.0,-15.3363,0.0
22:05:20,7165.08,7100.0,127.8095,10605.0
22:05:20,7165.08,7105.0,18.294,0.0
22:05:20,7165.08,7110.0,-24.7531,0.0
22:05:20,7165.08,7115.0,22.6923,0.0
22:05:20,7165.08,7120.0,74.7954,0.0
22:05:20,7165.08,7125.0,1.3871,0.0
22:05:20,7165.08,7130.0,1432.7542,0.0
22:05:20,7165.08,7135.0,33.2303,0.0
22:05:20,7165.08,7140.0,281.7618,1894.0
22:05:20,7165.08,7145.0,40.4458,0.0
22:05:20,7165.08,7150.0,95.4028,0.0
22:05:20,7165.08,7155.0,654.3267,0.0
22:05:20,7165.08,7160.0,1144.1108,0.0
22:05:20,7165.08,7165.0,49.9362,0.0
22:05:20,7165.08,7170.0,200.338,0.0
22:05:20,7165.08,7175.0,324.0935,0.0
22:05:20,7165.08,7180.0,122.0941,0.0
22:05:20,7165.08,7185.0,76.5426,0.0
22:05:20,7165.08,7190.0,143.775,0.0
22:05:20,7165.08,7195.0,111.0354,0.0
22:05:20,7165.08,7200.0,681.2964,10217.0
22:05:20,7165.08,7205.0,78.608,0.0
22:05:20,7165.08,7210.0,213.0405,0.0
22:05:20,7165.08,7215.0,117.7262,0.0
22:05:20,7165.08,7220.0,216.5669,0.0
22:05:20,7165.08,7225.0,166.4071,0.0
22:05:20,7165.08,7230.0,178.4028,0.0
22:05:20,7165.08,7235.0,68.8201,0.0
22:05:20,7165.08,7240.0,182.2312,0.0
22:05:20,7165.08,7245.0,89.3606,0.0
22:05:20,7165.08,7250.0,1201.5839,0.0
22:05:20,7165.08,7255.0,447.6,0.0
22:05:20,7165.08,7260.0,120.2444,0.0
22:05:20,7165.08,7265.0,101.798,0.0
22:05:20,7165.08,7270.0,162.8743,0.0
22:05:20,7165.08,7275.0,281.902,0.0
22:05:20,7165.08,7280.0,198.4675,0.0
22:05:20,7165.08,7285.0,46.405,0.0
22:05:20,7165.08,7290.0,104.0849,0.0
22:05:20,7165.08,7295.0,43.9082,0.0
22:05:20,7165.08,7300.0,95.4905,0.0
22:05:20,7165.08,7305.0,6.3165,0.0
22:05:20,7165.08,7310.0,56.9585,0.0
22:05:20,7165.08,7315.0,29.3403,0.0
22:05:20,7165.08,7320.0,72.7014,0.0
22:05:20,7165.08,7325.0,21.8798,0.0
22:05:20,7165.08,7330.0,57.2859,0.0
22:05:20,7165.08,7335.0,0.3669,0.0
22:05:20,7165.08,7340.0,6.7209,0.0
22:05:20,7165.08,7345.0,0.2152,0.0
22:05:20,7165.08,7350.0,29.7588,0.0
22:05:20,7165.08,7360.0,2.9159,247.0
22:05:20,7165.08,7370.0,7.6608,771.0
22:05:20,7165.08,7375.0,25.4988,10617.0
22:05:20,7165.08,7380.0,12.2625,5152.0
22:05:20,7165.08,7390.0,33.0928,2139.0
22:05:20,7165.08,7400.0,15.4658,4230.0
22:05:20,7165.08,7410.0,0.0095,65.0
22:05:20,7165.08,7425.0,4.2126,194.0
22:05:20,7165.08,7450.0,1.5767,474.0
22:05:20,7165.08,7475.0,0.0336,140.0
22:05:20,7165.08,7500.0,0.1662,296.0
22:05:20,7165.08,7550.0,0.0005,0.0
22:05:20,7165.08,7600.0,0.0006,2.0
22:05:20,7165.08,7700.0,0.0001,0.0
22:05:20,7165.08,7800.0,0.0,1.0
22:05:20,7165.08,8000.0,0.0,2.0
22:05:20,7165.08,8800.0,0.0,2.0
22:05:20,7165.08,9200.0,0.0,1.0
22:09:55,7165.08,4600.0,-0.0,4.0
22:09:55,7165.08,5300.0,-0.0,1.0
22:09:55,7165.08,5400.0,-0.0,3.0
22:09:55,7165.08,5500.0,-0.0,1.0
22:09:55,7165.08,5575.0,-0.0,1.0
22:09:55,7165.08,5625.0,-0.0,1.0
22:09:55,7165.08,5650.0,-0.0,1.0
22:09:55,7165.08,5800.0,-0.0,4.0
22:09:55,7165.08,5900.0,-0.0,3.0
22:09:55,7165.08,6000.0,-0.0,24.0
22:09:55,7165.08,6100.0,-0.0,876.0
22:09:55,7165.08,6110.0,-0.0,105.0
22:09:55,7165.08,6120.0,-0.0,81.0
22:09:55,7165.08,6125.0,-0.0,13.0
22:09:55,7165.08,6130.0,-0.0,3.0
22:09:55,7165.08,6140.0,-0.0,100.0
22:09:55,7165.08,6150.0,-0.0,297.0
22:09:55,7165.08,6160.0,-0.0,85.0
22:09:55,7165.08,6170.0,-0.0,87.0
22:09:55,7165.08,6175.0,-0.0,163.0
22:09:55,7165.08,6180.0,-0.0,10.0
22:09:55,7165.08,6190.0,-0.0026,97.0
22:09:55,7165.08,6200.0,-0.0,1177.0
22:09:55,7165.08,6210.0,-0.0984,0.0
22:09:55,7165.08,6220.0,-0.0021,40.0
22:09:55,7165.08,6225.0,-0.0,150.0
22:09:55,7165.08,6230.0,-0.0072,302.0
22:09:55,7165.08,6240.0,-0.0023,60.0
22:09:55,7165.08,6250.0,-0.0,226.0
22:09:55,7165.08,6260.0,-0.0,200.0
22:09:55,7165.08,6270.0,-0.014,101.0
22:09:55,7165.08,6275.0,-0.0,30.0
22:09:55,7165.08,6280.0,0.0002,20.0
22:09:55,7165.08,6290.0,-0.0,38.0
22:09:55,7165.08,6300.0,-0.0,96.0
22:09:55,7165.08,6310.0,-0.0,161.0
22:09:55,7165.08,6320.0,-0.0,10.0
22:09:55,7165.08,6325.0,-0.0,30.0
22:09:55,7165.08,6330.0,-0.0,196.0
22:09:55,7165.08,6340.0,0.0095,10.0
22:09:55,7165.08,6350.0,-0.0,95.0
22:09:55,7165.08,6360.0,-0.0,58.0
22:09:55,7165.08,6370.0,-0.0,50.0
22:09:55,7165.08,6375.0,-0.0,5.0
22:09:55,7165.08,6380.0,-0.0,44.0
22:09:55,7165.08,6390.0,0.0,11.0
22:09:55,7165.08,6400.0,-0.0,152.0
22:09:55,7165.08,6410.0,-0.0,5.0
22:09:55,7165.08,6420.0,-0.0,14.0
22:09:55,7165.08,6425.0,0.0,52.0
22:09:55,7165.08,6430.0,-0.0573,7.0
22:09:55,7165.08,6440.0,-0.0383,44.0
22:09:55,7165.08,6450.0,-0.0,1068.0
22:09:55,7165.08,6460.0,-0.0,80.0
22:09:55,7165.08,6470.0,-0.0,8.0
22:09:55,7165.08,6475.0,-0.0,3.0
22:09:55,7165.08,6480.0,-0.0,35.0
22:09:55,7165.08,6485.0,0.0043,8.0
22:09:55,7165.08,6490.0,-0.0,5.0
22:09:55,7165.08,6495.0,-0.0092,0.0
22:09:55,7165.08,6500.0,-0.0,70.0
22:09:55,7165.08,6505.0,-0.1222,100.0
22:09:55,7165.08,6510.0,-0.0,118.0
22:09:55,7165.08,6515.0,0.0164,117.0
22:09:55,7165.08,6520.0,-0.0,29.0
22:09:55,7165.08,6525.0,-0.0,4.0
22:09:55,7165.08,6530.0,-0.0,1.0
22:09:55,7165.08,6535.0,-0.0805,64.0
22:09:55,7165.08,6540.0,-0.0,22.0
22:09:55,7165.08,6545.0,-0.0131,58.0
22:09:55,7165.08,6550.0,-0.2663,0.0
22:09:55,7165.08,6555.0,0.0576,27.0
22:09:55,7165.08,6560.0,-0.0,15.0
22:09:55,7165.08,6565.0,-0.0552,3.0
22:09:55,7165.08,6570.0,0.0,1.0
22:09:55,7165.08,6580.0,0.0649,13.0
22:09:55,7165.08,6585.0,-0.0766,48.0
22:09:55,7165.08,6590.0,0.0474,57.0
22:09:55,7165.08,6595.0,-0.0,79.0
22:09:55,7165.08,6600.0,-0.0,4.0
22:09:55,7165.08,6605.0,-0.0,30.0
22:09:55,7165.08,6610.0,0.1515,106.0
22:09:55,7165.08,6615.0,-0.0,95.0
22:09:55,7165.08,6620.0,0.1026,80.0
22:09:55,7165.08,6625.0,0.0,16.0
22:09:55,7165.08,6630.0,-0.0,40.0
22:09:55,7165.08,6635.0,-0.1048,137.0
22:09:55,7165.08,6640.0,0.145,87.0
22:09:55,7165.08,6645.0,-0.1235,27.0
22:09:55,7165.08,6650.0,-0.0,3.0
22:09:55,7165.08,6655.0,-0.1014,70.0
22:09:55,7165.08,6660.0,-0.1662,88.0
22:09:55,7165.08,6665.0,-0.0,6.0
22:09:55,7165.08,6670.0,-0.0568,3.0
22:09:55,7165.08,6675.0,0.0,248.0
22:09:55,7165.08,6680.0,-0.3832,62.0
22:09:55,7165.08,6685.0,-0.0,287.0
22:09:55,7165.08,6690.0,-1.1985,139.0
22:09:55,7165.08,6695.0,-0.0,31.0
22:09:55,7165.08,6700.0,-0.0014,1429.0
22:09:55,7165.08,6705.0,-0.0001,49.0
22:09:55,7165.08,6710.0,-0.5515,565.0
22:09:55,7165.08,6715.0,-0.0002,161.0
22:09:55,7165.08,6720.0,-0.0004,44.0
22:09:55,7165.08,6725.0,-0.0006,1300.0
22:09:55,7165.08,6730.0,-0.0008,63.0
22:09:55,7165.08,6735.0,0.0255,56.0
22:09:55,7165.08,6740.0,-0.0022,181.0
22:09:55,7165.08,6745.0,-0.0006,86.0
22:09:55,7165.08,6750.0,-0.0094,3696.0
22:09:55,7165.08,6755.0,-0.0019,153.0
22:09:55,7165.08,6760.0,-1.966,1867.0
22:09:55,7165.08,6765.0,-0.0031,293.0
22:09:55,7165.08,6770.0,-1.806,136.0
22:09:55,7165.08,6775.0,-0.0042,3448.0
22:09:55,7165.08,6780.0,-0.0111,276.0
22:09:55,7165.08,6785.0,0.0242,130.0
22:09:55,7165.08,6790.0,-0.0215,194.0
22:09:55,7165.08,6795.0,-0.0608,159.0
22:09:55,7165.08,6800.0,-11.7331,2592.0
22:09:55,7165.08,6805.0,-4.2882,347.0
22:09:55,7165.08,6810.0,-3.7409,704.0
22:09:55,7165.08,6815.0,-0.0214,296.0
22:09:55,7165.08,6820.0,-1.649,158.0
22:09:55,7165.08,6825.0,2.1811,1565.0
22:09:55,7165.08,6830.0,-0.0506,188.0
22:09:55,7165.08,6835.0,-0.9594,221.0
22:09:55,7165.08,6840.0,-0.16,1189.0
22:09:55,7165.08,6845.0,-0.2437,4310.0
22:09:55,7165.08,6850.0,-7.8118,4335.0
22:09:55,7165.08,6855.0,-0.413,665.0
22:09:55,7165.08,6860.0,-4.3119,0.0
22:09:55,7165.08,6865.0,-0.6827,0.0
22:09:55,7165.08,6870.0,-0.2721,0.0
22:09:55,7165.08,6875.0,-0.6819,0.0
22:09:55,7165.08,6880.0,-1.0618,0.0
22:09:55,7165.08,6885.0,-13.817,3.0
22:09:55,7165.08,6890.0,-0.825,0.0
22:09:55,7165.08,6895.0,-58.1265,13.0
22:09:55,7165.08,6900.0,-36.6982,0.0
22:09:55,7165.08,6905.0,-2.7141,0.0
22:09:55,7165.08,6910.0,-1.4923,0.0
22:09:55,7165.08,6915.0,-1.2064,82.0
22:09:55,7165.08,6920.0,-0.7761,91.0
22:09:55,7165.08,6925.0,0.7624,791.0
22:09:55,7165.08,6930.0,-5.7977,0.0
22:09:55,7165.08,6935.0,-5.0962,0.0
22:09:55,7165.08,6940.0,1.0832,0.0
22:09:55,7165.08,6945.0,-39.7964,0.0
22:09:55,7165.08,6950.0,-55.891,117.0
22:09:55,7165.08,6955.0,-32.2255,0.0
22:09:55,7165.08,6960.0,-13.141,0.0
22:09:55,7165.08,6965.0,-6.3978,0.0
22:09:55,7165.08,6970.0,-4.1436,0.0
22:09:55,7165.08,6975.0,-15.0898,2648.0
22:09:55,7165.08,6980.0,-14.1651,0.0
22:09:55,7165.08,6985.0,-12.9409,32.0
22:09:55,7165.08,6990.0,-17.337,0.0
22:09:55,7165.08,6995.0,-16.8528,0.0
22:09:55,7165.08,7000.0,-11.9001,0.0
22:09:55,7165.08,7005.0,-126.486,0.0
22:09:55,7165.08,7010.0,-3.803,0.0
22:09:55,7165.08,7015.0,-10.6915,0.0
22:09:55,7165.08,7020.0,-4.5042,0.0
22:09:55,7165.08,7025.0,-23.4067,0.0
22:09:55,7165.08,7030.0,43.0428,0.0
22:09:55,7165.08,7035.0,-20.2507,0.0
22:09:55,7165.08,7040.0,-19.4179,0.0
22:09:55,7165.08,7045.0,308.3998,0.0
22:09:55,7165.08,7050.0,-123.7781,0.0
22:09:55,7165.08,7055.0,-195.4224,0.0
22:09:55,7165.08,7060.0,-22.1311,0.0
22:09:55,7165.08,7065.0,-15.1002,0.0
22:09:55,7165.08,7070.0,3.1324,0.0
22:09:55,7165.08,7075.0,-68.9882,0.0
22:09:55,7165.08,7080.0,-46.3397,0.0
22:09:55,7165.08,7085.0,-23.0963,0.0
22:09:55,7165.08,7090.0,-49.5119,0.0
22:09:55,7165.08,7095.0,-15.3363,0.0
22:09:55,7165.08,7100.0,127.8095,10605.0
22:09:55,7165.08,7105.0,18.294,0.0
22:09:55,7165.08,7110.0,-24.7531,0.0
22:09:55,7165.08,7115.0,22.6923,0.0
22:09:55,7165.08,7120.0,74.7954,0.0
22:09:55,7165.08,7125.0,1.3871,0.0
22:09:55,7165.08,7130.0,1432.7542,0.0
22:09:55,7165.08,7135.0,33.2303,0.0
22:09:55,7165.08,7140.0,281.7618,1894.0
22:09:55,7165.08,7145.0,40.4458,0.0
22:09:55,7165.08,7150.0,95.4028,0.0
22:09:55,7165.08,7155.0,654.3267,0.0
22:09:55,7165.08,7160.0,1144.1108,0.0
22:09:55,7165.08,7165.0,49.9362,0.0
22:09:55,7165.08,7170.0,200.338,0.0
22:09:55,7165.08,7175.0,324.0935,0.0
22:09:55,7165.08,7180.0,122.0941,0.0
22:09:55,7165.08,7185.0,76.5426,0.0
22:09:55,7165.08,7190.0,143.775,0.0
22:09:55,7165.08,7195.0,111.0354,0.0
22:09:55,7165.08,7200.0,681.2964,10217.0
22:09:55,7165.08,7205.0,78.608,0.0
22:09:55,7165.08,7210.0,213.0405,0.0
22:09:55,7165.08,7215.0,117.7262,0.0
22:09:55,7165.08,7220.0,216.5669,0.0
22:09:55,7165.08,7225.0,166.4071,0.0
22:09:55,7165.08,7230.0,178.4028,0.0
22:09:55,7165.08,7235.0,68.8201,0.0
22:09:55,7165.08,7240.0,182.2312,0.0
22:09:55,7165.08,7245.0,89.3606,0.0
22:09:55,7165.08,7250.0,1201.5839,0.0
22:09:55,7165.08,7255.0,447.6,0.0
22:09:55,7165.08,7260.0,120.2444,0.0
22:09:55,7165.08,7265.0,101.798,0.0
22:09:55,7165.08,7270.0,162.8743,0.0
22:09:55,7165.08,7275.0,281.902,0.0
22:09:55,7165.08,7280.0,198.4675,0.0
22:09:55,7165.08,7285.0,46.405,0.0
22:09:55,7165.08,7290.0,104.0849,0.0
22:09:55,7165.08,7295.0,43.9082,0.0
22:09:55,7165.08,7300.0,95.4905,0.0
22:09:55,7165.08,7305.0,6.3165,0.0
22:09:55,7165.08,7310.0,56.9585,0.0
22:09:55,7165.08,7315.0,29.3403,0.0
22:09:55,7165.08,7320.0,72.7014,0.0
22:09:55,7165.08,7325.0,21.8798,0.0
22:09:55,7165.08,7330.0,57.2859,0.0
22:09:55,7165.08,7335.0,0.3669,0.0
22:09:55,7165.08,7340.0,6.7209,0.0
22:09:55,7165.08,7345.0,0.2152,0.0
22:09:55,7165.08,7350.0,29.7588,0.0
22:09:55,7165.08,7360.0,2.9159,247.0
22:09:55,7165.08,7370.0,7.6608,771.0
22:09:55,7165.08,7375.0,25.4988,10617.0
22:09:55,7165.08,7380.0,12.2625,5152.0
22:09:55,7165.08,7390.0,33.0928,2139.0
22:09:55,7165.08,7400.0,15.4658,4230.0
22:09:55,7165.08,7410.0,0.0095,65.0
22:09:55,7165.08,7425.0,4.2126,194.0
22:09:55,7165.08,7450.0,1.5767,474.0
22:09:55,7165.08,7475.0,0.0336,140.0
22:09:55,7165.08,7500.0,0.1662,296.0
22:09:55,7165.08,7550.0,0.0005,0.0
22:09:55,7165.08,7600.0,0.0006,2.0
22:09:55,7165.08,7700.0,0.0001,0.0
22:09:55,7165.08,7800.0,0.0,1.0
22:09:55,7165.08,8000.0,0.0,2.0
22:09:55,7165.08,8800.0,0.0,2.0
22:09:55,7165.08,9200.0,0.0,1.0
23:10:37,7165.08,4600.0,-0.0,4.0
23:10:37,7165.08,5300.0,-0.0,1.0
23:10:37,7165.08,5400.0,-0.0,3.0
23:10:37,7165.08,5500.0,-0.0,1.0
23:10:37,7165.08,5575.0,-0.0,1.0
23:10:37,7165.08,5625.0,-0.0,1.0
23:10:37,7165.08,5650.0,-0.0,1.0
23:10:37,7165.08,5800.0,-0.0,4.0
23:10:37,7165.08,5900.0,-0.0,3.0
23:10:37,7165.08,6000.0,-0.0,24.0
23:10:37,7165.08,6100.0,-0.0,876.0
23:10:37,7165.08,6110.0,-0.0,105.0
23:10:37,7165.08,6120.0,-0.0,81.0
23:10:37,7165.08,6125.0,-0.0,13.0
23:10:37,7165.08,6130.0,-0.0,3.0
23:10:37,7165.08,6140.0,-0.0,100.0
23:10:37,7165.08,6150.0,-0.0,297.0
23:10:37,7165.08,6160.0,-0.0,85.0
23:10:37,7165.08,6170.0,-0.0,87.0
23:10:37,7165.08,6175.0,-0.0,163.0
23:10:37,7165.08,6180.0,-0.0,10.0
23:10:37,7165.08,6190.0,-0.0026,97.0
23:10:37,7165.08,6200.0,-0.0,1177.0
23:10:37,7165.08,6210.0,-0.0984,0.0
23:10:37,7165.08,6220.0,-0.0021,40.0
23:10:37,7165.08,6225.0,-0.0,150.0
23:10:37,7165.08,6230.0,-0.0072,302.0
23:10:37,7165.08,6240.0,-0.0023,60.0
23:10:37,7165.08,6250.0,-0.0,226.0
23:10:37,7165.08,6260.0,-0.0,200.0
23:10:37,7165.08,6270.0,-0.014,101.0
23:10:37,7165.08,6275.0,-0.0,30.0
23:10:37,7165.08,6280.0,0.0002,20.0
23:10:37,7165.08,6290.0,-0.0,38.0
23:10:37,7165.08,6300.0,-0.0,96.0
23:10:37,7165.08,6310.0,-0.0,161.0
23:10:37,7165.08,6320.0,-0.0,10.0
23:10:37,7165.08,6325.0,-0.0,30.0
23:10:37,7165.08,6330.0,-0.0,196.0
23:10:37,7165.08,6340.0,0.0095,10.0
23:10:37,7165.08,6350.0,-0.0,95.0
23:10:37,7165.08,6360.0,-0.0,58.0
23:10:37,7165.08,6370.0,-0.0,50.0
23:10:37,7165.08,6375.0,-0.0,5.0
23:10:37,7165.08,6380.0,-0.0,44.0
23:10:37,7165.08,6390.0,0.0,11.0
23:10:37,7165.08,6400.0,-0.0,152.0
23:10:37,7165.08,6410.0,-0.0,5.0
23:10:37,7165.08,6420.0,-0.0,14.0
23:10:37,7165.08,6425.0,0.0,52.0
23:10:37,7165.08,6430.0,-0.0573,7.0
23:10:37,7165.08,6440.0,-0.0383,44.0
23:10:37,7165.08,6450.0,-0.0,1068.0
23:10:37,7165.08,6460.0,-0.0,80.0
23:10:37,7165.08,6470.0,-0.0,8.0
23:10:37,7165.08,6475.0,-0.0,3.0
23:10:37,7165.08,6480.0,-0.0,35.0
23:10:37,7165.08,6485.0,0.0043,8.0
23:10:37,7165.08,6490.0,-0.0,5.0
23:10:37,7165.08,6495.0,-0.0092,0.0
23:10:37,7165.08,6500.0,-0.0,70.0
23:10:37,7165.08,6505.0,-0.1222,100.0
23:10:37,7165.08,6510.0,-0.0,118.0
23:10:37,7165.08,6515.0,0.0164,117.0
23:10:37,7165.08,6520.0,-0.0,29.0
23:10:37,7165.08,6525.0,-0.0,4.0
23:10:37,7165.08,6530.0,-0.0,1.0
23:10:37,7165.08,6535.0,-0.0805,64.0
23:10:37,7165.08,6540.0,-0.0,22.0
23:10:37,7165.08,6545.0,-0.0131,58.0
23:10:37,7165.08,6550.0,-0.2663,0.0
23:10:37,7165.08,6555.0,0.0576,27.0
23:10:37,7165.08,6560.0,-0.0,15.0
23:10:37,7165.08,6565.0,-0.0552,3.0
23:10:37,7165.08,6570.0,0.0,1.0
23:10:37,7165.08,6580.0,0.0649,13.0
23:10:37,7165.08,6585.0,-0.0766,48.0
23:10:37,7165.08,6590.0,0.0474,57.0
23:10:37,7165.08,6595.0,-0.0,79.0
23:10:37,7165.08,6600.0,-0.0,4.0
23:10:37,7165.08,6605.0,-0.0,30.0
23:10:37,7165.08,6610.0,0.1515,106.0
23:10:37,7165.08,6615.0,-0.0,95.0
23:10:37,7165.08,6620.0,0.1026,80.0
23:10:37,7165.08,6625.0,0.0,16.0
23:10:37,7165.08,6630.0,-0.0,40.0
23:10:37,7165.08,6635.0,-0.1048,137.0
23:10:37,7165.08,6640.0,0.145,87.0
23:10:37,7165.08,6645.0,-0.1235,27.0
23:10:37,7165.08,6650.0,-0.0,3.0
23:10:37,7165.08,6655.0,-0.1014,70.0
23:10:37,7165.08,6660.0,-0.1662,88.0
23:10:37,7165.08,6665.0,-0.0,6.0
23:10:37,7165.08,6670.0,-0.0568,3.0
23:10:37,7165.08,6675.0,0.0,248.0
23:10:37,7165.08,6680.0,-0.3832,62.0
23:10:37,7165.08,6685.0,-0.0,287.0
23:10:37,7165.08,6690.0,-1.1985,139.0
23:10:37,7165.08,6695.0,-0.0,31.0
23:10:37,7165.08,6700.0,-0.0014,1429.0
23:10:37,7165.08,6705.0,-0.0001,49.0
23:10:37,7165.08,6710.0,-0.5515,565.0
23:10:37,7165.08,6715.0,-0.0002,161.0
23:10:37,7165.08,6720.0,-0.0004,44.0
23:10:37,7165.08,6725.0,-0.0006,1300.0
23:10:37,7165.08,6730.0,-0.0008,63.0
23:10:37,7165.08,6735.0,0.0255,56.0
23:10:37,7165.08,6740.0,-0.0022,181.0
23:10:37,7165.08,6745.0,-0.0006,86.0
23:10:37,7165.08,6750.0,-0.0094,3696.0
23:10:37,7165.08,6755.0,-0.0019,153.0
23:10:37,7165.08,6760.0,-1.966,1867.0
23:10:37,7165.08,6765.0,-0.0031,293.0
23:10:37,7165.08,6770.0,-1.806,136.0
23:10:37,7165.08,6775.0,-0.0042,3448.0
23:10:37,7165.08,6780.0,-0.0111,276.0
23:10:37,7165.08,6785.0,0.0242,130.0
23:10:37,7165.08,6790.0,-0.0215,194.0
23:10:37,7165.08,6795.0,-0.0608,159.0
23:10:37,7165.08,6800.0,-11.7331,2592.0
23:10:37,7165.08,6805.0,-4.2882,347.0
23:10:37,7165.08,6810.0,-3.7409,704.0
23:10:37,7165.08,6815.0,-0.0214,296.0
23:10:37,7165.08,6820.0,-1.649,158.0
23:10:37,7165.08,6825.0,2.1811,1565.0
23:10:37,7165.08,6830.0,-0.0506,188.0
23:10:37,7165.08,6835.0,-0.9594,221.0
23:10:37,7165.08,6840.0,-0.16,1189.0
23:10:37,7165.08,6845.0,-0.2437,4310.0
23:10:37,7165.08,6850.0,-7.8118,4335.0
23:10:37,7165.08,6855.0,-0.413,665.0
23:10:37,7165.08,6860.0,-4.3119,0.0
23:10:37,7165.08,6865.0,-0.6827,0.0
23:10:37,7165.08,6870.0,-0.2721,0.0
23:10:37,7165.08,6875.0,-0.6819,0.0
23:10:37,7165.08,6880.0,-1.0618,0.0
23:10:37,7165.08,6885.0,-13.817,3.0
23:10:37,7165.08,6890.0,-0.825,0.0
23:10:37,7165.08,6895.0,-58.1265,13.0
23:10:37,7165.08,6900.0,-36.6982,0.0
23:10:37,7165.08,6905.0,-2.7141,0.0
23:10:37,7165.08,6910.0,-1.4923,0.0
23:10:37,7165.08,6915.0,-1.2064,82.0
23:10:37,7165.08,6920.0,-0.7761,91.0
23:10:37,7165.08,6925.0,0.7624,791.0
23:10:37,7165.08,6930.0,-5.7977,0.0
23:10:37,7165.08,6935.0,-5.0962,0.0
23:10:37,7165.08,6940.0,1.0832,0.0
23:10:37,7165.08,6945.0,-39.7964,0.0
23:10:37,7165.08,6950.0,-55.891,117.0
23:10:37,7165.08,6955.0,-32.2255,0.0
23:10:37,7165.08,6960.0,-13.141,0.0
23:10:37,7165.08,6965.0,-6.3978,0.0
23:10:37,7165.08,6970.0,-4.1436,0.0
23:10:37,7165.08,6975.0,-15.0898,2648.0
23:10:37,7165.08,6980.0,-14.1651,0.0
23:10:37,7165.08,6985.0,-12.9409,32.0
23:10:37,7165.08,6990.0,-17.337,0.0
23:10:37,7165.08,6995.0,-16.8528,0.0
23:10:37,7165.08,7000.0,-11.9001,0.0
23:10:37,7165.08,7005.0,-126.486,0.0
23:10:37,7165.08,7010.0,-3.803,0.0
23:10:37,7165.08,7015.0,-10.6915,0.0
23:10:37,7165.08,7020.0,-4.5042,0.0
23:10:37,7165.08,7025.0,-23.4067,0.0
23:10:37,7165.08,7030.0,43.0428,0.0
23:10:37,7165.08,7035.0,-20.2507,0.0
23:10:37,7165.08,7040.0,-19.4179,0.0
23:10:37,7165.08,7045.0,308.3998,0.0
23:10:37,7165.08,7050.0,-123.7781,0.0
23:10:37,7165.08,7055.0,-195.4224,0.0
23:10:37,7165.08,7060.0,-22.1311,0.0
23:10:37,7165.08,7065.0,-15.1002,0.0
23:10:37,7165.08,7070.0,3.1324,0.0
23:10:37,7165.08,7075.0,-68.9882,0.0
23:10:37,7165.08,7080.0,-46.3397,0.0
23:10:37,7165.08,7085.0,-23.0963,0.0
23:10:37,7165.08,7090.0,-49.5119,0.0
23:10:37,7165.08,7095.0,-15.3363,0.0
23:10:37,7165.08,7100.0,127.8095,10605.0
23:10:37,7165.08,7105.0,18.294,0.0
23:10:37,7165.08,7110.0,-24.7531,0.0
23:10:37,7165.08,7115.0,22.6923,0.0
23:10:37,7165.08,7120.0,74.7954,0.0
23:10:37,7165.08,7125.0,1.3871,0.0
23:10:37,7165.08,7130.0,1432.7542,0.0
23:10:37,7165.08,7135.0,33.2303,0.0
23:10:37,7165.08,7140.0,281.7618,1894.0
23:10:37,7165.08,7145.0,40.4458,0.0
23:10:37,7165.08,7150.0,95.4028,0.0
23:10:37,7165.08,7155.0,654.3267,0.0
23:10:37,7165.08,7160.0,1144.1108,0.0
23:10:37,7165.08,7165.0,49.9362,0.0
23:10:37,7165.08,7170.0,200.338,0.0
23:10:37,7165.08,7175.0,324.0935,0.0
23:10:37,7165.08,7180.0,122.0941,0.0
23:10:37,7165.08,7185.0,76.5426,0.0
23:10:37,7165.08,7190.0,143.775,0.0
23:10:37,7165.08,7195.0,111.0354,0.0
23:10:37,7165.08,7200.0,681.2964,10217.0
23:10:37,7165.08,7205.0,78.608,0.0
23:10:37,7165.08,7210.0,213.0405,0.0
23:10:37,7165.08,7215.0,117.7262,0.0
23:10:37,7165.08,7220.0,216.5669,0.0
23:10:37,7165.08,7225.0,166.4071,0.0
23:10:37,7165.08,7230.0,178.4028,0.0
23:10:37,7165.08,7235.0,68.8201,0.0
23:10:37,7165.08,7240.0,182.2312,0.0
23:10:37,7165.08,7245.0,89.3606,0.0
23:10:37,7165.08,7250.0,1201.5839,0.0
23:10:37,7165.08,7255.0,447.6,0.0
23:10:37,7165.08,7260.0,120.2444,0.0
23:10:37,7165.08,7265.0,101.798,0.0
23:10:37,7165.08,7270.0,162.8743,0.0
23:10:37,7165.08,7275.0,281.902,0.0
23:10:37,7165.08,7280.0,198.4675,0.0
23:10:37,7165.08,7285.0,46.405,0.0
23:10:37,7165.08,7290.0,104.0849,0.0
23:10:37,7165.08,7295.0,43.9082,0.0
23:10:37,7165.08,7300.0,95.4905,0.0
23:10:37,7165.08,7305.0,6.3165,0.0
23:10:37,7165.08,7310.0,56.9585,0.0
23:10:37,7165.08,7315.0,29.3403,0.0
23:10:37,7165.08,7320.0,72.7014,0.0
23:10:37,7165.08,7325.0,21.8798,0.0
23:10:37,7165.08,7330.0,57.2859,0.0
23:10:37,7165.08,7335.0,0.3669,0.0
23:10:37,7165.08,7340.0,6.7209,0.0
23:10:37,7165.08,7345.0,0.2152,0.0
23:10:37,7165.08,7350.0,29.7588,0.0
23:10:37,7165.08,7360.0,2.9159,247.0
23:10:37,7165.08,7370.0,7.6608,771.0
23:10:37,7165.08,7375.0,25.4988,10617.0
23:10:37,7165.08,7380.0,12.2625,5152.0
23:10:37,7165.08,7390.0,33.0928,2139.0
23:10:37,7165.08,7400.0,15.4658,4230.0
23:10:37,7165.08,7410.0,0.0095,65.0
23:10:37,7165.08,7425.0,4.2126,194.0
23:10:37,7165.08,7450.0,1.5767,474.0
23:10:37,7165.08,7475.0,0.0336,140.0
23:10:37,7165.08,7500.0,0.1662,296.0
23:10:37,7165.08,7550.0,0.0005,0.0
23:10:37,7165.08,7600.0,0.0006,2.0
23:10:37,7165.08,7700.0,0.0001,0.0
23:10:37,7165.08,7800.0,0.0,1.0
23:10:37,7165.08,8000.0,0.0,2.0
23:10:37,7165.08,8800.0,0.0,2.0
23:10:37,7165.08,9200.0,0.0,1.0
23:13:03,7165.08,4600.0,-0.0,4.0
23:13:03,7165.08,5300.0,-0.0,1.0
23:13:03,7165.08,5400.0,-0.0,3.0
23:13:03,7165.08,5500.0,-0.0,1.0
23:13:03,7165.08,5575.0,-0.0,1.0
23:13:03,7165.08,5625.0,-0.0,1.0
23:13:03,7165.08,5650.0,-0.0,1.0
23:13:03,7165.08,5800.0,-0.0,4.0
23:13:03,7165.08,5900.0,-0.0,3.0
23:13:03,7165.08,6000.0,-0.0,24.0
23:13:03,7165.08,6100.0,-0.0,876.0
23:13:03,7165.08,6110.0,-0.0,105.0
23:13:03,7165.08,6120.0,-0.0,81.0
23:13:03,7165.08,6125.0,-0.0,13.0
23:13:03,7165.08,6130.0,-0.0,3.0
23:13:03,7165.08,6140.0,-0.0,100.0
23:13:03,7165.08,6150.0,-0.0,297.0
23:13:03,7165.08,6160.0,-0.0,85.0
23:13:03,7165.08,6170.0,-0.0,87.0
23:13:03,7165.08,6175.0,-0.0,163.0
23:13:03,7165.08,6180.0,-0.0,10.0
23:13:03,7165.08,6190.0,-0.0026,97.0
23:13:03,7165.08,6200.0,-0.0,1177.0
23:13:03,7165.08,6210.0,-0.0984,0.0
23:13:03,7165.08,6220.0,-0.0021,40.0
23:13:03,7165.08,6225.0,-0.0,150.0
23:13:03,7165.08,6230.0,-0.0072,302.0
23:13:03,7165.08,6240.0,-0.0023,60.0
23:13:03,7165.08,6250.0,-0.0,226.0
23:13:03,7165.08,6260.0,-0.0,200.0
23:13:03,7165.08,6270.0,-0.014,101.0
23:13:03,7165.08,6275.0,-0.0,30.0
23:13:03,7165.08,6280.0,0.0002,20.0
23:13:03,7165.08,6290.0,-0.0,38.0
23:13:03,7165.08,6300.0,-0.0,96.0
23:13:03,7165.08,6310.0,-0.0,161.0
23:13:03,7165.08,6320.0,-0.0,10.0
23:13:03,7165.08,6325.0,-0.0,30.0
23:13:03,7165.08,6330.0,-0.0,196.0
23:13:03,7165.08,6340.0,0.0095,10.0
23:13:03,7165.08,6350.0,-0.0,95.0
23:13:03,7165.08,6360.0,-0.0,58.0
23:13:03,7165.08,6370.0,-0.0,50.0
23:13:03,7165.08,6375.0,-0.0,5.0
23:13:03,7165.08,6380.0,-0.0,44.0
23:13:03,7165.08,6390.0,0.0,11.0
23:13:03,7165.08,6400.0,-0.0,152.0
23:13:03,7165.08,6410.0,-0.0,5.0
23:13:03,7165.08,6420.0,-0.0,14.0
23:13:03,7165.08,6425.0,0.0,52.0
23:13:03,7165.08,6430.0,-0.0573,7.0
23:13:03,7165.08,6440.0,-0.0383,44.0
23:13:03,7165.08,6450.0,-0.0,1068.0
23:13:03,7165.08,6460.0,-0.0,80.0
23:13:03,7165.08,6470.0,-0.0,8.0
23:13:03,7165.08,6475.0,-0.0,3.0
23:13:03,7165.08,6480.0,-0.0,35.0
23:13:03,7165.08,6485.0,0.0043,8.0
23:13:03,7165.08,6490.0,-0.0,5.0
23:13:03,7165.08,6495.0,-0.0092,0.0
23:13:03,7165.08,6500.0,-0.0,70.0
23:13:03,7165.08,6505.0,-0.1222,100.0
23:13:03,7165.08,6510.0,-0.0,118.0
23:13:03,7165.08,6515.0,0.0164,117.0
23:13:03,7165.08,6520.0,-0.0,29.0
23:13:03,7165.08,6525.0,-0.0,4.0
23:13:03,7165.08,6530.0,-0.0,1.0
23:13:03,7165.08,6535.0,-0.0805,64.0
23:13:03,7165.08,6540.0,-0.0,22.0
23:13:03,7165.08,6545.0,-0.0131,58.0
23:13:03,7165.08,6550.0,-0.2663,0.0
23:13:03,7165.08,6555.0,0.0576,27.0
23:13:03,7165.08,6560.0,-0.0,15.0
23:13:03,7165.08,6565.0,-0.0552,3.0
23:13:03,7165.08,6570.0,0.0,1.0
23:13:03,7165.08,6580.0,0.0649,13.0
23:13:03,7165.08,6585.0,-0.0766,48.0
23:13:03,7165.08,6590.0,0.0474,57.0
23:13:03,7165.08,6595.0,-0.0,79.0
23:13:03,7165.08,6600.0,-0.0,4.0
23:13:03,7165.08,6605.0,-0.0,30.0
23:13:03,7165.08,6610.0,0.1515,106.0
23:13:03,7165.08,6615.0,-0.0,95.0
23:13:03,7165.08,6620.0,0.1026,80.0
23:13:03,7165.08,6625.0,0.0,16.0
23:13:03,7165.08,6630.0,-0.0,40.0
23:13:03,7165.08,6635.0,-0.1048,137.0
23:13:03,7165.08,6640.0,0.145,87.0
23:13:03,7165.08,6645.0,-0.1235,27.0
23:13:03,7165.08,6650.0,-0.0,3.0
23:13:03,7165.08,6655.0,-0.1014,70.0
23:13:03,7165.08,6660.0,-0.1662,88.0
23:13:03,7165.08,6665.0,-0.0,6.0
23:13:03,7165.08,6670.0,-0.0568,3.0
23:13:03,7165.08,6675.0,0.0,248.0
23:13:03,7165.08,6680.0,-0.3832,62.0
23:13:03,7165.08,6685.0,-0.0,287.0
23:13:03,7165.08,6690.0,-1.1985,139.0
23:13:03,7165.08,6695.0,-0.0,31.0
23:13:03,7165.08,6700.0,-0.0014,1429.0
23:13:03,7165.08,6705.0,-0.0001,49.0
23:13:03,7165.08,6710.0,-0.5515,565.0
23:13:03,7165.08,6715.0,-0.0002,161.0
23:13:03,7165.08,6720.0,-0.0004,44.0
23:13:03,7165.08,6725.0,-0.0006,1300.0
23:13:03,7165.08,6730.0,-0.0008,63.0
23:13:03,7165.08,6735.0,0.0255,56.0
23:13:03,7165.08,6740.0,-0.0022,181.0
23:13:03,7165.08,6745.0,-0.0006,86.0
23:13:03,7165.08,6750.0,-0.0094,3696.0
23:13:03,7165.08,6755.0,-0.0019,153.0
23:13:03,7165.08,6760.0,-1.966,1867.0
23:13:03,7165.08,6765.0,-0.0031,293.0
23:13:03,7165.08,6770.0,-1.806,136.0
23:13:03,7165.08,6775.0,-0.0042,3448.0
23:13:03,7165.08,6780.0,-0.0111,276.0
23:13:03,7165.08,6785.0,0.0242,130.0
23:13:03,7165.08,6790.0,-0.0215,194.0
23:13:03,7165.08,6795.0,-0.0608,159.0
23:13:03,7165.08,6800.0,-11.7331,2592.0
23:13:03,7165.08,6805.0,-4.2882,347.0
23:13:03,7165.08,6810.0,-3.7409,704.0
23:13:03,7165.08,6815.0,-0.0214,296.0
23:13:03,7165.08,6820.0,-1.649,158.0
23:13:03,7165.08,6825.0,2.1811,1565.0
23:13:03,7165.08,6830.0,-0.0506,188.0
23:13:03,7165.08,6835.0,-0.9594,221.0
23:13:03,7165.08,6840.0,-0.16,1189.0
23:13:03,7165.08,6845.0,-0.2437,4310.0
23:13:03,7165.08,6850.0,-7.8118,4335.0
23:13:03,7165.08,6855.0,-0.413,665.0
23:13:03,7165.08,6860.0,-4.3119,0.0
23:13:03,7165.08,6865.0,-0.6827,0.0
23:13:03,7165.08,6870.0,-0.2721,0.0
23:13:03,7165.08,6875.0,-0.6819,0.0
23:13:03,7165.08,6880.0,-1.0618,0.0
23:13:03,7165.08,6885.0,-13.817,3.0
23:13:03,7165.08,6890.0,-0.825,0.0
23:13:03,7165.08,6895.0,-58.1265,13.0
23:13:03,7165.08,6900.0,-36.6982,0.0
23:13:03,7165.08,6905.0,-2.7141,0.0
23:13:03,7165.08,6910.0,-1.4923,0.0
23:13:03,7165.08,6915.0,-1.2064,82.0
23:13:03,7165.08,6920.0,-0.7761,91.0
23:13:03,7165.08,6925.0,0.7624,791.0
23:13:03,7165.08,6930.0,-5.7977,0.0
23:13:03,7165.08,6935.0,-5.0962,0.0
23:13:03,7165.08,6940.0,1.0832,0.0
23:13:03,7165.08,6945.0,-39.7964,0.0
23:13:03,7165.08,6950.0,-55.891,117.0
23:13:03,7165.08,6955.0,-32.2255,0.0
23:13:03,7165.08,6960.0,-13.141,0.0
23:13:03,7165.08,6965.0,-6.3978,0.0
23:13:03,7165.08,6970.0,-4.1436,0.0
23:13:03,7165.08,6975.0,-15.0898,2648.0
23:13:03,7165.08,6980.0,-14.1651,0.0
23:13:03,7165.08,6985.0,-12.9409,32.0
23:13:03,7165.08,6990.0,-17.337,0.0
23:13:03,7165.08,6995.0,-16.8528,0.0
23:13:03,7165.08,7000.0,-11.9001,0.0
23:13:03,7165.08,7005.0,-126.486,0.0
23:13:03,7165.08,7010.0,-3.803,0.0
23:13:03,7165.08,7015.0,-10.6915,0.0
23:13:03,7165.08,7020.0,-4.5042,0.0
23:13:03,7165.08,7025.0,-23.4067,0.0
23:13:03,7165.08,7030.0,43.0428,0.0
23:13:03,7165.08,7035.0,-20.2507,0.0
23:13:03,7165.08,7040.0,-19.4179,0.0
23:13:03,7165.08,7045.0,308.3998,0.0
23:13:03,7165.08,7050.0,-123.7781,0.0
23:13:03,7165.08,7055.0,-195.4224,0.0
23:13:03,7165.08,7060.0,-22.1311,0.0
23:13:03,7165.08,7065.0,-15.1002,0.0
23:13:03,7165.08,7070.0,3.1324,0.0
23:13:03,7165.08,7075.0,-68.9882,0.0
23:13:03,7165.08,7080.0,-46.3397,0.0
23:13:03,7165.08,7085.0,-23.0963,0.0
23:13:03,7165.08,7090.0,-49.5119,0.0
23:13:03,7165.08,7095.0,-15.3363,0.0
23:13:03,7165.08,7100.0,127.8095,10605.0
23:13:03,7165.08,7105.0,18.294,0.0
23:13:03,7165.08,7110.0,-24.7531,0.0
23:13:03,7165.08,7115.0,22.6923,0.0
23:13:03,7165.08,7120.0,74.7954,0.0
23:13:03,7165.08,7125.0,1.3871,0.0
23:13:03,7165.08,7130.0,1432.7542,0.0
23:13:03,7165.08,7135.0,33.2303,0.0
23:13:03,7165.08,7140.0,281.7618,1894.0
23:13:03,7165.08,7145.0,40.4458,0.0
23:13:03,7165.08,7150.0,95.4028,0.0
23:13:03,7165.08,7155.0,654.3267,0.0
23:13:03,7165.08,7160.0,1144.1108,0.0
23:13:03,7165.08,7165.0,49.9362,0.0
23:13:03,7165.08,7170.0,200.338,0.0
23:13:03,7165.08,7175.0,324.0935,0.0
23:13:03,7165.08,7180.0,122.0941,0.0
23:13:03,7165.08,7185.0,76.5426,0.0
23:13:03,7165.08,7190.0,143.775,0.0
23:13:03,7165.08,7195.0,111.0354,0.0
23:13:03,7165.08,7200.0,681.2964,10217.0
23:13:03,7165.08,7205.0,78.608,0.0
23:13:03,7165.08,7210.0,213.0405,0.0
23:13:03,7165.08,7215.0,117.7262,0.0
23:13:03,7165.08,7220.0,216.5669,0.0
23:13:03,7165.08,7225.0,166.4071,0.0
23:13:03,7165.08,7230.0,178.4028,0.0
23:13:03,7165.08,7235.0,68.8201,0.0
23:13:03,7165.08,7240.0,182.2312,0.0
23:13:03,7165.08,7245.0,89.3606,0.0
23:13:03,7165.08,7250.0,1201.5839,0.0
23:13:03,7165.08,7255.0,447.6,0.0
23:13:03,7165.08,7260.0,120.2444,0.0
23:13:03,7165.08,7265.0,101.798,0.0
23:13:03,7165.08,7270.0,162.8743,0.0
23:13:03,7165.08,7275.0,281.902,0.0
23:13:03,7165.08,7280.0,198.4675,0.0
23:13:03,7165.08,7285.0,46.405,0.0
23:13:03,7165.08,7290.0,104.0849,0.0
23:13:03,7165.08,7295.0,43.9082,0.0
23:13:03,7165.08,7300.0,95.4905,0.0
23:13:03,7165.08,7305.0,6.3165,0.0
23:13:03,7165.08,7310.0,56.9585,0.0
23:13:03,7165.08,7315.0,29.3403,0.0
23:13:03,7165.08,7320.0,72.7014,0.0
23:13:03,7165.08,7325.0,21.8798,0.0
23:13:03,7165.08,7330.0,57.2859,0.0
23:13:03,7165.08,7335.0,0.3669,0.0
23:13:03,7165.08,7340.0,6.7209,0.0
23:13:03,7165.08,7345.0,0.2152,0.0
23:13:03,7165.08,7350.0,29.7588,0.0
23:13:03,7165.08,7360.0,2.9159,247.0
23:13:03,7165.08,7370.0,7.6608,771.0
23:13:03,7165.08,7375.0,25.4988,10617.0
23:13:03,7165.08,7380.0,12.2625,5152.0
23:13:03,7165.08,7390.0,33.0928,2139.0
23:13:03,7165.08,7400.0,15.4658,4230.0
23:13:03,7165.08,7410.0,0.0095,65.0
23:13:03,7165.08,7425.0,4.2126,194.0
23:13:03,7165.08,7450.0,1.5767,474.0
23:13:03,7165.08,7475.0,0.0336,140.0
23:13:03,7165.08,7500.0,0.1662,296.0
23:13:03,7165.08,7550.0,0.0005,0.0
23:13:03,7165.08,7600.0,0.0006,2.0
23:13:03,7165.08,7700.0,0.0001,0.0
23:13:03,7165.08,7800.0,0.0,1.0
23:13:03,7165.08,8000.0,0.0,2.0
23:13:03,7165.08,8800.0,0.0,2.0
23:13:03,7165.08,9200.0,0.0,1.0
