Timestamp,Spot,Strike,NetGEX,Volume
14:45:16,6886.24,6815.0,-108.02,418.0
14:45:16,6886.24,6820.0,-45.5132,577.0
14:45:16,6886.24,6825.0,-130.0248,594.0
14:45:16,6886.24,6830.0,68.6992,469.0
14:45:16,6886.24,6835.0,-40.4034,510.0
14:45:16,6886.24,6840.0,490.5132,839.0
14:45:16,6886.24,6845.0,76.4679,616.0
14:45:16,6886.24,6850.0,-664.1919,2471.0
14:45:16,6886.24,6855.0,-213.776,624.0
14:45:16,6886.24,6860.0,-311.3073,968.0
14:45:16,6886.24,6865.0,-375.1224,1126.0
14:45:16,6886.24,6870.0,-336.0167,962.0
14:45:16,6886.24,6875.0,-539.4456,1043.0
14:45:16,6886.24,6880.0,491.5806,1456.0
14:45:16,6886.24,6885.0,908.9865,1531.0
14:45:16,6886.24,6890.0,762.1789,2217.0
14:45:16,6886.24,6895.0,581.8116,1256.0
14:45:16,6886.24,6900.0,839.4398,2821.0
14:45:16,6886.24,6905.0,308.1603,1317.0
14:45:16,6886.24,6910.0,785.4937,2270.0
14:45:16,6886.24,6915.0,456.7185,1340.0
14:45:16,6886.24,6920.0,1077.8479,3280.0
14:45:16,6886.24,6925.0,895.213,2834.0
14:45:16,6886.24,6930.0,560.8977,3691.0
14:45:16,6886.24,6935.0,721.4946,3058.0
14:45:16,6886.24,6940.0,1946.3167,2047.0
14:45:16,6886.24,6945.0,1068.7427,1661.0
14:45:16,6886.24,6950.0,1697.0832,3207.0
14:45:16,6886.24,6955.0,139.0627,874.0
14:45:16,6886.24,6960.0,393.9054,1440.0
14:46:37,6886.24,6815.0,-116.6998,418.0
14:46:37,6886.24,6820.0,-42.4046,578.0
14:46:37,6886.24,6825.0,-104.6634,594.0
14:46:37,6886.24,6830.0,69.5776,470.0
14:46:37,6886.24,6835.0,-40.4034,519.0
14:46:37,6886.24,6840.0,490.1206,843.0
14:46:37,6886.24,6845.0,140.6877,617.0
14:46:37,6886.24,6850.0,1563.5492,2483.0
14:46:37,6886.24,6855.0,36.2773,625.0
14:46:37,6886.24,6860.0,322.4616,969.0
14:46:37,6886.24,6865.0,223.9152,1234.0
14:46:37,6886.24,6870.0,371.6204,963.0
14:46:37,6886.24,6875.0,830.2812,1045.0
14:46:37,6886.24,6880.0,505.5456,1456.0
14:46:37,6886.24,6885.0,932.6867,1532.0
14:46:37,6886.24,6890.0,768.6256,2229.0
14:46:37,6886.24,6895.0,636.0103,1267.0
14:46:37,6886.24,6900.0,1874.0983,2837.0
14:46:37,6886.24,6905.0,1755.3772,1323.0
14:46:37,6886.24,6910.0,1401.3145,2281.0
14:46:37,6886.24,6915.0,1166.1783,1347.0
14:46:37,6886.24,6920.0,1511.295,3287.0
14:46:37,6886.24,6925.0,1427.2902,2836.0
14:46:37,6886.24,6930.0,921.3378,3713.0
14:46:37,6886.24,6935.0,720.7498,3077.0
14:46:37,6886.24,6940.0,1946.5444,2066.0
14:46:37,6886.24,6945.0,1075.122,1664.0
14:46:37,6886.24,6950.0,2899.1161,3213.0
14:46:37,6886.24,6955.0,239.5631,882.0
14:46:37,6886.24,6960.0,688.6704,1440.0
14:48:47,6886.24,6815.0,-119.1892,418.0
14:48:47,6886.24,6820.0,-43.1958,578.0
14:48:47,6886.24,6825.0,-107.4186,595.0
14:48:47,6886.24,6830.0,70.5802,470.0
14:48:47,6886.24,6835.0,-41.5393,520.0
14:48:47,6886.24,6840.0,320.5498,843.0
14:48:47,6886.24,6845.0,48.7493,618.0
14:48:47,6886.24,6850.0,726.4236,2485.0
14:48:47,6886.24,6855.0,36.2773,625.0
14:48:47,6886.24,6860.0,127.0502,975.0
14:48:47,6886.24,6865.0,159.159,1248.0
14:48:47,6886.24,6870.0,371.6204,966.0
14:48:47,6886.24,6875.0,828.3255,1150.0
14:48:47,6886.24,6880.0,495.9799,1457.0
14:48:47,6886.24,6885.0,918.8191,1739.0
14:48:47,6886.24,6890.0,758.9065,2232.0
14:48:47,6886.24,6895.0,631.8703,1273.0
14:48:47,6886.24,6900.0,1874.0983,2844.0
14:48:47,6886.24,6905.0,1755.3772,1475.0
14:48:47,6886.24,6910.0,1393.2579,2287.0
14:48:47,6886.24,6915.0,1166.0989,1354.0
14:48:47,6886.24,6920.0,1511.0124,3291.0
14:48:47,6886.24,6925.0,1428.2559,2853.0
14:48:47,6886.24,6930.0,901.9668,3718.0
14:48:47,6886.24,6935.0,1189.3731,3078.0
14:48:47,6886.24,6940.0,1875.6347,2070.0
14:48:47,6886.24,6945.0,1057.5752,1667.0
14:48:47,6886.24,6950.0,2976.7697,3229.0
14:48:47,6886.24,6955.0,245.9391,882.0
14:48:47,6886.24,6960.0,688.6555,1440.0
14:50:57,6886.24,6815.0,-114.2396,418.0
14:50:57,6886.24,6820.0,-41.7477,578.0
14:50:57,6886.24,6825.0,-105.8827,595.0
14:50:57,6886.24,6830.0,69.5368,470.0
14:50:57,6886.24,6835.0,-41.1189,520.0
14:50:57,6886.24,6840.0,320.5498,847.0
14:50:57,6886.24,6845.0,48.7493,622.0
14:50:57,6886.24,6850.0,715.9794,2689.0
14:50:57,6886.24,6855.0,38.6097,625.0
14:50:57,6886.24,6860.0,121.9536,993.0
14:50:57,6886.24,6865.0,160.4486,1254.0
14:50:57,6886.24,6870.0,376.1431,969.0
14:50:57,6886.24,6875.0,835.1136,1350.0
14:50:57,6886.24,6880.0,507.5603,1458.0
14:50:57,6886.24,6885.0,915.6745,2149.0
14:50:57,6886.24,6890.0,767.7295,2236.0
14:50:57,6886.24,6895.0,634.6422,1272.0
14:50:57,6886.24,6900.0,1866.1181,2860.0
14:50:57,6886.24,6905.0,1746.5335,1691.0
14:50:57,6886.24,6910.0,1386.6412,2302.0
14:50:57,6886.24,6915.0,1167.2363,1362.0
14:50:57,6886.24,6920.0,1520.8078,3298.0
14:50:57,6886.24,6925.0,1393.8211,2864.0
14:50:57,6886.24,6930.0,900.3254,3758.0
14:50:57,6886.24,6935.0,1201.6872,3154.0
14:50:57,6886.24,6940.0,1898.4804,2122.0
14:50:57,6886.24,6945.0,994.9949,1668.0
14:50:57,6886.24,6950.0,2763.7859,3222.0
14:50:57,6886.24,6955.0,224.8188,883.0
14:50:57,6886.24,6960.0,636.536,1441.0
14:53:06,6886.24,6815.0,-121.9855,418.0
14:53:06,6886.24,6820.0,-44.5288,678.0
14:53:06,6886.24,6825.0,-105.8827,599.0
14:53:06,6886.24,6830.0,74.1039,571.0
14:53:06,6886.24,6835.0,-43.5724,522.0
14:53:06,6886.24,6840.0,343.9386,850.0
14:53:06,6886.24,6845.0,52.5329,622.0
14:53:06,6886.24,6850.0,767.4353,2704.0
14:53:06,6886.24,6855.0,39.5057,630.0
14:53:06,6886.24,6860.0,128.9197,1016.0
14:53:06,6886.24,6865.0,162.5464,1256.0
14:53:06,6886.24,6870.0,378.2032,973.0
14:53:06,6886.24,6875.0,846.357,1550.0
14:53:06,6886.24,6880.0,513.8843,1460.0
14:53:06,6886.24,6885.0,940.0605,2561.0
14:53:06,6886.24,6890.0,772.1859,2238.0
14:53:06,6886.24,6895.0,639.0061,1283.0
14:53:06,6886.24,6900.0,1859.1268,2875.0
14:53:06,6886.24,6905.0,1732.6653,1892.0
14:53:06,6886.24,6910.0,1360.32,2306.0
14:53:06,6886.24,6915.0,1144.7694,1372.0
14:53:06,6886.24,6920.0,1472.0577,3316.0
14:53:06,6886.24,6925.0,1321.2179,2896.0
14:53:06,6886.24,6930.0,865.8833,3805.0
14:53:06,6886.24,6935.0,1153.0497,3194.0
14:53:06,6886.24,6940.0,1772.7971,2153.0
14:53:06,6886.24,6945.0,959.4528,1695.0
14:53:06,6886.24,6950.0,2666.0302,3256.0
14:53:06,6886.24,6955.0,218.161,887.0
14:53:06,6886.24,6960.0,624.138,1443.0
14:55:16,6886.24,6815.0,-121.9855,418.0
14:55:16,6886.24,6820.0,-44.5288,678.0
14:55:16,6886.24,6825.0,-114.1231,599.0
14:55:16,6886.24,6830.0,75.0077,575.0
14:55:16,6886.24,6835.0,-43.9649,543.0
14:55:16,6886.24,6840.0,349.8693,854.0
14:55:16,6886.24,6845.0,53.3104,632.0
14:55:16,6886.24,6850.0,779.2724,2779.0
14:55:16,6886.24,6855.0,40.1904,650.0
14:55:16,6886.24,6860.0,129.4103,1022.0
14:55:16,6886.24,6865.0,162.5138,1285.0
14:55:16,6886.24,6870.0,378.6864,978.0
14:55:16,6886.24,6875.0,843.991,1555.0
14:55:16,6886.24,6880.0,513.8843,1477.0
14:55:16,6886.24,6885.0,931.885,2586.0
14:55:16,6886.24,6890.0,772.7224,2277.0
14:55:16,6886.24,6895.0,639.0061,1312.0
14:55:16,6886.24,6900.0,1865.2823,2897.0
14:55:16,6886.24,6905.0,1726.5152,1917.0
14:55:16,6886.24,6910.0,1357.9794,2333.0
14:55:16,6886.24,6915.0,1140.3244,1375.0
14:55:16,6886.24,6920.0,1477.1239,3367.0
14:55:16,6886.24,6925.0,1342.0078,2906.0
14:55:16,6886.24,6930.0,861.9459,3849.0
14:55:16,6886.24,6935.0,1141.1953,3241.0
14:55:16,6886.24,6940.0,1800.0479,2170.0
14:55:16,6886.24,6945.0,938.1093,1705.0
14:55:16,6886.24,6950.0,2666.0302,3351.0
14:55:16,6886.24,6955.0,218.161,891.0
14:55:16,6886.24,6960.0,607.6746,1443.0
14:57:25,6886.24,6815.0,-121.478,418.0
14:57:25,6886.24,6820.0,-44.5526,778.0
14:57:25,6886.24,6825.0,-112.0499,602.0
14:57:25,6886.24,6830.0,75.0077,576.0
14:57:25,6886.24,6835.0,-43.9649,543.0
14:57:25,6886.24,6840.0,349.8693,856.0
14:57:25,6886.24,6845.0,53.3104,632.0
14:57:25,6886.24,6850.0,779.2724,2782.0
14:57:25,6886.24,6855.0,38.988,653.0
14:57:25,6886.24,6860.0,129.6793,1023.0
14:57:25,6886.24,6865.0,160.5032,1288.0
14:57:25,6886.24,6870.0,380.5394,979.0
14:57:25,6886.24,6875.0,843.5678,1555.0
14:57:25,6886.24,6880.0,505.9639,1480.0
14:57:25,6886.24,6885.0,931.4383,2589.0
14:57:25,6886.24,6890.0,774.2586,2300.0
14:57:25,6886.24,6895.0,642.6958,1314.0
14:57:25,6886.24,6900.0,1886.1957,2909.0
14:57:25,6886.24,6905.0,1758.6023,1924.0
14:57:25,6886.24,6910.0,1391.9008,2336.0
14:57:25,6886.24,6915.0,1169.705,1380.0
14:57:25,6886.24,6920.0,1519.7934,3372.0
14:57:25,6886.24,6925.0,1341.4118,2915.0
14:57:25,6886.24,6930.0,861.9459,3857.0
14:57:25,6886.24,6935.0,1141.1953,3244.0
14:57:25,6886.24,6940.0,1800.0479,2173.0
14:57:25,6886.24,6945.0,976.4312,1715.0
14:57:25,6886.24,6950.0,2721.4108,3385.0
14:57:25,6886.24,6955.0,223.9316,892.0
14:57:25,6886.24,6960.0,646.612,1487.0
14:59:35,6886.24,6815.0,-121.478,418.0
14:59:35,6886.24,6820.0,-44.5526,779.0
14:59:35,6886.24,6825.0,-111.5365,602.0
14:59:35,6886.24,6830.0,72.9389,676.0
14:59:35,6886.24,6835.0,-42.8734,544.0
14:59:35,6886.24,6840.0,335.4731,857.0
14:59:35,6886.24,6845.0,51.209,634.0
14:59:35,6886.24,6850.0,751.851,2784.0
14:59:35,6886.24,6855.0,38.988,654.0
14:59:35,6886.24,6860.0,129.6793,1062.0
14:59:35,6886.24,6865.0,160.5032,1289.0
14:59:35,6886.24,6870.0,380.5394,985.0
14:59:35,6886.24,6875.0,843.9787,1556.0
14:59:35,6886.24,6880.0,506.3924,1480.0
14:59:35,6886.24,6885.0,932.2164,2604.0
14:59:35,6886.24,6890.0,773.2356,2310.0
14:59:35,6886.24,6895.0,640.1047,1315.0
14:59:35,6886.24,6900.0,1877.346,2913.0
14:59:35,6886.24,6905.0,1758.6023,1987.0
14:59:35,6886.24,6910.0,1391.9008,2338.0
14:59:35,6886.24,6915.0,1169.7306,1400.0
14:59:35,6886.24,6920.0,1519.7934,3376.0
14:59:35,6886.24,6925.0,1370.8809,2920.0
14:59:35,6886.24,6930.0,861.3644,3875.0
14:59:35,6886.24,6935.0,1163.7234,3254.0
14:59:35,6886.24,6940.0,1818.6255,2196.0
14:59:35,6886.24,6945.0,976.3056,1719.0
14:59:35,6886.24,6950.0,2721.4108,3424.0
14:59:35,6886.24,6955.0,223.9316,892.0
14:59:35,6886.24,6960.0,646.612,1488.0
15:01:44,6886.24,6815.0,-124.3164,419.0
15:01:44,6886.24,6820.0,-45.2421,779.0
15:01:44,6886.24,6825.0,-113.2739,603.0
15:01:44,6886.24,6830.0,74.8068,676.0
15:01:44,6886.24,6835.0,-123.3758,560.0
15:01:44,6886.24,6840.0,335.4731,859.0
15:01:44,6886.24,6845.0,51.2812,640.0
15:01:44,6886.24,6850.0,752.9348,2790.0
15:01:44,6886.24,6855.0,38.3479,659.0
15:01:44,6886.24,6860.0,128.0408,1065.0
15:01:44,6886.24,6865.0,161.6971,1291.0
15:01:44,6886.24,6870.0,373.7563,999.0
15:01:44,6886.24,6875.0,847.786,1563.0
15:01:44,6886.24,6880.0,504.3056,1481.0
15:01:44,6886.24,6885.0,921.1862,2636.0
15:01:44,6886.24,6890.0,759.7396,2313.0
15:01:44,6886.24,6895.0,628.5035,1328.0
15:01:44,6886.24,6900.0,1835.8637,2935.0
15:01:44,6886.24,6905.0,1712.6322,2133.0
15:01:44,6886.24,6910.0,1353.3311,2341.0
15:01:44,6886.24,6915.0,1138.5566,1405.0
15:01:44,6886.24,6920.0,1474.8301,3382.0
15:01:44,6886.24,6925.0,1370.5035,2940.0
15:01:44,6886.24,6930.0,874.2103,3883.0
15:01:44,6886.24,6935.0,1163.7234,3262.0
15:01:44,6886.24,6940.0,1818.5646,2206.0
15:01:44,6886.24,6945.0,1015.8971,1728.0
15:01:44,6886.24,6950.0,2855.5176,3430.0
15:01:44,6886.24,6955.0,236.6829,893.0
15:01:44,6886.24,6960.0,687.1371,1488.0
15:03:54,6886.24,6815.0,-124.3164,429.0
15:03:54,6886.24,6820.0,-45.2421,782.0
15:03:54,6886.24,6825.0,-116.4848,606.0
15:03:54,6886.24,6830.0,75.2786,679.0
15:03:54,6886.24,6835.0,-44.0135,563.0
15:03:54,6886.24,6840.0,336.4463,861.0
15:03:54,6886.24,6845.0,51.0512,640.0
15:03:54,6886.24,6850.0,745.2062,2803.0
15:03:54,6886.24,6855.0,38.3479,679.0
15:03:54,6886.24,6860.0,128.0408,1078.0
15:03:54,6886.24,6865.0,161.6971,1295.0
15:03:54,6886.24,6870.0,373.7563,1023.0
15:03:54,6886.24,6875.0,839.0626,1565.0
15:03:54,6886.24,6880.0,501.4848,1485.0
15:03:54,6886.24,6885.0,924.107,2637.0
15:03:54,6886.24,6890.0,760.8878,2339.0
15:03:54,6886.24,6895.0,629.9647,1329.0
15:03:54,6886.24,6900.0,1835.8637,2947.0
15:03:54,6886.24,6905.0,1712.6322,2135.0
15:03:54,6886.24,6910.0,1353.3311,2352.0
15:03:54,6886.24,6915.0,1138.493,1406.0
15:03:54,6886.24,6920.0,1474.8301,3415.0
15:03:54,6886.24,6925.0,1350.4594,2942.0
15:03:54,6886.24,6930.0,854.7596,3889.0
15:03:54,6886.24,6935.0,1167.4336,3269.0
15:03:54,6886.24,6940.0,1845.0182,2218.0
15:03:54,6886.24,6945.0,990.5556,1744.0
15:03:54,6886.24,6950.0,2855.5176,3455.0
15:03:54,6886.24,6955.0,236.6829,895.0
15:03:54,6886.24,6960.0,687.1371,1489.0
15:06:03,6886.24,6815.0,-126.5992,431.0
15:06:03,6886.24,6820.0,-45.9181,782.0
15:06:03,6886.24,6825.0,-111.7409,607.0
15:06:03,6886.24,6830.0,73.675,681.0
15:06:03,6886.24,6835.0,-44.2756,564.0
15:06:03,6886.24,6840.0,345.6083,864.0
15:06:03,6886.24,6845.0,52.4211,641.0
15:06:03,6886.24,6850.0,765.6679,2806.0
15:06:03,6886.24,6855.0,40.0682,681.0
15:06:03,6886.24,6860.0,128.166,1079.0
15:06:03,6886.24,6865.0,160.4527,1298.0
15:06:03,6886.24,6870.0,381.2106,1026.0
15:06:03,6886.24,6875.0,850.5248,1567.0
15:06:03,6886.24,6880.0,506.7761,1487.0
15:06:03,6886.24,6885.0,924.7353,2638.0
15:06:03,6886.24,6890.0,763.0536,2350.0
15:06:03,6886.24,6895.0,631.3582,1334.0
15:06:03,6886.24,6900.0,1841.1845,2954.0
15:06:03,6886.24,6905.0,1715.6334,2163.0
15:06:03,6886.24,6910.0,1353.3187,2367.0
15:06:03,6886.24,6915.0,1138.526,1408.0
15:06:03,6886.24,6920.0,1470.709,3442.0
15:06:03,6886.24,6925.0,1340.1997,2947.0
15:06:03,6886.24,6930.0,870.2619,3918.0
15:06:03,6886.24,6935.0,1135.7838,3272.0
15:06:03,6886.24,6940.0,1745.349,2227.0
15:06:03,6886.24,6945.0,957.6861,1752.0
15:06:03,6886.24,6950.0,2677.5385,3494.0
15:06:03,6886.24,6955.0,221.5417,895.0
15:06:03,6886.24,6960.0,643.6451,1489.0
15:08:13,6886.24,6815.0,-122.8693,432.0
15:08:13,6886.24,6820.0,-44.5782,782.0
15:08:13,6886.24,6825.0,-112.2708,608.0
15:08:13,6886.24,6830.0,74.1403,682.0
15:08:13,6886.24,6835.0,-43.8099,568.0
15:08:13,6886.24,6840.0,342.0292,878.0
15:08:13,6886.24,6845.0,53.5696,642.0
15:08:13,6886.24,6850.0,779.5101,2810.0
15:08:13,6886.24,6855.0,40.0682,685.0
15:08:13,6886.24,6860.0,128.166,1081.0
15:08:13,6886.24,6865.0,160.4527,1300.0
15:08:13,6886.24,6870.0,381.2106,1033.0
15:08:13,6886.24,6875.0,850.5248,1571.0
15:08:13,6886.24,6880.0,504.2104,1487.0
15:08:13,6886.24,6885.0,926.5007,2640.0
15:08:13,6886.24,6890.0,765.9398,2352.0
15:08:13,6886.24,6895.0,636.5306,1338.0
15:08:13,6886.24,6900.0,1858.0607,2979.0
15:08:13,6886.24,6905.0,1715.6334,2174.0
15:08:13,6886.24,6910.0,1353.3187,2386.0
15:08:13,6886.24,6915.0,1138.4068,1412.0
15:08:13,6886.24,6920.0,1470.709,3445.0
15:08:13,6886.24,6925.0,1329.039,2950.0
15:08:13,6886.24,6930.0,851.8632,3930.0
15:08:13,6886.24,6935.0,1168.6382,3279.0
15:08:13,6886.24,6940.0,1844.6728,2235.0
15:08:13,6886.24,6945.0,995.6129,1756.0
15:08:13,6886.24,6950.0,2796.3149,3499.0
15:08:13,6886.24,6955.0,232.0528,898.0
15:08:13,6886.24,6960.0,675.0043,1489.0
15:10:23,6886.24,6815.0,-124.229,432.0
15:10:23,6886.24,6820.0,-45.1551,783.0
15:10:23,6886.24,6825.0,-114.7137,610.0
15:10:23,6886.24,6830.0,75.345,685.0
15:10:23,6886.24,6835.0,-43.8099,568.0
15:10:23,6886.24,6840.0,342.0292,891.0
15:10:23,6886.24,6845.0,52.0297,652.0
15:10:23,6886.24,6850.0,758.4889,2821.0
15:10:23,6886.24,6855.0,39.3368,689.0
15:10:23,6886.24,6860.0,130.8034,1085.0
15:10:23,6886.24,6865.0,163.9046,1329.0
15:10:23,6886.24,6870.0,381.7331,1035.0
15:10:23,6886.24,6875.0,852.9604,1572.0
15:10:23,6886.24,6880.0,508.0244,1488.0
15:10:23,6886.24,6885.0,941.8531,2650.0
15:10:23,6886.24,6890.0,776.5112,2360.0
15:10:23,6886.24,6895.0,639.1696,1338.0
15:10:23,6886.24,6900.0,1875.5467,2985.0
15:10:23,6886.24,6905.0,1734.1273,2177.0
15:10:23,6886.24,6910.0,1372.5083,2391.0
15:10:23,6886.24,6915.0,1142.3913,1414.0
15:10:23,6886.24,6920.0,1472.6963,3447.0
15:10:23,6886.24,6925.0,1352.3872,2950.0
15:10:23,6886.24,6930.0,867.6679,3946.0
15:10:23,6886.24,6935.0,1168.6382,3284.0
15:10:23,6886.24,6940.0,1844.8349,2251.0
15:10:23,6886.24,6945.0,973.478,1759.0
15:10:23,6886.24,6950.0,2727.6669,3501.0
15:10:23,6886.24,6955.0,225.9632,898.0
15:10:23,6886.24,6960.0,658.3828,1491.0
15:12:32,6886.24,6815.0,-121.1392,432.0
15:12:32,6886.24,6820.0,-43.8897,784.0
15:12:32,6886.24,6825.0,-114.7137,629.0
15:12:32,6886.24,6830.0,73.1379,686.0
15:12:32,6886.24,6835.0,-43.2392,578.0
15:12:32,6886.24,6840.0,333.5646,901.0
15:12:32,6886.24,6845.0,50.7165,660.0
15:12:32,6886.24,6850.0,736.6138,2842.0
15:12:32,6886.24,6855.0,37.9865,693.0
15:12:32,6886.24,6860.0,140.7638,1095.0
15:12:32,6886.24,6865.0,163.9046,1363.0
15:12:32,6886.24,6870.0,381.7331,1042.0
15:12:32,6886.24,6875.0,826.6268,1573.0
15:12:32,6886.24,6880.0,496.2431,1489.0
15:12:32,6886.24,6885.0,920.7999,2654.0
15:12:32,6886.24,6890.0,763.9103,2369.0
15:12:32,6886.24,6895.0,637.122,1345.0
15:12:32,6886.24,6900.0,1871.5295,2992.0
15:12:32,6886.24,6905.0,1734.1273,2181.0
15:12:32,6886.24,6910.0,1372.5083,2413.0
15:12:32,6886.24,6915.0,1171.0617,1417.0
15:12:32,6886.24,6920.0,1519.8077,3449.0
15:12:32,6886.24,6925.0,1377.1452,2953.0
15:12:32,6886.24,6930.0,893.6727,3958.0
15:12:32,6886.24,6935.0,1179.8536,3299.0
15:12:32,6886.24,6940.0,1854.1576,2253.0
15:12:32,6886.24,6945.0,1019.4043,1764.0
15:12:32,6886.24,6950.0,2871.8531,3488.0
15:12:32,6886.24,6955.0,239.1896,898.0
15:12:32,6886.24,6960.0,699.84,1491.0
15:14:42,6886.24,6815.0,-117.7939,432.0
15:14:42,6886.24,6820.0,-42.6464,785.0
15:14:42,6886.24,6825.0,-107.8738,631.0
15:14:42,6886.24,6830.0,70.7128,688.0
15:14:42,6886.24,6835.0,-43.2392,590.0
15:14:42,6886.24,6840.0,333.5646,902.0
15:14:42,6886.24,6845.0,50.7165,661.0
15:14:42,6886.24,6850.0,736.6138,2852.0
15:14:42,6886.24,6855.0,36.9759,696.0
15:14:42,6886.24,6860.0,121.9531,1096.0
15:14:42,6886.24,6865.0,153.9268,1381.0
15:14:42,6886.24,6870.0,366.1191,1047.0
15:14:42,6886.24,6875.0,821.053,1575.0
15:14:42,6886.24,6880.0,492.4217,1494.0
15:14:42,6886.24,6885.0,901.5274,2662.0
15:14:42,6886.24,6890.0,752.2954,2375.0
15:14:42,6886.24,6895.0,632.4356,1350.0
15:14:42,6886.24,6900.0,1862.4191,2996.0
15:14:42,6886.24,6905.0,1751.5182,2188.0
15:14:42,6886.24,6910.0,1393.7169,2420.0
15:14:42,6886.24,6915.0,1181.8445,1427.0
15:14:42,6886.24,6920.0,1555.1947,3459.0
15:14:42,6886.24,6925.0,1376.2204,3031.0
15:14:42,6886.24,6930.0,893.6727,3974.0
15:14:42,6886.24,6935.0,1179.8536,3356.0
15:14:42,6886.24,6940.0,1853.9417,2263.0
15:14:42,6886.24,6945.0,1066.3754,1768.0
15:14:42,6886.24,6950.0,3020.0894,3509.0
15:14:42,6886.24,6955.0,252.6733,902.0
15:14:42,6886.24,6960.0,741.0892,1511.0
15:16:51,6886.24,6815.0,-112.1509,434.0
15:16:51,6886.24,6820.0,-40.4411,785.0
15:16:51,6886.24,6825.0,-107.8738,631.0
15:16:51,6886.24,6830.0,67.971,689.0
15:16:51,6886.24,6835.0,-40.4286,591.0
15:16:51,6886.24,6840.0,311.1041,902.0
15:16:51,6886.24,6845.0,47.3641,663.0
15:16:51,6886.24,6850.0,691.8964,2854.0
15:16:51,6886.24,6855.0,35.7325,698.0
15:16:51,6886.24,6860.0,118.8195,1101.0
15:16:51,6886.24,6865.0,148.7664,1391.0
15:16:51,6886.24,6870.0,353.4205,1056.0
15:16:51,6886.24,6875.0,791.2745,1578.0
15:16:51,6886.24,6880.0,479.3812,1502.0
15:16:51,6886.24,6885.0,890.2625,2677.0
15:16:51,6886.24,6890.0,743.5763,2378.0
15:16:51,6886.24,6895.0,626.3153,1352.0
15:16:51,6886.24,6900.0,1862.9864,3049.0
15:16:51,6886.24,6905.0,1759.9081,2232.0
15:16:51,6886.24,6910.0,1412.046,2431.0
15:16:51,6886.24,6915.0,1202.0246,1429.0
15:16:51,6886.24,6920.0,1570.1539,3476.0
15:16:51,6886.24,6925.0,1449.0718,3073.0
15:16:51,6886.24,6930.0,942.5653,4056.0
15:16:51,6886.24,6935.0,1271.2224,3375.0
15:16:51,6886.24,6940.0,2018.389,2333.0
15:16:51,6886.24,6945.0,1120.7312,1782.0
15:16:51,6886.24,6950.0,3184.8162,3700.0
15:16:51,6886.24,6955.0,267.3314,902.0
15:16:51,6886.24,6960.0,787.4258,1521.0
15:19:01,6886.24,6815.0,-110.7473,437.0
15:19:01,6886.24,6820.0,-39.8473,785.0
15:19:01,6886.24,6825.0,-101.6659,631.0
15:19:01,6886.24,6830.0,67.3169,700.0
15:19:01,6886.24,6835.0,-40.4286,592.0
15:19:01,6886.24,6840.0,311.1041,921.0
15:19:01,6886.24,6845.0,47.3641,663.0
15:19:01,6886.24,6850.0,691.8964,2860.0
15:19:01,6886.24,6855.0,35.7325,703.0
15:19:01,6886.24,6860.0,116.2475,1115.0
15:19:01,6886.24,6865.0,145.1883,1408.0
15:19:01,6886.24,6870.0,340.4672,1060.0
15:19:01,6886.24,6875.0,771.2414,1580.0
15:19:01,6886.24,6880.0,466.5731,1506.0
15:19:01,6886.24,6885.0,875.87,2680.0
15:19:01,6886.24,6890.0,736.4344,2399.0
15:19:01,6886.24,6895.0,621.6457,1378.0
15:19:01,6886.24,6900.0,1862.8888,3079.0
15:19:01,6886.24,6905.0,1773.3934,2238.0
15:19:01,6886.24,6910.0,1433.7768,2445.0
15:19:01,6886.24,6915.0,1223.1222,1448.0
15:19:01,6886.24,6920.0,1570.1539,3494.0
15:19:01,6886.24,6925.0,1448.1409,3086.0
15:19:01,6886.24,6930.0,942.5653,4112.0
15:19:01,6886.24,6935.0,1271.2224,3400.0
15:19:01,6886.24,6940.0,2064.8981,2409.0
15:19:01,6886.24,6945.0,1150.0266,1790.0
15:19:01,6886.24,6950.0,3264.6495,3723.0
15:19:01,6886.24,6955.0,272.3253,902.0
15:19:01,6886.24,6960.0,794.0263,1524.0
15:21:10,6886.24,6815.0,-113.8081,437.0
15:21:10,6886.24,6820.0,-40.9921,791.0
15:21:10,6886.24,6825.0,-102.1126,632.0
15:21:10,6886.24,6830.0,67.3169,698.0
15:21:10,6886.24,6835.0,-39.7198,595.0
15:21:10,6886.24,6840.0,302.8967,929.0
15:21:10,6886.24,6845.0,46.0258,664.0
15:21:10,6886.24,6850.0,669.2846,2875.0
15:21:10,6886.24,6855.0,35.6474,707.0
15:21:10,6886.24,6860.0,117.3708,1115.0
15:21:10,6886.24,6865.0,148.4777,1414.0
15:21:10,6886.24,6870.0,350.9131,1060.0
15:21:10,6886.24,6875.0,792.0966,1580.0
15:21:10,6886.24,6880.0,477.9862,1508.0
15:21:10,6886.24,6885.0,883.4772,2744.0
15:21:10,6886.24,6890.0,740.3886,2414.0
15:21:10,6886.24,6895.0,624.4581,1386.0
15:21:10,6886.24,6900.0,1864.2301,3085.0
15:21:10,6886.24,6905.0,1765.1766,2250.0
15:21:10,6886.24,6910.0,1425.7818,2449.0
15:21:10,6886.24,6915.0,1213.0132,1449.0
15:21:10,6886.24,6920.0,1600.1371,3576.0
15:21:10,6886.24,6925.0,1494.4257,3101.0
15:21:10,6886.24,6930.0,980.4256,4145.0
15:21:10,6886.24,6935.0,1301.9246,3437.0
15:21:10,6886.24,6940.0,2064.8981,2414.0
15:21:10,6886.24,6945.0,1113.05,1801.0
15:21:10,6886.24,6950.0,3150.8378,3751.0
15:21:10,6886.24,6955.0,262.8515,902.0
15:21:10,6886.24,6960.0,766.5354,1525.0
15:23:20,6886.24,6815.0,-118.9512,438.0
15:23:20,6886.24,6820.0,-42.7373,792.0
15:23:20,6886.24,6825.0,-102.1126,632.0
15:23:20,6886.24,6830.0,69.7943,700.0
15:23:20,6886.24,6835.0,-41.6114,595.0
15:23:20,6886.24,6840.0,319.7389,944.0
15:23:20,6886.24,6845.0,47.4908,665.0
15:23:20,6886.24,6850.0,692.1237,2875.0
15:23:20,6886.24,6855.0,36.1289,712.0
15:23:20,6886.24,6860.0,120.7399,1116.0
15:23:20,6886.24,6865.0,152.8238,1626.0
15:23:20,6886.24,6870.0,358.2771,1072.0
15:23:20,6886.24,6875.0,807.1827,1582.0
15:23:20,6886.24,6880.0,485.483,1511.0
15:23:20,6886.24,6885.0,900.8325,2751.0
15:23:20,6886.24,6890.0,752.4496,2422.0
15:23:20,6886.24,6895.0,634.5451,1411.0
15:23:20,6886.24,6900.0,1877.7735,3092.0
15:23:20,6886.24,6905.0,1775.4876,2273.0
15:23:20,6886.24,6910.0,1420.391,2464.0
15:23:20,6886.24,6915.0,1208.5755,1457.0
15:23:20,6886.24,6920.0,1578.3319,3591.0
15:23:20,6886.24,6925.0,1481.7647,3108.0
15:23:20,6886.24,6930.0,950.3945,4204.0
15:23:20,6886.24,6935.0,1233.6915,3678.0
15:23:20,6886.24,6940.0,1964.285,2430.0
15:23:20,6886.24,6945.0,1069.15,1814.0
15:23:20,6886.24,6950.0,3093.5163,3772.0
15:23:20,6886.24,6955.0,258.4713,905.0
15:23:20,6886.24,6960.0,754.7726,1541.0
15:25:29,6886.24,6815.0,-257.0901,444.0
15:25:29,6886.24,6820.0,-87.6268,793.0
15:25:29,6886.24,6825.0,-208.5481,635.0
15:25:29,6886.24,6830.0,130.1854,711.0
15:25:29,6886.24,6835.0,-72.2094,596.0
15:25:29,6886.24,6840.0,521.0878,945.0
15:25:29,6886.24,6845.0,73.6228,667.0
15:25:29,6886.24,6850.0,995.7649,2887.0
15:25:29,6886.24,6855.0,47.3808,717.0
15:25:29,6886.24,6860.0,145.6943,1128.0
15:25:29,6886.24,6865.0,169.4315,1637.0
15:25:29,6886.24,6870.0,371.3629,1077.0
15:25:29,6886.24,6875.0,771.374,1585.0
15:25:29,6886.24,6880.0,428.0889,1534.0
15:25:29,6886.24,6885.0,735.8613,2759.0
15:25:29,6886.24,6890.0,577.5614,2425.0
15:25:29,6886.24,6895.0,456.3782,1425.0
15:25:29,6886.24,6900.0,1293.6555,3113.0
15:25:29,6886.24,6905.0,1168.2529,2281.0
15:25:29,6886.24,6910.0,907.3146,2483.0
15:25:29,6886.24,6915.0,748.9201,1461.0
15:25:29,6886.24,6920.0,962.1772,3603.0
15:25:29,6886.24,6925.0,873.5201,3112.0
15:25:29,6886.24,6930.0,565.433,4235.0
15:25:29,6886.24,6935.0,773.8224,3706.0
15:25:29,6886.24,6940.0,1172.8428,2452.0
15:25:29,6886.24,6945.0,700.4852,1819.0
15:25:29,6886.24,6950.0,1941.9885,3789.0
15:25:29,6886.24,6955.0,171.2536,906.0
15:25:29,6886.24,6960.0,545.8969,1546.0
15:27:39,6886.24,6815.0,-257.0901,444.0
15:27:39,6886.24,6820.0,-87.6268,793.0
15:27:39,6886.24,6825.0,-208.5481,635.0
15:27:39,6886.24,6830.0,130.1854,711.0
15:27:39,6886.24,6835.0,-72.2094,596.0
15:27:39,6886.24,6840.0,521.0878,945.0
15:27:39,6886.24,6845.0,73.6228,667.0
15:27:39,6886.24,6850.0,995.7649,2887.0
15:27:39,6886.24,6855.0,47.3808,717.0
15:27:39,6886.24,6860.0,145.6943,1128.0
15:27:39,6886.24,6865.0,169.4315,1637.0
15:27:39,6886.24,6870.0,371.3629,1077.0
15:27:39,6886.24,6875.0,771.374,1585.0
15:27:39,6886.24,6880.0,428.0889,1534.0
15:27:39,6886.24,6885.0,735.8613,2759.0
15:27:39,6886.24,6890.0,577.5614,2425.0
15:27:39,6886.24,6895.0,456.3782,1425.0
15:27:39,6886.24,6900.0,1293.6555,3113.0
15:27:39,6886.24,6905.0,1168.2529,2281.0
15:27:39,6886.24,6910.0,907.3146,2483.0
15:27:39,6886.24,6915.0,748.9201,1461.0
15:27:39,6886.24,6920.0,962.1772,3603.0
15:27:39,6886.24,6925.0,873.5201,3112.0
15:27:39,6886.24,6930.0,565.433,4235.0
15:27:39,6886.24,6935.0,773.8224,3706.0
15:27:39,6886.24,6940.0,1172.8428,2452.0
15:27:39,6886.24,6945.0,700.4852,1819.0
15:27:39,6886.24,6950.0,1941.9885,3789.0
15:27:39,6886.24,6955.0,171.2536,906.0
15:27:39,6886.24,6960.0,545.8969,1546.0
15:29:48,6886.24,6815.0,-257.0901,444.0
15:29:48,6886.24,6820.0,-87.6268,793.0
15:29:48,6886.24,6825.0,-208.5481,635.0
15:29:48,6886.24,6830.0,130.1854,711.0
15:29:48,6886.24,6835.0,-72.2094,596.0
15:29:48,6886.24,6840.0,521.0878,945.0
15:29:48,6886.24,6845.0,73.6228,667.0
15:29:48,6886.24,6850.0,995.7649,2887.0
15:29:48,6886.24,6855.0,47.3808,717.0
15:29:48,6886.24,6860.0,145.6943,1128.0
15:29:48,6886.24,6865.0,169.4315,1637.0
15:29:48,6886.24,6870.0,371.3629,1077.0
15:29:48,6886.24,6875.0,771.374,1585.0
15:29:48,6886.24,6880.0,428.0889,1534.0
15:29:48,6886.24,6885.0,735.8613,2759.0
15:29:48,6886.24,6890.0,577.5614,2425.0
15:29:48,6886.24,6895.0,456.3782,1425.0
15:29:48,6886.24,6900.0,1293.6555,3113.0
15:29:48,6886.24,6905.0,1168.2529,2281.0
15:29:48,6886.24,6910.0,907.3146,2483.0
15:29:48,6886.24,6915.0,748.9201,1461.0
15:29:48,6886.24,6920.0,962.1772,3603.0
15:29:48,6886.24,6925.0,873.5201,3112.0
15:29:48,6886.24,6930.0,565.433,4235.0
15:29:48,6886.24,6935.0,773.8224,3685.0
15:29:48,6886.24,6940.0,1172.8428,2425.0
15:29:48,6886.24,6945.0,700.4852,1819.0
15:29:48,6886.24,6950.0,1941.9885,3741.0
15:29:48,6886.24,6955.0,171.2536,906.0
15:29:48,6886.24,6960.0,545.8969,1546.0
15:31:58,6906.11,6835.0,-41.0319,231.0
15:31:58,6906.11,6840.0,318.0514,329.0
15:31:58,6906.11,6845.0,50.4027,236.0
15:31:58,6906.11,6850.0,717.8831,642.0
15:31:58,6906.11,6855.0,36.5282,381.0
15:31:58,6906.11,6860.0,121.1008,542.0
15:31:58,6906.11,6865.0,154.0289,441.0
15:31:58,6906.11,6870.0,361.7372,438.0
15:31:58,6906.11,6875.0,792.7831,661.0
15:31:58,6906.11,6880.0,482.4611,413.0
15:31:58,6906.11,6885.0,895.0379,585.0
15:31:58,6906.11,6890.0,747.8838,635.0
15:31:58,6906.11,6895.0,629.7534,445.0
15:31:58,6906.11,6900.0,1862.8818,1237.0
15:31:58,6906.11,6905.0,1772.1417,904.0
15:31:58,6906.11,6910.0,1417.2331,806.0
15:31:58,6906.11,6915.0,1208.7172,632.0
15:31:58,6906.11,6920.0,1583.7072,666.0
15:31:58,6906.11,6925.0,1420.936,598.0
15:31:58,6906.11,6930.0,951.1648,722.0
15:31:58,6906.11,6935.0,1277.6574,759.0
15:31:58,6906.11,6940.0,1893.0661,666.0
15:31:58,6906.11,6945.0,1094.9075,458.0
15:31:58,6906.11,6950.0,3152.5202,676.0
15:31:58,6906.11,6955.0,261.7845,301.0
15:31:58,6906.11,6960.0,744.441,330.0
15:31:58,6906.11,6965.0,311.936,234.0
15:31:58,6906.11,6970.0,236.9282,683.0
15:31:58,6906.11,6975.0,189.0826,201.0
15:31:58,6906.11,6980.0,226.5974,122.0
15:34:08,6909.66,6835.0,-39.0365,801.0
15:34:08,6909.66,6840.0,306.2806,791.0
15:34:08,6909.66,6845.0,45.0397,834.0
15:34:08,6909.66,6850.0,647.5726,1238.0
15:34:08,6909.66,6855.0,36.5657,823.0
15:34:08,6909.66,6860.0,121.2254,1352.0
15:34:08,6909.66,6865.0,154.1873,885.0
15:34:08,6909.66,6870.0,362.1092,1202.0
15:34:08,6909.66,6875.0,755.2352,1139.0
15:34:08,6909.66,6880.0,454.4975,1290.0
15:34:08,6909.66,6885.0,861.8188,942.0
15:34:08,6909.66,6890.0,734.7733,1420.0
15:34:08,6909.66,6895.0,632.2388,937.0
15:34:08,6909.66,6900.0,1929.3115,2727.0
15:34:08,6909.66,6905.0,1878.9903,2229.0
15:34:08,6909.66,6910.0,1539.1665,2459.0
15:34:08,6909.66,6915.0,1339.527,1226.0
15:34:08,6909.66,6920.0,1776.498,1934.0
15:34:08,6909.66,6925.0,1646.1556,1761.0
15:34:08,6909.66,6930.0,1065.9777,1977.0
15:34:08,6909.66,6935.0,1391.0028,1931.0
15:34:08,6909.66,6940.0,2258.9157,1855.0
15:34:08,6909.66,6945.0,1096.0334,2271.0
15:34:08,6909.66,6950.0,3155.762,2024.0
15:34:08,6909.66,6955.0,262.0537,1213.0
15:34:08,6909.66,6960.0,745.2066,1080.0
15:34:08,6909.66,6965.0,365.3787,760.0
15:34:08,6909.66,6970.0,226.8755,893.0
15:34:08,6909.66,6975.0,197.913,303.0
15:34:08,6909.66,6980.0,267.9825,306.0
15:36:17,6913.62,6840.0,306.6318,1230.0
15:36:17,6913.62,6845.0,25.2855,1181.0
15:36:17,6913.62,6850.0,648.315,1836.0
15:36:17,6913.62,6855.0,28.9628,1082.0
15:36:17,6913.62,6860.0,88.861,1859.0
15:36:17,6913.62,6865.0,172.6112,1208.0
15:36:17,6913.62,6870.0,333.6593,1856.0
15:36:17,6913.62,6875.0,756.1011,1575.0
15:36:17,6913.62,6880.0,455.0186,1974.0
15:36:17,6913.62,6885.0,862.8069,1404.0
15:36:17,6913.62,6890.0,735.6157,2037.0
15:36:17,6913.62,6895.0,632.9637,1479.0
15:36:17,6913.62,6900.0,1931.5236,3979.0
15:36:17,6913.62,6905.0,1796.6883,3174.0
15:36:17,6913.62,6910.0,1516.1029,4506.0
15:36:17,6913.62,6915.0,1361.7677,2185.0
15:36:17,6913.62,6920.0,1862.4621,3115.0
15:36:17,6913.62,6925.0,1788.0685,2931.0
15:36:17,6913.62,6930.0,1067.1999,3859.0
15:36:17,6913.62,6935.0,1392.5976,3270.0
15:36:17,6913.62,6940.0,2261.5056,2745.0
15:36:17,6913.62,6945.0,1215.1251,2927.0
15:36:17,6913.62,6950.0,3346.8967,3453.0
15:36:17,6913.62,6955.0,278.6063,1865.0
15:36:17,6913.62,6960.0,860.4043,1744.0
15:36:17,6913.62,6965.0,500.4,1104.0
15:36:17,6913.62,6970.0,314.4584,1250.0
15:36:17,6913.62,6975.0,275.044,588.0
15:36:17,6913.62,6980.0,268.2897,576.0
15:36:17,6913.62,6985.0,29.2012,1245.0
15:38:27,6916.82,6845.0,33.4905,1379.0
15:38:27,6916.82,6850.0,480.5133,2272.0
15:38:27,6916.82,6855.0,26.3624,1379.0
15:38:27,6916.82,6860.0,81.4314,2279.0
15:38:27,6916.82,6865.0,112.9837,1483.0
15:38:27,6916.82,6870.0,273.4189,3124.0
15:38:27,6916.82,6875.0,636.7617,2392.0
15:38:27,6916.82,6880.0,395.6225,2504.0
15:38:27,6916.82,6885.0,695.7012,1900.0
15:38:27,6916.82,6890.0,610.0486,2752.0
15:38:27,6916.82,6895.0,542.5456,2062.0
15:38:27,6916.82,6900.0,1702.8035,5213.0
15:38:27,6916.82,6905.0,1731.9285,4059.0
15:38:27,6916.82,6910.0,1489.9529,6297.0
15:38:27,6916.82,6915.0,1369.7476,3735.0
15:38:27,6916.82,6920.0,1924.6282,4646.0
15:38:27,6916.82,6925.0,1890.0676,3981.0
15:38:27,6916.82,6930.0,1296.1688,5498.0
15:38:27,6916.82,6935.0,1836.8745,4391.0
15:38:27,6916.82,6940.0,2996.1663,3690.0
15:38:27,6916.82,6945.0,1706.6211,3791.0
15:38:27,6916.82,6950.0,5011.2601,4571.0
15:38:27,6916.82,6955.0,413.3614,2404.0
15:38:27,6916.82,6960.0,1150.7097,2601.0
15:38:27,6916.82,6965.0,500.8634,1420.0
15:38:27,6916.82,6970.0,314.7229,2022.0
15:38:27,6916.82,6975.0,263.0228,1094.0
15:38:27,6916.82,6980.0,349.9486,805.0
15:38:27,6916.82,6985.0,32.559,1393.0
15:38:27,6916.82,6990.0,112.1235,926.0
15:40:36,6917.48,6845.0,40.246,1862.0
15:40:36,6917.48,6850.0,570.2841,2739.0
15:40:36,6917.48,6855.0,28.7773,1659.0
15:40:36,6917.48,6860.0,87.7786,2811.0
15:40:36,6917.48,6865.0,109.932,1867.0
15:40:36,6917.48,6870.0,257.8474,3874.0
15:40:36,6917.48,6875.0,583.8427,2838.0
15:40:36,6917.48,6880.0,356.9316,2966.0
15:40:36,6917.48,6885.0,673.0474,2468.0
15:40:36,6917.48,6890.0,591.3406,3274.0
15:40:36,6917.48,6895.0,519.3231,2555.0
15:40:36,6917.48,6900.0,1703.1284,6663.0
15:40:36,6917.48,6905.0,1734.6527,4834.0
15:40:36,6917.48,6910.0,1410.536,7698.0
15:40:36,6917.48,6915.0,1297.2642,5375.0
15:40:36,6917.48,6920.0,1833.4352,6921.0
15:40:36,6917.48,6925.0,1891.8213,5513.0
15:40:36,6917.48,6930.0,1271.1698,7395.0
15:40:36,6917.48,6935.0,1810.9117,6367.0
15:40:36,6917.48,6940.0,2959.3643,5121.0
15:40:36,6917.48,6945.0,1698.2669,4698.0
15:40:36,6917.48,6950.0,5152.5171,6838.0
15:40:36,6917.48,6955.0,455.4664,3137.0
15:40:36,6917.48,6960.0,1392.2746,3155.0
15:40:36,6917.48,6965.0,532.2544,1803.0
15:40:36,6917.48,6970.0,327.9962,2303.0
15:40:36,6917.48,6975.0,284.8503,1394.0
15:40:36,6917.48,6980.0,378.3758,1154.0
15:40:36,6917.48,6985.0,35.0421,1480.0
15:40:36,6917.48,6990.0,127.0802,1686.0
15:42:46,6920.23,6850.0,486.8429,3609.0
15:42:46,6920.23,6855.0,24.2585,1834.0
15:42:46,6920.23,6860.0,79.3007,3098.0
15:42:46,6920.23,6865.0,99.9212,2120.0
15:42:46,6920.23,6870.0,258.0524,4196.0
15:42:46,6920.23,6875.0,584.307,3211.0
15:42:46,6920.23,6880.0,357.2154,3387.0
15:42:46,6920.23,6885.0,673.5827,2855.0
15:42:46,6920.23,6890.0,561.0897,4405.0
15:42:46,6920.23,6895.0,493.9545,2841.0
15:42:46,6920.23,6900.0,1598.7787,8637.0
15:42:46,6920.23,6905.0,1639.974,5401.0
15:42:46,6920.23,6910.0,1429.1873,8673.0
15:42:46,6920.23,6915.0,1332.6351,7521.0
15:42:46,6920.23,6920.0,1905.5549,9017.0
15:42:46,6920.23,6925.0,1913.4765,6369.0
15:42:46,6920.23,6930.0,1346.1118,8396.0
15:42:46,6920.23,6935.0,1944.0194,7263.0
15:42:46,6920.23,6940.0,3211.0724,6442.0
15:42:46,6920.23,6945.0,1847.5587,6043.0
15:42:46,6920.23,6950.0,5556.4956,8120.0
15:42:46,6920.23,6955.0,498.6367,3590.0
15:42:46,6920.23,6960.0,1393.3818,3646.0
15:42:46,6920.23,6965.0,532.6777,2196.0
15:42:46,6920.23,6970.0,328.257,2545.0
15:42:46,6920.23,6975.0,333.6484,1682.0
15:42:46,6920.23,6980.0,445.7106,1293.0
15:42:46,6920.23,6985.0,41.4381,1753.0
15:42:46,6920.23,6990.0,150.4634,1942.0
15:42:46,6920.23,6995.0,31.1507,405.0
15:44:55,6924.11,6850.0,468.3408,3873.0
15:44:55,6924.11,6855.0,23.8462,2054.0
15:44:55,6924.11,6860.0,76.9098,3504.0
15:44:55,6924.11,6865.0,96.2559,2331.0
15:44:55,6924.11,6870.0,219.9608,4546.0
15:44:55,6924.11,6875.0,502.9145,3483.0
15:44:55,6924.11,6880.0,310.8161,3994.0
15:44:55,6924.11,6885.0,591.8222,3306.0
15:44:55,6924.11,6890.0,506.4643,5010.0
15:44:55,6924.11,6895.0,459.2515,3415.0
15:44:55,6924.11,6900.0,1600.5719,10010.0
15:44:55,6924.11,6905.0,1641.8135,5977.0
15:44:55,6924.11,6910.0,1347.6217,9778.0
15:44:55,6924.11,6915.0,1334.9231,8975.0
15:44:55,6924.11,6920.0,1875.5732,10817.0
15:44:55,6924.11,6925.0,1932.0916,8034.0
15:44:55,6924.11,6930.0,1399.9774,9571.0
15:44:55,6924.11,6935.0,1942.7524,8393.0
15:44:55,6924.11,6940.0,3214.6741,7803.0
15:44:55,6924.11,6945.0,1849.6311,7407.0
15:44:55,6924.11,6950.0,5559.4389,9612.0
15:44:55,6924.11,6955.0,553.9847,5100.0
15:44:55,6924.11,6960.0,1737.9959,5065.0
15:44:55,6924.11,6965.0,737.4905,2854.0
15:44:55,6924.11,6970.0,459.8499,3479.0
15:44:55,6924.11,6975.0,432.7363,2550.0
15:44:55,6924.11,6980.0,582.1737,1991.0
15:44:55,6924.11,6985.0,54.197,1987.0
15:44:55,6924.11,6990.0,194.5548,2181.0
15:44:55,6924.11,6995.0,51.6938,541.0
15:47:05,6921.99,6850.0,492.9394,4283.0
15:47:05,6921.99,6855.0,24.3451,2240.0
15:47:05,6921.99,6860.0,79.2264,4189.0
15:47:05,6921.99,6865.0,98.3471,2502.0
15:47:05,6921.99,6870.0,229.7593,5247.0
15:47:05,6921.99,6875.0,502.6066,3910.0
15:47:05,6921.99,6880.0,310.6258,4495.0
15:47:05,6921.99,6885.0,591.4599,4411.0
15:47:05,6921.99,6890.0,547.0523,5638.0
15:47:05,6921.99,6895.0,486.7994,3885.0
15:47:05,6921.99,6900.0,1556.7039,11204.0
15:47:05,6921.99,6905.0,1597.1085,6660.0
15:47:05,6921.99,6910.0,1416.9696,10699.0
15:47:05,6921.99,6915.0,1348.6485,9857.0
15:47:05,6921.99,6920.0,1937.8035,12448.0
15:47:05,6921.99,6925.0,1952.2799,9728.0
15:47:05,6921.99,6930.0,1386.3098,10667.0
15:47:05,6921.99,6935.0,2017.9102,9222.0
15:47:05,6921.99,6940.0,3365.7968,8863.0
15:47:05,6921.99,6945.0,1979.4558,8217.0
15:47:05,6921.99,6950.0,5808.1071,10810.0
15:47:05,6921.99,6955.0,520.5653,5858.0
15:47:05,6921.99,6960.0,1736.9318,6649.0
15:47:05,6921.99,6965.0,729.8291,3138.0
15:47:05,6921.99,6970.0,459.5716,3803.0
15:47:05,6921.99,6975.0,390.0422,2742.0
15:47:05,6921.99,6980.0,530.6449,2046.0
15:47:05,6921.99,6985.0,50.1557,2075.0
15:47:05,6921.99,6990.0,183.2894,2292.0
15:47:05,6921.99,6995.0,49.5825,619.0
15:49:14,6920.11,6850.0,500.1062,7084.0
15:49:14,6920.11,6855.0,25.6463,2477.0
15:49:14,6920.11,6860.0,83.6676,4527.0
15:49:14,6920.11,6865.0,98.2937,2800.0
15:49:14,6920.11,6870.0,229.6346,5662.0
15:49:14,6920.11,6875.0,518.5256,4366.0
15:49:14,6920.11,6880.0,325.646,4804.0
15:49:14,6920.11,6885.0,620.9636,5097.0
15:49:14,6920.11,6890.0,559.1803,6241.0
15:49:14,6920.11,6895.0,501.0222,4208.0
15:49:14,6920.11,6900.0,1624.8203,12536.0
15:49:14,6920.11,6905.0,1651.9355,7167.0
15:49:14,6920.11,6910.0,1459.7366,11298.0
15:49:14,6920.11,6915.0,1361.7681,11001.0
15:49:14,6920.11,6920.0,1942.6506,14072.0
15:49:14,6920.11,6925.0,1935.5437,11015.0
15:49:14,6920.11,6930.0,1346.4608,11727.0
15:49:14,6920.11,6935.0,1958.4501,9864.0
15:49:14,6920.11,6940.0,3259.8679,9709.0
15:49:14,6920.11,6945.0,1882.7991,8963.0
15:49:14,6920.11,6950.0,5504.2599,12195.0
15:49:14,6920.11,6955.0,482.3291,6482.0
15:49:14,6920.11,6960.0,1642.3597,7154.0
15:49:14,6920.11,6965.0,683.5788,3353.0
15:49:14,6920.11,6970.0,451.3829,3994.0
15:49:14,6920.11,6975.0,389.8304,2952.0
15:49:14,6920.11,6980.0,518.5486,2259.0
15:49:14,6920.11,6985.0,48.4285,2191.0
15:49:14,6920.11,6990.0,176.4791,2383.0
15:49:14,6920.11,6995.0,47.6241,688.0
15:51:24,6920.05,6850.0,480.3338,7566.0
15:51:24,6920.05,6855.0,24.3335,2726.0
15:51:24,6920.05,6860.0,79.0952,4716.0
15:51:24,6920.05,6865.0,98.1498,3040.0
15:51:24,6920.05,6870.0,230.0554,5878.0
15:51:24,6920.05,6875.0,526.3708,4640.0
15:51:24,6920.05,6880.0,339.7231,5141.0
15:51:24,6920.05,6885.0,615.638,5407.0
15:51:24,6920.05,6890.0,533.8969,6548.0
15:51:24,6920.05,6895.0,482.2183,4569.0
15:51:24,6920.05,6900.0,1533.3135,13188.0
15:51:24,6920.05,6905.0,1599.1591,7510.0
15:51:24,6920.05,6910.0,1412.467,12079.0
15:51:24,6920.05,6915.0,1320.7333,11701.0
15:51:24,6920.05,6920.0,1919.176,15594.0
15:51:24,6920.05,6925.0,1947.0038,11950.0
15:51:24,6920.05,6930.0,1370.5852,12303.0
15:51:24,6920.05,6935.0,2017.3923,10391.0
15:51:24,6920.05,6940.0,3259.8114,10489.0
15:51:24,6920.05,6945.0,1970.8295,9419.0
15:51:24,6920.05,6950.0,5835.3825,12988.0
15:51:24,6920.05,6955.0,527.3758,6747.0
15:51:24,6920.05,6960.0,1635.339,7546.0
15:51:24,6920.05,6965.0,689.5342,3556.0
15:51:24,6920.05,6970.0,396.8796,4159.0
15:51:24,6920.05,6975.0,394.3184,3033.0
15:51:24,6920.05,6980.0,538.1315,2322.0
15:51:24,6920.05,6985.0,50.8399,2237.0
15:51:24,6920.05,6990.0,185.3984,2450.0
15:51:24,6920.05,6995.0,50.8,714.0
15:53:33,6920.92,6850.0,491.3766,8144.0
15:53:33,6920.92,6855.0,23.8121,2877.0
15:53:33,6920.92,6860.0,76.645,4937.0
15:53:33,6920.92,6865.0,98.4439,3253.0
15:53:33,6920.92,6870.0,230.1133,6294.0
15:53:33,6920.92,6875.0,523.2334,4873.0
15:53:33,6920.92,6880.0,315.0266,5502.0
15:53:33,6920.92,6885.0,593.026,5688.0
15:53:33,6920.92,6890.0,523.294,7229.0
15:53:33,6920.92,6895.0,471.0957,5216.0
15:53:33,6920.92,6900.0,1516.7362,15684.0
15:53:33,6920.92,6905.0,1578.9949,7951.0
15:53:33,6920.92,6910.0,1412.8222,12617.0
15:53:33,6920.92,6915.0,1321.8992,12356.0
15:53:33,6920.92,6920.0,1922.7251,18118.0
15:53:33,6920.92,6925.0,1953.4078,12897.0
15:53:33,6920.92,6930.0,1370.9298,12884.0
15:53:33,6920.92,6935.0,2001.6531,10980.0
15:53:33,6920.92,6940.0,3429.0256,11125.0
15:53:33,6920.92,6945.0,1992.7564,9923.0
15:53:33,6920.92,6950.0,6122.1759,13973.0
15:53:33,6920.92,6955.0,524.6722,7111.0
15:53:33,6920.92,6960.0,1719.873,7846.0
15:53:33,6920.92,6965.0,702.9155,3681.0
15:53:33,6920.92,6970.0,437.063,4579.0
15:53:33,6920.92,6975.0,394.4176,3180.0
15:53:33,6920.92,6980.0,560.4326,2425.0
15:53:33,6920.92,6985.0,52.9681,2273.0
15:53:33,6920.92,6990.0,192.5275,2566.0
15:53:33,6920.92,6995.0,52.3603,738.0
15:55:43,6919.78,6845.0,33.7299,2960.0
15:55:43,6919.78,6850.0,481.2286,8636.0
15:55:43,6919.78,6855.0,23.2247,2984.0
15:55:43,6919.78,6860.0,75.272,5186.0
15:55:43,6919.78,6865.0,99.7297,3471.0
15:55:43,6919.78,6870.0,219.7184,6945.0
15:55:43,6919.78,6875.0,506.7182,5198.0
15:55:43,6919.78,6880.0,314.9229,5818.0
15:55:43,6919.78,6885.0,616.9135,6011.0
15:55:43,6919.78,6890.0,523.1217,7354.0
15:55:43,6919.78,6895.0,479.528,5607.0
15:55:43,6919.78,6900.0,1516.2366,17276.0
15:55:43,6919.78,6905.0,1686.5606,8435.0
15:55:43,6919.78,6910.0,1481.5827,13216.0
15:55:43,6919.78,6915.0,1386.6644,13129.0
15:55:43,6919.78,6920.0,1979.8684,19670.0
15:55:43,6919.78,6925.0,1982.6557,13573.0
15:55:43,6919.78,6930.0,1383.7039,13688.0
15:55:43,6919.78,6935.0,2000.9938,11724.0
15:55:43,6919.78,6940.0,3427.896,12139.0
15:55:43,6919.78,6945.0,1992.1,10654.0
15:55:43,6919.78,6950.0,5874.6726,15141.0
15:55:43,6919.78,6955.0,524.4993,7804.0
15:55:43,6919.78,6960.0,1595.227,8806.0
15:55:43,6919.78,6965.0,702.6931,3996.0
15:55:43,6919.78,6970.0,432.9424,4886.0
15:55:43,6919.78,6975.0,367.8031,3827.0
15:55:43,6919.78,6980.0,503.072,2521.0
15:55:43,6919.78,6985.0,47.8044,2386.0
15:55:43,6919.78,6990.0,174.646,2618.0
16:00:38,6919.85,6845.0,33.7306,2960.0
16:00:38,6919.85,6850.0,481.2383,8636.0
16:00:38,6919.85,6855.0,23.2252,2984.0
16:00:38,6919.85,6860.0,75.2735,6174.0
16:00:38,6919.85,6865.0,99.7317,3783.0
16:00:38,6919.85,6870.0,219.7229,7403.0
16:00:38,6919.85,6875.0,506.7284,5894.0
16:00:38,6919.85,6880.0,331.5554,6700.0
16:00:38,6919.85,6885.0,644.9453,6649.0
16:00:38,6919.85,6890.0,575.0346,7354.0
16:00:38,6919.85,6895.0,506.7057,5607.0
16:00:38,6919.85,6900.0,1613.0939,17276.0
16:00:38,6919.85,6905.0,1684.1083,9249.0
16:00:38,6919.85,6910.0,1481.6127,14413.0
16:00:38,6919.85,6915.0,1386.7141,13304.0
16:00:38,6919.85,6920.0,1979.9085,19670.0
16:00:38,6919.85,6925.0,1981.9415,14929.0
16:00:38,6919.85,6930.0,1383.7319,15244.0
16:00:38,6919.85,6935.0,1987.7989,12789.0
16:00:38,6919.85,6940.0,3330.8984,12139.0
16:00:38,6919.85,6945.0,1857.3184,10654.0
16:00:38,6919.85,6950.0,5568.2094,15141.0
16:00:38,6919.85,6955.0,484.079,8470.0
16:00:38,6919.85,6960.0,1491.6866,10596.0
16:00:38,6919.85,6965.0,702.2591,4536.0
16:00:38,6919.85,6970.0,432.9512,5174.0
16:00:38,6919.85,6975.0,367.8106,4130.0
16:00:38,6919.85,6980.0,503.0822,2521.0
16:00:38,6919.85,6985.0,47.8054,2386.0
16:00:38,6919.85,6990.0,174.6495,2618.0
16:02:48,6921.57,6850.0,481.4776,9412.0
16:02:48,6921.57,6855.0,23.2367,3374.0
16:02:48,6921.57,6860.0,76.4425,6436.0
16:02:48,6921.57,6865.0,91.3537,3941.0
16:02:48,6921.57,6870.0,222.3464,7657.0
16:02:48,6921.57,6875.0,515.2892,6482.0
16:02:48,6921.57,6880.0,331.7202,7042.0
16:02:48,6921.57,6885.0,645.2659,8194.0
16:02:48,6921.57,6890.0,575.3205,8765.0
16:02:48,6921.57,6895.0,506.9577,7093.0
16:02:48,6921.57,6900.0,1613.8959,19887.0
16:02:48,6921.57,6905.0,1684.9456,9709.0
16:02:48,6921.57,6910.0,1418.3204,14988.0
16:02:48,6921.57,6915.0,1365.3137,15620.0
16:02:48,6921.57,6920.0,2006.2501,23587.0
16:02:48,6921.57,6925.0,2045.1492,16038.0
16:02:48,6921.57,6930.0,1462.8212,16153.0
16:02:48,6921.57,6935.0,1988.7872,13378.0
16:02:48,6921.57,6940.0,3332.5545,14053.0
16:02:48,6921.57,6945.0,1858.2418,12124.0
16:02:48,6921.57,6950.0,5570.9778,18775.0
16:02:48,6921.57,6955.0,484.3197,8755.0
16:02:48,6921.57,6960.0,1492.514,17110.0
16:02:48,6921.57,6965.0,623.0061,4731.0
16:02:48,6921.57,6970.0,430.294,5418.0
16:02:48,6921.57,6975.0,379.5483,4332.0
16:02:48,6921.57,6980.0,519.6557,2878.0
16:02:48,6921.57,6985.0,47.8618,2758.0
16:02:48,6921.57,6990.0,174.1012,2683.0
16:02:48,6921.57,6995.0,52.3702,915.0
16:04:58,6919.91,6845.0,34.204,3204.0
16:04:58,6919.91,6850.0,483.9409,9610.0
16:04:58,6919.91,6855.0,23.1254,3656.0
16:04:58,6919.91,6860.0,76.107,6813.0
16:04:58,6919.91,6865.0,99.3481,4048.0
16:04:58,6919.91,6870.0,222.2398,7940.0
16:04:58,6919.91,6875.0,515.0421,6761.0
16:04:58,6919.91,6880.0,313.1559,7287.0
16:04:58,6919.91,6885.0,630.4394,8423.0
16:04:58,6919.91,6890.0,544.038,9256.0
16:04:58,6919.91,6895.0,487.5169,7499.0
16:04:58,6919.91,6900.0,1558.6973,20738.0
16:04:58,6919.91,6905.0,1630.3371,9932.0
16:04:58,6919.91,6910.0,1443.6626,15299.0
16:04:58,6919.91,6915.0,1368.3723,16092.0
16:04:58,6919.91,6920.0,1995.2281,24935.0
16:04:58,6919.91,6925.0,2018.263,16742.0
16:04:58,6919.91,6930.0,1430.1645,16669.0
16:04:58,6919.91,6935.0,2073.7912,13952.0
16:04:58,6919.91,6940.0,3478.8531,14658.0
16:04:58,6919.91,6945.0,2009.9766,12573.0
16:04:58,6919.91,6950.0,5892.3973,19447.0
16:04:58,6919.91,6955.0,525.8996,8923.0
16:04:58,6919.91,6960.0,1702.8308,20450.0
16:04:58,6919.91,6965.0,718.0822,4996.0
16:04:58,6919.91,6970.0,430.0814,5572.0
16:04:58,6919.91,6975.0,400.1034,4414.0
16:04:58,6919.91,6980.0,548.1656,3052.0
16:04:58,6919.91,6985.0,52.2766,2818.0
16:04:58,6919.91,6990.0,190.9632,2793.0
16:07:07,6923.63,6850.0,442.7342,9793.0
16:07:07,6923.63,6855.0,22.1591,3715.0
16:07:07,6923.63,6860.0,72.5464,6974.0
16:07:07,6923.63,6865.0,99.4549,4146.0
16:07:07,6923.63,6870.0,235.1233,8550.0
16:07:07,6923.63,6875.0,504.926,7067.0
16:07:07,6923.63,6880.0,330.3045,7481.0
16:07:07,6923.63,6885.0,631.1175,8677.0
16:07:07,6923.63,6890.0,498.9218,9486.0
16:07:07,6923.63,6895.0,451.6642,7746.0
16:07:07,6923.63,6900.0,1469.3827,21239.0
16:07:07,6923.63,6905.0,1547.5334,10263.0
16:07:07,6923.63,6910.0,1405.0767,16006.0
16:07:07,6923.63,6915.0,1356.5958,16626.0
16:07:07,6923.63,6920.0,2024.0307,26186.0
16:07:07,6923.63,6925.0,2101.8735,17701.0
16:07:07,6923.63,6930.0,1528.042,17238.0
16:07:07,6923.63,6935.0,2253.803,14569.0
16:07:07,6923.63,6940.0,3825.5123,15330.0
16:07:07,6923.63,6945.0,2213.3515,13305.0
16:07:07,6923.63,6950.0,6636.5411,20298.0
16:07:07,6923.63,6955.0,579.7027,9322.0
16:07:07,6923.63,6960.0,1554.2519,20977.0
16:07:07,6923.63,6965.0,656.9459,5194.0
16:07:07,6923.63,6970.0,445.5309,5818.0
16:07:07,6923.63,6975.0,400.5337,4652.0
16:07:07,6923.63,6980.0,610.3112,3235.0
16:07:07,6923.63,6985.0,52.3328,3857.0
16:07:07,6923.63,6990.0,215.0402,2826.0
16:07:07,6923.63,6995.0,59.6398,1015.0
16:09:17,6925.12,6855.0,20.7618,4416.0
16:09:17,6925.12,6860.0,67.4842,7768.0
16:09:17,6925.12,6865.0,83.3192,4357.0
16:09:17,6925.12,6870.0,197.4996,8931.0
16:09:17,6925.12,6875.0,509.2701,7433.0
16:09:17,6925.12,6880.0,304.2947,7988.0
16:09:17,6925.12,6885.0,564.6266,9587.0
16:09:17,6925.12,6890.0,499.1366,10046.0
16:09:17,6925.12,6895.0,441.2991,8347.0
16:09:17,6925.12,6900.0,1435.6808,22690.0
16:09:17,6925.12,6905.0,1525.6532,10790.0
16:09:17,6925.12,6910.0,1387.2799,17130.0
16:09:17,6925.12,6915.0,1344.8216,17448.0
16:09:17,6925.12,6920.0,2019.4633,28134.0
16:09:17,6925.12,6925.0,2102.2924,19619.0
16:09:17,6925.12,6930.0,1541.0056,18357.0
16:09:17,6925.12,6935.0,2299.8892,16042.0
16:09:17,6925.12,6940.0,3923.0307,16662.0
16:09:17,6925.12,6945.0,2281.5167,14100.0
16:09:17,6925.12,6950.0,6838.6778,22173.0
16:09:17,6925.12,6955.0,600.7996,10139.0
16:09:17,6925.12,6960.0,1856.6093,21707.0
16:09:17,6925.12,6965.0,741.1854,6136.0
16:09:17,6925.12,6970.0,470.3338,6117.0
16:09:17,6925.12,6975.0,441.6746,4892.0
16:09:17,6925.12,6980.0,632.449,3398.0
16:09:17,6925.12,6985.0,60.5589,3939.0
16:09:17,6925.12,6990.0,220.7455,3029.0
16:09:17,6925.12,6995.0,61.3177,1211.0
16:09:17,6925.12,7000.0,150.6161,3875.0
16:11:26,6928.56,6855.0,19.0704,4572.0
16:11:26,6928.56,6860.0,62.4111,8075.0
16:11:26,6928.56,6865.0,75.8572,4536.0
16:11:26,6928.56,6870.0,186.0609,9420.0
16:11:26,6928.56,6875.0,397.7533,7767.0
16:11:26,6928.56,6880.0,253.2511,8422.0
16:11:26,6928.56,6885.0,500.6392,9880.0
16:11:26,6928.56,6890.0,424.4753,10404.0
16:11:26,6928.56,6895.0,401.3721,8857.0
16:11:26,6928.56,6900.0,1327.022,24251.0
16:11:26,6928.56,6905.0,1383.236,11455.0
16:11:26,6928.56,6910.0,1283.1972,18267.0
16:11:26,6928.56,6915.0,1283.3661,18408.0
16:11:26,6928.56,6920.0,1939.9077,30217.0
16:11:26,6928.56,6925.0,2097.795,22639.0
16:11:26,6928.56,6930.0,1580.682,20863.0
16:11:26,6928.56,6935.0,2449.8116,17581.0
16:11:26,6928.56,6940.0,4340.8265,18367.0
16:11:26,6928.56,6945.0,2584.0214,15367.0
16:11:26,6928.56,6950.0,7796.7255,23822.0
16:11:26,6928.56,6955.0,700.6892,10824.0
16:11:26,6928.56,6960.0,2169.7202,22517.0
16:11:26,6928.56,6965.0,913.2978,6536.0
16:11:26,6928.56,6970.0,523.1449,6462.0
16:11:26,6928.56,6975.0,467.8124,5052.0
16:11:26,6928.56,6980.0,639.1217,3524.0
16:11:26,6928.56,6985.0,60.1694,4029.0
16:11:26,6928.56,6990.0,216.5406,3139.0
16:11:26,6928.56,6995.0,59.6656,1242.0
16:11:26,6928.56,7000.0,293.5108,3946.0
16:13:36,6929.26,6855.0,18.4455,4777.0
16:13:36,6929.26,6860.0,60.5172,8413.0
16:13:36,6929.26,6865.0,76.1251,4952.0
16:13:36,6929.26,6870.0,166.4172,9717.0
16:13:36,6929.26,6875.0,391.5906,8195.0
16:13:36,6929.26,6880.0,253.3023,8734.0
16:13:36,6929.26,6885.0,500.7403,10390.0
16:13:36,6929.26,6890.0,438.5755,12302.0
16:13:36,6929.26,6895.0,391.9843,9309.0
16:13:36,6929.26,6900.0,1271.9272,26816.0
16:13:36,6929.26,6905.0,1360.7388,12054.0
16:13:36,6929.26,6910.0,1270.4071,19093.0
16:13:36,6929.26,6915.0,1270.0515,19129.0
16:13:36,6929.26,6920.0,1959.5058,31304.0
16:13:36,6929.26,6925.0,2114.9372,24619.0
16:13:36,6929.26,6930.0,1608.8234,22803.0
16:13:36,6929.26,6935.0,2492.7211,18488.0
16:13:36,6929.26,6940.0,4396.2881,19823.0
16:13:36,6929.26,6945.0,2657.9493,16092.0
16:13:36,6929.26,6950.0,8130.592,25832.0
16:13:36,6929.26,6955.0,697.043,11402.0
16:13:36,6929.26,6960.0,2162.232,23117.0
16:13:36,6929.26,6965.0,912.0241,6925.0
16:13:36,6929.26,6970.0,582.8822,6840.0
16:13:36,6929.26,6975.0,467.9069,5319.0
16:13:36,6929.26,6980.0,639.1943,3749.0
16:13:36,6929.26,6985.0,60.5432,4219.0
16:13:36,6929.26,6990.0,217.5131,3187.0
16:13:36,6929.26,6995.0,59.8276,1294.0
16:13:36,6929.26,7000.0,293.8058,4139.0
16:15:45,6932.38,6860.0,51.8815,8736.0
16:15:45,6932.38,6865.0,59.5035,5146.0
16:15:45,6932.38,6870.0,152.1206,10024.0
16:15:45,6932.38,6875.0,419.9234,8539.0
16:15:45,6932.38,6880.0,270.6042,9025.0
16:15:45,6932.38,6885.0,465.9323,10711.0
16:15:45,6932.38,6890.0,424.3985,12995.0
16:15:45,6932.38,6895.0,350.239,9953.0
16:15:45,6932.38,6900.0,1163.3732,28401.0
16:15:45,6932.38,6905.0,1254.0345,12861.0
16:15:45,6932.38,6910.0,1155.2531,19895.0
16:15:45,6932.38,6915.0,1180.4202,19861.0
16:15:45,6932.38,6920.0,1820.5524,32874.0
16:15:45,6932.38,6925.0,2023.2084,26644.0
16:15:45,6932.38,6930.0,1558.578,25595.0
16:15:45,6932.38,6935.0,2469.8464,21049.0
16:15:45,6932.38,6940.0,4487.8436,22527.0
16:15:45,6932.38,6945.0,2798.4133,17902.0
16:15:45,6932.38,6950.0,8820.1886,28697.0
16:15:45,6932.38,6955.0,829.2612,12730.0
16:15:45,6932.38,6960.0,2526.9862,24948.0
16:15:45,6932.38,6965.0,1093.6677,8619.0
16:15:45,6932.38,6970.0,540.043,12153.0
16:15:45,6932.38,6975.0,463.7177,6869.0
16:15:45,6932.38,6980.0,644.5313,4990.0
16:15:45,6932.38,6985.0,60.5978,4883.0
16:15:45,6932.38,6990.0,312.9502,3764.0
16:15:45,6932.38,6995.0,86.6788,1687.0
16:15:45,6932.38,7000.0,427.706,4933.0
16:15:45,6932.38,7005.0,11.5523,1346.0
16:17:55,6933.48,6860.0,51.8979,8819.0
16:17:55,6933.48,6865.0,59.5224,5389.0
16:17:55,6933.48,6870.0,152.1689,10409.0
16:17:55,6933.48,6875.0,332.0019,9167.0
16:17:55,6933.48,6880.0,209.3821,9342.0
16:17:55,6933.48,6885.0,410.2348,11293.0
16:17:55,6933.48,6890.0,360.5745,13760.0
16:17:55,6933.48,6895.0,331.468,10909.0
16:17:55,6933.48,6900.0,1163.7425,29469.0
16:17:55,6933.48,6905.0,1254.4325,13611.0
16:17:55,6933.48,6910.0,1155.6198,20577.0
16:17:55,6933.48,6915.0,1175.4941,20560.0
16:17:55,6933.48,6920.0,1813.9159,34017.0
16:17:55,6933.48,6925.0,2023.7984,27669.0
16:17:55,6933.48,6930.0,1591.0594,27468.0
16:17:55,6933.48,6935.0,2540.5133,22859.0
16:17:55,6933.48,6940.0,4702.8333,23897.0
16:17:55,6933.48,6945.0,2931.7288,18767.0
16:17:55,6933.48,6950.0,8822.9879,30188.0
16:17:55,6933.48,6955.0,829.5243,14027.0
16:17:55,6933.48,6960.0,2527.7882,26686.0
16:17:55,6933.48,6965.0,1093.6648,9158.0
16:17:55,6933.48,6970.0,738.1053,12735.0
16:17:55,6933.48,6975.0,629.7297,7139.0
16:17:55,6933.48,6980.0,932.4159,5148.0
16:17:55,6933.48,6985.0,88.7756,5127.0
16:17:55,6933.48,6990.0,319.3256,3875.0
16:17:55,6933.48,6995.0,86.7063,1718.0
16:17:55,6933.48,7000.0,427.8417,5214.0
16:17:55,6933.48,7005.0,25.5089,1383.0
16:20:04,6930.96,6860.0,55.9749,9014.0
16:20:04,6930.96,6865.0,69.2133,5596.0
16:20:04,6930.96,6870.0,161.6036,10616.0
16:20:04,6930.96,6875.0,301.4973,9360.0
16:20:04,6930.96,6880.0,209.2299,9616.0
16:20:04,6930.96,6885.0,409.9366,11691.0
16:20:04,6930.96,6890.0,360.3124,14065.0
16:20:04,6930.96,6895.0,374.9143,11523.0
16:20:04,6930.96,6900.0,1227.593,30139.0
16:20:04,6930.96,6905.0,1289.9457,13978.0
16:20:04,6930.96,6910.0,1206.6264,21014.0
16:20:04,6930.96,6915.0,1227.3614,20984.0
16:20:04,6930.96,6920.0,1931.4384,34716.0
16:20:04,6930.96,6925.0,2107.2982,28550.0
16:20:04,6930.96,6930.0,1634.7844,29044.0
16:20:04,6930.96,6935.0,2570.014,24545.0
16:20:04,6930.96,6940.0,4627.3088,25932.0
16:20:04,6930.96,6945.0,2825.8289,19774.0
16:20:04,6930.96,6950.0,8725.2403,32787.0
16:20:04,6930.96,6955.0,780.9685,15022.0
16:20:04,6930.96,6960.0,2410.6254,27618.0
16:20:04,6930.96,6965.0,1023.1025,9636.0
16:20:04,6930.96,6970.0,756.553,13096.0
16:20:04,6930.96,6975.0,629.272,7718.0
16:20:04,6930.96,6980.0,931.7383,5349.0
16:20:04,6930.96,6985.0,88.7111,5156.0
16:20:04,6930.96,6990.0,231.6667,3903.0
16:20:04,6930.96,6995.0,63.6546,1741.0
16:20:04,6930.96,7000.0,311.7391,5351.0
16:20:04,6930.96,7005.0,18.4341,1442.0
16:22:14,6934.58,6860.0,56.0334,9084.0
16:22:14,6934.58,6865.0,68.2593,5661.0
16:22:14,6934.58,6870.0,160.2234,10779.0
16:22:14,6934.58,6875.0,386.2631,9506.0
16:22:14,6934.58,6880.0,219.2129,9726.0
16:22:14,6934.58,6885.0,399.337,11946.0
16:22:14,6934.58,6890.0,376.8794,14364.0
16:22:14,6934.58,6895.0,328.0842,12062.0
16:22:14,6934.58,6900.0,1228.8757,30777.0
16:22:14,6934.58,6905.0,1291.2935,14525.0
16:22:14,6934.58,6910.0,1207.8871,21808.0
16:22:14,6934.58,6915.0,1229.9946,21288.0
16:22:14,6934.58,6920.0,1933.4565,35296.0
16:22:14,6934.58,6925.0,1977.4607,29081.0
16:22:14,6934.58,6930.0,1574.5324,30348.0
16:22:14,6934.58,6935.0,2545.9143,25333.0
16:22:14,6934.58,6940.0,4731.0738,26687.0
16:22:14,6934.58,6945.0,2993.9708,20469.0
16:22:14,6934.58,6950.0,8734.3569,33642.0
16:22:14,6934.58,6955.0,781.7845,15342.0
16:22:14,6934.58,6960.0,2413.1442,29318.0
16:22:14,6934.58,6965.0,1024.1715,10134.0
16:22:14,6934.58,6970.0,649.6586,13579.0
16:22:14,6934.58,6975.0,664.9789,7972.0
16:22:14,6934.58,6980.0,824.4772,5551.0
16:22:14,6934.58,6985.0,74.9421,5216.0
16:22:14,6934.58,6990.0,231.9087,4022.0
16:22:14,6934.58,6995.0,63.7211,1788.0
16:22:14,6934.58,7000.0,365.7993,5495.0
16:22:14,6934.58,7005.0,21.562,1498.0
16:24:24,6933.06,6860.0,56.3696,9192.0
16:24:24,6933.06,6865.0,68.2396,5962.0
16:24:24,6933.06,6870.0,160.8893,11206.0
16:24:24,6933.06,6875.0,367.136,9700.0
16:24:24,6933.06,6880.0,224.342,9939.0
16:24:24,6933.06,6885.0,399.1619,12141.0
16:24:24,6933.06,6890.0,376.7142,14648.0
16:24:24,6933.06,6895.0,356.7218,12429.0
16:24:24,6933.06,6900.0,1154.1463,31450.0
16:24:24,6933.06,6905.0,1240.1397,14908.0
16:24:24,6933.06,6910.0,1153.2747,22244.0
16:24:24,6933.06,6915.0,1170.6112,21576.0
16:24:24,6933.06,6920.0,1844.6635,36044.0
16:24:24,6933.06,6925.0,2040.4802,29696.0
16:24:24,6933.06,6930.0,1603.6132,31407.0
16:24:24,6933.06,6935.0,2540.3274,26450.0
16:24:24,6933.06,6940.0,4668.3429,28466.0
16:24:24,6933.06,6945.0,2880.2552,20911.0
16:24:24,6933.06,6950.0,8986.9972,36304.0
16:24:24,6933.06,6955.0,810.886,15804.0
16:24:24,6933.06,6960.0,2517.5204,31839.0
16:24:24,6933.06,6965.0,1069.409,10576.0
16:24:24,6933.06,6970.0,660.9142,15163.0
16:24:24,6933.06,6975.0,664.6875,8065.0
16:24:24,6933.06,6980.0,824.1158,5744.0
16:24:24,6933.06,6985.0,74.9092,5317.0
16:24:24,6933.06,6990.0,268.0578,4069.0
16:24:24,6933.06,6995.0,73.4678,1801.0
16:24:24,6933.06,7000.0,358.0234,5645.0
16:24:24,6933.06,7005.0,21.0143,1538.0
16:26:33,6931.61,6860.0,57.4411,9427.0
16:26:33,6931.61,6865.0,68.7137,6211.0
16:26:33,6931.61,6870.0,160.822,11340.0
16:26:33,6931.61,6875.0,366.9825,9921.0
16:26:33,6931.61,6880.0,224.2481,10081.0
16:26:33,6931.61,6885.0,453.203,12349.0
16:26:33,6931.61,6890.0,408.0144,15203.0
16:26:33,6931.61,6895.0,364.7359,12672.0
16:26:33,6931.61,6900.0,1215.9274,32233.0
16:26:33,6931.61,6905.0,1306.4676,15177.0
16:26:33,6931.61,6910.0,1213.6186,22570.0
16:26:33,6931.61,6915.0,1220.1224,21861.0
16:26:33,6931.61,6920.0,1882.8081,36399.0
16:26:33,6931.61,6925.0,2075.2179,30168.0
16:26:33,6931.61,6930.0,1602.7573,32380.0
16:26:33,6931.61,6935.0,2517.531,27558.0
16:26:33,6931.61,6940.0,4567.8556,29203.0
16:26:33,6931.61,6945.0,2806.0532,21586.0
16:26:33,6931.61,6950.0,8670.7626,41861.0
16:26:33,6931.61,6955.0,760.0122,16218.0
16:26:33,6931.61,6960.0,2342.8094,33574.0
16:26:33,6931.61,6965.0,989.3873,10931.0
16:26:33,6931.61,6970.0,640.1034,15493.0
16:26:33,6931.61,6975.0,549.4065,8395.0
16:26:33,6931.61,6980.0,788.2802,6007.0
16:26:33,6931.61,6985.0,68.9417,5350.0
16:26:33,6931.61,6990.0,267.9457,4095.0
16:26:33,6931.61,6995.0,68.7965,1845.0
16:26:33,6931.61,7000.0,333.8389,5701.0
16:26:33,6931.61,7005.0,19.5695,1657.0
16:28:43,6933.77,6860.0,54.3545,9491.0
16:28:43,6933.77,6865.0,65.0913,6245.0
16:28:43,6933.77,6870.0,153.6196,11355.0
16:28:43,6933.77,6875.0,365.4341,9952.0
16:28:43,6933.77,6880.0,231.243,10678.0
16:28:43,6933.77,6885.0,453.4855,12785.0
16:28:43,6933.77,6890.0,408.2687,15353.0
16:28:43,6933.77,6895.0,364.9633,12780.0
16:28:43,6933.77,6900.0,1124.3327,32482.0
16:28:43,6933.77,6905.0,1217.374,15420.0
16:28:43,6933.77,6910.0,1141.4146,22872.0
16:28:43,6933.77,6915.0,1161.0766,22264.0
16:28:43,6933.77,6920.0,1844.1785,36744.0
16:28:43,6933.77,6925.0,2060.0738,30562.0
16:28:43,6933.77,6930.0,1611.8861,33190.0
16:28:43,6933.77,6935.0,2588.8521,28843.0
16:28:43,6933.77,6940.0,4788.3651,29623.0
16:28:43,6933.77,6945.0,2971.2148,21915.0
16:28:43,6933.77,6950.0,9281.843,42505.0
16:28:43,6933.77,6955.0,838.9993,16471.0
16:28:43,6933.77,6960.0,2603.0191,34518.0
16:28:43,6933.77,6965.0,1058.4501,11441.0
16:28:43,6933.77,6970.0,640.5024,15604.0
16:28:43,6933.77,6975.0,549.7489,8525.0
16:28:43,6933.77,6980.0,788.8584,6061.0
16:28:43,6933.77,6985.0,68.9846,5363.0
16:28:43,6933.77,6990.0,263.6441,4111.0
16:28:43,6933.77,6995.0,71.6477,1869.0
16:28:43,6933.77,7000.0,347.9116,5763.0
16:28:43,6933.77,7005.0,20.3755,1660.0
16:30:52,6934.2,6860.0,54.3612,9702.0
16:30:52,6934.2,6865.0,65.0994,6315.0
16:30:52,6934.2,6870.0,153.2999,11560.0
16:30:52,6934.2,6875.0,357.4332,10186.0
16:30:52,6934.2,6880.0,215.9708,11161.0
16:30:52,6934.2,6885.0,421.0435,13020.0
16:30:52,6934.2,6890.0,368.7802,15764.0
16:30:52,6934.2,6895.0,332.4694,13243.0
16:30:52,6934.2,6900.0,1148.8646,33134.0
16:30:52,6934.2,6905.0,1227.0086,15746.0
16:30:52,6934.2,6910.0,1141.5562,23426.0
16:30:52,6934.2,6915.0,1161.1843,22956.0
16:30:52,6934.2,6920.0,1844.5874,37583.0
16:30:52,6934.2,6925.0,2044.3577,31390.0
16:30:52,6934.2,6930.0,1597.1732,34153.0
16:30:52,6934.2,6935.0,2557.4162,30871.0
16:30:52,6934.2,6940.0,4705.8844,31085.0
16:30:52,6934.2,6945.0,2971.5833,22711.0
16:30:52,6934.2,6950.0,9282.9942,44862.0
16:30:52,6934.2,6955.0,839.1033,17326.0
16:30:52,6934.2,6960.0,2603.3673,35274.0
16:30:52,6934.2,6965.0,1076.9443,11960.0
16:30:52,6934.2,6970.0,733.8677,15898.0
16:30:52,6934.2,6975.0,608.8393,8689.0
16:30:52,6934.2,6980.0,840.2437,6194.0
16:30:52,6934.2,6985.0,76.5588,5476.0
16:30:52,6934.2,6990.0,263.6768,4162.0
16:30:52,6934.2,6995.0,75.4003,2005.0
16:30:52,6934.2,7000.0,371.1284,5851.0
16:30:52,6934.2,7005.0,20.378,1684.0
16:33:02,6933.85,6860.0,53.3192,9770.0
16:33:02,6933.85,6865.0,66.6161,6417.0
16:33:02,6933.85,6870.0,154.607,11752.0
16:33:02,6933.85,6875.0,350.2503,10392.0
16:33:02,6933.85,6880.0,217.6361,11375.0
16:33:02,6933.85,6885.0,425.7313,13277.0
16:33:02,6933.85,6890.0,368.7429,16152.0
16:33:02,6933.85,6895.0,341.7938,13592.0
16:33:02,6933.85,6900.0,1148.7486,33698.0
16:33:02,6933.85,6905.0,1226.8847,15982.0
16:33:02,6933.85,6910.0,1147.0432,23749.0
16:33:02,6933.85,6915.0,1164.0286,23135.0
16:33:02,6933.85,6920.0,1791.7807,38010.0
16:33:02,6933.85,6925.0,2002.7873,31678.0
16:33:02,6933.85,6930.0,1578.7002,35138.0
16:33:02,6933.85,6935.0,2520.3294,32113.0
16:33:02,6933.85,6940.0,4639.0211,31872.0
16:33:02,6933.85,6945.0,2914.9333,23227.0
16:33:02,6933.85,6950.0,9190.9247,46241.0
16:33:02,6933.85,6955.0,831.5786,17776.0
16:33:02,6933.85,6960.0,2572.4614,37369.0
16:33:02,6933.85,6965.0,1075.1071,12410.0
16:33:02,6933.85,6970.0,733.7936,16374.0
16:33:02,6933.85,6975.0,608.7779,9000.0
16:33:02,6933.85,6980.0,840.1589,6397.0
16:33:02,6933.85,6985.0,83.2993,5694.0
16:33:02,6933.85,6990.0,301.0348,4322.0
16:33:02,6933.85,6995.0,82.4027,2110.0
16:33:02,6933.85,7000.0,407.3608,6255.0
16:33:02,6933.85,7005.0,24.0901,1787.0
16:35:11,6932.98,6860.0,53.5154,9822.0
16:35:11,6932.98,6865.0,68.1619,6461.0
16:35:11,6932.98,6870.0,158.1758,11942.0
16:35:11,6932.98,6875.0,359.933,10444.0
16:35:11,6932.98,6880.0,223.5254,11514.0
16:35:11,6932.98,6885.0,432.4033,13516.0
16:35:11,6932.98,6890.0,372.9761,16256.0
16:35:11,6932.98,6895.0,342.4949,13730.0
16:35:11,6932.98,6900.0,1153.4753,34326.0
16:35:11,6932.98,6905.0,1247.4293,16182.0
16:35:11,6932.98,6910.0,1161.6996,24003.0
16:35:11,6932.98,6915.0,1171.9307,23302.0
16:35:11,6932.98,6920.0,1851.938,38322.0
16:35:11,6932.98,6925.0,2074.6778,32004.0
16:35:11,6932.98,6930.0,1606.5854,35767.0
16:35:11,6932.98,6935.0,2592.2834,33016.0
16:35:11,6932.98,6940.0,4753.5531,32657.0
16:35:11,6932.98,6945.0,2921.5005,23726.0
16:35:11,6932.98,6950.0,9067.5533,46936.0
16:35:11,6932.98,6955.0,817.1322,18264.0
16:35:11,6932.98,6960.0,2522.3482,38178.0
16:35:11,6932.98,6965.0,1070.2089,12610.0
16:35:11,6932.98,6970.0,703.4873,16523.0
16:35:11,6932.98,6975.0,599.013,9197.0
16:35:11,6932.98,6980.0,817.1119,6550.0
16:35:11,6932.98,6985.0,77.7925,5842.0
16:35:11,6932.98,6990.0,280.803,4360.0
16:35:11,6932.98,6995.0,76.8992,2173.0
16:35:11,6932.98,7000.0,380.1408,6335.0
16:35:11,6932.98,7005.0,22.4755,1823.0
16:37:21,6936.27,6865.0,59.1423,6566.0
16:37:21,6936.27,6870.0,139.5732,12287.0
16:37:21,6936.27,6875.0,310.3859,10694.0
16:37:21,6936.27,6880.0,192.296,11903.0
16:37:21,6936.27,6885.0,373.9657,13690.0
16:37:21,6936.27,6890.0,335.1808,16922.0
16:37:21,6936.27,6895.0,309.8238,14105.0
16:37:21,6936.27,6900.0,1023.7664,35326.0
16:37:21,6936.27,6905.0,1147.8817,16781.0
16:37:21,6936.27,6910.0,1075.6356,24760.0
16:37:21,6936.27,6915.0,1100.1889,23823.0
16:37:21,6936.27,6920.0,1756.6203,39193.0
16:37:21,6936.27,6925.0,1996.4832,32858.0
16:37:21,6936.27,6930.0,1593.3568,37177.0
16:37:21,6936.27,6935.0,2616.6175,34905.0
16:37:21,6936.27,6940.0,4917.5676,34726.0
16:37:21,6936.27,6945.0,3121.1006,24786.0
16:37:21,6936.27,6950.0,9902.6801,48658.0
16:37:21,6936.27,6955.0,907.4384,19240.0
16:37:21,6936.27,6960.0,2848.8986,39238.0
16:37:21,6936.27,6965.0,1240.706,13356.0
16:37:21,6936.27,6970.0,768.9364,17274.0
16:37:21,6936.27,6975.0,695.2238,9618.0
16:37:21,6936.27,6980.0,954.9429,6924.0
16:37:21,6936.27,6985.0,89.9161,6211.0
16:37:21,6936.27,6990.0,312.8592,4709.0
16:37:21,6936.27,6995.0,85.0284,2312.0
16:37:21,6936.27,7000.0,417.8896,6666.0
16:37:21,6936.27,7005.0,24.6287,1882.0
16:37:21,6936.27,7010.0,26.1696,1994.0
16:39:30,6932.64,6860.0,49.6126,10550.0
16:39:30,6932.64,6865.0,60.2026,6645.0
16:39:30,6932.64,6870.0,137.9976,12592.0
16:39:30,6932.64,6875.0,328.0929,10968.0
16:39:30,6932.64,6880.0,192.0947,12230.0
16:39:30,6932.64,6885.0,373.5744,13944.0
16:39:30,6932.64,6890.0,334.8301,17239.0
16:39:30,6932.64,6895.0,309.4996,14353.0
16:39:30,6932.64,6900.0,1105.2151,36551.0
16:39:30,6932.64,6905.0,1223.0609,17727.0
16:39:30,6932.64,6910.0,1168.6672,25676.0
16:39:30,6932.64,6915.0,1206.6195,24287.0
16:39:30,6932.64,6920.0,1905.0691,40130.0
16:39:30,6932.64,6925.0,2163.4559,33671.0
16:39:30,6932.64,6930.0,1692.8149,38527.0
16:39:30,6932.64,6935.0,2711.7496,37146.0
16:39:30,6932.64,6940.0,4957.2448,36691.0
16:39:30,6932.64,6945.0,3041.5341,26365.0
16:39:30,6932.64,6950.0,9513.0605,50366.0
16:39:30,6932.64,6955.0,838.6071,20283.0
16:39:30,6932.64,6960.0,2522.0374,40211.0
16:39:30,6932.64,6965.0,1088.3876,13862.0
16:39:30,6932.64,6970.0,768.1318,19676.0
16:39:30,6932.64,6975.0,694.4963,9980.0
16:39:30,6932.64,6980.0,953.9436,7296.0
16:39:30,6932.64,6985.0,89.822,6370.0
16:39:30,6932.64,6990.0,313.2211,4785.0
16:39:30,6932.64,6995.0,77.0542,2427.0
16:39:30,6932.64,7000.0,379.9571,6793.0
16:39:30,6932.64,7005.0,22.5474,1933.0
16:41:40,6932.96,6860.0,54.9195,10772.0
16:41:40,6932.96,6865.0,69.4969,6804.0
16:41:40,6932.96,6870.0,164.4882,12926.0
16:41:40,6932.96,6875.0,374.4658,11247.0
16:41:40,6932.96,6880.0,212.7961,12501.0
16:41:40,6932.96,6885.0,413.5046,15255.0
16:41:40,6932.96,6890.0,384.129,18752.0
16:41:40,6932.96,6895.0,345.0415,14915.0
16:41:40,6932.96,6900.0,1142.815,37943.0
16:41:40,6932.96,6905.0,1223.1738,18201.0
16:41:40,6932.96,6910.0,1168.7751,26841.0
16:41:40,6932.96,6915.0,1207.0461,25087.0
16:41:40,6932.96,6920.0,1905.6076,41164.0
16:41:40,6932.96,6925.0,2089.1264,34649.0
16:41:40,6932.96,6930.0,1625.7128,40635.0
16:41:40,6932.96,6935.0,2578.5374,39328.0
16:41:40,6932.96,6940.0,4710.9654,39178.0
16:41:40,6932.96,6945.0,2908.2163,27180.0
16:41:40,6932.96,6950.0,9513.9388,52193.0
16:41:40,6932.96,6955.0,838.6845,23727.0
16:41:40,6932.96,6960.0,2522.2702,41052.0
16:41:40,6932.96,6965.0,1086.7285,16813.0
16:41:40,6932.96,6970.0,700.9589,21415.0
16:41:40,6932.96,6975.0,624.1304,10390.0
16:41:40,6932.96,6980.0,803.0905,7504.0
16:41:40,6932.96,6985.0,74.4276,6543.0
16:41:40,6932.96,6990.0,286.2098,4857.0
16:41:40,6932.96,6995.0,76.6944,2442.0
16:41:40,6932.96,7000.0,383.2009,7032.0
16:41:40,6932.96,7005.0,22.6605,1956.0
16:43:49,6933.29,6860.0,51.156,10857.0
16:43:49,6933.29,6865.0,63.8873,6886.0
16:43:49,6933.29,6870.0,150.2236,13096.0
16:43:49,6933.29,6875.0,343.2496,11326.0
16:43:49,6933.29,6880.0,212.5536,12589.0
16:43:49,6933.29,6885.0,413.5439,15374.0
16:43:49,6933.29,6890.0,384.1655,19027.0
16:43:49,6933.29,6895.0,345.0744,15433.0
16:43:49,6933.29,6900.0,1139.289,39048.0
16:43:49,6933.29,6905.0,1231.8774,18425.0
16:43:49,6933.29,6910.0,1164.2224,27094.0
16:43:49,6933.29,6915.0,1180.115,25327.0
16:43:49,6933.29,6920.0,1867.4538,41617.0
16:43:49,6933.29,6925.0,2101.8312,35116.0
16:43:49,6933.29,6930.0,1663.2185,41619.0
16:43:49,6933.29,6935.0,2655.849,40545.0
16:43:49,6933.29,6940.0,4850.6717,39964.0
16:43:49,6933.29,6945.0,3045.9309,27657.0
16:43:49,6933.29,6950.0,9270.9487,53070.0
16:43:49,6933.29,6955.0,831.7415,24006.0
16:43:49,6933.29,6960.0,2602.2376,41327.0
16:43:49,6933.29,6965.0,1089.899,17015.0
16:43:49,6933.29,6970.0,701.0256,21841.0
16:43:49,6933.29,6975.0,624.1898,10517.0
16:43:49,6933.29,6980.0,826.6819,7588.0
16:43:49,6933.29,6985.0,80.0479,6687.0
16:43:49,6933.29,6990.0,277.5358,4879.0
16:43:49,6933.29,6995.0,75.0991,2472.0
16:43:49,6933.29,7000.0,370.5519,7116.0
16:43:49,6933.29,7005.0,21.8068,1968.0
16:45:59,6933.57,6860.0,52.0512,11010.0
16:45:59,6933.57,6865.0,62.4343,6906.0
16:45:59,6933.57,6870.0,149.2792,13143.0
16:45:59,6933.57,6875.0,336.0431,11424.0
16:45:59,6933.57,6880.0,210.2279,12767.0
16:45:59,6933.57,6885.0,409.1031,15551.0
16:45:59,6933.57,6890.0,373.7556,19216.0
16:45:59,6933.57,6895.0,336.2057,15658.0
16:45:59,6933.57,6900.0,1116.5783,39319.0
16:45:59,6933.57,6905.0,1231.9769,18709.0
16:45:59,6933.57,6910.0,1164.3165,27386.0
16:45:59,6933.57,6915.0,1180.4662,25568.0
16:45:59,6933.57,6920.0,1867.767,42120.0
16:45:59,6933.57,6925.0,2052.704,35429.0
16:45:59,6933.57,6930.0,1624.8021,42397.0
16:45:59,6933.57,6935.0,2621.3091,41608.0
16:45:59,6933.57,6940.0,4812.8275,40601.0
16:45:59,6933.57,6945.0,2969.5303,28132.0
16:45:59,6933.57,6950.0,9271.6975,54010.0
16:45:59,6933.57,6955.0,831.8087,24260.0
16:45:59,6933.57,6960.0,2602.4478,41769.0
16:45:59,6933.57,6965.0,1088.6618,17154.0
16:45:59,6933.57,6970.0,716.062,22579.0
16:45:59,6933.57,6975.0,630.8197,10671.0
16:45:59,6933.57,6980.0,830.8135,7646.0
16:45:59,6933.57,6985.0,79.2462,6796.0
16:45:59,6933.57,6990.0,284.4475,4919.0
16:45:59,6933.57,6995.0,76.6321,2498.0
16:45:59,6933.57,7000.0,376.8305,7176.0
16:45:59,6933.57,7005.0,22.0631,2020.0
16:48:09,6936.95,6865.0,54.103,7003.0
16:48:09,6936.95,6870.0,127.3716,13241.0
16:48:09,6936.95,6875.0,287.9832,11612.0
16:48:09,6936.95,6880.0,182.9595,12865.0
16:48:09,6936.95,6885.0,409.5021,15726.0
16:48:09,6936.95,6890.0,316.0626,19599.0
16:48:09,6936.95,6895.0,299.8574,16039.0
16:48:09,6936.95,6900.0,965.5024,40225.0
16:48:09,6936.95,6905.0,1085.5789,19029.0
16:48:09,6936.95,6910.0,1030.3228,27830.0
16:48:09,6936.95,6915.0,1046.7927,26133.0
16:48:09,6936.95,6920.0,1723.5885,42840.0
16:48:09,6936.95,6925.0,1960.5878,36114.0
16:48:09,6936.95,6930.0,1604.6981,43599.0
16:48:09,6936.95,6935.0,2684.4059,43270.0
16:48:09,6936.95,6940.0,5145.7087,42710.0
16:48:09,6936.95,6945.0,3282.2321,29010.0
16:48:09,6936.95,6950.0,10645.863,55028.0
16:48:09,6936.95,6955.0,963.73,24722.0
16:48:09,6936.95,6960.0,3006.594,42523.0
16:48:09,6936.95,6965.0,1299.772,17578.0
16:48:09,6936.95,6970.0,810.6465,23432.0
16:48:09,6936.95,6975.0,708.1838,10910.0
16:48:09,6936.95,6980.0,949.7294,7791.0
16:48:09,6936.95,6985.0,79.3234,6897.0
16:48:09,6936.95,6990.0,327.5958,5009.0
16:48:09,6936.95,6995.0,88.0609,2576.0
16:48:09,6936.95,7000.0,433.4613,7266.0
16:48:09,6936.95,7005.0,25.333,2072.0
16:48:09,6936.95,7010.0,26.6812,2224.0
16:50:18,6937.31,6865.0,55.8236,7023.0
16:50:18,6937.31,6870.0,130.3011,13364.0
16:50:18,6937.31,6875.0,288.0131,11764.0
16:50:18,6937.31,6880.0,181.7096,13060.0
16:50:18,6937.31,6885.0,351.9625,15932.0
16:50:18,6937.31,6890.0,319.3685,19799.0
16:50:18,6937.31,6895.0,286.884,16442.0
16:50:18,6937.31,6900.0,990.2501,40715.0
16:50:18,6937.31,6905.0,1077.5754,19295.0
16:50:18,6937.31,6910.0,1019.6157,28286.0
16:50:18,6937.31,6915.0,1055.1994,26509.0
16:50:18,6937.31,6920.0,1709.1503,43362.0
16:50:18,6937.31,6925.0,1991.5151,36685.0
16:50:18,6937.31,6930.0,1619.3225,44651.0
16:50:18,6937.31,6935.0,2699.4781,44537.0
16:50:18,6937.31,6940.0,5159.4872,44188.0
16:50:18,6937.31,6945.0,3313.9868,29581.0
16:50:18,6937.31,6950.0,10609.7239,55834.0
16:50:18,6937.31,6955.0,975.7455,25055.0
16:50:18,6937.31,6960.0,3055.3402,43013.0
16:50:18,6937.31,6965.0,1280.5475,17901.0
16:50:18,6937.31,6970.0,825.5427,23973.0
16:50:18,6937.31,6975.0,733.2281,10988.0
16:50:18,6937.31,6980.0,983.2155,7865.0
16:50:18,6937.31,6985.0,90.9478,7813.0
16:50:18,6937.31,6990.0,326.0387,5081.0
16:50:18,6937.31,6995.0,88.3026,2598.0
16:50:18,6937.31,7000.0,441.0666,7459.0
16:50:18,6937.31,7005.0,26.1586,2143.0
16:50:18,6937.31,7010.0,27.8872,2248.0
16:52:28,6937.61,6865.0,56.5959,7070.0
16:52:28,6937.61,6870.0,133.3042,13452.0
16:52:28,6937.61,6875.0,301.587,12019.0
16:52:28,6937.61,6880.0,191.7962,13148.0
16:52:28,6937.61,6885.0,374.0504,16441.0
16:52:28,6937.61,6890.0,324.9299,20299.0
16:52:28,6937.61,6895.0,302.7323,16745.0
16:52:28,6937.61,6900.0,1009.1254,41377.0
16:52:28,6937.61,6905.0,1104.7861,19626.0
16:52:28,6937.61,6910.0,1039.8023,28786.0
16:52:28,6937.61,6915.0,1054.8664,26865.0
16:52:28,6937.61,6920.0,1708.7396,44279.0
16:52:28,6937.61,6925.0,1990.6618,37240.0
16:52:28,6937.61,6930.0,1646.7784,45628.0
16:52:28,6937.61,6935.0,2727.7586,45771.0
16:52:28,6937.61,6940.0,5160.8562,45552.0
16:52:28,6937.61,6945.0,3293.75,30150.0
16:52:28,6937.61,6950.0,10450.8734,56872.0
16:52:28,6937.61,6955.0,975.8299,25452.0
16:52:28,6937.61,6960.0,3055.6045,43375.0
16:52:28,6937.61,6965.0,1279.4055,18180.0
16:52:28,6937.61,6970.0,794.9122,24533.0
16:52:28,6937.61,6975.0,659.3179,11148.0
16:52:28,6937.61,6980.0,884.7658,8000.0
16:52:28,6937.61,6985.0,85.7851,7918.0
16:52:28,6937.61,6990.0,303.9885,5147.0
16:52:28,6937.61,6995.0,81.8775,2649.0
16:52:28,6937.61,7000.0,408.805,7554.0
16:52:28,6937.61,7005.0,24.2402,2170.0
16:52:28,6937.61,7010.0,25.793,2261.0
16:54:38,6939.9,6865.0,53.646,7082.0
16:54:38,6939.9,6870.0,125.3569,13602.0
16:54:38,6939.9,6875.0,281.0691,12092.0
16:54:38,6939.9,6880.0,172.6879,13276.0
16:54:38,6939.9,6885.0,392.371,16605.0
16:54:38,6939.9,6890.0,325.1444,20557.0
16:54:38,6939.9,6895.0,302.9322,17047.0
16:54:38,6939.9,6900.0,1009.7917,42230.0
16:54:38,6939.9,6905.0,1018.9256,19840.0
16:54:38,6939.9,6910.0,970.3028,29207.0
16:54:38,6939.9,6915.0,1010.1188,27207.0
16:54:38,6939.9,6920.0,1646.0872,44721.0
16:54:38,6939.9,6925.0,1933.8458,37639.0
16:54:38,6939.9,6930.0,1575.2015,46484.0
16:54:38,6939.9,6935.0,2681.5918,46971.0
16:54:38,6939.9,6940.0,5228.7453,47883.0
16:54:38,6939.9,6945.0,3432.2455,31303.0
16:54:38,6939.9,6950.0,11149.4623,58013.0
16:54:38,6939.9,6955.0,1042.2894,26271.0
16:54:38,6939.9,6960.0,3251.5556,43929.0
16:54:38,6939.9,6965.0,1359.0281,18486.0
16:54:38,6939.9,6970.0,881.308,25643.0
16:54:38,6939.9,6975.0,659.7532,11308.0
16:54:38,6939.9,6980.0,992.404,8202.0
16:54:38,6939.9,6985.0,85.8418,8044.0
16:54:38,6939.9,6990.0,304.1892,5335.0
16:54:38,6939.9,6995.0,89.8233,2706.0
16:54:38,6939.9,7000.0,442.67,7616.0
16:54:38,6939.9,7005.0,25.9176,2184.0
16:54:38,6939.9,7010.0,27.3911,2306.0
16:56:47,6940.36,6870.0,130.2706,14131.0
16:56:47,6940.36,6875.0,281.1064,12466.0
16:56:47,6940.36,6880.0,162.4157,13547.0
16:56:47,6940.36,6885.0,320.0275,17127.0
16:56:47,6940.36,6890.0,283.7193,20869.0
16:56:47,6940.36,6895.0,265.3372,17508.0
16:56:47,6940.36,6900.0,888.5876,43035.0
16:56:47,6940.36,6905.0,1020.0741,21628.0
16:56:47,6940.36,6910.0,970.4314,29868.0
16:56:47,6940.36,6915.0,1010.717,27859.0
16:56:47,6940.36,6920.0,1646.7914,45227.0
16:56:47,6940.36,6925.0,1934.9709,38229.0
16:56:47,6940.36,6930.0,1576.1624,47088.0
16:56:47,6940.36,6935.0,2746.3301,48594.0
16:56:47,6940.36,6940.0,5369.4096,49810.0
16:56:47,6940.36,6945.0,3542.3609,32315.0
16:56:47,6940.36,6950.0,11720.0096,59830.0
16:56:47,6940.36,6955.0,1099.5653,27007.0
16:56:47,6940.36,6960.0,3251.9866,44599.0
16:56:47,6940.36,6965.0,1357.4327,18856.0
16:56:47,6940.36,6970.0,881.4248,26165.0
16:56:47,6940.36,6975.0,777.3638,11738.0
16:56:47,6940.36,6980.0,1045.01,8366.0
16:56:47,6940.36,6985.0,98.8641,8103.0
16:56:47,6940.36,6990.0,349.6729,5410.0
16:56:47,6940.36,6995.0,93.2638,2736.0
16:56:47,6940.36,7000.0,457.9752,7769.0
16:56:47,6940.36,7005.0,25.921,2225.0
16:56:47,6940.36,7010.0,27.3947,2356.0
16:56:47,6940.36,7015.0,5.3223,2504.0
16:58:57,6940.49,6870.0,128.0784,14183.0
16:58:57,6940.49,6875.0,287.4886,12527.0
16:58:57,6940.49,6880.0,167.8209,13736.0
16:58:57,6940.49,6885.0,329.4966,17204.0
16:58:57,6940.49,6890.0,283.7299,21070.0
16:58:57,6940.49,6895.0,265.3471,17640.0
16:58:57,6940.49,6900.0,888.6209,43363.0
16:58:57,6940.49,6905.0,976.0563,21929.0
16:58:57,6940.49,6910.0,946.0694,30336.0
16:58:57,6940.49,6915.0,986.5093,29754.0
16:58:57,6940.49,6920.0,1628.9217,45797.0
16:58:57,6940.49,6925.0,1921.8657,38516.0
16:58:57,6940.49,6930.0,1594.6948,47530.0
16:58:57,6940.49,6935.0,2760.0095,49180.0
16:58:57,6940.49,6940.0,5455.6909,51185.0
16:58:57,6940.49,6945.0,3629.3432,33044.0
16:58:57,6940.49,6950.0,11881.326,60765.0
16:58:57,6940.49,6955.0,1080.9176,27412.0
16:58:57,6940.49,6960.0,3404.4797,45408.0
16:58:57,6940.49,6965.0,1400.3212,19135.0
16:58:57,6940.49,6970.0,892.0321,26859.0
16:58:57,6940.49,6975.0,763.3283,11899.0
16:58:57,6940.49,6980.0,1045.0492,8484.0
16:58:57,6940.49,6985.0,98.8678,8344.0
16:58:57,6940.49,6990.0,349.686,5513.0
16:58:57,6940.49,6995.0,93.5859,2744.0
16:58:57,6940.49,7000.0,436.9551,7835.0
16:58:57,6940.49,7005.0,25.54,2251.0
16:58:57,6940.49,7010.0,26.7596,2435.0
16:58:57,6940.49,7015.0,13.5955,2570.0
17:01:06,6938.56,6865.0,53.7605,7286.0
17:01:06,6938.56,6870.0,127.0079,14324.0
17:01:06,6938.56,6875.0,286.0732,12624.0
17:01:06,6938.56,6880.0,179.5886,13991.0
17:01:06,6938.56,6885.0,349.1795,17308.0
17:01:06,6938.56,6890.0,312.061,21371.0
17:01:06,6938.56,6895.0,285.0926,17770.0
17:01:06,6938.56,6900.0,948.2454,43667.0
17:01:06,6938.56,6905.0,1031.5313,22270.0
17:01:06,6938.56,6910.0,974.6772,30767.0
17:01:06,6938.56,6915.0,1030.5671,30040.0
17:01:06,6938.56,6920.0,1655.4928,46240.0
17:01:06,6938.56,6925.0,1938.9875,38833.0
17:01:06,6938.56,6930.0,1593.0909,48132.0
17:01:06,6938.56,6935.0,2755.0743,49772.0
17:01:06,6938.56,6940.0,5394.037,52309.0
17:01:06,6938.56,6945.0,3544.0286,33859.0
17:01:06,6938.56,6950.0,11433.2774,61677.0
17:01:06,6938.56,6955.0,1053.1113,27835.0
17:01:06,6938.56,6960.0,3238.2192,46821.0
17:01:06,6938.56,6965.0,1288.0214,19406.0
17:01:06,6938.56,6970.0,849.3109,28245.0
17:01:06,6938.56,6975.0,723.5834,12131.0
17:01:06,6938.56,6980.0,944.4167,8673.0
17:01:06,6938.56,6985.0,87.187,8397.0
17:01:06,6938.56,6990.0,307.688,5681.0
17:01:06,6938.56,6995.0,81.6109,2773.0
17:01:06,6938.56,7000.0,400.5299,7892.0
17:01:06,6938.56,7005.0,23.3107,2288.0
17:01:06,6938.56,7010.0,24.3944,2442.0
17:03:16,6938.39,6865.0,53.7578,7324.0
17:03:16,6938.39,6870.0,128.287,14401.0
17:03:16,6938.39,6875.0,289.7819,12669.0
17:03:16,6938.39,6880.0,181.3922,14132.0
17:03:16,6938.39,6885.0,352.584,17728.0
17:03:16,6938.39,6890.0,293.4051,21852.0
17:03:16,6938.39,6895.0,291.4008,17988.0
17:03:16,6938.39,6900.0,969.093,44038.0
17:03:16,6938.39,6905.0,1030.9463,22508.0
17:03:16,6938.39,6910.0,993.845,30986.0
17:03:16,6938.39,6915.0,1030.3159,30245.0
17:03:16,6938.39,6920.0,1679.8123,46478.0
17:03:16,6938.39,6925.0,1979.648,39107.0
17:03:16,6938.39,6930.0,1646.5584,48821.0
17:03:16,6938.39,6935.0,2817.3162,51066.0
17:03:16,6938.39,6940.0,5436.1225,53698.0
17:03:16,6938.39,6945.0,3550.837,34385.0
17:03:16,6938.39,6950.0,11302.9893,62366.0
17:03:16,6938.39,6955.0,1045.9342,28145.0
17:03:16,6938.39,6960.0,3238.1521,47353.0
17:03:16,6938.39,6965.0,1285.8245,19684.0
17:03:16,6938.39,6970.0,849.2762,28656.0
17:03:16,6938.39,6975.0,697.0745,12253.0
17:03:16,6938.39,6980.0,990.663,8744.0
17:03:16,6938.39,6985.0,87.1853,8543.0
17:03:16,6938.39,6990.0,307.6683,5705.0
17:03:16,6938.39,6995.0,82.7717,2851.0
17:03:16,6938.39,7000.0,411.6075,8128.0
17:03:16,6938.39,7005.0,24.1246,2318.0
17:03:16,6938.39,7010.0,24.3932,2453.0
17:05:25,6935.9,6865.0,57.8117,7338.0
17:05:25,6935.9,6870.0,134.1486,14515.0
17:05:25,6935.9,6875.0,289.5739,12824.0
17:05:25,6935.9,6880.0,181.2621,14236.0
17:05:25,6935.9,6885.0,350.011,17835.0
17:05:25,6935.9,6890.0,306.3523,22072.0
17:05:25,6935.9,6895.0,287.6395,18238.0
17:05:25,6935.9,6900.0,946.7239,44442.0
17:05:25,6935.9,6905.0,1044.298,22652.0
17:05:25,6935.9,6910.0,1018.8837,31217.0
17:05:25,6935.9,6915.0,1056.8566,30669.0
17:05:25,6935.9,6920.0,1729.5347,46991.0
17:05:25,6935.9,6925.0,2044.0315,39553.0
17:05:25,6935.9,6930.0,1659.5268,49657.0
17:05:25,6935.9,6935.0,2815.1882,51869.0
17:05:25,6935.9,6940.0,5422.0702,54934.0
17:05:25,6935.9,6945.0,3491.1024,34979.0
17:05:25,6935.9,6950.0,11171.5934,63264.0
17:05:25,6935.9,6955.0,985.4786,28847.0
17:05:25,6935.9,6960.0,3087.3641,47961.0
17:05:25,6935.9,6965.0,1239.8953,19851.0
17:05:25,6935.9,6970.0,793.8233,28876.0
17:05:25,6935.9,6975.0,701.4542,12407.0
17:05:25,6935.9,6980.0,932.7322,8865.0
17:05:25,6935.9,6985.0,80.3116,8596.0
17:05:25,6935.9,6990.0,306.8611,5788.0
17:05:25,6935.9,6995.0,82.7123,2875.0
17:05:25,6935.9,7000.0,386.1865,8173.0
17:05:25,6935.9,7005.0,22.7088,2346.0
17:05:25,6935.9,7010.0,23.779,2454.0
17:07:35,6936.08,6865.0,57.0477,7428.0
17:07:35,6936.08,6870.0,135.5988,14590.0
17:07:35,6936.08,6875.0,308.9555,12877.0
17:07:35,6936.08,6880.0,206.106,14413.0
17:07:35,6936.08,6885.0,360.2001,18038.0
17:07:35,6936.08,6890.0,306.3682,22310.0
17:07:35,6936.08,6895.0,287.6544,18923.0
17:07:35,6936.08,6900.0,946.773,45346.0
17:07:35,6936.08,6905.0,1044.3522,23182.0
17:07:35,6936.08,6910.0,1018.9366,31716.0
17:07:35,6936.08,6915.0,1055.8301,31488.0
17:07:35,6936.08,6920.0,1728.3706,48335.0
17:07:35,6936.08,6925.0,2149.1016,40229.0
17:07:35,6936.08,6930.0,1738.5377,51019.0
17:07:35,6936.08,6935.0,2909.7041,53958.0
17:07:35,6936.08,6940.0,5508.5926,56872.0
17:07:35,6936.08,6945.0,3489.289,37426.0
17:07:35,6936.08,6950.0,11172.1732,65312.0
17:07:35,6936.08,6955.0,985.5298,31386.0
17:07:35,6936.08,6960.0,3087.5243,49250.0
17:07:35,6936.08,6965.0,1237.4888,21313.0
17:07:35,6936.08,6970.0,793.8645,30188.0
17:07:35,6936.08,6975.0,701.4906,12641.0
17:07:35,6936.08,6980.0,932.7806,9074.0
17:07:35,6936.08,6985.0,80.396,8771.0
17:07:35,6936.08,6990.0,237.9595,5997.0
17:07:35,6936.08,6995.0,63.4153,2887.0
17:07:35,6936.08,7000.0,313.8906,8226.0
17:07:35,6936.08,7005.0,18.4202,2503.0
17:07:35,6936.08,7010.0,19.4806,2500.0
17:09:44,6934.12,6860.0,47.1233,12219.0
17:09:44,6934.12,6865.0,58.3586,7527.0
17:09:44,6934.12,6870.0,138.8093,14700.0
17:09:44,6934.12,6875.0,317.2297,12964.0
17:09:44,6934.12,6880.0,198.6334,14511.0
17:09:44,6934.12,6885.0,378.0329,18225.0
17:09:44,6934.12,6890.0,343.8026,22441.0
17:09:44,6934.12,6895.0,320.1451,19052.0
17:09:44,6934.12,6900.0,1074.1335,45839.0
17:09:44,6934.12,6905.0,1180.8872,23447.0
17:09:44,6934.12,6910.0,1127.3107,32026.0
17:09:44,6934.12,6915.0,1166.4153,31644.0
17:09:44,6934.12,6920.0,1895.4085,48731.0
17:09:44,6934.12,6925.0,2146.8812,40717.0
17:09:44,6934.12,6930.0,1764.1022,51843.0
17:09:44,6934.12,6935.0,2923.6673,55470.0
17:09:44,6934.12,6940.0,5437.2839,57767.0
17:09:44,6934.12,6945.0,3363.1941,38018.0
17:09:44,6934.12,6950.0,10268.6515,66185.0
17:09:44,6934.12,6955.0,919.6439,31772.0
17:09:44,6934.12,6960.0,2710.5195,50178.0
17:09:44,6934.12,6965.0,1050.8666,21565.0
17:09:44,6934.12,6970.0,663.8751,30378.0
17:09:44,6934.12,6975.0,554.1029,12734.0
17:09:44,6934.12,6980.0,718.3175,9151.0
17:09:44,6934.12,6985.0,69.8798,8823.0
17:09:44,6934.12,6990.0,243.3313,6102.0
17:09:44,6934.12,6995.0,64.4836,2891.0
17:09:44,6934.12,7000.0,318.071,8367.0
17:09:44,6934.12,7005.0,18.6246,2505.0
17:11:54,6934.9,6860.0,46.3876,12301.0
17:11:54,6934.9,6865.0,59.8478,7605.0
17:11:54,6934.9,6870.0,140.7268,14945.0
17:11:54,6934.9,6875.0,319.0017,13019.0
17:11:54,6934.9,6880.0,195.3061,14626.0
17:11:54,6934.9,6885.0,371.8053,18406.0
17:11:54,6934.9,6890.0,343.88,22579.0
17:11:54,6934.9,6895.0,320.2171,19667.0
17:11:54,6934.9,6900.0,1042.2144,46810.0
17:11:54,6934.9,6905.0,1141.0208,23725.0
17:11:54,6934.9,6910.0,1078.8875,32356.0
17:11:54,6934.9,6915.0,1143.0045,32208.0
17:11:54,6934.9,6920.0,1815.136,49837.0
17:11:54,6934.9,6925.0,2095.6887,41447.0
17:11:54,6934.9,6930.0,1695.1349,53132.0
17:11:54,6934.9,6935.0,2790.6326,56551.0
17:11:54,6934.9,6940.0,5263.7323,58904.0
17:11:54,6934.9,6945.0,3312.6597,38478.0
17:11:54,6934.9,6950.0,10447.0441,66931.0
17:11:54,6934.9,6955.0,915.6743,32099.0
17:11:54,6934.9,6960.0,2862.9184,50707.0
17:11:54,6934.9,6965.0,1046.1859,21726.0
17:11:54,6934.9,6970.0,664.0244,30545.0
17:11:54,6934.9,6975.0,554.2276,12811.0
17:11:54,6934.9,6980.0,819.4135,9229.0
17:11:54,6934.9,6985.0,70.8043,8873.0
17:11:54,6934.9,6990.0,247.3967,6125.0
17:11:54,6934.9,6995.0,65.4955,2911.0
17:11:54,6934.9,7000.0,321.8795,8471.0
17:11:54,6934.9,7005.0,18.7764,2547.0
17:14:04,6935.54,6865.0,59.8588,7615.0
17:14:04,6935.54,6870.0,140.7528,14983.0
17:14:04,6935.54,6875.0,327.0037,13090.0
17:14:04,6935.54,6880.0,198.6318,14672.0
17:14:04,6935.54,6885.0,392.4524,18447.0
17:14:04,6935.54,6890.0,349.1626,22684.0
17:14:04,6935.54,6895.0,322.8207,19978.0
17:14:04,6935.54,6900.0,1078.2361,47107.0
17:14:04,6935.54,6905.0,1175.3483,23981.0
17:14:04,6935.54,6910.0,1102.5203,32538.0
17:14:04,6935.54,6915.0,1124.3774,32839.0
17:14:04,6935.54,6920.0,1829.3121,50316.0
17:14:04,6935.54,6925.0,2110.9615,41947.0
17:14:04,6935.54,6930.0,1695.4478,53812.0
17:14:04,6935.54,6935.0,2816.7537,57579.0
17:14:04,6935.54,6940.0,5264.7039,59557.0
17:14:04,6935.54,6945.0,3313.2712,38862.0
17:14:04,6935.54,6950.0,10337.0969,67485.0
17:14:04,6935.54,6955.0,910.0913,32392.0
17:14:04,6935.54,6960.0,2742.0718,50990.0
17:14:04,6935.54,6965.0,1083.5758,21916.0
17:14:04,6935.54,6970.0,684.8556,30648.0
17:14:04,6935.54,6975.0,581.1534,12898.0
17:14:04,6935.54,6980.0,762.7479,9296.0
17:14:04,6935.54,6985.0,65.6926,8935.0
17:14:04,6935.54,6990.0,231.9097,6172.0
17:14:04,6935.54,6995.0,61.9328,2944.0
17:14:04,6935.54,7000.0,321.9389,8530.0
17:14:04,6935.54,7005.0,18.7799,2585.0
17:14:04,6935.54,7010.0,19.4776,2555.0
17:16:13,6936.5,6865.0,57.9032,7638.0
17:16:13,6936.5,6870.0,137.0745,15024.0
17:16:13,6936.5,6875.0,327.0942,13133.0
17:16:13,6936.5,6880.0,189.714,14721.0
17:16:13,6936.5,6885.0,375.5442,18500.0
17:16:13,6936.5,6890.0,341.0548,22809.0
17:16:13,6936.5,6895.0,296.0884,20090.0
17:16:13,6936.5,6900.0,1000.6001,47465.0
17:16:13,6936.5,6905.0,1124.0507,24286.0
17:16:13,6936.5,6910.0,1072.4534,32718.0
17:16:13,6936.5,6915.0,1106.1499,32980.0
17:16:13,6936.5,6920.0,1808.6896,50684.0
17:16:13,6936.5,6925.0,2070.9795,42388.0
17:16:13,6936.5,6930.0,1688.742,54678.0
17:16:13,6936.5,6935.0,2813.4885,58709.0
17:16:13,6936.5,6940.0,5388.7764,60708.0
17:16:13,6936.5,6945.0,3413.3315,39636.0
17:16:13,6936.5,6950.0,10841.3032,68261.0
17:16:13,6936.5,6955.0,960.2673,32820.0
17:16:13,6936.5,6960.0,2895.9217,51927.0
17:16:13,6936.5,6965.0,1197.2291,22103.0
17:16:13,6936.5,6970.0,778.9103,30772.0
17:16:13,6936.5,6975.0,607.2979,12984.0
17:16:13,6936.5,6980.0,800.5889,9345.0
17:16:13,6936.5,6985.0,71.2564,8976.0
17:16:13,6936.5,6990.0,250.0576,6261.0
17:16:13,6936.5,6995.0,61.9499,2955.0
17:16:13,6936.5,7000.0,324.2901,8590.0
17:16:13,6936.5,7005.0,18.7022,2612.0
17:16:13,6936.5,7010.0,19.4578,2569.0
17:18:23,6937.37,6865.0,55.413,7650.0
17:18:23,6937.37,6870.0,132.5876,15143.0
17:18:23,6937.37,6875.0,301.9614,13202.0
17:18:23,6937.37,6880.0,190.0361,15018.0
17:18:23,6937.37,6885.0,379.5977,18599.0
17:18:23,6937.37,6890.0,341.1404,22883.0
17:18:23,6937.37,6895.0,296.1627,20170.0
17:18:23,6937.37,6900.0,1000.8511,48253.0
17:18:23,6937.37,6905.0,1098.328,24457.0
17:18:23,6937.37,6910.0,1030.3537,32859.0
17:18:23,6937.37,6915.0,1075.1166,33177.0
17:18:23,6937.37,6920.0,1745.4122,51034.0
17:18:23,6937.37,6925.0,2028.8987,42867.0
17:18:23,6937.37,6930.0,1655.8398,55420.0
17:18:23,6937.37,6935.0,2774.448,59819.0
17:18:23,6937.37,6940.0,5293.8668,61817.0
17:18:23,6937.37,6945.0,3420.7375,40455.0
17:18:23,6937.37,6950.0,11061.746,69120.0
17:18:23,6937.37,6955.0,993.2745,33149.0
17:18:23,6937.37,6960.0,3071.828,52364.0
17:18:23,6937.37,6965.0,1228.6576,22407.0
17:18:23,6937.37,6970.0,795.6204,30912.0
17:18:23,6937.37,6975.0,607.4502,13168.0
17:18:23,6937.37,6980.0,800.7898,9378.0
17:18:23,6937.37,6985.0,71.2743,9014.0
17:18:23,6937.37,6990.0,280.5879,6331.0
17:18:23,6937.37,6995.0,73.4354,2973.0
17:18:23,6937.37,7000.0,361.4341,8658.0
17:18:23,6937.37,7005.0,20.8767,2652.0
17:18:23,6937.37,7010.0,21.7525,2588.0
17:20:32,6939.98,6865.0,50.5467,7717.0
17:20:32,6939.98,6870.0,121.2936,15240.0
17:20:32,6939.98,6875.0,278.2751,13297.0
17:20:32,6939.98,6880.0,171.7943,15175.0
17:20:32,6939.98,6885.0,368.2635,18738.0
17:20:32,6939.98,6890.0,318.068,23051.0
17:20:32,6939.98,6895.0,272.6774,20541.0
17:20:32,6939.98,6900.0,869.9491,48834.0
17:20:32,6939.98,6905.0,965.4725,24738.0
17:20:32,6939.98,6910.0,929.6503,33644.0
17:20:32,6939.98,6915.0,982.5716,33811.0
17:20:32,6939.98,6920.0,1634.529,51989.0
17:20:32,6939.98,6925.0,1933.9467,43521.0
17:20:32,6939.98,6930.0,1626.6279,56357.0
17:20:32,6939.98,6935.0,2811.8848,61641.0
17:20:32,6939.98,6940.0,5512.1438,63994.0
17:20:32,6939.98,6945.0,3631.1296,41650.0
17:20:32,6939.98,6950.0,11954.9147,70511.0
17:20:32,6939.98,6955.0,1110.1947,33857.0
17:20:32,6939.98,6960.0,3454.7945,53091.0
17:20:32,6939.98,6965.0,1386.3933,22792.0
17:20:32,6939.98,6970.0,906.4906,31154.0
17:20:32,6939.98,6975.0,773.9503,13338.0
17:20:32,6939.98,6980.0,922.9706,9508.0
17:20:32,6939.98,6985.0,93.0415,9101.0
17:20:32,6939.98,6990.0,280.0875,6390.0
17:20:32,6939.98,6995.0,72.4326,3052.0
17:20:32,6939.98,7000.0,408.0526,8693.0
17:20:32,6939.98,7005.0,23.646,2657.0
17:20:32,6939.98,7010.0,24.6987,2602.0
17:22:42,6943.81,6870.0,121.4275,15670.0
17:22:42,6943.81,6875.0,278.5823,13382.0
17:22:42,6943.81,6880.0,171.984,15764.0
17:22:42,6943.81,6885.0,277.8328,19013.0
17:22:42,6943.81,6890.0,243.2952,23634.0
17:22:42,6943.81,6895.0,281.1821,21121.0
17:22:42,6943.81,6900.0,870.9096,50073.0
17:22:42,6943.81,6905.0,966.5385,25202.0
17:22:42,6943.81,6910.0,930.6767,34766.0
17:22:42,6943.81,6915.0,985.0992,34480.0
17:22:42,6943.81,6920.0,1636.3336,53063.0
17:22:42,6943.81,6925.0,1939.4888,44654.0
17:22:42,6943.81,6930.0,1630.3208,57874.0
17:22:42,6943.81,6935.0,2814.9893,63194.0
17:22:42,6943.81,6940.0,5479.8594,66788.0
17:22:42,6943.81,6945.0,3772.5785,44274.0
17:22:42,6943.81,6950.0,11968.1136,73641.0
17:22:42,6943.81,6955.0,1111.4205,35575.0
17:22:42,6943.81,6960.0,3458.6088,55196.0
17:22:42,6943.81,6965.0,1368.3692,23840.0
17:22:42,6943.81,6970.0,907.4914,32089.0
17:22:42,6943.81,6975.0,774.8048,14230.0
17:22:42,6943.81,6980.0,923.9896,10169.0
17:22:42,6943.81,6985.0,93.0672,9375.0
17:22:42,6943.81,6990.0,280.1117,6744.0
17:22:42,6943.81,6995.0,97.3605,3284.0
17:22:42,6943.81,7000.0,476.725,8934.0
17:22:42,6943.81,7005.0,23.6721,2752.0
17:22:42,6943.81,7010.0,24.726,2668.0
17:22:42,6943.81,7015.0,13.6085,2798.0
17:24:52,6943.39,6870.0,97.5949,15744.0
17:24:52,6943.39,6875.0,278.5486,13412.0
17:24:52,6943.39,6880.0,171.9632,15936.0
17:24:52,6943.39,6885.0,277.7992,19382.0
17:24:52,6943.39,6890.0,243.2658,23741.0
17:24:52,6943.39,6895.0,281.1481,21254.0
17:24:52,6943.39,6900.0,870.8042,50734.0
17:24:52,6943.39,6905.0,966.4215,25358.0
17:24:52,6943.39,6910.0,930.5641,35317.0
17:24:52,6943.39,6915.0,985.518,34832.0
17:24:52,6943.39,6920.0,1638.3528,53726.0
17:24:52,6943.39,6925.0,1940.0902,44988.0
17:24:52,6943.39,6930.0,1629.9584,58571.0
17:24:52,6943.39,6935.0,2686.4029,63984.0
17:24:52,6943.39,6940.0,5479.1965,68464.0
17:24:52,6943.39,6945.0,3793.4577,45768.0
17:24:52,6943.39,6950.0,11966.6658,76824.0
17:24:52,6943.39,6955.0,1241.4182,36319.0
17:24:52,6943.39,6960.0,3458.1904,57194.0
17:24:52,6943.39,6965.0,1362.1518,24620.0
17:24:52,6943.39,6970.0,907.3816,32609.0
17:24:52,6943.39,6975.0,774.711,14388.0
17:24:52,6943.39,6980.0,923.8779,10424.0
17:24:52,6943.39,6985.0,93.0559,9570.0
17:24:52,6943.39,6990.0,279.7929,6843.0
17:24:52,6943.39,6995.0,97.3487,3325.0
17:24:52,6943.39,7000.0,476.6674,9177.0
17:24:52,6943.39,7005.0,23.6692,2762.0
17:24:52,6943.39,7010.0,24.723,2760.0
17:24:52,6943.39,7015.0,14.5085,2816.0
17:27:02,6948.53,6875.0,222.1258,13584.0
17:27:02,6948.53,6880.0,136.1358,16229.0
17:27:02,6948.53,6885.0,278.2106,19712.0
17:27:02,6948.53,6890.0,201.2283,24150.0
17:27:02,6948.53,6895.0,181.8992,21472.0
17:27:02,6948.53,6900.0,651.889,51552.0
17:27:02,6948.53,6905.0,721.6718,25646.0
17:27:02,6948.53,6910.0,651.0947,35893.0
17:27:02,6948.53,6915.0,697.7284,35558.0
17:27:02,6948.53,6920.0,1183.0699,54485.0
17:27:02,6948.53,6925.0,1447.5609,45970.0
17:27:02,6948.53,6930.0,1279.5401,59872.0
17:27:02,6948.53,6935.0,2334.9916,65032.0
17:27:02,6948.53,6940.0,5487.3117,70593.0
17:27:02,6948.53,6945.0,3861.781,48182.0
17:27:02,6948.53,6950.0,13117.1928,80802.0
17:27:02,6948.53,6955.0,1252.7281,41204.0
17:27:02,6948.53,6960.0,3462.2695,60454.0
17:27:02,6948.53,6965.0,1958.8456,28913.0
17:27:02,6948.53,6970.0,1089.6696,33876.0
17:27:02,6948.53,6975.0,1150.4194,14994.0
17:27:02,6948.53,6980.0,1362.0837,10856.0
17:27:02,6948.53,6985.0,110.3516,9823.0
17:27:02,6948.53,6990.0,427.8519,6948.0
17:27:02,6948.53,6995.0,113.089,3404.0
17:27:02,6948.53,7000.0,561.8042,9589.0
17:27:02,6948.53,7005.0,32.7492,2809.0
17:27:02,6948.53,7010.0,34.2504,2827.0
17:27:02,6948.53,7015.0,15.1696,2858.0
17:27:02,6948.53,7020.0,20.8328,4124.0
17:29:11,6947.37,6875.0,181.5259,13657.0
17:29:11,6947.37,6880.0,156.8377,16552.0
17:29:11,6947.37,6885.0,278.1177,19801.0
17:29:11,6947.37,6890.0,210.2466,24427.0
17:29:11,6947.37,6895.0,178.6944,21614.0
17:29:11,6947.37,6900.0,654.6075,52076.0
17:29:11,6947.37,6905.0,721.4309,25934.0
17:29:11,6947.37,6910.0,650.8774,36290.0
17:29:11,6947.37,6915.0,696.8816,35807.0
17:29:11,6947.37,6920.0,1181.9384,55009.0
17:29:11,6947.37,6925.0,1445.3645,46554.0
17:29:11,6947.37,6930.0,1277.8533,60393.0
17:29:11,6947.37,6935.0,2334.212,65521.0
17:29:11,6947.37,6940.0,5485.4798,71809.0
17:29:11,6947.37,6945.0,3740.0813,50575.0
17:29:11,6947.37,6950.0,13112.8136,83954.0
17:29:11,6947.37,6955.0,1252.3099,42069.0
17:29:11,6947.37,6960.0,3461.1136,62188.0
17:29:11,6947.37,6965.0,1942.7092,30150.0
17:29:11,6947.37,6970.0,1089.3058,34631.0
17:29:11,6947.37,6975.0,1150.0353,15665.0
17:29:11,6947.37,6980.0,1361.629,11106.0
17:29:11,6947.37,6985.0,110.3147,10016.0
17:29:11,6947.37,6990.0,427.709,7304.0
17:29:11,6947.37,6995.0,111.0871,3502.0
17:29:11,6947.37,7000.0,561.6166,9737.0
17:29:11,6947.37,7005.0,32.7383,2868.0
17:29:11,6947.37,7010.0,34.239,2916.0
17:29:11,6947.37,7015.0,17.2992,2903.0
17:29:11,6947.37,7020.0,57.5552,4172.0
17:31:21,6948.74,6875.0,167.0105,13745.0
17:31:21,6948.74,6880.0,115.6092,16641.0
17:31:21,6948.74,6885.0,207.9477,19896.0
17:31:21,6948.74,6890.0,193.188,24601.0
17:31:21,6948.74,6895.0,180.5991,21717.0
17:31:21,6948.74,6900.0,604.3645,52639.0
17:31:21,6948.74,6905.0,676.814,26336.0
17:31:21,6948.74,6910.0,669.7614,36624.0
17:31:21,6948.74,6915.0,730.5675,36339.0
17:31:21,6948.74,6920.0,1208.1892,55436.0
17:31:21,6948.74,6925.0,1491.4074,47097.0
17:31:21,6948.74,6930.0,1278.3574,60861.0
17:31:21,6948.74,6935.0,2335.1327,66017.0
17:31:21,6948.74,6940.0,5487.6434,72959.0
17:31:21,6948.74,6945.0,3807.967,52147.0
17:31:21,6948.74,6950.0,13775.6421,85540.0
17:31:21,6948.74,6955.0,1420.2432,42973.0
17:31:21,6948.74,6960.0,3462.4788,66492.0
17:31:21,6948.74,6965.0,1925.2933,31129.0
17:31:21,6948.74,6970.0,1089.7355,35819.0
17:31:21,6948.74,6975.0,1126.6806,19288.0
17:31:21,6948.74,6980.0,1404.358,11462.0
17:31:21,6948.74,6985.0,126.7168,10224.0
17:31:21,6948.74,6990.0,424.07,7576.0
17:31:21,6948.74,6995.0,107.7166,3552.0
17:31:21,6948.74,7000.0,529.2762,10119.0
17:31:21,6948.74,7005.0,30.2405,2964.0
17:31:21,6948.74,7010.0,31.9805,2950.0
17:31:21,6948.74,7015.0,15.7535,2917.0
17:31:21,6948.74,7020.0,52.4336,4191.0
17:33:31,6949.08,6875.0,175.4715,13829.0
17:33:31,6949.08,6880.0,108.635,17176.0
17:33:31,6949.08,6885.0,207.968,19996.0
17:33:31,6949.08,6890.0,193.2069,24761.0
17:33:31,6949.08,6895.0,180.6167,21894.0
17:33:31,6949.08,6900.0,604.4236,53284.0
17:33:31,6949.08,6905.0,676.8802,26582.0
17:33:31,6949.08,6910.0,677.1171,37109.0
17:33:31,6949.08,6915.0,730.9736,36659.0
17:33:31,6949.08,6920.0,1208.5135,56335.0
17:33:31,6949.08,6925.0,1492.3497,47422.0
17:33:31,6949.08,6930.0,1279.5674,61573.0
17:33:31,6949.08,6935.0,2335.3612,67053.0
17:33:31,6949.08,6940.0,5488.1805,73922.0
17:33:31,6949.08,6945.0,3697.6252,55612.0
17:33:31,6949.08,6950.0,13353.0966,89970.0
17:33:31,6949.08,6955.0,1379.323,44467.0
17:33:31,6949.08,6960.0,3462.8177,67832.0
17:33:31,6949.08,6965.0,1913.3591,32236.0
17:33:31,6949.08,6970.0,1089.8421,38149.0
17:33:31,6949.08,6975.0,1126.7908,20515.0
17:33:31,6949.08,6980.0,1404.4955,12395.0
17:33:31,6949.08,6985.0,134.6598,10572.0
17:33:31,6949.08,6990.0,428.5539,7934.0
17:33:31,6949.08,6995.0,107.7272,3666.0
17:33:31,6949.08,7000.0,529.328,10688.0
17:33:31,6949.08,7005.0,30.2435,3032.0
17:33:31,6949.08,7010.0,31.9837,3382.0
17:33:31,6949.08,7015.0,15.7551,2967.0
17:33:31,6949.08,7020.0,54.1117,4276.0
17:35:42,6949.99,6875.0,175.5175,13829.0
17:35:42,6949.99,6880.0,108.6635,17176.0
17:35:42,6949.99,6885.0,208.0225,19996.0
17:35:42,6949.99,6890.0,193.2575,24761.0
17:35:42,6949.99,6895.0,180.664,21894.0
17:35:42,6949.99,6900.0,604.5819,53284.0
17:35:42,6949.99,6905.0,677.0575,26582.0
17:35:42,6949.99,6910.0,677.2945,37109.0
17:35:42,6949.99,6915.0,731.165,36659.0
17:35:42,6949.99,6920.0,1208.83,56335.0
17:35:42,6949.99,6925.0,1492.7405,47422.0
17:35:42,6949.99,6930.0,1279.9026,61573.0
17:35:42,6949.99,6935.0,2335.9729,67053.0
17:35:42,6949.99,6940.0,5489.6179,73922.0
17:35:42,6949.99,6945.0,3698.5937,55612.0
17:35:42,6949.99,6950.0,13356.5941,89970.0
17:35:42,6949.99,6955.0,1379.6843,44467.0
17:35:42,6949.99,6960.0,3463.7247,67832.0
17:35:42,6949.99,6965.0,1913.8602,32236.0
17:35:42,6949.99,6970.0,1090.1276,38149.0
17:35:42,6949.99,6975.0,1127.086,20515.0
17:35:42,6949.99,6980.0,1404.8633,12395.0
17:35:42,6949.99,6985.0,134.6951,10572.0
17:35:42,6949.99,6990.0,428.6662,7934.0
17:35:42,6949.99,6995.0,107.7554,3666.0
17:35:42,6949.99,7000.0,529.4667,10688.0
17:35:42,6949.99,7005.0,30.2514,3032.0
17:35:42,6949.99,7010.0,31.992,3382.0
17:35:42,6949.99,7015.0,15.7592,2967.0
17:35:42,6949.99,7020.0,54.1259,4276.0
17:37:52,6950.53,6880.0,115.617,17363.0
17:37:52,6950.53,6885.0,204.9063,20156.0
17:37:52,6950.53,6890.0,188.4679,24858.0
17:37:52,6950.53,6895.0,182.5289,22194.0
17:37:52,6950.53,6900.0,590.6321,53883.0
17:37:52,6950.53,6905.0,628.2276,26836.0
17:37:52,6950.53,6910.0,677.3997,37582.0
17:37:52,6950.53,6915.0,708.5138,37159.0
17:37:52,6950.53,6920.0,1189.6419,57061.0
17:37:52,6950.53,6925.0,1455.0996,48144.0
17:37:52,6950.53,6930.0,1290.594,62289.0
17:37:52,6950.53,6935.0,2349.6545,67723.0
17:37:52,6950.53,6940.0,4961.9778,74926.0
17:37:52,6950.53,6945.0,3672.2708,57946.0
17:37:52,6950.53,6950.0,13307.1849,93058.0
17:37:52,6950.53,6955.0,1387.4189,45889.0
17:37:52,6950.53,6960.0,4796.902,69366.0
17:37:52,6950.53,6965.0,1952.1572,33396.0
17:37:52,6950.53,6970.0,1368.4795,39219.0
17:37:52,6950.53,6975.0,1148.1517,21406.0
17:37:52,6950.53,6980.0,1458.2443,13013.0
17:37:52,6950.53,6985.0,134.716,10982.0
17:37:52,6950.53,6990.0,428.0376,8158.0
17:37:52,6950.53,6995.0,114.7485,3857.0
17:37:52,6950.53,7000.0,562.6113,10785.0
17:37:52,6950.53,7005.0,31.105,3244.0
17:37:52,6950.53,7010.0,31.8521,3419.0
17:37:52,6950.53,7015.0,16.4475,3007.0
17:37:52,6950.53,7020.0,51.6579,4327.0
17:37:52,6950.53,7025.0,19.2247,3621.0
17:40:02,6951.52,6880.0,112.6693,17431.0
17:40:02,6951.52,6885.0,223.1621,20286.0
17:40:02,6951.52,6890.0,185.5744,25015.0
17:40:02,6951.52,6895.0,174.9221,22341.0
17:40:02,6951.52,6900.0,557.2068,54150.0
17:40:02,6951.52,6905.0,673.0805,26973.0
17:40:02,6951.52,6910.0,628.6847,37806.0
17:40:02,6951.52,6915.0,637.0597,37381.0
17:40:02,6951.52,6920.0,1096.333,57457.0
17:40:02,6951.52,6925.0,1350.5128,48354.0
17:40:02,6951.52,6930.0,1160.4962,62918.0
17:40:02,6951.52,6935.0,2210.0369,68214.0
17:40:02,6951.52,6940.0,4758.6241,75568.0
17:40:02,6951.52,6945.0,3553.1365,58790.0
17:40:02,6951.52,6950.0,13169.8844,94562.0
17:40:02,6951.52,6955.0,1386.9698,46831.0
17:40:02,6951.52,6960.0,4852.506,70494.0
17:40:02,6951.52,6965.0,1972.4492,34119.0
17:40:02,6951.52,6970.0,1424.8798,39944.0
17:40:02,6951.52,6975.0,1246.3282,21983.0
17:40:02,6951.52,6980.0,1633.3174,13451.0
17:40:02,6951.52,6985.0,148.5479,11443.0
17:40:02,6951.52,6990.0,386.8575,8461.0
17:40:02,6951.52,6995.0,113.9363,4031.0
17:40:02,6951.52,7000.0,550.8413,10985.0
17:40:02,6951.52,7005.0,33.983,3454.0
17:40:02,6951.52,7010.0,34.7344,3509.0
17:40:02,6951.52,7015.0,15.8725,3089.0
17:40:02,6951.52,7020.0,52.3245,4362.0
17:40:02,6951.52,7025.0,60.5574,3643.0
17:42:12,6950.21,6880.0,116.2734,17486.0
17:42:12,6950.21,6885.0,229.7693,20454.0
17:42:12,6950.21,6890.0,206.0316,25108.0
17:42:12,6950.21,6895.0,182.0898,22488.0
17:42:12,6950.21,6900.0,556.9968,54423.0
17:42:12,6950.21,6905.0,638.2304,27134.0
17:42:12,6950.21,6910.0,600.726,38312.0
17:42:12,6950.21,6915.0,687.352,37719.0
17:42:12,6950.21,6920.0,1149.173,57835.0
17:42:12,6950.21,6925.0,1419.8298,48742.0
17:42:12,6950.21,6930.0,1242.381,63745.0
17:42:12,6950.21,6935.0,2328.0744,68640.0
17:42:12,6950.21,6940.0,5014.1162,76573.0
17:42:12,6950.21,6945.0,3686.2263,59644.0
17:42:12,6950.21,6950.0,13441.0953,96706.0
17:42:12,6950.21,6955.0,1374.5926,47897.0
17:42:12,6950.21,6960.0,4709.6758,71719.0
17:42:12,6950.21,6965.0,1835.4663,35146.0
17:42:12,6950.21,6970.0,1377.9517,40845.0
17:42:12,6950.21,6975.0,1176.005,22862.0
17:42:12,6950.21,6980.0,1554.3472,13907.0
17:42:12,6950.21,6985.0,138.8551,11712.0
17:42:12,6950.21,6990.0,422.9481,8692.0
17:42:12,6950.21,6995.0,124.6707,4122.0
17:42:12,6950.21,7000.0,602.2986,11127.0
17:42:12,6950.21,7005.0,33.9858,3499.0
17:42:12,6950.21,7010.0,32.9468,3630.0
17:42:12,6950.21,7015.0,16.4658,3113.0
17:42:12,6950.21,7020.0,54.345,4372.0
17:42:12,6950.21,7025.0,62.7768,3669.0
17:44:21,6951.0,6880.0,113.6156,17910.0
17:44:21,6951.0,6885.0,220.1155,20623.0
17:44:21,6951.0,6890.0,163.697,25526.0
17:44:21,6951.0,6895.0,185.5611,22660.0
17:44:21,6951.0,6900.0,605.3503,54986.0
17:44:21,6951.0,6905.0,639.0941,27452.0
17:44:21,6951.0,6910.0,605.4563,38715.0
17:44:21,6951.0,6915.0,703.894,38036.0
17:44:21,6951.0,6920.0,1183.2515,58405.0
17:44:21,6951.0,6925.0,1421.8335,49506.0
17:44:21,6951.0,6930.0,1243.468,64614.0
17:44:21,6951.0,6935.0,2220.8153,69261.0
17:44:21,6951.0,6940.0,5015.2561,77902.0
17:44:21,6951.0,6945.0,3562.8838,60837.0
17:44:21,6951.0,6950.0,13248.8172,99517.0
17:44:21,6951.0,6955.0,1385.7896,49595.0
17:44:21,6951.0,6960.0,4802.527,73737.0
17:44:21,6951.0,6965.0,1799.2473,36385.0
17:44:21,6951.0,6970.0,1378.265,42345.0
17:44:21,6951.0,6975.0,1176.2723,23973.0
17:44:21,6951.0,6980.0,1494.1639,14574.0
17:44:21,6951.0,6985.0,138.8867,12160.0
17:44:21,6951.0,6990.0,400.5993,9118.0
17:44:21,6951.0,6995.0,125.5652,4326.0
17:44:21,6951.0,7000.0,590.1674,11402.0
17:44:21,6951.0,7005.0,32.0585,3876.0
17:44:21,6951.0,7010.0,39.0034,3817.0
17:44:21,6951.0,7015.0,19.5624,3290.0
17:44:21,6951.0,7020.0,64.8342,4475.0
17:44:21,6951.0,7025.0,75.1772,3774.0
17:46:31,6955.29,6885.0,199.5714,20654.0
17:46:31,6955.29,6890.0,178.2409,25629.0
17:46:31,6955.29,6895.0,151.9437,22880.0
17:46:31,6955.29,6900.0,537.5899,55277.0
17:46:31,6955.29,6905.0,641.9919,27565.0
17:46:31,6955.29,6910.0,606.2038,38858.0
17:46:31,6955.29,6915.0,675.8671,38296.0
17:46:31,6955.29,6920.0,1006.8883,58979.0
17:46:31,6955.29,6925.0,1191.2586,49822.0
17:46:31,6955.29,6930.0,1075.981,65276.0
17:46:31,6955.29,6935.0,2024.6495,69645.0
17:46:31,6955.29,6940.0,4451.1622,78710.0
17:46:31,6955.29,6945.0,3404.2139,61485.0
17:46:31,6955.29,6950.0,13063.558,101211.0
17:46:31,6955.29,6955.0,1419.4158,51045.0
17:46:31,6955.29,6960.0,5113.8536,75569.0
17:46:31,6955.29,6965.0,2016.1076,37435.0
17:46:31,6955.29,6970.0,1602.0929,42976.0
17:46:31,6955.29,6975.0,1411.4482,24698.0
17:46:31,6955.29,6980.0,1895.0982,15236.0
17:46:31,6955.29,6985.0,165.0184,12536.0
17:46:31,6955.29,6990.0,478.472,9266.0
17:46:31,6955.29,6995.0,125.7202,4380.0
17:46:31,6955.29,7000.0,590.6678,11594.0
17:46:31,6955.29,7005.0,37.8865,3933.0
17:46:31,6955.29,7010.0,40.0698,3865.0
17:46:31,6955.29,7015.0,19.9808,3369.0
17:46:31,6955.29,7020.0,66.0851,4491.0
17:46:31,6955.29,7025.0,76.7826,3802.0
17:46:31,6955.29,7030.0,18.713,3378.0
17:48:40,6955.26,6885.0,198.7357,20780.0
17:48:40,6955.26,6890.0,171.9706,25719.0
17:48:40,6955.26,6895.0,167.2096,22965.0
17:48:40,6955.26,6900.0,539.8405,55494.0
17:48:40,6955.26,6905.0,550.3192,27775.0
17:48:40,6955.26,6910.0,540.0401,38975.0
17:48:40,6955.26,6915.0,583.9484,39011.0
17:48:40,6955.26,6920.0,1007.0897,59430.0
17:48:40,6955.26,6925.0,1216.2664,50018.0
17:48:40,6955.26,6930.0,1068.7604,65935.0
17:48:40,6955.26,6935.0,1993.9254,70380.0
17:48:40,6955.26,6940.0,4356.2314,79354.0
17:48:40,6955.26,6945.0,3404.1845,62127.0
17:48:40,6955.26,6950.0,12754.0177,102641.0
17:48:40,6955.26,6955.0,1388.8406,52726.0
17:48:40,6955.26,6960.0,5043.1847,77480.0
17:48:40,6955.26,6965.0,1866.0052,38890.0
17:48:40,6955.26,6970.0,1603.3061,44265.0
17:48:40,6955.26,6975.0,1411.2443,25490.0
17:48:40,6955.26,6980.0,1857.3868,15734.0
17:48:40,6955.26,6985.0,169.968,12823.0
17:48:40,6955.26,6990.0,476.8368,9494.0
17:48:40,6955.26,6995.0,139.5948,4473.0
17:48:40,6955.26,7000.0,687.1479,11842.0
17:48:40,6955.26,7005.0,39.2038,3975.0
17:48:40,6955.26,7010.0,40.0695,3920.0
17:48:40,6955.26,7015.0,19.9806,3383.0
17:48:40,6955.26,7020.0,62.8888,4518.0
17:48:40,6955.26,7025.0,72.3035,3810.0
17:48:40,6955.26,7030.0,69.0352,3422.0
17:50:50,6954.54,6880.0,102.569,18069.0
17:50:50,6954.54,6885.0,199.1153,20820.0
17:50:50,6954.54,6890.0,176.989,25754.0
17:50:50,6954.54,6895.0,162.4854,23027.0
17:50:50,6954.54,6900.0,532.0044,55804.0
17:50:50,6954.54,6905.0,574.8772,27872.0
17:50:50,6954.54,6910.0,551.7109,39183.0
17:50:50,6954.54,6915.0,590.613,39558.0
17:50:50,6954.54,6920.0,1018.336,61594.0
17:50:50,6954.54,6925.0,1234.7072,50230.0
17:50:50,6954.54,6930.0,1101.7869,68129.0
17:50:50,6954.54,6935.0,2053.5488,70598.0
17:50:50,6954.54,6940.0,4498.6173,79689.0
17:50:50,6954.54,6945.0,3409.8875,62437.0
17:50:50,6954.54,6950.0,12914.2627,103623.0
17:50:50,6954.54,6955.0,1399.6325,53620.0
17:50:50,6954.54,6960.0,5005.0983,78039.0
17:50:50,6954.54,6965.0,1795.8423,39629.0
17:50:50,6954.54,6970.0,1592.9452,44859.0
17:50:50,6954.54,6975.0,1374.6335,25906.0
17:50:50,6954.54,6980.0,1817.1845,16001.0
17:50:50,6954.54,6985.0,163.1234,13007.0
17:50:50,6954.54,6990.0,467.4083,9707.0
17:50:50,6954.54,6995.0,138.6709,4557.0
17:50:50,6954.54,7000.0,657.7372,12094.0
17:50:50,6954.54,7005.0,38.1928,4018.0
17:50:50,6954.54,7010.0,38.8777,3939.0
17:50:50,6954.54,7015.0,19.1862,3390.0
17:50:50,6954.54,7020.0,62.6444,4560.0
17:50:50,6954.54,7025.0,71.8158,3821.0
17:52:59,6956.64,6885.0,176.6447,20950.0
17:52:59,6956.64,6890.0,156.8994,25834.0
17:52:59,6956.64,6895.0,142.5459,23232.0
17:52:59,6956.64,6900.0,468.2025,56131.0
17:52:59,6956.64,6905.0,575.2245,28010.0
17:52:59,6956.64,6910.0,552.0441,39610.0
17:52:59,6956.64,6915.0,591.898,39696.0
17:52:59,6956.64,6920.0,1020.2063,62030.0
17:52:59,6956.64,6925.0,1105.9579,50477.0
17:52:59,6956.64,6930.0,981.2905,69062.0
17:52:59,6956.64,6935.0,1850.8367,71189.0
17:52:59,6956.64,6940.0,4112.9186,80576.0
17:52:59,6956.64,6945.0,3194.7153,63305.0
17:52:59,6956.64,6950.0,12284.5277,104958.0
17:52:59,6956.64,6955.0,1363.1963,54981.0
17:52:59,6956.64,6960.0,5036.1603,79911.0
17:52:59,6956.64,6965.0,1763.3317,40650.0
17:52:59,6956.64,6970.0,1657.74,46808.0
17:52:59,6956.64,6975.0,1527.0773,27331.0
17:52:59,6956.64,6980.0,2059.2218,17238.0
17:52:59,6956.64,6985.0,189.0177,13624.0
17:52:59,6956.64,6990.0,544.7534,10237.0
17:52:59,6956.64,6995.0,138.7547,4910.0
17:52:59,6956.64,7000.0,658.1345,12538.0
17:52:59,6956.64,7005.0,38.2158,4272.0
17:52:59,6956.64,7010.0,45.9987,4128.0
17:52:59,6956.64,7015.0,22.8774,3551.0
17:52:59,6956.64,7020.0,75.1125,4739.0
17:52:59,6956.64,7025.0,86.1508,3924.0
17:52:59,6956.64,7030.0,81.9434,3533.0
17:55:09,6956.66,6885.0,176.6246,21088.0
17:55:09,6956.66,6890.0,159.0421,25937.0
17:55:09,6956.66,6895.0,143.2206,23274.0
17:55:09,6956.66,6900.0,479.378,56257.0
17:55:09,6956.66,6905.0,523.641,28333.0
17:55:09,6956.66,6910.0,497.7646,40029.0
17:55:09,6956.66,6915.0,531.5461,40218.0
17:55:09,6956.66,6920.0,898.5524,62408.0
17:55:09,6956.66,6925.0,1105.9393,50736.0
17:55:09,6956.66,6930.0,981.4243,69410.0
17:55:09,6956.66,6935.0,1850.8473,71878.0
17:55:09,6956.66,6940.0,4112.9422,81332.0
17:55:09,6956.66,6945.0,3194.7337,63833.0
17:55:09,6956.66,6950.0,12300.3412,106012.0
17:55:09,6956.66,6955.0,1379.5197,56083.0
17:55:09,6956.66,6960.0,5146.5731,81053.0
17:55:09,6956.66,6965.0,1794.9427,41718.0
17:55:09,6956.66,6970.0,1657.7496,47605.0
17:55:09,6956.66,6975.0,1527.0861,28148.0
17:55:09,6956.66,6980.0,2059.2336,18024.0
17:55:09,6956.66,6985.0,189.0188,13936.0
17:55:09,6956.66,6990.0,536.871,10458.0
17:55:09,6956.66,6995.0,163.4777,5192.0
17:55:09,6956.66,7000.0,774.5725,12868.0
17:55:09,6956.66,7005.0,44.8103,4382.0
17:55:09,6956.66,7010.0,45.7389,4271.0
17:55:09,6956.66,7015.0,22.6509,3646.0
17:55:09,6956.66,7020.0,74.0735,4783.0
17:55:09,6956.66,7025.0,84.7502,3957.0
17:55:09,6956.66,7030.0,80.5068,3556.0
17:57:19,6955.14,6885.0,176.5474,21137.0
17:57:19,6955.14,6890.0,167.2942,25986.0
17:57:19,6955.14,6895.0,143.0384,23294.0
17:57:19,6955.14,6900.0,480.7425,56349.0
17:57:19,6955.14,6905.0,523.2162,28380.0
17:57:19,6955.14,6910.0,514.988,40231.0
17:57:19,6955.14,6915.0,572.7382,40402.0
17:57:19,6955.14,6920.0,957.4067,62817.0
17:57:19,6955.14,6925.0,1169.4775,51181.0
17:57:19,6955.14,6930.0,1043.6124,69810.0
17:57:19,6955.14,6935.0,1931.3838,72505.0
17:57:19,6955.14,6940.0,4240.2401,81660.0
17:57:19,6955.14,6945.0,3113.8397,64509.0
17:57:19,6955.14,6950.0,12294.9667,108812.0
17:57:19,6955.14,6955.0,1380.5595,57245.0
17:57:19,6955.14,6960.0,5144.3243,82261.0
17:57:19,6955.14,6965.0,1756.6638,42307.0
17:57:19,6955.14,6970.0,1652.6201,48129.0
17:57:19,6955.14,6975.0,1469.637,28658.0
17:57:19,6955.14,6980.0,1948.6062,18448.0
17:57:19,6955.14,6985.0,187.5405,14476.0
17:57:19,6955.14,6990.0,536.8475,10893.0
17:57:19,6955.14,6995.0,149.3493,5392.0
17:57:19,6955.14,7000.0,774.234,13065.0
17:57:19,6955.14,7005.0,44.8397,4434.0
17:57:19,6955.14,7010.0,45.7393,4347.0
17:57:19,6955.14,7015.0,19.7459,3762.0
17:57:19,6955.14,7020.0,74.0411,4807.0
17:57:19,6955.14,7025.0,74.1813,3980.0
17:57:19,6955.14,7030.0,80.4717,4101.0
17:59:28,6953.32,6880.0,96.3688,18601.0
17:59:28,6953.32,6885.0,194.4672,21174.0
17:59:28,6953.32,6890.0,169.8849,26051.0
17:59:28,6953.32,6895.0,156.5977,23317.0
17:59:28,6953.32,6900.0,480.3623,56466.0
17:59:28,6953.32,6905.0,531.4566,28518.0
17:59:28,6953.32,6910.0,514.7185,40425.0
17:59:28,6953.32,6915.0,572.0363,40578.0
17:59:28,6953.32,6920.0,993.1418,63027.0
17:59:28,6953.32,6925.0,1216.9975,51417.0
17:59:28,6953.32,6930.0,1083.793,70105.0
17:59:28,6953.32,6935.0,2062.7527,72885.0
17:59:28,6953.32,6940.0,4507.2187,82275.0
17:59:28,6953.32,6945.0,3384.1715,65074.0
17:59:28,6953.32,6950.0,12719.2605,111342.0
17:59:28,6953.32,6955.0,1375.5793,58539.0
17:59:28,6953.32,6960.0,4963.0186,83155.0
17:59:28,6953.32,6965.0,1617.2535,43040.0
17:59:28,6953.32,6970.0,1579.6064,48721.0
17:59:28,6953.32,6975.0,1348.8035,30175.0
17:59:28,6953.32,6980.0,1840.7366,18773.0
17:59:28,6953.32,6985.0,162.9863,14799.0
17:59:28,6953.32,6990.0,464.4289,11040.0
17:59:28,6953.32,6995.0,149.2712,5505.0
17:59:28,6953.32,7000.0,719.5175,13253.0
17:59:28,6953.32,7005.0,38.7681,4520.0
17:59:28,6953.32,7010.0,39.6162,4398.0
17:59:28,6953.32,7015.0,17.5921,3789.0
17:59:28,6953.32,7020.0,57.0587,4829.0
17:59:28,6953.32,7025.0,64.2879,3985.0
18:01:38,6952.31,6880.0,105.9689,18660.0
18:01:38,6952.31,6885.0,197.3114,21224.0
18:01:38,6952.31,6890.0,169.8356,26117.0
18:01:38,6952.31,6895.0,156.5522,23384.0
18:01:38,6952.31,6900.0,532.4137,56672.0
18:01:38,6952.31,6905.0,562.486,28603.0
18:01:38,6952.31,6910.0,568.9531,40561.0
18:01:38,6952.31,6915.0,599.5686,40669.0
18:01:38,6952.31,6920.0,992.0603,63295.0
18:01:38,6952.31,6925.0,1214.8616,51720.0
18:01:38,6952.31,6930.0,1082.5599,70662.0
18:01:38,6952.31,6935.0,2062.1534,73395.0
18:01:38,6952.31,6940.0,4505.9094,82984.0
18:01:38,6952.31,6945.0,3470.7557,65861.0
18:01:38,6952.31,6950.0,12978.2449,115037.0
18:01:38,6952.31,6955.0,1384.3472,59884.0
18:01:38,6952.31,6960.0,4907.6197,84480.0
18:01:38,6952.31,6965.0,1564.509,44205.0
18:01:38,6952.31,6970.0,1579.1476,49766.0
18:01:38,6952.31,6975.0,1348.4117,34592.0
18:01:38,6952.31,6980.0,1840.2019,19340.0
18:01:38,6952.31,6985.0,162.939,15081.0
18:01:38,6952.31,6990.0,425.6788,11303.0
18:01:38,6952.31,6995.0,125.5338,5588.0
18:01:38,6952.31,7000.0,590.4219,14820.0
18:01:38,6952.31,7005.0,34.5147,4571.0
18:01:38,6952.31,7010.0,35.4267,4458.0
18:01:38,6952.31,7015.0,16.7058,3806.0
18:01:38,6952.31,7020.0,53.3947,4852.0
18:01:38,6952.31,7025.0,64.2692,4039.0
18:03:47,6955.26,6885.0,180.2294,21447.0
18:03:47,6955.26,6890.0,159.381,26175.0
18:03:47,6955.26,6895.0,141.1202,23390.0
18:03:47,6955.26,6900.0,473.3238,56974.0
18:03:47,6955.26,6905.0,593.2604,28670.0
18:03:47,6955.26,6910.0,516.9912,40719.0
18:03:47,6955.26,6915.0,556.8152,40802.0
18:03:47,6955.26,6920.0,951.7825,63530.0
18:03:47,6955.26,6925.0,1170.9708,51972.0
18:03:47,6955.26,6930.0,1051.5292,71124.0
18:03:47,6955.26,6935.0,1939.275,73718.0
18:03:47,6955.26,6940.0,4373.3941,86462.0
18:03:47,6955.26,6945.0,3280.0471,66303.0
18:03:47,6955.26,6950.0,12989.2611,118020.0
18:03:47,6955.26,6955.0,1400.2244,60904.0
18:03:47,6955.26,6960.0,5098.4745,90373.0
18:03:47,6955.26,6965.0,1490.3382,44791.0
18:03:47,6955.26,6970.0,1676.4924,50251.0
18:03:47,6955.26,6975.0,1494.39,34897.0
18:03:47,6955.26,6980.0,1916.4018,19637.0
18:03:47,6955.26,6985.0,168.6232,15255.0
18:03:47,6955.26,6990.0,388.4032,11422.0
18:03:47,6955.26,6995.0,134.8372,5692.0
18:03:47,6955.26,7000.0,563.592,14941.0
18:03:47,6955.26,7005.0,33.3006,4615.0
18:03:47,6955.26,7010.0,33.99,4489.0
18:03:47,6955.26,7015.0,16.7237,3864.0
18:03:47,6955.26,7020.0,53.3209,4874.0
18:03:47,6955.26,7025.0,59.213,4057.0
18:03:47,6955.26,7030.0,54.5474,4161.0
18:05:57,6954.94,6880.0,102.1897,18728.0
18:05:57,6954.94,6885.0,180.2128,21462.0
18:05:57,6954.94,6890.0,159.3663,26273.0
18:05:57,6954.94,6895.0,148.9425,23458.0
18:05:57,6954.94,6900.0,513.1486,57126.0
18:05:57,6954.94,6905.0,560.4724,28730.0
18:05:57,6954.94,6910.0,545.9101,40873.0
18:05:57,6954.94,6915.0,556.7925,40980.0
18:05:57,6954.94,6920.0,951.7183,63721.0
18:05:57,6954.94,6925.0,1170.8702,52172.0
18:05:57,6954.94,6930.0,1050.8293,71343.0
18:05:57,6954.94,6935.0,1939.0966,74083.0
18:05:57,6954.94,6940.0,4372.9917,86883.0
18:05:57,6954.94,6945.0,3295.1085,67067.0
18:05:57,6954.94,6950.0,12678.5689,119009.0
18:05:57,6954.94,6955.0,1385.5319,62135.0
18:05:57,6954.94,6960.0,5007.4965,91917.0
18:05:57,6954.94,6965.0,1549.2118,45300.0
18:05:57,6954.94,6970.0,1676.3381,50620.0
18:05:57,6954.94,6975.0,1494.2525,35738.0
18:05:57,6954.94,6980.0,1916.2254,20178.0
18:05:57,6954.94,6985.0,168.6077,15668.0
18:05:57,6954.94,6990.0,442.5936,11718.0
18:05:57,6954.94,6995.0,130.0714,5730.0
18:05:57,6954.94,7000.0,619.2431,15034.0
18:05:57,6954.94,7005.0,34.6556,4690.0
18:05:57,6954.94,7010.0,34.4123,4525.0
18:05:57,6954.94,7015.0,16.7221,3868.0
18:05:57,6954.94,7020.0,53.316,4909.0
18:05:57,6954.94,7025.0,59.2076,4060.0
18:08:07,6955.68,6885.0,178.7231,21554.0
18:08:07,6955.68,6890.0,154.5825,26366.0
18:08:07,6955.68,6895.0,148.9742,23524.0
18:08:07,6955.68,6900.0,513.2578,57248.0
18:08:07,6955.68,6905.0,560.5917,28748.0
18:08:07,6955.68,6910.0,546.0263,41062.0
18:08:07,6955.68,6915.0,554.0478,41022.0
18:08:07,6955.68,6920.0,951.9412,63891.0
18:08:07,6955.68,6925.0,1177.4539,52345.0
18:08:07,6955.68,6930.0,1052.5593,71577.0
18:08:07,6955.68,6935.0,1981.4231,74364.0
18:08:07,6955.68,6940.0,4340.9707,87290.0
18:08:07,6955.68,6945.0,3295.8097,67464.0
18:08:07,6955.68,6950.0,12681.267,121194.0
18:08:07,6955.68,6955.0,1407.687,64050.0
18:08:07,6955.68,6960.0,5111.3155,92556.0
18:08:07,6955.68,6965.0,1540.5877,45738.0
18:08:07,6955.68,6970.0,1635.3099,51007.0
18:08:07,6955.68,6975.0,1448.927,37085.0
18:08:07,6955.68,6980.0,1907.799,20710.0
18:08:07,6955.68,6985.0,170.4141,15865.0
18:08:07,6955.68,6990.0,447.2148,11926.0
18:08:07,6955.68,6995.0,135.581,5785.0
18:08:07,6955.68,7000.0,651.7395,15146.0
18:08:07,6955.68,7005.0,34.663,4745.0
18:08:07,6955.68,7010.0,34.4196,4550.0
18:08:07,6955.68,7015.0,16.9673,3918.0
18:08:07,6955.68,7020.0,51.8622,4920.0
18:08:07,6955.68,7025.0,57.9289,4082.0
18:08:07,6955.68,7030.0,53.5089,4189.0
18:10:16,6955.18,6885.0,180.5977,21584.0
18:10:16,6955.18,6890.0,158.4832,26394.0
18:10:16,6955.18,6895.0,150.3309,23550.0
18:10:16,6955.18,6900.0,493.5819,57394.0
18:10:16,6955.18,6905.0,553.4715,28822.0
18:10:16,6955.18,6910.0,535.5537,41171.0
18:10:16,6955.18,6915.0,576.8121,41094.0
18:10:16,6955.18,6920.0,983.8101,63948.0
18:10:16,6955.18,6925.0,1185.6219,52555.0
18:10:16,6955.18,6930.0,1061.7437,71724.0
18:10:16,6955.18,6935.0,1986.354,74509.0
18:10:16,6955.18,6940.0,4427.1114,87625.0
18:10:16,6955.18,6945.0,3392.6315,67718.0
18:10:16,6955.18,6950.0,12877.3423,121866.0
18:10:16,6955.18,6955.0,1414.1449,64425.0
18:10:16,6955.18,6960.0,5102.4897,93048.0
18:10:16,6955.18,6965.0,1488.2422,45903.0
18:10:16,6955.18,6970.0,1621.8713,51095.0
18:10:16,6955.18,6975.0,1437.1508,37192.0
18:10:16,6955.18,6980.0,1886.9197,20939.0
18:10:16,6955.18,6985.0,162.7006,15915.0
18:10:16,6955.18,6990.0,423.5365,11972.0
18:10:16,6955.18,6995.0,129.3826,5816.0
18:10:16,6955.18,7000.0,608.886,15219.0
18:10:16,6955.18,7005.0,34.809,4751.0
18:10:16,6955.18,7010.0,35.4956,4554.0
18:10:16,6955.18,7015.0,17.6942,3922.0
18:10:16,6955.18,7020.0,51.8066,4923.0
18:10:16,6955.18,7025.0,63.9274,4116.0
18:10:16,6955.18,7030.0,58.8455,4209.0
18:12:26,6954.23,6880.0,94.7926,18889.0
18:12:26,6954.23,6885.0,180.0142,21899.0
18:12:26,6954.23,6890.0,160.8578,26406.0
18:12:26,6954.23,6895.0,150.2899,23565.0
18:12:26,6954.23,6900.0,493.447,57557.0
18:12:26,6954.23,6905.0,553.3203,29129.0
18:12:26,6954.23,6910.0,540.6443,41382.0
18:12:26,6954.23,6915.0,585.5849,41135.0
18:12:26,6954.23,6920.0,992.8529,64100.0
18:12:26,6954.23,6925.0,1203.5641,52750.0
18:12:26,6954.23,6930.0,1073.9362,72161.0
18:12:26,6954.23,6935.0,2010.6095,75065.0
18:12:26,6954.23,6940.0,4426.0254,88334.0
18:12:26,6954.23,6945.0,3391.7048,67988.0
18:12:26,6954.23,6950.0,12873.8248,122484.0
18:12:26,6954.23,6955.0,1413.7586,65121.0
18:12:26,6954.23,6960.0,5101.0959,93660.0
18:12:26,6954.23,6965.0,1479.3689,46164.0
18:12:26,6954.23,6970.0,1608.6887,51277.0
18:12:26,6954.23,6975.0,1418.0119,37332.0
18:12:26,6954.23,6980.0,1857.6668,21118.0
18:12:26,6954.23,6985.0,161.8644,16069.0
18:12:26,6954.23,6990.0,419.0083,12016.0
18:12:26,6954.23,6995.0,128.4341,5827.0
18:12:26,6954.23,7000.0,608.7197,15276.0
18:12:26,6954.23,7005.0,34.7995,4777.0
18:12:26,6954.23,7010.0,35.4859,4557.0
18:12:26,6954.23,7015.0,16.5175,3960.0
18:12:26,6954.23,7020.0,53.9616,4943.0
18:12:26,6954.23,7025.0,61.0525,4152.0
18:14:36,6954.24,6880.0,94.7929,18939.0
18:14:36,6954.24,6885.0,180.0147,21975.0
18:14:36,6954.24,6890.0,160.8583,26498.0
18:14:36,6954.24,6895.0,151.9868,23582.0
18:14:36,6954.24,6900.0,499.6862,57728.0
18:14:36,6954.24,6905.0,553.7377,29194.0
18:14:36,6954.24,6910.0,547.4177,41476.0
18:14:36,6954.24,6915.0,590.303,41214.0
18:14:36,6954.24,6920.0,1000.686,64233.0
18:14:36,6954.24,6925.0,1246.1874,52951.0
18:14:36,6954.24,6930.0,1106.4934,72488.0
18:14:36,6954.24,6935.0,2040.5579,75174.0
18:14:36,6954.24,6940.0,4498.316,88671.0
18:14:36,6954.24,6945.0,3370.5367,68389.0
18:14:36,6954.24,6950.0,12850.8047,123241.0
18:14:36,6954.24,6955.0,1397.3094,65661.0
18:14:36,6954.24,6960.0,5026.1742,94350.0
18:14:36,6954.24,6965.0,1449.5613,46388.0
18:14:36,6954.24,6970.0,1586.5583,51604.0
18:14:36,6954.24,6975.0,1392.7478,37656.0
18:14:36,6954.24,6980.0,1787.6075,21414.0
18:14:36,6954.24,6985.0,160.8643,16189.0
18:14:36,6954.24,6990.0,415.4924,12105.0
18:14:36,6954.24,6995.0,128.6443,5896.0
18:14:36,6954.24,7000.0,602.3457,15391.0
18:14:36,6954.24,7005.0,32.6063,4798.0
18:14:36,6954.24,7010.0,33.17,4583.0
18:14:36,6954.24,7015.0,16.5176,3965.0
18:14:36,6954.24,7020.0,53.9617,4946.0
18:14:36,6954.24,7025.0,61.0527,4209.0
18:16:46,6954.76,6880.0,98.0249,18973.0
18:16:46,6954.76,6885.0,185.4647,21994.0
18:16:46,6954.76,6890.0,171.0011,26530.0
18:16:46,6954.76,6895.0,157.1629,23588.0
18:16:46,6954.76,6900.0,507.9388,57817.0
18:16:46,6954.76,6905.0,563.4892,29224.0
18:16:46,6954.76,6910.0,547.3454,41532.0
18:16:46,6954.76,6915.0,591.8372,41328.0
18:16:46,6954.76,6920.0,1003.6248,64377.0
18:16:46,6954.76,6925.0,1247.1515,53156.0
18:16:46,6954.76,6930.0,1078.4878,72726.0
18:16:46,6954.76,6935.0,2014.3923,75345.0
18:16:46,6954.76,6940.0,4479.0242,88999.0
18:16:46,6954.76,6945.0,3376.1863,68717.0
18:16:46,6954.76,6950.0,12966.6442,123999.0
18:16:46,6954.76,6955.0,1424.2325,66257.0
18:16:46,6954.76,6960.0,5020.0793,94801.0
18:16:46,6954.76,6965.0,1432.2942,46550.0
18:16:46,6954.76,6970.0,1617.0795,51772.0
18:16:46,6954.76,6975.0,1424.7253,37787.0
18:16:46,6954.76,6980.0,1845.7988,21574.0
18:16:46,6954.76,6985.0,159.9932,16242.0
18:16:46,6954.76,6990.0,416.1534,12160.0
18:16:46,6954.76,6995.0,128.6636,5929.0
18:16:46,6954.76,7000.0,606.1513,15420.0
18:16:46,6954.76,7005.0,32.2675,4807.0
18:16:46,6954.76,7010.0,32.5718,4605.0
18:16:46,6954.76,7015.0,16.1187,3970.0
18:16:46,6954.76,7020.0,52.5833,4963.0
18:16:46,6954.76,7025.0,59.6354,4227.0
18:18:55,6956.07,6885.0,185.5864,22040.0
18:18:55,6956.07,6890.0,166.8533,26590.0
18:18:55,6956.07,6895.0,143.5247,23610.0
18:18:55,6956.07,6900.0,473.7002,57960.0
18:18:55,6956.07,6905.0,513.7392,29348.0
18:18:55,6956.07,6910.0,506.0761,41658.0
18:18:55,6956.07,6915.0,545.1932,41350.0
18:18:55,6956.07,6920.0,961.7923,64602.0
18:18:55,6956.07,6925.0,1210.0846,53466.0
18:18:55,6956.07,6930.0,1079.6393,73085.0
18:18:55,6956.07,6935.0,2015.1512,76188.0
18:18:55,6956.07,6940.0,4480.7117,89373.0
18:18:55,6956.07,6945.0,3390.5598,69052.0
18:18:55,6956.07,6950.0,12969.2833,124983.0
18:18:55,6956.07,6955.0,1445.1286,67105.0
18:18:55,6956.07,6960.0,5246.378,95483.0
18:18:55,6956.07,6965.0,1552.0199,46870.0
18:18:55,6956.07,6970.0,1617.6887,51982.0
18:18:55,6956.07,6975.0,1425.2621,38113.0
18:18:55,6956.07,6980.0,1846.1913,21723.0
18:18:55,6956.07,6985.0,167.5882,16470.0
18:18:55,6956.07,6990.0,438.0529,12213.0
18:18:55,6956.07,6995.0,131.9816,5962.0
18:18:55,6956.07,7000.0,653.5527,15599.0
18:18:55,6956.07,7005.0,34.4819,4821.0
18:18:55,6956.07,7010.0,35.0644,4624.0
18:18:55,6956.07,7015.0,17.2581,3976.0
18:18:55,6956.07,7020.0,53.7858,4974.0
18:18:55,6956.07,7025.0,61.0651,4233.0
18:18:55,6956.07,7030.0,58.8606,4236.0
18:21:05,6958.23,6885.0,150.8486,22155.0
18:21:05,6958.23,6890.0,142.053,27067.0
18:21:05,6958.23,6895.0,124.5263,23834.0
18:21:05,6958.23,6900.0,414.2911,58565.0
18:21:05,6958.23,6905.0,444.5882,29517.0
18:21:05,6958.23,6910.0,507.752,41803.0
18:21:05,6958.23,6915.0,546.4942,41683.0
18:21:05,6958.23,6920.0,827.5407,65053.0
18:21:05,6958.23,6925.0,1007.0804,53764.0
18:21:05,6958.23,6930.0,929.9432,73945.0
18:21:05,6958.23,6935.0,1817.8563,76729.0
18:21:05,6958.23,6940.0,4067.4448,90554.0
18:21:05,6958.23,6945.0,3230.5389,69914.0
18:21:05,6958.23,6950.0,12943.1924,126265.0
18:21:05,6958.23,6955.0,1446.0262,68365.0
18:21:05,6958.23,6960.0,5485.0933,97332.0
18:21:05,6958.23,6965.0,1401.4774,47574.0
18:21:05,6958.23,6970.0,1837.7114,52777.0
18:21:05,6958.23,6975.0,1666.1877,39032.0
18:21:05,6958.23,6980.0,2173.7225,22510.0
18:21:05,6958.23,6985.0,190.9649,16823.0
18:21:05,6958.23,6990.0,498.6721,12398.0
18:21:05,6958.23,6995.0,150.0549,6045.0
18:21:05,6958.23,7000.0,653.9586,15792.0
18:21:05,6958.23,7005.0,34.5033,4845.0
18:21:05,6958.23,7010.0,38.4959,4714.0
18:21:05,6958.23,7015.0,18.9037,4051.0
18:21:05,6958.23,7020.0,61.0844,4989.0
18:21:05,6958.23,7025.0,68.7894,4245.0
18:21:05,6958.23,7030.0,63.709,4244.0
18:23:14,6957.75,6885.0,155.937,22184.0
18:23:14,6957.75,6890.0,132.3087,27196.0
18:23:14,6957.75,6895.0,128.6479,23859.0
18:23:14,6957.75,6900.0,416.7209,58877.0
18:23:14,6957.75,6905.0,444.3981,29623.0
18:23:14,6957.75,6910.0,446.2102,41956.0
18:23:14,6957.75,6915.0,480.0708,42648.0
18:23:14,6957.75,6920.0,841.7485,66135.0
18:23:14,6957.75,6925.0,1024.9537,54064.0
18:23:14,6957.75,6930.0,923.1991,74776.0
18:23:14,6957.75,6935.0,1813.9473,77437.0
18:23:14,6957.75,6940.0,4215.8211,91348.0
18:23:14,6957.75,6945.0,3302.2592,70378.0
18:23:14,6957.75,6950.0,13572.223,127663.0
18:23:14,6957.75,6955.0,1537.3845,69811.0
18:23:14,6957.75,6960.0,5792.1283,99015.0
18:23:14,6957.75,6965.0,1547.467,48238.0
18:23:14,6957.75,6970.0,1907.6802,53384.0
18:23:14,6957.75,6975.0,1655.3885,39631.0
18:23:14,6957.75,6980.0,2150.6916,23140.0
18:23:14,6957.75,6985.0,188.8988,17239.0
18:23:14,6957.75,6990.0,496.0549,12742.0
18:23:14,6957.75,6995.0,135.0474,6144.0
18:23:14,6957.75,7000.0,665.5658,16053.0
18:23:14,6957.75,7005.0,35.5403,4919.0
18:23:14,6957.75,7010.0,36.2087,4822.0
18:23:14,6957.75,7015.0,17.8802,4058.0
18:23:14,6957.75,7020.0,57.9333,4996.0
18:23:14,6957.75,7025.0,65.4283,4248.0
18:23:14,6957.75,7030.0,60.963,4245.0
18:25:24,6959.49,6885.0,147.1157,22219.0
18:25:24,6959.49,6890.0,120.2789,27218.0
18:25:24,6959.49,6895.0,120.5741,23947.0
18:25:24,6959.49,6900.0,391.7247,59002.0
18:25:24,6959.49,6905.0,428.239,29741.0
18:25:24,6959.49,6910.0,446.4334,42031.0
18:25:24,6959.49,6915.0,480.6934,42722.0
18:25:24,6959.49,6920.0,842.7486,66446.0
18:25:24,6959.49,6925.0,1026.3273,54430.0
18:25:24,6959.49,6930.0,924.0637,75279.0
18:25:24,6959.49,6935.0,1814.8547,77852.0
18:25:24,6959.49,6940.0,4217.93,92076.0
18:25:24,6959.49,6945.0,3183.322,71621.0
18:25:24,6959.49,6950.0,13082.4352,128736.0
18:25:24,6959.49,6955.0,1495.3316,71008.0
18:25:24,6959.49,6960.0,5781.378,100511.0
18:25:24,6959.49,6965.0,1510.1903,48923.0
18:25:24,6959.49,6970.0,1965.1614,54066.0
18:25:24,6959.49,6975.0,1656.2166,40057.0
18:25:24,6959.49,6980.0,2347.1148,23537.0
18:25:24,6959.49,6985.0,188.9933,17579.0
18:25:24,6959.49,6990.0,496.303,12986.0
18:25:24,6959.49,6995.0,132.5391,6231.0
18:25:24,6959.49,7000.0,665.8987,16132.0
18:25:24,6959.49,7005.0,35.5581,5003.0
18:25:24,6959.49,7010.0,42.911,4853.0
18:25:24,6959.49,7015.0,20.9773,4124.0
18:25:24,6959.49,7020.0,67.9609,5008.0
18:25:24,6959.49,7025.0,77.2601,4260.0
18:25:24,6959.49,7030.0,72.6549,4265.0
18:27:33,6961.1,6890.0,117.0096,27252.0
18:27:33,6961.1,6895.0,109.4464,24188.0
18:27:33,6961.1,6900.0,357.2246,59251.0
18:27:33,6961.1,6905.0,428.4372,29799.0
18:27:33,6961.1,6910.0,420.3105,42152.0
18:27:33,6961.1,6915.0,454.9288,42876.0
18:27:33,6961.1,6920.0,787.8958,66688.0
18:27:33,6961.1,6925.0,905.8769,54704.0
18:27:33,6961.1,6930.0,836.362,75620.0
18:27:33,6961.1,6935.0,1618.5214,78492.0
18:27:33,6961.1,6940.0,3727.2865,92909.0
18:27:33,6961.1,6945.0,3063.2396,72511.0
18:27:33,6961.1,6950.0,12745.3194,129623.0
18:27:33,6961.1,6955.0,1506.9081,72003.0
18:27:33,6961.1,6960.0,5860.4691,103055.0
18:27:33,6961.1,6965.0,1363.9094,49936.0
18:27:33,6961.1,6970.0,2048.2755,55660.0
18:27:33,6961.1,6975.0,1871.2843,40765.0
18:27:33,6961.1,6980.0,2417.5761,24295.0
18:27:33,6961.1,6985.0,214.0668,17945.0
18:27:33,6961.1,6990.0,559.3688,13105.0
18:27:33,6961.1,6995.0,150.2741,6364.0
18:27:33,6961.1,7000.0,744.1778,16225.0
18:27:33,6961.1,7005.0,42.7346,5045.0
18:27:33,6961.1,7010.0,42.9308,4956.0
18:27:33,6961.1,7015.0,20.987,4129.0
18:27:33,6961.1,7020.0,67.9924,5058.0
18:27:33,6961.1,7025.0,86.5302,4281.0
18:27:33,6961.1,7030.0,81.9573,4285.0
18:27:33,6961.1,7035.0,3.5438,2610.0
18:29:43,6961.2,6890.0,117.013,27349.0
18:29:43,6961.2,6895.0,109.4495,24260.0
18:29:43,6961.2,6900.0,349.1666,59648.0
18:29:43,6961.2,6905.0,381.2361,29901.0
18:29:43,6961.2,6910.0,363.0673,42325.0
18:29:43,6961.2,6915.0,410.7029,42989.0
18:29:43,6961.2,6920.0,706.9353,67151.0
18:29:43,6961.2,6925.0,906.562,54873.0
18:29:43,6961.2,6930.0,836.8969,75937.0
18:29:43,6961.2,6935.0,1533.3829,78932.0
18:29:43,6961.2,6940.0,3727.3936,93683.0
18:29:43,6961.2,6945.0,2923.2406,73124.0
18:29:43,6961.2,6950.0,12246.5549,130533.0
18:29:43,6961.2,6955.0,1465.718,73050.0
18:29:43,6961.2,6960.0,5753.1649,104549.0
18:29:43,6961.2,6965.0,913.9823,51534.0
18:29:43,6961.2,6970.0,2086.8034,56621.0
18:29:43,6961.2,6975.0,1921.41,41433.0
18:29:43,6961.2,6980.0,2517.5922,24786.0
18:29:43,6961.2,6985.0,222.1669,18710.0
18:29:43,6961.2,6990.0,559.3849,13727.0
18:29:43,6961.2,6995.0,150.2784,6536.0
18:29:43,6961.2,7000.0,816.5923,16627.0
18:29:43,6961.2,7005.0,46.778,5110.0
18:29:43,6961.2,7010.0,47.0098,5093.0
18:29:43,6961.2,7015.0,23.6887,4174.0
18:29:43,6961.2,7020.0,76.9214,5121.0
18:29:43,6961.2,7025.0,86.5327,4284.0
18:29:43,6961.2,7030.0,81.9597,4320.0
18:29:43,6961.2,7035.0,22.1047,2623.0
18:31:52,6960.41,6890.0,115.4595,27547.0
18:31:52,6960.41,6895.0,111.8172,24323.0
18:31:52,6960.41,6900.0,349.0874,59972.0
18:31:52,6960.41,6905.0,381.1496,30075.0
18:31:52,6960.41,6910.0,362.9849,42534.0
18:31:52,6960.41,6915.0,392.126,43184.0
18:31:52,6960.41,6920.0,691.0156,67401.0
18:31:52,6960.41,6925.0,873.4773,55470.0
18:31:52,6960.41,6930.0,819.197,76376.0
18:31:52,6960.41,6935.0,1612.4017,79577.0
18:31:52,6960.41,6940.0,3761.525,94457.0
18:31:52,6960.41,6945.0,3021.0363,74422.0
18:31:52,6960.41,6950.0,12492.9729,132120.0
18:31:52,6960.41,6955.0,1470.1898,74097.0
18:31:52,6960.41,6960.0,5761.9817,105905.0
18:31:52,6960.41,6965.0,577.3122,52685.0
18:31:52,6960.41,6970.0,2063.4592,57569.0
18:31:52,6960.41,6975.0,1855.7492,42244.0
18:31:52,6960.41,6980.0,2462.3014,25432.0
18:31:52,6960.41,6985.0,216.5044,19156.0
18:31:52,6960.41,6990.0,564.0246,14197.0
18:31:52,6960.41,6995.0,157.2195,6649.0
18:31:52,6960.41,7000.0,858.4138,18159.0
18:31:52,6960.41,7005.0,47.8706,5153.0
18:31:52,6960.41,7010.0,48.1898,5154.0
18:31:52,6960.41,7015.0,23.6834,4209.0
18:31:52,6960.41,7020.0,76.904,5180.0
18:31:52,6960.41,7025.0,83.5839,4343.0
18:31:52,6960.41,7030.0,78.6889,4394.0
18:31:52,6960.41,7035.0,21.1684,2630.0
18:34:02,6957.82,6885.0,147.0451,23004.0
18:34:02,6957.82,6890.0,115.3736,27602.0
18:34:02,6957.82,6895.0,111.734,24341.0
18:34:02,6957.82,6900.0,426.6853,60256.0
18:34:02,6957.82,6905.0,430.2636,30133.0
18:34:02,6957.82,6910.0,443.7932,42735.0
18:34:02,6957.82,6915.0,408.8268,43334.0
18:34:02,6957.82,6920.0,706.9932,67885.0
18:34:02,6957.82,6925.0,886.5204,56505.0
18:34:02,6957.82,6930.0,816.9686,77021.0
18:34:02,6957.82,6935.0,1611.202,80056.0
18:34:02,6957.82,6940.0,3758.7261,95816.0
18:34:02,6957.82,6945.0,3018.7885,76061.0
18:34:02,6957.82,6950.0,13275.1067,133985.0
18:34:02,6957.82,6955.0,1507.8285,75887.0
18:34:02,6957.82,6960.0,5658.8489,108585.0
18:34:02,6957.82,6965.0,309.2679,53860.0
18:34:02,6957.82,6970.0,1907.12,58696.0
18:34:02,6957.82,6975.0,1854.3684,43161.0
18:34:02,6957.82,6980.0,2460.4692,26402.0
18:34:02,6957.82,6985.0,216.3433,19462.0
18:34:02,6957.82,6990.0,553.6525,14648.0
18:34:02,6957.82,6995.0,151.8786,6778.0
18:34:02,6957.82,7000.0,856.8641,18580.0
18:34:02,6957.82,7005.0,38.8823,5191.0
18:34:02,6957.82,7010.0,39.0664,5202.0
18:34:02,6957.82,7015.0,19.3776,4220.0
18:34:02,6957.82,7020.0,63.7806,5219.0
18:34:02,6957.82,7025.0,83.5218,4369.0
18:34:02,6957.82,7030.0,78.6303,4406.0
18:36:12,6956.57,6885.0,165.6226,23024.0
18:36:12,6956.57,6890.0,137.1958,27642.0
18:36:12,6956.57,6895.0,131.0348,24406.0
18:36:12,6956.57,6900.0,447.1059,60535.0
18:36:12,6956.57,6905.0,461.894,30192.0
18:36:12,6956.57,6910.0,443.6337,42820.0
18:36:12,6956.57,6915.0,488.22,43376.0
18:36:12,6956.57,6920.0,833.9033,68047.0
18:36:12,6956.57,6925.0,1051.6647,56693.0
18:36:12,6956.57,6930.0,960.8519,77285.0
18:36:12,6956.57,6935.0,1921.0076,80401.0
18:36:12,6956.57,6940.0,4353.9281,96510.0
18:36:12,6956.57,6945.0,3424.1958,76515.0
18:36:12,6956.57,6950.0,13681.4254,135228.0
18:36:12,6956.57,6955.0,1535.5353,76898.0
18:36:12,6956.57,6960.0,5689.8061,109819.0
18:36:12,6956.57,6965.0,251.2621,54513.0
18:36:12,6956.57,6970.0,1828.0188,59428.0
18:36:12,6956.57,6975.0,1572.5019,43986.0
18:36:12,6956.57,6980.0,2011.6826,26707.0
18:36:12,6956.57,6985.0,180.6533,19599.0
18:36:12,6956.57,6990.0,452.8514,15255.0
18:36:12,6956.57,6995.0,124.5005,6876.0
18:36:12,6956.57,7000.0,681.4822,18667.0
18:36:12,6956.57,7005.0,38.8683,5212.0
18:36:12,6956.57,7010.0,39.0598,5211.0
18:36:12,6956.57,7015.0,18.2829,4234.0
18:36:12,6956.57,7020.0,60.3564,5229.0
18:36:12,6956.57,7025.0,69.6704,4414.0
18:36:12,6956.57,7030.0,66.3355,4418.0
18:38:21,6959.02,6885.0,165.7393,23095.0
18:38:21,6959.02,6890.0,137.2924,27654.0
18:38:21,6959.02,6895.0,131.1271,24418.0
18:38:21,6959.02,6900.0,390.8477,60595.0
18:38:21,6959.02,6905.0,416.3037,30331.0
18:38:21,6959.02,6910.0,406.0558,43023.0
18:38:21,6959.02,6915.0,450.8977,43488.0
18:38:21,6959.02,6920.0,868.6879,68371.0
18:38:21,6959.02,6925.0,1053.2789,56902.0
18:38:21,6959.02,6930.0,963.006,77525.0
18:38:21,6959.02,6935.0,1922.3609,80784.0
18:38:21,6959.02,6940.0,4356.9954,97027.0
18:38:21,6959.02,6945.0,3426.6081,76978.0
18:38:21,6959.02,6950.0,12993.717,136428.0
18:38:21,6959.02,6955.0,1502.3944,78567.0
18:38:21,6959.02,6960.0,5713.1596,111190.0
18:38:21,6959.02,6965.0,191.6103,55067.0
18:38:21,6959.02,6970.0,1937.692,59977.0
18:38:21,6959.02,6975.0,1573.6097,44359.0
18:38:21,6959.02,6980.0,2013.0998,27064.0
18:38:21,6959.02,6985.0,180.7806,19785.0
18:38:21,6959.02,6990.0,453.1704,16290.0
18:38:21,6959.02,6995.0,116.7452,7036.0
18:38:21,6959.02,7000.0,628.6567,18795.0
18:38:21,6959.02,7005.0,39.4524,5393.0
18:38:21,6959.02,7010.0,39.8691,5237.0
18:38:21,6959.02,7015.0,19.7103,4347.0
18:38:21,6959.02,7020.0,64.6949,5367.0
18:38:21,6959.02,7025.0,69.7194,4424.0
18:38:21,6959.02,7030.0,66.3822,4447.0
18:40:31,6958.76,6885.0,160.5053,23151.0
18:40:31,6958.76,6890.0,143.3631,27684.0
18:40:31,6958.76,6895.0,121.3816,24481.0
18:40:31,6958.76,6900.0,409.2293,60692.0
18:40:31,6958.76,6905.0,415.79,30529.0
18:40:31,6958.76,6910.0,406.0255,43222.0
18:40:31,6958.76,6915.0,450.7419,43547.0
18:40:31,6958.76,6920.0,780.1624,68450.0
18:40:31,6958.76,6925.0,986.8125,56949.0
18:40:31,6958.76,6930.0,896.8923,77594.0
18:40:31,6958.76,6935.0,1742.5235,80929.0
18:40:31,6958.76,6940.0,4026.2796,97224.0
18:40:31,6958.76,6945.0,3224.9043,77136.0
18:40:31,6958.76,6950.0,13186.5581,137273.0
18:40:31,6958.76,6955.0,1515.5696,79293.0
18:40:31,6958.76,6960.0,5724.7487,112081.0
18:40:31,6958.76,6965.0,148.3418,55800.0
18:40:31,6958.76,6970.0,1913.1777,60421.0
18:40:31,6958.76,6975.0,1712.7061,44713.0
18:40:31,6958.76,6980.0,2249.8226,27609.0
18:40:31,6958.76,6985.0,194.326,19962.0
18:40:31,6958.76,6990.0,476.2728,16483.0
18:40:31,6958.76,6995.0,131.3376,8047.0
18:40:31,6958.76,7000.0,725.4373,19075.0
18:40:31,6958.76,7005.0,39.4495,5440.0
18:40:31,6958.76,7010.0,39.8662,5251.0
18:40:31,6958.76,7015.0,19.6352,4441.0
18:40:31,6958.76,7020.0,64.3338,5370.0
18:40:31,6958.76,7025.0,74.3863,4434.0
18:40:31,6958.76,7030.0,70.7709,4481.0
18:42:40,6958.98,6885.0,173.2993,23216.0
18:42:40,6958.98,6890.0,140.6216,27715.0
18:42:40,6958.98,6895.0,131.0437,24544.0
18:42:40,6958.98,6900.0,438.5669,60780.0
18:42:40,6958.98,6905.0,481.8029,30601.0
18:42:40,6958.98,6910.0,452.1862,43273.0
18:42:40,6958.98,6915.0,479.6992,43672.0
18:42:40,6958.98,6920.0,817.3364,68605.0
18:42:40,6958.98,6925.0,1003.9943,57227.0
18:42:40,6958.98,6930.0,933.3448,77834.0
18:42:40,6958.98,6935.0,1742.6337,81459.0
18:42:40,6958.98,6940.0,4026.5342,97662.0
18:42:40,6958.98,6945.0,3241.2358,77570.0
18:42:40,6958.98,6950.0,13181.4883,138560.0
18:42:40,6958.98,6955.0,1533.8629,79996.0
18:42:40,6958.98,6960.0,5747.6337,113477.0
18:42:40,6958.98,6965.0,74.9608,56379.0
18:42:40,6958.98,6970.0,1913.2986,60978.0
18:42:40,6958.98,6975.0,1712.8144,45274.0
18:42:40,6958.98,6980.0,2254.8145,27920.0
18:42:40,6958.98,6985.0,194.3119,20168.0
18:42:40,6958.98,6990.0,449.0538,17097.0
18:42:40,6958.98,6995.0,127.7493,9123.0
18:42:40,6958.98,7000.0,695.2063,19214.0
18:42:40,6958.98,7005.0,39.1303,5447.0
18:42:40,6958.98,7010.0,38.6553,5283.0
18:42:40,6958.98,7015.0,18.7696,4460.0
18:42:40,6958.98,7020.0,61.6071,5437.0
18:42:40,6958.98,7025.0,71.3974,4437.0
18:42:40,6958.98,7030.0,68.0711,4481.0
18:44:50,6958.67,6885.0,158.3211,23249.0
18:44:50,6958.67,6890.0,136.037,27722.0
18:44:50,6958.67,6895.0,121.2358,24550.0
18:44:50,6958.67,6900.0,400.9993,60812.0
18:44:50,6958.67,6905.0,429.1193,30622.0
18:44:50,6958.67,6910.0,452.8641,43334.0
18:44:50,6958.67,6915.0,480.0766,43684.0
18:44:50,6958.67,6920.0,817.6224,68764.0
18:44:50,6958.67,6925.0,974.6299,57294.0
18:44:50,6958.67,6930.0,879.2292,78004.0
18:44:50,6958.67,6935.0,1737.5258,81609.0
18:44:50,6958.67,6940.0,4009.9083,98061.0
18:44:50,6958.67,6945.0,3247.405,77823.0
18:44:50,6958.67,6950.0,13199.2816,138985.0
18:44:50,6958.67,6955.0,1534.2896,80528.0
18:44:50,6958.67,6960.0,5814.6946,114191.0
18:44:50,6958.67,6965.0,46.0752,56760.0
18:44:50,6958.67,6970.0,1949.7889,61300.0
18:44:50,6958.67,6975.0,1737.9392,45425.0
18:44:50,6958.67,6980.0,2254.2569,28042.0
18:44:50,6958.67,6985.0,195.434,20299.0
18:44:50,6958.67,6990.0,489.6382,17957.0
18:44:50,6958.67,6995.0,126.759,9694.0
18:44:50,6958.67,7000.0,695.1444,19277.0
18:44:50,6958.67,7005.0,39.1268,5500.0
18:44:50,6958.67,7010.0,37.7401,5289.0
18:44:50,6958.67,7015.0,18.6569,4461.0
18:44:50,6958.67,7020.0,60.9333,5440.0
18:44:50,6958.67,7025.0,69.7966,4452.0
18:44:50,6958.67,7030.0,66.6381,4501.0
18:46:59,6958.82,6885.0,156.8388,23275.0
18:46:59,6958.82,6890.0,131.621,27812.0
18:46:59,6958.82,6895.0,119.3577,24691.0
18:46:59,6958.82,6900.0,394.2468,60989.0
18:46:59,6958.82,6905.0,429.1378,30680.0
18:46:59,6958.82,6910.0,420.7875,43443.0
18:46:59,6958.82,6915.0,450.8923,43790.0
18:46:59,6958.82,6920.0,783.1192,68862.0
18:46:59,6958.82,6925.0,947.8306,57399.0
18:46:59,6958.82,6930.0,868.651,78186.0
18:46:59,6958.82,6935.0,1699.1266,81897.0
18:46:59,6958.82,6940.0,4075.163,98393.0
18:46:59,6958.82,6945.0,3300.4811,78094.0
18:46:59,6958.82,6950.0,13609.1147,139742.0
18:46:59,6958.82,6955.0,1565.6876,81356.0
18:46:59,6958.82,6960.0,5961.9758,114957.0
18:46:59,6958.82,6965.0,4.6113,57262.0
18:46:59,6958.82,6970.0,1963.3335,61675.0
18:46:59,6958.82,6975.0,1748.0264,45578.0
18:46:59,6958.82,6980.0,2245.9281,28321.0
18:46:59,6958.82,6985.0,201.3848,20465.0
18:46:59,6958.82,6990.0,475.0706,18072.0
18:46:59,6958.82,6995.0,131.0152,9731.0
18:46:59,6958.82,7000.0,728.0113,19336.0
18:46:59,6958.82,7005.0,37.3678,5511.0
18:46:59,6958.82,7010.0,37.7417,5305.0
18:46:59,6958.82,7015.0,18.6577,4464.0
18:46:59,6958.82,7020.0,62.0976,5440.0
18:46:59,6958.82,7025.0,71.1878,4487.0
18:46:59,6958.82,7030.0,67.8157,4514.0
18:49:09,6959.44,6885.0,148.9898,23326.0
18:49:09,6959.44,6890.0,136.4124,27894.0
18:49:09,6959.44,6895.0,117.5487,24744.0
18:49:09,6959.44,6900.0,382.7742,61025.0
18:49:09,6959.44,6905.0,406.1612,30696.0
18:49:09,6959.44,6910.0,409.2638,43585.0
18:49:09,6959.44,6915.0,448.9399,43898.0
18:49:09,6959.44,6920.0,763.671,68968.0
18:49:09,6959.44,6925.0,920.9838,57658.0
18:49:09,6959.44,6930.0,850.9311,78294.0
18:49:09,6959.44,6935.0,1675.2486,81986.0
18:49:09,6959.44,6940.0,3982.3807,98672.0
18:49:09,6959.44,6945.0,3246.0179,78261.0
18:49:09,6959.44,6950.0,13439.9906,140187.0
18:49:09,6959.44,6955.0,1558.0831,81799.0
18:49:09,6959.44,6960.0,6006.9185,115645.0
18:49:09,6959.44,6965.0,-60.2662,57574.0
18:49:09,6959.44,6970.0,2011.8294,61867.0
18:49:09,6959.44,6975.0,1793.1303,45694.0
18:49:09,6959.44,6980.0,2317.0181,28620.0
18:49:09,6959.44,6985.0,205.6603,20537.0
18:49:09,6959.44,6990.0,489.7752,18125.0
18:49:09,6959.44,6995.0,128.9045,9767.0
18:49:09,6959.44,7000.0,709.4629,19428.0
18:49:09,6959.44,7005.0,38.8117,5528.0
18:49:09,6959.44,7010.0,38.9807,5305.0
18:49:09,6959.44,7015.0,19.4428,4466.0
18:49:09,6959.44,7020.0,64.5044,5442.0
18:49:09,6959.44,7025.0,74.439,4493.0
18:49:09,6959.44,7030.0,70.5922,4529.0
18:51:18,6957.95,6885.0,156.4385,23454.0
18:51:18,6957.95,6890.0,125.604,28100.0
18:51:18,6957.95,6895.0,117.8376,25017.0
18:51:18,6957.95,6900.0,412.0946,61156.0
18:51:18,6957.95,6905.0,406.0676,30800.0
18:51:18,6957.95,6910.0,423.9319,43700.0
18:51:18,6957.95,6915.0,430.2403,43972.0
18:51:18,6957.95,6920.0,736.9342,69186.0
18:51:18,6957.95,6925.0,988.6338,57861.0
18:51:18,6957.95,6930.0,895.9676,78595.0
18:51:18,6957.95,6935.0,1794.5391,82512.0
18:51:18,6957.95,6940.0,4222.6404,99246.0
18:51:18,6957.95,6945.0,3479.644,78760.0
18:51:18,6957.95,6950.0,14168.8325,141057.0
18:51:18,6957.95,6955.0,1629.4591,82813.0
18:51:18,6957.95,6960.0,6112.6041,116910.0
18:51:18,6957.95,6965.0,-173.2569,58245.0
18:51:18,6957.95,6970.0,1955.3979,62395.0
18:51:18,6957.95,6975.0,1726.2256,46001.0
18:51:18,6957.95,6980.0,2192.8433,28933.0
18:51:18,6957.95,6985.0,188.6212,20717.0
18:51:18,6957.95,6990.0,447.897,18403.0
18:51:18,6957.95,6995.0,126.1547,9810.0
18:51:18,6957.95,7000.0,624.5445,19522.0
18:51:18,6957.95,7005.0,38.1712,5557.0
18:51:18,6957.95,7010.0,38.964,5320.0
18:51:18,6957.95,7015.0,19.0185,4495.0
18:51:18,6957.95,7020.0,63.4251,5580.0
18:51:18,6957.95,7025.0,74.0791,4494.0
18:51:18,6957.95,7030.0,71.2584,4535.0
18:53:28,6957.28,6885.0,155.7146,23474.0
18:53:28,6957.28,6890.0,136.6814,28162.0
18:53:28,6957.28,6895.0,117.8149,25076.0
18:53:28,6957.28,6900.0,401.3406,61330.0
18:53:28,6957.28,6905.0,461.499,30821.0
18:53:28,6957.28,6910.0,435.5257,43744.0
18:53:28,6957.28,6915.0,465.089,44157.0
18:53:28,6957.28,6920.0,805.9793,69368.0
18:53:28,6957.28,6925.0,987.8483,58078.0
18:53:28,6957.28,6930.0,894.8872,78866.0
18:53:28,6957.28,6935.0,1794.1935,82850.0
18:53:28,6957.28,6940.0,4221.8272,99818.0
18:53:28,6957.28,6945.0,3470.6476,79197.0
18:53:28,6957.28,6950.0,13935.4086,142043.0
18:53:28,6957.28,6955.0,1594.506,83775.0
18:53:28,6957.28,6960.0,5904.1409,118328.0
18:53:28,6957.28,6965.0,-300.5458,58995.0
18:53:28,6957.28,6970.0,1955.0213,63117.0
18:53:28,6957.28,6975.0,1661.186,46372.0
18:53:28,6957.28,6980.0,2192.421,29636.0
18:53:28,6957.28,6985.0,188.5849,20907.0
18:53:28,6957.28,6990.0,446.9097,18893.0
18:53:28,6957.28,6995.0,116.6777,9864.0
18:53:28,6957.28,7000.0,670.1794,19632.0
18:53:28,6957.28,7005.0,37.6543,5615.0
18:53:28,6957.28,7010.0,38.6203,5355.0
18:53:28,6957.28,7015.0,19.2104,4519.0
18:53:28,6957.28,7020.0,62.548,5612.0
18:53:28,6957.28,7025.0,71.2936,4509.0
18:53:28,6957.28,7030.0,68.0877,4535.0
18:55:37,6954.89,6880.0,87.2585,19954.0
18:55:37,6954.89,6885.0,165.3721,23532.0
18:55:37,6954.89,6890.0,151.1308,28236.0
18:55:37,6954.89,6895.0,133.2254,25142.0
18:55:37,6954.89,6900.0,401.0649,61476.0
18:55:37,6954.89,6905.0,461.182,30846.0
18:55:37,6954.89,6910.0,435.2265,43809.0
18:55:37,6954.89,6915.0,464.2171,44239.0
18:55:37,6954.89,6920.0,804.8732,69502.0
18:55:37,6954.89,6925.0,1015.3326,58395.0
18:55:37,6954.89,6930.0,1042.4045,79170.0
18:55:37,6954.89,6935.0,1994.4719,83428.0
18:55:37,6954.89,6940.0,4690.8847,100404.0
18:55:37,6954.89,6945.0,3680.9776,80318.0
18:55:37,6954.89,6950.0,14852.2579,143640.0
18:55:37,6954.89,6955.0,1645.3762,85214.0
18:55:37,6954.89,6960.0,5997.3965,120137.0
18:55:37,6954.89,6965.0,-382.7312,60125.0
18:55:37,6954.89,6970.0,1799.134,63984.0
18:55:37,6954.89,6975.0,1503.2522,47019.0
18:55:37,6954.89,6980.0,1890.4755,33809.0
18:55:37,6954.89,6985.0,182.1277,21283.0
18:55:37,6954.89,6990.0,448.5721,22572.0
18:55:37,6954.89,6995.0,118.6917,9973.0
18:55:37,6954.89,7000.0,669.719,19855.0
18:55:37,6954.89,7005.0,37.6285,5639.0
18:55:37,6954.89,7010.0,35.6051,5383.0
18:55:37,6954.89,7015.0,17.8705,4540.0
18:55:37,6954.89,7020.0,59.3169,5650.0
18:55:37,6954.89,7025.0,68.7606,4516.0
18:57:47,6953.6,6880.0,87.2261,19993.0
18:57:47,6953.6,6885.0,165.3108,23656.0
18:57:47,6953.6,6890.0,151.0747,28336.0
18:57:47,6953.6,6895.0,152.0365,25264.0
18:57:47,6953.6,6900.0,501.8247,61693.0
18:57:47,6953.6,6905.0,544.1666,30899.0
18:57:47,6953.6,6910.0,473.8874,43986.0
18:57:47,6953.6,6915.0,501.1392,44463.0
18:57:47,6953.6,6920.0,856.6038,69908.0
18:57:47,6953.6,6925.0,1071.7338,58906.0
18:57:47,6953.6,6930.0,1039.7404,80259.0
18:57:47,6953.6,6935.0,1993.7321,84292.0
18:57:47,6953.6,6940.0,4689.1447,101609.0
18:57:47,6953.6,6945.0,3785.2992,81368.0
18:57:47,6953.6,6950.0,14639.8777,146368.0
18:57:47,6953.6,6955.0,1585.3383,87175.0
18:57:47,6953.6,6960.0,5630.5143,122289.0
18:57:47,6953.6,6965.0,-426.1866,61275.0
18:57:47,6953.6,6970.0,1798.4667,64920.0
18:57:47,6953.6,6975.0,1502.6946,47693.0
18:57:47,6953.6,6980.0,1889.7743,34594.0
18:57:47,6953.6,6985.0,168.9129,21817.0
18:57:47,6953.6,6990.0,404.1163,23092.0
18:57:47,6953.6,6995.0,109.3244,10058.0
18:57:47,6953.6,7000.0,490.2824,20058.0
18:57:47,6953.6,7005.0,28.4636,5714.0
18:57:47,6953.6,7010.0,29.0204,5404.0
18:57:47,6953.6,7015.0,14.5123,4545.0
18:57:47,6953.6,7020.0,59.2949,5669.0
18:57:47,6953.6,7025.0,68.7351,4523.0
18:59:57,6953.25,6880.0,92.0908,19999.0
18:59:57,6953.25,6885.0,177.9706,23708.0
18:59:57,6953.25,6890.0,150.8251,28353.0
18:59:57,6953.25,6895.0,143.7152,25372.0
18:59:57,6953.25,6900.0,503.3412,61878.0
18:59:57,6953.25,6905.0,544.1118,30958.0
18:59:57,6953.25,6910.0,555.6462,44068.0
18:59:57,6953.25,6915.0,593.7039,44552.0
18:59:57,6953.25,6920.0,972.3494,70098.0
18:59:57,6953.25,6925.0,1244.2561,59154.0
18:59:57,6953.25,6930.0,1138.4731,80695.0
18:59:57,6953.25,6935.0,2171.6014,85037.0
18:59:57,6953.25,6940.0,4862.9896,102404.0
18:59:57,6953.25,6945.0,3810.0724,81867.0
18:59:57,6953.25,6950.0,14684.802,148015.0
18:59:57,6953.25,6955.0,1588.0353,88588.0
18:59:57,6953.25,6960.0,5587.4943,123151.0
18:59:57,6953.25,6965.0,-419.8785,62119.0
18:59:57,6953.25,6970.0,1616.8389,65620.0
18:59:57,6953.25,6975.0,1391.0847,48265.0
18:59:57,6953.25,6980.0,1666.0119,35007.0
18:59:57,6953.25,6985.0,149.2434,21998.0
18:59:57,6953.25,6990.0,348.8954,23566.0
18:59:57,6953.25,6995.0,86.6193,10139.0
18:59:57,6953.25,7000.0,490.2331,20231.0
18:59:57,6953.25,7005.0,28.4608,5731.0
18:59:57,6953.25,7010.0,30.3081,5439.0
18:59:57,6953.25,7015.0,15.2207,4560.0
18:59:57,6953.25,7020.0,50.3886,5687.0
18:59:57,6953.25,7025.0,58.2835,4528.0
19:02:06,6955.42,6885.0,153.0213,23729.0
19:02:06,6955.42,6890.0,137.7533,28449.0
19:02:06,6955.42,6895.0,143.8049,25503.0
19:02:06,6955.42,6900.0,394.8121,62041.0
19:02:06,6955.42,6905.0,449.7626,31067.0
19:02:06,6955.42,6910.0,438.5521,44182.0
19:02:06,6955.42,6915.0,469.584,44686.0
19:02:06,6955.42,6920.0,834.4765,70294.0
19:02:06,6955.42,6925.0,1109.7498,59328.0
19:02:06,6955.42,6930.0,1004.8135,81352.0
19:02:06,6955.42,6935.0,1961.1978,85596.0
19:02:06,6955.42,6940.0,4611.8803,103102.0
19:02:06,6955.42,6945.0,3812.4509,82567.0
19:02:06,6955.42,6950.0,14893.517,149535.0
19:02:06,6955.42,6955.0,1671.1188,90512.0
19:02:06,6955.42,6960.0,6067.5705,124222.0
19:02:06,6955.42,6965.0,-560.4199,63000.0
19:02:06,6955.42,6970.0,1843.3686,66958.0
19:02:06,6955.42,6975.0,1550.4862,51050.0
19:02:06,6955.42,6980.0,1961.8186,35559.0
19:02:06,6955.42,6985.0,159.5631,24166.0
19:02:06,6955.42,6990.0,379.0175,24239.0
19:02:06,6955.42,6995.0,103.3359,10159.0
19:02:06,6955.42,7000.0,594.304,20315.0
19:02:06,6955.42,7005.0,32.4628,5767.0
19:02:06,6955.42,7010.0,33.2726,5507.0
19:02:06,6955.42,7015.0,16.6113,4581.0
19:02:06,6955.42,7020.0,54.7656,5699.0
19:02:06,6955.42,7025.0,63.2062,4616.0
19:02:06,6955.42,7030.0,60.679,4576.0
19:04:16,6957.01,6885.0,155.2784,23763.0
19:04:16,6957.01,6890.0,131.4856,28483.0
19:04:16,6957.01,6895.0,122.1954,25543.0
19:04:16,6957.01,6900.0,396.7693,62113.0
19:04:16,6957.01,6905.0,450.5191,31189.0
19:04:16,6957.01,6910.0,438.7526,44247.0
19:04:16,6957.01,6915.0,469.8522,44787.0
19:04:16,6957.01,6920.0,835.4727,70394.0
19:04:16,6957.01,6925.0,977.7864,59494.0
19:04:16,6957.01,6930.0,942.5744,81669.0
19:04:16,6957.01,6935.0,1867.9705,85973.0
19:04:16,6957.01,6940.0,4484.7005,103705.0
19:04:16,6957.01,6945.0,3691.1268,83052.0
19:04:16,6957.01,6950.0,14959.6088,150701.0
19:04:16,6957.01,6955.0,1699.7952,91948.0
19:04:16,6957.01,6960.0,6250.0687,125651.0
19:04:16,6957.01,6965.0,-651.3311,63826.0
19:04:16,6957.01,6970.0,1919.1629,67522.0
19:04:16,6957.01,6975.0,1628.4934,51385.0
19:04:16,6957.01,6980.0,1950.1451,35873.0
19:04:16,6957.01,6985.0,168.507,24271.0
19:04:16,6957.01,6990.0,404.3797,24298.0
19:04:16,6957.01,6995.0,103.1789,10197.0
19:04:16,6957.01,7000.0,594.5758,20509.0
19:04:16,6957.01,7005.0,32.4776,5771.0
19:04:16,6957.01,7010.0,35.187,5538.0
19:04:16,6957.01,7015.0,17.4959,4604.0
19:04:16,6957.01,7020.0,57.4585,5699.0
19:04:16,6957.01,7025.0,66.0653,4633.0
19:04:16,6957.01,7030.0,63.1901,4580.0
19:06:25,6957.67,6885.0,156.05,23793.0
19:06:25,6957.67,6890.0,131.5106,28523.0
19:06:25,6957.67,6895.0,122.2186,25609.0
19:06:25,6957.67,6900.0,401.6148,62242.0
19:06:25,6957.67,6905.0,425.2485,31311.0
19:06:25,6957.67,6910.0,438.4144,44376.0
19:06:25,6957.67,6915.0,485.5341,44892.0
19:06:25,6957.67,6920.0,761.0493,70560.0
19:06:25,6957.67,6925.0,976.4728,59678.0
19:06:25,6957.67,6930.0,934.4304,81962.0
19:06:25,6957.67,6935.0,1867.0333,86512.0
19:06:25,6957.67,6940.0,4281.0519,104219.0
19:06:25,6957.67,6945.0,3540.7321,83851.0
19:06:25,6957.67,6950.0,14376.1431,152213.0
19:06:25,6957.67,6955.0,1664.1996,93493.0
19:06:25,6957.67,6960.0,6272.5779,126968.0
19:06:25,6957.67,6965.0,-754.3234,64914.0
19:06:25,6957.67,6970.0,1982.6488,69266.0
19:06:25,6957.67,6975.0,1705.4205,51731.0
19:06:25,6957.67,6980.0,2045.2137,37379.0
19:06:25,6957.67,6985.0,176.1637,24436.0
19:06:25,6957.67,6990.0,428.8937,24914.0
19:06:25,6957.67,6995.0,100.9893,10237.0
19:06:25,6957.67,7000.0,609.5504,20629.0
19:06:25,6957.67,7005.0,36.1712,5775.0
19:06:25,6957.67,7010.0,37.01,5555.0
19:06:25,6957.67,7015.0,18.5968,4606.0
19:06:25,6957.67,7020.0,61.8285,5710.0
19:06:25,6957.67,7025.0,66.0779,4644.0
19:06:25,6957.67,7030.0,63.2021,4595.0
19:08:35,6955.93,6885.0,159.6433,23822.0
19:08:35,6955.93,6890.0,135.5212,28560.0
19:08:35,6955.93,6895.0,120.8237,25729.0
19:08:35,6955.93,6900.0,408.8083,62351.0
19:08:35,6955.93,6905.0,425.0469,31343.0
19:08:35,6955.93,6910.0,438.1951,44463.0
19:08:35,6955.93,6915.0,485.4507,44952.0
19:08:35,6955.93,6920.0,759.577,70684.0
19:08:35,6955.93,6925.0,974.1554,59731.0
19:08:35,6955.93,6930.0,932.6919,82091.0
19:08:35,6955.93,6935.0,1866.0996,86761.0
19:08:35,6955.93,6940.0,4278.9109,104658.0
19:08:35,6955.93,6945.0,3761.3375,84229.0
19:08:35,6955.93,6950.0,15218.3853,153857.0
19:08:35,6955.93,6955.0,1705.8578,94405.0
19:08:35,6955.93,6960.0,6203.0741,128101.0
19:08:35,6955.93,6965.0,-893.0307,65748.0
19:08:35,6955.93,6970.0,1981.6573,69658.0
19:08:35,6955.93,6975.0,1704.5676,51968.0
19:08:35,6955.93,6980.0,2044.1909,37727.0
19:08:35,6955.93,6985.0,176.0756,24595.0
19:08:35,6955.93,6990.0,428.3884,25462.0
19:08:35,6955.93,6995.0,112.6792,10279.0
19:08:35,6955.93,7000.0,609.2455,20796.0
19:08:35,6955.93,7005.0,36.1531,5787.0
19:08:35,6955.93,7010.0,31.7593,5563.0
19:08:35,6955.93,7015.0,15.8911,4622.0
19:08:35,6955.93,7020.0,52.438,5818.0
19:08:35,6955.93,7025.0,60.2366,4644.0
19:08:35,6955.93,7030.0,57.4617,4625.0
19:10:44,6956.24,6885.0,150.7712,23837.0
19:10:44,6956.24,6890.0,135.8976,28572.0
19:10:44,6956.24,6895.0,116.5027,25740.0
19:10:44,6956.24,6900.0,389.8529,62415.0
19:10:44,6956.24,6905.0,436.6186,31383.0
19:10:44,6956.24,6910.0,436.6967,44484.0
19:10:44,6956.24,6915.0,464.2532,44979.0
19:10:44,6956.24,6920.0,834.1812,70723.0
19:10:44,6956.24,6925.0,1068.5944,59793.0
19:10:44,6956.24,6930.0,990.4009,82403.0
19:10:44,6956.24,6935.0,1965.2975,87038.0
19:10:44,6956.24,6940.0,4502.0077,105026.0
19:10:44,6956.24,6945.0,3762.4104,84605.0
19:10:44,6956.24,6950.0,15223.8762,154446.0
19:10:44,6956.24,6955.0,1727.3171,95070.0
19:10:44,6956.24,6960.0,6320.2873,128751.0
19:10:44,6956.24,6965.0,-963.1582,66515.0
19:10:44,6956.24,6970.0,1908.2565,69967.0
19:10:44,6956.24,6975.0,1616.9855,52242.0
19:10:44,6956.24,6980.0,1880.2756,37891.0
19:10:44,6956.24,6985.0,153.3582,24670.0
19:10:44,6956.24,6990.0,362.8535,26033.0
19:10:44,6956.24,6995.0,98.7523,10321.0
19:10:44,6956.24,7000.0,551.677,20841.0
19:10:44,6956.24,7005.0,29.9452,5847.0
19:10:44,6956.24,7010.0,31.0839,5571.0
19:10:44,6956.24,7015.0,15.6391,4663.0
19:10:44,6956.24,7020.0,51.9671,5840.0
19:10:44,6956.24,7025.0,60.8038,4659.0
19:10:44,6956.24,7030.0,59.2592,4640.0
19:12:54,6956.8,6885.0,145.8941,24011.0
19:12:54,6956.8,6890.0,135.9195,28703.0
19:12:54,6956.8,6895.0,116.5215,25765.0
19:12:54,6956.8,6900.0,380.6612,62429.0
19:12:54,6956.8,6905.0,423.5145,31443.0
19:12:54,6956.8,6910.0,436.9072,44536.0
19:12:54,6956.8,6915.0,464.5593,44996.0
19:12:54,6956.8,6920.0,834.5908,70942.0
19:12:54,6956.8,6925.0,1070.1503,59879.0
19:12:54,6956.8,6930.0,991.3653,82642.0
19:12:54,6956.8,6935.0,1965.6139,87133.0
19:12:54,6956.8,6940.0,4502.7326,105705.0
19:12:54,6956.8,6945.0,3659.5304,84896.0
19:12:54,6956.8,6950.0,14965.1757,154824.0
19:12:54,6956.8,6955.0,1713.3126,95650.0
19:12:54,6956.8,6960.0,6310.708,129454.0
19:12:54,6956.8,6965.0,-1043.0659,69386.0
19:12:54,6956.8,6970.0,1909.1448,70254.0
19:12:54,6956.8,6975.0,1617.2458,54985.0
19:12:54,6956.8,6980.0,1880.5784,38058.0
19:12:54,6956.8,6985.0,153.3829,24765.0
19:12:54,6956.8,6990.0,362.4192,26061.0
19:12:54,6956.8,6995.0,98.7682,10336.0
19:12:54,6956.8,7000.0,551.7659,20882.0
19:12:54,6956.8,7005.0,32.1767,5860.0
19:12:54,6956.8,7010.0,33.3137,5646.0
19:12:54,6956.8,7015.0,16.7948,4670.0
19:12:54,6956.8,7020.0,51.9754,5841.0
19:12:54,6956.8,7025.0,60.8136,4690.0
19:12:54,6956.8,7030.0,59.2688,4655.0
19:15:03,6957.31,6885.0,155.4372,24125.0
19:15:03,6957.31,6890.0,138.033,28714.0
19:15:03,6957.31,6895.0,122.1446,25771.0
19:15:03,6957.31,6900.0,404.6842,62507.0
19:15:03,6957.31,6905.0,451.3623,31697.0
19:15:03,6957.31,6910.0,448.755,44583.0
19:15:03,6957.31,6915.0,476.1361,45017.0
19:15:03,6957.31,6920.0,822.6625,71010.0
19:15:03,6957.31,6925.0,1035.9996,59920.0
19:15:03,6957.31,6930.0,954.4421,82774.0
19:15:03,6957.31,6935.0,1883.8368,87309.0
19:15:03,6957.31,6940.0,4417.4281,107095.0
19:15:03,6957.31,6945.0,3558.855,85029.0
19:15:03,6957.31,6950.0,14620.9368,155156.0
19:15:03,6957.31,6955.0,1669.9342,96142.0
19:15:03,6957.31,6960.0,6203.0644,130006.0
19:15:03,6957.31,6965.0,-1071.1832,69808.0
19:15:03,6957.31,6970.0,1927.5445,70715.0
19:15:03,6957.31,6975.0,1616.646,55239.0
19:15:03,6957.31,6980.0,2007.9141,38420.0
19:15:03,6957.31,6985.0,166.8626,25030.0
19:15:03,6957.31,6990.0,386.175,26151.0
19:15:03,6957.31,6995.0,101.5385,10382.0
19:15:03,6957.31,7000.0,565.293,20944.0
19:15:03,6957.31,7005.0,31.606,5874.0
19:15:03,6957.31,7010.0,32.5101,5689.0
19:15:03,6957.31,7015.0,16.3675,4683.0
19:15:03,6957.31,7020.0,54.4807,5841.0
19:15:03,6957.31,7025.0,63.6562,4706.0
19:15:03,6957.31,7030.0,61.8971,4658.0
19:17:13,6958.86,6885.0,155.5065,24144.0
19:17:13,6958.86,6890.0,138.0945,28741.0
19:17:13,6958.86,6895.0,122.199,25817.0
19:17:13,6958.86,6900.0,382.7654,62630.0
19:17:13,6958.86,6905.0,403.4699,31800.0
19:17:13,6958.86,6910.0,415.6385,44654.0
19:17:13,6958.86,6915.0,446.7299,45151.0
19:17:13,6958.86,6920.0,823.2572,71222.0
19:17:13,6958.86,6925.0,1038.1602,60083.0
19:17:13,6958.86,6930.0,955.9702,83164.0
19:17:13,6958.86,6935.0,1884.6763,87649.0
19:17:13,6958.86,6940.0,4419.3966,108314.0
19:17:13,6958.86,6945.0,3560.4409,85945.0
19:17:13,6958.86,6950.0,14440.7532,157060.0
19:17:13,6958.86,6955.0,1687.7906,97179.0
19:17:13,6958.86,6960.0,6415.2463,131259.0
19:17:13,6958.86,6965.0,-1201.6443,70534.0
19:17:13,6958.86,6970.0,2040.9461,71682.0
19:17:13,6958.86,6975.0,1617.3664,55801.0
19:17:13,6958.86,6980.0,2008.8089,39201.0
19:17:13,6958.86,6985.0,166.9369,25188.0
19:17:13,6958.86,6990.0,383.7027,26228.0
19:17:13,6958.86,6995.0,110.1659,10501.0
19:17:13,6958.86,7000.0,565.5449,21035.0
19:17:13,6958.86,7005.0,33.1616,5895.0
19:17:13,6958.86,7010.0,34.0421,5701.0
19:17:13,6958.86,7015.0,17.0601,4705.0
19:17:13,6958.86,7020.0,54.505,5872.0
19:17:13,6958.86,7025.0,63.6846,4777.0
19:17:13,6958.86,7030.0,61.9247,4660.0
19:19:23,6960.34,6890.0,115.6136,28794.0
19:19:23,6960.34,6895.0,100.9036,25857.0
19:19:23,6960.34,6900.0,332.5325,62833.0
19:19:23,6960.34,6905.0,361.3758,31901.0
19:19:23,6960.34,6910.0,415.8153,44790.0
19:19:23,6960.34,6915.0,447.746,45245.0
19:19:23,6960.34,6920.0,803.0755,71561.0
19:19:23,6960.34,6925.0,956.9965,60321.0
19:19:23,6960.34,6930.0,794.4302,83445.0
19:19:23,6960.34,6935.0,1597.5328,88113.0
19:19:23,6960.34,6940.0,3882.9936,108703.0
19:19:23,6960.34,6945.0,3289.5796,86382.0
19:19:23,6960.34,6950.0,13933.068,157956.0
19:19:23,6960.34,6955.0,1689.9007,98056.0
19:19:23,6960.34,6960.0,6543.9951,132744.0
19:19:23,6960.34,6965.0,-1428.3027,71414.0
19:19:23,6960.34,6970.0,2217.033,72286.0
19:19:23,6960.34,6975.0,1889.9947,56226.0
19:19:23,6960.34,6980.0,2418.7406,39773.0
19:19:23,6960.34,6985.0,201.9879,25437.0
19:19:23,6960.34,6990.0,446.6777,26290.0
19:19:23,6960.34,6995.0,122.1439,10536.0
19:19:23,6960.34,7000.0,623.5137,21157.0
19:19:23,6960.34,7005.0,33.1757,5899.0
19:19:23,6960.34,7010.0,34.0566,5715.0
19:19:23,6960.34,7015.0,17.0372,4707.0
19:19:23,6960.34,7020.0,65.4948,5874.0
19:19:23,6960.34,7025.0,75.5893,4781.0
19:19:23,6960.34,7030.0,71.949,4666.0
19:19:23,6960.34,7035.0,19.0891,2820.0
19:21:32,6961.61,6890.0,115.6557,29196.0
19:21:32,6961.61,6895.0,100.9404,25929.0
19:21:32,6961.61,6900.0,335.6666,63627.0
19:21:32,6961.61,6905.0,317.9421,32126.0
19:21:32,6961.61,6910.0,316.8789,45032.0
19:21:32,6961.61,6915.0,353.479,45475.0
19:21:32,6961.61,6920.0,605.6775,72064.0
19:21:32,6961.61,6925.0,840.3583,60629.0
19:21:32,6961.61,6930.0,795.8406,84072.0
19:21:32,6961.61,6935.0,1598.1158,88516.0
19:21:32,6961.61,6940.0,3884.4107,109438.0
19:21:32,6961.61,6945.0,3290.7802,87204.0
19:21:32,6961.61,6950.0,13938.153,159379.0
19:21:32,6961.61,6955.0,1642.4997,99632.0
19:21:32,6961.61,6960.0,6489.6737,135018.0
19:21:32,6961.61,6965.0,-1762.0211,73470.0
19:21:32,6961.61,6970.0,2275.7938,73392.0
19:21:32,6961.61,6975.0,2020.6951,57471.0
19:21:32,6961.61,6980.0,2556.6021,40921.0
19:21:32,6961.61,6985.0,202.0616,25883.0
19:21:32,6961.61,6990.0,433.2539,26875.0
19:21:32,6961.61,6995.0,122.1885,10614.0
19:21:32,6961.61,7000.0,676.3478,21479.0
19:21:32,6961.61,7005.0,40.511,5958.0
19:21:32,6961.61,7010.0,40.3189,5752.0
19:21:32,6961.61,7015.0,19.6687,4727.0
19:21:32,6961.61,7020.0,64.8025,5888.0
19:21:32,6961.61,7025.0,75.6169,4807.0
19:21:32,6961.61,7030.0,71.9752,4674.0
19:21:32,6961.61,7035.0,19.0961,2830.0
19:23:42,6963.44,6890.0,95.9105,29232.0
19:23:42,6963.44,6895.0,91.6427,26113.0
19:23:42,6963.44,6900.0,281.7578,63738.0
19:23:42,6963.44,6905.0,306.2449,32238.0
19:23:42,6963.44,6910.0,317.7117,45254.0
19:23:42,6963.44,6915.0,354.2131,45606.0
19:23:42,6963.44,6920.0,606.6516,72372.0
19:23:42,6963.44,6925.0,785.1119,60830.0
19:23:42,6963.44,6930.0,667.2198,84530.0
19:23:42,6963.44,6935.0,1393.8041,88915.0
19:23:42,6963.44,6940.0,3303.1207,109812.0
19:23:42,6963.44,6945.0,2886.7941,87759.0
19:23:42,6963.44,6950.0,12627.3265,160662.0
19:23:42,6963.44,6955.0,1614.0105,100674.0
19:23:42,6963.44,6960.0,6655.1511,137236.0
19:23:42,6963.44,6965.0,-2443.1034,75444.0
19:23:42,6963.44,6970.0,2466.9577,74319.0
19:23:42,6963.44,6975.0,2210.1405,58221.0
19:23:42,6963.44,6980.0,2921.6826,41408.0
19:23:42,6963.44,6985.0,237.801,26062.0
19:23:42,6963.44,6990.0,474.0085,26999.0
19:23:42,6963.44,6995.0,134.9917,10656.0
19:23:42,6963.44,7000.0,761.6336,21684.0
19:23:42,6963.44,7005.0,40.5323,5979.0
19:23:42,6963.44,7010.0,40.3401,5777.0
19:23:42,6963.44,7015.0,19.679,4805.0
19:23:42,6963.44,7020.0,66.622,5930.0
19:23:42,6963.44,7025.0,76.5861,4820.0
19:23:42,6963.44,7030.0,73.6257,4694.0
19:23:42,6963.44,7035.0,19.6731,2832.0
19:25:51,6962.02,6890.0,95.7399,29382.0
19:25:51,6962.02,6895.0,93.124,26183.0
19:25:51,6962.02,6900.0,298.959,63961.0
19:25:51,6962.02,6905.0,294.8277,32258.0
19:25:51,6962.02,6910.0,299.2508,45327.0
19:25:51,6962.02,6915.0,326.1923,45741.0
19:25:51,6962.02,6920.0,575.2569,72728.0
19:25:51,6962.02,6925.0,732.1583,61033.0
19:25:51,6962.02,6930.0,697.8936,84787.0
19:25:51,6962.02,6935.0,1392.8557,89314.0
19:25:51,6962.02,6940.0,3301.7737,110465.0
19:25:51,6962.02,6945.0,2885.6169,88378.0
19:25:51,6962.02,6950.0,13491.0291,161963.0
19:25:51,6962.02,6955.0,1699.2766,102278.0
19:25:51,6962.02,6960.0,6975.24,140113.0
19:25:51,6962.02,6965.0,-3220.7462,77918.0
19:25:51,6962.02,6970.0,2488.9588,76299.0
19:25:51,6962.02,6975.0,2209.2392,60865.0
19:25:51,6962.02,6980.0,2920.4911,42641.0
19:25:51,6962.02,6985.0,237.704,27112.0
19:25:51,6962.02,6990.0,416.9765,27511.0
19:25:51,6962.02,6995.0,121.7078,10796.0
19:25:51,6962.02,7000.0,670.3945,21971.0
19:25:51,6962.02,7005.0,37.0178,6061.0
19:25:51,6962.02,7010.0,37.607,5803.0
19:25:51,6962.02,7015.0,18.614,4867.0
19:25:51,6962.02,7020.0,60.6601,5940.0
19:25:51,6962.02,7025.0,69.0467,4890.0
19:25:51,6962.02,7030.0,65.3145,4743.0
19:25:51,6962.02,7035.0,17.2673,2837.0
19:28:01,6961.29,6890.0,99.4065,29394.0
19:28:01,6961.29,6895.0,95.8251,26261.0
19:28:01,6961.29,6900.0,304.6,64160.0
19:28:01,6961.29,6905.0,342.8719,32293.0
19:28:01,6961.29,6910.0,299.1881,45449.0
19:28:01,6961.29,6915.0,325.7769,45768.0
19:28:01,6961.29,6920.0,575.0189,72761.0
19:28:01,6961.29,6925.0,731.869,61163.0
19:28:01,6961.29,6930.0,700.9793,84948.0
19:28:01,6961.29,6935.0,1442.8002,89546.0
19:28:01,6961.29,6940.0,3565.3811,110904.0
19:28:01,6961.29,6945.0,3105.1086,88772.0
19:28:01,6961.29,6950.0,13812.227,162573.0
19:28:01,6961.29,6955.0,1716.7812,103042.0
19:28:01,6961.29,6960.0,6954.2652,141575.0
19:28:01,6961.29,6965.0,-3402.7098,79142.0
19:28:01,6961.29,6970.0,2419.681,77425.0
19:28:01,6961.29,6975.0,2048.8265,62396.0
19:28:01,6961.29,6980.0,2601.7764,43173.0
19:28:01,6961.29,6985.0,215.8601,28356.0
19:28:01,6961.29,6990.0,391.7986,27628.0
19:28:01,6961.29,6995.0,123.3075,10854.0
19:28:01,6961.29,7000.0,670.2539,22059.0
19:28:01,6961.29,7005.0,37.01,6079.0
19:28:01,6961.29,7010.0,37.5991,5807.0
19:28:01,6961.29,7015.0,19.9561,4886.0
19:28:01,6961.29,7020.0,65.1382,5949.0
19:28:01,6961.29,7025.0,73.417,4897.0
19:28:01,6961.29,7030.0,68.3767,4748.0
19:28:01,6961.29,7035.0,17.8713,2897.0
19:30:10,6961.46,6890.0,101.9384,29437.0
19:30:10,6961.46,6895.0,95.6339,26265.0
19:30:10,6961.46,6900.0,298.1127,64207.0
19:30:10,6961.46,6905.0,335.4937,32312.0
19:30:10,6961.46,6910.0,315.175,45538.0
19:30:10,6961.46,6915.0,342.4113,45847.0
19:30:10,6961.46,6920.0,591.4362,72829.0
19:30:10,6961.46,6925.0,743.6953,61245.0
19:30:10,6961.46,6930.0,719.2024,85297.0
19:30:10,6961.46,6935.0,1473.8815,89684.0
19:30:10,6961.46,6940.0,3642.619,111518.0
19:30:10,6961.46,6945.0,3146.1667,89061.0
19:30:10,6961.46,6950.0,13795.4168,163235.0
19:30:10,6961.46,6955.0,1700.5678,103652.0
19:30:10,6961.46,6960.0,6964.7635,142872.0
19:30:10,6961.46,6965.0,-3569.8019,79907.0
19:30:10,6961.46,6970.0,2398.3557,77959.0
19:30:10,6961.46,6975.0,2103.8201,63198.0
19:30:10,6961.46,6980.0,2546.6234,43989.0
19:30:10,6961.46,6985.0,210.6832,28485.0
19:30:10,6961.46,6990.0,381.6623,27727.0
19:30:10,6961.46,6995.0,122.9686,10872.0
19:30:10,6961.46,7000.0,709.3523,22183.0
19:30:10,6961.46,7005.0,39.1803,6090.0
19:30:10,6961.46,7010.0,39.2667,5864.0
19:30:10,6961.46,7015.0,19.3145,5001.0
19:30:10,6961.46,7020.0,62.8356,6058.0
19:30:10,6961.46,7025.0,71.1047,4906.0
19:30:10,6961.46,7030.0,66.6221,4752.0
19:30:10,6961.46,7035.0,17.4937,2900.0
19:32:20,6963.65,6890.0,102.0025,29514.0
19:32:20,6963.65,6895.0,98.4977,26371.0
19:32:20,6963.65,6900.0,307.8227,64478.0
19:32:20,6963.65,6905.0,337.8151,32486.0
19:32:20,6963.65,6910.0,319.3874,45738.0
19:32:20,6963.65,6915.0,342.711,45905.0
19:32:20,6963.65,6920.0,592.658,72953.0
19:32:20,6963.65,6925.0,746.1117,61408.0
19:32:20,6963.65,6930.0,635.0518,85455.0
19:32:20,6963.65,6935.0,1302.8465,90154.0
19:32:20,6963.65,6940.0,3257.2614,111805.0
19:32:20,6963.65,6945.0,2812.2335,89865.0
19:32:20,6963.65,6950.0,12643.9241,164294.0
19:32:20,6963.65,6955.0,1645.9222,104590.0
19:32:20,6963.65,6960.0,6927.6585,144304.0
19:32:20,6963.65,6965.0,-4115.6463,81342.0
19:32:20,6963.65,6970.0,2610.9737,78676.0
19:32:20,6963.65,6975.0,2312.3224,66388.0
19:32:20,6963.65,6980.0,2923.3064,44294.0
19:32:20,6963.65,6985.0,239.9476,31194.0
19:32:20,6963.65,6990.0,438.5255,27838.0
19:32:20,6963.65,6995.0,135.7957,10914.0
19:32:20,6963.65,7000.0,709.7987,22265.0
19:32:20,6963.65,7005.0,39.205,6245.0
19:32:20,6963.65,7010.0,39.2914,5937.0
19:32:20,6963.65,7015.0,19.3021,5012.0
19:32:20,6963.65,7020.0,70.2303,6080.0
19:32:20,6963.65,7025.0,71.1494,4989.0
19:32:20,6963.65,7030.0,74.0874,4761.0
19:32:20,6963.65,7035.0,19.3435,2912.0
19:34:29,6964.39,6890.0,100.7496,29528.0
19:34:29,6964.39,6895.0,92.1796,26448.0
19:34:29,6964.39,6900.0,281.8318,64747.0
19:34:29,6964.39,6905.0,337.8869,32506.0
19:34:29,6964.39,6910.0,319.4553,45788.0
19:34:29,6964.39,6915.0,337.2721,45962.0
19:34:29,6964.39,6920.0,510.558,73083.0
19:34:29,6964.39,6925.0,650.1787,61463.0
19:34:29,6964.39,6930.0,604.3841,85593.0
19:34:29,6964.39,6935.0,1218.7451,90373.0
19:34:29,6964.39,6940.0,3064.8186,112339.0
19:34:29,6964.39,6945.0,2680.6721,90329.0
19:34:29,6964.39,6950.0,12243.9254,165119.0
19:34:29,6964.39,6955.0,1608.8563,105435.0
19:34:29,6964.39,6960.0,6871.207,145926.0
19:34:29,6964.39,6965.0,-4643.1341,83609.0
19:34:29,6964.39,6970.0,2680.5752,80154.0
19:34:29,6964.39,6975.0,2394.6293,67310.0
19:34:29,6964.39,6980.0,3053.9647,44959.0
19:34:29,6964.39,6985.0,257.4017,31945.0
19:34:29,6964.39,6990.0,462.9803,27959.0
19:34:29,6964.39,6995.0,147.4474,11141.0
19:34:29,6964.39,7000.0,795.2756,22451.0
19:34:29,6964.39,7005.0,43.0262,6284.0
19:34:29,6964.39,7010.0,43.3157,5952.0
19:34:29,6964.39,7015.0,21.4903,5021.0
19:34:29,6964.39,7020.0,70.2452,6338.0
19:34:29,6964.39,7025.0,79.5057,5002.0
19:34:29,6964.39,7030.0,77.3897,4788.0
19:34:29,6964.39,7035.0,20.1303,2914.0
19:36:39,6963.54,6890.0,107.5961,29542.0
19:36:39,6963.54,6895.0,92.2982,26466.0
19:36:39,6963.54,6900.0,292.3243,64860.0
19:36:39,6963.54,6905.0,312.399,32557.0
19:36:39,6963.54,6910.0,305.4604,45848.0
19:36:39,6963.54,6915.0,315.4736,46027.0
19:36:39,6963.54,6920.0,542.6721,73127.0
19:36:39,6963.54,6925.0,706.138,61607.0
19:36:39,6963.54,6930.0,652.5257,85756.0
19:36:39,6963.54,6935.0,1354.5441,90500.0
19:36:39,6963.54,6940.0,3214.3988,112569.0
19:36:39,6963.54,6945.0,2876.9385,91162.0
19:36:39,6963.54,6950.0,12731.8715,165791.0
19:36:39,6963.54,6955.0,1667.5512,105986.0
19:36:39,6963.54,6960.0,7040.5824,147188.0
19:36:39,6963.54,6965.0,-5356.9249,85357.0
19:36:39,6963.54,6970.0,2575.973,81732.0
19:36:39,6963.54,6975.0,2307.1332,68938.0
19:36:39,6963.54,6980.0,2898.9406,46609.0
19:36:39,6963.54,6985.0,239.6975,32318.0
19:36:39,6963.54,6990.0,401.1155,28121.0
19:36:39,6963.54,6995.0,126.5376,11256.0
19:36:39,6963.54,7000.0,758.6257,22902.0
19:36:39,6963.54,7005.0,42.1196,6353.0
19:36:39,6963.54,7010.0,41.7872,5983.0
19:36:39,6963.54,7015.0,20.4165,5029.0
19:36:39,6963.54,7020.0,64.9577,6382.0
19:36:39,6963.54,7025.0,75.1017,5009.0
19:36:39,6963.54,7030.0,71.4935,4794.0
19:36:39,6963.54,7035.0,18.7004,2943.0
19:38:49,6964.53,6890.0,107.6267,29544.0
19:38:49,6964.53,6895.0,84.4624,26471.0
19:38:49,6964.53,6900.0,263.4948,64928.0
19:38:49,6964.53,6905.0,312.4879,32597.0
19:38:49,6964.53,6910.0,305.5473,45890.0
19:38:49,6964.53,6915.0,315.9182,46033.0
19:38:49,6964.53,6920.0,542.8824,73209.0
19:38:49,6964.53,6925.0,707.1519,61666.0
19:38:49,6964.53,6930.0,653.1822,85914.0
19:38:49,6964.53,6935.0,1354.9293,90641.0
19:38:49,6964.53,6940.0,3215.3129,112706.0
19:38:49,6964.53,6945.0,2877.7566,91389.0
19:38:49,6964.53,6950.0,12330.4536,166346.0
19:38:49,6964.53,6955.0,1617.8493,106413.0
19:38:49,6964.53,6960.0,7042.7248,148216.0
19:38:49,6964.53,6965.0,-5897.8438,86621.0
19:38:49,6964.53,6970.0,2656.0587,82665.0
19:38:49,6964.53,6975.0,2373.5795,69414.0
19:38:49,6964.53,6980.0,3067.729,47056.0
19:38:49,6964.53,6985.0,239.7656,32516.0
19:38:49,6964.53,6990.0,400.1568,28370.0
19:38:49,6964.53,6995.0,125.7639,11380.0
19:38:49,6964.53,7000.0,758.8414,22991.0
19:38:49,6964.53,7005.0,42.1316,6363.0
19:38:49,6964.53,7010.0,41.7991,6039.0
19:38:49,6964.53,7015.0,20.4223,5054.0
19:38:49,6964.53,7020.0,64.9762,6394.0
19:38:49,6964.53,7025.0,75.123,5014.0
19:38:49,6964.53,7030.0,72.7731,4800.0
19:38:49,6964.53,7035.0,18.8607,2954.0
19:40:59,6963.39,6890.0,112.2088,29556.0
19:40:59,6963.39,6895.0,84.4347,26864.0
19:40:59,6963.39,6900.0,263.4085,65111.0
19:40:59,6963.39,6905.0,292.7796,32608.0
19:40:59,6963.39,6910.0,274.0112,46012.0
19:40:59,6963.39,6915.0,290.7549,46084.0
19:40:59,6963.39,6920.0,536.6993,73293.0
19:40:59,6963.39,6925.0,665.1332,61801.0
19:40:59,6963.39,6930.0,627.1067,86179.0
19:40:59,6963.39,6935.0,1267.7029,90799.0
19:40:59,6963.39,6940.0,3200.8343,114198.0
19:40:59,6963.39,6945.0,2854.1413,91786.0
19:40:59,6963.39,6950.0,12783.411,166856.0
19:40:59,6963.39,6955.0,1635.9436,106903.0
19:40:59,6963.39,6960.0,6926.2869,149039.0
19:40:59,6963.39,6965.0,-6299.8004,87632.0
19:40:59,6963.39,6970.0,2655.1892,83849.0
19:40:59,6963.39,6975.0,2282.4441,70352.0
19:40:59,6963.39,6980.0,2802.0327,47371.0
19:40:59,6963.39,6985.0,232.3382,32727.0
19:40:59,6963.39,6990.0,411.4474,28482.0
19:40:59,6963.39,6995.0,133.2944,11465.0
19:40:59,6963.39,7000.0,797.2651,23097.0
19:40:59,6963.39,7005.0,43.476,6366.0
19:40:59,6963.39,7010.0,43.6091,6056.0
19:40:59,6963.39,7015.0,21.406,5101.0
19:40:59,6963.39,7020.0,68.3879,6407.0
19:40:59,6963.39,7025.0,77.6927,5118.0
19:40:59,6963.39,7030.0,72.7492,4801.0
19:40:59,6963.39,7035.0,17.5659,2964.0
19:43:09,6965.11,6895.0,90.9916,27077.0
19:43:09,6965.11,6900.0,300.591,65224.0
19:43:09,6965.11,6905.0,321.5665,32721.0
19:43:09,6965.11,6910.0,308.0514,46150.0
19:43:09,6965.11,6915.0,343.77,46127.0
19:43:09,6965.11,6920.0,594.5407,73554.0
19:43:09,6965.11,6925.0,745.7038,62142.0
19:43:09,6965.11,6930.0,692.6499,86369.0
19:43:09,6965.11,6935.0,1370.9364,90987.0
19:43:09,6965.11,6940.0,3202.4158,115217.0
19:43:09,6965.11,6945.0,2694.3186,92408.0
19:43:09,6965.11,6950.0,11909.2037,167494.0
19:43:09,6965.11,6955.0,1567.3945,107357.0
19:43:09,6965.11,6960.0,6929.663,149937.0
19:43:09,6965.11,6965.0,-6760.1555,88620.0
19:43:09,6965.11,6970.0,2603.3811,84719.0
19:43:09,6965.11,6975.0,2283.5718,70670.0
19:43:09,6965.11,6980.0,3062.8586,48003.0
19:43:09,6965.11,6985.0,257.3581,33038.0
19:43:09,6965.11,6990.0,410.9149,28615.0
19:43:09,6965.11,6995.0,135.794,11501.0
19:43:09,6965.11,7000.0,734.4034,23312.0
19:43:09,6965.11,7005.0,39.8679,6395.0
19:43:09,6965.11,7010.0,40.0452,6107.0
19:43:09,6965.11,7015.0,19.7088,5129.0
19:43:09,6965.11,7020.0,63.31,6427.0
19:43:09,6965.11,7025.0,72.0197,5122.0
19:43:09,6965.11,7030.0,67.5594,4801.0
19:43:09,6965.11,7035.0,17.5746,2966.0
19:43:09,6965.11,7040.0,91.3011,4576.0
19:45:20,6964.74,6890.0,109.0078,29638.0
19:45:20,6964.74,6895.0,101.2894,27129.0
19:45:20,6964.74,6900.0,323.6404,65247.0
19:45:20,6964.74,6905.0,344.6059,32728.0
19:45:20,6964.74,6910.0,324.9881,46236.0
19:45:20,6964.74,6915.0,343.7667,46144.0
19:45:20,6964.74,6920.0,570.4771,73647.0
19:45:20,6964.74,6925.0,696.8213,62194.0
19:45:20,6964.74,6930.0,644.2754,86554.0
19:45:20,6964.74,6935.0,1287.803,91081.0
19:45:20,6964.74,6940.0,3140.6247,115621.0
19:45:20,6964.74,6945.0,2723.7528,92770.0
19:45:20,6964.74,6950.0,12141.3689,167908.0
19:45:20,6964.74,6955.0,1597.9423,107817.0
19:45:20,6964.74,6960.0,6925.0182,150664.0
19:45:20,6964.74,6965.0,-7294.2318,89623.0
19:45:20,6964.74,6970.0,2686.4273,85244.0
19:45:20,6964.74,6975.0,2418.3614,71192.0
19:45:20,6964.74,6980.0,3024.7823,48338.0
19:45:20,6964.74,6985.0,253.4382,33233.0
19:45:20,6964.74,6990.0,432.0678,28791.0
19:45:20,6964.74,6995.0,133.4789,11591.0
19:45:20,6964.74,7000.0,799.2753,23491.0
19:45:20,6964.74,7005.0,43.1111,6422.0
19:45:20,6964.74,7010.0,44.001,6137.0
19:45:20,6964.74,7015.0,21.618,5142.0
19:45:20,6964.74,7020.0,69.2862,6519.0
19:45:20,6964.74,7025.0,76.3012,5186.0
19:45:20,6964.74,7030.0,72.2871,4818.0
19:45:20,6964.74,7035.0,18.7604,2969.0
19:47:30,6964.47,6890.0,108.6607,29692.0
19:47:30,6964.47,6895.0,98.2552,27266.0
19:47:30,6964.47,6900.0,315.677,65264.0
19:47:30,6964.47,6905.0,344.5792,32787.0
19:47:30,6964.47,6910.0,326.2704,46253.0
19:47:30,6964.47,6915.0,341.3793,46271.0
19:47:30,6964.47,6920.0,570.612,73681.0
19:47:30,6964.47,6925.0,697.3352,62239.0
19:47:30,6964.47,6930.0,652.2026,86607.0
19:47:30,6964.47,6935.0,1322.6997,91170.0
19:47:30,6964.47,6940.0,3225.4429,115774.0
19:47:30,6964.47,6945.0,2788.6828,93220.0
19:47:30,6964.47,6950.0,12373.8203,168915.0
19:47:30,6964.47,6955.0,1597.8184,108638.0
19:47:30,6964.47,6960.0,6924.4813,151781.0
19:47:30,6964.47,6965.0,-8026.6361,90655.0
19:47:30,6964.47,6970.0,2686.2191,85988.0
19:47:30,6964.47,6975.0,2418.1739,71934.0
19:47:30,6964.47,6980.0,2913.9962,48969.0
19:47:30,6964.47,6985.0,237.6317,33705.0
19:47:30,6964.47,6990.0,419.3854,28834.0
19:47:30,6964.47,6995.0,130.3494,11612.0
19:47:30,6964.47,7000.0,770.5581,23586.0
19:47:30,6964.47,7005.0,41.8228,6428.0
19:47:30,6964.47,7010.0,43.1982,6166.0
19:47:30,6964.47,7015.0,21.1248,5159.0
19:47:30,6964.47,7020.0,67.7725,6536.0
19:47:30,6964.47,7025.0,76.2953,5215.0
19:47:30,6964.47,7030.0,69.0257,4841.0
19:47:30,6964.47,7035.0,18.0697,2970.0
19:49:40,6964.32,6890.0,108.656,29692.0
19:49:40,6964.32,6895.0,98.251,27266.0
19:49:40,6964.32,6900.0,315.6634,65264.0
19:49:40,6964.32,6905.0,344.5643,32824.0
19:49:40,6964.32,6910.0,326.2563,46253.0
19:49:40,6964.32,6915.0,341.3155,46277.0
19:49:40,6964.32,6920.0,570.7686,73792.0
19:49:40,6964.32,6925.0,697.8071,62290.0
19:49:40,6964.32,6930.0,652.5297,86832.0
19:49:40,6964.32,6935.0,1259.9762,91302.0
19:49:40,6964.32,6940.0,3225.304,115925.0
19:49:40,6964.32,6945.0,2788.5626,93349.0
19:49:40,6964.32,6950.0,12373.2873,169594.0
19:49:40,6964.32,6955.0,1634.2999,108929.0
19:49:40,6964.32,6960.0,7065.1956,152593.0
19:49:40,6964.32,6965.0,-8258.7777,91373.0
19:49:40,6964.32,6970.0,2713.4434,86394.0
19:49:40,6964.32,6975.0,2356.5378,72289.0
19:49:40,6964.32,6980.0,2913.8707,49401.0
19:49:40,6964.32,6985.0,237.6214,33944.0
19:49:40,6964.32,6990.0,410.6473,28881.0
19:49:40,6964.32,6995.0,130.3438,11651.0
19:49:40,6964.32,7000.0,770.3516,23675.0
19:49:40,6964.32,7005.0,41.821,6449.0
19:49:40,6964.32,7010.0,43.1963,6166.0
19:49:40,6964.32,7015.0,21.1239,5167.0
19:49:40,6964.32,7020.0,67.7696,6536.0
19:49:40,6964.32,7025.0,76.292,5215.0
19:49:40,6964.32,7030.0,69.0227,4841.0
19:49:40,6964.32,7035.0,18.0689,2970.0
