Timestamp,Spot,Strike,NetGEX,Volume
00:13:32,6581.0,6510.0,-78.1217,1870.0
00:13:32,6581.0,6515.0,-76.8605,1786.0
00:13:32,6581.0,6520.0,-68.8741,1988.0
00:13:32,6581.0,6525.0,-56.0273,3523.0
00:13:32,6581.0,6530.0,-100.6003,2304.0
00:13:32,6581.0,6535.0,-23.5481,1390.0
00:13:32,6581.0,6540.0,-35.9673,1927.0
00:13:32,6581.0,6545.0,-6.1694,1593.0
00:13:32,6581.0,6550.0,27.5954,7993.0
00:13:32,6581.0,6555.0,2.0943,1284.0
00:13:32,6581.0,6560.0,-1.0536,2475.0
00:13:32,6581.0,6565.0,-4.4623,1358.0
00:13:32,6581.0,6570.0,-15.8139,2415.0
00:13:32,6581.0,6575.0,-18.4738,3305.0
00:13:32,6581.0,6580.0,-22.0844,4173.0
00:13:32,6581.0,6585.0,-75.0846,3186.0
00:13:32,6581.0,6590.0,-138.1946,3733.0
00:13:32,6581.0,6595.0,-1.341,3153.0
00:13:32,6581.0,6600.0,-61.2386,10972.0
00:13:32,6581.0,6605.0,-5.3691,3557.0
00:13:32,6581.0,6610.0,38.3113,3603.0
00:13:32,6581.0,6615.0,10.6002,2810.0
00:13:32,6581.0,6620.0,7.671,4223.0
00:13:32,6581.0,6625.0,-0.5524,4456.0
00:13:32,6581.0,6630.0,-0.9022,3527.0
00:13:32,6581.0,6635.0,25.4725,2992.0
00:13:32,6581.0,6640.0,7.1649,3908.0
00:13:32,6581.0,6645.0,9.7013,2657.0
00:13:32,6581.0,6650.0,3.1364,9108.0
00:13:32,6581.0,6655.0,31.2761,3767.0
00:31:01,6581.0,6510.0,-78.1217,0.0
00:31:01,6581.0,6515.0,-76.8605,0.0
00:31:01,6581.0,6520.0,-68.8741,0.0
00:31:01,6581.0,6525.0,-56.0273,0.0
00:31:01,6581.0,6530.0,-100.6003,2160.0
00:31:01,6581.0,6535.0,-23.5481,1240.0
00:31:01,6581.0,6540.0,-35.9673,1565.0
00:31:01,6581.0,6545.0,-6.1694,1320.0
00:31:01,6581.0,6550.0,27.5954,6985.0
00:31:01,6581.0,6555.0,2.0943,1059.0
00:31:01,6581.0,6560.0,-1.0536,1759.0
00:31:01,6581.0,6565.0,-4.4623,1083.0
00:31:01,6581.0,6570.0,-15.8139,1764.0
00:31:01,6581.0,6575.0,-18.4738,2253.0
00:31:01,6581.0,6580.0,-22.0844,2546.0
00:31:01,6581.0,6585.0,-75.0846,1954.0
00:31:01,6581.0,6590.0,-138.1946,2142.0
00:31:01,6581.0,6595.0,-1.341,1902.0
00:31:01,6581.0,6600.0,-61.2386,5619.0
00:31:01,6581.0,6605.0,-5.3691,1415.0
00:31:01,6581.0,6610.0,38.3113,1537.0
00:31:01,6581.0,6615.0,10.6002,1175.0
00:31:01,6581.0,6620.0,7.671,2246.0
00:31:01,6581.0,6625.0,-0.5524,1716.0
00:31:01,6581.0,6630.0,-0.9022,1472.0
00:31:01,6581.0,6635.0,25.4725,944.0
00:31:01,6581.0,6640.0,7.1649,828.0
00:31:01,6581.0,6645.0,9.7013,655.0
00:31:01,6581.0,6650.0,3.1364,1238.0
00:31:01,6581.0,6655.0,31.2761,199.0
00:40:27,6581.0,6510.0,-78.1217,0.0
00:40:27,6581.0,6515.0,-76.8605,0.0
00:40:27,6581.0,6520.0,-68.8741,0.0
00:40:27,6581.0,6525.0,-56.0273,0.0
00:40:27,6581.0,6530.0,-100.6003,2160.0
00:40:27,6581.0,6535.0,-23.5481,1240.0
00:40:27,6581.0,6540.0,-35.9673,1565.0
00:40:27,6581.0,6545.0,-6.1694,1320.0
00:40:27,6581.0,6550.0,27.5954,6985.0
00:40:27,6581.0,6555.0,2.0943,1059.0
00:40:27,6581.0,6560.0,-1.0536,1759.0
00:40:27,6581.0,6565.0,-4.4623,1083.0
00:40:27,6581.0,6570.0,-15.8139,1764.0
00:40:27,6581.0,6575.0,-18.566,2253.0
00:40:27,6581.0,6580.0,-22.0886,2546.0
00:40:27,6581.0,6585.0,-74.8808,1954.0
00:40:27,6581.0,6590.0,-137.1437,2142.0
00:40:27,6581.0,6595.0,-1.341,1902.0
00:40:27,6581.0,6600.0,-61.2386,10972.0
00:40:27,6581.0,6605.0,-5.3691,3557.0
00:40:27,6581.0,6610.0,38.3113,1537.0
00:40:27,6581.0,6615.0,10.6002,1175.0
00:40:27,6581.0,6620.0,7.671,2246.0
00:40:27,6581.0,6625.0,-0.5524,1716.0
00:40:27,6581.0,6630.0,-0.9022,1472.0
00:40:27,6581.0,6635.0,25.4725,944.0
00:40:27,6581.0,6640.0,7.1649,828.0
00:40:27,6581.0,6645.0,9.7013,655.0
00:40:27,6581.0,6650.0,3.1364,1238.0
00:40:27,6581.0,6655.0,31.2761,199.0
00:48:46,6581.0,6510.0,-78.1217,0.0
00:48:46,6581.0,6515.0,-76.8605,0.0
00:48:46,6581.0,6520.0,-68.8741,0.0
00:48:46,6581.0,6525.0,-56.0273,0.0
00:48:46,6581.0,6530.0,-100.6003,0.0
00:48:46,6581.0,6535.0,-23.5481,0.0
00:48:46,6581.0,6540.0,-35.9673,0.0
00:48:46,6581.0,6545.0,-6.1694,0.0
00:48:46,6581.0,6550.0,27.5954,0.0
00:48:46,6581.0,6555.0,2.0943,0.0
00:48:46,6581.0,6560.0,-1.0536,0.0
00:48:46,6581.0,6565.0,-4.4623,0.0
00:48:46,6581.0,6570.0,-15.8139,0.0
00:48:46,6581.0,6575.0,-18.566,0.0
00:48:46,6581.0,6580.0,-22.0886,0.0
00:48:46,6581.0,6585.0,-74.8808,0.0
00:48:46,6581.0,6590.0,-137.1437,0.0
00:48:46,6581.0,6595.0,-1.341,0.0
00:48:46,6581.0,6600.0,-61.2386,0.0
00:48:46,6581.0,6605.0,-5.3691,0.0
00:48:46,6581.0,6610.0,38.3113,0.0
00:48:46,6581.0,6615.0,10.6002,0.0
00:48:46,6581.0,6620.0,7.671,0.0
00:48:46,6581.0,6625.0,-0.5524,0.0
00:48:46,6581.0,6630.0,-0.9022,0.0
00:48:46,6581.0,6635.0,25.4725,0.0
00:48:46,6581.0,6640.0,7.1649,0.0
00:48:46,6581.0,6645.0,9.7013,0.0
00:48:46,6581.0,6650.0,3.1364,0.0
00:48:46,6581.0,6655.0,31.2761,0.0
00:50:55,6581.0,6510.0,-78.1217,0.0
00:50:55,6581.0,6515.0,-76.8605,0.0
00:50:55,6581.0,6520.0,-68.8741,0.0
00:50:55,6581.0,6525.0,-56.0273,0.0
00:50:55,6581.0,6530.0,-100.6003,0.0
00:50:55,6581.0,6535.0,-23.5481,0.0
00:50:55,6581.0,6540.0,-35.9673,0.0
00:50:55,6581.0,6545.0,-6.1694,0.0
00:50:55,6581.0,6550.0,27.5954,0.0
00:50:55,6581.0,6555.0,2.0943,0.0
00:50:55,6581.0,6560.0,-1.0536,0.0
00:50:55,6581.0,6565.0,-4.4623,0.0
00:50:55,6581.0,6570.0,-15.8139,0.0
00:50:55,6581.0,6575.0,-18.566,0.0
00:50:55,6581.0,6580.0,-22.0886,0.0
00:50:55,6581.0,6585.0,-74.8808,0.0
00:50:55,6581.0,6590.0,-137.1437,0.0
00:50:55,6581.0,6595.0,-1.341,0.0
00:50:55,6581.0,6600.0,-61.2386,0.0
00:50:55,6581.0,6605.0,-5.3691,0.0
00:50:55,6581.0,6610.0,38.3113,0.0
00:50:55,6581.0,6615.0,10.6002,0.0
00:50:55,6581.0,6620.0,7.671,0.0
00:50:55,6581.0,6625.0,-0.5524,0.0
00:50:55,6581.0,6630.0,-0.9022,0.0
00:50:55,6581.0,6635.0,25.4725,0.0
00:50:55,6581.0,6640.0,7.1649,0.0
00:50:55,6581.0,6645.0,9.7013,0.0
00:50:55,6581.0,6650.0,3.1364,0.0
00:50:55,6581.0,6655.0,31.2761,0.0
01:06:38,6581.0,6510.0,-78.1217,0.0
01:06:38,6581.0,6515.0,-76.8605,0.0
01:06:38,6581.0,6520.0,-68.8741,0.0
01:06:38,6581.0,6525.0,-56.0273,0.0
01:06:38,6581.0,6530.0,-100.6003,0.0
01:06:38,6581.0,6535.0,-23.5481,0.0
01:06:38,6581.0,6540.0,-35.9673,0.0
01:06:38,6581.0,6545.0,-6.1694,0.0
01:06:38,6581.0,6550.0,27.5954,0.0
01:06:38,6581.0,6555.0,2.0943,0.0
01:06:38,6581.0,6560.0,-1.0536,0.0
01:06:38,6581.0,6565.0,-4.4623,0.0
01:06:38,6581.0,6570.0,-15.8139,0.0
01:06:38,6581.0,6575.0,-18.566,0.0
01:06:38,6581.0,6580.0,-22.0886,0.0
01:06:38,6581.0,6585.0,-74.8808,0.0
01:06:38,6581.0,6590.0,-137.1437,0.0
01:06:38,6581.0,6595.0,-1.341,0.0
01:06:38,6581.0,6600.0,-61.2386,0.0
01:06:38,6581.0,6605.0,-5.3691,0.0
01:06:38,6581.0,6610.0,38.3113,0.0
01:06:38,6581.0,6615.0,10.6002,0.0
01:06:38,6581.0,6620.0,7.671,0.0
01:06:38,6581.0,6625.0,-0.5524,0.0
01:06:38,6581.0,6630.0,-0.9022,0.0
01:06:38,6581.0,6635.0,25.4725,0.0
01:06:38,6581.0,6640.0,7.1649,0.0
01:06:38,6581.0,6645.0,9.7013,0.0
01:06:38,6581.0,6650.0,3.1364,0.0
01:06:38,6581.0,6655.0,31.2761,0.0
01:08:48,6581.0,6510.0,-78.1217,0.0
01:08:48,6581.0,6515.0,-76.8605,0.0
01:08:48,6581.0,6520.0,-68.8741,0.0
01:08:48,6581.0,6525.0,-56.0273,0.0
01:08:48,6581.0,6530.0,-100.6003,0.0
01:08:48,6581.0,6535.0,-23.5481,0.0
01:08:48,6581.0,6540.0,-35.9673,0.0
01:08:48,6581.0,6545.0,-6.1694,0.0
01:08:48,6581.0,6550.0,27.5954,0.0
01:08:48,6581.0,6555.0,2.0943,0.0
01:08:48,6581.0,6560.0,-1.0536,0.0
01:08:48,6581.0,6565.0,-4.4623,0.0
01:08:48,6581.0,6570.0,-15.8139,0.0
01:08:48,6581.0,6575.0,-18.566,0.0
01:08:48,6581.0,6580.0,-22.0886,0.0
01:08:48,6581.0,6585.0,-74.8808,0.0
01:08:48,6581.0,6590.0,-137.1437,0.0
01:08:48,6581.0,6595.0,-1.341,0.0
01:08:48,6581.0,6600.0,-61.2386,0.0
01:08:48,6581.0,6605.0,-5.3691,0.0
01:08:48,6581.0,6610.0,38.3113,0.0
01:08:48,6581.0,6615.0,10.6002,0.0
01:08:48,6581.0,6620.0,7.671,0.0
01:08:48,6581.0,6625.0,-0.5524,0.0
01:08:48,6581.0,6630.0,-0.9022,0.0
01:08:48,6581.0,6635.0,25.4725,0.0
01:08:48,6581.0,6640.0,7.1649,0.0
01:08:48,6581.0,6645.0,9.7013,0.0
01:08:48,6581.0,6650.0,3.1364,0.0
01:08:48,6581.0,6655.0,31.2761,0.0
01:25:39,6581.0,6510.0,-78.6497,7.0
01:25:39,6581.0,6515.0,-76.8002,5.0
01:25:39,6581.0,6520.0,-70.3191,5.0
01:25:39,6581.0,6525.0,-56.9795,43.0
01:25:39,6581.0,6530.0,-102.5973,66.0
01:25:39,6581.0,6535.0,-25.4664,107.0
01:25:39,6581.0,6540.0,-37.6892,18.0
01:25:39,6581.0,6545.0,-6.4196,3.0
01:25:39,6581.0,6550.0,23.2588,45.0
01:25:39,6581.0,6555.0,2.1468,12.0
01:25:39,6581.0,6560.0,-1.0679,24.0
01:25:39,6581.0,6565.0,-4.5058,20.0
01:25:39,6581.0,6570.0,-16.0933,81.0
01:25:39,6581.0,6575.0,-18.3354,9.0
01:25:39,6581.0,6580.0,-21.7302,49.0
01:25:39,6581.0,6585.0,-73.2129,15.0
01:25:39,6581.0,6590.0,-133.4876,12.0
01:25:39,6581.0,6595.0,-1.2828,9.0
01:25:39,6581.0,6600.0,-58.0044,29.0
01:25:39,6581.0,6605.0,-5.0356,27.0
01:25:39,6581.0,6610.0,36.1642,22.0
01:25:39,6581.0,6615.0,7.4387,5.0
01:25:39,6581.0,6620.0,6.9891,17.0
01:25:39,6581.0,6625.0,-14.2582,25.0
01:25:39,6581.0,6630.0,-2.6586,10.0
01:25:39,6581.0,6635.0,23.4032,21.0
01:25:39,6581.0,6640.0,3.9548,54.0
01:25:39,6581.0,6645.0,8.2921,3.0
01:25:39,6581.0,6650.0,3.1139,18.0
01:25:39,6581.0,6655.0,31.2761,3.0
01:27:49,6581.0,6510.0,-78.2324,9.0
01:27:49,6581.0,6515.0,-76.7814,6.0
01:27:49,6581.0,6520.0,-70.3191,6.0
01:27:49,6581.0,6525.0,-55.7076,45.0
01:27:49,6581.0,6530.0,-99.2724,85.0
01:27:49,6581.0,6535.0,-23.953,105.0
01:27:49,6581.0,6540.0,-36.8304,20.0
01:27:49,6581.0,6545.0,-6.2872,3.0
01:27:49,6581.0,6550.0,22.8307,64.0
01:27:49,6581.0,6555.0,2.9326,17.0
01:27:49,6581.0,6560.0,-1.0535,25.0
01:27:49,6581.0,6565.0,-4.458,26.0
01:27:49,6581.0,6570.0,-16.958,112.0
01:27:49,6581.0,6575.0,-18.263,11.0
01:27:49,6581.0,6580.0,-21.7284,64.0
01:27:49,6581.0,6585.0,-73.5128,16.0
01:27:49,6581.0,6590.0,-134.6251,12.0
01:27:49,6581.0,6595.0,-1.2996,9.0
01:27:49,6581.0,6600.0,-59.0325,32.0
01:27:49,6581.0,6605.0,-5.1477,43.0
01:27:49,6581.0,6610.0,37.1308,22.0
01:27:49,6581.0,6615.0,10.0551,6.0
01:27:49,6581.0,6620.0,7.2355,19.0
01:27:49,6581.0,6625.0,-0.5184,27.0
01:27:49,6581.0,6630.0,-0.8073,12.0
01:27:49,6581.0,6635.0,24.7134,22.0
01:27:49,6581.0,6640.0,6.9637,76.0
01:27:49,6581.0,6645.0,9.4453,9.0
01:27:49,6581.0,6650.0,3.0642,20.0
01:27:49,6581.0,6655.0,30.5821,4.0
01:29:58,6581.0,6510.0,-80.4011,9.0
01:29:58,6581.0,6515.0,-78.7643,7.0
01:29:58,6581.0,6520.0,-70.284,6.0
01:29:58,6581.0,6525.0,-56.9458,45.0
01:29:58,6581.0,6530.0,-99.8001,89.0
01:29:58,6581.0,6535.0,-24.2393,108.0
01:29:58,6581.0,6540.0,-36.8304,19.0
01:29:58,6581.0,6545.0,-6.2872,3.0
01:29:58,6581.0,6550.0,23.1419,61.0
01:29:58,6581.0,6555.0,2.9674,17.0
01:29:58,6581.0,6560.0,-1.0641,25.0
01:29:58,6581.0,6565.0,-4.4941,26.0
01:29:58,6581.0,6570.0,-15.8135,111.0
01:29:58,6581.0,6575.0,-18.3316,12.0
01:29:58,6581.0,6580.0,-21.7571,65.0
01:29:58,6581.0,6585.0,-73.4179,16.0
01:29:58,6581.0,6590.0,-134.0818,13.0
01:29:58,6581.0,6595.0,-1.2907,9.0
01:29:58,6581.0,6600.0,-58.4583,32.0
01:29:58,6581.0,6605.0,-5.0828,43.0
01:29:58,6581.0,6610.0,36.5568,22.0
01:29:58,6581.0,6615.0,9.8707,7.0
01:29:58,6581.0,6620.0,7.2355,19.0
01:29:58,6581.0,6625.0,-0.5184,27.0
01:29:58,6581.0,6630.0,-0.8426,12.0
01:29:58,6581.0,6635.0,24.7134,23.0
01:29:58,6581.0,6640.0,6.7246,77.0
01:29:58,6581.0,6645.0,9.0865,9.0
01:29:58,6581.0,6650.0,2.9362,23.0
01:29:58,6581.0,6655.0,29.1841,4.0
01:32:08,6581.0,6510.0,-80.4011,9.0
01:32:08,6581.0,6515.0,-78.7643,8.0
01:32:08,6581.0,6520.0,-70.284,6.0
01:32:08,6581.0,6525.0,-57.3728,45.0
01:32:08,6581.0,6530.0,-100.0097,91.0
01:32:08,6581.0,6535.0,-24.2949,109.0
01:32:08,6581.0,6540.0,-36.9225,23.0
01:32:08,6581.0,6545.0,-6.3573,4.0
01:32:08,6581.0,6550.0,23.1419,62.0
01:32:08,6581.0,6555.0,2.9674,20.0
01:32:08,6581.0,6560.0,-1.0641,28.0
01:32:08,6581.0,6565.0,-4.4941,31.0
01:32:08,6581.0,6570.0,-15.9625,112.0
01:32:08,6581.0,6575.0,-18.2774,15.0
01:32:08,6581.0,6580.0,-21.7276,70.0
01:32:08,6581.0,6585.0,-73.5289,16.0
01:32:08,6581.0,6590.0,-134.8559,13.0
01:32:08,6581.0,6595.0,-1.2907,11.0
01:32:08,6581.0,6600.0,-58.4583,36.0
01:32:08,6581.0,6605.0,-5.0828,45.0
01:32:08,6581.0,6610.0,36.5568,22.0
01:32:08,6581.0,6615.0,9.8707,10.0
01:32:08,6581.0,6620.0,7.2788,20.0
01:32:08,6581.0,6625.0,-0.5208,27.0
01:32:08,6581.0,6630.0,-0.8457,13.0
01:32:08,6581.0,6635.0,24.7134,23.0
01:32:08,6581.0,6640.0,6.7246,77.0
01:32:08,6581.0,6645.0,9.0865,12.0
01:32:08,6581.0,6650.0,2.9362,23.0
01:32:08,6581.0,6655.0,29.1841,4.0
01:34:18,6581.0,6510.0,-81.4937,9.0
01:34:18,6581.0,6515.0,-79.8286,12.0
01:34:18,6581.0,6520.0,-68.6724,6.0
01:34:18,6581.0,6525.0,-57.4496,46.0
01:34:18,6581.0,6530.0,-102.6133,92.0
01:34:18,6581.0,6535.0,-24.2949,110.0
01:34:18,6581.0,6540.0,-36.3232,23.0
01:34:18,6581.0,6545.0,-5.9848,4.0
01:34:18,6581.0,6550.0,23.551,65.0
01:34:18,6581.0,6555.0,3.0097,27.0
01:34:18,6581.0,6560.0,-1.072,29.0
01:34:18,6581.0,6565.0,-4.4791,35.0
01:34:18,6581.0,6570.0,-15.8806,115.0
01:34:18,6581.0,6575.0,-18.2781,16.0
01:34:18,6581.0,6580.0,-21.6688,71.0
01:34:18,6581.0,6585.0,-73.0399,27.0
01:34:18,6581.0,6590.0,-133.2599,30.0
01:34:18,6581.0,6595.0,-1.0752,11.0
01:34:18,6581.0,6600.0,-59.3499,34.0
01:34:18,6581.0,6605.0,-5.0397,48.0
01:34:18,6581.0,6610.0,36.8022,22.0
01:34:18,6581.0,6615.0,9.7697,13.0
01:34:18,6581.0,6620.0,8.7831,20.0
01:34:18,6581.0,6625.0,-0.4988,28.0
01:34:18,6581.0,6630.0,0.4227,15.0
01:34:18,6581.0,6635.0,23.5079,23.0
01:34:18,6581.0,6640.0,6.5833,78.0
01:34:18,6581.0,6645.0,8.8734,15.0
01:34:18,6581.0,6650.0,2.8605,24.0
01:34:18,6581.0,6655.0,28.3735,4.0
01:51:42,6581.0,6510.0,-88.918,12.0
01:51:42,6581.0,6515.0,-86.7833,19.0
01:51:42,6581.0,6520.0,-77.1322,167.0
01:51:42,6581.0,6525.0,-62.193,53.0
01:51:42,6581.0,6530.0,-110.6569,120.0
01:51:42,6581.0,6535.0,-26.6812,121.0
01:51:42,6581.0,6540.0,-40.2252,36.0
01:51:42,6581.0,6545.0,-6.4061,14.0
01:51:42,6581.0,6550.0,23.1964,138.0
01:51:42,6581.0,6555.0,2.9711,34.0
01:51:42,6581.0,6560.0,-1.0643,46.0
01:51:42,6581.0,6565.0,-4.4908,77.0
01:51:42,6581.0,6570.0,-17.2401,143.0
01:51:42,6581.0,6575.0,-18.6476,25.0
01:51:42,6581.0,6580.0,-21.9407,148.0
01:51:42,6581.0,6585.0,-73.3885,46.0
01:51:42,6581.0,6590.0,-133.2599,50.0
01:51:42,6581.0,6595.0,-1.2817,21.0
01:51:42,6581.0,6600.0,-58.004,86.0
01:51:42,6581.0,6605.0,-5.0397,105.0
01:51:42,6581.0,6610.0,36.2208,54.0
01:51:42,6581.0,6615.0,9.7697,33.0
01:51:42,6581.0,6620.0,8.9891,39.0
01:51:42,6581.0,6625.0,-0.4685,224.0
01:51:42,6581.0,6630.0,-0.7512,24.0
01:51:42,6581.0,6635.0,21.7251,25.0
01:51:42,6581.0,6640.0,6.0337,153.0
01:51:42,6581.0,6645.0,9.9966,40.0
01:51:42,6581.0,6650.0,2.5772,43.0
01:51:42,6581.0,6655.0,24.1407,40.0
02:08:25,6581.0,6510.0,-88.918,13.0
02:08:25,6581.0,6515.0,-86.7833,22.0
02:08:25,6581.0,6520.0,-77.1322,217.0
02:08:25,6581.0,6525.0,-62.193,63.0
02:08:25,6581.0,6530.0,-110.6569,160.0
02:08:25,6581.0,6535.0,-26.6812,138.0
02:08:25,6581.0,6540.0,-40.2252,49.0
02:08:25,6581.0,6545.0,-6.4061,28.0
02:08:25,6581.0,6550.0,25.1968,151.0
02:08:25,6581.0,6555.0,0.7609,41.0
02:08:25,6581.0,6560.0,-1.0643,76.0
02:08:25,6581.0,6565.0,-4.4908,87.0
02:08:25,6581.0,6570.0,-17.2401,156.0
02:08:25,6581.0,6575.0,-18.6476,39.0
02:08:25,6581.0,6580.0,-21.9407,161.0
02:08:25,6581.0,6585.0,-73.3885,77.0
02:08:25,6581.0,6590.0,-133.2599,64.0
02:08:25,6581.0,6595.0,-1.2817,26.0
02:08:25,6581.0,6600.0,-58.004,104.0
02:08:25,6581.0,6605.0,-5.0397,105.0
02:08:25,6581.0,6610.0,32.4192,70.0
02:08:25,6581.0,6615.0,5.7384,49.0
02:08:25,6581.0,6620.0,8.9891,42.0
02:08:25,6581.0,6625.0,-0.4685,296.0
02:08:25,6581.0,6630.0,-0.7512,48.0
02:08:25,6581.0,6635.0,21.7251,27.0
02:08:25,6581.0,6640.0,6.0337,159.0
02:08:25,6581.0,6645.0,9.9966,52.0
02:08:25,6581.0,6650.0,2.5772,72.0
02:08:25,6581.0,6655.0,24.1407,42.0
02:25:19,6581.0,6510.0,-96.4377,23.0
02:25:19,6581.0,6515.0,-93.5632,31.0
02:25:19,6581.0,6520.0,-81.4551,222.0
02:25:19,6581.0,6525.0,-65.0805,74.0
02:25:19,6581.0,6530.0,-115.8106,186.0
02:25:19,6581.0,6535.0,-27.8019,136.0
02:25:19,6581.0,6540.0,-41.7297,51.0
02:25:19,6581.0,6545.0,-7.0482,61.0
02:25:19,6581.0,6550.0,25.255,168.0
02:25:19,6581.0,6555.0,3.1891,82.0
02:25:19,6581.0,6560.0,-1.1285,86.0
02:25:19,6581.0,6565.0,-4.7007,95.0
02:25:19,6581.0,6570.0,-16.3064,162.0
02:25:19,6581.0,6575.0,-18.6476,40.0
02:25:19,6581.0,6580.0,-21.9407,186.0
02:25:19,6581.0,6585.0,-71.2974,94.0
02:25:19,6581.0,6590.0,-128.6816,77.0
02:25:19,6581.0,6595.0,-1.2333,30.0
02:25:19,6581.0,6600.0,-54.9627,148.0
02:25:19,6581.0,6605.0,-4.7009,107.0
02:25:19,6581.0,6610.0,33.2475,78.0
02:25:19,6581.0,6615.0,8.8256,94.0
02:25:19,6581.0,6620.0,6.2906,45.0
02:25:19,6581.0,6625.0,-0.4367,300.0
02:25:19,6581.0,6630.0,-0.6949,52.0
02:25:19,6581.0,6635.0,19.9461,32.0
02:25:19,6581.0,6640.0,5.4989,179.0
02:25:19,6581.0,6645.0,7.0153,55.0
02:25:19,6581.0,6650.0,2.2209,131.0
02:25:19,6581.0,6655.0,21.6317,68.0
02:42:41,6581.0,6510.0,-96.4377,20.0
02:42:41,6581.0,6515.0,-93.5632,34.0
02:42:41,6581.0,6520.0,-81.4551,232.0
02:42:41,6581.0,6525.0,-67.3063,77.0
02:42:41,6581.0,6530.0,-115.8106,189.0
02:42:41,6581.0,6535.0,-27.8019,149.0
02:42:41,6581.0,6540.0,-41.7297,64.0
02:42:41,6581.0,6545.0,-7.0482,62.0
02:42:41,6581.0,6550.0,25.4071,195.0
02:42:41,6581.0,6555.0,3.2094,103.0
02:42:41,6581.0,6560.0,-1.1331,94.0
02:42:41,6581.0,6565.0,-4.7094,117.0
02:42:41,6581.0,6570.0,-16.299,195.0
02:42:41,6581.0,6575.0,-18.6476,42.0
02:42:41,6581.0,6580.0,-21.9407,205.0
02:42:41,6581.0,6585.0,-71.2974,117.0
02:42:41,6581.0,6590.0,-119.1343,80.0
02:42:41,6581.0,6595.0,-1.1643,33.0
02:42:41,6581.0,6600.0,-54.0145,194.0
02:42:41,6581.0,6605.0,-4.6034,108.0
02:42:41,6581.0,6610.0,32.4353,81.0
02:42:41,6581.0,6615.0,7.8954,105.0
02:42:41,6581.0,6620.0,6.2906,67.0
02:42:41,6581.0,6625.0,-0.4367,307.0
02:42:41,6581.0,6630.0,-0.6949,69.0
02:42:41,6581.0,6635.0,19.9461,35.0
02:42:41,6581.0,6640.0,1.688,188.0
02:42:41,6581.0,6645.0,7.0153,57.0
02:42:41,6581.0,6650.0,2.2209,238.0
02:42:41,6581.0,6655.0,21.6317,116.0
02:59:00,6581.0,6510.0,-97.5739,24.0
02:59:00,6581.0,6515.0,-94.3107,39.0
02:59:00,6581.0,6520.0,-82.9959,265.0
02:59:00,6581.0,6525.0,-66.2801,93.0
02:59:00,6581.0,6530.0,-116.7593,204.0
02:59:00,6581.0,6535.0,-27.8699,157.0
02:59:00,6581.0,6540.0,-41.5915,85.0
02:59:00,6581.0,6545.0,-6.9694,76.0
02:59:00,6581.0,6550.0,24.8287,372.0
02:59:00,6581.0,6555.0,3.127,125.0
02:59:00,6581.0,6560.0,-1.1008,113.0
02:59:00,6581.0,6565.0,-4.5621,126.0
02:59:00,6581.0,6570.0,-15.7458,201.0
02:59:00,6581.0,6575.0,-18.7402,59.0
02:59:00,6581.0,6580.0,-20.8203,216.0
02:59:00,6581.0,6585.0,-69.2204,125.0
02:59:00,6581.0,6590.0,-118.3628,89.0
02:59:00,6581.0,6595.0,-1.1611,37.0
02:59:00,6581.0,6600.0,-51.483,234.0
02:59:00,6581.0,6605.0,-4.3811,112.0
02:59:00,6581.0,6610.0,30.8322,90.0
02:59:00,6581.0,6615.0,8.1442,120.0
02:59:00,6581.0,6620.0,5.7148,119.0
02:59:00,6581.0,6625.0,-0.3992,415.0
02:59:00,6581.0,6630.0,-0.6324,92.0
02:59:00,6581.0,6635.0,18.0807,48.0
02:59:00,6581.0,6640.0,4.9662,199.0
02:59:00,6581.0,6645.0,6.5679,80.0
02:59:00,6581.0,6650.0,2.1416,281.0
02:59:00,6581.0,6655.0,20.9071,123.0
03:15:07,6581.0,6510.0,-97.937,28.0
03:15:07,6581.0,6515.0,-94.6372,41.0
03:15:07,6581.0,6520.0,-83.2452,266.0
03:15:07,6581.0,6525.0,-66.2197,105.0
03:15:07,6581.0,6530.0,-116.9903,205.0
03:15:07,6581.0,6535.0,-27.9129,168.0
03:15:07,6581.0,6540.0,-41.6393,96.0
03:15:07,6581.0,6545.0,-6.975,79.0
03:15:07,6581.0,6550.0,24.8419,383.0
03:15:07,6581.0,6555.0,3.1151,125.0
03:15:07,6581.0,6560.0,-1.1008,119.0
03:15:07,6581.0,6565.0,-4.5621,136.0
03:15:07,6581.0,6570.0,-15.7458,210.0
03:15:07,6581.0,6575.0,-17.9195,58.0
03:15:07,6581.0,6580.0,-20.7723,218.0
03:15:07,6581.0,6585.0,-69.2737,131.0
03:15:07,6581.0,6590.0,-122.9696,93.0
03:15:07,6581.0,6595.0,-1.2755,41.0
03:15:07,6581.0,6600.0,-50.9915,269.0
03:15:07,6581.0,6605.0,-4.276,108.0
03:15:07,6581.0,6610.0,31.0165,91.0
03:15:07,6581.0,6615.0,8.1954,131.0
03:15:07,6581.0,6620.0,5.7512,116.0
03:15:07,6581.0,6625.0,-0.4017,434.0
03:15:07,6581.0,6630.0,-0.6361,111.0
03:15:07,6581.0,6635.0,18.1716,62.0
03:15:07,6581.0,6640.0,4.8201,217.0
03:15:07,6581.0,6645.0,6.3525,96.0
03:15:07,6581.0,6650.0,2.0818,313.0
03:15:07,6581.0,6655.0,20.0028,142.0
03:32:56,6581.0,6510.0,-97.3873,28.0
03:32:56,6581.0,6515.0,-94.3443,48.0
03:32:56,6581.0,6520.0,-83.2452,270.0
03:32:56,6581.0,6525.0,-65.9728,110.0
03:32:56,6581.0,6530.0,-117.6678,215.0
03:32:56,6581.0,6535.0,-28.1132,175.0
03:32:56,6581.0,6540.0,-41.8186,112.0
03:32:56,6581.0,6545.0,-6.975,106.0
03:32:56,6581.0,6550.0,24.8419,421.0
03:32:56,6581.0,6555.0,3.1151,126.0
03:32:56,6581.0,6560.0,-1.1008,128.0
03:32:56,6581.0,6565.0,-4.5621,168.0
03:32:56,6581.0,6570.0,-15.7458,216.0
03:32:56,6581.0,6575.0,-17.9195,61.0
03:32:56,6581.0,6580.0,-21.5648,229.0
03:32:56,6581.0,6585.0,-71.5249,153.0
03:32:56,6581.0,6590.0,-122.9696,96.0
03:32:56,6581.0,6595.0,-1.2755,49.0
03:32:56,6581.0,6600.0,-50.9915,353.0
03:32:56,6581.0,6605.0,-4.276,191.0
03:32:56,6581.0,6610.0,31.0165,93.0
03:32:56,6581.0,6615.0,8.1954,137.0
03:32:56,6581.0,6620.0,4.5313,192.0
03:32:56,6581.0,6625.0,-0.4187,445.0
03:32:56,6581.0,6630.0,-0.6619,143.0
03:32:56,6581.0,6635.0,18.9145,71.0
03:32:56,6581.0,6640.0,5.1895,223.0
03:32:56,6581.0,6645.0,6.8493,180.0
03:32:56,6581.0,6650.0,2.1638,347.0
03:32:56,6581.0,6655.0,21.0184,150.0
03:50:24,6581.0,6510.0,-94.5809,30.0
03:50:24,6581.0,6515.0,-91.9458,52.0
03:50:24,6581.0,6520.0,-83.2169,271.0
03:50:24,6581.0,6525.0,-64.8453,113.0
03:50:24,6581.0,6530.0,-115.672,221.0
03:50:24,6581.0,6535.0,-27.7599,175.0
03:50:24,6581.0,6540.0,-41.6499,115.0
03:50:24,6581.0,6545.0,-7.0153,114.0
03:50:24,6581.0,6550.0,25.1143,435.0
03:50:24,6581.0,6555.0,2.5932,132.0
03:50:24,6581.0,6560.0,-1.1008,135.0
03:50:24,6581.0,6565.0,-4.5621,170.0
03:50:24,6581.0,6570.0,-17.3394,219.0
03:50:24,6581.0,6575.0,-17.9195,61.0
03:50:24,6581.0,6580.0,-21.8045,229.0
03:50:24,6581.0,6585.0,-71.5249,154.0
03:50:24,6581.0,6590.0,-122.9696,98.0
03:50:24,6581.0,6595.0,-2.1771,50.0
03:50:24,6581.0,6600.0,-47.552,377.0
03:50:24,6581.0,6605.0,-3.5942,199.0
03:50:24,6581.0,6610.0,33.1851,94.0
03:50:24,6581.0,6615.0,8.8149,140.0
03:50:24,6581.0,6620.0,6.2205,194.0
03:50:24,6581.0,6625.0,-0.4368,497.0
03:50:24,6581.0,6630.0,-0.6954,147.0
03:50:24,6581.0,6635.0,19.9734,72.0
03:50:24,6581.0,6640.0,3.6426,229.0
03:50:24,6581.0,6645.0,7.6849,181.0
03:50:24,6581.0,6650.0,2.3212,395.0
03:50:24,6581.0,6655.0,23.0459,153.0
04:06:57,6581.0,6510.0,-98.7095,32.0
04:06:57,6581.0,6515.0,-95.5182,58.0
04:06:57,6581.0,6520.0,-84.931,279.0
04:06:57,6581.0,6525.0,-64.5857,118.0
04:06:57,6581.0,6530.0,-118.6129,223.0
04:06:57,6581.0,6535.0,-28.328,179.0
04:06:57,6581.0,6540.0,-42.2944,124.0
04:06:57,6581.0,6545.0,-7.0894,123.0
04:06:57,6581.0,6550.0,25.2609,449.0
04:06:57,6581.0,6555.0,3.1816,138.0
04:06:57,6581.0,6560.0,-1.1199,143.0
04:06:57,6581.0,6565.0,-4.6403,177.0
04:06:57,6581.0,6570.0,-16.0103,228.0
04:06:57,6581.0,6575.0,-18.1894,64.0
04:06:57,6581.0,6580.0,-21.1477,234.0
04:06:57,6581.0,6585.0,-69.8734,158.0
04:06:57,6581.0,6590.0,-124.8895,99.0
04:06:57,6581.0,6595.0,-1.176,50.0
04:06:57,6581.0,6600.0,-51.4342,392.0
04:06:57,6581.0,6605.0,-4.457,200.0
04:06:57,6581.0,6610.0,31.3379,95.0
04:06:57,6581.0,6615.0,8.2679,144.0
04:06:57,6581.0,6620.0,5.7374,206.0
04:06:57,6581.0,6625.0,-0.3997,511.0
04:06:57,6581.0,6630.0,-0.6315,150.0
04:06:57,6581.0,6635.0,17.2498,75.0
04:06:57,6581.0,6640.0,4.9247,238.0
04:06:57,6581.0,6645.0,6.4914,183.0
04:06:57,6581.0,6650.0,2.0562,402.0
04:06:57,6581.0,6655.0,19.1378,174.0
04:22:51,6581.0,6510.0,-98.7095,33.0
04:22:51,6581.0,6515.0,-95.5182,58.0
04:22:51,6581.0,6520.0,-84.931,285.0
04:22:51,6581.0,6525.0,-67.2915,123.0
04:22:51,6581.0,6530.0,-118.6129,225.0
04:22:51,6581.0,6535.0,-28.328,180.0
04:22:51,6581.0,6540.0,-42.2944,132.0
04:22:51,6581.0,6545.0,-7.0894,128.0
04:22:51,6581.0,6550.0,25.2609,459.0
04:22:51,6581.0,6555.0,3.1816,149.0
04:22:51,6581.0,6560.0,-1.1199,149.0
04:22:51,6581.0,6565.0,-4.6403,177.0
04:22:51,6581.0,6570.0,-16.0103,237.0
04:22:51,6581.0,6575.0,-18.1894,65.0
04:22:51,6581.0,6580.0,-21.1477,236.0
04:22:51,6581.0,6585.0,-69.8734,164.0
04:22:51,6581.0,6590.0,-124.8895,102.0
04:22:51,6581.0,6595.0,-1.176,52.0
04:22:51,6581.0,6600.0,-51.4342,408.0
04:22:51,6581.0,6605.0,-4.457,209.0
04:22:51,6581.0,6610.0,31.3379,100.0
04:22:51,6581.0,6615.0,8.2679,153.0
04:22:51,6581.0,6620.0,5.7374,215.0
04:22:51,6581.0,6625.0,-0.3997,517.0
04:22:51,6581.0,6630.0,-0.6315,154.0
04:22:51,6581.0,6635.0,17.9962,82.0
04:22:51,6581.0,6640.0,4.9247,239.0
04:22:51,6581.0,6645.0,6.4914,185.0
04:22:51,6581.0,6650.0,2.0562,472.0
04:22:51,6581.0,6655.0,19.8732,178.0
04:38:37,6581.0,6510.0,-101.4108,45.0
04:38:37,6581.0,6515.0,-97.8042,62.0
04:38:37,6581.0,6520.0,-84.0936,300.0
04:38:37,6581.0,6525.0,-66.8278,133.0
04:38:37,6581.0,6530.0,-120.547,232.0
04:38:37,6581.0,6535.0,-28.1509,181.0
04:38:37,6581.0,6540.0,-42.7274,143.0
04:38:37,6581.0,6545.0,-7.1373,135.0
04:38:37,6581.0,6550.0,25.3447,461.0
04:38:37,6581.0,6555.0,3.1818,150.0
04:38:37,6581.0,6560.0,-1.1166,155.0
04:38:37,6581.0,6565.0,-4.6133,180.0
04:38:37,6581.0,6570.0,-16.0103,242.0
04:38:37,6581.0,6575.0,-17.7826,69.0
04:38:37,6581.0,6580.0,-21.4932,247.0
04:38:37,6581.0,6585.0,-70.1633,165.0
04:38:37,6581.0,6590.0,-122.8807,106.0
04:38:37,6581.0,6595.0,-1.6577,64.0
04:38:37,6581.0,6600.0,-48.4111,481.0
04:38:37,6581.0,6605.0,-3.7852,217.0
04:38:37,6581.0,6610.0,32.0325,104.0
04:38:37,6581.0,6615.0,8.2679,154.0
04:38:37,6581.0,6620.0,5.7374,222.0
04:38:37,6581.0,6625.0,-3.0212,524.0
04:38:37,6581.0,6630.0,-0.6148,163.0
04:38:37,6581.0,6635.0,17.3299,85.0
04:38:37,6581.0,6640.0,4.1445,243.0
04:38:37,6581.0,6645.0,6.3143,202.0
04:38:37,6581.0,6650.0,1.9913,490.0
04:38:37,6581.0,6655.0,19.343,188.0
04:54:27,6581.0,6510.0,-101.4108,45.0
04:54:27,6581.0,6515.0,-97.8042,62.0
04:54:27,6581.0,6520.0,-84.1022,309.0
04:54:27,6581.0,6525.0,-66.8349,130.0
04:54:27,6581.0,6530.0,-118.7744,231.0
04:54:27,6581.0,6535.0,-28.401,183.0
04:54:27,6581.0,6540.0,-42.4557,143.0
04:54:27,6581.0,6545.0,-7.1255,143.0
04:54:27,6581.0,6550.0,25.423,468.0
04:54:27,6581.0,6555.0,3.2065,150.0
04:54:27,6581.0,6560.0,-1.1303,162.0
04:54:27,6581.0,6565.0,-4.6907,178.0
04:54:27,6581.0,6570.0,-16.2102,250.0
04:54:27,6581.0,6575.0,-18.4464,73.0
04:54:27,6581.0,6580.0,-21.4932,254.0
04:54:27,6581.0,6585.0,-71.0942,171.0
04:54:27,6581.0,6590.0,-127.1864,109.0
04:54:27,6581.0,6595.0,-1.1994,71.0
04:54:27,6581.0,6600.0,-53.191,507.0
04:54:27,6581.0,6605.0,-4.5267,220.0
04:54:27,6581.0,6610.0,31.8521,116.0
04:54:27,6581.0,6615.0,8.4109,152.0
04:54:27,6581.0,6620.0,5.8991,230.0
04:54:27,6581.0,6625.0,-0.4117,530.0
04:54:27,6581.0,6630.0,-0.6517,166.0
04:54:27,6581.0,6635.0,17.0856,85.0
04:54:27,6581.0,6640.0,5.1148,244.0
04:54:27,6581.0,6645.0,6.3143,202.0
04:54:27,6581.0,6650.0,1.9913,523.0
04:54:27,6581.0,6655.0,19.343,196.0
04:56:37,6581.0,6510.0,-98.2169,41.0
04:56:37,6581.0,6515.0,-95.1527,63.0
04:56:37,6581.0,6520.0,-84.1022,311.0
04:56:37,6581.0,6525.0,-67.3385,130.0
04:56:37,6581.0,6530.0,-118.5583,233.0
04:56:37,6581.0,6535.0,-28.401,183.0
04:56:37,6581.0,6540.0,-42.4557,143.0
04:56:37,6581.0,6545.0,-7.1255,143.0
04:56:37,6581.0,6550.0,25.423,468.0
04:56:37,6581.0,6555.0,3.2065,150.0
04:56:37,6581.0,6560.0,-1.1303,163.0
04:56:37,6581.0,6565.0,-4.6907,179.0
04:56:37,6581.0,6570.0,-16.2102,257.0
04:56:37,6581.0,6575.0,-18.4146,71.0
04:56:37,6581.0,6580.0,-21.5211,257.0
04:56:37,6581.0,6585.0,-71.2618,173.0
04:56:37,6581.0,6590.0,-127.8793,109.0
04:56:37,6581.0,6595.0,-1.1994,70.0
04:56:37,6581.0,6600.0,-53.191,511.0
04:56:37,6581.0,6605.0,-4.5267,296.0
04:56:37,6581.0,6610.0,31.8521,117.0
04:56:37,6581.0,6615.0,8.4109,156.0
04:56:37,6581.0,6620.0,5.8991,231.0
04:56:37,6581.0,6625.0,-0.4117,532.0
04:56:37,6581.0,6630.0,-0.6517,167.0
04:56:37,6581.0,6635.0,18.8664,84.0
04:56:37,6581.0,6640.0,5.3898,244.0
04:56:37,6581.0,6645.0,6.8211,202.0
04:56:37,6581.0,6650.0,2.157,528.0
04:56:37,6581.0,6655.0,21.0049,198.0
05:11:57,6581.0,6510.0,-94.6783,48.0
05:11:57,6581.0,6515.0,-92.1686,66.0
05:11:57,6581.0,6520.0,-83.9486,313.0
05:11:57,6581.0,6525.0,-65.7522,132.0
05:11:57,6581.0,6530.0,-116.7352,248.0
05:11:57,6581.0,6535.0,-28.0735,189.0
05:11:57,6581.0,6540.0,-42.2043,146.0
05:11:57,6581.0,6545.0,-7.1255,150.0
05:11:57,6581.0,6550.0,25.423,473.0
05:11:57,6581.0,6555.0,3.2065,158.0
05:11:57,6581.0,6560.0,-1.1303,167.0
05:11:57,6581.0,6565.0,-4.6907,186.0
05:11:57,6581.0,6570.0,-16.2102,256.0
05:11:57,6581.0,6575.0,-18.4146,72.0
05:11:57,6581.0,6580.0,-21.5211,258.0
05:11:57,6581.0,6585.0,-70.465,175.0
05:11:57,6581.0,6590.0,-127.8793,112.0
05:11:57,6581.0,6595.0,-1.1994,73.0
05:11:57,6581.0,6600.0,-53.191,615.0
05:11:57,6581.0,6605.0,-4.5267,373.0
05:11:57,6581.0,6610.0,31.8521,132.0
05:11:57,6581.0,6615.0,8.4109,153.0
05:11:57,6581.0,6620.0,3.556,240.0
05:11:57,6581.0,6625.0,-0.4502,532.0
05:11:57,6581.0,6630.0,-0.7167,172.0
05:11:57,6581.0,6635.0,20.585,90.0
05:11:57,6581.0,6640.0,5.6782,245.0
05:11:57,6581.0,6645.0,7.5391,204.0
05:11:57,6581.0,6650.0,2.3949,535.0
05:11:57,6581.0,6655.0,23.4196,201.0
05:28:15,6581.0,6510.0,-94.6783,48.0
05:28:15,6581.0,6515.0,-92.1686,66.0
05:28:15,6581.0,6520.0,-83.9486,313.0
05:28:15,6581.0,6525.0,-65.7522,132.0
05:28:15,6581.0,6530.0,-116.7352,248.0
05:28:15,6581.0,6535.0,-28.0735,189.0
05:28:15,6581.0,6540.0,-42.2043,146.0
05:28:15,6581.0,6545.0,-7.1255,150.0
05:28:15,6581.0,6550.0,25.423,473.0
05:28:15,6581.0,6555.0,3.2065,158.0
05:28:15,6581.0,6560.0,-1.1303,167.0
05:28:15,6581.0,6565.0,-4.6907,186.0
05:28:15,6581.0,6570.0,-16.2102,256.0
05:28:15,6581.0,6575.0,-18.4146,72.0
05:28:15,6581.0,6580.0,-21.5211,258.0
05:28:15,6581.0,6585.0,-70.465,175.0
05:28:15,6581.0,6590.0,-127.8793,112.0
05:28:15,6581.0,6595.0,-1.1994,73.0
05:28:15,6581.0,6600.0,-53.191,615.0
05:28:15,6581.0,6605.0,-4.5267,373.0
05:28:15,6581.0,6610.0,31.8521,132.0
05:28:15,6581.0,6615.0,8.4109,153.0
05:28:15,6581.0,6620.0,3.556,240.0
05:28:15,6581.0,6625.0,-0.4502,532.0
05:28:15,6581.0,6630.0,-0.7167,172.0
05:28:15,6581.0,6635.0,20.585,90.0
05:28:15,6581.0,6640.0,5.6782,245.0
05:28:15,6581.0,6645.0,7.5391,204.0
05:28:15,6581.0,6650.0,2.3949,535.0
05:28:15,6581.0,6655.0,23.4196,201.0
05:44:48,6581.0,6510.0,-94.6783,48.0
05:44:48,6581.0,6515.0,-92.1686,66.0
05:44:48,6581.0,6520.0,-83.9486,313.0
05:44:48,6581.0,6525.0,-65.7522,132.0
05:44:48,6581.0,6530.0,-116.7352,248.0
05:44:48,6581.0,6535.0,-28.0735,189.0
05:44:48,6581.0,6540.0,-42.2043,146.0
05:44:48,6581.0,6545.0,-7.1255,150.0
05:44:48,6581.0,6550.0,25.423,473.0
05:44:48,6581.0,6555.0,3.2065,158.0
05:44:48,6581.0,6560.0,-1.1303,167.0
05:44:48,6581.0,6565.0,-4.6907,186.0
05:44:48,6581.0,6570.0,-16.2102,256.0
05:44:48,6581.0,6575.0,-18.4146,72.0
05:44:48,6581.0,6580.0,-21.5211,258.0
05:44:48,6581.0,6585.0,-70.465,175.0
05:44:48,6581.0,6590.0,-127.8793,112.0
05:44:48,6581.0,6595.0,-1.1994,73.0
05:44:48,6581.0,6600.0,-53.191,615.0
05:44:48,6581.0,6605.0,-4.5267,373.0
05:44:48,6581.0,6610.0,31.8521,132.0
05:44:48,6581.0,6615.0,8.4109,153.0
05:44:48,6581.0,6620.0,3.556,240.0
05:44:48,6581.0,6625.0,-0.4502,532.0
05:44:48,6581.0,6630.0,-0.7167,172.0
05:44:48,6581.0,6635.0,20.585,90.0
05:44:48,6581.0,6640.0,5.6782,245.0
05:44:48,6581.0,6645.0,7.5391,204.0
05:44:48,6581.0,6650.0,2.3949,535.0
05:44:48,6581.0,6655.0,23.4196,201.0
05:52:44,6581.0,6510.0,-94.6783,48.0
05:52:44,6581.0,6515.0,-92.1686,66.0
05:52:44,6581.0,6520.0,-83.9486,313.0
05:52:44,6581.0,6525.0,-65.7522,132.0
05:52:44,6581.0,6530.0,-116.7352,248.0
05:52:44,6581.0,6535.0,-28.0735,189.0
05:52:44,6581.0,6540.0,-42.2043,146.0
05:52:44,6581.0,6545.0,-7.1255,150.0
05:52:44,6581.0,6550.0,25.423,473.0
05:52:44,6581.0,6555.0,3.2065,158.0
05:52:44,6581.0,6560.0,-1.1303,167.0
05:52:44,6581.0,6565.0,-4.6907,186.0
05:52:44,6581.0,6570.0,-16.2102,256.0
05:52:44,6581.0,6575.0,-18.4146,72.0
05:52:44,6581.0,6580.0,-21.5211,258.0
05:52:44,6581.0,6585.0,-70.465,175.0
05:52:44,6581.0,6590.0,-127.8793,112.0
05:52:44,6581.0,6595.0,-1.1994,73.0
05:52:44,6581.0,6600.0,-53.191,615.0
05:52:44,6581.0,6605.0,-4.5267,373.0
05:52:44,6581.0,6610.0,31.8521,132.0
05:52:44,6581.0,6615.0,8.4109,153.0
05:52:44,6581.0,6620.0,3.556,240.0
05:52:44,6581.0,6625.0,-0.4502,532.0
05:52:44,6581.0,6630.0,-0.7167,172.0
05:52:44,6581.0,6635.0,20.585,90.0
05:52:44,6581.0,6640.0,5.6782,245.0
05:52:44,6581.0,6645.0,7.5391,204.0
05:52:44,6581.0,6650.0,2.3949,535.0
05:52:44,6581.0,6655.0,23.4196,201.0
05:55:34,6581.0,6510.0,-94.6783,48.0
05:55:34,6581.0,6515.0,-92.1686,66.0
05:55:34,6581.0,6520.0,-83.9486,313.0
05:55:34,6581.0,6525.0,-65.7522,132.0
05:55:34,6581.0,6530.0,-116.7352,248.0
05:55:34,6581.0,6535.0,-28.0735,189.0
05:55:34,6581.0,6540.0,-42.2043,146.0
05:55:34,6581.0,6545.0,-7.1255,150.0
05:55:34,6581.0,6550.0,25.423,473.0
05:55:34,6581.0,6555.0,3.2065,158.0
05:55:34,6581.0,6560.0,-1.1303,167.0
05:55:34,6581.0,6565.0,-4.6907,186.0
05:55:34,6581.0,6570.0,-16.2102,256.0
05:55:34,6581.0,6575.0,-18.4146,72.0
05:55:34,6581.0,6580.0,-21.5211,258.0
05:55:34,6581.0,6585.0,-70.465,175.0
05:55:34,6581.0,6590.0,-127.8793,112.0
05:55:34,6581.0,6595.0,-1.1994,73.0
05:55:34,6581.0,6600.0,-53.191,615.0
05:55:34,6581.0,6605.0,-4.5267,373.0
05:55:34,6581.0,6610.0,31.8521,132.0
05:55:34,6581.0,6615.0,8.4109,153.0
05:55:34,6581.0,6620.0,3.556,240.0
05:55:34,6581.0,6625.0,-0.4502,532.0
05:55:34,6581.0,6630.0,-0.7167,172.0
05:55:34,6581.0,6635.0,20.585,90.0
05:55:34,6581.0,6640.0,5.6782,245.0
05:55:34,6581.0,6645.0,7.5391,204.0
05:55:34,6581.0,6650.0,2.3949,535.0
05:55:34,6581.0,6655.0,23.4196,201.0
06:12:32,6581.0,6510.0,-94.6783,48.0
06:12:32,6581.0,6515.0,-92.1686,66.0
06:12:32,6581.0,6520.0,-83.9486,313.0
06:12:32,6581.0,6525.0,-65.7522,132.0
06:12:32,6581.0,6530.0,-116.7352,248.0
06:12:32,6581.0,6535.0,-28.0735,189.0
06:12:32,6581.0,6540.0,-42.2043,146.0
06:12:32,6581.0,6545.0,-7.1255,150.0
06:12:32,6581.0,6550.0,25.423,473.0
06:12:32,6581.0,6555.0,3.2065,158.0
06:12:32,6581.0,6560.0,-1.1303,167.0
06:12:32,6581.0,6565.0,-4.6907,186.0
06:12:32,6581.0,6570.0,-16.2102,256.0
06:12:32,6581.0,6575.0,-18.4146,72.0
06:12:32,6581.0,6580.0,-21.5211,258.0
06:12:32,6581.0,6585.0,-70.465,175.0
06:12:32,6581.0,6590.0,-127.8793,112.0
06:12:32,6581.0,6595.0,-1.1994,73.0
06:12:32,6581.0,6600.0,-53.191,615.0
06:12:32,6581.0,6605.0,-4.5267,373.0
06:12:32,6581.0,6610.0,31.8521,132.0
06:12:32,6581.0,6615.0,8.4109,153.0
06:12:32,6581.0,6620.0,3.556,240.0
06:12:32,6581.0,6625.0,-0.4502,532.0
06:12:32,6581.0,6630.0,-0.7167,172.0
06:12:32,6581.0,6635.0,20.585,90.0
06:12:32,6581.0,6640.0,5.6782,245.0
06:12:32,6581.0,6645.0,7.5391,204.0
06:12:32,6581.0,6650.0,2.3949,535.0
06:12:32,6581.0,6655.0,23.4196,201.0
06:26:05,6581.0,6510.0,-94.6783,48.0
06:26:05,6581.0,6515.0,-92.1686,66.0
06:26:05,6581.0,6520.0,-83.9486,313.0
06:26:05,6581.0,6525.0,-65.7522,132.0
06:26:05,6581.0,6530.0,-116.7352,248.0
06:26:05,6581.0,6535.0,-28.0735,189.0
06:26:05,6581.0,6540.0,-42.2043,146.0
06:26:05,6581.0,6545.0,-7.1255,150.0
06:26:05,6581.0,6550.0,25.423,473.0
06:26:05,6581.0,6555.0,3.2065,158.0
06:26:05,6581.0,6560.0,-1.1303,167.0
06:26:05,6581.0,6565.0,-4.6907,186.0
06:26:05,6581.0,6570.0,-16.2102,256.0
06:26:05,6581.0,6575.0,-18.4146,72.0
06:26:05,6581.0,6580.0,-21.5211,258.0
06:26:05,6581.0,6585.0,-70.465,175.0
06:26:05,6581.0,6590.0,-127.8793,112.0
06:26:05,6581.0,6595.0,-1.1994,73.0
06:26:05,6581.0,6600.0,-53.191,615.0
06:26:05,6581.0,6605.0,-4.5267,373.0
06:26:05,6581.0,6610.0,31.8521,132.0
06:26:05,6581.0,6615.0,8.4109,153.0
06:26:05,6581.0,6620.0,3.556,240.0
06:26:05,6581.0,6625.0,-0.4502,532.0
06:26:05,6581.0,6630.0,-0.7167,172.0
06:26:05,6581.0,6635.0,20.585,90.0
06:26:05,6581.0,6640.0,5.6782,245.0
06:26:05,6581.0,6645.0,7.5391,204.0
06:26:05,6581.0,6650.0,2.3949,535.0
06:26:05,6581.0,6655.0,23.4196,201.0
06:41:59,6581.0,6510.0,-94.6783,48.0
06:41:59,6581.0,6515.0,-92.1686,66.0
06:41:59,6581.0,6520.0,-83.9486,313.0
06:41:59,6581.0,6525.0,-65.7522,132.0
06:41:59,6581.0,6530.0,-116.7352,248.0
06:41:59,6581.0,6535.0,-28.0735,189.0
06:41:59,6581.0,6540.0,-42.2043,146.0
06:41:59,6581.0,6545.0,-7.1255,150.0
06:41:59,6581.0,6550.0,25.423,473.0
06:41:59,6581.0,6555.0,3.2065,158.0
06:41:59,6581.0,6560.0,-1.1303,167.0
06:41:59,6581.0,6565.0,-4.6907,186.0
06:41:59,6581.0,6570.0,-16.2102,256.0
06:41:59,6581.0,6575.0,-18.4146,72.0
06:41:59,6581.0,6580.0,-21.5211,258.0
06:41:59,6581.0,6585.0,-70.465,175.0
06:41:59,6581.0,6590.0,-127.8793,112.0
06:41:59,6581.0,6595.0,-1.1994,73.0
06:41:59,6581.0,6600.0,-53.191,615.0
06:41:59,6581.0,6605.0,-4.5267,373.0
06:41:59,6581.0,6610.0,31.8521,132.0
06:41:59,6581.0,6615.0,8.4109,153.0
06:41:59,6581.0,6620.0,3.556,240.0
06:41:59,6581.0,6625.0,-0.4502,532.0
06:41:59,6581.0,6630.0,-0.7167,172.0
06:41:59,6581.0,6635.0,20.585,90.0
06:41:59,6581.0,6640.0,5.6782,245.0
06:41:59,6581.0,6645.0,7.5391,204.0
06:41:59,6581.0,6650.0,2.3949,535.0
06:41:59,6581.0,6655.0,23.4196,201.0
06:53:44,6581.0,6510.0,-94.6783,48.0
06:53:44,6581.0,6515.0,-92.1686,66.0
06:53:44,6581.0,6520.0,-83.9486,313.0
06:53:44,6581.0,6525.0,-65.7522,132.0
06:53:44,6581.0,6530.0,-116.7352,248.0
06:53:44,6581.0,6535.0,-28.0735,189.0
06:53:44,6581.0,6540.0,-42.2043,146.0
06:53:44,6581.0,6545.0,-7.1255,150.0
06:53:44,6581.0,6550.0,25.423,473.0
06:53:44,6581.0,6555.0,3.2065,158.0
06:53:44,6581.0,6560.0,-1.1303,167.0
06:53:44,6581.0,6565.0,-4.6907,186.0
06:53:44,6581.0,6570.0,-16.2102,256.0
06:53:44,6581.0,6575.0,-18.4146,72.0
06:53:44,6581.0,6580.0,-21.5211,258.0
06:53:44,6581.0,6585.0,-70.465,175.0
06:53:44,6581.0,6590.0,-127.8793,112.0
06:53:44,6581.0,6595.0,-1.1994,73.0
06:53:44,6581.0,6600.0,-53.191,615.0
06:53:44,6581.0,6605.0,-4.5267,373.0
06:53:44,6581.0,6610.0,31.8521,132.0
06:53:44,6581.0,6615.0,8.4109,153.0
06:53:44,6581.0,6620.0,3.556,240.0
06:53:44,6581.0,6625.0,-0.4502,532.0
06:53:44,6581.0,6630.0,-0.7167,172.0
06:53:44,6581.0,6635.0,20.585,90.0
06:53:44,6581.0,6640.0,5.6782,245.0
06:53:44,6581.0,6645.0,7.5391,204.0
06:53:44,6581.0,6650.0,2.3949,535.0
06:53:44,6581.0,6655.0,23.4196,201.0
07:10:04,6581.0,6510.0,-94.6783,48.0
07:10:04,6581.0,6515.0,-92.1686,66.0
07:10:04,6581.0,6520.0,-83.9486,313.0
07:10:04,6581.0,6525.0,-65.7522,132.0
07:10:04,6581.0,6530.0,-116.7352,248.0
07:10:04,6581.0,6535.0,-28.0735,189.0
07:10:04,6581.0,6540.0,-42.2043,146.0
07:10:04,6581.0,6545.0,-7.1255,150.0
07:10:04,6581.0,6550.0,25.423,473.0
07:10:04,6581.0,6555.0,3.2065,158.0
07:10:04,6581.0,6560.0,-1.1303,167.0
07:10:04,6581.0,6565.0,-4.6907,186.0
07:10:04,6581.0,6570.0,-16.2102,256.0
07:10:04,6581.0,6575.0,-18.4146,72.0
07:10:04,6581.0,6580.0,-21.5211,258.0
07:10:04,6581.0,6585.0,-70.465,175.0
07:10:04,6581.0,6590.0,-127.8793,112.0
07:10:04,6581.0,6595.0,-1.1994,73.0
07:10:04,6581.0,6600.0,-53.191,615.0
07:10:04,6581.0,6605.0,-4.5267,373.0
07:10:04,6581.0,6610.0,31.8521,132.0
07:10:04,6581.0,6615.0,8.4109,153.0
07:10:04,6581.0,6620.0,3.556,240.0
07:10:04,6581.0,6625.0,-0.4502,532.0
07:10:04,6581.0,6630.0,-0.7167,172.0
07:10:04,6581.0,6635.0,20.585,90.0
07:10:04,6581.0,6640.0,5.6782,245.0
07:10:04,6581.0,6645.0,7.5391,204.0
07:10:04,6581.0,6650.0,2.3949,535.0
07:10:04,6581.0,6655.0,23.4196,201.0
07:26:29,6581.0,6510.0,-94.6783,48.0
07:26:29,6581.0,6515.0,-92.1686,66.0
07:26:29,6581.0,6520.0,-83.9486,313.0
07:26:29,6581.0,6525.0,-65.7522,132.0
07:26:29,6581.0,6530.0,-116.7352,248.0
07:26:29,6581.0,6535.0,-28.0735,189.0
07:26:29,6581.0,6540.0,-42.2043,146.0
07:26:29,6581.0,6545.0,-7.1255,150.0
07:26:29,6581.0,6550.0,25.423,473.0
07:26:29,6581.0,6555.0,3.2065,158.0
07:26:29,6581.0,6560.0,-1.1303,167.0
07:26:29,6581.0,6565.0,-4.6907,186.0
07:26:29,6581.0,6570.0,-16.2102,256.0
07:26:29,6581.0,6575.0,-18.4146,72.0
07:26:29,6581.0,6580.0,-21.5211,258.0
07:26:29,6581.0,6585.0,-70.465,175.0
07:26:29,6581.0,6590.0,-127.8793,112.0
07:26:29,6581.0,6595.0,-1.1994,73.0
07:26:29,6581.0,6600.0,-53.191,615.0
07:26:29,6581.0,6605.0,-4.5267,373.0
07:26:29,6581.0,6610.0,31.8521,132.0
07:26:29,6581.0,6615.0,8.4109,153.0
07:26:29,6581.0,6620.0,3.556,240.0
07:26:29,6581.0,6625.0,-0.4502,532.0
07:26:29,6581.0,6630.0,-0.7167,172.0
07:26:29,6581.0,6635.0,20.585,90.0
07:26:29,6581.0,6640.0,5.6782,245.0
07:26:29,6581.0,6645.0,7.5391,204.0
07:26:29,6581.0,6650.0,2.3949,535.0
07:26:29,6581.0,6655.0,23.4196,201.0
07:32:25,6581.0,6510.0,-94.6783,48.0
07:32:25,6581.0,6515.0,-92.1686,66.0
07:32:25,6581.0,6520.0,-83.9486,313.0
07:32:25,6581.0,6525.0,-65.7522,132.0
07:32:25,6581.0,6530.0,-116.7352,248.0
07:32:25,6581.0,6535.0,-28.0735,189.0
07:32:25,6581.0,6540.0,-42.2043,146.0
07:32:25,6581.0,6545.0,-7.1255,150.0
07:32:25,6581.0,6550.0,25.423,473.0
07:32:25,6581.0,6555.0,3.2065,158.0
07:32:25,6581.0,6560.0,-1.1303,167.0
07:32:25,6581.0,6565.0,-4.6907,186.0
07:32:25,6581.0,6570.0,-16.2102,256.0
07:32:25,6581.0,6575.0,-18.4146,72.0
07:32:25,6581.0,6580.0,-21.5211,258.0
07:32:25,6581.0,6585.0,-70.465,175.0
07:32:25,6581.0,6590.0,-127.8793,112.0
07:32:25,6581.0,6595.0,-1.1994,73.0
07:32:25,6581.0,6600.0,-53.191,615.0
07:32:25,6581.0,6605.0,-4.5267,373.0
07:32:25,6581.0,6610.0,31.8521,132.0
07:32:25,6581.0,6615.0,8.4109,153.0
07:32:25,6581.0,6620.0,3.556,240.0
07:32:25,6581.0,6625.0,-0.4502,532.0
07:32:25,6581.0,6630.0,-0.7167,172.0
07:32:25,6581.0,6635.0,20.585,90.0
07:32:25,6581.0,6640.0,5.6782,245.0
07:32:25,6581.0,6645.0,7.5391,204.0
07:32:25,6581.0,6650.0,2.3949,535.0
07:32:25,6581.0,6655.0,23.4196,201.0
07:34:35,6581.0,6510.0,-94.6783,48.0
07:34:35,6581.0,6515.0,-92.1686,66.0
07:34:35,6581.0,6520.0,-83.9486,313.0
07:34:35,6581.0,6525.0,-65.7522,132.0
07:34:35,6581.0,6530.0,-116.7352,248.0
07:34:35,6581.0,6535.0,-28.0735,189.0
07:34:35,6581.0,6540.0,-42.2043,146.0
07:34:35,6581.0,6545.0,-7.1255,150.0
07:34:35,6581.0,6550.0,25.423,473.0
07:34:35,6581.0,6555.0,3.2065,158.0
07:34:35,6581.0,6560.0,-1.1303,167.0
07:34:35,6581.0,6565.0,-4.6907,186.0
07:34:35,6581.0,6570.0,-16.2102,256.0
07:34:35,6581.0,6575.0,-18.4146,72.0
07:34:35,6581.0,6580.0,-21.5211,258.0
07:34:35,6581.0,6585.0,-70.465,175.0
07:34:35,6581.0,6590.0,-127.8793,112.0
07:34:35,6581.0,6595.0,-1.1994,73.0
07:34:35,6581.0,6600.0,-53.191,615.0
07:34:35,6581.0,6605.0,-4.5267,373.0
07:34:35,6581.0,6610.0,31.8521,132.0
07:34:35,6581.0,6615.0,8.4109,153.0
07:34:35,6581.0,6620.0,3.556,240.0
07:34:35,6581.0,6625.0,-0.4502,532.0
07:34:35,6581.0,6630.0,-0.7167,172.0
07:34:35,6581.0,6635.0,20.585,90.0
07:34:35,6581.0,6640.0,5.6782,245.0
07:34:35,6581.0,6645.0,7.5391,204.0
07:34:35,6581.0,6650.0,2.3949,535.0
07:34:35,6581.0,6655.0,23.4196,201.0
07:36:44,6581.0,6510.0,-94.6783,48.0
07:36:44,6581.0,6515.0,-92.1686,66.0
07:36:44,6581.0,6520.0,-83.9486,313.0
07:36:44,6581.0,6525.0,-65.7522,132.0
07:36:44,6581.0,6530.0,-116.7352,248.0
07:36:44,6581.0,6535.0,-28.0735,189.0
07:36:44,6581.0,6540.0,-42.2043,146.0
07:36:44,6581.0,6545.0,-7.1255,150.0
07:36:44,6581.0,6550.0,25.423,473.0
07:36:44,6581.0,6555.0,3.2065,158.0
07:36:44,6581.0,6560.0,-1.1303,167.0
07:36:44,6581.0,6565.0,-4.6907,186.0
07:36:44,6581.0,6570.0,-16.2102,256.0
07:36:44,6581.0,6575.0,-18.4146,72.0
07:36:44,6581.0,6580.0,-21.5211,258.0
07:36:44,6581.0,6585.0,-70.465,175.0
07:36:44,6581.0,6590.0,-127.8793,112.0
07:36:44,6581.0,6595.0,-1.1994,73.0
07:36:44,6581.0,6600.0,-53.191,615.0
07:36:44,6581.0,6605.0,-4.5267,373.0
07:36:44,6581.0,6610.0,31.8521,132.0
07:36:44,6581.0,6615.0,8.4109,153.0
07:36:44,6581.0,6620.0,3.556,240.0
07:36:44,6581.0,6625.0,-0.4502,532.0
07:36:44,6581.0,6630.0,-0.7167,172.0
07:36:44,6581.0,6635.0,20.585,90.0
07:36:44,6581.0,6640.0,5.6782,245.0
07:36:44,6581.0,6645.0,7.5391,204.0
07:36:44,6581.0,6650.0,2.3949,535.0
07:36:44,6581.0,6655.0,23.4196,201.0
07:38:54,6581.0,6510.0,-94.6783,48.0
07:38:54,6581.0,6515.0,-92.1686,66.0
07:38:54,6581.0,6520.0,-83.9486,313.0
07:38:54,6581.0,6525.0,-65.7522,132.0
07:38:54,6581.0,6530.0,-116.7352,248.0
07:38:54,6581.0,6535.0,-28.0735,189.0
07:38:54,6581.0,6540.0,-42.2043,146.0
07:38:54,6581.0,6545.0,-7.1255,150.0
07:38:54,6581.0,6550.0,25.423,473.0
07:38:54,6581.0,6555.0,3.2065,158.0
07:38:54,6581.0,6560.0,-1.1303,167.0
07:38:54,6581.0,6565.0,-4.6907,186.0
07:38:54,6581.0,6570.0,-16.2102,256.0
07:38:54,6581.0,6575.0,-18.4146,72.0
07:38:54,6581.0,6580.0,-21.5211,258.0
07:38:54,6581.0,6585.0,-70.465,175.0
07:38:54,6581.0,6590.0,-127.8793,112.0
07:38:54,6581.0,6595.0,-1.1994,73.0
07:38:54,6581.0,6600.0,-53.191,615.0
07:38:54,6581.0,6605.0,-4.5267,373.0
07:38:54,6581.0,6610.0,31.8521,132.0
07:38:54,6581.0,6615.0,8.4109,153.0
07:38:54,6581.0,6620.0,3.556,240.0
07:38:54,6581.0,6625.0,-0.4502,532.0
07:38:54,6581.0,6630.0,-0.7167,172.0
07:38:54,6581.0,6635.0,20.585,90.0
07:38:54,6581.0,6640.0,5.6782,245.0
07:38:54,6581.0,6645.0,7.5391,204.0
07:38:54,6581.0,6650.0,2.3949,535.0
07:38:54,6581.0,6655.0,23.4196,201.0
07:41:04,6581.0,6510.0,-94.6783,48.0
07:41:04,6581.0,6515.0,-92.1686,66.0
07:41:04,6581.0,6520.0,-83.9486,313.0
07:41:04,6581.0,6525.0,-65.7522,132.0
07:41:04,6581.0,6530.0,-116.7352,248.0
07:41:04,6581.0,6535.0,-28.0735,189.0
07:41:04,6581.0,6540.0,-42.2043,146.0
07:41:04,6581.0,6545.0,-7.1255,150.0
07:41:04,6581.0,6550.0,25.423,473.0
07:41:04,6581.0,6555.0,3.2065,158.0
07:41:04,6581.0,6560.0,-1.1303,167.0
07:41:04,6581.0,6565.0,-4.6907,186.0
07:41:04,6581.0,6570.0,-16.2102,256.0
07:41:04,6581.0,6575.0,-18.4146,72.0
07:41:04,6581.0,6580.0,-21.5211,258.0
07:41:04,6581.0,6585.0,-70.465,175.0
07:41:04,6581.0,6590.0,-127.8793,112.0
07:41:04,6581.0,6595.0,-1.1994,73.0
07:41:04,6581.0,6600.0,-53.191,615.0
07:41:04,6581.0,6605.0,-4.5267,373.0
07:41:04,6581.0,6610.0,31.8521,132.0
07:41:04,6581.0,6615.0,8.4109,153.0
07:41:04,6581.0,6620.0,3.556,240.0
07:41:04,6581.0,6625.0,-0.4502,532.0
07:41:04,6581.0,6630.0,-0.7167,172.0
07:41:04,6581.0,6635.0,20.585,90.0
07:41:04,6581.0,6640.0,5.6782,245.0
07:41:04,6581.0,6645.0,7.5391,204.0
07:41:04,6581.0,6650.0,2.3949,535.0
07:41:04,6581.0,6655.0,23.4196,201.0
10:07:04,6581.0,6510.0,-87.6143,164.0
10:07:04,6581.0,6515.0,-86.8134,186.0
10:07:04,6581.0,6520.0,-65.9232,583.0
10:07:04,6581.0,6525.0,-60.5933,264.0
10:07:04,6581.0,6530.0,-115.7357,597.0
10:07:04,6581.0,6535.0,-28.2929,391.0
10:07:04,6581.0,6540.0,-43.1995,551.0
10:07:04,6581.0,6545.0,-7.4123,374.0
10:07:04,6581.0,6550.0,26.9872,1085.0
10:07:04,6581.0,6555.0,3.4652,385.0
10:07:04,6581.0,6560.0,-1.2453,406.0
10:07:04,6581.0,6565.0,-5.2537,331.0
10:07:04,6581.0,6570.0,-18.4474,664.0
10:07:04,6581.0,6575.0,3.7413,299.0
10:07:04,6581.0,6580.0,-25.1785,1010.0
10:07:04,6581.0,6585.0,-84.5058,502.0
10:07:04,6581.0,6590.0,-153.6604,516.0
10:07:04,6581.0,6595.0,-1.4705,353.0
10:07:04,6581.0,6600.0,-66.1259,1949.0
10:07:04,6581.0,6605.0,-5.7063,475.0
10:07:04,6581.0,6610.0,40.7065,778.0
10:07:04,6581.0,6615.0,10.8882,328.0
10:07:04,6581.0,6620.0,29.3775,726.0
10:07:04,6581.0,6625.0,-0.5453,772.0
10:07:04,6581.0,6630.0,-0.8715,616.0
10:07:04,6581.0,6635.0,28.6983,188.0
10:07:04,6581.0,6640.0,6.8907,695.0
10:07:04,6581.0,6645.0,9.2158,397.0
10:07:04,6581.0,6650.0,2.9296,1366.0
10:07:04,6581.0,6655.0,28.6637,539.0
10:08:09,6581.0,6510.0,-93.5061,165.0
10:08:09,6581.0,6515.0,-86.8134,188.0
10:08:09,6581.0,6520.0,-65.8648,585.0
10:08:09,6581.0,6525.0,-66.7093,265.0
10:08:09,6581.0,6530.0,-121.7266,598.0
10:08:09,6581.0,6535.0,-29.8424,391.0
10:08:09,6581.0,6540.0,-44.6358,519.0
10:08:09,6581.0,6545.0,-7.8155,375.0
10:08:09,6581.0,6550.0,27.2977,1088.0
10:08:09,6581.0,6555.0,3.4906,384.0
10:08:09,6581.0,6560.0,-1.2485,406.0
10:08:09,6581.0,6565.0,-5.2461,334.0
10:08:09,6581.0,6570.0,-18.4074,665.0
10:08:09,6581.0,6575.0,-21.2215,301.0
10:08:09,6581.0,6580.0,-24.9869,1012.0
10:08:09,6581.0,6585.0,-83.4242,504.0
10:08:09,6581.0,6590.0,-151.3042,518.0
10:08:09,6581.0,6595.0,-1.4424,353.0
10:08:09,6581.0,6600.0,-64.5785,1990.0
10:08:09,6581.0,6605.0,-6.7591,475.0
10:08:09,6581.0,6610.0,38.3492,774.0
10:08:09,6581.0,6615.0,10.4757,334.0
10:08:09,6581.0,6620.0,4.5432,727.0
10:08:09,6581.0,6625.0,-10.5047,772.0
10:08:09,6581.0,6630.0,-2.2217,618.0
10:08:09,6581.0,6635.0,23.2616,188.0
10:08:09,6581.0,6640.0,6.5444,716.0
10:08:09,6581.0,6645.0,7.9171,397.0
10:08:09,6581.0,6650.0,-4.6379,1369.0
10:08:09,6581.0,6655.0,28.6637,539.0
10:10:20,6581.0,6510.0,-93.5061,166.0
10:10:20,6581.0,6515.0,-92.6986,188.0
10:10:20,6581.0,6520.0,-83.2111,587.0
10:10:20,6581.0,6525.0,-67.7585,275.0
10:10:20,6581.0,6530.0,-121.7266,599.0
10:10:20,6581.0,6535.0,-29.5668,392.0
10:10:20,6581.0,6540.0,-45.1573,555.0
10:10:20,6581.0,6545.0,-7.6892,379.0
10:10:20,6581.0,6550.0,24.3227,1088.0
10:10:20,6581.0,6555.0,3.5391,386.0
10:10:20,6581.0,6560.0,-1.261,413.0
10:10:20,6581.0,6565.0,-5.273,336.0
10:10:20,6581.0,6570.0,-18.4173,670.0
10:10:20,6581.0,6575.0,-21.0887,302.0
10:10:20,6581.0,6580.0,-24.3845,1015.0
10:10:20,6581.0,6585.0,-81.9955,504.0
10:10:20,6581.0,6590.0,-148.348,518.0
10:10:20,6581.0,6595.0,-1.4083,354.0
10:10:20,6581.0,6600.0,-62.8214,1996.0
10:10:20,6581.0,6605.0,-5.4561,477.0
10:10:20,6581.0,6610.0,39.8914,782.0
10:10:20,6581.0,6615.0,11.6731,345.0
10:10:20,6581.0,6620.0,7.0469,727.0
10:10:20,6581.0,6625.0,-0.4922,772.0
10:10:20,6581.0,6630.0,-0.8,633.0
10:10:20,6581.0,6635.0,23.2616,192.0
10:10:20,6581.0,6640.0,6.2786,717.0
10:10:20,6581.0,6645.0,8.2937,399.0
10:10:20,6581.0,6650.0,7.9619,1369.0
10:10:20,6581.0,6655.0,25.4951,543.0
10:12:30,6581.0,6510.0,-95.4729,167.0
10:12:30,6581.0,6515.0,-93.9699,188.0
10:12:30,6581.0,6520.0,-84.5341,588.0
10:12:30,6581.0,6525.0,-68.6714,276.0
10:12:30,6581.0,6530.0,-121.6934,598.0
10:12:30,6581.0,6535.0,-29.5668,393.0
10:12:30,6581.0,6540.0,-45.1573,555.0
10:12:30,6581.0,6545.0,-7.6892,379.0
10:12:30,6581.0,6550.0,27.7361,1097.0
10:12:30,6581.0,6555.0,3.5187,387.0
10:12:30,6581.0,6560.0,-1.2297,435.0
10:12:30,6581.0,6565.0,-5.2787,337.0
10:12:30,6581.0,6570.0,-18.4089,671.0
10:12:30,6581.0,6575.0,-21.1215,303.0
10:12:30,6581.0,6580.0,-24.7551,1015.0
10:12:30,6581.0,6585.0,-82.44,509.0
10:12:30,6581.0,6590.0,-148.3556,518.0
10:12:30,6581.0,6595.0,-1.3562,358.0
10:12:30,6581.0,6600.0,-62.4561,2004.0
10:12:30,6581.0,6605.0,-5.3673,478.0
10:12:30,6581.0,6610.0,37.9579,787.0
10:12:30,6581.0,6615.0,10.0592,350.0
10:12:30,6581.0,6620.0,7.0469,738.0
10:12:30,6581.0,6625.0,-0.4922,776.0
10:12:30,6581.0,6630.0,-0.8,643.0
10:12:30,6581.0,6635.0,22.3323,192.0
10:12:30,6581.0,6640.0,6.044,727.0
10:12:30,6581.0,6645.0,8.0857,399.0
10:12:30,6581.0,6650.0,2.5543,1374.0
10:12:30,6581.0,6655.0,24.84,548.0
10:19:00,6581.0,6510.0,-95.4729,171.0
10:19:00,6581.0,6515.0,-93.9699,192.0
10:19:00,6581.0,6520.0,-84.5341,598.0
10:19:00,6581.0,6525.0,-68.6714,276.0
10:19:00,6581.0,6530.0,-123.3172,630.0
10:19:00,6581.0,6535.0,-29.8893,393.0
10:19:00,6581.0,6540.0,-45.2769,525.0
10:19:00,6581.0,6545.0,-7.6983,379.0
10:19:00,6581.0,6550.0,27.7995,1112.0
10:19:00,6581.0,6555.0,3.5489,402.0
10:19:00,6581.0,6560.0,-1.2638,468.0
10:19:00,6581.0,6565.0,-5.2938,340.0
10:19:00,6581.0,6570.0,-18.4477,684.0
10:19:00,6581.0,6575.0,-21.1215,310.0
10:19:00,6581.0,6580.0,-24.7466,1025.0
10:19:00,6581.0,6585.0,-82.4852,514.0
10:19:00,6581.0,6590.0,-148.0422,528.0
10:19:00,6581.0,6595.0,-1.4016,380.0
10:19:00,6581.0,6600.0,-62.2925,2021.0
10:19:00,6581.0,6605.0,-5.3187,480.0
10:19:00,6581.0,6610.0,37.5704,816.0
10:19:00,6581.0,6615.0,9.9496,352.0
10:19:00,6581.0,6620.0,6.9895,749.0
10:19:00,6581.0,6625.0,-0.4881,776.0
10:19:00,6581.0,6630.0,-0.7724,674.0
10:19:00,6581.0,6635.0,22.3323,199.0
10:19:00,6581.0,6640.0,6.044,766.0
10:19:00,6581.0,6645.0,8.0857,408.0
10:19:00,6581.0,6650.0,2.5543,1401.0
10:19:00,6581.0,6655.0,24.84,557.0
10:21:10,6581.0,6510.0,-96.9557,171.0
10:21:10,6581.0,6515.0,-95.7293,192.0
10:21:10,6581.0,6520.0,-85.2048,611.0
10:21:10,6581.0,6525.0,-69.2001,276.0
10:21:10,6581.0,6530.0,-123.3172,630.0
10:21:10,6581.0,6535.0,-29.8893,393.0
10:21:10,6581.0,6540.0,-45.2769,525.0
10:21:10,6581.0,6545.0,-7.6983,379.0
10:21:10,6581.0,6550.0,27.814,1116.0
10:21:10,6581.0,6555.0,3.543,402.0
10:21:10,6581.0,6560.0,-1.2619,472.0
10:21:10,6581.0,6565.0,-5.2815,341.0
10:21:10,6581.0,6570.0,-18.3829,685.0
10:21:10,6581.0,6575.0,-21.0377,310.0
10:21:10,6581.0,6580.0,-24.5905,1027.0
10:21:10,6581.0,6585.0,-82.0413,515.0
10:21:10,6581.0,6590.0,-147.6694,528.0
10:21:10,6581.0,6595.0,-1.397,380.0
10:21:10,6581.0,6600.0,-61.9743,2031.0
10:21:10,6581.0,6605.0,-5.304,480.0
10:21:10,6581.0,6610.0,37.2997,817.0
10:21:10,6581.0,6615.0,9.8605,352.0
10:21:10,6581.0,6620.0,6.9895,750.0
10:21:10,6581.0,6625.0,-0.4881,780.0
10:21:10,6581.0,6630.0,-0.7724,675.0
10:21:10,6581.0,6635.0,22.0449,202.0
10:21:10,6581.0,6640.0,5.9524,769.0
10:21:10,6581.0,6645.0,7.8499,408.0
10:21:10,6581.0,6650.0,2.4986,1403.0
10:21:10,6581.0,6655.0,24.2744,557.0
10:23:20,6581.0,6510.0,-100.5305,173.0
10:23:20,6581.0,6515.0,-98.4682,193.0
10:23:20,6581.0,6520.0,-85.778,614.0
10:23:20,6581.0,6525.0,-70.9674,278.0
10:23:20,6581.0,6530.0,-123.6394,631.0
10:23:20,6581.0,6535.0,-29.9941,393.0
10:23:20,6581.0,6540.0,-45.3869,534.0
10:23:20,6581.0,6545.0,-7.7091,380.0
10:23:20,6581.0,6550.0,28.0031,1119.0
10:23:20,6581.0,6555.0,3.5545,402.0
10:23:20,6581.0,6560.0,-1.2602,477.0
10:23:20,6581.0,6565.0,-5.2551,341.0
10:23:20,6581.0,6570.0,-18.2331,695.0
10:23:20,6581.0,6575.0,-20.8036,312.0
10:23:20,6581.0,6580.0,-24.2614,1027.0
10:23:20,6581.0,6585.0,-80.4078,515.0
10:23:20,6581.0,6590.0,-147.0041,529.0
10:23:20,6581.0,6595.0,-1.3922,380.0
10:23:20,6581.0,6600.0,-60.2169,2059.0
10:23:20,6581.0,6605.0,-5.2706,480.0
10:23:20,6581.0,6610.0,37.172,818.0
10:23:20,6581.0,6615.0,8.5076,352.0
10:23:20,6581.0,6620.0,6.9516,750.0
10:23:20,6581.0,6625.0,-0.4851,781.0
10:23:20,6581.0,6630.0,-0.7673,677.0
10:23:20,6581.0,6635.0,22.1462,205.0
10:23:20,6581.0,6640.0,5.6323,771.0
10:23:20,6581.0,6645.0,7.406,411.0
10:23:20,6581.0,6650.0,2.4619,1403.0
10:23:20,6581.0,6655.0,23.9085,564.0
10:25:31,6581.0,6510.0,-100.5305,174.0
10:25:31,6581.0,6515.0,-98.4682,193.0
10:25:31,6581.0,6520.0,-85.778,614.0
10:25:31,6581.0,6525.0,-70.9674,279.0
10:25:31,6581.0,6530.0,-124.6342,633.0
10:25:31,6581.0,6535.0,-29.9785,393.0
10:25:31,6581.0,6540.0,-45.3869,534.0
10:25:31,6581.0,6545.0,-7.7091,381.0
10:25:31,6581.0,6550.0,28.0031,1129.0
10:25:31,6581.0,6555.0,3.5545,402.0
10:25:31,6581.0,6560.0,-1.2602,487.0
10:25:31,6581.0,6565.0,-5.2551,347.0
10:25:31,6581.0,6570.0,-17.8992,702.0
10:25:31,6581.0,6575.0,-21.0212,312.0
10:25:31,6581.0,6580.0,-24.7343,1028.0
10:25:31,6581.0,6585.0,-82.2832,530.0
10:25:31,6581.0,6590.0,-146.7514,529.0
10:25:31,6581.0,6595.0,-1.3922,380.0
10:25:31,6581.0,6600.0,-60.2169,2066.0
10:25:31,6581.0,6605.0,-5.2706,480.0
10:25:31,6581.0,6610.0,37.172,819.0
10:25:31,6581.0,6615.0,8.5076,352.0
10:25:31,6581.0,6620.0,6.9516,750.0
10:25:31,6581.0,6625.0,-0.4851,782.0
10:25:31,6581.0,6630.0,-0.7554,677.0
10:25:31,6581.0,6635.0,21.963,206.0
10:25:31,6581.0,6640.0,5.6323,772.0
10:25:31,6581.0,6645.0,7.406,411.0
10:25:31,6581.0,6650.0,2.4619,1406.0
10:25:31,6581.0,6655.0,23.9085,571.0
10:27:41,6581.0,6510.0,-97.7495,179.0
10:27:41,6581.0,6515.0,-96.0294,195.0
10:27:41,6581.0,6520.0,-84.6012,621.0
10:27:41,6581.0,6525.0,-69.5918,281.0
10:27:41,6581.0,6530.0,-122.9704,639.0
10:27:41,6581.0,6535.0,-29.9785,393.0
10:27:41,6581.0,6540.0,-45.1765,537.0
10:27:41,6581.0,6545.0,-7.6889,382.0
10:27:41,6581.0,6550.0,27.8151,1132.0
10:27:41,6581.0,6555.0,3.5531,403.0
10:27:41,6581.0,6560.0,-1.2662,586.0
10:27:41,6581.0,6565.0,-5.3147,451.0
10:27:41,6581.0,6570.0,-18.8773,717.0
10:27:41,6581.0,6575.0,-21.0212,314.0
10:27:41,6581.0,6580.0,-24.8857,1028.0
10:27:41,6581.0,6585.0,-82.2832,531.0
10:27:41,6581.0,6590.0,-145.5311,530.0
10:27:41,6581.0,6595.0,-1.4172,386.0
10:27:41,6581.0,6600.0,-63.2014,2078.0
10:27:41,6581.0,6605.0,-5.4034,484.0
10:27:41,6581.0,6610.0,38.1464,821.0
10:27:41,6581.0,6615.0,10.0939,352.0
10:27:41,6581.0,6620.0,7.0883,756.0
10:27:41,6581.0,6625.0,3.877,786.0
10:27:41,6581.0,6630.0,-0.7554,678.0
10:27:41,6581.0,6635.0,21.8225,209.0
10:27:41,6581.0,6640.0,5.9759,778.0
10:27:41,6581.0,6645.0,7.8778,420.0
10:27:41,6581.0,6650.0,2.4849,1413.0
10:27:41,6581.0,6655.0,25.007,574.0
10:29:51,6581.0,6510.0,-97.7495,179.0
10:29:51,6581.0,6515.0,-96.0294,195.0
10:29:51,6581.0,6520.0,-84.6012,622.0
10:29:51,6581.0,6525.0,-67.2689,281.0
10:29:51,6581.0,6530.0,-120.6781,639.0
10:29:51,6581.0,6535.0,-29.3199,393.0
10:29:51,6581.0,6540.0,-45.6636,539.0
10:29:51,6581.0,6545.0,-7.7588,383.0
10:29:51,6581.0,6550.0,28.0142,1133.0
10:29:51,6581.0,6555.0,3.5664,404.0
10:29:51,6581.0,6560.0,-1.2662,593.0
10:29:51,6581.0,6565.0,-5.3147,453.0
10:29:51,6581.0,6570.0,-18.2919,718.0
10:29:51,6581.0,6575.0,-21.4317,316.0
10:29:51,6581.0,6580.0,-25.1832,1029.0
10:29:51,6581.0,6585.0,-84.0848,534.0
10:29:51,6581.0,6590.0,-151.9199,530.0
10:29:51,6581.0,6595.0,-1.4172,386.0
10:29:51,6581.0,6600.0,-63.2014,2088.0
10:29:51,6581.0,6605.0,-5.4034,492.0
10:29:51,6581.0,6610.0,38.1464,823.0
10:29:51,6581.0,6615.0,10.0939,352.0
10:29:51,6581.0,6620.0,7.0883,756.0
10:29:51,6581.0,6625.0,-0.4951,786.0
10:29:51,6581.0,6630.0,-0.8158,679.0
10:29:51,6581.0,6635.0,23.3577,210.0
10:29:51,6581.0,6640.0,6.4246,779.0
10:29:51,6581.0,6645.0,7.8778,420.0
10:29:51,6581.0,6650.0,2.4849,1414.0
10:29:51,6581.0,6655.0,24.1388,589.0
10:32:01,6581.0,6510.0,-97.7495,180.0
10:32:01,6581.0,6515.0,-96.0294,196.0
10:32:01,6581.0,6520.0,-84.6012,635.0
10:32:01,6581.0,6525.0,-67.3062,282.0
10:32:01,6581.0,6530.0,-121.1406,641.0
10:32:01,6581.0,6535.0,-29.5213,396.0
10:32:01,6581.0,6540.0,-44.9032,539.0
10:32:01,6581.0,6545.0,-7.7588,391.0
10:32:01,6581.0,6550.0,28.0142,1139.0
10:32:01,6581.0,6555.0,3.5664,405.0
10:32:01,6581.0,6560.0,-1.2662,598.0
10:32:01,6581.0,6565.0,-5.3147,453.0
10:32:01,6581.0,6570.0,-17.9818,720.0
10:32:01,6581.0,6575.0,-21.6102,316.0
10:32:01,6581.0,6580.0,-25.402,1029.0
10:32:01,6581.0,6585.0,-84.7579,536.0
10:32:01,6581.0,6590.0,-152.9932,532.0
10:32:01,6581.0,6595.0,-1.4172,396.0
10:32:01,6581.0,6600.0,-63.2014,2090.0
10:32:01,6581.0,6605.0,-5.4034,492.0
10:32:01,6581.0,6610.0,38.1464,835.0
10:32:01,6581.0,6615.0,10.0939,353.0
10:32:01,6581.0,6620.0,5.3408,760.0
10:32:01,6581.0,6625.0,-0.5194,789.0
10:32:01,6581.0,6630.0,-0.8246,683.0
10:32:01,6581.0,6635.0,23.6094,210.0
10:32:01,6581.0,6640.0,6.4246,782.0
10:32:01,6581.0,6645.0,7.8778,424.0
10:32:01,6581.0,6650.0,2.4849,1414.0
10:32:01,6581.0,6655.0,24.1388,594.0
10:34:11,6581.0,6510.0,-93.9465,180.0
10:34:11,6581.0,6515.0,-92.8454,197.0
10:34:11,6581.0,6520.0,-83.4408,636.0
10:34:11,6581.0,6525.0,-67.9715,284.0
10:34:11,6581.0,6530.0,-122.0,643.0
10:34:11,6581.0,6535.0,-29.6446,396.0
10:34:11,6581.0,6540.0,-45.0159,541.0
10:34:11,6581.0,6545.0,-7.6756,391.0
10:34:11,6581.0,6550.0,27.8197,1143.0
10:34:11,6581.0,6555.0,3.6067,406.0
10:34:11,6581.0,6560.0,-1.276,598.0
10:34:11,6581.0,6565.0,-5.3567,454.0
10:34:11,6581.0,6570.0,-18.6878,739.0
10:34:11,6581.0,6575.0,-21.5849,316.0
10:34:11,6581.0,6580.0,-25.3459,1031.0
10:34:11,6581.0,6585.0,-84.6419,536.0
10:34:11,6581.0,6590.0,-152.9932,532.0
10:34:11,6581.0,6595.0,-1.4304,407.0
10:34:11,6581.0,6600.0,-65.1063,2095.0
10:34:11,6581.0,6605.0,-5.5836,492.0
10:34:11,6581.0,6610.0,39.4367,835.0
10:34:11,6581.0,6615.0,10.4686,353.0
10:34:11,6581.0,6620.0,7.3791,763.0
10:34:11,6581.0,6625.0,-0.5172,789.0
10:34:11,6581.0,6630.0,-0.821,683.0
10:34:11,6581.0,6635.0,23.5772,210.0
10:34:11,6581.0,6640.0,6.4769,783.0
10:34:11,6581.0,6645.0,8.5606,424.0
10:34:11,6581.0,6650.0,2.7065,1415.0
10:34:11,6581.0,6655.0,26.34,598.0
10:36:21,6581.0,6510.0,-93.9861,180.0
10:36:21,6581.0,6515.0,-92.7812,198.0
10:36:21,6581.0,6520.0,-83.29,636.0
10:36:21,6581.0,6525.0,-67.8079,284.0
10:36:21,6581.0,6530.0,-121.8488,643.0
10:36:21,6581.0,6535.0,-29.6737,397.0
10:36:21,6581.0,6540.0,-45.0918,542.0
10:36:21,6581.0,6545.0,-7.6846,392.0
10:36:21,6581.0,6550.0,27.8728,1148.0
10:36:21,6581.0,6555.0,3.5655,407.0
10:36:21,6581.0,6560.0,-1.2732,601.0
10:36:21,6581.0,6565.0,-5.3584,457.0
10:36:21,6581.0,6570.0,-18.7587,746.0
10:36:21,6581.0,6575.0,-21.6015,317.0
10:36:21,6581.0,6580.0,-25.419,1031.0
10:36:21,6581.0,6585.0,-84.7948,538.0
10:36:21,6581.0,6590.0,-153.2539,532.0
10:36:21,6581.0,6595.0,-1.457,407.0
10:36:21,6581.0,6600.0,-65.095,2095.0
10:36:21,6581.0,6605.0,-5.5733,503.0
10:36:21,6581.0,6610.0,39.3979,835.0
10:36:21,6581.0,6615.0,10.4505,353.0
10:36:21,6581.0,6620.0,7.3596,763.0
10:36:21,6581.0,6625.0,-0.5152,789.0
10:36:21,6581.0,6630.0,-0.8172,683.0
10:36:21,6581.0,6635.0,23.3677,211.0
10:36:21,6581.0,6640.0,6.4165,784.0
10:36:21,6581.0,6645.0,8.4809,424.0
10:36:21,6581.0,6650.0,2.6976,1416.0
10:36:21,6581.0,6655.0,26.271,600.0
10:38:31,6581.0,6510.0,-93.4137,181.0
10:38:31,6581.0,6515.0,-92.2576,198.0
10:38:31,6581.0,6520.0,-82.8618,636.0
10:38:31,6581.0,6525.0,-67.461,284.0
10:38:31,6581.0,6530.0,-121.8488,653.0
10:38:31,6581.0,6535.0,-29.6737,397.0
10:38:31,6581.0,6540.0,-45.0918,542.0
10:38:31,6581.0,6545.0,-7.6846,393.0
10:38:31,6581.0,6550.0,27.8728,1149.0
10:38:31,6581.0,6555.0,3.5655,408.0
10:38:31,6581.0,6560.0,-1.2732,602.0
10:38:31,6581.0,6565.0,-5.3584,457.0
10:38:31,6581.0,6570.0,-18.774,750.0
10:38:31,6581.0,6575.0,-21.6062,317.0
10:38:31,6581.0,6580.0,-25.478,1032.0
10:38:31,6581.0,6585.0,-84.6808,538.0
10:38:31,6581.0,6590.0,-152.8243,532.0
10:38:31,6581.0,6595.0,-1.457,407.0
10:38:31,6581.0,6600.0,-65.095,2095.0
10:38:31,6581.0,6605.0,-5.5733,503.0
10:38:31,6581.0,6610.0,39.3979,835.0
10:38:31,6581.0,6615.0,10.4505,353.0
10:38:31,6581.0,6620.0,7.3596,765.0
10:38:31,6581.0,6625.0,-0.5152,789.0
10:38:31,6581.0,6630.0,-0.8172,683.0
10:38:31,6581.0,6635.0,23.643,212.0
10:38:31,6581.0,6640.0,6.4969,784.0
10:38:31,6581.0,6645.0,8.593,424.0
10:38:31,6581.0,6650.0,2.719,1417.0
10:38:31,6581.0,6655.0,26.5693,602.0
10:40:42,6581.0,6510.0,-93.4362,182.0
10:40:42,6581.0,6515.0,-92.3012,199.0
10:40:42,6581.0,6520.0,-82.9464,636.0
10:40:42,6581.0,6525.0,-67.5896,284.0
10:40:42,6581.0,6530.0,-121.1133,664.0
10:40:42,6581.0,6535.0,-29.5097,400.0
10:40:42,6581.0,6540.0,-44.9417,542.0
10:40:42,6581.0,6545.0,-7.6748,395.0
10:40:42,6581.0,6550.0,27.8239,1150.0
10:40:42,6581.0,6555.0,3.5626,409.0
10:40:42,6581.0,6560.0,-1.2745,608.0
10:40:42,6581.0,6565.0,-5.3643,461.0
10:40:42,6581.0,6570.0,-18.7811,752.0
10:40:42,6581.0,6575.0,-21.6169,317.0
10:40:42,6581.0,6580.0,-25.4619,1034.0
10:40:42,6581.0,6585.0,-85.1297,539.0
10:40:42,6581.0,6590.0,-153.892,532.0
10:40:42,6581.0,6595.0,-1.4643,407.0
10:40:42,6581.0,6600.0,-65.4459,2109.0
10:40:42,6581.0,6605.0,-5.6084,503.0
10:40:42,6581.0,6610.0,39.7126,838.0
10:40:42,6581.0,6615.0,10.5431,353.0
10:40:42,6581.0,6620.0,7.4316,765.0
10:40:42,6581.0,6625.0,-0.5206,790.0
10:40:42,6581.0,6630.0,-0.8262,686.0
10:40:42,6581.0,6635.0,23.5871,212.0
10:40:42,6581.0,6640.0,6.4802,788.0
10:40:42,6581.0,6645.0,8.5705,425.0
10:40:42,6581.0,6650.0,2.7118,1423.0
10:40:42,6581.0,6655.0,26.412,602.0
10:42:52,6581.0,6510.0,-89.3329,183.0
10:42:52,6581.0,6515.0,-88.5837,200.0
10:42:52,6581.0,6520.0,-79.9164,637.0
10:42:52,6581.0,6525.0,-67.5896,284.0
10:42:52,6581.0,6530.0,-121.4351,674.0
10:42:52,6581.0,6535.0,-29.5951,401.0
10:42:52,6581.0,6540.0,-43.9043,548.0
10:42:52,6581.0,6545.0,-7.5251,398.0
10:42:52,6581.0,6550.0,27.4106,1151.0
10:42:52,6581.0,6555.0,3.5322,410.0
10:42:52,6581.0,6560.0,-1.2671,611.0
10:42:52,6581.0,6565.0,-5.35,462.0
10:42:52,6581.0,6570.0,-18.8691,756.0
10:42:52,6581.0,6575.0,-21.6169,320.0
10:42:52,6581.0,6580.0,-25.1589,1035.0
10:42:52,6581.0,6585.0,-85.1297,539.0
10:42:52,6581.0,6590.0,-152.5846,532.0
10:42:52,6581.0,6595.0,-1.4939,407.0
10:42:52,6581.0,6600.0,-67.2894,2116.0
10:42:52,6581.0,6605.0,-5.7838,503.0
10:42:52,6581.0,6610.0,41.1537,840.0
10:42:52,6581.0,6615.0,10.9651,355.0
10:42:52,6581.0,6620.0,7.769,765.0
10:42:52,6581.0,6625.0,6.5025,790.0
10:42:52,6581.0,6630.0,-0.8246,696.0
10:42:52,6581.0,6635.0,23.5871,212.0
10:42:52,6581.0,6640.0,4.3599,788.0
10:42:52,6581.0,6645.0,9.1792,425.0
10:42:52,6581.0,6650.0,2.9133,1426.0
10:42:52,6581.0,6655.0,28.4598,605.0
10:45:02,6581.0,6510.0,-89.3329,183.0
10:45:02,6581.0,6515.0,-88.5837,200.0
10:45:02,6581.0,6520.0,-79.9164,638.0
10:45:02,6581.0,6525.0,-65.304,284.0
10:45:02,6581.0,6530.0,-117.7055,674.0
10:45:02,6581.0,6535.0,-28.7214,404.0
10:45:02,6581.0,6540.0,-43.8348,551.0
10:45:02,6581.0,6545.0,-7.5103,398.0
10:45:02,6581.0,6550.0,28.025,1156.0
10:45:02,6581.0,6555.0,3.3225,410.0
10:45:02,6581.0,6560.0,-1.2671,611.0
10:45:02,6581.0,6565.0,-5.3343,463.0
10:45:02,6581.0,6570.0,-18.7168,757.0
10:45:02,6581.0,6575.0,-21.7145,323.0
10:45:02,6581.0,6580.0,-25.6992,1035.0
10:45:02,6581.0,6585.0,-86.0881,540.0
10:45:02,6581.0,6590.0,-152.5846,532.0
10:45:02,6581.0,6595.0,-1.4971,407.0
10:45:02,6581.0,6600.0,-67.3446,2116.0
10:45:02,6581.0,6605.0,-5.7995,504.0
10:45:02,6581.0,6610.0,41.1537,841.0
10:45:02,6581.0,6615.0,10.9038,356.0
10:45:02,6581.0,6620.0,7.7562,766.0
10:45:02,6581.0,6625.0,-0.5467,790.0
10:45:02,6581.0,6630.0,-0.8727,697.0
10:45:02,6581.0,6635.0,25.0971,213.0
10:45:02,6581.0,6640.0,4.3599,788.0
10:45:02,6581.0,6645.0,9.1792,426.0
10:45:02,6581.0,6650.0,2.9133,1427.0
10:45:02,6581.0,6655.0,28.4598,607.0
10:47:12,6581.0,6510.0,-88.3798,186.0
10:47:12,6581.0,6515.0,-87.7112,201.0
10:47:12,6581.0,6520.0,-79.8175,638.0
10:47:12,6581.0,6525.0,-64.8616,284.0
10:47:12,6581.0,6530.0,-116.996,676.0
10:47:12,6581.0,6535.0,-28.5622,404.0
10:47:12,6581.0,6540.0,-43.6067,551.0
10:47:12,6581.0,6545.0,-7.5103,400.0
10:47:12,6581.0,6550.0,28.025,1161.0
10:47:12,6581.0,6555.0,3.3225,411.0
10:47:12,6581.0,6560.0,-1.2671,614.0
10:47:12,6581.0,6565.0,-5.3343,463.0
10:47:12,6581.0,6570.0,-18.675,757.0
10:47:12,6581.0,6575.0,-21.7615,324.0
10:47:12,6581.0,6580.0,-25.7379,1035.0
10:47:12,6581.0,6585.0,-86.5745,541.0
10:47:12,6581.0,6590.0,-157.3669,532.0
10:47:12,6581.0,6595.0,-1.4971,416.0
10:47:12,6581.0,6600.0,-67.3446,2118.0
10:47:12,6581.0,6605.0,-5.7995,507.0
10:47:12,6581.0,6610.0,41.1537,847.0
10:47:12,6581.0,6615.0,10.9038,356.0
10:47:12,6581.0,6620.0,7.2199,766.0
10:47:12,6581.0,6625.0,-0.5539,790.0
10:47:12,6581.0,6630.0,-0.8841,698.0
10:47:12,6581.0,6635.0,25.4222,214.0
10:47:12,6581.0,6640.0,7.0162,795.0
10:47:12,6581.0,6645.0,9.3179,426.0
10:47:12,6581.0,6650.0,2.7854,1428.0
10:47:12,6581.0,6655.0,28.9498,609.0
10:49:22,6581.0,6510.0,-90.1849,189.0
10:49:22,6581.0,6515.0,-89.9763,203.0
10:49:22,6581.0,6520.0,-81.1269,644.0
10:49:22,6581.0,6525.0,-64.8616,284.0
10:49:22,6581.0,6530.0,-116.996,676.0
10:49:22,6581.0,6535.0,-28.5622,404.0
10:49:22,6581.0,6540.0,-43.6067,553.0
10:49:22,6581.0,6545.0,-7.4807,400.0
10:49:22,6581.0,6550.0,27.7675,1171.0
10:49:22,6581.0,6555.0,3.5567,411.0
10:49:22,6581.0,6560.0,-1.2759,621.0
10:49:22,6581.0,6565.0,-5.3752,466.0
10:49:22,6581.0,6570.0,-18.8963,760.0
10:49:22,6581.0,6575.0,-21.8064,327.0
10:49:22,6581.0,6580.0,-25.7487,1036.0
10:49:22,6581.0,6585.0,-86.4186,541.0
10:49:22,6581.0,6590.0,-156.8809,532.0
10:49:22,6581.0,6595.0,-1.4961,422.0
10:49:22,6581.0,6600.0,-67.9865,2120.0
10:49:22,6581.0,6605.0,-5.8416,523.0
10:49:22,6581.0,6610.0,41.4733,847.0
10:49:22,6581.0,6615.0,10.8981,357.0
10:49:22,6581.0,6620.0,7.8561,775.0
10:49:22,6581.0,6625.0,-0.5539,793.0
10:49:22,6581.0,6630.0,-0.8841,701.0
10:49:22,6581.0,6635.0,25.4222,214.0
10:49:22,6581.0,6640.0,6.8903,799.0
10:49:22,6581.0,6645.0,9.0068,426.0
10:49:22,6581.0,6650.0,2.8909,1429.0
10:49:22,6581.0,6655.0,27.848,611.0
10:51:32,6581.0,6510.0,-90.1849,189.0
10:51:32,6581.0,6515.0,-89.9763,203.0
10:51:32,6581.0,6520.0,-80.8676,644.0
10:51:32,6581.0,6525.0,-67.8647,284.0
10:51:32,6581.0,6530.0,-116.996,686.0
10:51:32,6581.0,6535.0,-28.5622,405.0
10:51:32,6581.0,6540.0,-43.6067,557.0
10:51:32,6581.0,6545.0,-7.4807,400.0
10:51:32,6581.0,6550.0,27.7675,1172.0
10:51:32,6581.0,6555.0,3.5567,411.0
10:51:32,6581.0,6560.0,-1.2759,623.0
10:51:32,6581.0,6565.0,-5.3752,466.0
10:51:32,6581.0,6570.0,-19.0777,763.0
10:51:32,6581.0,6575.0,-22.0482,330.0
10:51:32,6581.0,6580.0,-26.0339,1036.0
10:51:32,6581.0,6585.0,-87.2457,541.0
10:51:32,6581.0,6590.0,-158.0955,532.0
10:51:32,6581.0,6595.0,-1.4961,422.0
10:51:32,6581.0,6600.0,-67.9865,2120.0
10:51:32,6581.0,6605.0,-5.8416,523.0
10:51:32,6581.0,6610.0,41.4733,847.0
10:51:32,6581.0,6615.0,10.8981,357.0
10:51:32,6581.0,6620.0,7.8561,773.0
10:51:32,6581.0,6625.0,-0.5539,793.0
10:51:32,6581.0,6630.0,-0.8841,701.0
10:51:32,6581.0,6635.0,25.4222,215.0
10:51:32,6581.0,6640.0,6.8012,806.0
10:51:32,6581.0,6645.0,9.0068,426.0
10:51:32,6581.0,6650.0,2.8909,1432.0
10:51:32,6581.0,6655.0,27.848,613.0
10:53:43,6581.0,6510.0,-92.8882,189.0
10:53:43,6581.0,6515.0,-92.0143,204.0
10:53:43,6581.0,6520.0,-82.9447,644.0
10:53:43,6581.0,6525.0,-67.8093,284.0
10:53:43,6581.0,6530.0,-120.8176,690.0
10:53:43,6581.0,6535.0,-29.476,406.0
10:53:43,6581.0,6540.0,-44.7845,559.0
10:53:43,6581.0,6545.0,-7.6771,402.0
10:53:43,6581.0,6550.0,28.306,1172.0
10:53:43,6581.0,6555.0,3.623,414.0
10:53:43,6581.0,6560.0,-1.297,623.0
10:53:43,6581.0,6565.0,-5.4606,466.0
10:53:43,6581.0,6570.0,-19.122,785.0
10:53:43,6581.0,6575.0,-22.0365,330.0
10:53:43,6581.0,6580.0,-25.9612,1036.0
10:53:43,6581.0,6585.0,-86.8774,541.0
10:53:43,6581.0,6590.0,-157.0856,532.0
10:53:43,6581.0,6595.0,-1.4953,425.0
10:53:43,6581.0,6600.0,-66.2888,2123.0
10:53:43,6581.0,6605.0,-5.6676,519.0
10:53:43,6581.0,6610.0,40.603,847.0
10:53:43,6581.0,6615.0,10.7817,357.0
10:53:43,6581.0,6620.0,7.7033,773.0
10:53:43,6581.0,6625.0,-0.5406,793.0
10:53:43,6581.0,6630.0,-0.8589,701.0
10:53:43,6581.0,6635.0,24.1155,217.0
10:53:43,6581.0,6640.0,6.4682,806.0
10:53:43,6581.0,6645.0,8.7313,427.0
10:53:43,6581.0,6650.0,2.6907,1436.0
10:53:43,6581.0,6655.0,26.8025,614.0
10:55:53,6581.0,6510.0,-88.5128,191.0
10:55:53,6581.0,6515.0,-87.9673,205.0
10:55:53,6581.0,6520.0,-82.9447,648.0
10:55:53,6581.0,6525.0,-65.2027,284.0
10:55:53,6581.0,6530.0,-117.7815,715.0
10:55:53,6581.0,6535.0,-28.8087,406.0
10:55:53,6581.0,6540.0,-44.0506,559.0
10:55:53,6581.0,6545.0,-7.5689,405.0
10:55:53,6581.0,6550.0,27.6357,1177.0
10:55:53,6581.0,6555.0,3.5554,417.0
10:55:53,6581.0,6560.0,-1.2793,625.0
10:55:53,6581.0,6565.0,-5.4243,467.0
10:55:53,6581.0,6570.0,-19.0994,810.0
10:55:53,6581.0,6575.0,-22.1046,332.0
10:55:53,6581.0,6580.0,-26.1921,1037.0
10:55:53,6581.0,6585.0,-88.0693,541.0
10:55:53,6581.0,6590.0,-159.8195,532.0
10:55:53,6581.0,6595.0,-1.5303,431.0
10:55:53,6581.0,6600.0,-68.7399,2127.0
10:55:53,6581.0,6605.0,-5.9142,527.0
10:55:53,6581.0,6610.0,42.049,852.0
10:55:53,6581.0,6615.0,11.2149,359.0
10:55:53,6581.0,6620.0,7.943,776.0
10:55:53,6581.0,6625.0,-0.5594,797.0
10:55:53,6581.0,6630.0,-0.892,701.0
10:55:53,6581.0,6635.0,25.6203,218.0
10:55:53,6581.0,6640.0,7.0607,813.0
10:55:53,6581.0,6645.0,9.3603,428.0
10:55:53,6581.0,6650.0,2.9682,1436.0
10:55:53,6581.0,6655.0,28.9722,616.0
10:58:03,6581.0,6510.0,-85.2592,191.0
10:58:03,6581.0,6515.0,-84.955,207.0
10:58:03,6581.0,6520.0,-75.2968,649.0
10:58:03,6581.0,6525.0,-65.2027,284.0
10:58:03,6581.0,6530.0,-114.7879,719.0
10:58:03,6581.0,6535.0,-28.1589,406.0
10:58:03,6581.0,6540.0,-43.1675,560.0
10:58:03,6581.0,6545.0,-7.4318,405.0
10:58:03,6581.0,6550.0,27.2041,1184.0
10:58:03,6581.0,6555.0,4.0049,418.0
10:58:03,6581.0,6560.0,-1.2793,628.0
10:58:03,6581.0,6565.0,-5.4243,470.0
10:58:03,6581.0,6570.0,-19.0994,814.0
10:58:03,6581.0,6575.0,-22.1046,332.0
10:58:03,6581.0,6580.0,-26.2703,1041.0
10:58:03,6581.0,6585.0,-88.6789,541.0
10:58:03,6581.0,6590.0,-159.8195,533.0
10:58:03,6581.0,6595.0,-1.5303,431.0
10:58:03,6581.0,6600.0,-68.7399,2136.0
10:58:03,6581.0,6605.0,-5.9142,529.0
10:58:03,6581.0,6610.0,43.1677,852.0
10:58:03,6581.0,6615.0,11.5587,367.0
10:58:03,6581.0,6620.0,8.2053,776.0
10:58:03,6581.0,6625.0,-0.5794,801.0
10:58:03,6581.0,6630.0,-0.9273,708.0
10:58:03,6581.0,6635.0,26.7314,218.0
10:58:03,6581.0,6640.0,7.0607,816.0
10:58:03,6581.0,6645.0,9.8266,432.0
10:58:03,6581.0,6650.0,3.1241,1441.0
10:58:03,6581.0,6655.0,30.5649,620.0
11:00:13,6581.0,6510.0,-81.2976,192.0
11:00:13,6581.0,6515.0,-81.1998,207.0
11:00:13,6581.0,6520.0,-73.7916,649.0
11:00:13,6581.0,6525.0,-60.8183,285.0
11:00:13,6581.0,6530.0,-112.8818,719.0
11:00:13,6581.0,6535.0,-27.7602,406.0
11:00:13,6581.0,6540.0,-41.8765,562.0
11:00:13,6581.0,6545.0,-7.2399,406.0
11:00:13,6581.0,6550.0,26.5678,1185.0
11:00:13,6581.0,6555.0,3.4454,418.0
11:00:13,6581.0,6560.0,-1.2476,628.0
11:00:13,6581.0,6565.0,-5.3257,472.0
11:00:13,6581.0,6570.0,-18.8637,817.0
11:00:13,6581.0,6575.0,-21.9715,332.0
11:00:13,6581.0,6580.0,-26.2073,1045.0
11:00:13,6581.0,6585.0,-88.8894,543.0
11:00:13,6581.0,6590.0,-162.7766,534.0
11:00:13,6581.0,6595.0,-1.5675,432.0
11:00:13,6581.0,6600.0,-71.0101,2136.0
11:00:13,6581.0,6605.0,-6.1708,529.0
11:00:13,6581.0,6610.0,44.2511,852.0
11:00:13,6581.0,6615.0,11.8964,368.0
11:00:13,6581.0,6620.0,8.4789,778.0
11:00:13,6581.0,6625.0,-0.6011,804.0
11:00:13,6581.0,6630.0,-0.966,708.0
11:00:13,6581.0,6635.0,27.9758,218.0
11:00:13,6581.0,6640.0,7.7709,826.0
11:00:13,6581.0,6645.0,10.3783,436.0
11:00:13,6581.0,6650.0,3.3122,1443.0
11:00:13,6581.0,6655.0,32.5089,620.0
11:02:23,6581.0,6510.0,-84.8579,194.0
11:02:23,6581.0,6515.0,-84.5083,209.0
11:02:23,6581.0,6520.0,-76.6205,650.0
11:02:23,6581.0,6525.0,-63.866,285.0
11:02:23,6581.0,6530.0,-112.8818,720.0
11:02:23,6581.0,6535.0,-27.7602,406.0
11:02:23,6581.0,6540.0,-41.8765,565.0
11:02:23,6581.0,6545.0,-7.2399,408.0
11:02:23,6581.0,6550.0,27.7886,1185.0
11:02:23,6581.0,6555.0,3.509,422.0
11:02:23,6581.0,6560.0,-1.2668,629.0
11:02:23,6581.0,6565.0,-5.4325,474.0
11:02:23,6581.0,6570.0,-19.145,820.0
11:02:23,6581.0,6575.0,-22.1457,333.0
11:02:23,6581.0,6580.0,-26.1668,1051.0
11:02:23,6581.0,6585.0,-88.0802,546.0
11:02:23,6581.0,6590.0,-159.6288,534.0
11:02:23,6581.0,6595.0,-1.5254,434.0
11:02:23,6581.0,6600.0,-68.4209,2141.0
11:02:23,6581.0,6605.0,-5.8911,529.0
11:02:23,6581.0,6610.0,43.3786,852.0
11:02:23,6581.0,6615.0,11.6193,368.0
11:02:23,6581.0,6620.0,8.4789,781.0
11:02:23,6581.0,6625.0,-0.6011,805.0
11:02:23,6581.0,6630.0,-0.966,711.0
11:02:23,6581.0,6635.0,27.9758,220.0
11:02:23,6581.0,6640.0,7.4278,850.0
11:02:23,6581.0,6645.0,9.8734,445.0
11:02:23,6581.0,6650.0,3.137,1445.0
11:02:23,6581.0,6655.0,28.3285,641.0
11:04:34,6581.0,6510.0,-84.8579,196.0
11:04:34,6581.0,6515.0,-84.5083,212.0
11:04:34,6581.0,6520.0,-80.9784,652.0
11:04:34,6581.0,6525.0,-66.2235,286.0
11:04:34,6581.0,6530.0,-112.8818,752.0
11:04:34,6581.0,6535.0,-27.7602,408.0
11:04:34,6581.0,6540.0,-41.8765,566.0
11:04:34,6581.0,6545.0,-7.2399,415.0
11:04:34,6581.0,6550.0,27.7886,1185.0
11:04:34,6581.0,6555.0,3.509,424.0
11:04:34,6581.0,6560.0,-1.2668,629.0
11:04:34,6581.0,6565.0,-5.4325,486.0
11:04:34,6581.0,6570.0,-19.145,830.0
11:04:34,6581.0,6575.0,-22.2675,341.0
11:04:34,6581.0,6580.0,-26.0439,1061.0
11:04:34,6581.0,6585.0,-87.4155,554.0
11:04:34,6581.0,6590.0,-159.6288,541.0
11:04:34,6581.0,6595.0,-1.5254,438.0
11:04:34,6581.0,6600.0,-68.4209,2159.0
11:04:34,6581.0,6605.0,-5.8911,670.0
11:04:34,6581.0,6610.0,43.3786,857.0
11:04:34,6581.0,6615.0,11.6193,376.0
11:04:34,6581.0,6620.0,8.4789,781.0
11:04:34,6581.0,6625.0,-0.6011,807.0
11:04:34,6581.0,6630.0,-0.966,711.0
11:04:34,6581.0,6635.0,27.9758,220.0
11:04:34,6581.0,6640.0,6.8362,850.0
11:04:34,6581.0,6645.0,9.8734,447.0
11:04:34,6581.0,6650.0,3.137,1448.0
11:04:34,6581.0,6655.0,28.3285,644.0
11:06:44,6581.0,6510.0,-85.4685,199.0
11:06:44,6581.0,6515.0,-85.1269,213.0
11:06:44,6581.0,6520.0,-82.0874,652.0
11:06:44,6581.0,6525.0,-63.5439,287.0
11:06:44,6581.0,6530.0,-115.3097,752.0
11:06:44,6581.0,6535.0,-29.2217,408.0
11:06:44,6581.0,6540.0,-44.6447,567.0
11:06:44,6581.0,6545.0,-7.6523,415.0
11:06:44,6581.0,6550.0,27.5212,1187.0
11:06:44,6581.0,6555.0,3.5514,424.0
11:06:44,6581.0,6560.0,-1.2793,629.0
11:06:44,6581.0,6565.0,-5.4197,486.0
11:06:44,6581.0,6570.0,-19.0569,830.0
11:06:44,6581.0,6575.0,-22.0722,342.0
11:06:44,6581.0,6580.0,-26.1433,1068.0
11:06:44,6581.0,6585.0,-87.9597,557.0
11:06:44,6581.0,6590.0,-160.0922,541.0
11:06:44,6581.0,6595.0,-1.5322,439.0
11:06:44,6581.0,6600.0,-68.838,2206.0
11:06:44,6581.0,6605.0,-5.9247,810.0
11:06:44,6581.0,6610.0,42.1548,857.0
11:06:44,6581.0,6615.0,11.2602,383.0
11:06:44,6581.0,6620.0,7.7621,781.0
11:06:44,6581.0,6625.0,-0.5452,810.0
11:06:44,6581.0,6630.0,-1.9067,721.0
11:06:44,6581.0,6635.0,26.7125,221.0
11:06:44,6581.0,6640.0,7.3804,851.0
11:06:44,6581.0,6645.0,9.8036,447.0
11:06:44,6581.0,6650.0,3.1132,1448.0
11:06:44,6581.0,6655.0,29.3451,644.0
11:08:54,6581.0,6510.0,-85.4685,202.0
11:08:54,6581.0,6515.0,-85.1269,213.0
11:08:54,6581.0,6520.0,-77.2,653.0
11:08:54,6581.0,6525.0,-61.831,287.0
11:08:54,6581.0,6530.0,-112.5106,769.0
11:08:54,6581.0,6535.0,-27.7287,408.0
11:08:54,6581.0,6540.0,-43.8618,570.0
11:08:54,6581.0,6545.0,-7.5388,415.0
11:08:54,6581.0,6550.0,27.5212,1194.0
11:08:54,6581.0,6555.0,3.5514,425.0
11:08:54,6581.0,6560.0,-1.2793,630.0
11:08:54,6581.0,6565.0,-5.4197,488.0
11:08:54,6581.0,6570.0,-19.0938,834.0
11:08:54,6581.0,6575.0,-22.1726,344.0
11:08:54,6581.0,6580.0,-26.4251,1078.0
11:08:54,6581.0,6585.0,-89.3533,558.0
11:08:54,6581.0,6590.0,-163.414,542.0
11:08:54,6581.0,6595.0,-1.5322,440.0
11:08:54,6581.0,6600.0,-68.838,2249.0
11:08:54,6581.0,6605.0,-5.9247,811.0
11:08:54,6581.0,6610.0,42.1548,857.0
11:08:54,6581.0,6615.0,11.2602,383.0
11:08:54,6581.0,6620.0,7.9876,785.0
11:08:54,6581.0,6625.0,-0.5633,811.0
11:08:54,6581.0,6630.0,-0.955,726.0
11:08:54,6581.0,6635.0,27.6232,224.0
11:08:54,6581.0,6640.0,7.6582,853.0
11:08:54,6581.0,6645.0,9.8036,448.0
11:08:54,6581.0,6650.0,3.1132,1451.0
11:08:54,6581.0,6655.0,30.4179,647.0
11:11:04,6581.0,6510.0,-81.4726,203.0
11:11:04,6581.0,6515.0,-81.3993,214.0
11:11:04,6581.0,6520.0,-77.2,653.0
11:11:04,6581.0,6525.0,-61.831,287.0
11:11:04,6581.0,6530.0,-112.7346,778.0
11:11:04,6581.0,6535.0,-27.4644,408.0
11:11:04,6581.0,6540.0,-42.3292,576.0
11:11:04,6581.0,6545.0,-7.2773,416.0
11:11:04,6581.0,6550.0,26.7174,1195.0
11:11:04,6581.0,6555.0,3.4647,427.0
11:11:04,6581.0,6560.0,-1.2552,630.0
11:11:04,6581.0,6565.0,-5.355,488.0
11:11:04,6581.0,6570.0,-18.9488,837.0
11:11:04,6581.0,6575.0,-22.1726,347.0
11:11:04,6581.0,6580.0,-26.4128,1083.0
11:11:04,6581.0,6585.0,-89.4602,561.0
11:11:04,6581.0,6590.0,-163.414,542.0
11:11:04,6581.0,6595.0,-1.5766,446.0
11:11:04,6581.0,6600.0,-71.372,2291.0
11:11:04,6581.0,6605.0,-6.197,811.0
11:11:04,6581.0,6610.0,44.4059,857.0
11:11:04,6581.0,6615.0,11.9197,384.0
11:11:04,6581.0,6620.0,8.4895,785.0
11:11:04,6581.0,6625.0,-0.6013,811.0
11:11:04,6581.0,6630.0,-0.9664,727.0
11:11:04,6581.0,6635.0,27.6232,225.0
11:11:04,6581.0,6640.0,7.1124,854.0
11:11:04,6581.0,6645.0,10.3674,449.0
11:11:04,6581.0,6650.0,3.3043,1452.0
11:11:04,6581.0,6655.0,32.3911,651.0
11:13:14,6581.0,6510.0,-81.7154,204.0
11:13:14,6581.0,6515.0,-81.9825,215.0
11:13:14,6581.0,6520.0,-74.5049,656.0
11:13:14,6581.0,6525.0,-61.4376,287.0
11:13:14,6581.0,6530.0,-111.7457,780.0
11:13:14,6581.0,6535.0,-27.524,408.0
11:13:14,6581.0,6540.0,-42.2151,583.0
11:13:14,6581.0,6545.0,-7.2789,417.0
11:13:14,6581.0,6550.0,26.6661,1198.0
11:13:14,6581.0,6555.0,3.4565,429.0
11:13:14,6581.0,6560.0,-1.252,630.0
11:13:14,6581.0,6565.0,-5.3253,489.0
11:13:14,6581.0,6570.0,-18.8712,837.0
11:13:14,6581.0,6575.0,-22.0042,350.0
11:13:14,6581.0,6580.0,-26.25,1085.0
11:13:14,6581.0,6585.0,-88.9148,564.0
11:13:14,6581.0,6590.0,-162.5706,543.0
11:13:14,6581.0,6595.0,-1.5656,446.0
11:13:14,6581.0,6600.0,-70.9054,2322.0
11:13:14,6581.0,6605.0,-6.1223,811.0
11:13:14,6581.0,6610.0,43.8702,857.0
11:13:14,6581.0,6615.0,11.7964,391.0
11:13:14,6581.0,6620.0,8.3999,790.0
11:13:14,6581.0,6625.0,-0.5938,812.0
11:13:14,6581.0,6630.0,-0.953,727.0
11:13:14,6581.0,6635.0,27.5822,227.0
11:13:14,6581.0,6640.0,7.6573,862.0
11:13:14,6581.0,6645.0,10.2166,450.0
11:13:14,6581.0,6650.0,3.2571,1468.0
11:13:14,6581.0,6655.0,31.9382,651.0
11:15:24,6581.0,6510.0,-80.8549,204.0
11:15:24,6581.0,6515.0,-81.6331,215.0
11:15:24,6581.0,6520.0,-74.18,657.0
11:15:24,6581.0,6525.0,-61.2591,288.0
11:15:24,6581.0,6530.0,-111.7457,780.0
11:15:24,6581.0,6535.0,-27.524,408.0
11:15:24,6581.0,6540.0,-42.2151,583.0
11:15:24,6581.0,6545.0,-7.2789,417.0
11:15:24,6581.0,6550.0,26.7051,1198.0
11:15:24,6581.0,6555.0,3.4462,429.0
11:15:24,6581.0,6560.0,-1.2493,630.0
11:15:24,6581.0,6565.0,-5.3253,489.0
11:15:24,6581.0,6570.0,-18.8791,839.0
11:15:24,6581.0,6575.0,-21.9937,350.0
11:15:24,6581.0,6580.0,-26.3084,1092.0
11:15:24,6581.0,6585.0,-89.0928,564.0
11:15:24,6581.0,6590.0,-163.3362,545.0
11:15:24,6581.0,6595.0,-1.5739,446.0
11:15:24,6581.0,6600.0,-71.2429,2364.0
11:15:24,6581.0,6605.0,-6.18,811.0
11:15:24,6581.0,6610.0,44.3049,857.0
11:15:24,6581.0,6615.0,11.9113,391.0
11:15:24,6581.0,6620.0,8.3999,792.0
11:15:24,6581.0,6625.0,-0.5938,812.0
11:15:24,6581.0,6630.0,-0.953,728.0
11:15:24,6581.0,6635.0,27.5146,229.0
11:15:24,6581.0,6640.0,7.7077,865.0
11:15:24,6581.0,6645.0,10.2833,452.0
11:15:24,6581.0,6650.0,3.278,1475.0
11:15:24,6581.0,6655.0,32.1385,651.0
11:17:35,6581.0,6510.0,-80.8549,205.0
11:17:35,6581.0,6515.0,-81.6331,215.0
11:17:35,6581.0,6520.0,-74.3711,657.0
11:17:35,6581.0,6525.0,-61.3522,288.0
11:17:35,6581.0,6530.0,-111.5489,780.0
11:17:35,6581.0,6535.0,-27.4741,408.0
11:17:35,6581.0,6540.0,-42.282,584.0
11:17:35,6581.0,6545.0,-7.287,417.0
11:17:35,6581.0,6550.0,26.7371,1200.0
11:17:35,6581.0,6555.0,3.4631,429.0
11:17:35,6581.0,6560.0,-1.2528,630.0
11:17:35,6581.0,6565.0,-5.328,489.0
11:17:35,6581.0,6570.0,-18.8791,839.0
11:17:35,6581.0,6575.0,-22.0054,356.0
11:17:35,6581.0,6580.0,-26.2834,1104.0
11:17:35,6581.0,6585.0,-88.8417,568.0
11:17:35,6581.0,6590.0,-163.3362,561.0
11:17:35,6581.0,6595.0,-1.5677,446.0
11:17:35,6581.0,6600.0,-70.9337,2395.0
11:17:35,6581.0,6605.0,-6.1404,811.0
11:17:35,6581.0,6610.0,43.9866,873.0
11:17:35,6581.0,6615.0,11.8008,392.0
11:17:35,6581.0,6620.0,8.3935,792.0
11:17:35,6581.0,6625.0,-0.5945,813.0
11:17:35,6581.0,6630.0,-0.9551,728.0
11:17:35,6581.0,6635.0,27.6498,230.0
11:17:35,6581.0,6640.0,7.6772,865.0
11:17:35,6581.0,6645.0,10.2833,452.0
11:17:35,6581.0,6650.0,3.278,1475.0
11:17:35,6581.0,6655.0,32.1385,652.0
11:19:45,6581.0,6510.0,-81.8787,206.0
11:19:45,6581.0,6515.0,-81.4068,216.0
11:19:45,6581.0,6520.0,-73.9867,658.0
11:19:45,6581.0,6525.0,-61.0473,289.0
11:19:45,6581.0,6530.0,-111.114,781.0
11:19:45,6581.0,6535.0,-27.5111,408.0
11:19:45,6581.0,6540.0,-42.282,599.0
11:19:45,6581.0,6545.0,-7.287,417.0
11:19:45,6581.0,6550.0,26.7371,1205.0
11:19:45,6581.0,6555.0,3.4631,429.0
11:19:45,6581.0,6560.0,-1.2528,630.0
11:19:45,6581.0,6565.0,-5.328,489.0
11:19:45,6581.0,6570.0,-18.9966,840.0
11:19:45,6581.0,6575.0,-22.1103,358.0
11:19:45,6581.0,6580.0,-26.3686,1107.0
11:19:45,6581.0,6585.0,-89.2102,569.0
11:19:45,6581.0,6590.0,-163.1722,565.0
11:19:45,6581.0,6595.0,-1.5248,446.0
11:19:45,6581.0,6600.0,-70.9337,2426.0
11:19:45,6581.0,6605.0,-6.1404,813.0
11:19:45,6581.0,6610.0,43.9866,896.0
11:19:45,6581.0,6615.0,11.8008,392.0
11:19:45,6581.0,6620.0,8.3935,792.0
11:19:45,6581.0,6625.0,-0.5945,813.0
11:19:45,6581.0,6630.0,-0.9602,728.0
11:19:45,6581.0,6635.0,27.7933,230.0
11:19:45,6581.0,6640.0,7.753,865.0
11:19:45,6581.0,6645.0,10.3427,453.0
11:19:45,6581.0,6650.0,3.2967,1477.0
11:19:45,6581.0,6655.0,32.3163,652.0
11:21:55,6581.0,6510.0,-81.8787,207.0
11:21:55,6581.0,6515.0,-81.4068,223.0
11:21:55,6581.0,6520.0,-73.9867,664.0
11:21:55,6581.0,6525.0,-61.849,290.0
11:21:55,6581.0,6530.0,-112.4316,782.0
11:21:55,6581.0,6535.0,-27.6555,408.0
11:21:55,6581.0,6540.0,-42.4038,600.0
11:21:55,6581.0,6545.0,-7.2462,418.0
11:21:55,6581.0,6550.0,26.7933,1206.0
11:21:55,6581.0,6555.0,3.4732,430.0
11:21:55,6581.0,6560.0,-1.2578,633.0
11:21:55,6581.0,6565.0,-5.3527,489.0
11:21:55,6581.0,6570.0,-18.9966,840.0
11:21:55,6581.0,6575.0,-22.1445,358.0
11:21:55,6581.0,6580.0,-26.4056,1109.0
11:21:55,6581.0,6585.0,-89.1962,570.0
11:21:55,6581.0,6590.0,-163.0069,567.0
11:21:55,6581.0,6595.0,-1.5696,446.0
11:21:55,6581.0,6600.0,-70.9972,2446.0
11:21:55,6581.0,6605.0,-6.1512,813.0
11:21:55,6581.0,6610.0,44.0586,896.0
11:21:55,6581.0,6615.0,11.8316,395.0
11:21:55,6581.0,6620.0,8.6007,792.0
11:21:55,6581.0,6625.0,-0.5936,813.0
11:21:55,6581.0,6630.0,-0.9521,730.0
11:21:55,6581.0,6635.0,27.5245,230.0
11:21:55,6581.0,6640.0,7.6294,869.0
11:21:55,6581.0,6645.0,10.3427,453.0
11:21:55,6581.0,6650.0,3.2967,1479.0
11:21:55,6581.0,6655.0,32.3163,654.0
11:24:05,6581.0,6510.0,-82.2254,209.0
11:24:05,6581.0,6515.0,-82.097,224.0
11:24:05,6581.0,6520.0,-74.6509,664.0
11:24:05,6581.0,6525.0,-61.5109,290.0
11:24:05,6581.0,6530.0,-112.4316,782.0
11:24:05,6581.0,6535.0,-27.6555,408.0
11:24:05,6581.0,6540.0,-42.4038,612.0
11:24:05,6581.0,6545.0,-7.2462,418.0
11:24:05,6581.0,6550.0,26.7933,1208.0
11:24:05,6581.0,6555.0,3.4732,430.0
11:24:05,6581.0,6560.0,-1.2578,633.0
11:24:05,6581.0,6565.0,-5.3527,490.0
11:24:05,6581.0,6570.0,-19.0342,842.0
11:24:05,6581.0,6575.0,-22.1649,362.0
11:24:05,6581.0,6580.0,-26.4056,1126.0
11:24:05,6581.0,6585.0,-89.5358,571.0
11:24:05,6581.0,6590.0,-163.707,568.0
11:24:05,6581.0,6595.0,-1.5696,447.0
11:24:05,6581.0,6600.0,-70.9972,2466.0
11:24:05,6581.0,6605.0,-6.1512,813.0
11:24:05,6581.0,6610.0,44.0586,896.0
11:24:05,6581.0,6615.0,11.8316,398.0
11:24:05,6581.0,6620.0,8.6007,792.0
11:24:05,6581.0,6625.0,-0.5936,813.0
11:24:05,6581.0,6630.0,-0.9521,730.0
11:24:05,6581.0,6635.0,27.5245,232.0
11:24:05,6581.0,6640.0,7.6959,869.0
11:24:05,6581.0,6645.0,10.4662,453.0
11:24:05,6581.0,6650.0,3.2647,1480.0
11:24:05,6581.0,6655.0,31.9718,654.0
11:26:15,6581.0,6510.0,-84.2281,210.0
11:26:15,6581.0,6515.0,-83.899,225.0
11:26:15,6581.0,6520.0,-76.1086,664.0
11:26:15,6581.0,6525.0,-63.103,290.0
11:26:15,6581.0,6530.0,-111.9621,782.0
11:26:15,6581.0,6535.0,-27.5877,416.0
11:26:15,6581.0,6540.0,-42.3709,614.0
11:26:15,6581.0,6545.0,-7.307,418.0
11:26:15,6581.0,6550.0,27.2084,1210.0
11:26:15,6581.0,6555.0,3.5171,431.0
11:26:15,6581.0,6560.0,-1.274,634.0
11:26:15,6581.0,6565.0,-5.4156,491.0
11:26:15,6581.0,6570.0,-19.1645,845.0
11:26:15,6581.0,6575.0,-22.2595,362.0
11:26:15,6581.0,6580.0,-26.459,1135.0
11:26:15,6581.0,6585.0,-89.3754,573.0
11:26:15,6581.0,6590.0,-163.3325,570.0
11:26:15,6581.0,6595.0,-1.5675,448.0
11:26:15,6581.0,6600.0,-70.7617,2486.0
11:26:15,6581.0,6605.0,-6.1292,814.0
11:26:15,6581.0,6610.0,43.7584,946.0
11:26:15,6581.0,6615.0,11.6883,398.0
11:26:15,6581.0,6620.0,8.4603,836.0
11:26:15,6581.0,6625.0,-0.5986,813.0
11:26:15,6581.0,6630.0,-0.9603,730.0
11:26:15,6581.0,6635.0,27.7609,232.0
11:26:15,6581.0,6640.0,7.4896,870.0
11:26:15,6581.0,6645.0,9.9537,454.0
11:26:15,6581.0,6650.0,3.1619,1480.0
11:26:15,6581.0,6655.0,30.8894,656.0
11:28:26,6581.0,6510.0,-84.9821,211.0
11:28:26,6581.0,6515.0,-84.6957,226.0
11:28:26,6581.0,6520.0,-76.8738,664.0
11:28:26,6581.0,6525.0,-63.3187,290.0
11:28:26,6581.0,6530.0,-113.9537,788.0
11:28:26,6581.0,6535.0,-28.0488,418.0
11:28:26,6581.0,6540.0,-43.0718,616.0
11:28:26,6581.0,6545.0,-7.4363,418.0
11:28:26,6581.0,6550.0,27.2636,1212.0
11:28:26,6581.0,6555.0,3.5345,434.0
11:28:26,6581.0,6560.0,-1.2766,634.0
11:28:26,6581.0,6565.0,-5.4223,495.0
11:28:26,6581.0,6570.0,-19.141,846.0
11:28:26,6581.0,6575.0,-22.3026,364.0
11:28:26,6581.0,6580.0,-26.5104,1143.0
11:28:26,6581.0,6585.0,-89.5441,573.0
11:28:26,6581.0,6590.0,-163.1164,570.0
11:28:26,6581.0,6595.0,-1.5684,451.0
11:28:26,6581.0,6600.0,-70.6632,2486.0
11:28:26,6581.0,6605.0,-6.1148,814.0
11:28:26,6581.0,6610.0,43.6583,951.0
11:28:26,6581.0,6615.0,11.6653,399.0
11:28:26,6581.0,6620.0,8.3154,836.0
11:28:26,6581.0,6625.0,-0.5878,817.0
11:28:26,6581.0,6630.0,-0.9406,765.0
11:28:26,6581.0,6635.0,27.1816,232.0
11:28:26,6581.0,6640.0,7.4294,872.0
11:28:26,6581.0,6645.0,9.8667,455.0
11:28:26,6581.0,6650.0,3.1325,1482.0
11:28:26,6581.0,6655.0,30.5997,657.0
11:30:36,6581.0,6510.0,-137.6697,212.0
11:30:36,6581.0,6515.0,-182.6171,227.0
11:30:36,6581.0,6520.0,-69.2993,667.0
11:30:36,6581.0,6525.0,-383.3828,291.0
11:30:36,6581.0,6530.0,-252.058,792.0
11:30:36,6581.0,6535.0,-112.3774,425.0
11:30:36,6581.0,6540.0,-122.9812,619.0
11:30:36,6581.0,6545.0,15.851,426.0
11:30:36,6581.0,6550.0,67.2503,1219.0
11:30:36,6581.0,6555.0,10.1876,439.0
11:30:36,6581.0,6560.0,-96.1669,638.0
11:30:36,6581.0,6565.0,-41.8605,501.0
11:30:36,6581.0,6570.0,-56.6954,846.0
11:30:36,6581.0,6575.0,-121.9221,369.0
11:30:36,6581.0,6580.0,-85.0052,1151.0
11:30:36,6581.0,6585.0,6.7831,580.0
11:30:36,6581.0,6590.0,-118.2062,578.0
11:30:36,6581.0,6595.0,-38.7615,455.0
11:30:36,6581.0,6600.0,-106.327,2508.0
11:30:36,6581.0,6605.0,39.7461,814.0
11:30:36,6581.0,6610.0,-6.2063,953.0
11:30:36,6581.0,6615.0,57.4932,400.0
11:30:36,6581.0,6620.0,-31.0305,838.0
11:30:36,6581.0,6625.0,125.1937,818.0
11:30:36,6581.0,6630.0,38.7548,769.0
11:30:36,6581.0,6635.0,-21.1891,234.0
11:30:36,6581.0,6640.0,-22.6259,872.0
11:30:36,6581.0,6645.0,51.8684,459.0
11:30:36,6581.0,6650.0,216.49,1485.0
11:30:36,6581.0,6655.0,153.3107,659.0
11:32:46,6581.0,6510.0,-137.6697,218.0
11:32:46,6581.0,6515.0,-182.6171,227.0
11:32:46,6581.0,6520.0,-146.456,667.0
11:32:46,6581.0,6525.0,-376.0043,291.0
11:32:46,6581.0,6530.0,-173.9,794.0
11:32:46,6581.0,6535.0,-116.6676,425.0
11:32:46,6581.0,6540.0,-127.7193,619.0
11:32:46,6581.0,6545.0,-61.0926,426.0
11:32:46,6581.0,6550.0,-259.2615,1220.0
11:32:46,6581.0,6555.0,-41.1442,440.0
11:32:46,6581.0,6560.0,-55.0464,640.0
11:32:46,6581.0,6565.0,-42.8072,501.0
11:32:46,6581.0,6570.0,-58.8303,846.0
11:32:46,6581.0,6575.0,-121.723,371.0
11:32:46,6581.0,6580.0,-85.1417,1154.0
11:32:46,6581.0,6585.0,-82.38,580.0
11:32:46,6581.0,6590.0,-163.066,578.0
11:32:46,6581.0,6595.0,-38.5047,455.0
11:32:46,6581.0,6600.0,-105.081,2509.0
11:32:46,6581.0,6605.0,39.0253,815.0
11:32:46,6581.0,6610.0,79.4895,954.0
11:32:46,6581.0,6615.0,56.6896,400.0
11:32:46,6581.0,6620.0,-30.3481,841.0
11:32:46,6581.0,6625.0,59.418,819.0
11:32:46,6581.0,6630.0,37.5659,773.0
11:32:46,6581.0,6635.0,34.7865,235.0
11:32:46,6581.0,6640.0,66.992,872.0
11:32:46,6581.0,6645.0,51.8684,459.0
11:32:46,6581.0,6650.0,216.49,1486.0
11:32:46,6581.0,6655.0,153.3107,660.0
11:34:56,6581.0,6510.0,-136.4495,218.0
11:34:56,6581.0,6515.0,-180.9438,227.0
11:34:56,6581.0,6520.0,-145.2152,667.0
11:34:56,6581.0,6525.0,-380.3397,291.0
11:34:56,6581.0,6530.0,-175.2646,796.0
11:34:56,6581.0,6535.0,-117.8006,425.0
11:34:56,6581.0,6540.0,-128.5621,620.0
11:34:56,6581.0,6545.0,-61.4484,427.0
11:34:56,6581.0,6550.0,-260.2823,1224.0
11:34:56,6581.0,6555.0,-41.1086,443.0
11:34:56,6581.0,6560.0,-55.4949,641.0
11:34:56,6581.0,6565.0,-42.7834,501.0
11:34:56,6581.0,6570.0,-58.7091,850.0
11:34:56,6581.0,6575.0,-121.9843,375.0
11:34:56,6581.0,6580.0,-85.038,1158.0
11:34:56,6581.0,6585.0,-82.2975,581.0
11:34:56,6581.0,6590.0,-162.6568,579.0
11:34:56,6581.0,6595.0,-38.5423,455.0
11:34:56,6581.0,6600.0,-105.1348,2523.0
11:34:56,6581.0,6605.0,39.054,817.0
11:34:56,6581.0,6610.0,78.6571,956.0
11:34:56,6581.0,6615.0,55.9965,400.0
11:34:56,6581.0,6620.0,-29.9486,851.0
11:34:56,6581.0,6625.0,58.601,821.0
11:34:56,6581.0,6630.0,36.8844,774.0
11:34:56,6581.0,6635.0,34.1113,240.0
11:34:56,6581.0,6640.0,65.8836,872.0
11:34:56,6581.0,6645.0,52.4465,459.0
11:34:56,6581.0,6650.0,219.1408,1500.0
11:34:56,6581.0,6655.0,152.041,662.0
11:37:06,6581.0,6510.0,-136.4495,219.0
11:37:06,6581.0,6515.0,-180.9438,227.0
11:37:06,6581.0,6520.0,-145.4367,667.0
11:37:06,6581.0,6525.0,-376.8961,291.0
11:37:06,6581.0,6530.0,-175.2646,797.0
11:37:06,6581.0,6535.0,-117.8006,435.0
11:37:06,6581.0,6540.0,-128.5621,621.0
11:37:06,6581.0,6545.0,-61.4484,429.0
11:37:06,6581.0,6550.0,-260.2823,1225.0
11:37:06,6581.0,6555.0,-41.1086,443.0
11:37:06,6581.0,6560.0,-55.4949,645.0
11:37:06,6581.0,6565.0,-42.7834,503.0
11:37:06,6581.0,6570.0,-58.6674,857.0
11:37:06,6581.0,6575.0,-121.3,378.0
11:37:06,6581.0,6580.0,-84.1326,1162.0
11:37:06,6581.0,6585.0,-81.7247,582.0
11:37:06,6581.0,6590.0,-161.2105,579.0
11:37:06,6581.0,6595.0,-38.5423,471.0
11:37:06,6581.0,6600.0,-105.1348,2533.0
11:37:06,6581.0,6605.0,39.054,817.0
11:37:06,6581.0,6610.0,78.6571,959.0
11:37:06,6581.0,6615.0,55.9965,401.0
11:37:06,6581.0,6620.0,-29.9486,851.0
11:37:06,6581.0,6625.0,58.601,821.0
11:37:06,6581.0,6630.0,36.8844,775.0
11:37:06,6581.0,6635.0,34.1113,240.0
11:37:06,6581.0,6640.0,66.1965,874.0
11:37:06,6581.0,6645.0,52.4465,459.0
11:37:06,6581.0,6650.0,219.1408,1503.0
11:37:06,6581.0,6655.0,152.041,662.0
11:39:17,6581.0,6510.0,-135.3032,219.0
11:39:17,6581.0,6515.0,-175.0453,227.0
11:39:17,6581.0,6520.0,-140.6912,669.0
11:39:17,6581.0,6525.0,-369.5537,293.0
11:39:17,6581.0,6530.0,-173.8207,799.0
11:39:17,6581.0,6535.0,-117.3002,438.0
11:39:17,6581.0,6540.0,-128.2348,622.0
11:39:17,6581.0,6545.0,-61.2414,435.0
11:39:17,6581.0,6550.0,-257.4252,1225.0
11:39:17,6581.0,6555.0,-40.7735,443.0
11:39:17,6581.0,6560.0,-55.4388,646.0
11:39:17,6581.0,6565.0,-42.6939,504.0
11:39:17,6581.0,6570.0,-58.7128,857.0
11:39:17,6581.0,6575.0,-122.0961,379.0
11:39:17,6581.0,6580.0,-85.3585,1164.0
11:39:17,6581.0,6585.0,-82.6509,584.0
11:39:17,6581.0,6590.0,-163.7777,580.0
11:39:17,6581.0,6595.0,-38.927,471.0
11:39:17,6581.0,6600.0,-105.2402,2542.0
11:39:17,6581.0,6605.0,39.754,824.0
11:39:17,6581.0,6610.0,80.4927,959.0
11:39:17,6581.0,6615.0,57.6126,402.0
11:39:17,6581.0,6620.0,-30.0841,851.0
11:39:17,6581.0,6625.0,58.8526,823.0
11:39:17,6581.0,6630.0,37.0511,776.0
11:39:17,6581.0,6635.0,32.159,241.0
11:39:17,6581.0,6640.0,66.5393,877.0
11:39:17,6581.0,6645.0,52.9858,459.0
11:39:17,6581.0,6650.0,230.1077,1505.0
11:39:17,6581.0,6655.0,160.0349,666.0
11:41:27,6581.0,6510.0,-128.4512,219.0
11:41:27,6581.0,6515.0,-170.9029,227.0
11:41:27,6581.0,6520.0,-137.6324,674.0
11:41:27,6581.0,6525.0,-362.0258,295.0
11:41:27,6581.0,6530.0,-165.6236,800.0
11:41:27,6581.0,6535.0,-115.573,438.0
11:41:27,6581.0,6540.0,-126.5572,622.0
11:41:27,6581.0,6545.0,-60.6359,435.0
11:41:27,6581.0,6550.0,-254.6902,1229.0
11:41:27,6581.0,6555.0,-40.4299,443.0
11:41:27,6581.0,6560.0,-54.813,646.0
11:41:27,6581.0,6565.0,-42.5039,504.0
11:41:27,6581.0,6570.0,-58.6175,860.0
11:41:27,6581.0,6575.0,-122.5155,380.0
11:41:27,6581.0,6580.0,-85.7454,1167.0
11:41:27,6581.0,6585.0,-83.2804,587.0
11:41:27,6581.0,6590.0,-165.2607,580.0
11:41:27,6581.0,6595.0,-39.3539,492.0
11:41:27,6581.0,6600.0,-108.0692,2594.0
11:41:27,6581.0,6605.0,40.3624,826.0
11:41:27,6581.0,6610.0,81.7353,960.0
11:41:27,6581.0,6615.0,58.535,405.0
11:41:27,6581.0,6620.0,-30.9449,860.0
11:41:27,6581.0,6625.0,60.7251,829.0
11:41:27,6581.0,6630.0,38.3281,780.0
11:41:27,6581.0,6635.0,36.5678,243.0
11:41:27,6581.0,6640.0,70.9769,878.0
11:41:27,6581.0,6645.0,56.7616,459.0
11:41:27,6581.0,6650.0,238.201,1509.0
11:41:27,6581.0,6655.0,165.9374,667.0
11:43:37,6581.0,6510.0,-128.4512,220.0
11:43:37,6581.0,6515.0,-170.9029,227.0
11:43:37,6581.0,6520.0,-137.6324,674.0
11:43:37,6581.0,6525.0,-362.0258,295.0
11:43:37,6581.0,6530.0,-165.6236,800.0
11:43:37,6581.0,6535.0,-115.8128,438.0
11:43:37,6581.0,6540.0,-126.5572,626.0
11:43:37,6581.0,6545.0,-60.6359,435.0
11:43:37,6581.0,6550.0,-254.6902,1232.0
11:43:37,6581.0,6555.0,-40.4299,444.0
11:43:37,6581.0,6560.0,-54.813,647.0
11:43:37,6581.0,6565.0,-42.5039,505.0
11:43:37,6581.0,6570.0,-58.6175,861.0
11:43:37,6581.0,6575.0,-123.0903,381.0
11:43:37,6581.0,6580.0,-85.1246,1171.0
11:43:37,6581.0,6585.0,-82.5036,588.0
11:43:37,6581.0,6590.0,-165.2607,580.0
11:43:37,6581.0,6595.0,-39.3539,493.0
11:43:37,6581.0,6600.0,-108.0692,2624.0
11:43:37,6581.0,6605.0,40.3624,826.0
11:43:37,6581.0,6610.0,81.7353,960.0
11:43:37,6581.0,6615.0,58.535,405.0
11:43:37,6581.0,6620.0,-30.9449,861.0
11:43:37,6581.0,6625.0,60.7251,829.0
11:43:37,6581.0,6630.0,38.3281,781.0
11:43:37,6581.0,6635.0,36.5678,243.0
11:43:37,6581.0,6640.0,70.9769,880.0
11:43:37,6581.0,6645.0,56.7616,460.0
11:43:37,6581.0,6650.0,238.201,1509.0
11:43:37,6581.0,6655.0,165.9374,667.0
11:45:47,6581.0,6510.0,-128.8889,221.0
11:45:47,6581.0,6515.0,-169.687,227.0
11:45:47,6581.0,6520.0,-139.3165,674.0
11:45:47,6581.0,6525.0,-361.9648,295.0
11:45:47,6581.0,6530.0,-167.2954,800.0
11:45:47,6581.0,6535.0,-112.9672,444.0
11:45:47,6581.0,6540.0,-125.2584,627.0
11:45:47,6581.0,6545.0,-60.173,435.0
11:45:47,6581.0,6550.0,-255.6944,1235.0
11:45:47,6581.0,6555.0,-40.5031,452.0
11:45:47,6581.0,6560.0,-54.8272,649.0
11:45:47,6581.0,6565.0,-42.4781,505.0
11:45:47,6581.0,6570.0,-58.4937,866.0
11:45:47,6581.0,6575.0,-121.6117,393.0
11:45:47,6581.0,6580.0,-85.1127,1185.0
11:45:47,6581.0,6585.0,-82.6808,588.0
11:45:47,6581.0,6590.0,-164.2677,582.0
11:45:47,6581.0,6595.0,-38.9313,486.0
11:45:47,6581.0,6600.0,-106.8082,2625.0
11:45:47,6581.0,6605.0,39.8444,830.0
11:45:47,6581.0,6610.0,80.6346,967.0
11:45:47,6581.0,6615.0,57.7214,405.0
11:45:47,6581.0,6620.0,-31.031,863.0
11:45:47,6581.0,6625.0,61.0014,830.0
11:45:47,6581.0,6630.0,39.1072,782.0
11:45:47,6581.0,6635.0,36.3486,247.0
11:45:47,6581.0,6640.0,70.5525,882.0
11:45:47,6581.0,6645.0,57.1359,460.0
11:45:47,6581.0,6650.0,236.8935,1509.0
11:45:47,6581.0,6655.0,165.0847,669.0
11:47:57,6581.0,6510.0,-131.7657,222.0
11:47:57,6581.0,6515.0,-167.8239,227.0
11:47:57,6581.0,6520.0,-135.1185,674.0
11:47:57,6581.0,6525.0,-355.385,297.0
11:47:57,6581.0,6530.0,-164.5353,800.0
11:47:57,6581.0,6535.0,-111.3569,444.0
11:47:57,6581.0,6540.0,-122.3112,629.0
11:47:57,6581.0,6545.0,-58.7987,435.0
11:47:57,6581.0,6550.0,-250.5361,1236.0
11:47:57,6581.0,6555.0,-39.1625,454.0
11:47:57,6581.0,6560.0,-54.3846,649.0
11:47:57,6581.0,6565.0,-42.1895,505.0
11:47:57,6581.0,6570.0,-57.6015,879.0
11:47:57,6581.0,6575.0,-121.0319,396.0
11:47:57,6581.0,6580.0,-84.945,1206.0
11:47:57,6581.0,6585.0,-82.7754,588.0
11:47:57,6581.0,6590.0,-163.8174,601.0
11:47:57,6581.0,6595.0,-38.696,486.0
11:47:57,6581.0,6600.0,-107.5847,2640.0
11:47:57,6581.0,6605.0,40.1698,830.0
11:47:57,6581.0,6610.0,82.3825,967.0
11:47:57,6581.0,6615.0,59.1321,405.0
11:47:57,6581.0,6620.0,-31.8468,865.0
11:47:57,6581.0,6625.0,62.8104,830.0
11:47:57,6581.0,6630.0,39.8761,789.0
11:47:57,6581.0,6635.0,37.1512,247.0
11:47:57,6581.0,6640.0,72.2544,885.0
11:47:57,6581.0,6645.0,57.9019,461.0
11:47:57,6581.0,6650.0,243.5286,1511.0
11:47:57,6581.0,6655.0,170.0488,669.0
11:50:07,6581.0,6510.0,-131.7657,222.0
11:50:07,6581.0,6515.0,-167.8239,227.0
11:50:07,6581.0,6520.0,-144.3213,674.0
11:50:07,6581.0,6525.0,-378.1694,297.0
11:50:07,6581.0,6530.0,-164.5353,801.0
11:50:07,6581.0,6535.0,-111.3569,444.0
11:50:07,6581.0,6540.0,-122.3112,631.0
11:50:07,6581.0,6545.0,-58.7987,436.0
11:50:07,6581.0,6550.0,-250.5361,1241.0
11:50:07,6581.0,6555.0,-39.1625,461.0
11:50:07,6581.0,6560.0,-54.3846,649.0
11:50:07,6581.0,6565.0,-42.1895,505.0
11:50:07,6581.0,6570.0,-57.6015,879.0
11:50:07,6581.0,6575.0,-121.6649,399.0
11:50:07,6581.0,6580.0,-84.8087,1212.0
11:50:07,6581.0,6585.0,-82.0799,590.0
11:50:07,6581.0,6590.0,-162.1456,601.0
11:50:07,6581.0,6595.0,-38.696,503.0
11:50:07,6581.0,6600.0,-107.5847,2653.0
11:50:07,6581.0,6605.0,40.1698,840.0
11:50:07,6581.0,6610.0,82.3825,967.0
11:50:07,6581.0,6615.0,59.1321,406.0
11:50:07,6581.0,6620.0,-31.8468,866.0
11:50:07,6581.0,6625.0,62.8104,830.0
11:50:07,6581.0,6630.0,39.8761,791.0
11:50:07,6581.0,6635.0,37.1512,249.0
11:50:07,6581.0,6640.0,66.1454,886.0
11:50:07,6581.0,6645.0,57.9019,461.0
11:50:07,6581.0,6650.0,243.5286,1512.0
11:50:07,6581.0,6655.0,170.0488,670.0
11:52:18,6581.0,6510.0,-129.8094,223.0
11:52:18,6581.0,6515.0,-172.4443,227.0
11:52:18,6581.0,6520.0,-138.6626,674.0
11:52:18,6581.0,6525.0,-364.4721,297.0
11:52:18,6581.0,6530.0,-174.2488,802.0
11:52:18,6581.0,6535.0,-117.2874,444.0
11:52:18,6581.0,6540.0,-127.879,632.0
11:52:18,6581.0,6545.0,-61.1197,438.0
11:52:18,6581.0,6550.0,-253.3439,1263.0
11:52:18,6581.0,6555.0,-40.1029,461.0
11:52:18,6581.0,6560.0,-54.4035,650.0
11:52:18,6581.0,6565.0,-42.1208,507.0
11:52:18,6581.0,6570.0,-58.3523,880.0
11:52:18,6581.0,6575.0,-121.234,403.0
11:52:18,6581.0,6580.0,-84.5366,1216.0
11:52:18,6581.0,6585.0,-81.8785,590.0
11:52:18,6581.0,6590.0,-162.0616,601.0
11:52:18,6581.0,6595.0,-38.4493,503.0
11:52:18,6581.0,6600.0,-106.9183,2674.0
11:52:18,6581.0,6605.0,39.9545,840.0
11:52:18,6581.0,6610.0,80.8682,967.0
11:52:18,6581.0,6615.0,57.885,408.0
11:52:18,6581.0,6620.0,-30.0418,867.0
11:52:18,6581.0,6625.0,58.7889,830.0
11:52:18,6581.0,6630.0,37.019,793.0
11:52:18,6581.0,6635.0,35.9981,250.0
11:52:18,6581.0,6640.0,69.8741,886.0
11:52:18,6581.0,6645.0,55.8872,461.0
11:52:18,6581.0,6650.0,221.1434,1513.0
11:52:18,6581.0,6655.0,163.4342,670.0
11:54:28,6581.0,6510.0,-130.9834,223.0
11:54:28,6581.0,6515.0,-173.9705,227.0
11:54:28,6581.0,6520.0,-139.7264,674.0
11:54:28,6581.0,6525.0,-364.4721,297.0
11:54:28,6581.0,6530.0,-168.5132,813.0
11:54:28,6581.0,6535.0,-113.7683,444.0
11:54:28,6581.0,6540.0,-124.4179,639.0
11:54:28,6581.0,6545.0,-59.4099,438.0
11:54:28,6581.0,6550.0,-254.5253,1286.0
11:54:28,6581.0,6555.0,-40.298,462.0
11:54:28,6581.0,6560.0,-54.5182,650.0
11:54:28,6581.0,6565.0,-42.2339,507.0
11:54:28,6581.0,6570.0,-58.2721,880.0
11:54:28,6581.0,6575.0,-121.2747,404.0
11:54:28,6581.0,6580.0,-84.8129,1224.0
11:54:28,6581.0,6585.0,-82.2271,590.0
11:54:28,6581.0,6590.0,-163.1699,601.0
11:54:28,6581.0,6595.0,-38.8345,517.0
11:54:28,6581.0,6600.0,-106.4384,2695.0
11:54:28,6581.0,6605.0,39.6919,840.0
11:54:28,6581.0,6610.0,80.3184,968.0
11:54:28,6581.0,6615.0,57.4016,408.0
11:54:28,6581.0,6620.0,-31.1041,870.0
11:54:28,6581.0,6625.0,61.169,832.0
11:54:28,6581.0,6630.0,38.722,794.0
11:54:28,6581.0,6635.0,35.9981,251.0
11:54:28,6581.0,6640.0,70.6668,886.0
11:54:28,6581.0,6645.0,55.187,462.0
11:54:28,6581.0,6650.0,229.7129,1575.0
11:54:28,6581.0,6655.0,161.284,671.0
11:56:38,6581.0,6510.0,-130.9834,223.0
11:56:38,6581.0,6515.0,-173.9705,227.0
11:56:38,6581.0,6520.0,-139.7264,674.0
11:56:38,6581.0,6525.0,-363.6335,298.0
11:56:38,6581.0,6530.0,-172.0771,825.0
11:56:38,6581.0,6535.0,-115.8538,444.0
11:56:38,6581.0,6540.0,-126.4482,641.0
11:56:38,6581.0,6545.0,-59.4099,438.0
11:56:38,6581.0,6550.0,-254.5253,1286.0
11:56:38,6581.0,6555.0,-40.298,462.0
11:56:38,6581.0,6560.0,-54.5182,650.0
11:56:38,6581.0,6565.0,-42.2339,507.0
11:56:38,6581.0,6570.0,-58.2517,880.0
11:56:38,6581.0,6575.0,-121.3885,404.0
11:56:38,6581.0,6580.0,-84.7284,1224.0
11:56:38,6581.0,6585.0,-82.0491,592.0
11:56:38,6581.0,6590.0,-162.6034,602.0
11:56:38,6581.0,6595.0,-38.8345,520.0
11:56:38,6581.0,6600.0,-106.4384,2705.0
11:56:38,6581.0,6605.0,39.6919,840.0
11:56:38,6581.0,6610.0,80.3184,968.0
11:56:38,6581.0,6615.0,57.4016,408.0
11:56:38,6581.0,6620.0,-27.3514,871.0
11:56:38,6581.0,6625.0,59.5443,832.0
11:56:38,6581.0,6630.0,37.5759,795.0
11:56:38,6581.0,6635.0,34.822,251.0
11:56:38,6581.0,6640.0,70.6668,886.0
11:56:38,6581.0,6645.0,55.187,462.0
11:56:38,6581.0,6650.0,229.7129,1552.0
11:56:38,6581.0,6655.0,161.284,671.0
11:58:48,6581.0,6510.0,-130.7319,223.0
11:58:48,6581.0,6515.0,-173.6972,227.0
11:58:48,6581.0,6520.0,-142.3467,674.0
11:58:48,6581.0,6525.0,-366.9656,299.0
11:58:48,6581.0,6530.0,-169.4509,825.0
11:58:48,6581.0,6535.0,-114.3206,444.0
11:58:48,6581.0,6540.0,-125.0282,641.0
11:58:48,6581.0,6545.0,-59.9461,442.0
11:58:48,6581.0,6550.0,-254.4102,1287.0
11:58:48,6581.0,6555.0,-39.8851,467.0
11:58:48,6581.0,6560.0,-54.7926,654.0
11:58:48,6581.0,6565.0,-42.4801,507.0
11:58:48,6581.0,6570.0,-58.0325,881.0
11:58:48,6581.0,6575.0,-121.2332,404.0
11:58:48,6581.0,6580.0,-84.8062,1237.0
11:58:48,6581.0,6585.0,-82.3551,593.0
11:58:48,6581.0,6590.0,-161.9713,602.0
11:58:48,6581.0,6595.0,-38.5976,520.0
11:58:48,6581.0,6600.0,-105.5122,2746.0
11:58:48,6581.0,6605.0,39.2745,840.0
11:58:48,6581.0,6610.0,80.4357,968.0
11:58:48,6581.0,6615.0,57.5448,409.0
11:58:48,6581.0,6620.0,-30.9177,883.0
11:58:48,6581.0,6625.0,60.7669,832.0
11:58:48,6581.0,6630.0,38.4292,796.0
11:58:48,6581.0,6635.0,35.6962,251.0
11:58:48,6581.0,6640.0,69.2415,886.0
11:58:48,6581.0,6645.0,55.3462,467.0
11:58:48,6581.0,6650.0,232.1687,1553.0
11:58:48,6581.0,6655.0,161.6932,672.0
12:00:58,6581.0,6510.0,-130.7319,223.0
12:00:58,6581.0,6515.0,-173.6972,227.0
12:00:58,6581.0,6520.0,-139.4092,675.0
12:00:58,6581.0,6525.0,-366.1066,299.0
12:00:58,6581.0,6530.0,-168.7193,825.0
12:00:58,6581.0,6535.0,-113.9011,444.0
12:00:58,6581.0,6540.0,-124.935,641.0
12:00:58,6581.0,6545.0,-59.9071,442.0
12:00:58,6581.0,6550.0,-254.284,1298.0
12:00:58,6581.0,6555.0,-40.3237,467.0
12:00:58,6581.0,6560.0,-54.5287,656.0
12:00:58,6581.0,6565.0,-42.2777,507.0
12:00:58,6581.0,6570.0,-58.2093,881.0
12:00:58,6581.0,6575.0,-121.3285,404.0
12:00:58,6581.0,6580.0,-84.8421,1237.0
12:00:58,6581.0,6585.0,-82.4192,597.0
12:00:58,6581.0,6590.0,-163.5538,602.0
12:00:58,6581.0,6595.0,-38.9416,520.0
12:00:58,6581.0,6600.0,-106.7622,2746.0
12:00:58,6581.0,6605.0,39.7962,840.0
12:00:58,6581.0,6610.0,80.5356,973.0
12:00:58,6581.0,6615.0,57.6352,409.0
12:00:58,6581.0,6620.0,-30.9681,885.0
12:00:58,6581.0,6625.0,61.0141,832.0
12:00:58,6581.0,6630.0,38.5933,797.0
12:00:58,6581.0,6635.0,35.8579,253.0
12:00:58,6581.0,6640.0,69.4428,886.0
12:00:58,6581.0,6645.0,55.3462,467.0
12:00:58,6581.0,6650.0,232.1687,1556.0
12:00:58,6581.0,6655.0,161.6932,674.0
12:03:09,6581.0,6510.0,-138.3,227.0
12:03:09,6581.0,6515.0,-182.9242,228.0
12:03:09,6581.0,6520.0,-146.4033,676.0
12:03:09,6581.0,6525.0,-382.6601,299.0
12:03:09,6581.0,6530.0,-175.9396,827.0
12:03:09,6581.0,6535.0,-118.2348,445.0
12:03:09,6581.0,6540.0,-128.7204,653.0
12:03:09,6581.0,6545.0,-61.4155,445.0
12:03:09,6581.0,6550.0,-259.4692,1317.0
12:03:09,6581.0,6555.0,-40.9111,468.0
12:03:09,6581.0,6560.0,-55.0443,656.0
12:03:09,6581.0,6565.0,-42.4,510.0
12:03:09,6581.0,6570.0,-58.231,927.0
12:03:09,6581.0,6575.0,-120.7549,411.0
12:03:09,6581.0,6580.0,-84.0938,1242.0
12:03:09,6581.0,6585.0,-81.1672,598.0
12:03:09,6581.0,6590.0,-160.1889,605.0
12:03:09,6581.0,6595.0,-37.9672,540.0
12:03:09,6581.0,6600.0,-103.7429,2754.0
12:03:09,6581.0,6605.0,38.413,849.0
12:03:09,6581.0,6610.0,77.4249,972.0
12:03:09,6581.0,6615.0,55.0263,411.0
12:03:09,6581.0,6620.0,-29.3825,888.0
12:03:09,6581.0,6625.0,57.3899,832.0
12:03:09,6581.0,6630.0,36.0925,799.0
12:03:09,6581.0,6635.0,33.3614,257.0
12:03:09,6581.0,6640.0,64.4279,887.0
12:03:09,6581.0,6645.0,51.2936,475.0
12:03:09,6581.0,6650.0,214.3546,1568.0
12:03:09,6581.0,6655.0,148.7285,679.0
12:05:19,6581.0,6510.0,-133.7621,230.0
12:05:19,6581.0,6515.0,-177.4419,228.0
12:05:19,6581.0,6520.0,-142.3193,680.0
12:05:19,6581.0,6525.0,-372.4579,300.0
12:05:19,6581.0,6530.0,-175.9396,828.0
12:05:19,6581.0,6535.0,-118.2348,445.0
12:05:19,6581.0,6540.0,-128.7204,653.0
12:05:19,6581.0,6545.0,-61.4155,446.0
12:05:19,6581.0,6550.0,-256.0264,1325.0
12:05:19,6581.0,6555.0,-40.4921,470.0
12:05:19,6581.0,6560.0,-54.6847,656.0
12:05:19,6581.0,6565.0,-42.234,510.0
12:05:19,6581.0,6570.0,-58.1071,928.0
12:05:19,6581.0,6575.0,-120.8934,411.0
12:05:19,6581.0,6580.0,-84.3404,1249.0
12:05:19,6581.0,6585.0,-81.5939,599.0
12:05:19,6581.0,6590.0,-161.4492,605.0
12:05:19,6581.0,6595.0,-38.4558,559.0
12:05:19,6581.0,6600.0,-105.3857,2777.0
12:05:19,6581.0,6605.0,39.2478,848.0
12:05:19,6581.0,6610.0,79.3512,973.0
12:05:19,6581.0,6615.0,56.6344,411.0
12:05:19,6581.0,6620.0,-29.3825,888.0
12:05:19,6581.0,6625.0,57.3899,833.0
12:05:19,6581.0,6630.0,36.0925,799.0
12:05:19,6581.0,6635.0,34.7887,258.0
12:05:19,6581.0,6640.0,67.4224,888.0
12:05:19,6581.0,6645.0,53.1956,476.0
12:05:19,6581.0,6650.0,225.8999,1578.0
12:05:19,6581.0,6655.0,155.0044,684.0
12:07:29,6581.0,6510.0,-133.7621,232.0
12:07:29,6581.0,6515.0,-177.4419,228.0
12:07:29,6581.0,6520.0,-142.3193,680.0
12:07:29,6581.0,6525.0,-367.9735,301.0
12:07:29,6581.0,6530.0,-168.6794,829.0
12:07:29,6581.0,6535.0,-114.2628,446.0
12:07:29,6581.0,6540.0,-125.975,653.0
12:07:29,6581.0,6545.0,-60.377,446.0
12:07:29,6581.0,6550.0,-256.0264,1326.0
12:07:29,6581.0,6555.0,-40.4921,473.0
12:07:29,6581.0,6560.0,-54.6847,657.0
12:07:29,6581.0,6565.0,-42.234,511.0
12:07:29,6581.0,6570.0,-58.2374,929.0
12:07:29,6581.0,6575.0,-121.3264,412.0
12:07:29,6581.0,6580.0,-84.9186,1249.0
12:07:29,6581.0,6585.0,-82.3387,599.0
12:07:29,6581.0,6590.0,-163.2552,606.0
12:07:29,6581.0,6595.0,-37.7625,559.0
12:07:29,6581.0,6600.0,-105.3857,2799.0
12:07:29,6581.0,6605.0,39.2478,848.0
12:07:29,6581.0,6610.0,79.3512,973.0
12:07:29,6581.0,6615.0,56.6344,412.0
12:07:29,6581.0,6620.0,-30.3477,888.0
12:07:29,6581.0,6625.0,59.4682,833.0
12:07:29,6581.0,6630.0,38.2726,802.0
12:07:29,6581.0,6635.0,35.5285,258.0
12:07:29,6581.0,6640.0,68.8909,888.0
12:07:29,6581.0,6645.0,53.1956,476.0
12:07:29,6581.0,6650.0,225.8999,1584.0
12:07:29,6581.0,6655.0,155.0044,686.0
12:09:39,6581.0,6510.0,-131.6038,233.0
12:09:39,6581.0,6515.0,-174.838,228.0
12:09:39,6581.0,6520.0,-136.4107,680.0
12:09:39,6581.0,6525.0,-368.8564,301.0
12:09:39,6581.0,6530.0,-165.7814,831.0
12:09:39,6581.0,6535.0,-111.9984,446.0
12:09:39,6581.0,6540.0,-122.8788,657.0
12:09:39,6581.0,6545.0,-59.0975,446.0
12:09:39,6581.0,6550.0,-256.0264,1334.0
12:09:39,6581.0,6555.0,-40.4921,475.0
12:09:39,6581.0,6560.0,-54.6847,657.0
12:09:39,6581.0,6565.0,-42.234,512.0
12:09:39,6581.0,6570.0,-58.2374,931.0
12:09:39,6581.0,6575.0,-121.3264,412.0
12:09:39,6581.0,6580.0,-84.7495,1250.0
12:09:39,6581.0,6585.0,-83.1399,599.0
12:09:39,6581.0,6590.0,-163.2552,608.0
12:09:39,6581.0,6595.0,-37.7625,559.0
12:09:39,6581.0,6600.0,-105.3857,2818.0
12:09:39,6581.0,6605.0,39.2478,848.0
12:09:39,6581.0,6610.0,79.3512,973.0
12:09:39,6581.0,6615.0,56.6344,412.0
12:09:39,6581.0,6620.0,-31.6983,891.0
12:09:39,6581.0,6625.0,62.4074,833.0
12:09:39,6581.0,6630.0,39.5713,803.0
12:09:39,6581.0,6635.0,36.8745,262.0
12:09:39,6581.0,6640.0,71.751,891.0
12:09:39,6581.0,6645.0,55.0761,476.0
12:09:39,6581.0,6650.0,231.0942,1588.0
12:09:39,6581.0,6655.0,162.9425,687.0
12:11:49,6581.0,6510.0,-126.233,234.0
12:11:49,6581.0,6515.0,-168.3021,228.0
12:11:49,6581.0,6520.0,-135.6577,680.0
12:11:49,6581.0,6525.0,-356.8123,301.0
12:11:49,6581.0,6530.0,-165.7814,831.0
12:11:49,6581.0,6535.0,-111.9984,456.0
12:11:49,6581.0,6540.0,-122.8788,657.0
12:11:49,6581.0,6545.0,-59.0975,447.0
12:11:49,6581.0,6550.0,-250.2115,1334.0
12:11:49,6581.0,6555.0,-39.7662,476.0
12:11:49,6581.0,6560.0,-53.9781,657.0
12:11:49,6581.0,6565.0,-42.0064,513.0
12:11:49,6581.0,6570.0,-58.059,931.0
12:11:49,6581.0,6575.0,-121.3013,413.0
12:11:49,6581.0,6580.0,-85.1362,1250.0
12:11:49,6581.0,6585.0,-82.9198,600.0
12:11:49,6581.0,6590.0,-164.9075,615.0
12:11:49,6581.0,6595.0,-39.3739,559.0
12:11:49,6581.0,6600.0,-108.3989,2823.0
12:11:49,6581.0,6605.0,40.5735,850.0
12:11:49,6581.0,6610.0,82.3453,983.0
12:11:49,6581.0,6615.0,59.1433,412.0
12:11:49,6581.0,6620.0,-31.6983,897.0
12:11:49,6581.0,6625.0,62.4074,833.0
12:11:49,6581.0,6630.0,39.5713,803.0
12:11:49,6581.0,6635.0,36.8745,263.0
12:11:49,6581.0,6640.0,72.3191,892.0
12:11:49,6581.0,6645.0,57.9945,476.0
12:11:49,6581.0,6650.0,244.0164,1588.0
12:11:49,6581.0,6655.0,170.4306,687.0
12:14:00,6581.0,6510.0,-126.233,236.0
12:14:00,6581.0,6515.0,-168.3021,228.0
12:14:00,6581.0,6520.0,-136.4358,680.0
12:14:00,6581.0,6525.0,-358.8371,301.0
12:14:00,6581.0,6530.0,-166.0972,831.0
12:14:00,6581.0,6535.0,-112.3534,456.0
12:14:00,6581.0,6540.0,-123.3519,659.0
12:14:00,6581.0,6545.0,-59.295,450.0
12:14:00,6581.0,6550.0,-252.533,1334.0
12:14:00,6581.0,6555.0,-40.1165,476.0
12:14:00,6581.0,6560.0,-54.3433,659.0
12:14:00,6581.0,6565.0,-42.152,513.0
12:14:00,6581.0,6570.0,-58.2144,931.0
12:14:00,6581.0,6575.0,-121.6835,415.0
12:14:00,6581.0,6580.0,-85.2259,1255.0
12:14:00,6581.0,6585.0,-83.0006,601.0
12:14:00,6581.0,6590.0,-165.1455,617.0
12:14:00,6581.0,6595.0,-39.4378,559.0
12:14:00,6581.0,6600.0,-108.4013,2823.0
12:14:00,6581.0,6605.0,40.5118,851.0
12:14:00,6581.0,6610.0,82.0619,981.0
12:14:00,6581.0,6615.0,58.7922,412.0
12:14:00,6581.0,6620.0,-31.6502,901.0
12:14:00,6581.0,6625.0,62.2424,834.0
12:14:00,6581.0,6630.0,39.6213,804.0
12:14:00,6581.0,6635.0,36.907,265.0
12:14:00,6581.0,6640.0,71.7613,893.0
12:14:00,6581.0,6645.0,57.9945,476.0
12:14:00,6581.0,6650.0,244.0164,1591.0
12:14:00,6581.0,6655.0,170.4306,687.0
12:16:10,6581.0,6510.0,-134.4232,236.0
12:16:10,6581.0,6515.0,-178.5641,251.0
12:16:10,6581.0,6520.0,-137.1859,681.0
12:16:10,6581.0,6525.0,-361.1437,301.0
12:16:10,6581.0,6530.0,-167.2508,831.0
12:16:10,6581.0,6535.0,-113.168,462.0
12:16:10,6581.0,6540.0,-124.3161,669.0
12:16:10,6581.0,6545.0,-61.4652,451.0
12:16:10,6581.0,6550.0,-260.5372,1336.0
12:16:10,6581.0,6555.0,-41.2465,480.0
12:16:10,6581.0,6560.0,-55.7056,659.0
12:16:10,6581.0,6565.0,-43.1526,514.0
12:16:10,6581.0,6570.0,-58.2144,931.0
12:16:10,6581.0,6575.0,-120.2982,425.0
12:16:10,6581.0,6580.0,-86.1,1261.0
12:16:10,6581.0,6585.0,-83.3956,605.0
12:16:10,6581.0,6590.0,-165.1455,617.0
12:16:10,6581.0,6595.0,-39.2629,559.0
12:16:10,6581.0,6600.0,-107.4548,2841.0
12:16:10,6581.0,6605.0,39.9243,873.0
12:16:10,6581.0,6610.0,80.4843,981.0
12:16:10,6581.0,6615.0,57.3862,412.0
12:16:10,6581.0,6620.0,-30.6763,904.0
12:16:10,6581.0,6625.0,60.0287,834.0
12:16:10,6581.0,6630.0,39.7487,804.0
12:16:10,6581.0,6635.0,36.8227,269.0
12:16:10,6581.0,6640.0,71.7394,893.0
12:16:10,6581.0,6645.0,53.8951,476.0
12:16:10,6581.0,6650.0,225.3068,1598.0
12:16:10,6581.0,6655.0,156.4037,687.0
12:18:20,6581.0,6510.0,-134.4232,238.0
12:18:20,6581.0,6515.0,-178.5641,251.0
12:18:20,6581.0,6520.0,-137.1859,683.0
12:18:20,6581.0,6525.0,-392.5761,301.0
12:18:20,6581.0,6530.0,-180.421,838.0
12:18:20,6581.0,6535.0,-121.1092,462.0
12:18:20,6581.0,6540.0,-124.3161,669.0
12:18:20,6581.0,6545.0,-61.4652,456.0
12:18:20,6581.0,6550.0,-260.5372,1348.0
12:18:20,6581.0,6555.0,-41.2465,484.0
12:18:20,6581.0,6560.0,-55.7056,666.0
12:18:20,6581.0,6565.0,-43.1526,514.0
12:18:20,6581.0,6570.0,-58.9458,937.0
12:18:20,6581.0,6575.0,-123.508,432.0
12:18:20,6581.0,6580.0,-85.8011,1263.0
12:18:20,6581.0,6585.0,-82.75,607.0
12:18:20,6581.0,6590.0,-163.0611,620.0
12:18:20,6581.0,6595.0,-39.2629,559.0
12:18:20,6581.0,6600.0,-107.4548,2850.0
12:18:20,6581.0,6605.0,39.9243,873.0
12:18:20,6581.0,6610.0,80.4843,989.0
12:18:20,6581.0,6615.0,57.3862,412.0
12:18:20,6581.0,6620.0,-30.6763,906.0
12:18:20,6581.0,6625.0,60.0287,835.0
12:18:20,6581.0,6630.0,35.8093,805.0
12:18:20,6581.0,6635.0,32.9681,270.0
12:18:20,6581.0,6640.0,63.4126,894.0
12:18:20,6581.0,6645.0,53.8951,479.0
12:18:20,6581.0,6650.0,225.3068,1619.0
12:18:20,6581.0,6655.0,156.4037,690.0
12:20:30,6581.0,6510.0,-134.4232,240.0
12:20:30,6581.0,6515.0,-178.5641,252.0
12:20:30,6581.0,6520.0,-146.4232,684.0
12:20:30,6581.0,6525.0,-383.8545,302.0
12:20:30,6581.0,6530.0,-176.862,854.0
12:20:30,6581.0,6535.0,-119.0398,463.0
12:20:30,6581.0,6540.0,-129.9927,679.0
12:20:30,6581.0,6545.0,-63.0077,456.0
12:20:30,6581.0,6550.0,-266.5553,1349.0
12:20:30,6581.0,6555.0,-41.9784,485.0
12:20:30,6581.0,6560.0,-56.4913,666.0
12:20:30,6581.0,6565.0,-43.4964,515.0
12:20:30,6581.0,6570.0,-59.7968,940.0
12:20:30,6581.0,6575.0,-123.4392,433.0
12:20:30,6581.0,6580.0,-85.9819,1264.0
12:20:30,6581.0,6585.0,-83.1004,614.0
12:20:30,6581.0,6590.0,-164.097,621.0
12:20:30,6581.0,6595.0,-38.5063,559.0
12:20:30,6581.0,6600.0,-104.7336,2886.0
12:20:30,6581.0,6605.0,38.7381,877.0
12:20:30,6581.0,6610.0,77.7444,996.0
12:20:30,6581.0,6615.0,55.1417,412.0
12:20:30,6581.0,6620.0,-32.9623,910.0
12:20:30,6581.0,6625.0,58.6966,836.0
12:20:30,6581.0,6630.0,36.8791,805.0
12:20:30,6581.0,6635.0,34.0461,270.0
12:20:30,6581.0,6640.0,65.6692,896.0
12:20:30,6581.0,6645.0,53.8951,481.0
12:20:30,6581.0,6650.0,225.3068,1622.0
12:20:30,6581.0,6655.0,156.4037,690.0
12:22:40,6581.0,6510.0,-137.5154,242.0
12:22:40,6581.0,6515.0,-182.5634,252.0
12:22:40,6581.0,6520.0,-146.6809,684.0
12:22:40,6581.0,6525.0,-384.9065,302.0
12:22:40,6581.0,6530.0,-176.862,854.0
12:22:40,6581.0,6535.0,-119.0398,463.0
12:22:40,6581.0,6540.0,-129.9927,680.0
12:22:40,6581.0,6545.0,-63.0077,456.0
12:22:40,6581.0,6550.0,-266.5553,1349.0
12:22:40,6581.0,6555.0,-41.9784,487.0
12:22:40,6581.0,6560.0,-56.4913,666.0
12:22:40,6581.0,6565.0,-43.4964,615.0
12:22:40,6581.0,6570.0,-59.677,940.0
12:22:40,6581.0,6575.0,-123.8232,435.0
12:22:40,6581.0,6580.0,-85.9819,1267.0
12:22:40,6581.0,6585.0,-83.4696,614.0
12:22:40,6581.0,6590.0,-164.5158,621.0
12:22:40,6581.0,6595.0,-38.5063,559.0
12:22:40,6581.0,6600.0,-104.7336,2888.0
12:22:40,6581.0,6605.0,38.7381,885.0
12:22:40,6581.0,6610.0,77.7444,997.0
12:22:40,6581.0,6615.0,55.1417,412.0
12:22:40,6581.0,6620.0,-32.9623,913.0
12:22:40,6581.0,6625.0,58.6966,836.0
12:22:40,6581.0,6630.0,36.8791,806.0
12:22:40,6581.0,6635.0,34.0461,270.0
12:22:40,6581.0,6640.0,65.7622,898.0
12:22:40,6581.0,6645.0,52.2667,481.0
12:22:40,6581.0,6650.0,218.11,1622.0
12:22:40,6581.0,6655.0,151.17,690.0
12:24:50,6581.0,6510.0,-135.7449,242.0
12:24:50,6581.0,6515.0,-180.4775,252.0
12:24:50,6581.0,6520.0,-145.2081,684.0
12:24:50,6581.0,6525.0,-380.8935,302.0
12:24:50,6581.0,6530.0,-177.2967,854.0
12:24:50,6581.0,6535.0,-119.3349,463.0
12:24:50,6581.0,6540.0,-130.291,680.0
12:24:50,6581.0,6545.0,-61.4423,458.0
12:24:50,6581.0,6550.0,-262.5191,1350.0
12:24:50,6581.0,6555.0,-41.4624,487.0
12:24:50,6581.0,6560.0,-56.0699,666.0
12:24:50,6581.0,6565.0,-43.3203,615.0
12:24:50,6581.0,6570.0,-59.6196,940.0
12:24:50,6581.0,6575.0,-123.7905,435.0
12:24:50,6581.0,6580.0,-86.3371,1267.0
12:24:50,6581.0,6585.0,-83.5952,614.0
12:24:50,6581.0,6590.0,-165.2384,621.0
12:24:50,6581.0,6595.0,-39.2253,559.0
12:24:50,6581.0,6600.0,-107.0523,2889.0
12:24:50,6581.0,6605.0,39.7345,885.0
12:24:50,6581.0,6610.0,80.0043,997.0
12:24:50,6581.0,6615.0,56.9505,412.0
12:24:50,6581.0,6620.0,-30.1024,913.0
12:24:50,6581.0,6625.0,58.7889,836.0
12:24:50,6581.0,6630.0,36.9497,806.0
12:24:50,6581.0,6635.0,35.6568,270.0
12:24:50,6581.0,6640.0,66.977,898.0
12:24:50,6581.0,6645.0,53.2942,482.0
12:24:50,6581.0,6650.0,222.6205,1622.0
12:24:50,6581.0,6655.0,154.4366,690.0
12:27:01,6581.0,6510.0,-135.7449,243.0
12:27:01,6581.0,6515.0,-180.4775,253.0
12:27:01,6581.0,6520.0,-149.4246,684.0
12:27:01,6581.0,6525.0,-395.1191,302.0
12:27:01,6581.0,6530.0,-175.9506,875.0
12:27:01,6581.0,6535.0,-118.2561,463.0
12:27:01,6581.0,6540.0,-129.2904,681.0
12:27:01,6581.0,6545.0,-61.9266,459.0
12:27:01,6581.0,6550.0,-267.3155,1352.0
12:27:01,6581.0,6555.0,-42.1384,488.0
12:27:01,6581.0,6560.0,-56.7033,667.0
12:27:01,6581.0,6565.0,-43.7056,615.0
12:27:01,6581.0,6570.0,-59.8188,941.0
12:27:01,6581.0,6575.0,-123.8506,445.0
12:27:01,6581.0,6580.0,-86.0167,1270.0
12:27:01,6581.0,6585.0,-82.8183,614.0
12:27:01,6581.0,6590.0,-163.2775,621.0
12:27:01,6581.0,6595.0,-38.5638,560.0
12:27:01,6581.0,6600.0,-105.0097,2904.0
12:27:01,6581.0,6605.0,38.8491,885.0
12:27:01,6581.0,6610.0,77.8689,999.0
12:27:01,6581.0,6615.0,55.1267,412.0
12:27:01,6581.0,6620.0,-30.4462,917.0
12:27:01,6581.0,6625.0,59.5805,842.0
12:27:01,6581.0,6630.0,37.5176,806.0
12:27:01,6581.0,6635.0,36.7574,270.0
12:27:01,6581.0,6640.0,64.3792,898.0
12:27:01,6581.0,6645.0,53.2942,488.0
12:27:01,6581.0,6650.0,222.6205,1638.0
12:27:01,6581.0,6655.0,155.5562,692.0
12:29:11,6581.0,6510.0,-137.0516,244.0
12:29:11,6581.0,6515.0,-182.3707,253.0
12:29:11,6581.0,6520.0,-146.4933,685.0
12:29:11,6581.0,6525.0,-384.6945,304.0
12:29:11,6581.0,6530.0,-177.6535,876.0
12:29:11,6581.0,6535.0,-118.4415,463.0
12:29:11,6581.0,6540.0,-132.5322,682.0
12:29:11,6581.0,6545.0,-63.2527,459.0
12:29:11,6581.0,6550.0,-267.3155,1353.0
12:29:11,6581.0,6555.0,-42.1384,488.0
12:29:11,6581.0,6560.0,-56.7033,668.0
12:29:11,6581.0,6565.0,-43.7056,615.0
12:29:11,6581.0,6570.0,-59.7767,943.0
12:29:11,6581.0,6575.0,-124.1167,447.0
12:29:11,6581.0,6580.0,-86.4786,1271.0
12:29:11,6581.0,6585.0,-83.5604,614.0
12:29:11,6581.0,6590.0,-165.1862,622.0
12:29:11,6581.0,6595.0,-37.4129,560.0
12:29:11,6581.0,6600.0,-105.0097,2908.0
12:29:11,6581.0,6605.0,38.8491,886.0
12:29:11,6581.0,6610.0,77.8689,1000.0
12:29:11,6581.0,6615.0,55.1267,412.0
12:29:11,6581.0,6620.0,-29.3312,919.0
12:29:11,6581.0,6625.0,57.1109,843.0
12:29:11,6581.0,6630.0,37.2216,807.0
12:29:11,6581.0,6635.0,34.3967,270.0
12:29:11,6581.0,6640.0,66.3833,898.0
12:29:11,6581.0,6645.0,52.8051,489.0
12:29:11,6581.0,6650.0,220.4995,1641.0
12:29:11,6581.0,6655.0,146.3506,693.0
12:31:21,6581.0,6510.0,-139.9112,246.0
12:31:21,6581.0,6515.0,-185.9295,255.0
12:31:21,6581.0,6520.0,-149.2808,685.0
12:31:21,6581.0,6525.0,-391.2881,307.0
12:31:21,6581.0,6530.0,-180.443,877.0
12:31:21,6581.0,6535.0,-120.5418,463.0
12:31:21,6581.0,6540.0,-131.4961,682.0
12:31:21,6581.0,6545.0,-62.8617,461.0
12:31:21,6581.0,6550.0,-266.1781,1356.0
12:31:21,6581.0,6555.0,-42.0091,489.0
12:31:21,6581.0,6560.0,-56.5642,668.0
12:31:21,6581.0,6565.0,-43.5802,616.0
12:31:21,6581.0,6570.0,-59.7981,944.0
12:31:21,6581.0,6575.0,-124.1576,449.0
12:31:21,6581.0,6580.0,-86.2895,1274.0
12:31:21,6581.0,6585.0,-83.2993,615.0
12:31:21,6581.0,6590.0,-164.531,626.0
12:31:21,6581.0,6595.0,-38.9047,560.0
12:31:21,6581.0,6600.0,-105.8684,2908.0
12:31:21,6581.0,6605.0,39.3026,888.0
12:31:21,6581.0,6610.0,78.9044,1007.0
12:31:21,6581.0,6615.0,55.8849,412.0
12:31:21,6581.0,6620.0,-29.7949,926.0
12:31:21,6581.0,6625.0,58.1128,849.0
12:31:21,6581.0,6630.0,36.4695,813.0
12:31:21,6581.0,6635.0,33.613,270.0
12:31:21,6581.0,6640.0,64.7097,898.0
12:31:21,6581.0,6645.0,51.3577,489.0
12:31:21,6581.0,6650.0,214.0132,1641.0
12:31:21,6581.0,6655.0,148.1062,695.0
12:33:32,6581.0,6510.0,-142.023,248.0
12:33:32,6581.0,6515.0,-188.1676,255.0
12:33:32,6581.0,6520.0,-150.711,707.0
12:33:32,6581.0,6525.0,-394.2405,307.0
12:33:32,6581.0,6530.0,-181.5314,878.0
12:33:32,6581.0,6535.0,-121.8864,463.0
12:33:32,6581.0,6540.0,-132.8645,692.0
12:33:32,6581.0,6545.0,-63.3926,462.0
12:33:32,6581.0,6550.0,-268.2511,1359.0
12:33:32,6581.0,6555.0,-42.2277,509.0
12:33:32,6581.0,6560.0,-56.7854,720.0
12:33:32,6581.0,6565.0,-43.7417,647.0
12:33:32,6581.0,6570.0,-59.7937,1046.0
12:33:32,6581.0,6575.0,-123.8225,456.0
12:33:32,6581.0,6580.0,-86.0513,1317.0
12:33:32,6581.0,6585.0,-82.8934,645.0
12:33:32,6581.0,6590.0,-163.316,626.0
12:33:32,6581.0,6595.0,-38.5247,560.0
12:33:32,6581.0,6600.0,-104.7417,2908.0
12:33:32,6581.0,6605.0,38.7588,895.0
12:33:32,6581.0,6610.0,77.722,1009.0
12:33:32,6581.0,6615.0,55.0548,412.0
12:33:32,6581.0,6620.0,-29.3016,928.0
12:33:32,6581.0,6625.0,57.0336,870.0
12:33:32,6581.0,6630.0,35.731,814.0
12:33:32,6581.0,6635.0,32.8907,270.0
12:33:32,6581.0,6640.0,63.2474,898.0
12:33:32,6581.0,6645.0,50.1328,489.0
12:33:32,6581.0,6650.0,208.5789,1643.0
12:33:32,6581.0,6655.0,144.0632,698.0
12:35:42,6581.0,6510.0,-140.9109,251.0
12:35:42,6581.0,6515.0,-186.7528,256.0
12:35:42,6581.0,6520.0,-149.4563,708.0
12:35:42,6581.0,6525.0,-394.1847,307.0
12:35:42,6581.0,6530.0,-181.0947,878.0
12:35:42,6581.0,6535.0,-121.5629,461.0
12:35:42,6581.0,6540.0,-131.8707,693.0
12:35:42,6581.0,6545.0,-63.2114,483.0
12:35:42,6581.0,6550.0,-266.7876,1359.0
12:35:42,6581.0,6555.0,-42.1041,510.0
12:35:42,6581.0,6560.0,-56.5935,720.0
12:35:42,6581.0,6565.0,-43.5257,647.0
12:35:42,6581.0,6570.0,-59.5887,1057.0
12:35:42,6581.0,6575.0,-123.5126,457.0
12:35:42,6581.0,6580.0,-85.8436,1320.0
12:35:42,6581.0,6585.0,-82.6324,645.0
12:35:42,6581.0,6590.0,-162.7998,626.0
12:35:42,6581.0,6595.0,-38.4552,561.0
12:35:42,6581.0,6600.0,-104.6342,2909.0
12:35:42,6581.0,6605.0,38.6638,895.0
12:35:42,6581.0,6610.0,77.4879,1009.0
12:35:42,6581.0,6615.0,54.9495,412.0
12:35:42,6581.0,6620.0,-29.2519,929.0
12:35:42,6581.0,6625.0,56.9152,872.0
12:35:42,6581.0,6630.0,36.8611,817.0
12:35:42,6581.0,6635.0,32.8009,270.0
12:35:42,6581.0,6640.0,63.0742,899.0
12:35:42,6581.0,6645.0,50.6448,490.0
12:35:42,6581.0,6650.0,210.913,1647.0
12:35:42,6581.0,6655.0,144.0632,700.0
12:37:52,6581.0,6510.0,-142.1709,259.0
12:37:52,6581.0,6515.0,-188.3086,256.0
12:37:52,6581.0,6520.0,-148.9335,738.0
12:37:52,6581.0,6525.0,-390.356,309.0
12:37:52,6581.0,6530.0,-179.8034,880.0
12:37:52,6581.0,6535.0,-120.5936,462.0
12:37:52,6581.0,6540.0,-131.8707,699.0
12:37:52,6581.0,6545.0,-63.2114,483.0
12:37:52,6581.0,6550.0,-266.6854,1360.0
12:37:52,6581.0,6555.0,-41.9921,510.0
12:37:52,6581.0,6560.0,-56.6757,720.0
12:37:52,6581.0,6565.0,-43.6118,647.0
12:37:52,6581.0,6570.0,-59.8519,1059.0
12:37:52,6581.0,6575.0,-124.0905,463.0
12:37:52,6581.0,6580.0,-86.1703,1328.0
12:37:52,6581.0,6585.0,-83.1817,648.0
12:37:52,6581.0,6590.0,-164.2469,626.0
12:37:52,6581.0,6595.0,-38.5308,562.0
12:37:52,6581.0,6600.0,-104.6867,2909.0
12:37:52,6581.0,6605.0,38.6823,895.0
12:37:52,6581.0,6610.0,77.5208,1009.0
12:37:52,6581.0,6615.0,56.8794,412.0
12:37:52,6581.0,6620.0,-31.6462,929.0
12:37:52,6581.0,6625.0,56.8634,902.0
12:37:52,6581.0,6630.0,36.3451,819.0
12:37:52,6581.0,6635.0,33.4899,270.0
12:37:52,6581.0,6640.0,64.4842,899.0
12:37:52,6581.0,6645.0,50.0034,491.0
12:37:52,6581.0,6650.0,208.0575,1649.0
12:37:52,6581.0,6655.0,143.6969,700.0
12:40:02,6581.0,6510.0,-139.38,261.0
12:40:02,6581.0,6515.0,-184.9228,256.0
12:40:02,6581.0,6520.0,-148.4501,738.0
12:40:02,6581.0,6525.0,-389.0516,367.0
12:40:02,6581.0,6530.0,-179.2287,885.0
12:40:02,6581.0,6535.0,-120.3959,462.0
12:40:02,6581.0,6540.0,-131.4954,709.0
12:40:02,6581.0,6545.0,-62.8724,483.0
12:40:02,6581.0,6550.0,-265.636,1370.0
12:40:02,6581.0,6555.0,-41.9774,517.0
12:40:02,6581.0,6560.0,-56.5971,722.0
12:40:02,6581.0,6565.0,-43.6243,648.0
12:40:02,6581.0,6570.0,-59.784,1059.0
12:40:02,6581.0,6575.0,-124.2388,485.0
12:40:02,6581.0,6580.0,-86.3548,1328.0
12:40:02,6581.0,6585.0,-83.408,648.0
12:40:02,6581.0,6590.0,-164.2469,626.0
12:40:02,6581.0,6595.0,-38.6688,562.0
12:40:02,6581.0,6600.0,-105.6782,2910.0
12:40:02,6581.0,6605.0,39.1032,895.0
12:40:02,6581.0,6610.0,78.9584,1009.0
12:40:02,6581.0,6615.0,56.1026,412.0
12:40:02,6581.0,6620.0,-29.9282,930.0
12:40:02,6581.0,6625.0,58.3457,983.0
12:40:02,6581.0,6630.0,36.596,823.0
12:40:02,6581.0,6635.0,33.7239,270.0
12:40:02,6581.0,6640.0,64.9281,900.0
12:40:02,6581.0,6645.0,51.5307,493.0
12:40:02,6581.0,6650.0,214.6402,1650.0
12:40:02,6581.0,6655.0,151.0012,701.0
12:42:12,6581.0,6510.0,-139.6469,262.0
12:42:12,6581.0,6515.0,-185.8005,256.0
12:42:12,6581.0,6520.0,-149.5819,739.0
12:42:12,6581.0,6525.0,-393.1722,399.0
12:42:12,6581.0,6530.0,-181.7472,885.0
12:42:12,6581.0,6535.0,-122.4029,462.0
12:42:12,6581.0,6540.0,-133.8327,712.0
12:42:12,6581.0,6545.0,-64.1698,483.0
12:42:12,6581.0,6550.0,-271.1822,1376.0
12:42:12,6581.0,6555.0,-42.9127,517.0
12:42:12,6581.0,6560.0,-58.0903,767.0
12:42:12,6581.0,6565.0,-44.7759,649.0
12:42:12,6581.0,6570.0,-61.3621,1059.0
12:42:12,6581.0,6575.0,-127.4559,530.0
12:42:12,6581.0,6580.0,-88.5254,1330.0
12:42:12,6581.0,6585.0,-85.4156,649.0
12:42:12,6581.0,6590.0,-164.5954,627.0
12:42:12,6581.0,6595.0,-41.5412,562.0
12:42:12,6581.0,6600.0,-108.5246,2910.0
12:42:12,6581.0,6605.0,40.1838,896.0
12:42:12,6581.0,6610.0,80.6728,1010.0
12:42:12,6581.0,6615.0,57.2463,412.0
12:42:12,6581.0,6620.0,-30.4868,931.0
12:42:12,6581.0,6625.0,59.3295,1006.0
12:42:12,6581.0,6630.0,37.1378,824.0
12:42:12,6581.0,6635.0,34.1427,270.0
12:42:12,6581.0,6640.0,65.564,908.0
12:42:12,6581.0,6645.0,51.8965,493.0
12:42:12,6581.0,6650.0,215.5913,1669.0
12:42:12,6581.0,6655.0,145.1606,713.0
12:44:22,6581.0,6510.0,-140.8186,264.0
12:44:22,6581.0,6515.0,-187.7026,256.0
12:44:22,6581.0,6520.0,-151.2921,739.0
12:44:22,6581.0,6525.0,-398.0403,399.0
12:44:22,6581.0,6530.0,-183.921,891.0
12:44:22,6581.0,6535.0,-123.6984,463.0
12:44:22,6581.0,6540.0,-135.1384,715.0
12:44:22,6581.0,6545.0,-64.7171,483.0
12:44:22,6581.0,6550.0,-274.3316,1378.0
12:44:22,6581.0,6555.0,-43.3535,519.0
12:44:22,6581.0,6560.0,-58.5781,769.0
12:44:22,6581.0,6565.0,-45.1559,650.0
12:44:22,6581.0,6570.0,-61.9791,1066.0
12:44:22,6581.0,6575.0,-128.6711,541.0
12:44:22,6581.0,6580.0,-89.439,1333.0
12:44:22,6581.0,6585.0,-86.3354,649.0
12:44:22,6581.0,6590.0,-170.0693,627.0
12:44:22,6581.0,6595.0,-40.1934,562.0
12:44:22,6581.0,6600.0,-109.3621,2925.0
12:44:22,6581.0,6605.0,40.4228,897.0
12:44:22,6581.0,6610.0,81.012,1011.0
12:44:22,6581.0,6615.0,57.3788,412.0
12:44:22,6581.0,6620.0,-30.5171,937.0
12:44:22,6581.0,6625.0,59.3319,1009.0
12:44:22,6581.0,6630.0,37.1378,825.0
12:44:22,6581.0,6635.0,34.1427,272.0
12:44:22,6581.0,6640.0,65.3294,912.0
12:44:22,6581.0,6645.0,51.6459,498.0
12:44:22,6581.0,6650.0,214.3024,1672.0
12:44:22,6581.0,6655.0,142.0933,718.0
12:46:32,6581.0,6510.0,-139.4243,269.0
12:46:32,6581.0,6515.0,-186.0722,256.0
12:46:32,6581.0,6520.0,-150.1261,739.0
12:46:32,6581.0,6525.0,-395.0527,469.0
12:46:32,6581.0,6530.0,-182.9434,891.0
12:46:32,6581.0,6535.0,-122.8491,464.0
12:46:32,6581.0,6540.0,-134.619,718.0
12:46:32,6581.0,6545.0,-64.6297,485.0
12:46:32,6581.0,6550.0,-274.158,1385.0
12:46:32,6581.0,6555.0,-43.3781,519.0
12:46:32,6581.0,6560.0,-58.6763,771.0
12:46:32,6581.0,6565.0,-45.2935,653.0
12:46:32,6581.0,6570.0,-62.3242,1066.0
12:46:32,6581.0,6575.0,-129.4667,570.0
12:46:32,6581.0,6580.0,-90.054,1333.0
12:46:32,6581.0,6585.0,-86.9064,657.0
12:46:32,6581.0,6590.0,-171.6606,633.0
12:46:32,6581.0,6595.0,-40.6011,565.0
12:46:32,6581.0,6600.0,-110.6139,2941.0
12:46:32,6581.0,6605.0,40.9065,910.0
12:46:32,6581.0,6610.0,81.8946,1013.0
12:46:32,6581.0,6615.0,57.9305,412.0
12:46:32,6581.0,6620.0,-30.8224,944.0
12:46:32,6581.0,6625.0,59.9858,1070.0
12:46:32,6581.0,6630.0,37.099,826.0
12:46:32,6581.0,6635.0,34.0649,273.0
12:46:32,6581.0,6640.0,66.2302,914.0
12:46:32,6581.0,6645.0,52.426,501.0
12:46:32,6581.0,6650.0,217.9806,1678.0
12:46:32,6581.0,6655.0,150.5942,722.0
12:48:43,6581.0,6510.0,-130.1172,473.0
12:48:43,6581.0,6515.0,-174.2929,259.0
12:48:43,6581.0,6520.0,-141.2006,741.0
12:48:43,6581.0,6525.0,-373.4045,470.0
12:48:43,6581.0,6530.0,-173.8453,892.0
12:48:43,6581.0,6535.0,-118.1217,466.0
12:48:43,6581.0,6540.0,-129.9181,721.0
12:48:43,6581.0,6545.0,-62.6595,485.0
12:48:43,6581.0,6550.0,-267.3851,1388.0
12:48:43,6581.0,6555.0,-42.5319,523.0
12:48:43,6581.0,6560.0,-57.7654,771.0
12:48:43,6581.0,6565.0,-44.8393,653.0
12:48:43,6581.0,6570.0,-61.9539,1068.0
12:48:43,6581.0,6575.0,-129.4013,581.0
12:48:43,6581.0,6580.0,-90.545,1333.0
12:48:43,6581.0,6585.0,-87.9126,674.0
12:48:43,6581.0,6590.0,-174.3566,633.0
12:48:43,6581.0,6595.0,-41.4658,570.0
12:48:43,6581.0,6600.0,-113.5629,2958.0
12:48:43,6581.0,6605.0,42.2324,913.0
12:48:43,6581.0,6610.0,85.2608,1016.0
12:48:43,6581.0,6615.0,60.7492,412.0
12:48:43,6581.0,6620.0,-32.5612,945.0
12:48:43,6581.0,6625.0,63.8189,1070.0
12:48:43,6581.0,6630.0,37.5442,834.0
12:48:43,6581.0,6635.0,37.1996,274.0
12:48:43,6581.0,6640.0,71.7965,915.0
12:48:43,6581.0,6645.0,57.0808,506.0
12:48:43,6581.0,6650.0,238.1529,1692.0
12:48:43,6581.0,6655.0,165.0094,724.0
12:50:53,6581.0,6510.0,-131.7879,476.0
12:50:53,6581.0,6515.0,-176.6386,260.0
12:50:53,6581.0,6520.0,-143.2022,743.0
12:50:53,6581.0,6525.0,-379.1558,470.0
12:50:53,6581.0,6530.0,-176.6651,895.0
12:50:53,6581.0,6535.0,-120.012,466.0
12:50:53,6581.0,6540.0,-131.9281,724.0
12:50:53,6581.0,6545.0,-63.6051,485.0
12:50:53,6581.0,6550.0,-270.955,1393.0
12:50:53,6581.0,6555.0,-43.1101,525.0
12:50:53,6581.0,6560.0,-58.4891,775.0
12:50:53,6581.0,6565.0,-45.3891,656.0
12:50:53,6581.0,6570.0,-62.3819,1075.0
12:50:53,6581.0,6575.0,-130.1465,582.0
12:50:53,6581.0,6580.0,-91.4824,1362.0
12:50:53,6581.0,6585.0,-88.6537,674.0
12:50:53,6581.0,6590.0,-175.4857,645.0
12:50:53,6581.0,6595.0,-41.6408,572.0
12:50:53,6581.0,6600.0,-113.8229,2963.0
12:50:53,6581.0,6605.0,42.3006,913.0
12:50:53,6581.0,6610.0,85.2319,1018.0
12:50:53,6581.0,6615.0,60.7532,414.0
12:50:53,6581.0,6620.0,-32.5612,950.0
12:50:53,6581.0,6625.0,62.8019,1082.0
12:50:53,6581.0,6630.0,39.9815,834.0
12:50:53,6581.0,6635.0,36.8861,274.0
12:50:53,6581.0,6640.0,71.0415,918.0
12:50:53,6581.0,6645.0,56.399,505.0
12:50:53,6581.0,6650.0,235.0952,1693.0
12:50:53,6581.0,6655.0,162.8038,725.0
12:53:03,6581.0,6510.0,-131.7879,491.0
12:53:03,6581.0,6515.0,-176.6386,264.0
12:53:03,6581.0,6520.0,-159.3387,750.0
12:53:03,6581.0,6525.0,-417.5079,482.0
12:53:03,6581.0,6530.0,-191.7095,895.0
12:53:03,6581.0,6535.0,-128.7667,466.0
12:53:03,6581.0,6540.0,-139.8542,727.0
12:53:03,6581.0,6545.0,-66.5283,486.0
12:53:03,6581.0,6550.0,-280.367,1398.0
12:53:03,6581.0,6555.0,-44.1999,529.0
12:53:03,6581.0,6560.0,-59.2223,776.0
12:53:03,6581.0,6565.0,-45.4597,658.0
12:53:03,6581.0,6570.0,-62.071,1089.0
12:53:03,6581.0,6575.0,-128.0032,598.0
12:53:03,6581.0,6580.0,-88.5216,1373.0
12:53:03,6581.0,6585.0,-84.8282,675.0
12:53:03,6581.0,6590.0,-166.1143,649.0
12:53:03,6581.0,6595.0,-38.9981,573.0
12:53:03,6581.0,6600.0,-105.5127,2987.0
12:53:03,6581.0,6605.0,38.8222,920.0
12:53:03,6581.0,6610.0,77.3926,1021.0
12:53:03,6581.0,6615.0,54.4867,417.0
12:53:03,6581.0,6620.0,-13.9838,954.0
12:53:03,6581.0,6625.0,55.6725,1088.0
12:53:03,6581.0,6630.0,34.6342,851.0
12:53:03,6581.0,6635.0,31.6589,282.0
12:53:03,6581.0,6640.0,60.4734,934.0
12:53:03,6581.0,6645.0,56.399,509.0
12:53:03,6581.0,6650.0,235.0952,1706.0
12:53:03,6581.0,6655.0,162.8038,736.0
12:55:13,6581.0,6510.0,-149.4866,499.0
12:55:13,6581.0,6515.0,-198.5394,268.0
12:55:13,6581.0,6520.0,-170.8286,757.0
12:55:13,6581.0,6525.0,-441.2119,486.0
12:55:13,6581.0,6530.0,-200.3636,918.0
12:55:13,6581.0,6535.0,-132.9192,470.0
12:55:13,6581.0,6540.0,-142.5528,730.0
12:55:13,6581.0,6545.0,-66.5283,489.0
12:55:13,6581.0,6550.0,-280.367,1438.0
12:55:13,6581.0,6555.0,-44.1999,543.0
12:55:13,6581.0,6560.0,-59.2223,795.0
12:55:13,6581.0,6565.0,-45.4597,660.0
12:55:13,6581.0,6570.0,-60.2938,1113.0
12:55:13,6581.0,6575.0,-123.7362,651.0
12:55:13,6581.0,6580.0,-85.1431,1383.0
12:55:13,6581.0,6585.0,-81.3747,684.0
12:55:13,6581.0,6590.0,-150.171,661.0
12:55:13,6581.0,6595.0,-34.8689,585.0
12:55:13,6581.0,6600.0,-93.3078,3061.0
12:55:13,6581.0,6605.0,36.8032,929.0
12:55:13,6581.0,6610.0,73.0569,1033.0
12:55:13,6581.0,6615.0,59.1516,419.0
12:55:13,6581.0,6620.0,-7.0261,1030.0
12:55:13,6581.0,6625.0,46.8566,1126.0
12:55:13,6581.0,6630.0,28.9507,869.0
12:55:13,6581.0,6635.0,26.3175,286.0
12:55:13,6581.0,6640.0,50.0472,956.0
12:55:13,6581.0,6645.0,47.6398,552.0
12:55:13,6581.0,6650.0,217.3388,1726.0
12:55:13,6581.0,6655.0,135.4784,763.0
12:57:23,6581.0,6510.0,-149.0209,505.0
12:57:23,6581.0,6515.0,-197.4904,272.0
12:57:23,6581.0,6520.0,-158.4223,766.0
12:57:23,6581.0,6525.0,-416.6986,488.0
12:57:23,6581.0,6530.0,-190.6661,918.0
12:57:23,6581.0,6535.0,-128.391,471.0
12:57:23,6581.0,6540.0,-139.6087,732.0
12:57:23,6581.0,6545.0,-66.5364,492.0
12:57:23,6581.0,6550.0,-280.1244,1440.0
12:57:23,6581.0,6555.0,-43.9964,552.0
12:57:23,6581.0,6560.0,-58.9037,809.0
12:57:23,6581.0,6565.0,-45.2063,663.0
12:57:23,6581.0,6570.0,-61.518,1115.0
12:57:23,6581.0,6575.0,-126.5689,689.0
12:57:23,6581.0,6580.0,-87.4515,1398.0
12:57:23,6581.0,6585.0,-83.7828,686.0
12:57:23,6581.0,6590.0,-164.9753,662.0
12:57:23,6581.0,6595.0,-38.7491,591.0
12:57:23,6581.0,6600.0,-104.2584,3071.0
12:57:23,6581.0,6605.0,38.3517,931.0
12:57:23,6581.0,6610.0,76.3896,1034.0
12:57:23,6581.0,6615.0,53.7185,419.0
12:57:23,6581.0,6620.0,-24.4401,1035.0
12:57:23,6581.0,6625.0,85.7671,1126.0
12:57:23,6581.0,6630.0,32.3161,869.0
12:57:23,6581.0,6635.0,29.5027,289.0
12:57:23,6581.0,6640.0,60.3168,991.0
12:57:23,6581.0,6645.0,46.7643,555.0
12:57:23,6581.0,6650.0,196.6137,1737.0
12:57:23,6581.0,6655.0,134.9886,766.0
12:59:33,6581.0,6510.0,-145.9976,509.0
12:59:33,6581.0,6515.0,-194.1981,273.0
12:59:33,6581.0,6520.0,-156.2738,768.0
12:59:33,6581.0,6525.0,-409.9801,489.0
12:59:33,6581.0,6530.0,-188.5563,929.0
12:59:33,6581.0,6535.0,-126.7672,473.0
12:59:33,6581.0,6540.0,-138.2497,734.0
12:59:33,6581.0,6545.0,-66.0661,494.0
12:59:33,6581.0,6550.0,-279.7842,1446.0
12:59:33,6581.0,6555.0,-44.0752,553.0
12:59:33,6581.0,6560.0,-59.203,809.0
12:59:33,6581.0,6565.0,-45.5787,665.0
12:59:33,6581.0,6570.0,-62.3575,1124.0
12:59:33,6581.0,6575.0,-128.6376,691.0
12:59:33,6581.0,6580.0,-89.1844,1398.0
12:59:33,6581.0,6585.0,-85.7245,706.0
12:59:33,6581.0,6590.0,-168.3269,662.0
12:59:33,6581.0,6595.0,-39.5654,596.0
12:59:33,6581.0,6600.0,-107.2207,3072.0
12:59:33,6581.0,6605.0,39.5412,935.0
12:59:33,6581.0,6610.0,79.0134,1036.0
12:59:33,6581.0,6615.0,55.7765,419.0
12:59:33,6581.0,6620.0,-29.5466,1041.0
12:59:33,6581.0,6625.0,63.2581,1126.0
12:59:33,6581.0,6630.0,34.5119,869.0
12:59:33,6581.0,6635.0,31.5595,289.0
12:59:33,6581.0,6640.0,62.447,995.0
12:59:33,6581.0,6645.0,49.2738,557.0
12:59:33,6581.0,6650.0,204.1067,1742.0
12:59:33,6581.0,6655.0,140.3382,766.0
13:01:44,6581.0,6510.0,-133.4024,612.0
13:01:44,6581.0,6515.0,-178.9485,275.0
13:01:44,6581.0,6520.0,-145.2248,771.0
13:01:44,6581.0,6525.0,-384.6454,489.0
13:01:44,6581.0,6530.0,-179.0377,942.0
13:01:44,6581.0,6535.0,-121.7415,474.0
13:01:44,6581.0,6540.0,-134.1582,734.0
13:01:44,6581.0,6545.0,-64.581,494.0
13:01:44,6581.0,6550.0,-275.7236,1452.0
13:01:44,6581.0,6555.0,-43.6453,557.0
13:01:44,6581.0,6560.0,-59.0993,814.0
13:01:44,6581.0,6565.0,-46.0026,676.0
13:01:44,6581.0,6570.0,-63.4161,1133.0
13:01:44,6581.0,6575.0,-132.1347,697.0
13:01:44,6581.0,6580.0,-92.2118,1403.0
13:01:44,6581.0,6585.0,-89.1951,707.0
13:01:44,6581.0,6590.0,-176.2831,681.0
13:01:44,6581.0,6595.0,-41.7767,598.0
13:01:44,6581.0,6600.0,-114.0822,3080.0
13:01:44,6581.0,6605.0,42.3632,935.0
13:01:44,6581.0,6610.0,85.36,1044.0
13:01:44,6581.0,6615.0,60.7744,420.0
13:01:44,6581.0,6620.0,-32.4748,1072.0
13:01:44,6581.0,6625.0,63.3824,1127.0
13:01:44,6581.0,6630.0,35.6388,872.0
13:01:44,6581.0,6635.0,32.6332,290.0
13:01:44,6581.0,6640.0,70.3893,996.0
13:01:44,6581.0,6645.0,55.7782,589.0
13:01:44,6581.0,6650.0,232.0058,1743.0
13:01:44,6581.0,6655.0,160.2235,770.0
13:03:54,6581.0,6510.0,-137.0377,613.0
13:03:54,6581.0,6515.0,-183.402,276.0
13:03:54,6581.0,6520.0,-148.5491,780.0
13:03:54,6581.0,6525.0,-392.3849,489.0
13:03:54,6581.0,6530.0,-181.8755,955.0
13:03:54,6581.0,6535.0,-124.107,474.0
13:03:54,6581.0,6540.0,-136.2916,736.0
13:03:54,6581.0,6545.0,-65.5213,494.0
13:03:54,6581.0,6550.0,-277.4808,1463.0
13:03:54,6581.0,6555.0,-43.9162,559.0
13:03:54,6581.0,6560.0,-59.5023,814.0
13:03:54,6581.0,6565.0,-45.9943,682.0
13:03:54,6581.0,6570.0,-63.3322,1136.0
13:03:54,6581.0,6575.0,-131.6281,700.0
13:03:54,6581.0,6580.0,-91.7717,1430.0
13:03:54,6581.0,6585.0,-88.6258,709.0
13:03:54,6581.0,6590.0,-174.9777,682.0
13:03:54,6581.0,6595.0,-41.4031,598.0
13:03:54,6581.0,6600.0,-112.8283,3083.0
13:03:54,6581.0,6605.0,41.8027,935.0
13:03:54,6581.0,6610.0,83.9306,1044.0
13:03:54,6581.0,6615.0,59.5698,427.0
13:03:54,6581.0,6620.0,-32.4748,1073.0
13:03:54,6581.0,6625.0,56.0526,1127.0
13:03:54,6581.0,6630.0,39.7646,873.0
13:03:54,6581.0,6635.0,35.5237,294.0
13:03:54,6581.0,6640.0,68.1498,997.0
13:03:54,6581.0,6645.0,53.8907,591.0
13:03:54,6581.0,6650.0,223.6737,1744.0
13:03:54,6581.0,6655.0,154.14,770.0
13:06:04,6581.0,6510.0,-148.8497,616.0
13:06:04,6581.0,6515.0,-198.4144,280.0
13:06:04,6581.0,6520.0,-159.7943,785.0
13:06:04,6581.0,6525.0,-419.5411,490.0
13:06:04,6581.0,6530.0,-193.3443,982.0
13:06:04,6581.0,6535.0,-129.9717,474.0
13:06:04,6581.0,6540.0,-141.8224,747.0
13:06:04,6581.0,6545.0,-67.7224,499.0
13:06:04,6581.0,6550.0,-286.4807,1467.0
13:06:04,6581.0,6555.0,-44.9551,569.0
13:06:04,6581.0,6560.0,-60.6022,828.0
13:06:04,6581.0,6565.0,-46.4945,688.0
13:06:04,6581.0,6570.0,-63.5286,1149.0
13:06:04,6581.0,6575.0,-131.3495,713.0
13:06:04,6581.0,6580.0,-90.737,1431.0
13:06:04,6581.0,6585.0,-87.2216,710.0
13:06:04,6581.0,6590.0,-170.9286,683.0
13:06:04,6581.0,6595.0,-40.1453,604.0
13:06:04,6581.0,6600.0,-108.572,3089.0
13:06:04,6581.0,6605.0,39.8752,935.0
13:06:04,6581.0,6610.0,79.3191,1052.0
13:06:04,6581.0,6615.0,55.78,432.0
13:06:04,6581.0,6620.0,-29.4675,1074.0
13:06:04,6581.0,6625.0,56.9123,1135.0
13:06:04,6581.0,6630.0,35.3566,878.0
13:06:04,6581.0,6635.0,32.2562,296.0
13:06:04,6581.0,6640.0,61.4577,1035.0
13:06:04,6581.0,6645.0,48.2623,595.0
13:06:04,6581.0,6650.0,199.0448,1748.0
13:06:04,6581.0,6655.0,136.2614,772.0
13:08:14,6581.0,6510.0,-151.047,617.0
13:08:14,6581.0,6515.0,-200.8833,280.0
13:08:14,6581.0,6520.0,-161.6021,788.0
13:08:14,6581.0,6525.0,-423.464,492.0
13:08:14,6581.0,6530.0,-194.4708,999.0
13:08:14,6581.0,6535.0,-130.4711,474.0
13:08:14,6581.0,6540.0,-142.2371,749.0
13:08:14,6581.0,6545.0,-67.635,499.0
13:08:14,6581.0,6550.0,-286.5285,1482.0
13:08:14,6581.0,6555.0,-44.9507,569.0
13:08:14,6581.0,6560.0,-60.2611,829.0
13:08:14,6581.0,6565.0,-46.262,690.0
13:08:14,6581.0,6570.0,-62.7503,1157.0
13:08:14,6581.0,6575.0,-130.1254,717.0
13:08:14,6581.0,6580.0,-89.8382,1433.0
13:08:14,6581.0,6585.0,-86.0832,710.0
13:08:14,6581.0,6590.0,-172.6908,690.0
13:08:14,6581.0,6595.0,-39.544,604.0
13:08:14,6581.0,6600.0,-106.884,3089.0
13:08:14,6581.0,6605.0,39.2749,935.0
13:08:14,6581.0,6610.0,78.1343,1053.0
13:08:14,6581.0,6615.0,54.8829,432.0
13:08:14,6581.0,6620.0,-28.9352,1076.0
13:08:14,6581.0,6625.0,60.9541,1136.0
13:08:14,6581.0,6630.0,34.5895,889.0
13:08:14,6581.0,6635.0,31.5266,296.0
13:08:14,6581.0,6640.0,60.0333,1038.0
13:08:14,6581.0,6645.0,47.1155,595.0
13:08:14,6581.0,6650.0,188.3911,1773.0
13:08:14,6581.0,6655.0,132.625,776.0
13:10:24,6581.0,6510.0,-151.047,619.0
13:10:24,6581.0,6515.0,-200.8833,359.0
13:10:24,6581.0,6520.0,-160.578,789.0
13:10:24,6581.0,6525.0,-434.6125,492.0
13:10:24,6581.0,6530.0,-198.5917,1001.0
13:10:24,6581.0,6535.0,-130.4711,475.0
13:10:24,6581.0,6540.0,-142.2371,751.0
13:10:24,6581.0,6545.0,-67.8332,501.0
13:10:24,6581.0,6550.0,-286.5285,1482.0
13:10:24,6581.0,6555.0,-44.9507,573.0
13:10:24,6581.0,6560.0,-60.2611,831.0
13:10:24,6581.0,6565.0,-46.262,693.0
13:10:24,6581.0,6570.0,-63.1141,1157.0
13:10:24,6581.0,6575.0,-129.3205,719.0
13:10:24,6581.0,6580.0,-89.1667,1433.0
13:10:24,6581.0,6585.0,-85.2139,711.0
13:10:24,6581.0,6590.0,-170.2249,690.0
13:10:24,6581.0,6595.0,-39.544,604.0
13:10:24,6581.0,6600.0,-106.884,3091.0
13:10:24,6581.0,6605.0,39.2749,936.0
13:10:24,6581.0,6610.0,78.1343,1053.0
13:10:24,6581.0,6615.0,54.8829,432.0
13:10:24,6581.0,6620.0,-28.9352,1079.0
13:10:24,6581.0,6625.0,55.7616,1139.0
13:10:24,6581.0,6630.0,38.7138,926.0
13:10:24,6581.0,6635.0,29.7818,297.0
13:10:24,6581.0,6640.0,56.4762,1040.0
13:10:24,6581.0,6645.0,47.1155,601.0
13:10:24,6581.0,6650.0,188.3911,1860.0
13:10:24,6581.0,6655.0,132.625,780.0
13:12:34,6581.0,6510.0,-156.832,631.0
13:12:34,6581.0,6515.0,-207.7754,361.0
13:12:34,6581.0,6520.0,-170.21,791.0
13:12:34,6581.0,6525.0,-444.0409,494.0
13:12:34,6581.0,6530.0,-202.7254,1002.0
13:12:34,6581.0,6535.0,-135.6942,475.0
13:12:34,6581.0,6540.0,-144.6156,752.0
13:12:34,6581.0,6545.0,-68.7539,502.0
13:12:34,6581.0,6550.0,-288.7367,1484.0
13:12:34,6581.0,6555.0,-45.3014,576.0
13:12:34,6581.0,6560.0,-60.4625,837.0
13:12:34,6581.0,6565.0,-46.2859,700.0
13:12:34,6581.0,6570.0,-62.931,1160.0
13:12:34,6581.0,6575.0,-129.3266,723.0
13:12:34,6581.0,6580.0,-88.7051,1434.0
13:12:34,6581.0,6585.0,-84.4086,716.0
13:12:34,6581.0,6590.0,-164.2353,690.0
13:12:34,6581.0,6595.0,-38.8915,610.0
13:12:34,6581.0,6600.0,-104.7705,3095.0
13:12:34,6581.0,6605.0,38.344,936.0
13:12:34,6581.0,6610.0,75.3961,1068.0
13:12:34,6581.0,6615.0,52.7222,443.0
13:12:34,6581.0,6620.0,-27.6732,1089.0
13:12:34,6581.0,6625.0,53.1093,1142.0
13:12:34,6581.0,6630.0,32.7686,940.0
13:12:34,6581.0,6635.0,28.7802,303.0
13:12:34,6581.0,6640.0,54.422,1050.0
13:12:34,6581.0,6645.0,44.1308,606.0
13:12:34,6581.0,6650.0,183.2395,1876.0
13:12:34,6581.0,6655.0,122.9837,794.0
13:14:44,6581.0,6510.0,-156.832,631.0
13:14:44,6581.0,6515.0,-207.7754,364.0
13:14:44,6581.0,6520.0,-170.21,792.0
13:14:44,6581.0,6525.0,-445.885,495.0
13:14:44,6581.0,6530.0,-194.9549,1009.0
13:14:44,6581.0,6535.0,-131.2845,475.0
13:14:44,6581.0,6540.0,-143.108,753.0
13:14:44,6581.0,6545.0,-68.3306,506.0
13:14:44,6581.0,6550.0,-288.9853,1485.0
13:14:44,6581.0,6555.0,-45.3709,579.0
13:14:44,6581.0,6560.0,-61.1028,847.0
13:14:44,6581.0,6565.0,-46.9385,701.0
13:14:44,6581.0,6570.0,-64.0827,1163.0
13:14:44,6581.0,6575.0,-126.8752,725.0
13:14:44,6581.0,6580.0,-91.5222,1438.0
13:14:44,6581.0,6585.0,-87.71,717.0
13:14:44,6581.0,6590.0,-164.2353,705.0
13:14:44,6581.0,6595.0,-40.3286,610.0
13:14:44,6581.0,6600.0,-109.035,3096.0
13:14:44,6581.0,6605.0,40.0136,937.0
13:14:44,6581.0,6610.0,79.5763,1074.0
13:14:44,6581.0,6615.0,55.8653,443.0
13:14:44,6581.0,6620.0,-29.4097,1100.0
13:14:44,6581.0,6625.0,56.5873,1156.0
13:14:44,6581.0,6630.0,35.0315,958.0
13:14:44,6581.0,6635.0,31.8611,304.0
13:14:44,6581.0,6640.0,54.422,1071.0
13:14:44,6581.0,6645.0,44.1308,613.0
13:14:44,6581.0,6650.0,183.2395,1907.0
13:14:44,6581.0,6655.0,122.9837,798.0
13:41:16,6581.0,6510.0,-49.8461,680.0
13:41:16,6581.0,6515.0,-84.8034,397.0
13:41:16,6581.0,6520.0,-184.1176,867.0
13:41:16,6581.0,6525.0,-476.5315,535.0
13:41:16,6581.0,6530.0,-216.4709,1061.0
13:41:16,6581.0,6535.0,-138.9927,488.0
13:41:16,6581.0,6540.0,-157.6055,800.0
13:41:16,6581.0,6545.0,-58.408,552.0
13:41:16,6581.0,6550.0,-412.2063,1574.0
13:41:16,6581.0,6555.0,-71.963,633.0
13:41:16,6581.0,6560.0,-105.4685,912.0
13:41:16,6581.0,6565.0,-86.8896,800.0
13:41:16,6581.0,6570.0,-180.5634,1216.0
13:41:16,6581.0,6575.0,-125.7665,1394.0
13:41:16,6581.0,6580.0,-85.563,1467.0
13:41:16,6581.0,6585.0,-80.6935,837.0
13:41:16,6581.0,6590.0,-155.3801,813.0
13:41:16,6581.0,6595.0,-80.6899,631.0
13:41:16,6581.0,6600.0,-209.0312,3196.0
13:41:16,6581.0,6605.0,72.4515,998.0
13:41:16,6581.0,6610.0,133.9677,1191.0
13:41:16,6581.0,6615.0,7.2052,508.0
13:41:16,6581.0,6620.0,-40.9968,1186.0
13:41:16,6581.0,6625.0,-4.2181,1211.0
13:41:16,6581.0,6630.0,38.1717,1033.0
13:41:16,6581.0,6635.0,24.5995,375.0
13:41:16,6581.0,6640.0,46.6077,1182.0
13:41:16,6581.0,6645.0,31.8948,670.0
13:41:16,6581.0,6650.0,108.2671,2159.0
13:41:16,6581.0,6655.0,60.0868,893.0
13:41:25,6581.0,6510.0,-176.7314,680.0
13:41:25,6581.0,6515.0,-231.6093,397.0
13:41:25,6581.0,6520.0,-184.1176,869.0
13:41:25,6581.0,6525.0,-476.5315,535.0
13:41:25,6581.0,6530.0,-216.4709,1061.0
13:41:25,6581.0,6535.0,-143.3992,488.0
13:41:25,6581.0,6540.0,-154.0478,801.0
13:41:25,6581.0,6545.0,-72.3105,552.0
13:41:25,6581.0,6550.0,-301.5455,1575.0
13:41:25,6581.0,6555.0,-46.6572,633.0
13:41:25,6581.0,6560.0,-61.6041,914.0
13:41:25,6581.0,6565.0,-46.5049,800.0
13:41:25,6581.0,6570.0,-62.0663,1216.0
13:41:25,6581.0,6575.0,-125.7665,1394.0
13:41:25,6581.0,6580.0,-85.563,1467.0
13:41:25,6581.0,6585.0,-80.6935,838.0
13:41:25,6581.0,6590.0,-155.3801,813.0
13:41:25,6581.0,6595.0,-36.0005,631.0
13:41:25,6581.0,6600.0,-95.5643,3196.0
13:41:25,6581.0,6605.0,34.4433,998.0
13:41:25,6581.0,6610.0,66.6492,1193.0
13:41:25,6581.0,6615.0,45.9259,508.0
13:41:25,6581.0,6620.0,-23.9965,1186.0
13:41:25,6581.0,6625.0,45.4684,1211.0
13:41:25,6581.0,6630.0,27.4536,1034.0
13:41:25,6581.0,6635.0,24.5995,375.0
13:41:25,6581.0,6640.0,46.6077,1184.0
13:41:25,6581.0,6645.0,35.5165,670.0
13:41:25,6581.0,6650.0,143.6072,2161.0
13:41:25,6581.0,6655.0,96.5105,893.0
13:55:51,6581.0,6510.0,-176.7314,944.0
13:55:51,6581.0,6515.0,-231.6093,413.0
13:55:51,6581.0,6520.0,-184.1176,896.0
13:55:51,6581.0,6525.0,-476.5315,545.0
13:55:51,6581.0,6530.0,-216.4709,1112.0
13:55:51,6581.0,6535.0,-143.3992,530.0
13:55:51,6581.0,6540.0,-154.0478,834.0
13:55:51,6581.0,6545.0,-72.3105,590.0
13:55:51,6581.0,6550.0,-301.5455,1661.0
13:55:51,6581.0,6555.0,-46.6572,699.0
13:55:51,6581.0,6560.0,-61.6041,1007.0
13:55:51,6581.0,6565.0,-46.5049,829.0
13:55:51,6581.0,6570.0,-62.0663,1254.0
13:55:51,6581.0,6575.0,-129.8273,1435.0
13:55:51,6581.0,6580.0,-88.2175,1496.0
13:55:51,6581.0,6585.0,-82.8733,863.0
13:55:51,6581.0,6590.0,-151.9644,858.0
13:55:51,6581.0,6595.0,-36.0005,665.0
13:55:51,6581.0,6600.0,-95.5643,3268.0
13:55:51,6581.0,6605.0,34.4433,1034.0
13:55:51,6581.0,6610.0,66.6492,1249.0
13:55:51,6581.0,6615.0,45.9259,579.0
13:55:51,6581.0,6620.0,-23.9965,1248.0
13:55:51,6581.0,6625.0,45.4684,1250.0
13:55:51,6581.0,6630.0,27.4536,1090.0
13:55:51,6581.0,6635.0,24.5995,459.0
13:55:51,6581.0,6640.0,46.6077,1237.0
13:55:51,6581.0,6645.0,35.5165,699.0
13:55:51,6581.0,6650.0,143.6072,2296.0
13:55:51,6581.0,6655.0,96.5105,922.0
13:58:43,6581.0,6510.0,-180.711,948.0
13:58:43,6581.0,6515.0,-236.9282,414.0
13:58:43,6581.0,6520.0,-188.0003,897.0
13:58:43,6581.0,6525.0,-483.723,547.0
13:58:43,6581.0,6530.0,-222.5689,1116.0
13:58:43,6581.0,6535.0,-146.4793,532.0
13:58:43,6581.0,6540.0,-157.4543,834.0
13:58:43,6581.0,6545.0,-70.829,590.0
13:58:43,6581.0,6550.0,-306.0251,1676.0
13:58:43,6581.0,6555.0,-47.2127,702.0
13:58:43,6581.0,6560.0,-62.2502,1010.0
13:58:43,6581.0,6565.0,-46.8837,836.0
13:58:43,6581.0,6570.0,-62.7559,1256.0
13:58:43,6581.0,6575.0,-126.8005,1446.0
13:58:43,6581.0,6580.0,-88.2175,1503.0
13:58:43,6581.0,6585.0,-81.2085,865.0
13:58:43,6581.0,6590.0,-155.8557,865.0
13:58:43,6581.0,6595.0,-35.8054,666.0
13:58:43,6581.0,6600.0,-94.599,3280.0
13:58:43,6581.0,6605.0,33.9423,1034.0
13:58:43,6581.0,6610.0,65.9565,1251.0
13:58:43,6581.0,6615.0,45.2719,580.0
13:58:43,6581.0,6620.0,-24.1315,1247.0
13:58:43,6581.0,6625.0,44.8305,1250.0
13:58:43,6581.0,6630.0,26.6595,1084.0
13:58:43,6581.0,6635.0,24.8584,462.0
13:58:43,6581.0,6640.0,46.4096,1264.0
13:58:43,6581.0,6645.0,33.9401,700.0
13:58:43,6581.0,6650.0,136.5508,2312.0
13:58:43,6581.0,6655.0,91.1869,924.0
14:00:53,6581.0,6510.0,-181.894,944.0
14:00:53,6581.0,6515.0,-238.2395,414.0
14:00:53,6581.0,6520.0,-188.0885,898.0
14:00:53,6581.0,6525.0,-489.5565,596.0
14:00:53,6581.0,6530.0,-221.9003,1121.0
14:00:53,6581.0,6535.0,-146.4044,532.0
14:00:53,6581.0,6540.0,-157.0369,843.0
14:00:53,6581.0,6545.0,-73.6821,598.0
14:00:53,6581.0,6550.0,-304.5462,1684.0
14:00:53,6581.0,6555.0,-46.9564,707.0
14:00:53,6581.0,6560.0,-61.7993,1011.0
14:00:53,6581.0,6565.0,-46.4824,837.0
14:00:53,6581.0,6570.0,-62.1451,1258.0
14:00:53,6581.0,6575.0,-125.4258,1446.0
14:00:53,6581.0,6580.0,-88.2175,1504.0
14:00:53,6581.0,6585.0,-80.505,866.0
14:00:53,6581.0,6590.0,-154.2954,903.0
14:00:53,6581.0,6595.0,-35.3902,668.0
14:00:53,6581.0,6600.0,-93.3702,3289.0
14:00:53,6581.0,6605.0,33.4689,1035.0
14:00:53,6581.0,6610.0,64.9987,1251.0
14:00:53,6581.0,6615.0,44.5961,583.0
14:00:53,6581.0,6620.0,-23.334,1264.0
14:00:53,6581.0,6625.0,43.9845,1271.0
14:00:53,6581.0,6630.0,27.7322,1099.0
14:00:53,6581.0,6635.0,23.3518,465.0
14:00:53,6581.0,6640.0,43.4012,1286.0
14:00:53,6581.0,6645.0,33.2469,705.0
14:00:53,6581.0,6650.0,133.6282,2356.0
14:00:53,6581.0,6655.0,89.1691,928.0
14:03:04,6581.0,6510.0,-182.4062,954.0
14:03:04,6581.0,6515.0,-238.5627,416.0
14:03:04,6581.0,6520.0,-188.0885,899.0
14:03:04,6581.0,6525.0,-489.5565,599.0
14:03:04,6581.0,6530.0,-221.9003,1123.0
14:03:04,6581.0,6535.0,-146.2074,557.0
14:03:04,6581.0,6540.0,-157.0369,850.0
14:03:04,6581.0,6545.0,-73.468,608.0
14:03:04,6581.0,6550.0,-304.5462,1699.0
14:03:04,6581.0,6555.0,-46.9564,709.0
14:03:04,6581.0,6560.0,-61.7993,1037.0
14:03:04,6581.0,6565.0,-46.4824,839.0
14:03:04,6581.0,6570.0,-62.1451,1260.0
14:03:04,6581.0,6575.0,-124.9607,1446.0
14:03:04,6581.0,6580.0,-88.2175,1504.0
14:03:04,6581.0,6585.0,-80.0446,866.0
14:03:04,6581.0,6590.0,-154.2954,904.0
14:03:04,6581.0,6595.0,-35.3902,668.0
14:03:04,6581.0,6600.0,-93.3702,3315.0
14:03:04,6581.0,6605.0,33.4689,1038.0
14:03:04,6581.0,6610.0,64.9987,1252.0
14:03:04,6581.0,6615.0,44.5961,584.0
14:03:04,6581.0,6620.0,-23.334,1271.0
14:03:04,6581.0,6625.0,39.8416,1273.0
14:03:04,6581.0,6630.0,27.7322,1100.0
14:03:04,6581.0,6635.0,23.3518,466.0
14:03:04,6581.0,6640.0,43.4012,1304.0
14:03:04,6581.0,6645.0,33.0629,708.0
14:03:04,6581.0,6650.0,132.8111,2367.0
14:03:04,6581.0,6655.0,86.2453,928.0
14:05:15,6581.0,6510.0,-182.4062,956.0
14:05:15,6581.0,6515.0,-233.3462,418.0
14:05:15,6581.0,6520.0,-188.7797,912.0
14:05:15,6581.0,6525.0,-487.3824,628.0
14:05:15,6581.0,6530.0,-218.1469,1127.0
14:05:15,6581.0,6535.0,-144.9669,558.0
14:05:15,6581.0,6540.0,-155.8316,850.0
14:05:15,6581.0,6545.0,-73.468,615.0
14:05:15,6581.0,6550.0,-304.4607,1705.0
14:05:15,6581.0,6555.0,-47.0131,712.0
14:05:15,6581.0,6560.0,-61.596,1037.0
14:05:15,6581.0,6565.0,-46.5827,839.0
14:05:15,6581.0,6570.0,-62.3342,1260.0
14:05:15,6581.0,6575.0,-127.5514,1451.0
14:05:15,6581.0,6580.0,-88.2175,1515.0
14:05:15,6581.0,6585.0,-81.5943,877.0
14:05:15,6581.0,6590.0,-152.805,906.0
14:05:15,6581.0,6595.0,-35.1892,668.0
14:05:15,6581.0,6600.0,-92.8414,3317.0
14:05:15,6581.0,6605.0,33.8912,1040.0
14:05:15,6581.0,6610.0,64.6415,1263.0
14:05:15,6581.0,6615.0,44.9315,588.0
14:05:15,6581.0,6620.0,-25.7194,1272.0
14:05:15,6581.0,6625.0,44.9565,1274.0
14:05:15,6581.0,6630.0,27.3114,1109.0
14:05:15,6581.0,6635.0,23.5321,470.0
14:05:15,6581.0,6640.0,43.0016,1328.0
14:05:15,6581.0,6645.0,34.7628,710.0
14:05:15,6581.0,6650.0,132.8111,2387.0
14:05:15,6581.0,6655.0,86.5408,929.0
14:08:09,6581.0,6510.0,-188.9853,965.0
14:08:09,6581.0,6515.0,-246.3873,429.0
14:08:09,6581.0,6520.0,-194.1068,920.0
14:08:09,6581.0,6525.0,-498.4716,643.0
14:08:09,6581.0,6530.0,-228.4213,1142.0
14:08:09,6581.0,6535.0,-148.2202,568.0
14:08:09,6581.0,6540.0,-155.8316,857.0
14:08:09,6581.0,6545.0,-73.0888,621.0
14:08:09,6581.0,6550.0,-301.994,1740.0
14:08:09,6581.0,6555.0,-46.3306,726.0
14:08:09,6581.0,6560.0,-60.675,1055.0
14:08:09,6581.0,6565.0,-45.4861,848.0
14:08:09,6581.0,6570.0,-60.5809,1275.0
14:08:09,6581.0,6575.0,-121.736,1455.0
14:08:09,6581.0,6580.0,-81.9562,1522.0
14:08:09,6581.0,6585.0,-76.4542,878.0
14:08:09,6581.0,6590.0,-145.6274,937.0
14:08:09,6581.0,6595.0,-33.2084,674.0
14:08:09,6581.0,6600.0,-87.1344,3334.0
14:08:09,6581.0,6605.0,31.0689,1045.0
14:08:09,6581.0,6610.0,59.9953,1264.0
14:08:09,6581.0,6615.0,40.9274,597.0
14:08:09,6581.0,6620.0,-23.8117,1277.0
14:08:09,6581.0,6625.0,44.9565,1282.0
14:08:09,6581.0,6630.0,27.3114,1119.0
14:08:09,6581.0,6635.0,20.9813,471.0
14:08:09,6581.0,6640.0,44.6743,1349.0
14:08:09,6581.0,6645.0,34.2131,716.0
14:08:09,6581.0,6650.0,118.4989,2451.0
14:08:09,6581.0,6655.0,91.712,940.0
14:10:30,6581.0,6510.0,-188.9853,979.0
14:10:30,6581.0,6515.0,-246.3873,437.0
14:10:30,6581.0,6520.0,-194.1068,935.0
14:10:30,6581.0,6525.0,-498.018,658.0
14:10:30,6581.0,6530.0,-224.0828,1171.0
14:10:30,6581.0,6535.0,-147.7091,590.0
14:10:30,6581.0,6540.0,-157.2853,870.0
14:10:30,6581.0,6545.0,-73.2331,622.0
14:10:30,6581.0,6550.0,-301.994,1768.0
14:10:30,6581.0,6555.0,-46.3306,741.0
14:10:30,6581.0,6560.0,-60.675,1085.0
14:10:30,6581.0,6565.0,-45.4861,856.0
14:10:30,6581.0,6570.0,-60.5809,1286.0
14:10:30,6581.0,6575.0,-121.736,1480.0
14:10:30,6581.0,6580.0,-81.9562,1529.0
14:10:30,6581.0,6585.0,-76.4542,885.0
14:10:30,6581.0,6590.0,-145.6274,948.0
14:10:30,6581.0,6595.0,-33.2084,705.0
14:10:30,6581.0,6600.0,-87.1344,3493.0
14:10:30,6581.0,6605.0,31.0689,1052.0
14:10:30,6581.0,6610.0,59.9953,1282.0
14:10:30,6581.0,6615.0,40.9274,609.0
14:10:30,6581.0,6620.0,-20.9622,1307.0
14:10:30,6581.0,6625.0,39.2772,1316.0
14:10:30,6581.0,6630.0,32.761,1127.0
14:10:30,6581.0,6635.0,17.4434,479.0
14:10:30,6581.0,6640.0,44.6743,1399.0
14:10:30,6581.0,6645.0,34.2131,720.0
14:10:30,6581.0,6650.0,118.4989,2486.0
14:10:30,6581.0,6655.0,91.712,960.0
14:12:40,6581.0,6510.0,-188.9853,981.0
14:12:40,6581.0,6515.0,-246.3873,439.0
14:12:40,6581.0,6520.0,-196.6745,938.0
14:12:40,6581.0,6525.0,-498.018,664.0
14:12:40,6581.0,6530.0,-224.0828,1196.0
14:12:40,6581.0,6535.0,-149.0683,608.0
14:12:40,6581.0,6540.0,-157.2853,874.0
14:12:40,6581.0,6545.0,-73.7424,630.0
14:12:40,6581.0,6550.0,-303.9637,1770.0
14:12:40,6581.0,6555.0,-46.6499,749.0
14:12:40,6581.0,6560.0,-61.4805,1085.0
14:12:40,6581.0,6565.0,-46.0956,867.0
14:12:40,6581.0,6570.0,-60.6267,1288.0
14:12:40,6581.0,6575.0,-121.4097,1512.0
14:12:40,6581.0,6580.0,-81.9562,1529.0
14:12:40,6581.0,6585.0,-74.4321,897.0
14:12:40,6581.0,6590.0,-143.5273,1008.0
14:12:40,6581.0,6595.0,-32.6146,723.0
14:12:40,6581.0,6600.0,-85.3243,3542.0
14:12:40,6581.0,6605.0,30.3328,1055.0
14:12:40,6581.0,6610.0,58.4175,1314.0
14:12:40,6581.0,6615.0,39.7434,624.0
14:12:40,6581.0,6620.0,-23.6006,1328.0
14:12:40,6581.0,6625.0,33.1594,1335.0
14:12:40,6581.0,6630.0,32.761,1135.0
14:12:40,6581.0,6635.0,17.4434,485.0
14:12:40,6581.0,6640.0,37.2246,1424.0
14:12:40,6581.0,6645.0,34.2131,725.0
14:12:40,6581.0,6650.0,118.4989,2493.0
14:12:40,6581.0,6655.0,91.712,964.0
14:14:55,6581.0,6510.0,-187.6668,989.0
14:14:55,6581.0,6515.0,-245.6133,439.0
14:14:55,6581.0,6520.0,-194.2331,942.0
14:14:55,6581.0,6525.0,-499.7968,681.0
14:14:55,6581.0,6530.0,-225.3898,1216.0
14:14:55,6581.0,6535.0,-148.8548,615.0
14:14:55,6581.0,6540.0,-158.3329,888.0
14:14:55,6581.0,6545.0,-73.7424,631.0
14:14:55,6581.0,6550.0,-303.9637,1774.0
14:14:55,6581.0,6555.0,-46.6499,750.0
14:14:55,6581.0,6560.0,-61.4805,1086.0
14:14:55,6581.0,6565.0,-46.0956,869.0
14:14:55,6581.0,6570.0,-60.6267,1291.0
14:14:55,6581.0,6575.0,-124.4817,1513.0
14:14:55,6581.0,6580.0,-81.9562,1531.0
14:14:55,6581.0,6585.0,-78.1284,897.0
14:14:55,6581.0,6590.0,-139.5838,1009.0
14:14:55,6581.0,6595.0,-32.6146,752.0
14:14:55,6581.0,6600.0,-85.3243,3550.0
14:14:55,6581.0,6605.0,30.3328,1058.0
14:14:55,6581.0,6610.0,58.4175,1317.0
14:14:55,6581.0,6615.0,39.7434,627.0
14:14:55,6581.0,6620.0,-20.3015,1330.0
14:14:55,6581.0,6625.0,37.9215,1351.0
14:14:55,6581.0,6630.0,22.8021,1147.0
14:14:55,6581.0,6635.0,20.6591,487.0
14:14:55,6581.0,6640.0,39.5722,1452.0
14:14:55,6581.0,6645.0,29.1355,728.0
14:14:55,6581.0,6650.0,121.1024,2494.0
14:14:55,6581.0,6655.0,78.0154,967.0
14:17:49,6581.0,6510.0,-193.2336,989.0
14:17:49,6581.0,6515.0,-251.8581,439.0
14:17:49,6581.0,6520.0,-194.2331,941.0
14:17:49,6581.0,6525.0,-499.7968,692.0
14:17:49,6581.0,6530.0,-225.9586,1219.0
14:17:49,6581.0,6535.0,-149.8207,616.0
14:17:49,6581.0,6540.0,-159.2461,891.0
14:17:49,6581.0,6545.0,-74.1364,637.0
14:17:49,6581.0,6550.0,-305.4349,1779.0
14:17:49,6581.0,6555.0,-46.8926,753.0
14:17:49,6581.0,6560.0,-61.4576,1091.0
14:17:49,6581.0,6565.0,-46.4781,870.0
14:17:49,6581.0,6570.0,-61.9094,1298.0
14:17:49,6581.0,6575.0,-121.2135,1550.0
14:17:49,6581.0,6580.0,-81.9562,1541.0
14:17:49,6581.0,6585.0,-78.1306,901.0
14:17:49,6581.0,6590.0,-148.6474,1014.0
14:17:49,6581.0,6595.0,-33.919,756.0
14:17:49,6581.0,6600.0,-89.0326,3608.0
14:17:49,6581.0,6605.0,31.7524,1063.0
14:17:49,6581.0,6610.0,61.3323,1324.0
14:17:49,6581.0,6615.0,41.8384,629.0
14:17:49,6581.0,6620.0,-20.151,1334.0
14:17:49,6581.0,6625.0,37.6373,1354.0
14:17:49,6581.0,6630.0,22.6376,1152.0
14:17:49,6581.0,6635.0,20.6591,493.0
14:17:49,6581.0,6640.0,39.5722,1471.0
14:17:49,6581.0,6645.0,30.1908,730.0
14:17:49,6581.0,6650.0,121.0196,2525.0
14:17:49,6581.0,6655.0,80.8726,972.0
14:21:34,6581.0,6510.0,-196.789,990.0
14:21:34,6581.0,6515.0,-256.4976,441.0
14:21:34,6581.0,6520.0,-201.2081,972.0
14:21:34,6581.0,6525.0,-514.479,721.0
14:21:34,6581.0,6530.0,-230.7294,1232.0
14:21:34,6581.0,6535.0,-151.0708,619.0
14:21:34,6581.0,6540.0,-160.3003,986.0
14:21:34,6581.0,6545.0,-74.3541,638.0
14:21:34,6581.0,6550.0,-305.1041,1845.0
14:21:34,6581.0,6555.0,-46.5919,754.0
14:21:34,6581.0,6560.0,-60.7393,1097.0
14:21:34,6581.0,6565.0,-45.2435,871.0
14:21:34,6581.0,6570.0,-59.7796,1299.0
14:21:34,6581.0,6575.0,-119.1355,1580.0
14:21:34,6581.0,6580.0,-79.5137,1608.0
14:21:34,6581.0,6585.0,-73.5457,911.0
14:21:34,6581.0,6590.0,-138.9389,1026.0
14:21:34,6581.0,6595.0,-31.4525,761.0
14:21:34,6581.0,6600.0,-81.9872,3687.0
14:21:34,6581.0,6605.0,29.047,1094.0
14:21:34,6581.0,6610.0,55.7472,1427.0
14:21:34,6581.0,6615.0,37.7889,639.0
14:21:34,6581.0,6620.0,-23.8232,1353.0
14:21:34,6581.0,6625.0,29.3278,1385.0
14:21:34,6581.0,6630.0,18.7214,1150.0
14:21:34,6581.0,6635.0,17.0778,499.0
14:21:34,6581.0,6640.0,34.8525,1480.0
14:21:34,6581.0,6645.0,26.5253,734.0
14:21:34,6581.0,6650.0,106.0686,2552.0
14:21:34,6581.0,6655.0,70.7682,992.0
14:23:46,6581.0,6510.0,-197.9449,992.0
14:23:46,6581.0,6515.0,-256.5155,443.0
14:23:46,6581.0,6520.0,-201.2081,974.0
14:23:46,6581.0,6525.0,-514.479,737.0
14:23:46,6581.0,6530.0,-230.7294,1232.0
14:23:46,6581.0,6535.0,-151.0708,620.0
14:23:46,6581.0,6540.0,-160.3003,994.0
14:23:46,6581.0,6545.0,-74.3541,639.0
14:23:46,6581.0,6550.0,-305.1041,1862.0
14:23:46,6581.0,6555.0,-46.5919,764.0
14:23:46,6581.0,6560.0,-60.7393,1108.0
14:23:46,6581.0,6565.0,-45.2435,881.0
14:23:46,6581.0,6570.0,-59.7796,1301.0
14:23:46,6581.0,6575.0,-117.0502,1875.0
14:23:46,6581.0,6580.0,-80.2132,1641.0
14:23:46,6581.0,6585.0,-74.2386,916.0
14:23:46,6581.0,6590.0,-138.9389,1036.0
14:23:46,6581.0,6595.0,-31.4525,777.0
14:23:46,6581.0,6600.0,-81.9872,3694.0
14:23:46,6581.0,6605.0,29.047,1093.0
14:23:46,6581.0,6610.0,55.7472,1428.0
14:23:46,6581.0,6615.0,37.7889,638.0
14:23:46,6581.0,6620.0,-23.8232,1360.0
14:23:46,6581.0,6625.0,29.3278,1391.0
14:23:46,6581.0,6630.0,18.7214,1157.0
14:23:46,6581.0,6635.0,17.0778,505.0
14:23:46,6581.0,6640.0,34.8525,1502.0
14:23:46,6581.0,6645.0,26.8554,735.0
14:23:46,6581.0,6650.0,107.4036,2547.0
14:23:46,6581.0,6655.0,71.6716,1014.0
14:38:49,6544.75,6470.0,-59.4655,1912.0
14:38:49,6544.75,6475.0,-161.5721,4087.0
14:38:49,6544.75,6480.0,-214.8226,1558.0
14:38:49,6544.75,6485.0,-155.0726,4209.0
14:38:49,6544.75,6490.0,-234.1559,1403.0
14:38:49,6544.75,6495.0,-313.571,1629.0
14:38:49,6544.75,6500.0,-801.0993,2669.0
14:38:49,6544.75,6505.0,-304.398,1112.0
14:38:49,6544.75,6510.0,-204.2847,1298.0
14:38:49,6544.75,6515.0,-270.6719,600.0
14:38:49,6544.75,6520.0,-216.6594,1047.0
14:38:49,6544.75,6525.0,-564.7645,875.0
14:38:49,6544.75,6530.0,-257.5124,1182.0
14:38:49,6544.75,6535.0,-147.9717,1479.0
14:38:49,6544.75,6540.0,-192.5764,2040.0
14:38:49,6544.75,6545.0,-73.5372,2108.0
14:38:49,6544.75,6550.0,-296.6797,3599.0
14:38:49,6544.75,6555.0,-64.899,1252.0
14:38:49,6544.75,6560.0,-71.6933,1484.0
14:38:49,6544.75,6565.0,-53.5558,1063.0
14:38:49,6544.75,6570.0,-70.9891,1258.0
14:38:49,6544.75,6575.0,-141.8111,1104.0
14:38:49,6544.75,6580.0,-94.598,2235.0
14:38:49,6544.75,6585.0,-87.1169,1166.0
14:38:49,6544.75,6590.0,-163.4757,1317.0
14:38:49,6544.75,6595.0,-36.6149,1099.0
14:38:49,6544.75,6600.0,-94.2206,2925.0
14:38:49,6544.75,6605.0,32.8724,1390.0
14:38:49,6544.75,6610.0,62.0137,1405.0
14:38:49,6544.75,6615.0,41.2675,1042.0
14:44:38,6533.46,6460.0,-278.6042,4482.0
14:44:38,6533.46,6465.0,-176.7771,3290.0
14:44:38,6533.46,6470.0,-325.6704,3616.0
14:44:38,6533.46,6475.0,-491.4544,6124.0
14:44:38,6533.46,6480.0,-505.6809,3435.0
14:44:38,6533.46,6485.0,-154.538,5231.0
14:44:38,6533.46,6490.0,-233.3487,2678.0
14:44:38,6533.46,6495.0,-312.4901,2643.0
14:44:38,6533.46,6500.0,-836.0637,4909.0
14:44:38,6533.46,6505.0,-273.0479,1959.0
14:44:38,6533.46,6510.0,-203.5805,2196.0
14:44:38,6533.46,6515.0,-269.7389,1359.0
14:44:38,6533.46,6520.0,-215.9125,2252.0
14:44:38,6533.46,6525.0,-562.8177,875.0
14:44:38,6533.46,6530.0,-283.5974,2878.0
14:44:38,6533.46,6535.0,-168.542,3254.0
14:44:38,6533.46,6540.0,-180.5188,4021.0
14:44:38,6533.46,6545.0,-95.6558,3505.0
14:44:38,6533.46,6550.0,-295.657,5790.0
14:44:38,6533.46,6555.0,-64.6753,1987.0
14:44:38,6533.46,6560.0,-71.4462,2442.0
14:44:38,6533.46,6565.0,-53.3712,1675.0
14:44:38,6533.46,6570.0,-70.7443,2167.0
14:44:38,6533.46,6575.0,-141.3222,1939.0
14:44:38,6533.46,6580.0,-94.2719,3468.0
14:44:38,6533.46,6585.0,-86.8166,2482.0
14:44:38,6533.46,6590.0,-162.9122,2234.0
14:44:38,6533.46,6595.0,-36.4887,1931.0
14:44:38,6533.46,6600.0,-66.8923,5460.0
14:44:38,6533.46,6605.0,22.8803,3145.0
15:02:52,6545.75,6475.0,-493.3051,9987.0
15:02:52,6545.75,6480.0,-507.5852,6601.0
15:02:52,6545.75,6485.0,-202.0149,7294.0
15:02:52,6545.75,6490.0,-245.1794,5615.0
15:02:52,6545.75,6495.0,-332.6787,4862.0
15:02:52,6545.75,6500.0,-900.9723,11114.0
15:02:52,6545.75,6505.0,-274.0761,4171.0
15:02:52,6545.75,6510.0,-236.2321,4521.0
15:02:52,6545.75,6515.0,-304.8833,3562.0
15:02:52,6545.75,6520.0,-240.8061,5289.0
15:02:52,6545.75,6525.0,-564.9371,6274.0
15:02:52,6545.75,6530.0,-274.8317,8741.0
15:02:52,6545.75,6535.0,-180.3487,8166.0
15:02:52,6545.75,6540.0,-211.767,8982.0
15:02:52,6545.75,6545.0,-99.3531,7528.0
15:02:52,6545.75,6550.0,-410.9966,11282.0
15:02:52,6545.75,6555.0,-63.1738,4168.0
15:02:52,6545.75,6560.0,-68.6656,5835.0
15:02:52,6545.75,6565.0,-46.1592,3627.0
15:02:52,6545.75,6570.0,-59.3426,5286.0
15:02:52,6545.75,6575.0,-126.433,5716.0
15:02:52,6545.75,6580.0,-82.152,8556.0
15:02:52,6545.75,6585.0,-73.7342,6601.0
15:02:52,6545.75,6590.0,-134.8056,5431.0
15:02:52,6545.75,6595.0,-36.0566,4331.0
15:02:52,6545.75,6600.0,-89.7958,18891.0
15:02:52,6545.75,6605.0,30.2729,6190.0
15:02:52,6545.75,6610.0,62.0326,7052.0
15:02:52,6545.75,6615.0,41.2801,4443.0
15:02:52,6545.75,6620.0,-23.5687,11389.0
15:21:44,6553.12,6480.0,-508.7288,9690.0
15:21:44,6553.12,6485.0,-202.47,9782.0
15:21:44,6553.12,6490.0,-253.0096,11337.0
15:21:44,6553.12,6495.0,-299.7185,8189.0
15:21:44,6553.12,6500.0,-820.1567,21178.0
15:21:44,6553.12,6505.0,-273.7146,6934.0
15:21:44,6553.12,6510.0,-224.9911,7836.0
15:21:44,6553.12,6515.0,-301.6852,6031.0
15:21:44,6553.12,6520.0,-243.7371,8244.0
15:21:44,6553.12,6525.0,-639.278,10068.0
15:21:44,6553.12,6530.0,-293.2792,13872.0
15:21:44,6553.12,6535.0,-196.4566,11872.0
15:21:44,6553.12,6540.0,-212.2442,13587.0
15:21:44,6553.12,6545.0,-101.6054,13468.0
15:21:44,6553.12,6550.0,-427.1158,20306.0
15:21:44,6553.12,6555.0,-66.3379,9806.0
15:21:44,6553.12,6560.0,-87.7627,12017.0
15:21:44,6553.12,6565.0,-65.6662,6661.0
15:21:44,6553.12,6570.0,-79.6201,8812.0
15:21:44,6553.12,6575.0,-155.7954,9205.0
15:21:44,6553.12,6580.0,-101.5802,13654.0
15:21:44,6553.12,6585.0,-91.257,9758.0
15:21:44,6553.12,6590.0,-166.3481,10220.0
15:21:44,6553.12,6595.0,-36.1378,7307.0
15:21:44,6553.12,6600.0,-141.6641,27143.0
15:21:44,6553.12,6605.0,34.6895,9492.0
15:21:44,6553.12,6610.0,63.0384,11322.0
15:21:44,6553.12,6615.0,40.2834,7067.0
15:21:44,6553.12,6620.0,-19.3187,15432.0
15:21:44,6553.12,6625.0,22.4751,7267.0
15:23:54,6548.68,6475.0,-493.7468,13218.0
15:23:54,6548.68,6480.0,-432.8491,9972.0
15:23:54,6548.68,6485.0,-151.2254,10058.0
15:23:54,6548.68,6490.0,-208.7407,11647.0
15:23:54,6548.68,6495.0,-286.3952,8442.0
15:23:54,6548.68,6500.0,-819.0457,21852.0
15:23:54,6548.68,6505.0,-263.1661,7257.0
15:23:54,6548.68,6510.0,-224.6863,8016.0
15:23:54,6548.68,6515.0,-301.2765,6307.0
15:23:54,6548.68,6520.0,-243.407,8668.0
15:23:54,6548.68,6525.0,-638.412,10368.0
15:23:54,6548.68,6530.0,-292.8819,14248.0
15:23:54,6548.68,6535.0,-190.4542,12062.0
15:23:54,6548.68,6540.0,-210.1529,14023.0
15:23:54,6548.68,6545.0,-100.4285,13902.0
15:23:54,6548.68,6550.0,-423.8762,21256.0
15:23:54,6548.68,6555.0,-66.0369,10405.0
15:23:54,6548.68,6560.0,-87.5435,12399.0
15:23:54,6548.68,6565.0,-65.5773,7021.0
15:23:54,6548.68,6570.0,-79.5122,9100.0
15:23:54,6548.68,6575.0,-155.5843,9457.0
15:23:54,6548.68,6580.0,-101.4426,14089.0
15:23:54,6548.68,6585.0,-91.1334,10070.0
15:23:54,6548.68,6590.0,-166.1227,10706.0
15:23:54,6548.68,6595.0,-55.7287,7488.0
15:23:54,6548.68,6600.0,-108.3219,27952.0
15:23:54,6548.68,6605.0,36.8515,9753.0
15:23:54,6548.68,6610.0,67.6973,11503.0
15:23:54,6548.68,6615.0,48.9309,7252.0
15:23:54,6548.68,6620.0,-19.2925,15690.0
15:26:03,6547.22,6475.0,-463.6147,13379.0
15:26:03,6547.22,6480.0,-486.0506,10108.0
15:26:03,6547.22,6485.0,-151.0729,10277.0
15:26:03,6547.22,6490.0,-232.4087,11739.0
15:26:03,6547.22,6495.0,-317.6698,8593.0
15:26:03,6547.22,6500.0,-880.6297,22449.0
15:26:03,6547.22,6505.0,-293.1982,7400.0
15:26:03,6547.22,6510.0,-219.0829,8190.0
15:26:03,6547.22,6515.0,-298.3045,6581.0
15:26:03,6547.22,6520.0,-225.1879,8850.0
15:26:03,6547.22,6525.0,-601.054,10552.0
15:26:03,6547.22,6530.0,-281.2773,14485.0
15:26:03,6547.22,6535.0,-191.2701,12250.0
15:26:03,6547.22,6540.0,-207.9396,14469.0
15:26:03,6547.22,6545.0,-101.8321,14509.0
15:26:03,6547.22,6550.0,-423.6596,22055.0
15:26:03,6547.22,6555.0,-66.0075,10668.0
15:26:03,6547.22,6560.0,-87.6715,12663.0
15:26:03,6547.22,6565.0,-65.9642,7189.0
15:26:03,6547.22,6570.0,-87.6974,9272.0
15:26:03,6547.22,6575.0,-174.9463,9669.0
15:26:03,6547.22,6580.0,-107.3958,14362.0
15:26:03,6547.22,6585.0,-96.6815,10319.0
15:26:03,6547.22,6590.0,-176.4747,11169.0
15:26:03,6547.22,6595.0,-38.4,7593.0
15:26:03,6547.22,6600.0,-95.852,28553.0
15:26:03,6547.22,6605.0,32.4145,9854.0
15:26:03,6547.22,6610.0,67.6671,11719.0
15:26:03,6547.22,6615.0,43.7834,7491.0
15:26:03,6547.22,6620.0,-18.6955,15830.0
15:28:13,6556.44,6485.0,-153.153,10452.0
15:28:13,6556.44,6490.0,-236.0091,12206.0
15:28:13,6556.44,6495.0,-318.5651,8899.0
15:28:13,6556.44,6500.0,-883.1117,22972.0
15:28:13,6556.44,6505.0,-294.0001,7712.0
15:28:13,6556.44,6510.0,-223.6612,8494.0
15:28:13,6556.44,6515.0,-297.5393,6842.0
15:28:13,6556.44,6520.0,-241.3338,9187.0
15:28:13,6556.44,6525.0,-637.411,10932.0
15:28:13,6556.44,6530.0,-295.8772,14942.0
15:28:13,6556.44,6535.0,-199.0626,12532.0
15:28:13,6556.44,6540.0,-221.8188,15141.0
15:28:13,6556.44,6545.0,-97.3571,15569.0
15:28:13,6556.44,6550.0,-413.8882,23143.0
15:28:13,6556.44,6555.0,-65.1077,11069.0
15:28:13,6556.44,6560.0,-87.1187,13029.0
15:28:13,6556.44,6565.0,-66.0774,7822.0
15:28:13,6556.44,6570.0,-83.3011,9668.0
15:28:13,6556.44,6575.0,-164.3265,9970.0
15:28:13,6556.44,6580.0,-107.6985,14648.0
15:28:13,6556.44,6585.0,-96.9539,11002.0
15:28:13,6556.44,6590.0,-176.972,11651.0
15:28:13,6556.44,6595.0,-38.5082,7766.0
15:28:13,6556.44,6600.0,-96.1222,29553.0
15:28:13,6556.44,6605.0,31.8304,10003.0
15:28:13,6556.44,6610.0,58.0668,12251.0
15:28:13,6556.44,6615.0,37.4067,7711.0
15:28:13,6556.44,6620.0,-18.7011,16183.0
15:28:13,6556.44,6625.0,39.7795,7754.0
15:28:13,6556.44,6630.0,10.4293,8184.0
15:30:23,6552.71,6480.0,-400.2733,10736.0
15:30:23,6552.71,6485.0,-125.1641,10712.0
15:30:23,6552.71,6490.0,-193.696,12534.0
15:30:23,6552.71,6495.0,-266.7699,9242.0
15:30:23,6552.71,6500.0,-715.2331,23820.0
15:30:23,6552.71,6505.0,-243.1915,8012.0
15:30:23,6552.71,6510.0,-189.1946,8773.0
15:30:23,6552.71,6515.0,-258.7401,7035.0
15:30:23,6552.71,6520.0,-207.6218,9481.0
15:30:23,6552.71,6525.0,-642.8174,11310.0
15:30:23,6552.71,6530.0,-303.4008,15489.0
15:30:23,6552.71,6535.0,-182.8342,12869.0
15:30:23,6552.71,6540.0,-221.5665,15712.0
15:30:23,6552.71,6545.0,-97.5374,16340.0
15:30:23,6552.71,6550.0,-414.7036,24214.0
15:30:23,6552.71,6555.0,-65.24,11894.0
15:30:23,6552.71,6560.0,-87.6926,13738.0
15:30:23,6552.71,6565.0,-66.0583,8420.0
15:30:23,6552.71,6570.0,-77.938,10029.0
15:30:23,6552.71,6575.0,-164.1396,10256.0
15:30:23,6552.71,6580.0,-107.576,15115.0
15:30:23,6552.71,6585.0,-111.326,11401.0
15:30:23,6552.71,6590.0,-194.7051,12120.0
15:30:23,6552.71,6595.0,-42.6678,8199.0
15:30:23,6552.71,6600.0,-116.9074,30351.0
15:30:23,6552.71,6605.0,40.0831,10362.0
15:30:23,6552.71,6610.0,74.0573,12581.0
15:30:23,6552.71,6615.0,42.5349,7895.0
15:30:23,6552.71,6620.0,-23.4461,16440.0
15:30:23,6552.71,6625.0,41.8861,8006.0
15:32:32,6553.22,6480.0,-429.2674,11031.0
15:32:32,6553.22,6485.0,-134.0984,11014.0
15:32:32,6553.22,6490.0,-211.1879,12772.0
15:32:32,6553.22,6495.0,-290.2662,9468.0
15:32:32,6553.22,6500.0,-797.2657,24645.0
15:32:32,6553.22,6505.0,-267.0022,8240.0
15:32:32,6553.22,6510.0,-200.2144,9002.0
15:32:32,6553.22,6515.0,-272.5719,7146.0
15:32:32,6553.22,6520.0,-223.5462,9694.0
15:32:32,6553.22,6525.0,-596.2898,11553.0
15:32:32,6553.22,6530.0,-279.641,15831.0
15:32:32,6553.22,6535.0,-190.7772,13177.0
15:32:32,6553.22,6540.0,-209.5741,16265.0
15:32:32,6553.22,6545.0,-100.4231,16837.0
15:32:32,6553.22,6550.0,-425.6735,25160.0
15:32:32,6553.22,6555.0,-66.5511,12594.0
15:32:32,6553.22,6560.0,-88.7649,14143.0
15:32:32,6553.22,6565.0,-66.9825,8627.0
15:32:32,6553.22,6570.0,-88.9813,10263.0
15:32:32,6553.22,6575.0,-178.7485,10524.0
15:32:32,6553.22,6580.0,-118.3936,15440.0
15:32:32,6553.22,6585.0,-107.9635,11626.0
15:32:32,6553.22,6590.0,-199.4793,12304.0
15:32:32,6553.22,6595.0,-42.6935,8644.0
15:32:32,6553.22,6600.0,-109.397,31019.0
15:32:32,6553.22,6605.0,36.1481,10590.0
15:32:32,6553.22,6610.0,65.9955,12831.0
15:32:32,6553.22,6615.0,42.6822,8465.0
15:32:32,6553.22,6620.0,-20.676,16668.0
15:32:32,6553.22,6625.0,36.6363,8210.0
15:58:35,6571.68,6500.0,-496.728,34380.0
15:58:35,6571.68,6505.0,-168.413,11649.0
15:58:35,6571.68,6510.0,-130.6517,13530.0
15:58:35,6571.68,6515.0,-180.2788,10748.0
15:58:35,6571.68,6520.0,-134.0049,14877.0
15:58:35,6571.68,6525.0,-390.1432,17077.0
15:58:35,6571.68,6530.0,-145.4044,21890.0
15:58:35,6571.68,6535.0,-124.8871,17164.0
15:58:35,6571.68,6540.0,-129.8847,21687.0
15:58:35,6571.68,6545.0,-75.2094,23083.0
15:58:35,6571.68,6550.0,-327.7712,37239.0
15:58:35,6571.68,6555.0,-52.8133,21018.0
15:58:35,6571.68,6560.0,-72.7988,22984.0
15:58:35,6571.68,6565.0,-57.114,15108.0
15:58:35,6571.68,6570.0,-79.888,16625.0
15:58:35,6571.68,6575.0,-167.2953,16584.0
15:58:35,6571.68,6580.0,-117.3243,22541.0
15:58:35,6571.68,6585.0,-114.1313,16433.0
15:58:35,6571.68,6590.0,-225.1107,17652.0
15:58:35,6571.68,6595.0,-52.9304,13386.0
15:58:35,6571.68,6600.0,-142.7323,45308.0
15:58:35,6571.68,6605.0,52.1045,16168.0
15:58:35,6571.68,6610.0,139.6015,20027.0
15:58:35,6571.68,6615.0,112.0856,13207.0
15:58:35,6571.68,6620.0,43.6348,22842.0
15:58:35,6571.68,6625.0,69.8925,13008.0
15:58:35,6571.68,6630.0,42.5132,14039.0
15:58:35,6571.68,6635.0,37.9542,10285.0
15:58:35,6571.68,6640.0,70.8161,11925.0
15:58:35,6571.68,6645.0,54.3975,5845.0
16:35:14,6583.7,6510.0,-11.6439,18658.0
16:35:14,6583.7,6515.0,-24.5453,15257.0
16:35:14,6583.7,6520.0,-30.2629,21636.0
16:35:14,6583.7,6525.0,-117.7893,23466.0
16:35:14,6583.7,6530.0,-77.9976,27599.0
16:35:14,6583.7,6535.0,-73.0106,20964.0
16:35:14,6583.7,6540.0,-107.3119,29554.0
16:35:14,6583.7,6545.0,-66.8939,27222.0
16:35:14,6583.7,6550.0,-357.4727,45839.0
16:35:14,6583.7,6555.0,-68.9424,25752.0
16:35:14,6583.7,6560.0,-110.0482,29488.0
16:35:14,6583.7,6565.0,-97.3552,21732.0
16:35:14,6583.7,6570.0,-148.484,24200.0
16:35:14,6583.7,6575.0,-331.824,28745.0
16:35:14,6583.7,6580.0,-6333.1296,35691.0
16:35:14,6583.7,6585.0,-235.7814,28543.0
16:35:14,6583.7,6590.0,-457.2603,27370.0
16:35:14,6583.7,6595.0,-103.1324,21371.0
16:35:14,6583.7,6600.0,-260.0439,58848.0
16:35:14,6583.7,6605.0,86.5171,21503.0
16:35:14,6583.7,6610.0,151.4423,26988.0
16:35:14,6583.7,6615.0,90.9567,18360.0
16:35:14,6583.7,6620.0,-39.8433,30794.0
16:35:14,6583.7,6625.0,62.0103,18906.0
16:35:14,6583.7,6630.0,30.183,20851.0
16:35:14,6583.7,6635.0,20.9725,14393.0
16:35:14,6583.7,6640.0,29.5748,18363.0
16:35:14,6583.7,6645.0,16.6995,9977.0
16:35:14,6583.7,6650.0,48.0782,21828.0
16:35:14,6583.7,6655.0,22.325,11358.0
16:36:45,6586.83,6515.0,-166.8104,15319.0
16:36:45,6586.83,6520.0,-143.4415,21782.0
16:36:45,6586.83,6525.0,-346.3811,23811.0
16:36:45,6586.83,6530.0,-173.257,27735.0
16:36:45,6586.83,6535.0,-126.6332,21055.0
16:36:45,6586.83,6540.0,-149.9642,29640.0
16:36:45,6586.83,6545.0,-77.6086,27286.0
16:36:45,6586.83,6550.0,-354.7212,45974.0
16:36:45,6586.83,6555.0,-60.1617,26108.0
16:36:45,6586.83,6560.0,-80.79,29716.0
16:36:45,6586.83,6565.0,-89.0097,21963.0
16:36:45,6586.83,6570.0,-73.5271,24413.0
16:36:45,6586.83,6575.0,-223.0337,28965.0
16:36:45,6586.83,6580.0,-160.9407,36107.0
16:36:45,6586.83,6585.0,-157.9636,28852.0
16:36:45,6586.83,6590.0,-314.2588,27623.0
16:36:45,6586.83,6595.0,-58.0674,21483.0
16:36:45,6586.83,6600.0,-180.5433,59185.0
16:36:45,6586.83,6605.0,63.7485,21588.0
16:36:45,6586.83,6610.0,217.7961,27136.0
16:36:45,6586.83,6615.0,91.5169,18482.0
16:36:45,6586.83,6620.0,-45.7907,30979.0
16:36:45,6586.83,6625.0,82.8968,19089.0
16:36:45,6586.83,6630.0,48.1395,21009.0
16:36:45,6586.83,6635.0,40.9885,14851.0
16:36:45,6586.83,6640.0,72.9615,18405.0
16:36:45,6586.83,6645.0,46.1616,9999.0
16:36:45,6586.83,6650.0,178.5949,21924.0
16:36:45,6586.83,6655.0,133.3196,11537.0
16:36:45,6586.83,6660.0,150.1213,11719.0
16:38:55,6589.08,6515.0,-166.9244,15467.0
16:38:55,6589.08,6520.0,-143.5395,21982.0
16:38:55,6589.08,6525.0,-346.6178,24023.0
16:38:55,6589.08,6530.0,-158.2195,28354.0
16:38:55,6589.08,6535.0,-126.6249,21190.0
16:38:55,6589.08,6540.0,-150.0666,29911.0
16:38:55,6589.08,6545.0,-77.6617,27428.0
16:38:55,6589.08,6550.0,-355.7834,46333.0
16:38:55,6589.08,6555.0,-60.2028,26413.0
16:38:55,6589.08,6560.0,-86.9395,29941.0
16:38:55,6589.08,6565.0,-71.2136,22117.0
16:38:55,6589.08,6570.0,-102.9177,24663.0
16:38:55,6589.08,6575.0,-223.9025,29246.0
16:38:55,6589.08,6580.0,-161.5935,36528.0
16:38:55,6589.08,6585.0,-158.6138,29550.0
16:38:55,6589.08,6590.0,-315.5367,28596.0
16:38:55,6589.08,6595.0,-74.1991,22094.0
16:38:55,6589.08,6600.0,-198.5466,59534.0
16:38:55,6589.08,6605.0,70.9454,21726.0
16:38:55,6589.08,6610.0,136.0999,27430.0
16:38:55,6589.08,6615.0,91.5795,18589.0
16:38:55,6589.08,6620.0,-45.822,31190.0
16:38:55,6589.08,6625.0,82.9534,19271.0
16:38:55,6589.08,6630.0,48.1724,21369.0
16:38:55,6589.08,6635.0,41.0165,15545.0
16:38:55,6589.08,6640.0,64.9869,18563.0
16:38:55,6589.08,6645.0,59.9175,10042.0
16:38:55,6589.08,6650.0,178.717,22079.0
16:38:55,6589.08,6655.0,133.4107,11633.0
16:38:55,6589.08,6660.0,150.2238,11879.0
16:41:05,6590.85,6520.0,-143.6166,22126.0
16:41:05,6590.85,6525.0,-315.7606,24350.0
16:41:05,6590.85,6530.0,-157.9647,28462.0
16:41:05,6590.85,6535.0,-115.6279,21294.0
16:41:05,6590.85,6540.0,-150.1473,30323.0
16:41:05,6590.85,6545.0,-66.2045,27685.0
16:41:05,6590.85,6550.0,-326.7274,46702.0
16:41:05,6590.85,6555.0,-60.2351,27014.0
16:41:05,6590.85,6560.0,-71.8823,30212.0
16:41:05,6590.85,6565.0,-67.1275,22266.0
16:41:05,6590.85,6570.0,-107.2201,24949.0
16:41:05,6590.85,6575.0,-214.9581,29430.0
16:41:05,6590.85,6580.0,-167.3251,37052.0
16:41:05,6590.85,6585.0,-157.0865,30212.0
16:41:05,6590.85,6590.0,-319.2347,29434.0
16:41:05,6590.85,6595.0,-76.2922,22326.0
16:41:05,6590.85,6600.0,-207.6674,60023.0
16:41:05,6590.85,6605.0,70.9835,21902.0
16:41:05,6590.85,6610.0,158.7464,27813.0
16:41:05,6590.85,6615.0,111.0843,18845.0
16:41:05,6590.85,6620.0,-67.594,31445.0
16:41:05,6590.85,6625.0,91.4786,19486.0
16:41:05,6590.85,6630.0,53.3262,21588.0
16:41:05,6590.85,6635.0,45.4654,15662.0
16:41:05,6590.85,6640.0,81.3363,18785.0
16:41:05,6590.85,6645.0,60.3348,10150.0
16:41:05,6590.85,6650.0,228.4818,22217.0
16:41:05,6590.85,6655.0,133.4824,11714.0
16:41:05,6590.85,6660.0,164.7099,12308.0
16:41:05,6590.85,6665.0,10.744,6653.0
16:43:14,6587.27,6515.0,-166.8327,15716.0
16:43:14,6587.27,6520.0,-111.8178,22288.0
16:43:14,6587.27,6525.0,-315.352,24580.0
16:43:14,6587.27,6530.0,-157.7932,28572.0
16:43:14,6587.27,6535.0,-115.5024,21400.0
16:43:14,6587.27,6540.0,-140.0809,30452.0
16:43:14,6587.27,6545.0,-72.6335,27922.0
16:43:14,6587.27,6550.0,-339.1699,46988.0
16:43:14,6587.27,6555.0,-56.6605,27139.0
16:43:14,6587.27,6560.0,-78.9483,30572.0
16:43:14,6587.27,6565.0,-67.0546,22402.0
16:43:14,6587.27,6570.0,-100.6467,25165.0
16:43:14,6587.27,6575.0,-218.0311,30074.0
16:43:14,6587.27,6580.0,-159.0028,37458.0
16:43:14,6587.27,6585.0,-158.6045,30853.0
16:43:14,6587.27,6590.0,-320.343,30105.0
16:43:14,6587.27,6595.0,-76.4613,22865.0
16:43:14,6587.27,6600.0,-207.3096,60375.0
16:43:14,6587.27,6605.0,75.2916,22062.0
16:43:14,6587.27,6610.0,147.7969,28222.0
16:43:14,6587.27,6615.0,98.8577,19034.0
16:43:14,6587.27,6620.0,-53.0938,31602.0
16:43:14,6587.27,6625.0,83.179,19794.0
16:43:14,6587.27,6630.0,53.2683,21874.0
16:43:14,6587.27,6635.0,41.6788,15773.0
16:43:14,6587.27,6640.0,81.248,18885.0
16:43:14,6587.27,6645.0,60.9218,10179.0
16:43:14,6587.27,6650.0,228.2337,22335.0
16:43:14,6587.27,6655.0,146.2707,11767.0
16:43:14,6587.27,6660.0,164.5311,12354.0
16:45:24,6588.12,6515.0,-136.2527,15804.0
16:45:24,6588.12,6520.0,-117.81,22378.0
16:45:24,6588.12,6525.0,-332.4769,24813.0
16:45:24,6588.12,6530.0,-165.9363,28682.0
16:45:24,6588.12,6535.0,-121.0799,21571.0
16:45:24,6588.12,6540.0,-144.2328,30585.0
16:45:24,6588.12,6545.0,-72.6522,28105.0
16:45:24,6588.12,6550.0,-344.2604,47204.0
16:45:24,6588.12,6555.0,-56.6752,27255.0
16:45:24,6588.12,6560.0,-82.1627,30689.0
16:45:24,6588.12,6565.0,-67.9143,22523.0
16:45:24,6588.12,6570.0,-99.4484,25359.0
16:45:24,6588.12,6575.0,-218.4052,30361.0
16:45:24,6588.12,6580.0,-158.6928,37667.0
16:45:24,6588.12,6585.0,-158.6798,31187.0
16:45:24,6588.12,6590.0,-318.1366,30809.0
16:45:24,6588.12,6595.0,-75.6824,23174.0
16:45:24,6588.12,6600.0,-204.8328,60606.0
16:45:24,6588.12,6605.0,75.311,22146.0
16:45:24,6588.12,6610.0,146.6708,28416.0
16:45:24,6588.12,6615.0,98.8833,19147.0
16:45:24,6588.12,6620.0,-49.4222,31772.0
16:45:24,6588.12,6625.0,89.5852,19910.0
16:45:24,6588.12,6630.0,51.935,22045.0
16:45:24,6588.12,6635.0,41.2788,15876.0
16:45:24,6588.12,6640.0,75.8991,19028.0
16:45:24,6588.12,6645.0,55.3297,10210.0
16:45:24,6588.12,6650.0,227.2845,22436.0
16:45:24,6588.12,6655.0,134.7435,11809.0
16:45:24,6588.12,6660.0,151.8629,12380.0
16:47:34,6589.59,6515.0,-130.048,15859.0
16:47:34,6589.59,6520.0,-117.8626,22461.0
16:47:34,6589.59,6525.0,-318.9317,24921.0
16:47:34,6589.59,6530.0,-159.2666,28901.0
16:47:34,6589.59,6535.0,-121.1339,21745.0
16:47:34,6589.59,6540.0,-138.1215,30755.0
16:47:34,6589.59,6545.0,-70.9541,28288.0
16:47:34,6589.59,6550.0,-329.0966,47420.0
16:47:34,6589.59,6555.0,-56.7005,27310.0
16:47:34,6589.59,6560.0,-79.6856,30886.0
16:47:34,6589.59,6565.0,-67.3317,22667.0
16:47:34,6589.59,6570.0,-100.5223,25452.0
16:47:34,6589.59,6575.0,-214.8393,30529.0
16:47:34,6589.59,6580.0,-156.9186,38068.0
16:47:34,6589.59,6585.0,-157.3469,31933.0
16:47:34,6589.59,6590.0,-317.9845,31254.0
16:47:34,6589.59,6595.0,-76.001,23338.0
16:47:34,6589.59,6600.0,-210.858,61419.0
16:47:34,6589.59,6605.0,75.3447,22332.0
16:47:34,6589.59,6610.0,146.4181,28616.0
16:47:34,6589.59,6615.0,100.7016,19287.0
16:47:34,6589.59,6620.0,-52.1471,32087.0
16:47:34,6589.59,6625.0,90.9502,20022.0
16:47:34,6589.59,6630.0,52.8731,22362.0
16:47:34,6589.59,6635.0,44.9814,16124.0
16:47:34,6589.59,6640.0,83.0057,19126.0
16:47:34,6589.59,6645.0,57.9936,10352.0
16:47:34,6589.59,6650.0,221.695,22534.0
16:47:34,6589.59,6655.0,134.8036,11887.0
16:47:34,6589.59,6660.0,160.7858,12412.0
16:49:43,6591.35,6520.0,-110.6098,22575.0
16:49:43,6591.35,6525.0,-311.9174,25101.0
16:49:43,6591.35,6530.0,-156.6777,29631.0
16:49:43,6591.35,6535.0,-114.5296,21898.0
16:49:43,6591.35,6540.0,-135.9666,30934.0
16:49:43,6591.35,6545.0,-70.6871,28406.0
16:49:43,6591.35,6550.0,-324.9699,48280.0
16:49:43,6591.35,6555.0,-55.4958,27522.0
16:49:43,6591.35,6560.0,-81.2388,31068.0
16:49:43,6591.35,6565.0,-67.3677,22913.0
16:49:43,6591.35,6570.0,-98.3726,25726.0
16:49:43,6591.35,6575.0,-214.954,30790.0
16:49:43,6591.35,6580.0,-156.7624,38445.0
16:49:43,6591.35,6585.0,-157.2744,32613.0
16:49:43,6591.35,6590.0,-320.1754,32196.0
16:49:43,6591.35,6595.0,-76.7702,23626.0
16:49:43,6591.35,6600.0,-196.2846,61798.0
16:49:43,6591.35,6605.0,75.3767,22588.0
16:49:43,6591.35,6610.0,146.6568,28849.0
16:49:43,6591.35,6615.0,99.7093,19460.0
16:49:43,6591.35,6620.0,-50.0122,32372.0
16:49:43,6591.35,6625.0,85.27,20252.0
16:49:43,6591.35,6630.0,53.7937,22798.0
16:49:43,6591.35,6635.0,45.656,16500.0
16:49:43,6591.35,6640.0,80.6144,19477.0
16:49:43,6591.35,6645.0,58.4842,10457.0
16:49:43,6591.35,6650.0,222.3939,22796.0
16:49:43,6591.35,6655.0,141.816,11976.0
16:49:43,6591.35,6660.0,159.5593,12527.0
16:49:43,6591.35,6665.0,82.2082,6813.0
16:51:53,6594.24,6520.0,-99.5677,22780.0
16:51:53,6594.24,6525.0,-283.1423,25252.0
16:51:53,6594.24,6530.0,-142.0955,29918.0
16:51:53,6594.24,6535.0,-104.6734,22051.0
16:51:53,6594.24,6540.0,-124.9304,31376.0
16:51:53,6594.24,6545.0,-65.3158,28550.0
16:51:53,6594.24,6550.0,-347.6126,48752.0
16:51:53,6594.24,6555.0,-52.0385,27750.0
16:51:53,6594.24,6560.0,-76.2304,31419.0
16:51:53,6594.24,6565.0,-63.5823,23168.0
16:51:53,6594.24,6570.0,-93.8215,26415.0
16:51:53,6594.24,6575.0,-215.1426,30971.0
16:51:53,6594.24,6580.0,-153.6609,38929.0
16:51:53,6594.24,6585.0,-155.3416,33268.0
16:51:53,6594.24,6590.0,-320.1707,33162.0
16:51:53,6594.24,6595.0,-77.6336,24094.0
16:51:53,6594.24,6600.0,-214.205,62325.0
16:51:53,6594.24,6605.0,79.0287,23055.0
16:51:53,6594.24,6610.0,156.0893,29168.0
16:51:53,6594.24,6615.0,107.5669,19697.0
16:51:53,6594.24,6620.0,-54.5282,32626.0
16:51:53,6594.24,6625.0,100.4483,20465.0
16:51:53,6594.24,6630.0,58.897,23036.0
16:51:53,6594.24,6635.0,37.8935,16685.0
16:51:53,6594.24,6640.0,89.6817,19556.0
16:51:53,6594.24,6645.0,65.5469,10536.0
16:51:53,6594.24,6650.0,267.84,22986.0
16:51:53,6594.24,6655.0,141.9404,12117.0
16:51:53,6594.24,6660.0,180.7267,12614.0
16:51:53,6594.24,6665.0,81.6714,6860.0
16:54:03,6590.39,6520.0,-99.4514,23045.0
16:54:03,6590.39,6525.0,-273.1125,25451.0
16:54:03,6590.39,6530.0,-137.2197,30211.0
16:54:03,6590.39,6535.0,-101.183,22291.0
16:54:03,6590.39,6540.0,-119.3298,31993.0
16:54:03,6590.39,6545.0,-61.7704,28782.0
16:54:03,6590.39,6550.0,-293.6659,49336.0
16:54:03,6590.39,6555.0,-51.9777,28109.0
16:54:03,6590.39,6560.0,-72.3086,31750.0
16:54:03,6590.39,6565.0,-62.4994,23418.0
16:54:03,6590.39,6570.0,-94.5282,26845.0
16:54:03,6590.39,6575.0,-206.974,31276.0
16:54:03,6590.39,6580.0,-153.3451,39437.0
16:54:03,6590.39,6585.0,-155.9516,34455.0
16:54:03,6590.39,6590.0,-321.2842,34060.0
16:54:03,6590.39,6595.0,-78.6811,24990.0
16:54:03,6590.39,6600.0,-218.9144,63162.0
16:54:03,6590.39,6605.0,78.9364,23446.0
16:54:03,6590.39,6610.0,164.1309,29523.0
16:54:03,6590.39,6615.0,114.5204,20004.0
16:54:03,6590.39,6620.0,-62.7208,33154.0
16:54:03,6590.39,6625.0,103.647,20797.0
16:54:03,6590.39,6630.0,60.7589,23280.0
16:54:03,6590.39,6635.0,51.9456,16947.0
16:54:03,6590.39,6640.0,92.4444,19766.0
16:54:03,6590.39,6645.0,67.578,10713.0
16:54:03,6590.39,6650.0,259.6539,23195.0
16:54:03,6590.39,6655.0,141.7747,12203.0
16:54:03,6590.39,6660.0,185.1637,12720.0
16:54:03,6590.39,6665.0,83.4985,6944.0
16:56:12,6584.87,6510.0,-7.5964,20226.0
16:56:12,6584.87,6515.0,-129.8618,16375.0
16:56:12,6584.87,6520.0,-95.5178,23178.0
16:56:12,6584.87,6525.0,-298.5519,25746.0
16:56:12,6584.87,6530.0,-136.99,30449.0
16:56:12,6584.87,6535.0,-111.0201,22571.0
16:56:12,6584.87,6540.0,-130.9498,32289.0
16:56:12,6584.87,6545.0,-68.5465,28953.0
16:56:12,6584.87,6550.0,-340.7462,49954.0
16:56:12,6584.87,6555.0,-54.6466,28364.0
16:56:12,6584.87,6560.0,-66.1061,32167.0
16:56:12,6584.87,6565.0,-62.3948,24067.0
16:56:12,6584.87,6570.0,-104.4156,27139.0
16:56:12,6584.87,6575.0,-219.3226,31554.0
16:56:12,6584.87,6580.0,-161.1293,39904.0
16:56:12,6584.87,6585.0,-162.1386,35312.0
16:56:12,6584.87,6590.0,-330.5655,35554.0
16:56:12,6584.87,6595.0,-79.7771,25895.0
16:56:12,6584.87,6600.0,-218.4487,63987.0
16:56:12,6584.87,6605.0,79.7062,23894.0
16:56:12,6584.87,6610.0,164.1183,30039.0
16:56:12,6584.87,6615.0,105.2055,20446.0
16:56:12,6584.87,6620.0,-68.9411,33513.0
16:56:12,6584.87,6625.0,68.7581,21038.0
16:56:12,6584.87,6630.0,60.6571,23479.0
16:56:12,6584.87,6635.0,38.0609,17167.0
16:56:12,6584.87,6640.0,92.2896,19898.0
16:56:12,6584.87,6645.0,59.3241,10986.0
16:56:12,6584.87,6650.0,259.2191,23634.0
16:56:12,6584.87,6655.0,165.1363,12328.0
16:58:22,6577.88,6505.0,-13.0212,16246.0
16:58:22,6577.88,6510.0,-109.5824,20614.0
16:58:22,6577.88,6515.0,-157.7825,16803.0
16:58:22,6577.88,6520.0,-137.0851,23694.0
16:58:22,6577.88,6525.0,-391.7284,26151.0
16:58:22,6577.88,6530.0,-195.8628,30998.0
16:58:22,6577.88,6535.0,-109.2158,22977.0
16:58:22,6577.88,6540.0,-130.672,33532.0
16:58:22,6577.88,6545.0,-68.401,29385.0
16:58:22,6577.88,6550.0,-316.6064,50910.0
16:58:22,6577.88,6555.0,-54.5306,29506.0
16:58:22,6577.88,6560.0,-79.8877,33018.0
16:58:22,6577.88,6565.0,-66.6982,24579.0
16:58:22,6577.88,6570.0,-110.5859,27874.0
16:58:22,6577.88,6575.0,-235.7241,32555.0
16:58:22,6577.88,6580.0,-166.9598,41334.0
16:58:22,6577.88,6585.0,-161.6299,36801.0
16:58:22,6577.88,6590.0,-304.5924,36869.0
16:58:22,6577.88,6595.0,-79.6079,26645.0
16:58:22,6577.88,6600.0,-217.9852,66078.0
16:58:22,6577.88,6605.0,79.537,24568.0
16:58:22,6577.88,6610.0,155.0581,30674.0
16:58:22,6577.88,6615.0,104.9823,20874.0
16:58:22,6577.88,6620.0,-52.6774,34242.0
16:58:22,6577.88,6625.0,70.813,21559.0
16:58:22,6577.88,6630.0,40.2153,25056.0
16:58:22,6577.88,6635.0,68.0783,17713.0
16:58:22,6577.88,6640.0,81.8117,20175.0
16:58:22,6577.88,6645.0,42.3537,11324.0
16:58:22,6577.88,6650.0,161.5743,24262.0
17:00:32,6576.12,6505.0,-132.5422,16471.0
17:00:32,6576.12,6510.0,-107.1776,21206.0
17:00:32,6576.12,6515.0,-157.6981,17092.0
17:00:32,6576.12,6520.0,-134.7281,23862.0
17:00:32,6576.12,6525.0,-385.7062,26707.0
17:00:32,6576.12,6530.0,-193.8924,31588.0
17:00:32,6576.12,6535.0,-142.244,23233.0
17:00:32,6576.12,6540.0,-130.602,34077.0
17:00:32,6576.12,6545.0,-102.3501,29590.0
17:00:32,6576.12,6550.0,-398.5807,51588.0
17:00:32,6576.12,6555.0,-54.5015,29830.0
17:00:32,6576.12,6560.0,-120.7691,33354.0
17:00:32,6576.12,6565.0,-77.6311,24925.0
17:00:32,6576.12,6570.0,-111.2459,28501.0
17:00:32,6576.12,6575.0,-233.0507,33545.0
17:00:32,6576.12,6580.0,-171.742,42346.0
17:00:32,6576.12,6585.0,-163.6646,37353.0
17:00:32,6576.12,6590.0,-311.6485,37445.0
17:00:32,6576.12,6595.0,-90.0789,26929.0
17:00:32,6576.12,6600.0,-118.9547,66876.0
17:00:32,6576.12,6605.0,79.4945,24752.0
17:00:32,6576.12,6610.0,97.5866,31040.0
17:00:32,6576.12,6615.0,50.5749,21283.0
17:00:32,6576.12,6620.0,9.9781,34805.0
17:00:32,6576.12,6625.0,70.5467,22257.0
17:00:32,6576.12,6630.0,40.1938,25500.0
17:00:32,6576.12,6635.0,33.6176,18352.0
17:00:32,6576.12,6640.0,57.0453,20458.0
17:00:32,6576.12,6645.0,43.3524,11430.0
17:00:32,6576.12,6650.0,154.1524,24490.0
17:02:41,6574.02,6500.0,-34.6547,47981.0
17:02:41,6574.02,6505.0,-144.9158,16621.0
17:02:41,6574.02,6510.0,-107.1092,21377.0
17:02:41,6574.02,6515.0,-154.3029,17235.0
17:02:41,6574.02,6520.0,-135.05,24291.0
17:02:41,6574.02,6525.0,-418.3404,27065.0
17:02:41,6574.02,6530.0,-209.5048,31898.0
17:02:41,6574.02,6535.0,-152.9128,23459.0
17:02:41,6574.02,6540.0,-180.2725,34380.0
17:02:41,6574.02,6545.0,-92.8348,29936.0
17:02:41,6574.02,6550.0,-420.9802,52458.0
17:02:41,6574.02,6555.0,-70.5554,30119.0
17:02:41,6574.02,6560.0,-100.4834,33768.0
17:02:41,6574.02,6565.0,-80.6119,25329.0
17:02:41,6574.02,6570.0,-114.4781,29241.0
17:02:41,6574.02,6575.0,-242.3237,34699.0
17:02:41,6574.02,6580.0,-174.3981,43393.0
17:02:41,6574.02,6585.0,-162.5552,37778.0
17:02:41,6574.02,6590.0,-314.7405,37960.0
17:02:41,6574.02,6595.0,-71.8398,27199.0
17:02:41,6574.02,6600.0,-185.4684,67889.0
17:02:41,6574.02,6605.0,64.0487,25210.0
17:02:41,6574.02,6610.0,118.1274,31711.0
17:02:41,6574.02,6615.0,76.1328,21501.0
17:02:41,6574.02,6620.0,-36.5089,35567.0
17:02:41,6574.02,6625.0,39.0027,22755.0
17:02:41,6574.02,6630.0,39.787,25856.0
17:02:41,6574.02,6635.0,29.3207,18593.0
17:02:41,6574.02,6640.0,57.0089,20765.0
17:02:41,6574.02,6645.0,33.0892,11625.0
17:03:47,6574.84,6500.0,-426.897,48090.0
17:03:47,6574.84,6505.0,-144.952,16655.0
17:03:47,6574.84,6510.0,-116.7493,21463.0
17:03:47,6574.84,6515.0,-168.1317,17385.0
17:03:47,6574.84,6520.0,-146.8053,24510.0
17:03:47,6574.84,6525.0,-418.1059,27235.0
17:03:47,6574.84,6530.0,-209.4685,32030.0
17:03:47,6574.84,6535.0,-152.9663,23567.0
17:03:47,6574.84,6540.0,-180.4102,34575.0
17:03:47,6574.84,6545.0,-92.9396,30113.0
17:03:47,6574.84,6550.0,-421.4879,52991.0
17:03:47,6574.84,6555.0,-70.6605,30268.0
17:03:47,6574.84,6560.0,-100.6531,33984.0
17:03:47,6574.84,6565.0,-80.7221,25630.0
17:03:47,6574.84,6570.0,-114.6977,29602.0
17:03:47,6574.84,6575.0,-242.8092,35145.0
17:03:47,6574.84,6580.0,-170.3908,43685.0
17:03:47,6574.84,6585.0,-163.3856,38006.0
17:03:47,6574.84,6590.0,-315.1585,38134.0
17:03:47,6574.84,6595.0,-71.9249,27374.0
17:03:47,6574.84,6600.0,-185.7116,68313.0
17:03:47,6574.84,6605.0,64.1102,25397.0
17:03:47,6574.84,6610.0,118.205,31845.0
17:03:47,6574.84,6615.0,76.1422,21671.0
17:03:47,6574.84,6620.0,-36.4916,35801.0
17:03:47,6574.84,6625.0,63.45,22900.0
17:03:47,6574.84,6630.0,35.496,26037.0
17:03:47,6574.84,6635.0,29.2495,18737.0
17:03:47,6574.84,6640.0,50.4135,20841.0
17:03:47,6574.84,6645.0,36.0024,11669.0
17:04:51,6574.57,6500.0,-426.8619,48193.0
17:04:51,6574.57,6505.0,-150.0555,16667.0
17:04:51,6574.57,6510.0,-116.7397,21526.0
17:04:51,6574.57,6515.0,-174.8416,17463.0
17:04:51,6574.57,6520.0,-152.6174,24624.0
17:04:51,6574.57,6525.0,-437.7573,27352.0
17:04:51,6574.57,6530.0,-209.4513,32267.0
17:04:51,6574.57,6535.0,-152.9537,23625.0
17:04:51,6574.57,6540.0,-180.3954,34698.0
17:04:51,6574.57,6545.0,-92.9319,30235.0
17:04:51,6574.57,6550.0,-421.4533,53145.0
17:04:51,6574.57,6555.0,-70.6547,30341.0
17:04:51,6574.57,6560.0,-100.6448,34143.0
17:04:51,6574.57,6565.0,-83.5217,25771.0
17:04:51,6574.57,6570.0,-118.3172,29853.0
17:04:51,6574.57,6575.0,-248.966,35423.0
17:04:51,6574.57,6580.0,-173.0209,43960.0
17:04:51,6574.57,6585.0,-161.7828,38240.0
17:04:51,6574.57,6590.0,-315.1326,38329.0
17:04:51,6574.57,6595.0,-71.919,27485.0
17:04:51,6574.57,6600.0,-185.6964,68560.0
17:04:51,6574.57,6605.0,64.1049,25475.0
17:04:51,6574.57,6610.0,118.1953,31929.0
17:04:51,6574.57,6615.0,76.1359,21769.0
17:04:51,6574.57,6620.0,-36.4886,35885.0
17:04:51,6574.57,6625.0,58.1357,23003.0
17:04:51,6574.57,6630.0,32.1247,26111.0
17:04:51,6574.57,6635.0,29.2471,18766.0
17:04:51,6574.57,6640.0,50.4094,20919.0
17:04:51,6574.57,6645.0,35.9994,11686.0
17:07:01,6571.12,6500.0,-481.2744,48970.0
17:07:01,6571.12,6505.0,-169.1329,17179.0
17:07:01,6571.12,6510.0,-120.447,21810.0
17:07:01,6571.12,6515.0,-174.0951,17646.0
17:07:01,6571.12,6520.0,-148.4633,24980.0
17:07:01,6571.12,6525.0,-485.2264,27638.0
17:07:01,6571.12,6530.0,-242.0493,32765.0
17:07:01,6571.12,6535.0,-175.5891,23969.0
17:07:01,6571.12,6540.0,-205.8247,35262.0
17:07:01,6571.12,6545.0,-105.0633,30533.0
17:07:01,6571.12,6550.0,-421.0111,53874.0
17:07:01,6571.12,6555.0,-70.5806,30772.0
17:07:01,6571.12,6560.0,-100.5392,34687.0
17:07:01,6571.12,6565.0,-86.1429,26259.0
17:07:01,6571.12,6570.0,-120.1739,30792.0
17:07:01,6571.12,6575.0,-248.4635,36634.0
17:07:01,6571.12,6580.0,-176.2387,44651.0
17:07:01,6571.12,6585.0,-168.2273,38994.0
17:07:01,6571.12,6590.0,-314.802,38803.0
17:07:01,6571.12,6595.0,-56.1498,27709.0
17:07:01,6571.12,6600.0,-166.021,70367.0
17:07:01,6571.12,6605.0,55.7532,25797.0
17:07:01,6571.12,6610.0,100.0595,32657.0
17:07:01,6571.12,6615.0,62.7912,22276.0
17:07:01,6571.12,6620.0,-29.3998,36436.0
17:07:01,6571.12,6625.0,85.2993,23304.0
17:07:01,6571.12,6630.0,31.9306,26410.0
17:07:01,6571.12,6635.0,29.2165,18998.0
17:07:01,6571.12,6640.0,38.4649,21551.0
17:07:01,6571.12,6645.0,41.7335,11773.0
17:09:10,6573.14,6500.0,-481.5704,49120.0
17:09:10,6573.14,6505.0,-159.9824,17280.0
17:09:10,6573.14,6510.0,-120.5211,21934.0
17:09:10,6573.14,6515.0,-174.2022,17784.0
17:09:10,6573.14,6520.0,-170.9092,25162.0
17:09:10,6573.14,6525.0,-485.5247,27870.0
17:09:10,6573.14,6530.0,-234.4749,33066.0
17:09:10,6573.14,6535.0,-171.3659,24103.0
17:09:10,6573.14,6540.0,-202.3714,35523.0
17:09:10,6573.14,6545.0,-105.3921,30671.0
17:09:10,6573.14,6550.0,-471.9059,54218.0
17:09:10,6573.14,6555.0,-78.0615,30921.0
17:09:10,6573.14,6560.0,-109.5605,35030.0
17:09:10,6573.14,6565.0,-86.4678,26570.0
17:09:10,6573.14,6570.0,-120.636,31797.0
17:09:10,6573.14,6575.0,-249.409,37183.0
17:09:10,6573.14,6580.0,-170.911,44960.0
17:09:10,6573.14,6585.0,-160.9624,39205.0
17:09:10,6573.14,6590.0,-299.8333,39201.0
17:09:10,6573.14,6595.0,-66.453,27896.0
17:09:10,6573.14,6600.0,-166.3651,70747.0
17:09:10,6573.14,6605.0,55.8038,26020.0
17:09:10,6573.14,6610.0,104.0186,32871.0
17:09:10,6573.14,6615.0,65.2383,22426.0
17:09:10,6573.14,6620.0,-29.4179,36680.0
17:09:10,6573.14,6625.0,50.3556,23443.0
17:09:10,6573.14,6630.0,31.9502,26528.0
17:09:10,6573.14,6635.0,22.7861,19366.0
17:09:10,6573.14,6640.0,38.4886,21649.0
17:09:10,6573.14,6645.0,28.271,11886.0
17:11:20,6576.41,6505.0,-160.1416,17359.0
17:11:20,6576.41,6510.0,-112.8032,22122.0
17:11:20,6576.41,6515.0,-163.5336,18050.0
17:11:20,6576.41,6520.0,-142.9773,25574.0
17:11:20,6576.41,6525.0,-411.7317,28257.0
17:11:20,6576.41,6530.0,-234.6712,33248.0
17:11:20,6576.41,6535.0,-171.5364,24292.0
17:11:20,6576.41,6540.0,-202.5728,35714.0
17:11:20,6576.41,6545.0,-105.4969,30952.0
17:11:20,6576.41,6550.0,-472.3756,54810.0
17:11:20,6576.41,6555.0,-78.1392,31132.0
17:11:20,6576.41,6560.0,-109.6695,35350.0
17:11:20,6576.41,6565.0,-86.5539,26824.0
17:11:20,6576.41,6570.0,-123.1145,32796.0
17:11:20,6576.41,6575.0,-258.4538,37885.0
17:11:20,6576.41,6580.0,-194.9231,45425.0
17:11:20,6576.41,6585.0,-141.8192,39475.0
17:11:20,6576.41,6590.0,-300.1317,39740.0
17:11:20,6576.41,6595.0,-66.5191,28111.0
17:11:20,6576.41,6600.0,-166.5307,71374.0
17:11:20,6576.41,6605.0,55.8593,26293.0
17:11:20,6576.41,6610.0,104.1221,33321.0
17:11:20,6576.41,6615.0,65.3033,22829.0
17:11:20,6576.41,6620.0,-30.4892,37165.0
17:11:20,6576.41,6625.0,59.855,23764.0
17:11:20,6576.41,6630.0,32.7005,26661.0
17:11:20,6576.41,6635.0,26.3739,19496.0
17:11:20,6576.41,6640.0,50.0353,21837.0
17:11:20,6576.41,6645.0,34.1485,11936.0
17:11:20,6576.41,6650.0,154.166,25774.0
17:13:30,6574.48,6500.0,-452.3024,49399.0
17:13:30,6574.48,6505.0,-158.9974,17402.0
17:13:30,6574.48,6510.0,-128.2464,22229.0
17:13:30,6574.48,6515.0,-163.4376,18254.0
17:13:30,6574.48,6520.0,-142.8934,25741.0
17:13:30,6574.48,6525.0,-411.49,28358.0
17:13:30,6574.48,6530.0,-234.5335,33437.0
17:13:30,6574.48,6535.0,-169.8991,24413.0
17:13:30,6574.48,6540.0,-202.4539,35874.0
17:13:30,6574.48,6545.0,-101.8764,31172.0
17:13:30,6574.48,6550.0,-472.0984,55200.0
17:13:30,6574.48,6555.0,-78.0933,31332.0
17:13:30,6574.48,6560.0,-109.6051,35683.0
17:13:30,6574.48,6565.0,-86.5031,27084.0
17:13:30,6574.48,6570.0,-121.9404,33260.0
17:13:30,6574.48,6575.0,-257.5629,38478.0
17:13:30,6574.48,6580.0,-181.2044,46139.0
17:13:30,6574.48,6585.0,-141.736,39830.0
17:13:30,6574.48,6590.0,-299.9555,39998.0
17:13:30,6574.48,6595.0,-66.4801,28402.0
17:13:30,6574.48,6600.0,-166.433,71879.0
17:13:30,6574.48,6605.0,55.8265,26662.0
17:13:30,6574.48,6610.0,104.061,33640.0
17:13:30,6574.48,6615.0,65.8704,23058.0
17:13:30,6574.48,6620.0,-30.4713,37389.0
17:13:30,6574.48,6625.0,59.8199,24035.0
17:13:30,6574.48,6630.0,32.6813,27148.0
17:13:30,6574.48,6635.0,26.3584,19685.0
17:13:30,6574.48,6640.0,39.1803,21896.0
17:13:30,6574.48,6645.0,27.8433,12002.0
17:15:39,6576.2,6505.0,-144.2734,17497.0
17:15:39,6576.2,6510.0,-116.7853,22389.0
17:15:39,6576.2,6515.0,-169.3948,18401.0
17:15:39,6576.2,6520.0,-162.0668,25929.0
17:15:39,6576.2,6525.0,-463.4124,28472.0
17:15:39,6576.2,6530.0,-232.7246,33652.0
17:15:39,6576.2,6535.0,-159.2436,24569.0
17:15:39,6576.2,6540.0,-190.1083,36010.0
17:15:39,6576.2,6545.0,-98.8609,31260.0
17:15:39,6576.2,6550.0,-451.0591,55427.0
17:15:39,6576.2,6555.0,-76.214,31442.0
17:15:39,6576.2,6560.0,-108.7893,36064.0
17:15:39,6576.2,6565.0,-87.8151,27303.0
17:15:39,6576.2,6570.0,-124.4392,33792.0
17:15:39,6576.2,6575.0,-262.1554,39070.0
17:15:39,6576.2,6580.0,-182.8144,46664.0
17:15:39,6576.2,6585.0,-172.7868,40085.0
17:15:39,6576.2,6590.0,-330.2659,40201.0
17:15:39,6576.2,6595.0,-73.6671,28545.0
17:15:39,6576.2,6600.0,-186.895,72229.0
17:15:39,6576.2,6605.0,63.2215,26779.0
17:15:39,6576.2,6610.0,113.9952,33755.0
17:15:39,6576.2,6615.0,71.6814,23200.0
17:15:39,6576.2,6620.0,-33.5444,37504.0
17:15:39,6576.2,6625.0,51.718,24156.0
17:15:39,6576.2,6630.0,28.2862,27444.0
17:15:39,6576.2,6635.0,25.1696,19962.0
17:15:39,6576.2,6640.0,43.0366,21987.0
17:15:39,6576.2,6645.0,30.6828,12045.0
17:15:39,6576.2,6650.0,115.8845,26026.0
17:17:49,6585.04,6515.0,-169.8505,18610.0
17:17:49,6585.04,6520.0,-149.2945,26211.0
17:17:49,6585.04,6525.0,-427.2736,28784.0
17:17:49,6585.04,6530.0,-180.8148,34133.0
17:17:49,6585.04,6535.0,-134.1926,24958.0
17:17:49,6585.04,6540.0,-161.1402,36925.0
17:17:49,6585.04,6545.0,-84.7449,31633.0
17:17:49,6585.04,6550.0,-452.2725,56053.0
17:17:49,6585.04,6555.0,-67.2704,31935.0
17:17:49,6585.04,6560.0,-98.3872,36515.0
17:17:49,6585.04,6565.0,-81.3535,27715.0
17:17:49,6585.04,6570.0,-118.0939,34455.0
17:17:49,6585.04,6575.0,-262.8607,40521.0
17:17:49,6585.04,6580.0,-185.2575,47883.0
17:17:49,6585.04,6585.0,-180.1548,40837.0
17:17:49,6585.04,6590.0,-354.1871,41174.0
17:17:49,6585.04,6595.0,-81.6925,29376.0
17:17:49,6585.04,6600.0,-214.2879,73365.0
17:17:49,6585.04,6605.0,74.5621,27313.0
17:17:49,6585.04,6610.0,137.8647,34150.0
17:17:49,6585.04,6615.0,88.2707,23832.0
17:17:49,6585.04,6620.0,-0.5041,38052.0
17:17:49,6585.04,6625.0,5.2497,24590.0
17:17:49,6585.04,6630.0,39.5231,27965.0
17:17:49,6585.04,6635.0,31.9459,20172.0
17:17:49,6585.04,6640.0,54.2757,22153.0
17:17:49,6585.04,6645.0,38.43,12142.0
17:17:49,6585.04,6650.0,116.1963,26307.0
17:17:49,6585.04,6655.0,165.1448,13131.0
17:17:49,6585.04,6660.0,184.8632,13949.0
17:19:59,6584.72,6510.0,-117.0881,22637.0
17:19:59,6584.72,6515.0,-169.834,18705.0
17:19:59,6584.72,6520.0,-149.28,26386.0
17:19:59,6584.72,6525.0,-343.8314,28860.0
17:19:59,6584.72,6530.0,-171.0697,34482.0
17:19:59,6584.72,6535.0,-135.0419,25226.0
17:19:59,6584.72,6540.0,-155.947,37229.0
17:19:59,6584.72,6545.0,-82.1348,31776.0
17:19:59,6584.72,6550.0,-312.7562,56520.0
17:19:59,6584.72,6555.0,-67.2638,32136.0
17:19:59,6584.72,6560.0,-98.3776,36761.0
17:19:59,6584.72,6565.0,-81.3455,27926.0
17:19:59,6584.72,6570.0,-119.1624,34808.0
17:19:59,6584.72,6575.0,-254.3947,41488.0
17:19:59,6584.72,6580.0,-184.2509,48472.0
17:19:59,6584.72,6585.0,-181.1769,41610.0
17:19:59,6584.72,6590.0,-358.345,42278.0
17:19:59,6584.72,6595.0,-81.6846,29839.0
17:19:59,6584.72,6600.0,-214.2671,73921.0
17:19:59,6584.72,6605.0,74.5549,27614.0
17:19:59,6584.72,6610.0,137.8513,34403.0
17:19:59,6584.72,6615.0,96.0183,24019.0
17:19:59,6584.72,6620.0,-43.6848,38524.0
17:19:59,6584.72,6625.0,75.5531,25211.0
17:19:59,6584.72,6630.0,41.7499,28301.0
17:19:59,6584.72,6635.0,36.8536,20294.0
17:19:59,6584.72,6640.0,57.4139,22297.0
17:19:59,6584.72,6645.0,40.8439,12277.0
17:19:59,6584.72,6650.0,154.9118,26406.0
17:19:59,6584.72,6655.0,98.4114,13204.0
17:22:08,6583.69,6510.0,-92.1382,22787.0
17:22:08,6583.69,6515.0,-132.5481,18800.0
17:22:08,6583.69,6520.0,-115.9616,26597.0
17:22:08,6583.69,6525.0,-331.7599,29053.0
17:22:08,6583.69,6530.0,-168.6954,34655.0
17:22:08,6583.69,6535.0,-125.3993,25386.0
17:22:08,6583.69,6540.0,-150.969,37516.0
17:22:08,6583.69,6545.0,-79.655,31893.0
17:22:08,6583.69,6550.0,-371.0502,56939.0
17:22:08,6583.69,6555.0,-64.0437,32314.0
17:22:08,6583.69,6560.0,-94.1821,36913.0
17:22:08,6583.69,6565.0,-78.6237,28120.0
17:22:08,6583.69,6570.0,-115.3586,35131.0
17:22:08,6583.69,6575.0,-254.3151,41889.0
17:22:08,6583.69,6580.0,-183.6629,49321.0
17:22:08,6583.69,6585.0,-182.0437,42277.0
17:22:08,6583.69,6590.0,-364.1408,43688.0
17:22:08,6583.69,6595.0,-83.237,30146.0
17:22:08,6583.69,6600.0,-224.592,74406.0
17:22:08,6583.69,6605.0,78.5768,27758.0
17:22:08,6583.69,6610.0,146.4122,34581.0
17:22:08,6583.69,6615.0,94.6827,24196.0
17:22:08,6583.69,6620.0,-45.3155,38675.0
17:22:08,6583.69,6625.0,78.4918,25323.0
17:22:08,6583.69,6630.0,43.4531,28446.0
17:22:08,6583.69,6635.0,35.2323,20349.0
17:22:08,6583.69,6640.0,59.4566,22423.0
17:22:08,6583.69,6645.0,40.8311,12319.0
17:22:08,6583.69,6650.0,159.1661,26600.0
17:22:08,6583.69,6655.0,101.0196,13221.0
17:24:18,6586.16,6515.0,-132.6476,18961.0
17:24:18,6586.16,6520.0,-105.6854,26759.0
17:24:18,6586.16,6525.0,-304.3671,29159.0
17:24:18,6586.16,6530.0,-153.7687,34881.0
17:24:18,6586.16,6535.0,-125.3981,25542.0
17:24:18,6586.16,6540.0,-151.0194,37813.0
17:24:18,6586.16,6545.0,-73.0669,32076.0
17:24:18,6586.16,6550.0,-342.2313,57266.0
17:24:18,6586.16,6555.0,-59.4712,32599.0
17:24:18,6586.16,6560.0,-87.8715,37136.0
17:24:18,6586.16,6565.0,-74.0188,28251.0
17:24:18,6586.16,6570.0,-109.7836,35417.0
17:24:18,6586.16,6575.0,-263.4503,42464.0
17:24:18,6586.16,6580.0,-173.787,49889.0
17:24:18,6586.16,6585.0,-182.1803,43080.0
17:24:18,6586.16,6590.0,-364.414,44566.0
17:24:18,6586.16,6595.0,-86.203,30692.0
17:24:18,6586.16,6600.0,-232.2571,75134.0
17:24:18,6586.16,6605.0,83.0251,28005.0
17:24:18,6586.16,6610.0,156.7443,34792.0
17:24:18,6586.16,6615.0,103.4131,24398.0
17:24:18,6586.16,6620.0,-50.1759,39008.0
17:24:18,6586.16,6625.0,88.0532,25580.0
17:24:18,6586.16,6630.0,62.9239,28626.0
17:24:18,6586.16,6635.0,35.2588,20454.0
17:24:18,6586.16,6640.0,50.7514,22581.0
17:24:18,6586.16,6645.0,48.7202,12380.0
17:24:18,6586.16,6650.0,159.2856,26718.0
17:24:18,6586.16,6655.0,101.0954,13267.0
17:24:18,6586.16,6660.0,184.9261,14011.0
17:26:28,6584.31,6510.0,-85.4034,22919.0
17:26:28,6584.31,6515.0,-123.9471,19025.0
17:26:28,6584.31,6520.0,-108.9976,26835.0
17:26:28,6584.31,6525.0,-303.1961,29239.0
17:26:28,6584.31,6530.0,-159.8645,35048.0
17:26:28,6584.31,6535.0,-113.3137,25688.0
17:26:28,6584.31,6540.0,-144.4433,37990.0
17:26:28,6584.31,6545.0,-70.1892,32216.0
17:26:28,6584.31,6550.0,-359.4495,57504.0
17:26:28,6584.31,6555.0,-59.4378,32769.0
17:26:28,6584.31,6560.0,-87.8221,37264.0
17:26:28,6584.31,6565.0,-73.9772,28381.0
17:26:28,6584.31,6570.0,-109.722,35608.0
17:26:28,6584.31,6575.0,-263.3023,43176.0
17:26:28,6584.31,6580.0,-185.0999,50591.0
17:26:28,6584.31,6585.0,-186.0034,43701.0
17:26:28,6584.31,6590.0,-370.2093,45615.0
17:26:28,6584.31,6595.0,-86.1545,31491.0
17:26:28,6584.31,6600.0,-232.1266,75529.0
17:26:28,6584.31,6605.0,82.9785,28161.0
17:26:28,6584.31,6610.0,156.6562,34954.0
17:26:28,6584.31,6615.0,103.4372,24523.0
17:26:28,6584.31,6620.0,-47.3959,39173.0
17:26:28,6584.31,6625.0,109.2677,25676.0
17:26:28,6584.31,6630.0,45.2725,28829.0
17:26:28,6584.31,6635.0,39.5989,20547.0
17:26:28,6584.31,6640.0,62.4727,22752.0
17:26:28,6584.31,6645.0,48.6928,12439.0
17:26:28,6584.31,6650.0,166.0408,26797.0
17:26:28,6584.31,6655.0,105.2788,13276.0
17:28:37,6584.31,6510.0,-85.4034,22919.0
17:28:37,6584.31,6515.0,-123.9471,19025.0
17:28:37,6584.31,6520.0,-108.9976,26835.0
17:28:37,6584.31,6525.0,-314.8014,29239.0
17:28:37,6584.31,6530.0,-159.8645,35048.0
17:28:37,6584.31,6535.0,-119.1984,25688.0
17:28:37,6584.31,6540.0,-144.4433,37990.0
17:28:37,6584.31,6545.0,-76.6253,32216.0
17:28:37,6584.31,6550.0,-359.4495,57504.0
17:28:37,6584.31,6555.0,-62.501,32769.0
17:28:37,6584.31,6560.0,-92.3864,37264.0
17:28:37,6584.31,6565.0,-77.5086,28381.0
17:28:37,6584.31,6570.0,-115.1112,35608.0
17:28:37,6584.31,6575.0,-253.2852,43176.0
17:28:37,6584.31,6580.0,-185.0999,50591.0
17:28:37,6584.31,6585.0,-186.0034,43701.0
17:28:37,6584.31,6590.0,-370.2093,45615.0
17:28:37,6584.31,6595.0,-87.3877,31491.0
17:28:37,6584.31,6600.0,-231.4311,75529.0
17:28:37,6584.31,6605.0,82.1601,28161.0
17:28:37,6584.31,6610.0,152.7512,34954.0
17:28:37,6584.31,6615.0,99.0799,24523.0
17:28:37,6584.31,6620.0,-47.3959,39173.0
17:28:37,6584.31,6625.0,81.9505,25676.0
17:28:37,6584.31,6630.0,45.1952,28829.0
17:28:37,6584.31,6635.0,36.877,20547.0
17:28:37,6584.31,6640.0,62.4727,22752.0
17:28:37,6584.31,6645.0,44.0588,12439.0
17:28:37,6584.31,6650.0,166.0408,26797.0
17:28:37,6584.31,6655.0,104.8503,13276.0
17:30:47,6584.31,6510.0,-85.4034,22919.0
17:30:47,6584.31,6515.0,-123.9471,19025.0
17:30:47,6584.31,6520.0,-108.9976,26835.0
17:30:47,6584.31,6525.0,-314.8014,29239.0
17:30:47,6584.31,6530.0,-159.8645,35048.0
17:30:47,6584.31,6535.0,-119.1984,25688.0
17:30:47,6584.31,6540.0,-144.4433,37990.0
17:30:47,6584.31,6545.0,-76.6253,32216.0
17:30:47,6584.31,6550.0,-359.4495,57504.0
17:30:47,6584.31,6555.0,-62.501,32769.0
17:30:47,6584.31,6560.0,-92.3864,37264.0
17:30:47,6584.31,6565.0,-77.5086,28381.0
17:30:47,6584.31,6570.0,-115.1112,35608.0
17:30:47,6584.31,6575.0,-253.2852,43176.0
17:30:47,6584.31,6580.0,-185.0999,50591.0
17:30:47,6584.31,6585.0,-186.0034,43701.0
17:30:47,6584.31,6590.0,-370.2093,45615.0
17:30:47,6584.31,6595.0,-87.3877,31491.0
17:30:47,6584.31,6600.0,-231.4311,75529.0
17:30:47,6584.31,6605.0,82.1601,28161.0
17:30:47,6584.31,6610.0,152.7512,34954.0
17:30:47,6584.31,6615.0,99.0799,24523.0
17:30:47,6584.31,6620.0,-47.3959,39173.0
17:30:47,6584.31,6625.0,81.9505,25676.0
17:30:47,6584.31,6630.0,45.1952,28829.0
17:30:47,6584.31,6635.0,36.877,20547.0
17:30:47,6584.31,6640.0,62.4727,22752.0
17:30:47,6584.31,6645.0,44.0588,12439.0
17:30:47,6584.31,6650.0,166.0408,26797.0
17:30:47,6584.31,6655.0,104.8503,13276.0
17:32:57,6584.31,6510.0,-85.4034,22919.0
17:32:57,6584.31,6515.0,-123.9471,19025.0
17:32:57,6584.31,6520.0,-108.9976,26835.0
17:32:57,6584.31,6525.0,-314.8014,29239.0
17:32:57,6584.31,6530.0,-159.8645,35048.0
17:32:57,6584.31,6535.0,-119.1984,25688.0
17:32:57,6584.31,6540.0,-144.4433,37990.0
17:32:57,6584.31,6545.0,-76.6253,32216.0
17:32:57,6584.31,6550.0,-359.4495,57504.0
17:32:57,6584.31,6555.0,-62.501,32769.0
17:32:57,6584.31,6560.0,-92.3864,37264.0
17:32:57,6584.31,6565.0,-77.5086,28381.0
17:32:57,6584.31,6570.0,-115.1112,35608.0
17:32:57,6584.31,6575.0,-253.2852,43176.0
17:32:57,6584.31,6580.0,-185.0999,50591.0
17:32:57,6584.31,6585.0,-186.0034,43701.0
17:32:57,6584.31,6590.0,-370.2093,45615.0
17:32:57,6584.31,6595.0,-87.3877,31491.0
17:32:57,6584.31,6600.0,-231.4311,75529.0
17:32:57,6584.31,6605.0,82.1601,28161.0
17:32:57,6584.31,6610.0,152.7512,34954.0
17:32:57,6584.31,6615.0,99.0799,24523.0
17:32:57,6584.31,6620.0,-47.3959,39173.0
17:32:57,6584.31,6625.0,81.9505,25676.0
17:32:57,6584.31,6630.0,45.1952,28829.0
17:32:57,6584.31,6635.0,36.877,20547.0
17:32:57,6584.31,6640.0,62.4727,22752.0
17:32:57,6584.31,6645.0,44.0588,12439.0
17:32:57,6584.31,6650.0,166.0408,26797.0
17:32:57,6584.31,6655.0,104.8503,13276.0
17:35:06,6584.31,6510.0,-85.4034,22919.0
17:35:06,6584.31,6515.0,-123.9471,19025.0
17:35:06,6584.31,6520.0,-108.9976,26835.0
17:35:06,6584.31,6525.0,-314.8014,29239.0
17:35:06,6584.31,6530.0,-159.8645,35048.0
17:35:06,6584.31,6535.0,-119.1984,25688.0
17:35:06,6584.31,6540.0,-144.4433,37990.0
17:35:06,6584.31,6545.0,-76.6253,32216.0
17:35:06,6584.31,6550.0,-359.4495,57504.0
17:35:06,6584.31,6555.0,-62.501,32769.0
17:35:06,6584.31,6560.0,-92.3864,37264.0
17:35:06,6584.31,6565.0,-77.5086,28381.0
17:35:06,6584.31,6570.0,-115.1112,35608.0
17:35:06,6584.31,6575.0,-253.2852,43176.0
17:35:06,6584.31,6580.0,-185.0999,50591.0
17:35:06,6584.31,6585.0,-186.0034,43701.0
17:35:06,6584.31,6590.0,-370.2093,45615.0
17:35:06,6584.31,6595.0,-87.3877,31491.0
17:35:06,6584.31,6600.0,-231.4311,75529.0
17:35:06,6584.31,6605.0,82.1601,28161.0
17:35:06,6584.31,6610.0,152.7512,34954.0
17:35:06,6584.31,6615.0,99.0799,24523.0
17:35:06,6584.31,6620.0,-47.3959,39173.0
17:35:06,6584.31,6625.0,81.9505,25676.0
17:35:06,6584.31,6630.0,45.1952,28829.0
17:35:06,6584.31,6635.0,36.877,20547.0
17:35:06,6584.31,6640.0,62.4727,22752.0
17:35:06,6584.31,6645.0,44.0588,12439.0
17:35:06,6584.31,6650.0,166.0408,26797.0
17:35:06,6584.31,6655.0,104.8503,13276.0
17:37:16,6584.31,6510.0,-85.4034,22919.0
17:37:16,6584.31,6515.0,-123.9471,19025.0
17:37:16,6584.31,6520.0,-108.9976,26835.0
17:37:16,6584.31,6525.0,-314.8014,29239.0
17:37:16,6584.31,6530.0,-159.8645,35048.0
17:37:16,6584.31,6535.0,-119.1984,25688.0
17:37:16,6584.31,6540.0,-144.4433,37990.0
17:37:16,6584.31,6545.0,-76.6253,32216.0
17:37:16,6584.31,6550.0,-359.4495,57504.0
17:37:16,6584.31,6555.0,-62.501,32769.0
17:37:16,6584.31,6560.0,-92.3864,37264.0
17:37:16,6584.31,6565.0,-77.5086,28381.0
17:37:16,6584.31,6570.0,-115.1112,35608.0
17:37:16,6584.31,6575.0,-253.2852,43176.0
17:37:16,6584.31,6580.0,-185.0999,50591.0
17:37:16,6584.31,6585.0,-186.0034,43701.0
17:37:16,6584.31,6590.0,-370.2093,45615.0
17:37:16,6584.31,6595.0,-87.3877,31491.0
17:37:16,6584.31,6600.0,-231.4311,75529.0
17:37:16,6584.31,6605.0,82.1601,28161.0
17:37:16,6584.31,6610.0,152.7512,34954.0
17:37:16,6584.31,6615.0,99.0799,24523.0
17:37:16,6584.31,6620.0,-47.3959,39173.0
17:37:16,6584.31,6625.0,81.9505,25676.0
17:37:16,6584.31,6630.0,45.1952,28829.0
17:37:16,6584.31,6635.0,36.877,20547.0
17:37:16,6584.31,6640.0,62.4727,22752.0
17:37:16,6584.31,6645.0,44.0588,12439.0
17:37:16,6584.31,6650.0,166.0408,26797.0
17:37:16,6584.31,6655.0,104.8503,13276.0
17:39:26,6584.31,6510.0,-85.4034,22919.0
17:39:26,6584.31,6515.0,-123.9471,19025.0
17:39:26,6584.31,6520.0,-108.9976,26835.0
17:39:26,6584.31,6525.0,-314.8014,29239.0
17:39:26,6584.31,6530.0,-159.8645,35048.0
17:39:26,6584.31,6535.0,-119.1984,25688.0
17:39:26,6584.31,6540.0,-144.4433,37990.0
17:39:26,6584.31,6545.0,-76.6253,32216.0
17:39:26,6584.31,6550.0,-359.4495,57504.0
17:39:26,6584.31,6555.0,-62.501,32769.0
17:39:26,6584.31,6560.0,-92.3864,37264.0
17:39:26,6584.31,6565.0,-77.5086,28381.0
17:39:26,6584.31,6570.0,-115.1112,35608.0
17:39:26,6584.31,6575.0,-253.2852,43176.0
17:39:26,6584.31,6580.0,-185.0999,50591.0
17:39:26,6584.31,6585.0,-186.0034,43701.0
17:39:26,6584.31,6590.0,-370.2093,45615.0
17:39:26,6584.31,6595.0,-87.3877,31491.0
17:39:26,6584.31,6600.0,-231.4311,75529.0
17:39:26,6584.31,6605.0,82.1601,28161.0
17:39:26,6584.31,6610.0,152.7512,34954.0
17:39:26,6584.31,6615.0,99.0799,24523.0
17:39:26,6584.31,6620.0,-47.3959,39173.0
17:39:26,6584.31,6625.0,81.9505,25676.0
17:39:26,6584.31,6630.0,45.1952,28829.0
17:39:26,6584.31,6635.0,36.877,20547.0
17:39:26,6584.31,6640.0,62.4727,22752.0
17:39:26,6584.31,6645.0,44.0588,12439.0
17:39:26,6584.31,6650.0,166.0408,26797.0
17:39:26,6584.31,6655.0,104.8503,13276.0
18:09:55,6559.57,6485.0,-80.7402,22143.0
18:09:55,6559.57,6490.0,-133.7298,27419.0
18:09:55,6559.57,6495.0,-196.5162,21813.0
18:09:55,6559.57,6500.0,-576.3425,55599.0
18:09:55,6559.57,6505.0,-207.9488,20274.0
18:09:55,6559.57,6510.0,-171.0998,27648.0
18:09:55,6559.57,6515.0,-249.2328,23196.0
18:09:55,6559.57,6520.0,-220.0482,32680.0
18:09:55,6559.57,6525.0,-628.0453,35302.0
18:09:55,6559.57,6530.0,-312.75,43198.0
18:09:55,6559.57,6535.0,-220.1366,31276.0
18:09:55,6559.57,6540.0,-260.9181,48047.0
18:09:55,6559.57,6545.0,-130.6854,37541.0
18:09:55,6559.57,6550.0,-572.2904,69406.0
18:09:55,6559.57,6555.0,-151.0608,40339.0
18:09:55,6559.57,6560.0,-124.6454,46651.0
18:09:55,6559.57,6565.0,-95.1111,36910.0
18:09:55,6559.57,6570.0,-126.7251,48789.0
18:09:55,6559.57,6575.0,-249.4214,58645.0
18:09:55,6559.57,6580.0,-161.7805,67215.0
18:09:55,6559.57,6585.0,-142.9359,55309.0
18:09:55,6559.57,6590.0,-251.7188,57352.0
18:09:55,6559.57,6595.0,-51.9916,37211.0
18:09:55,6559.57,6600.0,-121.143,90110.0
18:09:55,6559.57,6605.0,37.5496,35479.0
18:09:55,6559.57,6610.0,62.5022,43620.0
18:09:55,6559.57,6615.0,36.5041,30307.0
18:09:55,6559.57,6620.0,-15.9982,45318.0
18:09:55,6559.57,6625.0,26.1653,30029.0
18:09:55,6559.57,6630.0,13.966,32420.0
18:11:35,6557.77,6485.0,-80.6959,22502.0
18:11:35,6557.77,6490.0,-133.6564,27598.0
18:11:35,6557.77,6495.0,-196.4084,21892.0
18:11:35,6557.77,6500.0,-745.6596,56181.0
18:11:35,6557.77,6505.0,-207.8347,20762.0
18:11:35,6557.77,6510.0,-171.0059,28010.0
18:11:35,6557.77,6515.0,-307.7093,23645.0
18:11:35,6557.77,6520.0,-270.2857,33156.0
18:11:35,6557.77,6525.0,-627.7007,35799.0
18:11:35,6557.77,6530.0,-376.9173,43856.0
18:11:35,6557.77,6535.0,-242.9117,31565.0
18:11:35,6557.77,6540.0,-260.7749,48634.0
18:11:35,6557.77,6545.0,-136.8977,37909.0
18:11:35,6557.77,6550.0,-586.3362,70320.0
18:11:35,6557.77,6555.0,-92.046,41445.0
18:11:35,6557.77,6560.0,-121.2692,47463.0
18:11:35,6557.77,6565.0,-89.9149,37301.0
18:11:35,6557.77,6570.0,-116.5141,49369.0
18:11:35,6557.77,6575.0,-222.5113,59029.0
18:11:35,6557.77,6580.0,-161.6918,68213.0
18:11:35,6557.77,6585.0,-83.8162,55762.0
18:11:35,6557.77,6590.0,-288.3551,58120.0
18:11:35,6557.77,6595.0,-72.6818,37741.0
18:11:35,6557.77,6600.0,-6.0229,90950.0
18:11:35,6557.77,6605.0,37.529,36074.0
18:11:35,6557.77,6610.0,62.4679,44057.0
18:11:35,6557.77,6615.0,27.6345,30530.0
18:11:35,6557.77,6620.0,-15.9894,45833.0
18:11:35,6557.77,6625.0,2.4961,30197.0
18:11:35,6557.77,6630.0,19.5639,32708.0
18:13:45,6555.71,6485.0,-80.6452,22607.0
18:13:45,6555.71,6490.0,-133.5724,27730.0
18:13:45,6555.71,6495.0,-211.0254,21977.0
18:13:45,6555.71,6500.0,-761.0438,56584.0
18:13:45,6555.71,6505.0,-222.5567,21008.0
18:13:45,6555.71,6510.0,-182.1204,28376.0
18:13:45,6555.71,6515.0,-307.5161,24032.0
18:13:45,6555.71,6520.0,-270.1159,33737.0
18:13:45,6555.71,6525.0,-627.3064,36153.0
18:13:45,6555.71,6530.0,-376.6806,44740.0
18:13:45,6555.71,6535.0,-237.2376,31880.0
18:13:45,6555.71,6540.0,-260.6111,49430.0
18:13:45,6555.71,6545.0,-136.8117,38293.0
18:13:45,6555.71,6550.0,-605.0306,71198.0
18:13:45,6555.71,6555.0,-96.8656,42103.0
18:13:45,6555.71,6560.0,-129.6278,48158.0
18:13:45,6555.71,6565.0,-83.8219,37763.0
18:13:45,6555.71,6570.0,-116.4409,49790.0
18:13:45,6555.71,6575.0,-222.3715,59304.0
18:13:45,6555.71,6580.0,-161.5902,68763.0
18:13:45,6555.71,6585.0,-83.7635,56202.0
18:13:45,6555.71,6590.0,-288.1739,58740.0
18:13:45,6555.71,6595.0,-72.6361,38213.0
18:13:45,6555.71,6600.0,-6.0192,91743.0
18:13:45,6555.71,6605.0,33.1306,36310.0
18:13:45,6555.71,6610.0,55.1452,44276.0
18:13:45,6555.71,6615.0,39.2408,30783.0
18:13:45,6555.71,6620.0,-15.9793,46072.0
18:13:45,6555.71,6625.0,2.4946,30318.0
18:13:45,6555.71,6630.0,19.5516,32879.0
18:15:55,6556.76,6485.0,-87.6816,22648.0
18:15:55,6556.76,6490.0,-144.0924,27830.0
18:15:55,6556.76,6495.0,-232.8278,22126.0
18:15:55,6556.76,6500.0,-683.439,57152.0
18:15:55,6556.76,6505.0,-244.9686,21304.0
18:15:55,6556.76,6510.0,-182.1787,28759.0
18:15:55,6556.76,6515.0,-306.3749,24513.0
18:15:55,6556.76,6520.0,-266.8917,33994.0
18:15:55,6556.76,6525.0,-672.0085,36526.0
18:15:55,6556.76,6530.0,-364.1563,45050.0
18:15:55,6556.76,6535.0,-240.8062,32353.0
18:15:55,6556.76,6540.0,-277.9262,49847.0
18:15:55,6556.76,6545.0,-139.7658,38561.0
18:15:55,6556.76,6550.0,-619.1858,71921.0
18:15:55,6556.76,6555.0,-97.6803,42594.0
18:15:55,6556.76,6560.0,-129.107,48651.0
18:15:55,6556.76,6565.0,-95.8187,37977.0
18:15:55,6556.76,6570.0,-106.1009,50103.0
18:15:55,6556.76,6575.0,-222.4428,59514.0
18:15:55,6556.76,6580.0,-158.848,69135.0
18:15:55,6556.76,6585.0,-92.8963,56565.0
18:15:55,6556.76,6590.0,-258.2282,59314.0
18:15:55,6556.76,6595.0,-59.4384,38586.0
18:15:55,6556.76,6600.0,-44.9649,92588.0
18:15:55,6556.76,6605.0,33.1413,36464.0
18:15:55,6556.76,6610.0,48.3249,44475.0
18:15:55,6556.76,6615.0,28.2736,30904.0
18:15:55,6556.76,6620.0,-14.5272,46355.0
18:15:55,6556.76,6625.0,24.091,30413.0
18:15:55,6556.76,6630.0,17.2659,33013.0
18:18:04,6553.64,6480.0,-4.482,23538.0
18:18:04,6553.64,6485.0,-87.5982,22731.0
18:18:04,6553.64,6490.0,-143.9553,27930.0
18:18:04,6553.64,6495.0,-241.8711,22233.0
18:18:04,6553.64,6500.0,-682.7887,57792.0
18:18:04,6553.64,6505.0,-244.7356,21498.0
18:18:04,6553.64,6510.0,-182.0054,28960.0
18:18:04,6553.64,6515.0,-292.3176,24798.0
18:18:04,6553.64,6520.0,-258.8058,34390.0
18:18:04,6553.64,6525.0,-671.3691,36808.0
18:18:04,6553.64,6530.0,-368.5494,45467.0
18:18:04,6553.64,6535.0,-256.6818,32658.0
18:18:04,6553.64,6540.0,-277.6617,50255.0
18:18:04,6553.64,6545.0,-144.7333,38934.0
18:18:04,6553.64,6550.0,-620.1775,72754.0
18:18:04,6553.64,6555.0,-97.2746,43294.0
18:18:04,6553.64,6560.0,-129.4798,49183.0
18:18:04,6553.64,6565.0,-95.9739,38310.0
18:18:04,6553.64,6570.0,-119.75,50454.0
18:18:04,6553.64,6575.0,-236.1507,59680.0
18:18:04,6553.64,6580.0,-158.6969,69775.0
18:18:04,6553.64,6585.0,-108.282,57007.0
18:18:04,6553.64,6590.0,-251.1773,59693.0
18:18:04,6553.64,6595.0,-56.4529,39055.0
18:18:04,6553.64,6600.0,-57.9398,93009.0
18:18:04,6553.64,6605.0,42.0852,36731.0
18:18:04,6553.64,6610.0,50.1535,44640.0
18:18:04,6553.64,6615.0,27.3548,30965.0
18:18:04,6553.64,6620.0,-14.5134,46496.0
18:18:04,6553.64,6625.0,7.3623,30453.0
18:20:14,6553.77,6480.0,-4.0695,23558.0
18:20:14,6553.77,6485.0,-87.6016,22809.0
18:20:14,6553.77,6490.0,-143.961,28086.0
18:20:14,6553.77,6495.0,-240.1458,22322.0
18:20:14,6553.77,6500.0,-703.2209,58040.0
18:20:14,6553.77,6505.0,-250.8618,21607.0
18:20:14,6553.77,6510.0,-205.1015,29090.0
18:20:14,6553.77,6515.0,-298.5658,25100.0
18:20:14,6553.77,6520.0,-258.816,34594.0
18:20:14,6553.77,6525.0,-671.3958,36992.0
18:20:14,6553.77,6530.0,-368.5641,45940.0
18:20:14,6553.77,6535.0,-256.692,32802.0
18:20:14,6553.77,6540.0,-277.6728,50595.0
18:20:14,6553.77,6545.0,-144.8712,39430.0
18:20:14,6553.77,6550.0,-626.7628,73535.0
18:20:14,6553.77,6555.0,-98.1787,43966.0
18:20:14,6553.77,6560.0,-129.2811,49770.0
18:20:14,6553.77,6565.0,-95.7165,38575.0
18:20:14,6553.77,6570.0,-119.7548,50935.0
18:20:14,6553.77,6575.0,-236.1601,59890.0
18:20:14,6553.77,6580.0,-158.7032,70065.0
18:20:14,6553.77,6585.0,-108.2863,57242.0
18:20:14,6553.77,6590.0,-251.1873,60036.0
18:20:14,6553.77,6595.0,-40.4061,39154.0
18:20:14,6553.77,6600.0,-91.5459,93380.0
18:20:14,6553.77,6605.0,27.9775,36903.0
18:20:14,6553.77,6610.0,46.5128,44773.0
18:20:14,6553.77,6615.0,27.5582,31203.0
18:20:14,6553.77,6620.0,-14.5139,46611.0
18:20:14,6553.77,6625.0,7.3626,30633.0
18:22:24,6557.23,6485.0,-101.1791,22840.0
18:22:24,6557.23,6490.0,-165.2321,28207.0
18:22:24,6557.23,6495.0,-240.3995,22502.0
18:22:24,6557.23,6500.0,-703.9637,58407.0
18:22:24,6557.23,6505.0,-251.1268,21956.0
18:22:24,6557.23,6510.0,-205.3181,29285.0
18:22:24,6557.23,6515.0,-298.8883,25596.0
18:22:24,6557.23,6520.0,-253.3871,35111.0
18:22:24,6557.23,6525.0,-738.9183,37506.0
18:22:24,6557.23,6530.0,-351.934,46369.0
18:22:24,6557.23,6535.0,-259.3428,32958.0
18:22:24,6557.23,6540.0,-295.8439,50941.0
18:22:24,6557.23,6545.0,-147.8169,39714.0
18:22:24,6557.23,6550.0,-647.176,74375.0
18:22:24,6557.23,6555.0,-93.2488,45061.0
18:22:24,6557.23,6560.0,-130.0038,50511.0
18:22:24,6557.23,6565.0,-102.1615,38927.0
18:22:24,6557.23,6570.0,-124.5491,51405.0
18:22:24,6557.23,6575.0,-230.4197,60323.0
18:22:24,6557.23,6580.0,-144.7785,70440.0
18:22:24,6557.23,6585.0,-130.544,57507.0
18:22:24,6557.23,6590.0,-198.9443,60446.0
18:22:24,6557.23,6595.0,-40.4488,39331.0
18:22:24,6557.23,6600.0,-91.6425,94271.0
18:22:24,6557.23,6605.0,28.007,37062.0
18:22:24,6557.23,6610.0,46.5619,45151.0
18:22:24,6557.23,6615.0,27.5873,31408.0
18:22:24,6557.23,6620.0,-12.273,46935.0
18:22:24,6557.23,6625.0,20.4378,30693.0
18:22:24,6557.23,6630.0,17.2684,33366.0
18:24:33,6558.13,6485.0,-101.2069,22883.0
18:24:33,6558.13,6490.0,-165.2775,28535.0
18:24:33,6558.13,6495.0,-240.4654,22639.0
18:24:33,6558.13,6500.0,-611.9395,58766.0
18:24:33,6558.13,6505.0,-251.1957,22018.0
18:24:33,6558.13,6510.0,-205.3744,29439.0
18:24:33,6558.13,6515.0,-273.7475,25836.0
18:24:33,6558.13,6520.0,-241.7569,35358.0
18:24:33,6558.13,6525.0,-741.9952,37752.0
18:24:33,6558.13,6530.0,-356.3844,46542.0
18:24:33,6558.13,6535.0,-258.1317,33164.0
18:24:33,6558.13,6540.0,-300.659,51219.0
18:24:33,6558.13,6545.0,-150.8443,40358.0
18:24:33,6558.13,6550.0,-637.5681,74933.0
18:24:33,6558.13,6555.0,-91.1907,45623.0
18:24:33,6558.13,6560.0,-116.3347,51126.0
18:24:33,6558.13,6565.0,-101.5619,39201.0
18:24:33,6558.13,6570.0,-132.738,51835.0
18:24:33,6558.13,6575.0,-251.6861,60688.0
18:24:33,6558.13,6580.0,-156.3799,70732.0
18:24:33,6558.13,6585.0,-131.3926,57703.0
18:24:33,6558.13,6590.0,-220.9297,60671.0
18:24:33,6558.13,6595.0,-43.7267,39503.0
18:24:33,6558.13,6600.0,-119.4349,94468.0
18:24:33,6558.13,6605.0,22.9578,37197.0
18:24:33,6558.13,6610.0,46.5747,45280.0
18:24:33,6558.13,6615.0,34.0881,31457.0
18:24:33,6558.13,6620.0,-18.7559,47069.0
18:24:33,6558.13,6625.0,29.7774,30724.0
18:24:33,6558.13,6630.0,12.2115,33409.0
18:26:43,6556.84,6485.0,-88.2733,22910.0
18:26:43,6556.84,6490.0,-145.5269,28618.0
18:26:43,6556.84,6495.0,-211.472,22669.0
18:26:43,6556.84,6500.0,-622.6029,58904.0
18:26:43,6556.84,6505.0,-222.7535,22125.0
18:26:43,6556.84,6510.0,-184.5686,29650.0
18:26:43,6556.84,6515.0,-275.3108,26074.0
18:26:43,6556.84,6520.0,-245.1662,35671.0
18:26:43,6556.84,6525.0,-708.3601,38259.0
18:26:43,6556.84,6530.0,-356.2442,46746.0
18:26:43,6556.84,6535.0,-258.0302,33310.0
18:26:43,6556.84,6540.0,-300.5407,51484.0
18:26:43,6556.84,6545.0,-150.7849,40584.0
18:26:43,6556.84,6550.0,-656.4159,75461.0
18:26:43,6556.84,6555.0,-104.7396,46160.0
18:26:43,6556.84,6560.0,-139.7649,51612.0
18:26:43,6556.84,6565.0,-100.6883,39389.0
18:26:43,6556.84,6570.0,-132.6858,52264.0
18:26:43,6556.84,6575.0,-251.5871,60900.0
18:26:43,6556.84,6580.0,-156.3184,71062.0
18:26:43,6556.84,6585.0,-131.3409,57977.0
18:26:43,6556.84,6590.0,-220.8428,61025.0
18:26:43,6556.84,6595.0,-43.7095,39792.0
18:26:43,6556.84,6600.0,-97.5129,94912.0
18:26:43,6556.84,6605.0,29.799,37331.0
18:26:43,6556.84,6610.0,49.7603,45399.0
18:26:43,6556.84,6615.0,29.4986,31584.0
18:26:43,6556.84,6620.0,-13.5686,47281.0
18:26:43,6556.84,6625.0,29.7657,30791.0
18:26:43,6556.84,6630.0,12.2067,33517.0
18:28:53,6557.91,6485.0,-88.1814,22946.0
18:28:53,6557.91,6490.0,-145.1169,28799.0
18:28:53,6557.91,6495.0,-205.7292,22827.0
18:28:53,6557.91,6500.0,-606.997,59059.0
18:28:53,6557.91,6505.0,-219.3008,22234.0
18:28:53,6557.91,6510.0,-181.6975,29763.0
18:28:53,6557.91,6515.0,-269.2869,26290.0
18:28:53,6557.91,6520.0,-240.7591,35996.0
18:28:53,6557.91,6525.0,-697.0453,38648.0
18:28:53,6557.91,6530.0,-351.3233,47074.0
18:28:53,6557.91,6535.0,-255.547,33461.0
18:28:53,6557.91,6540.0,-298.3099,51783.0
18:28:53,6557.91,6545.0,-149.7424,40827.0
18:28:53,6557.91,6550.0,-656.6301,76129.0
18:28:53,6557.91,6555.0,-103.9205,46717.0
18:28:53,6557.91,6560.0,-143.1687,52238.0
18:28:53,6557.91,6565.0,-105.5623,39655.0
18:28:53,6557.91,6570.0,-129.9472,52660.0
18:28:53,6557.91,6575.0,-251.0591,61193.0
18:28:53,6557.91,6580.0,-157.1003,74399.0
18:28:53,6557.91,6585.0,-133.2379,58603.0
18:28:53,6557.91,6590.0,-226.6848,61416.0
18:28:53,6557.91,6595.0,-45.4466,40082.0
18:28:53,6557.91,6600.0,-103.6017,95722.0
18:28:53,6557.91,6605.0,32.005,37806.0
18:28:53,6557.91,6610.0,53.7551,45808.0
18:28:53,6557.91,6615.0,32.1118,31820.0
18:28:53,6557.91,6620.0,-14.6521,47605.0
18:28:53,6557.91,6625.0,24.5796,30868.0
18:28:53,6557.91,6630.0,9.2956,33690.0
18:31:02,6565.16,6495.0,-206.1843,22902.0
18:31:02,6565.16,6500.0,-522.4568,59379.0
18:31:02,6565.16,6505.0,-193.646,22444.0
18:31:02,6565.16,6510.0,-182.0995,30059.0
18:31:02,6565.16,6515.0,-269.8827,26543.0
18:31:02,6565.16,6520.0,-212.5781,36565.0
18:31:02,6565.16,6525.0,-698.5874,39062.0
18:31:02,6565.16,6530.0,-317.859,47622.0
18:31:02,6565.16,6535.0,-243.0518,33891.0
18:31:02,6565.16,6540.0,-302.0385,52243.0
18:31:02,6565.16,6545.0,-149.0475,41193.0
18:31:02,6565.16,6550.0,-665.6042,77201.0
18:31:02,6565.16,6555.0,-107.9602,47694.0
18:31:02,6565.16,6560.0,-146.543,53219.0
18:31:02,6565.16,6565.0,-110.473,40326.0
18:31:02,6565.16,6570.0,-144.8809,53133.0
18:31:02,6565.16,6575.0,-278.1361,61840.0
18:31:02,6565.16,6580.0,-174.1709,74858.0
18:31:02,6565.16,6585.0,-147.5859,59038.0
18:31:02,6565.16,6590.0,-249.3004,61892.0
18:31:02,6565.16,6595.0,-38.4539,40583.0
18:31:02,6565.16,6600.0,-133.3996,96651.0
18:31:02,6565.16,6605.0,27.9589,37935.0
18:31:02,6565.16,6610.0,53.874,45958.0
18:31:02,6565.16,6615.0,36.42,32151.0
18:31:02,6565.16,6620.0,-15.4085,47707.0
18:31:02,6565.16,6625.0,19.8793,31017.0
18:31:02,6565.16,6630.0,14.2543,33765.0
18:31:02,6565.16,6635.0,0.3984,24811.0
18:31:02,6565.16,6640.0,0.3327,26008.0
18:33:12,6561.79,6490.0,-145.2886,29110.0
18:33:12,6561.79,6495.0,-157.9877,22957.0
18:33:12,6561.79,6500.0,-458.1249,59741.0
18:33:12,6561.79,6505.0,-169.3436,22795.0
18:33:12,6561.79,6510.0,-140.2799,30396.0
18:33:12,6561.79,6515.0,-209.5122,26726.0
18:33:12,6561.79,6520.0,-190.3849,36835.0
18:33:12,6561.79,6525.0,-565.223,39513.0
18:33:12,6561.79,6530.0,-292.6792,48151.0
18:33:12,6561.79,6535.0,-219.916,34251.0
18:33:12,6561.79,6540.0,-265.2763,52646.0
18:33:12,6561.79,6545.0,-138.4348,41496.0
18:33:12,6561.79,6550.0,-631.9508,77916.0
18:33:12,6561.79,6555.0,-105.1843,48499.0
18:33:12,6561.79,6560.0,-146.8715,54206.0
18:33:12,6561.79,6565.0,-114.0651,41101.0
18:33:12,6561.79,6570.0,-154.1359,53819.0
18:33:12,6561.79,6575.0,-304.1864,62387.0
18:33:12,6561.79,6580.0,-194.9433,75677.0
18:33:12,6561.79,6585.0,-168.0669,59513.0
18:33:12,6561.79,6590.0,-286.5544,62495.0
18:33:12,6561.79,6595.0,-56.863,41050.0
18:33:12,6561.79,6600.0,-127.0712,97552.0
18:33:12,6561.79,6605.0,38.3028,38210.0
18:33:12,6561.79,6610.0,63.176,46259.0
18:33:12,6561.79,6615.0,37.356,32275.0
18:33:12,6561.79,6620.0,-16.8299,47973.0
18:33:12,6561.79,6625.0,28.2656,31083.0
18:33:12,6561.79,6630.0,15.4971,33827.0
18:33:12,6561.79,6635.0,12.7019,24840.0
18:35:22,6555.63,6485.0,-78.944,23467.0
18:35:22,6555.63,6490.0,-130.059,29234.0
18:35:22,6555.63,6495.0,-156.6304,23096.0
18:35:22,6555.63,6500.0,-560.9139,60057.0
18:35:22,6555.63,6505.0,-205.0615,22910.0
18:35:22,6555.63,6510.0,-170.8846,30680.0
18:35:22,6555.63,6515.0,-257.8731,27131.0
18:35:22,6555.63,6520.0,-238.8022,37223.0
18:35:22,6555.63,6525.0,-673.8375,39865.0
18:35:22,6555.63,6530.0,-262.5583,48586.0
18:35:22,6555.63,6535.0,-253.1813,34646.0
18:35:22,6555.63,6540.0,-298.8634,53270.0
18:35:22,6555.63,6545.0,-151.8797,41908.0
18:35:22,6555.63,6550.0,-673.9826,78741.0
18:35:22,6555.63,6555.0,-108.6538,49435.0
18:35:22,6555.63,6560.0,-146.2959,55064.0
18:35:22,6555.63,6565.0,-109.8431,41539.0
18:35:22,6555.63,6570.0,-163.6504,54491.0
18:35:22,6555.63,6575.0,-271.1937,62984.0
18:35:22,6555.63,6580.0,-167.9557,76152.0
18:35:22,6555.63,6585.0,-140.1463,60035.0
18:35:22,6555.63,6590.0,-325.7828,62915.0
18:35:22,6555.63,6595.0,-77.1278,41511.0
18:35:22,6555.63,6600.0,-24.6862,98291.0
18:35:22,6555.63,6605.0,30.7456,38436.0
18:35:22,6555.63,6610.0,51.3979,46455.0
18:35:22,6555.63,6615.0,30.8007,32358.0
18:35:22,6555.63,6620.0,-14.1618,48074.0
18:35:22,6555.63,6625.0,24.1098,31265.0
18:35:22,6555.63,6630.0,13.4085,34007.0
18:37:31,6556.27,6485.0,-88.0213,23585.0
18:37:31,6556.27,6490.0,-144.6828,29279.0
18:37:31,6556.27,6495.0,-156.661,23143.0
18:37:31,6556.27,6500.0,-621.5994,60274.0
18:37:31,6556.27,6505.0,-205.1016,23034.0
18:37:31,6556.27,6510.0,-170.918,30910.0
18:37:31,6556.27,6515.0,-284.6137,27597.0
18:37:31,6556.27,6520.0,-264.4634,37611.0
18:37:31,6556.27,6525.0,-673.9691,40124.0
18:37:31,6556.27,6530.0,-385.2109,48817.0
18:37:31,6556.27,6535.0,-272.8738,35003.0
18:37:31,6556.27,6540.0,-298.9218,53734.0
18:37:31,6556.27,6545.0,-158.3883,42153.0
18:37:31,6556.27,6550.0,-691.7412,79297.0
18:37:31,6556.27,6555.0,-110.364,50213.0
18:37:31,6556.27,6560.0,-146.0901,55510.0
18:37:31,6556.27,6565.0,-108.1236,41997.0
18:37:31,6556.27,6570.0,-133.4209,54903.0
18:37:31,6556.27,6575.0,-256.1084,63332.0
18:37:31,6556.27,6580.0,-167.9885,77014.0
18:37:31,6556.27,6585.0,-109.0127,60521.0
18:37:31,6556.27,6590.0,-343.1599,63562.0
18:37:31,6556.27,6595.0,-85.8957,41830.0
18:37:31,6556.27,6600.0,17.7579,98977.0
18:37:31,6556.27,6605.0,37.8352,38537.0
18:37:31,6556.27,6610.0,56.6659,46685.0
18:37:31,6556.27,6615.0,23.3461,32582.0
18:37:31,6556.27,6620.0,-19.747,48276.0
18:37:31,6556.27,6625.0,13.4039,31452.0
18:37:31,6556.27,6630.0,12.0997,34169.0
18:39:42,6558.51,6485.0,-88.0814,23599.0
18:39:42,6558.51,6490.0,-144.7817,29333.0
18:39:42,6558.51,6495.0,-211.0483,23222.0
18:39:42,6558.51,6500.0,-622.0243,60279.0
18:39:42,6558.51,6505.0,-226.5979,23162.0
18:39:42,6558.51,6510.0,-188.3778,31015.0
18:39:42,6558.51,6515.0,-279.7829,27751.0
18:39:42,6558.51,6520.0,-251.3343,37847.0
18:39:42,6558.51,6525.0,-731.4582,40395.0
18:39:42,6558.51,6530.0,-370.5112,49152.0
18:39:42,6558.51,6535.0,-269.9722,35257.0
18:39:42,6558.51,6540.0,-315.5902,54022.0
18:39:42,6558.51,6545.0,-158.4966,42362.0
18:39:42,6558.51,6550.0,-692.214,79633.0
18:39:42,6558.51,6555.0,-112.7145,50922.0
18:39:42,6558.51,6560.0,-153.214,56392.0
18:39:42,6558.51,6565.0,-101.6782,42362.0
18:39:42,6558.51,6570.0,-137.856,55459.0
18:39:42,6558.51,6575.0,-256.2834,64015.0
18:39:42,6558.51,6580.0,-155.5044,77404.0
18:39:42,6558.51,6585.0,-127.6506,61273.0
18:39:42,6558.51,6590.0,-210.4494,64301.0
18:39:42,6558.51,6595.0,-40.8484,42250.0
18:39:42,6558.51,6600.0,-90.7279,99601.0
18:39:42,6558.51,6605.0,27.6029,38672.0
18:39:42,6558.51,6610.0,46.2641,46908.0
18:39:42,6558.51,6615.0,23.362,32613.0
18:39:42,6558.51,6620.0,-19.7605,48374.0
18:39:42,6558.51,6625.0,21.756,31486.0
18:39:42,6558.51,6630.0,12.108,34192.0
18:41:51,6557.84,6485.0,-88.0634,23624.0
18:41:51,6557.84,6490.0,-153.3863,29445.0
18:41:51,6557.84,6495.0,-166.5083,23289.0
18:41:51,6557.84,6500.0,-466.1199,60578.0
18:41:51,6557.84,6505.0,-169.136,23225.0
18:41:51,6557.84,6510.0,-143.1099,31146.0
18:41:51,6557.84,6515.0,-217.9051,28018.0
18:41:51,6557.84,6520.0,-201.4681,38195.0
18:41:51,6557.84,6525.0,-601.2324,40744.0
18:41:51,6557.84,6530.0,-402.0162,49530.0
18:41:51,6557.84,6535.0,-247.9398,35462.0
18:41:51,6557.84,6540.0,-297.8695,54381.0
18:41:51,6557.84,6545.0,-155.9857,42618.0
18:41:51,6557.84,6550.0,-690.4491,80339.0
18:41:51,6557.84,6555.0,-113.2138,51558.0
18:41:51,6557.84,6560.0,-156.6707,57202.0
18:41:51,6557.84,6565.0,-119.5855,42748.0
18:41:51,6557.84,6570.0,-120.6765,56152.0
18:41:51,6557.84,6575.0,-256.2311,64465.0
18:41:51,6557.84,6580.0,-201.2705,77896.0
18:41:51,6557.84,6585.0,-95.754,61642.0
18:41:51,6557.84,6590.0,-300.3461,64689.0
18:41:51,6557.84,6595.0,-50.9192,42449.0
18:41:51,6557.84,6600.0,-112.9269,100119.0
18:41:51,6557.84,6605.0,34.0145,38826.0
18:41:51,6557.84,6610.0,56.1529,46998.0
18:41:51,6557.84,6615.0,33.1541,32691.0
18:41:51,6557.84,6620.0,-14.9137,48452.0
18:41:51,6557.84,6625.0,24.3027,31586.0
18:41:51,6557.84,6630.0,17.8382,34246.0
18:44:01,6553.2,6480.0,-1.5759,24503.0
18:44:01,6553.2,6485.0,-62.1236,23651.0
18:44:01,6553.2,6490.0,-103.333,29498.0
18:44:01,6553.2,6495.0,-166.2728,23424.0
18:44:01,6553.2,6500.0,-598.2319,61103.0
18:44:01,6553.2,6505.0,-168.8967,23370.0
18:44:01,6553.2,6510.0,-142.9075,31392.0
18:44:01,6553.2,6515.0,-217.5969,28474.0
18:44:01,6553.2,6520.0,-201.1831,38782.0
18:44:01,6553.2,6525.0,-600.3819,41245.0
18:44:01,6553.2,6530.0,-314.6218,50071.0
18:44:01,6553.2,6535.0,-236.4582,35962.0
18:44:01,6553.2,6540.0,-297.4481,54820.0
18:44:01,6553.2,6545.0,-168.3212,43020.0
18:44:01,6553.2,6550.0,-707.876,81439.0
18:44:01,6553.2,6555.0,-114.0326,52388.0
18:44:01,6553.2,6560.0,-151.8774,58029.0
18:44:01,6553.2,6565.0,-125.0287,43092.0
18:44:01,6553.2,6570.0,-157.1907,56574.0
18:44:01,6553.2,6575.0,-302.5397,65108.0
18:44:01,6553.2,6580.0,-200.9858,78477.0
18:44:01,6553.2,6585.0,-170.2884,62337.0
18:44:01,6553.2,6590.0,-261.3288,65156.0
18:44:01,6553.2,6595.0,-50.9159,42711.0
18:44:01,6553.2,6600.0,-20.6564,100689.0
18:44:01,6553.2,6605.0,49.7035,38955.0
18:44:01,6553.2,6610.0,56.0735,47331.0
18:44:01,6553.2,6615.0,33.1072,32854.0
18:44:01,6553.2,6620.0,-14.8926,48546.0
18:44:01,6553.2,6625.0,27.9375,31685.0
18:46:11,6551.54,6480.0,-268.5571,24526.0
18:46:11,6551.54,6485.0,-89.7117,23707.0
18:46:11,6551.54,6490.0,-90.3156,29560.0
18:46:11,6551.54,6495.0,-224.9056,23504.0
18:46:11,6551.54,6500.0,-684.0763,61608.0
18:46:11,6551.54,6505.0,-212.1539,23495.0
18:46:11,6551.54,6510.0,-178.4875,31634.0
18:46:11,6551.54,6515.0,-268.2492,28792.0
18:46:11,6551.54,6520.0,-281.0984,39168.0
18:46:11,6551.54,6525.0,-817.0336,41945.0
18:46:11,6551.54,6530.0,-411.4997,50594.0
18:46:11,6551.54,6535.0,-298.6226,36407.0
18:46:11,6551.54,6540.0,-344.6752,55350.0
18:46:11,6551.54,6545.0,-170.1814,43475.0
18:46:11,6551.54,6550.0,-727.9225,82443.0
18:46:11,6551.54,6555.0,-113.3322,53385.0
18:46:11,6551.54,6560.0,-146.0589,58524.0
18:46:11,6551.54,6565.0,-104.4246,43620.0
18:46:11,6551.54,6570.0,-128.8499,56920.0
18:46:11,6551.54,6575.0,-362.1507,65865.0
18:46:11,6551.54,6580.0,-137.5858,79296.0
18:46:11,6551.54,6585.0,-162.2877,62715.0
18:46:11,6551.54,6590.0,-212.8326,65621.0
18:46:11,6551.54,6595.0,-40.7919,42949.0
18:46:11,6551.54,6600.0,-89.67,101161.0
18:46:11,6551.54,6605.0,36.3,39274.0
18:46:11,6551.54,6610.0,38.2242,47467.0
18:46:11,6551.54,6615.0,23.0496,32956.0
18:46:11,6551.54,6620.0,-10.6466,48943.0
18:46:11,6551.54,6625.0,18.2871,32023.0
18:48:20,6552.96,6480.0,-252.2441,24583.0
18:48:20,6552.96,6485.0,-89.9831,23732.0
18:48:20,6552.96,6490.0,-141.8516,29607.0
18:48:20,6552.96,6495.0,-225.0031,23541.0
18:48:20,6552.96,6500.0,-628.5896,61752.0
18:48:20,6552.96,6505.0,-231.3625,23542.0
18:48:20,6552.96,6510.0,-196.8688,31837.0
18:48:20,6552.96,6515.0,-266.4167,28949.0
18:48:20,6552.96,6520.0,-283.9723,39376.0
18:48:20,6552.96,6525.0,-788.4187,42290.0
18:48:20,6552.96,6530.0,-417.3964,50846.0
18:48:20,6552.96,6535.0,-295.8557,36734.0
18:48:20,6552.96,6540.0,-346.029,55662.0
18:48:20,6552.96,6545.0,-173.7643,43779.0
18:48:20,6552.96,6550.0,-749.2688,83085.0
18:48:20,6552.96,6555.0,-117.7075,53955.0
18:48:20,6552.96,6560.0,-154.3109,58971.0
18:48:20,6552.96,6565.0,-110.7915,43798.0
18:48:20,6552.96,6570.0,-121.8794,57344.0
18:48:20,6552.96,6575.0,-259.2177,66213.0
18:48:20,6552.96,6580.0,-144.9109,79999.0
18:48:20,6552.96,6585.0,-155.1395,62907.0
18:48:20,6552.96,6590.0,-160.5037,65867.0
18:48:20,6552.96,6595.0,-23.0945,43121.0
18:48:20,6552.96,6600.0,-130.6204,101473.0
18:48:20,6552.96,6605.0,23.4498,39542.0
18:48:20,6552.96,6610.0,38.2408,47551.0
18:48:20,6552.96,6615.0,23.0596,32997.0
18:48:20,6552.96,6620.0,-10.6159,49054.0
18:48:20,6552.96,6625.0,18.2045,32055.0
18:50:30,6553.82,6480.0,-252.3103,24696.0
18:50:30,6553.82,6485.0,-90.0067,23802.0
18:50:30,6553.82,6490.0,-141.8889,29637.0
18:50:30,6553.82,6495.0,-225.0622,23562.0
18:50:30,6553.82,6500.0,-613.1804,61944.0
18:50:30,6553.82,6505.0,-231.4232,23593.0
18:50:30,6553.82,6510.0,-196.9204,31982.0
18:50:30,6553.82,6515.0,-295.7746,29131.0
18:50:30,6553.82,6520.0,-268.649,39538.0
18:50:30,6553.82,6525.0,-788.6257,42828.0
18:50:30,6553.82,6530.0,-417.5059,51045.0
18:50:30,6553.82,6535.0,-295.9334,36960.0
18:50:30,6553.82,6540.0,-346.1198,56059.0
18:50:30,6553.82,6545.0,-171.5083,44148.0
18:50:30,6553.82,6550.0,-766.1574,84136.0
18:50:30,6553.82,6555.0,-120.3889,54795.0
18:50:30,6553.82,6560.0,-150.0863,59318.0
18:50:30,6553.82,6565.0,-109.191,44058.0
18:50:30,6553.82,6570.0,-121.9114,58219.0
18:50:30,6553.82,6575.0,-259.2857,66416.0
18:50:30,6553.82,6580.0,-144.9489,80587.0
18:50:30,6553.82,6585.0,-114.8802,67178.0
18:50:30,6553.82,6590.0,-183.0771,66008.0
18:50:30,6553.82,6595.0,-34.5513,47200.0
18:50:30,6553.82,6600.0,-130.6546,101734.0
18:50:30,6553.82,6605.0,23.0292,39608.0
18:50:30,6553.82,6610.0,38.2508,47602.0
18:50:30,6553.82,6615.0,23.0556,33078.0
18:50:30,6553.82,6620.0,-10.6187,49137.0
18:50:30,6553.82,6625.0,18.2093,32088.0
18:52:40,6559.09,6485.0,-82.0186,23864.0
18:52:40,6559.09,6490.0,-142.1171,29719.0
18:52:40,6559.09,6495.0,-201.3856,23687.0
18:52:40,6559.09,6500.0,-604.1072,62375.0
18:52:40,6559.09,6505.0,-224.1145,23780.0
18:52:40,6559.09,6510.0,-190.0723,32093.0
18:52:40,6559.09,6515.0,-288.1495,29288.0
18:52:40,6559.09,6520.0,-264.5684,39980.0
18:52:40,6559.09,6525.0,-782.836,43466.0
18:52:40,6559.09,6530.0,-402.3484,51380.0
18:52:40,6559.09,6535.0,-298.1268,37223.0
18:52:40,6559.09,6540.0,-352.5827,56511.0
18:52:40,6559.09,6545.0,-178.9451,44386.0
18:52:40,6559.09,6550.0,-775.5284,85072.0
18:52:40,6559.09,6555.0,-118.1885,55297.0
18:52:40,6559.09,6560.0,-159.7867,59883.0
18:52:40,6559.09,6565.0,-115.1097,44409.0
18:52:40,6559.09,6570.0,-141.7861,58628.0
18:52:40,6559.09,6575.0,-253.6151,66631.0
18:52:40,6559.09,6580.0,-147.2712,80864.0
18:52:40,6559.09,6585.0,-115.5615,67560.0
18:52:40,6559.09,6590.0,-183.1081,66202.0
18:52:40,6559.09,6595.0,-34.7133,47283.0
18:52:40,6559.09,6600.0,-76.2005,101912.0
18:52:40,6559.09,6605.0,23.023,39836.0
18:52:40,6559.09,6610.0,38.4275,47728.0
18:52:40,6559.09,6615.0,23.1017,33155.0
18:52:40,6559.09,6620.0,-10.6278,49278.0
18:52:40,6559.09,6625.0,18.1837,32225.0
18:52:40,6559.09,6630.0,17.845,35207.0
18:54:49,6556.99,6485.0,-73.3344,24037.0
18:54:49,6556.99,6490.0,-123.4573,29773.0
18:54:49,6556.99,6495.0,-201.2566,23728.0
18:54:49,6556.99,6500.0,-537.4807,62559.0
18:54:49,6556.99,6505.0,-198.8338,23849.0
18:54:49,6556.99,6510.0,-169.8944,32379.0
18:54:49,6556.99,6515.0,-290.19,29589.0
18:54:49,6556.99,6520.0,-270.4236,40331.0
18:54:49,6556.99,6525.0,-704.8249,43911.0
18:54:49,6556.99,6530.0,-422.8995,51691.0
18:54:49,6556.99,6535.0,-273.5587,37677.0
18:54:49,6556.99,6540.0,-327.519,57123.0
18:54:49,6556.99,6545.0,-169.0731,44884.0
18:54:49,6556.99,6550.0,-751.1074,86207.0
18:54:49,6556.99,6555.0,-121.3642,56277.0
18:54:49,6556.99,6560.0,-161.3494,60538.0
18:54:49,6556.99,6565.0,-119.6886,44832.0
18:54:49,6556.99,6570.0,-151.4591,59374.0
18:54:49,6556.99,6575.0,-301.7504,67066.0
18:54:49,6556.99,6580.0,-165.7085,81447.0
18:54:49,6556.99,6585.0,-90.7262,68470.0
18:54:49,6556.99,6590.0,-232.6472,66741.0
18:54:49,6556.99,6595.0,-49.8804,47591.0
18:54:49,6556.99,6600.0,-40.2412,102520.0
18:54:49,6556.99,6605.0,34.3896,40031.0
18:54:49,6556.99,6610.0,44.0524,47863.0
18:54:49,6556.99,6615.0,30.8041,33299.0
18:54:49,6556.99,6620.0,-11.9767,49432.0
18:54:49,6556.99,6625.0,20.2048,32356.0
18:54:49,6556.99,6630.0,11.3188,35241.0
18:56:59,6565.85,6495.0,-201.8009,23919.0
18:56:59,6565.85,6500.0,-538.9342,63520.0
18:56:59,6565.85,6505.0,-199.3715,24082.0
18:56:59,6565.85,6510.0,-170.4463,33269.0
18:56:59,6565.85,6515.0,-260.4504,30073.0
18:56:59,6565.85,6520.0,-238.9417,41026.0
18:56:59,6565.85,6525.0,-714.6377,44496.0
18:56:59,6565.85,6530.0,-363.9541,52383.0
18:56:59,6565.85,6535.0,-273.5558,38341.0
18:56:59,6565.85,6540.0,-333.2849,57993.0
18:56:59,6565.85,6545.0,-168.0171,45496.0
18:56:59,6565.85,6550.0,-760.7749,87560.0
18:56:59,6565.85,6555.0,-121.0057,57212.0
18:56:59,6565.85,6560.0,-161.1197,61885.0
18:56:59,6565.85,6565.0,-119.4919,46055.0
18:56:59,6565.85,6570.0,-150.5295,60516.0
18:56:59,6565.85,6575.0,-276.512,68323.0
18:56:59,6565.85,6580.0,-163.8603,83412.0
18:56:59,6565.85,6585.0,-134.724,70021.0
18:56:59,6565.85,6590.0,-211.3903,69254.0
18:56:59,6565.85,6595.0,-41.4382,49529.0
18:56:59,6565.85,6600.0,-81.6352,106619.0
18:56:59,6565.85,6605.0,28.8819,41063.0
18:56:59,6565.85,6610.0,45.5032,49045.0
18:56:59,6565.85,6615.0,27.2784,34000.0
18:56:59,6565.85,6620.0,-12.6022,50689.0
18:56:59,6565.85,6625.0,26.2919,33178.0
18:56:59,6565.85,6630.0,11.3494,36167.0
18:56:59,6565.85,6635.0,12.7176,26365.0
18:56:59,6565.85,6640.0,0.1039,27534.0
21:34:45,6556.37,6485.0,-73.3206,25960.0
21:34:45,6556.37,6490.0,-123.4339,33009.0
21:34:45,6556.37,6495.0,-201.2186,26550.0
21:34:45,6556.37,6500.0,-537.3791,71953.0
21:34:45,6556.37,6505.0,-198.7962,28641.0
21:34:45,6556.37,6510.0,-169.9544,39527.0
21:34:45,6556.37,6515.0,-259.6989,36184.0
21:34:45,6556.37,6520.0,-238.2522,50673.0
21:34:45,6556.37,6525.0,-712.5756,56238.0
21:34:45,6556.37,6530.0,-362.9039,67130.0
21:34:45,6556.37,6535.0,51.7782,54499.0
21:34:45,6556.37,6540.0,-332.3232,79999.0
21:34:45,6556.37,6545.0,131.1418,71286.0
21:34:45,6556.37,6550.0,-758.5796,94833.0
21:34:45,6556.37,6555.0,-120.6565,118223.0
21:34:45,6556.37,6560.0,-160.6548,123185.0
21:34:45,6556.37,6565.0,-212.8755,105915.0
21:34:45,6556.37,6570.0,-150.0952,119429.0
21:34:45,6556.37,6575.0,-275.7141,124751.0
21:34:45,6556.37,6580.0,-163.3875,143113.0
21:34:45,6556.37,6585.0,-134.3352,111477.0
21:34:45,6556.37,6590.0,-210.7804,105365.0
21:34:45,6556.37,6595.0,-41.3186,78868.0
21:34:45,6556.37,6600.0,-81.3996,157263.0
21:34:45,6556.37,6605.0,28.7985,57621.0
21:34:45,6556.37,6610.0,45.3719,67797.0
21:34:45,6556.37,6615.0,27.1997,43972.0
21:34:45,6556.37,6620.0,-12.5658,60129.0
21:34:45,6556.37,6625.0,26.216,40126.0
21:34:45,6556.37,6630.0,11.3166,41575.0
21:36:54,6556.37,6485.0,-0.0,25960.0
21:36:54,6556.37,6490.0,-0.0,33008.0
21:36:54,6556.37,6495.0,-201.2186,26549.0
21:36:54,6556.37,6500.0,-0.0,71952.0
21:36:54,6556.37,6505.0,-0.0,28641.0
21:36:54,6556.37,6510.0,-0.0,39527.0
21:36:54,6556.37,6515.0,-0.0,36183.0
21:36:54,6556.37,6520.0,-0.0,50673.0
21:36:54,6556.37,6525.0,-0.0,56238.0
21:36:54,6556.37,6530.0,-0.0125,67130.0
21:36:54,6556.37,6535.0,-0.0,54499.0
21:36:54,6556.37,6540.0,-0.7785,79999.0
21:36:54,6556.37,6545.0,-2.0049,71286.0
21:36:54,6556.37,6550.0,-322.3626,153713.0
21:36:54,6556.37,6555.0,-880.2628,118223.0
21:36:54,6556.37,6560.0,-4.4668,123185.0
21:36:54,6556.37,6565.0,-212.8755,105915.0
21:36:54,6556.37,6570.0,-0.0,119429.0
21:36:54,6556.37,6575.0,-0.0,124751.0
21:36:54,6556.37,6580.0,-0.0,143113.0
21:36:54,6556.37,6585.0,-0.0,111477.0
21:36:54,6556.37,6590.0,-0.0,105365.0
21:36:54,6556.37,6595.0,-0.0,78868.0
21:36:54,6556.37,6600.0,-0.0,157263.0
21:36:54,6556.37,6605.0,0.0,57621.0
21:36:54,6556.37,6610.0,0.0,67797.0
21:36:54,6556.37,6615.0,0.0,43972.0
21:36:54,6556.37,6620.0,-0.0,60128.0
21:36:54,6556.37,6625.0,0.0,40303.0
21:36:54,6556.37,6630.0,0.0,41575.0
21:40:09,6556.37,6485.0,-0.0,25961.0
21:40:09,6556.37,6490.0,-0.0,33009.0
21:40:09,6556.37,6495.0,6.6336,26549.0
21:40:09,6556.37,6500.0,-0.0,71952.0
21:40:09,6556.37,6505.0,-0.0,28641.0
21:40:09,6556.37,6510.0,-0.0,39527.0
21:40:09,6556.37,6515.0,-0.0,36183.0
21:40:09,6556.37,6520.0,-0.0,50673.0
21:40:09,6556.37,6525.0,-0.0,56238.0
21:40:09,6556.37,6530.0,113.3409,67130.0
21:40:09,6556.37,6535.0,-0.0,54499.0
21:40:09,6556.37,6540.0,-0.7785,79999.0
21:40:09,6556.37,6545.0,-2.0049,71286.0
21:40:09,6556.37,6550.0,-1206.6737,153713.0
21:40:09,6556.37,6555.0,-880.2628,118223.0
21:40:09,6556.37,6560.0,-4.4668,123185.0
21:40:09,6556.37,6565.0,-0.1367,105915.0
21:40:09,6556.37,6570.0,-0.0,119429.0
21:40:09,6556.37,6575.0,-0.0,124751.0
21:40:09,6556.37,6580.0,-0.0,143113.0
21:40:09,6556.37,6585.0,-0.0,111477.0
21:40:09,6556.37,6590.0,-0.0,105365.0
21:40:09,6556.37,6595.0,-0.0,78868.0
21:40:09,6556.37,6600.0,-0.0,157263.0
21:40:09,6556.37,6605.0,0.0,57621.0
21:40:09,6556.37,6610.0,0.0,67797.0
21:40:09,6556.37,6615.0,0.0,43972.0
21:40:09,6556.37,6620.0,-0.0,60128.0
21:40:09,6556.37,6625.0,0.0,40305.0
21:40:09,6556.37,6630.0,0.0,41576.0
21:44:17,6556.37,6485.0,-0.0,25961.0
21:44:17,6556.37,6490.0,-0.0,33008.0
21:44:17,6556.37,6495.0,-0.0,26549.0
21:44:17,6556.37,6500.0,-0.0,71952.0
21:44:17,6556.37,6505.0,-0.0,28641.0
21:44:17,6556.37,6510.0,-0.0,39528.0
21:44:17,6556.37,6515.0,-0.0,36184.0
21:44:17,6556.37,6520.0,-0.0,50673.0
21:44:17,6556.37,6525.0,-0.0,56248.0
21:44:17,6556.37,6530.0,-0.0125,67134.0
21:44:17,6556.37,6535.0,-0.0,54499.0
21:44:17,6556.37,6540.0,-0.7785,79999.0
21:44:17,6556.37,6545.0,-2.0049,71286.0
21:44:17,6556.37,6550.0,-1206.6737,153713.0
21:44:17,6556.37,6555.0,-880.2628,118223.0
21:44:17,6556.37,6560.0,-4.4668,123185.0
21:44:17,6556.37,6565.0,-0.1367,105915.0
21:44:17,6556.37,6570.0,-0.0,119429.0
21:44:17,6556.37,6575.0,-0.0,124751.0
21:44:17,6556.37,6580.0,-0.0,143113.0
21:44:17,6556.37,6585.0,-0.0,111477.0
21:44:17,6556.37,6590.0,-0.0,105365.0
21:44:17,6556.37,6595.0,-0.0,78868.0
21:44:17,6556.37,6600.0,-0.0,157263.0
21:44:17,6556.37,6605.0,0.0,57620.0
21:44:17,6556.37,6610.0,0.0,67797.0
21:44:17,6556.37,6615.0,0.0,43973.0
21:44:17,6556.37,6620.0,-0.0,60129.0
21:44:17,6556.37,6625.0,0.0,40303.0
21:44:17,6556.37,6630.0,0.0,41576.0
22:07:10,6556.37,6485.0,-0.0,25960.0
22:07:10,6556.37,6490.0,-0.0,33008.0
22:07:10,6556.37,6495.0,-0.0,26549.0
22:07:10,6556.37,6500.0,-0.0,71952.0
22:07:10,6556.37,6505.0,-0.0,28641.0
22:07:10,6556.37,6510.0,-0.0,39527.0
22:07:10,6556.37,6515.0,-0.0,36183.0
22:07:10,6556.37,6520.0,-0.0,50673.0
22:07:10,6556.37,6525.0,-0.0,56238.0
22:07:10,6556.37,6530.0,-0.0125,67130.0
22:07:10,6556.37,6535.0,-0.0,54499.0
22:07:10,6556.37,6540.0,-0.7785,79999.0
22:07:10,6556.37,6545.0,-2.0049,71286.0
22:07:10,6556.37,6550.0,-1206.6737,153713.0
22:07:10,6556.37,6555.0,-880.2628,118223.0
22:07:10,6556.37,6560.0,-4.4668,123185.0
22:07:10,6556.37,6565.0,-0.1367,105915.0
22:07:10,6556.37,6570.0,-0.0,119429.0
22:07:10,6556.37,6575.0,-0.0,124751.0
22:07:10,6556.37,6580.0,-0.0,143113.0
22:07:10,6556.37,6585.0,-0.0,111477.0
22:07:10,6556.37,6590.0,-0.0,105365.0
22:07:10,6556.37,6595.0,-0.0,78868.0
22:07:10,6556.37,6600.0,-0.0,157263.0
22:07:10,6556.37,6605.0,0.0,57621.0
22:07:10,6556.37,6610.0,0.0,67797.0
22:07:10,6556.37,6615.0,0.0,43972.0
22:07:10,6556.37,6620.0,-0.0,60128.0
22:07:10,6556.37,6625.0,0.0,40303.0
22:07:10,6556.37,6630.0,0.0,41575.0
22:21:09,6556.37,6485.0,-0.0,25961.0
22:21:09,6556.37,6490.0,-0.0,33009.0
22:21:09,6556.37,6495.0,-0.0,26549.0
22:21:09,6556.37,6500.0,-0.0,71953.0
22:21:09,6556.37,6505.0,-0.0,28641.0
22:21:09,6556.37,6510.0,-0.0,39528.0
22:21:09,6556.37,6515.0,-0.0,36183.0
22:21:09,6556.37,6520.0,-0.0,50673.0
22:21:09,6556.37,6525.0,-0.0,56248.0
22:21:09,6556.37,6530.0,-0.0125,67130.0
22:21:09,6556.37,6535.0,-0.0,54499.0
22:21:09,6556.37,6540.0,-0.7785,79999.0
22:21:09,6556.37,6545.0,-2.0049,71286.0
22:21:09,6556.37,6550.0,-1206.6737,153713.0
22:21:09,6556.37,6555.0,-880.2628,118223.0
22:21:09,6556.37,6560.0,-4.4668,123185.0
22:21:09,6556.37,6565.0,-0.1367,105915.0
22:21:09,6556.37,6570.0,-0.0,119429.0
22:21:09,6556.37,6575.0,-0.0,124751.0
22:21:09,6556.37,6580.0,-0.0,143114.0
22:21:09,6556.37,6585.0,-0.0,111477.0
22:21:09,6556.37,6590.0,-0.0,105365.0
22:21:09,6556.37,6595.0,-0.0,78869.0
22:21:09,6556.37,6600.0,-0.0,157263.0
22:21:09,6556.37,6605.0,0.0,57621.0
22:21:09,6556.37,6610.0,0.0,67797.0
22:21:09,6556.37,6615.0,0.0,43972.0
22:21:09,6556.37,6620.0,-0.0,60129.0
22:21:09,6556.37,6625.0,0.0,40305.0
22:21:09,6556.37,6630.0,0.0,41576.0
22:38:50,6556.37,6485.0,-0.0,25960.0
22:38:50,6556.37,6490.0,-0.0,33008.0
22:38:50,6556.37,6495.0,-0.0,26549.0
22:38:50,6556.37,6500.0,-0.0,71952.0
22:38:50,6556.37,6505.0,-0.0,28641.0
22:38:50,6556.37,6510.0,-0.0,39527.0
22:38:50,6556.37,6515.0,-0.0,36183.0
22:38:50,6556.37,6520.0,-0.0,50673.0
22:38:50,6556.37,6525.0,-0.0,56238.0
22:38:50,6556.37,6530.0,-0.0125,67130.0
22:38:50,6556.37,6535.0,-0.0,54499.0
22:38:50,6556.37,6540.0,-0.7785,79999.0
22:38:50,6556.37,6545.0,-2.0049,71286.0
22:38:50,6556.37,6550.0,-1206.6737,153713.0
22:38:50,6556.37,6555.0,-880.2628,118223.0
22:38:50,6556.37,6560.0,-4.4668,123185.0
22:38:50,6556.37,6565.0,-0.1367,105915.0
22:38:50,6556.37,6570.0,-0.0,119429.0
22:38:50,6556.37,6575.0,-0.0,124751.0
22:38:50,6556.37,6580.0,-0.0,143113.0
22:38:50,6556.37,6585.0,-0.0,111477.0
22:38:50,6556.37,6590.0,-0.0,105365.0
22:38:50,6556.37,6595.0,-0.0,78868.0
22:38:50,6556.37,6600.0,-0.0,157263.0
22:38:50,6556.37,6605.0,0.0,57621.0
22:38:50,6556.37,6610.0,0.0,67797.0
22:38:50,6556.37,6615.0,0.0,43972.0
22:38:50,6556.37,6620.0,-0.0,60128.0
22:38:50,6556.37,6625.0,0.0,40303.0
22:38:50,6556.37,6630.0,0.0,41575.0
22:54:27,6556.37,6485.0,-0.0,25960.0
22:54:27,6556.37,6490.0,-0.0,33008.0
22:54:27,6556.37,6495.0,-0.0,26550.0
22:54:27,6556.37,6500.0,-0.0,71952.0
22:54:27,6556.37,6505.0,-0.0,28641.0
22:54:27,6556.37,6510.0,-0.0,39528.0
22:54:27,6556.37,6515.0,-0.0,36183.0
22:54:27,6556.37,6520.0,-0.0,50673.0
22:54:27,6556.37,6525.0,-0.0,56248.0
22:54:27,6556.37,6530.0,-0.0125,67134.0
22:54:27,6556.37,6535.0,-0.0,54499.0
22:54:27,6556.37,6540.0,-0.7785,79999.0
22:54:27,6556.37,6545.0,-2.0049,71286.0
22:54:27,6556.37,6550.0,-1206.6737,153713.0
22:54:27,6556.37,6555.0,-880.2628,118223.0
22:54:27,6556.37,6560.0,-4.4668,123185.0
22:54:27,6556.37,6565.0,-0.1367,105915.0
22:54:27,6556.37,6570.0,-0.0,119429.0
22:54:27,6556.37,6575.0,-0.0,124751.0
22:54:27,6556.37,6580.0,-0.0,143114.0
22:54:27,6556.37,6585.0,-0.0,111478.0
22:54:27,6556.37,6590.0,-0.0,105366.0
22:54:27,6556.37,6595.0,-0.0,78868.0
22:54:27,6556.37,6600.0,-0.0,157263.0
22:54:27,6556.37,6605.0,0.0,57621.0
22:54:27,6556.37,6610.0,0.0,67798.0
22:54:27,6556.37,6615.0,0.0,43972.0
22:54:27,6556.37,6620.0,-0.0,60129.0
22:54:27,6556.37,6625.0,0.0,40305.0
22:54:27,6556.37,6630.0,0.0,41575.0
23:27:06,6556.37,6485.0,-0.0,25960.0
23:27:06,6556.37,6490.0,-0.0,33008.0
23:27:06,6556.37,6495.0,-0.0,26550.0
23:27:06,6556.37,6500.0,-0.0,71952.0
23:27:06,6556.37,6505.0,-0.0,28641.0
23:27:06,6556.37,6510.0,-0.0,39528.0
23:27:06,6556.37,6515.0,-0.0,36183.0
23:27:06,6556.37,6520.0,-0.0,50673.0
23:27:06,6556.37,6525.0,-0.0,56248.0
23:27:06,6556.37,6530.0,-0.0125,67130.0
23:27:06,6556.37,6535.0,-0.0,54499.0
23:27:06,6556.37,6540.0,-0.7785,79999.0
23:27:06,6556.37,6545.0,-2.0049,71286.0
23:27:06,6556.37,6550.0,-1206.6737,153713.0
23:27:06,6556.37,6555.0,-880.2628,118223.0
23:27:06,6556.37,6560.0,-4.4668,123185.0
23:27:06,6556.37,6565.0,-0.1367,105915.0
23:27:06,6556.37,6570.0,-0.0,119429.0
23:27:06,6556.37,6575.0,-0.0,124751.0
23:27:06,6556.37,6580.0,-0.0,143114.0
23:27:06,6556.37,6585.0,-0.0,111477.0
23:27:06,6556.37,6590.0,-0.0,105366.0
23:27:06,6556.37,6595.0,-0.0,78868.0
23:27:06,6556.37,6600.0,-0.0,157263.0
23:27:06,6556.37,6605.0,0.0,57621.0
23:27:06,6556.37,6610.0,0.0,67798.0
23:27:06,6556.37,6615.0,0.0,43972.0
23:27:06,6556.37,6620.0,-0.0,60129.0
23:27:06,6556.37,6625.0,0.0,40305.0
23:27:06,6556.37,6630.0,0.0,41575.0
23:29:16,6556.37,6485.0,-0.0,25961.0
23:29:16,6556.37,6490.0,-0.0,33009.0
23:29:16,6556.37,6495.0,-0.0,26549.0
23:29:16,6556.37,6500.0,-0.0,71952.0
23:29:16,6556.37,6505.0,-0.0,28641.0
23:29:16,6556.37,6510.0,-0.0,39527.0
23:29:16,6556.37,6515.0,-0.0,36183.0
23:29:16,6556.37,6520.0,-0.0,50673.0
23:29:16,6556.37,6525.0,-0.0,56238.0
23:29:16,6556.37,6530.0,-0.0125,67130.0
23:29:16,6556.37,6535.0,-0.0,54499.0
23:29:16,6556.37,6540.0,-0.7785,79999.0
23:29:16,6556.37,6545.0,-2.0049,71286.0
23:29:16,6556.37,6550.0,-1206.6737,153713.0
23:29:16,6556.37,6555.0,-880.2628,118223.0
23:29:16,6556.37,6560.0,-4.4668,123185.0
23:29:16,6556.37,6565.0,-0.1367,105915.0
23:29:16,6556.37,6570.0,-0.0,119429.0
23:29:16,6556.37,6575.0,-0.0,124751.0
23:29:16,6556.37,6580.0,-0.0,143113.0
23:29:16,6556.37,6585.0,-0.0,111477.0
23:29:16,6556.37,6590.0,-0.0,105365.0
23:29:16,6556.37,6595.0,-0.0,78868.0
23:29:16,6556.37,6600.0,-0.0,157263.0
23:29:16,6556.37,6605.0,0.0,57621.0
23:29:16,6556.37,6610.0,0.0,67797.0
23:29:16,6556.37,6615.0,0.0,43972.0
23:29:16,6556.37,6620.0,-0.0,60128.0
23:29:16,6556.37,6625.0,0.0,40303.0
23:29:16,6556.37,6630.0,0.0,41575.0
