Timestamp,Spot,Strike,NetGEX,Volume
00:15:39,6824.66,6750.0,333.6893,12586.0
00:15:39,6824.66,6755.0,93.4697,2989.0
00:15:39,6824.66,6760.0,311.7722,5598.0
00:15:39,6824.66,6765.0,111.7148,4523.0
00:15:39,6824.66,6770.0,109.6815,7447.0
00:15:39,6824.66,6775.0,560.5892,8961.0
00:15:39,6824.66,6780.0,515.7392,8912.0
00:15:39,6824.66,6785.0,68.9104,4171.0
00:15:39,6824.66,6790.0,533.5533,7094.0
00:15:39,6824.66,6795.0,171.4457,5182.0
00:15:39,6824.66,6800.0,1893.219,23538.0
00:15:39,6824.66,6805.0,146.3986,4802.0
00:15:39,6824.66,6810.0,1757.3074,12520.0
00:15:39,6824.66,6815.0,-180.3261,7476.0
00:15:39,6824.66,6820.0,806.1764,14458.0
00:15:39,6824.66,6825.0,1018.5449,15605.0
00:15:39,6824.66,6830.0,893.8752,13634.0
00:15:39,6824.66,6835.0,860.1373,4351.0
00:15:39,6824.66,6840.0,690.5297,7217.0
00:15:39,6824.66,6845.0,714.5458,3128.0
00:15:39,6824.66,6850.0,1018.4488,14056.0
00:15:39,6824.66,6855.0,879.9909,4779.0
00:15:39,6824.66,6860.0,567.6558,7094.0
00:15:39,6824.66,6865.0,881.4289,6173.0
00:15:39,6824.66,6870.0,641.1796,13040.0
00:15:39,6824.66,6875.0,242.0357,6082.0
00:15:39,6824.66,6880.0,175.4363,8725.0
00:15:39,6824.66,6885.0,565.0015,3609.0
00:15:39,6824.66,6890.0,139.2069,6943.0
00:15:39,6824.66,6895.0,371.8128,3450.0
00:30:52,6824.66,6750.0,333.6893,12586.0
00:30:52,6824.66,6755.0,93.4697,2989.0
00:30:52,6824.66,6760.0,311.7722,5598.0
00:30:52,6824.66,6765.0,111.7148,4523.0
00:30:52,6824.66,6770.0,109.6815,7447.0
00:30:52,6824.66,6775.0,560.5892,8961.0
00:30:52,6824.66,6780.0,515.7392,8912.0
00:30:52,6824.66,6785.0,68.9104,4171.0
00:30:52,6824.66,6790.0,533.5533,7094.0
00:30:52,6824.66,6795.0,171.4457,5182.0
00:30:52,6824.66,6800.0,1893.219,23538.0
00:30:52,6824.66,6805.0,146.3986,4802.0
00:30:52,6824.66,6810.0,1757.3074,12520.0
00:30:52,6824.66,6815.0,-180.3261,7476.0
00:30:52,6824.66,6820.0,806.1764,14458.0
00:30:52,6824.66,6825.0,1018.5449,15605.0
00:30:52,6824.66,6830.0,893.8752,13634.0
00:30:52,6824.66,6835.0,860.1373,4351.0
00:30:52,6824.66,6840.0,690.5297,7217.0
00:30:52,6824.66,6845.0,714.5458,3128.0
00:30:52,6824.66,6850.0,1018.4488,14056.0
00:30:52,6824.66,6855.0,879.9909,4779.0
00:30:52,6824.66,6860.0,567.6558,7094.0
00:30:52,6824.66,6865.0,881.4289,6173.0
00:30:52,6824.66,6870.0,641.1796,13040.0
00:30:52,6824.66,6875.0,242.0357,6082.0
00:30:52,6824.66,6880.0,175.4363,8725.0
00:30:52,6824.66,6885.0,565.0015,3609.0
00:30:52,6824.66,6890.0,139.2069,6943.0
00:30:52,6824.66,6895.0,371.8128,3450.0
01:05:50,6824.66,6750.0,333.6893,12586.0
01:05:50,6824.66,6755.0,93.4697,2989.0
01:05:50,6824.66,6760.0,311.7722,5598.0
01:05:50,6824.66,6765.0,111.7148,4523.0
01:05:50,6824.66,6770.0,109.6815,7447.0
01:05:50,6824.66,6775.0,560.5892,8961.0
01:05:50,6824.66,6780.0,515.7392,8912.0
01:05:50,6824.66,6785.0,68.9104,4171.0
01:05:50,6824.66,6790.0,533.5533,7094.0
01:05:50,6824.66,6795.0,171.4457,5182.0
01:05:50,6824.66,6800.0,1893.219,23538.0
01:05:50,6824.66,6805.0,146.3986,4802.0
01:05:50,6824.66,6810.0,1757.3074,12520.0
01:05:50,6824.66,6815.0,-180.3261,7476.0
01:05:50,6824.66,6820.0,806.1764,14458.0
01:05:50,6824.66,6825.0,1018.5449,15605.0
01:05:50,6824.66,6830.0,893.8752,13634.0
01:05:50,6824.66,6835.0,860.1373,4351.0
01:05:50,6824.66,6840.0,690.5297,7217.0
01:05:50,6824.66,6845.0,714.5458,3128.0
01:05:50,6824.66,6850.0,1018.4488,14056.0
01:05:50,6824.66,6855.0,879.9909,4779.0
01:05:50,6824.66,6860.0,567.6558,7094.0
01:05:50,6824.66,6865.0,881.4289,6173.0
01:05:50,6824.66,6870.0,641.1796,13040.0
01:05:50,6824.66,6875.0,242.0357,6082.0
01:05:50,6824.66,6880.0,175.4363,8725.0
01:05:50,6824.66,6885.0,565.0015,3609.0
01:05:50,6824.66,6890.0,139.2069,6943.0
01:05:50,6824.66,6895.0,371.8128,3450.0
01:34:15,6824.66,6750.0,333.6893,12586.0
01:34:15,6824.66,6755.0,93.4697,2989.0
01:34:15,6824.66,6760.0,311.7722,5598.0
01:34:15,6824.66,6765.0,111.7148,4523.0
01:34:15,6824.66,6770.0,109.6815,7447.0
01:34:15,6824.66,6775.0,560.5892,8961.0
01:34:15,6824.66,6780.0,515.7392,8912.0
01:34:15,6824.66,6785.0,68.9104,4171.0
01:34:15,6824.66,6790.0,533.5533,7094.0
01:34:15,6824.66,6795.0,171.4457,5182.0
01:34:15,6824.66,6800.0,1893.219,23538.0
01:34:15,6824.66,6805.0,146.3986,4802.0
01:34:15,6824.66,6810.0,1757.3074,12520.0
01:34:15,6824.66,6815.0,-180.3261,7476.0
01:34:15,6824.66,6820.0,806.1764,14458.0
01:34:15,6824.66,6825.0,1018.5449,15605.0
01:34:15,6824.66,6830.0,893.8752,13634.0
01:34:15,6824.66,6835.0,860.1373,4351.0
01:34:15,6824.66,6840.0,690.5297,7217.0
01:34:15,6824.66,6845.0,714.5458,3128.0
01:34:15,6824.66,6850.0,1018.4488,14056.0
01:34:15,6824.66,6855.0,879.9909,4779.0
01:34:15,6824.66,6860.0,567.6558,7094.0
01:34:15,6824.66,6865.0,881.4289,6173.0
01:34:15,6824.66,6870.0,641.1796,13040.0
01:34:15,6824.66,6875.0,242.0357,6082.0
01:34:15,6824.66,6880.0,175.4363,8725.0
01:34:15,6824.66,6885.0,565.0015,3609.0
01:34:15,6824.66,6890.0,139.2069,6943.0
01:34:15,6824.66,6895.0,371.8128,3450.0
01:43:17,6824.66,6750.0,333.6893,12586.0
01:43:17,6824.66,6755.0,93.4697,2989.0
01:43:17,6824.66,6760.0,311.7722,5598.0
01:43:17,6824.66,6765.0,111.7148,4523.0
01:43:17,6824.66,6770.0,109.6815,7447.0
01:43:17,6824.66,6775.0,560.5892,8961.0
01:43:17,6824.66,6780.0,515.7392,8912.0
01:43:17,6824.66,6785.0,68.9104,4171.0
01:43:17,6824.66,6790.0,533.5533,7094.0
01:43:17,6824.66,6795.0,171.4457,5182.0
01:43:17,6824.66,6800.0,1893.219,23538.0
01:43:17,6824.66,6805.0,146.3986,4802.0
01:43:17,6824.66,6810.0,1757.3074,12520.0
01:43:17,6824.66,6815.0,-180.3261,7476.0
01:43:17,6824.66,6820.0,806.1764,14458.0
01:43:17,6824.66,6825.0,1018.5449,15605.0
01:43:17,6824.66,6830.0,893.8752,13634.0
01:43:17,6824.66,6835.0,860.1373,4351.0
01:43:17,6824.66,6840.0,690.5297,7217.0
01:43:17,6824.66,6845.0,714.5458,3128.0
01:43:17,6824.66,6850.0,1018.4488,14056.0
01:43:17,6824.66,6855.0,879.9909,4779.0
01:43:17,6824.66,6860.0,567.6558,7094.0
01:43:17,6824.66,6865.0,881.4289,6173.0
01:43:17,6824.66,6870.0,641.1796,13040.0
01:43:17,6824.66,6875.0,242.0357,6082.0
01:43:17,6824.66,6880.0,175.4363,8725.0
01:43:17,6824.66,6885.0,565.0015,3609.0
01:43:17,6824.66,6890.0,139.2069,6943.0
01:43:17,6824.66,6895.0,371.8128,3450.0
01:48:29,6824.66,6750.0,333.6893,12586.0
01:48:29,6824.66,6755.0,93.4697,2989.0
01:48:29,6824.66,6760.0,311.7722,5598.0
01:48:29,6824.66,6765.0,111.7148,4523.0
01:48:29,6824.66,6770.0,109.6815,7447.0
01:48:29,6824.66,6775.0,560.5892,8961.0
01:48:29,6824.66,6780.0,515.7392,8912.0
01:48:29,6824.66,6785.0,68.9104,4171.0
01:48:29,6824.66,6790.0,533.5533,7094.0
01:48:29,6824.66,6795.0,171.4457,5182.0
01:48:29,6824.66,6800.0,1893.219,23538.0
01:48:29,6824.66,6805.0,146.3986,4802.0
01:48:29,6824.66,6810.0,1757.3074,12520.0
01:48:29,6824.66,6815.0,-180.3261,7476.0
01:48:29,6824.66,6820.0,806.1764,14458.0
01:48:29,6824.66,6825.0,1018.5449,15605.0
01:48:29,6824.66,6830.0,893.8752,13634.0
01:48:29,6824.66,6835.0,860.1373,4351.0
01:48:29,6824.66,6840.0,690.5297,7217.0
01:48:29,6824.66,6845.0,714.5458,3128.0
01:48:29,6824.66,6850.0,1018.4488,14056.0
01:48:29,6824.66,6855.0,879.9909,4779.0
01:48:29,6824.66,6860.0,567.6558,7094.0
01:48:29,6824.66,6865.0,881.4289,6173.0
01:48:29,6824.66,6870.0,641.1796,13040.0
01:48:29,6824.66,6875.0,242.0357,6082.0
01:48:29,6824.66,6880.0,175.4363,8725.0
01:48:29,6824.66,6885.0,565.0015,3609.0
01:48:29,6824.66,6890.0,139.2069,6943.0
01:48:29,6824.66,6895.0,371.8128,3450.0
02:06:40,6824.66,6750.0,333.6893,12586.0
02:06:40,6824.66,6755.0,93.4697,2989.0
02:06:40,6824.66,6760.0,311.7722,5598.0
02:06:40,6824.66,6765.0,111.7148,4523.0
02:06:40,6824.66,6770.0,109.6815,7447.0
02:06:40,6824.66,6775.0,560.5892,8961.0
02:06:40,6824.66,6780.0,515.7392,8912.0
02:06:40,6824.66,6785.0,68.9104,4171.0
02:06:40,6824.66,6790.0,533.5533,7094.0
02:06:40,6824.66,6795.0,171.4457,5182.0
02:06:40,6824.66,6800.0,1893.219,23538.0
02:06:40,6824.66,6805.0,146.3986,4802.0
02:06:40,6824.66,6810.0,1757.3074,12520.0
02:06:40,6824.66,6815.0,-180.3261,7476.0
02:06:40,6824.66,6820.0,806.1764,14458.0
02:06:40,6824.66,6825.0,1018.5449,15605.0
02:06:40,6824.66,6830.0,893.8752,13634.0
02:06:40,6824.66,6835.0,860.1373,4351.0
02:06:40,6824.66,6840.0,690.5297,7217.0
02:06:40,6824.66,6845.0,714.5458,3128.0
02:06:40,6824.66,6850.0,1018.4488,14056.0
02:06:40,6824.66,6855.0,879.9909,4779.0
02:06:40,6824.66,6860.0,567.6558,7094.0
02:06:40,6824.66,6865.0,881.4289,6173.0
02:06:40,6824.66,6870.0,641.1796,13040.0
02:06:40,6824.66,6875.0,242.0357,6082.0
02:06:40,6824.66,6880.0,175.4363,8725.0
02:06:40,6824.66,6885.0,565.0015,3609.0
02:06:40,6824.66,6890.0,139.2069,6943.0
02:06:40,6824.66,6895.0,371.8128,3450.0
02:23:24,6824.66,6750.0,333.6893,25.0
02:23:24,6824.66,6755.0,93.4697,79.0
02:23:24,6824.66,6760.0,311.7722,3.0
02:23:24,6824.66,6765.0,111.7148,4523.0
02:23:24,6824.66,6770.0,109.6815,7447.0
02:23:24,6824.66,6775.0,560.5892,8961.0
02:23:24,6824.66,6780.0,515.7392,8912.0
02:23:24,6824.66,6785.0,68.9104,4171.0
02:23:24,6824.66,6790.0,533.5533,7094.0
02:23:24,6824.66,6795.0,171.4457,5182.0
02:23:24,6824.66,6800.0,1893.219,23538.0
02:23:24,6824.66,6805.0,146.3986,4802.0
02:23:24,6824.66,6810.0,1757.3074,12520.0
02:23:24,6824.66,6815.0,-180.3261,7476.0
02:23:24,6824.66,6820.0,806.1764,14458.0
02:23:24,6824.66,6825.0,1018.5449,15605.0
02:23:24,6824.66,6830.0,893.8752,13634.0
02:23:24,6824.66,6835.0,860.1373,4351.0
02:23:24,6824.66,6840.0,690.5297,7217.0
02:23:24,6824.66,6845.0,714.5458,3128.0
02:23:24,6824.66,6850.0,1018.4488,14056.0
02:23:24,6824.66,6855.0,879.9909,4779.0
02:23:24,6824.66,6860.0,567.6558,7094.0
02:23:24,6824.66,6865.0,881.4289,6173.0
02:23:24,6824.66,6870.0,641.1796,13040.0
02:23:24,6824.66,6875.0,242.0357,6082.0
02:23:24,6824.66,6880.0,175.4363,8725.0
02:23:24,6824.66,6885.0,565.0015,3609.0
02:23:24,6824.66,6890.0,139.2069,7.0
02:23:24,6824.66,6895.0,1.7807,15.0
02:30:14,6824.66,6750.0,333.6893,25.0
02:30:14,6824.66,6755.0,93.4697,79.0
02:30:14,6824.66,6760.0,311.7722,3.0
02:30:14,6824.66,6765.0,111.7148,4523.0
02:30:14,6824.66,6770.0,109.6815,7447.0
02:30:14,6824.66,6775.0,560.5892,8961.0
02:30:14,6824.66,6780.0,515.7392,8912.0
02:30:14,6824.66,6785.0,68.9104,4171.0
02:30:14,6824.66,6790.0,533.5533,7094.0
02:30:14,6824.66,6795.0,171.4457,5182.0
02:30:14,6824.66,6800.0,1893.219,23538.0
02:30:14,6824.66,6805.0,146.3986,4802.0
02:30:14,6824.66,6810.0,1757.3074,12520.0
02:30:14,6824.66,6815.0,-180.3261,7476.0
02:30:14,6824.66,6820.0,806.1764,14458.0
02:30:14,6824.66,6825.0,1018.5449,15605.0
02:30:14,6824.66,6830.0,893.8752,13634.0
02:30:14,6824.66,6835.0,860.1373,4351.0
02:30:14,6824.66,6840.0,690.5297,7217.0
02:30:14,6824.66,6845.0,714.5458,3128.0
02:30:14,6824.66,6850.0,1018.4488,14056.0
02:30:14,6824.66,6855.0,879.9909,4779.0
02:30:14,6824.66,6860.0,567.6558,7094.0
02:30:14,6824.66,6865.0,881.4289,6173.0
02:30:14,6824.66,6870.0,641.1796,13040.0
02:30:14,6824.66,6875.0,242.0357,6082.0
02:30:14,6824.66,6880.0,175.4363,8725.0
02:30:14,6824.66,6885.0,565.0015,3609.0
02:30:14,6824.66,6890.0,139.2069,7.0
02:30:14,6824.66,6895.0,1.7807,15.0
02:48:49,6824.66,6750.0,333.6893,25.0
02:48:49,6824.66,6755.0,93.4697,79.0
02:48:49,6824.66,6760.0,311.7722,3.0
02:48:49,6824.66,6765.0,111.7148,4523.0
02:48:49,6824.66,6770.0,109.6815,7447.0
02:48:49,6824.66,6775.0,560.5892,8961.0
02:48:49,6824.66,6780.0,515.7392,8912.0
02:48:49,6824.66,6785.0,68.9104,4171.0
02:48:49,6824.66,6790.0,533.5533,7094.0
02:48:49,6824.66,6795.0,171.4457,5182.0
02:48:49,6824.66,6800.0,1893.219,23538.0
02:48:49,6824.66,6805.0,146.3986,4802.0
02:48:49,6824.66,6810.0,1757.3074,12520.0
02:48:49,6824.66,6815.0,-180.3261,7476.0
02:48:49,6824.66,6820.0,806.1764,14458.0
02:48:49,6824.66,6825.0,1018.5449,15605.0
02:48:49,6824.66,6830.0,893.8752,13634.0
02:48:49,6824.66,6835.0,860.1373,4351.0
02:48:49,6824.66,6840.0,690.5297,7217.0
02:48:49,6824.66,6845.0,714.5458,3128.0
02:48:49,6824.66,6850.0,1018.4488,14056.0
02:48:49,6824.66,6855.0,879.9909,4779.0
02:48:49,6824.66,6860.0,567.6558,7094.0
02:48:49,6824.66,6865.0,881.4289,6173.0
02:48:49,6824.66,6870.0,641.1796,13040.0
02:48:49,6824.66,6875.0,242.0357,6082.0
02:48:49,6824.66,6880.0,175.4363,8725.0
02:48:49,6824.66,6885.0,565.0015,3609.0
02:48:49,6824.66,6890.0,139.2069,7.0
02:48:49,6824.66,6895.0,1.7807,15.0
03:05:00,6824.66,6750.0,333.6893,25.0
03:05:00,6824.66,6755.0,93.4697,79.0
03:05:00,6824.66,6760.0,311.7722,3.0
03:05:00,6824.66,6765.0,111.7148,4523.0
03:05:00,6824.66,6770.0,109.6815,7447.0
03:05:00,6824.66,6775.0,560.5892,8961.0
03:05:00,6824.66,6780.0,515.7392,8912.0
03:05:00,6824.66,6785.0,68.9104,4171.0
03:05:00,6824.66,6790.0,533.5533,7094.0
03:05:00,6824.66,6795.0,171.4457,5182.0
03:05:00,6824.66,6800.0,1893.219,23538.0
03:05:00,6824.66,6805.0,146.3986,4802.0
03:05:00,6824.66,6810.0,1757.3074,12520.0
03:05:00,6824.66,6815.0,-180.3261,7476.0
03:05:00,6824.66,6820.0,806.1764,14458.0
03:05:00,6824.66,6825.0,1018.5449,15605.0
03:05:00,6824.66,6830.0,893.8752,13634.0
03:05:00,6824.66,6835.0,860.1373,4351.0
03:05:00,6824.66,6840.0,690.5297,7217.0
03:05:00,6824.66,6845.0,714.5458,3128.0
03:05:00,6824.66,6850.0,1018.4488,14056.0
03:05:00,6824.66,6855.0,879.9909,4779.0
03:05:00,6824.66,6860.0,567.6558,7094.0
03:05:00,6824.66,6865.0,881.4289,6173.0
03:05:00,6824.66,6870.0,641.1796,13040.0
03:05:00,6824.66,6875.0,242.0357,6082.0
03:05:00,6824.66,6880.0,175.4363,8725.0
03:05:00,6824.66,6885.0,565.0015,3609.0
03:05:00,6824.66,6890.0,139.2069,7.0
03:05:00,6824.66,6895.0,1.7807,15.0
03:22:55,6824.66,6750.0,333.6893,25.0
03:22:55,6824.66,6755.0,93.4697,79.0
03:22:55,6824.66,6760.0,311.7722,3.0
03:22:55,6824.66,6765.0,111.7148,4523.0
03:22:55,6824.66,6770.0,109.6815,7447.0
03:22:55,6824.66,6775.0,560.5892,8961.0
03:22:55,6824.66,6780.0,515.7392,8912.0
03:22:55,6824.66,6785.0,68.9104,4171.0
03:22:55,6824.66,6790.0,533.5533,7094.0
03:22:55,6824.66,6795.0,171.4457,5182.0
03:22:55,6824.66,6800.0,1893.219,23538.0
03:22:55,6824.66,6805.0,146.3986,4802.0
03:22:55,6824.66,6810.0,1757.3074,12520.0
03:22:55,6824.66,6815.0,-180.3261,7476.0
03:22:55,6824.66,6820.0,806.1764,14458.0
03:22:55,6824.66,6825.0,1018.5449,15605.0
03:22:55,6824.66,6830.0,893.8752,13634.0
03:22:55,6824.66,6835.0,860.1373,4351.0
03:22:55,6824.66,6840.0,690.5297,7217.0
03:22:55,6824.66,6845.0,714.5458,3128.0
03:22:55,6824.66,6850.0,1018.4488,14056.0
03:22:55,6824.66,6855.0,879.9909,4779.0
03:22:55,6824.66,6860.0,567.6558,7094.0
03:22:55,6824.66,6865.0,881.4289,6173.0
03:22:55,6824.66,6870.0,641.1796,13040.0
03:22:55,6824.66,6875.0,242.0357,6082.0
03:22:55,6824.66,6880.0,175.4363,8725.0
03:22:55,6824.66,6885.0,565.0015,3609.0
03:22:55,6824.66,6890.0,139.2069,7.0
03:22:55,6824.66,6895.0,1.7807,15.0
03:38:58,6824.66,6750.0,333.6893,25.0
03:38:58,6824.66,6755.0,93.4697,79.0
03:38:58,6824.66,6760.0,311.7722,3.0
03:38:58,6824.66,6765.0,111.7148,4523.0
03:38:58,6824.66,6770.0,109.6815,7447.0
03:38:58,6824.66,6775.0,560.5892,8961.0
03:38:58,6824.66,6780.0,515.7392,8912.0
03:38:58,6824.66,6785.0,68.9104,4171.0
03:38:58,6824.66,6790.0,533.5533,7094.0
03:38:58,6824.66,6795.0,171.4457,5182.0
03:38:58,6824.66,6800.0,1893.219,23538.0
03:38:58,6824.66,6805.0,146.3986,4802.0
03:38:58,6824.66,6810.0,1757.3074,12520.0
03:38:58,6824.66,6815.0,-180.3261,7476.0
03:38:58,6824.66,6820.0,806.1764,14458.0
03:38:58,6824.66,6825.0,1018.5449,15605.0
03:38:58,6824.66,6830.0,893.8752,13634.0
03:38:58,6824.66,6835.0,860.1373,4351.0
03:38:58,6824.66,6840.0,690.5297,7217.0
03:38:58,6824.66,6845.0,714.5458,3128.0
03:38:58,6824.66,6850.0,1018.4488,14056.0
03:38:58,6824.66,6855.0,879.9909,4779.0
03:38:58,6824.66,6860.0,567.6558,7094.0
03:38:58,6824.66,6865.0,881.4289,6173.0
03:38:58,6824.66,6870.0,641.1796,13040.0
03:38:58,6824.66,6875.0,242.0357,6082.0
03:38:58,6824.66,6880.0,175.4363,8725.0
03:38:58,6824.66,6885.0,565.0015,3609.0
03:38:58,6824.66,6890.0,139.2069,7.0
03:38:58,6824.66,6895.0,1.7807,15.0
03:41:20,6824.66,6750.0,333.6893,25.0
03:41:20,6824.66,6755.0,93.4697,79.0
03:41:20,6824.66,6760.0,311.7722,3.0
03:41:20,6824.66,6765.0,111.7148,4523.0
03:41:20,6824.66,6770.0,109.6815,7447.0
03:41:20,6824.66,6775.0,560.5892,8961.0
03:41:20,6824.66,6780.0,515.7392,8912.0
03:41:20,6824.66,6785.0,68.9104,4171.0
03:41:20,6824.66,6790.0,533.5533,7094.0
03:41:20,6824.66,6795.0,171.4457,5182.0
03:41:20,6824.66,6800.0,1893.219,23538.0
03:41:20,6824.66,6805.0,146.3986,4802.0
03:41:20,6824.66,6810.0,1757.3074,12520.0
03:41:20,6824.66,6815.0,-180.3261,7476.0
03:41:20,6824.66,6820.0,806.1764,14458.0
03:41:20,6824.66,6825.0,1018.5449,15605.0
03:41:20,6824.66,6830.0,893.8752,13634.0
03:41:20,6824.66,6835.0,860.1373,4351.0
03:41:20,6824.66,6840.0,690.5297,7217.0
03:41:20,6824.66,6845.0,714.5458,3128.0
03:41:20,6824.66,6850.0,1018.4488,14056.0
03:41:20,6824.66,6855.0,879.9909,4779.0
03:41:20,6824.66,6860.0,567.6558,7094.0
03:41:20,6824.66,6865.0,881.4289,6173.0
03:41:20,6824.66,6870.0,641.1796,13040.0
03:41:20,6824.66,6875.0,242.0357,6082.0
03:41:20,6824.66,6880.0,175.4363,8725.0
03:41:20,6824.66,6885.0,565.0015,3609.0
03:41:20,6824.66,6890.0,139.2069,7.0
03:41:20,6824.66,6895.0,1.7807,15.0
03:57:32,6824.66,6750.0,333.6893,25.0
03:57:32,6824.66,6755.0,93.4697,79.0
03:57:32,6824.66,6760.0,311.7722,3.0
03:57:32,6824.66,6765.0,111.7148,4523.0
03:57:32,6824.66,6770.0,109.6815,7447.0
03:57:32,6824.66,6775.0,560.5892,8961.0
03:57:32,6824.66,6780.0,515.7392,8912.0
03:57:32,6824.66,6785.0,68.9104,4171.0
03:57:32,6824.66,6790.0,533.5533,7094.0
03:57:32,6824.66,6795.0,171.4457,5182.0
03:57:32,6824.66,6800.0,1893.219,23538.0
03:57:32,6824.66,6805.0,146.3986,4802.0
03:57:32,6824.66,6810.0,1757.3074,12520.0
03:57:32,6824.66,6815.0,-180.3261,7476.0
03:57:32,6824.66,6820.0,806.1764,14458.0
03:57:32,6824.66,6825.0,1018.5449,15605.0
03:57:32,6824.66,6830.0,893.8752,13634.0
03:57:32,6824.66,6835.0,860.1373,4351.0
03:57:32,6824.66,6840.0,690.5297,7217.0
03:57:32,6824.66,6845.0,714.5458,3128.0
03:57:32,6824.66,6850.0,1018.4488,14056.0
03:57:32,6824.66,6855.0,879.9909,4779.0
03:57:32,6824.66,6860.0,567.6558,7094.0
03:57:32,6824.66,6865.0,881.4289,6173.0
03:57:32,6824.66,6870.0,641.1796,13040.0
03:57:32,6824.66,6875.0,242.0357,6082.0
03:57:32,6824.66,6880.0,175.4363,8725.0
03:57:32,6824.66,6885.0,565.0015,3609.0
03:57:32,6824.66,6890.0,139.2069,7.0
03:57:32,6824.66,6895.0,1.7807,15.0
04:15:24,6824.66,6750.0,333.6893,25.0
04:15:24,6824.66,6755.0,93.4697,79.0
04:15:24,6824.66,6760.0,311.7722,3.0
04:15:24,6824.66,6765.0,111.7148,4523.0
04:15:24,6824.66,6770.0,109.6815,7447.0
04:15:24,6824.66,6775.0,560.5892,8961.0
04:15:24,6824.66,6780.0,515.7392,8912.0
04:15:24,6824.66,6785.0,68.9104,4171.0
04:15:24,6824.66,6790.0,533.5533,7094.0
04:15:24,6824.66,6795.0,171.4457,5182.0
04:15:24,6824.66,6800.0,1893.219,23538.0
04:15:24,6824.66,6805.0,146.3986,4802.0
04:15:24,6824.66,6810.0,1757.3074,12520.0
04:15:24,6824.66,6815.0,-180.3261,7476.0
04:15:24,6824.66,6820.0,806.1764,14458.0
04:15:24,6824.66,6825.0,1018.5449,15605.0
04:15:24,6824.66,6830.0,893.8752,13634.0
04:15:24,6824.66,6835.0,860.1373,4351.0
04:15:24,6824.66,6840.0,690.5297,7217.0
04:15:24,6824.66,6845.0,714.5458,3128.0
04:15:24,6824.66,6850.0,1018.4488,14056.0
04:15:24,6824.66,6855.0,879.9909,4779.0
04:15:24,6824.66,6860.0,567.6558,7094.0
04:15:24,6824.66,6865.0,881.4289,6173.0
04:15:24,6824.66,6870.0,641.1796,13040.0
04:15:24,6824.66,6875.0,242.0357,6082.0
04:15:24,6824.66,6880.0,175.4363,8725.0
04:15:24,6824.66,6885.0,565.0015,3609.0
04:15:24,6824.66,6890.0,139.2069,7.0
04:15:24,6824.66,6895.0,1.7807,15.0
04:31:12,6824.66,6750.0,333.6893,25.0
04:31:12,6824.66,6755.0,93.4697,79.0
04:31:12,6824.66,6760.0,311.7722,3.0
04:31:12,6824.66,6765.0,111.7148,4523.0
04:31:12,6824.66,6770.0,109.6815,7447.0
04:31:12,6824.66,6775.0,560.5892,8961.0
04:31:12,6824.66,6780.0,515.7392,8912.0
04:31:12,6824.66,6785.0,68.9104,4171.0
04:31:12,6824.66,6790.0,533.5533,7094.0
04:31:12,6824.66,6795.0,171.4457,5182.0
04:31:12,6824.66,6800.0,1893.219,23538.0
04:31:12,6824.66,6805.0,146.3986,4802.0
04:31:12,6824.66,6810.0,1757.3074,12520.0
04:31:12,6824.66,6815.0,-180.3261,7476.0
04:31:12,6824.66,6820.0,806.1764,14458.0
04:31:12,6824.66,6825.0,1018.5449,15605.0
04:31:12,6824.66,6830.0,893.8752,13634.0
04:31:12,6824.66,6835.0,860.1373,4351.0
04:31:12,6824.66,6840.0,690.5297,7217.0
04:31:12,6824.66,6845.0,714.5458,3128.0
04:31:12,6824.66,6850.0,1018.4488,14056.0
04:31:12,6824.66,6855.0,879.9909,4779.0
04:31:12,6824.66,6860.0,567.6558,7094.0
04:31:12,6824.66,6865.0,881.4289,6173.0
04:31:12,6824.66,6870.0,641.1796,13040.0
04:31:12,6824.66,6875.0,242.0357,6082.0
04:31:12,6824.66,6880.0,175.4363,8725.0
04:31:12,6824.66,6885.0,565.0015,3609.0
04:31:12,6824.66,6890.0,139.2069,7.0
04:31:12,6824.66,6895.0,1.7807,15.0
04:47:51,6824.66,6750.0,333.6893,25.0
04:47:51,6824.66,6755.0,93.4697,79.0
04:47:51,6824.66,6760.0,311.7722,3.0
04:47:51,6824.66,6765.0,111.7148,4523.0
04:47:51,6824.66,6770.0,109.6815,7447.0
04:47:51,6824.66,6775.0,560.5892,8961.0
04:47:51,6824.66,6780.0,515.7392,8912.0
04:47:51,6824.66,6785.0,68.9104,4171.0
04:47:51,6824.66,6790.0,533.5533,7094.0
04:47:51,6824.66,6795.0,171.4457,5182.0
04:47:51,6824.66,6800.0,1893.219,23538.0
04:47:51,6824.66,6805.0,146.3986,4802.0
04:47:51,6824.66,6810.0,1757.3074,12520.0
04:47:51,6824.66,6815.0,-180.3261,7476.0
04:47:51,6824.66,6820.0,806.1764,14458.0
04:47:51,6824.66,6825.0,1018.5449,15605.0
04:47:51,6824.66,6830.0,893.8752,13634.0
04:47:51,6824.66,6835.0,860.1373,4351.0
04:47:51,6824.66,6840.0,690.5297,7217.0
04:47:51,6824.66,6845.0,714.5458,3128.0
04:47:51,6824.66,6850.0,1018.4488,14056.0
04:47:51,6824.66,6855.0,879.9909,4779.0
04:47:51,6824.66,6860.0,567.6558,7094.0
04:47:51,6824.66,6865.0,881.4289,6173.0
04:47:51,6824.66,6870.0,641.1796,13040.0
04:47:51,6824.66,6875.0,242.0357,6082.0
04:47:51,6824.66,6880.0,175.4363,8725.0
04:47:51,6824.66,6885.0,565.0015,3609.0
04:47:51,6824.66,6890.0,139.2069,7.0
04:47:51,6824.66,6895.0,1.7807,15.0
05:04:38,6824.66,6750.0,333.6893,25.0
05:04:38,6824.66,6755.0,93.4697,79.0
05:04:38,6824.66,6760.0,311.7722,3.0
05:04:38,6824.66,6765.0,111.7148,4523.0
05:04:38,6824.66,6770.0,109.6815,7447.0
05:04:38,6824.66,6775.0,560.5892,8961.0
05:04:38,6824.66,6780.0,515.7392,8912.0
05:04:38,6824.66,6785.0,68.9104,4171.0
05:04:38,6824.66,6790.0,533.5533,7094.0
05:04:38,6824.66,6795.0,171.4457,5182.0
05:04:38,6824.66,6800.0,1893.219,23538.0
05:04:38,6824.66,6805.0,146.3986,4802.0
05:04:38,6824.66,6810.0,1757.3074,12520.0
05:04:38,6824.66,6815.0,-180.3261,7476.0
05:04:38,6824.66,6820.0,806.1764,14458.0
05:04:38,6824.66,6825.0,1018.5449,15605.0
05:04:38,6824.66,6830.0,893.8752,13634.0
05:04:38,6824.66,6835.0,860.1373,4351.0
05:04:38,6824.66,6840.0,690.5297,7217.0
05:04:38,6824.66,6845.0,714.5458,3128.0
05:04:38,6824.66,6850.0,1018.4488,14056.0
05:04:38,6824.66,6855.0,879.9909,4779.0
05:04:38,6824.66,6860.0,567.6558,7094.0
05:04:38,6824.66,6865.0,881.4289,6173.0
05:04:38,6824.66,6870.0,641.1796,13040.0
05:04:38,6824.66,6875.0,242.0357,6082.0
05:04:38,6824.66,6880.0,175.4363,8725.0
05:04:38,6824.66,6885.0,565.0015,3609.0
05:04:38,6824.66,6890.0,139.2069,7.0
05:04:38,6824.66,6895.0,1.7807,15.0
05:07:03,6824.66,6750.0,333.6893,25.0
05:07:03,6824.66,6755.0,93.4697,79.0
05:07:03,6824.66,6760.0,311.7722,3.0
05:07:03,6824.66,6765.0,111.7148,4523.0
05:07:03,6824.66,6770.0,109.6815,7447.0
05:07:03,6824.66,6775.0,560.5892,8961.0
05:07:03,6824.66,6780.0,515.7392,8912.0
05:07:03,6824.66,6785.0,68.9104,4171.0
05:07:03,6824.66,6790.0,533.5533,7094.0
05:07:03,6824.66,6795.0,171.4457,5182.0
05:07:03,6824.66,6800.0,1893.219,23538.0
05:07:03,6824.66,6805.0,146.3986,4802.0
05:07:03,6824.66,6810.0,1757.3074,12520.0
05:07:03,6824.66,6815.0,-180.3261,7476.0
05:07:03,6824.66,6820.0,806.1764,14458.0
05:07:03,6824.66,6825.0,1018.5449,15605.0
05:07:03,6824.66,6830.0,893.8752,13634.0
05:07:03,6824.66,6835.0,860.1373,4351.0
05:07:03,6824.66,6840.0,690.5297,7217.0
05:07:03,6824.66,6845.0,714.5458,3128.0
05:07:03,6824.66,6850.0,1018.4488,14056.0
05:07:03,6824.66,6855.0,879.9909,4779.0
05:07:03,6824.66,6860.0,567.6558,7094.0
05:07:03,6824.66,6865.0,881.4289,6173.0
05:07:03,6824.66,6870.0,641.1796,13040.0
05:07:03,6824.66,6875.0,242.0357,6082.0
05:07:03,6824.66,6880.0,175.4363,8725.0
05:07:03,6824.66,6885.0,565.0015,3609.0
05:07:03,6824.66,6890.0,139.2069,7.0
05:07:03,6824.66,6895.0,1.7807,15.0
05:25:24,6824.66,6750.0,333.6893,25.0
05:25:24,6824.66,6755.0,93.4697,79.0
05:25:24,6824.66,6760.0,311.7722,3.0
05:25:24,6824.66,6765.0,111.7148,4523.0
05:25:24,6824.66,6770.0,109.6815,7447.0
05:25:24,6824.66,6775.0,560.5892,8961.0
05:25:24,6824.66,6780.0,515.7392,8912.0
05:25:24,6824.66,6785.0,68.9104,4171.0
05:25:24,6824.66,6790.0,533.5533,7094.0
05:25:24,6824.66,6795.0,171.4457,5182.0
05:25:24,6824.66,6800.0,1893.219,23538.0
05:25:24,6824.66,6805.0,146.3986,4802.0
05:25:24,6824.66,6810.0,1757.3074,12520.0
05:25:24,6824.66,6815.0,-180.3261,7476.0
05:25:24,6824.66,6820.0,806.1764,14458.0
05:25:24,6824.66,6825.0,1018.5449,15605.0
05:25:24,6824.66,6830.0,893.8752,13634.0
05:25:24,6824.66,6835.0,860.1373,4351.0
05:25:24,6824.66,6840.0,690.5297,7217.0
05:25:24,6824.66,6845.0,714.5458,3128.0
05:25:24,6824.66,6850.0,1018.4488,14056.0
05:25:24,6824.66,6855.0,879.9909,4779.0
05:25:24,6824.66,6860.0,567.6558,7094.0
05:25:24,6824.66,6865.0,881.4289,6173.0
05:25:24,6824.66,6870.0,641.1796,13040.0
05:25:24,6824.66,6875.0,242.0357,6082.0
05:25:24,6824.66,6880.0,175.4363,8725.0
05:25:24,6824.66,6885.0,565.0015,3609.0
05:25:24,6824.66,6890.0,139.2069,7.0
05:25:24,6824.66,6895.0,1.7807,15.0
05:43:08,6824.66,6750.0,333.6893,25.0
05:43:08,6824.66,6755.0,93.4697,79.0
05:43:08,6824.66,6760.0,311.7722,3.0
05:43:08,6824.66,6765.0,111.7148,4523.0
05:43:08,6824.66,6770.0,109.6815,7447.0
05:43:08,6824.66,6775.0,560.5892,8961.0
05:43:08,6824.66,6780.0,515.7392,8912.0
05:43:08,6824.66,6785.0,68.9104,4171.0
05:43:08,6824.66,6790.0,533.5533,7094.0
05:43:08,6824.66,6795.0,171.4457,5182.0
05:43:08,6824.66,6800.0,1893.219,23538.0
05:43:08,6824.66,6805.0,146.3986,4802.0
05:43:08,6824.66,6810.0,1757.3074,12520.0
05:43:08,6824.66,6815.0,-180.3261,7476.0
05:43:08,6824.66,6820.0,806.1764,14458.0
05:43:08,6824.66,6825.0,1018.5449,15605.0
05:43:08,6824.66,6830.0,893.8752,13634.0
05:43:08,6824.66,6835.0,860.1373,4351.0
05:43:08,6824.66,6840.0,690.5297,7217.0
05:43:08,6824.66,6845.0,714.5458,3128.0
05:43:08,6824.66,6850.0,1018.4488,14056.0
05:43:08,6824.66,6855.0,879.9909,4779.0
05:43:08,6824.66,6860.0,567.6558,7094.0
05:43:08,6824.66,6865.0,881.4289,6173.0
05:43:08,6824.66,6870.0,641.1796,13040.0
05:43:08,6824.66,6875.0,242.0357,6082.0
05:43:08,6824.66,6880.0,175.4363,8725.0
05:43:08,6824.66,6885.0,565.0015,3609.0
05:43:08,6824.66,6890.0,139.2069,7.0
05:43:08,6824.66,6895.0,1.7807,15.0
05:55:49,6824.66,6750.0,333.6893,25.0
05:55:49,6824.66,6755.0,93.4697,79.0
05:55:49,6824.66,6760.0,311.7722,3.0
05:55:49,6824.66,6765.0,111.7148,4523.0
05:55:49,6824.66,6770.0,109.6815,7447.0
05:55:49,6824.66,6775.0,560.5892,8961.0
05:55:49,6824.66,6780.0,515.7392,8912.0
05:55:49,6824.66,6785.0,68.9104,4171.0
05:55:49,6824.66,6790.0,533.5533,7094.0
05:55:49,6824.66,6795.0,171.4457,5182.0
05:55:49,6824.66,6800.0,1893.219,23538.0
05:55:49,6824.66,6805.0,146.3986,4802.0
05:55:49,6824.66,6810.0,1757.3074,12520.0
05:55:49,6824.66,6815.0,-180.3261,7476.0
05:55:49,6824.66,6820.0,806.1764,14458.0
05:55:49,6824.66,6825.0,1018.5449,15605.0
05:55:49,6824.66,6830.0,893.8752,13634.0
05:55:49,6824.66,6835.0,860.1373,4351.0
05:55:49,6824.66,6840.0,690.5297,7217.0
05:55:49,6824.66,6845.0,714.5458,3128.0
05:55:49,6824.66,6850.0,1018.4488,14056.0
05:55:49,6824.66,6855.0,879.9909,4779.0
05:55:49,6824.66,6860.0,567.6558,7094.0
05:55:49,6824.66,6865.0,881.4289,6173.0
05:55:49,6824.66,6870.0,641.1796,13040.0
05:55:49,6824.66,6875.0,242.0357,6082.0
05:55:49,6824.66,6880.0,175.4363,8725.0
05:55:49,6824.66,6885.0,565.0015,3609.0
05:55:49,6824.66,6890.0,139.2069,7.0
05:55:49,6824.66,6895.0,1.7807,15.0
06:01:34,6824.66,6750.0,333.6893,25.0
06:01:34,6824.66,6755.0,93.4697,79.0
06:01:34,6824.66,6760.0,311.7722,3.0
06:01:34,6824.66,6765.0,111.7148,4523.0
06:01:34,6824.66,6770.0,109.6815,7447.0
06:01:34,6824.66,6775.0,560.5892,8961.0
06:01:34,6824.66,6780.0,515.7392,8912.0
06:01:34,6824.66,6785.0,68.9104,4171.0
06:01:34,6824.66,6790.0,533.5533,7094.0
06:01:34,6824.66,6795.0,171.4457,5182.0
06:01:34,6824.66,6800.0,1893.219,23538.0
06:01:34,6824.66,6805.0,146.3986,4802.0
06:01:34,6824.66,6810.0,1757.3074,12520.0
06:01:34,6824.66,6815.0,-180.3261,7476.0
06:01:34,6824.66,6820.0,806.1764,14458.0
06:01:34,6824.66,6825.0,1018.5449,15605.0
06:01:34,6824.66,6830.0,893.8752,13634.0
06:01:34,6824.66,6835.0,860.1373,4351.0
06:01:34,6824.66,6840.0,690.5297,7217.0
06:01:34,6824.66,6845.0,714.5458,3128.0
06:01:34,6824.66,6850.0,1018.4488,14056.0
06:01:34,6824.66,6855.0,879.9909,4779.0
06:01:34,6824.66,6860.0,567.6558,7094.0
06:01:34,6824.66,6865.0,881.4289,6173.0
06:01:34,6824.66,6870.0,641.1796,13040.0
06:01:34,6824.66,6875.0,242.0357,6082.0
06:01:34,6824.66,6880.0,175.4363,8725.0
06:01:34,6824.66,6885.0,565.0015,3609.0
06:01:34,6824.66,6890.0,139.2069,7.0
06:01:34,6824.66,6895.0,1.7807,15.0
06:18:01,6824.66,6750.0,333.6893,25.0
06:18:01,6824.66,6755.0,93.4697,79.0
06:18:01,6824.66,6760.0,311.7722,3.0
06:18:01,6824.66,6765.0,111.7148,4523.0
06:18:01,6824.66,6770.0,109.6815,7447.0
06:18:01,6824.66,6775.0,560.5892,8961.0
06:18:01,6824.66,6780.0,515.7392,8912.0
06:18:01,6824.66,6785.0,68.9104,4171.0
06:18:01,6824.66,6790.0,533.5533,7094.0
06:18:01,6824.66,6795.0,171.4457,5182.0
06:18:01,6824.66,6800.0,1893.219,23538.0
06:18:01,6824.66,6805.0,146.3986,4802.0
06:18:01,6824.66,6810.0,1757.3074,12520.0
06:18:01,6824.66,6815.0,-180.3261,7476.0
06:18:01,6824.66,6820.0,806.1764,14458.0
06:18:01,6824.66,6825.0,1018.5449,15605.0
06:18:01,6824.66,6830.0,893.8752,13634.0
06:18:01,6824.66,6835.0,860.1373,4351.0
06:18:01,6824.66,6840.0,690.5297,7217.0
06:18:01,6824.66,6845.0,714.5458,3128.0
06:18:01,6824.66,6850.0,1018.4488,14056.0
06:18:01,6824.66,6855.0,879.9909,4779.0
06:18:01,6824.66,6860.0,567.6558,7094.0
06:18:01,6824.66,6865.0,881.4289,6173.0
06:18:01,6824.66,6870.0,641.1796,13040.0
06:18:01,6824.66,6875.0,242.0357,6082.0
06:18:01,6824.66,6880.0,175.4363,8725.0
06:18:01,6824.66,6885.0,565.0015,3609.0
06:18:01,6824.66,6890.0,139.2069,7.0
06:18:01,6824.66,6895.0,1.7807,15.0
06:34:04,6824.66,6750.0,333.6893,25.0
06:34:04,6824.66,6755.0,93.4697,79.0
06:34:04,6824.66,6760.0,311.7722,3.0
06:34:04,6824.66,6765.0,111.7148,4523.0
06:34:04,6824.66,6770.0,109.6815,7447.0
06:34:04,6824.66,6775.0,560.5892,8961.0
06:34:04,6824.66,6780.0,515.7392,8912.0
06:34:04,6824.66,6785.0,68.9104,4171.0
06:34:04,6824.66,6790.0,533.5533,7094.0
06:34:04,6824.66,6795.0,171.4457,5182.0
06:34:04,6824.66,6800.0,1893.219,23538.0
06:34:04,6824.66,6805.0,146.3986,4802.0
06:34:04,6824.66,6810.0,1757.3074,12520.0
06:34:04,6824.66,6815.0,-180.3261,7476.0
06:34:04,6824.66,6820.0,806.1764,14458.0
06:34:04,6824.66,6825.0,1018.5449,15605.0
06:34:04,6824.66,6830.0,893.8752,13634.0
06:34:04,6824.66,6835.0,860.1373,4351.0
06:34:04,6824.66,6840.0,690.5297,7217.0
06:34:04,6824.66,6845.0,714.5458,3128.0
06:34:04,6824.66,6850.0,1018.4488,14056.0
06:34:04,6824.66,6855.0,879.9909,4779.0
06:34:04,6824.66,6860.0,567.6558,7094.0
06:34:04,6824.66,6865.0,881.4289,6173.0
06:34:04,6824.66,6870.0,641.1796,13040.0
06:34:04,6824.66,6875.0,242.0357,6082.0
06:34:04,6824.66,6880.0,175.4363,8725.0
06:34:04,6824.66,6885.0,565.0015,3609.0
06:34:04,6824.66,6890.0,139.2069,7.0
06:34:04,6824.66,6895.0,1.7807,15.0
06:50:46,6824.66,6750.0,333.6893,25.0
06:50:46,6824.66,6755.0,93.4697,79.0
06:50:46,6824.66,6760.0,311.7722,3.0
06:50:46,6824.66,6765.0,111.7148,4523.0
06:50:46,6824.66,6770.0,109.6815,7447.0
06:50:46,6824.66,6775.0,560.5892,8961.0
06:50:46,6824.66,6780.0,515.7392,8912.0
06:50:46,6824.66,6785.0,68.9104,4171.0
06:50:46,6824.66,6790.0,533.5533,7094.0
06:50:46,6824.66,6795.0,171.4457,5182.0
06:50:46,6824.66,6800.0,1893.219,23538.0
06:50:46,6824.66,6805.0,146.3986,4802.0
06:50:46,6824.66,6810.0,1757.3074,12520.0
06:50:46,6824.66,6815.0,-180.3261,7476.0
06:50:46,6824.66,6820.0,806.1764,14458.0
06:50:46,6824.66,6825.0,1018.5449,15605.0
06:50:46,6824.66,6830.0,893.8752,13634.0
06:50:46,6824.66,6835.0,860.1373,4351.0
06:50:46,6824.66,6840.0,690.5297,7217.0
06:50:46,6824.66,6845.0,714.5458,3128.0
06:50:46,6824.66,6850.0,1018.4488,14056.0
06:50:46,6824.66,6855.0,879.9909,4779.0
06:50:46,6824.66,6860.0,567.6558,7094.0
06:50:46,6824.66,6865.0,881.4289,6173.0
06:50:46,6824.66,6870.0,641.1796,13040.0
06:50:46,6824.66,6875.0,242.0357,6082.0
06:50:46,6824.66,6880.0,175.4363,8725.0
06:50:46,6824.66,6885.0,565.0015,3609.0
06:50:46,6824.66,6890.0,139.2069,7.0
06:50:46,6824.66,6895.0,1.7807,15.0
07:07:14,6824.66,6750.0,333.6893,294.0
07:07:14,6824.66,6755.0,93.4697,163.0
07:07:14,6824.66,6760.0,311.7722,95.0
07:07:14,6824.66,6765.0,111.7148,4523.0
07:07:14,6824.66,6770.0,109.6815,7447.0
07:07:14,6824.66,6775.0,560.5892,8961.0
07:07:14,6824.66,6780.0,515.7392,8912.0
07:07:14,6824.66,6785.0,68.9104,4171.0
07:07:14,6824.66,6790.0,533.5533,7094.0
07:07:14,6824.66,6795.0,171.4457,5182.0
07:07:14,6824.66,6800.0,1893.219,23538.0
07:07:14,6824.66,6805.0,146.3986,4802.0
07:07:14,6824.66,6810.0,1757.3074,12520.0
07:07:14,6824.66,6815.0,-180.3261,7476.0
07:07:14,6824.66,6820.0,806.1764,14458.0
07:07:14,6824.66,6825.0,1018.5449,15605.0
07:07:14,6824.66,6830.0,893.8752,13634.0
07:07:14,6824.66,6835.0,860.1373,4351.0
07:07:14,6824.66,6840.0,690.5297,7217.0
07:07:14,6824.66,6845.0,714.5458,3128.0
07:07:14,6824.66,6850.0,1018.4488,14056.0
07:07:14,6824.66,6855.0,879.9909,4779.0
07:07:14,6824.66,6860.0,567.6558,7094.0
07:07:14,6824.66,6865.0,881.4289,6173.0
07:07:14,6824.66,6870.0,641.1796,13040.0
07:07:14,6824.66,6875.0,242.0357,6082.0
07:07:14,6824.66,6880.0,175.4363,8725.0
07:07:14,6824.66,6885.0,565.0015,3609.0
07:07:14,6824.66,6890.0,139.2069,282.0
07:07:14,6824.66,6895.0,13.8896,117.0
07:23:59,6824.66,6750.0,333.6893,294.0
07:23:59,6824.66,6755.0,93.4697,163.0
07:23:59,6824.66,6760.0,311.7722,95.0
07:23:59,6824.66,6765.0,111.7148,4523.0
07:23:59,6824.66,6770.0,109.6815,7447.0
07:23:59,6824.66,6775.0,560.5892,8961.0
07:23:59,6824.66,6780.0,515.7392,8912.0
07:23:59,6824.66,6785.0,68.9104,4171.0
07:23:59,6824.66,6790.0,533.5533,7094.0
07:23:59,6824.66,6795.0,171.4457,5182.0
07:23:59,6824.66,6800.0,1893.219,23538.0
07:23:59,6824.66,6805.0,146.3986,4802.0
07:23:59,6824.66,6810.0,1757.3074,12520.0
07:23:59,6824.66,6815.0,-180.3261,7476.0
07:23:59,6824.66,6820.0,806.1764,14458.0
07:23:59,6824.66,6825.0,1018.5449,15605.0
07:23:59,6824.66,6830.0,893.8752,13634.0
07:23:59,6824.66,6835.0,860.1373,4351.0
07:23:59,6824.66,6840.0,690.5297,7217.0
07:23:59,6824.66,6845.0,714.5458,3128.0
07:23:59,6824.66,6850.0,1018.4488,14056.0
07:23:59,6824.66,6855.0,879.9909,4779.0
07:23:59,6824.66,6860.0,567.6558,7094.0
07:23:59,6824.66,6865.0,881.4289,6173.0
07:23:59,6824.66,6870.0,641.1796,13040.0
07:23:59,6824.66,6875.0,242.0357,6082.0
07:23:59,6824.66,6880.0,175.4363,8725.0
07:23:59,6824.66,6885.0,565.0015,3609.0
07:23:59,6824.66,6890.0,139.2069,282.0
07:23:59,6824.66,6895.0,13.8896,117.0
07:40:39,6824.66,6750.0,333.6893,294.0
07:40:39,6824.66,6755.0,93.4697,163.0
07:40:39,6824.66,6760.0,311.7722,95.0
07:40:39,6824.66,6765.0,111.7148,4523.0
07:40:39,6824.66,6770.0,109.6815,7447.0
07:40:39,6824.66,6775.0,560.5892,8961.0
07:40:39,6824.66,6780.0,515.7392,8912.0
07:40:39,6824.66,6785.0,68.9104,4171.0
07:40:39,6824.66,6790.0,533.5533,7094.0
07:40:39,6824.66,6795.0,171.4457,5182.0
07:40:39,6824.66,6800.0,1893.219,23538.0
07:40:39,6824.66,6805.0,146.3986,4802.0
07:40:39,6824.66,6810.0,1757.3074,12520.0
07:40:39,6824.66,6815.0,-180.3261,7476.0
07:40:39,6824.66,6820.0,806.1764,14458.0
07:40:39,6824.66,6825.0,1018.5449,15605.0
07:40:39,6824.66,6830.0,893.8752,13634.0
07:40:39,6824.66,6835.0,860.1373,4351.0
07:40:39,6824.66,6840.0,690.5297,7217.0
07:40:39,6824.66,6845.0,714.5458,3128.0
07:40:39,6824.66,6850.0,1018.4488,14056.0
07:40:39,6824.66,6855.0,879.9909,4779.0
07:40:39,6824.66,6860.0,567.6558,7094.0
07:40:39,6824.66,6865.0,881.4289,6173.0
07:40:39,6824.66,6870.0,641.1796,13040.0
07:40:39,6824.66,6875.0,242.0357,6082.0
07:40:39,6824.66,6880.0,175.4363,8725.0
07:40:39,6824.66,6885.0,565.0015,3609.0
07:40:39,6824.66,6890.0,139.2069,282.0
07:40:39,6824.66,6895.0,13.8896,117.0
07:57:30,6824.66,6750.0,333.6893,294.0
07:57:30,6824.66,6755.0,93.4697,163.0
07:57:30,6824.66,6760.0,311.7722,95.0
07:57:30,6824.66,6765.0,111.7148,4523.0
07:57:30,6824.66,6770.0,109.6815,7447.0
07:57:30,6824.66,6775.0,560.5892,8961.0
07:57:30,6824.66,6780.0,515.7392,8912.0
07:57:30,6824.66,6785.0,68.9104,4171.0
07:57:30,6824.66,6790.0,533.5533,7094.0
07:57:30,6824.66,6795.0,171.4457,5182.0
07:57:30,6824.66,6800.0,1893.219,23538.0
07:57:30,6824.66,6805.0,146.3986,4802.0
07:57:30,6824.66,6810.0,1757.3074,12520.0
07:57:30,6824.66,6815.0,-180.3261,7476.0
07:57:30,6824.66,6820.0,806.1764,14458.0
07:57:30,6824.66,6825.0,1018.5449,15605.0
07:57:30,6824.66,6830.0,893.8752,13634.0
07:57:30,6824.66,6835.0,860.1373,4351.0
07:57:30,6824.66,6840.0,690.5297,7217.0
07:57:30,6824.66,6845.0,714.5458,3128.0
07:57:30,6824.66,6850.0,1018.4488,14056.0
07:57:30,6824.66,6855.0,879.9909,4779.0
07:57:30,6824.66,6860.0,567.6558,7094.0
07:57:30,6824.66,6865.0,881.4289,6173.0
07:57:30,6824.66,6870.0,641.1796,13040.0
07:57:30,6824.66,6875.0,242.0357,6082.0
07:57:30,6824.66,6880.0,175.4363,8725.0
07:57:30,6824.66,6885.0,565.0015,3609.0
07:57:30,6824.66,6890.0,139.2069,282.0
07:57:30,6824.66,6895.0,13.8896,117.0
08:08:25,6824.66,6750.0,333.6893,294.0
08:08:25,6824.66,6755.0,93.4697,163.0
08:08:25,6824.66,6760.0,311.7722,95.0
08:08:25,6824.66,6765.0,111.7148,4523.0
08:08:25,6824.66,6770.0,109.6815,7447.0
08:08:25,6824.66,6775.0,560.5892,8961.0
08:08:25,6824.66,6780.0,515.7392,8912.0
08:08:25,6824.66,6785.0,68.9104,4171.0
08:08:25,6824.66,6790.0,533.5533,7094.0
08:08:25,6824.66,6795.0,171.4457,5182.0
08:08:25,6824.66,6800.0,1893.219,23538.0
08:08:25,6824.66,6805.0,146.3986,4802.0
08:08:25,6824.66,6810.0,1757.3074,12520.0
08:08:25,6824.66,6815.0,-180.3261,7476.0
08:08:25,6824.66,6820.0,806.1764,14458.0
08:08:25,6824.66,6825.0,1018.5449,15605.0
08:08:25,6824.66,6830.0,893.8752,13634.0
08:08:25,6824.66,6835.0,860.1373,4351.0
08:08:25,6824.66,6840.0,690.5297,7217.0
08:08:25,6824.66,6845.0,714.5458,3128.0
08:08:25,6824.66,6850.0,1018.4488,14056.0
08:08:25,6824.66,6855.0,879.9909,4779.0
08:08:25,6824.66,6860.0,567.6558,7094.0
08:08:25,6824.66,6865.0,881.4289,6173.0
08:08:25,6824.66,6870.0,641.1796,13040.0
08:08:25,6824.66,6875.0,242.0357,6082.0
08:08:25,6824.66,6880.0,175.4363,8725.0
08:08:25,6824.66,6885.0,565.0015,3609.0
08:08:25,6824.66,6890.0,139.2069,282.0
08:08:25,6824.66,6895.0,13.8896,117.0
08:11:15,6824.66,6750.0,333.6893,294.0
08:11:15,6824.66,6755.0,93.4697,163.0
08:11:15,6824.66,6760.0,311.7722,95.0
08:11:15,6824.66,6765.0,111.7148,4523.0
08:11:15,6824.66,6770.0,109.6815,7447.0
08:11:15,6824.66,6775.0,560.5892,8961.0
08:11:15,6824.66,6780.0,515.7392,8912.0
08:11:15,6824.66,6785.0,68.9104,4171.0
08:11:15,6824.66,6790.0,533.5533,7094.0
08:11:15,6824.66,6795.0,171.4457,5182.0
08:11:15,6824.66,6800.0,1893.219,23538.0
08:11:15,6824.66,6805.0,146.3986,4802.0
08:11:15,6824.66,6810.0,1757.3074,12520.0
08:11:15,6824.66,6815.0,-180.3261,7476.0
08:11:15,6824.66,6820.0,806.1764,14458.0
08:11:15,6824.66,6825.0,1018.5449,15605.0
08:11:15,6824.66,6830.0,893.8752,13634.0
08:11:15,6824.66,6835.0,860.1373,4351.0
08:11:15,6824.66,6840.0,690.5297,7217.0
08:11:15,6824.66,6845.0,714.5458,3128.0
08:11:15,6824.66,6850.0,1018.4488,14056.0
08:11:15,6824.66,6855.0,879.9909,4779.0
08:11:15,6824.66,6860.0,567.6558,7094.0
08:11:15,6824.66,6865.0,881.4289,6173.0
08:11:15,6824.66,6870.0,641.1796,13040.0
08:11:15,6824.66,6875.0,242.0357,6082.0
08:11:15,6824.66,6880.0,175.4363,8725.0
08:11:15,6824.66,6885.0,565.0015,3609.0
08:11:15,6824.66,6890.0,139.2069,282.0
08:11:15,6824.66,6895.0,13.8896,117.0
08:45:21,6824.66,6750.0,333.6893,294.0
08:45:21,6824.66,6755.0,93.4697,163.0
08:45:21,6824.66,6760.0,311.7722,95.0
08:45:21,6824.66,6765.0,111.7148,4523.0
08:45:21,6824.66,6770.0,109.6815,7447.0
08:45:21,6824.66,6775.0,560.5892,8961.0
08:45:21,6824.66,6780.0,515.7392,8912.0
08:45:21,6824.66,6785.0,68.9104,4171.0
08:45:21,6824.66,6790.0,533.5533,7094.0
08:45:21,6824.66,6795.0,171.4457,5182.0
08:45:21,6824.66,6800.0,1893.219,23538.0
08:45:21,6824.66,6805.0,146.3986,4802.0
08:45:21,6824.66,6810.0,1757.3074,12520.0
08:45:21,6824.66,6815.0,-180.3261,7476.0
08:45:21,6824.66,6820.0,806.1764,14458.0
08:45:21,6824.66,6825.0,1018.5449,15605.0
08:45:21,6824.66,6830.0,893.8752,13634.0
08:45:21,6824.66,6835.0,860.1373,4351.0
08:45:21,6824.66,6840.0,690.5297,7217.0
08:45:21,6824.66,6845.0,714.5458,3128.0
08:45:21,6824.66,6850.0,1018.4488,14056.0
08:45:21,6824.66,6855.0,879.9909,4779.0
08:45:21,6824.66,6860.0,567.6558,7094.0
08:45:21,6824.66,6865.0,881.4289,6173.0
08:45:21,6824.66,6870.0,641.1796,13040.0
08:45:21,6824.66,6875.0,242.0357,6082.0
08:45:21,6824.66,6880.0,175.4363,8725.0
08:45:21,6824.66,6885.0,565.0015,3609.0
08:45:21,6824.66,6890.0,139.2069,282.0
08:45:21,6824.66,6895.0,13.8896,117.0
09:01:34,6824.66,6750.0,333.6893,294.0
09:01:34,6824.66,6755.0,93.4697,163.0
09:01:34,6824.66,6760.0,311.7722,95.0
09:01:34,6824.66,6765.0,111.7148,4523.0
09:01:34,6824.66,6770.0,109.6815,7447.0
09:01:34,6824.66,6775.0,560.5892,8961.0
09:01:34,6824.66,6780.0,515.7392,8912.0
09:01:34,6824.66,6785.0,68.9104,4171.0
09:01:34,6824.66,6790.0,533.5533,7094.0
09:01:34,6824.66,6795.0,171.4457,5182.0
09:01:34,6824.66,6800.0,1893.219,23538.0
09:01:34,6824.66,6805.0,146.3986,4802.0
09:01:34,6824.66,6810.0,1757.3074,12520.0
09:01:34,6824.66,6815.0,-180.3261,7476.0
09:01:34,6824.66,6820.0,806.1764,14458.0
09:01:34,6824.66,6825.0,1018.5449,15605.0
09:01:34,6824.66,6830.0,893.8752,13634.0
09:01:34,6824.66,6835.0,860.1373,4351.0
09:01:34,6824.66,6840.0,690.5297,7217.0
09:01:34,6824.66,6845.0,714.5458,3128.0
09:01:34,6824.66,6850.0,1018.4488,14056.0
09:01:34,6824.66,6855.0,879.9909,4779.0
09:01:34,6824.66,6860.0,567.6558,7094.0
09:01:34,6824.66,6865.0,881.4289,6173.0
09:01:34,6824.66,6870.0,641.1796,13040.0
09:01:34,6824.66,6875.0,242.0357,6082.0
09:01:34,6824.66,6880.0,175.4363,8725.0
09:01:34,6824.66,6885.0,565.0015,3609.0
09:01:34,6824.66,6890.0,139.2069,282.0
09:01:34,6824.66,6895.0,13.8896,117.0
09:25:04,6824.66,6750.0,203.5391,463.0
09:25:04,6824.66,6755.0,-29.628,235.0
09:25:04,6824.66,6760.0,-43.1522,185.0
09:25:04,6824.66,6765.0,121.2748,82.0
09:25:04,6824.66,6770.0,127.292,115.0
09:25:04,6824.66,6775.0,638.4367,134.0
09:25:04,6824.66,6780.0,517.0434,227.0
09:25:04,6824.66,6785.0,68.7206,116.0
09:25:04,6824.66,6790.0,-142.9063,139.0
09:25:04,6824.66,6795.0,274.2606,147.0
09:25:04,6824.66,6800.0,-345.2136,622.0
09:25:04,6824.66,6805.0,178.5366,219.0
09:25:04,6824.66,6810.0,2203.5659,296.0
09:25:04,6824.66,6815.0,-22.983,287.0
09:25:04,6824.66,6820.0,983.6635,774.0
09:25:04,6824.66,6825.0,1220.8137,691.0
09:25:04,6824.66,6830.0,1048.627,458.0
09:25:04,6824.66,6835.0,54.3045,211.0
09:25:04,6824.66,6840.0,53.5618,411.0
09:25:04,6824.66,6845.0,-27.7514,322.0
09:25:04,6824.66,6850.0,195.0181,598.0
09:25:04,6824.66,6855.0,89.9825,282.0
09:25:04,6824.66,6860.0,589.3262,475.0
09:25:04,6824.66,6865.0,165.763,596.0
09:25:04,6824.66,6870.0,574.3929,393.0
09:25:04,6824.66,6875.0,382.3963,674.0
09:25:04,6824.66,6880.0,255.975,464.0
09:25:04,6824.66,6885.0,65.3759,370.0
09:25:04,6824.66,6890.0,62.2665,406.0
09:25:04,6824.66,6895.0,25.4054,193.0
09:25:06,6824.66,6750.0,203.5391,463.0
09:25:06,6824.66,6755.0,-29.628,235.0
09:25:06,6824.66,6760.0,-43.1522,185.0
09:25:06,6824.66,6765.0,121.2748,82.0
09:25:06,6824.66,6770.0,127.292,115.0
09:25:06,6824.66,6775.0,638.4367,134.0
09:25:06,6824.66,6780.0,543.5987,227.0
09:25:06,6824.66,6785.0,69.2635,116.0
09:25:06,6824.66,6790.0,560.1417,139.0
09:25:06,6824.66,6795.0,268.9156,147.0
09:25:06,6824.66,6800.0,3134.3869,622.0
09:25:06,6824.66,6805.0,173.3645,219.0
09:25:06,6824.66,6810.0,2148.5669,296.0
09:25:06,6824.66,6815.0,-22.4322,287.0
09:25:06,6824.66,6820.0,962.8933,774.0
09:25:06,6824.66,6825.0,1203.7417,691.0
09:25:06,6824.66,6830.0,1034.6231,458.0
09:25:06,6824.66,6835.0,53.6156,211.0
09:25:06,6824.66,6840.0,761.8345,411.0
09:25:06,6824.66,6845.0,-27.2659,322.0
09:25:06,6824.66,6850.0,2113.2495,598.0
09:25:06,6824.66,6855.0,85.6751,282.0
09:25:06,6824.66,6860.0,548.819,475.0
09:25:06,6824.66,6865.0,151.2595,596.0
09:25:06,6824.66,6870.0,574.3929,393.0
09:25:06,6824.66,6875.0,382.3963,674.0
09:25:06,6824.66,6880.0,255.975,464.0
09:25:06,6824.66,6885.0,53.2478,370.0
09:25:06,6824.66,6890.0,62.2665,406.0
09:25:06,6824.66,6895.0,25.4054,193.0
09:27:13,6824.66,6750.0,294.8161,463.0
09:27:13,6824.66,6755.0,87.4135,236.0
09:27:13,6824.66,6760.0,309.6081,185.0
09:27:13,6824.66,6765.0,121.2748,82.0
09:27:13,6824.66,6770.0,127.292,117.0
09:27:13,6824.66,6775.0,638.4367,135.0
09:27:13,6824.66,6780.0,543.5987,228.0
09:27:13,6824.66,6785.0,69.2635,116.0
09:27:13,6824.66,6790.0,560.1417,139.0
09:27:13,6824.66,6795.0,268.9156,152.0
09:27:13,6824.66,6800.0,3134.3869,622.0
09:27:13,6824.66,6805.0,173.3645,219.0
09:27:13,6824.66,6810.0,2148.5669,300.0
09:27:13,6824.66,6815.0,-22.4322,289.0
09:27:13,6824.66,6820.0,962.8933,784.0
09:27:13,6824.66,6825.0,1203.7417,694.0
09:27:13,6824.66,6830.0,1034.5558,458.0
09:27:13,6824.66,6835.0,54.3871,213.0
09:27:13,6824.66,6840.0,761.8345,413.0
09:27:13,6824.66,6845.0,-27.2659,322.0
09:27:13,6824.66,6850.0,2113.2495,598.0
09:27:13,6824.66,6855.0,85.6751,282.0
09:27:13,6824.66,6860.0,548.819,477.0
09:27:13,6824.66,6865.0,151.5132,597.0
09:27:13,6824.66,6870.0,574.3929,395.0
09:27:13,6824.66,6875.0,382.3963,674.0
09:27:13,6824.66,6880.0,255.975,466.0
09:27:13,6824.66,6885.0,53.3917,371.0
09:27:13,6824.66,6890.0,175.77,406.0
09:27:13,6824.66,6895.0,19.6518,193.0
09:29:19,6824.66,6750.0,288.2325,464.0
09:29:19,6824.66,6755.0,86.0562,236.0
09:29:19,6824.66,6760.0,308.1707,185.0
09:29:19,6824.66,6765.0,118.6465,83.0
09:29:19,6824.66,6770.0,128.3243,118.0
09:29:19,6824.66,6775.0,628.4982,137.0
09:29:19,6824.66,6780.0,536.7103,228.0
09:29:19,6824.66,6785.0,68.5822,118.0
09:29:19,6824.66,6790.0,549.4619,139.0
09:29:19,6824.66,6795.0,264.8446,152.0
09:29:19,6824.66,6800.0,3091.5939,637.0
09:29:19,6824.66,6805.0,171.1821,219.0
09:29:19,6824.66,6810.0,2129.3685,301.0
09:29:19,6824.66,6815.0,-21.9528,290.0
09:29:19,6824.66,6820.0,961.3522,798.0
09:29:19,6824.66,6825.0,1204.5896,696.0
09:29:19,6824.66,6830.0,1039.5486,455.0
09:29:19,6824.66,6835.0,56.0446,216.0
09:29:19,6824.66,6840.0,773.2621,422.0
09:29:19,6824.66,6845.0,-24.0417,330.0
09:29:19,6824.66,6850.0,2155.8414,601.0
09:29:19,6824.66,6855.0,88.8695,284.0
09:29:19,6824.66,6860.0,558.5958,478.0
09:29:19,6824.66,6865.0,157.2575,605.0
09:29:19,6824.66,6870.0,589.3804,395.0
09:29:19,6824.66,6875.0,393.2484,674.0
09:29:19,6824.66,6880.0,265.9886,466.0
09:29:19,6824.66,6885.0,55.8461,371.0
09:29:19,6824.66,6890.0,181.1724,406.0
09:29:19,6824.66,6895.0,20.5983,193.0
09:31:26,6824.66,6750.0,288.2325,465.0
09:31:26,6824.66,6755.0,86.0562,237.0
09:31:26,6824.66,6760.0,308.1707,185.0
09:31:26,6824.66,6765.0,115.831,85.0
09:31:26,6824.66,6770.0,128.4382,120.0
09:31:26,6824.66,6775.0,611.5415,138.0
09:31:26,6824.66,6780.0,534.3116,228.0
09:31:26,6824.66,6785.0,68.2453,118.0
09:31:26,6824.66,6790.0,549.4619,139.0
09:31:26,6824.66,6795.0,264.8446,153.0
09:31:26,6824.66,6800.0,3091.5939,635.0
09:31:26,6824.66,6805.0,171.1821,220.0
09:31:26,6824.66,6810.0,2129.3685,301.0
09:31:26,6824.66,6815.0,-23.1871,292.0
09:31:26,6824.66,6820.0,958.2432,803.0
09:31:26,6824.66,6825.0,1198.917,700.0
09:31:26,6824.66,6830.0,1038.4774,455.0
09:31:26,6824.66,6835.0,56.3331,217.0
09:31:26,6824.66,6840.0,772.4723,430.0
09:31:26,6824.66,6845.0,-24.7702,332.0
09:31:26,6824.66,6850.0,2155.8414,604.0
09:31:26,6824.66,6855.0,89.5088,286.0
09:31:26,6824.66,6860.0,566.6623,481.0
09:31:26,6824.66,6865.0,167.0017,639.0
09:31:26,6824.66,6870.0,592.0513,398.0
09:31:26,6824.66,6875.0,411.36,681.0
09:31:26,6824.66,6880.0,277.3548,467.0
09:31:26,6824.66,6885.0,55.8845,371.0
09:31:26,6824.66,6890.0,181.1724,407.0
09:31:26,6824.66,6895.0,20.9185,196.0
09:33:33,6824.66,6750.0,280.9573,476.0
09:33:33,6824.66,6755.0,86.3606,238.0
09:33:33,6824.66,6760.0,300.7432,185.0
09:33:33,6824.66,6765.0,115.831,85.0
09:33:33,6824.66,6770.0,128.4382,120.0
09:33:33,6824.66,6775.0,611.5415,140.0
09:33:33,6824.66,6780.0,534.3116,229.0
09:33:33,6824.66,6785.0,68.2453,118.0
09:33:33,6824.66,6790.0,549.4619,140.0
09:33:33,6824.66,6795.0,264.8446,154.0
09:33:33,6824.66,6800.0,3091.5939,635.0
09:33:33,6824.66,6805.0,171.1821,220.0
09:33:33,6824.66,6810.0,2129.3685,304.0
09:33:33,6824.66,6815.0,-22.8372,293.0
09:33:33,6824.66,6820.0,958.2432,811.0
09:33:33,6824.66,6825.0,1198.917,709.0
09:33:33,6824.66,6830.0,1038.4774,456.0
09:33:33,6824.66,6835.0,60.2166,226.0
09:33:33,6824.66,6840.0,772.0637,437.0
09:33:33,6824.66,6845.0,-22.5002,348.0
09:33:33,6824.66,6850.0,2155.8414,604.0
09:33:33,6824.66,6855.0,89.8285,287.0
09:33:33,6824.66,6860.0,566.6732,484.0
09:33:33,6824.66,6865.0,167.0017,639.0
09:33:33,6824.66,6870.0,592.0513,403.0
09:33:33,6824.66,6875.0,411.36,683.0
09:33:33,6824.66,6880.0,277.3548,467.0
09:33:33,6824.66,6885.0,56.3364,374.0
09:33:33,6824.66,6890.0,182.3319,407.0
09:33:33,6824.66,6895.0,21.1649,196.0
09:35:39,6824.66,6750.0,280.9573,478.0
09:35:39,6824.66,6755.0,86.3606,239.0
09:35:39,6824.66,6760.0,300.7432,185.0
09:35:39,6824.66,6765.0,115.831,85.0
09:35:39,6824.66,6770.0,128.4382,120.0
09:35:39,6824.66,6775.0,611.5415,140.0
09:35:39,6824.66,6780.0,522.0952,229.0
09:35:39,6824.66,6785.0,66.6345,118.0
09:35:39,6824.66,6790.0,548.4216,141.0
09:35:39,6824.66,6795.0,263.9223,154.0
09:35:39,6824.66,6800.0,3039.9007,637.0
09:35:39,6824.66,6805.0,169.3365,220.0
09:35:39,6824.66,6810.0,2102.4845,304.0
09:35:39,6824.66,6815.0,-22.8372,293.0
09:35:39,6824.66,6820.0,958.2432,812.0
09:35:39,6824.66,6825.0,1198.917,711.0
09:35:39,6824.66,6830.0,1038.4774,456.0
09:35:39,6824.66,6835.0,60.2166,226.0
09:35:39,6824.66,6840.0,777.9769,438.0
09:35:39,6824.66,6845.0,-22.0455,348.0
09:35:39,6824.66,6850.0,2188.193,604.0
09:35:39,6824.66,6855.0,91.7781,287.0
09:35:39,6824.66,6860.0,566.5011,485.0
09:35:39,6824.66,6865.0,174.1047,646.0
09:35:39,6824.66,6870.0,614.0319,404.0
09:35:39,6824.66,6875.0,411.36,684.0
09:35:39,6824.66,6880.0,277.3548,468.0
09:35:39,6824.66,6885.0,56.3364,374.0
09:35:39,6824.66,6890.0,182.3319,409.0
09:35:39,6824.66,6895.0,21.1649,196.0
09:37:46,6824.66,6750.0,280.9573,480.0
09:37:46,6824.66,6755.0,86.3606,241.0
09:37:46,6824.66,6760.0,300.7432,187.0
09:37:46,6824.66,6765.0,115.831,85.0
09:37:46,6824.66,6770.0,128.4382,120.0
09:37:46,6824.66,6775.0,611.5415,140.0
09:37:46,6824.66,6780.0,522.0952,230.0
09:37:46,6824.66,6785.0,66.6345,118.0
09:37:46,6824.66,6790.0,548.4216,142.0
09:37:46,6824.66,6795.0,263.9223,155.0
09:37:46,6824.66,6800.0,3039.9007,651.0
09:37:46,6824.66,6805.0,169.3365,220.0
09:37:46,6824.66,6810.0,2102.4845,307.0
09:37:46,6824.66,6815.0,-22.8372,293.0
09:37:46,6824.66,6820.0,958.2432,815.0
09:37:46,6824.66,6825.0,1198.917,715.0
09:37:46,6824.66,6830.0,1038.4774,460.0
09:37:46,6824.66,6835.0,61.3896,231.0
09:37:46,6824.66,6840.0,777.9769,438.0
09:37:46,6824.66,6845.0,-19.841,354.0
09:37:46,6824.66,6850.0,2188.193,605.0
09:37:46,6824.66,6855.0,93.4112,292.0
09:37:46,6824.66,6860.0,566.5011,486.0
09:37:46,6824.66,6865.0,185.6937,689.0
09:37:46,6824.66,6870.0,614.0319,406.0
09:37:46,6824.66,6875.0,411.36,684.0
09:37:46,6824.66,6880.0,277.3548,468.0
09:37:46,6824.66,6885.0,56.3364,374.0
09:37:46,6824.66,6890.0,182.3319,412.0
09:37:46,6824.66,6895.0,21.4889,199.0
09:39:52,6824.66,6750.0,280.9573,481.0
09:39:52,6824.66,6755.0,86.3606,242.0
09:39:52,6824.66,6760.0,300.7432,187.0
09:39:52,6824.66,6765.0,115.831,85.0
09:39:52,6824.66,6770.0,128.4382,120.0
09:39:52,6824.66,6775.0,611.5415,140.0
09:39:52,6824.66,6780.0,522.0952,230.0
09:39:52,6824.66,6785.0,66.6345,118.0
09:39:52,6824.66,6790.0,548.4216,142.0
09:39:52,6824.66,6795.0,263.9223,156.0
09:39:52,6824.66,6800.0,3039.9007,676.0
09:39:52,6824.66,6805.0,169.3365,221.0
09:39:52,6824.66,6810.0,2102.4845,307.0
09:39:52,6824.66,6815.0,-22.8372,293.0
09:39:52,6824.66,6820.0,958.2432,817.0
09:39:52,6824.66,6825.0,1198.917,722.0
09:39:52,6824.66,6830.0,1038.4774,460.0
09:39:52,6824.66,6835.0,62.1717,233.0
09:39:52,6824.66,6840.0,777.9769,440.0
09:39:52,6824.66,6845.0,-18.7387,357.0
09:39:52,6824.66,6850.0,2188.193,605.0
09:39:52,6824.66,6855.0,94.7177,296.0
09:39:52,6824.66,6860.0,566.5011,486.0
09:39:52,6824.66,6865.0,185.9633,690.0
09:39:52,6824.66,6870.0,614.0319,408.0
09:39:52,6824.66,6875.0,411.36,689.0
09:39:52,6824.66,6880.0,277.3548,468.0
09:39:52,6824.66,6885.0,56.487,375.0
09:39:52,6824.66,6890.0,182.3319,412.0
09:39:52,6824.66,6895.0,21.4889,199.0
09:41:59,6824.66,6750.0,280.9573,483.0
09:41:59,6824.66,6755.0,86.3606,242.0
09:41:59,6824.66,6760.0,300.7432,190.0
09:41:59,6824.66,6765.0,115.831,85.0
09:41:59,6824.66,6770.0,128.4382,120.0
09:41:59,6824.66,6775.0,611.5415,140.0
09:41:59,6824.66,6780.0,522.0952,231.0
09:41:59,6824.66,6785.0,66.6345,118.0
09:41:59,6824.66,6790.0,548.4216,147.0
09:41:59,6824.66,6795.0,263.9223,156.0
09:41:59,6824.66,6800.0,3039.9007,690.0
09:41:59,6824.66,6805.0,169.3365,222.0
09:41:59,6824.66,6810.0,2102.4845,309.0
09:41:59,6824.66,6815.0,-22.8372,293.0
09:41:59,6824.66,6820.0,958.2432,826.0
09:41:59,6824.66,6825.0,1198.917,739.0
09:41:59,6824.66,6830.0,1038.4774,462.0
09:41:59,6824.66,6835.0,62.1717,235.0
09:41:59,6824.66,6840.0,777.9769,443.0
09:41:59,6824.66,6845.0,-19.4735,363.0
09:41:59,6824.66,6850.0,2188.193,626.0
09:41:59,6824.66,6855.0,96.3507,301.0
09:41:59,6824.66,6860.0,566.5011,501.0
09:41:59,6824.66,6865.0,186.7718,693.0
09:41:59,6824.66,6870.0,614.0319,412.0
09:41:59,6824.66,6875.0,411.36,696.0
09:41:59,6824.66,6880.0,277.3548,474.0
09:41:59,6824.66,6885.0,56.6377,376.0
09:41:59,6824.66,6890.0,182.3319,413.0
09:41:59,6824.66,6895.0,21.4889,199.0
09:44:05,6824.66,6750.0,280.9573,486.0
09:44:05,6824.66,6755.0,86.3606,244.0
09:44:05,6824.66,6760.0,300.7432,190.0
09:44:05,6824.66,6765.0,115.831,99.0
09:44:05,6824.66,6770.0,128.4382,121.0
09:44:05,6824.66,6775.0,611.5415,140.0
09:44:05,6824.66,6780.0,522.0952,232.0
09:44:05,6824.66,6785.0,66.6345,120.0
09:44:05,6824.66,6790.0,548.4216,150.0
09:44:05,6824.66,6795.0,263.9223,156.0
09:44:05,6824.66,6800.0,3039.9007,690.0
09:44:05,6824.66,6805.0,169.3365,222.0
09:44:05,6824.66,6810.0,2102.4845,309.0
09:44:05,6824.66,6815.0,-23.2116,294.0
09:44:05,6824.66,6820.0,958.2432,828.0
09:44:05,6824.66,6825.0,1198.917,741.0
09:44:05,6824.66,6830.0,1038.4774,464.0
09:44:05,6824.66,6835.0,62.1717,235.0
09:44:05,6824.66,6840.0,777.9769,443.0
09:44:05,6824.66,6845.0,-19.841,364.0
09:44:05,6824.66,6850.0,2188.193,627.0
09:44:05,6824.66,6855.0,96.3507,301.0
09:44:05,6824.66,6860.0,566.5011,501.0
09:44:05,6824.66,6865.0,188.9279,701.0
09:44:05,6824.66,6870.0,614.0319,414.0
09:44:05,6824.66,6875.0,411.36,696.0
09:44:05,6824.66,6880.0,277.3548,475.0
09:44:05,6824.66,6885.0,56.7883,377.0
09:44:05,6824.66,6890.0,182.3319,413.0
09:44:05,6824.66,6895.0,21.5969,200.0
09:46:12,6824.66,6750.0,280.9573,489.0
09:46:12,6824.66,6755.0,86.3606,244.0
09:46:12,6824.66,6760.0,300.7432,190.0
09:46:12,6824.66,6765.0,115.831,286.0
09:46:12,6824.66,6770.0,128.4382,122.0
09:46:12,6824.66,6775.0,611.5415,145.0
09:46:12,6824.66,6780.0,522.0952,232.0
09:46:12,6824.66,6785.0,66.6345,121.0
09:46:12,6824.66,6790.0,548.4216,157.0
09:46:12,6824.66,6795.0,263.9223,156.0
09:46:12,6824.66,6800.0,3039.9007,690.0
09:46:12,6824.66,6805.0,169.3365,222.0
09:46:12,6824.66,6810.0,2102.4845,310.0
09:46:12,6824.66,6815.0,-24.3348,297.0
09:46:12,6824.66,6820.0,959.4867,829.0
09:46:12,6824.66,6825.0,1198.917,748.0
09:46:12,6824.66,6830.0,1038.6949,466.0
09:46:12,6824.66,6835.0,62.9537,237.0
09:46:12,6824.66,6840.0,777.9769,443.0
09:46:12,6824.66,6845.0,-19.841,364.0
09:46:12,6824.66,6850.0,2188.193,630.0
09:46:12,6824.66,6855.0,97.3306,304.0
09:46:12,6824.66,6860.0,566.5011,501.0
09:46:12,6824.66,6865.0,189.1974,702.0
09:46:12,6824.66,6870.0,614.0319,414.0
09:46:12,6824.66,6875.0,411.36,698.0
09:46:12,6824.66,6880.0,277.3548,475.0
09:46:12,6824.66,6885.0,57.2402,380.0
09:46:12,6824.66,6890.0,182.3319,415.0
09:46:12,6824.66,6895.0,21.9208,203.0
09:48:19,6824.66,6750.0,280.9573,490.0
09:48:19,6824.66,6755.0,86.3606,245.0
09:48:19,6824.66,6760.0,300.7432,190.0
09:48:19,6824.66,6765.0,115.831,286.0
09:48:19,6824.66,6770.0,119.2275,122.0
09:48:19,6824.66,6775.0,611.5415,149.0
09:48:19,6824.66,6780.0,522.0952,232.0
09:48:19,6824.66,6785.0,66.6345,121.0
09:48:19,6824.66,6790.0,548.4216,160.0
09:48:19,6824.66,6795.0,263.9223,156.0
09:48:19,6824.66,6800.0,3039.9007,694.0
09:48:19,6824.66,6805.0,169.3365,222.0
09:48:19,6824.66,6810.0,2102.4845,311.0
09:48:19,6824.66,6815.0,-24.3348,297.0
09:48:19,6824.66,6820.0,959.4867,830.0
09:48:19,6824.66,6825.0,1198.917,756.0
09:48:19,6824.66,6830.0,1038.6949,468.0
09:48:19,6824.66,6835.0,62.9537,237.0
09:48:19,6824.66,6840.0,777.9769,443.0
09:48:19,6824.66,6845.0,-19.841,364.0
09:48:19,6824.66,6850.0,2195.0494,633.0
09:48:19,6824.66,6855.0,97.6572,305.0
09:48:19,6824.66,6860.0,566.5011,502.0
09:48:19,6824.66,6865.0,189.1974,702.0
09:48:19,6824.66,6870.0,614.0319,416.0
09:48:19,6824.66,6875.0,411.36,698.0
09:48:19,6824.66,6880.0,277.3548,476.0
09:48:19,6824.66,6885.0,57.3908,381.0
09:48:19,6824.66,6890.0,182.3319,415.0
09:48:19,6824.66,6895.0,22.0288,204.0
09:50:25,6824.66,6750.0,280.9573,490.0
09:50:25,6824.66,6755.0,86.3606,245.0
09:50:25,6824.66,6760.0,300.7432,190.0
09:50:25,6824.66,6765.0,115.831,286.0
09:50:25,6824.66,6770.0,119.2275,122.0
09:50:25,6824.66,6775.0,611.5415,149.0
09:50:25,6824.66,6780.0,522.0952,232.0
09:50:25,6824.66,6785.0,66.6345,121.0
09:50:25,6824.66,6790.0,548.4216,160.0
09:50:25,6824.66,6795.0,263.9223,156.0
09:50:25,6824.66,6800.0,3039.9007,694.0
09:50:25,6824.66,6805.0,169.3365,222.0
09:50:25,6824.66,6810.0,2102.4845,311.0
09:50:25,6824.66,6815.0,-24.3348,297.0
09:50:25,6824.66,6820.0,959.4867,830.0
09:50:25,6824.66,6825.0,1198.917,756.0
09:50:25,6824.66,6830.0,1038.6949,468.0
09:50:25,6824.66,6835.0,62.9537,237.0
09:50:25,6824.66,6840.0,777.9769,443.0
09:50:25,6824.66,6845.0,-19.841,364.0
09:50:25,6824.66,6850.0,2195.0494,633.0
09:50:25,6824.66,6855.0,97.6572,305.0
09:50:25,6824.66,6860.0,566.5011,502.0
09:50:25,6824.66,6865.0,189.1974,702.0
09:50:25,6824.66,6870.0,614.0319,416.0
09:50:25,6824.66,6875.0,411.36,698.0
09:50:25,6824.66,6880.0,277.3548,476.0
09:50:25,6824.66,6885.0,57.3908,381.0
09:50:25,6824.66,6890.0,182.3319,415.0
09:50:25,6824.66,6895.0,22.0288,204.0
09:52:33,6824.66,6750.0,280.9573,495.0
09:52:33,6824.66,6755.0,86.3606,247.0
09:52:33,6824.66,6760.0,300.7432,191.0
09:52:33,6824.66,6765.0,115.831,287.0
09:52:33,6824.66,6770.0,119.2275,126.0
09:52:33,6824.66,6775.0,611.5415,153.0
09:52:33,6824.66,6780.0,522.0952,233.0
09:52:33,6824.66,6785.0,66.6345,121.0
09:52:33,6824.66,6790.0,548.4216,178.0
09:52:33,6824.66,6795.0,263.9223,161.0
09:52:33,6824.66,6800.0,3039.9007,700.0
09:52:33,6824.66,6805.0,169.3365,222.0
09:52:33,6824.66,6810.0,2102.4845,317.0
09:52:33,6824.66,6815.0,-24.3348,297.0
09:52:33,6824.66,6820.0,959.4867,839.0
09:52:33,6824.66,6825.0,1198.917,784.0
09:52:33,6824.66,6830.0,1038.6949,471.0
09:52:33,6824.66,6835.0,63.3447,238.0
09:52:33,6824.66,6840.0,777.9769,445.0
09:52:33,6824.66,6845.0,-19.4735,365.0
09:52:33,6824.66,6850.0,2195.0494,635.0
09:52:33,6824.66,6855.0,97.9838,306.0
09:52:33,6824.66,6860.0,566.5011,508.0
09:52:33,6824.66,6865.0,189.1974,702.0
09:52:33,6824.66,6870.0,614.0319,419.0
09:52:33,6824.66,6875.0,411.36,705.0
09:52:33,6824.66,6880.0,277.3548,478.0
09:52:33,6824.66,6885.0,57.5415,382.0
09:52:33,6824.66,6890.0,182.3319,419.0
09:52:33,6824.66,6895.0,22.1368,205.0
09:54:39,6824.66,6750.0,280.9573,499.0
09:54:39,6824.66,6755.0,86.3606,248.0
09:54:39,6824.66,6760.0,300.7432,191.0
09:54:39,6824.66,6765.0,116.092,287.0
09:54:39,6824.66,6770.0,129.9218,127.0
09:54:39,6824.66,6775.0,611.5415,154.0
09:54:39,6824.66,6780.0,523.9623,237.0
09:54:39,6824.66,6785.0,66.6345,122.0
09:54:39,6824.66,6790.0,529.4962,183.0
09:54:39,6824.66,6795.0,254.2388,161.0
09:54:39,6824.66,6800.0,3039.9007,702.0
09:54:39,6824.66,6805.0,169.3365,222.0
09:54:39,6824.66,6810.0,2102.4845,319.0
09:54:39,6824.66,6815.0,-25.8323,301.0
09:54:39,6824.66,6820.0,959.4867,843.0
09:54:39,6824.66,6825.0,1198.917,808.0
09:54:39,6824.66,6830.0,963.83,474.0
09:54:39,6824.66,6835.0,63.7357,239.0
09:54:39,6824.66,6840.0,777.9769,450.0
09:54:39,6824.66,6845.0,-19.1061,368.0
09:54:39,6824.66,6850.0,2207.3054,635.0
09:54:39,6824.66,6855.0,98.3104,307.0
09:54:39,6824.66,6860.0,567.4161,510.0
09:54:39,6824.66,6865.0,189.1974,702.0
09:54:39,6824.66,6870.0,614.0319,421.0
09:54:39,6824.66,6875.0,428.9813,706.0
09:54:39,6824.66,6880.0,276.386,478.0
09:54:39,6824.66,6885.0,57.6921,383.0
09:54:39,6824.66,6890.0,182.3319,420.0
09:54:39,6824.66,6895.0,22.4607,208.0
09:56:46,6824.66,6750.0,275.4967,500.0
09:56:46,6824.66,6755.0,82.3506,249.0
09:56:46,6824.66,6760.0,294.7034,191.0
09:56:46,6824.66,6765.0,113.4271,287.0
09:56:46,6824.66,6770.0,122.6699,127.0
09:56:46,6824.66,6775.0,611.5415,154.0
09:56:46,6824.66,6780.0,523.9623,242.0
09:56:46,6824.66,6785.0,66.6345,123.0
09:56:46,6824.66,6790.0,526.5219,186.0
09:56:46,6824.66,6795.0,252.0297,162.0
09:56:46,6824.66,6800.0,2939.3918,702.0
09:56:46,6824.66,6805.0,162.1115,227.0
09:56:46,6824.66,6810.0,2009.8254,321.0
09:56:46,6824.66,6815.0,-24.8717,302.0
09:56:46,6824.66,6820.0,902.6622,845.0
09:56:46,6824.66,6825.0,1123.064,811.0
09:56:46,6824.66,6830.0,968.3588,478.0
09:56:46,6824.66,6835.0,59.4732,240.0
09:56:46,6824.66,6840.0,718.1042,451.0
09:56:46,6824.66,6845.0,-16.8156,371.0
09:56:46,6824.66,6850.0,2211.3616,635.0
09:56:46,6824.66,6855.0,100.3806,312.0
09:56:46,6824.66,6860.0,567.4161,510.0
09:56:46,6824.66,6865.0,189.7364,704.0
09:56:46,6824.66,6870.0,614.0319,422.0
09:56:46,6824.66,6875.0,428.9813,710.0
09:56:46,6824.66,6880.0,304.1877,479.0
09:56:46,6824.66,6885.0,68.306,383.0
09:56:46,6824.66,6890.0,219.8474,423.0
09:56:46,6824.66,6895.0,27.1831,210.0
09:58:52,6824.66,6750.0,275.4967,500.0
09:58:52,6824.66,6755.0,82.3506,250.0
09:58:52,6824.66,6760.0,296.0401,192.0
09:58:52,6824.66,6765.0,114.5735,288.0
09:58:52,6824.66,6770.0,121.5386,128.0
09:58:52,6824.66,6775.0,608.9108,154.0
09:58:52,6824.66,6780.0,523.4557,243.0
09:58:52,6824.66,6785.0,66.8925,123.0
09:58:52,6824.66,6790.0,526.5219,191.0
09:58:52,6824.66,6795.0,252.0297,163.0
09:58:52,6824.66,6800.0,2939.3918,702.0
09:58:52,6824.66,6805.0,162.1115,227.0
09:58:52,6824.66,6810.0,2093.5308,321.0
09:58:52,6824.66,6815.0,-24.5718,307.0
09:58:52,6824.66,6820.0,951.651,845.0
09:58:52,6824.66,6825.0,1198.1858,811.0
09:58:52,6824.66,6830.0,1038.5813,479.0
09:58:52,6824.66,6835.0,59.4732,240.0
09:58:52,6824.66,6840.0,718.1042,454.0
09:58:52,6824.66,6845.0,-15.1115,376.0
09:58:52,6824.66,6850.0,2213.7838,636.0
09:58:52,6824.66,6855.0,100.7087,313.0
09:58:52,6824.66,6860.0,589.1177,510.0
09:58:52,6824.66,6865.0,189.1194,709.0
09:58:52,6824.66,6870.0,628.3746,423.0
09:58:52,6824.66,6875.0,417.5919,713.0
09:58:52,6824.66,6880.0,279.9891,480.0
09:58:52,6824.66,6885.0,61.6466,384.0
09:58:52,6824.66,6890.0,219.8474,423.0
09:58:52,6824.66,6895.0,27.1831,210.0
10:00:59,6824.66,6750.0,281.6216,502.0
10:00:59,6824.66,6755.0,84.794,252.0
10:00:59,6824.66,6760.0,300.3954,197.0
10:00:59,6824.66,6765.0,114.5735,288.0
10:00:59,6824.66,6770.0,121.5386,128.0
10:00:59,6824.66,6775.0,608.9108,154.0
10:00:59,6824.66,6780.0,523.4557,244.0
10:00:59,6824.66,6785.0,66.8925,124.0
10:00:59,6824.66,6790.0,526.5219,192.0
10:00:59,6824.66,6795.0,252.0297,167.0
10:00:59,6824.66,6800.0,2939.3918,702.0
10:00:59,6824.66,6805.0,162.1115,228.0
10:00:59,6824.66,6810.0,2093.5308,334.0
10:00:59,6824.66,6815.0,-24.5718,307.0
10:00:59,6824.66,6820.0,951.651,859.0
10:00:59,6824.66,6825.0,1198.1858,813.0
10:00:59,6824.66,6830.0,1038.5813,480.0
10:00:59,6824.66,6835.0,65.5853,241.0
10:00:59,6824.66,6840.0,718.1042,455.0
10:00:59,6824.66,6845.0,-20.1976,377.0
10:00:59,6824.66,6850.0,2213.7838,636.0
10:00:59,6824.66,6855.0,101.0367,314.0
10:00:59,6824.66,6860.0,589.1177,511.0
10:00:59,6824.66,6865.0,189.3861,710.0
10:00:59,6824.66,6870.0,628.3746,429.0
10:00:59,6824.66,6875.0,417.5919,719.0
10:00:59,6824.66,6880.0,279.9891,485.0
10:00:59,6824.66,6885.0,61.6466,384.0
10:00:59,6824.66,6890.0,189.4187,423.0
10:00:59,6824.66,6895.0,23.5548,211.0
10:03:05,6824.66,6750.0,280.8465,503.0
10:03:05,6824.66,6755.0,85.146,252.0
10:03:05,6824.66,6760.0,305.189,196.0
10:03:05,6824.66,6765.0,117.433,288.0
10:03:05,6824.66,6770.0,126.7414,128.0
10:03:05,6824.66,6775.0,625.9067,155.0
10:03:05,6824.66,6780.0,531.385,244.0
10:03:05,6824.66,6785.0,67.8342,124.0
10:03:05,6824.66,6790.0,550.637,192.0
10:03:05,6824.66,6795.0,260.5924,167.0
10:03:05,6824.66,6800.0,3064.4254,704.0
10:03:05,6824.66,6805.0,169.8204,228.0
10:03:05,6824.66,6810.0,2090.1192,334.0
10:03:05,6824.66,6815.0,-27.7694,316.0
10:03:05,6824.66,6820.0,955.1063,864.0
10:03:05,6824.66,6825.0,1193.5482,816.0
10:03:05,6824.66,6830.0,1030.0931,481.0
10:03:05,6824.66,6835.0,65.1387,242.0
10:03:05,6824.66,6840.0,769.017,456.0
10:03:05,6824.66,6845.0,-16.373,377.0
10:03:05,6824.66,6850.0,2161.2388,636.0
10:03:05,6824.66,6855.0,98.41,314.0
10:03:05,6824.66,6860.0,562.9633,512.0
10:03:05,6824.66,6865.0,185.8877,710.0
10:03:05,6824.66,6870.0,595.5138,435.0
10:03:05,6824.66,6875.0,398.7211,720.0
10:03:05,6824.66,6880.0,266.9482,486.0
10:03:05,6824.66,6885.0,58.8077,385.0
10:03:05,6824.66,6890.0,188.1644,423.0
10:03:05,6824.66,6895.0,23.5862,211.0
10:06:33,6824.66,6750.0,280.8465,503.0
10:06:33,6824.66,6755.0,85.146,252.0
10:06:33,6824.66,6760.0,305.189,196.0
10:06:33,6824.66,6765.0,117.433,288.0
10:06:33,6824.66,6770.0,126.7414,128.0
10:06:33,6824.66,6775.0,625.9067,155.0
10:06:33,6824.66,6780.0,531.385,244.0
10:06:33,6824.66,6785.0,67.8342,124.0
10:06:33,6824.66,6790.0,550.637,192.0
10:06:33,6824.66,6795.0,260.5924,167.0
10:06:33,6824.66,6800.0,3064.4254,704.0
10:06:33,6824.66,6805.0,169.8204,228.0
10:06:33,6824.66,6810.0,2090.1192,334.0
10:06:33,6824.66,6815.0,-27.7694,316.0
10:06:33,6824.66,6820.0,955.1063,864.0
10:06:33,6824.66,6825.0,1193.5482,816.0
10:06:33,6824.66,6830.0,1030.0931,481.0
10:06:33,6824.66,6835.0,65.1387,242.0
10:06:33,6824.66,6840.0,769.017,456.0
10:06:33,6824.66,6845.0,-16.373,377.0
10:06:33,6824.66,6850.0,2161.2388,636.0
10:06:33,6824.66,6855.0,98.41,314.0
10:06:33,6824.66,6860.0,562.9633,512.0
10:06:33,6824.66,6865.0,185.8877,710.0
10:06:33,6824.66,6870.0,595.5138,435.0
10:06:33,6824.66,6875.0,398.7211,720.0
10:06:33,6824.66,6880.0,266.9482,486.0
10:06:33,6824.66,6885.0,58.8077,385.0
10:06:33,6824.66,6890.0,188.1644,423.0
10:06:33,6824.66,6895.0,23.5862,211.0
10:08:40,6824.66,6750.0,305.4869,513.0
10:08:40,6824.66,6755.0,83.4325,256.0
10:08:40,6824.66,6760.0,305.189,198.0
10:08:40,6824.66,6765.0,117.433,292.0
10:08:40,6824.66,6770.0,126.7414,135.0
10:08:40,6824.66,6775.0,625.9067,158.0
10:08:40,6824.66,6780.0,531.385,249.0
10:08:40,6824.66,6785.0,67.8342,125.0
10:08:40,6824.66,6790.0,550.637,198.0
10:08:40,6824.66,6795.0,260.5924,173.0
10:08:40,6824.66,6800.0,3064.4254,707.0
10:08:40,6824.66,6805.0,169.8204,234.0
10:08:40,6824.66,6810.0,2090.1192,342.0
10:08:40,6824.66,6815.0,-27.3962,317.0
10:08:40,6824.66,6820.0,955.1063,878.0
10:08:40,6824.66,6825.0,1193.5482,831.0
10:08:40,6824.66,6830.0,1030.0931,488.0
10:08:40,6824.66,6835.0,65.1387,242.0
10:08:40,6824.66,6840.0,769.017,462.0
10:08:40,6824.66,6845.0,-16.373,377.0
10:08:40,6824.66,6850.0,2161.2388,641.0
10:08:40,6824.66,6855.0,98.7295,319.0
10:08:40,6824.66,6860.0,562.9633,517.0
10:08:40,6824.66,6865.0,187.7204,717.0
10:08:40,6824.66,6870.0,595.5138,445.0
10:08:40,6824.66,6875.0,398.7211,727.0
10:08:40,6824.66,6880.0,246.5736,488.0
10:08:40,6824.66,6885.0,59.5714,390.0
10:08:40,6824.66,6890.0,188.1644,427.0
10:08:40,6824.66,6895.0,21.568,212.0
10:10:46,6824.66,6750.0,304.5188,518.0
10:10:46,6824.66,6755.0,91.4519,256.0
10:10:46,6824.66,6760.0,323.7073,198.0
10:10:46,6824.66,6765.0,125.094,295.0
10:10:46,6824.66,6770.0,130.5705,135.0
10:10:46,6824.66,6775.0,647.1758,157.0
10:10:46,6824.66,6780.0,523.1738,254.0
10:10:46,6824.66,6785.0,67.8342,126.0
10:10:46,6824.66,6790.0,574.7802,200.0
10:10:46,6824.66,6795.0,276.212,173.0
10:10:46,6824.66,6800.0,3203.3421,710.0
10:10:46,6824.66,6805.0,177.3254,234.0
10:10:46,6824.66,6810.0,2187.2175,344.0
10:10:46,6824.66,6815.0,-34.4215,323.0
10:10:46,6824.66,6820.0,976.8956,881.0
10:10:46,6824.66,6825.0,1210.9881,832.0
10:10:46,6824.66,6830.0,1037.1644,489.0
10:10:46,6824.66,6835.0,65.0841,245.0
10:10:46,6824.66,6840.0,753.3285,462.0
10:10:46,6824.66,6845.0,-15.7704,377.0
10:10:46,6824.66,6850.0,2048.3498,641.0
10:10:46,6824.66,6855.0,94.4664,321.0
10:10:46,6824.66,6860.0,533.5503,517.0
10:10:46,6824.66,6865.0,188.244,719.0
10:10:46,6824.66,6870.0,595.5138,447.0
10:10:46,6824.66,6875.0,370.9748,728.0
10:10:46,6824.66,6880.0,247.3604,488.0
10:10:46,6824.66,6885.0,54.7964,390.0
10:10:46,6824.66,6890.0,167.7245,427.0
10:10:46,6824.66,6895.0,21.347,212.0
10:12:53,6824.66,6750.0,304.5188,518.0
10:12:53,6824.66,6755.0,91.4519,258.0
10:12:53,6824.66,6760.0,323.7073,200.0
10:12:53,6824.66,6765.0,127.5801,296.0
10:12:53,6824.66,6770.0,129.4856,135.0
10:12:53,6824.66,6775.0,642.641,157.0
10:12:53,6824.66,6780.0,555.7636,254.0
10:12:53,6824.66,6785.0,71.1966,126.0
10:12:53,6824.66,6790.0,587.3875,214.0
10:12:53,6824.66,6795.0,280.6216,174.0
10:12:53,6824.66,6800.0,3249.2233,711.0
10:12:53,6824.66,6805.0,179.2151,235.0
10:12:53,6824.66,6810.0,2201.3368,351.0
10:12:53,6824.66,6815.0,-35.3427,325.0
10:12:53,6824.66,6820.0,975.7587,888.0
10:12:53,6824.66,6825.0,1204.8299,839.0
10:12:53,6824.66,6830.0,1026.239,494.0
10:12:53,6824.66,6835.0,64.8146,247.0
10:12:53,6824.66,6840.0,739.2977,465.0
10:12:53,6824.66,6845.0,-15.8066,378.0
10:12:53,6824.66,6850.0,2003.3817,652.0
10:12:53,6824.66,6855.0,93.8407,322.0
10:12:53,6824.66,6860.0,529.9634,521.0
10:12:53,6824.66,6865.0,178.4626,733.0
10:12:53,6824.66,6870.0,548.6661,452.0
10:12:53,6824.66,6875.0,355.4057,733.0
10:12:53,6824.66,6880.0,242.0639,490.0
10:12:53,6824.66,6885.0,52.5831,390.0
10:12:53,6824.66,6890.0,167.7245,428.0
10:12:53,6824.66,6895.0,21.347,212.0
10:14:59,6824.66,6750.0,304.5188,553.0
10:14:59,6824.66,6755.0,91.4519,258.0
10:14:59,6824.66,6760.0,323.7073,206.0
10:14:59,6824.66,6765.0,128.5765,298.0
10:14:59,6824.66,6770.0,129.4856,135.0
10:14:59,6824.66,6775.0,642.641,169.0
10:14:59,6824.66,6780.0,555.7636,253.0
10:14:59,6824.66,6785.0,71.1966,136.0
10:14:59,6824.66,6790.0,587.3875,221.0
10:14:59,6824.66,6795.0,280.6216,174.0
10:14:59,6824.66,6800.0,3249.2233,714.0
10:14:59,6824.66,6805.0,179.2151,235.0
10:14:59,6824.66,6810.0,2201.3368,364.0
10:14:59,6824.66,6815.0,-39.0765,339.0
10:14:59,6824.66,6820.0,971.85,895.0
10:14:59,6824.66,6825.0,1205.1768,841.0
10:14:59,6824.66,6830.0,1027.9976,506.0
10:14:59,6824.66,6835.0,65.8443,250.0
10:14:59,6824.66,6840.0,739.2977,467.0
10:14:59,6824.66,6845.0,-15.1193,378.0
10:14:59,6824.66,6850.0,2003.3817,651.0
10:14:59,6824.66,6855.0,95.0361,326.0
10:14:59,6824.66,6860.0,529.9634,534.0
10:14:59,6824.66,6865.0,179.9234,739.0
10:14:59,6824.66,6870.0,548.6661,459.0
10:14:59,6824.66,6875.0,355.4057,742.0
10:14:59,6824.66,6880.0,230.5326,492.0
10:14:59,6824.66,6885.0,51.5585,391.0
10:14:59,6824.66,6890.0,167.7245,428.0
10:14:59,6824.66,6895.0,21.5484,214.0
10:17:06,6824.66,6750.0,313.1731,567.0
10:17:06,6824.66,6755.0,93.7388,259.0
10:17:06,6824.66,6760.0,333.4021,207.0
10:17:06,6824.66,6765.0,131.8407,300.0
10:17:06,6824.66,6770.0,139.1973,161.0
10:17:06,6824.66,6775.0,686.4511,168.0
10:17:06,6824.66,6780.0,572.3512,257.0
10:17:06,6824.66,6785.0,72.9806,145.0
10:17:06,6824.66,6790.0,586.8637,224.0
10:17:06,6824.66,6795.0,279.987,176.0
10:17:06,6824.66,6800.0,3231.0039,717.0
10:17:06,6824.66,6805.0,178.5886,237.0
10:17:06,6824.66,6810.0,2209.5716,364.0
10:17:06,6824.66,6815.0,-39.041,347.0
10:17:06,6824.66,6820.0,965.1719,905.0
10:17:06,6824.66,6825.0,1187.2027,851.0
10:17:06,6824.66,6830.0,1008.4415,518.0
10:17:06,6824.66,6835.0,67.6324,261.0
10:17:06,6824.66,6840.0,739.582,479.0
10:17:06,6824.66,6845.0,-14.4053,380.0
10:17:06,6824.66,6850.0,1999.0213,659.0
10:17:06,6824.66,6855.0,93.3977,326.0
10:17:06,6824.66,6860.0,511.1834,535.0
10:17:06,6824.66,6865.0,173.3978,742.0
10:17:06,6824.66,6870.0,525.2224,462.0
10:17:06,6824.66,6875.0,331.5906,744.0
10:17:06,6824.66,6880.0,224.2259,492.0
10:17:06,6824.66,6885.0,49.1945,391.0
10:17:06,6824.66,6890.0,160.4814,431.0
10:17:06,6824.66,6895.0,20.4303,214.0
10:19:12,6824.66,6750.0,325.1021,587.0
10:19:12,6824.66,6755.0,96.6379,261.0
10:19:12,6824.66,6760.0,346.8185,210.0
10:19:12,6824.66,6765.0,131.6532,302.0
10:19:12,6824.66,6770.0,139.1973,150.0
10:19:12,6824.66,6775.0,686.4511,171.0
10:19:12,6824.66,6780.0,584.7203,259.0
10:19:12,6824.66,6785.0,74.5874,148.0
10:19:12,6824.66,6790.0,594.3142,227.0
10:19:12,6824.66,6795.0,283.6428,178.0
10:19:12,6824.66,6800.0,3258.7118,743.0
10:19:12,6824.66,6805.0,179.7583,239.0
10:19:12,6824.66,6810.0,2197.399,366.0
10:19:12,6824.66,6815.0,-38.8894,349.0
10:19:12,6824.66,6820.0,965.6002,910.0
10:19:12,6824.66,6825.0,1185.0408,854.0
10:19:12,6824.66,6830.0,1008.1769,520.0
10:19:12,6824.66,6835.0,72.6565,274.0
10:19:12,6824.66,6840.0,719.9667,482.0
10:19:12,6824.66,6845.0,-13.3354,384.0
10:19:12,6824.66,6850.0,1919.794,659.0
10:19:12,6824.66,6855.0,91.1927,331.0
10:19:12,6824.66,6860.0,494.1261,542.0
10:19:12,6824.66,6865.0,166.7896,745.0
10:19:12,6824.66,6870.0,499.9473,463.0
10:19:12,6824.66,6875.0,331.5906,764.0
10:19:12,6824.66,6880.0,224.2259,495.0
10:19:12,6824.66,6885.0,50.1602,393.0
10:19:12,6824.66,6890.0,154.1612,431.0
10:19:12,6824.66,6895.0,19.531,214.0
10:21:19,6824.66,6750.0,325.1021,599.0
10:21:19,6824.66,6755.0,96.6379,262.0
10:21:19,6824.66,6760.0,346.8185,210.0
10:21:19,6824.66,6765.0,127.7982,307.0
10:21:19,6824.66,6770.0,135.2942,151.0
10:21:19,6824.66,6775.0,669.08,172.0
10:21:19,6824.66,6780.0,584.7203,262.0
10:21:19,6824.66,6785.0,74.5874,148.0
10:21:19,6824.66,6790.0,594.3142,227.0
10:21:19,6824.66,6795.0,283.6428,179.0
10:21:19,6824.66,6800.0,3258.7118,754.0
10:21:19,6824.66,6805.0,179.7583,241.0
10:21:19,6824.66,6810.0,2197.399,366.0
10:21:19,6824.66,6815.0,-38.8894,349.0
10:21:19,6824.66,6820.0,969.483,912.0
10:21:19,6824.66,6825.0,1195.0631,855.0
10:21:19,6824.66,6830.0,1008.1769,520.0
10:21:19,6824.66,6835.0,72.6565,274.0
10:21:19,6824.66,6840.0,719.9667,483.0
10:21:19,6824.66,6845.0,-12.3353,387.0
10:21:19,6824.66,6850.0,1919.794,660.0
10:21:19,6824.66,6855.0,92.0397,336.0
10:21:19,6824.66,6860.0,494.1261,546.0
10:21:19,6824.66,6865.0,167.6852,749.0
10:21:19,6824.66,6870.0,499.9473,465.0
10:21:19,6824.66,6875.0,352.6285,769.0
10:21:19,6824.66,6880.0,236.8763,496.0
10:21:19,6824.66,6885.0,52.6654,393.0
10:21:19,6824.66,6890.0,154.1612,431.0
10:21:19,6824.66,6895.0,19.531,214.0
10:23:25,6824.66,6750.0,316.0475,601.0
10:23:25,6824.66,6755.0,94.329,262.0
10:23:25,6824.66,6760.0,333.7006,211.0
10:23:25,6824.66,6765.0,127.7982,307.0
10:23:25,6824.66,6770.0,135.2942,151.0
10:23:25,6824.66,6775.0,669.08,173.0
10:23:25,6824.66,6780.0,571.6186,261.0
10:23:25,6824.66,6785.0,72.9899,148.0
10:23:25,6824.66,6790.0,584.2017,227.0
10:23:25,6824.66,6795.0,278.8364,181.0
10:23:25,6824.66,6800.0,3229.0581,755.0
10:23:25,6824.66,6805.0,178.8761,241.0
10:23:25,6824.66,6810.0,2197.6231,366.0
10:23:25,6824.66,6815.0,-38.1475,353.0
10:23:25,6824.66,6820.0,970.6779,917.0
10:23:25,6824.66,6825.0,1193.659,855.0
10:23:25,6824.66,6830.0,1019.7419,525.0
10:23:25,6824.66,6835.0,77.7747,285.0
10:23:25,6824.66,6840.0,731.8587,485.0
10:23:25,6824.66,6845.0,-12.2169,388.0
10:23:25,6824.66,6850.0,1982.9418,663.0
10:23:25,6824.66,6855.0,94.5733,336.0
10:23:25,6824.66,6860.0,510.0822,549.0
10:23:25,6824.66,6865.0,177.3724,751.0
10:23:25,6824.66,6870.0,533.7653,469.0
10:23:25,6824.66,6875.0,352.6285,769.0
10:23:25,6824.66,6880.0,236.8763,496.0
10:23:25,6824.66,6885.0,54.4075,406.0
10:23:25,6824.66,6890.0,160.9972,431.0
10:23:25,6824.66,6895.0,20.5816,214.0
10:33:53,6824.66,6750.0,316.0475,601.0
10:33:53,6824.66,6755.0,94.329,262.0
10:33:53,6824.66,6760.0,333.7006,211.0
10:33:53,6824.66,6765.0,127.7982,307.0
10:33:53,6824.66,6770.0,135.2942,151.0
10:33:53,6824.66,6775.0,669.08,173.0
10:33:53,6824.66,6780.0,571.6186,261.0
10:33:53,6824.66,6785.0,72.9899,148.0
10:33:53,6824.66,6790.0,584.2017,227.0
10:33:53,6824.66,6795.0,278.8364,181.0
10:33:53,6824.66,6800.0,3229.0581,755.0
10:33:53,6824.66,6805.0,178.8761,241.0
10:33:53,6824.66,6810.0,2197.6231,366.0
10:33:53,6824.66,6815.0,-38.1475,353.0
10:33:53,6824.66,6820.0,970.6779,917.0
10:33:53,6824.66,6825.0,1193.659,855.0
10:33:53,6824.66,6830.0,1019.7419,525.0
10:33:53,6824.66,6835.0,77.7747,285.0
10:33:53,6824.66,6840.0,731.8587,485.0
10:33:53,6824.66,6845.0,-12.2169,388.0
10:33:53,6824.66,6850.0,1982.9418,663.0
10:33:53,6824.66,6855.0,94.5733,336.0
10:33:53,6824.66,6860.0,510.0822,549.0
10:33:53,6824.66,6865.0,177.3724,751.0
10:33:53,6824.66,6870.0,533.7653,469.0
10:33:53,6824.66,6875.0,352.6285,769.0
10:33:53,6824.66,6880.0,236.8763,496.0
10:33:53,6824.66,6885.0,54.4075,406.0
10:33:53,6824.66,6890.0,160.9972,431.0
10:33:53,6824.66,6895.0,20.5816,214.0
10:35:59,6824.66,6750.0,316.0475,631.0
10:35:59,6824.66,6755.0,94.329,311.0
10:35:59,6824.66,6760.0,333.7006,214.0
10:35:59,6824.66,6765.0,124.5062,308.0
10:35:59,6824.66,6770.0,135.2942,159.0
10:35:59,6824.66,6775.0,669.08,187.0
10:35:59,6824.66,6780.0,571.6186,265.0
10:35:59,6824.66,6785.0,72.9899,154.0
10:35:59,6824.66,6790.0,584.2017,251.0
10:35:59,6824.66,6795.0,278.8364,193.0
10:35:59,6824.66,6800.0,3229.0581,770.0
10:35:59,6824.66,6805.0,178.8761,246.0
10:35:59,6824.66,6810.0,2197.6231,379.0
10:35:59,6824.66,6815.0,-36.2209,370.0
10:35:59,6824.66,6820.0,970.6779,963.0
10:35:59,6824.66,6825.0,1193.659,855.0
10:35:59,6824.66,6830.0,1019.7419,577.0
10:35:59,6824.66,6835.0,81.532,299.0
10:35:59,6824.66,6840.0,731.8587,519.0
10:35:59,6824.66,6845.0,-21.0401,420.0
10:35:59,6824.66,6850.0,1982.9418,673.0
10:35:59,6824.66,6855.0,95.7337,338.0
10:35:59,6824.66,6860.0,510.0822,573.0
10:35:59,6824.66,6865.0,181.8599,770.0
10:35:59,6824.66,6870.0,533.7653,501.0
10:35:59,6824.66,6875.0,352.6285,783.0
10:35:59,6824.66,6880.0,236.8763,501.0
10:35:59,6824.66,6885.0,56.9386,411.0
10:35:59,6824.66,6890.0,160.9972,432.0
10:35:59,6824.66,6895.0,20.7739,216.0
10:38:06,6824.66,6750.0,309.2704,631.0
10:38:06,6824.66,6755.0,90.4215,314.0
10:38:06,6824.66,6760.0,327.6044,214.0
10:38:06,6824.66,6765.0,126.6782,310.0
10:38:06,6824.66,6770.0,132.3578,159.0
10:38:06,6824.66,6775.0,664.6263,187.0
10:38:06,6824.66,6780.0,553.7055,268.0
10:38:06,6824.66,6785.0,71.1995,154.0
10:38:06,6824.66,6790.0,578.953,265.0
10:38:06,6824.66,6795.0,277.3237,193.0
10:38:06,6824.66,6800.0,3223.285,770.0
10:38:06,6824.66,6805.0,178.0026,246.0
10:38:06,6824.66,6810.0,2191.0441,383.0
10:38:06,6824.66,6815.0,-37.1912,375.0
10:38:06,6824.66,6820.0,986.8968,965.0
10:38:06,6824.66,6825.0,1223.9036,869.0
10:38:06,6824.66,6830.0,1045.5543,577.0
10:38:06,6824.66,6835.0,85.6995,304.0
10:38:06,6824.66,6840.0,751.0366,520.0
10:38:06,6824.66,6845.0,-21.7502,420.0
10:38:06,6824.66,6850.0,2058.448,673.0
10:38:06,6824.66,6855.0,100.6914,340.0
10:38:06,6824.66,6860.0,533.8224,574.0
10:38:06,6824.66,6865.0,188.5161,771.0
10:38:06,6824.66,6870.0,536.0441,502.0
10:38:06,6824.66,6875.0,355.5849,783.0
10:38:06,6824.66,6880.0,238.1632,502.0
10:38:06,6824.66,6885.0,55.311,411.0
10:38:06,6824.66,6890.0,167.7805,432.0
10:38:06,6824.66,6895.0,20.8785,216.0
10:40:12,6824.66,6750.0,307.2985,632.0
10:40:12,6824.66,6755.0,91.9871,314.0
10:40:12,6824.66,6760.0,326.733,214.0
10:40:12,6824.66,6765.0,126.0165,310.0
10:40:12,6824.66,6770.0,134.8604,160.0
10:40:12,6824.66,6775.0,664.6263,187.0
10:40:12,6824.66,6780.0,566.6135,268.0
10:40:12,6824.66,6785.0,72.639,154.0
10:40:12,6824.66,6790.0,580.6498,266.0
10:40:12,6824.66,6795.0,278.9972,193.0
10:40:12,6824.66,6800.0,3241.3593,770.0
10:40:12,6824.66,6805.0,178.799,246.0
10:40:12,6824.66,6810.0,2219.3164,383.0
10:40:12,6824.66,6815.0,-37.0561,375.0
10:40:12,6824.66,6820.0,989.4312,969.0
10:40:12,6824.66,6825.0,1226.6092,870.0
10:40:12,6824.66,6830.0,1047.0934,578.0
10:40:12,6824.66,6835.0,85.9128,304.0
10:40:12,6824.66,6840.0,758.978,521.0
10:40:12,6824.66,6845.0,-21.5164,421.0
10:40:12,6824.66,6850.0,2053.1806,674.0
10:40:12,6824.66,6855.0,100.0369,341.0
10:40:12,6824.66,6860.0,522.8235,575.0
10:40:12,6824.66,6865.0,183.8244,771.0
10:40:12,6824.66,6870.0,536.0441,502.0
10:40:12,6824.66,6875.0,355.5849,784.0
10:40:12,6824.66,6880.0,239.3131,502.0
10:40:12,6824.66,6885.0,55.5886,411.0
10:40:12,6824.66,6890.0,163.6036,432.0
10:40:12,6824.66,6895.0,20.9922,216.0
10:42:52,6824.66,6750.0,307.2985,632.0
10:42:52,6824.66,6755.0,91.9871,314.0
10:42:52,6824.66,6760.0,326.733,214.0
10:42:52,6824.66,6765.0,126.0165,310.0
10:42:52,6824.66,6770.0,134.8604,160.0
10:42:52,6824.66,6775.0,664.6263,187.0
10:42:52,6824.66,6780.0,566.6135,268.0
10:42:52,6824.66,6785.0,72.639,154.0
10:42:52,6824.66,6790.0,580.6498,266.0
10:42:52,6824.66,6795.0,278.9972,193.0
10:42:52,6824.66,6800.0,3241.3593,770.0
10:42:52,6824.66,6805.0,178.799,246.0
10:42:52,6824.66,6810.0,2219.3164,383.0
10:42:52,6824.66,6815.0,-37.0561,375.0
10:42:52,6824.66,6820.0,989.4312,969.0
10:42:52,6824.66,6825.0,1226.6092,870.0
10:42:52,6824.66,6830.0,1047.0934,578.0
10:42:52,6824.66,6835.0,85.9128,304.0
10:42:52,6824.66,6840.0,758.978,521.0
10:42:52,6824.66,6845.0,-21.5164,421.0
10:42:52,6824.66,6850.0,2053.1806,674.0
10:42:52,6824.66,6855.0,100.0369,341.0
10:42:52,6824.66,6860.0,522.8235,575.0
10:42:52,6824.66,6865.0,183.8244,771.0
10:42:52,6824.66,6870.0,536.0441,502.0
10:42:52,6824.66,6875.0,355.5849,784.0
10:42:52,6824.66,6880.0,239.3131,502.0
10:42:52,6824.66,6885.0,55.5886,411.0
10:42:52,6824.66,6890.0,163.6036,432.0
10:42:52,6824.66,6895.0,20.9922,216.0
10:45:38,6824.66,6750.0,307.2985,648.0
10:45:38,6824.66,6755.0,91.9871,316.0
10:45:38,6824.66,6760.0,326.733,214.0
10:45:38,6824.66,6765.0,126.0165,311.0
10:45:38,6824.66,6770.0,134.8604,163.0
10:45:38,6824.66,6775.0,664.6263,188.0
10:45:38,6824.66,6780.0,566.6135,269.0
10:45:38,6824.66,6785.0,72.639,154.0
10:45:38,6824.66,6790.0,580.6498,266.0
10:45:38,6824.66,6795.0,278.9972,193.0
10:45:38,6824.66,6800.0,3241.3593,780.0
10:45:38,6824.66,6805.0,178.799,248.0
10:45:38,6824.66,6810.0,2219.3164,392.0
10:45:38,6824.66,6815.0,-32.3753,393.0
10:45:38,6824.66,6820.0,989.4312,1004.0
10:45:38,6824.66,6825.0,1226.6092,873.0
10:45:38,6824.66,6830.0,1047.0934,588.0
10:45:38,6824.66,6835.0,85.9128,304.0
10:45:38,6824.66,6840.0,758.978,523.0
10:45:38,6824.66,6845.0,-25.0437,431.0
10:45:38,6824.66,6850.0,2053.1806,684.0
10:45:38,6824.66,6855.0,100.3373,342.0
10:45:38,6824.66,6860.0,522.8235,580.0
10:45:38,6824.66,6865.0,184.7781,775.0
10:45:38,6824.66,6870.0,536.0441,504.0
10:45:38,6824.66,6875.0,355.5849,785.0
10:45:38,6824.66,6880.0,239.3131,505.0
10:45:38,6824.66,6885.0,55.5886,411.0
10:45:38,6824.66,6890.0,163.6036,432.0
10:45:38,6824.66,6895.0,20.9922,216.0
10:52:50,6824.66,6750.0,308.6789,648.0
10:52:50,6824.66,6755.0,92.2856,316.0
10:52:50,6824.66,6760.0,322.557,214.0
10:52:50,6824.66,6765.0,126.0165,311.0
10:52:50,6824.66,6770.0,134.8604,163.0
10:52:50,6824.66,6775.0,664.6263,188.0
10:52:50,6824.66,6780.0,566.6135,269.0
10:52:50,6824.66,6785.0,72.639,154.0
10:52:50,6824.66,6790.0,580.6498,266.0
10:52:50,6824.66,6795.0,278.9972,193.0
10:52:50,6824.66,6800.0,3241.3593,780.0
10:52:50,6824.66,6805.0,178.799,248.0
10:52:50,6824.66,6810.0,2219.3164,392.0
10:52:50,6824.66,6815.0,-32.3753,393.0
10:52:50,6824.66,6820.0,989.4312,1004.0
10:52:50,6824.66,6825.0,1226.6092,873.0
10:52:50,6824.66,6830.0,1047.0934,588.0
10:52:50,6824.66,6835.0,85.9128,304.0
10:52:50,6824.66,6840.0,758.978,523.0
10:52:50,6824.66,6845.0,-25.0437,431.0
10:52:50,6824.66,6850.0,2053.1806,684.0
10:52:50,6824.66,6855.0,100.3373,342.0
10:52:50,6824.66,6860.0,522.8235,580.0
10:52:50,6824.66,6865.0,184.7781,775.0
10:52:50,6824.66,6870.0,536.0441,504.0
10:52:50,6824.66,6875.0,355.5849,785.0
10:52:50,6824.66,6880.0,239.3131,505.0
10:52:50,6824.66,6885.0,55.5886,411.0
10:52:50,6824.66,6890.0,159.9737,432.0
10:52:50,6824.66,6895.0,20.4469,216.0
11:20:47,6824.66,6750.0,308.6789,648.0
11:20:47,6824.66,6755.0,92.2856,316.0
11:20:47,6824.66,6760.0,322.557,214.0
11:20:47,6824.66,6765.0,126.0165,311.0
11:20:47,6824.66,6770.0,134.8604,163.0
11:20:47,6824.66,6775.0,664.6263,188.0
11:20:47,6824.66,6780.0,566.6135,269.0
11:20:47,6824.66,6785.0,72.639,154.0
11:20:47,6824.66,6790.0,580.6498,266.0
11:20:47,6824.66,6795.0,278.9972,193.0
11:20:47,6824.66,6800.0,3241.3593,780.0
11:20:47,6824.66,6805.0,178.799,248.0
11:20:47,6824.66,6810.0,2219.3164,392.0
11:20:47,6824.66,6815.0,-32.3753,393.0
11:20:47,6824.66,6820.0,989.4312,1004.0
11:20:47,6824.66,6825.0,1226.6092,873.0
11:20:47,6824.66,6830.0,1047.0934,588.0
11:20:47,6824.66,6835.0,85.9128,304.0
11:20:47,6824.66,6840.0,758.978,523.0
11:20:47,6824.66,6845.0,-25.0437,431.0
11:20:47,6824.66,6850.0,2053.1806,684.0
11:20:47,6824.66,6855.0,100.3373,342.0
11:20:47,6824.66,6860.0,522.8235,580.0
11:20:47,6824.66,6865.0,184.7781,775.0
11:20:47,6824.66,6870.0,536.0441,504.0
11:20:47,6824.66,6875.0,355.5849,785.0
11:20:47,6824.66,6880.0,239.3131,505.0
11:20:47,6824.66,6885.0,55.5886,411.0
11:20:47,6824.66,6890.0,159.9737,432.0
11:20:47,6824.66,6895.0,20.4469,216.0
11:54:17,6824.66,6750.0,308.6789,648.0
11:54:17,6824.66,6755.0,92.2856,316.0
11:54:17,6824.66,6760.0,322.557,214.0
11:54:17,6824.66,6765.0,126.0165,311.0
11:54:17,6824.66,6770.0,134.8604,163.0
11:54:17,6824.66,6775.0,664.6263,188.0
11:54:17,6824.66,6780.0,566.6135,269.0
11:54:17,6824.66,6785.0,72.639,154.0
11:54:17,6824.66,6790.0,580.6498,266.0
11:54:17,6824.66,6795.0,278.9972,193.0
11:54:17,6824.66,6800.0,3241.3593,780.0
11:54:17,6824.66,6805.0,178.799,248.0
11:54:17,6824.66,6810.0,2219.3164,392.0
11:54:17,6824.66,6815.0,-32.3753,393.0
11:54:17,6824.66,6820.0,989.4312,1004.0
11:54:17,6824.66,6825.0,1226.6092,873.0
11:54:17,6824.66,6830.0,1047.0934,588.0
11:54:17,6824.66,6835.0,85.9128,304.0
11:54:17,6824.66,6840.0,758.978,523.0
11:54:17,6824.66,6845.0,-25.0437,431.0
11:54:17,6824.66,6850.0,2053.1806,684.0
11:54:17,6824.66,6855.0,100.3373,342.0
11:54:17,6824.66,6860.0,522.8235,580.0
11:54:17,6824.66,6865.0,184.7781,775.0
11:54:17,6824.66,6870.0,536.0441,504.0
11:54:17,6824.66,6875.0,355.5849,785.0
11:54:17,6824.66,6880.0,239.3131,505.0
11:54:17,6824.66,6885.0,55.5886,411.0
11:54:17,6824.66,6890.0,159.9737,432.0
11:54:17,6824.66,6895.0,20.4469,216.0
12:42:20,6824.66,6750.0,308.6789,648.0
12:42:20,6824.66,6755.0,92.2856,316.0
12:42:20,6824.66,6760.0,322.557,214.0
12:42:20,6824.66,6765.0,126.0165,311.0
12:42:20,6824.66,6770.0,134.8604,163.0
12:42:20,6824.66,6775.0,664.6263,188.0
12:42:20,6824.66,6780.0,566.6135,269.0
12:42:20,6824.66,6785.0,72.639,154.0
12:42:20,6824.66,6790.0,580.6498,266.0
12:42:20,6824.66,6795.0,278.9972,193.0
12:42:20,6824.66,6800.0,3241.3593,780.0
12:42:20,6824.66,6805.0,178.799,248.0
12:42:20,6824.66,6810.0,2219.3164,392.0
12:42:20,6824.66,6815.0,-32.3753,393.0
12:42:20,6824.66,6820.0,989.4312,1004.0
12:42:20,6824.66,6825.0,1226.6092,873.0
12:42:20,6824.66,6830.0,1047.0934,588.0
12:42:20,6824.66,6835.0,85.9128,304.0
12:42:20,6824.66,6840.0,758.978,523.0
12:42:20,6824.66,6845.0,-25.0437,431.0
12:42:20,6824.66,6850.0,2053.1806,684.0
12:42:20,6824.66,6855.0,100.3373,342.0
12:42:20,6824.66,6860.0,522.8235,580.0
12:42:20,6824.66,6865.0,184.7781,775.0
12:42:20,6824.66,6870.0,536.0441,504.0
12:42:20,6824.66,6875.0,355.5849,785.0
12:42:20,6824.66,6880.0,239.3131,505.0
12:42:20,6824.66,6885.0,55.5886,411.0
12:42:20,6824.66,6890.0,159.9737,432.0
12:42:20,6824.66,6895.0,20.4469,216.0
12:45:12,6824.66,6750.0,308.6789,648.0
12:45:12,6824.66,6755.0,92.2856,316.0
12:45:12,6824.66,6760.0,322.557,214.0
12:45:12,6824.66,6765.0,126.0165,311.0
12:45:12,6824.66,6770.0,134.8604,163.0
12:45:12,6824.66,6775.0,664.6263,188.0
12:45:12,6824.66,6780.0,566.6135,269.0
12:45:12,6824.66,6785.0,72.639,154.0
12:45:12,6824.66,6790.0,580.6498,266.0
12:45:12,6824.66,6795.0,278.9972,193.0
12:45:12,6824.66,6800.0,3241.3593,780.0
12:45:12,6824.66,6805.0,178.799,248.0
12:45:12,6824.66,6810.0,2219.3164,392.0
12:45:12,6824.66,6815.0,-32.3753,393.0
12:45:12,6824.66,6820.0,989.4312,1004.0
12:45:12,6824.66,6825.0,1226.6092,873.0
12:45:12,6824.66,6830.0,1047.0934,588.0
12:45:12,6824.66,6835.0,85.9128,304.0
12:45:12,6824.66,6840.0,758.978,523.0
12:45:12,6824.66,6845.0,-25.0437,431.0
12:45:12,6824.66,6850.0,2053.1806,684.0
12:45:12,6824.66,6855.0,100.3373,342.0
12:45:12,6824.66,6860.0,522.8235,580.0
12:45:12,6824.66,6865.0,184.7781,775.0
12:45:12,6824.66,6870.0,536.0441,504.0
12:45:12,6824.66,6875.0,355.5849,785.0
12:45:12,6824.66,6880.0,239.3131,505.0
12:45:12,6824.66,6885.0,55.5886,411.0
12:45:12,6824.66,6890.0,159.9737,432.0
12:45:12,6824.66,6895.0,20.4469,216.0
13:20:37,6824.66,6750.0,308.6789,648.0
13:20:37,6824.66,6755.0,92.2856,316.0
13:20:37,6824.66,6760.0,322.557,214.0
13:20:37,6824.66,6765.0,126.0165,311.0
13:20:37,6824.66,6770.0,134.8604,163.0
13:20:37,6824.66,6775.0,664.6263,188.0
13:20:37,6824.66,6780.0,566.6135,269.0
13:20:37,6824.66,6785.0,72.639,154.0
13:20:37,6824.66,6790.0,580.6498,266.0
13:20:37,6824.66,6795.0,278.9972,193.0
13:20:37,6824.66,6800.0,3241.3593,780.0
13:20:37,6824.66,6805.0,178.799,248.0
13:20:37,6824.66,6810.0,2219.3164,392.0
13:20:37,6824.66,6815.0,-32.3753,393.0
13:20:37,6824.66,6820.0,989.4312,1004.0
13:20:37,6824.66,6825.0,1226.6092,873.0
13:20:37,6824.66,6830.0,1047.0934,588.0
13:20:37,6824.66,6835.0,85.9128,304.0
13:20:37,6824.66,6840.0,758.978,523.0
13:20:37,6824.66,6845.0,-25.0437,431.0
13:20:37,6824.66,6850.0,2053.1806,684.0
13:20:37,6824.66,6855.0,100.3373,342.0
13:20:37,6824.66,6860.0,522.8235,580.0
13:20:37,6824.66,6865.0,184.7781,775.0
13:20:37,6824.66,6870.0,536.0441,504.0
13:20:37,6824.66,6875.0,355.5849,785.0
13:20:37,6824.66,6880.0,239.3131,505.0
13:20:37,6824.66,6885.0,55.5886,411.0
13:20:37,6824.66,6890.0,159.9737,432.0
13:20:37,6824.66,6895.0,20.4469,216.0
13:30:48,6824.66,6750.0,308.6789,648.0
13:30:48,6824.66,6755.0,92.2856,316.0
13:30:48,6824.66,6760.0,322.557,214.0
13:30:48,6824.66,6765.0,126.0165,311.0
13:30:48,6824.66,6770.0,134.8604,163.0
13:30:48,6824.66,6775.0,664.6263,188.0
13:30:48,6824.66,6780.0,566.6135,269.0
13:30:48,6824.66,6785.0,72.639,154.0
13:30:48,6824.66,6790.0,580.6498,266.0
13:30:48,6824.66,6795.0,278.9972,193.0
13:30:48,6824.66,6800.0,3241.3593,780.0
13:30:48,6824.66,6805.0,178.799,248.0
13:30:48,6824.66,6810.0,2219.3164,392.0
13:30:48,6824.66,6815.0,-32.3753,393.0
13:30:48,6824.66,6820.0,989.4312,1004.0
13:30:48,6824.66,6825.0,1226.6092,873.0
13:30:48,6824.66,6830.0,1047.0934,588.0
13:30:48,6824.66,6835.0,85.9128,304.0
13:30:48,6824.66,6840.0,758.978,523.0
13:30:48,6824.66,6845.0,-25.0437,431.0
13:30:48,6824.66,6850.0,2053.1806,684.0
13:30:48,6824.66,6855.0,100.3373,342.0
13:30:48,6824.66,6860.0,522.8235,580.0
13:30:48,6824.66,6865.0,184.7781,775.0
13:30:48,6824.66,6870.0,536.0441,504.0
13:30:48,6824.66,6875.0,355.5849,785.0
13:30:48,6824.66,6880.0,239.3131,505.0
13:30:48,6824.66,6885.0,55.5886,411.0
13:30:48,6824.66,6890.0,159.9737,432.0
13:30:48,6824.66,6895.0,20.4469,216.0
13:32:55,6824.66,6750.0,308.6789,648.0
13:32:55,6824.66,6755.0,92.2856,316.0
13:32:55,6824.66,6760.0,322.557,214.0
13:32:55,6824.66,6765.0,126.0165,311.0
13:32:55,6824.66,6770.0,134.8604,163.0
13:32:55,6824.66,6775.0,664.6263,188.0
13:32:55,6824.66,6780.0,566.6135,269.0
13:32:55,6824.66,6785.0,72.639,154.0
13:32:55,6824.66,6790.0,580.6498,266.0
13:32:55,6824.66,6795.0,278.9972,193.0
13:32:55,6824.66,6800.0,3241.3593,780.0
13:32:55,6824.66,6805.0,178.799,248.0
13:32:55,6824.66,6810.0,2219.3164,392.0
13:32:55,6824.66,6815.0,-32.3753,393.0
13:32:55,6824.66,6820.0,989.4312,1004.0
13:32:55,6824.66,6825.0,1226.6092,873.0
13:32:55,6824.66,6830.0,1047.0934,588.0
13:32:55,6824.66,6835.0,85.9128,304.0
13:32:55,6824.66,6840.0,758.978,523.0
13:32:55,6824.66,6845.0,-25.0437,431.0
13:32:55,6824.66,6850.0,2053.1806,684.0
13:32:55,6824.66,6855.0,100.3373,342.0
13:32:55,6824.66,6860.0,522.8235,580.0
13:32:55,6824.66,6865.0,184.7781,775.0
13:32:55,6824.66,6870.0,536.0441,504.0
13:32:55,6824.66,6875.0,355.5849,785.0
13:32:55,6824.66,6880.0,239.3131,505.0
13:32:55,6824.66,6885.0,55.5886,411.0
13:32:55,6824.66,6890.0,159.9737,432.0
13:32:55,6824.66,6895.0,20.4469,216.0
13:35:01,6824.66,6750.0,308.6789,648.0
13:35:01,6824.66,6755.0,92.2856,316.0
13:35:01,6824.66,6760.0,322.557,214.0
13:35:01,6824.66,6765.0,126.0165,311.0
13:35:01,6824.66,6770.0,134.8604,163.0
13:35:01,6824.66,6775.0,664.6263,188.0
13:35:01,6824.66,6780.0,566.6135,269.0
13:35:01,6824.66,6785.0,72.639,154.0
13:35:01,6824.66,6790.0,580.6498,266.0
13:35:01,6824.66,6795.0,278.9972,193.0
13:35:01,6824.66,6800.0,3241.3593,780.0
13:35:01,6824.66,6805.0,178.799,248.0
13:35:01,6824.66,6810.0,2219.3164,392.0
13:35:01,6824.66,6815.0,-32.3753,393.0
13:35:01,6824.66,6820.0,989.4312,1004.0
13:35:01,6824.66,6825.0,1226.6092,873.0
13:35:01,6824.66,6830.0,1047.0934,588.0
13:35:01,6824.66,6835.0,85.9128,304.0
13:35:01,6824.66,6840.0,758.978,523.0
13:35:01,6824.66,6845.0,-25.0437,431.0
13:35:01,6824.66,6850.0,2053.1806,684.0
13:35:01,6824.66,6855.0,100.3373,342.0
13:35:01,6824.66,6860.0,522.8235,580.0
13:35:01,6824.66,6865.0,184.7781,775.0
13:35:01,6824.66,6870.0,536.0441,504.0
13:35:01,6824.66,6875.0,355.5849,785.0
13:35:01,6824.66,6880.0,239.3131,505.0
13:35:01,6824.66,6885.0,55.5886,411.0
13:35:01,6824.66,6890.0,159.9737,432.0
13:35:01,6824.66,6895.0,20.4469,216.0
13:37:08,6824.66,6750.0,308.6789,648.0
13:37:08,6824.66,6755.0,92.2856,316.0
13:37:08,6824.66,6760.0,322.557,214.0
13:37:08,6824.66,6765.0,126.0165,311.0
13:37:08,6824.66,6770.0,134.8604,163.0
13:37:08,6824.66,6775.0,664.6263,188.0
13:37:08,6824.66,6780.0,566.6135,269.0
13:37:08,6824.66,6785.0,72.639,154.0
13:37:08,6824.66,6790.0,580.6498,266.0
13:37:08,6824.66,6795.0,278.9972,193.0
13:37:08,6824.66,6800.0,3241.3593,780.0
13:37:08,6824.66,6805.0,178.799,248.0
13:37:08,6824.66,6810.0,2219.3164,392.0
13:37:08,6824.66,6815.0,-32.3753,393.0
13:37:08,6824.66,6820.0,989.4312,1004.0
13:37:08,6824.66,6825.0,1226.6092,873.0
13:37:08,6824.66,6830.0,1047.0934,588.0
13:37:08,6824.66,6835.0,85.9128,304.0
13:37:08,6824.66,6840.0,758.978,523.0
13:37:08,6824.66,6845.0,-25.0437,431.0
13:37:08,6824.66,6850.0,2053.1806,684.0
13:37:08,6824.66,6855.0,100.3373,342.0
13:37:08,6824.66,6860.0,522.8235,580.0
13:37:08,6824.66,6865.0,184.7781,775.0
13:37:08,6824.66,6870.0,536.0441,504.0
13:37:08,6824.66,6875.0,355.5849,785.0
13:37:08,6824.66,6880.0,239.3131,505.0
13:37:08,6824.66,6885.0,55.5886,411.0
13:37:08,6824.66,6890.0,159.9737,432.0
13:37:08,6824.66,6895.0,20.4469,216.0
13:39:14,6824.66,6750.0,308.6789,648.0
13:39:14,6824.66,6755.0,92.2856,316.0
13:39:14,6824.66,6760.0,322.557,214.0
13:39:14,6824.66,6765.0,126.0165,311.0
13:39:14,6824.66,6770.0,134.8604,163.0
13:39:14,6824.66,6775.0,664.6263,188.0
13:39:14,6824.66,6780.0,566.6135,269.0
13:39:14,6824.66,6785.0,72.639,154.0
13:39:14,6824.66,6790.0,580.6498,266.0
13:39:14,6824.66,6795.0,278.9972,193.0
13:39:14,6824.66,6800.0,3241.3593,780.0
13:39:14,6824.66,6805.0,178.799,248.0
13:39:14,6824.66,6810.0,2219.3164,392.0
13:39:14,6824.66,6815.0,-32.3753,393.0
13:39:14,6824.66,6820.0,989.4312,1004.0
13:39:14,6824.66,6825.0,1226.6092,873.0
13:39:14,6824.66,6830.0,1047.0934,588.0
13:39:14,6824.66,6835.0,85.9128,304.0
13:39:14,6824.66,6840.0,758.978,523.0
13:39:14,6824.66,6845.0,-25.0437,431.0
13:39:14,6824.66,6850.0,2053.1806,684.0
13:39:14,6824.66,6855.0,100.3373,342.0
13:39:14,6824.66,6860.0,522.8235,580.0
13:39:14,6824.66,6865.0,184.7781,775.0
13:39:14,6824.66,6870.0,536.0441,504.0
13:39:14,6824.66,6875.0,355.5849,785.0
13:39:14,6824.66,6880.0,239.3131,505.0
13:39:14,6824.66,6885.0,55.5886,411.0
13:39:14,6824.66,6890.0,159.9737,432.0
13:39:14,6824.66,6895.0,20.4469,216.0
13:41:21,6824.66,6750.0,308.6789,648.0
13:41:21,6824.66,6755.0,92.2856,316.0
13:41:21,6824.66,6760.0,322.557,214.0
13:41:21,6824.66,6765.0,126.0165,311.0
13:41:21,6824.66,6770.0,134.8604,163.0
13:41:21,6824.66,6775.0,664.6263,188.0
13:41:21,6824.66,6780.0,566.6135,269.0
13:41:21,6824.66,6785.0,72.639,154.0
13:41:21,6824.66,6790.0,580.6498,266.0
13:41:21,6824.66,6795.0,278.9972,193.0
13:41:21,6824.66,6800.0,3241.3593,780.0
13:41:21,6824.66,6805.0,178.799,248.0
13:41:21,6824.66,6810.0,2219.3164,392.0
13:41:21,6824.66,6815.0,-32.3753,393.0
13:41:21,6824.66,6820.0,989.4312,1004.0
13:41:21,6824.66,6825.0,1226.6092,873.0
13:41:21,6824.66,6830.0,1047.0934,588.0
13:41:21,6824.66,6835.0,85.9128,304.0
13:41:21,6824.66,6840.0,758.978,523.0
13:41:21,6824.66,6845.0,-25.0437,431.0
13:41:21,6824.66,6850.0,2053.1806,684.0
13:41:21,6824.66,6855.0,100.3373,342.0
13:41:21,6824.66,6860.0,522.8235,580.0
13:41:21,6824.66,6865.0,184.7781,775.0
13:41:21,6824.66,6870.0,536.0441,504.0
13:41:21,6824.66,6875.0,355.5849,785.0
13:41:21,6824.66,6880.0,239.3131,505.0
13:41:21,6824.66,6885.0,55.5886,411.0
13:41:21,6824.66,6890.0,159.9737,432.0
13:41:21,6824.66,6895.0,20.4469,216.0
13:43:27,6824.66,6750.0,308.6789,648.0
13:43:27,6824.66,6755.0,92.2856,316.0
13:43:27,6824.66,6760.0,322.557,214.0
13:43:27,6824.66,6765.0,126.0165,311.0
13:43:27,6824.66,6770.0,134.8604,163.0
13:43:27,6824.66,6775.0,664.6263,188.0
13:43:27,6824.66,6780.0,566.6135,269.0
13:43:27,6824.66,6785.0,72.639,154.0
13:43:27,6824.66,6790.0,580.6498,266.0
13:43:27,6824.66,6795.0,278.9972,193.0
13:43:27,6824.66,6800.0,3241.3593,780.0
13:43:27,6824.66,6805.0,178.799,248.0
13:43:27,6824.66,6810.0,2219.3164,392.0
13:43:27,6824.66,6815.0,-32.3753,393.0
13:43:27,6824.66,6820.0,989.4312,1004.0
13:43:27,6824.66,6825.0,1226.6092,873.0
13:43:27,6824.66,6830.0,1047.0934,588.0
13:43:27,6824.66,6835.0,85.9128,304.0
13:43:27,6824.66,6840.0,758.978,523.0
13:43:27,6824.66,6845.0,-25.0437,431.0
13:43:27,6824.66,6850.0,2053.1806,684.0
13:43:27,6824.66,6855.0,100.3373,342.0
13:43:27,6824.66,6860.0,522.8235,580.0
13:43:27,6824.66,6865.0,184.7781,775.0
13:43:27,6824.66,6870.0,536.0441,504.0
13:43:27,6824.66,6875.0,355.5849,785.0
13:43:27,6824.66,6880.0,239.3131,505.0
13:43:27,6824.66,6885.0,55.5886,411.0
13:43:27,6824.66,6890.0,159.9737,432.0
13:43:27,6824.66,6895.0,20.4469,216.0
13:45:34,6824.66,6750.0,308.6789,648.0
13:45:34,6824.66,6755.0,92.2856,316.0
13:45:34,6824.66,6760.0,322.557,214.0
13:45:34,6824.66,6765.0,126.0165,311.0
13:45:34,6824.66,6770.0,134.8604,163.0
13:45:34,6824.66,6775.0,664.6263,188.0
13:45:34,6824.66,6780.0,566.6135,269.0
13:45:34,6824.66,6785.0,72.639,154.0
13:45:34,6824.66,6790.0,580.6498,266.0
13:45:34,6824.66,6795.0,278.9972,193.0
13:45:34,6824.66,6800.0,3241.3593,780.0
13:45:34,6824.66,6805.0,178.799,248.0
13:45:34,6824.66,6810.0,2219.3164,392.0
13:45:34,6824.66,6815.0,-32.3753,393.0
13:45:34,6824.66,6820.0,989.4312,1004.0
13:45:34,6824.66,6825.0,1226.6092,873.0
13:45:34,6824.66,6830.0,1047.0934,588.0
13:45:34,6824.66,6835.0,85.9128,304.0
13:45:34,6824.66,6840.0,758.978,523.0
13:45:34,6824.66,6845.0,-25.0437,431.0
13:45:34,6824.66,6850.0,2053.1806,684.0
13:45:34,6824.66,6855.0,100.3373,342.0
13:45:34,6824.66,6860.0,522.8235,580.0
13:45:34,6824.66,6865.0,184.7781,775.0
13:45:34,6824.66,6870.0,536.0441,504.0
13:45:34,6824.66,6875.0,355.5849,785.0
13:45:34,6824.66,6880.0,239.3131,505.0
13:45:34,6824.66,6885.0,55.5886,411.0
13:45:34,6824.66,6890.0,159.9737,432.0
13:45:34,6824.66,6895.0,20.4469,216.0
13:47:41,6824.66,6750.0,308.6789,648.0
13:47:41,6824.66,6755.0,92.2856,316.0
13:47:41,6824.66,6760.0,322.557,214.0
13:47:41,6824.66,6765.0,126.0165,311.0
13:47:41,6824.66,6770.0,134.8604,163.0
13:47:41,6824.66,6775.0,664.6263,188.0
13:47:41,6824.66,6780.0,566.6135,269.0
13:47:41,6824.66,6785.0,72.639,154.0
13:47:41,6824.66,6790.0,580.6498,266.0
13:47:41,6824.66,6795.0,278.9972,193.0
13:47:41,6824.66,6800.0,3241.3593,780.0
13:47:41,6824.66,6805.0,178.799,248.0
13:47:41,6824.66,6810.0,2219.3164,392.0
13:47:41,6824.66,6815.0,-32.3753,393.0
13:47:41,6824.66,6820.0,989.4312,1004.0
13:47:41,6824.66,6825.0,1226.6092,873.0
13:47:41,6824.66,6830.0,1047.0934,588.0
13:47:41,6824.66,6835.0,85.9128,304.0
13:47:41,6824.66,6840.0,758.978,523.0
13:47:41,6824.66,6845.0,-25.0437,431.0
13:47:41,6824.66,6850.0,2053.1806,684.0
13:47:41,6824.66,6855.0,100.3373,342.0
13:47:41,6824.66,6860.0,522.8235,580.0
13:47:41,6824.66,6865.0,184.7781,775.0
13:47:41,6824.66,6870.0,536.0441,504.0
13:47:41,6824.66,6875.0,355.5849,785.0
13:47:41,6824.66,6880.0,239.3131,505.0
13:47:41,6824.66,6885.0,55.5886,411.0
13:47:41,6824.66,6890.0,159.9737,432.0
13:47:41,6824.66,6895.0,20.4469,216.0
13:49:47,6824.66,6750.0,308.6789,648.0
13:49:47,6824.66,6755.0,92.2856,316.0
13:49:47,6824.66,6760.0,322.557,214.0
13:49:47,6824.66,6765.0,126.0165,311.0
13:49:47,6824.66,6770.0,134.8604,163.0
13:49:47,6824.66,6775.0,664.6263,188.0
13:49:47,6824.66,6780.0,566.6135,269.0
13:49:47,6824.66,6785.0,72.639,154.0
13:49:47,6824.66,6790.0,580.6498,266.0
13:49:47,6824.66,6795.0,278.9972,193.0
13:49:47,6824.66,6800.0,3241.3593,780.0
13:49:47,6824.66,6805.0,178.799,248.0
13:49:47,6824.66,6810.0,2219.3164,392.0
13:49:47,6824.66,6815.0,-32.3753,393.0
13:49:47,6824.66,6820.0,989.4312,1004.0
13:49:47,6824.66,6825.0,1226.6092,873.0
13:49:47,6824.66,6830.0,1047.0934,588.0
13:49:47,6824.66,6835.0,85.9128,304.0
13:49:47,6824.66,6840.0,758.978,523.0
13:49:47,6824.66,6845.0,-25.0437,431.0
13:49:47,6824.66,6850.0,2053.1806,684.0
13:49:47,6824.66,6855.0,100.3373,342.0
13:49:47,6824.66,6860.0,522.8235,580.0
13:49:47,6824.66,6865.0,184.7781,775.0
13:49:47,6824.66,6870.0,536.0441,504.0
13:49:47,6824.66,6875.0,355.5849,785.0
13:49:47,6824.66,6880.0,239.3131,505.0
13:49:47,6824.66,6885.0,55.5886,411.0
13:49:47,6824.66,6890.0,159.9737,432.0
13:49:47,6824.66,6895.0,20.4469,216.0
13:51:54,6824.66,6750.0,308.6789,648.0
13:51:54,6824.66,6755.0,92.2856,316.0
13:51:54,6824.66,6760.0,322.557,214.0
13:51:54,6824.66,6765.0,126.0165,311.0
13:51:54,6824.66,6770.0,134.8604,163.0
13:51:54,6824.66,6775.0,664.6263,188.0
13:51:54,6824.66,6780.0,566.6135,269.0
13:51:54,6824.66,6785.0,72.639,154.0
13:51:54,6824.66,6790.0,580.6498,266.0
13:51:54,6824.66,6795.0,278.9972,193.0
13:51:54,6824.66,6800.0,3241.3593,780.0
13:51:54,6824.66,6805.0,178.799,248.0
13:51:54,6824.66,6810.0,2219.3164,392.0
13:51:54,6824.66,6815.0,-32.3753,393.0
13:51:54,6824.66,6820.0,989.4312,1004.0
13:51:54,6824.66,6825.0,1226.6092,873.0
13:51:54,6824.66,6830.0,1047.0934,588.0
13:51:54,6824.66,6835.0,85.9128,304.0
13:51:54,6824.66,6840.0,758.978,523.0
13:51:54,6824.66,6845.0,-25.0437,431.0
13:51:54,6824.66,6850.0,2053.1806,684.0
13:51:54,6824.66,6855.0,100.3373,342.0
13:51:54,6824.66,6860.0,522.8235,580.0
13:51:54,6824.66,6865.0,184.7781,775.0
13:51:54,6824.66,6870.0,536.0441,504.0
13:51:54,6824.66,6875.0,355.5849,785.0
13:51:54,6824.66,6880.0,239.3131,505.0
13:51:54,6824.66,6885.0,55.5886,411.0
13:51:54,6824.66,6890.0,159.9737,432.0
13:51:54,6824.66,6895.0,20.4469,216.0
13:54:00,6824.66,6750.0,308.6789,648.0
13:54:00,6824.66,6755.0,92.2856,316.0
13:54:00,6824.66,6760.0,322.557,214.0
13:54:00,6824.66,6765.0,126.0165,311.0
13:54:00,6824.66,6770.0,134.8604,163.0
13:54:00,6824.66,6775.0,664.6263,188.0
13:54:00,6824.66,6780.0,566.6135,269.0
13:54:00,6824.66,6785.0,72.639,154.0
13:54:00,6824.66,6790.0,580.6498,266.0
13:54:00,6824.66,6795.0,278.9972,193.0
13:54:00,6824.66,6800.0,3241.3593,780.0
13:54:00,6824.66,6805.0,178.799,248.0
13:54:00,6824.66,6810.0,2219.3164,392.0
13:54:00,6824.66,6815.0,-32.3753,393.0
13:54:00,6824.66,6820.0,989.4312,1004.0
13:54:00,6824.66,6825.0,1226.6092,873.0
13:54:00,6824.66,6830.0,1047.0934,588.0
13:54:00,6824.66,6835.0,85.9128,304.0
13:54:00,6824.66,6840.0,758.978,523.0
13:54:00,6824.66,6845.0,-25.0437,431.0
13:54:00,6824.66,6850.0,2053.1806,684.0
13:54:00,6824.66,6855.0,100.3373,342.0
13:54:00,6824.66,6860.0,522.8235,580.0
13:54:00,6824.66,6865.0,184.7781,775.0
13:54:00,6824.66,6870.0,536.0441,504.0
13:54:00,6824.66,6875.0,355.5849,785.0
13:54:00,6824.66,6880.0,239.3131,505.0
13:54:00,6824.66,6885.0,55.5886,411.0
13:54:00,6824.66,6890.0,159.9737,432.0
13:54:00,6824.66,6895.0,20.4469,216.0
13:56:07,6824.66,6750.0,308.6789,648.0
13:56:07,6824.66,6755.0,92.2856,316.0
13:56:07,6824.66,6760.0,322.557,214.0
13:56:07,6824.66,6765.0,126.0165,311.0
13:56:07,6824.66,6770.0,134.8604,163.0
13:56:07,6824.66,6775.0,664.6263,188.0
13:56:07,6824.66,6780.0,566.6135,269.0
13:56:07,6824.66,6785.0,72.639,154.0
13:56:07,6824.66,6790.0,580.6498,266.0
13:56:07,6824.66,6795.0,278.9972,193.0
13:56:07,6824.66,6800.0,3241.3593,780.0
13:56:07,6824.66,6805.0,178.799,248.0
13:56:07,6824.66,6810.0,2219.3164,392.0
13:56:07,6824.66,6815.0,-32.3753,393.0
13:56:07,6824.66,6820.0,989.4312,1004.0
13:56:07,6824.66,6825.0,1226.6092,873.0
13:56:07,6824.66,6830.0,1047.0934,588.0
13:56:07,6824.66,6835.0,85.9128,304.0
13:56:07,6824.66,6840.0,758.978,523.0
13:56:07,6824.66,6845.0,-25.0437,431.0
13:56:07,6824.66,6850.0,2053.1806,684.0
13:56:07,6824.66,6855.0,100.3373,342.0
13:56:07,6824.66,6860.0,522.8235,580.0
13:56:07,6824.66,6865.0,184.7781,775.0
13:56:07,6824.66,6870.0,536.0441,504.0
13:56:07,6824.66,6875.0,355.5849,785.0
13:56:07,6824.66,6880.0,239.3131,505.0
13:56:07,6824.66,6885.0,55.5886,411.0
13:56:07,6824.66,6890.0,159.9737,432.0
13:56:07,6824.66,6895.0,20.4469,216.0
13:58:13,6824.66,6750.0,308.6789,648.0
13:58:13,6824.66,6755.0,92.2856,316.0
13:58:13,6824.66,6760.0,322.557,214.0
13:58:13,6824.66,6765.0,126.0165,311.0
13:58:13,6824.66,6770.0,134.8604,163.0
13:58:13,6824.66,6775.0,664.6263,188.0
13:58:13,6824.66,6780.0,566.6135,269.0
13:58:13,6824.66,6785.0,72.639,154.0
13:58:13,6824.66,6790.0,580.6498,266.0
13:58:13,6824.66,6795.0,278.9972,193.0
13:58:13,6824.66,6800.0,3241.3593,780.0
13:58:13,6824.66,6805.0,178.799,248.0
13:58:13,6824.66,6810.0,2219.3164,392.0
13:58:13,6824.66,6815.0,-32.3753,393.0
13:58:13,6824.66,6820.0,989.4312,1004.0
13:58:13,6824.66,6825.0,1226.6092,873.0
13:58:13,6824.66,6830.0,1047.0934,588.0
13:58:13,6824.66,6835.0,85.9128,304.0
13:58:13,6824.66,6840.0,758.978,523.0
13:58:13,6824.66,6845.0,-25.0437,431.0
13:58:13,6824.66,6850.0,2053.1806,684.0
13:58:13,6824.66,6855.0,100.3373,342.0
13:58:13,6824.66,6860.0,522.8235,580.0
13:58:13,6824.66,6865.0,184.7781,775.0
13:58:13,6824.66,6870.0,536.0441,504.0
13:58:13,6824.66,6875.0,355.5849,785.0
13:58:13,6824.66,6880.0,239.3131,505.0
13:58:13,6824.66,6885.0,55.5886,411.0
13:58:13,6824.66,6890.0,159.9737,432.0
13:58:13,6824.66,6895.0,20.4469,216.0
14:04:22,6824.66,6750.0,308.6789,648.0
14:04:22,6824.66,6755.0,92.2856,316.0
14:04:22,6824.66,6760.0,322.557,214.0
14:04:22,6824.66,6765.0,126.0165,311.0
14:04:22,6824.66,6770.0,134.8604,163.0
14:04:22,6824.66,6775.0,664.6263,188.0
14:04:22,6824.66,6780.0,566.6135,269.0
14:04:22,6824.66,6785.0,72.639,154.0
14:04:22,6824.66,6790.0,580.6498,266.0
14:04:22,6824.66,6795.0,278.9972,193.0
14:04:22,6824.66,6800.0,3241.3593,780.0
14:04:22,6824.66,6805.0,178.799,248.0
14:04:22,6824.66,6810.0,2219.3164,392.0
14:04:22,6824.66,6815.0,-32.3753,393.0
14:04:22,6824.66,6820.0,989.4312,1004.0
14:04:22,6824.66,6825.0,1226.6092,873.0
14:04:22,6824.66,6830.0,1047.0934,588.0
14:04:22,6824.66,6835.0,85.9128,304.0
14:04:22,6824.66,6840.0,758.978,523.0
14:04:22,6824.66,6845.0,-25.0437,431.0
14:04:22,6824.66,6850.0,2053.1806,684.0
14:04:22,6824.66,6855.0,100.3373,342.0
14:04:22,6824.66,6860.0,522.8235,580.0
14:04:22,6824.66,6865.0,184.7781,775.0
14:04:22,6824.66,6870.0,536.0441,504.0
14:04:22,6824.66,6875.0,355.5849,785.0
14:04:22,6824.66,6880.0,239.3131,505.0
14:04:22,6824.66,6885.0,55.5886,411.0
14:04:22,6824.66,6890.0,159.9737,432.0
14:04:22,6824.66,6895.0,20.4469,216.0
14:08:47,6824.66,6750.0,308.6789,648.0
14:08:47,6824.66,6755.0,92.2856,316.0
14:08:47,6824.66,6760.0,322.557,214.0
14:08:47,6824.66,6765.0,126.0165,311.0
14:08:47,6824.66,6770.0,134.8604,163.0
14:08:47,6824.66,6775.0,664.6263,188.0
14:08:47,6824.66,6780.0,566.6135,269.0
14:08:47,6824.66,6785.0,72.639,154.0
14:08:47,6824.66,6790.0,580.6498,266.0
14:08:47,6824.66,6795.0,278.9972,193.0
14:08:47,6824.66,6800.0,3241.3593,780.0
14:08:47,6824.66,6805.0,178.799,248.0
14:08:47,6824.66,6810.0,2219.3164,392.0
14:08:47,6824.66,6815.0,-32.3753,393.0
14:08:47,6824.66,6820.0,989.4312,1004.0
14:08:47,6824.66,6825.0,1226.6092,873.0
14:08:47,6824.66,6830.0,1047.0934,588.0
14:08:47,6824.66,6835.0,85.9128,304.0
14:08:47,6824.66,6840.0,758.978,523.0
14:08:47,6824.66,6845.0,-25.0437,431.0
14:08:47,6824.66,6850.0,2053.1806,684.0
14:08:47,6824.66,6855.0,100.3373,342.0
14:08:47,6824.66,6860.0,522.8235,580.0
14:08:47,6824.66,6865.0,184.7781,775.0
14:08:47,6824.66,6870.0,536.0441,504.0
14:08:47,6824.66,6875.0,355.5849,785.0
14:08:47,6824.66,6880.0,239.3131,505.0
14:08:47,6824.66,6885.0,55.5886,411.0
14:08:47,6824.66,6890.0,159.9737,432.0
14:08:47,6824.66,6895.0,20.4469,216.0
14:19:04,6824.66,6750.0,308.6789,648.0
14:19:04,6824.66,6755.0,92.2856,316.0
14:19:04,6824.66,6760.0,322.557,214.0
14:19:04,6824.66,6765.0,126.0165,311.0
14:19:04,6824.66,6770.0,134.8604,163.0
14:19:04,6824.66,6775.0,664.6263,188.0
14:19:04,6824.66,6780.0,566.6135,269.0
14:19:04,6824.66,6785.0,72.639,154.0
14:19:04,6824.66,6790.0,580.6498,266.0
14:19:04,6824.66,6795.0,278.9972,193.0
14:19:04,6824.66,6800.0,3241.3593,780.0
14:19:04,6824.66,6805.0,178.799,248.0
14:19:04,6824.66,6810.0,2219.3164,392.0
14:19:04,6824.66,6815.0,-32.3753,393.0
14:19:04,6824.66,6820.0,989.4312,1004.0
14:19:04,6824.66,6825.0,1226.6092,873.0
14:19:04,6824.66,6830.0,1047.0934,588.0
14:19:04,6824.66,6835.0,85.9128,304.0
14:19:04,6824.66,6840.0,758.978,523.0
14:19:04,6824.66,6845.0,-25.0437,431.0
14:19:04,6824.66,6850.0,2053.1806,684.0
14:19:04,6824.66,6855.0,100.3373,342.0
14:19:04,6824.66,6860.0,522.8235,580.0
14:19:04,6824.66,6865.0,184.7781,775.0
14:19:04,6824.66,6870.0,536.0441,504.0
14:19:04,6824.66,6875.0,355.5849,785.0
14:19:04,6824.66,6880.0,239.3131,505.0
14:19:04,6824.66,6885.0,55.5886,411.0
14:19:04,6824.66,6890.0,159.9737,432.0
14:19:04,6824.66,6895.0,20.4469,216.0
14:34:43,6824.66,6750.0,98.2173,2601.0
14:34:43,6824.66,6755.0,-11.0101,665.0
14:34:43,6824.66,6760.0,46.2107,512.0
14:34:43,6824.66,6765.0,-76.2605,744.0
14:34:43,6824.66,6770.0,-45.36,580.0
14:34:43,6824.66,6775.0,229.9098,478.0
14:34:43,6824.66,6780.0,-483.6629,583.0
14:34:43,6824.66,6785.0,-209.9422,313.0
14:34:43,6824.66,6790.0,204.6019,629.0
14:34:43,6824.66,6795.0,-162.2051,539.0
14:34:43,6824.66,6800.0,927.7249,2019.0
14:34:43,6824.66,6805.0,-134.0204,1248.0
14:34:43,6824.66,6810.0,1277.3615,1276.0
14:34:43,6824.66,6840.0,188.516,1168.0
14:34:43,6824.66,6845.0,290.8874,857.0
14:34:43,6824.66,6850.0,-209.9128,1398.0
14:34:43,6824.66,6855.0,470.4244,758.0
14:34:43,6824.66,6860.0,994.6147,1291.0
14:34:43,6824.66,6865.0,626.6718,1986.0
14:34:43,6824.66,6870.0,1210.3783,1879.0
14:34:43,6824.66,6875.0,716.2395,2158.0
14:34:43,6824.66,6880.0,759.3824,1467.0
14:34:43,6824.66,6885.0,199.4441,873.0
14:34:43,6824.66,6890.0,343.797,1660.0
14:34:43,6824.66,6895.0,118.6529,468.0
14:34:48,6824.66,6750.0,-50.6482,2601.0
14:34:48,6824.66,6755.0,-17.5726,665.0
14:34:48,6824.66,6760.0,63.9801,512.0
14:34:48,6824.66,6765.0,-89.0723,744.0
14:34:48,6824.66,6770.0,-47.002,580.0
14:34:48,6824.66,6775.0,215.9204,478.0
14:34:48,6824.66,6780.0,54.1544,593.0
14:34:48,6824.66,6785.0,19.4693,314.0
14:34:48,6824.66,6790.0,157.1326,629.0
14:34:48,6824.66,6795.0,153.3711,539.0
14:34:48,6824.66,6800.0,703.7217,2029.0
14:34:48,6824.66,6805.0,169.2957,1248.0
14:34:48,6824.66,6810.0,919.0894,1276.0
14:34:48,6824.66,6815.0,-67.2096,921.0
14:34:48,6824.66,6820.0,607.5258,1877.0
14:34:48,6824.66,6825.0,1064.2047,1976.0
14:34:48,6824.66,6830.0,1354.6524,1664.0
14:34:48,6824.66,6835.0,469.4204,837.0
14:34:48,6824.66,6840.0,1147.9293,1168.0
14:34:48,6824.66,6845.0,316.2716,857.0
14:34:48,6824.66,6850.0,2870.6797,1398.0
14:34:48,6824.66,6855.0,453.6662,759.0
14:34:48,6824.66,6860.0,1242.8419,1291.0
14:34:48,6824.66,6865.0,746.4422,1988.0
14:34:48,6824.66,6870.0,1644.0391,1879.0
14:34:48,6824.66,6875.0,1001.3184,2158.0
14:34:48,6824.66,6880.0,1095.2514,1467.0
14:34:48,6824.66,6885.0,298.0645,873.0
14:34:48,6824.66,6890.0,535.0687,1660.0
14:34:48,6824.66,6895.0,196.3242,468.0
14:34:50,6824.66,6750.0,-50.6482,2601.0
14:34:50,6824.66,6755.0,-17.5726,665.0
14:34:50,6824.66,6760.0,63.9801,512.0
14:34:50,6824.66,6765.0,-89.0723,744.0
14:34:50,6824.66,6770.0,-47.002,580.0
14:34:50,6824.66,6775.0,215.9204,478.0
14:34:50,6824.66,6780.0,54.1544,593.0
14:34:50,6824.66,6785.0,19.4693,314.0
14:34:50,6824.66,6790.0,157.1326,629.0
14:34:50,6824.66,6795.0,153.3711,539.0
14:34:50,6824.66,6800.0,703.7217,2030.0
14:34:50,6824.66,6805.0,169.2957,1248.0
14:34:50,6824.66,6810.0,919.0894,1276.0
14:34:50,6824.66,6815.0,-67.2096,921.0
14:34:50,6824.66,6820.0,607.5258,1877.0
14:34:50,6824.66,6825.0,1064.2047,1976.0
14:34:50,6824.66,6830.0,1354.6524,1665.0
14:34:50,6824.66,6835.0,469.4204,837.0
14:34:50,6824.66,6840.0,1147.9293,1168.0
14:34:50,6824.66,6845.0,316.2716,857.0
14:34:50,6824.66,6850.0,2870.6797,1398.0
14:34:50,6824.66,6855.0,453.6662,759.0
14:34:50,6824.66,6860.0,1242.8419,1291.0
14:34:50,6824.66,6865.0,746.4422,1988.0
14:34:50,6824.66,6870.0,1644.0391,1880.0
14:34:50,6824.66,6875.0,1001.3184,2158.0
14:34:50,6824.66,6880.0,1095.2514,1467.0
14:34:50,6824.66,6885.0,298.0645,873.0
14:34:50,6824.66,6890.0,535.0687,1660.0
14:34:50,6824.66,6895.0,196.3242,468.0
14:36:56,6824.66,6750.0,-52.5093,2614.0
14:36:56,6824.66,6755.0,-18.1766,681.0
14:36:56,6824.66,6760.0,64.8798,517.0
14:36:56,6824.66,6765.0,-92.7812,749.0
14:36:56,6824.66,6770.0,-48.5084,584.0
14:36:56,6824.66,6775.0,222.8138,489.0
14:36:56,6824.66,6780.0,55.2814,637.0
14:36:56,6824.66,6785.0,19.887,336.0
14:36:56,6824.66,6790.0,168.9802,654.0
14:36:56,6824.66,6795.0,158.4179,546.0
14:36:56,6824.66,6800.0,763.011,2054.0
14:36:56,6824.66,6805.0,174.4737,1254.0
14:36:56,6824.66,6810.0,907.2174,1287.0
14:36:56,6824.66,6815.0,-68.84,922.0
14:36:56,6824.66,6820.0,622.9914,1896.0
14:36:56,6824.66,6825.0,1085.1178,2013.0
14:36:56,6824.66,6830.0,1382.8045,1681.0
14:36:56,6824.66,6835.0,469.4204,857.0
14:36:56,6824.66,6840.0,1151.1209,1198.0
14:36:56,6824.66,6845.0,315.8802,873.0
14:36:56,6824.66,6850.0,2885.6587,1414.0
14:36:56,6824.66,6855.0,445.333,766.0
14:36:56,6824.66,6860.0,1208.5375,1343.0
14:36:56,6824.66,6865.0,696.0138,2308.0
14:36:56,6824.66,6870.0,1498.7977,1949.0
14:36:56,6824.66,6875.0,891.7251,2198.0
14:36:56,6824.66,6880.0,960.7972,1486.0
14:36:56,6824.66,6885.0,277.5755,918.0
14:36:56,6824.66,6890.0,495.2808,1671.0
14:36:56,6824.66,6895.0,172.12,479.0
14:39:04,6824.66,6750.0,-51.6619,2631.0
14:39:04,6824.66,6755.0,-17.8784,687.0
14:39:04,6824.66,6760.0,64.2988,525.0
14:39:04,6824.66,6765.0,-89.5743,785.0
14:39:04,6824.66,6770.0,-39.9306,605.0
14:39:04,6824.66,6775.0,211.5485,522.0
14:39:04,6824.66,6780.0,53.9189,653.0
14:39:04,6824.66,6785.0,23.5536,337.0
14:39:04,6824.66,6790.0,174.7918,684.0
14:39:04,6824.66,6795.0,155.4718,547.0
14:39:04,6824.66,6800.0,716.2181,2074.0
14:39:04,6824.66,6805.0,173.2406,1260.0
14:39:04,6824.66,6810.0,949.4149,1290.0
14:39:04,6824.66,6815.0,-68.9995,924.0
14:39:04,6824.66,6820.0,625.348,1924.0
14:39:04,6824.66,6825.0,1094.678,2063.0
14:39:04,6824.66,6830.0,1394.0954,1691.0
14:39:04,6824.66,6835.0,480.411,914.0
14:39:04,6824.66,6840.0,1171.4737,1369.0
14:39:04,6824.66,6845.0,322.3991,878.0
14:39:04,6824.66,6850.0,2904.3045,1461.0
14:39:04,6824.66,6855.0,441.6116,772.0
14:39:04,6824.66,6860.0,1208.5375,1372.0
14:39:04,6824.66,6865.0,693.2634,2442.0
14:39:04,6824.66,6870.0,1576.1895,2018.0
14:39:04,6824.66,6875.0,889.4396,2208.0
14:39:04,6824.66,6880.0,960.7972,1507.0
14:39:04,6824.66,6885.0,280.6311,932.0
14:39:04,6824.66,6890.0,451.5259,1707.0
14:39:04,6824.66,6895.0,171.4681,513.0
14:41:12,6824.66,6750.0,-51.6619,2640.0
14:41:12,6824.66,6755.0,-9.8533,689.0
14:41:12,6824.66,6760.0,64.2988,534.0
14:41:12,6824.66,6765.0,-93.4714,819.0
14:41:12,6824.66,6770.0,-47.1852,612.0
14:41:12,6824.66,6775.0,226.3844,557.0
14:41:12,6824.66,6780.0,44.1481,657.0
14:41:12,6824.66,6785.0,19.1101,356.0
14:41:12,6824.66,6790.0,174.7918,712.0
14:41:12,6824.66,6795.0,153.9477,556.0
14:41:12,6824.66,6800.0,716.2181,2098.0
14:41:12,6824.66,6805.0,173.2406,1261.0
14:41:12,6824.66,6810.0,947.4782,1300.0
14:41:12,6824.66,6815.0,-69.1436,925.0
14:41:12,6824.66,6820.0,631.2319,1939.0
14:41:12,6824.66,6825.0,1098.6738,2123.0
14:41:12,6824.66,6830.0,1418.0409,1710.0
14:41:12,6824.66,6835.0,487.2451,959.0
14:41:12,6824.66,6840.0,1168.0168,1388.0
14:41:12,6824.66,6845.0,322.3991,894.0
14:41:12,6824.66,6850.0,2978.2762,1518.0
14:41:12,6824.66,6855.0,439.9667,773.0
14:41:12,6824.66,6860.0,1204.0427,1390.0
14:41:12,6824.66,6865.0,691.3268,2469.0
14:41:12,6824.66,6870.0,1576.1895,2084.0
14:41:12,6824.66,6875.0,887.8264,2222.0
14:41:12,6824.66,6880.0,1072.666,1549.0
14:41:12,6824.66,6885.0,284.6744,938.0
14:41:12,6824.66,6890.0,451.5259,1712.0
14:41:12,6824.66,6895.0,171.4681,518.0
14:43:20,6824.66,6750.0,-49.1387,2656.0
14:43:20,6824.66,6755.0,-17.112,724.0
14:43:20,6824.66,6760.0,61.8274,536.0
14:43:20,6824.66,6765.0,-90.3282,821.0
14:43:20,6824.66,6770.0,-46.7985,645.0
14:43:20,6824.66,6775.0,220.2981,565.0
14:43:20,6824.66,6780.0,54.5504,660.0
14:43:20,6824.66,6785.0,19.7245,361.0
14:43:20,6824.66,6790.0,163.6688,718.0
14:43:20,6824.66,6795.0,156.0589,580.0
14:43:20,6824.66,6800.0,713.4112,2108.0
14:43:20,6824.66,6805.0,173.024,1267.0
14:43:20,6824.66,6810.0,954.4261,1303.0
14:43:20,6824.66,6815.0,-69.4791,925.0
14:43:20,6824.66,6820.0,632.9343,1952.0
14:43:20,6824.66,6825.0,1110.5974,2129.0
14:43:20,6824.66,6830.0,1404.2833,1750.0
14:43:20,6824.66,6835.0,485.2071,980.0
14:43:20,6824.66,6840.0,1180.3784,1401.0
14:43:20,6824.66,6845.0,322.0582,902.0
14:43:20,6824.66,6850.0,2917.1515,1539.0
14:43:20,6824.66,6855.0,458.9579,775.0
14:43:20,6824.66,6860.0,1255.1849,1400.0
14:43:20,6824.66,6865.0,729.3936,2498.0
14:43:20,6824.66,6870.0,1578.699,2108.0
14:43:20,6824.66,6875.0,951.9625,2226.0
14:43:20,6824.66,6880.0,1032.9424,1559.0
14:43:20,6824.66,6885.0,277.5337,971.0
14:43:20,6824.66,6890.0,495.1638,1714.0
14:43:20,6824.66,6895.0,178.8351,518.0
14:45:28,6824.66,6750.0,-49.1329,2667.0
14:45:28,6824.66,6755.0,-17.1379,727.0
14:45:28,6824.66,6760.0,61.5329,537.0
14:45:28,6824.66,6765.0,-89.2098,824.0
14:45:28,6824.66,6770.0,-46.9922,648.0
14:45:28,6824.66,6775.0,220.4585,577.0
14:45:28,6824.66,6780.0,47.4759,665.0
14:45:28,6824.66,6785.0,22.1083,365.0
14:45:28,6824.66,6790.0,164.1961,732.0
14:45:28,6824.66,6795.0,155.0712,589.0
14:45:28,6824.66,6800.0,716.4376,2132.0
14:45:28,6824.66,6805.0,170.0961,1276.0
14:45:28,6824.66,6810.0,944.7198,1310.0
14:45:28,6824.66,6815.0,-69.453,926.0
14:45:28,6824.66,6820.0,628.2317,1958.0
14:45:28,6824.66,6825.0,1105.3963,2143.0
14:45:28,6824.66,6830.0,1414.983,1810.0
14:45:28,6824.66,6835.0,491.2865,1040.0
14:45:28,6824.66,6840.0,1198.1627,1420.0
14:45:28,6824.66,6845.0,320.6891,908.0
14:45:28,6824.66,6850.0,2959.0073,1624.0
14:45:28,6824.66,6855.0,456.1694,779.0
14:45:28,6824.66,6860.0,1277.5359,1407.0
14:45:28,6824.66,6865.0,726.6319,2515.0
14:45:28,6824.66,6870.0,1578.699,2153.0
14:45:28,6824.66,6875.0,955.2125,2240.0
14:45:28,6824.66,6880.0,1036.7081,1569.0
14:45:28,6824.66,6885.0,279.3892,973.0
14:45:28,6824.66,6890.0,523.7945,1716.0
14:45:28,6824.66,6895.0,179.8322,522.0
14:47:36,6824.66,6750.0,-40.0518,2720.0
14:47:36,6824.66,6755.0,-15.0932,728.0
14:47:36,6824.66,6760.0,60.5434,539.0
14:47:36,6824.66,6765.0,-89.7498,828.0
14:47:36,6824.66,6770.0,-42.6159,665.0
14:47:36,6824.66,6775.0,217.3618,603.0
14:47:36,6824.66,6780.0,52.4723,679.0
14:47:36,6824.66,6785.0,19.1992,367.0
14:47:36,6824.66,6790.0,162.1657,737.0
14:47:36,6824.66,6795.0,154.9287,597.0
14:47:36,6824.66,6800.0,718.9071,2180.0
14:47:36,6824.66,6805.0,171.9668,1321.0
14:47:36,6824.66,6810.0,954.3109,1360.0
14:47:36,6824.66,6815.0,-69.8645,929.0
14:47:36,6824.66,6820.0,636.954,1965.0
14:47:36,6824.66,6825.0,1117.0911,2176.0
14:47:36,6824.66,6830.0,1435.3739,1932.0
14:47:36,6824.66,6835.0,493.2487,1047.0
14:47:36,6824.66,6840.0,1208.8435,1430.0
14:47:36,6824.66,6845.0,330.1544,920.0
14:47:36,6824.66,6850.0,2986.4402,1709.0
14:47:36,6824.66,6855.0,472.0402,783.0
14:47:36,6824.66,6860.0,1278.0573,1487.0
14:47:36,6824.66,6865.0,730.5909,2544.0
14:47:36,6824.66,6870.0,1605.7469,2171.0
14:47:36,6824.66,6875.0,953.8289,2243.0
14:47:36,6824.66,6880.0,1043.6922,1577.0
14:47:36,6824.66,6885.0,275.9805,976.0
14:47:36,6824.66,6890.0,517.7673,1796.0
14:47:36,6824.66,6895.0,182.8618,522.0
14:49:44,6824.66,6750.0,-47.3132,2734.0
14:49:44,6824.66,6755.0,-16.6452,731.0
14:49:44,6824.66,6760.0,59.8954,541.0
14:49:44,6824.66,6765.0,-86.6,831.0
14:49:44,6824.66,6770.0,-54.1473,666.0
14:49:44,6824.66,6775.0,222.6486,608.0
14:49:44,6824.66,6780.0,52.4723,691.0
14:49:44,6824.66,6785.0,19.1992,373.0
14:49:44,6824.66,6790.0,165.3508,740.0
14:49:44,6824.66,6795.0,154.9287,601.0
14:49:44,6824.66,6800.0,718.078,2204.0
14:49:44,6824.66,6805.0,174.8273,1321.0
14:49:44,6824.66,6810.0,948.6994,1375.0
14:49:44,6824.66,6815.0,-66.4279,935.0
14:49:44,6824.66,6820.0,642.9949,1974.0
14:49:44,6824.66,6825.0,1126.9231,2190.0
14:49:44,6824.66,6830.0,1433.9397,1942.0
14:49:44,6824.66,6835.0,495.1903,1067.0
14:49:44,6824.66,6840.0,1199.1929,1439.0
14:49:44,6824.66,6845.0,326.0665,927.0
14:49:44,6824.66,6850.0,3004.5358,1836.0
14:49:44,6824.66,6855.0,462.5872,788.0
14:49:44,6824.66,6860.0,1278.0573,1494.0
14:49:44,6824.66,6865.0,730.5909,2564.0
14:49:44,6824.66,6870.0,1604.1565,2181.0
14:49:44,6824.66,6875.0,980.8604,2248.0
14:49:44,6824.66,6880.0,1047.4487,1583.0
14:49:44,6824.66,6885.0,283.5265,978.0
14:49:44,6824.66,6890.0,509.2511,1797.0
14:49:44,6824.66,6895.0,186.6016,537.0
14:51:52,6824.66,6750.0,-47.3584,2750.0
14:51:52,6824.66,6755.0,-16.5266,735.0
14:51:52,6824.66,6760.0,59.7421,550.0
14:51:52,6824.66,6765.0,-86.8566,832.0
14:51:52,6824.66,6770.0,-47.0271,668.0
14:51:52,6824.66,6775.0,215.3593,614.0
14:51:52,6824.66,6780.0,53.4471,695.0
14:51:52,6824.66,6785.0,19.3879,374.0
14:51:52,6824.66,6790.0,161.472,745.0
14:51:52,6824.66,6795.0,155.0834,602.0
14:51:52,6824.66,6800.0,718.5015,2211.0
14:51:52,6824.66,6805.0,173.5139,1325.0
14:51:52,6824.66,6810.0,962.4517,1377.0
14:51:52,6824.66,6815.0,-69.7029,939.0
14:51:52,6824.66,6820.0,637.6061,1992.0
14:51:52,6824.66,6825.0,1112.6991,2229.0
14:51:52,6824.66,6830.0,1414.2834,1974.0
14:51:52,6824.66,6835.0,489.5495,1083.0
14:51:52,6824.66,6840.0,1190.9243,1457.0
14:51:52,6824.66,6845.0,325.3422,935.0
14:51:52,6824.66,6850.0,2890.0793,1864.0
14:51:52,6824.66,6855.0,459.6717,791.0
14:51:52,6824.66,6860.0,1251.9494,1499.0
14:51:52,6824.66,6865.0,731.7264,2602.0
14:51:52,6824.66,6870.0,1560.1032,2189.0
14:51:52,6824.66,6875.0,947.2788,2253.0
14:51:52,6824.66,6880.0,1051.6287,1587.0
14:51:52,6824.66,6885.0,284.2448,978.0
14:51:52,6824.66,6890.0,520.6242,1798.0
14:51:52,6824.66,6895.0,195.5723,545.0
14:54:00,6824.66,6750.0,-47.3584,2769.0
14:54:00,6824.66,6755.0,-16.5266,735.0
14:54:00,6824.66,6760.0,59.7421,559.0
14:54:00,6824.66,6765.0,-85.0436,834.0
14:54:00,6824.66,6770.0,-40.6575,699.0
14:54:00,6824.66,6775.0,212.166,620.0
14:54:00,6824.66,6780.0,45.0712,695.0
14:54:00,6824.66,6785.0,19.0673,384.0
14:54:00,6824.66,6790.0,161.472,772.0
14:54:00,6824.66,6795.0,153.0182,604.0
14:54:00,6824.66,6800.0,718.5015,2255.0
14:54:00,6824.66,6805.0,173.5139,1359.0
14:54:00,6824.66,6810.0,959.3389,1382.0
14:54:00,6824.66,6815.0,-69.3861,944.0
14:54:00,6824.66,6820.0,637.2232,2009.0
14:54:00,6824.66,6825.0,1109.8857,2231.0
14:54:00,6824.66,6830.0,1415.4281,1991.0
14:54:00,6824.66,6835.0,489.4977,1082.0
14:54:00,6824.66,6840.0,1189.8545,1465.0
14:54:00,6824.66,6845.0,325.3422,939.0
14:54:00,6824.66,6850.0,2989.7135,1882.0
14:54:00,6824.66,6855.0,458.2375,796.0
14:54:00,6824.66,6860.0,1251.353,1501.0
14:54:00,6824.66,6865.0,730.7842,2624.0
14:54:00,6824.66,6870.0,1555.5701,2231.0
14:54:00,6824.66,6875.0,974.0445,2285.0
14:54:00,6824.66,6880.0,1074.017,1597.0
14:54:00,6824.66,6885.0,288.3838,980.0
14:54:00,6824.66,6890.0,520.6242,1805.0
14:54:00,6824.66,6895.0,195.5723,545.0
14:56:08,6824.66,6750.0,-48.526,2775.0
14:56:08,6824.66,6755.0,-17.0203,736.0
14:56:08,6824.66,6760.0,61.1056,604.0
14:56:08,6824.66,6765.0,-89.1748,837.0
14:56:08,6824.66,6770.0,-40.6575,707.0
14:56:08,6824.66,6775.0,207.2927,628.0
14:56:08,6824.66,6780.0,52.5117,721.0
14:56:08,6824.66,6785.0,19.0673,386.0
14:56:08,6824.66,6790.0,165.8277,906.0
14:56:08,6824.66,6795.0,153.0182,634.0
14:56:08,6824.66,6800.0,723.135,2270.0
14:56:08,6824.66,6805.0,176.1645,1364.0
14:56:08,6824.66,6810.0,954.4094,1387.0
14:56:08,6824.66,6815.0,-58.7075,947.0
14:56:08,6824.66,6820.0,645.2121,2021.0
14:56:08,6824.66,6825.0,1121.1644,2262.0
14:56:08,6824.66,6830.0,1432.9809,2024.0
14:56:08,6824.66,6835.0,489.6248,1091.0
14:56:08,6824.66,6840.0,1181.9135,1476.0
14:56:08,6824.66,6845.0,322.8015,944.0
14:56:08,6824.66,6850.0,2990.8417,1940.0
14:56:08,6824.66,6855.0,450.5892,800.0
14:56:08,6824.66,6860.0,1260.4508,1509.0
14:56:08,6824.66,6865.0,740.066,2662.0
14:56:08,6824.66,6870.0,1632.6604,2253.0
14:56:08,6824.66,6875.0,974.0445,2292.0
14:56:08,6824.66,6880.0,1037.8206,1607.0
14:56:08,6824.66,6885.0,282.3885,983.0
14:56:08,6824.66,6890.0,513.0967,1816.0
14:56:08,6824.66,6895.0,189.8084,551.0
15:04:13,6824.66,6750.0,-48.526,2775.0
15:04:13,6824.66,6755.0,-17.0203,736.0
15:04:13,6824.66,6760.0,61.1056,604.0
15:04:13,6824.66,6765.0,-89.1748,837.0
15:04:13,6824.66,6770.0,-40.6575,707.0
15:04:13,6824.66,6775.0,207.2927,628.0
15:04:13,6824.66,6780.0,52.5117,721.0
15:04:13,6824.66,6785.0,19.0673,386.0
15:04:13,6824.66,6790.0,165.8277,906.0
15:04:13,6824.66,6795.0,153.0182,634.0
15:04:13,6824.66,6800.0,723.135,2270.0
15:04:13,6824.66,6805.0,176.1645,1364.0
15:04:13,6824.66,6810.0,954.4094,1387.0
15:04:13,6824.66,6815.0,-58.7075,947.0
15:04:13,6824.66,6820.0,645.2121,2021.0
15:04:13,6824.66,6825.0,1121.1644,2262.0
15:04:13,6824.66,6830.0,1432.9809,2024.0
15:04:13,6824.66,6835.0,489.6248,1091.0
15:04:13,6824.66,6840.0,1181.9135,1476.0
15:04:13,6824.66,6845.0,322.8015,944.0
15:04:13,6824.66,6850.0,2990.8417,1940.0
15:04:13,6824.66,6855.0,450.5892,800.0
15:04:13,6824.66,6860.0,1260.4508,1509.0
15:04:13,6824.66,6865.0,740.066,2662.0
15:04:13,6824.66,6870.0,1632.6604,2253.0
15:04:13,6824.66,6875.0,974.0445,2292.0
15:04:13,6824.66,6880.0,1037.8206,1607.0
15:04:13,6824.66,6885.0,282.3885,983.0
15:04:13,6824.66,6890.0,513.0967,1816.0
15:04:13,6824.66,6895.0,189.8084,551.0
15:18:15,6824.66,6750.0,-48.526,2775.0
15:18:15,6824.66,6755.0,-17.0203,736.0
15:18:15,6824.66,6760.0,61.1056,604.0
15:18:15,6824.66,6765.0,-89.1748,837.0
15:18:15,6824.66,6770.0,-40.6575,707.0
15:18:15,6824.66,6775.0,207.2927,628.0
15:18:15,6824.66,6780.0,52.5117,721.0
15:18:15,6824.66,6785.0,19.0673,386.0
15:18:15,6824.66,6790.0,165.8277,906.0
15:18:15,6824.66,6795.0,153.0182,634.0
15:18:15,6824.66,6800.0,723.135,2270.0
15:18:15,6824.66,6805.0,176.1645,1364.0
15:18:15,6824.66,6810.0,954.4094,1387.0
15:18:15,6824.66,6815.0,-58.7075,947.0
15:18:15,6824.66,6820.0,645.2121,2021.0
15:18:15,6824.66,6825.0,1121.1644,2262.0
15:18:15,6824.66,6830.0,1432.9809,2024.0
15:18:15,6824.66,6835.0,489.6248,1091.0
15:18:15,6824.66,6840.0,1181.9135,1476.0
15:18:15,6824.66,6845.0,322.8015,944.0
15:18:15,6824.66,6850.0,2990.8417,1940.0
15:18:15,6824.66,6855.0,450.5892,800.0
15:18:15,6824.66,6860.0,1260.4508,1509.0
15:18:15,6824.66,6865.0,740.066,2662.0
15:18:15,6824.66,6870.0,1632.6604,2253.0
15:18:15,6824.66,6875.0,974.0445,2292.0
15:18:15,6824.66,6880.0,1037.8206,1607.0
15:18:15,6824.66,6885.0,282.3885,983.0
15:18:15,6824.66,6890.0,513.0967,1816.0
15:18:15,6824.66,6895.0,189.8084,551.0
15:47:58,6824.66,6750.0,-48.526,2775.0
15:47:58,6824.66,6755.0,-17.0203,736.0
15:47:58,6824.66,6760.0,61.1056,604.0
15:47:58,6824.66,6765.0,-89.1748,837.0
15:47:58,6824.66,6770.0,-40.6575,707.0
15:47:58,6824.66,6775.0,207.2927,628.0
15:47:58,6824.66,6780.0,52.5117,721.0
15:47:58,6824.66,6785.0,19.0673,386.0
15:47:58,6824.66,6790.0,165.8277,906.0
15:47:58,6824.66,6795.0,153.0182,634.0
15:47:58,6824.66,6800.0,723.135,2270.0
15:47:58,6824.66,6805.0,176.1645,1364.0
15:47:58,6824.66,6810.0,954.4094,1387.0
15:47:58,6824.66,6815.0,-58.7075,947.0
15:47:58,6824.66,6820.0,645.2121,2021.0
15:47:58,6824.66,6825.0,1121.1644,2262.0
15:47:58,6824.66,6830.0,1432.9809,2024.0
15:47:58,6824.66,6835.0,489.6248,1091.0
15:47:58,6824.66,6840.0,1181.9135,1476.0
15:47:58,6824.66,6845.0,322.8015,944.0
15:47:58,6824.66,6850.0,2990.8417,1940.0
15:47:58,6824.66,6855.0,450.5892,800.0
15:47:58,6824.66,6860.0,1260.4508,1509.0
15:47:58,6824.66,6865.0,740.066,2662.0
15:47:58,6824.66,6870.0,1632.6604,2253.0
15:47:58,6824.66,6875.0,974.0445,2292.0
15:47:58,6824.66,6880.0,1037.8206,1607.0
15:47:58,6824.66,6885.0,282.3885,983.0
15:47:58,6824.66,6890.0,513.0967,1816.0
15:47:58,6824.66,6895.0,189.8084,551.0
15:50:06,6824.66,6750.0,-51.8032,3791.0
15:50:06,6824.66,6755.0,-17.0203,1962.0
15:50:06,6824.66,6760.0,62.3329,6403.0
15:50:06,6824.66,6765.0,-93.7292,4938.0
15:50:06,6824.66,6770.0,-40.6575,3896.0
15:50:06,6824.66,6775.0,207.2927,3951.0
15:50:06,6824.66,6780.0,116.4355,3594.0
15:50:06,6824.66,6785.0,21.8625,3370.0
15:50:06,6824.66,6790.0,183.3974,4141.0
15:50:06,6824.66,6795.0,178.6132,2967.0
15:50:06,6824.66,6800.0,837.3325,8016.0
15:50:06,6824.66,6805.0,205.7221,6399.0
15:50:06,6824.66,6810.0,1152.1872,3794.0
15:50:06,6824.66,6815.0,-58.7075,2927.0
15:50:06,6824.66,6820.0,645.2121,6683.0
15:50:06,6824.66,6825.0,1121.1644,6837.0
15:50:06,6824.66,6830.0,1432.9809,12885.0
15:50:06,6824.66,6835.0,489.6248,1091.0
15:50:06,6824.66,6840.0,1294.827,8122.0
15:50:06,6824.66,6845.0,340.2051,5634.0
15:50:06,6824.66,6850.0,2899.4419,9352.0
15:50:06,6824.66,6855.0,430.7382,4379.0
15:50:06,6824.66,6860.0,1089.6547,8355.0
15:50:06,6824.66,6865.0,612.5822,6522.0
15:50:06,6824.66,6870.0,1632.6604,7900.0
15:50:06,6824.66,6875.0,974.0445,4839.0
15:50:06,6824.66,6880.0,1051.3474,6030.0
15:50:06,6824.66,6885.0,236.7426,3741.0
15:50:06,6824.66,6890.0,445.0444,5185.0
15:50:06,6824.66,6895.0,191.8648,2134.0
15:52:14,6824.66,6750.0,-51.3247,4220.0
15:52:14,6824.66,6755.0,-17.9084,2241.0
15:52:14,6824.66,6760.0,68.2307,7263.0
15:52:14,6824.66,6765.0,-93.9604,5428.0
15:52:14,6824.66,6770.0,-53.3039,4214.0
15:52:14,6824.66,6775.0,235.3618,4257.0
15:52:14,6824.66,6780.0,59.975,3827.0
15:52:14,6824.66,6785.0,22.662,4282.0
15:52:14,6824.66,6790.0,189.2313,4597.0
15:52:14,6824.66,6795.0,183.8428,3239.0
15:52:14,6824.66,6800.0,858.4045,8875.0
15:52:14,6824.66,6805.0,211.3163,7784.0
15:52:14,6824.66,6810.0,1173.565,4266.0
15:52:14,6824.66,6815.0,-85.9441,3496.0
15:52:14,6824.66,6820.0,776.2646,7606.0
15:52:14,6824.66,6825.0,1339.4632,8214.0
15:52:14,6824.66,6830.0,1670.4605,14925.0
15:52:14,6824.66,6835.0,554.7713,9233.0
15:52:14,6824.66,6840.0,1294.397,8787.0
15:52:14,6824.66,6845.0,338.6355,6227.0
15:52:14,6824.66,6850.0,2849.2465,10487.0
15:52:14,6824.66,6855.0,421.9334,4756.0
15:52:14,6824.66,6860.0,1066.8092,9260.0
15:52:14,6824.66,6865.0,588.4902,7380.0
15:52:14,6824.66,6870.0,1255.9013,8498.0
15:52:14,6824.66,6875.0,757.152,5158.0
15:52:14,6824.66,6880.0,831.5379,9511.0
15:52:14,6824.66,6885.0,226.8123,3941.0
15:52:14,6824.66,6890.0,426.7116,5485.0
15:52:14,6824.66,6895.0,164.9545,2197.0
15:54:22,6824.66,6750.0,-47.9197,4612.0
15:54:22,6824.66,6755.0,-16.8915,2335.0
15:54:22,6824.66,6760.0,62.0293,7465.0
15:54:22,6824.66,6765.0,-89.1347,5610.0
15:54:22,6824.66,6770.0,-53.3039,4394.0
15:54:22,6824.66,6775.0,235.3618,4482.0
15:54:22,6824.66,6780.0,59.975,4175.0
15:54:22,6824.66,6785.0,22.662,4616.0
15:54:22,6824.66,6790.0,179.6637,4799.0
15:54:22,6824.66,6795.0,173.6206,3462.0
15:54:22,6824.66,6800.0,820.9343,9438.0
15:54:22,6824.66,6805.0,204.1179,8110.0
15:54:22,6824.66,6810.0,1148.4073,4538.0
15:54:22,6824.66,6815.0,-85.57,3881.0
15:54:22,6824.66,6820.0,775.1274,8140.0
15:54:22,6824.66,6825.0,1356.4173,9000.0
15:54:22,6824.66,6830.0,1706.5745,16461.0
15:54:22,6824.66,6835.0,576.8614,10052.0
15:54:22,6824.66,6840.0,1348.0858,9540.0
15:54:22,6824.66,6845.0,352.8444,6543.0
15:54:22,6824.66,6850.0,3035.0254,11332.0
15:54:22,6824.66,6855.0,446.5518,5222.0
15:54:22,6824.66,6860.0,1066.8092,9802.0
15:54:22,6824.66,6865.0,588.4902,7923.0
15:54:22,6824.66,6870.0,1255.9013,8858.0
15:54:22,6824.66,6875.0,757.152,5547.0
15:54:22,6824.66,6880.0,868.9912,9940.0
15:54:22,6824.66,6885.0,241.5835,4026.0
15:54:22,6824.66,6890.0,456.1261,5593.0
15:54:22,6824.66,6895.0,161.5695,2252.0
15:56:30,6824.66,6750.0,-81.2534,4939.0
15:56:30,6824.66,6755.0,-15.6148,2515.0
15:56:30,6824.66,6760.0,57.3516,7593.0
15:56:30,6824.66,6765.0,-84.4116,5750.0
15:56:30,6824.66,6770.0,-44.8933,4565.0
15:56:30,6824.66,6775.0,235.3618,4711.0
15:56:30,6824.66,6780.0,59.975,4368.0
15:56:30,6824.66,6785.0,22.662,4816.0
15:56:30,6824.66,6790.0,179.6637,4911.0
15:56:30,6824.66,6795.0,173.6206,3560.0
15:56:30,6824.66,6800.0,820.9343,9911.0
15:56:30,6824.66,6805.0,204.1179,8248.0
15:56:30,6824.66,6810.0,1148.4073,4785.0
15:56:30,6824.66,6815.0,-82.7121,4080.0
15:56:30,6824.66,6820.0,769.7362,8656.0
15:56:30,6824.66,6825.0,1347.271,9633.0
15:56:30,6824.66,6830.0,1711.7509,17537.0
15:56:30,6824.66,6835.0,585.1651,10797.0
15:56:30,6824.66,6840.0,1348.0858,10310.0
15:56:30,6824.66,6845.0,352.8444,7059.0
15:56:30,6824.66,6850.0,3035.0254,12118.0
15:56:30,6824.66,6855.0,446.5518,5509.0
15:56:30,6824.66,6860.0,1066.8092,10645.0
15:56:30,6824.66,6865.0,588.4902,8270.0
15:56:30,6824.66,6870.0,1255.9013,9105.0
15:56:30,6824.66,6875.0,757.152,5678.0
15:56:30,6824.66,6880.0,904.2354,10398.0
15:56:30,6824.66,6885.0,228.8274,4130.0
15:56:30,6824.66,6890.0,488.3672,6556.0
15:56:30,6824.66,6895.0,182.8103,2287.0
15:58:38,6824.66,6750.0,-46.275,5034.0
15:58:38,6824.66,6755.0,-16.2982,2601.0
15:58:38,6824.66,6760.0,60.0755,7683.0
15:58:38,6824.66,6765.0,-84.1473,5912.0
15:58:38,6824.66,6770.0,-46.7607,4785.0
15:58:38,6824.66,6775.0,232.2603,4845.0
15:58:38,6824.66,6780.0,52.7711,4548.0
15:58:38,6824.66,6785.0,19.6541,4959.0
15:58:38,6824.66,6790.0,165.0177,5104.0
15:58:38,6824.66,6795.0,171.3718,3650.0
15:58:38,6824.66,6800.0,796.8869,10376.0
15:58:38,6824.66,6805.0,198.8532,8434.0
15:58:38,6824.66,6810.0,1113.9923,5023.0
15:58:38,6824.66,6815.0,-82.4917,4313.0
15:58:38,6824.66,6820.0,761.5824,9100.0
15:58:38,6824.66,6825.0,1342.2912,10129.0
15:58:38,6824.66,6830.0,1693.6541,18709.0
15:58:38,6824.66,6835.0,578.7501,11561.0
15:58:38,6824.66,6840.0,1379.4927,10718.0
15:58:38,6824.66,6845.0,357.475,7403.0
15:58:38,6824.66,6850.0,3115.1758,13112.0
15:58:38,6824.66,6855.0,465.0064,5903.0
15:58:38,6824.66,6860.0,1208.3344,11212.0
15:58:38,6824.66,6865.0,672.6446,8593.0
15:58:38,6824.66,6870.0,1456.5932,9330.0
15:58:38,6824.66,6875.0,886.869,6006.0
15:58:38,6824.66,6880.0,894.4144,10800.0
15:58:38,6824.66,6885.0,245.5748,4291.0
15:58:38,6824.66,6890.0,487.9357,6998.0
15:58:38,6824.66,6895.0,179.237,2509.0
16:00:46,6824.66,6750.0,-51.4325,5288.0
16:00:46,6824.66,6755.0,-18.0862,2771.0
16:00:46,6824.66,6760.0,67.6698,7819.0
16:00:46,6824.66,6765.0,-87.6644,6062.0
16:00:46,6824.66,6770.0,-50.9306,5053.0
16:00:46,6824.66,6775.0,224.607,5116.0
16:00:46,6824.66,6780.0,52.7456,4991.0
16:00:46,6824.66,6785.0,19.8998,5254.0
16:00:46,6824.66,6790.0,187.7367,5483.0
16:00:46,6824.66,6795.0,181.5585,3846.0
16:00:46,6824.66,6800.0,855.414,10994.0
16:00:46,6824.66,6805.0,211.0867,8663.0
16:00:46,6824.66,6810.0,1188.9731,5300.0
16:00:46,6824.66,6815.0,-87.6942,4631.0
16:00:46,6824.66,6820.0,798.531,9616.0
16:00:46,6824.66,6825.0,1372.4761,10778.0
16:00:46,6824.66,6830.0,1713.1515,20217.0
16:00:46,6824.66,6835.0,569.8461,12297.0
16:00:46,6824.66,6840.0,1314.9854,11368.0
16:00:46,6824.66,6845.0,343.5345,7842.0
16:00:46,6824.66,6850.0,2908.9021,13771.0
16:00:46,6824.66,6855.0,417.4599,6260.0
16:00:46,6824.66,6860.0,1196.8877,11582.0
16:00:46,6824.66,6865.0,670.0332,8928.0
16:00:46,6824.66,6870.0,1523.6625,9630.0
16:00:46,6824.66,6875.0,834.6,6311.0
16:00:46,6824.66,6880.0,802.3394,11582.0
16:00:46,6824.66,6885.0,212.3821,4401.0
16:00:46,6824.66,6890.0,400.7361,7287.0
16:00:46,6824.66,6895.0,155.0173,2563.0
16:02:54,6824.66,6750.0,-44.7388,5578.0
16:02:54,6824.66,6755.0,-17.0611,2980.0
16:02:54,6824.66,6760.0,81.4967,8030.0
16:02:54,6824.66,6765.0,-87.6644,6364.0
16:02:54,6824.66,6770.0,-50.9306,5329.0
16:02:54,6824.66,6775.0,242.6096,5547.0
16:02:54,6824.66,6780.0,46.0862,5656.0
16:02:54,6824.66,6785.0,21.8523,5648.0
16:02:54,6824.66,6790.0,187.5453,6060.0
16:02:54,6824.66,6795.0,176.9194,4286.0
16:02:54,6824.66,6800.0,842.7958,12043.0
16:02:54,6824.66,6805.0,209.882,9177.0
16:02:54,6824.66,6810.0,1187.0219,5820.0
16:02:54,6824.66,6815.0,-87.5352,5164.0
16:02:54,6824.66,6820.0,806.1485,10744.0
16:02:54,6824.66,6825.0,1372.4761,12762.0
16:02:54,6824.66,6830.0,1786.6908,22307.0
16:02:54,6824.66,6835.0,603.7855,13448.0
16:02:54,6824.66,6840.0,1406.332,12345.0
16:02:54,6824.66,6845.0,360.3023,8509.0
16:02:54,6824.66,6850.0,3058.8437,14796.0
16:02:54,6824.66,6855.0,451.0995,9137.0
16:02:54,6824.66,6860.0,1099.9218,12286.0
16:02:54,6824.66,6865.0,596.6909,9680.0
16:02:54,6824.66,6870.0,1266.0759,10124.0
16:02:54,6824.66,6875.0,749.4995,6628.0
16:02:54,6824.66,6880.0,802.3394,13257.0
16:02:54,6824.66,6885.0,212.4938,4661.0
16:02:54,6824.66,6890.0,377.1913,7577.0
16:02:54,6824.66,6895.0,139.8886,2812.0
16:05:02,6824.66,6750.0,-40.5091,5802.0
16:05:02,6824.66,6755.0,-14.7873,3179.0
16:05:02,6824.66,6760.0,55.5864,8307.0
16:05:02,6824.66,6765.0,-84.9844,6617.0
16:05:02,6824.66,6770.0,-44.3922,5506.0
16:05:02,6824.66,6775.0,242.6096,5784.0
16:05:02,6824.66,6780.0,46.0862,6036.0
16:05:02,6824.66,6785.0,21.8523,5994.0
16:05:02,6824.66,6790.0,187.5453,6342.0
16:05:02,6824.66,6795.0,176.9194,4681.0
16:05:02,6824.66,6800.0,842.7958,12893.0
16:05:02,6824.66,6805.0,209.882,9472.0
16:05:02,6824.66,6810.0,1187.0219,6173.0
16:05:02,6824.66,6815.0,-87.5352,5560.0
16:05:02,6824.66,6820.0,816.9357,11587.0
16:05:02,6824.66,6825.0,1427.4692,13940.0
16:05:02,6824.66,6830.0,1800.4709,23707.0
16:05:02,6824.66,6835.0,603.7855,14083.0
16:05:02,6824.66,6840.0,1406.332,12874.0
16:05:02,6824.66,6845.0,360.3023,8870.0
16:05:02,6824.66,6850.0,3058.8437,16002.0
16:05:02,6824.66,6855.0,451.0995,9613.0
16:05:02,6824.66,6860.0,1099.9218,12813.0
16:05:02,6824.66,6865.0,596.6909,12165.0
16:05:02,6824.66,6870.0,1266.0759,10338.0
16:05:02,6824.66,6875.0,749.4995,6866.0
16:05:02,6824.66,6880.0,851.0336,13980.0
16:05:02,6824.66,6885.0,230.4745,4916.0
16:05:02,6824.66,6890.0,399.5628,7805.0
16:05:02,6824.66,6895.0,149.8457,2893.0
16:07:10,6824.66,6750.0,-40.755,5962.0
16:07:10,6824.66,6755.0,-14.5051,3269.0
16:07:10,6824.66,6760.0,54.3325,8928.0
16:07:10,6824.66,6765.0,-80.3983,6818.0
16:07:10,6824.66,6770.0,-43.4548,5770.0
16:07:10,6824.66,6775.0,207.9019,5951.0
16:07:10,6824.66,6780.0,54.3719,6472.0
16:07:10,6824.66,6785.0,20.4052,6234.0
16:07:10,6824.66,6790.0,175.1326,6880.0
16:07:10,6824.66,6795.0,170.334,4936.0
16:07:10,6824.66,6800.0,829.6777,13578.0
16:07:10,6824.66,6805.0,211.5389,9654.0
16:07:10,6824.66,6810.0,1208.5198,6520.0
16:07:10,6824.66,6815.0,-90.725,5817.0
16:07:10,6824.66,6820.0,835.7056,12090.0
16:07:10,6824.66,6825.0,1462.5062,14681.0
16:07:10,6824.66,6830.0,1860.127,25048.0
16:07:10,6824.66,6835.0,623.9471,14584.0
16:07:10,6824.66,6840.0,1455.3456,13228.0
16:07:10,6824.66,6845.0,371.2767,9164.0
16:07:10,6824.66,6850.0,3143.2005,16738.0
16:07:10,6824.66,6855.0,455.2419,10054.0
16:07:10,6824.66,6860.0,1169.2645,13180.0
16:07:10,6824.66,6865.0,629.3908,12473.0
16:07:10,6824.66,6870.0,1343.5303,10580.0
16:07:10,6824.66,6875.0,802.7478,7002.0
16:07:10,6824.66,6880.0,865.2499,14087.0
16:07:10,6824.66,6885.0,235.0297,5493.0
16:07:10,6824.66,6890.0,426.2558,7849.0
16:07:10,6824.66,6895.0,161.3142,2971.0
16:09:18,6824.66,6750.0,-40.755,6051.0
16:09:18,6824.66,6755.0,-14.5051,3426.0
16:09:18,6824.66,6760.0,54.3325,9085.0
16:09:18,6824.66,6765.0,-85.0606,7237.0
16:09:18,6824.66,6770.0,-62.0222,5907.0
16:09:18,6824.66,6775.0,211.7136,6125.0
16:09:18,6824.66,6780.0,53.3667,6965.0
16:09:18,6824.66,6785.0,20.454,6402.0
16:09:18,6824.66,6790.0,176.5558,7227.0
16:09:18,6824.66,6795.0,173.1801,5387.0
16:09:18,6824.66,6800.0,829.6777,14413.0
16:09:18,6824.66,6805.0,211.5389,9917.0
16:09:18,6824.66,6810.0,1208.5198,6814.0
16:09:18,6824.66,6815.0,-91.2525,6165.0
16:09:18,6824.66,6820.0,838.291,12593.0
16:09:18,6824.66,6825.0,1462.8859,15386.0
16:09:18,6824.66,6830.0,1841.2605,26484.0
16:09:18,6824.66,6835.0,619.2855,14980.0
16:09:18,6824.66,6840.0,1455.3456,13636.0
16:09:18,6824.66,6845.0,371.2767,9449.0
16:09:18,6824.66,6850.0,3131.3433,17484.0
16:09:18,6824.66,6855.0,458.7631,10548.0
16:09:18,6824.66,6860.0,1111.121,13891.0
16:09:18,6824.66,6865.0,659.1809,12753.0
16:09:18,6824.66,6870.0,1334.4805,10932.0
16:09:18,6824.66,6875.0,802.7478,7254.0
16:09:18,6824.66,6880.0,745.8706,14292.0
16:09:18,6824.66,6885.0,203.4149,5548.0
16:09:18,6824.66,6890.0,426.2558,7980.0
16:09:18,6824.66,6895.0,161.3142,3085.0
16:11:26,6824.66,6750.0,-49.1957,6107.0
16:11:26,6824.66,6755.0,-16.7288,3490.0
16:11:26,6824.66,6760.0,61.7933,9151.0
16:11:26,6824.66,6765.0,-90.5733,7361.0
16:11:26,6824.66,6770.0,-52.2347,6057.0
16:11:26,6824.66,6775.0,241.6308,6335.0
16:11:26,6824.66,6780.0,60.8461,7208.0
16:11:26,6824.66,6785.0,23.4301,6596.0
16:11:26,6824.66,6790.0,200.0096,7522.0
16:11:26,6824.66,6795.0,197.8691,5578.0
16:11:26,6824.66,6800.0,925.4207,14880.0
16:11:26,6824.66,6805.0,211.5389,10150.0
16:11:26,6824.66,6810.0,1208.5198,7107.0
16:11:26,6824.66,6815.0,-66.9449,6459.0
16:11:26,6824.66,6820.0,875.5678,13383.0
16:11:26,6824.66,6825.0,1491.2181,16476.0
16:11:26,6824.66,6830.0,1828.2769,27987.0
16:11:26,6824.66,6835.0,619.2855,15528.0
16:11:26,6824.66,6840.0,1455.3456,14166.0
16:11:26,6824.66,6845.0,371.2767,9821.0
16:11:26,6824.66,6850.0,2774.5186,18380.0
16:11:26,6824.66,6855.0,399.9191,11143.0
16:11:26,6824.66,6860.0,985.7295,14343.0
16:11:26,6824.66,6865.0,535.2839,13066.0
16:11:26,6824.66,6870.0,1114.5998,11290.0
16:11:26,6824.66,6875.0,621.8921,7743.0
16:11:26,6824.66,6880.0,700.0575,14710.0
16:11:26,6824.66,6885.0,192.004,5768.0
16:11:26,6824.66,6890.0,350.8131,8285.0
16:11:26,6824.66,6895.0,132.3451,3141.0
16:13:34,6824.66,6750.0,-42.3081,6323.0
16:13:34,6824.66,6755.0,-12.9899,3693.0
16:13:34,6824.66,6760.0,48.6834,9286.0
16:13:34,6824.66,6765.0,-72.6073,7436.0
16:13:34,6824.66,6770.0,-39.9843,6325.0
16:13:34,6824.66,6775.0,303.0754,6546.0
16:13:34,6824.66,6780.0,60.8461,7949.0
16:13:34,6824.66,6785.0,23.4301,6914.0
16:13:34,6824.66,6790.0,158.5385,8006.0
16:13:34,6824.66,6795.0,157.5617,5922.0
16:13:34,6824.66,6800.0,772.142,16456.0
16:13:34,6824.66,6805.0,197.2924,10627.0
16:13:34,6824.66,6810.0,1095.598,7639.0
16:13:34,6824.66,6815.0,-83.362,6927.0
16:13:34,6824.66,6820.0,804.1285,14300.0
16:13:34,6824.66,6825.0,1431.9446,17839.0
16:13:34,6824.66,6830.0,1842.9526,29983.0
16:13:34,6824.66,6835.0,631.913,16428.0
16:13:34,6824.66,6840.0,1520.1382,14817.0
16:13:34,6824.66,6845.0,398.5037,10502.0
16:13:34,6824.66,6850.0,3419.2514,19393.0
16:13:34,6824.66,6855.0,521.762,12074.0
16:13:34,6824.66,6860.0,985.7295,15411.0
16:13:34,6824.66,6865.0,535.2839,13451.0
16:13:34,6824.66,6870.0,1114.5998,12083.0
16:13:34,6824.66,6875.0,886.307,8108.0
16:13:34,6824.66,6880.0,971.5475,14938.0
16:13:34,6824.66,6885.0,252.3683,5842.0
16:13:34,6824.66,6890.0,490.9972,8596.0
16:13:34,6824.66,6895.0,191.5575,3260.0
16:15:42,6824.66,6750.0,-42.3081,6794.0
16:15:42,6824.66,6755.0,-12.9899,3853.0
16:15:42,6824.66,6760.0,48.6834,9427.0
16:15:42,6824.66,6765.0,-66.4306,7543.0
16:15:42,6824.66,6770.0,-36.6739,6604.0
16:15:42,6824.66,6775.0,228.7747,6833.0
16:15:42,6824.66,6780.0,44.9177,8585.0
16:15:42,6824.66,6785.0,16.4684,7236.0
16:15:42,6824.66,6790.0,146.7881,8660.0
16:15:42,6824.66,6795.0,146.3153,6457.0
16:15:42,6824.66,6800.0,705.2235,17524.0
16:15:42,6824.66,6805.0,179.4733,11265.0
16:15:42,6824.66,6810.0,1086.1297,8110.0
16:15:42,6824.66,6815.0,-79.3768,7631.0
16:15:42,6824.66,6820.0,755.0245,15356.0
16:15:42,6824.66,6825.0,1375.8217,18932.0
16:15:42,6824.66,6830.0,1801.5343,31949.0
16:15:42,6824.66,6835.0,630.3751,18451.0
16:15:42,6824.66,6840.0,1552.5611,16194.0
16:15:42,6824.66,6845.0,418.4642,11235.0
16:15:42,6824.66,6850.0,3651.4641,21652.0
16:15:42,6824.66,6855.0,547.5274,13038.0
16:15:42,6824.66,6860.0,1412.4431,16409.0
16:15:42,6824.66,6865.0,798.4871,14376.0
16:15:42,6824.66,6870.0,1725.7217,12573.0
16:15:42,6824.66,6875.0,997.9205,8436.0
16:15:42,6824.66,6880.0,1098.5685,15830.0
16:15:42,6824.66,6885.0,286.3067,5981.0
16:15:42,6824.66,6890.0,490.9972,8771.0
16:15:42,6824.66,6895.0,191.5575,3295.0
16:17:50,6824.66,6750.0,-34.4091,6914.0
16:17:50,6824.66,6755.0,-12.7076,3975.0
16:17:50,6824.66,6760.0,46.288,9550.0
16:17:50,6824.66,6765.0,-70.0534,7618.0
16:17:50,6824.66,6770.0,-38.7659,6752.0
16:17:50,6824.66,6775.0,179.2143,6999.0
16:17:50,6824.66,6780.0,46.469,9032.0
16:17:50,6824.66,6785.0,17.9393,7425.0
16:17:50,6824.66,6790.0,146.7881,9296.0
16:17:50,6824.66,6795.0,146.3153,6697.0
16:17:50,6824.66,6800.0,705.2235,18093.0
16:17:50,6824.66,6805.0,179.4733,11618.0
16:17:50,6824.66,6810.0,1086.1297,8565.0
16:17:50,6824.66,6815.0,-82.9782,7875.0
16:17:50,6824.66,6820.0,783.4098,15947.0
16:17:50,6824.66,6825.0,1410.7821,19653.0
16:17:50,6824.66,6830.0,1847.8551,32970.0
16:17:50,6824.66,6835.0,630.3751,19834.0
16:17:50,6824.66,6840.0,1552.5611,16960.0
16:17:50,6824.66,6845.0,418.4642,11879.0
16:17:50,6824.66,6850.0,3651.4641,23639.0
16:17:50,6824.66,6855.0,547.5274,13826.0
16:17:50,6824.66,6860.0,1381.2559,17081.0
16:17:50,6824.66,6865.0,746.1989,15305.0
16:17:50,6824.66,6870.0,1579.8611,12930.0
16:17:50,6824.66,6875.0,926.8336,8645.0
16:17:50,6824.66,6880.0,927.5904,16475.0
16:17:50,6824.66,6885.0,256.9259,6051.0
16:17:50,6824.66,6890.0,457.1247,8866.0
16:17:50,6824.66,6895.0,176.6963,3360.0
16:19:58,6824.66,6750.0,-32.9902,6996.0
16:19:58,6824.66,6755.0,-12.2227,4249.0
16:19:58,6824.66,6760.0,44.4966,9658.0
16:19:58,6824.66,6765.0,-67.2552,7721.0
16:19:58,6824.66,6770.0,-36.8853,6873.0
16:19:58,6824.66,6775.0,179.2143,7271.0
16:19:58,6824.66,6780.0,46.469,9284.0
16:19:58,6824.66,6785.0,17.9393,7534.0
16:19:58,6824.66,6790.0,143.4965,9555.0
16:19:58,6824.66,6795.0,142.9682,7098.0
16:19:58,6824.66,6800.0,696.4131,18947.0
16:19:58,6824.66,6805.0,180.0606,12006.0
16:19:58,6824.66,6810.0,1046.4525,8849.0
16:19:58,6824.66,6815.0,-79.7323,8162.0
16:19:58,6824.66,6820.0,761.9798,16612.0
16:19:58,6824.66,6825.0,1385.2552,20131.0
16:19:58,6824.66,6830.0,1828.586,33762.0
16:19:58,6824.66,6835.0,646.6227,21866.0
16:19:58,6824.66,6840.0,1602.9673,17932.0
16:19:58,6824.66,6845.0,429.9019,12393.0
16:19:58,6824.66,6850.0,3763.7149,25260.0
16:19:58,6824.66,6855.0,567.6486,14309.0
16:19:58,6824.66,6860.0,1381.2559,17822.0
16:19:58,6824.66,6865.0,746.1989,16023.0
16:19:58,6824.66,6870.0,1579.8611,13259.0
16:19:58,6824.66,6875.0,924.0384,8991.0
16:19:58,6824.66,6880.0,1053.5775,17368.0
16:19:58,6824.66,6885.0,291.6624,6236.0
16:19:58,6824.66,6890.0,493.9492,8935.0
16:19:58,6824.66,6895.0,188.5483,3428.0
16:50:33,6824.66,6750.0,-32.9902,6996.0
16:50:33,6824.66,6755.0,-12.2227,4249.0
16:50:33,6824.66,6760.0,44.4966,9658.0
16:50:33,6824.66,6765.0,-67.2552,7721.0
16:50:33,6824.66,6770.0,-36.8853,6873.0
16:50:33,6824.66,6775.0,179.2143,7271.0
16:50:33,6824.66,6780.0,46.469,9284.0
16:50:33,6824.66,6785.0,17.9393,7534.0
16:50:33,6824.66,6790.0,143.4965,9555.0
16:50:33,6824.66,6795.0,142.9682,7098.0
16:50:33,6824.66,6800.0,696.4131,18947.0
16:50:33,6824.66,6805.0,180.0606,12006.0
16:50:33,6824.66,6810.0,1046.4525,8849.0
16:50:33,6824.66,6815.0,-79.7323,8162.0
16:50:33,6824.66,6820.0,762.3152,16783.0
16:50:33,6824.66,6825.0,1385.2552,20131.0
16:50:33,6824.66,6830.0,1827.9518,33762.0
16:50:33,6824.66,6835.0,646.6227,21866.0
16:50:33,6824.66,6840.0,1602.9673,17932.0
16:50:33,6824.66,6845.0,429.9019,12393.0
16:50:33,6824.66,6850.0,3763.7149,25260.0
16:50:33,6824.66,6855.0,567.6486,14309.0
16:50:33,6824.66,6860.0,1381.2559,17822.0
16:50:33,6824.66,6865.0,746.1989,16023.0
16:50:33,6824.66,6870.0,1579.8611,13259.0
16:50:33,6824.66,6875.0,924.0384,8991.0
16:50:33,6824.66,6880.0,1053.5775,17368.0
16:50:33,6824.66,6885.0,291.6624,6236.0
16:50:33,6824.66,6890.0,493.9492,8935.0
16:50:33,6824.66,6895.0,188.5483,3428.0
16:52:42,6836.1,6765.0,-67.4809,10145.0
16:52:42,6836.1,6770.0,-37.0091,18172.0
16:52:42,6836.1,6775.0,179.8156,19256.0
16:52:42,6836.1,6780.0,43.4182,13688.0
16:52:42,6836.1,6785.0,16.1744,10607.0
16:52:42,6836.1,6790.0,142.7113,14168.0
16:52:42,6836.1,6795.0,143.4479,11857.0
16:52:42,6836.1,6800.0,698.7499,30829.0
16:52:42,6836.1,6805.0,180.6648,16648.0
16:52:42,6836.1,6810.0,1049.9638,14199.0
16:52:42,6836.1,6815.0,-79.9999,13710.0
16:52:42,6836.1,6820.0,696.5283,24864.0
16:52:42,6836.1,6825.0,1514.8342,29637.0
16:52:42,6836.1,6830.0,1788.9348,47718.0
16:52:42,6836.1,6835.0,703.6941,39698.0
16:52:42,6836.1,6840.0,1717.9688,38841.0
16:52:42,6836.1,6845.0,425.2299,22943.0
16:52:42,6836.1,6850.0,3776.3435,47088.0
16:52:42,6836.1,6855.0,569.5532,23898.0
16:52:42,6836.1,6860.0,1385.8905,31182.0
16:52:42,6836.1,6865.0,748.7026,24309.0
16:52:42,6836.1,6870.0,1585.1621,19755.0
16:52:42,6836.1,6875.0,927.1389,18426.0
16:52:42,6836.1,6880.0,1057.1127,35736.0
16:52:42,6836.1,6885.0,244.3236,11729.0
16:52:42,6836.1,6890.0,435.8784,11385.0
16:52:42,6836.1,6895.0,163.0647,4860.0
16:52:42,6836.1,6900.0,501.9415,9658.0
16:52:42,6836.1,6905.0,70.6844,5115.0
16:52:42,6836.1,6910.0,243.2209,14679.0
16:54:50,6831.89,6760.0,48.8003,12709.0
16:54:50,6831.89,6765.0,-72.4599,10182.0
16:54:50,6831.89,6770.0,-39.1584,18271.0
16:54:50,6831.89,6775.0,189.3121,19374.0
16:54:50,6831.89,6780.0,47.0429,13817.0
16:54:50,6831.89,6785.0,18.4832,10729.0
16:54:50,6831.89,6790.0,161.3198,14345.0
16:54:50,6831.89,6795.0,159.9677,11992.0
16:54:50,6831.89,6800.0,779.1562,31178.0
16:54:50,6831.89,6805.0,200.1938,16783.0
16:54:50,6831.89,6810.0,1178.6009,14484.0
16:54:50,6831.89,6815.0,-90.0916,13876.0
16:54:50,6831.89,6820.0,869.2865,25262.0
16:54:50,6831.89,6825.0,1581.9471,30141.0
16:54:50,6831.89,6830.0,2046.3749,48397.0
16:54:50,6831.89,6835.0,700.8891,40584.0
16:54:50,6831.89,6840.0,1662.6516,39599.0
16:54:50,6831.89,6845.0,428.6347,23240.0
16:54:50,6831.89,6850.0,3540.559,47815.0
16:54:50,6831.89,6855.0,511.2391,24224.0
16:54:50,6831.89,6860.0,1263.3086,31552.0
16:54:50,6831.89,6865.0,692.4803,24802.0
16:54:50,6831.89,6870.0,1326.7403,20354.0
16:54:50,6831.89,6875.0,740.4947,20754.0
16:54:50,6831.89,6880.0,833.8789,38356.0
16:54:50,6831.89,6885.0,194.3882,11843.0
16:54:50,6831.89,6890.0,338.1949,11638.0
16:54:50,6831.89,6895.0,121.1853,4879.0
16:54:50,6831.89,6900.0,512.7926,9762.0
16:54:50,6831.89,6905.0,89.436,5189.0
16:56:58,6835.54,6765.0,-65.2987,10205.0
16:56:58,6835.54,6770.0,-36.5233,18504.0
16:56:58,6835.54,6775.0,177.3137,19493.0
16:56:58,6835.54,6780.0,44.2639,13993.0
16:56:58,6835.54,6785.0,16.5989,10799.0
16:56:58,6835.54,6790.0,149.3415,14463.0
16:56:58,6835.54,6795.0,145.8362,12466.0
16:56:58,6835.54,6800.0,709.2305,31877.0
16:56:58,6835.54,6805.0,184.8948,17111.0
16:56:58,6835.54,6810.0,1179.8606,14844.0
16:56:58,6835.54,6815.0,-90.1879,14196.0
16:56:58,6835.54,6820.0,833.6728,25812.0
16:56:58,6835.54,6825.0,1583.6379,30814.0
16:56:58,6835.54,6830.0,2017.0177,49851.0
16:56:58,6835.54,6835.0,710.5551,41473.0
16:56:58,6835.54,6840.0,1732.2009,40357.0
16:56:58,6835.54,6845.0,465.5657,23865.0
16:56:58,6835.54,6850.0,3944.0764,48778.0
16:56:58,6835.54,6855.0,511.7855,24581.0
16:56:58,6835.54,6860.0,1264.6589,32213.0
16:56:58,6835.54,6865.0,773.0606,25004.0
16:56:58,6835.54,6870.0,1550.2412,20864.0
16:56:58,6835.54,6875.0,858.1121,22488.0
16:56:58,6835.54,6880.0,929.013,39740.0
16:56:58,6835.54,6885.0,233.3516,11909.0
16:56:58,6835.54,6890.0,445.9302,11691.0
16:56:58,6835.54,6895.0,153.8646,4905.0
16:56:58,6835.54,6900.0,658.2928,9847.0
16:56:58,6835.54,6905.0,114.3416,5215.0
16:56:58,6835.54,6910.0,500.289,14806.0
16:59:06,6838.24,6765.0,-59.0653,10216.0
16:59:06,6838.24,6770.0,-32.017,18571.0
16:59:06,6838.24,6775.0,155.4771,19547.0
16:59:06,6838.24,6780.0,39.9567,14222.0
16:59:06,6838.24,6785.0,14.5648,10897.0
16:59:06,6838.24,6790.0,132.6226,14690.0
16:59:06,6838.24,6795.0,135.0628,12770.0
16:59:06,6838.24,6800.0,658.3164,32581.0
16:59:06,6838.24,6805.0,168.5063,17415.0
16:59:06,6838.24,6810.0,1007.3024,15317.0
16:59:06,6838.24,6815.0,-90.2591,14485.0
16:59:06,6838.24,6820.0,898.9732,26291.0
16:59:06,6838.24,6825.0,1584.8892,31354.0
16:59:06,6838.24,6830.0,1937.5483,50777.0
16:59:06,6838.24,6835.0,711.1166,42619.0
16:59:06,6838.24,6840.0,1736.1954,41617.0
16:59:06,6838.24,6845.0,455.0597,24425.0
16:59:06,6838.24,6850.0,4301.719,50150.0
16:59:06,6838.24,6855.0,512.1899,25220.0
16:59:06,6838.24,6860.0,1265.6581,32926.0
16:59:06,6838.24,6865.0,763.317,25265.0
16:59:06,6838.24,6870.0,1781.8657,21397.0
16:59:06,6838.24,6875.0,988.4488,23712.0
16:59:06,6838.24,6880.0,1018.4203,41239.0
16:59:06,6838.24,6885.0,268.398,11969.0
16:59:06,6838.24,6890.0,478.0112,11967.0
16:59:06,6838.24,6895.0,176.0594,4920.0
16:59:06,6838.24,6900.0,749.0224,10198.0
16:59:06,6838.24,6905.0,130.0862,5257.0
16:59:06,6838.24,6910.0,575.1529,15035.0
17:01:14,6834.86,6760.0,48.8428,13021.0
17:01:14,6834.86,6765.0,-61.2424,10309.0
17:01:14,6834.86,6770.0,-33.5371,18621.0
17:01:14,6834.86,6775.0,157.4274,19647.0
17:01:14,6834.86,6780.0,40.9585,14353.0
17:01:14,6834.86,6785.0,17.1955,10977.0
17:01:14,6834.86,6790.0,150.0574,14788.0
17:01:14,6834.86,6795.0,148.0688,12964.0
17:01:14,6834.86,6800.0,725.7607,33115.0
17:01:14,6834.86,6805.0,187.551,17681.0
17:01:14,6834.86,6810.0,1133.704,15567.0
17:01:14,6834.86,6815.0,-87.3166,14900.0
17:01:14,6834.86,6820.0,841.6995,26609.0
17:01:14,6834.86,6825.0,1531.4963,31737.0
17:01:14,6834.86,6830.0,2017.5468,51357.0
17:01:14,6834.86,6835.0,711.1761,43615.0
17:01:14,6834.86,6840.0,1702.7692,42577.0
17:01:14,6834.86,6845.0,445.8836,24792.0
17:01:14,6834.86,6850.0,3773.8361,50812.0
17:01:14,6834.86,6855.0,562.2802,25673.0
17:01:14,6834.86,6860.0,1368.097,33193.0
17:01:14,6834.86,6865.0,738.1763,25459.0
17:01:14,6834.86,6870.0,1544.022,21697.0
17:01:14,6834.86,6875.0,867.4308,24425.0
17:01:14,6834.86,6880.0,892.5706,41913.0
17:01:14,6834.86,6885.0,231.4817,12031.0
17:01:14,6834.86,6890.0,457.9064,12046.0
17:01:14,6834.86,6895.0,170.9247,4944.0
17:01:14,6834.86,6900.0,717.6391,10294.0
17:01:14,6834.86,6905.0,122.8797,5290.0
17:03:22,6835.66,6765.0,-62.9368,10333.0
17:03:22,6835.66,6770.0,-33.2598,18731.0
17:03:22,6835.66,6775.0,155.5365,19968.0
17:03:22,6835.66,6780.0,40.9681,14470.0
17:03:22,6835.66,6785.0,17.1995,11088.0
17:03:22,6835.66,6790.0,150.0925,14913.0
17:03:22,6835.66,6795.0,148.1035,13177.0
17:03:22,6835.66,6800.0,722.8748,34026.0
17:03:22,6835.66,6805.0,185.8554,18043.0
17:03:22,6835.66,6810.0,1096.9294,15830.0
17:03:22,6835.66,6815.0,-84.6695,15257.0
17:03:22,6835.66,6820.0,827.0391,26981.0
17:03:22,6835.66,6825.0,1520.5698,32112.0
17:03:22,6835.66,6830.0,2018.4699,51769.0
17:03:22,6835.66,6835.0,713.3098,44401.0
17:03:22,6835.66,6840.0,1716.96,43255.0
17:03:22,6835.66,6845.0,453.9689,25118.0
17:03:22,6835.66,6850.0,3870.4187,51421.0
17:03:22,6835.66,6855.0,566.4954,26170.0
17:03:22,6835.66,6860.0,1411.2347,33556.0
17:03:22,6835.66,6865.0,765.9599,25664.0
17:03:22,6835.66,6870.0,1616.0377,21854.0
17:03:22,6835.66,6875.0,867.6339,24880.0
17:03:22,6835.66,6880.0,892.7796,43032.0
17:03:22,6835.66,6885.0,231.5359,12295.0
17:03:22,6835.66,6890.0,458.0136,12085.0
17:03:22,6835.66,6895.0,170.9647,4974.0
17:03:22,6835.66,6900.0,750.4384,10387.0
17:03:22,6835.66,6905.0,130.0894,5326.0
17:03:22,6835.66,6910.0,569.7873,15134.0
17:05:30,6834.74,6760.0,32.922,13128.0
17:05:30,6834.74,6765.0,-62.9198,10363.0
17:05:30,6834.74,6770.0,-33.2508,18758.0
17:05:30,6834.74,6775.0,170.8856,20053.0
17:05:30,6834.74,6780.0,40.957,14590.0
17:05:30,6834.74,6785.0,17.1949,11109.0
17:05:30,6834.74,6790.0,150.0521,14954.0
17:05:30,6834.74,6795.0,148.0636,13321.0
17:05:30,6834.74,6800.0,722.6803,34229.0
17:05:30,6834.74,6805.0,185.8054,18122.0
17:05:30,6834.74,6810.0,1096.6342,15955.0
17:05:30,6834.74,6815.0,-84.6467,15355.0
17:05:30,6834.74,6820.0,821.8536,27134.0
17:05:30,6834.74,6825.0,1509.9692,32324.0
17:05:30,6834.74,6830.0,2020.6326,52284.0
17:05:30,6834.74,6835.0,698.2939,44973.0
17:05:30,6834.74,6840.0,1676.0559,43729.0
17:05:30,6834.74,6845.0,446.86,25326.0
17:05:30,6834.74,6850.0,3869.377,51825.0
17:05:30,6834.74,6855.0,566.3429,26335.0
17:05:30,6834.74,6860.0,1410.8548,33828.0
17:05:30,6834.74,6865.0,765.7537,25777.0
17:05:30,6834.74,6870.0,1615.6027,22034.0
17:05:30,6834.74,6875.0,867.4004,25584.0
17:05:30,6834.74,6880.0,892.5393,46417.0
17:05:30,6834.74,6885.0,231.4735,12357.0
17:05:30,6834.74,6890.0,457.8472,12129.0
17:05:30,6834.74,6895.0,175.1368,4990.0
17:05:30,6834.74,6900.0,750.2364,10411.0
17:05:30,6834.74,6905.0,130.0544,5339.0
17:07:38,6836.0,6765.0,-66.0952,10380.0
17:07:38,6836.0,6770.0,-34.9001,18825.0
17:07:38,6836.0,6775.0,163.8568,20106.0
17:07:38,6836.0,6780.0,41.8441,14735.0
17:07:38,6836.0,6785.0,16.7967,11220.0
17:07:38,6836.0,6790.0,148.2536,15087.0
17:07:38,6836.0,6795.0,149.099,13450.0
17:07:38,6836.0,6800.0,733.4029,34653.0
17:07:38,6836.0,6805.0,180.9268,18226.0
17:07:38,6836.0,6810.0,1074.6956,16284.0
17:07:38,6836.0,6815.0,-84.0819,15714.0
17:07:38,6836.0,6820.0,823.0317,27783.0
17:07:38,6836.0,6825.0,1502.3574,33126.0
17:07:38,6836.0,6830.0,2023.8033,53141.0
17:07:38,6836.0,6835.0,712.6792,45992.0
17:07:38,6836.0,6840.0,1752.734,44390.0
17:07:38,6836.0,6845.0,466.5285,25774.0
17:07:38,6836.0,6850.0,3939.7162,52553.0
17:07:38,6836.0,6855.0,583.3262,26909.0
17:07:38,6836.0,6860.0,1464.4704,34305.0
17:07:38,6836.0,6865.0,796.1187,25929.0
17:07:38,6836.0,6870.0,1668.4805,22506.0
17:07:38,6836.0,6875.0,891.6022,25802.0
17:07:38,6836.0,6880.0,944.9143,46601.0
17:07:38,6836.0,6885.0,255.937,12415.0
17:07:38,6836.0,6890.0,454.1303,12182.0
17:07:38,6836.0,6895.0,177.6928,5019.0
17:07:38,6836.0,6900.0,762.5105,10537.0
17:07:38,6836.0,6905.0,131.5721,5369.0
17:07:38,6836.0,6910.0,569.844,15296.0
17:09:46,6838.89,6765.0,-57.7576,10406.0
17:09:46,6838.89,6770.0,-31.8785,18857.0
17:09:46,6838.89,6775.0,148.601,20193.0
17:09:46,6838.89,6780.0,37.5504,14872.0
17:09:46,6838.89,6785.0,14.7246,11277.0
17:09:46,6838.89,6790.0,148.9438,15206.0
17:09:46,6838.89,6795.0,147.9008,13570.0
17:09:46,6838.89,6800.0,683.8,35111.0
17:09:46,6838.89,6805.0,164.3713,18388.0
17:09:46,6838.89,6810.0,986.8372,16469.0
17:09:46,6838.89,6815.0,-78.2446,16062.0
17:09:46,6838.89,6820.0,773.8417,28154.0
17:09:46,6838.89,6825.0,1423.7745,33537.0
17:09:46,6838.89,6830.0,1978.6212,53778.0
17:09:46,6838.89,6835.0,698.3546,47498.0
17:09:46,6838.89,6840.0,1741.0442,45596.0
17:09:46,6838.89,6845.0,479.9527,26207.0
17:09:46,6838.89,6850.0,4160.206,53219.0
17:09:46,6838.89,6855.0,627.799,27406.0
17:09:46,6838.89,6860.0,1602.8805,34728.0
17:09:46,6838.89,6865.0,881.7862,26348.0
17:09:46,6838.89,6870.0,1830.9356,22678.0
17:09:46,6838.89,6875.0,905.5818,26187.0
17:09:46,6838.89,6880.0,947.3479,46805.0
17:09:46,6838.89,6885.0,255.2376,12516.0
17:09:46,6838.89,6890.0,454.5144,12274.0
17:09:46,6838.89,6895.0,198.6757,5047.0
17:09:46,6838.89,6900.0,853.8265,10587.0
17:09:46,6838.89,6905.0,148.3229,5373.0
17:09:46,6838.89,6910.0,648.6353,15348.0
17:11:54,6838.45,6765.0,-57.7502,10409.0
17:11:54,6838.45,6770.0,-31.8744,18996.0
17:11:54,6838.45,6775.0,148.5818,20328.0
17:11:54,6838.45,6780.0,37.5456,14995.0
17:11:54,6838.45,6785.0,14.528,11402.0
17:11:54,6838.45,6790.0,148.9246,15315.0
17:11:54,6838.45,6795.0,147.8818,13960.0
17:11:54,6838.45,6800.0,683.712,35520.0
17:11:54,6838.45,6805.0,164.3502,18601.0
17:11:54,6838.45,6810.0,986.7102,16840.0
17:11:54,6838.45,6815.0,-78.2346,16279.0
17:11:54,6838.45,6820.0,772.539,28505.0
17:11:54,6838.45,6825.0,1423.5913,33905.0
17:11:54,6838.45,6830.0,1986.7248,54375.0
17:11:54,6838.45,6835.0,705.4215,48499.0
17:11:54,6838.45,6840.0,1742.506,46481.0
17:11:54,6838.45,6845.0,475.4969,26676.0
17:11:54,6838.45,6850.0,4159.6707,53856.0
17:11:54,6838.45,6855.0,627.7182,27735.0
17:11:54,6838.45,6860.0,1602.6742,35213.0
17:11:54,6838.45,6865.0,881.6728,26528.0
17:11:54,6838.45,6870.0,1830.7,22960.0
17:11:54,6838.45,6875.0,905.4653,26391.0
17:11:54,6838.45,6880.0,947.226,47086.0
17:11:54,6838.45,6885.0,255.2048,12598.0
17:11:54,6838.45,6890.0,454.4559,12344.0
17:11:54,6838.45,6895.0,198.6502,5059.0
17:11:54,6838.45,6900.0,853.7166,10732.0
17:11:54,6838.45,6905.0,148.3038,5381.0
17:11:54,6838.45,6910.0,592.1582,15442.0
17:14:02,6839.27,6765.0,-57.1082,10453.0
17:14:02,6839.27,6770.0,-6.3655,19048.0
17:14:02,6839.27,6775.0,157.6334,20375.0
17:14:02,6839.27,6780.0,36.7804,15061.0
17:14:02,6839.27,6785.0,14.1419,11450.0
17:14:02,6839.27,6790.0,124.9803,15412.0
17:14:02,6839.27,6795.0,126.3074,14080.0
17:14:02,6839.27,6800.0,622.3561,35828.0
17:14:02,6839.27,6805.0,163.2501,18757.0
17:14:02,6839.27,6810.0,970.3713,17071.0
17:14:02,6839.27,6815.0,-75.1357,16400.0
17:14:02,6839.27,6820.0,752.9915,28851.0
17:14:02,6839.27,6825.0,1424.9982,34193.0
17:14:02,6839.27,6830.0,1951.5248,54906.0
17:14:02,6839.27,6835.0,705.5214,49468.0
17:14:02,6839.27,6840.0,1777.6408,47530.0
17:14:02,6839.27,6845.0,475.6109,27143.0
17:14:02,6839.27,6850.0,4142.0794,54569.0
17:14:02,6839.27,6855.0,644.9491,28052.0
17:14:02,6839.27,6860.0,1674.0021,35672.0
17:14:02,6839.27,6865.0,901.2573,26756.0
17:14:02,6839.27,6870.0,1860.3557,23168.0
17:14:02,6839.27,6875.0,1067.0944,26560.0
17:14:02,6839.27,6880.0,1148.0532,47369.0
17:14:02,6839.27,6885.0,306.3417,12655.0
17:14:02,6839.27,6890.0,544.662,12416.0
17:14:02,6839.27,6895.0,207.3764,5103.0
17:14:02,6839.27,6900.0,892.8299,10804.0
17:14:02,6839.27,6905.0,135.4654,5408.0
17:14:02,6839.27,6910.0,592.3002,15442.0
17:16:11,6841.74,6770.0,-28.7992,19125.0
17:16:11,6841.74,6775.0,132.8346,20429.0
17:16:11,6841.74,6780.0,36.8069,15160.0
17:16:11,6841.74,6785.0,14.1521,11517.0
17:16:11,6841.74,6790.0,125.0706,15506.0
17:16:11,6841.74,6795.0,126.3986,14229.0
17:16:11,6841.74,6800.0,622.8057,36408.0
17:16:11,6841.74,6805.0,163.368,19079.0
17:16:11,6841.74,6810.0,971.0724,17351.0
17:16:11,6841.74,6815.0,-75.19,16769.0
17:16:11,6841.74,6820.0,804.5504,29151.0
17:16:11,6841.74,6825.0,1426.0277,34617.0
17:16:11,6841.74,6830.0,1954.7435,55384.0
17:16:11,6841.74,6835.0,693.7273,50121.0
17:16:11,6841.74,6840.0,1777.3715,49252.0
17:16:11,6841.74,6845.0,496.3985,27866.0
17:16:11,6841.74,6850.0,4442.8861,55365.0
17:16:11,6841.74,6855.0,645.415,28458.0
17:16:11,6841.74,6860.0,1675.2114,36360.0
17:16:11,6841.74,6865.0,901.9084,27138.0
17:16:11,6841.74,6870.0,1861.6997,23528.0
17:16:11,6841.74,6875.0,1067.8653,26948.0
17:16:11,6841.74,6880.0,1148.8826,47845.0
17:16:11,6841.74,6885.0,306.563,12849.0
17:16:11,6841.74,6890.0,545.0555,12603.0
17:16:11,6841.74,6895.0,207.5262,5115.0
17:16:11,6841.74,6900.0,889.8492,10907.0
17:16:11,6841.74,6905.0,161.8108,5442.0
17:16:11,6841.74,6910.0,702.6268,15456.0
17:16:11,6841.74,6915.0,25.7759,3516.0
17:18:19,6840.46,6770.0,-28.7884,19237.0
17:18:19,6840.46,6775.0,132.7849,20484.0
17:18:19,6840.46,6780.0,36.422,15209.0
17:18:19,6840.46,6785.0,13.8542,11556.0
17:18:19,6840.46,6790.0,125.0238,15661.0
17:18:19,6840.46,6795.0,126.3513,14434.0
17:18:19,6840.46,6800.0,622.5727,36823.0
17:18:19,6840.46,6805.0,163.3069,19238.0
17:18:19,6840.46,6810.0,970.7091,17637.0
17:18:19,6840.46,6815.0,-75.1618,16971.0
17:18:19,6840.46,6820.0,760.0624,29435.0
17:18:19,6840.46,6825.0,1425.4942,35040.0
17:18:19,6840.46,6830.0,1921.3216,55910.0
17:18:19,6840.46,6835.0,691.67,50740.0
17:18:19,6840.46,6840.0,1774.7928,50437.0
17:18:19,6840.46,6845.0,496.2128,28663.0
17:18:19,6840.46,6850.0,4378.9301,56184.0
17:18:19,6840.46,6855.0,645.1735,28885.0
17:18:19,6840.46,6860.0,1674.5846,36913.0
17:18:19,6840.46,6865.0,901.571,27560.0
17:18:19,6840.46,6870.0,1861.0032,23898.0
17:18:19,6840.46,6875.0,1067.4658,27227.0
17:18:19,6840.46,6880.0,1148.4527,48652.0
17:18:19,6840.46,6885.0,306.4483,12966.0
17:18:19,6840.46,6890.0,544.8515,12742.0
17:18:19,6840.46,6895.0,207.4485,5146.0
17:18:19,6840.46,6900.0,889.9623,11108.0
17:18:19,6840.46,6905.0,161.7503,5457.0
17:18:19,6840.46,6910.0,657.4576,15458.0
17:18:19,6840.46,6915.0,69.2753,3525.0
17:20:27,6839.51,6765.0,-57.1122,10549.0
17:20:27,6839.51,6770.0,-31.5212,19284.0
17:20:27,6839.51,6775.0,144.8558,20534.0
17:20:27,6839.51,6780.0,37.0795,15291.0
17:20:27,6839.51,6785.0,13.8503,11643.0
17:20:27,6839.51,6790.0,123.7528,15701.0
17:20:27,6839.51,6795.0,124.7949,14531.0
17:20:27,6839.51,6800.0,614.2187,37281.0
17:20:27,6839.51,6805.0,164.6142,19355.0
17:20:27,6839.51,6810.0,977.0565,17920.0
17:20:27,6839.51,6815.0,-78.8292,17238.0
17:20:27,6839.51,6820.0,767.0222,29830.0
17:20:27,6839.51,6825.0,1440.2718,35380.0
17:20:27,6839.51,6830.0,1970.319,56736.0
17:20:27,6839.51,6835.0,712.8862,51499.0
17:20:27,6839.51,6840.0,1792.0792,51507.0
17:20:27,6839.51,6845.0,490.3461,29372.0
17:20:27,6839.51,6850.0,4297.0707,56921.0
17:20:27,6839.51,6855.0,643.221,29294.0
17:20:27,6839.51,6860.0,1637.3956,37341.0
17:20:27,6839.51,6865.0,878.5061,27720.0
17:20:27,6839.51,6870.0,1818.2441,24166.0
17:20:27,6839.51,6875.0,1060.6763,27283.0
17:20:27,6839.51,6880.0,1148.0289,49191.0
17:20:27,6839.51,6885.0,304.7322,13149.0
17:20:27,6839.51,6890.0,539.6192,12868.0
17:20:27,6839.51,6895.0,205.3696,5169.0
17:20:27,6839.51,6900.0,828.3706,11201.0
17:20:27,6839.51,6905.0,143.4228,5475.0
17:20:27,6839.51,6910.0,657.275,15464.0
17:22:35,6840.66,6770.0,-29.4116,19302.0
17:22:35,6840.66,6775.0,135.7968,20553.0
17:22:35,6840.66,6780.0,36.2445,15384.0
17:22:35,6840.66,6785.0,21.005,11656.0
17:22:35,6840.66,6790.0,124.7987,15781.0
17:22:35,6840.66,6795.0,130.5063,14653.0
17:22:35,6840.66,6800.0,635.5664,37917.0
17:22:35,6840.66,6805.0,164.6696,19535.0
17:22:35,6840.66,6810.0,926.7994,18104.0
17:22:35,6840.66,6815.0,-75.0959,17416.0
17:22:35,6840.66,6820.0,754.1194,30488.0
17:22:35,6840.66,6825.0,1384.6995,35551.0
17:22:35,6840.66,6830.0,1928.763,57145.0
17:22:35,6840.66,6835.0,702.2726,52055.0
17:22:35,6840.66,6840.0,1792.5389,52592.0
17:22:35,6840.66,6845.0,500.8389,29848.0
17:22:35,6840.66,6850.0,4449.7644,57313.0
17:22:35,6840.66,6855.0,678.6474,29526.0
17:22:35,6840.66,6860.0,1677.3654,38035.0
17:22:35,6840.66,6865.0,951.9505,27943.0
17:22:35,6840.66,6870.0,1965.3352,24313.0
17:22:35,6840.66,6875.0,1141.7433,27496.0
17:22:35,6840.66,6880.0,1059.821,49884.0
17:22:35,6840.66,6885.0,286.187,13247.0
17:22:35,6840.66,6890.0,524.6488,12929.0
17:22:35,6840.66,6895.0,192.7901,5174.0
17:22:35,6840.66,6900.0,875.4779,11251.0
17:22:35,6840.66,6905.0,150.9798,5490.0
17:22:35,6840.66,6910.0,666.1868,15491.0
17:22:35,6840.66,6915.0,71.6277,3550.0
17:24:43,6844.21,6770.0,-28.7172,19350.0
17:24:43,6844.21,6775.0,135.9378,20636.0
17:24:43,6844.21,6780.0,36.2821,15641.0
17:24:43,6844.21,6785.0,12.6621,11726.0
17:24:43,6844.21,6790.0,114.1413,15954.0
17:24:43,6844.21,6795.0,107.7155,14853.0
17:24:43,6844.21,6800.0,534.3856,38587.0
17:24:43,6844.21,6805.0,139.4881,19788.0
17:24:43,6844.21,6810.0,842.7903,18702.0
17:24:43,6844.21,6815.0,-66.4665,17883.0
17:24:43,6844.21,6820.0,687.2466,31166.0
17:24:43,6844.21,6825.0,1310.1726,36073.0
17:24:43,6844.21,6830.0,1828.4523,57615.0
17:24:43,6844.21,6835.0,703.0017,52055.0
17:24:43,6844.21,6840.0,1834.2731,54467.0
17:24:43,6844.21,6845.0,517.0136,30485.0
17:24:43,6844.21,6850.0,4454.384,58026.0
17:24:43,6844.21,6855.0,679.352,29526.0
17:24:43,6844.21,6860.0,1925.9395,38638.0
17:24:43,6844.21,6865.0,1062.3685,28453.0
17:24:43,6844.21,6870.0,2177.7285,24543.0
17:24:43,6844.21,6875.0,1225.7712,27656.0
17:24:43,6844.21,6880.0,1294.5862,50281.0
17:24:43,6844.21,6885.0,358.5166,13313.0
17:24:43,6844.21,6890.0,597.3837,13155.0
17:24:43,6844.21,6895.0,221.2289,5249.0
17:24:43,6844.21,6900.0,948.3589,11832.0
17:24:43,6844.21,6905.0,151.1366,5512.0
17:24:43,6844.21,6910.0,666.8784,15514.0
17:24:43,6844.21,6915.0,70.906,3583.0
17:26:51,6838.76,6765.0,-57.0997,10750.0
17:26:51,6838.76,6770.0,-28.6715,19436.0
17:26:51,6838.76,6775.0,130.9392,20729.0
17:26:51,6838.76,6780.0,34.1786,15788.0
17:26:51,6838.76,6785.0,14.4473,11870.0
17:26:51,6838.76,6790.0,128.0323,16190.0
17:26:51,6838.76,6795.0,126.8154,15110.0
17:26:51,6838.76,6800.0,533.5349,40249.0
17:26:51,6838.76,6805.0,170.3447,20099.0
17:26:51,6838.76,6810.0,1022.3163,19408.0
17:26:51,6838.76,6815.0,-78.9003,18283.0
17:26:51,6838.76,6820.0,799.6748,31865.0
17:26:51,6838.76,6825.0,1482.7162,36608.0
17:26:51,6838.76,6830.0,2032.7561,58287.0
17:26:51,6838.76,6835.0,742.7897,53455.0
17:26:51,6838.76,6840.0,1841.6469,56457.0
17:26:51,6838.76,6845.0,506.7231,31671.0
17:26:51,6838.76,6850.0,4360.8053,59118.0
17:26:51,6838.76,6855.0,652.2286,30578.0
17:26:51,6838.76,6860.0,1573.3175,39532.0
17:26:51,6838.76,6865.0,830.8216,29138.0
17:26:51,6838.76,6870.0,1700.2997,25369.0
17:26:51,6838.76,6875.0,1223.8198,28127.0
17:26:51,6838.76,6880.0,1309.1364,51027.0
17:26:51,6838.76,6885.0,285.2942,13465.0
17:26:51,6838.76,6890.0,468.1051,13229.0
17:26:51,6838.76,6895.0,173.6645,5376.0
17:26:51,6838.76,6900.0,778.212,12159.0
17:26:51,6838.76,6905.0,164.5052,5569.0
17:26:51,6838.76,6910.0,665.8167,15615.0
17:29:00,6838.49,6765.0,-53.0315,10763.0
17:29:00,6838.49,6770.0,-29.852,19512.0
17:29:00,6838.49,6775.0,136.9776,20827.0
17:29:00,6838.49,6780.0,36.1941,15840.0
17:29:00,6838.49,6785.0,14.1449,11919.0
17:29:00,6838.49,6790.0,125.0566,16284.0
17:29:00,6838.49,6795.0,129.2257,15167.0
17:29:00,6838.49,6800.0,663.925,40536.0
17:29:00,6838.49,6805.0,170.3313,20280.0
17:29:00,6838.49,6810.0,1022.2356,19636.0
17:29:00,6838.49,6815.0,-78.8941,18483.0
17:29:00,6838.49,6820.0,761.6579,32080.0
17:29:00,6838.49,6825.0,1482.5992,36887.0
17:29:00,6838.49,6830.0,2027.2029,58888.0
17:29:00,6838.49,6835.0,747.8828,54165.0
17:29:00,6838.49,6840.0,1867.1612,57727.0
17:29:00,6838.49,6845.0,509.4582,32231.0
17:29:00,6838.49,6850.0,4360.461,59709.0
17:29:00,6838.49,6855.0,652.1771,30909.0
17:29:00,6838.49,6860.0,1632.605,40079.0
17:29:00,6838.49,6865.0,879.4171,29365.0
17:29:00,6838.49,6870.0,1700.1655,25629.0
17:29:00,6838.49,6875.0,962.4483,28279.0
17:29:00,6838.49,6880.0,1027.5012,51224.0
17:29:00,6838.49,6885.0,262.4232,13550.0
17:29:00,6838.49,6890.0,477.4109,13320.0
17:29:00,6838.49,6895.0,174.3206,5397.0
17:29:00,6838.49,6900.0,754.5196,12172.0
17:29:00,6838.49,6905.0,135.0362,5583.0
17:29:00,6838.49,6910.0,576.9278,15623.0
17:31:09,6836.23,6765.0,-52.9965,10864.0
17:31:09,6836.23,6770.0,-29.8322,19676.0
17:31:09,6836.23,6775.0,136.887,20975.0
17:31:09,6836.23,6780.0,36.1702,16168.0
17:31:09,6836.23,6785.0,14.1356,12159.0
17:31:09,6836.23,6790.0,124.974,16284.0
17:31:09,6836.23,6795.0,129.1403,15167.0
17:31:09,6836.23,6800.0,663.4862,40536.0
17:31:09,6836.23,6805.0,170.2187,20280.0
17:31:09,6836.23,6810.0,1021.56,19636.0
17:31:09,6836.23,6815.0,-78.842,18483.0
17:31:09,6836.23,6820.0,728.5561,32651.0
17:31:09,6836.23,6825.0,1481.6194,36887.0
17:31:09,6836.23,6830.0,2012.8269,60177.0
17:31:09,6836.23,6835.0,747.3885,55781.0
17:31:09,6836.23,6840.0,1865.9273,59153.0
17:31:09,6836.23,6845.0,509.1215,32935.0
17:31:09,6836.23,6850.0,4357.5794,59709.0
17:31:09,6836.23,6855.0,651.7461,30909.0
17:31:09,6836.23,6860.0,1631.5261,40079.0
17:31:09,6836.23,6865.0,878.836,29365.0
17:31:09,6836.23,6870.0,1699.0419,25629.0
17:31:09,6836.23,6875.0,961.8123,28279.0
17:31:09,6836.23,6880.0,1026.8221,51224.0
17:31:09,6836.23,6885.0,262.2498,13550.0
17:31:09,6836.23,6890.0,477.0954,13372.0
17:31:09,6836.23,6895.0,174.2054,5466.0
17:31:09,6836.23,6900.0,754.021,12346.0
17:31:09,6836.23,6905.0,134.947,5613.0
17:31:09,6836.23,6910.0,528.827,15649.0
17:33:17,6833.25,6760.0,35.1836,14258.0
17:33:17,6833.25,6765.0,-82.9814,10914.0
17:33:17,6833.25,6770.0,-36.1223,19828.0
17:33:17,6833.25,6775.0,176.3509,21131.0
17:33:17,6833.25,6780.0,-18.6749,16471.0
17:33:17,6833.25,6785.0,0.221,12310.0
17:33:17,6833.25,6790.0,156.8162,17153.0
17:33:17,6833.25,6795.0,157.0172,15789.0
17:33:17,6833.25,6800.0,776.6826,41831.0
17:33:17,6833.25,6805.0,201.8245,21360.0
17:33:17,6833.25,6810.0,1191.8799,20675.0
17:33:17,6833.25,6815.0,-92.4141,19561.0
17:33:17,6833.25,6820.0,881.2398,33560.0
17:33:17,6833.25,6825.0,1611.3546,38315.0
17:33:17,6833.25,6830.0,2125.9496,61662.0
17:33:17,6833.25,6835.0,738.6236,57474.0
17:33:17,6833.25,6840.0,1755.7585,60721.0
17:33:17,6833.25,6845.0,453.2255,33917.0
17:33:17,6833.25,6850.0,3773.2263,61966.0
17:33:17,6833.25,6855.0,542.3992,32169.0
17:33:17,6833.25,6860.0,1279.242,41664.0
17:33:17,6833.25,6865.0,673.7651,30299.0
17:33:17,6833.25,6870.0,1359.4704,29717.0
17:33:17,6833.25,6875.0,749.5613,28744.0
17:33:17,6833.25,6880.0,840.424,52082.0
17:33:17,6833.25,6885.0,262.2639,13773.0
17:33:17,6833.25,6890.0,378.7594,13640.0
17:33:17,6833.25,6895.0,136.2652,5486.0
17:33:17,6833.25,6900.0,583.7393,12505.0
17:33:17,6833.25,6905.0,101.4058,5650.0
17:35:25,6832.49,6760.0,48.5013,14851.0
17:35:25,6832.49,6765.0,-70.9921,11076.0
17:35:25,6832.49,6770.0,-38.2812,20068.0
17:35:25,6832.49,6775.0,185.5561,21438.0
17:35:25,6832.49,6780.0,47.1348,16640.0
17:35:25,6832.49,6785.0,-8.5479,12546.0
17:35:25,6832.49,6790.0,164.8939,17428.0
17:35:25,6832.49,6795.0,159.9347,16256.0
17:35:25,6832.49,6800.0,789.1367,42665.0
17:35:25,6832.49,6805.0,201.7708,21914.0
17:35:25,6832.49,6810.0,1196.4257,21352.0
17:35:25,6832.49,6815.0,-92.1023,19988.0
17:35:25,6832.49,6820.0,877.6612,34497.0
17:35:25,6832.49,6825.0,1587.7076,39150.0
17:35:25,6832.49,6830.0,2064.3167,63218.0
17:35:25,6832.49,6835.0,707.2748,58950.0
17:35:25,6832.49,6840.0,1675.2265,61808.0
17:35:25,6832.49,6845.0,430.1465,34459.0
17:35:25,6832.49,6850.0,3624.6035,62992.0
17:35:25,6832.49,6855.0,507.7943,32733.0
17:35:25,6832.49,6860.0,1281.0226,42489.0
17:35:25,6832.49,6865.0,684.6289,30661.0
17:35:25,6832.49,6870.0,1197.8211,30858.0
17:35:25,6832.49,6875.0,669.0336,29114.0
17:35:25,6832.49,6880.0,710.522,52265.0
17:35:25,6832.49,6885.0,216.9319,13960.0
17:35:25,6832.49,6890.0,321.6988,13715.0
17:35:25,6832.49,6895.0,119.7295,5704.0
17:35:25,6832.49,6900.0,649.1816,12803.0
17:35:25,6832.49,6905.0,112.5111,5668.0
17:37:34,6831.33,6760.0,47.3789,14872.0
17:37:34,6831.33,6765.0,-71.5245,11146.0
17:37:34,6831.33,6770.0,-38.344,20161.0
17:37:34,6831.33,6775.0,186.0121,21667.0
17:37:34,6831.33,6780.0,47.7564,16802.0
17:37:34,6831.33,6785.0,18.2052,12703.0
17:37:34,6831.33,6790.0,167.9854,17569.0
17:37:34,6831.33,6795.0,159.8804,16621.0
17:37:34,6831.33,6800.0,788.8688,43348.0
17:37:34,6831.33,6805.0,201.7023,22198.0
17:37:34,6831.33,6810.0,1196.0195,21608.0
17:37:34,6831.33,6815.0,-92.071,20377.0
17:37:34,6831.33,6820.0,847.9018,35017.0
17:37:34,6831.33,6825.0,1626.7446,39618.0
17:37:34,6831.33,6830.0,2073.8061,64426.0
17:37:34,6831.33,6835.0,708.986,59969.0
17:37:34,6831.33,6840.0,1674.8973,62643.0
17:37:34,6831.33,6845.0,430.0005,34842.0
17:37:34,6831.33,6850.0,3623.3729,63933.0
17:37:34,6831.33,6855.0,507.6219,32953.0
17:37:34,6831.33,6860.0,1280.5876,42830.0
17:37:34,6831.33,6865.0,684.3964,30938.0
17:37:34,6831.33,6870.0,1197.4144,31195.0
17:37:34,6831.33,6875.0,802.9964,29279.0
17:37:34,6831.33,6880.0,812.2068,53009.0
17:37:34,6831.33,6885.0,221.8868,13992.0
17:37:34,6831.33,6890.0,390.5258,13773.0
17:37:34,6831.33,6895.0,119.6889,5727.0
17:37:34,6831.33,6900.0,648.9611,12809.0
17:37:34,6831.33,6905.0,112.4729,5665.0
17:39:45,6829.24,6755.0,-12.2391,6986.0
17:39:45,6829.24,6760.0,47.3499,14950.0
17:39:45,6829.24,6765.0,-71.4807,11289.0
17:39:45,6829.24,6770.0,-41.714,20614.0
17:39:45,6829.24,6775.0,200.7112,21871.0
17:39:45,6829.24,6780.0,51.4272,17150.0
17:39:45,6829.24,6785.0,18.1941,13187.0
17:39:45,6829.24,6790.0,163.0703,18207.0
17:39:45,6829.24,6795.0,161.1866,17047.0
17:39:45,6829.24,6800.0,780.5743,44498.0
17:39:45,6829.24,6805.0,201.5169,22676.0
17:39:45,6829.24,6810.0,1195.2878,22225.0
17:39:45,6829.24,6815.0,-94.969,20891.0
17:39:45,6829.24,6820.0,873.4831,36181.0
17:39:45,6829.24,6825.0,1625.7493,41000.0
17:39:45,6829.24,6830.0,2114.6833,65945.0
17:39:45,6829.24,6835.0,708.5523,61289.0
17:39:45,6829.24,6840.0,1673.8726,63751.0
17:39:45,6829.24,6845.0,426.7006,35395.0
17:39:45,6829.24,6850.0,3621.1561,65264.0
17:39:45,6829.24,6855.0,502.9044,33565.0
17:39:45,6829.24,6860.0,1279.743,43295.0
17:39:45,6829.24,6865.0,683.1896,31538.0
17:39:45,6829.24,6870.0,1369.9161,31641.0
17:39:45,6829.24,6875.0,694.4266,29627.0
17:39:45,6829.24,6880.0,796.2564,54397.0
17:39:45,6829.24,6885.0,217.8611,14054.0
17:39:45,6829.24,6890.0,384.2698,13878.0
17:39:45,6829.24,6895.0,144.5519,5810.0
17:39:45,6829.24,6900.0,581.2087,12939.0
17:41:53,6827.04,6755.0,-15.3881,7248.0
17:41:53,6827.04,6760.0,58.8825,15698.0
17:41:53,6827.04,6765.0,-86.6875,11737.0
17:41:53,6827.04,6770.0,-41.6872,21674.0
17:41:53,6827.04,6775.0,200.5819,22838.0
17:41:53,6827.04,6780.0,51.3941,18147.0
17:41:53,6827.04,6785.0,36.6399,14101.0
17:41:53,6827.04,6790.0,197.4808,19288.0
17:41:53,6827.04,6795.0,196.791,18473.0
17:41:53,6827.04,6800.0,954.1816,46751.0
17:41:53,6827.04,6805.0,236.9426,23784.0
17:41:53,6827.04,6810.0,1377.7474,23560.0
17:41:53,6827.04,6815.0,-101.4874,21999.0
17:41:53,6827.04,6820.0,932.1133,38489.0
17:41:53,6827.04,6825.0,1633.6577,43146.0
17:41:53,6827.04,6830.0,2133.2621,68434.0
17:41:53,6827.04,6835.0,668.0172,63012.0
17:41:53,6827.04,6840.0,1515.585,65478.0
17:41:53,6827.04,6845.0,365.8863,36398.0
17:41:53,6827.04,6850.0,2993.852,67155.0
17:41:53,6827.04,6855.0,399.6066,34644.0
17:41:53,6827.04,6860.0,994.9282,44415.0
17:41:53,6827.04,6865.0,499.4545,32186.0
17:41:53,6827.04,6870.0,1203.4543,32242.0
17:41:53,6827.04,6875.0,693.9793,30128.0
17:41:53,6827.04,6880.0,795.7434,54912.0
17:41:53,6827.04,6885.0,217.7208,14242.0
17:41:53,6827.04,6890.0,300.3349,14326.0
17:41:53,6827.04,6895.0,113.529,6018.0
17:41:53,6827.04,6900.0,491.9162,13330.0
17:44:01,6827.37,6755.0,-15.1807,7322.0
17:44:01,6827.37,6760.0,55.773,15945.0
17:44:01,6827.37,6765.0,-82.7067,11930.0
17:44:01,6827.37,6770.0,-47.8434,21892.0
17:44:01,6827.37,6775.0,214.0016,23176.0
17:44:01,6827.37,6780.0,51.3991,18649.0
17:44:01,6827.37,6785.0,36.6435,14413.0
17:44:01,6827.37,6790.0,197.4999,19682.0
17:44:01,6827.37,6795.0,196.81,19147.0
17:44:01,6827.37,6800.0,954.2738,47583.0
17:44:01,6827.37,6805.0,236.9655,24215.0
17:44:01,6827.37,6810.0,1377.8806,24079.0
17:44:01,6827.37,6815.0,-101.4972,22644.0
17:44:01,6827.37,6820.0,957.8791,39567.0
17:44:01,6827.37,6825.0,1657.5574,44372.0
17:44:01,6827.37,6830.0,2058.9343,69792.0
17:44:01,6827.37,6835.0,667.6726,63764.0
17:44:01,6827.37,6840.0,1515.7316,66309.0
17:44:01,6827.37,6845.0,365.9216,36997.0
17:44:01,6827.37,6850.0,2994.1414,68402.0
17:44:01,6827.37,6855.0,399.6452,35112.0
17:44:01,6827.37,6860.0,995.0244,44810.0
17:44:01,6827.37,6865.0,499.5027,32420.0
17:44:01,6827.37,6870.0,1203.5706,32410.0
17:44:01,6827.37,6875.0,645.0487,30450.0
17:44:01,6827.37,6880.0,611.7598,55160.0
17:44:01,6827.37,6885.0,180.476,14338.0
17:44:01,6827.37,6890.0,300.3639,14500.0
17:44:01,6827.37,6895.0,113.54,6039.0
17:44:01,6827.37,6900.0,491.9637,13355.0
17:46:18,6830.06,6760.0,76.0899,16006.0
17:46:18,6830.06,6765.0,-75.4854,11975.0
17:46:18,6830.06,6770.0,-47.8811,22113.0
17:46:18,6830.06,6775.0,214.1703,23360.0
17:46:18,6830.06,6780.0,58.0305,18841.0
17:46:18,6830.06,6785.0,21.4157,14615.0
17:46:18,6830.06,6790.0,189.5984,20048.0
17:46:18,6830.06,6795.0,176.7714,19751.0
17:46:18,6830.06,6800.0,893.2601,48354.0
17:46:18,6830.06,6805.0,227.5721,24631.0
17:46:18,6830.06,6810.0,1356.737,24940.0
17:46:18,6830.06,6815.0,-101.7809,23239.0
17:46:18,6830.06,6820.0,960.7198,40610.0
17:46:18,6830.06,6825.0,1688.877,45750.0
17:46:18,6830.06,6830.0,2114.1748,71176.0
17:46:18,6830.06,6835.0,693.5593,64665.0
17:46:18,6830.06,6840.0,1590.7852,67384.0
17:46:18,6830.06,6845.0,395.6884,37589.0
17:46:18,6830.06,6850.0,3193.7325,69314.0
17:46:18,6830.06,6855.0,446.0939,35556.0
17:46:18,6830.06,6860.0,1116.3274,45299.0
17:46:18,6830.06,6865.0,601.4046,32732.0
17:46:18,6830.06,6870.0,1058.7057,32595.0
17:46:18,6830.06,6875.0,645.5571,30642.0
17:46:18,6830.06,6880.0,612.242,55357.0
17:46:18,6830.06,6885.0,180.6183,14400.0
17:46:18,6830.06,6890.0,346.5555,14559.0
17:46:18,6830.06,6895.0,131.649,6046.0
17:46:18,6830.06,6900.0,604.4991,13377.0
17:46:18,6830.06,6905.0,104.6806,5840.0
17:50:34,6828.84,6755.0,-15.1873,7322.0
17:50:34,6828.84,6760.0,76.0627,16006.0
17:50:34,6828.84,6765.0,-75.4585,11975.0
17:50:34,6828.84,6770.0,-47.864,22113.0
17:50:34,6828.84,6775.0,214.0938,23360.0
17:50:34,6828.84,6780.0,58.0098,18841.0
17:50:34,6828.84,6785.0,21.4081,14615.0
17:50:34,6828.84,6790.0,189.5306,20048.0
17:50:34,6828.84,6795.0,176.7082,19751.0
17:50:34,6828.84,6800.0,892.9411,48354.0
17:50:34,6828.84,6805.0,227.4908,24631.0
17:50:34,6828.84,6810.0,1356.2523,24940.0
17:50:34,6828.84,6815.0,-101.7446,23239.0
17:50:34,6828.84,6820.0,960.3766,40610.0
17:50:34,6828.84,6825.0,1688.2737,45750.0
17:50:34,6828.84,6830.0,2113.4196,71176.0
17:50:34,6828.84,6835.0,693.3116,64665.0
17:50:34,6828.84,6840.0,1590.217,67384.0
17:50:34,6828.84,6845.0,395.547,37589.0
17:50:34,6828.84,6850.0,3192.5917,69314.0
17:50:34,6828.84,6855.0,445.9345,35556.0
17:50:34,6828.84,6860.0,1115.9287,45299.0
17:50:34,6828.84,6865.0,601.1898,32732.0
17:50:34,6828.84,6870.0,1058.3275,32595.0
17:50:34,6828.84,6875.0,645.3265,30642.0
17:50:34,6828.84,6880.0,612.0233,55357.0
17:50:34,6828.84,6885.0,180.5537,14400.0
17:50:34,6828.84,6890.0,346.4317,14559.0
17:50:34,6828.84,6895.0,131.602,6046.0
17:50:34,6828.84,6900.0,604.2831,13377.0
17:52:43,6823.21,6750.0,-49.0036,13655.0
17:52:43,6823.21,6755.0,-15.1622,7734.0
17:52:43,6823.21,6760.0,49.7477,16550.0
17:52:43,6823.21,6765.0,-75.3341,12426.0
17:52:43,6823.21,6770.0,-47.7851,22666.0
17:52:43,6823.21,6775.0,213.7409,24100.0
17:52:43,6823.21,6780.0,57.9141,19628.0
17:52:43,6823.21,6785.0,21.3728,15367.0
17:52:43,6823.21,6790.0,189.2183,21422.0
17:52:43,6823.21,6795.0,176.417,21316.0
17:52:43,6823.21,6800.0,891.4693,51077.0
17:52:43,6823.21,6805.0,227.1158,25774.0
17:52:43,6823.21,6810.0,1354.017,26563.0
17:52:43,6823.21,6815.0,-107.9006,24827.0
17:52:43,6823.21,6820.0,973.3198,43484.0
17:52:43,6823.21,6825.0,1696.8083,49558.0
17:52:43,6823.21,6830.0,2017.1041,75104.0
17:52:43,6823.21,6835.0,692.1688,66638.0
17:52:43,6823.21,6840.0,1408.1841,69513.0
17:52:43,6823.21,6845.0,394.8951,38813.0
17:52:43,6823.21,6850.0,3187.3296,72166.0
17:52:43,6823.21,6855.0,445.1995,36745.0
17:52:43,6823.21,6860.0,1114.0894,46457.0
17:52:43,6823.21,6865.0,600.1989,33332.0
17:52:43,6823.21,6870.0,1056.5832,35839.0
17:52:43,6823.21,6875.0,644.2629,31209.0
17:52:43,6823.21,6880.0,611.0146,55833.0
17:52:43,6823.21,6885.0,180.2561,14658.0
17:52:43,6823.21,6890.0,345.8607,14912.0
17:52:43,6823.21,6895.0,131.3851,6208.0
17:54:51,6821.82,6750.0,-50.5327,13827.0
17:54:51,6821.82,6755.0,-18.0942,7851.0
17:54:51,6821.82,6760.0,49.7274,16713.0
17:54:51,6821.82,6765.0,-75.3034,12861.0
17:54:51,6821.82,6770.0,-50.6054,23025.0
17:54:51,6821.82,6775.0,243.5605,24387.0
17:54:51,6821.82,6780.0,63.6863,20047.0
17:54:51,6821.82,6785.0,24.0654,15858.0
17:54:51,6821.82,6790.0,210.8797,22154.0
17:54:51,6821.82,6795.0,221.0656,21763.0
17:54:51,6821.82,6800.0,1075.2128,52329.0
17:54:51,6821.82,6805.0,269.9372,26493.0
17:54:51,6821.82,6810.0,1447.0991,27319.0
17:54:51,6821.82,6815.0,-78.3023,25583.0
17:54:51,6821.82,6820.0,1006.053,45672.0
17:54:51,6821.82,6825.0,1696.9021,50939.0
17:54:51,6821.82,6830.0,2013.2031,76338.0
17:54:51,6821.82,6835.0,633.1044,67605.0
17:54:51,6821.82,6840.0,1359.8014,70867.0
17:54:51,6821.82,6845.0,320.5705,39944.0
17:54:51,6821.82,6850.0,2422.3081,74298.0
17:54:51,6821.82,6855.0,366.8115,37352.0
17:54:51,6821.82,6860.0,879.0066,47267.0
17:54:51,6821.82,6865.0,482.5469,33851.0
17:54:51,6821.82,6870.0,953.5846,36154.0
17:54:51,6821.82,6875.0,560.7722,31449.0
17:54:51,6821.82,6880.0,611.4786,56060.0
17:54:51,6821.82,6885.0,161.7753,14966.0
17:54:51,6821.82,6890.0,263.3282,15112.0
17:54:51,6821.82,6895.0,100.6855,6375.0
17:57:00,6817.93,6745.0,-44.6489,6685.0
17:57:00,6817.93,6750.0,-50.4751,14615.0
17:57:00,6817.93,6755.0,-20.2979,8229.0
17:57:00,6817.93,6760.0,104.6835,17071.0
17:57:00,6817.93,6765.0,-111.2244,13624.0
17:57:00,6817.93,6770.0,-59.2828,23616.0
17:57:00,6817.93,6775.0,292.8518,25132.0
17:57:00,6817.93,6780.0,67.7022,20883.0
17:57:00,6817.93,6785.0,25.476,16568.0
17:57:00,6817.93,6790.0,222.307,23204.0
17:57:00,6817.93,6795.0,220.8136,23311.0
17:57:00,6817.93,6800.0,1073.9869,54565.0
17:57:00,6817.93,6805.0,269.6295,27647.0
17:57:00,6817.93,6810.0,1520.9441,28641.0
17:57:00,6817.93,6815.0,-113.2364,27121.0
17:57:00,6817.93,6820.0,996.713,48460.0
17:57:00,6817.93,6825.0,1737.6007,52569.0
17:57:00,6817.93,6830.0,2059.4979,78069.0
17:57:00,6817.93,6835.0,632.3826,68583.0
17:57:00,6817.93,6840.0,1358.2511,72717.0
17:57:00,6817.93,6845.0,320.205,40920.0
17:57:00,6817.93,6850.0,2475.7596,76299.0
17:57:00,6817.93,6855.0,335.4655,37986.0
17:57:00,6817.93,6860.0,790.3773,48147.0
17:57:00,6817.93,6865.0,337.3959,34194.0
17:57:00,6817.93,6870.0,689.2661,36889.0
17:57:00,6817.93,6875.0,401.6617,32313.0
17:57:00,6817.93,6880.0,519.8683,56332.0
17:57:00,6817.93,6885.0,121.6436,15159.0
17:57:00,6817.93,6890.0,263.0279,15389.0
17:59:09,6817.28,6745.0,-44.6404,7212.0
17:59:09,6817.28,6750.0,-0.6542,15167.0
17:59:09,6817.28,6755.0,-20.0817,8579.0
17:59:09,6817.28,6760.0,60.9074,17536.0
17:59:09,6817.28,6765.0,-113.8451,14173.0
17:59:09,6817.28,6770.0,-59.2715,24147.0
17:59:09,6817.28,6775.0,290.578,25843.0
17:59:09,6817.28,6780.0,140.1291,21778.0
17:59:09,6817.28,6785.0,2.9521,17465.0
17:59:09,6817.28,6790.0,288.4996,24394.0
17:59:09,6817.28,6795.0,280.2102,24662.0
17:59:09,6817.28,6800.0,1073.7822,56976.0
17:59:09,6817.28,6805.0,254.9195,28491.0
17:59:09,6817.28,6810.0,1520.6541,30093.0
17:59:09,6817.28,6815.0,-113.2148,29295.0
17:59:09,6817.28,6820.0,1020.1258,50978.0
17:59:09,6817.28,6825.0,1737.2694,54088.0
17:59:09,6817.28,6830.0,2077.7226,79442.0
17:59:09,6817.28,6835.0,549.5684,69470.0
17:59:09,6817.28,6840.0,1177.3011,74024.0
17:59:09,6817.28,6845.0,320.144,41907.0
17:59:09,6817.28,6850.0,2178.507,77623.0
17:59:09,6817.28,6855.0,291.9844,38628.0
17:59:09,6817.28,6860.0,796.738,48948.0
17:59:09,6817.28,6865.0,337.3315,34729.0
17:59:09,6817.28,6870.0,689.1347,37631.0
17:59:09,6817.28,6875.0,429.475,32694.0
17:59:09,6817.28,6880.0,524.0493,56553.0
17:59:09,6817.28,6885.0,132.3863,15467.0
17:59:09,6817.28,6890.0,262.9778,15445.0
18:01:18,6815.44,6745.0,-43.7306,7273.0
18:01:18,6815.44,6750.0,-0.6539,15291.0
18:01:18,6815.44,6755.0,-20.0709,8764.0
18:01:18,6815.44,6760.0,60.8745,17536.0
18:01:18,6815.44,6765.0,-113.7837,14247.0
18:01:18,6815.44,6770.0,-59.2395,24360.0
18:01:18,6815.44,6775.0,290.4212,26200.0
18:01:18,6815.44,6780.0,140.0534,22200.0
18:01:18,6815.44,6785.0,2.9505,17793.0
18:01:18,6815.44,6790.0,288.3439,24792.0
18:01:18,6815.44,6795.0,280.059,25189.0
18:01:18,6815.44,6800.0,1073.2026,57850.0
18:01:18,6815.44,6805.0,254.7819,29124.0
18:01:18,6815.44,6810.0,1519.8333,30911.0
18:01:18,6815.44,6815.0,-113.1537,30621.0
18:01:18,6815.44,6820.0,998.7092,52270.0
18:01:18,6815.44,6825.0,1736.3318,54925.0
18:01:18,6815.44,6830.0,2085.3131,80542.0
18:01:18,6815.44,6835.0,549.2718,70348.0
18:01:18,6815.44,6840.0,1176.6657,74694.0
18:01:18,6815.44,6845.0,319.9712,42350.0
18:01:18,6815.44,6850.0,2177.3312,78512.0
18:01:18,6815.44,6855.0,291.8268,38940.0
18:01:18,6815.44,6860.0,796.308,49197.0
18:01:18,6815.44,6865.0,337.1495,34993.0
18:01:18,6815.44,6870.0,688.7628,37724.0
18:01:18,6815.44,6875.0,429.2432,32810.0
18:01:18,6815.44,6880.0,523.7664,56686.0
18:01:18,6815.44,6885.0,132.3149,15505.0
18:01:18,6815.44,6890.0,245.4849,15524.0
18:03:26,6817.24,6745.0,-45.3045,7518.0
18:03:26,6817.24,6750.0,-57.4726,15579.0
18:03:26,6817.24,6755.0,-20.0815,8926.0
18:03:26,6817.24,6760.0,75.0628,17789.0
18:03:26,6817.24,6765.0,-112.5792,14470.0
18:03:26,6817.24,6770.0,-62.8665,24684.0
18:03:26,6817.24,6775.0,301.2795,26928.0
18:03:26,6817.24,6780.0,77.3968,22854.0
18:03:26,6817.24,6785.0,29.1427,18157.0
18:03:26,6817.24,6790.0,251.7805,25196.0
18:03:26,6817.24,6795.0,246.0444,25786.0
18:03:26,6817.24,6800.0,1163.5364,58895.0
18:03:26,6817.24,6805.0,283.707,29992.0
18:03:26,6817.24,6810.0,1549.0125,31878.0
18:03:26,6817.24,6815.0,-111.413,32168.0
18:03:26,6817.24,6820.0,941.95,53717.0
18:03:26,6817.24,6825.0,1523.2267,55665.0
18:03:26,6817.24,6830.0,1770.0038,81529.0
18:03:26,6817.24,6835.0,537.1218,71151.0
18:03:26,6817.24,6840.0,1139.5531,75398.0
18:03:26,6817.24,6845.0,269.7295,42785.0
18:03:26,6817.24,6850.0,2128.8284,79489.0
18:03:26,6817.24,6855.0,290.3419,39400.0
18:03:26,6817.24,6860.0,724.407,49503.0
18:03:26,6817.24,6865.0,345.9472,35176.0
18:03:26,6817.24,6870.0,729.4581,38036.0
18:03:26,6817.24,6875.0,478.7165,33095.0
18:03:26,6817.24,6880.0,395.0745,56857.0
18:03:26,6817.24,6885.0,143.5613,15594.0
18:03:26,6817.24,6890.0,267.767,15618.0
18:05:34,6818.32,6745.0,-46.982,7612.0
18:05:34,6818.32,6750.0,-62.9653,15812.0
18:05:34,6818.32,6755.0,-20.3443,8964.0
18:05:34,6818.32,6760.0,75.0866,18103.0
18:05:34,6818.32,6765.0,-112.6149,14584.0
18:05:34,6818.32,6770.0,-62.8864,25033.0
18:05:34,6818.32,6775.0,305.9616,27158.0
18:05:34,6818.32,6780.0,74.2303,23016.0
18:05:34,6818.32,6785.0,28.3128,18402.0
18:05:34,6818.32,6790.0,247.3106,25522.0
18:05:34,6818.32,6795.0,244.3255,26006.0
18:05:34,6818.32,6800.0,1166.2997,59528.0
18:05:34,6818.32,6805.0,287.3586,30258.0
18:05:34,6818.32,6810.0,1549.5033,32348.0
18:05:34,6818.32,6815.0,-85.2417,33219.0
18:05:34,6818.32,6820.0,980.5646,54794.0
18:05:34,6818.32,6825.0,1523.7094,56154.0
18:05:34,6818.32,6830.0,1753.4142,82173.0
18:05:34,6818.32,6835.0,559.6902,71561.0
18:05:34,6818.32,6840.0,1185.1721,75670.0
18:05:34,6818.32,6845.0,279.3324,43490.0
18:05:34,6818.32,6850.0,2190.4373,79856.0
18:05:34,6818.32,6855.0,282.179,39667.0
18:05:34,6818.32,6860.0,683.1805,49640.0
18:05:34,6818.32,6865.0,346.0569,35255.0
18:05:34,6818.32,6870.0,729.6892,38600.0
18:05:34,6818.32,6875.0,478.8682,33129.0
18:05:34,6818.32,6880.0,389.9148,56915.0
18:05:34,6818.32,6885.0,140.0648,15606.0
18:05:34,6818.32,6890.0,267.8518,15639.0
18:07:42,6814.71,6740.0,-8.0503,10207.0
18:07:42,6814.71,6745.0,-48.1943,7674.0
18:07:42,6814.71,6750.0,-58.5551,16127.0
18:07:42,6814.71,6755.0,-20.7472,9133.0
18:07:42,6814.71,6760.0,77.3722,18236.0
18:07:42,6814.71,6765.0,-115.7683,14737.0
18:07:42,6814.71,6770.0,-63.2017,25369.0
18:07:42,6814.71,6775.0,302.954,27374.0
18:07:42,6814.71,6780.0,82.7962,23474.0
18:07:42,6814.71,6785.0,31.208,19023.0
18:07:42,6814.71,6790.0,273.507,25967.0
18:07:42,6814.71,6795.0,264.7465,26313.0
18:07:42,6814.71,6800.0,1248.653,60437.0
18:07:42,6814.71,6805.0,304.1141,31250.0
18:07:42,6814.71,6810.0,1654.9879,33027.0
18:07:42,6814.71,6815.0,-115.0559,34582.0
18:07:42,6814.71,6820.0,979.8688,56249.0
18:07:42,6814.71,6825.0,1550.9776,56914.0
18:07:42,6814.71,6830.0,1751.4002,83252.0
18:07:42,6814.71,6835.0,513.8174,72007.0
18:07:42,6814.71,6840.0,1070.3181,76368.0
18:07:42,6814.71,6845.0,243.702,43857.0
18:07:42,6814.71,6850.0,2188.1185,80533.0
18:07:42,6814.71,6855.0,281.8803,39939.0
18:07:42,6814.71,6860.0,682.4572,49792.0
18:07:42,6814.71,6865.0,354.529,35397.0
18:07:42,6814.71,6870.0,670.8962,39333.0
18:07:42,6814.71,6875.0,433.4504,33296.0
18:07:42,6814.71,6880.0,448.4455,57015.0
18:07:42,6814.71,6885.0,135.4635,15628.0
18:09:50,6817.51,6745.0,-42.4429,7795.0
18:09:50,6817.51,6750.0,-53.3824,16583.0
18:09:50,6817.51,6755.0,-19.2654,9231.0
18:09:50,6817.51,6760.0,71.4266,18425.0
18:09:50,6817.51,6765.0,-107.1112,14869.0
18:09:50,6817.51,6770.0,-63.2537,25668.0
18:09:50,6817.51,6775.0,303.203,27585.0
18:09:50,6817.51,6780.0,82.8643,24312.0
18:09:50,6817.51,6785.0,31.2336,19454.0
18:09:50,6817.51,6790.0,273.7318,26416.0
18:09:50,6817.51,6795.0,264.9641,26619.0
18:09:50,6817.51,6800.0,1249.6793,61303.0
18:09:50,6817.51,6805.0,304.3641,31599.0
18:09:50,6817.51,6810.0,1640.6894,33643.0
18:09:50,6817.51,6815.0,-116.6638,35742.0
18:09:50,6817.51,6820.0,1014.211,57385.0
18:09:50,6817.51,6825.0,1638.6048,57635.0
18:09:50,6817.51,6830.0,1714.9647,83855.0
18:09:50,6817.51,6835.0,514.2398,72338.0
18:09:50,6817.51,6840.0,1071.1978,79054.0
18:09:50,6817.51,6845.0,243.9023,44194.0
18:09:50,6817.51,6850.0,2189.9169,82941.0
18:09:50,6817.51,6855.0,282.112,40243.0
18:09:50,6817.51,6860.0,683.0181,49990.0
18:09:50,6817.51,6865.0,354.8203,35493.0
18:09:50,6817.51,6870.0,671.4476,39904.0
18:09:50,6817.51,6875.0,433.8066,33371.0
18:09:50,6817.51,6880.0,448.814,57171.0
18:09:50,6817.51,6885.0,139.7964,15659.0
18:09:50,6817.51,6890.0,267.5407,15716.0
18:11:58,6821.17,6750.0,-49.6789,16827.0
18:11:58,6821.17,6755.0,-17.5722,9275.0
18:11:58,6821.17,6760.0,63.3478,18598.0
18:11:58,6821.17,6765.0,-97.0588,15459.0
18:11:58,6821.17,6770.0,-54.0532,25936.0
18:11:58,6821.17,6775.0,285.5029,27828.0
18:11:58,6821.17,6780.0,74.542,24849.0
18:11:58,6821.17,6785.0,28.905,19811.0
18:11:58,6821.17,6790.0,235.1959,26847.0
18:11:58,6821.17,6795.0,230.8965,27055.0
18:11:58,6821.17,6800.0,1131.0078,62290.0
18:11:58,6821.17,6805.0,280.1878,31963.0
18:11:58,6821.17,6810.0,1590.7001,34475.0
18:11:58,6821.17,6815.0,-117.1365,37099.0
18:11:58,6821.17,6820.0,1041.6767,59049.0
18:11:58,6821.17,6825.0,1727.1304,58521.0
18:11:58,6821.17,6830.0,2035.6706,84741.0
18:11:58,6821.17,6835.0,631.5698,73122.0
18:11:58,6821.17,6840.0,1337.3268,79798.0
18:11:58,6821.17,6845.0,308.8202,44666.0
18:11:58,6821.17,6850.0,2358.2461,83931.0
18:11:58,6821.17,6855.0,322.4223,40599.0
18:11:58,6821.17,6860.0,714.1812,50227.0
18:11:58,6821.17,6865.0,355.2014,35687.0
18:11:58,6821.17,6870.0,746.622,40046.0
18:11:58,6821.17,6875.0,510.6906,33490.0
18:11:58,6821.17,6880.0,575.7494,57280.0
18:11:58,6821.17,6885.0,164.5999,15694.0
18:11:58,6821.17,6890.0,303.2702,15796.0
18:11:58,6821.17,6895.0,119.6938,7097.0
18:14:06,6823.92,6750.0,-39.0289,17028.0
18:14:06,6823.92,6755.0,-14.5498,9320.0
18:14:06,6823.92,6760.0,57.9706,18680.0
18:14:06,6823.92,6765.0,-82.3873,15805.0
18:14:06,6823.92,6770.0,-47.4456,26205.0
18:14:06,6823.92,6775.0,254.0533,28211.0
18:14:06,6823.92,6780.0,67.3073,25343.0
18:14:06,6823.92,6785.0,25.9244,20164.0
18:14:06,6823.92,6790.0,218.4049,27404.0
18:14:06,6823.92,6795.0,213.4193,27567.0
18:14:06,6823.92,6800.0,1069.7131,63422.0
18:14:06,6823.92,6805.0,274.6948,32261.0
18:14:06,6823.92,6810.0,1588.724,35134.0
18:14:06,6823.92,6815.0,-118.0758,38176.0
18:14:06,6823.92,6820.0,1070.0832,60445.0
18:14:06,6823.92,6825.0,1806.349,59633.0
18:14:06,6823.92,6830.0,2157.5839,85981.0
18:14:06,6823.92,6835.0,675.893,73991.0
18:14:06,6823.92,6840.0,1441.2026,80728.0
18:14:06,6823.92,6845.0,338.4989,45382.0
18:14:06,6823.92,6850.0,2634.3223,85244.0
18:14:06,6823.92,6855.0,340.4339,41219.0
18:14:06,6823.92,6860.0,773.8885,50462.0
18:14:06,6823.92,6865.0,420.1069,35930.0
18:14:06,6823.92,6870.0,869.4397,40222.0
18:14:06,6823.92,6875.0,511.5771,33621.0
18:14:06,6823.92,6880.0,576.6865,57395.0
18:14:06,6823.92,6885.0,169.7258,15713.0
18:14:06,6823.92,6890.0,314.8437,15829.0
18:14:06,6823.92,6895.0,122.836,7146.0
18:16:14,6823.9,6750.0,-39.1884,17075.0
18:16:14,6823.9,6755.0,-14.5497,9370.0
18:16:14,6823.9,6760.0,56.0889,18821.0
18:16:14,6823.9,6765.0,-81.6073,15864.0
18:16:14,6823.9,6770.0,-46.9337,26338.0
18:16:14,6823.9,6775.0,226.3004,28352.0
18:16:14,6823.9,6780.0,67.3069,25525.0
18:16:14,6823.9,6785.0,25.9243,20410.0
18:16:14,6823.9,6790.0,209.8475,27657.0
18:16:14,6823.9,6795.0,216.6006,27829.0
18:16:14,6823.9,6800.0,1076.572,63912.0
18:16:14,6823.9,6805.0,271.9194,32574.0
18:16:14,6823.9,6810.0,1581.7764,35571.0
18:16:14,6823.9,6815.0,-119.1,38827.0
18:16:14,6823.9,6820.0,1094.9603,61664.0
18:16:14,6823.9,6825.0,1831.8462,60636.0
18:16:14,6823.9,6830.0,2204.8147,86605.0
18:16:14,6823.9,6835.0,687.7937,74345.0
18:16:14,6823.9,6840.0,1471.1,81146.0
18:16:14,6823.9,6845.0,344.6366,46055.0
18:16:14,6823.9,6850.0,2580.3918,85729.0
18:16:14,6823.9,6855.0,351.3063,41473.0
18:16:14,6823.9,6860.0,773.8839,50581.0
18:16:14,6823.9,6865.0,420.1044,36016.0
18:16:14,6823.9,6870.0,924.9317,40305.0
18:16:14,6823.9,6875.0,564.7125,33698.0
18:16:14,6823.9,6880.0,610.0097,57478.0
18:16:14,6823.9,6885.0,173.1873,15740.0
18:16:14,6823.9,6890.0,331.1673,15865.0
18:16:14,6823.9,6895.0,128.2353,7164.0
18:18:22,6821.7,6750.0,-39.1632,17327.0
18:18:22,6821.7,6755.0,-14.0315,9421.0
18:18:22,6821.7,6760.0,47.4283,18872.0
18:18:22,6821.7,6765.0,-85.7802,15995.0
18:18:22,6821.7,6770.0,-48.2143,26520.0
18:18:22,6821.7,6775.0,226.1545,28553.0
18:18:22,6821.7,6780.0,59.6829,25689.0
18:18:22,6821.7,6785.0,23.5373,20571.0
18:18:22,6821.7,6790.0,209.7122,27951.0
18:18:22,6821.7,6795.0,216.461,28152.0
18:18:22,6821.7,6800.0,1075.8779,64670.0
18:18:22,6821.7,6805.0,271.7441,32773.0
18:18:22,6821.7,6810.0,1580.7567,35929.0
18:18:22,6821.7,6815.0,-123.538,39362.0
18:18:22,6821.7,6820.0,1117.4469,62659.0
18:18:22,6821.7,6825.0,1866.9488,61713.0
18:18:22,6821.7,6830.0,2204.0302,87269.0
18:18:22,6821.7,6835.0,687.3503,74776.0
18:18:22,6821.7,6840.0,1470.1516,81662.0
18:18:22,6821.7,6845.0,344.4144,46381.0
18:18:22,6821.7,6850.0,2578.7283,86305.0
18:18:22,6821.7,6855.0,351.0798,41761.0
18:18:22,6821.7,6860.0,822.9014,50735.0
18:18:22,6821.7,6865.0,454.9798,36120.0
18:18:22,6821.7,6870.0,924.3354,40390.0
18:18:22,6821.7,6875.0,506.0741,33860.0
18:18:22,6821.7,6880.0,577.7955,57543.0
18:18:22,6821.7,6885.0,173.0756,15810.0
18:18:22,6821.7,6890.0,330.9538,15986.0
18:18:22,6821.7,6895.0,128.1526,7181.0
18:20:30,6819.8,6745.0,-42.4714,7966.0
18:20:30,6819.8,6750.0,-45.1785,17350.0
18:20:30,6819.8,6755.0,-15.8244,9442.0
18:20:30,6819.8,6760.0,57.0953,18890.0
18:20:30,6819.8,6765.0,-93.3174,16049.0
18:20:30,6819.8,6770.0,-50.3898,26655.0
18:20:30,6819.8,6775.0,236.0244,28693.0
18:20:30,6819.8,6780.0,62.4863,25813.0
18:20:30,6819.8,6785.0,24.0966,20741.0
18:20:30,6819.8,6790.0,217.3826,28146.0
18:20:30,6819.8,6795.0,229.2771,28317.0
18:20:30,6819.8,6800.0,1132.8318,65171.0
18:20:30,6819.8,6805.0,309.043,32943.0
18:20:30,6819.8,6810.0,1720.723,36293.0
18:20:30,6819.8,6815.0,-126.1583,39850.0
18:20:30,6819.8,6820.0,1122.6096,63652.0
18:20:30,6819.8,6825.0,1836.3688,62476.0
18:20:30,6819.8,6830.0,2103.5209,87750.0
18:20:30,6819.8,6835.0,669.6682,75099.0
18:20:30,6819.8,6840.0,1387.4868,82069.0
18:20:30,6819.8,6845.0,315.2411,46934.0
18:20:30,6819.8,6850.0,2429.8413,85885.0
18:20:30,6819.8,6855.0,330.144,41935.0
18:20:30,6819.8,6860.0,776.7365,50998.0
18:20:30,6819.8,6865.0,410.1256,36302.0
18:20:30,6819.8,6870.0,847.032,40622.0
18:20:30,6819.8,6875.0,485.859,33941.0
18:20:30,6819.8,6880.0,554.88,57704.0
18:20:30,6819.8,6885.0,151.9768,15826.0
18:20:30,6819.8,6890.0,269.7139,16021.0
18:22:38,6819.57,6745.0,-36.2817,8029.0
18:22:38,6819.57,6750.0,-45.1755,17423.0
18:22:38,6819.57,6755.0,-7.0994,9470.0
18:22:38,6819.57,6760.0,63.7695,18929.0
18:22:38,6819.57,6765.0,-100.162,16105.0
18:22:38,6819.57,6770.0,-90.4893,26780.0
18:22:38,6819.57,6775.0,236.0085,28907.0
18:22:38,6819.57,6780.0,62.482,26409.0
18:22:38,6819.57,6785.0,24.095,21003.0
18:22:38,6819.57,6790.0,238.4196,28644.0
18:22:38,6819.57,6795.0,243.0244,28699.0
18:22:38,6819.57,6800.0,1171.4665,65890.0
18:22:38,6819.57,6805.0,299.1192,33365.0
18:22:38,6819.57,6810.0,1731.0224,36854.0
18:22:38,6819.57,6815.0,-125.6829,40960.0
18:22:38,6819.57,6820.0,1111.0241,65482.0
18:22:38,6819.57,6825.0,1806.7001,63402.0
18:22:38,6819.57,6830.0,2108.7531,88309.0
18:22:38,6819.57,6835.0,635.4193,75873.0
18:22:38,6819.57,6840.0,1317.1248,82846.0
18:22:38,6819.57,6845.0,298.8455,47523.0
18:22:38,6819.57,6850.0,2236.7901,86724.0
18:22:38,6819.57,6855.0,272.6978,42140.0
18:22:38,6819.57,6860.0,776.6841,51346.0
18:22:38,6819.57,6865.0,410.0979,36484.0
18:22:38,6819.57,6870.0,743.5586,40861.0
18:22:38,6819.57,6875.0,439.5131,34038.0
18:22:38,6819.57,6880.0,480.9932,57838.0
18:22:38,6819.57,6885.0,151.9666,15867.0
18:22:38,6819.57,6890.0,269.6957,16151.0
18:24:46,6821.57,6750.0,-45.202,17456.0
18:24:46,6821.57,6755.0,-17.539,9474.0
18:24:46,6821.57,6760.0,58.0903,19001.0
18:24:46,6821.57,6765.0,-92.6265,16481.0
18:24:46,6821.57,6770.0,-51.4546,26831.0
18:24:46,6821.57,6775.0,282.2368,29002.0
18:24:46,6821.57,6780.0,70.7334,26553.0
18:24:46,6821.57,6785.0,26.0344,21098.0
18:24:46,6821.57,6790.0,238.5594,28807.0
18:24:46,6821.57,6795.0,243.167,28837.0
18:24:46,6821.57,6800.0,1172.1537,66138.0
18:24:46,6821.57,6805.0,299.2947,33535.0
18:24:46,6821.57,6810.0,1709.4126,37199.0
18:24:46,6821.57,6815.0,-126.4713,41500.0
18:24:46,6821.57,6820.0,1135.5796,66505.0
18:24:46,6821.57,6825.0,1874.9644,63968.0
18:24:46,6821.57,6830.0,2203.3352,88914.0
18:24:46,6821.57,6835.0,635.7921,76340.0
18:24:46,6821.57,6840.0,1317.8975,83275.0
18:24:46,6821.57,6845.0,299.0208,47714.0
18:24:46,6821.57,6850.0,2238.1023,86928.0
18:24:46,6821.57,6855.0,272.8578,42221.0
18:24:46,6821.57,6860.0,715.8212,51417.0
18:24:46,6821.57,6865.0,345.1176,36540.0
18:24:46,6821.57,6870.0,773.0271,40914.0
18:24:46,6821.57,6875.0,443.3276,34053.0
18:24:46,6821.57,6880.0,517.648,57878.0
18:24:46,6821.57,6885.0,152.0557,15891.0
18:24:46,6821.57,6890.0,269.8539,16155.0
18:24:46,6821.57,6895.0,128.1477,7222.0
18:26:55,6819.26,6745.0,-36.2784,8067.0
18:26:55,6819.26,6750.0,-43.9682,17500.0
18:26:55,6819.26,6755.0,-16.462,9490.0
18:26:55,6819.26,6760.0,61.6063,19029.0
18:26:55,6819.26,6765.0,-94.8453,16629.0
18:26:55,6819.26,6770.0,-54.7477,26986.0
18:26:55,6819.26,6775.0,268.6962,29216.0
18:26:55,6819.26,6780.0,66.4775,26655.0
18:26:55,6819.26,6785.0,26.0168,21210.0
18:26:55,6819.26,6790.0,233.6894,29014.0
18:26:55,6819.26,6795.0,237.741,28944.0
18:26:55,6819.26,6800.0,1287.4007,66477.0
18:26:55,6819.26,6805.0,310.8476,33754.0
18:26:55,6819.26,6810.0,1775.2931,37525.0
18:26:55,6819.26,6815.0,-130.2682,41904.0
18:26:55,6819.26,6820.0,1122.3175,67473.0
18:26:55,6819.26,6825.0,1854.0082,64544.0
18:26:55,6819.26,6830.0,2126.456,89346.0
18:26:55,6819.26,6835.0,630.3843,76565.0
18:26:55,6819.26,6840.0,1345.8422,83695.0
18:26:55,6819.26,6845.0,311.1408,47873.0
18:26:55,6819.26,6850.0,2329.6801,87185.0
18:26:55,6819.26,6855.0,303.2066,42398.0
18:26:55,6819.26,6860.0,715.3365,51496.0
18:26:55,6819.26,6865.0,374.1246,36612.0
18:26:55,6819.26,6870.0,722.8599,41048.0
18:26:55,6819.26,6875.0,451.4962,34118.0
18:26:55,6819.26,6880.0,460.8278,58015.0
18:26:55,6819.26,6885.0,135.0955,15901.0
18:26:55,6819.26,6890.0,251.0448,16175.0
18:29:03,6819.48,6745.0,-36.4139,8095.0
18:29:03,6819.48,6750.0,-46.051,17541.0
18:29:03,6819.48,6755.0,-16.723,9510.0
18:29:03,6819.48,6760.0,62.2961,19062.0
18:29:03,6819.48,6765.0,-94.4347,16901.0
18:29:03,6819.48,6770.0,-54.7512,27048.0
18:29:03,6819.48,6775.0,268.7135,29251.0
18:29:03,6819.48,6780.0,66.4818,26779.0
18:29:03,6819.48,6785.0,26.0184,21543.0
18:29:03,6819.48,6790.0,241.915,29174.0
18:29:03,6819.48,6795.0,246.1338,29144.0
18:29:03,6819.48,6800.0,1211.0169,66854.0
18:29:03,6819.48,6805.0,310.8677,34007.0
18:29:03,6819.48,6810.0,1749.0609,37888.0
18:29:03,6819.48,6815.0,-128.0546,42629.0
18:29:03,6819.48,6820.0,1137.5281,68551.0
18:29:03,6819.48,6825.0,1839.0975,65258.0
18:29:03,6819.48,6830.0,2132.9767,89722.0
18:29:03,6819.48,6835.0,630.4249,76947.0
18:29:03,6819.48,6840.0,1284.6466,84328.0
18:29:03,6819.48,6845.0,291.8426,48122.0
18:29:03,6819.48,6850.0,2130.0725,87539.0
18:29:03,6819.48,6855.0,290.9109,42678.0
18:29:03,6819.48,6860.0,715.3827,51563.0
18:29:03,6819.48,6865.0,374.1488,36718.0
18:29:03,6819.48,6870.0,722.9065,41125.0
18:29:03,6819.48,6875.0,468.184,34189.0
18:29:03,6819.48,6880.0,495.8471,58077.0
18:29:03,6819.48,6885.0,133.1254,15908.0
18:29:03,6819.48,6890.0,259.6226,16210.0
18:31:11,6819.16,6745.0,-36.6319,8114.0
18:31:11,6819.16,6750.0,-46.0467,17625.0
18:31:11,6819.16,6755.0,-17.0557,9525.0
18:31:11,6819.16,6760.0,62.2903,19101.0
18:31:11,6819.16,6765.0,-94.6601,16950.0
18:31:11,6819.16,6770.0,-53.8731,27149.0
18:31:11,6819.16,6775.0,266.9771,29285.0
18:31:11,6819.16,6780.0,70.0191,26950.0
18:31:11,6819.16,6785.0,26.6957,21659.0
18:31:11,6819.16,6790.0,241.8923,29445.0
18:31:11,6819.16,6795.0,246.1107,29406.0
18:31:11,6819.16,6800.0,1210.9033,67243.0
18:31:11,6819.16,6805.0,310.8385,34351.0
18:31:11,6819.16,6810.0,1778.51,38180.0
18:31:11,6819.16,6815.0,-130.9033,43541.0
18:31:11,6819.16,6820.0,1157.3209,69858.0
18:31:11,6819.16,6825.0,1874.0688,65913.0
18:31:11,6819.16,6830.0,2128.0112,90216.0
18:31:11,6819.16,6835.0,630.3658,77412.0
18:31:11,6819.16,6840.0,1284.526,87836.0
18:31:11,6819.16,6845.0,291.8152,48456.0
18:31:11,6819.16,6850.0,2129.8726,88500.0
18:31:11,6819.16,6855.0,290.8836,42755.0
18:31:11,6819.16,6860.0,665.8928,51818.0
18:31:11,6819.16,6865.0,346.0082,36882.0
18:31:11,6819.16,6870.0,768.8763,44297.0
18:31:11,6819.16,6875.0,468.1401,34258.0
18:31:11,6819.16,6880.0,472.967,58232.0
18:31:11,6819.16,6885.0,133.1129,15950.0
18:31:11,6819.16,6890.0,259.5983,16224.0
18:33:19,6816.6,6745.0,-36.6044,8128.0
18:33:19,6816.6,6750.0,-19.0377,17657.0
18:33:19,6816.6,6755.0,-21.3799,9885.0
18:33:19,6816.6,6760.0,62.2435,19140.0
18:33:19,6816.6,6765.0,-94.589,17009.0
18:33:19,6816.6,6770.0,-57.9843,27660.0
18:33:19,6816.6,6775.0,283.9331,29425.0
18:33:19,6816.6,6780.0,77.6747,27279.0
18:33:19,6816.6,6785.0,29.905,21843.0
18:33:19,6816.6,6790.0,266.3973,29856.0
18:33:19,6816.6,6795.0,268.5408,29651.0
18:33:19,6816.6,6800.0,1311.6722,67889.0
18:33:19,6816.6,6805.0,314.4146,34638.0
18:33:19,6816.6,6810.0,1777.1749,38754.0
18:33:19,6816.6,6815.0,-131.3086,44467.0
18:33:19,6816.6,6820.0,1129.9171,71374.0
18:33:19,6816.6,6825.0,1872.6619,66442.0
18:33:19,6816.6,6830.0,1997.992,90628.0
18:33:19,6816.6,6835.0,575.6803,78127.0
18:33:19,6816.6,6840.0,1138.2634,89059.0
18:33:19,6816.6,6845.0,249.5278,48857.0
18:33:19,6816.6,6850.0,1876.6957,88973.0
18:33:19,6816.6,6855.0,245.1956,43286.0
18:33:19,6816.6,6860.0,547.0174,52121.0
18:33:19,6816.6,6865.0,307.7041,37232.0
18:33:19,6816.6,6870.0,648.1944,45013.0
18:33:19,6816.6,6875.0,438.0932,34305.0
18:33:19,6816.6,6880.0,473.8439,58277.0
18:33:19,6816.6,6885.0,135.195,16103.0
18:33:19,6816.6,6890.0,233.1116,16253.0
18:35:27,6817.28,6745.0,-41.1825,8168.0
18:35:27,6817.28,6750.0,-51.806,17733.0
18:35:27,6817.28,6755.0,-9.2529,10188.0
18:35:27,6817.28,6760.0,44.6722,19209.0
18:35:27,6817.28,6765.0,-107.9277,17086.0
18:35:27,6817.28,6770.0,-57.9958,28273.0
18:35:27,6817.28,6775.0,283.9897,29702.0
18:35:27,6817.28,6780.0,77.6902,27470.0
18:35:27,6817.28,6785.0,29.9109,22100.0
18:35:27,6817.28,6790.0,267.3145,30171.0
18:35:27,6817.28,6795.0,272.401,29923.0
18:35:27,6817.28,6800.0,1329.7333,68518.0
18:35:27,6817.28,6805.0,329.36,35022.0
18:35:27,6817.28,6810.0,1850.1553,39221.0
18:35:27,6817.28,6815.0,-133.1234,45318.0
18:35:27,6817.28,6820.0,1143.6721,72557.0
18:35:27,6817.28,6825.0,1811.7238,66918.0
18:35:27,6817.28,6830.0,2011.18,91340.0
18:35:27,6817.28,6835.0,565.8844,78876.0
18:35:27,6817.28,6840.0,1133.2824,89718.0
18:35:27,6817.28,6845.0,250.7278,49357.0
18:35:27,6817.28,6850.0,1778.8886,89520.0
18:35:27,6817.28,6855.0,245.2445,43852.0
18:35:27,6817.28,6860.0,547.1266,52874.0
18:35:27,6817.28,6865.0,307.7655,37906.0
18:35:27,6817.28,6870.0,615.818,45233.0
18:35:27,6817.28,6875.0,343.5582,34490.0
18:35:27,6817.28,6880.0,391.7496,58426.0
18:35:27,6817.28,6885.0,109.6666,16171.0
18:35:27,6817.28,6890.0,198.2342,16275.0
18:37:35,6814.67,6740.0,-4.6377,10731.0
18:37:35,6814.67,6745.0,-41.8598,8201.0
18:37:35,6814.67,6750.0,-51.7663,17974.0
18:37:35,6814.67,6755.0,-20.4887,10215.0
18:37:35,6814.67,6760.0,51.4808,19283.0
18:37:35,6814.67,6765.0,-106.1119,17186.0
18:37:35,6814.67,6770.0,-65.0877,28389.0
18:37:35,6814.67,6775.0,316.8733,29866.0
18:37:35,6814.67,6780.0,82.597,27717.0
18:37:35,6814.67,6785.0,31.8636,22376.0
18:37:35,6814.67,6790.0,267.1099,30482.0
18:37:35,6814.67,6795.0,272.1925,30210.0
18:37:35,6814.67,6800.0,1328.7153,69346.0
18:37:35,6814.67,6805.0,343.1794,35421.0
18:37:35,6814.67,6810.0,1887.6993,39778.0
18:37:35,6814.67,6815.0,-133.3841,46356.0
18:37:35,6814.67,6820.0,1128.8639,74031.0
18:37:35,6814.67,6825.0,1727.2265,67748.0
18:37:35,6814.67,6830.0,2041.9452,91947.0
18:37:35,6814.67,6835.0,565.4512,79475.0
18:37:35,6814.67,6840.0,1132.4148,90337.0
18:37:35,6814.67,6845.0,250.5358,49946.0
18:37:35,6814.67,6850.0,1777.5268,90281.0
18:37:35,6814.67,6855.0,245.0567,44099.0
18:37:35,6814.67,6860.0,476.3022,53065.0
18:37:35,6814.67,6865.0,298.3215,38090.0
18:37:35,6814.67,6870.0,532.7078,45470.0
18:37:35,6814.67,6875.0,313.7601,34800.0
18:37:35,6814.67,6880.0,391.4497,58492.0
18:37:35,6814.67,6885.0,109.5827,16334.0
18:39:43,6814.08,6740.0,-70.1378,11109.0
18:39:43,6814.08,6745.0,-41.8525,8216.0
18:39:43,6814.08,6750.0,-55.7618,18382.0
18:39:43,6814.08,6755.0,-18.57,10221.0
18:39:43,6814.08,6760.0,51.4719,19373.0
18:39:43,6814.08,6765.0,-106.0935,17209.0
18:39:43,6814.08,6770.0,-65.762,28468.0
18:39:43,6814.08,6775.0,319.1142,30010.0
18:39:43,6814.08,6780.0,83.1006,27849.0
18:39:43,6814.08,6785.0,31.9934,22515.0
18:39:43,6814.08,6790.0,282.3118,30953.0
18:39:43,6814.08,6795.0,289.2367,30369.0
18:39:43,6814.08,6800.0,1390.1438,70052.0
18:39:43,6814.08,6805.0,343.1537,35850.0
18:39:43,6814.08,6810.0,1893.1842,40499.0
18:39:43,6814.08,6815.0,-133.5266,47960.0
18:39:43,6814.08,6820.0,1128.8398,75156.0
18:39:43,6814.08,6825.0,1762.6708,68236.0
18:39:43,6814.08,6830.0,1893.6283,92821.0
18:39:43,6814.08,6835.0,520.0855,80060.0
18:39:43,6814.08,6840.0,995.6323,91082.0
18:39:43,6814.08,6845.0,212.9832,50472.0
18:39:43,6814.08,6850.0,1531.8168,90721.0
18:39:43,6814.08,6855.0,197.9238,44298.0
18:39:43,6814.08,6860.0,470.5153,53258.0
18:39:43,6814.08,6865.0,258.3391,38330.0
18:39:43,6814.08,6870.0,532.6156,45701.0
18:39:43,6814.08,6875.0,320.0822,34896.0
18:39:43,6814.08,6880.0,343.7229,58558.0
18:39:43,6814.08,6885.0,93.0957,16381.0
18:41:51,6810.63,6740.0,-73.7499,11164.0
18:41:51,6810.63,6745.0,-49.7766,8360.0
18:41:51,6810.63,6750.0,-63.5784,18647.0
18:41:51,6810.63,6755.0,-22.3965,10360.0
18:41:51,6810.63,6760.0,76.7153,19867.0
18:41:51,6810.63,6765.0,-118.7733,17629.0
18:41:51,6810.63,6770.0,-75.5446,28880.0
18:41:51,6810.63,6775.0,361.3317,30343.0
18:41:51,6810.63,6780.0,195.9816,28277.0
18:41:51,6810.63,6785.0,36.207,22875.0
18:41:51,6810.63,6790.0,320.5717,31591.0
18:41:51,6810.63,6795.0,312.0487,30825.0
18:41:51,6810.63,6800.0,1495.7788,71379.0
18:41:51,6810.63,6805.0,362.2374,36473.0
18:41:51,6810.63,6810.0,1949.6339,42122.0
18:41:51,6810.63,6815.0,-133.4759,50161.0
18:41:51,6810.63,6820.0,1091.4327,76798.0
18:41:51,6810.63,6825.0,1627.6897,69022.0
18:41:51,6810.63,6830.0,1651.5727,93935.0
18:41:51,6810.63,6835.0,442.8754,81149.0
18:41:51,6810.63,6840.0,843.0806,92200.0
18:41:51,6810.63,6845.0,167.1768,50889.0
18:41:51,6810.63,6850.0,1530.266,91435.0
18:41:51,6810.63,6855.0,197.7234,44641.0
18:41:51,6810.63,6860.0,409.7038,53867.0
18:41:51,6810.63,6865.0,227.9274,38564.0
18:41:51,6810.63,6870.0,475.1984,46056.0
18:41:51,6810.63,6875.0,323.1118,34993.0
18:41:51,6810.63,6880.0,315.1215,58835.0
18:41:51,6810.63,6885.0,79.519,16443.0
18:43:59,6810.61,6740.0,-73.7495,11225.0
18:43:59,6810.61,6745.0,-49.9078,8399.0
18:43:59,6810.61,6750.0,-59.8948,18766.0
18:43:59,6810.61,6755.0,-22.3826,10549.0
18:43:59,6810.61,6760.0,87.2875,20154.0
18:43:59,6810.61,6765.0,-125.5155,17732.0
18:43:59,6810.61,6770.0,-75.5441,29208.0
18:43:59,6810.61,6775.0,361.3296,30956.0
18:43:59,6810.61,6780.0,95.6318,28840.0
18:43:59,6810.61,6785.0,36.2068,23337.0
18:43:59,6810.61,6790.0,316.9192,32889.0
18:43:59,6810.61,6795.0,312.7119,31306.0
18:43:59,6810.61,6800.0,1495.77,72912.0
18:43:59,6810.61,6805.0,357.3463,37139.0
18:43:59,6810.61,6810.0,1912.9154,43783.0
18:43:59,6810.61,6815.0,-129.6754,51308.0
18:43:59,6810.61,6820.0,1056.8318,78094.0
18:43:59,6810.61,6825.0,1593.7753,69764.0
18:43:59,6810.61,6830.0,1672.0027,95000.0
18:43:59,6810.61,6835.0,455.8497,81730.0
18:43:59,6810.61,6840.0,851.4412,92944.0
18:43:59,6810.61,6845.0,177.6263,51240.0
18:43:59,6810.61,6850.0,1252.6408,92113.0
18:43:59,6810.61,6855.0,174.4162,44852.0
18:43:59,6810.61,6860.0,409.7014,54458.0
18:43:59,6810.61,6865.0,229.6387,38670.0
18:43:59,6810.61,6870.0,487.1198,46388.0
18:43:59,6810.61,6875.0,291.3724,35092.0
18:43:59,6810.61,6880.0,315.1196,59171.0
18:43:59,6810.61,6885.0,79.5185,16456.0
19:00:47,6811.57,6740.0,-73.7703,11225.0
19:00:47,6811.57,6745.0,-49.9218,8399.0
19:00:47,6811.57,6750.0,-59.9117,18766.0
19:00:47,6811.57,6755.0,-22.3889,10549.0
19:00:47,6811.57,6760.0,87.3121,20154.0
19:00:47,6811.57,6765.0,-125.5509,17732.0
19:00:47,6811.57,6770.0,-75.5654,29208.0
19:00:47,6811.57,6775.0,361.4314,30956.0
19:00:47,6811.57,6780.0,95.6588,28840.0
19:00:47,6811.57,6785.0,36.217,23337.0
19:00:47,6811.57,6790.0,317.0086,32889.0
19:00:47,6811.57,6795.0,312.8001,31306.0
19:00:47,6811.57,6800.0,1496.1917,72912.0
19:00:47,6811.57,6805.0,357.447,37139.0
19:00:47,6811.57,6810.0,1913.4547,52313.0
19:00:47,6811.57,6815.0,-129.712,55117.0
19:00:47,6811.57,6820.0,1057.1298,78094.0
19:00:47,6811.57,6825.0,1594.2247,69764.0
19:00:47,6811.57,6830.0,1672.4741,95000.0
19:00:47,6811.57,6835.0,455.9782,81730.0
19:00:47,6811.57,6840.0,851.6812,92944.0
19:00:47,6811.57,6845.0,177.6764,51240.0
19:00:47,6811.57,6850.0,1252.9939,92113.0
19:00:47,6811.57,6855.0,174.4653,44852.0
19:00:47,6811.57,6860.0,409.8169,54458.0
19:00:47,6811.57,6865.0,229.7035,38670.0
19:00:47,6811.57,6870.0,487.2571,46388.0
19:00:47,6811.57,6875.0,291.4546,35092.0
19:00:47,6811.57,6880.0,315.2085,59171.0
19:00:47,6811.57,6885.0,79.5409,16456.0
19:03:43,6815.48,6745.0,-48.3237,8865.0
19:03:43,6815.48,6750.0,-60.1918,20119.0
19:03:43,6815.48,6755.0,-21.3308,11230.0
19:03:43,6815.48,6760.0,81.1679,21002.0
19:03:43,6815.48,6765.0,-126.6068,19005.0
19:03:43,6815.48,6770.0,-69.355,31499.0
19:03:43,6815.48,6775.0,334.6745,35467.0
19:03:43,6815.48,6780.0,87.238,31499.0
19:03:43,6815.48,6785.0,34.2098,26757.0
19:03:43,6815.48,6790.0,304.1874,37518.0
19:03:43,6815.48,6795.0,321.867,35440.0
19:03:43,6815.48,6800.0,1497.9099,81814.0
19:03:43,6815.48,6805.0,357.8575,41466.0
19:03:43,6815.48,6810.0,1915.652,53603.0
19:03:43,6815.48,6815.0,-129.8609,62137.0
19:03:43,6815.48,6820.0,888.5726,89215.0
19:03:43,6815.48,6825.0,1461.7494,76439.0
19:03:43,6815.48,6830.0,1586.6399,105193.0
19:03:43,6815.48,6835.0,456.5019,88189.0
19:03:43,6815.48,6840.0,937.8109,100263.0
19:03:43,6815.48,6845.0,198.97,56189.0
19:03:43,6815.48,6850.0,1447.16,98620.0
19:03:43,6815.48,6855.0,184.9303,46546.0
19:03:43,6815.48,6860.0,464.8315,56465.0
19:03:43,6815.48,6865.0,265.5145,40040.0
19:03:43,6815.48,6870.0,558.5502,47886.0
19:03:43,6815.48,6875.0,328.4043,35670.0
19:03:43,6815.48,6880.0,343.1318,60090.0
19:03:43,6815.48,6885.0,89.4966,17059.0
19:03:43,6815.48,6890.0,172.2063,17211.0
19:05:51,6812.39,6740.0,-71.2259,11713.0
19:05:51,6812.39,6745.0,-49.8792,8876.0
19:05:51,6812.39,6750.0,-60.1372,20234.0
19:05:51,6812.39,6755.0,-21.3115,11330.0
19:05:51,6812.39,6760.0,81.0943,21092.0
19:05:51,6812.39,6765.0,-126.492,19081.0
19:05:51,6812.39,6770.0,-69.2921,31572.0
19:05:51,6812.39,6775.0,334.3711,35915.0
19:05:51,6812.39,6780.0,91.7561,31729.0
19:05:51,6812.39,6785.0,36.0333,27162.0
19:05:51,6812.39,6790.0,317.3033,37754.0
19:05:51,6812.39,6795.0,316.4892,35679.0
19:05:51,6812.39,6800.0,1534.5937,82483.0
19:05:51,6812.39,6805.0,396.8018,41937.0
19:05:51,6812.39,6810.0,2146.0178,54506.0
19:05:51,6812.39,6815.0,-129.7432,63523.0
19:05:51,6812.39,6820.0,1165.9817,90262.0
19:05:51,6812.39,6825.0,1686.9453,77048.0
19:05:51,6812.39,6830.0,1773.8584,106324.0
19:05:51,6812.39,6835.0,464.5491,88729.0
19:05:51,6812.39,6840.0,863.7683,100692.0
19:05:51,6812.39,6845.0,183.7327,56620.0
19:05:51,6812.39,6850.0,1445.8481,99443.0
19:05:51,6812.39,6855.0,184.7627,46777.0
19:05:51,6812.39,6860.0,464.4101,56685.0
19:05:51,6812.39,6865.0,265.2738,40124.0
19:05:51,6812.39,6870.0,558.0438,47948.0
19:05:51,6812.39,6875.0,295.9276,35760.0
19:05:51,6812.39,6880.0,317.543,60171.0
19:05:51,6812.39,6885.0,91.6341,17080.0
19:07:59,6811.2,6740.0,-81.4486,11754.0
19:07:59,6811.2,6745.0,-48.996,8886.0
19:07:59,6811.2,6750.0,-63.9284,20341.0
19:07:59,6811.2,6755.0,-21.4816,11337.0
19:07:59,6811.2,6760.0,81.2339,21123.0
19:07:59,6811.2,6765.0,-128.0176,19131.0
19:07:59,6811.2,6770.0,-71.2843,31650.0
19:07:59,6811.2,6775.0,353.805,36216.0
19:07:59,6811.2,6780.0,97.1159,32243.0
19:07:59,6811.2,6785.0,37.9426,27517.0
19:07:59,6811.2,6790.0,331.3075,38205.0
19:07:59,6811.2,6795.0,333.0797,35983.0
19:07:59,6811.2,6800.0,1646.5684,83281.0
19:07:59,6811.2,6805.0,395.4635,42472.0
19:07:59,6811.2,6810.0,2134.5843,56049.0
19:07:59,6811.2,6815.0,-129.6979,64652.0
19:07:59,6811.2,6820.0,1150.6305,90862.0
19:07:59,6811.2,6825.0,1638.243,77803.0
19:07:59,6811.2,6830.0,1686.3458,107013.0
19:07:59,6811.2,6835.0,448.1051,89052.0
19:07:59,6811.2,6840.0,763.6659,101516.0
19:07:59,6811.2,6845.0,164.2489,56841.0
19:07:59,6811.2,6850.0,1306.9745,99839.0
19:07:59,6811.2,6855.0,181.1524,46934.0
19:07:59,6811.2,6860.0,431.0617,56760.0
19:07:59,6811.2,6865.0,247.95,40265.0
19:07:59,6811.2,6870.0,456.9737,48006.0
19:07:59,6811.2,6875.0,279.9002,35793.0
19:07:59,6811.2,6880.0,283.7287,60197.0
19:07:59,6811.2,6885.0,86.9465,17120.0
19:10:07,6812.57,6740.0,-68.6888,11760.0
19:10:07,6812.57,6745.0,-49.0157,8903.0
19:10:07,6812.57,6750.0,-63.9541,20422.0
19:10:07,6812.57,6755.0,-20.5138,11368.0
19:10:07,6812.57,6760.0,81.2666,21167.0
19:10:07,6812.57,6765.0,-128.0691,19212.0
19:10:07,6812.57,6770.0,-71.313,31712.0
19:10:07,6812.57,6775.0,353.9474,36347.0
19:10:07,6812.57,6780.0,97.155,32413.0
19:10:07,6812.57,6785.0,37.9579,27719.0
19:10:07,6812.57,6790.0,331.4407,38463.0
19:10:07,6812.57,6795.0,333.2137,36259.0
19:10:07,6812.57,6800.0,1647.2308,83847.0
19:10:07,6812.57,6805.0,386.9012,42864.0
19:10:07,6812.57,6810.0,2135.2361,57128.0
19:10:07,6812.57,6815.0,-129.7501,65501.0
19:10:07,6812.57,6820.0,1089.7019,91514.0
19:10:07,6812.57,6825.0,1840.1793,78263.0
19:10:07,6812.57,6830.0,1647.317,107830.0
19:10:07,6812.57,6835.0,448.2854,89337.0
19:10:07,6812.57,6840.0,763.9731,101914.0
19:10:07,6812.57,6845.0,164.315,56991.0
19:10:07,6812.57,6850.0,1307.5003,100038.0
19:10:07,6812.57,6855.0,181.2253,46968.0
19:10:07,6812.57,6860.0,431.2351,56859.0
19:10:07,6812.57,6865.0,248.0497,40320.0
19:10:07,6812.57,6870.0,546.5784,48054.0
19:10:07,6812.57,6875.0,312.2667,35831.0
19:10:07,6812.57,6880.0,283.8429,60223.0
19:10:07,6812.57,6885.0,86.9815,17123.0
19:12:15,6811.45,6740.0,-68.6662,11770.0
19:12:15,6811.45,6745.0,-45.5799,8913.0
19:12:15,6811.45,6750.0,-57.8336,20456.0
19:12:15,6811.45,6755.0,-20.5071,11550.0
19:12:15,6811.45,6760.0,76.4468,21190.0
19:12:15,6811.45,6765.0,-117.1564,19534.0
19:12:15,6811.45,6770.0,-66.6501,31804.0
19:12:15,6811.45,6775.0,328.2832,36534.0
19:12:15,6811.45,6780.0,92.8825,32722.0
19:12:15,6811.45,6785.0,36.2495,27915.0
19:12:15,6811.45,6790.0,322.5307,38657.0
19:12:15,6811.45,6795.0,330.409,36686.0
19:12:15,6811.45,6800.0,1622.5164,84334.0
19:12:15,6811.45,6805.0,399.5727,43215.0
19:12:15,6811.45,6810.0,2154.4938,58091.0
19:12:15,6811.45,6815.0,-129.7074,66342.0
19:12:15,6811.45,6820.0,1170.9217,91887.0
19:12:15,6811.45,6825.0,1697.4821,78775.0
19:12:15,6811.45,6830.0,1713.4014,108370.0
19:12:15,6811.45,6835.0,451.1776,89759.0
19:12:15,6811.45,6840.0,812.4291,102154.0
19:12:15,6811.45,6845.0,175.1757,57045.0
19:12:15,6811.45,6850.0,1403.4154,100193.0
19:12:15,6811.45,6855.0,190.6935,47044.0
19:12:15,6811.45,6860.0,472.4999,56911.0
19:12:15,6811.45,6865.0,253.8062,40381.0
19:12:15,6811.45,6870.0,479.6615,48121.0
19:12:15,6811.45,6875.0,283.4608,35846.0
19:12:15,6811.45,6880.0,307.1234,60235.0
19:12:15,6811.45,6885.0,89.4542,17200.0
19:21:25,6811.51,6740.0,-70.2916,11770.0
19:21:25,6811.51,6745.0,-45.5807,8913.0
19:21:25,6811.51,6750.0,-57.8346,20456.0
19:21:25,6811.51,6755.0,-20.5075,11550.0
19:21:25,6811.51,6760.0,76.4481,21190.0
19:21:25,6811.51,6765.0,-117.1585,19534.0
19:21:25,6811.51,6770.0,-66.6513,31804.0
19:21:25,6811.51,6775.0,328.2889,36534.0
19:21:25,6811.51,6780.0,92.8841,32722.0
19:21:25,6811.51,6785.0,36.2501,27915.0
19:21:25,6811.51,6790.0,322.5364,38657.0
19:21:25,6811.51,6795.0,330.4148,36686.0
19:21:25,6811.51,6800.0,1622.545,84334.0
19:21:25,6811.51,6805.0,399.5797,43215.0
19:21:25,6811.51,6810.0,2154.5318,58091.0
19:21:25,6811.51,6815.0,-129.7097,66342.0
19:21:25,6811.51,6820.0,1170.9423,91887.0
19:21:25,6811.51,6825.0,1697.512,78775.0
19:21:25,6811.51,6830.0,1713.4316,108370.0
19:21:25,6811.51,6835.0,451.1855,89759.0
19:21:25,6811.51,6840.0,812.4434,102154.0
19:21:25,6811.51,6845.0,175.1788,57045.0
19:21:25,6811.51,6850.0,1403.4402,100193.0
19:21:25,6811.51,6855.0,190.6969,47044.0
19:21:25,6811.51,6860.0,472.5082,56911.0
19:21:25,6811.51,6865.0,253.8107,40381.0
19:21:25,6811.51,6870.0,479.67,48121.0
19:21:25,6811.51,6875.0,283.4658,35846.0
19:21:25,6811.51,6880.0,307.1288,60235.0
19:21:25,6811.51,6885.0,89.4557,17200.0
19:23:33,6811.4,6740.0,-71.1779,12126.0
19:23:33,6811.4,6745.0,-45.5792,9138.0
19:23:33,6811.4,6750.0,-59.0209,20716.0
19:23:33,6811.4,6755.0,-22.6247,11755.0
19:23:33,6811.4,6760.0,76.4456,21472.0
19:23:33,6811.4,6765.0,-117.1547,19891.0
19:23:33,6811.4,6770.0,-66.6491,32336.0
19:23:33,6811.4,6775.0,328.2783,38003.0
19:23:33,6811.4,6780.0,92.8811,33971.0
19:23:33,6811.4,6785.0,36.249,29186.0
19:23:33,6811.4,6790.0,322.526,40537.0
19:23:33,6811.4,6795.0,330.4041,38603.0
19:23:33,6811.4,6800.0,1863.2307,87985.0
19:23:33,6811.4,6805.0,426.5202,44964.0
19:23:33,6811.4,6810.0,2309.9836,63281.0
19:23:33,6811.4,6815.0,-155.3376,70495.0
19:23:33,6811.4,6820.0,1223.2155,95488.0
19:23:33,6811.4,6825.0,1697.4572,80946.0
19:23:33,6811.4,6830.0,1721.6859,111718.0
19:23:33,6811.4,6835.0,451.1709,91034.0
19:23:33,6811.4,6840.0,812.4172,103928.0
19:23:33,6811.4,6845.0,175.1731,58472.0
19:23:33,6811.4,6850.0,1403.3948,101487.0
19:23:33,6811.4,6855.0,190.6907,47480.0
19:23:33,6811.4,6860.0,472.4929,57235.0
19:23:33,6811.4,6865.0,253.8025,43670.0
19:23:33,6811.4,6870.0,454.565,48298.0
19:23:33,6811.4,6875.0,283.4566,39101.0
19:23:33,6811.4,6880.0,307.1189,60384.0
19:23:33,6811.4,6885.0,89.4528,17336.0
19:25:41,6811.81,6740.0,-65.0467,12128.0
19:25:41,6811.81,6745.0,-41.2188,9158.0
19:25:41,6811.81,6750.0,-52.4163,20730.0
19:25:41,6811.81,6755.0,-19.486,11770.0
19:25:41,6811.81,6760.0,79.1986,21518.0
19:25:41,6811.81,6765.0,-122.3039,19921.0
19:25:41,6811.81,6770.0,-66.6821,32372.0
19:25:41,6811.81,6775.0,330.1536,38023.0
19:25:41,6811.81,6780.0,90.4391,34061.0
19:25:41,6811.81,6785.0,35.6198,29421.0
19:25:41,6811.81,6790.0,328.9918,40713.0
19:25:41,6811.81,6795.0,336.7157,38777.0
19:25:41,6811.81,6800.0,1710.4632,88615.0
19:25:41,6811.81,6805.0,423.3456,45257.0
19:25:41,6811.81,6810.0,2330.164,63896.0
19:25:41,6811.81,6815.0,-157.9433,71307.0
19:25:41,6811.81,6820.0,1198.3265,96182.0
19:25:41,6811.81,6825.0,1794.8257,81559.0
19:25:41,6811.81,6830.0,1765.425,112441.0
19:25:41,6811.81,6835.0,451.4053,91261.0
19:25:41,6811.81,6840.0,810.1894,104221.0
19:25:41,6811.81,6845.0,173.5195,58971.0
19:25:41,6811.81,6850.0,1229.7968,101681.0
19:25:41,6811.81,6855.0,172.4969,47525.0
19:25:41,6811.81,6860.0,406.8151,57271.0
19:25:41,6811.81,6865.0,219.2471,43690.0
19:25:41,6811.81,6870.0,476.8734,48317.0
19:25:41,6811.81,6875.0,283.4529,39130.0
19:25:41,6811.81,6880.0,321.959,60396.0
19:25:41,6811.81,6885.0,89.51,17358.0
19:33:37,6813.39,6740.0,-65.0769,12128.0
19:33:37,6813.39,6745.0,-41.2379,9158.0
19:33:37,6813.39,6750.0,-52.4406,20730.0
19:33:37,6813.39,6755.0,-19.495,11770.0
19:33:37,6813.39,6760.0,79.2353,21518.0
19:33:37,6813.39,6765.0,-122.3606,19921.0
19:33:37,6813.39,6770.0,-66.713,32372.0
19:33:37,6813.39,6775.0,330.3068,38023.0
19:33:37,6813.39,6780.0,90.481,34061.0
19:33:37,6813.39,6785.0,35.6364,29421.0
19:33:37,6813.39,6790.0,329.1444,40713.0
19:33:37,6813.39,6795.0,336.8719,38777.0
19:33:37,6813.39,6800.0,1711.2567,88615.0
19:33:37,6813.39,6805.0,429.2191,45867.0
19:33:37,6813.39,6810.0,2413.5139,68528.0
19:33:37,6813.39,6815.0,-167.2178,75037.0
19:33:37,6813.39,6820.0,1349.621,99374.0
19:33:37,6813.39,6825.0,1795.6585,81559.0
19:33:37,6813.39,6830.0,1766.2441,112441.0
19:33:37,6813.39,6835.0,451.6147,91261.0
19:33:37,6813.39,6840.0,810.5653,104221.0
19:33:37,6813.39,6845.0,173.6,58971.0
19:33:37,6813.39,6850.0,1230.3674,101681.0
19:33:37,6813.39,6855.0,172.5769,47525.0
19:33:37,6813.39,6860.0,407.0038,57271.0
19:33:37,6813.39,6865.0,219.3488,43690.0
19:33:37,6813.39,6870.0,477.0947,48317.0
19:33:37,6813.39,6875.0,283.5844,39130.0
19:33:37,6813.39,6880.0,322.1084,60396.0
19:33:37,6813.39,6885.0,89.5516,17358.0
19:49:24,6811.93,6740.0,-65.049,12128.0
19:49:24,6811.93,6745.0,-41.2202,9158.0
19:49:24,6811.93,6750.0,-52.4181,20730.0
19:49:24,6811.93,6755.0,-19.4867,11770.0
19:49:24,6811.93,6760.0,79.2014,21518.0
19:49:24,6811.93,6765.0,-122.3082,19921.0
19:49:24,6811.93,6770.0,-66.6844,32372.0
19:49:24,6811.93,6775.0,330.1652,38023.0
19:49:24,6811.93,6780.0,90.4422,34061.0
19:49:24,6811.93,6785.0,35.6211,29421.0
19:49:24,6811.93,6790.0,329.0034,40713.0
19:49:24,6811.93,6795.0,336.7275,38777.0
19:49:24,6811.93,6800.0,1710.5234,88615.0
19:49:24,6811.93,6805.0,429.0352,45867.0
19:49:24,6811.93,6810.0,2412.4797,68528.0
19:49:24,6811.93,6815.0,-167.1462,75037.0
19:49:24,6811.93,6820.0,1349.0427,99374.0
19:49:24,6811.93,6825.0,1794.889,81559.0
19:49:24,6811.93,6830.0,1765.4872,112441.0
19:49:24,6811.93,6835.0,451.4212,91261.0
19:49:24,6811.93,6840.0,810.2179,104221.0
19:49:24,6811.93,6845.0,173.5256,58971.0
19:49:24,6811.93,6850.0,1229.8401,101681.0
19:49:24,6811.93,6855.0,172.503,47525.0
19:49:24,6811.93,6860.0,406.8294,57271.0
19:49:24,6811.93,6865.0,219.2548,43690.0
19:49:24,6811.93,6870.0,476.8902,48317.0
19:49:24,6811.93,6875.0,283.4628,39130.0
19:49:24,6811.93,6880.0,321.9704,60396.0
19:49:24,6811.93,6885.0,89.5132,17358.0
19:51:32,6816.65,6745.0,-41.2774,9627.0
19:51:32,6816.65,6750.0,-52.4908,21781.0
19:51:32,6816.65,6755.0,-19.5137,12278.0
19:51:32,6816.65,6760.0,41.2006,22581.0
19:51:32,6816.65,6765.0,-67.4357,20897.0
19:51:32,6816.65,6770.0,-40.4546,35830.0
19:51:32,6816.65,6775.0,202.9477,40172.0
19:51:32,6816.65,6780.0,90.5676,39104.0
19:51:32,6816.65,6785.0,35.6705,33173.0
19:51:32,6816.65,6790.0,329.4595,46058.0
19:51:32,6816.65,6795.0,337.1943,43854.0
19:51:32,6816.65,6800.0,1712.8947,98041.0
19:51:32,6816.65,6805.0,416.749,51395.0
19:51:32,6816.65,6810.0,2415.824,76838.0
19:51:32,6816.65,6815.0,-190.4447,83610.0
19:51:32,6816.65,6820.0,1612.5353,107544.0
19:51:32,6816.65,6825.0,2370.2128,89547.0
19:51:32,6816.65,6830.0,1607.2277,123397.0
19:51:32,6816.65,6835.0,452.047,97703.0
19:51:32,6816.65,6840.0,811.3411,107995.0
19:51:32,6816.65,6845.0,173.7661,60775.0
19:51:32,6816.65,6850.0,1231.5451,104456.0
19:51:32,6816.65,6855.0,157.8901,48516.0
19:51:32,6816.65,6860.0,544.669,58483.0
19:51:32,6816.65,6865.0,281.4576,44345.0
19:51:32,6816.65,6870.0,591.5754,49180.0
19:51:32,6816.65,6875.0,347.0312,39621.0
19:51:32,6816.65,6880.0,322.4167,60759.0
19:51:32,6816.65,6885.0,89.6373,18140.0
19:51:32,6816.65,6890.0,172.2655,17989.0
19:53:40,6817.4,6745.0,-22.4059,9668.0
19:53:40,6817.4,6750.0,-27.7321,21889.0
19:53:40,6817.4,6755.0,-9.8562,12316.0
19:53:40,6817.4,6760.0,37.6067,22690.0
19:53:40,6817.4,6765.0,-62.9516,21032.0
19:53:40,6817.4,6770.0,-36.4703,36054.0
19:53:40,6817.4,6775.0,197.6457,40656.0
19:53:40,6817.4,6780.0,56.5378,39308.0
19:53:40,6817.4,6785.0,23.6221,33381.0
19:53:40,6817.4,6790.0,227.7228,46457.0
19:53:40,6817.4,6795.0,261.5882,44231.0
19:53:40,6817.4,6800.0,1435.3955,98619.0
19:53:40,6817.4,6805.0,421.9934,52008.0
19:53:40,6817.4,6810.0,2483.9269,77253.0
19:53:40,6817.4,6815.0,-190.0996,84744.0
19:53:40,6817.4,6820.0,1634.8312,109173.0
19:53:40,6817.4,6825.0,2467.0589,90318.0
19:53:40,6817.4,6830.0,2497.7958,124114.0
19:53:40,6817.4,6835.0,636.3144,98061.0
19:53:40,6817.4,6840.0,1142.3931,108347.0
19:53:40,6817.4,6845.0,238.986,60940.0
19:53:40,6817.4,6850.0,1693.3074,104619.0
19:53:40,6817.4,6855.0,221.4614,48568.0
19:53:40,6817.4,6860.0,530.9199,58541.0
19:53:40,6817.4,6865.0,282.0563,44428.0
19:53:40,6817.4,6870.0,586.6185,49226.0
19:53:40,6817.4,6875.0,351.1001,39635.0
19:53:40,6817.4,6880.0,379.5207,60770.0
19:53:40,6817.4,6885.0,100.1348,18191.0
19:53:40,6817.4,6890.0,188.4908,17997.0
19:55:48,6818.55,6745.0,-20.7481,9699.0
19:55:48,6818.55,6750.0,-26.5744,22044.0
19:55:48,6818.55,6755.0,-10.0164,12348.0
19:55:48,6818.55,6760.0,38.6921,22720.0
19:55:48,6818.55,6765.0,-64.1351,21190.0
19:55:48,6818.55,6770.0,-36.5574,36269.0
19:55:48,6818.55,6775.0,186.7043,40852.0
19:55:48,6818.55,6780.0,50.5129,39556.0
19:55:48,6818.55,6785.0,22.0977,33539.0
19:55:48,6818.55,6790.0,224.0685,46813.0
19:55:48,6818.55,6795.0,247.0269,44579.0
19:55:48,6818.55,6800.0,1366.6788,99290.0
19:55:48,6818.55,6805.0,388.2317,52537.0
19:55:48,6818.55,6810.0,2426.1528,78009.0
19:55:48,6818.55,6815.0,-187.7882,85725.0
19:55:48,6818.55,6820.0,1659.5636,111233.0
19:55:48,6818.55,6825.0,2543.0455,91042.0
19:55:48,6818.55,6830.0,2602.753,124956.0
19:55:48,6818.55,6835.0,682.1167,98360.0
19:55:48,6818.55,6840.0,1220.8296,108639.0
19:55:48,6818.55,6845.0,238.0081,61305.0
19:55:48,6818.55,6850.0,1684.7661,104881.0
19:55:48,6818.55,6855.0,222.9012,48705.0
19:55:48,6818.55,6860.0,571.7745,58594.0
19:55:48,6818.55,6865.0,308.5468,44481.0
19:55:48,6818.55,6870.0,643.0325,49433.0
19:55:48,6818.55,6875.0,342.8723,39664.0
19:55:48,6818.55,6880.0,409.0139,60821.0
19:55:48,6818.55,6885.0,103.1914,18210.0
19:55:48,6818.55,6890.0,208.0515,18007.0
19:57:56,6818.7,6745.0,-21.5568,9703.0
19:57:56,6818.7,6750.0,-27.333,22131.0
19:57:56,6818.7,6755.0,-10.3206,12412.0
19:57:56,6818.7,6760.0,35.8128,22830.0
19:57:56,6818.7,6765.0,-62.1258,21244.0
19:57:56,6818.7,6770.0,-34.9743,36383.0
19:57:56,6818.7,6775.0,186.1247,41011.0
19:57:56,6818.7,6780.0,18.5911,39833.0
19:57:56,6818.7,6785.0,22.6309,33631.0
19:57:56,6818.7,6790.0,228.388,46961.0
19:57:56,6818.7,6795.0,257.2987,44754.0
19:57:56,6818.7,6800.0,1423.4869,99843.0
19:57:56,6818.7,6805.0,404.9666,52852.0
19:57:56,6818.7,6810.0,2485.1252,78671.0
19:57:56,6818.7,6815.0,-194.7536,86900.0
19:57:56,6818.7,6820.0,1746.8105,112343.0
19:57:56,6818.7,6825.0,2656.5409,91579.0
19:57:56,6818.7,6830.0,2584.7144,125556.0
19:57:56,6818.7,6835.0,641.9773,98685.0
19:57:56,6818.7,6840.0,1123.1337,109307.0
19:57:56,6818.7,6845.0,226.3956,61428.0
19:57:56,6818.7,6850.0,1608.1935,105157.0
19:57:56,6818.7,6855.0,222.911,48884.0
19:57:56,6818.7,6860.0,512.6999,58690.0
19:57:56,6818.7,6865.0,268.1659,44514.0
19:57:56,6818.7,6870.0,553.4716,49450.0
19:57:56,6818.7,6875.0,345.7056,39721.0
19:57:56,6818.7,6880.0,366.0112,60862.0
19:57:56,6818.7,6885.0,102.922,18226.0
19:57:56,6818.7,6890.0,196.0773,18025.0
20:00:04,6818.16,6745.0,-24.4073,9707.0
20:00:04,6818.16,6750.0,-25.4773,22222.0
20:00:04,6818.16,6755.0,-11.2802,12425.0
20:00:04,6818.16,6760.0,35.8072,22855.0
20:00:04,6818.16,6765.0,-62.116,21277.0
20:00:04,6818.16,6770.0,-37.0867,36510.0
20:00:04,6818.16,6775.0,181.0625,41147.0
20:00:04,6818.16,6780.0,51.1897,39941.0
20:00:04,6818.16,6785.0,24.4653,33724.0
20:00:04,6818.16,6790.0,218.0839,48120.0
20:00:04,6818.16,6795.0,250.5174,45971.0
20:00:04,6818.16,6800.0,1492.6619,100267.0
20:00:04,6818.16,6805.0,409.7067,53170.0
20:00:04,6818.16,6810.0,2558.1944,79337.0
20:00:04,6818.16,6815.0,-196.0238,87646.0
20:00:04,6818.16,6820.0,1725.293,113318.0
20:00:04,6818.16,6825.0,2577.4703,92518.0
20:00:04,6818.16,6830.0,2523.7252,126313.0
20:00:04,6818.16,6835.0,599.7655,98975.0
20:00:04,6818.16,6840.0,1077.1757,109692.0
20:00:04,6818.16,6845.0,234.5517,61520.0
20:00:04,6818.16,6850.0,1495.7144,105386.0
20:00:04,6818.16,6855.0,203.1848,49018.0
20:00:04,6818.16,6860.0,506.3232,58765.0
20:00:04,6818.16,6865.0,277.0369,44526.0
20:00:04,6818.16,6870.0,573.5041,49501.0
20:00:04,6818.16,6875.0,345.6509,39762.0
20:00:04,6818.16,6880.0,348.0083,60905.0
20:00:04,6818.16,6885.0,96.4506,18232.0
20:00:04,6818.16,6890.0,179.8012,18110.0
20:02:12,6817.41,6745.0,-26.4569,9795.0
20:02:12,6817.41,6750.0,-27.0961,22257.0
20:02:12,6817.41,6755.0,-11.2777,12464.0
20:02:12,6817.41,6760.0,41.0904,22890.0
20:02:12,6817.41,6765.0,-70.409,21536.0
20:02:12,6817.41,6770.0,-39.9496,36705.0
20:02:12,6817.41,6775.0,215.3334,41238.0
20:02:12,6817.41,6780.0,58.9171,40069.0
20:02:12,6817.41,6785.0,24.3984,33769.0
20:02:12,6817.41,6790.0,247.1928,48388.0
20:02:12,6817.41,6795.0,273.2042,46330.0
20:02:12,6817.41,6800.0,1508.4579,101144.0
20:02:12,6817.41,6805.0,421.8079,53764.0
20:02:12,6817.41,6810.0,2610.0774,80151.0
20:02:12,6817.41,6815.0,-199.8667,88571.0
20:02:12,6817.41,6820.0,1741.3999,114362.0
20:02:12,6817.41,6825.0,2565.8086,93235.0
20:02:12,6817.41,6830.0,2438.4056,127378.0
20:02:12,6817.41,6835.0,590.496,99534.0
20:02:12,6817.41,6840.0,1018.6695,110064.0
20:02:12,6817.41,6845.0,203.8472,61663.0
20:02:12,6817.41,6850.0,1525.5643,105477.0
20:02:12,6817.41,6855.0,201.6827,49234.0
20:02:12,6817.41,6860.0,453.0468,58828.0
20:02:12,6817.41,6865.0,237.6358,44553.0
20:02:12,6817.41,6870.0,517.3527,49567.0
20:02:12,6817.41,6875.0,309.0001,39808.0
20:02:12,6817.41,6880.0,328.9752,60929.0
20:02:12,6817.41,6885.0,96.9626,18274.0
20:02:12,6817.41,6890.0,185.3021,18159.0
20:04:20,6815.35,6745.0,-27.4005,9802.0
20:04:20,6815.35,6750.0,-30.9305,22280.0
20:04:20,6815.35,6755.0,-13.2767,12481.0
20:04:20,6815.35,6760.0,45.7292,22933.0
20:04:20,6815.35,6765.0,-74.2656,21611.0
20:04:20,6815.35,6770.0,-42.9295,36802.0
20:04:20,6815.35,6775.0,231.8387,41419.0
20:04:20,6815.35,6780.0,64.1113,40297.0
20:04:20,6815.35,6785.0,27.2998,33935.0
20:04:20,6815.35,6790.0,264.0992,48918.0
20:04:20,6815.35,6795.0,294.5907,46855.0
20:04:20,6815.35,6800.0,1602.674,101865.0
20:04:20,6815.35,6805.0,450.431,54492.0
20:04:20,6815.35,6810.0,2734.7345,80837.0
20:04:20,6815.35,6815.0,-202.4863,90621.0
20:04:20,6815.35,6820.0,1681.9205,116596.0
20:04:20,6815.35,6825.0,2374.2484,94620.0
20:04:20,6815.35,6830.0,2204.6215,128756.0
20:04:20,6815.35,6835.0,525.5315,99949.0
20:04:20,6815.35,6840.0,892.4423,110623.0
20:04:20,6815.35,6845.0,182.721,61764.0
20:04:20,6815.35,6850.0,1322.6381,105732.0
20:04:20,6815.35,6855.0,181.4488,49328.0
20:04:20,6815.35,6860.0,425.3529,58936.0
20:04:20,6815.35,6865.0,219.1062,44594.0
20:04:20,6815.35,6870.0,469.7327,49737.0
20:04:20,6815.35,6875.0,281.2476,39919.0
20:04:20,6815.35,6880.0,305.7354,61036.0
20:04:20,6815.35,6885.0,85.2173,18754.0
20:04:20,6815.35,6890.0,153.9021,18219.0
20:06:28,6814.68,6740.0,-48.646,12887.0
20:06:28,6814.68,6745.0,-29.9623,9860.0
20:06:28,6814.68,6750.0,-38.6316,22379.0
20:06:28,6814.68,6755.0,-14.8168,12557.0
20:06:28,6814.68,6760.0,25.3927,23100.0
20:06:28,6814.68,6765.0,-74.251,21661.0
20:06:28,6814.68,6770.0,-48.833,36902.0
20:06:28,6814.68,6775.0,263.9768,41541.0
20:06:28,6814.68,6780.0,-23.326,40593.0
20:06:28,6814.68,6785.0,30.1968,34140.0
20:06:28,6814.68,6790.0,264.0473,49541.0
20:06:28,6814.68,6795.0,294.5328,47790.0
20:06:28,6814.68,6800.0,1812.4439,103354.0
20:06:28,6814.68,6805.0,449.6245,55512.0
20:06:28,6814.68,6810.0,2682.3118,83035.0
20:06:28,6814.68,6815.0,-192.1463,92994.0
20:06:28,6814.68,6820.0,1585.6271,118304.0
20:06:28,6814.68,6825.0,2235.335,96643.0
20:06:28,6814.68,6830.0,2112.0502,129726.0
20:06:28,6814.68,6835.0,457.2685,100668.0
20:06:28,6814.68,6840.0,881.2477,111038.0
20:06:28,6814.68,6845.0,155.9216,62063.0
20:06:28,6814.68,6850.0,1391.5361,106022.0
20:06:28,6814.68,6855.0,181.4131,49457.0
20:06:28,6814.68,6860.0,312.7634,59108.0
20:06:28,6814.68,6865.0,223.1635,44672.0
20:06:28,6814.68,6870.0,386.287,49805.0
20:06:28,6814.68,6875.0,231.396,39950.0
20:06:28,6814.68,6880.0,284.4916,61144.0
20:06:28,6814.68,6885.0,70.419,18827.0
20:08:36,6812.63,6740.0,-52.3075,12907.0
20:08:36,6812.63,6745.0,-32.5773,9977.0
20:08:36,6812.63,6750.0,-41.4505,22446.0
20:08:36,6812.63,6755.0,-15.3683,12573.0
20:08:36,6812.63,6760.0,51.6745,23141.0
20:08:36,6812.63,6765.0,-84.0215,21704.0
20:08:36,6812.63,6770.0,-48.8036,37004.0
20:08:36,6812.63,6775.0,263.818,41726.0
20:08:36,6812.63,6780.0,75.3122,40744.0
20:08:36,6812.63,6785.0,31.8468,34300.0
20:08:36,6812.63,6790.0,309.1482,49820.0
20:08:36,6812.63,6795.0,353.7569,48061.0
20:08:36,6812.63,6800.0,1810.7203,104366.0
20:08:36,6812.63,6805.0,481.6353,55968.0
20:08:36,6812.63,6810.0,2771.0674,84685.0
20:08:36,6812.63,6815.0,-191.3938,95045.0
20:08:36,6812.63,6820.0,1512.721,119287.0
20:08:36,6812.63,6825.0,2052.245,97559.0
20:08:36,6812.63,6830.0,1831.7133,130908.0
20:08:36,6812.63,6835.0,419.0453,101434.0
20:08:36,6812.63,6840.0,719.9593,111542.0
20:08:36,6812.63,6845.0,145.6978,62200.0
20:08:36,6812.63,6850.0,1086.1954,106254.0
20:08:36,6812.63,6855.0,147.4655,49518.0
20:08:36,6812.63,6860.0,394.9513,59235.0
20:08:36,6812.63,6865.0,182.6591,44751.0
20:08:36,6812.63,6870.0,389.1019,49870.0
20:08:36,6812.63,6875.0,215.487,39996.0
20:08:36,6812.63,6880.0,242.0953,61278.0
20:08:36,6812.63,6885.0,67.1153,18943.0
20:10:44,6813.4,6740.0,-51.2674,12920.0
20:10:44,6813.4,6745.0,-29.4998,10005.0
20:10:44,6813.4,6750.0,-39.3992,22475.0
20:10:44,6813.4,6755.0,-14.3479,12606.0
20:10:44,6813.4,6760.0,56.4178,23211.0
20:10:44,6813.4,6765.0,-91.9284,21792.0
20:10:44,6813.4,6770.0,-48.3333,37065.0
20:10:44,6813.4,6775.0,242.2306,41920.0
20:10:44,6813.4,6780.0,70.4437,40963.0
20:10:44,6813.4,6785.0,29.3638,34443.0
20:10:44,6813.4,6790.0,290.1654,50035.0
20:10:44,6813.4,6795.0,324.235,48652.0
20:10:44,6813.4,6800.0,1777.0313,105456.0
20:10:44,6813.4,6805.0,477.0342,56624.0
20:10:44,6813.4,6810.0,2782.5234,85852.0
20:10:44,6813.4,6815.0,-196.505,96363.0
20:10:44,6813.4,6820.0,1562.3471,120121.0
20:10:44,6813.4,6825.0,2125.4748,98418.0
20:10:44,6813.4,6830.0,1942.8991,131426.0
20:10:44,6813.4,6835.0,457.1144,101622.0
20:10:44,6813.4,6840.0,829.1442,111703.0
20:10:44,6813.4,6845.0,165.5653,62396.0
20:10:44,6813.4,6850.0,1097.3601,106357.0
20:10:44,6813.4,6855.0,153.4679,49573.0
20:10:44,6813.4,6860.0,345.27,59370.0
20:10:44,6813.4,6865.0,189.6465,44845.0
20:10:44,6813.4,6870.0,389.0106,50069.0
20:10:44,6813.4,6875.0,240.1172,40043.0
20:10:44,6813.4,6880.0,251.4822,61309.0
20:10:44,6813.4,6885.0,72.8242,18980.0
20:12:52,6815.06,6745.0,-26.819,10006.0
20:12:52,6815.06,6750.0,-34.8381,22525.0
20:12:52,6815.06,6755.0,-13.0691,12669.0
20:12:52,6815.06,6760.0,45.286,23297.0
20:12:52,6815.06,6765.0,-56.9826,21851.0
20:12:52,6815.06,6770.0,-15.5708,37252.0
20:12:52,6815.06,6775.0,203.8076,42186.0
20:12:52,6815.06,6780.0,62.8504,41137.0
20:12:52,6815.06,6785.0,-2.0236,34612.0
20:12:52,6815.06,6790.0,208.7818,50305.0
20:12:52,6815.06,6795.0,257.1841,48900.0
20:12:52,6815.06,6800.0,1609.082,106147.0
20:12:52,6815.06,6805.0,442.4363,57359.0
20:12:52,6815.06,6810.0,2764.1251,87265.0
20:12:52,6815.06,6815.0,-201.5432,97697.0
20:12:52,6815.06,6820.0,1687.7232,121293.0
20:12:52,6815.06,6825.0,2375.7378,99596.0
20:12:52,6815.06,6830.0,1884.7573,131951.0
20:12:52,6815.06,6835.0,450.1802,101932.0
20:12:52,6815.06,6840.0,889.499,112003.0
20:12:52,6815.06,6845.0,165.6459,62483.0
20:12:52,6815.06,6850.0,1298.0937,106509.0
20:12:52,6815.06,6855.0,148.447,49642.0
20:12:52,6815.06,6860.0,374.9665,59421.0
20:12:52,6815.06,6865.0,188.9244,44908.0
20:12:52,6815.06,6870.0,409.9945,50099.0
20:12:52,6815.06,6875.0,271.5153,40051.0
20:12:52,6815.06,6880.0,262.1917,61335.0
20:12:52,6815.06,6885.0,80.3127,18993.0
20:12:52,6815.06,6890.0,151.6095,18450.0
20:15:00,6814.73,6740.0,-51.2874,12998.0
20:15:00,6814.73,6745.0,-28.221,10023.0
20:15:00,6814.73,6750.0,-34.8884,22567.0
20:15:00,6814.73,6755.0,-13.8975,12672.0
20:15:00,6814.73,6760.0,50.9414,23422.0
20:15:00,6814.73,6765.0,-84.9136,21894.0
20:15:00,6814.73,6770.0,-47.2687,37283.0
20:15:00,6814.73,6775.0,234.2743,42248.0
20:15:00,6814.73,6780.0,66.4171,41177.0
20:15:00,6814.73,6785.0,27.5084,34664.0
20:15:00,6814.73,6790.0,275.5357,50484.0
20:15:00,6814.73,6795.0,308.2307,49147.0
20:15:00,6814.73,6800.0,1666.129,106539.0
20:15:00,6814.73,6805.0,461.2121,57624.0
20:15:00,6814.73,6810.0,2779.8717,87874.0
20:15:00,6814.73,6815.0,-201.7432,98699.0
20:15:00,6814.73,6820.0,1667.1025,121996.0
20:15:00,6814.73,6825.0,2316.2105,100051.0
20:15:00,6814.73,6830.0,2158.5005,132436.0
20:15:00,6814.73,6835.0,517.4205,102141.0
20:15:00,6814.73,6840.0,835.4735,112123.0
20:15:00,6814.73,6845.0,167.7444,62522.0
20:15:00,6814.73,6850.0,1228.9258,106591.0
20:15:00,6814.73,6855.0,142.3644,49728.0
20:15:00,6814.73,6860.0,382.7407,59463.0
20:15:00,6814.73,6865.0,209.9933,45028.0
20:15:00,6814.73,6870.0,428.7063,50144.0
20:15:00,6814.73,6875.0,215.5874,40055.0
20:15:00,6814.73,6880.0,273.1602,61373.0
20:15:00,6814.73,6885.0,63.9108,19015.0
20:17:08,6816.39,6745.0,-28.2348,10037.0
20:17:08,6816.39,6750.0,-34.9053,22670.0
20:17:08,6816.39,6755.0,-10.99,12783.0
20:17:08,6816.39,6760.0,44.0321,23513.0
20:17:08,6816.39,6765.0,-84.9549,21967.0
20:17:08,6816.39,6770.0,-86.2926,37562.0
20:17:08,6816.39,6775.0,179.61,42524.0
20:17:08,6816.39,6780.0,57.4667,41322.0
20:17:08,6816.39,6785.0,24.2904,34773.0
20:17:08,6816.39,6790.0,235.3469,50748.0
20:17:08,6816.39,6795.0,270.4897,49584.0
20:17:08,6816.39,6800.0,1549.849,107333.0
20:17:08,6816.39,6805.0,440.1767,58251.0
20:17:08,6816.39,6810.0,2802.4924,88865.0
20:17:08,6816.39,6815.0,-220.9169,100844.0
20:17:08,6816.39,6820.0,1748.7267,123555.0
20:17:08,6816.39,6825.0,2490.3463,101133.0
20:17:08,6816.39,6830.0,2354.9047,133319.0
20:17:08,6816.39,6835.0,562.0316,103219.0
20:17:08,6816.39,6840.0,957.9237,112373.0
20:17:08,6816.39,6845.0,194.6287,62704.0
20:17:08,6816.39,6850.0,1441.5745,106696.0
20:17:08,6816.39,6855.0,182.4041,49782.0
20:17:08,6816.39,6860.0,429.7049,59763.0
20:17:08,6816.39,6865.0,210.0957,45041.0
20:17:08,6816.39,6870.0,428.9152,50432.0
20:17:08,6816.39,6875.0,277.4424,40311.0
20:17:08,6816.39,6880.0,273.2933,61449.0
20:17:08,6816.39,6885.0,63.9419,19129.0
20:17:08,6816.39,6890.0,150.8383,18550.0
20:19:16,6818.34,6745.0,-22.4511,10072.0
20:19:16,6818.34,6750.0,-28.7521,22698.0
20:19:16,6818.34,6755.0,-10.9963,12834.0
20:19:16,6818.34,6760.0,34.0439,23527.0
20:19:16,6818.34,6765.0,-58.13,22042.0
20:19:16,6818.34,6770.0,-30.9119,37621.0
20:19:16,6818.34,6775.0,179.7128,42575.0
20:19:16,6818.34,6780.0,57.4996,41381.0
20:19:16,6818.34,6785.0,24.3043,34903.0
20:19:16,6818.34,6790.0,235.4816,50949.0
20:19:16,6818.34,6795.0,270.6445,50118.0
20:19:16,6818.34,6800.0,1550.7359,108059.0
20:19:16,6818.34,6805.0,440.4286,58634.0
20:19:16,6818.34,6810.0,2661.1625,89701.0
20:19:16,6818.34,6815.0,-208.8594,102306.0
20:19:16,6818.34,6820.0,1817.505,125045.0
20:19:16,6818.34,6825.0,2725.1983,102019.0
20:19:16,6818.34,6830.0,2642.6745,133795.0
20:19:16,6818.34,6835.0,562.3532,103659.0
20:19:16,6818.34,6840.0,958.4719,112485.0
20:19:16,6818.34,6845.0,194.7401,62770.0
20:19:16,6818.34,6850.0,1442.3994,106841.0
20:19:16,6818.34,6855.0,182.5085,49836.0
20:19:16,6818.34,6860.0,429.9508,59839.0
20:19:16,6818.34,6865.0,207.7023,45086.0
20:19:16,6818.34,6870.0,485.9827,50467.0
20:19:16,6818.34,6875.0,313.7633,40354.0
20:19:16,6818.34,6880.0,315.7095,61474.0
20:19:16,6818.34,6885.0,90.4489,19138.0
20:19:16,6818.34,6890.0,150.9246,18579.0
20:21:24,6819.89,6745.0,-19.1281,10088.0
20:21:24,6819.89,6750.0,-27.0988,22921.0
20:21:24,6819.89,6755.0,-9.1683,12845.0
20:21:24,6819.89,6760.0,42.9403,23687.0
20:21:24,6819.89,6765.0,-58.1564,22065.0
20:21:24,6819.89,6770.0,-30.9259,37947.0
20:21:24,6819.89,6775.0,185.0412,42680.0
20:21:24,6819.89,6780.0,61.5975,41621.0
20:21:24,6819.89,6785.0,18.0404,35073.0
20:21:24,6819.89,6790.0,200.7326,51283.0
20:21:24,6819.89,6795.0,216.3086,50451.0
20:21:24,6819.89,6800.0,1261.7587,109489.0
20:21:24,6819.89,6805.0,380.2141,59521.0
20:21:24,6819.89,6810.0,2527.6994,90779.0
20:21:24,6819.89,6815.0,-202.6048,104177.0
20:21:24,6819.89,6820.0,1887.6106,126882.0
20:21:24,6819.89,6825.0,2936.2793,103371.0
20:21:24,6819.89,6830.0,2900.1583,135526.0
20:21:24,6819.89,6835.0,728.3636,105005.0
20:21:24,6819.89,6840.0,1245.7916,113210.0
20:21:24,6819.89,6845.0,250.9954,63126.0
20:21:24,6819.89,6850.0,1818.9302,107063.0
20:21:24,6819.89,6855.0,234.6698,49951.0
20:21:24,6819.89,6860.0,451.5715,59975.0
20:21:24,6819.89,6865.0,232.5708,45124.0
20:21:24,6819.89,6870.0,486.2037,50530.0
20:21:24,6819.89,6875.0,313.9059,40393.0
20:21:24,6819.89,6880.0,330.7259,61541.0
20:21:24,6819.89,6885.0,95.6148,19162.0
20:21:24,6819.89,6890.0,170.0611,18611.0
20:23:32,6819.66,6745.0,-19.1268,10094.0
20:23:32,6819.66,6750.0,-27.0969,22962.0
20:23:32,6819.66,6755.0,-9.8725,12856.0
20:23:32,6819.66,6760.0,34.2564,23850.0
20:23:32,6819.66,6765.0,-49.7546,22093.0
20:23:32,6819.66,6770.0,-28.7005,38060.0
20:23:32,6819.66,6775.0,170.6198,42782.0
20:23:32,6819.66,6780.0,42.1381,41710.0
20:23:32,6819.66,6785.0,19.389,35149.0
20:23:32,6819.66,6790.0,204.7301,51620.0
20:23:32,6819.66,6795.0,222.9971,50706.0
20:23:32,6819.66,6800.0,1315.0776,110345.0
20:23:32,6819.66,6805.0,385.0146,59970.0
20:23:32,6819.66,6810.0,2490.1631,91970.0
20:23:32,6819.66,6815.0,-200.1592,105491.0
20:23:32,6819.66,6820.0,1853.0883,128654.0
20:23:32,6819.66,6825.0,2884.5749,104934.0
20:23:32,6819.66,6830.0,2875.8284,136324.0
20:23:32,6819.66,6835.0,702.7588,106161.0
20:23:32,6819.66,6840.0,1225.3876,113484.0
20:23:32,6819.66,6845.0,223.6416,63346.0
20:23:32,6819.66,6850.0,1671.3855,107320.0
20:23:32,6819.66,6855.0,217.8707,49989.0
20:23:32,6819.66,6860.0,494.9251,60055.0
20:23:32,6819.66,6865.0,255.0658,45200.0
20:23:32,6819.66,6870.0,523.8181,50568.0
20:23:32,6819.66,6875.0,310.4306,40441.0
20:23:32,6819.66,6880.0,322.3505,61604.0
20:23:32,6819.66,6885.0,95.6083,19186.0
20:23:32,6819.66,6890.0,163.855,18661.0
20:25:40,6817.64,6745.0,-22.1556,10113.0
20:25:40,6817.64,6750.0,-26.4811,22990.0
20:25:40,6817.64,6755.0,-9.8666,12875.0
20:25:40,6817.64,6760.0,37.3067,23875.0
20:25:40,6817.64,6765.0,-49.7251,22096.0
20:25:40,6817.64,6770.0,-28.6835,38091.0
20:25:40,6817.64,6775.0,170.5187,42813.0
20:25:40,6817.64,6780.0,42.1131,41764.0
20:25:40,6817.64,6785.0,19.3775,35225.0
20:25:40,6817.64,6790.0,204.6089,51719.0
20:25:40,6817.64,6795.0,222.8651,50932.0
20:25:40,6817.64,6800.0,1314.2986,111131.0
20:25:40,6817.64,6805.0,384.7865,60348.0
20:25:40,6817.64,6810.0,2666.8912,92603.0
20:25:40,6817.64,6815.0,-208.0891,106562.0
20:25:40,6817.64,6820.0,1838.4994,129980.0
20:25:40,6817.64,6825.0,2722.3949,105665.0
20:25:40,6817.64,6830.0,2620.5458,137053.0
20:25:40,6817.64,6835.0,702.3425,106605.0
20:25:40,6817.64,6840.0,1224.6618,113784.0
20:25:40,6817.64,6845.0,223.5091,63535.0
20:25:40,6817.64,6850.0,1670.3955,107428.0
20:25:40,6817.64,6855.0,217.7416,50037.0
20:25:40,6817.64,6860.0,494.632,60103.0
20:25:40,6817.64,6865.0,254.9147,45225.0
20:25:40,6817.64,6870.0,523.5078,50587.0
20:25:40,6817.64,6875.0,311.6921,40496.0
20:25:40,6817.64,6880.0,316.4028,61613.0
20:25:40,6817.64,6885.0,83.055,19204.0
20:25:40,6817.64,6890.0,163.758,18671.0
20:27:48,6816.99,6745.0,-22.1721,10118.0
20:27:48,6816.99,6750.0,-26.5019,23001.0
20:27:48,6816.99,6755.0,-10.5661,12899.0
20:27:48,6816.99,6760.0,38.5876,23887.0
20:27:48,6816.99,6765.0,-61.8465,22311.0
20:27:48,6816.99,6770.0,-33.0047,38253.0
20:27:48,6816.99,6775.0,184.8137,42851.0
20:27:48,6816.99,6780.0,49.0433,41810.0
20:27:48,6816.99,6785.0,22.0887,35948.0
20:27:48,6816.99,6790.0,224.993,51865.0
20:27:48,6816.99,6795.0,261.8917,51452.0
20:27:48,6816.99,6800.0,1501.1236,111830.0
20:27:48,6816.99,6805.0,439.6514,60760.0
20:27:48,6816.99,6810.0,2795.7032,93405.0
20:27:48,6816.99,6815.0,-215.2597,107894.0
20:27:48,6816.99,6820.0,1849.5655,131308.0
20:27:48,6816.99,6825.0,2650.8736,106834.0
20:27:48,6816.99,6830.0,2494.5791,137919.0
20:27:48,6816.99,6835.0,582.1323,107120.0
20:27:48,6816.99,6840.0,988.559,114022.0
20:27:48,6816.99,6845.0,194.92,63628.0
20:27:48,6816.99,6850.0,1375.0391,107520.0
20:27:48,6816.99,6855.0,200.0178,50169.0
20:27:48,6816.99,6860.0,472.0778,60138.0
20:27:48,6816.99,6865.0,243.4274,45263.0
20:27:48,6816.99,6870.0,490.0815,50601.0
20:27:48,6816.99,6875.0,259.448,40511.0
20:27:48,6816.99,6880.0,279.9209,61640.0
20:27:48,6816.99,6885.0,74.8918,19211.0
20:27:48,6816.99,6890.0,134.2524,18671.0
20:29:56,6817.56,6745.0,-22.1758,10124.0
20:29:56,6817.56,6750.0,-26.5063,23047.0
20:29:56,6817.56,6755.0,-9.3097,12972.0
20:29:56,6817.56,6760.0,35.7841,23933.0
20:29:56,6817.56,6765.0,-53.4422,22330.0
20:29:56,6817.56,6770.0,-34.8536,38295.0
20:29:56,6817.56,6775.0,187.5508,42899.0
20:29:56,6817.56,6780.0,51.289,41864.0
20:29:56,6817.56,6785.0,20.9809,36109.0
20:29:56,6817.56,6790.0,216.3242,51970.0
20:29:56,6817.56,6795.0,251.6497,51719.0
20:29:56,6817.56,6800.0,1422.2551,112420.0
20:29:56,6817.56,6805.0,434.0283,61489.0
20:29:56,6817.56,6810.0,2794.1484,94062.0
20:29:56,6817.56,6815.0,-219.5734,109164.0
20:29:56,6817.56,6820.0,1902.6851,132402.0
20:29:56,6817.56,6825.0,2784.1434,107464.0
20:29:56,6817.56,6830.0,2584.4241,138587.0
20:29:56,6817.56,6835.0,624.7992,107357.0
20:29:56,6817.56,6840.0,1018.9869,114136.0
20:29:56,6817.56,6845.0,195.4269,63745.0
20:29:56,6817.56,6850.0,1416.2639,107584.0
20:29:56,6817.56,6855.0,179.876,50187.0
20:29:56,6817.56,6860.0,418.5095,60157.0
20:29:56,6817.56,6865.0,218.3266,45281.0
20:29:56,6817.56,6870.0,448.5581,50670.0
20:29:56,6817.56,6875.0,265.3599,40557.0
20:29:56,6817.56,6880.0,283.062,61652.0
20:29:56,6817.56,6885.0,74.9043,19221.0
20:29:56,6817.56,6890.0,130.0914,18672.0
20:35:04,6815.76,6745.0,-22.3578,10124.0
20:35:04,6815.76,6750.0,-25.899,23047.0
20:35:04,6815.76,6755.0,-9.3048,12972.0
20:35:04,6815.76,6760.0,35.7652,23933.0
20:35:04,6815.76,6765.0,-53.4139,22330.0
20:35:04,6815.76,6770.0,-34.8352,38295.0
20:35:04,6815.76,6775.0,187.4518,42899.0
20:35:04,6815.76,6780.0,51.2619,41864.0
20:35:04,6815.76,6785.0,20.9698,36109.0
20:35:04,6815.76,6790.0,216.21,51970.0
20:35:04,6815.76,6795.0,251.5168,51719.0
20:35:04,6815.76,6800.0,1421.5042,112420.0
20:35:04,6815.76,6805.0,433.7991,61489.0
20:35:04,6815.76,6810.0,2792.6732,94062.0
20:35:04,6815.76,6815.0,-219.4575,109164.0
20:35:04,6815.76,6820.0,1901.6805,132402.0
20:35:04,6815.76,6825.0,2782.6734,107464.0
20:35:04,6815.76,6830.0,2583.0596,138587.0
20:35:04,6815.76,6835.0,624.4693,107357.0
20:35:04,6815.76,6840.0,1018.4489,114136.0
20:35:04,6815.76,6845.0,195.3237,63745.0
20:35:04,6815.76,6850.0,1415.5162,107584.0
20:35:04,6815.76,6855.0,179.781,50187.0
20:35:04,6815.76,6860.0,418.2885,60157.0
20:35:04,6815.76,6865.0,218.2114,45281.0
20:35:04,6815.76,6870.0,448.3213,50670.0
20:35:04,6815.76,6875.0,265.2198,40557.0
20:35:04,6815.76,6880.0,282.9125,61652.0
20:35:04,6815.76,6885.0,76.0473,19221.0
20:35:04,6815.76,6890.0,130.0227,18672.0
20:39:09,6816.15,6745.0,-22.3604,10124.0
20:39:09,6816.15,6750.0,-25.9019,23047.0
20:39:09,6816.15,6755.0,-9.3059,12972.0
20:39:09,6816.15,6760.0,35.7693,23933.0
20:39:09,6816.15,6765.0,-53.4201,22330.0
20:39:09,6816.15,6770.0,-34.8392,38295.0
20:39:09,6816.15,6775.0,187.4732,42899.0
20:39:09,6816.15,6780.0,51.2677,41864.0
20:39:09,6816.15,6785.0,20.9722,36109.0
20:39:09,6816.15,6790.0,216.2347,51970.0
20:39:09,6816.15,6795.0,251.5456,51719.0
20:39:09,6816.15,6800.0,1421.6669,112420.0
20:39:09,6816.15,6805.0,433.8487,61489.0
20:39:09,6816.15,6810.0,2792.9928,94062.0
20:39:09,6816.15,6815.0,-219.4826,109164.0
20:39:09,6816.15,6820.0,1901.8982,132402.0
20:39:09,6816.15,6825.0,2782.9919,107464.0
20:39:09,6816.15,6830.0,2583.3552,138587.0
20:39:09,6816.15,6835.0,624.5407,107357.0
20:39:09,6816.15,6840.0,1018.5654,114136.0
20:39:09,6816.15,6845.0,195.3461,63745.0
20:39:09,6816.15,6850.0,1415.6782,107584.0
20:39:09,6816.15,6855.0,179.8016,50187.0
20:39:09,6816.15,6860.0,418.3364,60157.0
20:39:09,6816.15,6865.0,218.2363,45281.0
20:39:09,6816.15,6870.0,448.3726,50670.0
20:39:09,6816.15,6875.0,265.2501,40557.0
20:39:09,6816.15,6880.0,282.9449,61652.0
20:39:09,6816.15,6885.0,76.056,19221.0
20:39:09,6816.15,6890.0,130.0376,18672.0
20:41:32,6816.53,6745.0,-20.1185,10263.0
20:41:32,6816.53,6750.0,-25.6148,23205.0
20:41:32,6816.53,6755.0,-9.3069,13062.0
20:41:32,6816.53,6760.0,35.7733,24120.0
20:41:32,6816.53,6765.0,-53.426,22724.0
20:41:32,6816.53,6770.0,-34.8431,38563.0
20:41:32,6816.53,6775.0,187.4941,43764.0
20:41:32,6816.53,6780.0,51.2735,42198.0
20:41:32,6816.53,6785.0,20.9746,36966.0
20:41:32,6816.53,6790.0,216.2588,52819.0
20:41:32,6816.53,6795.0,251.5736,53653.0
20:41:32,6816.53,6800.0,1421.8254,116610.0
20:41:32,6816.53,6805.0,433.8971,61489.0
20:41:32,6816.53,6810.0,2793.3042,97230.0
20:41:32,6816.53,6815.0,-219.5071,109164.0
20:41:32,6816.53,6820.0,1902.3493,132402.0
20:41:32,6816.53,6825.0,2783.3022,112293.0
20:41:32,6816.53,6830.0,2688.3939,142603.0
20:41:32,6816.53,6835.0,624.6104,110031.0
20:41:32,6816.53,6840.0,1018.679,115699.0
20:41:32,6816.53,6845.0,195.3678,64772.0
20:41:32,6816.53,6850.0,1415.836,108311.0
20:41:32,6816.53,6855.0,179.8216,50729.0
20:41:32,6816.53,6860.0,418.383,60522.0
20:41:32,6816.53,6865.0,218.2607,45493.0
20:41:32,6816.53,6870.0,448.4226,50989.0
20:41:32,6816.53,6875.0,265.2797,40756.0
20:41:32,6816.53,6880.0,229.1377,61741.0
20:41:32,6816.53,6885.0,61.4829,19344.0
20:41:32,6816.53,6890.0,112.9205,19213.0
20:45:04,6813.81,6740.0,-51.2735,12998.0
20:45:04,6813.81,6745.0,-20.1025,10263.0
20:45:04,6813.81,6750.0,-25.5944,23205.0
20:45:04,6813.81,6755.0,-9.2995,13062.0
20:45:04,6813.81,6760.0,35.7448,24120.0
20:45:04,6813.81,6765.0,-53.3834,22724.0
20:45:04,6813.81,6770.0,-34.8153,38563.0
20:45:04,6813.81,6775.0,187.3445,43764.0
20:45:04,6813.81,6780.0,51.2325,42198.0
20:45:04,6813.81,6785.0,20.9578,36966.0
20:45:04,6813.81,6790.0,216.0863,52819.0
20:45:04,6813.81,6795.0,251.3729,53653.0
20:45:04,6813.81,6800.0,1420.6909,116610.0
20:45:04,6813.81,6805.0,433.5509,61489.0
20:45:04,6813.81,6810.0,2791.0754,97230.0
20:45:04,6813.81,6815.0,-219.3319,109164.0
20:45:04,6813.81,6820.0,1900.8314,132402.0
20:45:04,6813.81,6825.0,2781.0814,112293.0
20:45:04,6813.81,6830.0,2686.2489,142603.0
20:45:04,6813.81,6835.0,624.112,110031.0
20:45:04,6813.81,6840.0,1017.8662,115699.0
20:45:04,6813.81,6845.0,195.212,64772.0
20:45:04,6813.81,6850.0,1414.7063,108311.0
20:45:04,6813.81,6855.0,179.6781,50729.0
20:45:04,6813.81,6860.0,418.0492,60522.0
20:45:04,6813.81,6865.0,218.0865,45493.0
20:45:04,6813.81,6870.0,448.0648,50989.0
20:45:04,6813.81,6875.0,265.068,40756.0
20:45:04,6813.81,6880.0,228.9548,61741.0
20:45:04,6813.81,6885.0,61.4338,19344.0
20:50:04,6814.61,6740.0,-51.2856,12998.0
20:50:04,6814.61,6745.0,-20.1072,10263.0
20:50:04,6814.61,6750.0,-25.6004,23205.0
20:50:04,6814.61,6755.0,-9.3017,13062.0
20:50:04,6814.61,6760.0,35.7532,24120.0
20:50:04,6814.61,6765.0,-56.5899,22830.0
20:50:04,6814.61,6770.0,-33.3417,38753.0
20:50:04,6814.61,6775.0,176.0225,44421.0
20:50:04,6814.61,6780.0,50.0713,42924.0
20:50:04,6814.61,6785.0,21.0896,37512.0
20:50:04,6814.61,6790.0,225.295,53569.0
20:50:04,6814.61,6795.0,277.4178,54634.0
20:50:04,6814.61,6800.0,1648.4915,120521.0
20:50:04,6814.61,6805.0,507.1152,66333.0
20:50:04,6814.61,6810.0,3372.3606,102334.0
20:50:04,6814.61,6815.0,-262.1574,120969.0
20:50:04,6814.61,6820.0,2120.3087,143305.0
20:50:04,6814.61,6825.0,2725.5129,116085.0
20:50:04,6814.61,6830.0,2202.8278,145932.0
20:50:04,6814.61,6835.0,479.8847,111360.0
20:50:04,6814.61,6840.0,762.3702,117037.0
20:50:04,6814.61,6845.0,167.1369,65348.0
20:50:04,6814.61,6850.0,1153.8881,109308.0
20:50:04,6814.61,6855.0,150.6965,50999.0
20:50:04,6814.61,6860.0,328.2457,60765.0
20:50:04,6814.61,6865.0,177.6726,45589.0
20:50:04,6814.61,6870.0,448.17,50989.0
20:50:04,6814.61,6875.0,265.1303,40756.0
20:50:04,6814.61,6880.0,229.0086,61741.0
20:50:04,6814.61,6885.0,61.4483,19344.0
20:55:04,6815.74,6745.0,-20.1139,10263.0
20:55:04,6815.74,6750.0,-25.6089,23205.0
20:55:04,6815.74,6755.0,-9.3047,13062.0
20:55:04,6815.74,6760.0,35.765,24120.0
20:55:04,6815.74,6765.0,-56.6086,22830.0
20:55:04,6815.74,6770.0,-33.3527,38753.0
20:55:04,6815.74,6775.0,176.0809,44421.0
20:55:04,6815.74,6780.0,50.0879,42924.0
20:55:04,6815.74,6785.0,21.0966,37512.0
20:55:04,6815.74,6790.0,225.3697,53569.0
20:55:04,6815.74,6795.0,277.5098,54634.0
20:55:04,6815.74,6800.0,1649.0383,120521.0
20:55:04,6815.74,6805.0,507.2834,66333.0
20:55:04,6815.74,6810.0,3373.4791,102334.0
20:55:04,6815.74,6815.0,-262.2443,120969.0
20:55:04,6815.74,6820.0,2121.012,143305.0
20:55:04,6815.74,6825.0,2726.4169,116085.0
20:55:04,6815.74,6830.0,2203.5584,145932.0
20:55:04,6815.74,6835.0,480.0438,111360.0
20:55:04,6815.74,6840.0,762.6231,117037.0
20:55:04,6815.74,6845.0,167.1924,65348.0
20:55:04,6815.74,6850.0,1154.2708,109308.0
20:55:04,6815.74,6855.0,150.7464,50999.0
20:55:04,6815.74,6860.0,328.3546,60765.0
20:55:04,6815.74,6865.0,177.7315,45589.0
20:55:04,6815.74,6870.0,448.3187,50989.0
20:55:04,6815.74,6875.0,265.2182,40756.0
20:55:04,6815.74,6880.0,229.0846,61741.0
20:55:04,6815.74,6885.0,61.4687,19344.0
20:55:04,6815.74,6890.0,112.8943,19213.0
21:07:36,6815.78,6745.0,-20.1141,10263.0
21:07:36,6815.78,6750.0,-25.6092,23205.0
21:07:36,6815.78,6755.0,-9.3049,13062.0
21:07:36,6815.78,6760.0,35.7654,24120.0
21:07:36,6815.78,6765.0,-56.6093,22830.0
21:07:36,6815.78,6770.0,-33.3531,38753.0
21:07:36,6815.78,6775.0,176.0829,44421.0
21:07:36,6815.78,6780.0,50.0885,42924.0
21:07:36,6815.78,6785.0,21.0969,37512.0
21:07:36,6815.78,6790.0,225.3723,53569.0
21:07:36,6815.78,6795.0,277.5131,54634.0
21:07:36,6815.78,6800.0,1649.0576,120521.0
21:07:36,6815.78,6805.0,507.2893,66333.0
21:07:36,6815.78,6810.0,3373.5187,102334.0
21:07:36,6815.78,6815.0,-262.2474,120969.0
21:07:36,6815.78,6820.0,2121.0369,143305.0
21:07:36,6815.78,6825.0,2726.4489,116085.0
21:07:36,6815.78,6830.0,2203.5843,145932.0
21:07:36,6815.78,6835.0,480.0495,111360.0
21:07:36,6815.78,6840.0,762.632,117037.0
21:07:36,6815.78,6845.0,167.1943,65348.0
21:07:36,6815.78,6850.0,1154.2844,109308.0
21:07:36,6815.78,6855.0,150.7482,50999.0
21:07:36,6815.78,6860.0,328.3585,60765.0
21:07:36,6815.78,6865.0,177.7336,45589.0
21:07:36,6815.78,6870.0,448.3239,50989.0
21:07:36,6815.78,6875.0,265.2213,40756.0
21:07:36,6815.78,6880.0,229.0873,61741.0
21:07:36,6815.78,6885.0,61.4694,19344.0
21:07:36,6815.78,6890.0,112.8957,19213.0
21:11:01,6819.12,6745.0,-20.1338,10263.0
21:11:01,6819.12,6750.0,-25.6343,23205.0
21:11:01,6819.12,6755.0,-9.314,13062.0
21:11:01,6819.12,6760.0,35.8005,24120.0
21:11:01,6819.12,6765.0,-56.6648,22830.0
21:11:01,6819.12,6770.0,-33.3858,38753.0
21:11:01,6819.12,6775.0,176.2555,44421.0
21:11:01,6819.12,6780.0,50.1376,42924.0
21:11:01,6819.12,6785.0,21.1176,37512.0
21:11:01,6819.12,6790.0,225.5933,53569.0
21:11:01,6819.12,6795.0,277.7851,54634.0
21:11:01,6819.12,6800.0,1650.6742,120521.0
21:11:01,6819.12,6805.0,507.7866,66333.0
21:11:01,6819.12,6810.0,3376.8259,102334.0
21:11:01,6819.12,6815.0,-262.5045,120969.0
21:11:01,6819.12,6820.0,2123.1161,143305.0
21:11:01,6819.12,6825.0,2729.1217,116085.0
21:11:01,6819.12,6830.0,2205.7445,145932.0
21:11:01,6819.12,6835.0,480.5201,111360.0
21:11:01,6819.12,6840.0,763.3796,117037.0
21:11:01,6819.12,6845.0,167.3582,65348.0
21:11:01,6819.12,6850.0,1155.4159,109308.0
21:11:01,6819.12,6855.0,150.896,50999.0
21:11:01,6819.12,6860.0,328.6804,60765.0
21:11:01,6819.12,6865.0,177.9078,45589.0
21:11:01,6819.12,6870.0,448.7634,50989.0
21:11:01,6819.12,6875.0,265.4813,40756.0
21:11:01,6819.12,6880.0,229.3118,61741.0
21:11:01,6819.12,6885.0,61.5296,19344.0
21:11:01,6819.12,6890.0,113.0063,19213.0
21:27:28,6820.35,6750.0,-25.6436,23205.0
21:27:28,6820.35,6755.0,-9.3173,13062.0
21:27:28,6820.35,6760.0,35.8134,24120.0
21:27:28,6820.35,6765.0,-56.6852,22830.0
21:27:28,6820.35,6770.0,-33.3978,38753.0
21:27:28,6820.35,6775.0,176.3191,44421.0
21:27:28,6820.35,6780.0,50.1557,42924.0
21:27:28,6820.35,6785.0,21.1252,37512.0
21:27:28,6820.35,6790.0,225.6746,53569.0
21:27:28,6820.35,6795.0,277.8854,54634.0
21:27:28,6820.35,6800.0,1651.2698,120521.0
21:27:28,6820.35,6805.0,507.9698,66333.0
21:27:28,6820.35,6810.0,3378.0442,102334.0
21:27:28,6820.35,6815.0,-262.5992,120969.0
21:27:28,6820.35,6820.0,1191.4999,156022.0
21:27:28,6820.35,6825.0,2730.1063,116085.0
21:27:28,6820.35,6830.0,2206.5403,145932.0
21:27:28,6820.35,6835.0,480.6934,111360.0
21:27:28,6820.35,6840.0,763.655,117037.0
21:27:28,6820.35,6845.0,167.4186,65348.0
21:27:28,6820.35,6850.0,1155.8328,109308.0
21:27:28,6820.35,6855.0,150.9504,50999.0
21:27:28,6820.35,6860.0,328.7989,60765.0
21:27:28,6820.35,6865.0,177.972,45589.0
21:27:28,6820.35,6870.0,448.9253,50989.0
21:27:28,6820.35,6875.0,265.5771,40756.0
21:27:28,6820.35,6880.0,229.3946,61741.0
21:27:28,6820.35,6885.0,61.5518,19344.0
21:27:28,6820.35,6890.0,113.0471,19213.0
21:27:28,6820.35,6895.0,128.1019,7222.0
21:31:33,6819.54,6745.0,-20.1363,10263.0
21:31:33,6819.54,6750.0,-25.6375,23205.0
21:31:33,6819.54,6755.0,-9.3151,13062.0
21:31:33,6819.54,6760.0,35.8049,24120.0
21:31:33,6819.54,6765.0,-56.6718,22830.0
21:31:33,6819.54,6770.0,-33.3899,38753.0
21:31:33,6819.54,6775.0,176.2773,44421.0
21:31:33,6819.54,6780.0,50.1438,42924.0
21:31:33,6819.54,6785.0,21.1202,37512.0
21:31:33,6819.54,6790.0,225.621,53569.0
21:31:33,6819.54,6795.0,277.8194,54634.0
21:31:33,6819.54,6800.0,1650.8776,120521.0
21:31:33,6819.54,6805.0,507.8492,66333.0
21:31:33,6819.54,6810.0,3377.2418,102334.0
21:31:33,6819.54,6815.0,-262.5368,120969.0
21:31:33,6819.54,6820.0,1191.2169,156022.0
21:31:33,6819.54,6825.0,2729.4579,116085.0
21:31:33,6819.54,6830.0,2206.0162,145932.0
21:31:33,6819.54,6835.0,480.5792,111360.0
21:31:33,6819.54,6840.0,763.4737,117037.0
21:31:33,6819.54,6845.0,167.3789,65348.0
21:31:33,6819.54,6850.0,1155.5583,109308.0
21:31:33,6819.54,6855.0,150.9146,50999.0
21:31:33,6819.54,6860.0,328.7209,60765.0
21:31:33,6819.54,6865.0,177.9297,45589.0
21:31:33,6819.54,6870.0,448.8187,50989.0
21:31:33,6819.54,6875.0,265.514,40756.0
21:31:33,6819.54,6880.0,229.3401,61741.0
21:31:33,6819.54,6885.0,61.5372,19344.0
21:31:33,6819.54,6890.0,113.0202,19213.0
21:47:18,6813.37,6740.0,-51.2669,12998.0
21:47:18,6813.37,6745.0,-20.0999,10263.0
21:47:18,6813.37,6750.0,-25.5911,23205.0
21:47:18,6813.37,6755.0,-9.2983,13062.0
21:47:18,6813.37,6760.0,35.7401,24120.0
21:47:18,6813.37,6765.0,-56.5693,22830.0
21:47:18,6813.37,6770.0,-33.3295,38753.0
21:47:18,6813.37,6775.0,175.9584,44421.0
21:47:18,6813.37,6780.0,50.0531,42924.0
21:47:18,6813.37,6785.0,21.082,37512.0
21:47:18,6813.37,6790.0,225.213,53569.0
21:47:18,6813.37,6795.0,277.3169,54634.0
21:47:18,6813.37,6800.0,1647.8917,120521.0
21:47:18,6813.37,6805.0,506.9306,66333.0
21:47:18,6813.37,6810.0,3371.1335,102334.0
21:47:18,6813.37,6815.0,-262.062,120969.0
21:47:18,6813.37,6820.0,1189.0624,156022.0
21:47:18,6813.37,6825.0,2724.5211,116085.0
21:47:18,6813.37,6830.0,2202.0262,145932.0
21:47:18,6813.37,6835.0,479.71,111360.0
21:47:18,6813.37,6840.0,762.0928,117037.0
21:47:18,6813.37,6845.0,167.0761,65348.0
21:47:18,6813.37,6850.0,1153.4682,109308.0
21:47:18,6813.37,6855.0,150.6416,50999.0
21:47:18,6813.37,6860.0,328.1263,60765.0
21:47:18,6813.37,6865.0,177.6079,45589.0
21:47:18,6813.37,6870.0,448.0069,50989.0
21:47:18,6813.37,6875.0,265.0338,40756.0
21:47:18,6813.37,6880.0,228.9253,61741.0
21:47:18,6813.37,6885.0,61.4259,19344.0
21:55:02,6811.7,6740.0,-51.2418,12998.0
21:55:02,6811.7,6745.0,-20.09,10263.0
21:55:02,6811.7,6750.0,-25.5786,23205.0
21:55:02,6811.7,6755.0,-9.2937,13062.0
21:55:02,6811.7,6760.0,35.7226,24120.0
21:55:02,6811.7,6765.0,-56.5415,22830.0
21:55:02,6811.7,6770.0,-33.3132,38753.0
21:55:02,6811.7,6775.0,175.8722,44421.0
21:55:02,6811.7,6780.0,50.0286,42924.0
21:55:02,6811.7,6785.0,21.0716,37512.0
21:55:02,6811.7,6790.0,225.1026,53569.0
21:55:02,6811.7,6795.0,277.1809,54634.0
21:55:02,6811.7,6800.0,1647.0839,120521.0
21:55:02,6811.7,6805.0,506.6822,66333.0
21:55:02,6811.7,6810.0,3369.4811,102334.0
21:55:02,6811.7,6815.0,-261.9335,120969.0
21:55:02,6811.7,6820.0,1188.4795,156022.0
21:55:02,6811.7,6825.0,2723.1857,116085.0
21:55:02,6811.7,6830.0,2200.9469,145932.0
21:55:02,6811.7,6835.0,479.4749,111360.0
21:55:02,6811.7,6840.0,761.7192,117037.0
21:55:02,6811.7,6845.0,166.9942,65348.0
21:55:02,6811.7,6850.0,1152.9028,109308.0
21:55:02,6811.7,6855.0,150.5678,50999.0
21:55:02,6811.7,6860.0,327.9655,60765.0
21:55:02,6811.7,6865.0,177.5209,45589.0
21:55:02,6811.7,6870.0,447.7873,50989.0
21:55:02,6811.7,6875.0,264.9039,40756.0
21:55:02,6811.7,6880.0,228.8131,61741.0
21:55:02,6811.7,6885.0,61.3958,19344.0
21:58:41,6810.95,6740.0,-51.2305,12998.0
21:58:41,6810.95,6745.0,-20.0856,10263.0
21:58:41,6810.95,6750.0,-25.5729,23205.0
21:58:41,6810.95,6755.0,-9.2917,13062.0
21:58:41,6810.95,6760.0,35.7148,24120.0
21:58:41,6810.95,6765.0,-56.5291,22830.0
21:58:41,6810.95,6770.0,-33.3058,38753.0
21:58:41,6810.95,6775.0,175.8335,44421.0
21:58:41,6810.95,6780.0,50.0176,42924.0
21:58:41,6810.95,6785.0,21.067,37512.0
21:58:41,6810.95,6790.0,225.053,53569.0
21:58:41,6810.95,6795.0,277.1199,54634.0
21:58:41,6810.95,6800.0,1646.7213,120521.0
21:58:41,6810.95,6805.0,506.5706,66333.0
21:58:41,6810.95,6810.0,3368.7392,102334.0
21:58:41,6810.95,6815.0,-261.8759,120969.0
21:58:41,6810.95,6820.0,1188.2178,156022.0
21:58:41,6810.95,6825.0,2722.5861,116085.0
21:58:41,6810.95,6830.0,2200.4623,145932.0
21:58:41,6810.95,6835.0,479.3693,111360.0
21:58:41,6810.95,6840.0,761.5515,117037.0
21:58:41,6810.95,6845.0,166.9575,65348.0
21:58:41,6810.95,6850.0,1152.649,109308.0
21:58:41,6810.95,6855.0,150.5346,50999.0
21:58:41,6810.95,6860.0,327.8933,60765.0
21:58:41,6810.95,6865.0,177.4818,45589.0
21:58:41,6810.95,6870.0,447.6887,50989.0
21:58:41,6810.95,6875.0,264.8456,40756.0
21:58:41,6810.95,6880.0,228.7627,61741.0
21:58:41,6810.95,6885.0,61.3823,19344.0
22:17:44,6816.82,6745.0,-20.1202,10263.0
22:17:44,6816.82,6750.0,-25.617,23205.0
22:17:44,6816.82,6755.0,-9.3077,13062.0
22:17:44,6816.82,6760.0,35.7763,24120.0
22:17:44,6816.82,6765.0,-56.6266,22830.0
22:17:44,6816.82,6770.0,-33.3633,38753.0
22:17:44,6816.82,6775.0,176.1367,44421.0
22:17:44,6816.82,6780.0,50.1038,42924.0
22:17:44,6816.82,6785.0,21.1033,37512.0
22:17:44,6816.82,6790.0,225.4411,53569.0
22:17:44,6816.82,6795.0,277.5978,54634.0
22:17:44,6816.82,6800.0,1649.5609,120521.0
22:17:44,6816.82,6805.0,507.4441,66333.0
22:17:44,6816.82,6810.0,3374.5483,102334.0
22:17:44,6816.82,6815.0,-262.3275,120969.0
22:17:44,6816.82,6820.0,1190.2669,156022.0
22:17:44,6816.82,6825.0,2727.281,116085.0
22:17:44,6816.82,6830.0,2204.2568,145932.0
22:17:44,6816.82,6835.0,480.196,111360.0
22:17:44,6816.82,6840.0,762.8648,117037.0
22:17:44,6816.82,6845.0,167.2454,65348.0
22:17:44,6816.82,6850.0,1154.6366,109308.0
22:17:44,6816.82,6855.0,150.7942,50999.0
22:17:44,6816.82,6860.0,328.4587,60765.0
22:17:44,6816.82,6865.0,177.7878,45589.0
22:17:44,6816.82,6870.0,448.4607,50989.0
22:17:44,6816.82,6875.0,265.3023,40756.0
22:17:44,6816.82,6880.0,229.1572,61741.0
22:17:44,6816.82,6885.0,61.4881,19344.0
22:17:44,6816.82,6890.0,112.9301,19213.0
22:21:49,6816.89,6745.0,-20.1207,10263.0
22:21:49,6816.89,6750.0,-25.6175,23205.0
22:21:49,6816.89,6755.0,-9.3079,13062.0
22:21:49,6816.89,6760.0,35.7771,24120.0
22:21:49,6816.89,6765.0,-56.6277,22830.0
22:21:49,6816.89,6770.0,-33.364,38753.0
22:21:49,6816.89,6775.0,176.1403,44421.0
22:21:49,6816.89,6780.0,50.1048,42924.0
22:21:49,6816.89,6785.0,21.1037,37512.0
22:21:49,6816.89,6790.0,225.4457,53569.0
22:21:49,6816.89,6795.0,277.6035,54634.0
22:21:49,6816.89,6800.0,1649.5948,120521.0
22:21:49,6816.89,6805.0,507.4546,66333.0
22:21:49,6816.89,6810.0,3374.6176,102334.0
22:21:49,6816.89,6815.0,-262.3328,120969.0
22:21:49,6816.89,6820.0,1190.2913,156022.0
22:21:49,6816.89,6825.0,2727.337,116085.0
22:21:49,6816.89,6830.0,2204.3021,145932.0
22:21:49,6816.89,6835.0,480.2058,111360.0
22:21:49,6816.89,6840.0,762.8804,117037.0
22:21:49,6816.89,6845.0,167.2488,65348.0
22:21:49,6816.89,6850.0,1154.6604,109308.0
22:21:49,6816.89,6855.0,150.7973,50999.0
22:21:49,6816.89,6860.0,328.4654,60765.0
22:21:49,6816.89,6865.0,177.7915,45589.0
22:21:49,6816.89,6870.0,448.47,50989.0
22:21:49,6816.89,6875.0,265.3077,40756.0
22:21:49,6816.89,6880.0,229.1619,61741.0
22:21:49,6816.89,6885.0,61.4894,19344.0
22:21:49,6816.89,6890.0,112.9324,19213.0
22:28:14,6816.89,6745.0,-20.1207,10263.0
22:28:14,6816.89,6750.0,-25.6175,23205.0
22:28:14,6816.89,6755.0,-9.3079,13062.0
22:28:14,6816.89,6760.0,35.7771,24120.0
22:28:14,6816.89,6765.0,-56.6277,22830.0
22:28:14,6816.89,6770.0,-33.364,38753.0
22:28:14,6816.89,6775.0,176.1403,44421.0
22:28:14,6816.89,6780.0,50.1048,42924.0
22:28:14,6816.89,6785.0,21.1037,37512.0
22:28:14,6816.89,6790.0,225.4457,53569.0
22:28:14,6816.89,6795.0,277.6035,54634.0
22:28:14,6816.89,6800.0,1649.5948,120521.0
22:28:14,6816.89,6805.0,507.4546,66333.0
22:28:14,6816.89,6810.0,3374.6176,102334.0
22:28:14,6816.89,6815.0,-262.3328,120969.0
22:28:14,6816.89,6820.0,1190.2913,156022.0
22:28:14,6816.89,6825.0,2727.337,116085.0
22:28:14,6816.89,6830.0,2204.3021,145932.0
22:28:14,6816.89,6835.0,480.2058,111360.0
22:28:14,6816.89,6840.0,762.8804,117037.0
22:28:14,6816.89,6845.0,167.2488,65348.0
22:28:14,6816.89,6850.0,1154.6604,109308.0
22:28:14,6816.89,6855.0,150.7973,50999.0
22:28:14,6816.89,6860.0,328.4654,60765.0
22:28:14,6816.89,6865.0,177.7915,45589.0
22:28:14,6816.89,6870.0,448.47,50989.0
22:28:14,6816.89,6875.0,265.3077,40756.0
22:28:14,6816.89,6880.0,229.1619,61741.0
22:28:14,6816.89,6885.0,61.4894,19344.0
22:28:14,6816.89,6890.0,112.9324,19213.0
22:39:41,6816.89,6745.0,-20.1207,10263.0
22:39:41,6816.89,6750.0,-25.6175,23205.0
22:39:41,6816.89,6755.0,-9.3079,13062.0
22:39:41,6816.89,6760.0,35.7771,24120.0
22:39:41,6816.89,6765.0,-56.6277,22830.0
22:39:41,6816.89,6770.0,-33.364,38753.0
22:39:41,6816.89,6775.0,176.1403,44421.0
22:39:41,6816.89,6780.0,50.1048,42924.0
22:39:41,6816.89,6785.0,21.1037,37512.0
22:39:41,6816.89,6790.0,225.4457,53569.0
22:39:41,6816.89,6795.0,277.6035,54634.0
22:39:41,6816.89,6800.0,1649.5948,120521.0
22:39:41,6816.89,6805.0,507.4546,66333.0
22:39:41,6816.89,6810.0,3374.6176,102334.0
22:39:41,6816.89,6815.0,-262.3328,120969.0
22:39:41,6816.89,6820.0,1190.2913,156022.0
22:39:41,6816.89,6825.0,2727.337,116085.0
22:39:41,6816.89,6830.0,2204.3021,145932.0
22:39:41,6816.89,6835.0,480.2058,111360.0
22:39:41,6816.89,6840.0,762.8804,117037.0
22:39:41,6816.89,6845.0,167.2488,65348.0
22:39:41,6816.89,6850.0,1154.6604,109308.0
22:39:41,6816.89,6855.0,150.7973,50999.0
22:39:41,6816.89,6860.0,328.4654,60765.0
22:39:41,6816.89,6865.0,177.7915,45589.0
22:39:41,6816.89,6870.0,448.47,50989.0
22:39:41,6816.89,6875.0,265.3077,40756.0
22:39:41,6816.89,6880.0,229.1619,61741.0
22:39:41,6816.89,6885.0,61.4894,19344.0
22:39:41,6816.89,6890.0,112.9324,19213.0
22:53:12,6816.89,6745.0,-20.1207,10263.0
22:53:12,6816.89,6750.0,-25.6175,23205.0
22:53:12,6816.89,6755.0,-9.3079,13062.0
22:53:12,6816.89,6760.0,35.7771,24120.0
22:53:12,6816.89,6765.0,-56.6277,22830.0
22:53:12,6816.89,6770.0,-33.364,38753.0
22:53:12,6816.89,6775.0,176.1403,44421.0
22:53:12,6816.89,6780.0,50.1048,42924.0
22:53:12,6816.89,6785.0,21.1037,37512.0
22:53:12,6816.89,6790.0,225.4457,53569.0
22:53:12,6816.89,6795.0,277.6035,54634.0
22:53:12,6816.89,6800.0,1649.5948,120521.0
22:53:12,6816.89,6805.0,507.4546,66333.0
22:53:12,6816.89,6810.0,3374.6176,102334.0
22:53:12,6816.89,6815.0,-262.3328,120969.0
22:53:12,6816.89,6820.0,1190.2913,156022.0
22:53:12,6816.89,6825.0,2727.337,116085.0
22:53:12,6816.89,6830.0,2204.3021,145932.0
22:53:12,6816.89,6835.0,480.2058,111360.0
22:53:12,6816.89,6840.0,762.8804,117037.0
22:53:12,6816.89,6845.0,167.2488,65348.0
22:53:12,6816.89,6850.0,1154.6604,109308.0
22:53:12,6816.89,6855.0,150.7973,50999.0
22:53:12,6816.89,6860.0,328.4654,60765.0
22:53:12,6816.89,6865.0,177.7915,45589.0
22:53:12,6816.89,6870.0,448.47,50989.0
22:53:12,6816.89,6875.0,265.3077,40756.0
22:53:12,6816.89,6880.0,229.1619,61741.0
22:53:12,6816.89,6885.0,61.4894,19344.0
22:53:12,6816.89,6890.0,112.9324,19213.0
22:59:33,6816.89,6745.0,-20.1207,10263.0
22:59:33,6816.89,6750.0,-25.6175,23205.0
22:59:33,6816.89,6755.0,-9.3079,13062.0
22:59:33,6816.89,6760.0,35.7771,24120.0
22:59:33,6816.89,6765.0,-56.6277,22830.0
22:59:33,6816.89,6770.0,-33.364,38753.0
22:59:33,6816.89,6775.0,176.1403,44421.0
22:59:33,6816.89,6780.0,50.1048,42924.0
22:59:33,6816.89,6785.0,21.1037,37512.0
22:59:33,6816.89,6790.0,225.4457,53569.0
22:59:33,6816.89,6795.0,277.6035,54634.0
22:59:33,6816.89,6800.0,1649.5948,120521.0
22:59:33,6816.89,6805.0,507.4546,66333.0
22:59:33,6816.89,6810.0,3374.6176,102334.0
22:59:33,6816.89,6815.0,-262.3328,120969.0
22:59:33,6816.89,6820.0,1190.2913,156022.0
22:59:33,6816.89,6825.0,2727.337,116085.0
22:59:33,6816.89,6830.0,2204.3021,145932.0
22:59:33,6816.89,6835.0,480.2058,111360.0
22:59:33,6816.89,6840.0,762.8804,117037.0
22:59:33,6816.89,6845.0,167.2488,65348.0
22:59:33,6816.89,6850.0,1154.6604,109308.0
22:59:33,6816.89,6855.0,150.7973,50999.0
22:59:33,6816.89,6860.0,328.4654,60765.0
22:59:33,6816.89,6865.0,177.7915,45589.0
22:59:33,6816.89,6870.0,448.47,50989.0
22:59:33,6816.89,6875.0,265.3077,40756.0
22:59:33,6816.89,6880.0,229.1619,61741.0
22:59:33,6816.89,6885.0,61.4894,19344.0
22:59:33,6816.89,6890.0,112.9324,19213.0
23:03:40,6816.89,6745.0,-20.1207,10263.0
23:03:40,6816.89,6750.0,-25.6175,23205.0
23:03:40,6816.89,6755.0,-9.3079,13062.0
23:03:40,6816.89,6760.0,35.7771,24120.0
23:03:40,6816.89,6765.0,-56.6277,22830.0
23:03:40,6816.89,6770.0,-33.364,38753.0
23:03:40,6816.89,6775.0,176.1403,44421.0
23:03:40,6816.89,6780.0,50.1048,42924.0
23:03:40,6816.89,6785.0,21.1037,37512.0
23:03:40,6816.89,6790.0,225.4457,53569.0
23:03:40,6816.89,6795.0,277.6035,54634.0
23:03:40,6816.89,6800.0,1649.5948,120521.0
23:03:40,6816.89,6805.0,507.4546,66333.0
23:03:40,6816.89,6810.0,3374.6176,102334.0
23:03:40,6816.89,6815.0,-262.3328,120969.0
23:03:40,6816.89,6820.0,1190.2913,156022.0
23:03:40,6816.89,6825.0,2727.337,116085.0
23:03:40,6816.89,6830.0,2204.3021,145932.0
23:03:40,6816.89,6835.0,480.2058,111360.0
23:03:40,6816.89,6840.0,762.8804,117037.0
23:03:40,6816.89,6845.0,167.2488,65348.0
23:03:40,6816.89,6850.0,1154.6604,109308.0
23:03:40,6816.89,6855.0,150.7973,50999.0
23:03:40,6816.89,6860.0,328.4654,60765.0
23:03:40,6816.89,6865.0,177.7915,45589.0
23:03:40,6816.89,6870.0,448.47,50989.0
23:03:40,6816.89,6875.0,265.3077,40756.0
23:03:40,6816.89,6880.0,229.1619,61741.0
23:03:40,6816.89,6885.0,61.4894,19344.0
23:03:40,6816.89,6890.0,112.9324,19213.0
23:18:38,6816.89,6745.0,-20.1207,10263.0
23:18:38,6816.89,6750.0,-25.6175,23205.0
23:18:38,6816.89,6755.0,-9.3079,13062.0
23:18:38,6816.89,6760.0,35.7771,24120.0
23:18:38,6816.89,6765.0,-56.6277,22830.0
23:18:38,6816.89,6770.0,-33.364,38753.0
23:18:38,6816.89,6775.0,176.1403,44421.0
23:18:38,6816.89,6780.0,50.1048,42924.0
23:18:38,6816.89,6785.0,21.1037,37512.0
23:18:38,6816.89,6790.0,225.4457,53569.0
23:18:38,6816.89,6795.0,277.6035,54634.0
23:18:38,6816.89,6800.0,1649.5948,120521.0
23:18:38,6816.89,6805.0,507.4546,66333.0
23:18:38,6816.89,6810.0,3374.6176,102334.0
23:18:38,6816.89,6815.0,-262.3328,120969.0
23:18:38,6816.89,6820.0,1190.2913,156022.0
23:18:38,6816.89,6825.0,2727.337,116085.0
23:18:38,6816.89,6830.0,2204.3021,145932.0
23:18:38,6816.89,6835.0,480.2058,111360.0
23:18:38,6816.89,6840.0,762.8804,117037.0
23:18:38,6816.89,6845.0,167.2488,65348.0
23:18:38,6816.89,6850.0,1154.6604,109308.0
23:18:38,6816.89,6855.0,150.7973,50999.0
23:18:38,6816.89,6860.0,328.4654,60765.0
23:18:38,6816.89,6865.0,177.7915,45589.0
23:18:38,6816.89,6870.0,448.47,50989.0
23:18:38,6816.89,6875.0,265.3077,40756.0
23:18:38,6816.89,6880.0,229.1619,61741.0
23:18:38,6816.89,6885.0,61.4894,19344.0
23:18:38,6816.89,6890.0,112.9324,19213.0
23:34:30,6816.89,6745.0,-20.1207,10263.0
23:34:30,6816.89,6750.0,-25.6175,23205.0
23:34:30,6816.89,6755.0,-9.3079,13062.0
23:34:30,6816.89,6760.0,35.7771,24120.0
23:34:30,6816.89,6765.0,-56.6277,22830.0
23:34:30,6816.89,6770.0,-33.364,38753.0
23:34:30,6816.89,6775.0,176.1403,44421.0
23:34:30,6816.89,6780.0,50.1048,42924.0
23:34:30,6816.89,6785.0,21.1037,37512.0
23:34:30,6816.89,6790.0,225.4457,53569.0
23:34:30,6816.89,6795.0,277.6035,54634.0
23:34:30,6816.89,6800.0,1649.5948,120521.0
23:34:30,6816.89,6805.0,507.4546,66333.0
23:34:30,6816.89,6810.0,3374.6176,102334.0
23:34:30,6816.89,6815.0,-262.3328,120969.0
23:34:30,6816.89,6820.0,1190.2913,156022.0
23:34:30,6816.89,6825.0,2727.337,116085.0
23:34:30,6816.89,6830.0,2204.3021,145932.0
23:34:30,6816.89,6835.0,480.2058,111360.0
23:34:30,6816.89,6840.0,762.8804,117037.0
23:34:30,6816.89,6845.0,167.2488,65348.0
23:34:30,6816.89,6850.0,1154.6604,109308.0
23:34:30,6816.89,6855.0,150.7973,50999.0
23:34:30,6816.89,6860.0,328.4654,60765.0
23:34:30,6816.89,6865.0,177.7915,45589.0
23:34:30,6816.89,6870.0,448.47,50989.0
23:34:30,6816.89,6875.0,265.3077,40756.0
23:34:30,6816.89,6880.0,229.1619,61741.0
23:34:30,6816.89,6885.0,61.4894,19344.0
23:34:30,6816.89,6890.0,112.9324,19213.0
23:51:54,6816.89,6745.0,-20.1207,10263.0
23:51:54,6816.89,6750.0,-25.6175,23205.0
23:51:54,6816.89,6755.0,-9.3079,13062.0
23:51:54,6816.89,6760.0,35.7771,24120.0
23:51:54,6816.89,6765.0,-56.6277,22830.0
23:51:54,6816.89,6770.0,-33.364,38753.0
23:51:54,6816.89,6775.0,176.1403,44421.0
23:51:54,6816.89,6780.0,50.1048,42924.0
23:51:54,6816.89,6785.0,21.1037,37512.0
23:51:54,6816.89,6790.0,225.4457,53569.0
23:51:54,6816.89,6795.0,277.6035,54634.0
23:51:54,6816.89,6800.0,1649.5948,120521.0
23:51:54,6816.89,6805.0,507.4546,66333.0
23:51:54,6816.89,6810.0,3374.6176,102334.0
23:51:54,6816.89,6815.0,-262.3328,120969.0
23:51:54,6816.89,6820.0,1190.2913,156022.0
23:51:54,6816.89,6825.0,2727.337,116085.0
23:51:54,6816.89,6830.0,2204.3021,145932.0
23:51:54,6816.89,6835.0,480.2058,111360.0
23:51:54,6816.89,6840.0,762.8804,117037.0
23:51:54,6816.89,6845.0,167.2488,65348.0
23:51:54,6816.89,6850.0,1154.6604,109308.0
23:51:54,6816.89,6855.0,150.7973,50999.0
23:51:54,6816.89,6860.0,328.4654,60765.0
23:51:54,6816.89,6865.0,177.7915,45589.0
23:51:54,6816.89,6870.0,448.47,50989.0
23:51:54,6816.89,6875.0,265.3077,40756.0
23:51:54,6816.89,6880.0,229.1619,61741.0
23:51:54,6816.89,6885.0,61.4894,19344.0
23:51:54,6816.89,6890.0,112.9324,19213.0
