Timestamp,Spot,Strike,NetGEX,Volume
00:14:56,6368.85,6295.0,-35.3533,1985.0
00:14:56,6368.85,6300.0,-464.5075,11055.0
00:14:56,6368.85,6305.0,-20.1194,1836.0
00:14:56,6368.85,6310.0,-306.2657,3496.0
00:14:56,6368.85,6315.0,-37.1071,1966.0
00:14:56,6368.85,6320.0,-55.1607,1970.0
00:14:56,6368.85,6325.0,-199.6208,2900.0
00:14:56,6368.85,6330.0,-36.5612,2735.0
00:14:56,6368.85,6335.0,-21.0407,1096.0
00:14:56,6368.85,6340.0,-184.8503,2329.0
00:14:56,6368.85,6345.0,-8.1241,1947.0
00:14:56,6368.85,6350.0,-329.5677,8983.0
00:14:56,6368.85,6355.0,-5.2162,2139.0
00:14:56,6368.85,6360.0,-86.7841,3770.0
00:14:56,6368.85,6365.0,43.4721,5078.0
00:14:56,6368.85,6370.0,-398.7921,10521.0
00:14:56,6368.85,6375.0,-170.3935,4670.0
00:14:56,6368.85,6380.0,-158.4019,5064.0
00:14:56,6368.85,6385.0,-73.1164,4008.0
00:14:56,6368.85,6390.0,-127.3634,3809.0
00:14:56,6368.85,6395.0,-71.0396,1835.0
00:14:56,6368.85,6400.0,-462.0278,9466.0
00:14:56,6368.85,6405.0,-42.6741,3224.0
00:14:56,6368.85,6410.0,-42.3609,4949.0
00:14:56,6368.85,6415.0,-17.4323,4137.0
00:14:56,6368.85,6420.0,-94.9783,4872.0
00:14:56,6368.85,6425.0,-80.0641,5860.0
00:14:56,6368.85,6430.0,39.4818,7338.0
00:14:56,6368.85,6435.0,-15.8232,2148.0
00:14:56,6368.85,6440.0,-188.1426,4453.0
00:18:14,6368.85,6295.0,-35.3533,1985.0
00:18:14,6368.85,6300.0,-464.5075,11055.0
00:18:14,6368.85,6305.0,-20.1194,1836.0
00:18:14,6368.85,6310.0,-306.2657,3496.0
00:18:14,6368.85,6315.0,-37.1071,1966.0
00:18:14,6368.85,6320.0,-55.1607,1970.0
00:18:14,6368.85,6325.0,-199.6208,2900.0
00:18:14,6368.85,6330.0,-36.5612,2735.0
00:18:14,6368.85,6335.0,-21.0407,1096.0
00:18:14,6368.85,6340.0,-184.8503,2329.0
00:18:14,6368.85,6345.0,-8.1241,1947.0
00:18:14,6368.85,6350.0,-329.5677,8983.0
00:18:14,6368.85,6355.0,-5.2162,2139.0
00:18:14,6368.85,6360.0,-86.7841,3770.0
00:18:14,6368.85,6365.0,43.4721,5078.0
00:18:14,6368.85,6370.0,-398.7921,10521.0
00:18:14,6368.85,6375.0,-170.3935,4670.0
00:18:14,6368.85,6380.0,-158.4019,5064.0
00:18:14,6368.85,6385.0,-73.1164,4008.0
00:18:14,6368.85,6390.0,-127.3634,3809.0
00:18:14,6368.85,6395.0,-71.0396,1835.0
00:18:14,6368.85,6400.0,-462.0278,9466.0
00:18:14,6368.85,6405.0,-42.6741,3224.0
00:18:14,6368.85,6410.0,-42.3609,4949.0
00:18:14,6368.85,6415.0,-17.4323,4137.0
00:18:14,6368.85,6420.0,-94.9783,4872.0
00:18:14,6368.85,6425.0,-80.0641,5860.0
00:18:14,6368.85,6430.0,39.4818,7338.0
00:18:14,6368.85,6435.0,-15.8232,2148.0
00:18:14,6368.85,6440.0,-188.1426,4453.0
00:35:08,6368.85,6295.0,-35.3533,0.0
00:35:08,6368.85,6300.0,-464.5075,0.0
00:35:08,6368.85,6305.0,-22.9469,0.0
00:35:08,6368.85,6310.0,-315.7645,0.0
00:35:08,6368.85,6315.0,-44.1697,0.0
00:35:08,6368.85,6320.0,-55.1607,0.0
00:35:08,6368.85,6325.0,-199.6208,0.0
00:35:08,6368.85,6330.0,-36.5612,0.0
00:35:08,6368.85,6335.0,-21.0407,0.0
00:35:08,6368.85,6340.0,-184.8503,0.0
00:35:08,6368.85,6345.0,-44.5628,0.0
00:35:08,6368.85,6350.0,-329.5677,0.0
00:35:08,6368.85,6355.0,-37.4837,0.0
00:35:08,6368.85,6360.0,-133.2233,0.0
00:35:08,6368.85,6365.0,-30.9297,0.0
00:35:08,6368.85,6370.0,-398.7921,0.0
00:35:08,6368.85,6375.0,-170.3935,0.0
00:35:08,6368.85,6380.0,-158.4019,0.0
00:35:08,6368.85,6385.0,-73.1164,0.0
00:35:08,6368.85,6390.0,-127.3634,0.0
00:35:08,6368.85,6395.0,-71.0396,0.0
00:35:08,6368.85,6400.0,-462.0278,0.0
00:35:08,6368.85,6405.0,-42.6741,0.0
00:35:08,6368.85,6410.0,-42.3609,0.0
00:35:08,6368.85,6415.0,-17.4323,0.0
00:35:08,6368.85,6420.0,-94.9783,0.0
00:35:08,6368.85,6425.0,-80.0641,0.0
00:35:08,6368.85,6430.0,39.4818,0.0
00:35:08,6368.85,6435.0,-15.8232,0.0
00:35:08,6368.85,6440.0,-188.1426,0.0
00:38:25,6368.85,6295.0,-35.3533,1971.0
00:38:25,6368.85,6300.0,-464.5075,10889.0
00:38:25,6368.85,6305.0,-22.9469,1810.0
00:38:25,6368.85,6310.0,-315.7645,3410.0
00:38:25,6368.85,6315.0,-44.1697,1903.0
00:38:25,6368.85,6320.0,-55.1607,1910.0
00:38:25,6368.85,6325.0,-199.6208,2747.0
00:38:25,6368.85,6330.0,-36.5612,2614.0
00:38:25,6368.85,6335.0,-21.0407,1033.0
00:38:25,6368.85,6340.0,-184.8503,2243.0
00:38:25,6368.85,6345.0,-44.5628,1642.0
00:38:25,6368.85,6350.0,-329.5677,8983.0
00:38:25,6368.85,6355.0,-5.2162,2139.0
00:38:25,6368.85,6360.0,-86.7841,3770.0
00:38:25,6368.85,6365.0,43.4721,5078.0
00:38:25,6368.85,6370.0,-398.7921,10521.0
00:38:25,6368.85,6375.0,-170.3935,4670.0
00:38:25,6368.85,6380.0,-158.4019,5064.0
00:38:25,6368.85,6385.0,-73.1164,4008.0
00:38:25,6368.85,6390.0,-127.3634,3809.0
00:38:25,6368.85,6395.0,-71.0396,1835.0
00:38:25,6368.85,6400.0,-462.0278,3079.0
00:38:25,6368.85,6405.0,-42.6741,656.0
00:38:25,6368.85,6410.0,-42.3609,4949.0
00:38:25,6368.85,6415.0,-17.4323,1683.0
00:38:25,6368.85,6420.0,-94.9783,4872.0
00:38:25,6368.85,6425.0,-80.0641,3509.0
00:38:25,6368.85,6430.0,39.4818,4893.0
00:38:25,6368.85,6435.0,-15.8232,1370.0
00:38:25,6368.85,6440.0,-188.1426,1583.0
00:53:47,6368.85,6295.0,-35.3533,1984.0
00:53:47,6368.85,6300.0,-464.5075,11055.0
00:53:47,6368.85,6305.0,-20.1194,1836.0
00:53:47,6368.85,6310.0,-306.2657,3496.0
00:53:47,6368.85,6315.0,-37.1071,1966.0
00:53:47,6368.85,6320.0,-55.1607,1970.0
00:53:47,6368.85,6325.0,-199.6208,2900.0
00:53:47,6368.85,6330.0,-36.5612,2735.0
00:53:47,6368.85,6335.0,-21.0407,1096.0
00:53:47,6368.85,6340.0,-184.8503,2329.0
00:53:47,6368.85,6345.0,-8.1241,1947.0
00:53:47,6368.85,6350.0,-329.5677,8983.0
00:53:47,6368.85,6355.0,-5.2162,2139.0
00:53:47,6368.85,6360.0,-86.7841,3770.0
00:53:47,6368.85,6365.0,43.4721,5078.0
00:53:47,6368.85,6370.0,-398.7921,10521.0
00:53:47,6368.85,6375.0,-170.3935,4670.0
00:53:47,6368.85,6380.0,-158.4019,5064.0
00:53:47,6368.85,6385.0,-73.1164,4008.0
00:53:47,6368.85,6390.0,-127.3634,3809.0
00:53:47,6368.85,6395.0,-71.0396,1835.0
00:53:47,6368.85,6400.0,-462.0278,9466.0
00:53:47,6368.85,6405.0,-42.6741,3224.0
00:53:47,6368.85,6410.0,-42.3609,4949.0
00:53:47,6368.85,6415.0,-17.4323,4137.0
00:53:47,6368.85,6420.0,-94.9783,4872.0
00:53:47,6368.85,6425.0,-80.0641,5860.0
00:53:47,6368.85,6430.0,39.4818,7338.0
00:53:47,6368.85,6435.0,-15.8232,2148.0
00:53:47,6368.85,6440.0,-188.1426,4453.0
01:10:04,6368.85,6295.0,-35.3533,0.0
01:10:04,6368.85,6300.0,-464.5075,0.0
01:10:04,6368.85,6305.0,-22.9469,0.0
01:10:04,6368.85,6310.0,-315.7645,0.0
01:10:04,6368.85,6315.0,-44.1697,0.0
01:10:04,6368.85,6320.0,-55.1607,0.0
01:10:04,6368.85,6325.0,-199.6208,0.0
01:10:04,6368.85,6330.0,-36.5612,0.0
01:10:04,6368.85,6335.0,-21.0407,0.0
01:10:04,6368.85,6340.0,-184.8503,0.0
01:10:04,6368.85,6345.0,-44.5628,0.0
01:10:04,6368.85,6350.0,-329.5677,0.0
01:10:04,6368.85,6355.0,-37.4837,0.0
01:10:04,6368.85,6360.0,-133.2233,0.0
01:10:04,6368.85,6365.0,-30.9297,0.0
01:10:04,6368.85,6370.0,-398.7921,0.0
01:10:04,6368.85,6375.0,-170.3935,0.0
01:10:04,6368.85,6380.0,-158.4019,0.0
01:10:04,6368.85,6385.0,-73.1164,0.0
01:10:04,6368.85,6390.0,-127.3634,0.0
01:10:04,6368.85,6395.0,-71.0396,0.0
01:10:04,6368.85,6400.0,-462.0278,0.0
01:10:04,6368.85,6405.0,-42.6741,0.0
01:10:04,6368.85,6410.0,-42.3609,0.0
01:10:04,6368.85,6415.0,-17.4323,0.0
01:10:04,6368.85,6420.0,-94.9783,0.0
01:10:04,6368.85,6425.0,-80.0641,0.0
01:10:04,6368.85,6430.0,39.4818,0.0
01:10:04,6368.85,6435.0,-15.8232,0.0
01:10:04,6368.85,6440.0,-188.1426,0.0
01:27:18,6368.85,6295.0,-35.3533,1971.0
01:27:18,6368.85,6300.0,-464.5075,10889.0
01:27:18,6368.85,6305.0,-22.9469,1810.0
01:27:18,6368.85,6310.0,-315.7645,3410.0
01:27:18,6368.85,6315.0,-36.6586,1970.0
01:27:18,6368.85,6320.0,-55.1607,1970.0
01:27:18,6368.85,6325.0,-199.6208,2900.0
01:27:18,6368.85,6330.0,-36.5612,2735.0
01:27:18,6368.85,6335.0,-21.0407,1096.0
01:27:18,6368.85,6340.0,-184.8503,2329.0
01:27:18,6368.85,6345.0,-8.1241,1947.0
01:27:18,6368.85,6350.0,-329.5677,8983.0
01:27:18,6368.85,6355.0,-5.2162,2139.0
01:27:18,6368.85,6360.0,-86.7841,3770.0
01:27:18,6368.85,6365.0,43.4721,5078.0
01:27:18,6368.85,6370.0,-398.7921,10521.0
01:27:18,6368.85,6375.0,-170.3935,4670.0
01:27:18,6368.85,6380.0,-158.4019,5064.0
01:27:18,6368.85,6385.0,-73.1164,4008.0
01:27:18,6368.85,6390.0,-127.3634,3809.0
01:27:18,6368.85,6395.0,-71.0396,1835.0
01:27:18,6368.85,6400.0,-462.0278,9466.0
01:27:18,6368.85,6405.0,-42.6741,3224.0
01:27:18,6368.85,6410.0,-42.3609,4949.0
01:27:18,6368.85,6415.0,-17.4323,4137.0
01:27:18,6368.85,6420.0,-94.9783,4872.0
01:27:18,6368.85,6425.0,-80.0641,5860.0
01:27:18,6368.85,6430.0,39.4818,7338.0
01:27:18,6368.85,6435.0,-15.8232,2148.0
01:27:18,6368.85,6440.0,-188.1426,4453.0
01:45:03,6368.85,6295.0,-35.3533,1971.0
01:45:03,6368.85,6300.0,-464.5075,10889.0
01:45:03,6368.85,6305.0,-22.9469,1810.0
01:45:03,6368.85,6310.0,-315.7645,3410.0
01:45:03,6368.85,6315.0,-36.6586,1970.0
01:45:03,6368.85,6320.0,-55.1607,1971.0
01:45:03,6368.85,6325.0,-199.6208,2900.0
01:45:03,6368.85,6330.0,-36.5612,2735.0
01:45:03,6368.85,6335.0,-21.0407,1097.0
01:45:03,6368.85,6340.0,-184.8503,2329.0
01:45:03,6368.85,6345.0,-8.1241,1947.0
01:45:03,6368.85,6350.0,-329.5677,8983.0
01:45:03,6368.85,6355.0,-5.2162,2139.0
01:45:03,6368.85,6360.0,-86.6622,3773.0
01:45:03,6368.85,6365.0,43.4721,5078.0
01:45:03,6368.85,6370.0,-398.7921,10521.0
01:45:03,6368.85,6375.0,-170.3935,4670.0
01:45:03,6368.85,6380.0,-158.4019,5065.0
01:45:03,6368.85,6385.0,-73.1164,4014.0
01:45:03,6368.85,6390.0,-127.3634,3819.0
01:45:03,6368.85,6395.0,-71.0396,1836.0
01:45:03,6368.85,6400.0,-462.0278,9466.0
01:45:03,6368.85,6405.0,-42.6741,3229.0
01:45:03,6368.85,6410.0,-42.3609,4950.0
01:45:03,6368.85,6415.0,-17.4323,4138.0
01:45:03,6368.85,6420.0,-94.9783,4873.0
01:45:03,6368.85,6425.0,-80.0641,5860.0
01:45:03,6368.85,6430.0,39.4818,7339.0
01:45:03,6368.85,6435.0,-15.8232,2148.0
01:45:03,6368.85,6440.0,-188.1426,4454.0
02:01:12,6368.85,6295.0,-35.3533,0.0
02:01:12,6368.85,6300.0,-464.5075,0.0
02:01:12,6368.85,6305.0,-22.9469,0.0
02:01:12,6368.85,6310.0,-315.7645,0.0
02:01:12,6368.85,6315.0,-44.1697,0.0
02:01:12,6368.85,6320.0,-55.1607,0.0
02:01:12,6368.85,6325.0,-199.6208,0.0
02:01:12,6368.85,6330.0,-36.5612,0.0
02:01:12,6368.85,6335.0,-21.0407,0.0
02:01:12,6368.85,6340.0,-184.8503,0.0
02:01:12,6368.85,6345.0,-44.5628,0.0
02:01:12,6368.85,6350.0,-329.5677,0.0
02:01:12,6368.85,6355.0,-37.4837,0.0
02:01:12,6368.85,6360.0,-133.2233,0.0
02:01:12,6368.85,6365.0,-30.9297,0.0
02:01:12,6368.85,6370.0,-398.7921,0.0
02:01:12,6368.85,6375.0,-170.3935,0.0
02:01:12,6368.85,6380.0,-158.4019,0.0
02:01:12,6368.85,6385.0,-73.1164,0.0
02:01:12,6368.85,6390.0,-127.3634,0.0
02:01:12,6368.85,6395.0,-71.0396,0.0
02:01:12,6368.85,6400.0,-462.0278,0.0
02:01:12,6368.85,6405.0,-42.6741,0.0
02:01:12,6368.85,6410.0,-42.3609,0.0
02:01:12,6368.85,6415.0,-17.4323,0.0
02:01:12,6368.85,6420.0,-94.9783,0.0
02:01:12,6368.85,6425.0,-80.0641,0.0
02:01:12,6368.85,6430.0,39.4818,0.0
02:01:12,6368.85,6435.0,-15.8232,0.0
02:01:12,6368.85,6440.0,-188.1426,0.0
02:18:26,6368.85,6295.0,-35.3533,1971.0
02:18:26,6368.85,6300.0,-464.5075,11055.0
02:18:26,6368.85,6305.0,-20.1194,1836.0
02:18:26,6368.85,6310.0,-306.2657,3496.0
02:18:26,6368.85,6315.0,-37.1071,1966.0
02:18:26,6368.85,6320.0,-55.1607,1970.0
02:18:26,6368.85,6325.0,-199.6208,2900.0
02:18:26,6368.85,6330.0,-36.5612,2735.0
02:18:26,6368.85,6335.0,-21.0407,1096.0
02:18:26,6368.85,6340.0,-184.8503,2329.0
02:18:26,6368.85,6345.0,-8.1241,1947.0
02:18:26,6368.85,6350.0,-329.5677,8983.0
02:18:26,6368.85,6355.0,-5.2162,2139.0
02:18:26,6368.85,6360.0,-86.7841,3770.0
02:18:26,6368.85,6365.0,43.4721,5078.0
02:18:26,6368.85,6370.0,-398.7921,10521.0
02:18:26,6368.85,6375.0,-170.3935,4670.0
02:18:26,6368.85,6380.0,-158.4019,5064.0
02:18:26,6368.85,6385.0,-73.1164,4008.0
02:18:26,6368.85,6390.0,-127.3634,3809.0
02:18:26,6368.85,6395.0,-71.0396,1835.0
02:18:26,6368.85,6400.0,-462.0278,9466.0
02:18:26,6368.85,6405.0,-42.6741,3224.0
02:18:26,6368.85,6410.0,-42.3609,4949.0
02:18:26,6368.85,6415.0,-17.4323,4137.0
02:18:26,6368.85,6420.0,-94.9783,4872.0
02:18:26,6368.85,6425.0,-80.0641,5860.0
02:18:26,6368.85,6430.0,39.4818,7338.0
02:18:26,6368.85,6435.0,-15.8232,2148.0
02:18:26,6368.85,6440.0,-188.1426,1583.0
02:36:24,6368.85,6295.0,-35.3533,1971.0
02:36:24,6368.85,6300.0,-464.5075,11055.0
02:36:24,6368.85,6305.0,-20.1194,1836.0
02:36:24,6368.85,6310.0,-306.2657,3496.0
02:36:24,6368.85,6315.0,-37.1071,1966.0
02:36:24,6368.85,6320.0,-55.1607,1970.0
02:36:24,6368.85,6325.0,-199.6208,2900.0
02:36:24,6368.85,6330.0,-36.5612,2735.0
02:36:24,6368.85,6335.0,-21.0407,1096.0
02:36:24,6368.85,6340.0,-184.8503,2329.0
02:36:24,6368.85,6345.0,-8.1241,1947.0
02:36:24,6368.85,6350.0,-329.5677,8983.0
02:36:24,6368.85,6355.0,-5.2162,2139.0
02:36:24,6368.85,6360.0,-86.7841,3770.0
02:36:24,6368.85,6365.0,43.4721,5078.0
02:36:24,6368.85,6370.0,-398.7921,10521.0
02:36:24,6368.85,6375.0,-170.3935,4670.0
02:36:24,6368.85,6380.0,-158.4019,5064.0
02:36:24,6368.85,6385.0,-73.1164,4008.0
02:36:24,6368.85,6390.0,-127.3634,3809.0
02:36:24,6368.85,6395.0,-71.0396,1835.0
02:36:24,6368.85,6400.0,-462.0278,9466.0
02:36:24,6368.85,6405.0,-42.6741,3224.0
02:36:24,6368.85,6410.0,-42.3609,4949.0
02:36:24,6368.85,6415.0,-17.4323,4137.0
02:36:24,6368.85,6420.0,-94.9783,4872.0
02:36:24,6368.85,6425.0,-80.0641,5860.0
02:36:24,6368.85,6430.0,39.4818,7338.0
02:36:24,6368.85,6435.0,-15.8232,2148.0
02:36:24,6368.85,6440.0,-188.1426,1583.0
02:52:42,6368.85,6295.0,-35.3533,1971.0
02:52:42,6368.85,6300.0,-464.5075,11055.0
02:52:42,6368.85,6305.0,-20.1194,1836.0
02:52:42,6368.85,6310.0,-306.2657,3496.0
02:52:42,6368.85,6315.0,-37.1071,1966.0
02:52:42,6368.85,6320.0,-55.1607,1970.0
02:52:42,6368.85,6325.0,-199.6208,2900.0
02:52:42,6368.85,6330.0,-36.5612,2735.0
02:52:42,6368.85,6335.0,-21.0407,1096.0
02:52:42,6368.85,6340.0,-184.8503,2329.0
02:52:42,6368.85,6345.0,-8.1241,1947.0
02:52:42,6368.85,6350.0,-329.5677,8983.0
02:52:42,6368.85,6355.0,-5.2162,2139.0
02:52:42,6368.85,6360.0,-86.7841,3770.0
02:52:42,6368.85,6365.0,-30.9297,0.0
02:52:42,6368.85,6370.0,-398.7921,0.0
02:52:42,6368.85,6375.0,-170.3935,3261.0
02:52:42,6368.85,6380.0,-158.4019,5064.0
02:52:42,6368.85,6385.0,-73.1164,4008.0
02:52:42,6368.85,6390.0,-127.3634,3809.0
02:52:42,6368.85,6395.0,-71.0396,1835.0
02:52:42,6368.85,6400.0,-462.0278,9466.0
02:52:42,6368.85,6405.0,-42.6741,3224.0
02:52:42,6368.85,6410.0,-42.3609,4949.0
02:52:42,6368.85,6415.0,-17.4323,4137.0
02:52:42,6368.85,6420.0,-94.9783,4872.0
02:52:42,6368.85,6425.0,-80.0641,5860.0
02:52:42,6368.85,6430.0,39.4818,7338.0
02:52:42,6368.85,6435.0,-15.8232,2148.0
02:52:42,6368.85,6440.0,-188.1426,1583.0
03:09:24,6368.85,6295.0,-35.3533,1971.0
03:09:24,6368.85,6300.0,-464.5075,11055.0
03:09:24,6368.85,6305.0,-20.1194,1836.0
03:09:24,6368.85,6310.0,-306.2657,3496.0
03:09:24,6368.85,6315.0,-37.1071,1966.0
03:09:24,6368.85,6320.0,-55.1607,1970.0
03:09:24,6368.85,6325.0,-199.6208,2900.0
03:09:24,6368.85,6330.0,-36.5612,2735.0
03:09:24,6368.85,6335.0,-21.0407,1096.0
03:09:24,6368.85,6340.0,-184.8503,2329.0
03:09:24,6368.85,6345.0,-8.1241,1947.0
03:09:24,6368.85,6350.0,-329.5677,8983.0
03:09:24,6368.85,6355.0,-5.2162,2139.0
03:09:24,6368.85,6360.0,-86.7841,3770.0
03:09:24,6368.85,6365.0,43.4721,5078.0
03:09:24,6368.85,6370.0,-398.7921,10521.0
03:09:24,6368.85,6375.0,-170.3935,4670.0
03:09:24,6368.85,6380.0,-158.4019,5064.0
03:09:24,6368.85,6385.0,-73.1164,4008.0
03:09:24,6368.85,6390.0,-127.3634,3809.0
03:09:24,6368.85,6395.0,-71.0396,1835.0
03:09:24,6368.85,6400.0,-462.0278,9466.0
03:09:24,6368.85,6405.0,-42.6741,3224.0
03:09:24,6368.85,6410.0,-42.3609,4949.0
03:09:24,6368.85,6415.0,-17.4323,4137.0
03:09:24,6368.85,6420.0,-94.9783,4872.0
03:09:24,6368.85,6425.0,-80.0641,5860.0
03:09:24,6368.85,6430.0,39.4818,7338.0
03:09:24,6368.85,6435.0,-15.8232,2148.0
03:09:24,6368.85,6440.0,-188.1426,1583.0
03:12:33,6368.85,6295.0,-35.3533,1971.0
03:12:33,6368.85,6300.0,-464.5075,11055.0
03:12:33,6368.85,6305.0,-20.1194,1836.0
03:12:33,6368.85,6310.0,-306.2657,3496.0
03:12:33,6368.85,6315.0,-37.1071,1966.0
03:12:33,6368.85,6320.0,-55.1607,1970.0
03:12:33,6368.85,6325.0,-199.6208,2900.0
03:12:33,6368.85,6330.0,-36.5612,2735.0
03:12:33,6368.85,6335.0,-21.0407,1096.0
03:12:33,6368.85,6340.0,-184.8503,2329.0
03:12:33,6368.85,6345.0,-8.1241,1947.0
03:12:33,6368.85,6350.0,-329.5677,8983.0
03:12:33,6368.85,6355.0,-5.2162,2139.0
03:12:33,6368.85,6360.0,-86.7841,3770.0
03:12:33,6368.85,6365.0,-30.9297,0.0
03:12:33,6368.85,6370.0,-398.7921,0.0
03:12:33,6368.85,6375.0,-170.3935,0.0
03:12:33,6368.85,6380.0,-158.4019,5064.0
03:12:33,6368.85,6385.0,-73.1164,4008.0
03:12:33,6368.85,6390.0,-127.3634,3809.0
03:12:33,6368.85,6395.0,-71.0396,1835.0
03:12:33,6368.85,6400.0,-462.0278,9466.0
03:12:33,6368.85,6405.0,-42.6741,3224.0
03:12:33,6368.85,6410.0,-42.3609,4949.0
03:12:33,6368.85,6415.0,-17.4323,4137.0
03:12:33,6368.85,6420.0,-94.9783,4872.0
03:12:33,6368.85,6425.0,-80.0641,5860.0
03:12:33,6368.85,6430.0,39.4818,7338.0
03:12:33,6368.85,6435.0,-15.8232,2148.0
03:12:33,6368.85,6440.0,-188.1426,1583.0
03:28:13,6368.85,6295.0,-35.3533,1985.0
03:28:13,6368.85,6300.0,-464.5075,11055.0
03:28:13,6368.85,6305.0,-20.1194,1836.0
03:28:13,6368.85,6310.0,-306.2657,3496.0
03:28:13,6368.85,6315.0,-37.1071,1966.0
03:28:13,6368.85,6320.0,-55.1607,1970.0
03:28:13,6368.85,6325.0,-199.6208,2900.0
03:28:13,6368.85,6330.0,-36.5612,2735.0
03:28:13,6368.85,6335.0,-21.0407,1096.0
03:28:13,6368.85,6340.0,-184.8503,2329.0
03:28:13,6368.85,6345.0,-8.1241,1947.0
03:28:13,6368.85,6350.0,-329.5677,8983.0
03:28:13,6368.85,6355.0,-5.2162,2139.0
03:28:13,6368.85,6360.0,-86.7841,3770.0
03:28:13,6368.85,6365.0,43.4721,5078.0
03:28:13,6368.85,6370.0,-398.7921,10521.0
03:28:13,6368.85,6375.0,-170.3935,4670.0
03:28:13,6368.85,6380.0,-158.4019,5064.0
03:28:13,6368.85,6385.0,-73.1164,4008.0
03:28:13,6368.85,6390.0,-127.3634,3809.0
03:28:13,6368.85,6395.0,-71.0396,1835.0
03:28:13,6368.85,6400.0,-462.0278,9466.0
03:28:13,6368.85,6405.0,-42.6741,3224.0
03:28:13,6368.85,6410.0,-42.3609,4949.0
03:28:13,6368.85,6415.0,-17.4323,4137.0
03:28:13,6368.85,6420.0,-94.9783,4872.0
03:28:13,6368.85,6425.0,-80.0641,5860.0
03:28:13,6368.85,6430.0,39.4818,7338.0
03:28:13,6368.85,6435.0,-15.8232,2148.0
03:28:13,6368.85,6440.0,-188.1426,4454.0
03:46:25,6368.85,6295.0,-35.3533,1985.0
03:46:25,6368.85,6300.0,-464.5075,11055.0
03:46:25,6368.85,6305.0,-20.1194,1836.0
03:46:25,6368.85,6310.0,-305.9343,3499.0
03:46:25,6368.85,6315.0,-36.6586,1970.0
03:46:25,6368.85,6320.0,-55.1607,1971.0
03:46:25,6368.85,6325.0,-199.6208,2900.0
03:46:25,6368.85,6330.0,-36.5612,2736.0
03:46:25,6368.85,6335.0,-21.0407,1096.0
03:46:25,6368.85,6340.0,-184.8503,2330.0
03:46:25,6368.85,6345.0,-8.1241,1947.0
03:46:25,6368.85,6350.0,-329.5677,8983.0
03:46:25,6368.85,6355.0,-5.2162,2139.0
03:46:25,6368.85,6360.0,-86.7841,3770.0
03:46:25,6368.85,6365.0,43.4721,5078.0
03:46:25,6368.85,6370.0,-398.7921,10521.0
03:46:25,6368.85,6375.0,-170.3935,4670.0
03:46:25,6368.85,6380.0,-158.4019,5064.0
03:46:25,6368.85,6385.0,-73.1164,4008.0
03:46:25,6368.85,6390.0,-127.3634,3809.0
03:46:25,6368.85,6395.0,-71.0396,1835.0
03:46:25,6368.85,6400.0,-462.0278,9466.0
03:46:25,6368.85,6405.0,-42.6741,3224.0
03:46:25,6368.85,6410.0,-42.3609,4949.0
03:46:25,6368.85,6415.0,-17.4323,4137.0
03:46:25,6368.85,6420.0,-94.9783,4872.0
03:46:25,6368.85,6425.0,-80.0641,5860.0
03:46:25,6368.85,6430.0,39.4818,7338.0
03:46:25,6368.85,6435.0,-15.8232,2148.0
03:46:25,6368.85,6440.0,-188.1426,4453.0
03:59:03,6368.85,6295.0,-35.3533,1985.0
03:59:03,6368.85,6300.0,-464.5075,11055.0
03:59:03,6368.85,6305.0,-20.1194,1836.0
03:59:03,6368.85,6310.0,-305.9343,3499.0
03:59:03,6368.85,6315.0,-36.6586,1970.0
03:59:03,6368.85,6320.0,-55.1607,1971.0
03:59:03,6368.85,6325.0,-199.6208,2900.0
03:59:03,6368.85,6330.0,-36.5612,2736.0
03:59:03,6368.85,6335.0,-21.0407,1096.0
03:59:03,6368.85,6340.0,-184.8503,2330.0
03:59:03,6368.85,6345.0,-8.1241,1947.0
03:59:03,6368.85,6350.0,-329.5677,8983.0
03:59:03,6368.85,6355.0,-5.2162,2139.0
03:59:03,6368.85,6360.0,-86.7841,3770.0
03:59:03,6368.85,6365.0,43.4721,5078.0
03:59:03,6368.85,6370.0,-398.7921,10521.0
03:59:03,6368.85,6375.0,-170.3935,4670.0
03:59:03,6368.85,6380.0,-158.4019,5064.0
03:59:03,6368.85,6385.0,-73.1164,4008.0
03:59:03,6368.85,6390.0,-127.3634,3809.0
03:59:03,6368.85,6395.0,-71.0396,1835.0
03:59:03,6368.85,6400.0,-462.0278,9466.0
03:59:03,6368.85,6405.0,-42.6741,3224.0
03:59:03,6368.85,6410.0,-42.3609,4949.0
03:59:03,6368.85,6415.0,-17.4323,4137.0
03:59:03,6368.85,6420.0,-94.9783,4872.0
03:59:03,6368.85,6425.0,-80.0641,5860.0
03:59:03,6368.85,6430.0,39.4818,7338.0
03:59:03,6368.85,6435.0,-15.8232,2148.0
03:59:03,6368.85,6440.0,-188.1426,4453.0
04:14:35,6368.85,6295.0,-35.3533,1985.0
04:14:35,6368.85,6300.0,-464.5075,11055.0
04:14:35,6368.85,6305.0,-20.1194,1836.0
04:14:35,6368.85,6310.0,-305.9343,3499.0
04:14:35,6368.85,6315.0,-36.6586,1970.0
04:14:35,6368.85,6320.0,-55.1607,1971.0
04:14:35,6368.85,6325.0,-199.6208,2900.0
04:14:35,6368.85,6330.0,-36.5612,2736.0
04:14:35,6368.85,6335.0,-21.0407,1096.0
04:14:35,6368.85,6340.0,-184.8503,2330.0
04:14:35,6368.85,6345.0,-8.1241,1947.0
04:14:35,6368.85,6350.0,-329.5677,8983.0
04:14:35,6368.85,6355.0,-5.2162,2139.0
04:14:35,6368.85,6360.0,-86.7841,3770.0
04:14:35,6368.85,6365.0,-30.9297,0.0
04:14:35,6368.85,6370.0,-398.7921,0.0
04:14:35,6368.85,6375.0,-170.3935,0.0
04:14:35,6368.85,6380.0,-158.4019,5064.0
04:14:35,6368.85,6385.0,-73.1164,4008.0
04:14:35,6368.85,6390.0,-127.3634,3809.0
04:14:35,6368.85,6395.0,-71.0396,1835.0
04:14:35,6368.85,6400.0,-462.0278,9466.0
04:14:35,6368.85,6405.0,-42.6741,3224.0
04:14:35,6368.85,6410.0,-42.3609,4949.0
04:14:35,6368.85,6415.0,-17.4323,4137.0
04:14:35,6368.85,6420.0,-94.9783,4872.0
04:14:35,6368.85,6425.0,-80.0641,5860.0
04:14:35,6368.85,6430.0,39.4818,7338.0
04:14:35,6368.85,6435.0,-15.8232,2148.0
04:14:35,6368.85,6440.0,-188.1426,4453.0
04:31:26,6368.85,6295.0,-35.3533,1985.0
04:31:26,6368.85,6300.0,-464.5075,11055.0
04:31:26,6368.85,6305.0,-20.1194,1836.0
04:31:26,6368.85,6310.0,-305.9343,3499.0
04:31:26,6368.85,6315.0,-36.6586,1970.0
04:31:26,6368.85,6320.0,-55.1607,1971.0
04:31:26,6368.85,6325.0,-199.6208,2900.0
04:31:26,6368.85,6330.0,-36.5612,2736.0
04:31:26,6368.85,6335.0,-21.0407,1096.0
04:31:26,6368.85,6340.0,-184.8503,2330.0
04:31:26,6368.85,6345.0,-8.1241,1947.0
04:31:26,6368.85,6350.0,-329.5677,8983.0
04:31:26,6368.85,6355.0,-5.2162,2139.0
04:31:26,6368.85,6360.0,-86.7841,3770.0
04:31:26,6368.85,6365.0,-30.9297,0.0
04:31:26,6368.85,6370.0,-398.7921,0.0
04:31:26,6368.85,6375.0,-170.3935,0.0
04:31:26,6368.85,6380.0,-158.4019,5064.0
04:31:26,6368.85,6385.0,-73.1164,4008.0
04:31:26,6368.85,6390.0,-127.3634,3809.0
04:31:26,6368.85,6395.0,-71.0396,1835.0
04:31:26,6368.85,6400.0,-462.0278,9466.0
04:31:26,6368.85,6405.0,-42.6741,3224.0
04:31:26,6368.85,6410.0,-42.3609,4949.0
04:31:26,6368.85,6415.0,-17.4323,4137.0
04:31:26,6368.85,6420.0,-94.9783,4872.0
04:31:26,6368.85,6425.0,-80.0641,5860.0
04:31:26,6368.85,6430.0,39.4818,7338.0
04:31:26,6368.85,6435.0,-15.8232,2148.0
04:31:26,6368.85,6440.0,-188.1426,4453.0
04:47:54,6368.85,6295.0,-35.3533,1985.0
04:47:54,6368.85,6300.0,-464.5075,11055.0
04:47:54,6368.85,6305.0,-20.1194,1836.0
04:47:54,6368.85,6310.0,-305.9343,3499.0
04:47:54,6368.85,6315.0,-36.6586,1970.0
04:47:54,6368.85,6320.0,-55.1607,1971.0
04:47:54,6368.85,6325.0,-199.6208,2900.0
04:47:54,6368.85,6330.0,-36.5612,2737.0
04:47:54,6368.85,6335.0,-21.0407,1096.0
04:47:54,6368.85,6340.0,-184.8503,2331.0
04:47:54,6368.85,6345.0,-8.1241,1947.0
04:47:54,6368.85,6350.0,-329.5677,8984.0
04:47:54,6368.85,6355.0,-4.731,2144.0
04:47:54,6368.85,6360.0,-86.6622,3771.0
04:47:54,6368.85,6365.0,43.8374,5081.0
04:47:54,6368.85,6370.0,-398.7921,10522.0
04:47:54,6368.85,6375.0,-170.3935,4676.0
04:47:54,6368.85,6380.0,-158.4019,5065.0
04:47:54,6368.85,6385.0,-73.1164,4014.0
04:47:54,6368.85,6390.0,-127.3634,3809.0
04:47:54,6368.85,6395.0,-71.0396,1835.0
04:47:54,6368.85,6400.0,-462.0278,9467.0
04:47:54,6368.85,6405.0,-42.6741,3224.0
04:47:54,6368.85,6410.0,-42.3609,4949.0
04:47:54,6368.85,6415.0,-17.4323,4137.0
04:47:54,6368.85,6420.0,-94.9783,4872.0
04:47:54,6368.85,6425.0,-80.0641,5860.0
04:47:54,6368.85,6430.0,39.4818,7338.0
04:47:54,6368.85,6435.0,-15.8232,2154.0
04:47:54,6368.85,6440.0,-188.1426,4454.0
05:05:05,6368.85,6295.0,-35.3533,1985.0
05:05:05,6368.85,6300.0,-464.5075,11055.0
05:05:05,6368.85,6305.0,-20.1194,1836.0
05:05:05,6368.85,6310.0,-305.9343,3499.0
05:05:05,6368.85,6315.0,-36.6586,1970.0
05:05:05,6368.85,6320.0,-55.1607,1971.0
05:05:05,6368.85,6325.0,-199.6208,2900.0
05:05:05,6368.85,6330.0,-36.5612,2737.0
05:05:05,6368.85,6335.0,-21.0407,1096.0
05:05:05,6368.85,6340.0,-184.8503,2331.0
05:05:05,6368.85,6345.0,-8.1241,1947.0
05:05:05,6368.85,6350.0,-329.5677,8984.0
05:05:05,6368.85,6355.0,-4.731,2144.0
05:05:05,6368.85,6360.0,-86.6622,3771.0
05:05:05,6368.85,6365.0,43.8374,5081.0
05:05:05,6368.85,6370.0,-398.7921,10522.0
05:05:05,6368.85,6375.0,-170.3935,4676.0
05:05:05,6368.85,6380.0,-158.4019,5065.0
05:05:05,6368.85,6385.0,-73.1164,4014.0
05:05:05,6368.85,6390.0,-127.3634,3809.0
05:05:05,6368.85,6395.0,-71.0396,1835.0
05:05:05,6368.85,6400.0,-462.0278,9467.0
05:05:05,6368.85,6405.0,-42.6741,3224.0
05:05:05,6368.85,6410.0,-42.3609,4949.0
05:05:05,6368.85,6415.0,-17.4323,4137.0
05:05:05,6368.85,6420.0,-94.9783,4872.0
05:05:05,6368.85,6425.0,-80.0641,5860.0
05:05:05,6368.85,6430.0,39.4818,7338.0
05:05:05,6368.85,6435.0,-15.8232,2154.0
05:05:05,6368.85,6440.0,-188.1426,4454.0
05:14:10,6368.85,6295.0,-35.3533,1985.0
05:14:10,6368.85,6300.0,-464.5075,11055.0
05:14:10,6368.85,6305.0,-20.1194,1836.0
05:14:10,6368.85,6310.0,-305.9343,3499.0
05:14:10,6368.85,6315.0,-36.6586,1970.0
05:14:10,6368.85,6320.0,-55.1607,1971.0
05:14:10,6368.85,6325.0,-199.6208,2900.0
05:14:10,6368.85,6330.0,-36.5612,2737.0
05:14:10,6368.85,6335.0,-21.0407,1096.0
05:14:10,6368.85,6340.0,-184.8503,2331.0
05:14:10,6368.85,6345.0,-8.1241,1947.0
05:14:10,6368.85,6350.0,-329.5677,8984.0
05:14:10,6368.85,6355.0,-4.731,2144.0
05:14:10,6368.85,6360.0,-86.6622,3771.0
05:14:10,6368.85,6365.0,43.8374,5081.0
05:14:10,6368.85,6370.0,-398.7921,10522.0
05:14:10,6368.85,6375.0,-170.3935,4676.0
05:14:10,6368.85,6380.0,-158.4019,5065.0
05:14:10,6368.85,6385.0,-73.1164,4014.0
05:14:10,6368.85,6390.0,-127.3634,3809.0
05:14:10,6368.85,6395.0,-71.0396,1835.0
05:14:10,6368.85,6400.0,-462.0278,9467.0
05:14:10,6368.85,6405.0,-42.6741,3224.0
05:14:10,6368.85,6410.0,-42.3609,4949.0
05:14:10,6368.85,6415.0,-17.4323,4137.0
05:14:10,6368.85,6420.0,-94.9783,4872.0
05:14:10,6368.85,6425.0,-80.0641,5860.0
05:14:10,6368.85,6430.0,39.4818,7338.0
05:14:10,6368.85,6435.0,-15.8232,2154.0
05:14:10,6368.85,6440.0,-188.1426,4454.0
05:31:04,6368.85,6295.0,-35.3533,1985.0
05:31:04,6368.85,6300.0,-464.5075,11055.0
05:31:04,6368.85,6305.0,-20.1194,1836.0
05:31:04,6368.85,6310.0,-305.9343,3499.0
05:31:04,6368.85,6315.0,-36.6586,1970.0
05:31:04,6368.85,6320.0,-55.1607,1971.0
05:31:04,6368.85,6325.0,-199.6208,2900.0
05:31:04,6368.85,6330.0,-36.5612,2737.0
05:31:04,6368.85,6335.0,-21.0407,1096.0
05:31:04,6368.85,6340.0,-184.8503,2331.0
05:31:04,6368.85,6345.0,-8.1241,1947.0
05:31:04,6368.85,6350.0,-329.5677,8984.0
05:31:04,6368.85,6355.0,-4.731,2144.0
05:31:04,6368.85,6360.0,-86.6622,3771.0
05:31:04,6368.85,6365.0,-30.9297,0.0
05:31:04,6368.85,6370.0,-398.7921,0.0
05:31:04,6368.85,6375.0,-170.3935,0.0
05:31:04,6368.85,6380.0,-158.4019,5065.0
05:31:04,6368.85,6385.0,-73.1164,4014.0
05:31:04,6368.85,6390.0,-127.3634,3809.0
05:31:04,6368.85,6395.0,-71.0396,1835.0
05:31:04,6368.85,6400.0,-462.0278,9467.0
05:31:04,6368.85,6405.0,-42.6741,3224.0
05:31:04,6368.85,6410.0,-42.3609,4949.0
05:31:04,6368.85,6415.0,-17.4323,4137.0
05:31:04,6368.85,6420.0,-94.9783,4872.0
05:31:04,6368.85,6425.0,-80.0641,5860.0
05:31:04,6368.85,6430.0,39.4818,7338.0
05:31:04,6368.85,6435.0,-15.8232,2154.0
05:31:04,6368.85,6440.0,-188.1426,4454.0
05:47:38,6368.85,6295.0,-35.3533,1985.0
05:47:38,6368.85,6300.0,-464.5075,11055.0
05:47:38,6368.85,6305.0,-20.1194,1836.0
05:47:38,6368.85,6310.0,-305.9343,3499.0
05:47:38,6368.85,6315.0,-36.6586,1970.0
05:47:38,6368.85,6320.0,-55.1607,1971.0
05:47:38,6368.85,6325.0,-199.6208,2900.0
05:47:38,6368.85,6330.0,-36.5612,2737.0
05:47:38,6368.85,6335.0,-21.0407,1096.0
05:47:38,6368.85,6340.0,-184.8503,2331.0
05:47:38,6368.85,6345.0,-8.1241,1947.0
05:47:38,6368.85,6350.0,-329.5677,8057.0
05:47:38,6368.85,6355.0,-37.4837,1874.0
05:47:38,6368.85,6360.0,-133.2233,3389.0
05:47:38,6368.85,6365.0,-30.9297,0.0
05:47:38,6368.85,6370.0,-398.7921,0.0
05:47:38,6368.85,6375.0,-170.3935,0.0
05:47:38,6368.85,6380.0,-158.4019,3826.0
05:47:38,6368.85,6385.0,-73.1164,2002.0
05:47:38,6368.85,6390.0,-127.3634,2862.0
05:47:38,6368.85,6395.0,-71.0396,1134.0
05:47:38,6368.85,6400.0,-462.0278,6387.0
05:47:38,6368.85,6405.0,-42.6741,2568.0
05:47:38,6368.85,6410.0,-42.3609,2117.0
05:47:38,6368.85,6415.0,-17.4323,0.0
05:47:38,6368.85,6420.0,-94.9783,1983.0
05:47:38,6368.85,6425.0,-80.0641,0.0
05:47:38,6368.85,6430.0,39.4818,7338.0
05:47:38,6368.85,6435.0,-15.8232,2154.0
05:47:38,6368.85,6440.0,-188.1426,4454.0
06:04:45,6368.85,6295.0,-35.3533,1985.0
06:04:45,6368.85,6300.0,-464.5075,11055.0
06:04:45,6368.85,6305.0,-20.1194,1836.0
06:04:45,6368.85,6310.0,-305.9343,3499.0
06:04:45,6368.85,6315.0,-36.6586,1970.0
06:04:45,6368.85,6320.0,-55.1607,1971.0
06:04:45,6368.85,6325.0,-199.6208,2900.0
06:04:45,6368.85,6330.0,-36.5612,2737.0
06:04:45,6368.85,6335.0,-21.0407,1096.0
06:04:45,6368.85,6340.0,-184.8503,2331.0
06:04:45,6368.85,6345.0,-8.1241,1947.0
06:04:45,6368.85,6350.0,-329.5677,8057.0
06:04:45,6368.85,6355.0,-37.4837,1874.0
06:04:45,6368.85,6360.0,-133.2233,3389.0
06:04:45,6368.85,6365.0,-30.9297,0.0
06:04:45,6368.85,6370.0,-398.7921,0.0
06:04:45,6368.85,6375.0,-170.3935,0.0
06:04:45,6368.85,6380.0,-158.4019,3826.0
06:04:45,6368.85,6385.0,-73.1164,2002.0
06:04:45,6368.85,6390.0,-127.3634,2862.0
06:04:45,6368.85,6395.0,-71.0396,1134.0
06:04:45,6368.85,6400.0,-462.0278,6387.0
06:04:45,6368.85,6405.0,-42.6741,2568.0
06:04:45,6368.85,6410.0,-42.3609,2117.0
06:04:45,6368.85,6415.0,-17.4323,0.0
06:04:45,6368.85,6420.0,-94.9783,1983.0
06:04:45,6368.85,6425.0,-80.0641,0.0
06:04:45,6368.85,6430.0,39.4818,7338.0
06:04:45,6368.85,6435.0,-15.8232,2154.0
06:04:45,6368.85,6440.0,-188.1426,4454.0
06:20:47,6368.85,6295.0,-35.3533,1985.0
06:20:47,6368.85,6300.0,-464.5075,11055.0
06:20:47,6368.85,6305.0,-20.1194,1836.0
06:20:47,6368.85,6310.0,-305.9343,3499.0
06:20:47,6368.85,6315.0,-36.6586,1970.0
06:20:47,6368.85,6320.0,-55.1607,1971.0
06:20:47,6368.85,6325.0,-199.6208,2900.0
06:20:47,6368.85,6330.0,-36.5612,2737.0
06:20:47,6368.85,6335.0,-21.0407,1096.0
06:20:47,6368.85,6340.0,-184.8503,2331.0
06:20:47,6368.85,6345.0,-8.1241,1947.0
06:20:47,6368.85,6350.0,-329.5677,8057.0
06:20:47,6368.85,6355.0,-37.4837,1874.0
06:20:47,6368.85,6360.0,-133.2233,3389.0
06:20:47,6368.85,6365.0,-30.9297,0.0
06:20:47,6368.85,6370.0,-398.7921,0.0
06:20:47,6368.85,6375.0,-170.3935,0.0
06:20:47,6368.85,6380.0,-158.4019,3826.0
06:20:47,6368.85,6385.0,-73.1164,2002.0
06:20:47,6368.85,6390.0,-127.3634,2862.0
06:20:47,6368.85,6395.0,-71.0396,1134.0
06:20:47,6368.85,6400.0,-462.0278,6387.0
06:20:47,6368.85,6405.0,-42.6741,2568.0
06:20:47,6368.85,6410.0,-42.3609,2117.0
06:20:47,6368.85,6415.0,-17.4323,0.0
06:20:47,6368.85,6420.0,-94.9783,1983.0
06:20:47,6368.85,6425.0,-80.0641,0.0
06:20:47,6368.85,6430.0,39.4818,7338.0
06:20:47,6368.85,6435.0,-15.8232,2154.0
06:20:47,6368.85,6440.0,-188.1426,4454.0
06:36:49,6368.85,6295.0,-35.3533,1985.0
06:36:49,6368.85,6300.0,-464.5075,11055.0
06:36:49,6368.85,6305.0,-20.1194,1836.0
06:36:49,6368.85,6310.0,-305.9343,3499.0
06:36:49,6368.85,6315.0,-36.6586,1970.0
06:36:49,6368.85,6320.0,-55.1607,1971.0
06:36:49,6368.85,6325.0,-199.6208,2900.0
06:36:49,6368.85,6330.0,-36.5612,2737.0
06:36:49,6368.85,6335.0,-21.0407,1096.0
06:36:49,6368.85,6340.0,-184.8503,2331.0
06:36:49,6368.85,6345.0,-8.1241,1947.0
06:36:49,6368.85,6350.0,-329.5677,8057.0
06:36:49,6368.85,6355.0,-37.4837,1874.0
06:36:49,6368.85,6360.0,-133.2233,3389.0
06:36:49,6368.85,6365.0,-30.9297,0.0
06:36:49,6368.85,6370.0,-398.7921,0.0
06:36:49,6368.85,6375.0,-170.3935,0.0
06:36:49,6368.85,6380.0,-158.4019,3826.0
06:36:49,6368.85,6385.0,-73.1164,2002.0
06:36:49,6368.85,6390.0,-127.3634,2862.0
06:36:49,6368.85,6395.0,-71.0396,1134.0
06:36:49,6368.85,6400.0,-462.0278,6387.0
06:36:49,6368.85,6405.0,-42.6741,2568.0
06:36:49,6368.85,6410.0,-42.3609,2117.0
06:36:49,6368.85,6415.0,-17.4323,0.0
06:36:49,6368.85,6420.0,-94.9783,1983.0
06:36:49,6368.85,6425.0,-80.0641,0.0
06:36:49,6368.85,6430.0,39.4818,7338.0
06:36:49,6368.85,6435.0,-15.8232,2154.0
06:36:49,6368.85,6440.0,-188.1426,4454.0
06:53:24,6368.85,6295.0,-35.3533,1985.0
06:53:24,6368.85,6300.0,-464.5075,11055.0
06:53:24,6368.85,6305.0,-20.1194,1836.0
06:53:24,6368.85,6310.0,-305.9343,3499.0
06:53:24,6368.85,6315.0,-36.6586,1970.0
06:53:24,6368.85,6320.0,-55.1607,1971.0
06:53:24,6368.85,6325.0,-199.6208,2900.0
06:53:24,6368.85,6330.0,-36.5612,2737.0
06:53:24,6368.85,6335.0,-21.0407,1096.0
06:53:24,6368.85,6340.0,-184.8503,2331.0
06:53:24,6368.85,6345.0,-8.1241,1947.0
06:53:24,6368.85,6350.0,-329.5677,8057.0
06:53:24,6368.85,6355.0,-37.4837,1874.0
06:53:24,6368.85,6360.0,-133.2233,3389.0
06:53:24,6368.85,6365.0,-30.9297,0.0
06:53:24,6368.85,6370.0,-398.7921,0.0
06:53:24,6368.85,6375.0,-170.3935,0.0
06:53:24,6368.85,6380.0,-158.4019,3826.0
06:53:24,6368.85,6385.0,-73.1164,2002.0
06:53:24,6368.85,6390.0,-127.3634,2862.0
06:53:24,6368.85,6395.0,-71.0396,1134.0
06:53:24,6368.85,6400.0,-462.0278,6387.0
06:53:24,6368.85,6405.0,-42.6741,2568.0
06:53:24,6368.85,6410.0,-42.3609,2117.0
06:53:24,6368.85,6415.0,-17.4323,0.0
06:53:24,6368.85,6420.0,-94.9783,1983.0
06:53:24,6368.85,6425.0,-80.0641,0.0
06:53:24,6368.85,6430.0,39.4818,7338.0
06:53:24,6368.85,6435.0,-15.8232,2154.0
06:53:24,6368.85,6440.0,-188.1426,4454.0
07:10:20,6368.85,6295.0,-35.3533,1985.0
07:10:20,6368.85,6300.0,-464.5075,11055.0
07:10:20,6368.85,6305.0,-20.1194,1836.0
07:10:20,6368.85,6310.0,-305.9343,3499.0
07:10:20,6368.85,6315.0,-36.6586,1970.0
07:10:20,6368.85,6320.0,-55.1607,1971.0
07:10:20,6368.85,6325.0,-199.6208,2900.0
07:10:20,6368.85,6330.0,-36.5612,2737.0
07:10:20,6368.85,6335.0,-21.0407,1096.0
07:10:20,6368.85,6340.0,-184.8503,2331.0
07:10:20,6368.85,6345.0,-8.1241,1947.0
07:10:20,6368.85,6350.0,-329.5677,8057.0
07:10:20,6368.85,6355.0,-37.4837,1874.0
07:10:20,6368.85,6360.0,-133.2233,3389.0
07:10:20,6368.85,6365.0,-30.9297,0.0
07:10:20,6368.85,6370.0,-398.7921,0.0
07:10:20,6368.85,6375.0,-170.3935,0.0
07:10:20,6368.85,6380.0,-158.4019,3826.0
07:10:20,6368.85,6385.0,-73.1164,2002.0
07:10:20,6368.85,6390.0,-127.3634,2862.0
07:10:20,6368.85,6395.0,-71.0396,1134.0
07:10:20,6368.85,6400.0,-462.0278,6387.0
07:10:20,6368.85,6405.0,-42.6741,2568.0
07:10:20,6368.85,6410.0,-42.3609,2117.0
07:10:20,6368.85,6415.0,-17.4323,0.0
07:10:20,6368.85,6420.0,-94.9783,1983.0
07:10:20,6368.85,6425.0,-80.0641,0.0
07:10:20,6368.85,6430.0,39.4818,7338.0
07:10:20,6368.85,6435.0,-15.8232,2154.0
07:10:20,6368.85,6440.0,-188.1426,4454.0
07:22:06,6368.85,6295.0,-35.3533,1985.0
07:22:06,6368.85,6300.0,-464.5075,11055.0
07:22:06,6368.85,6305.0,-20.1194,1836.0
07:22:06,6368.85,6310.0,-305.9343,3499.0
07:22:06,6368.85,6315.0,-36.6586,1970.0
07:22:06,6368.85,6320.0,-55.1607,1971.0
07:22:06,6368.85,6325.0,-199.6208,2900.0
07:22:06,6368.85,6330.0,-36.5612,2737.0
07:22:06,6368.85,6335.0,-21.0407,1096.0
07:22:06,6368.85,6340.0,-184.8503,2331.0
07:22:06,6368.85,6345.0,-8.1241,1947.0
07:22:06,6368.85,6350.0,-329.5677,8057.0
07:22:06,6368.85,6355.0,-37.4837,1874.0
07:22:06,6368.85,6360.0,-133.2233,3389.0
07:22:06,6368.85,6365.0,-30.9297,0.0
07:22:06,6368.85,6370.0,-398.7921,0.0
07:22:06,6368.85,6375.0,-170.3935,0.0
07:22:06,6368.85,6380.0,-158.4019,3826.0
07:22:06,6368.85,6385.0,-73.1164,2002.0
07:22:06,6368.85,6390.0,-127.3634,2862.0
07:22:06,6368.85,6395.0,-71.0396,1134.0
07:22:06,6368.85,6400.0,-462.0278,6387.0
07:22:06,6368.85,6405.0,-42.6741,2568.0
07:22:06,6368.85,6410.0,-42.3609,2117.0
07:22:06,6368.85,6415.0,-17.4323,0.0
07:22:06,6368.85,6420.0,-94.9783,1983.0
07:22:06,6368.85,6425.0,-80.0641,0.0
07:22:06,6368.85,6430.0,39.4818,7338.0
07:22:06,6368.85,6435.0,-15.8232,2154.0
07:22:06,6368.85,6440.0,-188.1426,4454.0
07:39:16,6368.85,6295.0,-35.3533,0.0
07:39:16,6368.85,6300.0,-464.5075,0.0
07:39:16,6368.85,6305.0,-22.9469,0.0
07:39:16,6368.85,6310.0,-315.7645,0.0
07:39:16,6368.85,6315.0,-44.1697,0.0
07:39:16,6368.85,6320.0,-55.1607,0.0
07:39:16,6368.85,6325.0,-199.6208,0.0
07:39:16,6368.85,6330.0,-36.5612,0.0
07:39:16,6368.85,6335.0,-21.0407,0.0
07:39:16,6368.85,6340.0,-184.8503,0.0
07:39:16,6368.85,6345.0,-44.5628,0.0
07:39:16,6368.85,6350.0,-329.5677,0.0
07:39:16,6368.85,6355.0,-37.4837,0.0
07:39:16,6368.85,6360.0,-133.2233,0.0
07:39:16,6368.85,6365.0,-30.9297,0.0
07:39:16,6368.85,6370.0,-398.7921,0.0
07:39:16,6368.85,6375.0,-170.3935,0.0
07:39:16,6368.85,6380.0,-158.4019,0.0
07:39:16,6368.85,6385.0,-73.1164,0.0
07:39:16,6368.85,6390.0,-127.3634,0.0
07:39:16,6368.85,6395.0,-71.0396,0.0
07:39:16,6368.85,6400.0,-462.0278,0.0
07:39:16,6368.85,6405.0,-42.6741,0.0
07:39:16,6368.85,6410.0,-42.3609,0.0
07:39:16,6368.85,6415.0,-17.4323,0.0
07:39:16,6368.85,6420.0,-94.9783,0.0
07:39:16,6368.85,6425.0,-80.0641,0.0
07:39:16,6368.85,6430.0,39.4818,0.0
07:39:16,6368.85,6435.0,-15.8232,0.0
07:39:16,6368.85,6440.0,-188.1426,0.0
07:57:00,6368.85,6295.0,-35.3533,0.0
07:57:00,6368.85,6300.0,-464.5075,0.0
07:57:00,6368.85,6305.0,-22.9469,0.0
07:57:00,6368.85,6310.0,-315.7645,0.0
07:57:00,6368.85,6315.0,-44.1697,0.0
07:57:00,6368.85,6320.0,-55.1607,0.0
07:57:00,6368.85,6325.0,-199.6208,0.0
07:57:00,6368.85,6330.0,-36.5612,0.0
07:57:00,6368.85,6335.0,-21.0407,0.0
07:57:00,6368.85,6340.0,-184.8503,0.0
07:57:00,6368.85,6345.0,-44.5628,0.0
07:57:00,6368.85,6350.0,-329.5677,0.0
07:57:00,6368.85,6355.0,-37.4837,0.0
07:57:00,6368.85,6360.0,-133.2233,0.0
07:57:00,6368.85,6365.0,-30.9297,0.0
07:57:00,6368.85,6370.0,-398.7921,0.0
07:57:00,6368.85,6375.0,-170.3935,0.0
07:57:00,6368.85,6380.0,-158.4019,0.0
07:57:00,6368.85,6385.0,-73.1164,0.0
07:57:00,6368.85,6390.0,-127.3634,0.0
07:57:00,6368.85,6395.0,-71.0396,0.0
07:57:00,6368.85,6400.0,-462.0278,0.0
07:57:00,6368.85,6405.0,-42.6741,0.0
07:57:00,6368.85,6410.0,-42.3609,0.0
07:57:00,6368.85,6415.0,-17.4323,0.0
07:57:00,6368.85,6420.0,-94.9783,0.0
07:57:00,6368.85,6425.0,-80.0641,0.0
07:57:00,6368.85,6430.0,39.4818,0.0
07:57:00,6368.85,6435.0,-15.8232,0.0
07:57:00,6368.85,6440.0,-188.1426,0.0
08:06:19,6368.85,6295.0,-35.3533,0.0
08:06:19,6368.85,6300.0,-464.5075,0.0
08:06:19,6368.85,6305.0,-22.9469,0.0
08:06:19,6368.85,6310.0,-315.7645,0.0
08:06:19,6368.85,6315.0,-44.1697,0.0
08:06:19,6368.85,6320.0,-55.1607,0.0
08:06:19,6368.85,6325.0,-199.6208,0.0
08:06:19,6368.85,6330.0,-36.5612,0.0
08:06:19,6368.85,6335.0,-21.0407,0.0
08:06:19,6368.85,6340.0,-184.8503,0.0
08:06:19,6368.85,6345.0,-44.5628,0.0
08:06:19,6368.85,6350.0,-329.5677,0.0
08:06:19,6368.85,6355.0,-37.4837,0.0
08:06:19,6368.85,6360.0,-133.2233,0.0
08:06:19,6368.85,6365.0,-30.9297,0.0
08:06:19,6368.85,6370.0,-398.7921,0.0
08:06:19,6368.85,6375.0,-170.3935,0.0
08:06:19,6368.85,6380.0,-158.4019,0.0
08:06:19,6368.85,6385.0,-73.1164,0.0
08:06:19,6368.85,6390.0,-127.3634,0.0
08:06:19,6368.85,6395.0,-71.0396,0.0
08:06:19,6368.85,6400.0,-462.0278,0.0
08:06:19,6368.85,6405.0,-42.6741,0.0
08:06:19,6368.85,6410.0,-42.3609,0.0
08:06:19,6368.85,6415.0,-17.4323,0.0
08:06:19,6368.85,6420.0,-94.9783,0.0
08:06:19,6368.85,6425.0,-80.0641,0.0
08:06:19,6368.85,6430.0,39.4818,0.0
08:06:19,6368.85,6435.0,-15.8232,0.0
08:06:19,6368.85,6440.0,-188.1426,0.0
08:22:40,6368.85,6295.0,-35.3533,0.0
08:22:40,6368.85,6300.0,-464.5075,0.0
08:22:40,6368.85,6305.0,-22.9469,0.0
08:22:40,6368.85,6310.0,-315.7645,0.0
08:22:40,6368.85,6315.0,-44.1697,0.0
08:22:40,6368.85,6320.0,-55.1607,0.0
08:22:40,6368.85,6325.0,-199.6208,0.0
08:22:40,6368.85,6330.0,-36.5612,0.0
08:22:40,6368.85,6335.0,-21.0407,0.0
08:22:40,6368.85,6340.0,-184.8503,0.0
08:22:40,6368.85,6345.0,-44.5628,0.0
08:22:40,6368.85,6350.0,-329.5677,0.0
08:22:40,6368.85,6355.0,-37.4837,0.0
08:22:40,6368.85,6360.0,-133.2233,0.0
08:22:40,6368.85,6365.0,-30.9297,0.0
08:22:40,6368.85,6370.0,-398.7921,0.0
08:22:40,6368.85,6375.0,-170.3935,0.0
08:22:40,6368.85,6380.0,-158.4019,0.0
08:22:40,6368.85,6385.0,-73.1164,0.0
08:22:40,6368.85,6390.0,-127.3634,0.0
08:22:40,6368.85,6395.0,-71.0396,0.0
08:22:40,6368.85,6400.0,-462.0278,0.0
08:22:40,6368.85,6405.0,-42.6741,0.0
08:22:40,6368.85,6410.0,-42.3609,0.0
08:22:40,6368.85,6415.0,-17.4323,0.0
08:22:40,6368.85,6420.0,-94.9783,0.0
08:22:40,6368.85,6425.0,-80.0641,0.0
08:22:40,6368.85,6430.0,39.4818,0.0
08:22:40,6368.85,6435.0,-15.8232,0.0
08:22:40,6368.85,6440.0,-188.1426,0.0
08:31:15,6368.85,6295.0,-35.3533,0.0
08:31:15,6368.85,6300.0,-464.5075,0.0
08:31:15,6368.85,6305.0,-22.9469,0.0
08:31:15,6368.85,6310.0,-315.7645,0.0
08:31:15,6368.85,6315.0,-44.1697,0.0
08:31:15,6368.85,6320.0,-55.1607,0.0
08:31:15,6368.85,6325.0,-199.6208,0.0
08:31:15,6368.85,6330.0,-36.5612,0.0
08:31:15,6368.85,6335.0,-21.0407,0.0
08:31:15,6368.85,6340.0,-184.8503,0.0
08:31:15,6368.85,6345.0,-44.5628,0.0
08:31:15,6368.85,6350.0,-329.5677,0.0
08:31:15,6368.85,6355.0,-37.4837,0.0
08:31:15,6368.85,6360.0,-133.2233,0.0
08:31:15,6368.85,6365.0,-30.9297,0.0
08:31:15,6368.85,6370.0,-398.7921,0.0
08:31:15,6368.85,6375.0,-170.3935,0.0
08:31:15,6368.85,6380.0,-158.4019,0.0
08:31:15,6368.85,6385.0,-73.1164,0.0
08:31:15,6368.85,6390.0,-127.3634,0.0
08:31:15,6368.85,6395.0,-71.0396,0.0
08:31:15,6368.85,6400.0,-462.0278,0.0
08:31:15,6368.85,6405.0,-42.6741,0.0
08:31:15,6368.85,6410.0,-42.3609,0.0
08:31:15,6368.85,6415.0,-17.4323,0.0
08:31:15,6368.85,6420.0,-94.9783,0.0
08:31:15,6368.85,6425.0,-80.0641,0.0
08:31:15,6368.85,6430.0,39.4818,0.0
08:31:15,6368.85,6435.0,-15.8232,0.0
08:31:15,6368.85,6440.0,-188.1426,0.0
08:34:41,6368.85,6295.0,-35.3533,0.0
08:34:41,6368.85,6300.0,-464.5075,0.0
08:34:41,6368.85,6305.0,-22.9469,0.0
08:34:41,6368.85,6310.0,-315.7645,0.0
08:34:41,6368.85,6315.0,-44.1697,0.0
08:34:41,6368.85,6320.0,-55.1607,0.0
08:34:41,6368.85,6325.0,-199.6208,0.0
08:34:41,6368.85,6330.0,-36.5612,0.0
08:34:41,6368.85,6335.0,-21.0407,0.0
08:34:41,6368.85,6340.0,-184.8503,0.0
08:34:41,6368.85,6345.0,-44.5628,0.0
08:34:41,6368.85,6350.0,-329.5677,0.0
08:34:41,6368.85,6355.0,-37.4837,0.0
08:34:41,6368.85,6360.0,-133.2233,0.0
08:34:41,6368.85,6365.0,-30.9297,0.0
08:34:41,6368.85,6370.0,-398.7921,0.0
08:34:41,6368.85,6375.0,-170.3935,0.0
08:34:41,6368.85,6380.0,-158.4019,0.0
08:34:41,6368.85,6385.0,-73.1164,0.0
08:34:41,6368.85,6390.0,-127.3634,0.0
08:34:41,6368.85,6395.0,-71.0396,0.0
08:34:41,6368.85,6400.0,-462.0278,0.0
08:34:41,6368.85,6405.0,-42.6741,0.0
08:34:41,6368.85,6410.0,-42.3609,0.0
08:34:41,6368.85,6415.0,-17.4323,0.0
08:34:41,6368.85,6420.0,-94.9783,0.0
08:34:41,6368.85,6425.0,-80.0641,0.0
08:34:41,6368.85,6430.0,39.4818,0.0
08:34:41,6368.85,6435.0,-15.8232,0.0
08:34:41,6368.85,6440.0,-188.1426,0.0
08:36:51,6368.85,6295.0,-35.3533,0.0
08:36:51,6368.85,6300.0,-464.5075,0.0
08:36:51,6368.85,6305.0,-22.9469,0.0
08:36:51,6368.85,6310.0,-315.7645,0.0
08:36:51,6368.85,6315.0,-44.1697,0.0
08:36:51,6368.85,6320.0,-55.1607,0.0
08:36:51,6368.85,6325.0,-199.6208,0.0
08:36:51,6368.85,6330.0,-36.5612,0.0
08:36:51,6368.85,6335.0,-21.0407,0.0
08:36:51,6368.85,6340.0,-184.8503,0.0
08:36:51,6368.85,6345.0,-44.5628,0.0
08:36:51,6368.85,6350.0,-329.5677,0.0
08:36:51,6368.85,6355.0,-37.4837,0.0
08:36:51,6368.85,6360.0,-133.2233,0.0
08:36:51,6368.85,6365.0,-30.9297,0.0
08:36:51,6368.85,6370.0,-398.7921,0.0
08:36:51,6368.85,6375.0,-170.3935,0.0
08:36:51,6368.85,6380.0,-158.4019,0.0
08:36:51,6368.85,6385.0,-73.1164,0.0
08:36:51,6368.85,6390.0,-127.3634,0.0
08:36:51,6368.85,6395.0,-71.0396,0.0
08:36:51,6368.85,6400.0,-462.0278,0.0
08:36:51,6368.85,6405.0,-42.6741,0.0
08:36:51,6368.85,6410.0,-42.3609,0.0
08:36:51,6368.85,6415.0,-17.4323,0.0
08:36:51,6368.85,6420.0,-94.9783,0.0
08:36:51,6368.85,6425.0,-80.0641,0.0
08:36:51,6368.85,6430.0,39.4818,0.0
08:36:51,6368.85,6435.0,-15.8232,0.0
08:36:51,6368.85,6440.0,-188.1426,0.0
08:39:01,6368.85,6295.0,-35.3533,0.0
08:39:01,6368.85,6300.0,-464.5075,0.0
08:39:01,6368.85,6305.0,-22.9469,0.0
08:39:01,6368.85,6310.0,-315.7645,0.0
08:39:01,6368.85,6315.0,-44.1697,0.0
08:39:01,6368.85,6320.0,-55.1607,0.0
08:39:01,6368.85,6325.0,-199.6208,0.0
08:39:01,6368.85,6330.0,-36.5612,0.0
08:39:01,6368.85,6335.0,-21.0407,0.0
08:39:01,6368.85,6340.0,-184.8503,0.0
08:39:01,6368.85,6345.0,-44.5628,0.0
08:39:01,6368.85,6350.0,-329.5677,0.0
08:39:01,6368.85,6355.0,-37.4837,0.0
08:39:01,6368.85,6360.0,-133.2233,0.0
08:39:01,6368.85,6365.0,-30.9297,0.0
08:39:01,6368.85,6370.0,-398.7921,0.0
08:39:01,6368.85,6375.0,-170.3935,0.0
08:39:01,6368.85,6380.0,-158.4019,0.0
08:39:01,6368.85,6385.0,-73.1164,0.0
08:39:01,6368.85,6390.0,-127.3634,0.0
08:39:01,6368.85,6395.0,-71.0396,0.0
08:39:01,6368.85,6400.0,-462.0278,0.0
08:39:01,6368.85,6405.0,-42.6741,0.0
08:39:01,6368.85,6410.0,-42.3609,0.0
08:39:01,6368.85,6415.0,-17.4323,0.0
08:39:01,6368.85,6420.0,-94.9783,0.0
08:39:01,6368.85,6425.0,-80.0641,0.0
08:39:01,6368.85,6430.0,39.4818,0.0
08:39:01,6368.85,6435.0,-15.8232,0.0
08:39:01,6368.85,6440.0,-188.1426,0.0
08:41:11,6368.85,6295.0,-35.3533,0.0
08:41:11,6368.85,6300.0,-464.5075,0.0
08:41:11,6368.85,6305.0,-22.9469,0.0
08:41:11,6368.85,6310.0,-315.7645,0.0
08:41:11,6368.85,6315.0,-44.1697,0.0
08:41:11,6368.85,6320.0,-55.1607,0.0
08:41:11,6368.85,6325.0,-199.6208,0.0
08:41:11,6368.85,6330.0,-36.5612,0.0
08:41:11,6368.85,6335.0,-21.0407,0.0
08:41:11,6368.85,6340.0,-184.8503,0.0
08:41:11,6368.85,6345.0,-44.5628,0.0
08:41:11,6368.85,6350.0,-329.5677,0.0
08:41:11,6368.85,6355.0,-37.4837,0.0
08:41:11,6368.85,6360.0,-133.2233,0.0
08:41:11,6368.85,6365.0,-30.9297,0.0
08:41:11,6368.85,6370.0,-398.7921,0.0
08:41:11,6368.85,6375.0,-170.3935,0.0
08:41:11,6368.85,6380.0,-158.4019,0.0
08:41:11,6368.85,6385.0,-73.1164,0.0
08:41:11,6368.85,6390.0,-127.3634,0.0
08:41:11,6368.85,6395.0,-71.0396,0.0
08:41:11,6368.85,6400.0,-462.0278,0.0
08:41:11,6368.85,6405.0,-42.6741,0.0
08:41:11,6368.85,6410.0,-42.3609,0.0
08:41:11,6368.85,6415.0,-17.4323,0.0
08:41:11,6368.85,6420.0,-94.9783,0.0
08:41:11,6368.85,6425.0,-80.0641,0.0
08:41:11,6368.85,6430.0,39.4818,0.0
08:41:11,6368.85,6435.0,-15.8232,0.0
08:41:11,6368.85,6440.0,-188.1426,0.0
08:43:20,6368.85,6295.0,-35.3533,0.0
08:43:20,6368.85,6300.0,-464.5075,0.0
08:43:20,6368.85,6305.0,-22.9469,0.0
08:43:20,6368.85,6310.0,-315.7645,0.0
08:43:20,6368.85,6315.0,-44.1697,0.0
08:43:20,6368.85,6320.0,-55.1607,0.0
08:43:20,6368.85,6325.0,-199.6208,0.0
08:43:20,6368.85,6330.0,-36.5612,0.0
08:43:20,6368.85,6335.0,-21.0407,0.0
08:43:20,6368.85,6340.0,-184.8503,0.0
08:43:20,6368.85,6345.0,-44.5628,0.0
08:43:20,6368.85,6350.0,-329.5677,0.0
08:43:20,6368.85,6355.0,-37.4837,0.0
08:43:20,6368.85,6360.0,-133.2233,0.0
08:43:20,6368.85,6365.0,-30.9297,0.0
08:43:20,6368.85,6370.0,-398.7921,0.0
08:43:20,6368.85,6375.0,-170.3935,0.0
08:43:20,6368.85,6380.0,-158.4019,0.0
08:43:20,6368.85,6385.0,-73.1164,0.0
08:43:20,6368.85,6390.0,-127.3634,0.0
08:43:20,6368.85,6395.0,-71.0396,0.0
08:43:20,6368.85,6400.0,-462.0278,0.0
08:43:20,6368.85,6405.0,-42.6741,0.0
08:43:20,6368.85,6410.0,-42.3609,0.0
08:43:20,6368.85,6415.0,-17.4323,0.0
08:43:20,6368.85,6420.0,-94.9783,0.0
08:43:20,6368.85,6425.0,-80.0641,0.0
08:43:20,6368.85,6430.0,39.4818,0.0
08:43:20,6368.85,6435.0,-15.8232,0.0
08:43:20,6368.85,6440.0,-188.1426,0.0
08:45:30,6368.85,6295.0,-35.3533,0.0
08:45:30,6368.85,6300.0,-464.5075,0.0
08:45:30,6368.85,6305.0,-22.9469,0.0
08:45:30,6368.85,6310.0,-315.7645,0.0
08:45:30,6368.85,6315.0,-44.1697,0.0
08:45:30,6368.85,6320.0,-55.1607,0.0
08:45:30,6368.85,6325.0,-199.6208,0.0
08:45:30,6368.85,6330.0,-36.5612,0.0
08:45:30,6368.85,6335.0,-21.0407,0.0
08:45:30,6368.85,6340.0,-184.8503,0.0
08:45:30,6368.85,6345.0,-44.5628,0.0
08:45:30,6368.85,6350.0,-329.5677,0.0
08:45:30,6368.85,6355.0,-37.4837,0.0
08:45:30,6368.85,6360.0,-133.2233,0.0
08:45:30,6368.85,6365.0,-30.9297,0.0
08:45:30,6368.85,6370.0,-398.7921,0.0
08:45:30,6368.85,6375.0,-170.3935,0.0
08:45:30,6368.85,6380.0,-158.4019,0.0
08:45:30,6368.85,6385.0,-73.1164,0.0
08:45:30,6368.85,6390.0,-127.3634,0.0
08:45:30,6368.85,6395.0,-71.0396,0.0
08:45:30,6368.85,6400.0,-462.0278,0.0
08:45:30,6368.85,6405.0,-42.6741,0.0
08:45:30,6368.85,6410.0,-42.3609,0.0
08:45:30,6368.85,6415.0,-17.4323,0.0
08:45:30,6368.85,6420.0,-94.9783,0.0
08:45:30,6368.85,6425.0,-80.0641,0.0
08:45:30,6368.85,6430.0,39.4818,0.0
08:45:30,6368.85,6435.0,-15.8232,0.0
08:45:30,6368.85,6440.0,-188.1426,0.0
08:47:40,6368.85,6295.0,-35.3533,0.0
08:47:40,6368.85,6300.0,-464.5075,0.0
08:47:40,6368.85,6305.0,-22.9469,0.0
08:47:40,6368.85,6310.0,-315.7645,0.0
08:47:40,6368.85,6315.0,-44.1697,0.0
08:47:40,6368.85,6320.0,-55.1607,0.0
08:47:40,6368.85,6325.0,-199.6208,0.0
08:47:40,6368.85,6330.0,-36.5612,0.0
08:47:40,6368.85,6335.0,-21.0407,0.0
08:47:40,6368.85,6340.0,-184.8503,0.0
08:47:40,6368.85,6345.0,-44.5628,0.0
08:47:40,6368.85,6350.0,-329.5677,0.0
08:47:40,6368.85,6355.0,-37.4837,0.0
08:47:40,6368.85,6360.0,-133.2233,0.0
08:47:40,6368.85,6365.0,-30.9297,0.0
08:47:40,6368.85,6370.0,-398.7921,0.0
08:47:40,6368.85,6375.0,-170.3935,0.0
08:47:40,6368.85,6380.0,-158.4019,0.0
08:47:40,6368.85,6385.0,-73.1164,0.0
08:47:40,6368.85,6390.0,-127.3634,0.0
08:47:40,6368.85,6395.0,-71.0396,0.0
08:47:40,6368.85,6400.0,-462.0278,0.0
08:47:40,6368.85,6405.0,-42.6741,0.0
08:47:40,6368.85,6410.0,-42.3609,0.0
08:47:40,6368.85,6415.0,-17.4323,0.0
08:47:40,6368.85,6420.0,-94.9783,0.0
08:47:40,6368.85,6425.0,-80.0641,0.0
08:47:40,6368.85,6430.0,39.4818,0.0
08:47:40,6368.85,6435.0,-15.8232,0.0
08:47:40,6368.85,6440.0,-188.1426,0.0
08:49:49,6368.85,6295.0,-35.3533,0.0
08:49:49,6368.85,6300.0,-464.5075,0.0
08:49:49,6368.85,6305.0,-22.9469,0.0
08:49:49,6368.85,6310.0,-315.7645,0.0
08:49:49,6368.85,6315.0,-44.1697,0.0
08:49:49,6368.85,6320.0,-55.1607,0.0
08:49:49,6368.85,6325.0,-199.6208,0.0
08:49:49,6368.85,6330.0,-36.5612,0.0
08:49:49,6368.85,6335.0,-21.0407,0.0
08:49:49,6368.85,6340.0,-184.8503,0.0
08:49:49,6368.85,6345.0,-44.5628,0.0
08:49:49,6368.85,6350.0,-329.5677,0.0
08:49:49,6368.85,6355.0,-37.4837,0.0
08:49:49,6368.85,6360.0,-133.2233,0.0
08:49:49,6368.85,6365.0,-30.9297,0.0
08:49:49,6368.85,6370.0,-398.7921,0.0
08:49:49,6368.85,6375.0,-170.3935,0.0
08:49:49,6368.85,6380.0,-158.4019,0.0
08:49:49,6368.85,6385.0,-73.1164,0.0
08:49:49,6368.85,6390.0,-127.3634,0.0
08:49:49,6368.85,6395.0,-71.0396,0.0
08:49:49,6368.85,6400.0,-462.0278,0.0
08:49:49,6368.85,6405.0,-42.6741,0.0
08:49:49,6368.85,6410.0,-42.3609,0.0
08:49:49,6368.85,6415.0,-17.4323,0.0
08:49:49,6368.85,6420.0,-94.9783,0.0
08:49:49,6368.85,6425.0,-80.0641,0.0
08:49:49,6368.85,6430.0,39.4818,0.0
08:49:49,6368.85,6435.0,-15.8232,0.0
08:49:49,6368.85,6440.0,-188.1426,0.0
08:51:59,6368.85,6295.0,-35.3533,0.0
08:51:59,6368.85,6300.0,-464.5075,0.0
08:51:59,6368.85,6305.0,-22.9469,0.0
08:51:59,6368.85,6310.0,-315.7645,0.0
08:51:59,6368.85,6315.0,-44.1697,0.0
08:51:59,6368.85,6320.0,-55.1607,0.0
08:51:59,6368.85,6325.0,-199.6208,0.0
08:51:59,6368.85,6330.0,-36.5612,0.0
08:51:59,6368.85,6335.0,-21.0407,0.0
08:51:59,6368.85,6340.0,-184.8503,0.0
08:51:59,6368.85,6345.0,-44.5628,0.0
08:51:59,6368.85,6350.0,-329.5677,0.0
08:51:59,6368.85,6355.0,-37.4837,0.0
08:51:59,6368.85,6360.0,-133.2233,0.0
08:51:59,6368.85,6365.0,-30.9297,0.0
08:51:59,6368.85,6370.0,-398.7921,0.0
08:51:59,6368.85,6375.0,-170.3935,0.0
08:51:59,6368.85,6380.0,-158.4019,0.0
08:51:59,6368.85,6385.0,-73.1164,0.0
08:51:59,6368.85,6390.0,-127.3634,0.0
08:51:59,6368.85,6395.0,-71.0396,0.0
08:51:59,6368.85,6400.0,-462.0278,0.0
08:51:59,6368.85,6405.0,-42.6741,0.0
08:51:59,6368.85,6410.0,-42.3609,0.0
08:51:59,6368.85,6415.0,-17.4323,0.0
08:51:59,6368.85,6420.0,-94.9783,0.0
08:51:59,6368.85,6425.0,-80.0641,0.0
08:51:59,6368.85,6430.0,39.4818,0.0
08:51:59,6368.85,6435.0,-15.8232,0.0
08:51:59,6368.85,6440.0,-188.1426,0.0
08:54:09,6368.85,6295.0,-35.3533,0.0
08:54:09,6368.85,6300.0,-464.5075,0.0
08:54:09,6368.85,6305.0,-22.9469,0.0
08:54:09,6368.85,6310.0,-315.7645,0.0
08:54:09,6368.85,6315.0,-44.1697,0.0
08:54:09,6368.85,6320.0,-55.1607,0.0
08:54:09,6368.85,6325.0,-199.6208,0.0
08:54:09,6368.85,6330.0,-36.5612,0.0
08:54:09,6368.85,6335.0,-21.0407,0.0
08:54:09,6368.85,6340.0,-184.8503,0.0
08:54:09,6368.85,6345.0,-44.5628,0.0
08:54:09,6368.85,6350.0,-329.5677,0.0
08:54:09,6368.85,6355.0,-37.4837,0.0
08:54:09,6368.85,6360.0,-133.2233,0.0
08:54:09,6368.85,6365.0,-30.9297,0.0
08:54:09,6368.85,6370.0,-398.7921,0.0
08:54:09,6368.85,6375.0,-170.3935,0.0
08:54:09,6368.85,6380.0,-158.4019,0.0
08:54:09,6368.85,6385.0,-73.1164,0.0
08:54:09,6368.85,6390.0,-127.3634,0.0
08:54:09,6368.85,6395.0,-71.0396,0.0
08:54:09,6368.85,6400.0,-462.0278,0.0
08:54:09,6368.85,6405.0,-42.6741,0.0
08:54:09,6368.85,6410.0,-42.3609,0.0
08:54:09,6368.85,6415.0,-17.4323,0.0
08:54:09,6368.85,6420.0,-94.9783,0.0
08:54:09,6368.85,6425.0,-80.0641,0.0
08:54:09,6368.85,6430.0,39.4818,0.0
08:54:09,6368.85,6435.0,-15.8232,0.0
08:54:09,6368.85,6440.0,-188.1426,0.0
08:56:18,6368.85,6295.0,-35.3533,0.0
08:56:18,6368.85,6300.0,-464.5075,0.0
08:56:18,6368.85,6305.0,-22.9469,0.0
08:56:18,6368.85,6310.0,-315.7645,0.0
08:56:18,6368.85,6315.0,-44.1697,0.0
08:56:18,6368.85,6320.0,-55.1607,0.0
08:56:18,6368.85,6325.0,-199.6208,0.0
08:56:18,6368.85,6330.0,-36.5612,0.0
08:56:18,6368.85,6335.0,-21.0407,0.0
08:56:18,6368.85,6340.0,-184.8503,0.0
08:56:18,6368.85,6345.0,-44.5628,0.0
08:56:18,6368.85,6350.0,-329.5677,0.0
08:56:18,6368.85,6355.0,-37.4837,0.0
08:56:18,6368.85,6360.0,-133.2233,0.0
08:56:18,6368.85,6365.0,-30.9297,0.0
08:56:18,6368.85,6370.0,-398.7921,0.0
08:56:18,6368.85,6375.0,-170.3935,0.0
08:56:18,6368.85,6380.0,-158.4019,0.0
08:56:18,6368.85,6385.0,-73.1164,0.0
08:56:18,6368.85,6390.0,-127.3634,0.0
08:56:18,6368.85,6395.0,-71.0396,0.0
08:56:18,6368.85,6400.0,-462.0278,0.0
08:56:18,6368.85,6405.0,-42.6741,0.0
08:56:18,6368.85,6410.0,-42.3609,0.0
08:56:18,6368.85,6415.0,-17.4323,0.0
08:56:18,6368.85,6420.0,-94.9783,0.0
08:56:18,6368.85,6425.0,-80.0641,0.0
08:56:18,6368.85,6430.0,39.4818,0.0
08:56:18,6368.85,6435.0,-15.8232,0.0
08:56:18,6368.85,6440.0,-188.1426,0.0
08:58:28,6368.85,6295.0,-35.3533,0.0
08:58:28,6368.85,6300.0,-464.5075,0.0
08:58:28,6368.85,6305.0,-22.9469,0.0
08:58:28,6368.85,6310.0,-315.7645,0.0
08:58:28,6368.85,6315.0,-44.1697,0.0
08:58:28,6368.85,6320.0,-55.1607,0.0
08:58:28,6368.85,6325.0,-199.6208,0.0
08:58:28,6368.85,6330.0,-36.5612,0.0
08:58:28,6368.85,6335.0,-21.0407,0.0
08:58:28,6368.85,6340.0,-184.8503,0.0
08:58:28,6368.85,6345.0,-44.5628,0.0
08:58:28,6368.85,6350.0,-329.5677,0.0
08:58:28,6368.85,6355.0,-37.4837,0.0
08:58:28,6368.85,6360.0,-133.2233,0.0
08:58:28,6368.85,6365.0,-30.9297,0.0
08:58:28,6368.85,6370.0,-398.7921,0.0
08:58:28,6368.85,6375.0,-170.3935,0.0
08:58:28,6368.85,6380.0,-158.4019,0.0
08:58:28,6368.85,6385.0,-73.1164,0.0
08:58:28,6368.85,6390.0,-127.3634,0.0
08:58:28,6368.85,6395.0,-71.0396,0.0
08:58:28,6368.85,6400.0,-462.0278,0.0
08:58:28,6368.85,6405.0,-42.6741,0.0
08:58:28,6368.85,6410.0,-42.3609,0.0
08:58:28,6368.85,6415.0,-17.4323,0.0
08:58:28,6368.85,6420.0,-94.9783,0.0
08:58:28,6368.85,6425.0,-80.0641,0.0
08:58:28,6368.85,6430.0,39.4818,0.0
08:58:28,6368.85,6435.0,-15.8232,0.0
08:58:28,6368.85,6440.0,-188.1426,0.0
09:00:38,6368.85,6295.0,-35.3533,0.0
09:00:38,6368.85,6300.0,-464.5075,0.0
09:00:38,6368.85,6305.0,-22.9469,0.0
09:00:38,6368.85,6310.0,-315.7645,0.0
09:00:38,6368.85,6315.0,-44.1697,0.0
09:00:38,6368.85,6320.0,-55.1607,0.0
09:00:38,6368.85,6325.0,-199.6208,0.0
09:00:38,6368.85,6330.0,-36.5612,0.0
09:00:38,6368.85,6335.0,-21.0407,0.0
09:00:38,6368.85,6340.0,-184.8503,0.0
09:00:38,6368.85,6345.0,-44.5628,0.0
09:00:38,6368.85,6350.0,-329.5677,0.0
09:00:38,6368.85,6355.0,-37.4837,0.0
09:00:38,6368.85,6360.0,-133.2233,0.0
09:00:38,6368.85,6365.0,-30.9297,0.0
09:00:38,6368.85,6370.0,-398.7921,0.0
09:00:38,6368.85,6375.0,-170.3935,0.0
09:00:38,6368.85,6380.0,-158.4019,0.0
09:00:38,6368.85,6385.0,-73.1164,0.0
09:00:38,6368.85,6390.0,-127.3634,0.0
09:00:38,6368.85,6395.0,-71.0396,0.0
09:00:38,6368.85,6400.0,-462.0278,0.0
09:00:38,6368.85,6405.0,-42.6741,0.0
09:00:38,6368.85,6410.0,-42.3609,0.0
09:00:38,6368.85,6415.0,-17.4323,0.0
09:00:38,6368.85,6420.0,-94.9783,0.0
09:00:38,6368.85,6425.0,-80.0641,0.0
09:00:38,6368.85,6430.0,39.4818,0.0
09:00:38,6368.85,6435.0,-15.8232,0.0
09:00:38,6368.85,6440.0,-188.1426,0.0
09:02:47,6368.85,6295.0,-35.3533,0.0
09:02:47,6368.85,6300.0,-464.5075,0.0
09:02:47,6368.85,6305.0,-22.9469,0.0
09:02:47,6368.85,6310.0,-315.7645,0.0
09:02:47,6368.85,6315.0,-44.1697,0.0
09:02:47,6368.85,6320.0,-55.1607,0.0
09:02:47,6368.85,6325.0,-199.6208,0.0
09:02:47,6368.85,6330.0,-36.5612,0.0
09:02:47,6368.85,6335.0,-21.0407,0.0
09:02:47,6368.85,6340.0,-184.8503,0.0
09:02:47,6368.85,6345.0,-44.5628,0.0
09:02:47,6368.85,6350.0,-329.5677,0.0
09:02:47,6368.85,6355.0,-37.4837,0.0
09:02:47,6368.85,6360.0,-133.2233,0.0
09:02:47,6368.85,6365.0,-30.9297,0.0
09:02:47,6368.85,6370.0,-398.7921,0.0
09:02:47,6368.85,6375.0,-170.3935,0.0
09:02:47,6368.85,6380.0,-158.4019,0.0
09:02:47,6368.85,6385.0,-73.1164,0.0
09:02:47,6368.85,6390.0,-127.3634,0.0
09:02:47,6368.85,6395.0,-71.0396,0.0
09:02:47,6368.85,6400.0,-462.0278,0.0
09:02:47,6368.85,6405.0,-42.6741,0.0
09:02:47,6368.85,6410.0,-42.3609,0.0
09:02:47,6368.85,6415.0,-17.4323,0.0
09:02:47,6368.85,6420.0,-94.9783,0.0
09:02:47,6368.85,6425.0,-80.0641,0.0
09:02:47,6368.85,6430.0,39.4818,0.0
09:02:47,6368.85,6435.0,-15.8232,0.0
09:02:47,6368.85,6440.0,-188.1426,0.0
09:04:57,6368.85,6295.0,-35.3533,0.0
09:04:57,6368.85,6300.0,-464.5075,0.0
09:04:57,6368.85,6305.0,-22.9469,0.0
09:04:57,6368.85,6310.0,-315.7645,0.0
09:04:57,6368.85,6315.0,-44.1697,0.0
09:04:57,6368.85,6320.0,-55.1607,0.0
09:04:57,6368.85,6325.0,-199.6208,0.0
09:04:57,6368.85,6330.0,-36.5612,0.0
09:04:57,6368.85,6335.0,-21.0407,0.0
09:04:57,6368.85,6340.0,-184.8503,0.0
09:04:57,6368.85,6345.0,-44.5628,0.0
09:04:57,6368.85,6350.0,-329.5677,0.0
09:04:57,6368.85,6355.0,-37.4837,0.0
09:04:57,6368.85,6360.0,-133.2233,0.0
09:04:57,6368.85,6365.0,-30.9297,0.0
09:04:57,6368.85,6370.0,-398.7921,0.0
09:04:57,6368.85,6375.0,-170.3935,0.0
09:04:57,6368.85,6380.0,-158.4019,0.0
09:04:57,6368.85,6385.0,-73.1164,0.0
09:04:57,6368.85,6390.0,-127.3634,0.0
09:04:57,6368.85,6395.0,-71.0396,0.0
09:04:57,6368.85,6400.0,-462.0278,0.0
09:04:57,6368.85,6405.0,-42.6741,0.0
09:04:57,6368.85,6410.0,-42.3609,0.0
09:04:57,6368.85,6415.0,-17.4323,0.0
09:04:57,6368.85,6420.0,-94.9783,0.0
09:04:57,6368.85,6425.0,-80.0641,0.0
09:04:57,6368.85,6430.0,39.4818,0.0
09:04:57,6368.85,6435.0,-15.8232,0.0
09:04:57,6368.85,6440.0,-188.1426,0.0
09:07:07,6368.85,6295.0,-35.3533,0.0
09:07:07,6368.85,6300.0,-464.5075,0.0
09:07:07,6368.85,6305.0,-22.9469,0.0
09:07:07,6368.85,6310.0,-315.7645,0.0
09:07:07,6368.85,6315.0,-44.1697,0.0
09:07:07,6368.85,6320.0,-55.1607,0.0
09:07:07,6368.85,6325.0,-199.6208,0.0
09:07:07,6368.85,6330.0,-36.5612,0.0
09:07:07,6368.85,6335.0,-21.0407,0.0
09:07:07,6368.85,6340.0,-184.8503,0.0
09:07:07,6368.85,6345.0,-44.5628,0.0
09:07:07,6368.85,6350.0,-329.5677,0.0
09:07:07,6368.85,6355.0,-37.4837,0.0
09:07:07,6368.85,6360.0,-133.2233,0.0
09:07:07,6368.85,6365.0,-30.9297,0.0
09:07:07,6368.85,6370.0,-398.7921,0.0
09:07:07,6368.85,6375.0,-170.3935,0.0
09:07:07,6368.85,6380.0,-158.4019,0.0
09:07:07,6368.85,6385.0,-73.1164,0.0
09:07:07,6368.85,6390.0,-127.3634,0.0
09:07:07,6368.85,6395.0,-71.0396,0.0
09:07:07,6368.85,6400.0,-462.0278,0.0
09:07:07,6368.85,6405.0,-42.6741,0.0
09:07:07,6368.85,6410.0,-42.3609,0.0
09:07:07,6368.85,6415.0,-17.4323,0.0
09:07:07,6368.85,6420.0,-94.9783,0.0
09:07:07,6368.85,6425.0,-80.0641,0.0
09:07:07,6368.85,6430.0,39.4818,0.0
09:07:07,6368.85,6435.0,-15.8232,0.0
09:07:07,6368.85,6440.0,-188.1426,0.0
09:09:17,6368.85,6295.0,-35.3533,0.0
09:09:17,6368.85,6300.0,-464.5075,0.0
09:09:17,6368.85,6305.0,-22.9469,0.0
09:09:17,6368.85,6310.0,-315.7645,0.0
09:09:17,6368.85,6315.0,-44.1697,0.0
09:09:17,6368.85,6320.0,-55.1607,0.0
09:09:17,6368.85,6325.0,-199.6208,0.0
09:09:17,6368.85,6330.0,-36.5612,0.0
09:09:17,6368.85,6335.0,-21.0407,0.0
09:09:17,6368.85,6340.0,-184.8503,0.0
09:09:17,6368.85,6345.0,-44.5628,0.0
09:09:17,6368.85,6350.0,-329.5677,0.0
09:09:17,6368.85,6355.0,-37.4837,0.0
09:09:17,6368.85,6360.0,-133.2233,0.0
09:09:17,6368.85,6365.0,-30.9297,0.0
09:09:17,6368.85,6370.0,-398.7921,0.0
09:09:17,6368.85,6375.0,-170.3935,0.0
09:09:17,6368.85,6380.0,-158.4019,0.0
09:09:17,6368.85,6385.0,-73.1164,0.0
09:09:17,6368.85,6390.0,-127.3634,0.0
09:09:17,6368.85,6395.0,-71.0396,0.0
09:09:17,6368.85,6400.0,-462.0278,0.0
09:09:17,6368.85,6405.0,-42.6741,0.0
09:09:17,6368.85,6410.0,-42.3609,0.0
09:09:17,6368.85,6415.0,-17.4323,0.0
09:09:17,6368.85,6420.0,-94.9783,0.0
09:09:17,6368.85,6425.0,-80.0641,0.0
09:09:17,6368.85,6430.0,39.4818,0.0
09:09:17,6368.85,6435.0,-15.8232,0.0
09:09:17,6368.85,6440.0,-188.1426,0.0
09:11:26,6368.85,6295.0,-35.3533,0.0
09:11:26,6368.85,6300.0,-464.5075,0.0
09:11:26,6368.85,6305.0,-22.9469,0.0
09:11:26,6368.85,6310.0,-315.7645,0.0
09:11:26,6368.85,6315.0,-44.1697,0.0
09:11:26,6368.85,6320.0,-55.1607,0.0
09:11:26,6368.85,6325.0,-199.6208,0.0
09:11:26,6368.85,6330.0,-36.5612,0.0
09:11:26,6368.85,6335.0,-21.0407,0.0
09:11:26,6368.85,6340.0,-184.8503,0.0
09:11:26,6368.85,6345.0,-44.5628,0.0
09:11:26,6368.85,6350.0,-329.5677,0.0
09:11:26,6368.85,6355.0,-37.4837,0.0
09:11:26,6368.85,6360.0,-133.2233,0.0
09:11:26,6368.85,6365.0,-30.9297,0.0
09:11:26,6368.85,6370.0,-398.7921,0.0
09:11:26,6368.85,6375.0,-170.3935,0.0
09:11:26,6368.85,6380.0,-158.4019,0.0
09:11:26,6368.85,6385.0,-73.1164,0.0
09:11:26,6368.85,6390.0,-127.3634,0.0
09:11:26,6368.85,6395.0,-71.0396,0.0
09:11:26,6368.85,6400.0,-462.0278,0.0
09:11:26,6368.85,6405.0,-42.6741,0.0
09:11:26,6368.85,6410.0,-42.3609,0.0
09:11:26,6368.85,6415.0,-17.4323,0.0
09:11:26,6368.85,6420.0,-94.9783,0.0
09:11:26,6368.85,6425.0,-80.0641,0.0
09:11:26,6368.85,6430.0,39.4818,0.0
09:11:26,6368.85,6435.0,-15.8232,0.0
09:11:26,6368.85,6440.0,-188.1426,0.0
09:13:36,6368.85,6295.0,-35.3533,0.0
09:13:36,6368.85,6300.0,-464.5075,0.0
09:13:36,6368.85,6305.0,-22.9469,0.0
09:13:36,6368.85,6310.0,-315.7645,0.0
09:13:36,6368.85,6315.0,-44.1697,0.0
09:13:36,6368.85,6320.0,-55.1607,0.0
09:13:36,6368.85,6325.0,-199.6208,0.0
09:13:36,6368.85,6330.0,-36.5612,0.0
09:13:36,6368.85,6335.0,-21.0407,0.0
09:13:36,6368.85,6340.0,-184.8503,0.0
09:13:36,6368.85,6345.0,-44.5628,0.0
09:13:36,6368.85,6350.0,-329.5677,0.0
09:13:36,6368.85,6355.0,-37.4837,0.0
09:13:36,6368.85,6360.0,-133.2233,0.0
09:13:36,6368.85,6365.0,-30.9297,0.0
09:13:36,6368.85,6370.0,-398.7921,0.0
09:13:36,6368.85,6375.0,-170.3935,0.0
09:13:36,6368.85,6380.0,-158.4019,0.0
09:13:36,6368.85,6385.0,-73.1164,0.0
09:13:36,6368.85,6390.0,-127.3634,0.0
09:13:36,6368.85,6395.0,-71.0396,0.0
09:13:36,6368.85,6400.0,-462.0278,0.0
09:13:36,6368.85,6405.0,-42.6741,0.0
09:13:36,6368.85,6410.0,-42.3609,0.0
09:13:36,6368.85,6415.0,-17.4323,0.0
09:13:36,6368.85,6420.0,-94.9783,0.0
09:13:36,6368.85,6425.0,-80.0641,0.0
09:13:36,6368.85,6430.0,39.4818,0.0
09:13:36,6368.85,6435.0,-15.8232,0.0
09:13:36,6368.85,6440.0,-188.1426,0.0
09:15:46,6368.85,6295.0,-35.3533,0.0
09:15:46,6368.85,6300.0,-464.5075,0.0
09:15:46,6368.85,6305.0,-22.9469,0.0
09:15:46,6368.85,6310.0,-315.7645,0.0
09:15:46,6368.85,6315.0,-44.1697,0.0
09:15:46,6368.85,6320.0,-55.1607,0.0
09:15:46,6368.85,6325.0,-199.6208,0.0
09:15:46,6368.85,6330.0,-36.5612,0.0
09:15:46,6368.85,6335.0,-21.0407,0.0
09:15:46,6368.85,6340.0,-184.8503,0.0
09:15:46,6368.85,6345.0,-44.5628,0.0
09:15:46,6368.85,6350.0,-329.5677,0.0
09:15:46,6368.85,6355.0,-37.4837,0.0
09:15:46,6368.85,6360.0,-133.2233,0.0
09:15:46,6368.85,6365.0,-30.9297,0.0
09:15:46,6368.85,6370.0,-398.7921,0.0
09:15:46,6368.85,6375.0,-170.3935,0.0
09:15:46,6368.85,6380.0,-158.4019,0.0
09:15:46,6368.85,6385.0,-73.1164,0.0
09:15:46,6368.85,6390.0,-127.3634,0.0
09:15:46,6368.85,6395.0,-71.0396,0.0
09:15:46,6368.85,6400.0,-462.0278,0.0
09:15:46,6368.85,6405.0,-42.6741,0.0
09:15:46,6368.85,6410.0,-42.3609,0.0
09:15:46,6368.85,6415.0,-17.4323,0.0
09:15:46,6368.85,6420.0,-94.9783,0.0
09:15:46,6368.85,6425.0,-80.0641,0.0
09:15:46,6368.85,6430.0,39.4818,0.0
09:15:46,6368.85,6435.0,-15.8232,0.0
09:15:46,6368.85,6440.0,-188.1426,0.0
09:17:55,6368.85,6295.0,-35.3533,0.0
09:17:55,6368.85,6300.0,-464.5075,0.0
09:17:55,6368.85,6305.0,-22.9469,0.0
09:17:55,6368.85,6310.0,-315.7645,0.0
09:17:55,6368.85,6315.0,-44.1697,0.0
09:17:55,6368.85,6320.0,-55.1607,0.0
09:17:55,6368.85,6325.0,-199.6208,0.0
09:17:55,6368.85,6330.0,-36.5612,0.0
09:17:55,6368.85,6335.0,-21.0407,0.0
09:17:55,6368.85,6340.0,-184.8503,0.0
09:17:55,6368.85,6345.0,-44.5628,0.0
09:17:55,6368.85,6350.0,-329.5677,0.0
09:17:55,6368.85,6355.0,-37.4837,0.0
09:17:55,6368.85,6360.0,-133.2233,0.0
09:17:55,6368.85,6365.0,-30.9297,0.0
09:17:55,6368.85,6370.0,-398.7921,0.0
09:17:55,6368.85,6375.0,-170.3935,0.0
09:17:55,6368.85,6380.0,-158.4019,0.0
09:17:55,6368.85,6385.0,-73.1164,0.0
09:17:55,6368.85,6390.0,-127.3634,0.0
09:17:55,6368.85,6395.0,-71.0396,0.0
09:17:55,6368.85,6400.0,-462.0278,0.0
09:17:55,6368.85,6405.0,-42.6741,0.0
09:17:55,6368.85,6410.0,-42.3609,0.0
09:17:55,6368.85,6415.0,-17.4323,0.0
09:17:55,6368.85,6420.0,-94.9783,0.0
09:17:55,6368.85,6425.0,-80.0641,0.0
09:17:55,6368.85,6430.0,39.4818,0.0
09:17:55,6368.85,6435.0,-15.8232,0.0
09:17:55,6368.85,6440.0,-188.1426,0.0
09:20:05,6368.85,6295.0,-35.3533,0.0
09:20:05,6368.85,6300.0,-464.5075,0.0
09:20:05,6368.85,6305.0,-22.9469,0.0
09:20:05,6368.85,6310.0,-315.7645,0.0
09:20:05,6368.85,6315.0,-44.1697,0.0
09:20:05,6368.85,6320.0,-55.1607,0.0
09:20:05,6368.85,6325.0,-199.6208,0.0
09:20:05,6368.85,6330.0,-36.5612,0.0
09:20:05,6368.85,6335.0,-21.0407,0.0
09:20:05,6368.85,6340.0,-184.8503,0.0
09:20:05,6368.85,6345.0,-44.5628,0.0
09:20:05,6368.85,6350.0,-329.5677,0.0
09:20:05,6368.85,6355.0,-37.4837,0.0
09:20:05,6368.85,6360.0,-133.2233,0.0
09:20:05,6368.85,6365.0,-30.9297,0.0
09:20:05,6368.85,6370.0,-398.7921,0.0
09:20:05,6368.85,6375.0,-170.3935,0.0
09:20:05,6368.85,6380.0,-158.4019,0.0
09:20:05,6368.85,6385.0,-73.1164,0.0
09:20:05,6368.85,6390.0,-127.3634,0.0
09:20:05,6368.85,6395.0,-71.0396,0.0
09:20:05,6368.85,6400.0,-462.0278,0.0
09:20:05,6368.85,6405.0,-42.6741,0.0
09:20:05,6368.85,6410.0,-42.3609,0.0
09:20:05,6368.85,6415.0,-17.4323,0.0
09:20:05,6368.85,6420.0,-94.9783,0.0
09:20:05,6368.85,6425.0,-80.0641,0.0
09:20:05,6368.85,6430.0,39.4818,0.0
09:20:05,6368.85,6435.0,-15.8232,0.0
09:20:05,6368.85,6440.0,-188.1426,0.0
09:22:15,6368.85,6295.0,-35.3533,0.0
09:22:15,6368.85,6300.0,-464.5075,0.0
09:22:15,6368.85,6305.0,-22.9469,0.0
09:22:15,6368.85,6310.0,-315.7645,0.0
09:22:15,6368.85,6315.0,-44.1697,0.0
09:22:15,6368.85,6320.0,-55.1607,0.0
09:22:15,6368.85,6325.0,-199.6208,0.0
09:22:15,6368.85,6330.0,-36.5612,0.0
09:22:15,6368.85,6335.0,-21.0407,0.0
09:22:15,6368.85,6340.0,-184.8503,0.0
09:22:15,6368.85,6345.0,-44.5628,0.0
09:22:15,6368.85,6350.0,-329.5677,0.0
09:22:15,6368.85,6355.0,-37.4837,0.0
09:22:15,6368.85,6360.0,-133.2233,0.0
09:22:15,6368.85,6365.0,-30.9297,0.0
09:22:15,6368.85,6370.0,-398.7921,0.0
09:22:15,6368.85,6375.0,-170.3935,0.0
09:22:15,6368.85,6380.0,-158.4019,0.0
09:22:15,6368.85,6385.0,-73.1164,0.0
09:22:15,6368.85,6390.0,-127.3634,0.0
09:22:15,6368.85,6395.0,-71.0396,0.0
09:22:15,6368.85,6400.0,-462.0278,0.0
09:22:15,6368.85,6405.0,-42.6741,0.0
09:22:15,6368.85,6410.0,-42.3609,0.0
09:22:15,6368.85,6415.0,-17.4323,0.0
09:22:15,6368.85,6420.0,-94.9783,0.0
09:22:15,6368.85,6425.0,-80.0641,0.0
09:22:15,6368.85,6430.0,39.4818,0.0
09:22:15,6368.85,6435.0,-15.8232,0.0
09:22:15,6368.85,6440.0,-188.1426,0.0
09:24:24,6368.85,6295.0,-35.3533,0.0
09:24:24,6368.85,6300.0,-464.5075,0.0
09:24:24,6368.85,6305.0,-22.9469,0.0
09:24:24,6368.85,6310.0,-315.7645,0.0
09:24:24,6368.85,6315.0,-44.1697,0.0
09:24:24,6368.85,6320.0,-55.1607,0.0
09:24:24,6368.85,6325.0,-199.6208,0.0
09:24:24,6368.85,6330.0,-36.5612,0.0
09:24:24,6368.85,6335.0,-21.0407,0.0
09:24:24,6368.85,6340.0,-184.8503,0.0
09:24:24,6368.85,6345.0,-44.5628,0.0
09:24:24,6368.85,6350.0,-329.5677,0.0
09:24:24,6368.85,6355.0,-37.4837,0.0
09:24:24,6368.85,6360.0,-133.2233,0.0
09:24:24,6368.85,6365.0,-30.9297,0.0
09:24:24,6368.85,6370.0,-398.7921,0.0
09:24:24,6368.85,6375.0,-170.3935,0.0
09:24:24,6368.85,6380.0,-158.4019,0.0
09:24:24,6368.85,6385.0,-73.1164,0.0
09:24:24,6368.85,6390.0,-127.3634,0.0
09:24:24,6368.85,6395.0,-71.0396,0.0
09:24:24,6368.85,6400.0,-462.0278,0.0
09:24:24,6368.85,6405.0,-42.6741,0.0
09:24:24,6368.85,6410.0,-42.3609,0.0
09:24:24,6368.85,6415.0,-17.4323,0.0
09:24:24,6368.85,6420.0,-94.9783,0.0
09:24:24,6368.85,6425.0,-80.0641,0.0
09:24:24,6368.85,6430.0,39.4818,0.0
09:24:24,6368.85,6435.0,-15.8232,0.0
09:24:24,6368.85,6440.0,-188.1426,0.0
09:26:34,6368.85,6295.0,-35.3533,0.0
09:26:34,6368.85,6300.0,-464.5075,0.0
09:26:34,6368.85,6305.0,-22.9469,0.0
09:26:34,6368.85,6310.0,-315.7645,0.0
09:26:34,6368.85,6315.0,-44.1697,0.0
09:26:34,6368.85,6320.0,-55.1607,0.0
09:26:34,6368.85,6325.0,-199.6208,0.0
09:26:34,6368.85,6330.0,-36.5612,0.0
09:26:34,6368.85,6335.0,-21.0407,0.0
09:26:34,6368.85,6340.0,-184.8503,0.0
09:26:34,6368.85,6345.0,-44.5628,0.0
09:26:34,6368.85,6350.0,-329.5677,0.0
09:26:34,6368.85,6355.0,-37.4837,0.0
09:26:34,6368.85,6360.0,-133.2233,0.0
09:26:34,6368.85,6365.0,-30.9297,0.0
09:26:34,6368.85,6370.0,-398.7921,0.0
09:26:34,6368.85,6375.0,-170.3935,0.0
09:26:34,6368.85,6380.0,-158.4019,0.0
09:26:34,6368.85,6385.0,-73.1164,0.0
09:26:34,6368.85,6390.0,-127.3634,0.0
09:26:34,6368.85,6395.0,-71.0396,0.0
09:26:34,6368.85,6400.0,-462.0278,0.0
09:26:34,6368.85,6405.0,-42.6741,0.0
09:26:34,6368.85,6410.0,-42.3609,0.0
09:26:34,6368.85,6415.0,-17.4323,0.0
09:26:34,6368.85,6420.0,-94.9783,0.0
09:26:34,6368.85,6425.0,-80.0641,0.0
09:26:34,6368.85,6430.0,39.4818,0.0
09:26:34,6368.85,6435.0,-15.8232,0.0
09:26:34,6368.85,6440.0,-188.1426,0.0
09:28:44,6368.85,6295.0,-35.3533,0.0
09:28:44,6368.85,6300.0,-464.5075,0.0
09:28:44,6368.85,6305.0,-22.9469,0.0
09:28:44,6368.85,6310.0,-315.7645,0.0
09:28:44,6368.85,6315.0,-44.1697,0.0
09:28:44,6368.85,6320.0,-55.1607,0.0
09:28:44,6368.85,6325.0,-199.6208,0.0
09:28:44,6368.85,6330.0,-36.5612,0.0
09:28:44,6368.85,6335.0,-21.0407,0.0
09:28:44,6368.85,6340.0,-184.8503,0.0
09:28:44,6368.85,6345.0,-44.5628,0.0
09:28:44,6368.85,6350.0,-329.5677,0.0
09:28:44,6368.85,6355.0,-37.4837,0.0
09:28:44,6368.85,6360.0,-133.2233,0.0
09:28:44,6368.85,6365.0,-30.9297,0.0
09:28:44,6368.85,6370.0,-398.7921,0.0
09:28:44,6368.85,6375.0,-170.3935,0.0
09:28:44,6368.85,6380.0,-158.4019,0.0
09:28:44,6368.85,6385.0,-73.1164,0.0
09:28:44,6368.85,6390.0,-127.3634,0.0
09:28:44,6368.85,6395.0,-71.0396,0.0
09:28:44,6368.85,6400.0,-462.0278,0.0
09:28:44,6368.85,6405.0,-42.6741,0.0
09:28:44,6368.85,6410.0,-42.3609,0.0
09:28:44,6368.85,6415.0,-17.4323,0.0
09:28:44,6368.85,6420.0,-94.9783,0.0
09:28:44,6368.85,6425.0,-80.0641,0.0
09:28:44,6368.85,6430.0,39.4818,0.0
09:28:44,6368.85,6435.0,-15.8232,0.0
09:28:44,6368.85,6440.0,-188.1426,0.0
09:30:53,6368.85,6295.0,-35.3533,0.0
09:30:53,6368.85,6300.0,-464.5075,0.0
09:30:53,6368.85,6305.0,-22.9469,0.0
09:30:53,6368.85,6310.0,-315.7645,0.0
09:30:53,6368.85,6315.0,-44.1697,0.0
09:30:53,6368.85,6320.0,-55.1607,0.0
09:30:53,6368.85,6325.0,-199.6208,0.0
09:30:53,6368.85,6330.0,-36.5612,0.0
09:30:53,6368.85,6335.0,-21.0407,0.0
09:30:53,6368.85,6340.0,-184.8503,0.0
09:30:53,6368.85,6345.0,-44.5628,0.0
09:30:53,6368.85,6350.0,-329.5677,0.0
09:30:53,6368.85,6355.0,-37.4837,0.0
09:30:53,6368.85,6360.0,-133.2233,0.0
09:30:53,6368.85,6365.0,-30.9297,0.0
09:30:53,6368.85,6370.0,-398.7921,0.0
09:30:53,6368.85,6375.0,-170.3935,0.0
09:30:53,6368.85,6380.0,-158.4019,0.0
09:30:53,6368.85,6385.0,-73.1164,0.0
09:30:53,6368.85,6390.0,-127.3634,0.0
09:30:53,6368.85,6395.0,-71.0396,0.0
09:30:53,6368.85,6400.0,-462.0278,0.0
09:30:53,6368.85,6405.0,-42.6741,0.0
09:30:53,6368.85,6410.0,-42.3609,0.0
09:30:53,6368.85,6415.0,-17.4323,0.0
09:30:53,6368.85,6420.0,-94.9783,0.0
09:30:53,6368.85,6425.0,-80.0641,0.0
09:30:53,6368.85,6430.0,39.4818,0.0
09:30:53,6368.85,6435.0,-15.8232,0.0
09:30:53,6368.85,6440.0,-188.1426,0.0
09:33:03,6368.85,6295.0,-35.3533,0.0
09:33:03,6368.85,6300.0,-464.5075,0.0
09:33:03,6368.85,6305.0,-22.9469,0.0
09:33:03,6368.85,6310.0,-315.7645,0.0
09:33:03,6368.85,6315.0,-44.1697,0.0
09:33:03,6368.85,6320.0,-55.1607,0.0
09:33:03,6368.85,6325.0,-199.6208,0.0
09:33:03,6368.85,6330.0,-36.5612,0.0
09:33:03,6368.85,6335.0,-21.0407,0.0
09:33:03,6368.85,6340.0,-184.8503,0.0
09:33:03,6368.85,6345.0,-44.5628,0.0
09:33:03,6368.85,6350.0,-329.5677,0.0
09:33:03,6368.85,6355.0,-37.4837,0.0
09:33:03,6368.85,6360.0,-133.2233,0.0
09:33:03,6368.85,6365.0,-30.9297,0.0
09:33:03,6368.85,6370.0,-398.7921,0.0
09:33:03,6368.85,6375.0,-170.3935,0.0
09:33:03,6368.85,6380.0,-158.4019,0.0
09:33:03,6368.85,6385.0,-73.1164,0.0
09:33:03,6368.85,6390.0,-127.3634,0.0
09:33:03,6368.85,6395.0,-71.0396,0.0
09:33:03,6368.85,6400.0,-462.0278,0.0
09:33:03,6368.85,6405.0,-42.6741,0.0
09:33:03,6368.85,6410.0,-42.3609,0.0
09:33:03,6368.85,6415.0,-17.4323,0.0
09:33:03,6368.85,6420.0,-94.9783,0.0
09:33:03,6368.85,6425.0,-80.0641,0.0
09:33:03,6368.85,6430.0,39.4818,0.0
09:33:03,6368.85,6435.0,-15.8232,0.0
09:33:03,6368.85,6440.0,-188.1426,0.0
09:35:13,6368.85,6295.0,-35.3533,0.0
09:35:13,6368.85,6300.0,-464.5075,0.0
09:35:13,6368.85,6305.0,-22.9469,0.0
09:35:13,6368.85,6310.0,-315.7645,0.0
09:35:13,6368.85,6315.0,-44.1697,0.0
09:35:13,6368.85,6320.0,-55.1607,0.0
09:35:13,6368.85,6325.0,-199.6208,0.0
09:35:13,6368.85,6330.0,-36.5612,0.0
09:35:13,6368.85,6335.0,-21.0407,0.0
09:35:13,6368.85,6340.0,-184.8503,0.0
09:35:13,6368.85,6345.0,-44.5628,0.0
09:35:13,6368.85,6350.0,-329.5677,0.0
09:35:13,6368.85,6355.0,-37.4837,0.0
09:35:13,6368.85,6360.0,-133.2233,0.0
09:35:13,6368.85,6365.0,-30.9297,0.0
09:35:13,6368.85,6370.0,-398.7921,0.0
09:35:13,6368.85,6375.0,-170.3935,0.0
09:35:13,6368.85,6380.0,-158.4019,0.0
09:35:13,6368.85,6385.0,-73.1164,0.0
09:35:13,6368.85,6390.0,-127.3634,0.0
09:35:13,6368.85,6395.0,-71.0396,0.0
09:35:13,6368.85,6400.0,-462.0278,0.0
09:35:13,6368.85,6405.0,-42.6741,0.0
09:35:13,6368.85,6410.0,-42.3609,0.0
09:35:13,6368.85,6415.0,-17.4323,0.0
09:35:13,6368.85,6420.0,-94.9783,0.0
09:35:13,6368.85,6425.0,-80.0641,0.0
09:35:13,6368.85,6430.0,39.4818,0.0
09:35:13,6368.85,6435.0,-15.8232,0.0
09:35:13,6368.85,6440.0,-188.1426,0.0
09:37:23,6368.85,6295.0,-35.3533,0.0
09:37:23,6368.85,6300.0,-464.5075,0.0
09:37:23,6368.85,6305.0,-22.9469,0.0
09:37:23,6368.85,6310.0,-315.7645,0.0
09:37:23,6368.85,6315.0,-44.1697,0.0
09:37:23,6368.85,6320.0,-55.1607,0.0
09:37:23,6368.85,6325.0,-199.6208,0.0
09:37:23,6368.85,6330.0,-36.5612,0.0
09:37:23,6368.85,6335.0,-21.0407,0.0
09:37:23,6368.85,6340.0,-184.8503,0.0
09:37:23,6368.85,6345.0,-44.5628,0.0
09:37:23,6368.85,6350.0,-329.5677,0.0
09:37:23,6368.85,6355.0,-37.4837,0.0
09:37:23,6368.85,6360.0,-133.2233,0.0
09:37:23,6368.85,6365.0,-30.9297,0.0
09:37:23,6368.85,6370.0,-398.7921,0.0
09:37:23,6368.85,6375.0,-170.3935,0.0
09:37:23,6368.85,6380.0,-158.4019,0.0
09:37:23,6368.85,6385.0,-73.1164,0.0
09:37:23,6368.85,6390.0,-127.3634,0.0
09:37:23,6368.85,6395.0,-71.0396,0.0
09:37:23,6368.85,6400.0,-462.0278,0.0
09:37:23,6368.85,6405.0,-42.6741,0.0
09:37:23,6368.85,6410.0,-42.3609,0.0
09:37:23,6368.85,6415.0,-17.4323,0.0
09:37:23,6368.85,6420.0,-94.9783,0.0
09:37:23,6368.85,6425.0,-80.0641,0.0
09:37:23,6368.85,6430.0,39.4818,0.0
09:37:23,6368.85,6435.0,-15.8232,0.0
09:37:23,6368.85,6440.0,-188.1426,0.0
09:39:32,6368.85,6295.0,-35.3533,0.0
09:39:32,6368.85,6300.0,-464.5075,0.0
09:39:32,6368.85,6305.0,-22.9469,0.0
09:39:32,6368.85,6310.0,-315.7645,0.0
09:39:32,6368.85,6315.0,-44.1697,0.0
09:39:32,6368.85,6320.0,-55.1607,0.0
09:39:32,6368.85,6325.0,-199.6208,0.0
09:39:32,6368.85,6330.0,-36.5612,0.0
09:39:32,6368.85,6335.0,-21.0407,0.0
09:39:32,6368.85,6340.0,-184.8503,0.0
09:39:32,6368.85,6345.0,-44.5628,0.0
09:39:32,6368.85,6350.0,-329.5677,0.0
09:39:32,6368.85,6355.0,-37.4837,0.0
09:39:32,6368.85,6360.0,-133.2233,0.0
09:39:32,6368.85,6365.0,-30.9297,0.0
09:39:32,6368.85,6370.0,-398.7921,0.0
09:39:32,6368.85,6375.0,-170.3935,0.0
09:39:32,6368.85,6380.0,-158.4019,0.0
09:39:32,6368.85,6385.0,-73.1164,0.0
09:39:32,6368.85,6390.0,-127.3634,0.0
09:39:32,6368.85,6395.0,-71.0396,0.0
09:39:32,6368.85,6400.0,-462.0278,0.0
09:39:32,6368.85,6405.0,-42.6741,0.0
09:39:32,6368.85,6410.0,-42.3609,0.0
09:39:32,6368.85,6415.0,-17.4323,0.0
09:39:32,6368.85,6420.0,-94.9783,0.0
09:39:32,6368.85,6425.0,-80.0641,0.0
09:39:32,6368.85,6430.0,39.4818,0.0
09:39:32,6368.85,6435.0,-15.8232,0.0
09:39:32,6368.85,6440.0,-188.1426,0.0
09:41:42,6368.85,6295.0,-35.3533,0.0
09:41:42,6368.85,6300.0,-464.5075,0.0
09:41:42,6368.85,6305.0,-22.9469,0.0
09:41:42,6368.85,6310.0,-315.7645,0.0
09:41:42,6368.85,6315.0,-44.1697,0.0
09:41:42,6368.85,6320.0,-55.1607,0.0
09:41:42,6368.85,6325.0,-199.6208,0.0
09:41:42,6368.85,6330.0,-36.5612,0.0
09:41:42,6368.85,6335.0,-21.0407,0.0
09:41:42,6368.85,6340.0,-184.8503,0.0
09:41:42,6368.85,6345.0,-44.5628,0.0
09:41:42,6368.85,6350.0,-329.5677,0.0
09:41:42,6368.85,6355.0,-37.4837,0.0
09:41:42,6368.85,6360.0,-133.2233,0.0
09:41:42,6368.85,6365.0,-30.9297,0.0
09:41:42,6368.85,6370.0,-398.7921,0.0
09:41:42,6368.85,6375.0,-170.3935,0.0
09:41:42,6368.85,6380.0,-158.4019,0.0
09:41:42,6368.85,6385.0,-73.1164,0.0
09:41:42,6368.85,6390.0,-127.3634,0.0
09:41:42,6368.85,6395.0,-71.0396,0.0
09:41:42,6368.85,6400.0,-462.0278,0.0
09:41:42,6368.85,6405.0,-42.6741,0.0
09:41:42,6368.85,6410.0,-42.3609,0.0
09:41:42,6368.85,6415.0,-17.4323,0.0
09:41:42,6368.85,6420.0,-94.9783,0.0
09:41:42,6368.85,6425.0,-80.0641,0.0
09:41:42,6368.85,6430.0,39.4818,0.0
09:41:42,6368.85,6435.0,-15.8232,0.0
09:41:42,6368.85,6440.0,-188.1426,0.0
09:43:52,6368.85,6295.0,-35.3533,0.0
09:43:52,6368.85,6300.0,-464.5075,0.0
09:43:52,6368.85,6305.0,-22.9469,0.0
09:43:52,6368.85,6310.0,-315.7645,0.0
09:43:52,6368.85,6315.0,-44.1697,0.0
09:43:52,6368.85,6320.0,-55.1607,0.0
09:43:52,6368.85,6325.0,-199.6208,0.0
09:43:52,6368.85,6330.0,-36.5612,0.0
09:43:52,6368.85,6335.0,-21.0407,0.0
09:43:52,6368.85,6340.0,-184.8503,0.0
09:43:52,6368.85,6345.0,-44.5628,0.0
09:43:52,6368.85,6350.0,-329.5677,0.0
09:43:52,6368.85,6355.0,-37.4837,0.0
09:43:52,6368.85,6360.0,-133.2233,0.0
09:43:52,6368.85,6365.0,-30.9297,0.0
09:43:52,6368.85,6370.0,-398.7921,0.0
09:43:52,6368.85,6375.0,-170.3935,0.0
09:43:52,6368.85,6380.0,-158.4019,0.0
09:43:52,6368.85,6385.0,-73.1164,0.0
09:43:52,6368.85,6390.0,-127.3634,0.0
09:43:52,6368.85,6395.0,-71.0396,0.0
09:43:52,6368.85,6400.0,-462.0278,0.0
09:43:52,6368.85,6405.0,-42.6741,0.0
09:43:52,6368.85,6410.0,-42.3609,0.0
09:43:52,6368.85,6415.0,-17.4323,0.0
09:43:52,6368.85,6420.0,-94.9783,0.0
09:43:52,6368.85,6425.0,-80.0641,0.0
09:43:52,6368.85,6430.0,39.4818,0.0
09:43:52,6368.85,6435.0,-15.8232,0.0
09:43:52,6368.85,6440.0,-188.1426,0.0
09:46:01,6368.85,6295.0,-35.3533,0.0
09:46:01,6368.85,6300.0,-464.5075,0.0
09:46:01,6368.85,6305.0,-22.9469,0.0
09:46:01,6368.85,6310.0,-315.7645,0.0
09:46:01,6368.85,6315.0,-44.1697,0.0
09:46:01,6368.85,6320.0,-55.1607,0.0
09:46:01,6368.85,6325.0,-199.6208,0.0
09:46:01,6368.85,6330.0,-36.5612,0.0
09:46:01,6368.85,6335.0,-21.0407,0.0
09:46:01,6368.85,6340.0,-184.8503,0.0
09:46:01,6368.85,6345.0,-44.5628,0.0
09:46:01,6368.85,6350.0,-329.5677,0.0
09:46:01,6368.85,6355.0,-37.4837,0.0
09:46:01,6368.85,6360.0,-133.2233,0.0
09:46:01,6368.85,6365.0,-30.9297,0.0
09:46:01,6368.85,6370.0,-398.7921,0.0
09:46:01,6368.85,6375.0,-170.3935,0.0
09:46:01,6368.85,6380.0,-158.4019,0.0
09:46:01,6368.85,6385.0,-73.1164,0.0
09:46:01,6368.85,6390.0,-127.3634,0.0
09:46:01,6368.85,6395.0,-71.0396,0.0
09:46:01,6368.85,6400.0,-462.0278,0.0
09:46:01,6368.85,6405.0,-42.6741,0.0
09:46:01,6368.85,6410.0,-42.3609,0.0
09:46:01,6368.85,6415.0,-17.4323,0.0
09:46:01,6368.85,6420.0,-94.9783,0.0
09:46:01,6368.85,6425.0,-80.0641,0.0
09:46:01,6368.85,6430.0,39.4818,0.0
09:46:01,6368.85,6435.0,-15.8232,0.0
09:46:01,6368.85,6440.0,-188.1426,0.0
09:48:11,6368.85,6295.0,-35.3533,0.0
09:48:11,6368.85,6300.0,-464.5075,0.0
09:48:11,6368.85,6305.0,-22.9469,0.0
09:48:11,6368.85,6310.0,-315.7645,0.0
09:48:11,6368.85,6315.0,-44.1697,0.0
09:48:11,6368.85,6320.0,-55.1607,0.0
09:48:11,6368.85,6325.0,-199.6208,0.0
09:48:11,6368.85,6330.0,-36.5612,0.0
09:48:11,6368.85,6335.0,-21.0407,0.0
09:48:11,6368.85,6340.0,-184.8503,0.0
09:48:11,6368.85,6345.0,-44.5628,0.0
09:48:11,6368.85,6350.0,-329.5677,0.0
09:48:11,6368.85,6355.0,-37.4837,0.0
09:48:11,6368.85,6360.0,-133.2233,0.0
09:48:11,6368.85,6365.0,-30.9297,0.0
09:48:11,6368.85,6370.0,-398.7921,0.0
09:48:11,6368.85,6375.0,-170.3935,0.0
09:48:11,6368.85,6380.0,-158.4019,0.0
09:48:11,6368.85,6385.0,-73.1164,0.0
09:48:11,6368.85,6390.0,-127.3634,0.0
09:48:11,6368.85,6395.0,-71.0396,0.0
09:48:11,6368.85,6400.0,-462.0278,0.0
09:48:11,6368.85,6405.0,-42.6741,0.0
09:48:11,6368.85,6410.0,-42.3609,0.0
09:48:11,6368.85,6415.0,-17.4323,0.0
09:48:11,6368.85,6420.0,-94.9783,0.0
09:48:11,6368.85,6425.0,-80.0641,0.0
09:48:11,6368.85,6430.0,39.4818,0.0
09:48:11,6368.85,6435.0,-15.8232,0.0
09:48:11,6368.85,6440.0,-188.1426,0.0
09:50:21,6368.85,6295.0,-35.3533,0.0
09:50:21,6368.85,6300.0,-464.5075,0.0
09:50:21,6368.85,6305.0,-22.9469,0.0
09:50:21,6368.85,6310.0,-315.7645,0.0
09:50:21,6368.85,6315.0,-44.1697,0.0
09:50:21,6368.85,6320.0,-55.1607,0.0
09:50:21,6368.85,6325.0,-199.6208,0.0
09:50:21,6368.85,6330.0,-36.5612,0.0
09:50:21,6368.85,6335.0,-21.0407,0.0
09:50:21,6368.85,6340.0,-184.8503,0.0
09:50:21,6368.85,6345.0,-44.5628,0.0
09:50:21,6368.85,6350.0,-329.5677,0.0
09:50:21,6368.85,6355.0,-37.4837,0.0
09:50:21,6368.85,6360.0,-133.2233,0.0
09:50:21,6368.85,6365.0,-30.9297,0.0
09:50:21,6368.85,6370.0,-398.7921,0.0
09:50:21,6368.85,6375.0,-170.3935,0.0
09:50:21,6368.85,6380.0,-158.4019,0.0
09:50:21,6368.85,6385.0,-73.1164,0.0
09:50:21,6368.85,6390.0,-127.3634,0.0
09:50:21,6368.85,6395.0,-71.0396,0.0
09:50:21,6368.85,6400.0,-462.0278,0.0
09:50:21,6368.85,6405.0,-42.6741,0.0
09:50:21,6368.85,6410.0,-42.3609,0.0
09:50:21,6368.85,6415.0,-17.4323,0.0
09:50:21,6368.85,6420.0,-94.9783,0.0
09:50:21,6368.85,6425.0,-80.0641,0.0
09:50:21,6368.85,6430.0,39.4818,0.0
09:50:21,6368.85,6435.0,-15.8232,0.0
09:50:21,6368.85,6440.0,-188.1426,0.0
09:52:30,6368.85,6295.0,-35.3533,0.0
09:52:30,6368.85,6300.0,-464.5075,0.0
09:52:30,6368.85,6305.0,-22.9469,0.0
09:52:30,6368.85,6310.0,-315.7645,0.0
09:52:30,6368.85,6315.0,-44.1697,0.0
09:52:30,6368.85,6320.0,-55.1607,0.0
09:52:30,6368.85,6325.0,-199.6208,0.0
09:52:30,6368.85,6330.0,-36.5612,0.0
09:52:30,6368.85,6335.0,-21.0407,0.0
09:52:30,6368.85,6340.0,-184.8503,0.0
09:52:30,6368.85,6345.0,-44.5628,0.0
09:52:30,6368.85,6350.0,-329.5677,0.0
09:52:30,6368.85,6355.0,-37.4837,0.0
09:52:30,6368.85,6360.0,-133.2233,0.0
09:52:30,6368.85,6365.0,-30.9297,0.0
09:52:30,6368.85,6370.0,-398.7921,0.0
09:52:30,6368.85,6375.0,-170.3935,0.0
09:52:30,6368.85,6380.0,-158.4019,0.0
09:52:30,6368.85,6385.0,-73.1164,0.0
09:52:30,6368.85,6390.0,-127.3634,0.0
09:52:30,6368.85,6395.0,-71.0396,0.0
09:52:30,6368.85,6400.0,-462.0278,0.0
09:52:30,6368.85,6405.0,-42.6741,0.0
09:52:30,6368.85,6410.0,-42.3609,0.0
09:52:30,6368.85,6415.0,-17.4323,0.0
09:52:30,6368.85,6420.0,-94.9783,0.0
09:52:30,6368.85,6425.0,-80.0641,0.0
09:52:30,6368.85,6430.0,39.4818,0.0
09:52:30,6368.85,6435.0,-15.8232,0.0
09:52:30,6368.85,6440.0,-188.1426,0.0
09:54:40,6368.85,6295.0,-35.3533,0.0
09:54:40,6368.85,6300.0,-464.5075,0.0
09:54:40,6368.85,6305.0,-22.9469,0.0
09:54:40,6368.85,6310.0,-315.7645,0.0
09:54:40,6368.85,6315.0,-44.1697,0.0
09:54:40,6368.85,6320.0,-55.1607,0.0
09:54:40,6368.85,6325.0,-199.6208,0.0
09:54:40,6368.85,6330.0,-36.5612,0.0
09:54:40,6368.85,6335.0,-21.0407,0.0
09:54:40,6368.85,6340.0,-184.8503,0.0
09:54:40,6368.85,6345.0,-44.5628,0.0
09:54:40,6368.85,6350.0,-329.5677,0.0
09:54:40,6368.85,6355.0,-37.4837,0.0
09:54:40,6368.85,6360.0,-133.2233,0.0
09:54:40,6368.85,6365.0,-30.9297,0.0
09:54:40,6368.85,6370.0,-398.7921,0.0
09:54:40,6368.85,6375.0,-170.3935,0.0
09:54:40,6368.85,6380.0,-158.4019,0.0
09:54:40,6368.85,6385.0,-73.1164,0.0
09:54:40,6368.85,6390.0,-127.3634,0.0
09:54:40,6368.85,6395.0,-71.0396,0.0
09:54:40,6368.85,6400.0,-462.0278,0.0
09:54:40,6368.85,6405.0,-42.6741,0.0
09:54:40,6368.85,6410.0,-42.3609,0.0
09:54:40,6368.85,6415.0,-17.4323,0.0
09:54:40,6368.85,6420.0,-94.9783,0.0
09:54:40,6368.85,6425.0,-80.0641,0.0
09:54:40,6368.85,6430.0,39.4818,0.0
09:54:40,6368.85,6435.0,-15.8232,0.0
09:54:40,6368.85,6440.0,-188.1426,0.0
09:56:50,6368.85,6295.0,-35.3533,0.0
09:56:50,6368.85,6300.0,-464.5075,0.0
09:56:50,6368.85,6305.0,-22.9469,0.0
09:56:50,6368.85,6310.0,-315.7645,0.0
09:56:50,6368.85,6315.0,-44.1697,0.0
09:56:50,6368.85,6320.0,-55.1607,0.0
09:56:50,6368.85,6325.0,-199.6208,0.0
09:56:50,6368.85,6330.0,-36.5612,0.0
09:56:50,6368.85,6335.0,-21.0407,0.0
09:56:50,6368.85,6340.0,-184.8503,0.0
09:56:50,6368.85,6345.0,-44.5628,0.0
09:56:50,6368.85,6350.0,-329.5677,0.0
09:56:50,6368.85,6355.0,-37.4837,0.0
09:56:50,6368.85,6360.0,-133.2233,0.0
09:56:50,6368.85,6365.0,-30.9297,0.0
09:56:50,6368.85,6370.0,-398.7921,0.0
09:56:50,6368.85,6375.0,-170.3935,0.0
09:56:50,6368.85,6380.0,-158.4019,0.0
09:56:50,6368.85,6385.0,-73.1164,0.0
09:56:50,6368.85,6390.0,-127.3634,0.0
09:56:50,6368.85,6395.0,-71.0396,0.0
09:56:50,6368.85,6400.0,-462.0278,0.0
09:56:50,6368.85,6405.0,-42.6741,0.0
09:56:50,6368.85,6410.0,-42.3609,0.0
09:56:50,6368.85,6415.0,-17.4323,0.0
09:56:50,6368.85,6420.0,-94.9783,0.0
09:56:50,6368.85,6425.0,-80.0641,0.0
09:56:50,6368.85,6430.0,39.4818,0.0
09:56:50,6368.85,6435.0,-15.8232,0.0
09:56:50,6368.85,6440.0,-188.1426,0.0
09:58:59,6368.85,6295.0,-35.3533,0.0
09:58:59,6368.85,6300.0,-464.5075,0.0
09:58:59,6368.85,6305.0,-22.9469,0.0
09:58:59,6368.85,6310.0,-315.7645,0.0
09:58:59,6368.85,6315.0,-44.1697,0.0
09:58:59,6368.85,6320.0,-55.1607,0.0
09:58:59,6368.85,6325.0,-199.6208,0.0
09:58:59,6368.85,6330.0,-36.5612,0.0
09:58:59,6368.85,6335.0,-21.0407,0.0
09:58:59,6368.85,6340.0,-184.8503,0.0
09:58:59,6368.85,6345.0,-44.5628,0.0
09:58:59,6368.85,6350.0,-329.5677,0.0
09:58:59,6368.85,6355.0,-37.4837,0.0
09:58:59,6368.85,6360.0,-133.2233,0.0
09:58:59,6368.85,6365.0,-30.9297,0.0
09:58:59,6368.85,6370.0,-398.7921,0.0
09:58:59,6368.85,6375.0,-170.3935,0.0
09:58:59,6368.85,6380.0,-158.4019,0.0
09:58:59,6368.85,6385.0,-73.1164,0.0
09:58:59,6368.85,6390.0,-127.3634,0.0
09:58:59,6368.85,6395.0,-71.0396,0.0
09:58:59,6368.85,6400.0,-462.0278,0.0
09:58:59,6368.85,6405.0,-42.6741,0.0
09:58:59,6368.85,6410.0,-42.3609,0.0
09:58:59,6368.85,6415.0,-17.4323,0.0
09:58:59,6368.85,6420.0,-94.9783,0.0
09:58:59,6368.85,6425.0,-80.0641,0.0
09:58:59,6368.85,6430.0,39.4818,0.0
09:58:59,6368.85,6435.0,-15.8232,0.0
09:58:59,6368.85,6440.0,-188.1426,0.0
10:01:09,6368.85,6295.0,-35.3533,0.0
10:01:09,6368.85,6300.0,-464.5075,0.0
10:01:09,6368.85,6305.0,-22.9469,0.0
10:01:09,6368.85,6310.0,-315.7645,0.0
10:01:09,6368.85,6315.0,-44.1697,0.0
10:01:09,6368.85,6320.0,-55.1607,0.0
10:01:09,6368.85,6325.0,-199.6208,0.0
10:01:09,6368.85,6330.0,-36.5612,0.0
10:01:09,6368.85,6335.0,-21.0407,0.0
10:01:09,6368.85,6340.0,-184.8503,0.0
10:01:09,6368.85,6345.0,-44.5628,0.0
10:01:09,6368.85,6350.0,-329.5677,0.0
10:01:09,6368.85,6355.0,-37.4837,0.0
10:01:09,6368.85,6360.0,-133.2233,0.0
10:01:09,6368.85,6365.0,-30.9297,0.0
10:01:09,6368.85,6370.0,-398.7921,0.0
10:01:09,6368.85,6375.0,-170.3935,0.0
10:01:09,6368.85,6380.0,-158.4019,0.0
10:01:09,6368.85,6385.0,-73.1164,0.0
10:01:09,6368.85,6390.0,-127.3634,0.0
10:01:09,6368.85,6395.0,-71.0396,0.0
10:01:09,6368.85,6400.0,-462.0278,0.0
10:01:09,6368.85,6405.0,-42.6741,0.0
10:01:09,6368.85,6410.0,-42.3609,0.0
10:01:09,6368.85,6415.0,-17.4323,0.0
10:01:09,6368.85,6420.0,-94.9783,0.0
10:01:09,6368.85,6425.0,-80.0641,0.0
10:01:09,6368.85,6430.0,39.4818,0.0
10:01:09,6368.85,6435.0,-15.8232,0.0
10:01:09,6368.85,6440.0,-188.1426,0.0
10:03:19,6368.85,6295.0,-35.3533,0.0
10:03:19,6368.85,6300.0,-464.5075,0.0
10:03:19,6368.85,6305.0,-22.9469,0.0
10:03:19,6368.85,6310.0,-315.7645,0.0
10:03:19,6368.85,6315.0,-44.1697,0.0
10:03:19,6368.85,6320.0,-55.1607,0.0
10:03:19,6368.85,6325.0,-199.6208,0.0
10:03:19,6368.85,6330.0,-36.5612,0.0
10:03:19,6368.85,6335.0,-21.0407,0.0
10:03:19,6368.85,6340.0,-184.8503,0.0
10:03:19,6368.85,6345.0,-44.5628,0.0
10:03:19,6368.85,6350.0,-329.5677,0.0
10:03:19,6368.85,6355.0,-37.4837,0.0
10:03:19,6368.85,6360.0,-133.2233,0.0
10:03:19,6368.85,6365.0,-30.9297,0.0
10:03:19,6368.85,6370.0,-398.7921,0.0
10:03:19,6368.85,6375.0,-170.3935,0.0
10:03:19,6368.85,6380.0,-158.4019,0.0
10:03:19,6368.85,6385.0,-73.1164,0.0
10:03:19,6368.85,6390.0,-127.3634,0.0
10:03:19,6368.85,6395.0,-71.0396,0.0
10:03:19,6368.85,6400.0,-462.0278,0.0
10:03:19,6368.85,6405.0,-42.6741,0.0
10:03:19,6368.85,6410.0,-42.3609,0.0
10:03:19,6368.85,6415.0,-17.4323,0.0
10:03:19,6368.85,6420.0,-94.9783,0.0
10:03:19,6368.85,6425.0,-80.0641,0.0
10:03:19,6368.85,6430.0,39.4818,0.0
10:03:19,6368.85,6435.0,-15.8232,0.0
10:03:19,6368.85,6440.0,-188.1426,0.0
10:05:29,6368.85,6295.0,-35.3533,0.0
10:05:29,6368.85,6300.0,-464.5075,0.0
10:05:29,6368.85,6305.0,-22.9469,0.0
10:05:29,6368.85,6310.0,-315.7645,0.0
10:05:29,6368.85,6315.0,-44.1697,0.0
10:05:29,6368.85,6320.0,-55.1607,0.0
10:05:29,6368.85,6325.0,-199.6208,0.0
10:05:29,6368.85,6330.0,-36.5612,0.0
10:05:29,6368.85,6335.0,-21.0407,0.0
10:05:29,6368.85,6340.0,-184.8503,0.0
10:05:29,6368.85,6345.0,-44.5628,0.0
10:05:29,6368.85,6350.0,-329.5677,0.0
10:05:29,6368.85,6355.0,-37.4837,0.0
10:05:29,6368.85,6360.0,-133.2233,0.0
10:05:29,6368.85,6365.0,-30.9297,0.0
10:05:29,6368.85,6370.0,-398.7921,0.0
10:05:29,6368.85,6375.0,-170.3935,0.0
10:05:29,6368.85,6380.0,-158.4019,0.0
10:05:29,6368.85,6385.0,-73.1164,0.0
10:05:29,6368.85,6390.0,-127.3634,0.0
10:05:29,6368.85,6395.0,-71.0396,0.0
10:05:29,6368.85,6400.0,-462.0278,0.0
10:05:29,6368.85,6405.0,-42.6741,0.0
10:05:29,6368.85,6410.0,-42.3609,0.0
10:05:29,6368.85,6415.0,-17.4323,0.0
10:05:29,6368.85,6420.0,-94.9783,0.0
10:05:29,6368.85,6425.0,-80.0641,0.0
10:05:29,6368.85,6430.0,39.4818,0.0
10:05:29,6368.85,6435.0,-15.8232,0.0
10:05:29,6368.85,6440.0,-188.1426,0.0
10:07:38,6368.85,6295.0,-35.3533,0.0
10:07:38,6368.85,6300.0,-464.5075,0.0
10:07:38,6368.85,6305.0,-22.9469,0.0
10:07:38,6368.85,6310.0,-315.7645,0.0
10:07:38,6368.85,6315.0,-44.1697,0.0
10:07:38,6368.85,6320.0,-55.1607,0.0
10:07:38,6368.85,6325.0,-199.6208,0.0
10:07:38,6368.85,6330.0,-36.5612,0.0
10:07:38,6368.85,6335.0,-21.0407,0.0
10:07:38,6368.85,6340.0,-184.8503,0.0
10:07:38,6368.85,6345.0,-44.5628,0.0
10:07:38,6368.85,6350.0,-329.5677,0.0
10:07:38,6368.85,6355.0,-37.4837,0.0
10:07:38,6368.85,6360.0,-133.2233,0.0
10:07:38,6368.85,6365.0,-30.9297,0.0
10:07:38,6368.85,6370.0,-398.7921,0.0
10:07:38,6368.85,6375.0,-170.3935,0.0
10:07:38,6368.85,6380.0,-158.4019,0.0
10:07:38,6368.85,6385.0,-73.1164,0.0
10:07:38,6368.85,6390.0,-127.3634,0.0
10:07:38,6368.85,6395.0,-71.0396,0.0
10:07:38,6368.85,6400.0,-462.0278,0.0
10:07:38,6368.85,6405.0,-42.6741,0.0
10:07:38,6368.85,6410.0,-42.3609,0.0
10:07:38,6368.85,6415.0,-17.4323,0.0
10:07:38,6368.85,6420.0,-94.9783,0.0
10:07:38,6368.85,6425.0,-80.0641,0.0
10:07:38,6368.85,6430.0,39.4818,0.0
10:07:38,6368.85,6435.0,-15.8232,0.0
10:07:38,6368.85,6440.0,-188.1426,0.0
10:09:48,6368.85,6295.0,-35.3533,0.0
10:09:48,6368.85,6300.0,-464.5075,0.0
10:09:48,6368.85,6305.0,-22.9469,0.0
10:09:48,6368.85,6310.0,-315.7645,0.0
10:09:48,6368.85,6315.0,-44.1697,0.0
10:09:48,6368.85,6320.0,-55.1607,0.0
10:09:48,6368.85,6325.0,-199.6208,0.0
10:09:48,6368.85,6330.0,-36.5612,0.0
10:09:48,6368.85,6335.0,-21.0407,0.0
10:09:48,6368.85,6340.0,-184.8503,0.0
10:09:48,6368.85,6345.0,-44.5628,0.0
10:09:48,6368.85,6350.0,-329.5677,0.0
10:09:48,6368.85,6355.0,-37.4837,0.0
10:09:48,6368.85,6360.0,-133.2233,0.0
10:09:48,6368.85,6365.0,-30.9297,0.0
10:09:48,6368.85,6370.0,-398.7921,0.0
10:09:48,6368.85,6375.0,-170.3935,0.0
10:09:48,6368.85,6380.0,-158.4019,0.0
10:09:48,6368.85,6385.0,-73.1164,0.0
10:09:48,6368.85,6390.0,-127.3634,0.0
10:09:48,6368.85,6395.0,-71.0396,0.0
10:09:48,6368.85,6400.0,-462.0278,0.0
10:09:48,6368.85,6405.0,-42.6741,0.0
10:09:48,6368.85,6410.0,-42.3609,0.0
10:09:48,6368.85,6415.0,-17.4323,0.0
10:09:48,6368.85,6420.0,-94.9783,0.0
10:09:48,6368.85,6425.0,-80.0641,0.0
10:09:48,6368.85,6430.0,39.4818,0.0
10:09:48,6368.85,6435.0,-15.8232,0.0
10:09:48,6368.85,6440.0,-188.1426,0.0
10:11:58,6368.85,6295.0,-35.3533,0.0
10:11:58,6368.85,6300.0,-464.5075,0.0
10:11:58,6368.85,6305.0,-22.9469,0.0
10:11:58,6368.85,6310.0,-315.7645,0.0
10:11:58,6368.85,6315.0,-44.1697,0.0
10:11:58,6368.85,6320.0,-55.1607,0.0
10:11:58,6368.85,6325.0,-199.6208,0.0
10:11:58,6368.85,6330.0,-36.5612,0.0
10:11:58,6368.85,6335.0,-21.0407,0.0
10:11:58,6368.85,6340.0,-184.8503,0.0
10:11:58,6368.85,6345.0,-44.5628,0.0
10:11:58,6368.85,6350.0,-329.5677,0.0
10:11:58,6368.85,6355.0,-37.4837,0.0
10:11:58,6368.85,6360.0,-133.2233,0.0
10:11:58,6368.85,6365.0,-30.9297,0.0
10:11:58,6368.85,6370.0,-398.7921,0.0
10:11:58,6368.85,6375.0,-170.3935,0.0
10:11:58,6368.85,6380.0,-158.4019,0.0
10:11:58,6368.85,6385.0,-73.1164,0.0
10:11:58,6368.85,6390.0,-127.3634,0.0
10:11:58,6368.85,6395.0,-71.0396,0.0
10:11:58,6368.85,6400.0,-462.0278,0.0
10:11:58,6368.85,6405.0,-42.6741,0.0
10:11:58,6368.85,6410.0,-42.3609,0.0
10:11:58,6368.85,6415.0,-17.4323,0.0
10:11:58,6368.85,6420.0,-94.9783,0.0
10:11:58,6368.85,6425.0,-80.0641,0.0
10:11:58,6368.85,6430.0,39.4818,0.0
10:11:58,6368.85,6435.0,-15.8232,0.0
10:11:58,6368.85,6440.0,-188.1426,0.0
10:14:07,6368.85,6295.0,-35.3533,0.0
10:14:07,6368.85,6300.0,-464.5075,0.0
10:14:07,6368.85,6305.0,-22.9469,0.0
10:14:07,6368.85,6310.0,-315.7645,0.0
10:14:07,6368.85,6315.0,-44.1697,0.0
10:14:07,6368.85,6320.0,-55.1607,0.0
10:14:07,6368.85,6325.0,-199.6208,0.0
10:14:07,6368.85,6330.0,-36.5612,0.0
10:14:07,6368.85,6335.0,-21.0407,0.0
10:14:07,6368.85,6340.0,-184.8503,0.0
10:14:07,6368.85,6345.0,-44.5628,0.0
10:14:07,6368.85,6350.0,-329.5677,0.0
10:14:07,6368.85,6355.0,-37.4837,0.0
10:14:07,6368.85,6360.0,-133.2233,0.0
10:14:07,6368.85,6365.0,-30.9297,0.0
10:14:07,6368.85,6370.0,-398.7921,0.0
10:14:07,6368.85,6375.0,-170.3935,0.0
10:14:07,6368.85,6380.0,-158.4019,0.0
10:14:07,6368.85,6385.0,-73.1164,0.0
10:14:07,6368.85,6390.0,-127.3634,0.0
10:14:07,6368.85,6395.0,-71.0396,0.0
10:14:07,6368.85,6400.0,-462.0278,0.0
10:14:07,6368.85,6405.0,-42.6741,0.0
10:14:07,6368.85,6410.0,-42.3609,0.0
10:14:07,6368.85,6415.0,-17.4323,0.0
10:14:07,6368.85,6420.0,-94.9783,0.0
10:14:07,6368.85,6425.0,-80.0641,0.0
10:14:07,6368.85,6430.0,39.4818,0.0
10:14:07,6368.85,6435.0,-15.8232,0.0
10:14:07,6368.85,6440.0,-188.1426,0.0
10:16:17,6368.85,6295.0,-35.3533,0.0
10:16:17,6368.85,6300.0,-464.5075,0.0
10:16:17,6368.85,6305.0,-22.9469,0.0
10:16:17,6368.85,6310.0,-315.7645,0.0
10:16:17,6368.85,6315.0,-44.1697,0.0
10:16:17,6368.85,6320.0,-55.1607,0.0
10:16:17,6368.85,6325.0,-199.6208,0.0
10:16:17,6368.85,6330.0,-36.5612,0.0
10:16:17,6368.85,6335.0,-21.0407,0.0
10:16:17,6368.85,6340.0,-184.8503,0.0
10:16:17,6368.85,6345.0,-44.5628,0.0
10:16:17,6368.85,6350.0,-329.5677,0.0
10:16:17,6368.85,6355.0,-37.4837,0.0
10:16:17,6368.85,6360.0,-133.2233,0.0
10:16:17,6368.85,6365.0,-30.9297,0.0
10:16:17,6368.85,6370.0,-398.7921,0.0
10:16:17,6368.85,6375.0,-170.3935,0.0
10:16:17,6368.85,6380.0,-158.4019,0.0
10:16:17,6368.85,6385.0,-73.1164,0.0
10:16:17,6368.85,6390.0,-127.3634,0.0
10:16:17,6368.85,6395.0,-71.0396,0.0
10:16:17,6368.85,6400.0,-462.0278,0.0
10:16:17,6368.85,6405.0,-42.6741,0.0
10:16:17,6368.85,6410.0,-42.3609,0.0
10:16:17,6368.85,6415.0,-17.4323,0.0
10:16:17,6368.85,6420.0,-94.9783,0.0
10:16:17,6368.85,6425.0,-80.0641,0.0
10:16:17,6368.85,6430.0,39.4818,0.0
10:16:17,6368.85,6435.0,-15.8232,0.0
10:16:17,6368.85,6440.0,-188.1426,0.0
10:18:27,6368.85,6295.0,-35.3533,0.0
10:18:27,6368.85,6300.0,-464.5075,0.0
10:18:27,6368.85,6305.0,-22.9469,0.0
10:18:27,6368.85,6310.0,-315.7645,0.0
10:18:27,6368.85,6315.0,-44.1697,0.0
10:18:27,6368.85,6320.0,-55.1607,0.0
10:18:27,6368.85,6325.0,-199.6208,0.0
10:18:27,6368.85,6330.0,-36.5612,0.0
10:18:27,6368.85,6335.0,-21.0407,0.0
10:18:27,6368.85,6340.0,-184.8503,0.0
10:18:27,6368.85,6345.0,-44.5628,0.0
10:18:27,6368.85,6350.0,-329.5677,0.0
10:18:27,6368.85,6355.0,-37.4837,0.0
10:18:27,6368.85,6360.0,-133.2233,0.0
10:18:27,6368.85,6365.0,-30.9297,0.0
10:18:27,6368.85,6370.0,-398.7921,0.0
10:18:27,6368.85,6375.0,-170.3935,0.0
10:18:27,6368.85,6380.0,-158.4019,0.0
10:18:27,6368.85,6385.0,-73.1164,0.0
10:18:27,6368.85,6390.0,-127.3634,0.0
10:18:27,6368.85,6395.0,-71.0396,0.0
10:18:27,6368.85,6400.0,-462.0278,0.0
10:18:27,6368.85,6405.0,-42.6741,0.0
10:18:27,6368.85,6410.0,-42.3609,0.0
10:18:27,6368.85,6415.0,-17.4323,0.0
10:18:27,6368.85,6420.0,-94.9783,0.0
10:18:27,6368.85,6425.0,-80.0641,0.0
10:18:27,6368.85,6430.0,39.4818,0.0
10:18:27,6368.85,6435.0,-15.8232,0.0
10:18:27,6368.85,6440.0,-188.1426,0.0
10:20:36,6368.85,6295.0,-35.3533,0.0
10:20:36,6368.85,6300.0,-464.5075,0.0
10:20:36,6368.85,6305.0,-22.9469,0.0
10:20:36,6368.85,6310.0,-315.7645,0.0
10:20:36,6368.85,6315.0,-44.1697,0.0
10:20:36,6368.85,6320.0,-55.1607,0.0
10:20:36,6368.85,6325.0,-199.6208,0.0
10:20:36,6368.85,6330.0,-36.5612,0.0
10:20:36,6368.85,6335.0,-21.0407,0.0
10:20:36,6368.85,6340.0,-184.8503,0.0
10:20:36,6368.85,6345.0,-44.5628,0.0
10:20:36,6368.85,6350.0,-329.5677,0.0
10:20:36,6368.85,6355.0,-37.4837,0.0
10:20:36,6368.85,6360.0,-133.2233,0.0
10:20:36,6368.85,6365.0,-30.9297,0.0
10:20:36,6368.85,6370.0,-398.7921,0.0
10:20:36,6368.85,6375.0,-170.3935,0.0
10:20:36,6368.85,6380.0,-158.4019,0.0
10:20:36,6368.85,6385.0,-73.1164,0.0
10:20:36,6368.85,6390.0,-127.3634,0.0
10:20:36,6368.85,6395.0,-71.0396,0.0
10:20:36,6368.85,6400.0,-462.0278,0.0
10:20:36,6368.85,6405.0,-42.6741,0.0
10:20:36,6368.85,6410.0,-42.3609,0.0
10:20:36,6368.85,6415.0,-17.4323,0.0
10:20:36,6368.85,6420.0,-94.9783,0.0
10:20:36,6368.85,6425.0,-80.0641,0.0
10:20:36,6368.85,6430.0,39.4818,0.0
10:20:36,6368.85,6435.0,-15.8232,0.0
10:20:36,6368.85,6440.0,-188.1426,0.0
10:22:46,6368.85,6295.0,-35.3533,0.0
10:22:46,6368.85,6300.0,-464.5075,0.0
10:22:46,6368.85,6305.0,-22.9469,0.0
10:22:46,6368.85,6310.0,-315.7645,0.0
10:22:46,6368.85,6315.0,-44.1697,0.0
10:22:46,6368.85,6320.0,-55.1607,0.0
10:22:46,6368.85,6325.0,-199.6208,0.0
10:22:46,6368.85,6330.0,-36.5612,0.0
10:22:46,6368.85,6335.0,-21.0407,0.0
10:22:46,6368.85,6340.0,-184.8503,0.0
10:22:46,6368.85,6345.0,-44.5628,0.0
10:22:46,6368.85,6350.0,-329.5677,0.0
10:22:46,6368.85,6355.0,-37.4837,0.0
10:22:46,6368.85,6360.0,-133.2233,0.0
10:22:46,6368.85,6365.0,-30.9297,0.0
10:22:46,6368.85,6370.0,-398.7921,0.0
10:22:46,6368.85,6375.0,-170.3935,0.0
10:22:46,6368.85,6380.0,-158.4019,0.0
10:22:46,6368.85,6385.0,-73.1164,0.0
10:22:46,6368.85,6390.0,-127.3634,0.0
10:22:46,6368.85,6395.0,-71.0396,0.0
10:22:46,6368.85,6400.0,-462.0278,0.0
10:22:46,6368.85,6405.0,-42.6741,0.0
10:22:46,6368.85,6410.0,-42.3609,0.0
10:22:46,6368.85,6415.0,-17.4323,0.0
10:22:46,6368.85,6420.0,-94.9783,0.0
10:22:46,6368.85,6425.0,-80.0641,0.0
10:22:46,6368.85,6430.0,39.4818,0.0
10:22:46,6368.85,6435.0,-15.8232,0.0
10:22:46,6368.85,6440.0,-188.1426,0.0
10:24:56,6368.85,6295.0,-35.3533,0.0
10:24:56,6368.85,6300.0,-464.5075,0.0
10:24:56,6368.85,6305.0,-22.9469,0.0
10:24:56,6368.85,6310.0,-315.7645,0.0
10:24:56,6368.85,6315.0,-44.1697,0.0
10:24:56,6368.85,6320.0,-55.1607,0.0
10:24:56,6368.85,6325.0,-199.6208,0.0
10:24:56,6368.85,6330.0,-36.5612,0.0
10:24:56,6368.85,6335.0,-21.0407,0.0
10:24:56,6368.85,6340.0,-184.8503,0.0
10:24:56,6368.85,6345.0,-44.5628,0.0
10:24:56,6368.85,6350.0,-329.5677,0.0
10:24:56,6368.85,6355.0,-37.4837,0.0
10:24:56,6368.85,6360.0,-133.2233,0.0
10:24:56,6368.85,6365.0,-30.9297,0.0
10:24:56,6368.85,6370.0,-398.7921,0.0
10:24:56,6368.85,6375.0,-170.3935,0.0
10:24:56,6368.85,6380.0,-158.4019,0.0
10:24:56,6368.85,6385.0,-73.1164,0.0
10:24:56,6368.85,6390.0,-127.3634,0.0
10:24:56,6368.85,6395.0,-71.0396,0.0
10:24:56,6368.85,6400.0,-462.0278,0.0
10:24:56,6368.85,6405.0,-42.6741,0.0
10:24:56,6368.85,6410.0,-42.3609,0.0
10:24:56,6368.85,6415.0,-17.4323,0.0
10:24:56,6368.85,6420.0,-94.9783,0.0
10:24:56,6368.85,6425.0,-80.0641,0.0
10:24:56,6368.85,6430.0,39.4818,0.0
10:24:56,6368.85,6435.0,-15.8232,0.0
10:24:56,6368.85,6440.0,-188.1426,0.0
10:27:05,6368.85,6295.0,-35.3533,0.0
10:27:05,6368.85,6300.0,-464.5075,0.0
10:27:05,6368.85,6305.0,-22.9469,0.0
10:27:05,6368.85,6310.0,-315.7645,0.0
10:27:05,6368.85,6315.0,-44.1697,0.0
10:27:05,6368.85,6320.0,-55.1607,0.0
10:27:05,6368.85,6325.0,-199.6208,0.0
10:27:05,6368.85,6330.0,-36.5612,0.0
10:27:05,6368.85,6335.0,-21.0407,0.0
10:27:05,6368.85,6340.0,-184.8503,0.0
10:27:05,6368.85,6345.0,-44.5628,0.0
10:27:05,6368.85,6350.0,-329.5677,0.0
10:27:05,6368.85,6355.0,-37.4837,0.0
10:27:05,6368.85,6360.0,-133.2233,0.0
10:27:05,6368.85,6365.0,-30.9297,0.0
10:27:05,6368.85,6370.0,-398.7921,0.0
10:27:05,6368.85,6375.0,-170.3935,0.0
10:27:05,6368.85,6380.0,-158.4019,0.0
10:27:05,6368.85,6385.0,-73.1164,0.0
10:27:05,6368.85,6390.0,-127.3634,0.0
10:27:05,6368.85,6395.0,-71.0396,0.0
10:27:05,6368.85,6400.0,-462.0278,0.0
10:27:05,6368.85,6405.0,-42.6741,0.0
10:27:05,6368.85,6410.0,-42.3609,0.0
10:27:05,6368.85,6415.0,-17.4323,0.0
10:27:05,6368.85,6420.0,-94.9783,0.0
10:27:05,6368.85,6425.0,-80.0641,0.0
10:27:05,6368.85,6430.0,39.4818,0.0
10:27:05,6368.85,6435.0,-15.8232,0.0
10:27:05,6368.85,6440.0,-188.1426,0.0
10:29:15,6368.85,6295.0,-35.3533,0.0
10:29:15,6368.85,6300.0,-464.5075,0.0
10:29:15,6368.85,6305.0,-22.9469,0.0
10:29:15,6368.85,6310.0,-315.7645,0.0
10:29:15,6368.85,6315.0,-44.1697,0.0
10:29:15,6368.85,6320.0,-55.1607,0.0
10:29:15,6368.85,6325.0,-199.6208,0.0
10:29:15,6368.85,6330.0,-36.5612,0.0
10:29:15,6368.85,6335.0,-21.0407,0.0
10:29:15,6368.85,6340.0,-184.8503,0.0
10:29:15,6368.85,6345.0,-44.5628,0.0
10:29:15,6368.85,6350.0,-329.5677,0.0
10:29:15,6368.85,6355.0,-37.4837,0.0
10:29:15,6368.85,6360.0,-133.2233,0.0
10:29:15,6368.85,6365.0,-30.9297,0.0
10:29:15,6368.85,6370.0,-398.7921,0.0
10:29:15,6368.85,6375.0,-170.3935,0.0
10:29:15,6368.85,6380.0,-158.4019,0.0
10:29:15,6368.85,6385.0,-73.1164,0.0
10:29:15,6368.85,6390.0,-127.3634,0.0
10:29:15,6368.85,6395.0,-71.0396,0.0
10:29:15,6368.85,6400.0,-462.0278,0.0
10:29:15,6368.85,6405.0,-42.6741,0.0
10:29:15,6368.85,6410.0,-42.3609,0.0
10:29:15,6368.85,6415.0,-17.4323,0.0
10:29:15,6368.85,6420.0,-94.9783,0.0
10:29:15,6368.85,6425.0,-80.0641,0.0
10:29:15,6368.85,6430.0,39.4818,0.0
10:29:15,6368.85,6435.0,-15.8232,0.0
10:29:15,6368.85,6440.0,-188.1426,0.0
10:31:25,6368.85,6295.0,-35.3533,0.0
10:31:25,6368.85,6300.0,-464.5075,0.0
10:31:25,6368.85,6305.0,-22.9469,0.0
10:31:25,6368.85,6310.0,-315.7645,0.0
10:31:25,6368.85,6315.0,-44.1697,0.0
10:31:25,6368.85,6320.0,-55.1607,0.0
10:31:25,6368.85,6325.0,-199.6208,0.0
10:31:25,6368.85,6330.0,-36.5612,0.0
10:31:25,6368.85,6335.0,-21.0407,0.0
10:31:25,6368.85,6340.0,-184.8503,0.0
10:31:25,6368.85,6345.0,-44.5628,0.0
10:31:25,6368.85,6350.0,-329.5677,0.0
10:31:25,6368.85,6355.0,-37.4837,0.0
10:31:25,6368.85,6360.0,-133.2233,0.0
10:31:25,6368.85,6365.0,-30.9297,0.0
10:31:25,6368.85,6370.0,-398.7921,0.0
10:31:25,6368.85,6375.0,-170.3935,0.0
10:31:25,6368.85,6380.0,-158.4019,0.0
10:31:25,6368.85,6385.0,-73.1164,0.0
10:31:25,6368.85,6390.0,-127.3634,0.0
10:31:25,6368.85,6395.0,-71.0396,0.0
10:31:25,6368.85,6400.0,-462.0278,0.0
10:31:25,6368.85,6405.0,-42.6741,0.0
10:31:25,6368.85,6410.0,-42.3609,0.0
10:31:25,6368.85,6415.0,-17.4323,0.0
10:31:25,6368.85,6420.0,-94.9783,0.0
10:31:25,6368.85,6425.0,-80.0641,0.0
10:31:25,6368.85,6430.0,39.4818,0.0
10:31:25,6368.85,6435.0,-15.8232,0.0
10:31:25,6368.85,6440.0,-188.1426,0.0
10:33:35,6368.85,6295.0,-35.3533,0.0
10:33:35,6368.85,6300.0,-464.5075,0.0
10:33:35,6368.85,6305.0,-22.9469,0.0
10:33:35,6368.85,6310.0,-315.7645,0.0
10:33:35,6368.85,6315.0,-44.1697,0.0
10:33:35,6368.85,6320.0,-55.1607,0.0
10:33:35,6368.85,6325.0,-199.6208,0.0
10:33:35,6368.85,6330.0,-36.5612,0.0
10:33:35,6368.85,6335.0,-21.0407,0.0
10:33:35,6368.85,6340.0,-184.8503,0.0
10:33:35,6368.85,6345.0,-44.5628,0.0
10:33:35,6368.85,6350.0,-329.5677,0.0
10:33:35,6368.85,6355.0,-37.4837,0.0
10:33:35,6368.85,6360.0,-133.2233,0.0
10:33:35,6368.85,6365.0,-30.9297,0.0
10:33:35,6368.85,6370.0,-398.7921,0.0
10:33:35,6368.85,6375.0,-170.3935,0.0
10:33:35,6368.85,6380.0,-158.4019,0.0
10:33:35,6368.85,6385.0,-73.1164,0.0
10:33:35,6368.85,6390.0,-127.3634,0.0
10:33:35,6368.85,6395.0,-71.0396,0.0
10:33:35,6368.85,6400.0,-462.0278,0.0
10:33:35,6368.85,6405.0,-42.6741,0.0
10:33:35,6368.85,6410.0,-42.3609,0.0
10:33:35,6368.85,6415.0,-17.4323,0.0
10:33:35,6368.85,6420.0,-94.9783,0.0
10:33:35,6368.85,6425.0,-80.0641,0.0
10:33:35,6368.85,6430.0,39.4818,0.0
10:33:35,6368.85,6435.0,-15.8232,0.0
10:33:35,6368.85,6440.0,-188.1426,0.0
10:35:44,6368.85,6295.0,-35.3533,0.0
10:35:44,6368.85,6300.0,-464.5075,0.0
10:35:44,6368.85,6305.0,-22.9469,0.0
10:35:44,6368.85,6310.0,-315.7645,0.0
10:35:44,6368.85,6315.0,-44.1697,0.0
10:35:44,6368.85,6320.0,-55.1607,0.0
10:35:44,6368.85,6325.0,-199.6208,0.0
10:35:44,6368.85,6330.0,-36.5612,0.0
10:35:44,6368.85,6335.0,-21.0407,0.0
10:35:44,6368.85,6340.0,-184.8503,0.0
10:35:44,6368.85,6345.0,-44.5628,0.0
10:35:44,6368.85,6350.0,-329.5677,0.0
10:35:44,6368.85,6355.0,-37.4837,0.0
10:35:44,6368.85,6360.0,-133.2233,0.0
10:35:44,6368.85,6365.0,-30.9297,0.0
10:35:44,6368.85,6370.0,-398.7921,0.0
10:35:44,6368.85,6375.0,-170.3935,0.0
10:35:44,6368.85,6380.0,-158.4019,0.0
10:35:44,6368.85,6385.0,-73.1164,0.0
10:35:44,6368.85,6390.0,-127.3634,0.0
10:35:44,6368.85,6395.0,-71.0396,0.0
10:35:44,6368.85,6400.0,-462.0278,0.0
10:35:44,6368.85,6405.0,-42.6741,0.0
10:35:44,6368.85,6410.0,-42.3609,0.0
10:35:44,6368.85,6415.0,-17.4323,0.0
10:35:44,6368.85,6420.0,-94.9783,0.0
10:35:44,6368.85,6425.0,-80.0641,0.0
10:35:44,6368.85,6430.0,39.4818,0.0
10:35:44,6368.85,6435.0,-15.8232,0.0
10:35:44,6368.85,6440.0,-188.1426,0.0
10:37:54,6368.85,6295.0,-35.3533,0.0
10:37:54,6368.85,6300.0,-464.5075,0.0
10:37:54,6368.85,6305.0,-22.9469,0.0
10:37:54,6368.85,6310.0,-315.7645,0.0
10:37:54,6368.85,6315.0,-44.1697,0.0
10:37:54,6368.85,6320.0,-55.1607,0.0
10:37:54,6368.85,6325.0,-199.6208,0.0
10:37:54,6368.85,6330.0,-36.5612,0.0
10:37:54,6368.85,6335.0,-21.0407,0.0
10:37:54,6368.85,6340.0,-184.8503,0.0
10:37:54,6368.85,6345.0,-44.5628,0.0
10:37:54,6368.85,6350.0,-329.5677,0.0
10:37:54,6368.85,6355.0,-37.4837,0.0
10:37:54,6368.85,6360.0,-133.2233,0.0
10:37:54,6368.85,6365.0,-30.9297,0.0
10:37:54,6368.85,6370.0,-398.7921,0.0
10:37:54,6368.85,6375.0,-170.3935,0.0
10:37:54,6368.85,6380.0,-158.4019,0.0
10:37:54,6368.85,6385.0,-73.1164,0.0
10:37:54,6368.85,6390.0,-127.3634,0.0
10:37:54,6368.85,6395.0,-71.0396,0.0
10:37:54,6368.85,6400.0,-462.0278,0.0
10:37:54,6368.85,6405.0,-42.6741,0.0
10:37:54,6368.85,6410.0,-42.3609,0.0
10:37:54,6368.85,6415.0,-17.4323,0.0
10:37:54,6368.85,6420.0,-94.9783,0.0
10:37:54,6368.85,6425.0,-80.0641,0.0
10:37:54,6368.85,6430.0,39.4818,0.0
10:37:54,6368.85,6435.0,-15.8232,0.0
10:37:54,6368.85,6440.0,-188.1426,0.0
10:40:04,6368.85,6295.0,-35.3533,0.0
10:40:04,6368.85,6300.0,-464.5075,0.0
10:40:04,6368.85,6305.0,-22.9469,0.0
10:40:04,6368.85,6310.0,-315.7645,0.0
10:40:04,6368.85,6315.0,-44.1697,0.0
10:40:04,6368.85,6320.0,-55.1607,0.0
10:40:04,6368.85,6325.0,-199.6208,0.0
10:40:04,6368.85,6330.0,-36.5612,0.0
10:40:04,6368.85,6335.0,-21.0407,0.0
10:40:04,6368.85,6340.0,-184.8503,0.0
10:40:04,6368.85,6345.0,-44.5628,0.0
10:40:04,6368.85,6350.0,-329.5677,0.0
10:40:04,6368.85,6355.0,-37.4837,0.0
10:40:04,6368.85,6360.0,-133.2233,0.0
10:40:04,6368.85,6365.0,-30.9297,0.0
10:40:04,6368.85,6370.0,-398.7921,0.0
10:40:04,6368.85,6375.0,-170.3935,0.0
10:40:04,6368.85,6380.0,-158.4019,0.0
10:40:04,6368.85,6385.0,-73.1164,0.0
10:40:04,6368.85,6390.0,-127.3634,0.0
10:40:04,6368.85,6395.0,-71.0396,0.0
10:40:04,6368.85,6400.0,-462.0278,0.0
10:40:04,6368.85,6405.0,-42.6741,0.0
10:40:04,6368.85,6410.0,-42.3609,0.0
10:40:04,6368.85,6415.0,-17.4323,0.0
10:40:04,6368.85,6420.0,-94.9783,0.0
10:40:04,6368.85,6425.0,-80.0641,0.0
10:40:04,6368.85,6430.0,39.4818,0.0
10:40:04,6368.85,6435.0,-15.8232,0.0
10:40:04,6368.85,6440.0,-188.1426,0.0
10:42:13,6368.85,6295.0,-35.3533,0.0
10:42:13,6368.85,6300.0,-464.5075,0.0
10:42:13,6368.85,6305.0,-22.9469,0.0
10:42:13,6368.85,6310.0,-315.7645,0.0
10:42:13,6368.85,6315.0,-44.1697,0.0
10:42:13,6368.85,6320.0,-55.1607,0.0
10:42:13,6368.85,6325.0,-199.6208,0.0
10:42:13,6368.85,6330.0,-36.5612,0.0
10:42:13,6368.85,6335.0,-21.0407,0.0
10:42:13,6368.85,6340.0,-184.8503,0.0
10:42:13,6368.85,6345.0,-44.5628,0.0
10:42:13,6368.85,6350.0,-329.5677,0.0
10:42:13,6368.85,6355.0,-37.4837,0.0
10:42:13,6368.85,6360.0,-133.2233,0.0
10:42:13,6368.85,6365.0,-30.9297,0.0
10:42:13,6368.85,6370.0,-398.7921,0.0
10:42:13,6368.85,6375.0,-170.3935,0.0
10:42:13,6368.85,6380.0,-158.4019,0.0
10:42:13,6368.85,6385.0,-73.1164,0.0
10:42:13,6368.85,6390.0,-127.3634,0.0
10:42:13,6368.85,6395.0,-71.0396,0.0
10:42:13,6368.85,6400.0,-462.0278,0.0
10:42:13,6368.85,6405.0,-42.6741,0.0
10:42:13,6368.85,6410.0,-42.3609,0.0
10:42:13,6368.85,6415.0,-17.4323,0.0
10:42:13,6368.85,6420.0,-94.9783,0.0
10:42:13,6368.85,6425.0,-80.0641,0.0
10:42:13,6368.85,6430.0,39.4818,0.0
10:42:13,6368.85,6435.0,-15.8232,0.0
10:42:13,6368.85,6440.0,-188.1426,0.0
10:44:23,6368.85,6295.0,-35.3533,0.0
10:44:23,6368.85,6300.0,-464.5075,0.0
10:44:23,6368.85,6305.0,-22.9469,0.0
10:44:23,6368.85,6310.0,-315.7645,0.0
10:44:23,6368.85,6315.0,-44.1697,0.0
10:44:23,6368.85,6320.0,-55.1607,0.0
10:44:23,6368.85,6325.0,-199.6208,0.0
10:44:23,6368.85,6330.0,-36.5612,0.0
10:44:23,6368.85,6335.0,-21.0407,0.0
10:44:23,6368.85,6340.0,-184.8503,0.0
10:44:23,6368.85,6345.0,-44.5628,0.0
10:44:23,6368.85,6350.0,-329.5677,0.0
10:44:23,6368.85,6355.0,-37.4837,0.0
10:44:23,6368.85,6360.0,-133.2233,0.0
10:44:23,6368.85,6365.0,-30.9297,0.0
10:44:23,6368.85,6370.0,-398.7921,0.0
10:44:23,6368.85,6375.0,-170.3935,0.0
10:44:23,6368.85,6380.0,-158.4019,0.0
10:44:23,6368.85,6385.0,-73.1164,0.0
10:44:23,6368.85,6390.0,-127.3634,0.0
10:44:23,6368.85,6395.0,-71.0396,0.0
10:44:23,6368.85,6400.0,-462.0278,0.0
10:44:23,6368.85,6405.0,-42.6741,0.0
10:44:23,6368.85,6410.0,-42.3609,0.0
10:44:23,6368.85,6415.0,-17.4323,0.0
10:44:23,6368.85,6420.0,-94.9783,0.0
10:44:23,6368.85,6425.0,-80.0641,0.0
10:44:23,6368.85,6430.0,39.4818,0.0
10:44:23,6368.85,6435.0,-15.8232,0.0
10:44:23,6368.85,6440.0,-188.1426,0.0
10:46:33,6368.85,6295.0,-35.3533,0.0
10:46:33,6368.85,6300.0,-464.5075,0.0
10:46:33,6368.85,6305.0,-22.9469,0.0
10:46:33,6368.85,6310.0,-315.7645,0.0
10:46:33,6368.85,6315.0,-44.1697,0.0
10:46:33,6368.85,6320.0,-55.1607,0.0
10:46:33,6368.85,6325.0,-199.6208,0.0
10:46:33,6368.85,6330.0,-36.5612,0.0
10:46:33,6368.85,6335.0,-21.0407,0.0
10:46:33,6368.85,6340.0,-184.8503,0.0
10:46:33,6368.85,6345.0,-44.5628,0.0
10:46:33,6368.85,6350.0,-329.5677,0.0
10:46:33,6368.85,6355.0,-37.4837,0.0
10:46:33,6368.85,6360.0,-133.2233,0.0
10:46:33,6368.85,6365.0,-30.9297,0.0
10:46:33,6368.85,6370.0,-398.7921,0.0
10:46:33,6368.85,6375.0,-170.3935,0.0
10:46:33,6368.85,6380.0,-158.4019,0.0
10:46:33,6368.85,6385.0,-73.1164,0.0
10:46:33,6368.85,6390.0,-127.3634,0.0
10:46:33,6368.85,6395.0,-71.0396,0.0
10:46:33,6368.85,6400.0,-462.0278,0.0
10:46:33,6368.85,6405.0,-42.6741,0.0
10:46:33,6368.85,6410.0,-42.3609,0.0
10:46:33,6368.85,6415.0,-17.4323,0.0
10:46:33,6368.85,6420.0,-94.9783,0.0
10:46:33,6368.85,6425.0,-80.0641,0.0
10:46:33,6368.85,6430.0,39.4818,0.0
10:46:33,6368.85,6435.0,-15.8232,0.0
10:46:33,6368.85,6440.0,-188.1426,0.0
10:48:43,6368.85,6295.0,-35.3533,0.0
10:48:43,6368.85,6300.0,-464.5075,0.0
10:48:43,6368.85,6305.0,-22.9469,0.0
10:48:43,6368.85,6310.0,-315.7645,0.0
10:48:43,6368.85,6315.0,-44.1697,0.0
10:48:43,6368.85,6320.0,-55.1607,0.0
10:48:43,6368.85,6325.0,-199.6208,0.0
10:48:43,6368.85,6330.0,-36.5612,0.0
10:48:43,6368.85,6335.0,-21.0407,0.0
10:48:43,6368.85,6340.0,-184.8503,0.0
10:48:43,6368.85,6345.0,-44.5628,0.0
10:48:43,6368.85,6350.0,-329.5677,0.0
10:48:43,6368.85,6355.0,-37.4837,0.0
10:48:43,6368.85,6360.0,-133.2233,0.0
10:48:43,6368.85,6365.0,-30.9297,0.0
10:48:43,6368.85,6370.0,-398.7921,0.0
10:48:43,6368.85,6375.0,-170.3935,0.0
10:48:43,6368.85,6380.0,-158.4019,0.0
10:48:43,6368.85,6385.0,-73.1164,0.0
10:48:43,6368.85,6390.0,-127.3634,0.0
10:48:43,6368.85,6395.0,-71.0396,0.0
10:48:43,6368.85,6400.0,-462.0278,0.0
10:48:43,6368.85,6405.0,-42.6741,0.0
10:48:43,6368.85,6410.0,-42.3609,0.0
10:48:43,6368.85,6415.0,-17.4323,0.0
10:48:43,6368.85,6420.0,-94.9783,0.0
10:48:43,6368.85,6425.0,-80.0641,0.0
10:48:43,6368.85,6430.0,39.4818,0.0
10:48:43,6368.85,6435.0,-15.8232,0.0
10:48:43,6368.85,6440.0,-188.1426,0.0
10:50:52,6368.85,6295.0,-35.3533,0.0
10:50:52,6368.85,6300.0,-464.5075,0.0
10:50:52,6368.85,6305.0,-22.9469,0.0
10:50:52,6368.85,6310.0,-315.7645,0.0
10:50:52,6368.85,6315.0,-44.1697,0.0
10:50:52,6368.85,6320.0,-55.1607,0.0
10:50:52,6368.85,6325.0,-199.6208,0.0
10:50:52,6368.85,6330.0,-36.5612,0.0
10:50:52,6368.85,6335.0,-21.0407,0.0
10:50:52,6368.85,6340.0,-184.8503,0.0
10:50:52,6368.85,6345.0,-44.5628,0.0
10:50:52,6368.85,6350.0,-329.5677,0.0
10:50:52,6368.85,6355.0,-37.4837,0.0
10:50:52,6368.85,6360.0,-133.2233,0.0
10:50:52,6368.85,6365.0,-30.9297,0.0
10:50:52,6368.85,6370.0,-398.7921,0.0
10:50:52,6368.85,6375.0,-170.3935,0.0
10:50:52,6368.85,6380.0,-158.4019,0.0
10:50:52,6368.85,6385.0,-73.1164,0.0
10:50:52,6368.85,6390.0,-127.3634,0.0
10:50:52,6368.85,6395.0,-71.0396,0.0
10:50:52,6368.85,6400.0,-462.0278,0.0
10:50:52,6368.85,6405.0,-42.6741,0.0
10:50:52,6368.85,6410.0,-42.3609,0.0
10:50:52,6368.85,6415.0,-17.4323,0.0
10:50:52,6368.85,6420.0,-94.9783,0.0
10:50:52,6368.85,6425.0,-80.0641,0.0
10:50:52,6368.85,6430.0,39.4818,0.0
10:50:52,6368.85,6435.0,-15.8232,0.0
10:50:52,6368.85,6440.0,-188.1426,0.0
10:53:02,6368.85,6295.0,-35.3533,0.0
10:53:02,6368.85,6300.0,-464.5075,0.0
10:53:02,6368.85,6305.0,-22.9469,0.0
10:53:02,6368.85,6310.0,-315.7645,0.0
10:53:02,6368.85,6315.0,-44.1697,0.0
10:53:02,6368.85,6320.0,-55.1607,0.0
10:53:02,6368.85,6325.0,-199.6208,0.0
10:53:02,6368.85,6330.0,-36.5612,0.0
10:53:02,6368.85,6335.0,-21.0407,0.0
10:53:02,6368.85,6340.0,-184.8503,0.0
10:53:02,6368.85,6345.0,-44.5628,0.0
10:53:02,6368.85,6350.0,-329.5677,0.0
10:53:02,6368.85,6355.0,-37.4837,0.0
10:53:02,6368.85,6360.0,-133.2233,0.0
10:53:02,6368.85,6365.0,-30.9297,0.0
10:53:02,6368.85,6370.0,-398.7921,0.0
10:53:02,6368.85,6375.0,-170.3935,0.0
10:53:02,6368.85,6380.0,-158.4019,0.0
10:53:02,6368.85,6385.0,-73.1164,0.0
10:53:02,6368.85,6390.0,-127.3634,0.0
10:53:02,6368.85,6395.0,-71.0396,0.0
10:53:02,6368.85,6400.0,-462.0278,0.0
10:53:02,6368.85,6405.0,-42.6741,0.0
10:53:02,6368.85,6410.0,-42.3609,0.0
10:53:02,6368.85,6415.0,-17.4323,0.0
10:53:02,6368.85,6420.0,-94.9783,0.0
10:53:02,6368.85,6425.0,-80.0641,0.0
10:53:02,6368.85,6430.0,39.4818,0.0
10:53:02,6368.85,6435.0,-15.8232,0.0
10:53:02,6368.85,6440.0,-188.1426,0.0
10:55:12,6368.85,6295.0,-35.3533,0.0
10:55:12,6368.85,6300.0,-464.5075,0.0
10:55:12,6368.85,6305.0,-22.9469,0.0
10:55:12,6368.85,6310.0,-315.7645,0.0
10:55:12,6368.85,6315.0,-44.1697,0.0
10:55:12,6368.85,6320.0,-55.1607,0.0
10:55:12,6368.85,6325.0,-199.6208,0.0
10:55:12,6368.85,6330.0,-36.5612,0.0
10:55:12,6368.85,6335.0,-21.0407,0.0
10:55:12,6368.85,6340.0,-184.8503,0.0
10:55:12,6368.85,6345.0,-44.5628,0.0
10:55:12,6368.85,6350.0,-329.5677,0.0
10:55:12,6368.85,6355.0,-37.4837,0.0
10:55:12,6368.85,6360.0,-133.2233,0.0
10:55:12,6368.85,6365.0,-30.9297,0.0
10:55:12,6368.85,6370.0,-398.7921,0.0
10:55:12,6368.85,6375.0,-170.3935,0.0
10:55:12,6368.85,6380.0,-158.4019,0.0
10:55:12,6368.85,6385.0,-73.1164,0.0
10:55:12,6368.85,6390.0,-127.3634,0.0
10:55:12,6368.85,6395.0,-71.0396,0.0
10:55:12,6368.85,6400.0,-462.0278,0.0
10:55:12,6368.85,6405.0,-42.6741,0.0
10:55:12,6368.85,6410.0,-42.3609,0.0
10:55:12,6368.85,6415.0,-17.4323,0.0
10:55:12,6368.85,6420.0,-94.9783,0.0
10:55:12,6368.85,6425.0,-80.0641,0.0
10:55:12,6368.85,6430.0,39.4818,0.0
10:55:12,6368.85,6435.0,-15.8232,0.0
10:55:12,6368.85,6440.0,-188.1426,0.0
10:57:21,6368.85,6295.0,-35.3533,0.0
10:57:21,6368.85,6300.0,-464.5075,0.0
10:57:21,6368.85,6305.0,-22.9469,0.0
10:57:21,6368.85,6310.0,-315.7645,0.0
10:57:21,6368.85,6315.0,-44.1697,0.0
10:57:21,6368.85,6320.0,-55.1607,0.0
10:57:21,6368.85,6325.0,-199.6208,0.0
10:57:21,6368.85,6330.0,-36.5612,0.0
10:57:21,6368.85,6335.0,-21.0407,0.0
10:57:21,6368.85,6340.0,-184.8503,0.0
10:57:21,6368.85,6345.0,-44.5628,0.0
10:57:21,6368.85,6350.0,-329.5677,0.0
10:57:21,6368.85,6355.0,-37.4837,0.0
10:57:21,6368.85,6360.0,-133.2233,0.0
10:57:21,6368.85,6365.0,-30.9297,0.0
10:57:21,6368.85,6370.0,-398.7921,0.0
10:57:21,6368.85,6375.0,-170.3935,0.0
10:57:21,6368.85,6380.0,-158.4019,0.0
10:57:21,6368.85,6385.0,-73.1164,0.0
10:57:21,6368.85,6390.0,-127.3634,0.0
10:57:21,6368.85,6395.0,-71.0396,0.0
10:57:21,6368.85,6400.0,-462.0278,0.0
10:57:21,6368.85,6405.0,-42.6741,0.0
10:57:21,6368.85,6410.0,-42.3609,0.0
10:57:21,6368.85,6415.0,-17.4323,0.0
10:57:21,6368.85,6420.0,-94.9783,0.0
10:57:21,6368.85,6425.0,-80.0641,0.0
10:57:21,6368.85,6430.0,39.4818,0.0
10:57:21,6368.85,6435.0,-15.8232,0.0
10:57:21,6368.85,6440.0,-188.1426,0.0
10:59:31,6368.85,6295.0,-35.3533,0.0
10:59:31,6368.85,6300.0,-464.5075,0.0
10:59:31,6368.85,6305.0,-22.9469,0.0
10:59:31,6368.85,6310.0,-315.7645,0.0
10:59:31,6368.85,6315.0,-44.1697,0.0
10:59:31,6368.85,6320.0,-55.1607,0.0
10:59:31,6368.85,6325.0,-199.6208,0.0
10:59:31,6368.85,6330.0,-36.5612,0.0
10:59:31,6368.85,6335.0,-21.0407,0.0
10:59:31,6368.85,6340.0,-184.8503,0.0
10:59:31,6368.85,6345.0,-44.5628,0.0
10:59:31,6368.85,6350.0,-329.5677,0.0
10:59:31,6368.85,6355.0,-37.4837,0.0
10:59:31,6368.85,6360.0,-133.2233,0.0
10:59:31,6368.85,6365.0,-30.9297,0.0
10:59:31,6368.85,6370.0,-398.7921,0.0
10:59:31,6368.85,6375.0,-170.3935,0.0
10:59:31,6368.85,6380.0,-158.4019,0.0
10:59:31,6368.85,6385.0,-73.1164,0.0
10:59:31,6368.85,6390.0,-127.3634,0.0
10:59:31,6368.85,6395.0,-71.0396,0.0
10:59:31,6368.85,6400.0,-462.0278,0.0
10:59:31,6368.85,6405.0,-42.6741,0.0
10:59:31,6368.85,6410.0,-42.3609,0.0
10:59:31,6368.85,6415.0,-17.4323,0.0
10:59:31,6368.85,6420.0,-94.9783,0.0
10:59:31,6368.85,6425.0,-80.0641,0.0
10:59:31,6368.85,6430.0,39.4818,0.0
10:59:31,6368.85,6435.0,-15.8232,0.0
10:59:31,6368.85,6440.0,-188.1426,0.0
11:01:41,6368.85,6295.0,-35.3533,0.0
11:01:41,6368.85,6300.0,-464.5075,0.0
11:01:41,6368.85,6305.0,-22.9469,0.0
11:01:41,6368.85,6310.0,-315.7645,0.0
11:01:41,6368.85,6315.0,-44.1697,0.0
11:01:41,6368.85,6320.0,-55.1607,0.0
11:01:41,6368.85,6325.0,-199.6208,0.0
11:01:41,6368.85,6330.0,-36.5612,0.0
11:01:41,6368.85,6335.0,-21.0407,0.0
11:01:41,6368.85,6340.0,-184.8503,0.0
11:01:41,6368.85,6345.0,-44.5628,0.0
11:01:41,6368.85,6350.0,-329.5677,0.0
11:01:41,6368.85,6355.0,-37.4837,0.0
11:01:41,6368.85,6360.0,-133.2233,0.0
11:01:41,6368.85,6365.0,-30.9297,0.0
11:01:41,6368.85,6370.0,-398.7921,0.0
11:01:41,6368.85,6375.0,-170.3935,0.0
11:01:41,6368.85,6380.0,-158.4019,0.0
11:01:41,6368.85,6385.0,-73.1164,0.0
11:01:41,6368.85,6390.0,-127.3634,0.0
11:01:41,6368.85,6395.0,-71.0396,0.0
11:01:41,6368.85,6400.0,-462.0278,0.0
11:01:41,6368.85,6405.0,-42.6741,0.0
11:01:41,6368.85,6410.0,-42.3609,0.0
11:01:41,6368.85,6415.0,-17.4323,0.0
11:01:41,6368.85,6420.0,-94.9783,0.0
11:01:41,6368.85,6425.0,-80.0641,0.0
11:01:41,6368.85,6430.0,39.4818,0.0
11:01:41,6368.85,6435.0,-15.8232,0.0
11:01:41,6368.85,6440.0,-188.1426,0.0
11:03:50,6368.85,6295.0,-35.3533,0.0
11:03:50,6368.85,6300.0,-464.5075,0.0
11:03:50,6368.85,6305.0,-22.9469,0.0
11:03:50,6368.85,6310.0,-315.7645,0.0
11:03:50,6368.85,6315.0,-44.1697,0.0
11:03:50,6368.85,6320.0,-55.1607,0.0
11:03:50,6368.85,6325.0,-199.6208,0.0
11:03:50,6368.85,6330.0,-36.5612,0.0
11:03:50,6368.85,6335.0,-21.0407,0.0
11:03:50,6368.85,6340.0,-184.8503,0.0
11:03:50,6368.85,6345.0,-44.5628,0.0
11:03:50,6368.85,6350.0,-329.5677,0.0
11:03:50,6368.85,6355.0,-37.4837,0.0
11:03:50,6368.85,6360.0,-133.2233,0.0
11:03:50,6368.85,6365.0,-30.9297,0.0
11:03:50,6368.85,6370.0,-398.7921,0.0
11:03:50,6368.85,6375.0,-170.3935,0.0
11:03:50,6368.85,6380.0,-158.4019,0.0
11:03:50,6368.85,6385.0,-73.1164,0.0
11:03:50,6368.85,6390.0,-127.3634,0.0
11:03:50,6368.85,6395.0,-71.0396,0.0
11:03:50,6368.85,6400.0,-462.0278,0.0
11:03:50,6368.85,6405.0,-42.6741,0.0
11:03:50,6368.85,6410.0,-42.3609,0.0
11:03:50,6368.85,6415.0,-17.4323,0.0
11:03:50,6368.85,6420.0,-94.9783,0.0
11:03:50,6368.85,6425.0,-80.0641,0.0
11:03:50,6368.85,6430.0,39.4818,0.0
11:03:50,6368.85,6435.0,-15.8232,0.0
11:03:50,6368.85,6440.0,-188.1426,0.0
11:06:00,6368.85,6295.0,-35.3533,0.0
11:06:00,6368.85,6300.0,-464.5075,0.0
11:06:00,6368.85,6305.0,-22.9469,0.0
11:06:00,6368.85,6310.0,-315.7645,0.0
11:06:00,6368.85,6315.0,-44.1697,0.0
11:06:00,6368.85,6320.0,-55.1607,0.0
11:06:00,6368.85,6325.0,-199.6208,0.0
11:06:00,6368.85,6330.0,-36.5612,0.0
11:06:00,6368.85,6335.0,-21.0407,0.0
11:06:00,6368.85,6340.0,-184.8503,0.0
11:06:00,6368.85,6345.0,-44.5628,0.0
11:06:00,6368.85,6350.0,-329.5677,0.0
11:06:00,6368.85,6355.0,-37.4837,0.0
11:06:00,6368.85,6360.0,-133.2233,0.0
11:06:00,6368.85,6365.0,-30.9297,0.0
11:06:00,6368.85,6370.0,-398.7921,0.0
11:06:00,6368.85,6375.0,-170.3935,0.0
11:06:00,6368.85,6380.0,-158.4019,0.0
11:06:00,6368.85,6385.0,-73.1164,0.0
11:06:00,6368.85,6390.0,-127.3634,0.0
11:06:00,6368.85,6395.0,-71.0396,0.0
11:06:00,6368.85,6400.0,-462.0278,0.0
11:06:00,6368.85,6405.0,-42.6741,0.0
11:06:00,6368.85,6410.0,-42.3609,0.0
11:06:00,6368.85,6415.0,-17.4323,0.0
11:06:00,6368.85,6420.0,-94.9783,0.0
11:06:00,6368.85,6425.0,-80.0641,0.0
11:06:00,6368.85,6430.0,39.4818,0.0
11:06:00,6368.85,6435.0,-15.8232,0.0
11:06:00,6368.85,6440.0,-188.1426,0.0
11:08:10,6368.85,6295.0,-35.3533,0.0
11:08:10,6368.85,6300.0,-464.5075,0.0
11:08:10,6368.85,6305.0,-22.9469,0.0
11:08:10,6368.85,6310.0,-315.7645,0.0
11:08:10,6368.85,6315.0,-44.1697,0.0
11:08:10,6368.85,6320.0,-55.1607,0.0
11:08:10,6368.85,6325.0,-199.6208,0.0
11:08:10,6368.85,6330.0,-36.5612,0.0
11:08:10,6368.85,6335.0,-21.0407,0.0
11:08:10,6368.85,6340.0,-184.8503,0.0
11:08:10,6368.85,6345.0,-44.5628,0.0
11:08:10,6368.85,6350.0,-329.5677,0.0
11:08:10,6368.85,6355.0,-37.4837,0.0
11:08:10,6368.85,6360.0,-133.2233,0.0
11:08:10,6368.85,6365.0,-30.9297,0.0
11:08:10,6368.85,6370.0,-398.7921,0.0
11:08:10,6368.85,6375.0,-170.3935,0.0
11:08:10,6368.85,6380.0,-158.4019,0.0
11:08:10,6368.85,6385.0,-73.1164,0.0
11:08:10,6368.85,6390.0,-127.3634,0.0
11:08:10,6368.85,6395.0,-71.0396,0.0
11:08:10,6368.85,6400.0,-462.0278,0.0
11:08:10,6368.85,6405.0,-42.6741,0.0
11:08:10,6368.85,6410.0,-42.3609,0.0
11:08:10,6368.85,6415.0,-17.4323,0.0
11:08:10,6368.85,6420.0,-94.9783,0.0
11:08:10,6368.85,6425.0,-80.0641,0.0
11:08:10,6368.85,6430.0,39.4818,0.0
11:08:10,6368.85,6435.0,-15.8232,0.0
11:08:10,6368.85,6440.0,-188.1426,0.0
11:10:20,6368.85,6295.0,-35.3533,0.0
11:10:20,6368.85,6300.0,-464.5075,0.0
11:10:20,6368.85,6305.0,-22.9469,0.0
11:10:20,6368.85,6310.0,-315.7645,0.0
11:10:20,6368.85,6315.0,-44.1697,0.0
11:10:20,6368.85,6320.0,-55.1607,0.0
11:10:20,6368.85,6325.0,-199.6208,0.0
11:10:20,6368.85,6330.0,-36.5612,0.0
11:10:20,6368.85,6335.0,-21.0407,0.0
11:10:20,6368.85,6340.0,-184.8503,0.0
11:10:20,6368.85,6345.0,-44.5628,0.0
11:10:20,6368.85,6350.0,-329.5677,0.0
11:10:20,6368.85,6355.0,-37.4837,0.0
11:10:20,6368.85,6360.0,-133.2233,0.0
11:10:20,6368.85,6365.0,-30.9297,0.0
11:10:20,6368.85,6370.0,-398.7921,0.0
11:10:20,6368.85,6375.0,-170.3935,0.0
11:10:20,6368.85,6380.0,-158.4019,0.0
11:10:20,6368.85,6385.0,-73.1164,0.0
11:10:20,6368.85,6390.0,-127.3634,0.0
11:10:20,6368.85,6395.0,-71.0396,0.0
11:10:20,6368.85,6400.0,-462.0278,0.0
11:10:20,6368.85,6405.0,-42.6741,0.0
11:10:20,6368.85,6410.0,-42.3609,0.0
11:10:20,6368.85,6415.0,-17.4323,0.0
11:10:20,6368.85,6420.0,-94.9783,0.0
11:10:20,6368.85,6425.0,-80.0641,0.0
11:10:20,6368.85,6430.0,39.4818,0.0
11:10:20,6368.85,6435.0,-15.8232,0.0
11:10:20,6368.85,6440.0,-188.1426,0.0
11:12:29,6368.85,6295.0,-35.3533,0.0
11:12:29,6368.85,6300.0,-464.5075,0.0
11:12:29,6368.85,6305.0,-22.9469,0.0
11:12:29,6368.85,6310.0,-315.7645,0.0
11:12:29,6368.85,6315.0,-44.1697,0.0
11:12:29,6368.85,6320.0,-55.1607,0.0
11:12:29,6368.85,6325.0,-199.6208,0.0
11:12:29,6368.85,6330.0,-36.5612,0.0
11:12:29,6368.85,6335.0,-21.0407,0.0
11:12:29,6368.85,6340.0,-184.8503,0.0
11:12:29,6368.85,6345.0,-44.5628,0.0
11:12:29,6368.85,6350.0,-329.5677,0.0
11:12:29,6368.85,6355.0,-37.4837,0.0
11:12:29,6368.85,6360.0,-133.2233,0.0
11:12:29,6368.85,6365.0,-30.9297,0.0
11:12:29,6368.85,6370.0,-398.7921,0.0
11:12:29,6368.85,6375.0,-170.3935,0.0
11:12:29,6368.85,6380.0,-158.4019,0.0
11:12:29,6368.85,6385.0,-73.1164,0.0
11:12:29,6368.85,6390.0,-127.3634,0.0
11:12:29,6368.85,6395.0,-71.0396,0.0
11:12:29,6368.85,6400.0,-462.0278,0.0
11:12:29,6368.85,6405.0,-42.6741,0.0
11:12:29,6368.85,6410.0,-42.3609,0.0
11:12:29,6368.85,6415.0,-17.4323,0.0
11:12:29,6368.85,6420.0,-94.9783,0.0
11:12:29,6368.85,6425.0,-80.0641,0.0
11:12:29,6368.85,6430.0,39.4818,0.0
11:12:29,6368.85,6435.0,-15.8232,0.0
11:12:29,6368.85,6440.0,-188.1426,0.0
11:14:39,6368.85,6295.0,-35.3533,0.0
11:14:39,6368.85,6300.0,-464.5075,0.0
11:14:39,6368.85,6305.0,-22.9469,0.0
11:14:39,6368.85,6310.0,-315.7645,0.0
11:14:39,6368.85,6315.0,-44.1697,0.0
11:14:39,6368.85,6320.0,-55.1607,0.0
11:14:39,6368.85,6325.0,-199.6208,0.0
11:14:39,6368.85,6330.0,-36.5612,0.0
11:14:39,6368.85,6335.0,-21.0407,0.0
11:14:39,6368.85,6340.0,-184.8503,0.0
11:14:39,6368.85,6345.0,-44.5628,0.0
11:14:39,6368.85,6350.0,-329.5677,0.0
11:14:39,6368.85,6355.0,-37.4837,0.0
11:14:39,6368.85,6360.0,-133.2233,0.0
11:14:39,6368.85,6365.0,-30.9297,0.0
11:14:39,6368.85,6370.0,-398.7921,0.0
11:14:39,6368.85,6375.0,-170.3935,0.0
11:14:39,6368.85,6380.0,-158.4019,0.0
11:14:39,6368.85,6385.0,-73.1164,0.0
11:14:39,6368.85,6390.0,-127.3634,0.0
11:14:39,6368.85,6395.0,-71.0396,0.0
11:14:39,6368.85,6400.0,-462.0278,0.0
11:14:39,6368.85,6405.0,-42.6741,0.0
11:14:39,6368.85,6410.0,-42.3609,0.0
11:14:39,6368.85,6415.0,-17.4323,0.0
11:14:39,6368.85,6420.0,-94.9783,0.0
11:14:39,6368.85,6425.0,-80.0641,0.0
11:14:39,6368.85,6430.0,39.4818,0.0
11:14:39,6368.85,6435.0,-15.8232,0.0
11:14:39,6368.85,6440.0,-188.1426,0.0
11:16:49,6368.85,6295.0,-35.3533,0.0
11:16:49,6368.85,6300.0,-464.5075,0.0
11:16:49,6368.85,6305.0,-22.9469,0.0
11:16:49,6368.85,6310.0,-315.7645,0.0
11:16:49,6368.85,6315.0,-44.1697,0.0
11:16:49,6368.85,6320.0,-55.1607,0.0
11:16:49,6368.85,6325.0,-199.6208,0.0
11:16:49,6368.85,6330.0,-36.5612,0.0
11:16:49,6368.85,6335.0,-21.0407,0.0
11:16:49,6368.85,6340.0,-184.8503,0.0
11:16:49,6368.85,6345.0,-44.5628,0.0
11:16:49,6368.85,6350.0,-329.5677,0.0
11:16:49,6368.85,6355.0,-37.4837,0.0
11:16:49,6368.85,6360.0,-133.2233,0.0
11:16:49,6368.85,6365.0,-30.9297,0.0
11:16:49,6368.85,6370.0,-398.7921,0.0
11:16:49,6368.85,6375.0,-170.3935,0.0
11:16:49,6368.85,6380.0,-158.4019,0.0
11:16:49,6368.85,6385.0,-73.1164,0.0
11:16:49,6368.85,6390.0,-127.3634,0.0
11:16:49,6368.85,6395.0,-71.0396,0.0
11:16:49,6368.85,6400.0,-462.0278,0.0
11:16:49,6368.85,6405.0,-42.6741,0.0
11:16:49,6368.85,6410.0,-42.3609,0.0
11:16:49,6368.85,6415.0,-17.4323,0.0
11:16:49,6368.85,6420.0,-94.9783,0.0
11:16:49,6368.85,6425.0,-80.0641,0.0
11:16:49,6368.85,6430.0,39.4818,0.0
11:16:49,6368.85,6435.0,-15.8232,0.0
11:16:49,6368.85,6440.0,-188.1426,0.0
11:18:58,6368.85,6295.0,-35.3533,0.0
11:18:58,6368.85,6300.0,-464.5075,0.0
11:18:58,6368.85,6305.0,-22.9469,0.0
11:18:58,6368.85,6310.0,-315.7645,0.0
11:18:58,6368.85,6315.0,-44.1697,0.0
11:18:58,6368.85,6320.0,-55.1607,0.0
11:18:58,6368.85,6325.0,-199.6208,0.0
11:18:58,6368.85,6330.0,-36.5612,0.0
11:18:58,6368.85,6335.0,-21.0407,0.0
11:18:58,6368.85,6340.0,-184.8503,0.0
11:18:58,6368.85,6345.0,-44.5628,0.0
11:18:58,6368.85,6350.0,-329.5677,0.0
11:18:58,6368.85,6355.0,-37.4837,0.0
11:18:58,6368.85,6360.0,-133.2233,0.0
11:18:58,6368.85,6365.0,-30.9297,0.0
11:18:58,6368.85,6370.0,-398.7921,0.0
11:18:58,6368.85,6375.0,-170.3935,0.0
11:18:58,6368.85,6380.0,-158.4019,0.0
11:18:58,6368.85,6385.0,-73.1164,0.0
11:18:58,6368.85,6390.0,-127.3634,0.0
11:18:58,6368.85,6395.0,-71.0396,0.0
11:18:58,6368.85,6400.0,-462.0278,0.0
11:18:58,6368.85,6405.0,-42.6741,0.0
11:18:58,6368.85,6410.0,-42.3609,0.0
11:18:58,6368.85,6415.0,-17.4323,0.0
11:18:58,6368.85,6420.0,-94.9783,0.0
11:18:58,6368.85,6425.0,-80.0641,0.0
11:18:58,6368.85,6430.0,39.4818,0.0
11:18:58,6368.85,6435.0,-15.8232,0.0
11:18:58,6368.85,6440.0,-188.1426,0.0
11:21:08,6368.85,6295.0,-35.3533,0.0
11:21:08,6368.85,6300.0,-464.5075,0.0
11:21:08,6368.85,6305.0,-22.9469,0.0
11:21:08,6368.85,6310.0,-315.7645,0.0
11:21:08,6368.85,6315.0,-44.1697,0.0
11:21:08,6368.85,6320.0,-55.1607,0.0
11:21:08,6368.85,6325.0,-199.6208,0.0
11:21:08,6368.85,6330.0,-36.5612,0.0
11:21:08,6368.85,6335.0,-21.0407,0.0
11:21:08,6368.85,6340.0,-184.8503,0.0
11:21:08,6368.85,6345.0,-44.5628,0.0
11:21:08,6368.85,6350.0,-329.5677,0.0
11:21:08,6368.85,6355.0,-37.4837,0.0
11:21:08,6368.85,6360.0,-133.2233,0.0
11:21:08,6368.85,6365.0,-30.9297,0.0
11:21:08,6368.85,6370.0,-398.7921,0.0
11:21:08,6368.85,6375.0,-170.3935,0.0
11:21:08,6368.85,6380.0,-158.4019,0.0
11:21:08,6368.85,6385.0,-73.1164,0.0
11:21:08,6368.85,6390.0,-127.3634,0.0
11:21:08,6368.85,6395.0,-71.0396,0.0
11:21:08,6368.85,6400.0,-462.0278,0.0
11:21:08,6368.85,6405.0,-42.6741,0.0
11:21:08,6368.85,6410.0,-42.3609,0.0
11:21:08,6368.85,6415.0,-17.4323,0.0
11:21:08,6368.85,6420.0,-94.9783,0.0
11:21:08,6368.85,6425.0,-80.0641,0.0
11:21:08,6368.85,6430.0,39.4818,0.0
11:21:08,6368.85,6435.0,-15.8232,0.0
11:21:08,6368.85,6440.0,-188.1426,0.0
11:23:18,6368.85,6295.0,-35.3533,0.0
11:23:18,6368.85,6300.0,-464.5075,0.0
11:23:18,6368.85,6305.0,-22.9469,0.0
11:23:18,6368.85,6310.0,-315.7645,0.0
11:23:18,6368.85,6315.0,-44.1697,0.0
11:23:18,6368.85,6320.0,-55.1607,0.0
11:23:18,6368.85,6325.0,-199.6208,0.0
11:23:18,6368.85,6330.0,-36.5612,0.0
11:23:18,6368.85,6335.0,-21.0407,0.0
11:23:18,6368.85,6340.0,-184.8503,0.0
11:23:18,6368.85,6345.0,-44.5628,0.0
11:23:18,6368.85,6350.0,-329.5677,0.0
11:23:18,6368.85,6355.0,-37.4837,0.0
11:23:18,6368.85,6360.0,-133.2233,0.0
11:23:18,6368.85,6365.0,-30.9297,0.0
11:23:18,6368.85,6370.0,-398.7921,0.0
11:23:18,6368.85,6375.0,-170.3935,0.0
11:23:18,6368.85,6380.0,-158.4019,0.0
11:23:18,6368.85,6385.0,-73.1164,0.0
11:23:18,6368.85,6390.0,-127.3634,0.0
11:23:18,6368.85,6395.0,-71.0396,0.0
11:23:18,6368.85,6400.0,-462.0278,0.0
11:23:18,6368.85,6405.0,-42.6741,0.0
11:23:18,6368.85,6410.0,-42.3609,0.0
11:23:18,6368.85,6415.0,-17.4323,0.0
11:23:18,6368.85,6420.0,-94.9783,0.0
11:23:18,6368.85,6425.0,-80.0641,0.0
11:23:18,6368.85,6430.0,39.4818,0.0
11:23:18,6368.85,6435.0,-15.8232,0.0
11:23:18,6368.85,6440.0,-188.1426,0.0
11:25:28,6368.85,6295.0,-35.3533,0.0
11:25:28,6368.85,6300.0,-464.5075,0.0
11:25:28,6368.85,6305.0,-22.9469,0.0
11:25:28,6368.85,6310.0,-315.7645,0.0
11:25:28,6368.85,6315.0,-44.1697,0.0
11:25:28,6368.85,6320.0,-55.1607,0.0
11:25:28,6368.85,6325.0,-199.6208,0.0
11:25:28,6368.85,6330.0,-36.5612,0.0
11:25:28,6368.85,6335.0,-21.0407,0.0
11:25:28,6368.85,6340.0,-184.8503,0.0
11:25:28,6368.85,6345.0,-44.5628,0.0
11:25:28,6368.85,6350.0,-329.5677,0.0
11:25:28,6368.85,6355.0,-37.4837,0.0
11:25:28,6368.85,6360.0,-133.2233,0.0
11:25:28,6368.85,6365.0,-30.9297,0.0
11:25:28,6368.85,6370.0,-398.7921,0.0
11:25:28,6368.85,6375.0,-170.3935,0.0
11:25:28,6368.85,6380.0,-158.4019,0.0
11:25:28,6368.85,6385.0,-73.1164,0.0
11:25:28,6368.85,6390.0,-127.3634,0.0
11:25:28,6368.85,6395.0,-71.0396,0.0
11:25:28,6368.85,6400.0,-462.0278,0.0
11:25:28,6368.85,6405.0,-42.6741,0.0
11:25:28,6368.85,6410.0,-42.3609,0.0
11:25:28,6368.85,6415.0,-17.4323,0.0
11:25:28,6368.85,6420.0,-94.9783,0.0
11:25:28,6368.85,6425.0,-80.0641,0.0
11:25:28,6368.85,6430.0,39.4818,0.0
11:25:28,6368.85,6435.0,-15.8232,0.0
11:25:28,6368.85,6440.0,-188.1426,0.0
11:27:37,6368.85,6295.0,-35.3533,0.0
11:27:37,6368.85,6300.0,-464.5075,0.0
11:27:37,6368.85,6305.0,-22.9469,0.0
11:27:37,6368.85,6310.0,-315.7645,0.0
11:27:37,6368.85,6315.0,-44.1697,0.0
11:27:37,6368.85,6320.0,-55.1607,0.0
11:27:37,6368.85,6325.0,-199.6208,0.0
11:27:37,6368.85,6330.0,-36.5612,0.0
11:27:37,6368.85,6335.0,-21.0407,0.0
11:27:37,6368.85,6340.0,-184.8503,0.0
11:27:37,6368.85,6345.0,-44.5628,0.0
11:27:37,6368.85,6350.0,-329.5677,0.0
11:27:37,6368.85,6355.0,-37.4837,0.0
11:27:37,6368.85,6360.0,-133.2233,0.0
11:27:37,6368.85,6365.0,-30.9297,0.0
11:27:37,6368.85,6370.0,-398.7921,0.0
11:27:37,6368.85,6375.0,-170.3935,0.0
11:27:37,6368.85,6380.0,-158.4019,0.0
11:27:37,6368.85,6385.0,-73.1164,0.0
11:27:37,6368.85,6390.0,-127.3634,0.0
11:27:37,6368.85,6395.0,-71.0396,0.0
11:27:37,6368.85,6400.0,-462.0278,0.0
11:27:37,6368.85,6405.0,-42.6741,0.0
11:27:37,6368.85,6410.0,-42.3609,0.0
11:27:37,6368.85,6415.0,-17.4323,0.0
11:27:37,6368.85,6420.0,-94.9783,0.0
11:27:37,6368.85,6425.0,-80.0641,0.0
11:27:37,6368.85,6430.0,39.4818,0.0
11:27:37,6368.85,6435.0,-15.8232,0.0
11:27:37,6368.85,6440.0,-188.1426,0.0
11:29:47,6368.85,6295.0,-35.3533,0.0
11:29:47,6368.85,6300.0,-464.5075,0.0
11:29:47,6368.85,6305.0,-22.9469,0.0
11:29:47,6368.85,6310.0,-315.7645,0.0
11:29:47,6368.85,6315.0,-44.1697,0.0
11:29:47,6368.85,6320.0,-55.1607,0.0
11:29:47,6368.85,6325.0,-199.6208,0.0
11:29:47,6368.85,6330.0,-36.5612,0.0
11:29:47,6368.85,6335.0,-21.0407,0.0
11:29:47,6368.85,6340.0,-184.8503,0.0
11:29:47,6368.85,6345.0,-44.5628,0.0
11:29:47,6368.85,6350.0,-329.5677,0.0
11:29:47,6368.85,6355.0,-37.4837,0.0
11:29:47,6368.85,6360.0,-133.2233,0.0
11:29:47,6368.85,6365.0,-30.9297,0.0
11:29:47,6368.85,6370.0,-398.7921,0.0
11:29:47,6368.85,6375.0,-170.3935,0.0
11:29:47,6368.85,6380.0,-158.4019,0.0
11:29:47,6368.85,6385.0,-73.1164,0.0
11:29:47,6368.85,6390.0,-127.3634,0.0
11:29:47,6368.85,6395.0,-71.0396,0.0
11:29:47,6368.85,6400.0,-462.0278,0.0
11:29:47,6368.85,6405.0,-42.6741,0.0
11:29:47,6368.85,6410.0,-42.3609,0.0
11:29:47,6368.85,6415.0,-17.4323,0.0
11:29:47,6368.85,6420.0,-94.9783,0.0
11:29:47,6368.85,6425.0,-80.0641,0.0
11:29:47,6368.85,6430.0,39.4818,0.0
11:29:47,6368.85,6435.0,-15.8232,0.0
11:29:47,6368.85,6440.0,-188.1426,0.0
11:31:57,6368.85,6295.0,-35.3533,0.0
11:31:57,6368.85,6300.0,-464.5075,0.0
11:31:57,6368.85,6305.0,-22.9469,0.0
11:31:57,6368.85,6310.0,-315.7645,0.0
11:31:57,6368.85,6315.0,-44.1697,0.0
11:31:57,6368.85,6320.0,-55.1607,0.0
11:31:57,6368.85,6325.0,-199.6208,0.0
11:31:57,6368.85,6330.0,-36.5612,0.0
11:31:57,6368.85,6335.0,-21.0407,0.0
11:31:57,6368.85,6340.0,-184.8503,0.0
11:31:57,6368.85,6345.0,-44.5628,0.0
11:31:57,6368.85,6350.0,-329.5677,0.0
11:31:57,6368.85,6355.0,-37.4837,0.0
11:31:57,6368.85,6360.0,-133.2233,0.0
11:31:57,6368.85,6365.0,-30.9297,0.0
11:31:57,6368.85,6370.0,-398.7921,0.0
11:31:57,6368.85,6375.0,-170.3935,0.0
11:31:57,6368.85,6380.0,-158.4019,0.0
11:31:57,6368.85,6385.0,-73.1164,0.0
11:31:57,6368.85,6390.0,-127.3634,0.0
11:31:57,6368.85,6395.0,-71.0396,0.0
11:31:57,6368.85,6400.0,-462.0278,0.0
11:31:57,6368.85,6405.0,-42.6741,0.0
11:31:57,6368.85,6410.0,-42.3609,0.0
11:31:57,6368.85,6415.0,-17.4323,0.0
11:31:57,6368.85,6420.0,-94.9783,0.0
11:31:57,6368.85,6425.0,-80.0641,0.0
11:31:57,6368.85,6430.0,39.4818,0.0
11:31:57,6368.85,6435.0,-15.8232,0.0
11:31:57,6368.85,6440.0,-188.1426,0.0
11:34:06,6368.85,6295.0,-35.3533,0.0
11:34:06,6368.85,6300.0,-464.5075,0.0
11:34:06,6368.85,6305.0,-22.9469,0.0
11:34:06,6368.85,6310.0,-315.7645,0.0
11:34:06,6368.85,6315.0,-44.1697,0.0
11:34:06,6368.85,6320.0,-55.1607,0.0
11:34:06,6368.85,6325.0,-199.6208,0.0
11:34:06,6368.85,6330.0,-36.5612,0.0
11:34:06,6368.85,6335.0,-21.0407,0.0
11:34:06,6368.85,6340.0,-184.8503,0.0
11:34:06,6368.85,6345.0,-44.5628,0.0
11:34:06,6368.85,6350.0,-329.5677,0.0
11:34:06,6368.85,6355.0,-37.4837,0.0
11:34:06,6368.85,6360.0,-133.2233,0.0
11:34:06,6368.85,6365.0,-30.9297,0.0
11:34:06,6368.85,6370.0,-398.7921,0.0
11:34:06,6368.85,6375.0,-170.3935,0.0
11:34:06,6368.85,6380.0,-158.4019,0.0
11:34:06,6368.85,6385.0,-73.1164,0.0
11:34:06,6368.85,6390.0,-127.3634,0.0
11:34:06,6368.85,6395.0,-71.0396,0.0
11:34:06,6368.85,6400.0,-462.0278,0.0
11:34:06,6368.85,6405.0,-42.6741,0.0
11:34:06,6368.85,6410.0,-42.3609,0.0
11:34:06,6368.85,6415.0,-17.4323,0.0
11:34:06,6368.85,6420.0,-94.9783,0.0
11:34:06,6368.85,6425.0,-80.0641,0.0
11:34:06,6368.85,6430.0,39.4818,0.0
11:34:06,6368.85,6435.0,-15.8232,0.0
11:34:06,6368.85,6440.0,-188.1426,0.0
11:36:16,6368.85,6295.0,-35.3533,0.0
11:36:16,6368.85,6300.0,-464.5075,0.0
11:36:16,6368.85,6305.0,-22.9469,0.0
11:36:16,6368.85,6310.0,-315.7645,0.0
11:36:16,6368.85,6315.0,-44.1697,0.0
11:36:16,6368.85,6320.0,-55.1607,0.0
11:36:16,6368.85,6325.0,-199.6208,0.0
11:36:16,6368.85,6330.0,-36.5612,0.0
11:36:16,6368.85,6335.0,-21.0407,0.0
11:36:16,6368.85,6340.0,-184.8503,0.0
11:36:16,6368.85,6345.0,-44.5628,0.0
11:36:16,6368.85,6350.0,-329.5677,0.0
11:36:16,6368.85,6355.0,-37.4837,0.0
11:36:16,6368.85,6360.0,-133.2233,0.0
11:36:16,6368.85,6365.0,-30.9297,0.0
11:36:16,6368.85,6370.0,-398.7921,0.0
11:36:16,6368.85,6375.0,-170.3935,0.0
11:36:16,6368.85,6380.0,-158.4019,0.0
11:36:16,6368.85,6385.0,-73.1164,0.0
11:36:16,6368.85,6390.0,-127.3634,0.0
11:36:16,6368.85,6395.0,-71.0396,0.0
11:36:16,6368.85,6400.0,-462.0278,0.0
11:36:16,6368.85,6405.0,-42.6741,0.0
11:36:16,6368.85,6410.0,-42.3609,0.0
11:36:16,6368.85,6415.0,-17.4323,0.0
11:36:16,6368.85,6420.0,-94.9783,0.0
11:36:16,6368.85,6425.0,-80.0641,0.0
11:36:16,6368.85,6430.0,39.4818,0.0
11:36:16,6368.85,6435.0,-15.8232,0.0
11:36:16,6368.85,6440.0,-188.1426,0.0
11:38:26,6368.85,6295.0,-35.3533,0.0
11:38:26,6368.85,6300.0,-464.5075,0.0
11:38:26,6368.85,6305.0,-22.9469,0.0
11:38:26,6368.85,6310.0,-315.7645,0.0
11:38:26,6368.85,6315.0,-44.1697,0.0
11:38:26,6368.85,6320.0,-55.1607,0.0
11:38:26,6368.85,6325.0,-199.6208,0.0
11:38:26,6368.85,6330.0,-36.5612,0.0
11:38:26,6368.85,6335.0,-21.0407,0.0
11:38:26,6368.85,6340.0,-184.8503,0.0
11:38:26,6368.85,6345.0,-44.5628,0.0
11:38:26,6368.85,6350.0,-329.5677,0.0
11:38:26,6368.85,6355.0,-37.4837,0.0
11:38:26,6368.85,6360.0,-133.2233,0.0
11:38:26,6368.85,6365.0,-30.9297,0.0
11:38:26,6368.85,6370.0,-398.7921,0.0
11:38:26,6368.85,6375.0,-170.3935,0.0
11:38:26,6368.85,6380.0,-158.4019,0.0
11:38:26,6368.85,6385.0,-73.1164,0.0
11:38:26,6368.85,6390.0,-127.3634,0.0
11:38:26,6368.85,6395.0,-71.0396,0.0
11:38:26,6368.85,6400.0,-462.0278,0.0
11:38:26,6368.85,6405.0,-42.6741,0.0
11:38:26,6368.85,6410.0,-42.3609,0.0
11:38:26,6368.85,6415.0,-17.4323,0.0
11:38:26,6368.85,6420.0,-94.9783,0.0
11:38:26,6368.85,6425.0,-80.0641,0.0
11:38:26,6368.85,6430.0,39.4818,0.0
11:38:26,6368.85,6435.0,-15.8232,0.0
11:38:26,6368.85,6440.0,-188.1426,0.0
11:40:35,6368.85,6295.0,-35.3533,0.0
11:40:35,6368.85,6300.0,-464.5075,0.0
11:40:35,6368.85,6305.0,-22.9469,0.0
11:40:35,6368.85,6310.0,-315.7645,0.0
11:40:35,6368.85,6315.0,-44.1697,0.0
11:40:35,6368.85,6320.0,-55.1607,0.0
11:40:35,6368.85,6325.0,-199.6208,0.0
11:40:35,6368.85,6330.0,-36.5612,0.0
11:40:35,6368.85,6335.0,-21.0407,0.0
11:40:35,6368.85,6340.0,-184.8503,0.0
11:40:35,6368.85,6345.0,-44.5628,0.0
11:40:35,6368.85,6350.0,-329.5677,0.0
11:40:35,6368.85,6355.0,-37.4837,0.0
11:40:35,6368.85,6360.0,-133.2233,0.0
11:40:35,6368.85,6365.0,-30.9297,0.0
11:40:35,6368.85,6370.0,-398.7921,0.0
11:40:35,6368.85,6375.0,-170.3935,0.0
11:40:35,6368.85,6380.0,-158.4019,0.0
11:40:35,6368.85,6385.0,-73.1164,0.0
11:40:35,6368.85,6390.0,-127.3634,0.0
11:40:35,6368.85,6395.0,-71.0396,0.0
11:40:35,6368.85,6400.0,-462.0278,0.0
11:40:35,6368.85,6405.0,-42.6741,0.0
11:40:35,6368.85,6410.0,-42.3609,0.0
11:40:35,6368.85,6415.0,-17.4323,0.0
11:40:35,6368.85,6420.0,-94.9783,0.0
11:40:35,6368.85,6425.0,-80.0641,0.0
11:40:35,6368.85,6430.0,39.4818,0.0
11:40:35,6368.85,6435.0,-15.8232,0.0
11:40:35,6368.85,6440.0,-188.1426,0.0
11:42:45,6368.85,6295.0,-35.3533,0.0
11:42:45,6368.85,6300.0,-464.5075,0.0
11:42:45,6368.85,6305.0,-22.9469,0.0
11:42:45,6368.85,6310.0,-315.7645,0.0
11:42:45,6368.85,6315.0,-44.1697,0.0
11:42:45,6368.85,6320.0,-55.1607,0.0
11:42:45,6368.85,6325.0,-199.6208,0.0
11:42:45,6368.85,6330.0,-36.5612,0.0
11:42:45,6368.85,6335.0,-21.0407,0.0
11:42:45,6368.85,6340.0,-184.8503,0.0
11:42:45,6368.85,6345.0,-44.5628,0.0
11:42:45,6368.85,6350.0,-329.5677,0.0
11:42:45,6368.85,6355.0,-37.4837,0.0
11:42:45,6368.85,6360.0,-133.2233,0.0
11:42:45,6368.85,6365.0,-30.9297,0.0
11:42:45,6368.85,6370.0,-398.7921,0.0
11:42:45,6368.85,6375.0,-170.3935,0.0
11:42:45,6368.85,6380.0,-158.4019,0.0
11:42:45,6368.85,6385.0,-73.1164,0.0
11:42:45,6368.85,6390.0,-127.3634,0.0
11:42:45,6368.85,6395.0,-71.0396,0.0
11:42:45,6368.85,6400.0,-462.0278,0.0
11:42:45,6368.85,6405.0,-42.6741,0.0
11:42:45,6368.85,6410.0,-42.3609,0.0
11:42:45,6368.85,6415.0,-17.4323,0.0
11:42:45,6368.85,6420.0,-94.9783,0.0
11:42:45,6368.85,6425.0,-80.0641,0.0
11:42:45,6368.85,6430.0,39.4818,0.0
11:42:45,6368.85,6435.0,-15.8232,0.0
11:42:45,6368.85,6440.0,-188.1426,0.0
11:44:55,6368.85,6295.0,-35.3533,0.0
11:44:55,6368.85,6300.0,-464.5075,0.0
11:44:55,6368.85,6305.0,-22.9469,0.0
11:44:55,6368.85,6310.0,-315.7645,0.0
11:44:55,6368.85,6315.0,-44.1697,0.0
11:44:55,6368.85,6320.0,-55.1607,0.0
11:44:55,6368.85,6325.0,-199.6208,0.0
11:44:55,6368.85,6330.0,-36.5612,0.0
11:44:55,6368.85,6335.0,-21.0407,0.0
11:44:55,6368.85,6340.0,-184.8503,0.0
11:44:55,6368.85,6345.0,-44.5628,0.0
11:44:55,6368.85,6350.0,-329.5677,0.0
11:44:55,6368.85,6355.0,-37.4837,0.0
11:44:55,6368.85,6360.0,-133.2233,0.0
11:44:55,6368.85,6365.0,-30.9297,0.0
11:44:55,6368.85,6370.0,-398.7921,0.0
11:44:55,6368.85,6375.0,-170.3935,0.0
11:44:55,6368.85,6380.0,-158.4019,0.0
11:44:55,6368.85,6385.0,-73.1164,0.0
11:44:55,6368.85,6390.0,-127.3634,0.0
11:44:55,6368.85,6395.0,-71.0396,0.0
11:44:55,6368.85,6400.0,-462.0278,0.0
11:44:55,6368.85,6405.0,-42.6741,0.0
11:44:55,6368.85,6410.0,-42.3609,0.0
11:44:55,6368.85,6415.0,-17.4323,0.0
11:44:55,6368.85,6420.0,-94.9783,0.0
11:44:55,6368.85,6425.0,-80.0641,0.0
11:44:55,6368.85,6430.0,39.4818,0.0
11:44:55,6368.85,6435.0,-15.8232,0.0
11:44:55,6368.85,6440.0,-188.1426,0.0
11:47:05,6368.85,6295.0,-35.3533,0.0
11:47:05,6368.85,6300.0,-464.5075,0.0
11:47:05,6368.85,6305.0,-22.9469,0.0
11:47:05,6368.85,6310.0,-315.7645,0.0
11:47:05,6368.85,6315.0,-44.1697,0.0
11:47:05,6368.85,6320.0,-55.1607,0.0
11:47:05,6368.85,6325.0,-199.6208,0.0
11:47:05,6368.85,6330.0,-36.5612,0.0
11:47:05,6368.85,6335.0,-21.0407,0.0
11:47:05,6368.85,6340.0,-184.8503,0.0
11:47:05,6368.85,6345.0,-44.5628,0.0
11:47:05,6368.85,6350.0,-329.5677,0.0
11:47:05,6368.85,6355.0,-37.4837,0.0
11:47:05,6368.85,6360.0,-133.2233,0.0
11:47:05,6368.85,6365.0,-30.9297,0.0
11:47:05,6368.85,6370.0,-398.7921,0.0
11:47:05,6368.85,6375.0,-170.3935,0.0
11:47:05,6368.85,6380.0,-158.4019,0.0
11:47:05,6368.85,6385.0,-73.1164,0.0
11:47:05,6368.85,6390.0,-127.3634,0.0
11:47:05,6368.85,6395.0,-71.0396,0.0
11:47:05,6368.85,6400.0,-462.0278,0.0
11:47:05,6368.85,6405.0,-42.6741,0.0
11:47:05,6368.85,6410.0,-42.3609,0.0
11:47:05,6368.85,6415.0,-17.4323,0.0
11:47:05,6368.85,6420.0,-94.9783,0.0
11:47:05,6368.85,6425.0,-80.0641,0.0
11:47:05,6368.85,6430.0,39.4818,0.0
11:47:05,6368.85,6435.0,-15.8232,0.0
11:47:05,6368.85,6440.0,-188.1426,0.0
11:49:14,6368.85,6295.0,-35.3533,0.0
11:49:14,6368.85,6300.0,-464.5075,0.0
11:49:14,6368.85,6305.0,-22.9469,0.0
11:49:14,6368.85,6310.0,-315.7645,0.0
11:49:14,6368.85,6315.0,-44.1697,0.0
11:49:14,6368.85,6320.0,-55.1607,0.0
11:49:14,6368.85,6325.0,-199.6208,0.0
11:49:14,6368.85,6330.0,-36.5612,0.0
11:49:14,6368.85,6335.0,-21.0407,0.0
11:49:14,6368.85,6340.0,-184.8503,0.0
11:49:14,6368.85,6345.0,-44.5628,0.0
11:49:14,6368.85,6350.0,-329.5677,0.0
11:49:14,6368.85,6355.0,-37.4837,0.0
11:49:14,6368.85,6360.0,-133.2233,0.0
11:49:14,6368.85,6365.0,-30.9297,0.0
11:49:14,6368.85,6370.0,-398.7921,0.0
11:49:14,6368.85,6375.0,-170.3935,0.0
11:49:14,6368.85,6380.0,-158.4019,0.0
11:49:14,6368.85,6385.0,-73.1164,0.0
11:49:14,6368.85,6390.0,-127.3634,0.0
11:49:14,6368.85,6395.0,-71.0396,0.0
11:49:14,6368.85,6400.0,-462.0278,0.0
11:49:14,6368.85,6405.0,-42.6741,0.0
11:49:14,6368.85,6410.0,-42.3609,0.0
11:49:14,6368.85,6415.0,-17.4323,0.0
11:49:14,6368.85,6420.0,-94.9783,0.0
11:49:14,6368.85,6425.0,-80.0641,0.0
11:49:14,6368.85,6430.0,39.4818,0.0
11:49:14,6368.85,6435.0,-15.8232,0.0
11:49:14,6368.85,6440.0,-188.1426,0.0
11:51:24,6368.85,6295.0,-35.3533,0.0
11:51:24,6368.85,6300.0,-464.5075,0.0
11:51:24,6368.85,6305.0,-22.9469,0.0
11:51:24,6368.85,6310.0,-315.7645,0.0
11:51:24,6368.85,6315.0,-44.1697,0.0
11:51:24,6368.85,6320.0,-55.1607,0.0
11:51:24,6368.85,6325.0,-199.6208,0.0
11:51:24,6368.85,6330.0,-36.5612,0.0
11:51:24,6368.85,6335.0,-21.0407,0.0
11:51:24,6368.85,6340.0,-184.8503,0.0
11:51:24,6368.85,6345.0,-44.5628,0.0
11:51:24,6368.85,6350.0,-329.5677,0.0
11:51:24,6368.85,6355.0,-37.4837,0.0
11:51:24,6368.85,6360.0,-133.2233,0.0
11:51:24,6368.85,6365.0,-30.9297,0.0
11:51:24,6368.85,6370.0,-398.7921,0.0
11:51:24,6368.85,6375.0,-170.3935,0.0
11:51:24,6368.85,6380.0,-158.4019,0.0
11:51:24,6368.85,6385.0,-73.1164,0.0
11:51:24,6368.85,6390.0,-127.3634,0.0
11:51:24,6368.85,6395.0,-71.0396,0.0
11:51:24,6368.85,6400.0,-462.0278,0.0
11:51:24,6368.85,6405.0,-42.6741,0.0
11:51:24,6368.85,6410.0,-42.3609,0.0
11:51:24,6368.85,6415.0,-17.4323,0.0
11:51:24,6368.85,6420.0,-94.9783,0.0
11:51:24,6368.85,6425.0,-80.0641,0.0
11:51:24,6368.85,6430.0,39.4818,0.0
11:51:24,6368.85,6435.0,-15.8232,0.0
11:51:24,6368.85,6440.0,-188.1426,0.0
11:53:34,6368.85,6295.0,-35.3533,0.0
11:53:34,6368.85,6300.0,-464.5075,0.0
11:53:34,6368.85,6305.0,-22.9469,0.0
11:53:34,6368.85,6310.0,-315.7645,0.0
11:53:34,6368.85,6315.0,-44.1697,0.0
11:53:34,6368.85,6320.0,-55.1607,0.0
11:53:34,6368.85,6325.0,-199.6208,0.0
11:53:34,6368.85,6330.0,-36.5612,0.0
11:53:34,6368.85,6335.0,-21.0407,0.0
11:53:34,6368.85,6340.0,-184.8503,0.0
11:53:34,6368.85,6345.0,-44.5628,0.0
11:53:34,6368.85,6350.0,-329.5677,0.0
11:53:34,6368.85,6355.0,-37.4837,0.0
11:53:34,6368.85,6360.0,-133.2233,0.0
11:53:34,6368.85,6365.0,-30.9297,0.0
11:53:34,6368.85,6370.0,-398.7921,0.0
11:53:34,6368.85,6375.0,-170.3935,0.0
11:53:34,6368.85,6380.0,-158.4019,0.0
11:53:34,6368.85,6385.0,-73.1164,0.0
11:53:34,6368.85,6390.0,-127.3634,0.0
11:53:34,6368.85,6395.0,-71.0396,0.0
11:53:34,6368.85,6400.0,-462.0278,0.0
11:53:34,6368.85,6405.0,-42.6741,0.0
11:53:34,6368.85,6410.0,-42.3609,0.0
11:53:34,6368.85,6415.0,-17.4323,0.0
11:53:34,6368.85,6420.0,-94.9783,0.0
11:53:34,6368.85,6425.0,-80.0641,0.0
11:53:34,6368.85,6430.0,39.4818,0.0
11:53:34,6368.85,6435.0,-15.8232,0.0
11:53:34,6368.85,6440.0,-188.1426,0.0
11:55:43,6368.85,6295.0,-35.3533,0.0
11:55:43,6368.85,6300.0,-464.5075,0.0
11:55:43,6368.85,6305.0,-22.9469,0.0
11:55:43,6368.85,6310.0,-315.7645,0.0
11:55:43,6368.85,6315.0,-44.1697,0.0
11:55:43,6368.85,6320.0,-55.1607,0.0
11:55:43,6368.85,6325.0,-199.6208,0.0
11:55:43,6368.85,6330.0,-36.5612,0.0
11:55:43,6368.85,6335.0,-21.0407,0.0
11:55:43,6368.85,6340.0,-184.8503,0.0
11:55:43,6368.85,6345.0,-44.5628,0.0
11:55:43,6368.85,6350.0,-329.5677,0.0
11:55:43,6368.85,6355.0,-37.4837,0.0
11:55:43,6368.85,6360.0,-133.2233,0.0
11:55:43,6368.85,6365.0,-30.9297,0.0
11:55:43,6368.85,6370.0,-398.7921,0.0
11:55:43,6368.85,6375.0,-170.3935,0.0
11:55:43,6368.85,6380.0,-158.4019,0.0
11:55:43,6368.85,6385.0,-73.1164,0.0
11:55:43,6368.85,6390.0,-127.3634,0.0
11:55:43,6368.85,6395.0,-71.0396,0.0
11:55:43,6368.85,6400.0,-462.0278,0.0
11:55:43,6368.85,6405.0,-42.6741,0.0
11:55:43,6368.85,6410.0,-42.3609,0.0
11:55:43,6368.85,6415.0,-17.4323,0.0
11:55:43,6368.85,6420.0,-94.9783,0.0
11:55:43,6368.85,6425.0,-80.0641,0.0
11:55:43,6368.85,6430.0,39.4818,0.0
11:55:43,6368.85,6435.0,-15.8232,0.0
11:55:43,6368.85,6440.0,-188.1426,0.0
11:57:53,6368.85,6295.0,-35.3533,0.0
11:57:53,6368.85,6300.0,-464.5075,0.0
11:57:53,6368.85,6305.0,-22.9469,0.0
11:57:53,6368.85,6310.0,-315.7645,0.0
11:57:53,6368.85,6315.0,-44.1697,0.0
11:57:53,6368.85,6320.0,-55.1607,0.0
11:57:53,6368.85,6325.0,-199.6208,0.0
11:57:53,6368.85,6330.0,-36.5612,0.0
11:57:53,6368.85,6335.0,-21.0407,0.0
11:57:53,6368.85,6340.0,-184.8503,0.0
11:57:53,6368.85,6345.0,-44.5628,0.0
11:57:53,6368.85,6350.0,-329.5677,0.0
11:57:53,6368.85,6355.0,-37.4837,0.0
11:57:53,6368.85,6360.0,-133.2233,0.0
11:57:53,6368.85,6365.0,-30.9297,0.0
11:57:53,6368.85,6370.0,-398.7921,0.0
11:57:53,6368.85,6375.0,-170.3935,0.0
11:57:53,6368.85,6380.0,-158.4019,0.0
11:57:53,6368.85,6385.0,-73.1164,0.0
11:57:53,6368.85,6390.0,-127.3634,0.0
11:57:53,6368.85,6395.0,-71.0396,0.0
11:57:53,6368.85,6400.0,-462.0278,0.0
11:57:53,6368.85,6405.0,-42.6741,0.0
11:57:53,6368.85,6410.0,-42.3609,0.0
11:57:53,6368.85,6415.0,-17.4323,0.0
11:57:53,6368.85,6420.0,-94.9783,0.0
11:57:53,6368.85,6425.0,-80.0641,0.0
11:57:53,6368.85,6430.0,39.4818,0.0
11:57:53,6368.85,6435.0,-15.8232,0.0
11:57:53,6368.85,6440.0,-188.1426,0.0
12:00:03,6368.85,6295.0,-35.3533,0.0
12:00:03,6368.85,6300.0,-464.5075,0.0
12:00:03,6368.85,6305.0,-22.9469,0.0
12:00:03,6368.85,6310.0,-315.7645,0.0
12:00:03,6368.85,6315.0,-44.1697,0.0
12:00:03,6368.85,6320.0,-55.1607,0.0
12:00:03,6368.85,6325.0,-199.6208,0.0
12:00:03,6368.85,6330.0,-36.5612,0.0
12:00:03,6368.85,6335.0,-21.0407,0.0
12:00:03,6368.85,6340.0,-184.8503,0.0
12:00:03,6368.85,6345.0,-44.5628,0.0
12:00:03,6368.85,6350.0,-329.5677,0.0
12:00:03,6368.85,6355.0,-37.4837,0.0
12:00:03,6368.85,6360.0,-133.2233,0.0
12:00:03,6368.85,6365.0,-30.9297,0.0
12:00:03,6368.85,6370.0,-398.7921,0.0
12:00:03,6368.85,6375.0,-170.3935,0.0
12:00:03,6368.85,6380.0,-158.4019,0.0
12:00:03,6368.85,6385.0,-73.1164,0.0
12:00:03,6368.85,6390.0,-127.3634,0.0
12:00:03,6368.85,6395.0,-71.0396,0.0
12:00:03,6368.85,6400.0,-462.0278,0.0
12:00:03,6368.85,6405.0,-42.6741,0.0
12:00:03,6368.85,6410.0,-42.3609,0.0
12:00:03,6368.85,6415.0,-17.4323,0.0
12:00:03,6368.85,6420.0,-94.9783,0.0
12:00:03,6368.85,6425.0,-80.0641,0.0
12:00:03,6368.85,6430.0,39.4818,0.0
12:00:03,6368.85,6435.0,-15.8232,0.0
12:00:03,6368.85,6440.0,-188.1426,0.0
12:02:12,6368.85,6295.0,-35.3533,0.0
12:02:12,6368.85,6300.0,-464.5075,0.0
12:02:12,6368.85,6305.0,-22.9469,0.0
12:02:12,6368.85,6310.0,-315.7645,0.0
12:02:12,6368.85,6315.0,-44.1697,0.0
12:02:12,6368.85,6320.0,-55.1607,0.0
12:02:12,6368.85,6325.0,-199.6208,0.0
12:02:12,6368.85,6330.0,-36.5612,0.0
12:02:12,6368.85,6335.0,-21.0407,0.0
12:02:12,6368.85,6340.0,-184.8503,0.0
12:02:12,6368.85,6345.0,-44.5628,0.0
12:02:12,6368.85,6350.0,-329.5677,0.0
12:02:12,6368.85,6355.0,-37.4837,0.0
12:02:12,6368.85,6360.0,-133.2233,0.0
12:02:12,6368.85,6365.0,-30.9297,0.0
12:02:12,6368.85,6370.0,-398.7921,0.0
12:02:12,6368.85,6375.0,-170.3935,0.0
12:02:12,6368.85,6380.0,-158.4019,0.0
12:02:12,6368.85,6385.0,-73.1164,0.0
12:02:12,6368.85,6390.0,-127.3634,0.0
12:02:12,6368.85,6395.0,-71.0396,0.0
12:02:12,6368.85,6400.0,-462.0278,0.0
12:02:12,6368.85,6405.0,-42.6741,0.0
12:02:12,6368.85,6410.0,-42.3609,0.0
12:02:12,6368.85,6415.0,-17.4323,0.0
12:02:12,6368.85,6420.0,-94.9783,0.0
12:02:12,6368.85,6425.0,-80.0641,0.0
12:02:12,6368.85,6430.0,39.4818,0.0
12:02:12,6368.85,6435.0,-15.8232,0.0
12:02:12,6368.85,6440.0,-188.1426,0.0
12:04:22,6368.85,6295.0,-35.3533,0.0
12:04:22,6368.85,6300.0,-464.5075,0.0
12:04:22,6368.85,6305.0,-22.9469,0.0
12:04:22,6368.85,6310.0,-315.7645,0.0
12:04:22,6368.85,6315.0,-44.1697,0.0
12:04:22,6368.85,6320.0,-55.1607,0.0
12:04:22,6368.85,6325.0,-199.6208,0.0
12:04:22,6368.85,6330.0,-36.5612,0.0
12:04:22,6368.85,6335.0,-21.0407,0.0
12:04:22,6368.85,6340.0,-184.8503,0.0
12:04:22,6368.85,6345.0,-44.5628,0.0
12:04:22,6368.85,6350.0,-329.5677,0.0
12:04:22,6368.85,6355.0,-37.4837,0.0
12:04:22,6368.85,6360.0,-133.2233,0.0
12:04:22,6368.85,6365.0,-30.9297,0.0
12:04:22,6368.85,6370.0,-398.7921,0.0
12:04:22,6368.85,6375.0,-170.3935,0.0
12:04:22,6368.85,6380.0,-158.4019,0.0
12:04:22,6368.85,6385.0,-73.1164,0.0
12:04:22,6368.85,6390.0,-127.3634,0.0
12:04:22,6368.85,6395.0,-71.0396,0.0
12:04:22,6368.85,6400.0,-462.0278,0.0
12:04:22,6368.85,6405.0,-42.6741,0.0
12:04:22,6368.85,6410.0,-42.3609,0.0
12:04:22,6368.85,6415.0,-17.4323,0.0
12:04:22,6368.85,6420.0,-94.9783,0.0
12:04:22,6368.85,6425.0,-80.0641,0.0
12:04:22,6368.85,6430.0,39.4818,0.0
12:04:22,6368.85,6435.0,-15.8232,0.0
12:04:22,6368.85,6440.0,-188.1426,0.0
12:06:32,6368.85,6295.0,-35.3533,0.0
12:06:32,6368.85,6300.0,-464.5075,0.0
12:06:32,6368.85,6305.0,-22.9469,0.0
12:06:32,6368.85,6310.0,-315.7645,0.0
12:06:32,6368.85,6315.0,-44.1697,0.0
12:06:32,6368.85,6320.0,-55.1607,0.0
12:06:32,6368.85,6325.0,-199.6208,0.0
12:06:32,6368.85,6330.0,-36.5612,0.0
12:06:32,6368.85,6335.0,-21.0407,0.0
12:06:32,6368.85,6340.0,-184.8503,0.0
12:06:32,6368.85,6345.0,-44.5628,0.0
12:06:32,6368.85,6350.0,-329.5677,0.0
12:06:32,6368.85,6355.0,-37.4837,0.0
12:06:32,6368.85,6360.0,-133.2233,0.0
12:06:32,6368.85,6365.0,-30.9297,0.0
12:06:32,6368.85,6370.0,-398.7921,0.0
12:06:32,6368.85,6375.0,-170.3935,0.0
12:06:32,6368.85,6380.0,-158.4019,0.0
12:06:32,6368.85,6385.0,-73.1164,0.0
12:06:32,6368.85,6390.0,-127.3634,0.0
12:06:32,6368.85,6395.0,-71.0396,0.0
12:06:32,6368.85,6400.0,-462.0278,0.0
12:06:32,6368.85,6405.0,-42.6741,0.0
12:06:32,6368.85,6410.0,-42.3609,0.0
12:06:32,6368.85,6415.0,-17.4323,0.0
12:06:32,6368.85,6420.0,-94.9783,0.0
12:06:32,6368.85,6425.0,-80.0641,0.0
12:06:32,6368.85,6430.0,39.4818,0.0
12:06:32,6368.85,6435.0,-15.8232,0.0
12:06:32,6368.85,6440.0,-188.1426,0.0
12:08:42,6368.85,6295.0,-35.3533,0.0
12:08:42,6368.85,6300.0,-464.5075,0.0
12:08:42,6368.85,6305.0,-22.9469,0.0
12:08:42,6368.85,6310.0,-315.7645,0.0
12:08:42,6368.85,6315.0,-44.1697,0.0
12:08:42,6368.85,6320.0,-55.1607,0.0
12:08:42,6368.85,6325.0,-199.6208,0.0
12:08:42,6368.85,6330.0,-36.5612,0.0
12:08:42,6368.85,6335.0,-21.0407,0.0
12:08:42,6368.85,6340.0,-184.8503,0.0
12:08:42,6368.85,6345.0,-44.5628,0.0
12:08:42,6368.85,6350.0,-329.5677,0.0
12:08:42,6368.85,6355.0,-37.4837,0.0
12:08:42,6368.85,6360.0,-133.2233,0.0
12:08:42,6368.85,6365.0,-30.9297,0.0
12:08:42,6368.85,6370.0,-398.7921,0.0
12:08:42,6368.85,6375.0,-170.3935,0.0
12:08:42,6368.85,6380.0,-158.4019,0.0
12:08:42,6368.85,6385.0,-73.1164,0.0
12:08:42,6368.85,6390.0,-127.3634,0.0
12:08:42,6368.85,6395.0,-71.0396,0.0
12:08:42,6368.85,6400.0,-462.0278,0.0
12:08:42,6368.85,6405.0,-42.6741,0.0
12:08:42,6368.85,6410.0,-42.3609,0.0
12:08:42,6368.85,6415.0,-17.4323,0.0
12:08:42,6368.85,6420.0,-94.9783,0.0
12:08:42,6368.85,6425.0,-80.0641,0.0
12:08:42,6368.85,6430.0,39.4818,0.0
12:08:42,6368.85,6435.0,-15.8232,0.0
12:08:42,6368.85,6440.0,-188.1426,0.0
12:10:51,6368.85,6295.0,-35.3533,0.0
12:10:51,6368.85,6300.0,-464.5075,0.0
12:10:51,6368.85,6305.0,-22.9469,0.0
12:10:51,6368.85,6310.0,-315.7645,0.0
12:10:51,6368.85,6315.0,-44.1697,0.0
12:10:51,6368.85,6320.0,-55.1607,0.0
12:10:51,6368.85,6325.0,-199.6208,0.0
12:10:51,6368.85,6330.0,-36.5612,0.0
12:10:51,6368.85,6335.0,-21.0407,0.0
12:10:51,6368.85,6340.0,-184.8503,0.0
12:10:51,6368.85,6345.0,-44.5628,0.0
12:10:51,6368.85,6350.0,-329.5677,0.0
12:10:51,6368.85,6355.0,-37.4837,0.0
12:10:51,6368.85,6360.0,-133.2233,0.0
12:10:51,6368.85,6365.0,-30.9297,0.0
12:10:51,6368.85,6370.0,-398.7921,0.0
12:10:51,6368.85,6375.0,-170.3935,0.0
12:10:51,6368.85,6380.0,-158.4019,0.0
12:10:51,6368.85,6385.0,-73.1164,0.0
12:10:51,6368.85,6390.0,-127.3634,0.0
12:10:51,6368.85,6395.0,-71.0396,0.0
12:10:51,6368.85,6400.0,-462.0278,0.0
12:10:51,6368.85,6405.0,-42.6741,0.0
12:10:51,6368.85,6410.0,-42.3609,0.0
12:10:51,6368.85,6415.0,-17.4323,0.0
12:10:51,6368.85,6420.0,-94.9783,0.0
12:10:51,6368.85,6425.0,-80.0641,0.0
12:10:51,6368.85,6430.0,39.4818,0.0
12:10:51,6368.85,6435.0,-15.8232,0.0
12:10:51,6368.85,6440.0,-188.1426,0.0
12:13:01,6368.85,6295.0,-35.3533,0.0
12:13:01,6368.85,6300.0,-464.5075,0.0
12:13:01,6368.85,6305.0,-22.9469,0.0
12:13:01,6368.85,6310.0,-315.7645,0.0
12:13:01,6368.85,6315.0,-44.1697,0.0
12:13:01,6368.85,6320.0,-55.1607,0.0
12:13:01,6368.85,6325.0,-199.6208,0.0
12:13:01,6368.85,6330.0,-36.5612,0.0
12:13:01,6368.85,6335.0,-21.0407,0.0
12:13:01,6368.85,6340.0,-184.8503,0.0
12:13:01,6368.85,6345.0,-44.5628,0.0
12:13:01,6368.85,6350.0,-329.5677,0.0
12:13:01,6368.85,6355.0,-37.4837,0.0
12:13:01,6368.85,6360.0,-133.2233,0.0
12:13:01,6368.85,6365.0,-30.9297,0.0
12:13:01,6368.85,6370.0,-398.7921,0.0
12:13:01,6368.85,6375.0,-170.3935,0.0
12:13:01,6368.85,6380.0,-158.4019,0.0
12:13:01,6368.85,6385.0,-73.1164,0.0
12:13:01,6368.85,6390.0,-127.3634,0.0
12:13:01,6368.85,6395.0,-71.0396,0.0
12:13:01,6368.85,6400.0,-462.0278,0.0
12:13:01,6368.85,6405.0,-42.6741,0.0
12:13:01,6368.85,6410.0,-42.3609,0.0
12:13:01,6368.85,6415.0,-17.4323,0.0
12:13:01,6368.85,6420.0,-94.9783,0.0
12:13:01,6368.85,6425.0,-80.0641,0.0
12:13:01,6368.85,6430.0,39.4818,0.0
12:13:01,6368.85,6435.0,-15.8232,0.0
12:13:01,6368.85,6440.0,-188.1426,0.0
12:15:11,6368.85,6295.0,-35.3533,0.0
12:15:11,6368.85,6300.0,-464.5075,0.0
12:15:11,6368.85,6305.0,-22.9469,0.0
12:15:11,6368.85,6310.0,-315.7645,0.0
12:15:11,6368.85,6315.0,-44.1697,0.0
12:15:11,6368.85,6320.0,-55.1607,0.0
12:15:11,6368.85,6325.0,-199.6208,0.0
12:15:11,6368.85,6330.0,-36.5612,0.0
12:15:11,6368.85,6335.0,-21.0407,0.0
12:15:11,6368.85,6340.0,-184.8503,0.0
12:15:11,6368.85,6345.0,-44.5628,0.0
12:15:11,6368.85,6350.0,-329.5677,0.0
12:15:11,6368.85,6355.0,-37.4837,0.0
12:15:11,6368.85,6360.0,-133.2233,0.0
12:15:11,6368.85,6365.0,-30.9297,0.0
12:15:11,6368.85,6370.0,-398.7921,0.0
12:15:11,6368.85,6375.0,-170.3935,0.0
12:15:11,6368.85,6380.0,-158.4019,0.0
12:15:11,6368.85,6385.0,-73.1164,0.0
12:15:11,6368.85,6390.0,-127.3634,0.0
12:15:11,6368.85,6395.0,-71.0396,0.0
12:15:11,6368.85,6400.0,-462.0278,0.0
12:15:11,6368.85,6405.0,-42.6741,0.0
12:15:11,6368.85,6410.0,-42.3609,0.0
12:15:11,6368.85,6415.0,-17.4323,0.0
12:15:11,6368.85,6420.0,-94.9783,0.0
12:15:11,6368.85,6425.0,-80.0641,0.0
12:15:11,6368.85,6430.0,39.4818,0.0
12:15:11,6368.85,6435.0,-15.8232,0.0
12:15:11,6368.85,6440.0,-188.1426,0.0
12:17:20,6368.85,6295.0,-35.3533,0.0
12:17:20,6368.85,6300.0,-464.5075,0.0
12:17:20,6368.85,6305.0,-22.9469,0.0
12:17:20,6368.85,6310.0,-315.7645,0.0
12:17:20,6368.85,6315.0,-44.1697,0.0
12:17:20,6368.85,6320.0,-55.1607,0.0
12:17:20,6368.85,6325.0,-199.6208,0.0
12:17:20,6368.85,6330.0,-36.5612,0.0
12:17:20,6368.85,6335.0,-21.0407,0.0
12:17:20,6368.85,6340.0,-184.8503,0.0
12:17:20,6368.85,6345.0,-44.5628,0.0
12:17:20,6368.85,6350.0,-329.5677,0.0
12:17:20,6368.85,6355.0,-37.4837,0.0
12:17:20,6368.85,6360.0,-133.2233,0.0
12:17:20,6368.85,6365.0,-30.9297,0.0
12:17:20,6368.85,6370.0,-398.7921,0.0
12:17:20,6368.85,6375.0,-170.3935,0.0
12:17:20,6368.85,6380.0,-158.4019,0.0
12:17:20,6368.85,6385.0,-73.1164,0.0
12:17:20,6368.85,6390.0,-127.3634,0.0
12:17:20,6368.85,6395.0,-71.0396,0.0
12:17:20,6368.85,6400.0,-462.0278,0.0
12:17:20,6368.85,6405.0,-42.6741,0.0
12:17:20,6368.85,6410.0,-42.3609,0.0
12:17:20,6368.85,6415.0,-17.4323,0.0
12:17:20,6368.85,6420.0,-94.9783,0.0
12:17:20,6368.85,6425.0,-80.0641,0.0
12:17:20,6368.85,6430.0,39.4818,0.0
12:17:20,6368.85,6435.0,-15.8232,0.0
12:17:20,6368.85,6440.0,-188.1426,0.0
12:19:30,6368.85,6295.0,-35.3533,0.0
12:19:30,6368.85,6300.0,-464.5075,0.0
12:19:30,6368.85,6305.0,-22.9469,0.0
12:19:30,6368.85,6310.0,-315.7645,0.0
12:19:30,6368.85,6315.0,-44.1697,0.0
12:19:30,6368.85,6320.0,-55.1607,0.0
12:19:30,6368.85,6325.0,-199.6208,0.0
12:19:30,6368.85,6330.0,-36.5612,0.0
12:19:30,6368.85,6335.0,-21.0407,0.0
12:19:30,6368.85,6340.0,-184.8503,0.0
12:19:30,6368.85,6345.0,-44.5628,0.0
12:19:30,6368.85,6350.0,-329.5677,0.0
12:19:30,6368.85,6355.0,-37.4837,0.0
12:19:30,6368.85,6360.0,-133.2233,0.0
12:19:30,6368.85,6365.0,-30.9297,0.0
12:19:30,6368.85,6370.0,-398.7921,0.0
12:19:30,6368.85,6375.0,-170.3935,0.0
12:19:30,6368.85,6380.0,-158.4019,0.0
12:19:30,6368.85,6385.0,-73.1164,0.0
12:19:30,6368.85,6390.0,-127.3634,0.0
12:19:30,6368.85,6395.0,-71.0396,0.0
12:19:30,6368.85,6400.0,-462.0278,0.0
12:19:30,6368.85,6405.0,-42.6741,0.0
12:19:30,6368.85,6410.0,-42.3609,0.0
12:19:30,6368.85,6415.0,-17.4323,0.0
12:19:30,6368.85,6420.0,-94.9783,0.0
12:19:30,6368.85,6425.0,-80.0641,0.0
12:19:30,6368.85,6430.0,39.4818,0.0
12:19:30,6368.85,6435.0,-15.8232,0.0
12:19:30,6368.85,6440.0,-188.1426,0.0
12:21:40,6368.85,6295.0,-35.3533,0.0
12:21:40,6368.85,6300.0,-464.5075,0.0
12:21:40,6368.85,6305.0,-22.9469,0.0
12:21:40,6368.85,6310.0,-315.7645,0.0
12:21:40,6368.85,6315.0,-44.1697,0.0
12:21:40,6368.85,6320.0,-55.1607,0.0
12:21:40,6368.85,6325.0,-199.6208,0.0
12:21:40,6368.85,6330.0,-36.5612,0.0
12:21:40,6368.85,6335.0,-21.0407,0.0
12:21:40,6368.85,6340.0,-184.8503,0.0
12:21:40,6368.85,6345.0,-44.5628,0.0
12:21:40,6368.85,6350.0,-329.5677,0.0
12:21:40,6368.85,6355.0,-37.4837,0.0
12:21:40,6368.85,6360.0,-133.2233,0.0
12:21:40,6368.85,6365.0,-30.9297,0.0
12:21:40,6368.85,6370.0,-398.7921,0.0
12:21:40,6368.85,6375.0,-170.3935,0.0
12:21:40,6368.85,6380.0,-158.4019,0.0
12:21:40,6368.85,6385.0,-73.1164,0.0
12:21:40,6368.85,6390.0,-127.3634,0.0
12:21:40,6368.85,6395.0,-71.0396,0.0
12:21:40,6368.85,6400.0,-462.0278,0.0
12:21:40,6368.85,6405.0,-42.6741,0.0
12:21:40,6368.85,6410.0,-42.3609,0.0
12:21:40,6368.85,6415.0,-17.4323,0.0
12:21:40,6368.85,6420.0,-94.9783,0.0
12:21:40,6368.85,6425.0,-80.0641,0.0
12:21:40,6368.85,6430.0,39.4818,0.0
12:21:40,6368.85,6435.0,-15.8232,0.0
12:21:40,6368.85,6440.0,-188.1426,0.0
12:23:49,6368.85,6295.0,-35.3533,0.0
12:23:49,6368.85,6300.0,-464.5075,0.0
12:23:49,6368.85,6305.0,-22.9469,0.0
12:23:49,6368.85,6310.0,-315.7645,0.0
12:23:49,6368.85,6315.0,-44.1697,0.0
12:23:49,6368.85,6320.0,-55.1607,0.0
12:23:49,6368.85,6325.0,-199.6208,0.0
12:23:49,6368.85,6330.0,-36.5612,0.0
12:23:49,6368.85,6335.0,-21.0407,0.0
12:23:49,6368.85,6340.0,-184.8503,0.0
12:23:49,6368.85,6345.0,-44.5628,0.0
12:23:49,6368.85,6350.0,-329.5677,0.0
12:23:49,6368.85,6355.0,-37.4837,0.0
12:23:49,6368.85,6360.0,-133.2233,0.0
12:23:49,6368.85,6365.0,-30.9297,0.0
12:23:49,6368.85,6370.0,-398.7921,0.0
12:23:49,6368.85,6375.0,-170.3935,0.0
12:23:49,6368.85,6380.0,-158.4019,0.0
12:23:49,6368.85,6385.0,-73.1164,0.0
12:23:49,6368.85,6390.0,-127.3634,0.0
12:23:49,6368.85,6395.0,-71.0396,0.0
12:23:49,6368.85,6400.0,-462.0278,0.0
12:23:49,6368.85,6405.0,-42.6741,0.0
12:23:49,6368.85,6410.0,-42.3609,0.0
12:23:49,6368.85,6415.0,-17.4323,0.0
12:23:49,6368.85,6420.0,-94.9783,0.0
12:23:49,6368.85,6425.0,-80.0641,0.0
12:23:49,6368.85,6430.0,39.4818,0.0
12:23:49,6368.85,6435.0,-15.8232,0.0
12:23:49,6368.85,6440.0,-188.1426,0.0
12:25:59,6368.85,6295.0,-35.3533,0.0
12:25:59,6368.85,6300.0,-464.5075,0.0
12:25:59,6368.85,6305.0,-22.9469,0.0
12:25:59,6368.85,6310.0,-315.7645,0.0
12:25:59,6368.85,6315.0,-44.1697,0.0
12:25:59,6368.85,6320.0,-55.1607,0.0
12:25:59,6368.85,6325.0,-199.6208,0.0
12:25:59,6368.85,6330.0,-36.5612,0.0
12:25:59,6368.85,6335.0,-21.0407,0.0
12:25:59,6368.85,6340.0,-184.8503,0.0
12:25:59,6368.85,6345.0,-44.5628,0.0
12:25:59,6368.85,6350.0,-329.5677,0.0
12:25:59,6368.85,6355.0,-37.4837,0.0
12:25:59,6368.85,6360.0,-133.2233,0.0
12:25:59,6368.85,6365.0,-30.9297,0.0
12:25:59,6368.85,6370.0,-398.7921,0.0
12:25:59,6368.85,6375.0,-170.3935,0.0
12:25:59,6368.85,6380.0,-158.4019,0.0
12:25:59,6368.85,6385.0,-73.1164,0.0
12:25:59,6368.85,6390.0,-127.3634,0.0
12:25:59,6368.85,6395.0,-71.0396,0.0
12:25:59,6368.85,6400.0,-462.0278,0.0
12:25:59,6368.85,6405.0,-42.6741,0.0
12:25:59,6368.85,6410.0,-42.3609,0.0
12:25:59,6368.85,6415.0,-17.4323,0.0
12:25:59,6368.85,6420.0,-94.9783,0.0
12:25:59,6368.85,6425.0,-80.0641,0.0
12:25:59,6368.85,6430.0,39.4818,0.0
12:25:59,6368.85,6435.0,-15.8232,0.0
12:25:59,6368.85,6440.0,-188.1426,0.0
12:28:09,6368.85,6295.0,-35.3533,0.0
12:28:09,6368.85,6300.0,-464.5075,0.0
12:28:09,6368.85,6305.0,-22.9469,0.0
12:28:09,6368.85,6310.0,-315.7645,0.0
12:28:09,6368.85,6315.0,-44.1697,0.0
12:28:09,6368.85,6320.0,-55.1607,0.0
12:28:09,6368.85,6325.0,-199.6208,0.0
12:28:09,6368.85,6330.0,-36.5612,0.0
12:28:09,6368.85,6335.0,-21.0407,0.0
12:28:09,6368.85,6340.0,-184.8503,0.0
12:28:09,6368.85,6345.0,-44.5628,0.0
12:28:09,6368.85,6350.0,-329.5677,0.0
12:28:09,6368.85,6355.0,-37.4837,0.0
12:28:09,6368.85,6360.0,-133.2233,0.0
12:28:09,6368.85,6365.0,-30.9297,0.0
12:28:09,6368.85,6370.0,-398.7921,0.0
12:28:09,6368.85,6375.0,-170.3935,0.0
12:28:09,6368.85,6380.0,-158.4019,0.0
12:28:09,6368.85,6385.0,-73.1164,0.0
12:28:09,6368.85,6390.0,-127.3634,0.0
12:28:09,6368.85,6395.0,-71.0396,0.0
12:28:09,6368.85,6400.0,-462.0278,0.0
12:28:09,6368.85,6405.0,-42.6741,0.0
12:28:09,6368.85,6410.0,-42.3609,0.0
12:28:09,6368.85,6415.0,-17.4323,0.0
12:28:09,6368.85,6420.0,-94.9783,0.0
12:28:09,6368.85,6425.0,-80.0641,0.0
12:28:09,6368.85,6430.0,39.4818,0.0
12:28:09,6368.85,6435.0,-15.8232,0.0
12:28:09,6368.85,6440.0,-188.1426,0.0
12:30:19,6368.85,6295.0,-35.3533,0.0
12:30:19,6368.85,6300.0,-464.5075,0.0
12:30:19,6368.85,6305.0,-22.9469,0.0
12:30:19,6368.85,6310.0,-315.7645,0.0
12:30:19,6368.85,6315.0,-44.1697,0.0
12:30:19,6368.85,6320.0,-55.1607,0.0
12:30:19,6368.85,6325.0,-199.6208,0.0
12:30:19,6368.85,6330.0,-36.5612,0.0
12:30:19,6368.85,6335.0,-21.0407,0.0
12:30:19,6368.85,6340.0,-184.8503,0.0
12:30:19,6368.85,6345.0,-44.5628,0.0
12:30:19,6368.85,6350.0,-329.5677,0.0
12:30:19,6368.85,6355.0,-37.4837,0.0
12:30:19,6368.85,6360.0,-133.2233,0.0
12:30:19,6368.85,6365.0,-30.9297,0.0
12:30:19,6368.85,6370.0,-398.7921,0.0
12:30:19,6368.85,6375.0,-170.3935,0.0
12:30:19,6368.85,6380.0,-158.4019,0.0
12:30:19,6368.85,6385.0,-73.1164,0.0
12:30:19,6368.85,6390.0,-127.3634,0.0
12:30:19,6368.85,6395.0,-71.0396,0.0
12:30:19,6368.85,6400.0,-462.0278,0.0
12:30:19,6368.85,6405.0,-42.6741,0.0
12:30:19,6368.85,6410.0,-42.3609,0.0
12:30:19,6368.85,6415.0,-17.4323,0.0
12:30:19,6368.85,6420.0,-94.9783,0.0
12:30:19,6368.85,6425.0,-80.0641,0.0
12:30:19,6368.85,6430.0,39.4818,0.0
12:30:19,6368.85,6435.0,-15.8232,0.0
12:30:19,6368.85,6440.0,-188.1426,0.0
12:32:28,6368.85,6295.0,-35.3533,0.0
12:32:28,6368.85,6300.0,-464.5075,0.0
12:32:28,6368.85,6305.0,-22.9469,0.0
12:32:28,6368.85,6310.0,-315.7645,0.0
12:32:28,6368.85,6315.0,-44.1697,0.0
12:32:28,6368.85,6320.0,-55.1607,0.0
12:32:28,6368.85,6325.0,-199.6208,0.0
12:32:28,6368.85,6330.0,-36.5612,0.0
12:32:28,6368.85,6335.0,-21.0407,0.0
12:32:28,6368.85,6340.0,-184.8503,0.0
12:32:28,6368.85,6345.0,-44.5628,0.0
12:32:28,6368.85,6350.0,-329.5677,0.0
12:32:28,6368.85,6355.0,-37.4837,0.0
12:32:28,6368.85,6360.0,-133.2233,0.0
12:32:28,6368.85,6365.0,-30.9297,0.0
12:32:28,6368.85,6370.0,-398.7921,0.0
12:32:28,6368.85,6375.0,-170.3935,0.0
12:32:28,6368.85,6380.0,-158.4019,0.0
12:32:28,6368.85,6385.0,-73.1164,0.0
12:32:28,6368.85,6390.0,-127.3634,0.0
12:32:28,6368.85,6395.0,-71.0396,0.0
12:32:28,6368.85,6400.0,-462.0278,0.0
12:32:28,6368.85,6405.0,-42.6741,0.0
12:32:28,6368.85,6410.0,-42.3609,0.0
12:32:28,6368.85,6415.0,-17.4323,0.0
12:32:28,6368.85,6420.0,-94.9783,0.0
12:32:28,6368.85,6425.0,-80.0641,0.0
12:32:28,6368.85,6430.0,39.4818,0.0
12:32:28,6368.85,6435.0,-15.8232,0.0
12:32:28,6368.85,6440.0,-188.1426,0.0
12:34:38,6368.85,6295.0,-35.3533,0.0
12:34:38,6368.85,6300.0,-464.5075,0.0
12:34:38,6368.85,6305.0,-22.9469,0.0
12:34:38,6368.85,6310.0,-315.7645,0.0
12:34:38,6368.85,6315.0,-44.1697,0.0
12:34:38,6368.85,6320.0,-55.1607,0.0
12:34:38,6368.85,6325.0,-199.6208,0.0
12:34:38,6368.85,6330.0,-36.5612,0.0
12:34:38,6368.85,6335.0,-21.0407,0.0
12:34:38,6368.85,6340.0,-184.8503,0.0
12:34:38,6368.85,6345.0,-44.5628,0.0
12:34:38,6368.85,6350.0,-329.5677,0.0
12:34:38,6368.85,6355.0,-37.4837,0.0
12:34:38,6368.85,6360.0,-133.2233,0.0
12:34:38,6368.85,6365.0,-30.9297,0.0
12:34:38,6368.85,6370.0,-398.7921,0.0
12:34:38,6368.85,6375.0,-170.3935,0.0
12:34:38,6368.85,6380.0,-158.4019,0.0
12:34:38,6368.85,6385.0,-73.1164,0.0
12:34:38,6368.85,6390.0,-127.3634,0.0
12:34:38,6368.85,6395.0,-71.0396,0.0
12:34:38,6368.85,6400.0,-462.0278,0.0
12:34:38,6368.85,6405.0,-42.6741,0.0
12:34:38,6368.85,6410.0,-42.3609,0.0
12:34:38,6368.85,6415.0,-17.4323,0.0
12:34:38,6368.85,6420.0,-94.9783,0.0
12:34:38,6368.85,6425.0,-80.0641,0.0
12:34:38,6368.85,6430.0,39.4818,0.0
12:34:38,6368.85,6435.0,-15.8232,0.0
12:34:38,6368.85,6440.0,-188.1426,0.0
12:36:48,6368.85,6295.0,-35.3533,0.0
12:36:48,6368.85,6300.0,-464.5075,0.0
12:36:48,6368.85,6305.0,-22.9469,0.0
12:36:48,6368.85,6310.0,-315.7645,0.0
12:36:48,6368.85,6315.0,-44.1697,0.0
12:36:48,6368.85,6320.0,-55.1607,0.0
12:36:48,6368.85,6325.0,-199.6208,0.0
12:36:48,6368.85,6330.0,-36.5612,0.0
12:36:48,6368.85,6335.0,-21.0407,0.0
12:36:48,6368.85,6340.0,-184.8503,0.0
12:36:48,6368.85,6345.0,-44.5628,0.0
12:36:48,6368.85,6350.0,-329.5677,0.0
12:36:48,6368.85,6355.0,-37.4837,0.0
12:36:48,6368.85,6360.0,-133.2233,0.0
12:36:48,6368.85,6365.0,-30.9297,0.0
12:36:48,6368.85,6370.0,-398.7921,0.0
12:36:48,6368.85,6375.0,-170.3935,0.0
12:36:48,6368.85,6380.0,-158.4019,0.0
12:36:48,6368.85,6385.0,-73.1164,0.0
12:36:48,6368.85,6390.0,-127.3634,0.0
12:36:48,6368.85,6395.0,-71.0396,0.0
12:36:48,6368.85,6400.0,-462.0278,0.0
12:36:48,6368.85,6405.0,-42.6741,0.0
12:36:48,6368.85,6410.0,-42.3609,0.0
12:36:48,6368.85,6415.0,-17.4323,0.0
12:36:48,6368.85,6420.0,-94.9783,0.0
12:36:48,6368.85,6425.0,-80.0641,0.0
12:36:48,6368.85,6430.0,39.4818,0.0
12:36:48,6368.85,6435.0,-15.8232,0.0
12:36:48,6368.85,6440.0,-188.1426,0.0
12:38:57,6368.85,6295.0,-35.3533,0.0
12:38:57,6368.85,6300.0,-464.5075,0.0
12:38:57,6368.85,6305.0,-22.9469,0.0
12:38:57,6368.85,6310.0,-315.7645,0.0
12:38:57,6368.85,6315.0,-44.1697,0.0
12:38:57,6368.85,6320.0,-55.1607,0.0
12:38:57,6368.85,6325.0,-199.6208,0.0
12:38:57,6368.85,6330.0,-36.5612,0.0
12:38:57,6368.85,6335.0,-21.0407,0.0
12:38:57,6368.85,6340.0,-184.8503,0.0
12:38:57,6368.85,6345.0,-44.5628,0.0
12:38:57,6368.85,6350.0,-329.5677,0.0
12:38:57,6368.85,6355.0,-37.4837,0.0
12:38:57,6368.85,6360.0,-133.2233,0.0
12:38:57,6368.85,6365.0,-30.9297,0.0
12:38:57,6368.85,6370.0,-398.7921,0.0
12:38:57,6368.85,6375.0,-170.3935,0.0
12:38:57,6368.85,6380.0,-158.4019,0.0
12:38:57,6368.85,6385.0,-73.1164,0.0
12:38:57,6368.85,6390.0,-127.3634,0.0
12:38:57,6368.85,6395.0,-71.0396,0.0
12:38:57,6368.85,6400.0,-462.0278,0.0
12:38:57,6368.85,6405.0,-42.6741,0.0
12:38:57,6368.85,6410.0,-42.3609,0.0
12:38:57,6368.85,6415.0,-17.4323,0.0
12:38:57,6368.85,6420.0,-94.9783,0.0
12:38:57,6368.85,6425.0,-80.0641,0.0
12:38:57,6368.85,6430.0,39.4818,0.0
12:38:57,6368.85,6435.0,-15.8232,0.0
12:38:57,6368.85,6440.0,-188.1426,0.0
12:41:07,6368.85,6295.0,-35.3533,0.0
12:41:07,6368.85,6300.0,-464.5075,0.0
12:41:07,6368.85,6305.0,-22.9469,0.0
12:41:07,6368.85,6310.0,-315.7645,0.0
12:41:07,6368.85,6315.0,-44.1697,0.0
12:41:07,6368.85,6320.0,-55.1607,0.0
12:41:07,6368.85,6325.0,-199.6208,0.0
12:41:07,6368.85,6330.0,-36.5612,0.0
12:41:07,6368.85,6335.0,-21.0407,0.0
12:41:07,6368.85,6340.0,-184.8503,0.0
12:41:07,6368.85,6345.0,-44.5628,0.0
12:41:07,6368.85,6350.0,-329.5677,0.0
12:41:07,6368.85,6355.0,-37.4837,0.0
12:41:07,6368.85,6360.0,-133.2233,0.0
12:41:07,6368.85,6365.0,-30.9297,0.0
12:41:07,6368.85,6370.0,-398.7921,0.0
12:41:07,6368.85,6375.0,-170.3935,0.0
12:41:07,6368.85,6380.0,-158.4019,0.0
12:41:07,6368.85,6385.0,-73.1164,0.0
12:41:07,6368.85,6390.0,-127.3634,0.0
12:41:07,6368.85,6395.0,-71.0396,0.0
12:41:07,6368.85,6400.0,-462.0278,0.0
12:41:07,6368.85,6405.0,-42.6741,0.0
12:41:07,6368.85,6410.0,-42.3609,0.0
12:41:07,6368.85,6415.0,-17.4323,0.0
12:41:07,6368.85,6420.0,-94.9783,0.0
12:41:07,6368.85,6425.0,-80.0641,0.0
12:41:07,6368.85,6430.0,39.4818,0.0
12:41:07,6368.85,6435.0,-15.8232,0.0
12:41:07,6368.85,6440.0,-188.1426,0.0
12:43:17,6368.85,6295.0,-35.3533,0.0
12:43:17,6368.85,6300.0,-464.5075,0.0
12:43:17,6368.85,6305.0,-22.9469,0.0
12:43:17,6368.85,6310.0,-315.7645,0.0
12:43:17,6368.85,6315.0,-44.1697,0.0
12:43:17,6368.85,6320.0,-55.1607,0.0
12:43:17,6368.85,6325.0,-199.6208,0.0
12:43:17,6368.85,6330.0,-36.5612,0.0
12:43:17,6368.85,6335.0,-21.0407,0.0
12:43:17,6368.85,6340.0,-184.8503,0.0
12:43:17,6368.85,6345.0,-44.5628,0.0
12:43:17,6368.85,6350.0,-329.5677,0.0
12:43:17,6368.85,6355.0,-37.4837,0.0
12:43:17,6368.85,6360.0,-133.2233,0.0
12:43:17,6368.85,6365.0,-30.9297,0.0
12:43:17,6368.85,6370.0,-398.7921,0.0
12:43:17,6368.85,6375.0,-170.3935,0.0
12:43:17,6368.85,6380.0,-158.4019,0.0
12:43:17,6368.85,6385.0,-73.1164,0.0
12:43:17,6368.85,6390.0,-127.3634,0.0
12:43:17,6368.85,6395.0,-71.0396,0.0
12:43:17,6368.85,6400.0,-462.0278,0.0
12:43:17,6368.85,6405.0,-42.6741,0.0
12:43:17,6368.85,6410.0,-42.3609,0.0
12:43:17,6368.85,6415.0,-17.4323,0.0
12:43:17,6368.85,6420.0,-94.9783,0.0
12:43:17,6368.85,6425.0,-80.0641,0.0
12:43:17,6368.85,6430.0,39.4818,0.0
12:43:17,6368.85,6435.0,-15.8232,0.0
12:43:17,6368.85,6440.0,-188.1426,0.0
12:45:26,6368.85,6295.0,-35.3533,0.0
12:45:26,6368.85,6300.0,-464.5075,0.0
12:45:26,6368.85,6305.0,-22.9469,0.0
12:45:26,6368.85,6310.0,-315.7645,0.0
12:45:26,6368.85,6315.0,-44.1697,0.0
12:45:26,6368.85,6320.0,-55.1607,0.0
12:45:26,6368.85,6325.0,-199.6208,0.0
12:45:26,6368.85,6330.0,-36.5612,0.0
12:45:26,6368.85,6335.0,-21.0407,0.0
12:45:26,6368.85,6340.0,-184.8503,0.0
12:45:26,6368.85,6345.0,-44.5628,0.0
12:45:26,6368.85,6350.0,-329.5677,0.0
12:45:26,6368.85,6355.0,-37.4837,0.0
12:45:26,6368.85,6360.0,-133.2233,0.0
12:45:26,6368.85,6365.0,-30.9297,0.0
12:45:26,6368.85,6370.0,-398.7921,0.0
12:45:26,6368.85,6375.0,-170.3935,0.0
12:45:26,6368.85,6380.0,-158.4019,0.0
12:45:26,6368.85,6385.0,-73.1164,0.0
12:45:26,6368.85,6390.0,-127.3634,0.0
12:45:26,6368.85,6395.0,-71.0396,0.0
12:45:26,6368.85,6400.0,-462.0278,0.0
12:45:26,6368.85,6405.0,-42.6741,0.0
12:45:26,6368.85,6410.0,-42.3609,0.0
12:45:26,6368.85,6415.0,-17.4323,0.0
12:45:26,6368.85,6420.0,-94.9783,0.0
12:45:26,6368.85,6425.0,-80.0641,0.0
12:45:26,6368.85,6430.0,39.4818,0.0
12:45:26,6368.85,6435.0,-15.8232,0.0
12:45:26,6368.85,6440.0,-188.1426,0.0
12:47:36,6368.85,6295.0,-35.3533,0.0
12:47:36,6368.85,6300.0,-464.5075,0.0
12:47:36,6368.85,6305.0,-22.9469,0.0
12:47:36,6368.85,6310.0,-315.7645,0.0
12:47:36,6368.85,6315.0,-44.1697,0.0
12:47:36,6368.85,6320.0,-55.1607,0.0
12:47:36,6368.85,6325.0,-199.6208,0.0
12:47:36,6368.85,6330.0,-36.5612,0.0
12:47:36,6368.85,6335.0,-21.0407,0.0
12:47:36,6368.85,6340.0,-184.8503,0.0
12:47:36,6368.85,6345.0,-44.5628,0.0
12:47:36,6368.85,6350.0,-329.5677,0.0
12:47:36,6368.85,6355.0,-37.4837,0.0
12:47:36,6368.85,6360.0,-133.2233,0.0
12:47:36,6368.85,6365.0,-30.9297,0.0
12:47:36,6368.85,6370.0,-398.7921,0.0
12:47:36,6368.85,6375.0,-170.3935,0.0
12:47:36,6368.85,6380.0,-158.4019,0.0
12:47:36,6368.85,6385.0,-73.1164,0.0
12:47:36,6368.85,6390.0,-127.3634,0.0
12:47:36,6368.85,6395.0,-71.0396,0.0
12:47:36,6368.85,6400.0,-462.0278,0.0
12:47:36,6368.85,6405.0,-42.6741,0.0
12:47:36,6368.85,6410.0,-42.3609,0.0
12:47:36,6368.85,6415.0,-17.4323,0.0
12:47:36,6368.85,6420.0,-94.9783,0.0
12:47:36,6368.85,6425.0,-80.0641,0.0
12:47:36,6368.85,6430.0,39.4818,0.0
12:47:36,6368.85,6435.0,-15.8232,0.0
12:47:36,6368.85,6440.0,-188.1426,0.0
12:49:46,6368.85,6295.0,-35.3533,0.0
12:49:46,6368.85,6300.0,-464.5075,0.0
12:49:46,6368.85,6305.0,-22.9469,0.0
12:49:46,6368.85,6310.0,-315.7645,0.0
12:49:46,6368.85,6315.0,-44.1697,0.0
12:49:46,6368.85,6320.0,-55.1607,0.0
12:49:46,6368.85,6325.0,-199.6208,0.0
12:49:46,6368.85,6330.0,-36.5612,0.0
12:49:46,6368.85,6335.0,-21.0407,0.0
12:49:46,6368.85,6340.0,-184.8503,0.0
12:49:46,6368.85,6345.0,-44.5628,0.0
12:49:46,6368.85,6350.0,-329.5677,0.0
12:49:46,6368.85,6355.0,-37.4837,0.0
12:49:46,6368.85,6360.0,-133.2233,0.0
12:49:46,6368.85,6365.0,-30.9297,0.0
12:49:46,6368.85,6370.0,-398.7921,0.0
12:49:46,6368.85,6375.0,-170.3935,0.0
12:49:46,6368.85,6380.0,-158.4019,0.0
12:49:46,6368.85,6385.0,-73.1164,0.0
12:49:46,6368.85,6390.0,-127.3634,0.0
12:49:46,6368.85,6395.0,-71.0396,0.0
12:49:46,6368.85,6400.0,-462.0278,0.0
12:49:46,6368.85,6405.0,-42.6741,0.0
12:49:46,6368.85,6410.0,-42.3609,0.0
12:49:46,6368.85,6415.0,-17.4323,0.0
12:49:46,6368.85,6420.0,-94.9783,0.0
12:49:46,6368.85,6425.0,-80.0641,0.0
12:49:46,6368.85,6430.0,39.4818,0.0
12:49:46,6368.85,6435.0,-15.8232,0.0
12:49:46,6368.85,6440.0,-188.1426,0.0
12:51:56,6368.85,6295.0,-35.3533,0.0
12:51:56,6368.85,6300.0,-464.5075,0.0
12:51:56,6368.85,6305.0,-22.9469,0.0
12:51:56,6368.85,6310.0,-315.7645,0.0
12:51:56,6368.85,6315.0,-44.1697,0.0
12:51:56,6368.85,6320.0,-55.1607,0.0
12:51:56,6368.85,6325.0,-199.6208,0.0
12:51:56,6368.85,6330.0,-36.5612,0.0
12:51:56,6368.85,6335.0,-21.0407,0.0
12:51:56,6368.85,6340.0,-184.8503,0.0
12:51:56,6368.85,6345.0,-44.5628,0.0
12:51:56,6368.85,6350.0,-329.5677,0.0
12:51:56,6368.85,6355.0,-37.4837,0.0
12:51:56,6368.85,6360.0,-133.2233,0.0
12:51:56,6368.85,6365.0,-30.9297,0.0
12:51:56,6368.85,6370.0,-398.7921,0.0
12:51:56,6368.85,6375.0,-170.3935,0.0
12:51:56,6368.85,6380.0,-158.4019,0.0
12:51:56,6368.85,6385.0,-73.1164,0.0
12:51:56,6368.85,6390.0,-127.3634,0.0
12:51:56,6368.85,6395.0,-71.0396,0.0
12:51:56,6368.85,6400.0,-462.0278,0.0
12:51:56,6368.85,6405.0,-42.6741,0.0
12:51:56,6368.85,6410.0,-42.3609,0.0
12:51:56,6368.85,6415.0,-17.4323,0.0
12:51:56,6368.85,6420.0,-94.9783,0.0
12:51:56,6368.85,6425.0,-80.0641,0.0
12:51:56,6368.85,6430.0,39.4818,0.0
12:51:56,6368.85,6435.0,-15.8232,0.0
12:51:56,6368.85,6440.0,-188.1426,0.0
12:54:05,6368.85,6295.0,-35.3533,0.0
12:54:05,6368.85,6300.0,-464.5075,0.0
12:54:05,6368.85,6305.0,-22.9469,0.0
12:54:05,6368.85,6310.0,-315.7645,0.0
12:54:05,6368.85,6315.0,-44.1697,0.0
12:54:05,6368.85,6320.0,-55.1607,0.0
12:54:05,6368.85,6325.0,-199.6208,0.0
12:54:05,6368.85,6330.0,-36.5612,0.0
12:54:05,6368.85,6335.0,-21.0407,0.0
12:54:05,6368.85,6340.0,-184.8503,0.0
12:54:05,6368.85,6345.0,-44.5628,0.0
12:54:05,6368.85,6350.0,-329.5677,0.0
12:54:05,6368.85,6355.0,-37.4837,0.0
12:54:05,6368.85,6360.0,-133.2233,0.0
12:54:05,6368.85,6365.0,-30.9297,0.0
12:54:05,6368.85,6370.0,-398.7921,0.0
12:54:05,6368.85,6375.0,-170.3935,0.0
12:54:05,6368.85,6380.0,-158.4019,0.0
12:54:05,6368.85,6385.0,-73.1164,0.0
12:54:05,6368.85,6390.0,-127.3634,0.0
12:54:05,6368.85,6395.0,-71.0396,0.0
12:54:05,6368.85,6400.0,-462.0278,0.0
12:54:05,6368.85,6405.0,-42.6741,0.0
12:54:05,6368.85,6410.0,-42.3609,0.0
12:54:05,6368.85,6415.0,-17.4323,0.0
12:54:05,6368.85,6420.0,-94.9783,0.0
12:54:05,6368.85,6425.0,-80.0641,0.0
12:54:05,6368.85,6430.0,39.4818,0.0
12:54:05,6368.85,6435.0,-15.8232,0.0
12:54:05,6368.85,6440.0,-188.1426,0.0
12:56:15,6368.85,6295.0,-35.3533,0.0
12:56:15,6368.85,6300.0,-464.5075,0.0
12:56:15,6368.85,6305.0,-22.9469,0.0
12:56:15,6368.85,6310.0,-315.7645,0.0
12:56:15,6368.85,6315.0,-44.1697,0.0
12:56:15,6368.85,6320.0,-55.1607,0.0
12:56:15,6368.85,6325.0,-199.6208,0.0
12:56:15,6368.85,6330.0,-36.5612,0.0
12:56:15,6368.85,6335.0,-21.0407,0.0
12:56:15,6368.85,6340.0,-184.8503,0.0
12:56:15,6368.85,6345.0,-44.5628,0.0
12:56:15,6368.85,6350.0,-329.5677,0.0
12:56:15,6368.85,6355.0,-37.4837,0.0
12:56:15,6368.85,6360.0,-133.2233,0.0
12:56:15,6368.85,6365.0,-30.9297,0.0
12:56:15,6368.85,6370.0,-398.7921,0.0
12:56:15,6368.85,6375.0,-170.3935,0.0
12:56:15,6368.85,6380.0,-158.4019,0.0
12:56:15,6368.85,6385.0,-73.1164,0.0
12:56:15,6368.85,6390.0,-127.3634,0.0
12:56:15,6368.85,6395.0,-71.0396,0.0
12:56:15,6368.85,6400.0,-462.0278,0.0
12:56:15,6368.85,6405.0,-42.6741,0.0
12:56:15,6368.85,6410.0,-42.3609,0.0
12:56:15,6368.85,6415.0,-17.4323,0.0
12:56:15,6368.85,6420.0,-94.9783,0.0
12:56:15,6368.85,6425.0,-80.0641,0.0
12:56:15,6368.85,6430.0,39.4818,0.0
12:56:15,6368.85,6435.0,-15.8232,0.0
12:56:15,6368.85,6440.0,-188.1426,0.0
12:58:25,6368.85,6295.0,-35.3533,0.0
12:58:25,6368.85,6300.0,-464.5075,0.0
12:58:25,6368.85,6305.0,-22.9469,0.0
12:58:25,6368.85,6310.0,-315.7645,0.0
12:58:25,6368.85,6315.0,-44.1697,0.0
12:58:25,6368.85,6320.0,-55.1607,0.0
12:58:25,6368.85,6325.0,-199.6208,0.0
12:58:25,6368.85,6330.0,-36.5612,0.0
12:58:25,6368.85,6335.0,-21.0407,0.0
12:58:25,6368.85,6340.0,-184.8503,0.0
12:58:25,6368.85,6345.0,-44.5628,0.0
12:58:25,6368.85,6350.0,-329.5677,0.0
12:58:25,6368.85,6355.0,-37.4837,0.0
12:58:25,6368.85,6360.0,-133.2233,0.0
12:58:25,6368.85,6365.0,-30.9297,0.0
12:58:25,6368.85,6370.0,-398.7921,0.0
12:58:25,6368.85,6375.0,-170.3935,0.0
12:58:25,6368.85,6380.0,-158.4019,0.0
12:58:25,6368.85,6385.0,-73.1164,0.0
12:58:25,6368.85,6390.0,-127.3634,0.0
12:58:25,6368.85,6395.0,-71.0396,0.0
12:58:25,6368.85,6400.0,-462.0278,0.0
12:58:25,6368.85,6405.0,-42.6741,0.0
12:58:25,6368.85,6410.0,-42.3609,0.0
12:58:25,6368.85,6415.0,-17.4323,0.0
12:58:25,6368.85,6420.0,-94.9783,0.0
12:58:25,6368.85,6425.0,-80.0641,0.0
12:58:25,6368.85,6430.0,39.4818,0.0
12:58:25,6368.85,6435.0,-15.8232,0.0
12:58:25,6368.85,6440.0,-188.1426,0.0
13:00:34,6368.85,6295.0,-35.3533,0.0
13:00:34,6368.85,6300.0,-464.5075,0.0
13:00:34,6368.85,6305.0,-22.9469,0.0
13:00:34,6368.85,6310.0,-315.7645,0.0
13:00:34,6368.85,6315.0,-44.1697,0.0
13:00:34,6368.85,6320.0,-55.1607,0.0
13:00:34,6368.85,6325.0,-199.6208,0.0
13:00:34,6368.85,6330.0,-36.5612,0.0
13:00:34,6368.85,6335.0,-21.0407,0.0
13:00:34,6368.85,6340.0,-184.8503,0.0
13:00:34,6368.85,6345.0,-44.5628,0.0
13:00:34,6368.85,6350.0,-329.5677,0.0
13:00:34,6368.85,6355.0,-37.4837,0.0
13:00:34,6368.85,6360.0,-133.2233,0.0
13:00:34,6368.85,6365.0,-30.9297,0.0
13:00:34,6368.85,6370.0,-398.7921,0.0
13:00:34,6368.85,6375.0,-170.3935,0.0
13:00:34,6368.85,6380.0,-158.4019,0.0
13:00:34,6368.85,6385.0,-73.1164,0.0
13:00:34,6368.85,6390.0,-127.3634,0.0
13:00:34,6368.85,6395.0,-71.0396,0.0
13:00:34,6368.85,6400.0,-462.0278,0.0
13:00:34,6368.85,6405.0,-42.6741,0.0
13:00:34,6368.85,6410.0,-42.3609,0.0
13:00:34,6368.85,6415.0,-17.4323,0.0
13:00:34,6368.85,6420.0,-94.9783,0.0
13:00:34,6368.85,6425.0,-80.0641,0.0
13:00:34,6368.85,6430.0,39.4818,0.0
13:00:34,6368.85,6435.0,-15.8232,0.0
13:00:34,6368.85,6440.0,-188.1426,0.0
13:02:44,6368.85,6295.0,-35.3533,0.0
13:02:44,6368.85,6300.0,-464.5075,0.0
13:02:44,6368.85,6305.0,-22.9469,0.0
13:02:44,6368.85,6310.0,-315.7645,0.0
13:02:44,6368.85,6315.0,-44.1697,0.0
13:02:44,6368.85,6320.0,-55.1607,0.0
13:02:44,6368.85,6325.0,-199.6208,0.0
13:02:44,6368.85,6330.0,-36.5612,0.0
13:02:44,6368.85,6335.0,-21.0407,0.0
13:02:44,6368.85,6340.0,-184.8503,0.0
13:02:44,6368.85,6345.0,-44.5628,0.0
13:02:44,6368.85,6350.0,-329.5677,0.0
13:02:44,6368.85,6355.0,-37.4837,0.0
13:02:44,6368.85,6360.0,-133.2233,0.0
13:02:44,6368.85,6365.0,-30.9297,0.0
13:02:44,6368.85,6370.0,-398.7921,0.0
13:02:44,6368.85,6375.0,-170.3935,0.0
13:02:44,6368.85,6380.0,-158.4019,0.0
13:02:44,6368.85,6385.0,-73.1164,0.0
13:02:44,6368.85,6390.0,-127.3634,0.0
13:02:44,6368.85,6395.0,-71.0396,0.0
13:02:44,6368.85,6400.0,-462.0278,0.0
13:02:44,6368.85,6405.0,-42.6741,0.0
13:02:44,6368.85,6410.0,-42.3609,0.0
13:02:44,6368.85,6415.0,-17.4323,0.0
13:02:44,6368.85,6420.0,-94.9783,0.0
13:02:44,6368.85,6425.0,-80.0641,0.0
13:02:44,6368.85,6430.0,39.4818,0.0
13:02:44,6368.85,6435.0,-15.8232,0.0
13:02:44,6368.85,6440.0,-188.1426,0.0
13:04:54,6368.85,6295.0,-35.3533,0.0
13:04:54,6368.85,6300.0,-464.5075,0.0
13:04:54,6368.85,6305.0,-22.9469,0.0
13:04:54,6368.85,6310.0,-315.7645,0.0
13:04:54,6368.85,6315.0,-44.1697,0.0
13:04:54,6368.85,6320.0,-55.1607,0.0
13:04:54,6368.85,6325.0,-199.6208,0.0
13:04:54,6368.85,6330.0,-36.5612,0.0
13:04:54,6368.85,6335.0,-21.0407,0.0
13:04:54,6368.85,6340.0,-184.8503,0.0
13:04:54,6368.85,6345.0,-44.5628,0.0
13:04:54,6368.85,6350.0,-329.5677,0.0
13:04:54,6368.85,6355.0,-37.4837,0.0
13:04:54,6368.85,6360.0,-133.2233,0.0
13:04:54,6368.85,6365.0,-30.9297,0.0
13:04:54,6368.85,6370.0,-398.7921,0.0
13:04:54,6368.85,6375.0,-170.3935,0.0
13:04:54,6368.85,6380.0,-158.4019,0.0
13:04:54,6368.85,6385.0,-73.1164,0.0
13:04:54,6368.85,6390.0,-127.3634,0.0
13:04:54,6368.85,6395.0,-71.0396,0.0
13:04:54,6368.85,6400.0,-462.0278,0.0
13:04:54,6368.85,6405.0,-42.6741,0.0
13:04:54,6368.85,6410.0,-42.3609,0.0
13:04:54,6368.85,6415.0,-17.4323,0.0
13:04:54,6368.85,6420.0,-94.9783,0.0
13:04:54,6368.85,6425.0,-80.0641,0.0
13:04:54,6368.85,6430.0,39.4818,0.0
13:04:54,6368.85,6435.0,-15.8232,0.0
13:04:54,6368.85,6440.0,-188.1426,0.0
13:07:03,6368.85,6295.0,-35.3533,0.0
13:07:03,6368.85,6300.0,-464.5075,0.0
13:07:03,6368.85,6305.0,-22.9469,0.0
13:07:03,6368.85,6310.0,-315.7645,0.0
13:07:03,6368.85,6315.0,-44.1697,0.0
13:07:03,6368.85,6320.0,-55.1607,0.0
13:07:03,6368.85,6325.0,-199.6208,0.0
13:07:03,6368.85,6330.0,-36.5612,0.0
13:07:03,6368.85,6335.0,-21.0407,0.0
13:07:03,6368.85,6340.0,-184.8503,0.0
13:07:03,6368.85,6345.0,-44.5628,0.0
13:07:03,6368.85,6350.0,-329.5677,0.0
13:07:03,6368.85,6355.0,-37.4837,0.0
13:07:03,6368.85,6360.0,-133.2233,0.0
13:07:03,6368.85,6365.0,-30.9297,0.0
13:07:03,6368.85,6370.0,-398.7921,0.0
13:07:03,6368.85,6375.0,-170.3935,0.0
13:07:03,6368.85,6380.0,-158.4019,0.0
13:07:03,6368.85,6385.0,-73.1164,0.0
13:07:03,6368.85,6390.0,-127.3634,0.0
13:07:03,6368.85,6395.0,-71.0396,0.0
13:07:03,6368.85,6400.0,-462.0278,0.0
13:07:03,6368.85,6405.0,-42.6741,0.0
13:07:03,6368.85,6410.0,-42.3609,0.0
13:07:03,6368.85,6415.0,-17.4323,0.0
13:07:03,6368.85,6420.0,-94.9783,0.0
13:07:03,6368.85,6425.0,-80.0641,0.0
13:07:03,6368.85,6430.0,39.4818,0.0
13:07:03,6368.85,6435.0,-15.8232,0.0
13:07:03,6368.85,6440.0,-188.1426,0.0
13:09:13,6368.85,6295.0,-35.3533,0.0
13:09:13,6368.85,6300.0,-464.5075,0.0
13:09:13,6368.85,6305.0,-22.9469,0.0
13:09:13,6368.85,6310.0,-315.7645,0.0
13:09:13,6368.85,6315.0,-44.1697,0.0
13:09:13,6368.85,6320.0,-55.1607,0.0
13:09:13,6368.85,6325.0,-199.6208,0.0
13:09:13,6368.85,6330.0,-36.5612,0.0
13:09:13,6368.85,6335.0,-21.0407,0.0
13:09:13,6368.85,6340.0,-184.8503,0.0
13:09:13,6368.85,6345.0,-44.5628,0.0
13:09:13,6368.85,6350.0,-329.5677,0.0
13:09:13,6368.85,6355.0,-37.4837,0.0
13:09:13,6368.85,6360.0,-133.2233,0.0
13:09:13,6368.85,6365.0,-30.9297,0.0
13:09:13,6368.85,6370.0,-398.7921,0.0
13:09:13,6368.85,6375.0,-170.3935,0.0
13:09:13,6368.85,6380.0,-158.4019,0.0
13:09:13,6368.85,6385.0,-73.1164,0.0
13:09:13,6368.85,6390.0,-127.3634,0.0
13:09:13,6368.85,6395.0,-71.0396,0.0
13:09:13,6368.85,6400.0,-462.0278,0.0
13:09:13,6368.85,6405.0,-42.6741,0.0
13:09:13,6368.85,6410.0,-42.3609,0.0
13:09:13,6368.85,6415.0,-17.4323,0.0
13:09:13,6368.85,6420.0,-94.9783,0.0
13:09:13,6368.85,6425.0,-80.0641,0.0
13:09:13,6368.85,6430.0,39.4818,0.0
13:09:13,6368.85,6435.0,-15.8232,0.0
13:09:13,6368.85,6440.0,-188.1426,0.0
13:11:23,6368.85,6295.0,-35.3533,0.0
13:11:23,6368.85,6300.0,-464.5075,0.0
13:11:23,6368.85,6305.0,-22.9469,0.0
13:11:23,6368.85,6310.0,-315.7645,0.0
13:11:23,6368.85,6315.0,-44.1697,0.0
13:11:23,6368.85,6320.0,-55.1607,0.0
13:11:23,6368.85,6325.0,-199.6208,0.0
13:11:23,6368.85,6330.0,-36.5612,0.0
13:11:23,6368.85,6335.0,-21.0407,0.0
13:11:23,6368.85,6340.0,-184.8503,0.0
13:11:23,6368.85,6345.0,-44.5628,0.0
13:11:23,6368.85,6350.0,-329.5677,0.0
13:11:23,6368.85,6355.0,-37.4837,0.0
13:11:23,6368.85,6360.0,-133.2233,0.0
13:11:23,6368.85,6365.0,-30.9297,0.0
13:11:23,6368.85,6370.0,-398.7921,0.0
13:11:23,6368.85,6375.0,-170.3935,0.0
13:11:23,6368.85,6380.0,-158.4019,0.0
13:11:23,6368.85,6385.0,-73.1164,0.0
13:11:23,6368.85,6390.0,-127.3634,0.0
13:11:23,6368.85,6395.0,-71.0396,0.0
13:11:23,6368.85,6400.0,-462.0278,0.0
13:11:23,6368.85,6405.0,-42.6741,0.0
13:11:23,6368.85,6410.0,-42.3609,0.0
13:11:23,6368.85,6415.0,-17.4323,0.0
13:11:23,6368.85,6420.0,-94.9783,0.0
13:11:23,6368.85,6425.0,-80.0641,0.0
13:11:23,6368.85,6430.0,39.4818,0.0
13:11:23,6368.85,6435.0,-15.8232,0.0
13:11:23,6368.85,6440.0,-188.1426,0.0
13:13:32,6368.85,6295.0,-35.3533,0.0
13:13:32,6368.85,6300.0,-464.5075,0.0
13:13:32,6368.85,6305.0,-22.9469,0.0
13:13:32,6368.85,6310.0,-315.7645,0.0
13:13:32,6368.85,6315.0,-44.1697,0.0
13:13:32,6368.85,6320.0,-55.1607,0.0
13:13:32,6368.85,6325.0,-199.6208,0.0
13:13:32,6368.85,6330.0,-36.5612,0.0
13:13:32,6368.85,6335.0,-21.0407,0.0
13:13:32,6368.85,6340.0,-184.8503,0.0
13:13:32,6368.85,6345.0,-44.5628,0.0
13:13:32,6368.85,6350.0,-329.5677,0.0
13:13:32,6368.85,6355.0,-37.4837,0.0
13:13:32,6368.85,6360.0,-133.2233,0.0
13:13:32,6368.85,6365.0,-30.9297,0.0
13:13:32,6368.85,6370.0,-398.7921,0.0
13:13:32,6368.85,6375.0,-170.3935,0.0
13:13:32,6368.85,6380.0,-158.4019,0.0
13:13:32,6368.85,6385.0,-73.1164,0.0
13:13:32,6368.85,6390.0,-127.3634,0.0
13:13:32,6368.85,6395.0,-71.0396,0.0
13:13:32,6368.85,6400.0,-462.0278,0.0
13:13:32,6368.85,6405.0,-42.6741,0.0
13:13:32,6368.85,6410.0,-42.3609,0.0
13:13:32,6368.85,6415.0,-17.4323,0.0
13:13:32,6368.85,6420.0,-94.9783,0.0
13:13:32,6368.85,6425.0,-80.0641,0.0
13:13:32,6368.85,6430.0,39.4818,0.0
13:13:32,6368.85,6435.0,-15.8232,0.0
13:13:32,6368.85,6440.0,-188.1426,0.0
13:15:42,6368.85,6295.0,-35.3533,0.0
13:15:42,6368.85,6300.0,-464.5075,0.0
13:15:42,6368.85,6305.0,-22.9469,0.0
13:15:42,6368.85,6310.0,-315.7645,0.0
13:15:42,6368.85,6315.0,-44.1697,0.0
13:15:42,6368.85,6320.0,-55.1607,0.0
13:15:42,6368.85,6325.0,-199.6208,0.0
13:15:42,6368.85,6330.0,-36.5612,0.0
13:15:42,6368.85,6335.0,-21.0407,0.0
13:15:42,6368.85,6340.0,-184.8503,0.0
13:15:42,6368.85,6345.0,-44.5628,0.0
13:15:42,6368.85,6350.0,-329.5677,0.0
13:15:42,6368.85,6355.0,-37.4837,0.0
13:15:42,6368.85,6360.0,-133.2233,0.0
13:15:42,6368.85,6365.0,-30.9297,0.0
13:15:42,6368.85,6370.0,-398.7921,0.0
13:15:42,6368.85,6375.0,-170.3935,0.0
13:15:42,6368.85,6380.0,-158.4019,0.0
13:15:42,6368.85,6385.0,-73.1164,0.0
13:15:42,6368.85,6390.0,-127.3634,0.0
13:15:42,6368.85,6395.0,-71.0396,0.0
13:15:42,6368.85,6400.0,-462.0278,0.0
13:15:42,6368.85,6405.0,-42.6741,0.0
13:15:42,6368.85,6410.0,-42.3609,0.0
13:15:42,6368.85,6415.0,-17.4323,0.0
13:15:42,6368.85,6420.0,-94.9783,0.0
13:15:42,6368.85,6425.0,-80.0641,0.0
13:15:42,6368.85,6430.0,39.4818,0.0
13:15:42,6368.85,6435.0,-15.8232,0.0
13:15:42,6368.85,6440.0,-188.1426,0.0
13:17:52,6368.85,6295.0,-35.3533,0.0
13:17:52,6368.85,6300.0,-464.5075,0.0
13:17:52,6368.85,6305.0,-22.9469,0.0
13:17:52,6368.85,6310.0,-315.7645,0.0
13:17:52,6368.85,6315.0,-44.1697,0.0
13:17:52,6368.85,6320.0,-55.1607,0.0
13:17:52,6368.85,6325.0,-199.6208,0.0
13:17:52,6368.85,6330.0,-36.5612,0.0
13:17:52,6368.85,6335.0,-21.0407,0.0
13:17:52,6368.85,6340.0,-184.8503,0.0
13:17:52,6368.85,6345.0,-44.5628,0.0
13:17:52,6368.85,6350.0,-329.5677,0.0
13:17:52,6368.85,6355.0,-37.4837,0.0
13:17:52,6368.85,6360.0,-133.2233,0.0
13:17:52,6368.85,6365.0,-30.9297,0.0
13:17:52,6368.85,6370.0,-398.7921,0.0
13:17:52,6368.85,6375.0,-170.3935,0.0
13:17:52,6368.85,6380.0,-158.4019,0.0
13:17:52,6368.85,6385.0,-73.1164,0.0
13:17:52,6368.85,6390.0,-127.3634,0.0
13:17:52,6368.85,6395.0,-71.0396,0.0
13:17:52,6368.85,6400.0,-462.0278,0.0
13:17:52,6368.85,6405.0,-42.6741,0.0
13:17:52,6368.85,6410.0,-42.3609,0.0
13:17:52,6368.85,6415.0,-17.4323,0.0
13:17:52,6368.85,6420.0,-94.9783,0.0
13:17:52,6368.85,6425.0,-80.0641,0.0
13:17:52,6368.85,6430.0,39.4818,0.0
13:17:52,6368.85,6435.0,-15.8232,0.0
13:17:52,6368.85,6440.0,-188.1426,0.0
13:20:02,6368.85,6295.0,-35.3533,0.0
13:20:02,6368.85,6300.0,-464.5075,0.0
13:20:02,6368.85,6305.0,-22.9469,0.0
13:20:02,6368.85,6310.0,-315.7645,0.0
13:20:02,6368.85,6315.0,-44.1697,0.0
13:20:02,6368.85,6320.0,-55.1607,0.0
13:20:02,6368.85,6325.0,-199.6208,0.0
13:20:02,6368.85,6330.0,-36.5612,0.0
13:20:02,6368.85,6335.0,-21.0407,0.0
13:20:02,6368.85,6340.0,-184.8503,0.0
13:20:02,6368.85,6345.0,-44.5628,0.0
13:20:02,6368.85,6350.0,-329.5677,0.0
13:20:02,6368.85,6355.0,-37.4837,0.0
13:20:02,6368.85,6360.0,-133.2233,0.0
13:20:02,6368.85,6365.0,-30.9297,0.0
13:20:02,6368.85,6370.0,-398.7921,0.0
13:20:02,6368.85,6375.0,-170.3935,0.0
13:20:02,6368.85,6380.0,-158.4019,0.0
13:20:02,6368.85,6385.0,-73.1164,0.0
13:20:02,6368.85,6390.0,-127.3634,0.0
13:20:02,6368.85,6395.0,-71.0396,0.0
13:20:02,6368.85,6400.0,-462.0278,0.0
13:20:02,6368.85,6405.0,-42.6741,0.0
13:20:02,6368.85,6410.0,-42.3609,0.0
13:20:02,6368.85,6415.0,-17.4323,0.0
13:20:02,6368.85,6420.0,-94.9783,0.0
13:20:02,6368.85,6425.0,-80.0641,0.0
13:20:02,6368.85,6430.0,39.4818,0.0
13:20:02,6368.85,6435.0,-15.8232,0.0
13:20:02,6368.85,6440.0,-188.1426,0.0
13:22:11,6368.85,6295.0,-35.3533,0.0
13:22:11,6368.85,6300.0,-464.5075,0.0
13:22:11,6368.85,6305.0,-22.9469,0.0
13:22:11,6368.85,6310.0,-315.7645,0.0
13:22:11,6368.85,6315.0,-44.1697,0.0
13:22:11,6368.85,6320.0,-55.1607,0.0
13:22:11,6368.85,6325.0,-199.6208,0.0
13:22:11,6368.85,6330.0,-36.5612,0.0
13:22:11,6368.85,6335.0,-21.0407,0.0
13:22:11,6368.85,6340.0,-184.8503,0.0
13:22:11,6368.85,6345.0,-44.5628,0.0
13:22:11,6368.85,6350.0,-329.5677,0.0
13:22:11,6368.85,6355.0,-37.4837,0.0
13:22:11,6368.85,6360.0,-133.2233,0.0
13:22:11,6368.85,6365.0,-30.9297,0.0
13:22:11,6368.85,6370.0,-398.7921,0.0
13:22:11,6368.85,6375.0,-170.3935,0.0
13:22:11,6368.85,6380.0,-158.4019,0.0
13:22:11,6368.85,6385.0,-73.1164,0.0
13:22:11,6368.85,6390.0,-127.3634,0.0
13:22:11,6368.85,6395.0,-71.0396,0.0
13:22:11,6368.85,6400.0,-462.0278,0.0
13:22:11,6368.85,6405.0,-42.6741,0.0
13:22:11,6368.85,6410.0,-42.3609,0.0
13:22:11,6368.85,6415.0,-17.4323,0.0
13:22:11,6368.85,6420.0,-94.9783,0.0
13:22:11,6368.85,6425.0,-80.0641,0.0
13:22:11,6368.85,6430.0,39.4818,0.0
13:22:11,6368.85,6435.0,-15.8232,0.0
13:22:11,6368.85,6440.0,-188.1426,0.0
13:24:21,6368.85,6295.0,-35.3533,0.0
13:24:21,6368.85,6300.0,-464.5075,0.0
13:24:21,6368.85,6305.0,-22.9469,0.0
13:24:21,6368.85,6310.0,-315.7645,0.0
13:24:21,6368.85,6315.0,-44.1697,0.0
13:24:21,6368.85,6320.0,-55.1607,0.0
13:24:21,6368.85,6325.0,-199.6208,0.0
13:24:21,6368.85,6330.0,-36.5612,0.0
13:24:21,6368.85,6335.0,-21.0407,0.0
13:24:21,6368.85,6340.0,-184.8503,0.0
13:24:21,6368.85,6345.0,-44.5628,0.0
13:24:21,6368.85,6350.0,-329.5677,0.0
13:24:21,6368.85,6355.0,-37.4837,0.0
13:24:21,6368.85,6360.0,-133.2233,0.0
13:24:21,6368.85,6365.0,-30.9297,0.0
13:24:21,6368.85,6370.0,-398.7921,0.0
13:24:21,6368.85,6375.0,-170.3935,0.0
13:24:21,6368.85,6380.0,-158.4019,0.0
13:24:21,6368.85,6385.0,-73.1164,0.0
13:24:21,6368.85,6390.0,-127.3634,0.0
13:24:21,6368.85,6395.0,-71.0396,0.0
13:24:21,6368.85,6400.0,-462.0278,0.0
13:24:21,6368.85,6405.0,-42.6741,0.0
13:24:21,6368.85,6410.0,-42.3609,0.0
13:24:21,6368.85,6415.0,-17.4323,0.0
13:24:21,6368.85,6420.0,-94.9783,0.0
13:24:21,6368.85,6425.0,-80.0641,0.0
13:24:21,6368.85,6430.0,39.4818,0.0
13:24:21,6368.85,6435.0,-15.8232,0.0
13:24:21,6368.85,6440.0,-188.1426,0.0
13:26:31,6368.85,6295.0,-35.3533,0.0
13:26:31,6368.85,6300.0,-464.5075,0.0
13:26:31,6368.85,6305.0,-22.9469,0.0
13:26:31,6368.85,6310.0,-315.7645,0.0
13:26:31,6368.85,6315.0,-44.1697,0.0
13:26:31,6368.85,6320.0,-55.1607,0.0
13:26:31,6368.85,6325.0,-199.6208,0.0
13:26:31,6368.85,6330.0,-36.5612,0.0
13:26:31,6368.85,6335.0,-21.0407,0.0
13:26:31,6368.85,6340.0,-184.8503,0.0
13:26:31,6368.85,6345.0,-44.5628,0.0
13:26:31,6368.85,6350.0,-329.5677,0.0
13:26:31,6368.85,6355.0,-37.4837,0.0
13:26:31,6368.85,6360.0,-133.2233,0.0
13:26:31,6368.85,6365.0,-30.9297,0.0
13:26:31,6368.85,6370.0,-398.7921,0.0
13:26:31,6368.85,6375.0,-170.3935,0.0
13:26:31,6368.85,6380.0,-158.4019,0.0
13:26:31,6368.85,6385.0,-73.1164,0.0
13:26:31,6368.85,6390.0,-127.3634,0.0
13:26:31,6368.85,6395.0,-71.0396,0.0
13:26:31,6368.85,6400.0,-462.0278,0.0
13:26:31,6368.85,6405.0,-42.6741,0.0
13:26:31,6368.85,6410.0,-42.3609,0.0
13:26:31,6368.85,6415.0,-17.4323,0.0
13:26:31,6368.85,6420.0,-94.9783,0.0
13:26:31,6368.85,6425.0,-80.0641,0.0
13:26:31,6368.85,6430.0,39.4818,0.0
13:26:31,6368.85,6435.0,-15.8232,0.0
13:26:31,6368.85,6440.0,-188.1426,0.0
13:28:40,6368.85,6295.0,-35.3533,0.0
13:28:40,6368.85,6300.0,-464.5075,0.0
13:28:40,6368.85,6305.0,-22.9469,0.0
13:28:40,6368.85,6310.0,-315.7645,0.0
13:28:40,6368.85,6315.0,-44.1697,0.0
13:28:40,6368.85,6320.0,-55.1607,0.0
13:28:40,6368.85,6325.0,-199.6208,0.0
13:28:40,6368.85,6330.0,-36.5612,0.0
13:28:40,6368.85,6335.0,-21.0407,0.0
13:28:40,6368.85,6340.0,-184.8503,0.0
13:28:40,6368.85,6345.0,-44.5628,0.0
13:28:40,6368.85,6350.0,-329.5677,0.0
13:28:40,6368.85,6355.0,-37.4837,0.0
13:28:40,6368.85,6360.0,-133.2233,0.0
13:28:40,6368.85,6365.0,-30.9297,0.0
13:28:40,6368.85,6370.0,-398.7921,0.0
13:28:40,6368.85,6375.0,-170.3935,0.0
13:28:40,6368.85,6380.0,-158.4019,0.0
13:28:40,6368.85,6385.0,-73.1164,0.0
13:28:40,6368.85,6390.0,-127.3634,0.0
13:28:40,6368.85,6395.0,-71.0396,0.0
13:28:40,6368.85,6400.0,-462.0278,0.0
13:28:40,6368.85,6405.0,-42.6741,0.0
13:28:40,6368.85,6410.0,-42.3609,0.0
13:28:40,6368.85,6415.0,-17.4323,0.0
13:28:40,6368.85,6420.0,-94.9783,0.0
13:28:40,6368.85,6425.0,-80.0641,0.0
13:28:40,6368.85,6430.0,39.4818,0.0
13:28:40,6368.85,6435.0,-15.8232,0.0
13:28:40,6368.85,6440.0,-188.1426,0.0
13:30:50,6368.85,6295.0,-35.3533,0.0
13:30:50,6368.85,6300.0,-464.5075,0.0
13:30:50,6368.85,6305.0,-22.9469,0.0
13:30:50,6368.85,6310.0,-315.7645,0.0
13:30:50,6368.85,6315.0,-44.1697,0.0
13:30:50,6368.85,6320.0,-55.1607,0.0
13:30:50,6368.85,6325.0,-199.6208,0.0
13:30:50,6368.85,6330.0,-36.5612,0.0
13:30:50,6368.85,6335.0,-21.0407,0.0
13:30:50,6368.85,6340.0,-184.8503,0.0
13:30:50,6368.85,6345.0,-44.5628,0.0
13:30:50,6368.85,6350.0,-329.5677,0.0
13:30:50,6368.85,6355.0,-37.4837,0.0
13:30:50,6368.85,6360.0,-133.2233,0.0
13:30:50,6368.85,6365.0,-30.9297,0.0
13:30:50,6368.85,6370.0,-398.7921,0.0
13:30:50,6368.85,6375.0,-170.3935,0.0
13:30:50,6368.85,6380.0,-158.4019,0.0
13:30:50,6368.85,6385.0,-73.1164,0.0
13:30:50,6368.85,6390.0,-127.3634,0.0
13:30:50,6368.85,6395.0,-71.0396,0.0
13:30:50,6368.85,6400.0,-462.0278,0.0
13:30:50,6368.85,6405.0,-42.6741,0.0
13:30:50,6368.85,6410.0,-42.3609,0.0
13:30:50,6368.85,6415.0,-17.4323,0.0
13:30:50,6368.85,6420.0,-94.9783,0.0
13:30:50,6368.85,6425.0,-80.0641,0.0
13:30:50,6368.85,6430.0,39.4818,0.0
13:30:50,6368.85,6435.0,-15.8232,0.0
13:30:50,6368.85,6440.0,-188.1426,0.0
13:33:00,6368.85,6295.0,-35.3533,0.0
13:33:00,6368.85,6300.0,-464.5075,0.0
13:33:00,6368.85,6305.0,-22.9469,0.0
13:33:00,6368.85,6310.0,-315.7645,0.0
13:33:00,6368.85,6315.0,-44.1697,0.0
13:33:00,6368.85,6320.0,-55.1607,0.0
13:33:00,6368.85,6325.0,-199.6208,0.0
13:33:00,6368.85,6330.0,-36.5612,0.0
13:33:00,6368.85,6335.0,-21.0407,0.0
13:33:00,6368.85,6340.0,-184.8503,0.0
13:33:00,6368.85,6345.0,-44.5628,0.0
13:33:00,6368.85,6350.0,-329.5677,0.0
13:33:00,6368.85,6355.0,-37.4837,0.0
13:33:00,6368.85,6360.0,-133.2233,0.0
13:33:00,6368.85,6365.0,-30.9297,0.0
13:33:00,6368.85,6370.0,-398.7921,0.0
13:33:00,6368.85,6375.0,-170.3935,0.0
13:33:00,6368.85,6380.0,-158.4019,0.0
13:33:00,6368.85,6385.0,-73.1164,0.0
13:33:00,6368.85,6390.0,-127.3634,0.0
13:33:00,6368.85,6395.0,-71.0396,0.0
13:33:00,6368.85,6400.0,-462.0278,0.0
13:33:00,6368.85,6405.0,-42.6741,0.0
13:33:00,6368.85,6410.0,-42.3609,0.0
13:33:00,6368.85,6415.0,-17.4323,0.0
13:33:00,6368.85,6420.0,-94.9783,0.0
13:33:00,6368.85,6425.0,-80.0641,0.0
13:33:00,6368.85,6430.0,39.4818,0.0
13:33:00,6368.85,6435.0,-15.8232,0.0
13:33:00,6368.85,6440.0,-188.1426,0.0
13:35:09,6368.85,6295.0,-35.3533,0.0
13:35:09,6368.85,6300.0,-464.5075,0.0
13:35:09,6368.85,6305.0,-22.9469,0.0
13:35:09,6368.85,6310.0,-315.7645,0.0
13:35:09,6368.85,6315.0,-44.1697,0.0
13:35:09,6368.85,6320.0,-55.1607,0.0
13:35:09,6368.85,6325.0,-199.6208,0.0
13:35:09,6368.85,6330.0,-36.5612,0.0
13:35:09,6368.85,6335.0,-21.0407,0.0
13:35:09,6368.85,6340.0,-184.8503,0.0
13:35:09,6368.85,6345.0,-44.5628,0.0
13:35:09,6368.85,6350.0,-329.5677,0.0
13:35:09,6368.85,6355.0,-37.4837,0.0
13:35:09,6368.85,6360.0,-133.2233,0.0
13:35:09,6368.85,6365.0,-30.9297,0.0
13:35:09,6368.85,6370.0,-398.7921,0.0
13:35:09,6368.85,6375.0,-170.3935,0.0
13:35:09,6368.85,6380.0,-158.4019,0.0
13:35:09,6368.85,6385.0,-73.1164,0.0
13:35:09,6368.85,6390.0,-127.3634,0.0
13:35:09,6368.85,6395.0,-71.0396,0.0
13:35:09,6368.85,6400.0,-462.0278,0.0
13:35:09,6368.85,6405.0,-42.6741,0.0
13:35:09,6368.85,6410.0,-42.3609,0.0
13:35:09,6368.85,6415.0,-17.4323,0.0
13:35:09,6368.85,6420.0,-94.9783,0.0
13:35:09,6368.85,6425.0,-80.0641,0.0
13:35:09,6368.85,6430.0,39.4818,0.0
13:35:09,6368.85,6435.0,-15.8232,0.0
13:35:09,6368.85,6440.0,-188.1426,0.0
13:37:19,6368.85,6295.0,-35.3533,0.0
13:37:19,6368.85,6300.0,-464.5075,0.0
13:37:19,6368.85,6305.0,-22.9469,0.0
13:37:19,6368.85,6310.0,-315.7645,0.0
13:37:19,6368.85,6315.0,-44.1697,0.0
13:37:19,6368.85,6320.0,-55.1607,0.0
13:37:19,6368.85,6325.0,-199.6208,0.0
13:37:19,6368.85,6330.0,-36.5612,0.0
13:37:19,6368.85,6335.0,-21.0407,0.0
13:37:19,6368.85,6340.0,-184.8503,0.0
13:37:19,6368.85,6345.0,-44.5628,0.0
13:37:19,6368.85,6350.0,-329.5677,0.0
13:37:19,6368.85,6355.0,-37.4837,0.0
13:37:19,6368.85,6360.0,-133.2233,0.0
13:37:19,6368.85,6365.0,-30.9297,0.0
13:37:19,6368.85,6370.0,-398.7921,0.0
13:37:19,6368.85,6375.0,-170.3935,0.0
13:37:19,6368.85,6380.0,-158.4019,0.0
13:37:19,6368.85,6385.0,-73.1164,0.0
13:37:19,6368.85,6390.0,-127.3634,0.0
13:37:19,6368.85,6395.0,-71.0396,0.0
13:37:19,6368.85,6400.0,-462.0278,0.0
13:37:19,6368.85,6405.0,-42.6741,0.0
13:37:19,6368.85,6410.0,-42.3609,0.0
13:37:19,6368.85,6415.0,-17.4323,0.0
13:37:19,6368.85,6420.0,-94.9783,0.0
13:37:19,6368.85,6425.0,-80.0641,0.0
13:37:19,6368.85,6430.0,39.4818,0.0
13:37:19,6368.85,6435.0,-15.8232,0.0
13:37:19,6368.85,6440.0,-188.1426,0.0
13:39:29,6368.85,6295.0,-35.3533,0.0
13:39:29,6368.85,6300.0,-464.5075,0.0
13:39:29,6368.85,6305.0,-22.9469,0.0
13:39:29,6368.85,6310.0,-315.7645,0.0
13:39:29,6368.85,6315.0,-44.1697,0.0
13:39:29,6368.85,6320.0,-55.1607,0.0
13:39:29,6368.85,6325.0,-199.6208,0.0
13:39:29,6368.85,6330.0,-36.5612,0.0
13:39:29,6368.85,6335.0,-21.0407,0.0
13:39:29,6368.85,6340.0,-184.8503,0.0
13:39:29,6368.85,6345.0,-44.5628,0.0
13:39:29,6368.85,6350.0,-329.5677,0.0
13:39:29,6368.85,6355.0,-37.4837,0.0
13:39:29,6368.85,6360.0,-133.2233,0.0
13:39:29,6368.85,6365.0,-30.9297,0.0
13:39:29,6368.85,6370.0,-398.7921,0.0
13:39:29,6368.85,6375.0,-170.3935,0.0
13:39:29,6368.85,6380.0,-158.4019,0.0
13:39:29,6368.85,6385.0,-73.1164,0.0
13:39:29,6368.85,6390.0,-127.3634,0.0
13:39:29,6368.85,6395.0,-71.0396,0.0
13:39:29,6368.85,6400.0,-462.0278,0.0
13:39:29,6368.85,6405.0,-42.6741,0.0
13:39:29,6368.85,6410.0,-42.3609,0.0
13:39:29,6368.85,6415.0,-17.4323,0.0
13:39:29,6368.85,6420.0,-94.9783,0.0
13:39:29,6368.85,6425.0,-80.0641,0.0
13:39:29,6368.85,6430.0,39.4818,0.0
13:39:29,6368.85,6435.0,-15.8232,0.0
13:39:29,6368.85,6440.0,-188.1426,0.0
13:41:39,6368.85,6295.0,-35.3533,0.0
13:41:39,6368.85,6300.0,-464.5075,0.0
13:41:39,6368.85,6305.0,-22.9469,0.0
13:41:39,6368.85,6310.0,-315.7645,0.0
13:41:39,6368.85,6315.0,-44.1697,0.0
13:41:39,6368.85,6320.0,-55.1607,0.0
13:41:39,6368.85,6325.0,-199.6208,0.0
13:41:39,6368.85,6330.0,-36.5612,0.0
13:41:39,6368.85,6335.0,-21.0407,0.0
13:41:39,6368.85,6340.0,-184.8503,0.0
13:41:39,6368.85,6345.0,-44.5628,0.0
13:41:39,6368.85,6350.0,-329.5677,0.0
13:41:39,6368.85,6355.0,-37.4837,0.0
13:41:39,6368.85,6360.0,-133.2233,0.0
13:41:39,6368.85,6365.0,-30.9297,0.0
13:41:39,6368.85,6370.0,-398.7921,0.0
13:41:39,6368.85,6375.0,-170.3935,0.0
13:41:39,6368.85,6380.0,-158.4019,0.0
13:41:39,6368.85,6385.0,-73.1164,0.0
13:41:39,6368.85,6390.0,-127.3634,0.0
13:41:39,6368.85,6395.0,-71.0396,0.0
13:41:39,6368.85,6400.0,-462.0278,0.0
13:41:39,6368.85,6405.0,-42.6741,0.0
13:41:39,6368.85,6410.0,-42.3609,0.0
13:41:39,6368.85,6415.0,-17.4323,0.0
13:41:39,6368.85,6420.0,-94.9783,0.0
13:41:39,6368.85,6425.0,-80.0641,0.0
13:41:39,6368.85,6430.0,39.4818,0.0
13:41:39,6368.85,6435.0,-15.8232,0.0
13:41:39,6368.85,6440.0,-188.1426,0.0
13:43:48,6368.85,6295.0,-35.3533,0.0
13:43:48,6368.85,6300.0,-464.5075,0.0
13:43:48,6368.85,6305.0,-22.9469,0.0
13:43:48,6368.85,6310.0,-315.7645,0.0
13:43:48,6368.85,6315.0,-44.1697,0.0
13:43:48,6368.85,6320.0,-55.1607,0.0
13:43:48,6368.85,6325.0,-199.6208,0.0
13:43:48,6368.85,6330.0,-36.5612,0.0
13:43:48,6368.85,6335.0,-21.0407,0.0
13:43:48,6368.85,6340.0,-184.8503,0.0
13:43:48,6368.85,6345.0,-44.5628,0.0
13:43:48,6368.85,6350.0,-329.5677,0.0
13:43:48,6368.85,6355.0,-37.4837,0.0
13:43:48,6368.85,6360.0,-133.2233,0.0
13:43:48,6368.85,6365.0,-30.9297,0.0
13:43:48,6368.85,6370.0,-398.7921,0.0
13:43:48,6368.85,6375.0,-170.3935,0.0
13:43:48,6368.85,6380.0,-158.4019,0.0
13:43:48,6368.85,6385.0,-73.1164,0.0
13:43:48,6368.85,6390.0,-127.3634,0.0
13:43:48,6368.85,6395.0,-71.0396,0.0
13:43:48,6368.85,6400.0,-462.0278,0.0
13:43:48,6368.85,6405.0,-42.6741,0.0
13:43:48,6368.85,6410.0,-42.3609,0.0
13:43:48,6368.85,6415.0,-17.4323,0.0
13:43:48,6368.85,6420.0,-94.9783,0.0
13:43:48,6368.85,6425.0,-80.0641,0.0
13:43:48,6368.85,6430.0,39.4818,0.0
13:43:48,6368.85,6435.0,-15.8232,0.0
13:43:48,6368.85,6440.0,-188.1426,0.0
13:45:58,6368.85,6295.0,-35.3533,0.0
13:45:58,6368.85,6300.0,-464.5075,0.0
13:45:58,6368.85,6305.0,-22.9469,0.0
13:45:58,6368.85,6310.0,-315.7645,0.0
13:45:58,6368.85,6315.0,-44.1697,0.0
13:45:58,6368.85,6320.0,-55.1607,0.0
13:45:58,6368.85,6325.0,-199.6208,0.0
13:45:58,6368.85,6330.0,-36.5612,0.0
13:45:58,6368.85,6335.0,-21.0407,0.0
13:45:58,6368.85,6340.0,-184.8503,0.0
13:45:58,6368.85,6345.0,-44.5628,0.0
13:45:58,6368.85,6350.0,-329.5677,0.0
13:45:58,6368.85,6355.0,-37.4837,0.0
13:45:58,6368.85,6360.0,-133.2233,0.0
13:45:58,6368.85,6365.0,-30.9297,0.0
13:45:58,6368.85,6370.0,-398.7921,0.0
13:45:58,6368.85,6375.0,-170.3935,0.0
13:45:58,6368.85,6380.0,-158.4019,0.0
13:45:58,6368.85,6385.0,-73.1164,0.0
13:45:58,6368.85,6390.0,-127.3634,0.0
13:45:58,6368.85,6395.0,-71.0396,0.0
13:45:58,6368.85,6400.0,-462.0278,0.0
13:45:58,6368.85,6405.0,-42.6741,0.0
13:45:58,6368.85,6410.0,-42.3609,0.0
13:45:58,6368.85,6415.0,-17.4323,0.0
13:45:58,6368.85,6420.0,-94.9783,0.0
13:45:58,6368.85,6425.0,-80.0641,0.0
13:45:58,6368.85,6430.0,39.4818,0.0
13:45:58,6368.85,6435.0,-15.8232,0.0
13:45:58,6368.85,6440.0,-188.1426,0.0
13:48:08,6368.85,6295.0,-35.3533,0.0
13:48:08,6368.85,6300.0,-464.5075,0.0
13:48:08,6368.85,6305.0,-22.9469,0.0
13:48:08,6368.85,6310.0,-315.7645,0.0
13:48:08,6368.85,6315.0,-44.1697,0.0
13:48:08,6368.85,6320.0,-55.1607,0.0
13:48:08,6368.85,6325.0,-199.6208,0.0
13:48:08,6368.85,6330.0,-36.5612,0.0
13:48:08,6368.85,6335.0,-21.0407,0.0
13:48:08,6368.85,6340.0,-184.8503,0.0
13:48:08,6368.85,6345.0,-44.5628,0.0
13:48:08,6368.85,6350.0,-329.5677,0.0
13:48:08,6368.85,6355.0,-37.4837,0.0
13:48:08,6368.85,6360.0,-133.2233,0.0
13:48:08,6368.85,6365.0,-30.9297,0.0
13:48:08,6368.85,6370.0,-398.7921,0.0
13:48:08,6368.85,6375.0,-170.3935,0.0
13:48:08,6368.85,6380.0,-158.4019,0.0
13:48:08,6368.85,6385.0,-73.1164,0.0
13:48:08,6368.85,6390.0,-127.3634,0.0
13:48:08,6368.85,6395.0,-71.0396,0.0
13:48:08,6368.85,6400.0,-462.0278,0.0
13:48:08,6368.85,6405.0,-42.6741,0.0
13:48:08,6368.85,6410.0,-42.3609,0.0
13:48:08,6368.85,6415.0,-17.4323,0.0
13:48:08,6368.85,6420.0,-94.9783,0.0
13:48:08,6368.85,6425.0,-80.0641,0.0
13:48:08,6368.85,6430.0,39.4818,0.0
13:48:08,6368.85,6435.0,-15.8232,0.0
13:48:08,6368.85,6440.0,-188.1426,0.0
13:50:17,6368.85,6295.0,-35.3533,0.0
13:50:17,6368.85,6300.0,-464.5075,0.0
13:50:17,6368.85,6305.0,-22.9469,0.0
13:50:17,6368.85,6310.0,-315.7645,0.0
13:50:17,6368.85,6315.0,-44.1697,0.0
13:50:17,6368.85,6320.0,-55.1607,0.0
13:50:17,6368.85,6325.0,-199.6208,0.0
13:50:17,6368.85,6330.0,-36.5612,0.0
13:50:17,6368.85,6335.0,-21.0407,0.0
13:50:17,6368.85,6340.0,-184.8503,0.0
13:50:17,6368.85,6345.0,-44.5628,0.0
13:50:17,6368.85,6350.0,-329.5677,0.0
13:50:17,6368.85,6355.0,-37.4837,0.0
13:50:17,6368.85,6360.0,-133.2233,0.0
13:50:17,6368.85,6365.0,-30.9297,0.0
13:50:17,6368.85,6370.0,-398.7921,0.0
13:50:17,6368.85,6375.0,-170.3935,0.0
13:50:17,6368.85,6380.0,-158.4019,0.0
13:50:17,6368.85,6385.0,-73.1164,0.0
13:50:17,6368.85,6390.0,-127.3634,0.0
13:50:17,6368.85,6395.0,-71.0396,0.0
13:50:17,6368.85,6400.0,-462.0278,0.0
13:50:17,6368.85,6405.0,-42.6741,0.0
13:50:17,6368.85,6410.0,-42.3609,0.0
13:50:17,6368.85,6415.0,-17.4323,0.0
13:50:17,6368.85,6420.0,-94.9783,0.0
13:50:17,6368.85,6425.0,-80.0641,0.0
13:50:17,6368.85,6430.0,39.4818,0.0
13:50:17,6368.85,6435.0,-15.8232,0.0
13:50:17,6368.85,6440.0,-188.1426,0.0
13:52:27,6368.85,6295.0,-35.3533,0.0
13:52:27,6368.85,6300.0,-464.5075,0.0
13:52:27,6368.85,6305.0,-22.9469,0.0
13:52:27,6368.85,6310.0,-315.7645,0.0
13:52:27,6368.85,6315.0,-44.1697,0.0
13:52:27,6368.85,6320.0,-55.1607,0.0
13:52:27,6368.85,6325.0,-199.6208,0.0
13:52:27,6368.85,6330.0,-36.5612,0.0
13:52:27,6368.85,6335.0,-21.0407,0.0
13:52:27,6368.85,6340.0,-184.8503,0.0
13:52:27,6368.85,6345.0,-44.5628,0.0
13:52:27,6368.85,6350.0,-329.5677,0.0
13:52:27,6368.85,6355.0,-37.4837,0.0
13:52:27,6368.85,6360.0,-133.2233,0.0
13:52:27,6368.85,6365.0,-30.9297,0.0
13:52:27,6368.85,6370.0,-398.7921,0.0
13:52:27,6368.85,6375.0,-170.3935,0.0
13:52:27,6368.85,6380.0,-158.4019,0.0
13:52:27,6368.85,6385.0,-73.1164,0.0
13:52:27,6368.85,6390.0,-127.3634,0.0
13:52:27,6368.85,6395.0,-71.0396,0.0
13:52:27,6368.85,6400.0,-462.0278,0.0
13:52:27,6368.85,6405.0,-42.6741,0.0
13:52:27,6368.85,6410.0,-42.3609,0.0
13:52:27,6368.85,6415.0,-17.4323,0.0
13:52:27,6368.85,6420.0,-94.9783,0.0
13:52:27,6368.85,6425.0,-80.0641,0.0
13:52:27,6368.85,6430.0,39.4818,0.0
13:52:27,6368.85,6435.0,-15.8232,0.0
13:52:27,6368.85,6440.0,-188.1426,0.0
13:54:37,6368.85,6295.0,-35.3533,0.0
13:54:37,6368.85,6300.0,-464.5075,0.0
13:54:37,6368.85,6305.0,-22.9469,0.0
13:54:37,6368.85,6310.0,-315.7645,0.0
13:54:37,6368.85,6315.0,-44.1697,0.0
13:54:37,6368.85,6320.0,-55.1607,0.0
13:54:37,6368.85,6325.0,-199.6208,0.0
13:54:37,6368.85,6330.0,-36.5612,0.0
13:54:37,6368.85,6335.0,-21.0407,0.0
13:54:37,6368.85,6340.0,-184.8503,0.0
13:54:37,6368.85,6345.0,-44.5628,0.0
13:54:37,6368.85,6350.0,-329.5677,0.0
13:54:37,6368.85,6355.0,-37.4837,0.0
13:54:37,6368.85,6360.0,-133.2233,0.0
13:54:37,6368.85,6365.0,-30.9297,0.0
13:54:37,6368.85,6370.0,-398.7921,0.0
13:54:37,6368.85,6375.0,-170.3935,0.0
13:54:37,6368.85,6380.0,-158.4019,0.0
13:54:37,6368.85,6385.0,-73.1164,0.0
13:54:37,6368.85,6390.0,-127.3634,0.0
13:54:37,6368.85,6395.0,-71.0396,0.0
13:54:37,6368.85,6400.0,-462.0278,0.0
13:54:37,6368.85,6405.0,-42.6741,0.0
13:54:37,6368.85,6410.0,-42.3609,0.0
13:54:37,6368.85,6415.0,-17.4323,0.0
13:54:37,6368.85,6420.0,-94.9783,0.0
13:54:37,6368.85,6425.0,-80.0641,0.0
13:54:37,6368.85,6430.0,39.4818,0.0
13:54:37,6368.85,6435.0,-15.8232,0.0
13:54:37,6368.85,6440.0,-188.1426,0.0
13:56:46,6368.85,6295.0,-35.3533,0.0
13:56:46,6368.85,6300.0,-464.5075,0.0
13:56:46,6368.85,6305.0,-22.9469,0.0
13:56:46,6368.85,6310.0,-315.7645,0.0
13:56:46,6368.85,6315.0,-44.1697,0.0
13:56:46,6368.85,6320.0,-55.1607,0.0
13:56:46,6368.85,6325.0,-199.6208,0.0
13:56:46,6368.85,6330.0,-36.5612,0.0
13:56:46,6368.85,6335.0,-21.0407,0.0
13:56:46,6368.85,6340.0,-184.8503,0.0
13:56:46,6368.85,6345.0,-44.5628,0.0
13:56:46,6368.85,6350.0,-329.5677,0.0
13:56:46,6368.85,6355.0,-37.4837,0.0
13:56:46,6368.85,6360.0,-133.2233,0.0
13:56:46,6368.85,6365.0,-30.9297,0.0
13:56:46,6368.85,6370.0,-398.7921,0.0
13:56:46,6368.85,6375.0,-170.3935,0.0
13:56:46,6368.85,6380.0,-158.4019,0.0
13:56:46,6368.85,6385.0,-73.1164,0.0
13:56:46,6368.85,6390.0,-127.3634,0.0
13:56:46,6368.85,6395.0,-71.0396,0.0
13:56:46,6368.85,6400.0,-462.0278,0.0
13:56:46,6368.85,6405.0,-42.6741,0.0
13:56:46,6368.85,6410.0,-42.3609,0.0
13:56:46,6368.85,6415.0,-17.4323,0.0
13:56:46,6368.85,6420.0,-94.9783,0.0
13:56:46,6368.85,6425.0,-80.0641,0.0
13:56:46,6368.85,6430.0,39.4818,0.0
13:56:46,6368.85,6435.0,-15.8232,0.0
13:56:46,6368.85,6440.0,-188.1426,0.0
13:58:56,6368.85,6295.0,-35.3533,0.0
13:58:56,6368.85,6300.0,-464.5075,0.0
13:58:56,6368.85,6305.0,-22.9469,0.0
13:58:56,6368.85,6310.0,-315.7645,0.0
13:58:56,6368.85,6315.0,-44.1697,0.0
13:58:56,6368.85,6320.0,-55.1607,0.0
13:58:56,6368.85,6325.0,-199.6208,0.0
13:58:56,6368.85,6330.0,-36.5612,0.0
13:58:56,6368.85,6335.0,-21.0407,0.0
13:58:56,6368.85,6340.0,-184.8503,0.0
13:58:56,6368.85,6345.0,-44.5628,0.0
13:58:56,6368.85,6350.0,-329.5677,0.0
13:58:56,6368.85,6355.0,-37.4837,0.0
13:58:56,6368.85,6360.0,-133.2233,0.0
13:58:56,6368.85,6365.0,-30.9297,0.0
13:58:56,6368.85,6370.0,-398.7921,0.0
13:58:56,6368.85,6375.0,-170.3935,0.0
13:58:56,6368.85,6380.0,-158.4019,0.0
13:58:56,6368.85,6385.0,-73.1164,0.0
13:58:56,6368.85,6390.0,-127.3634,0.0
13:58:56,6368.85,6395.0,-71.0396,0.0
13:58:56,6368.85,6400.0,-462.0278,0.0
13:58:56,6368.85,6405.0,-42.6741,0.0
13:58:56,6368.85,6410.0,-42.3609,0.0
13:58:56,6368.85,6415.0,-17.4323,0.0
13:58:56,6368.85,6420.0,-94.9783,0.0
13:58:56,6368.85,6425.0,-80.0641,0.0
13:58:56,6368.85,6430.0,39.4818,0.0
13:58:56,6368.85,6435.0,-15.8232,0.0
13:58:56,6368.85,6440.0,-188.1426,0.0
14:01:06,6368.85,6295.0,-35.3533,0.0
14:01:06,6368.85,6300.0,-464.5075,0.0
14:01:06,6368.85,6305.0,-22.9469,0.0
14:01:06,6368.85,6310.0,-315.7645,0.0
14:01:06,6368.85,6315.0,-44.1697,0.0
14:01:06,6368.85,6320.0,-55.1607,0.0
14:01:06,6368.85,6325.0,-199.6208,0.0
14:01:06,6368.85,6330.0,-36.5612,0.0
14:01:06,6368.85,6335.0,-21.0407,0.0
14:01:06,6368.85,6340.0,-184.8503,0.0
14:01:06,6368.85,6345.0,-44.5628,0.0
14:01:06,6368.85,6350.0,-329.5677,0.0
14:01:06,6368.85,6355.0,-37.4837,0.0
14:01:06,6368.85,6360.0,-133.2233,0.0
14:01:06,6368.85,6365.0,-30.9297,0.0
14:01:06,6368.85,6370.0,-398.7921,0.0
14:01:06,6368.85,6375.0,-170.3935,0.0
14:01:06,6368.85,6380.0,-158.4019,0.0
14:01:06,6368.85,6385.0,-73.1164,0.0
14:01:06,6368.85,6390.0,-127.3634,0.0
14:01:06,6368.85,6395.0,-71.0396,0.0
14:01:06,6368.85,6400.0,-462.0278,0.0
14:01:06,6368.85,6405.0,-42.6741,0.0
14:01:06,6368.85,6410.0,-42.3609,0.0
14:01:06,6368.85,6415.0,-17.4323,0.0
14:01:06,6368.85,6420.0,-94.9783,0.0
14:01:06,6368.85,6425.0,-80.0641,0.0
14:01:06,6368.85,6430.0,39.4818,0.0
14:01:06,6368.85,6435.0,-15.8232,0.0
14:01:06,6368.85,6440.0,-188.1426,0.0
14:03:15,6368.85,6295.0,-35.3533,0.0
14:03:15,6368.85,6300.0,-464.5075,0.0
14:03:15,6368.85,6305.0,-22.9469,0.0
14:03:15,6368.85,6310.0,-315.7645,0.0
14:03:15,6368.85,6315.0,-44.1697,0.0
14:03:15,6368.85,6320.0,-55.1607,0.0
14:03:15,6368.85,6325.0,-199.6208,0.0
14:03:15,6368.85,6330.0,-36.5612,0.0
14:03:15,6368.85,6335.0,-21.0407,0.0
14:03:15,6368.85,6340.0,-184.8503,0.0
14:03:15,6368.85,6345.0,-44.5628,0.0
14:03:15,6368.85,6350.0,-329.5677,0.0
14:03:15,6368.85,6355.0,-37.4837,0.0
14:03:15,6368.85,6360.0,-133.2233,0.0
14:03:15,6368.85,6365.0,-30.9297,0.0
14:03:15,6368.85,6370.0,-398.7921,0.0
14:03:15,6368.85,6375.0,-170.3935,0.0
14:03:15,6368.85,6380.0,-158.4019,0.0
14:03:15,6368.85,6385.0,-73.1164,0.0
14:03:15,6368.85,6390.0,-127.3634,0.0
14:03:15,6368.85,6395.0,-71.0396,0.0
14:03:15,6368.85,6400.0,-462.0278,0.0
14:03:15,6368.85,6405.0,-42.6741,0.0
14:03:15,6368.85,6410.0,-42.3609,0.0
14:03:15,6368.85,6415.0,-17.4323,0.0
14:03:15,6368.85,6420.0,-94.9783,0.0
14:03:15,6368.85,6425.0,-80.0641,0.0
14:03:15,6368.85,6430.0,39.4818,0.0
14:03:15,6368.85,6435.0,-15.8232,0.0
14:03:15,6368.85,6440.0,-188.1426,0.0
14:05:25,6368.85,6295.0,-35.3533,0.0
14:05:25,6368.85,6300.0,-464.5075,0.0
14:05:25,6368.85,6305.0,-22.9469,0.0
14:05:25,6368.85,6310.0,-315.7645,0.0
14:05:25,6368.85,6315.0,-44.1697,0.0
14:05:25,6368.85,6320.0,-55.1607,0.0
14:05:25,6368.85,6325.0,-199.6208,0.0
14:05:25,6368.85,6330.0,-36.5612,0.0
14:05:25,6368.85,6335.0,-21.0407,0.0
14:05:25,6368.85,6340.0,-184.8503,0.0
14:05:25,6368.85,6345.0,-44.5628,0.0
14:05:25,6368.85,6350.0,-329.5677,0.0
14:05:25,6368.85,6355.0,-37.4837,0.0
14:05:25,6368.85,6360.0,-133.2233,0.0
14:05:25,6368.85,6365.0,-30.9297,0.0
14:05:25,6368.85,6370.0,-398.7921,0.0
14:05:25,6368.85,6375.0,-170.3935,0.0
14:05:25,6368.85,6380.0,-158.4019,0.0
14:05:25,6368.85,6385.0,-73.1164,0.0
14:05:25,6368.85,6390.0,-127.3634,0.0
14:05:25,6368.85,6395.0,-71.0396,0.0
14:05:25,6368.85,6400.0,-462.0278,0.0
14:05:25,6368.85,6405.0,-42.6741,0.0
14:05:25,6368.85,6410.0,-42.3609,0.0
14:05:25,6368.85,6415.0,-17.4323,0.0
14:05:25,6368.85,6420.0,-94.9783,0.0
14:05:25,6368.85,6425.0,-80.0641,0.0
14:05:25,6368.85,6430.0,39.4818,0.0
14:05:25,6368.85,6435.0,-15.8232,0.0
14:05:25,6368.85,6440.0,-188.1426,0.0
14:07:35,6368.85,6295.0,-35.3533,0.0
14:07:35,6368.85,6300.0,-464.5075,0.0
14:07:35,6368.85,6305.0,-22.9469,0.0
14:07:35,6368.85,6310.0,-315.7645,0.0
14:07:35,6368.85,6315.0,-44.1697,0.0
14:07:35,6368.85,6320.0,-55.1607,0.0
14:07:35,6368.85,6325.0,-199.6208,0.0
14:07:35,6368.85,6330.0,-36.5612,0.0
14:07:35,6368.85,6335.0,-21.0407,0.0
14:07:35,6368.85,6340.0,-184.8503,0.0
14:07:35,6368.85,6345.0,-44.5628,0.0
14:07:35,6368.85,6350.0,-329.5677,0.0
14:07:35,6368.85,6355.0,-37.4837,0.0
14:07:35,6368.85,6360.0,-133.2233,0.0
14:07:35,6368.85,6365.0,-30.9297,0.0
14:07:35,6368.85,6370.0,-398.7921,0.0
14:07:35,6368.85,6375.0,-170.3935,0.0
14:07:35,6368.85,6380.0,-158.4019,0.0
14:07:35,6368.85,6385.0,-73.1164,0.0
14:07:35,6368.85,6390.0,-127.3634,0.0
14:07:35,6368.85,6395.0,-71.0396,0.0
14:07:35,6368.85,6400.0,-462.0278,0.0
14:07:35,6368.85,6405.0,-42.6741,0.0
14:07:35,6368.85,6410.0,-42.3609,0.0
14:07:35,6368.85,6415.0,-17.4323,0.0
14:07:35,6368.85,6420.0,-94.9783,0.0
14:07:35,6368.85,6425.0,-80.0641,0.0
14:07:35,6368.85,6430.0,39.4818,0.0
14:07:35,6368.85,6435.0,-15.8232,0.0
14:07:35,6368.85,6440.0,-188.1426,0.0
14:09:45,6368.85,6295.0,-35.3533,0.0
14:09:45,6368.85,6300.0,-464.5075,0.0
14:09:45,6368.85,6305.0,-22.9469,0.0
14:09:45,6368.85,6310.0,-315.7645,0.0
14:09:45,6368.85,6315.0,-44.1697,0.0
14:09:45,6368.85,6320.0,-55.1607,0.0
14:09:45,6368.85,6325.0,-199.6208,0.0
14:09:45,6368.85,6330.0,-36.5612,0.0
14:09:45,6368.85,6335.0,-21.0407,0.0
14:09:45,6368.85,6340.0,-184.8503,0.0
14:09:45,6368.85,6345.0,-44.5628,0.0
14:09:45,6368.85,6350.0,-329.5677,0.0
14:09:45,6368.85,6355.0,-37.4837,0.0
14:09:45,6368.85,6360.0,-133.2233,0.0
14:09:45,6368.85,6365.0,-30.9297,0.0
14:09:45,6368.85,6370.0,-398.7921,0.0
14:09:45,6368.85,6375.0,-170.3935,0.0
14:09:45,6368.85,6380.0,-158.4019,0.0
14:09:45,6368.85,6385.0,-73.1164,0.0
14:09:45,6368.85,6390.0,-127.3634,0.0
14:09:45,6368.85,6395.0,-71.0396,0.0
14:09:45,6368.85,6400.0,-462.0278,0.0
14:09:45,6368.85,6405.0,-42.6741,0.0
14:09:45,6368.85,6410.0,-42.3609,0.0
14:09:45,6368.85,6415.0,-17.4323,0.0
14:09:45,6368.85,6420.0,-94.9783,0.0
14:09:45,6368.85,6425.0,-80.0641,0.0
14:09:45,6368.85,6430.0,39.4818,0.0
14:09:45,6368.85,6435.0,-15.8232,0.0
14:09:45,6368.85,6440.0,-188.1426,0.0
14:11:54,6368.85,6295.0,-35.3533,0.0
14:11:54,6368.85,6300.0,-464.5075,0.0
14:11:54,6368.85,6305.0,-22.9469,0.0
14:11:54,6368.85,6310.0,-315.7645,0.0
14:11:54,6368.85,6315.0,-44.1697,0.0
14:11:54,6368.85,6320.0,-55.1607,0.0
14:11:54,6368.85,6325.0,-199.6208,0.0
14:11:54,6368.85,6330.0,-36.5612,0.0
14:11:54,6368.85,6335.0,-21.0407,0.0
14:11:54,6368.85,6340.0,-184.8503,0.0
14:11:54,6368.85,6345.0,-44.5628,0.0
14:11:54,6368.85,6350.0,-329.5677,0.0
14:11:54,6368.85,6355.0,-37.4837,0.0
14:11:54,6368.85,6360.0,-133.2233,0.0
14:11:54,6368.85,6365.0,-30.9297,0.0
14:11:54,6368.85,6370.0,-398.7921,0.0
14:11:54,6368.85,6375.0,-170.3935,0.0
14:11:54,6368.85,6380.0,-158.4019,0.0
14:11:54,6368.85,6385.0,-73.1164,0.0
14:11:54,6368.85,6390.0,-127.3634,0.0
14:11:54,6368.85,6395.0,-71.0396,0.0
14:11:54,6368.85,6400.0,-462.0278,0.0
14:11:54,6368.85,6405.0,-42.6741,0.0
14:11:54,6368.85,6410.0,-42.3609,0.0
14:11:54,6368.85,6415.0,-17.4323,0.0
14:11:54,6368.85,6420.0,-94.9783,0.0
14:11:54,6368.85,6425.0,-80.0641,0.0
14:11:54,6368.85,6430.0,39.4818,0.0
14:11:54,6368.85,6435.0,-15.8232,0.0
14:11:54,6368.85,6440.0,-188.1426,0.0
14:14:04,6368.85,6295.0,-35.3533,0.0
14:14:04,6368.85,6300.0,-464.5075,0.0
14:14:04,6368.85,6305.0,-22.9469,0.0
14:14:04,6368.85,6310.0,-315.7645,0.0
14:14:04,6368.85,6315.0,-44.1697,0.0
14:14:04,6368.85,6320.0,-55.1607,0.0
14:14:04,6368.85,6325.0,-199.6208,0.0
14:14:04,6368.85,6330.0,-36.5612,0.0
14:14:04,6368.85,6335.0,-21.0407,0.0
14:14:04,6368.85,6340.0,-184.8503,0.0
14:14:04,6368.85,6345.0,-44.5628,0.0
14:14:04,6368.85,6350.0,-329.5677,0.0
14:14:04,6368.85,6355.0,-37.4837,0.0
14:14:04,6368.85,6360.0,-133.2233,0.0
14:14:04,6368.85,6365.0,-30.9297,0.0
14:14:04,6368.85,6370.0,-398.7921,0.0
14:14:04,6368.85,6375.0,-170.3935,0.0
14:14:04,6368.85,6380.0,-158.4019,0.0
14:14:04,6368.85,6385.0,-73.1164,0.0
14:14:04,6368.85,6390.0,-127.3634,0.0
14:14:04,6368.85,6395.0,-71.0396,0.0
14:14:04,6368.85,6400.0,-462.0278,0.0
14:14:04,6368.85,6405.0,-42.6741,0.0
14:14:04,6368.85,6410.0,-42.3609,0.0
14:14:04,6368.85,6415.0,-17.4323,0.0
14:14:04,6368.85,6420.0,-94.9783,0.0
14:14:04,6368.85,6425.0,-80.0641,0.0
14:14:04,6368.85,6430.0,39.4818,0.0
14:14:04,6368.85,6435.0,-15.8232,0.0
14:14:04,6368.85,6440.0,-188.1426,0.0
14:16:14,6368.85,6295.0,-35.3533,0.0
14:16:14,6368.85,6300.0,-464.5075,0.0
14:16:14,6368.85,6305.0,-22.9469,0.0
14:16:14,6368.85,6310.0,-315.7645,0.0
14:16:14,6368.85,6315.0,-44.1697,0.0
14:16:14,6368.85,6320.0,-55.1607,0.0
14:16:14,6368.85,6325.0,-199.6208,0.0
14:16:14,6368.85,6330.0,-36.5612,0.0
14:16:14,6368.85,6335.0,-21.0407,0.0
14:16:14,6368.85,6340.0,-184.8503,0.0
14:16:14,6368.85,6345.0,-44.5628,0.0
14:16:14,6368.85,6350.0,-329.5677,0.0
14:16:14,6368.85,6355.0,-37.4837,0.0
14:16:14,6368.85,6360.0,-133.2233,0.0
14:16:14,6368.85,6365.0,-30.9297,0.0
14:16:14,6368.85,6370.0,-398.7921,0.0
14:16:14,6368.85,6375.0,-170.3935,0.0
14:16:14,6368.85,6380.0,-158.4019,0.0
14:16:14,6368.85,6385.0,-73.1164,0.0
14:16:14,6368.85,6390.0,-127.3634,0.0
14:16:14,6368.85,6395.0,-71.0396,0.0
14:16:14,6368.85,6400.0,-462.0278,0.0
14:16:14,6368.85,6405.0,-42.6741,0.0
14:16:14,6368.85,6410.0,-42.3609,0.0
14:16:14,6368.85,6415.0,-17.4323,0.0
14:16:14,6368.85,6420.0,-94.9783,0.0
14:16:14,6368.85,6425.0,-80.0641,0.0
14:16:14,6368.85,6430.0,39.4818,0.0
14:16:14,6368.85,6435.0,-15.8232,0.0
14:16:14,6368.85,6440.0,-188.1426,0.0
14:18:23,6368.85,6295.0,-35.3533,0.0
14:18:23,6368.85,6300.0,-464.5075,0.0
14:18:23,6368.85,6305.0,-22.9469,0.0
14:18:23,6368.85,6310.0,-315.7645,0.0
14:18:23,6368.85,6315.0,-44.1697,0.0
14:18:23,6368.85,6320.0,-55.1607,0.0
14:18:23,6368.85,6325.0,-199.6208,0.0
14:18:23,6368.85,6330.0,-36.5612,0.0
14:18:23,6368.85,6335.0,-21.0407,0.0
14:18:23,6368.85,6340.0,-184.8503,0.0
14:18:23,6368.85,6345.0,-44.5628,0.0
14:18:23,6368.85,6350.0,-329.5677,0.0
14:18:23,6368.85,6355.0,-37.4837,0.0
14:18:23,6368.85,6360.0,-133.2233,0.0
14:18:23,6368.85,6365.0,-30.9297,0.0
14:18:23,6368.85,6370.0,-398.7921,0.0
14:18:23,6368.85,6375.0,-170.3935,0.0
14:18:23,6368.85,6380.0,-158.4019,0.0
14:18:23,6368.85,6385.0,-73.1164,0.0
14:18:23,6368.85,6390.0,-127.3634,0.0
14:18:23,6368.85,6395.0,-71.0396,0.0
14:18:23,6368.85,6400.0,-462.0278,0.0
14:18:23,6368.85,6405.0,-42.6741,0.0
14:18:23,6368.85,6410.0,-42.3609,0.0
14:18:23,6368.85,6415.0,-17.4323,0.0
14:18:23,6368.85,6420.0,-94.9783,0.0
14:18:23,6368.85,6425.0,-80.0641,0.0
14:18:23,6368.85,6430.0,39.4818,0.0
14:18:23,6368.85,6435.0,-15.8232,0.0
14:18:23,6368.85,6440.0,-188.1426,0.0
14:20:33,6368.85,6295.0,-35.3533,0.0
14:20:33,6368.85,6300.0,-464.5075,0.0
14:20:33,6368.85,6305.0,-22.9469,0.0
14:20:33,6368.85,6310.0,-315.7645,0.0
14:20:33,6368.85,6315.0,-44.1697,0.0
14:20:33,6368.85,6320.0,-55.1607,0.0
14:20:33,6368.85,6325.0,-199.6208,0.0
14:20:33,6368.85,6330.0,-36.5612,0.0
14:20:33,6368.85,6335.0,-21.0407,0.0
14:20:33,6368.85,6340.0,-184.8503,0.0
14:20:33,6368.85,6345.0,-44.5628,0.0
14:20:33,6368.85,6350.0,-329.5677,0.0
14:20:33,6368.85,6355.0,-37.4837,0.0
14:20:33,6368.85,6360.0,-133.2233,0.0
14:20:33,6368.85,6365.0,-30.9297,0.0
14:20:33,6368.85,6370.0,-398.7921,0.0
14:20:33,6368.85,6375.0,-170.3935,0.0
14:20:33,6368.85,6380.0,-158.4019,0.0
14:20:33,6368.85,6385.0,-73.1164,0.0
14:20:33,6368.85,6390.0,-127.3634,0.0
14:20:33,6368.85,6395.0,-71.0396,0.0
14:20:33,6368.85,6400.0,-462.0278,0.0
14:20:33,6368.85,6405.0,-42.6741,0.0
14:20:33,6368.85,6410.0,-42.3609,0.0
14:20:33,6368.85,6415.0,-17.4323,0.0
14:20:33,6368.85,6420.0,-94.9783,0.0
14:20:33,6368.85,6425.0,-80.0641,0.0
14:20:33,6368.85,6430.0,39.4818,0.0
14:20:33,6368.85,6435.0,-15.8232,0.0
14:20:33,6368.85,6440.0,-188.1426,0.0
14:22:43,6368.85,6295.0,-35.3533,0.0
14:22:43,6368.85,6300.0,-464.5075,0.0
14:22:43,6368.85,6305.0,-22.9469,0.0
14:22:43,6368.85,6310.0,-315.7645,0.0
14:22:43,6368.85,6315.0,-44.1697,0.0
14:22:43,6368.85,6320.0,-55.1607,0.0
14:22:43,6368.85,6325.0,-199.6208,0.0
14:22:43,6368.85,6330.0,-36.5612,0.0
14:22:43,6368.85,6335.0,-21.0407,0.0
14:22:43,6368.85,6340.0,-184.8503,0.0
14:22:43,6368.85,6345.0,-44.5628,0.0
14:22:43,6368.85,6350.0,-329.5677,0.0
14:22:43,6368.85,6355.0,-37.4837,0.0
14:22:43,6368.85,6360.0,-133.2233,0.0
14:22:43,6368.85,6365.0,-30.9297,0.0
14:22:43,6368.85,6370.0,-398.7921,0.0
14:22:43,6368.85,6375.0,-170.3935,0.0
14:22:43,6368.85,6380.0,-158.4019,0.0
14:22:43,6368.85,6385.0,-73.1164,0.0
14:22:43,6368.85,6390.0,-127.3634,0.0
14:22:43,6368.85,6395.0,-71.0396,0.0
14:22:43,6368.85,6400.0,-462.0278,0.0
14:22:43,6368.85,6405.0,-42.6741,0.0
14:22:43,6368.85,6410.0,-42.3609,0.0
14:22:43,6368.85,6415.0,-17.4323,0.0
14:22:43,6368.85,6420.0,-94.9783,0.0
14:22:43,6368.85,6425.0,-80.0641,0.0
14:22:43,6368.85,6430.0,39.4818,0.0
14:22:43,6368.85,6435.0,-15.8232,0.0
14:22:43,6368.85,6440.0,-188.1426,0.0
14:24:52,6368.85,6295.0,-35.3533,0.0
14:24:52,6368.85,6300.0,-464.5075,0.0
14:24:52,6368.85,6305.0,-22.9469,0.0
14:24:52,6368.85,6310.0,-315.7645,0.0
14:24:52,6368.85,6315.0,-44.1697,0.0
14:24:52,6368.85,6320.0,-55.1607,0.0
14:24:52,6368.85,6325.0,-199.6208,0.0
14:24:52,6368.85,6330.0,-36.5612,0.0
14:24:52,6368.85,6335.0,-21.0407,0.0
14:24:52,6368.85,6340.0,-184.8503,0.0
14:24:52,6368.85,6345.0,-44.5628,0.0
14:24:52,6368.85,6350.0,-329.5677,0.0
14:24:52,6368.85,6355.0,-37.4837,0.0
14:24:52,6368.85,6360.0,-133.2233,0.0
14:24:52,6368.85,6365.0,-30.9297,0.0
14:24:52,6368.85,6370.0,-398.7921,0.0
14:24:52,6368.85,6375.0,-170.3935,0.0
14:24:52,6368.85,6380.0,-158.4019,0.0
14:24:52,6368.85,6385.0,-73.1164,0.0
14:24:52,6368.85,6390.0,-127.3634,0.0
14:24:52,6368.85,6395.0,-71.0396,0.0
14:24:52,6368.85,6400.0,-462.0278,0.0
14:24:52,6368.85,6405.0,-42.6741,0.0
14:24:52,6368.85,6410.0,-42.3609,0.0
14:24:52,6368.85,6415.0,-17.4323,0.0
14:24:52,6368.85,6420.0,-94.9783,0.0
14:24:52,6368.85,6425.0,-80.0641,0.0
14:24:52,6368.85,6430.0,39.4818,0.0
14:24:52,6368.85,6435.0,-15.8232,0.0
14:24:52,6368.85,6440.0,-188.1426,0.0
14:27:02,6368.85,6295.0,-35.3533,0.0
14:27:02,6368.85,6300.0,-464.5075,0.0
14:27:02,6368.85,6305.0,-22.9469,0.0
14:27:02,6368.85,6310.0,-315.7645,0.0
14:27:02,6368.85,6315.0,-44.1697,0.0
14:27:02,6368.85,6320.0,-55.1607,0.0
14:27:02,6368.85,6325.0,-199.6208,0.0
14:27:02,6368.85,6330.0,-36.5612,0.0
14:27:02,6368.85,6335.0,-21.0407,0.0
14:27:02,6368.85,6340.0,-184.8503,0.0
14:27:02,6368.85,6345.0,-44.5628,0.0
14:27:02,6368.85,6350.0,-329.5677,0.0
14:27:02,6368.85,6355.0,-37.4837,0.0
14:27:02,6368.85,6360.0,-133.2233,0.0
14:27:02,6368.85,6365.0,-30.9297,0.0
14:27:02,6368.85,6370.0,-398.7921,0.0
14:27:02,6368.85,6375.0,-170.3935,0.0
14:27:02,6368.85,6380.0,-158.4019,0.0
14:27:02,6368.85,6385.0,-73.1164,0.0
14:27:02,6368.85,6390.0,-127.3634,0.0
14:27:02,6368.85,6395.0,-71.0396,0.0
14:27:02,6368.85,6400.0,-462.0278,0.0
14:27:02,6368.85,6405.0,-42.6741,0.0
14:27:02,6368.85,6410.0,-42.3609,0.0
14:27:02,6368.85,6415.0,-17.4323,0.0
14:27:02,6368.85,6420.0,-94.9783,0.0
14:27:02,6368.85,6425.0,-80.0641,0.0
14:27:02,6368.85,6430.0,39.4818,0.0
14:27:02,6368.85,6435.0,-15.8232,0.0
14:27:02,6368.85,6440.0,-188.1426,0.0
14:29:12,6368.85,6295.0,-35.3533,0.0
14:29:12,6368.85,6300.0,-464.5075,0.0
14:29:12,6368.85,6305.0,-22.9469,0.0
14:29:12,6368.85,6310.0,-315.7645,0.0
14:29:12,6368.85,6315.0,-44.1697,0.0
14:29:12,6368.85,6320.0,-55.1607,0.0
14:29:12,6368.85,6325.0,-199.6208,0.0
14:29:12,6368.85,6330.0,-36.5612,0.0
14:29:12,6368.85,6335.0,-21.0407,0.0
14:29:12,6368.85,6340.0,-184.8503,0.0
14:29:12,6368.85,6345.0,-44.5628,0.0
14:29:12,6368.85,6350.0,-329.5677,0.0
14:29:12,6368.85,6355.0,-37.4837,0.0
14:29:12,6368.85,6360.0,-133.2233,0.0
14:29:12,6368.85,6365.0,-30.9297,0.0
14:29:12,6368.85,6370.0,-398.7921,0.0
14:29:12,6368.85,6375.0,-170.3935,0.0
14:29:12,6368.85,6380.0,-158.4019,0.0
14:29:12,6368.85,6385.0,-73.1164,0.0
14:29:12,6368.85,6390.0,-127.3634,0.0
14:29:12,6368.85,6395.0,-71.0396,0.0
14:29:12,6368.85,6400.0,-462.0278,0.0
14:29:12,6368.85,6405.0,-42.6741,0.0
14:29:12,6368.85,6410.0,-42.3609,0.0
14:29:12,6368.85,6415.0,-17.4323,0.0
14:29:12,6368.85,6420.0,-94.9783,0.0
14:29:12,6368.85,6425.0,-80.0641,0.0
14:29:12,6368.85,6430.0,39.4818,0.0
14:29:12,6368.85,6435.0,-15.8232,0.0
14:29:12,6368.85,6440.0,-188.1426,0.0
14:31:22,6368.85,6295.0,-35.3533,0.0
14:31:22,6368.85,6300.0,-464.5075,0.0
14:31:22,6368.85,6305.0,-22.9469,0.0
14:31:22,6368.85,6310.0,-315.7645,0.0
14:31:22,6368.85,6315.0,-44.1697,0.0
14:31:22,6368.85,6320.0,-55.1607,0.0
14:31:22,6368.85,6325.0,-199.6208,0.0
14:31:22,6368.85,6330.0,-36.5612,0.0
14:31:22,6368.85,6335.0,-21.0407,0.0
14:31:22,6368.85,6340.0,-184.8503,0.0
14:31:22,6368.85,6345.0,-44.5628,0.0
14:31:22,6368.85,6350.0,-329.5677,0.0
14:31:22,6368.85,6355.0,-37.4837,0.0
14:31:22,6368.85,6360.0,-133.2233,0.0
14:31:22,6368.85,6365.0,-30.9297,0.0
14:31:22,6368.85,6370.0,-398.7921,0.0
14:31:22,6368.85,6375.0,-170.3935,0.0
14:31:22,6368.85,6380.0,-158.4019,0.0
14:31:22,6368.85,6385.0,-73.1164,0.0
14:31:22,6368.85,6390.0,-127.3634,0.0
14:31:22,6368.85,6395.0,-71.0396,0.0
14:31:22,6368.85,6400.0,-462.0278,0.0
14:31:22,6368.85,6405.0,-42.6741,0.0
14:31:22,6368.85,6410.0,-42.3609,0.0
14:31:22,6368.85,6415.0,-17.4323,0.0
14:31:22,6368.85,6420.0,-94.9783,0.0
14:31:22,6368.85,6425.0,-80.0641,0.0
14:31:22,6368.85,6430.0,39.4818,0.0
14:31:22,6368.85,6435.0,-15.8232,0.0
14:31:22,6368.85,6440.0,-188.1426,0.0
14:33:31,6368.85,6295.0,-35.3533,0.0
14:33:31,6368.85,6300.0,-464.5075,0.0
14:33:31,6368.85,6305.0,-22.9469,0.0
14:33:31,6368.85,6310.0,-315.7645,0.0
14:33:31,6368.85,6315.0,-44.1697,0.0
14:33:31,6368.85,6320.0,-55.1607,0.0
14:33:31,6368.85,6325.0,-199.6208,0.0
14:33:31,6368.85,6330.0,-36.5612,0.0
14:33:31,6368.85,6335.0,-21.0407,0.0
14:33:31,6368.85,6340.0,-184.8503,0.0
14:33:31,6368.85,6345.0,-44.5628,0.0
14:33:31,6368.85,6350.0,-329.5677,0.0
14:33:31,6368.85,6355.0,-37.4837,0.0
14:33:31,6368.85,6360.0,-133.2233,0.0
14:33:31,6368.85,6365.0,-30.9297,0.0
14:33:31,6368.85,6370.0,-398.7921,0.0
14:33:31,6368.85,6375.0,-170.3935,0.0
14:33:31,6368.85,6380.0,-158.4019,0.0
14:33:31,6368.85,6385.0,-73.1164,0.0
14:33:31,6368.85,6390.0,-127.3634,0.0
14:33:31,6368.85,6395.0,-71.0396,0.0
14:33:31,6368.85,6400.0,-462.0278,0.0
14:33:31,6368.85,6405.0,-42.6741,0.0
14:33:31,6368.85,6410.0,-42.3609,0.0
14:33:31,6368.85,6415.0,-17.4323,0.0
14:33:31,6368.85,6420.0,-94.9783,0.0
14:33:31,6368.85,6425.0,-80.0641,0.0
14:33:31,6368.85,6430.0,39.4818,0.0
14:33:31,6368.85,6435.0,-15.8232,0.0
14:33:31,6368.85,6440.0,-188.1426,0.0
14:35:41,6368.85,6295.0,-35.3533,0.0
14:35:41,6368.85,6300.0,-464.5075,0.0
14:35:41,6368.85,6305.0,-22.9469,0.0
14:35:41,6368.85,6310.0,-315.7645,0.0
14:35:41,6368.85,6315.0,-44.1697,0.0
14:35:41,6368.85,6320.0,-55.1607,0.0
14:35:41,6368.85,6325.0,-199.6208,0.0
14:35:41,6368.85,6330.0,-36.5612,0.0
14:35:41,6368.85,6335.0,-21.0407,0.0
14:35:41,6368.85,6340.0,-184.8503,0.0
14:35:41,6368.85,6345.0,-44.5628,0.0
14:35:41,6368.85,6350.0,-329.5677,0.0
14:35:41,6368.85,6355.0,-37.4837,0.0
14:35:41,6368.85,6360.0,-133.2233,0.0
14:35:41,6368.85,6365.0,-30.9297,0.0
14:35:41,6368.85,6370.0,-398.7921,0.0
14:35:41,6368.85,6375.0,-170.3935,0.0
14:35:41,6368.85,6380.0,-158.4019,0.0
14:35:41,6368.85,6385.0,-73.1164,0.0
14:35:41,6368.85,6390.0,-127.3634,0.0
14:35:41,6368.85,6395.0,-71.0396,0.0
14:35:41,6368.85,6400.0,-462.0278,0.0
14:35:41,6368.85,6405.0,-42.6741,0.0
14:35:41,6368.85,6410.0,-42.3609,0.0
14:35:41,6368.85,6415.0,-17.4323,0.0
14:35:41,6368.85,6420.0,-94.9783,0.0
14:35:41,6368.85,6425.0,-80.0641,0.0
14:35:41,6368.85,6430.0,39.4818,0.0
14:35:41,6368.85,6435.0,-15.8232,0.0
14:35:41,6368.85,6440.0,-188.1426,0.0
14:37:51,6368.85,6295.0,-35.3533,0.0
14:37:51,6368.85,6300.0,-464.5075,0.0
14:37:51,6368.85,6305.0,-22.9469,0.0
14:37:51,6368.85,6310.0,-315.7645,0.0
14:37:51,6368.85,6315.0,-44.1697,0.0
14:37:51,6368.85,6320.0,-55.1607,0.0
14:37:51,6368.85,6325.0,-199.6208,0.0
14:37:51,6368.85,6330.0,-36.5612,0.0
14:37:51,6368.85,6335.0,-21.0407,0.0
14:37:51,6368.85,6340.0,-184.8503,0.0
14:37:51,6368.85,6345.0,-44.5628,0.0
14:37:51,6368.85,6350.0,-329.5677,0.0
14:37:51,6368.85,6355.0,-37.4837,0.0
14:37:51,6368.85,6360.0,-133.2233,0.0
14:37:51,6368.85,6365.0,-30.9297,0.0
14:37:51,6368.85,6370.0,-398.7921,0.0
14:37:51,6368.85,6375.0,-170.3935,0.0
14:37:51,6368.85,6380.0,-158.4019,0.0
14:37:51,6368.85,6385.0,-73.1164,0.0
14:37:51,6368.85,6390.0,-127.3634,0.0
14:37:51,6368.85,6395.0,-71.0396,0.0
14:37:51,6368.85,6400.0,-462.0278,0.0
14:37:51,6368.85,6405.0,-42.6741,0.0
14:37:51,6368.85,6410.0,-42.3609,0.0
14:37:51,6368.85,6415.0,-17.4323,0.0
14:37:51,6368.85,6420.0,-94.9783,0.0
14:37:51,6368.85,6425.0,-80.0641,0.0
14:37:51,6368.85,6430.0,39.4818,0.0
14:37:51,6368.85,6435.0,-15.8232,0.0
14:37:51,6368.85,6440.0,-188.1426,0.0
14:40:00,6368.85,6295.0,-35.3533,0.0
14:40:00,6368.85,6300.0,-464.5075,0.0
14:40:00,6368.85,6305.0,-22.9469,0.0
14:40:00,6368.85,6310.0,-315.7645,0.0
14:40:00,6368.85,6315.0,-44.1697,0.0
14:40:00,6368.85,6320.0,-55.1607,0.0
14:40:00,6368.85,6325.0,-199.6208,0.0
14:40:00,6368.85,6330.0,-36.5612,0.0
14:40:00,6368.85,6335.0,-21.0407,0.0
14:40:00,6368.85,6340.0,-184.8503,0.0
14:40:00,6368.85,6345.0,-44.5628,0.0
14:40:00,6368.85,6350.0,-329.5677,0.0
14:40:00,6368.85,6355.0,-37.4837,0.0
14:40:00,6368.85,6360.0,-133.2233,0.0
14:40:00,6368.85,6365.0,-30.9297,0.0
14:40:00,6368.85,6370.0,-398.7921,0.0
14:40:00,6368.85,6375.0,-170.3935,0.0
14:40:00,6368.85,6380.0,-158.4019,0.0
14:40:00,6368.85,6385.0,-73.1164,0.0
14:40:00,6368.85,6390.0,-127.3634,0.0
14:40:00,6368.85,6395.0,-71.0396,0.0
14:40:00,6368.85,6400.0,-462.0278,0.0
14:40:00,6368.85,6405.0,-42.6741,0.0
14:40:00,6368.85,6410.0,-42.3609,0.0
14:40:00,6368.85,6415.0,-17.4323,0.0
14:40:00,6368.85,6420.0,-94.9783,0.0
14:40:00,6368.85,6425.0,-80.0641,0.0
14:40:00,6368.85,6430.0,39.4818,0.0
14:40:00,6368.85,6435.0,-15.8232,0.0
14:40:00,6368.85,6440.0,-188.1426,0.0
14:42:10,6368.85,6295.0,-35.3533,0.0
14:42:10,6368.85,6300.0,-464.5075,0.0
14:42:10,6368.85,6305.0,-22.9469,0.0
14:42:10,6368.85,6310.0,-315.7645,0.0
14:42:10,6368.85,6315.0,-44.1697,0.0
14:42:10,6368.85,6320.0,-55.1607,0.0
14:42:10,6368.85,6325.0,-199.6208,0.0
14:42:10,6368.85,6330.0,-36.5612,0.0
14:42:10,6368.85,6335.0,-21.0407,0.0
14:42:10,6368.85,6340.0,-184.8503,0.0
14:42:10,6368.85,6345.0,-44.5628,0.0
14:42:10,6368.85,6350.0,-329.5677,0.0
14:42:10,6368.85,6355.0,-37.4837,0.0
14:42:10,6368.85,6360.0,-133.2233,0.0
14:42:10,6368.85,6365.0,-30.9297,0.0
14:42:10,6368.85,6370.0,-398.7921,0.0
14:42:10,6368.85,6375.0,-170.3935,0.0
14:42:10,6368.85,6380.0,-158.4019,0.0
14:42:10,6368.85,6385.0,-73.1164,0.0
14:42:10,6368.85,6390.0,-127.3634,0.0
14:42:10,6368.85,6395.0,-71.0396,0.0
14:42:10,6368.85,6400.0,-462.0278,0.0
14:42:10,6368.85,6405.0,-42.6741,0.0
14:42:10,6368.85,6410.0,-42.3609,0.0
14:42:10,6368.85,6415.0,-17.4323,0.0
14:42:10,6368.85,6420.0,-94.9783,0.0
14:42:10,6368.85,6425.0,-80.0641,0.0
14:42:10,6368.85,6430.0,39.4818,0.0
14:42:10,6368.85,6435.0,-15.8232,0.0
14:42:10,6368.85,6440.0,-188.1426,0.0
14:44:20,6368.85,6295.0,-35.3533,0.0
14:44:20,6368.85,6300.0,-464.5075,0.0
14:44:20,6368.85,6305.0,-22.9469,0.0
14:44:20,6368.85,6310.0,-315.7645,0.0
14:44:20,6368.85,6315.0,-44.1697,0.0
14:44:20,6368.85,6320.0,-55.1607,0.0
14:44:20,6368.85,6325.0,-199.6208,0.0
14:44:20,6368.85,6330.0,-36.5612,0.0
14:44:20,6368.85,6335.0,-21.0407,0.0
14:44:20,6368.85,6340.0,-184.8503,0.0
14:44:20,6368.85,6345.0,-44.5628,0.0
14:44:20,6368.85,6350.0,-329.5677,0.0
14:44:20,6368.85,6355.0,-37.4837,0.0
14:44:20,6368.85,6360.0,-133.2233,0.0
14:44:20,6368.85,6365.0,-30.9297,0.0
14:44:20,6368.85,6370.0,-398.7921,0.0
14:44:20,6368.85,6375.0,-170.3935,0.0
14:44:20,6368.85,6380.0,-158.4019,0.0
14:44:20,6368.85,6385.0,-73.1164,0.0
14:44:20,6368.85,6390.0,-127.3634,0.0
14:44:20,6368.85,6395.0,-71.0396,0.0
14:44:20,6368.85,6400.0,-462.0278,0.0
14:44:20,6368.85,6405.0,-42.6741,0.0
14:44:20,6368.85,6410.0,-42.3609,0.0
14:44:20,6368.85,6415.0,-17.4323,0.0
14:44:20,6368.85,6420.0,-94.9783,0.0
14:44:20,6368.85,6425.0,-80.0641,0.0
14:44:20,6368.85,6430.0,39.4818,0.0
14:44:20,6368.85,6435.0,-15.8232,0.0
14:44:20,6368.85,6440.0,-188.1426,0.0
14:46:29,6368.85,6295.0,-35.3533,0.0
14:46:29,6368.85,6300.0,-464.5075,0.0
14:46:29,6368.85,6305.0,-22.9469,0.0
14:46:29,6368.85,6310.0,-315.7645,0.0
14:46:29,6368.85,6315.0,-44.1697,0.0
14:46:29,6368.85,6320.0,-55.1607,0.0
14:46:29,6368.85,6325.0,-199.6208,0.0
14:46:29,6368.85,6330.0,-36.5612,0.0
14:46:29,6368.85,6335.0,-21.0407,0.0
14:46:29,6368.85,6340.0,-184.8503,0.0
14:46:29,6368.85,6345.0,-44.5628,0.0
14:46:29,6368.85,6350.0,-329.5677,0.0
14:46:29,6368.85,6355.0,-37.4837,0.0
14:46:29,6368.85,6360.0,-133.2233,0.0
14:46:29,6368.85,6365.0,-30.9297,0.0
14:46:29,6368.85,6370.0,-398.7921,0.0
14:46:29,6368.85,6375.0,-170.3935,0.0
14:46:29,6368.85,6380.0,-158.4019,0.0
14:46:29,6368.85,6385.0,-73.1164,0.0
14:46:29,6368.85,6390.0,-127.3634,0.0
14:46:29,6368.85,6395.0,-71.0396,0.0
14:46:29,6368.85,6400.0,-462.0278,0.0
14:46:29,6368.85,6405.0,-42.6741,0.0
14:46:29,6368.85,6410.0,-42.3609,0.0
14:46:29,6368.85,6415.0,-17.4323,0.0
14:46:29,6368.85,6420.0,-94.9783,0.0
14:46:29,6368.85,6425.0,-80.0641,0.0
14:46:29,6368.85,6430.0,39.4818,0.0
14:46:29,6368.85,6435.0,-15.8232,0.0
14:46:29,6368.85,6440.0,-188.1426,0.0
14:48:39,6368.85,6295.0,-35.3533,0.0
14:48:39,6368.85,6300.0,-464.5075,0.0
14:48:39,6368.85,6305.0,-22.9469,0.0
14:48:39,6368.85,6310.0,-315.7645,0.0
14:48:39,6368.85,6315.0,-44.1697,0.0
14:48:39,6368.85,6320.0,-55.1607,0.0
14:48:39,6368.85,6325.0,-199.6208,0.0
14:48:39,6368.85,6330.0,-36.5612,0.0
14:48:39,6368.85,6335.0,-21.0407,0.0
14:48:39,6368.85,6340.0,-184.8503,0.0
14:48:39,6368.85,6345.0,-44.5628,0.0
14:48:39,6368.85,6350.0,-329.5677,0.0
14:48:39,6368.85,6355.0,-37.4837,0.0
14:48:39,6368.85,6360.0,-133.2233,0.0
14:48:39,6368.85,6365.0,-30.9297,0.0
14:48:39,6368.85,6370.0,-398.7921,0.0
14:48:39,6368.85,6375.0,-170.3935,0.0
14:48:39,6368.85,6380.0,-158.4019,0.0
14:48:39,6368.85,6385.0,-73.1164,0.0
14:48:39,6368.85,6390.0,-127.3634,0.0
14:48:39,6368.85,6395.0,-71.0396,0.0
14:48:39,6368.85,6400.0,-462.0278,0.0
14:48:39,6368.85,6405.0,-42.6741,0.0
14:48:39,6368.85,6410.0,-42.3609,0.0
14:48:39,6368.85,6415.0,-17.4323,0.0
14:48:39,6368.85,6420.0,-94.9783,0.0
14:48:39,6368.85,6425.0,-80.0641,0.0
14:48:39,6368.85,6430.0,39.4818,0.0
14:48:39,6368.85,6435.0,-15.8232,0.0
14:48:39,6368.85,6440.0,-188.1426,0.0
14:50:49,6368.85,6295.0,-35.3533,0.0
14:50:49,6368.85,6300.0,-464.5075,0.0
14:50:49,6368.85,6305.0,-22.9469,0.0
14:50:49,6368.85,6310.0,-315.7645,0.0
14:50:49,6368.85,6315.0,-44.1697,0.0
14:50:49,6368.85,6320.0,-55.1607,0.0
14:50:49,6368.85,6325.0,-199.6208,0.0
14:50:49,6368.85,6330.0,-36.5612,0.0
14:50:49,6368.85,6335.0,-21.0407,0.0
14:50:49,6368.85,6340.0,-184.8503,0.0
14:50:49,6368.85,6345.0,-44.5628,0.0
14:50:49,6368.85,6350.0,-329.5677,0.0
14:50:49,6368.85,6355.0,-37.4837,0.0
14:50:49,6368.85,6360.0,-133.2233,0.0
14:50:49,6368.85,6365.0,-30.9297,0.0
14:50:49,6368.85,6370.0,-398.7921,0.0
14:50:49,6368.85,6375.0,-170.3935,0.0
14:50:49,6368.85,6380.0,-158.4019,0.0
14:50:49,6368.85,6385.0,-73.1164,0.0
14:50:49,6368.85,6390.0,-127.3634,0.0
14:50:49,6368.85,6395.0,-71.0396,0.0
14:50:49,6368.85,6400.0,-462.0278,0.0
14:50:49,6368.85,6405.0,-42.6741,0.0
14:50:49,6368.85,6410.0,-42.3609,0.0
14:50:49,6368.85,6415.0,-17.4323,0.0
14:50:49,6368.85,6420.0,-94.9783,0.0
14:50:49,6368.85,6425.0,-80.0641,0.0
14:50:49,6368.85,6430.0,39.4818,0.0
14:50:49,6368.85,6435.0,-15.8232,0.0
14:50:49,6368.85,6440.0,-188.1426,0.0
14:52:59,6368.85,6295.0,-35.3533,0.0
14:52:59,6368.85,6300.0,-464.5075,0.0
14:52:59,6368.85,6305.0,-22.9469,0.0
14:52:59,6368.85,6310.0,-315.7645,0.0
14:52:59,6368.85,6315.0,-44.1697,0.0
14:52:59,6368.85,6320.0,-55.1607,0.0
14:52:59,6368.85,6325.0,-199.6208,0.0
14:52:59,6368.85,6330.0,-36.5612,0.0
14:52:59,6368.85,6335.0,-21.0407,0.0
14:52:59,6368.85,6340.0,-184.8503,0.0
14:52:59,6368.85,6345.0,-44.5628,0.0
14:52:59,6368.85,6350.0,-329.5677,0.0
14:52:59,6368.85,6355.0,-37.4837,0.0
14:52:59,6368.85,6360.0,-133.2233,0.0
14:52:59,6368.85,6365.0,-30.9297,0.0
14:52:59,6368.85,6370.0,-398.7921,0.0
14:52:59,6368.85,6375.0,-170.3935,0.0
14:52:59,6368.85,6380.0,-158.4019,0.0
14:52:59,6368.85,6385.0,-73.1164,0.0
14:52:59,6368.85,6390.0,-127.3634,0.0
14:52:59,6368.85,6395.0,-71.0396,0.0
14:52:59,6368.85,6400.0,-462.0278,0.0
14:52:59,6368.85,6405.0,-42.6741,0.0
14:52:59,6368.85,6410.0,-42.3609,0.0
14:52:59,6368.85,6415.0,-17.4323,0.0
14:52:59,6368.85,6420.0,-94.9783,0.0
14:52:59,6368.85,6425.0,-80.0641,0.0
14:52:59,6368.85,6430.0,39.4818,0.0
14:52:59,6368.85,6435.0,-15.8232,0.0
14:52:59,6368.85,6440.0,-188.1426,0.0
14:55:08,6368.85,6295.0,-35.3533,0.0
14:55:08,6368.85,6300.0,-464.5075,0.0
14:55:08,6368.85,6305.0,-22.9469,0.0
14:55:08,6368.85,6310.0,-315.7645,0.0
14:55:08,6368.85,6315.0,-44.1697,0.0
14:55:08,6368.85,6320.0,-55.1607,0.0
14:55:08,6368.85,6325.0,-199.6208,0.0
14:55:08,6368.85,6330.0,-36.5612,0.0
14:55:08,6368.85,6335.0,-21.0407,0.0
14:55:08,6368.85,6340.0,-184.8503,0.0
14:55:08,6368.85,6345.0,-44.5628,0.0
14:55:08,6368.85,6350.0,-329.5677,0.0
14:55:08,6368.85,6355.0,-37.4837,0.0
14:55:08,6368.85,6360.0,-133.2233,0.0
14:55:08,6368.85,6365.0,-30.9297,0.0
14:55:08,6368.85,6370.0,-398.7921,0.0
14:55:08,6368.85,6375.0,-170.3935,0.0
14:55:08,6368.85,6380.0,-158.4019,0.0
14:55:08,6368.85,6385.0,-73.1164,0.0
14:55:08,6368.85,6390.0,-127.3634,0.0
14:55:08,6368.85,6395.0,-71.0396,0.0
14:55:08,6368.85,6400.0,-462.0278,0.0
14:55:08,6368.85,6405.0,-42.6741,0.0
14:55:08,6368.85,6410.0,-42.3609,0.0
14:55:08,6368.85,6415.0,-17.4323,0.0
14:55:08,6368.85,6420.0,-94.9783,0.0
14:55:08,6368.85,6425.0,-80.0641,0.0
14:55:08,6368.85,6430.0,39.4818,0.0
14:55:08,6368.85,6435.0,-15.8232,0.0
14:55:08,6368.85,6440.0,-188.1426,0.0
14:57:18,6368.85,6295.0,-35.3533,0.0
14:57:18,6368.85,6300.0,-464.5075,0.0
14:57:18,6368.85,6305.0,-22.9469,0.0
14:57:18,6368.85,6310.0,-315.7645,0.0
14:57:18,6368.85,6315.0,-44.1697,0.0
14:57:18,6368.85,6320.0,-55.1607,0.0
14:57:18,6368.85,6325.0,-199.6208,0.0
14:57:18,6368.85,6330.0,-36.5612,0.0
14:57:18,6368.85,6335.0,-21.0407,0.0
14:57:18,6368.85,6340.0,-184.8503,0.0
14:57:18,6368.85,6345.0,-44.5628,0.0
14:57:18,6368.85,6350.0,-329.5677,0.0
14:57:18,6368.85,6355.0,-37.4837,0.0
14:57:18,6368.85,6360.0,-133.2233,0.0
14:57:18,6368.85,6365.0,-30.9297,0.0
14:57:18,6368.85,6370.0,-398.7921,0.0
14:57:18,6368.85,6375.0,-170.3935,0.0
14:57:18,6368.85,6380.0,-158.4019,0.0
14:57:18,6368.85,6385.0,-73.1164,0.0
14:57:18,6368.85,6390.0,-127.3634,0.0
14:57:18,6368.85,6395.0,-71.0396,0.0
14:57:18,6368.85,6400.0,-462.0278,0.0
14:57:18,6368.85,6405.0,-42.6741,0.0
14:57:18,6368.85,6410.0,-42.3609,0.0
14:57:18,6368.85,6415.0,-17.4323,0.0
14:57:18,6368.85,6420.0,-94.9783,0.0
14:57:18,6368.85,6425.0,-80.0641,0.0
14:57:18,6368.85,6430.0,39.4818,0.0
14:57:18,6368.85,6435.0,-15.8232,0.0
14:57:18,6368.85,6440.0,-188.1426,0.0
14:59:28,6368.85,6295.0,-35.3533,0.0
14:59:28,6368.85,6300.0,-464.5075,0.0
14:59:28,6368.85,6305.0,-22.9469,0.0
14:59:28,6368.85,6310.0,-315.7645,0.0
14:59:28,6368.85,6315.0,-44.1697,0.0
14:59:28,6368.85,6320.0,-55.1607,0.0
14:59:28,6368.85,6325.0,-199.6208,0.0
14:59:28,6368.85,6330.0,-36.5612,0.0
14:59:28,6368.85,6335.0,-21.0407,0.0
14:59:28,6368.85,6340.0,-184.8503,0.0
14:59:28,6368.85,6345.0,-44.5628,0.0
14:59:28,6368.85,6350.0,-329.5677,0.0
14:59:28,6368.85,6355.0,-37.4837,0.0
14:59:28,6368.85,6360.0,-133.2233,0.0
14:59:28,6368.85,6365.0,-30.9297,0.0
14:59:28,6368.85,6370.0,-398.7921,0.0
14:59:28,6368.85,6375.0,-170.3935,0.0
14:59:28,6368.85,6380.0,-158.4019,0.0
14:59:28,6368.85,6385.0,-73.1164,0.0
14:59:28,6368.85,6390.0,-127.3634,0.0
14:59:28,6368.85,6395.0,-71.0396,0.0
14:59:28,6368.85,6400.0,-462.0278,0.0
14:59:28,6368.85,6405.0,-42.6741,0.0
14:59:28,6368.85,6410.0,-42.3609,0.0
14:59:28,6368.85,6415.0,-17.4323,0.0
14:59:28,6368.85,6420.0,-94.9783,0.0
14:59:28,6368.85,6425.0,-80.0641,0.0
14:59:28,6368.85,6430.0,39.4818,0.0
14:59:28,6368.85,6435.0,-15.8232,0.0
14:59:28,6368.85,6440.0,-188.1426,0.0
15:01:37,6368.85,6295.0,-35.3533,0.0
15:01:37,6368.85,6300.0,-464.5075,0.0
15:01:37,6368.85,6305.0,-22.9469,0.0
15:01:37,6368.85,6310.0,-315.7645,0.0
15:01:37,6368.85,6315.0,-44.1697,0.0
15:01:37,6368.85,6320.0,-55.1607,0.0
15:01:37,6368.85,6325.0,-199.6208,0.0
15:01:37,6368.85,6330.0,-36.5612,0.0
15:01:37,6368.85,6335.0,-21.0407,0.0
15:01:37,6368.85,6340.0,-184.8503,0.0
15:01:37,6368.85,6345.0,-44.5628,0.0
15:01:37,6368.85,6350.0,-329.5677,0.0
15:01:37,6368.85,6355.0,-37.4837,0.0
15:01:37,6368.85,6360.0,-133.2233,0.0
15:01:37,6368.85,6365.0,-30.9297,0.0
15:01:37,6368.85,6370.0,-398.7921,0.0
15:01:37,6368.85,6375.0,-170.3935,0.0
15:01:37,6368.85,6380.0,-158.4019,0.0
15:01:37,6368.85,6385.0,-73.1164,0.0
15:01:37,6368.85,6390.0,-127.3634,0.0
15:01:37,6368.85,6395.0,-71.0396,0.0
15:01:37,6368.85,6400.0,-462.0278,0.0
15:01:37,6368.85,6405.0,-42.6741,0.0
15:01:37,6368.85,6410.0,-42.3609,0.0
15:01:37,6368.85,6415.0,-17.4323,0.0
15:01:37,6368.85,6420.0,-94.9783,0.0
15:01:37,6368.85,6425.0,-80.0641,0.0
15:01:37,6368.85,6430.0,39.4818,0.0
15:01:37,6368.85,6435.0,-15.8232,0.0
15:01:37,6368.85,6440.0,-188.1426,0.0
15:03:47,6368.85,6295.0,-35.3533,0.0
15:03:47,6368.85,6300.0,-464.5075,0.0
15:03:47,6368.85,6305.0,-22.9469,0.0
15:03:47,6368.85,6310.0,-315.7645,0.0
15:03:47,6368.85,6315.0,-44.1697,0.0
15:03:47,6368.85,6320.0,-55.1607,0.0
15:03:47,6368.85,6325.0,-199.6208,0.0
15:03:47,6368.85,6330.0,-36.5612,0.0
15:03:47,6368.85,6335.0,-21.0407,0.0
15:03:47,6368.85,6340.0,-184.8503,0.0
15:03:47,6368.85,6345.0,-44.5628,0.0
15:03:47,6368.85,6350.0,-329.5677,0.0
15:03:47,6368.85,6355.0,-37.4837,0.0
15:03:47,6368.85,6360.0,-133.2233,0.0
15:03:47,6368.85,6365.0,-30.9297,0.0
15:03:47,6368.85,6370.0,-398.7921,0.0
15:03:47,6368.85,6375.0,-170.3935,0.0
15:03:47,6368.85,6380.0,-158.4019,0.0
15:03:47,6368.85,6385.0,-73.1164,0.0
15:03:47,6368.85,6390.0,-127.3634,0.0
15:03:47,6368.85,6395.0,-71.0396,0.0
15:03:47,6368.85,6400.0,-462.0278,0.0
15:03:47,6368.85,6405.0,-42.6741,0.0
15:03:47,6368.85,6410.0,-42.3609,0.0
15:03:47,6368.85,6415.0,-17.4323,0.0
15:03:47,6368.85,6420.0,-94.9783,0.0
15:03:47,6368.85,6425.0,-80.0641,0.0
15:03:47,6368.85,6430.0,39.4818,0.0
15:03:47,6368.85,6435.0,-15.8232,0.0
15:03:47,6368.85,6440.0,-188.1426,0.0
15:05:57,6368.85,6295.0,-35.3533,0.0
15:05:57,6368.85,6300.0,-464.5075,0.0
15:05:57,6368.85,6305.0,-22.9469,0.0
15:05:57,6368.85,6310.0,-315.7645,0.0
15:05:57,6368.85,6315.0,-44.1697,0.0
15:05:57,6368.85,6320.0,-55.1607,0.0
15:05:57,6368.85,6325.0,-199.6208,0.0
15:05:57,6368.85,6330.0,-36.5612,0.0
15:05:57,6368.85,6335.0,-21.0407,0.0
15:05:57,6368.85,6340.0,-184.8503,0.0
15:05:57,6368.85,6345.0,-44.5628,0.0
15:05:57,6368.85,6350.0,-329.5677,0.0
15:05:57,6368.85,6355.0,-37.4837,0.0
15:05:57,6368.85,6360.0,-133.2233,0.0
15:05:57,6368.85,6365.0,-30.9297,0.0
15:05:57,6368.85,6370.0,-398.7921,0.0
15:05:57,6368.85,6375.0,-170.3935,0.0
15:05:57,6368.85,6380.0,-158.4019,0.0
15:05:57,6368.85,6385.0,-73.1164,0.0
15:05:57,6368.85,6390.0,-127.3634,0.0
15:05:57,6368.85,6395.0,-71.0396,0.0
15:05:57,6368.85,6400.0,-462.0278,0.0
15:05:57,6368.85,6405.0,-42.6741,0.0
15:05:57,6368.85,6410.0,-42.3609,0.0
15:05:57,6368.85,6415.0,-17.4323,0.0
15:05:57,6368.85,6420.0,-94.9783,0.0
15:05:57,6368.85,6425.0,-80.0641,0.0
15:05:57,6368.85,6430.0,39.4818,0.0
15:05:57,6368.85,6435.0,-15.8232,0.0
15:05:57,6368.85,6440.0,-188.1426,0.0
15:08:06,6368.85,6295.0,-35.3533,0.0
15:08:06,6368.85,6300.0,-464.5075,0.0
15:08:06,6368.85,6305.0,-22.9469,0.0
15:08:06,6368.85,6310.0,-315.7645,0.0
15:08:06,6368.85,6315.0,-44.1697,0.0
15:08:06,6368.85,6320.0,-55.1607,0.0
15:08:06,6368.85,6325.0,-199.6208,0.0
15:08:06,6368.85,6330.0,-36.5612,0.0
15:08:06,6368.85,6335.0,-21.0407,0.0
15:08:06,6368.85,6340.0,-184.8503,0.0
15:08:06,6368.85,6345.0,-44.5628,0.0
15:08:06,6368.85,6350.0,-329.5677,0.0
15:08:06,6368.85,6355.0,-37.4837,0.0
15:08:06,6368.85,6360.0,-133.2233,0.0
15:08:06,6368.85,6365.0,-30.9297,0.0
15:08:06,6368.85,6370.0,-398.7921,0.0
15:08:06,6368.85,6375.0,-170.3935,0.0
15:08:06,6368.85,6380.0,-158.4019,0.0
15:08:06,6368.85,6385.0,-73.1164,0.0
15:08:06,6368.85,6390.0,-127.3634,0.0
15:08:06,6368.85,6395.0,-71.0396,0.0
15:08:06,6368.85,6400.0,-462.0278,0.0
15:08:06,6368.85,6405.0,-42.6741,0.0
15:08:06,6368.85,6410.0,-42.3609,0.0
15:08:06,6368.85,6415.0,-17.4323,0.0
15:08:06,6368.85,6420.0,-94.9783,0.0
15:08:06,6368.85,6425.0,-80.0641,0.0
15:08:06,6368.85,6430.0,39.4818,0.0
15:08:06,6368.85,6435.0,-15.8232,0.0
15:08:06,6368.85,6440.0,-188.1426,0.0
15:10:16,6368.85,6295.0,-35.3533,0.0
15:10:16,6368.85,6300.0,-464.5075,0.0
15:10:16,6368.85,6305.0,-22.9469,0.0
15:10:16,6368.85,6310.0,-315.7645,0.0
15:10:16,6368.85,6315.0,-44.1697,0.0
15:10:16,6368.85,6320.0,-55.1607,0.0
15:10:16,6368.85,6325.0,-199.6208,0.0
15:10:16,6368.85,6330.0,-36.5612,0.0
15:10:16,6368.85,6335.0,-21.0407,0.0
15:10:16,6368.85,6340.0,-184.8503,0.0
15:10:16,6368.85,6345.0,-44.5628,0.0
15:10:16,6368.85,6350.0,-329.5677,0.0
15:10:16,6368.85,6355.0,-37.4837,0.0
15:10:16,6368.85,6360.0,-133.2233,0.0
15:10:16,6368.85,6365.0,-30.9297,0.0
15:10:16,6368.85,6370.0,-398.7921,0.0
15:10:16,6368.85,6375.0,-170.3935,0.0
15:10:16,6368.85,6380.0,-158.4019,0.0
15:10:16,6368.85,6385.0,-73.1164,0.0
15:10:16,6368.85,6390.0,-127.3634,0.0
15:10:16,6368.85,6395.0,-71.0396,0.0
15:10:16,6368.85,6400.0,-462.0278,0.0
15:10:16,6368.85,6405.0,-42.6741,0.0
15:10:16,6368.85,6410.0,-42.3609,0.0
15:10:16,6368.85,6415.0,-17.4323,0.0
15:10:16,6368.85,6420.0,-94.9783,0.0
15:10:16,6368.85,6425.0,-80.0641,0.0
15:10:16,6368.85,6430.0,39.4818,0.0
15:10:16,6368.85,6435.0,-15.8232,0.0
15:10:16,6368.85,6440.0,-188.1426,0.0
15:12:26,6368.85,6295.0,-35.3533,0.0
15:12:26,6368.85,6300.0,-464.5075,0.0
15:12:26,6368.85,6305.0,-22.9469,0.0
15:12:26,6368.85,6310.0,-315.7645,0.0
15:12:26,6368.85,6315.0,-44.1697,0.0
15:12:26,6368.85,6320.0,-55.1607,0.0
15:12:26,6368.85,6325.0,-199.6208,0.0
15:12:26,6368.85,6330.0,-36.5612,0.0
15:12:26,6368.85,6335.0,-21.0407,0.0
15:12:26,6368.85,6340.0,-184.8503,0.0
15:12:26,6368.85,6345.0,-44.5628,0.0
15:12:26,6368.85,6350.0,-329.5677,0.0
15:12:26,6368.85,6355.0,-37.4837,0.0
15:12:26,6368.85,6360.0,-133.2233,0.0
15:12:26,6368.85,6365.0,-30.9297,0.0
15:12:26,6368.85,6370.0,-398.7921,0.0
15:12:26,6368.85,6375.0,-170.3935,0.0
15:12:26,6368.85,6380.0,-158.4019,0.0
15:12:26,6368.85,6385.0,-73.1164,0.0
15:12:26,6368.85,6390.0,-127.3634,0.0
15:12:26,6368.85,6395.0,-71.0396,0.0
15:12:26,6368.85,6400.0,-462.0278,0.0
15:12:26,6368.85,6405.0,-42.6741,0.0
15:12:26,6368.85,6410.0,-42.3609,0.0
15:12:26,6368.85,6415.0,-17.4323,0.0
15:12:26,6368.85,6420.0,-94.9783,0.0
15:12:26,6368.85,6425.0,-80.0641,0.0
15:12:26,6368.85,6430.0,39.4818,0.0
15:12:26,6368.85,6435.0,-15.8232,0.0
15:12:26,6368.85,6440.0,-188.1426,0.0
15:14:36,6368.85,6295.0,-35.3533,0.0
15:14:36,6368.85,6300.0,-464.5075,0.0
15:14:36,6368.85,6305.0,-22.9469,0.0
15:14:36,6368.85,6310.0,-315.7645,0.0
15:14:36,6368.85,6315.0,-44.1697,0.0
15:14:36,6368.85,6320.0,-55.1607,0.0
15:14:36,6368.85,6325.0,-199.6208,0.0
15:14:36,6368.85,6330.0,-36.5612,0.0
15:14:36,6368.85,6335.0,-21.0407,0.0
15:14:36,6368.85,6340.0,-184.8503,0.0
15:14:36,6368.85,6345.0,-44.5628,0.0
15:14:36,6368.85,6350.0,-329.5677,0.0
15:14:36,6368.85,6355.0,-37.4837,0.0
15:14:36,6368.85,6360.0,-133.2233,0.0
15:14:36,6368.85,6365.0,-30.9297,0.0
15:14:36,6368.85,6370.0,-398.7921,0.0
15:14:36,6368.85,6375.0,-170.3935,0.0
15:14:36,6368.85,6380.0,-158.4019,0.0
15:14:36,6368.85,6385.0,-73.1164,0.0
15:14:36,6368.85,6390.0,-127.3634,0.0
15:14:36,6368.85,6395.0,-71.0396,0.0
15:14:36,6368.85,6400.0,-462.0278,0.0
15:14:36,6368.85,6405.0,-42.6741,0.0
15:14:36,6368.85,6410.0,-42.3609,0.0
15:14:36,6368.85,6415.0,-17.4323,0.0
15:14:36,6368.85,6420.0,-94.9783,0.0
15:14:36,6368.85,6425.0,-80.0641,0.0
15:14:36,6368.85,6430.0,39.4818,0.0
15:14:36,6368.85,6435.0,-15.8232,0.0
15:14:36,6368.85,6440.0,-188.1426,0.0
15:16:45,6368.85,6295.0,-35.3533,0.0
15:16:45,6368.85,6300.0,-464.5075,0.0
15:16:45,6368.85,6305.0,-22.9469,0.0
15:16:45,6368.85,6310.0,-315.7645,0.0
15:16:45,6368.85,6315.0,-44.1697,0.0
15:16:45,6368.85,6320.0,-55.1607,0.0
15:16:45,6368.85,6325.0,-199.6208,0.0
15:16:45,6368.85,6330.0,-36.5612,0.0
15:16:45,6368.85,6335.0,-21.0407,0.0
15:16:45,6368.85,6340.0,-184.8503,0.0
15:16:45,6368.85,6345.0,-44.5628,0.0
15:16:45,6368.85,6350.0,-329.5677,0.0
15:16:45,6368.85,6355.0,-37.4837,0.0
15:16:45,6368.85,6360.0,-133.2233,0.0
15:16:45,6368.85,6365.0,-30.9297,0.0
15:16:45,6368.85,6370.0,-398.7921,0.0
15:16:45,6368.85,6375.0,-170.3935,0.0
15:16:45,6368.85,6380.0,-158.4019,0.0
15:16:45,6368.85,6385.0,-73.1164,0.0
15:16:45,6368.85,6390.0,-127.3634,0.0
15:16:45,6368.85,6395.0,-71.0396,0.0
15:16:45,6368.85,6400.0,-462.0278,0.0
15:16:45,6368.85,6405.0,-42.6741,0.0
15:16:45,6368.85,6410.0,-42.3609,0.0
15:16:45,6368.85,6415.0,-17.4323,0.0
15:16:45,6368.85,6420.0,-94.9783,0.0
15:16:45,6368.85,6425.0,-80.0641,0.0
15:16:45,6368.85,6430.0,39.4818,0.0
15:16:45,6368.85,6435.0,-15.8232,0.0
15:16:45,6368.85,6440.0,-188.1426,0.0
15:18:55,6368.85,6295.0,-35.3533,0.0
15:18:55,6368.85,6300.0,-464.5075,0.0
15:18:55,6368.85,6305.0,-22.9469,0.0
15:18:55,6368.85,6310.0,-315.7645,0.0
15:18:55,6368.85,6315.0,-44.1697,0.0
15:18:55,6368.85,6320.0,-55.1607,0.0
15:18:55,6368.85,6325.0,-199.6208,0.0
15:18:55,6368.85,6330.0,-36.5612,0.0
15:18:55,6368.85,6335.0,-21.0407,0.0
15:18:55,6368.85,6340.0,-184.8503,0.0
15:18:55,6368.85,6345.0,-44.5628,0.0
15:18:55,6368.85,6350.0,-329.5677,0.0
15:18:55,6368.85,6355.0,-37.4837,0.0
15:18:55,6368.85,6360.0,-133.2233,0.0
15:18:55,6368.85,6365.0,-30.9297,0.0
15:18:55,6368.85,6370.0,-398.7921,0.0
15:18:55,6368.85,6375.0,-170.3935,0.0
15:18:55,6368.85,6380.0,-158.4019,0.0
15:18:55,6368.85,6385.0,-73.1164,0.0
15:18:55,6368.85,6390.0,-127.3634,0.0
15:18:55,6368.85,6395.0,-71.0396,0.0
15:18:55,6368.85,6400.0,-462.0278,0.0
15:18:55,6368.85,6405.0,-42.6741,0.0
15:18:55,6368.85,6410.0,-42.3609,0.0
15:18:55,6368.85,6415.0,-17.4323,0.0
15:18:55,6368.85,6420.0,-94.9783,0.0
15:18:55,6368.85,6425.0,-80.0641,0.0
15:18:55,6368.85,6430.0,39.4818,0.0
15:18:55,6368.85,6435.0,-15.8232,0.0
15:18:55,6368.85,6440.0,-188.1426,0.0
15:21:05,6368.85,6295.0,-35.3533,0.0
15:21:05,6368.85,6300.0,-464.5075,0.0
15:21:05,6368.85,6305.0,-22.9469,0.0
15:21:05,6368.85,6310.0,-315.7645,0.0
15:21:05,6368.85,6315.0,-44.1697,0.0
15:21:05,6368.85,6320.0,-55.1607,0.0
15:21:05,6368.85,6325.0,-199.6208,0.0
15:21:05,6368.85,6330.0,-36.5612,0.0
15:21:05,6368.85,6335.0,-21.0407,0.0
15:21:05,6368.85,6340.0,-184.8503,0.0
15:21:05,6368.85,6345.0,-44.5628,0.0
15:21:05,6368.85,6350.0,-329.5677,0.0
15:21:05,6368.85,6355.0,-37.4837,0.0
15:21:05,6368.85,6360.0,-133.2233,0.0
15:21:05,6368.85,6365.0,-30.9297,0.0
15:21:05,6368.85,6370.0,-398.7921,0.0
15:21:05,6368.85,6375.0,-170.3935,0.0
15:21:05,6368.85,6380.0,-158.4019,0.0
15:21:05,6368.85,6385.0,-73.1164,0.0
15:21:05,6368.85,6390.0,-127.3634,0.0
15:21:05,6368.85,6395.0,-71.0396,0.0
15:21:05,6368.85,6400.0,-462.0278,0.0
15:21:05,6368.85,6405.0,-42.6741,0.0
15:21:05,6368.85,6410.0,-42.3609,0.0
15:21:05,6368.85,6415.0,-17.4323,0.0
15:21:05,6368.85,6420.0,-94.9783,0.0
15:21:05,6368.85,6425.0,-80.0641,0.0
15:21:05,6368.85,6430.0,39.4818,0.0
15:21:05,6368.85,6435.0,-15.8232,0.0
15:21:05,6368.85,6440.0,-188.1426,0.0
15:23:14,6368.85,6295.0,-35.3533,0.0
15:23:14,6368.85,6300.0,-464.5075,0.0
15:23:14,6368.85,6305.0,-22.9469,0.0
15:23:14,6368.85,6310.0,-315.7645,0.0
15:23:14,6368.85,6315.0,-44.1697,0.0
15:23:14,6368.85,6320.0,-55.1607,0.0
15:23:14,6368.85,6325.0,-199.6208,0.0
15:23:14,6368.85,6330.0,-36.5612,0.0
15:23:14,6368.85,6335.0,-21.0407,0.0
15:23:14,6368.85,6340.0,-184.8503,0.0
15:23:14,6368.85,6345.0,-44.5628,0.0
15:23:14,6368.85,6350.0,-329.5677,0.0
15:23:14,6368.85,6355.0,-37.4837,0.0
15:23:14,6368.85,6360.0,-133.2233,0.0
15:23:14,6368.85,6365.0,-30.9297,0.0
15:23:14,6368.85,6370.0,-398.7921,0.0
15:23:14,6368.85,6375.0,-170.3935,0.0
15:23:14,6368.85,6380.0,-158.4019,0.0
15:23:14,6368.85,6385.0,-73.1164,0.0
15:23:14,6368.85,6390.0,-127.3634,0.0
15:23:14,6368.85,6395.0,-71.0396,0.0
15:23:14,6368.85,6400.0,-462.0278,0.0
15:23:14,6368.85,6405.0,-42.6741,0.0
15:23:14,6368.85,6410.0,-42.3609,0.0
15:23:14,6368.85,6415.0,-17.4323,0.0
15:23:14,6368.85,6420.0,-94.9783,0.0
15:23:14,6368.85,6425.0,-80.0641,0.0
15:23:14,6368.85,6430.0,39.4818,0.0
15:23:14,6368.85,6435.0,-15.8232,0.0
15:23:14,6368.85,6440.0,-188.1426,0.0
15:25:24,6368.85,6295.0,-35.3533,0.0
15:25:24,6368.85,6300.0,-464.5075,0.0
15:25:24,6368.85,6305.0,-22.9469,0.0
15:25:24,6368.85,6310.0,-315.7645,0.0
15:25:24,6368.85,6315.0,-44.1697,0.0
15:25:24,6368.85,6320.0,-55.1607,0.0
15:25:24,6368.85,6325.0,-199.6208,0.0
15:25:24,6368.85,6330.0,-36.5612,0.0
15:25:24,6368.85,6335.0,-21.0407,0.0
15:25:24,6368.85,6340.0,-184.8503,0.0
15:25:24,6368.85,6345.0,-44.5628,0.0
15:25:24,6368.85,6350.0,-329.5677,0.0
15:25:24,6368.85,6355.0,-37.4837,0.0
15:25:24,6368.85,6360.0,-133.2233,0.0
15:25:24,6368.85,6365.0,-30.9297,0.0
15:25:24,6368.85,6370.0,-398.7921,0.0
15:25:24,6368.85,6375.0,-170.3935,0.0
15:25:24,6368.85,6380.0,-158.4019,0.0
15:25:24,6368.85,6385.0,-73.1164,0.0
15:25:24,6368.85,6390.0,-127.3634,0.0
15:25:24,6368.85,6395.0,-71.0396,0.0
15:25:24,6368.85,6400.0,-462.0278,0.0
15:25:24,6368.85,6405.0,-42.6741,0.0
15:25:24,6368.85,6410.0,-42.3609,0.0
15:25:24,6368.85,6415.0,-17.4323,0.0
15:25:24,6368.85,6420.0,-94.9783,0.0
15:25:24,6368.85,6425.0,-80.0641,0.0
15:25:24,6368.85,6430.0,39.4818,0.0
15:25:24,6368.85,6435.0,-15.8232,0.0
15:25:24,6368.85,6440.0,-188.1426,0.0
15:27:34,6368.85,6295.0,-35.3533,0.0
15:27:34,6368.85,6300.0,-464.5075,0.0
15:27:34,6368.85,6305.0,-22.9469,0.0
15:27:34,6368.85,6310.0,-315.7645,0.0
15:27:34,6368.85,6315.0,-44.1697,0.0
15:27:34,6368.85,6320.0,-55.1607,0.0
15:27:34,6368.85,6325.0,-199.6208,0.0
15:27:34,6368.85,6330.0,-36.5612,0.0
15:27:34,6368.85,6335.0,-21.0407,0.0
15:27:34,6368.85,6340.0,-184.8503,0.0
15:27:34,6368.85,6345.0,-44.5628,0.0
15:27:34,6368.85,6350.0,-329.5677,0.0
15:27:34,6368.85,6355.0,-37.4837,0.0
15:27:34,6368.85,6360.0,-133.2233,0.0
15:27:34,6368.85,6365.0,-30.9297,0.0
15:27:34,6368.85,6370.0,-398.7921,0.0
15:27:34,6368.85,6375.0,-170.3935,0.0
15:27:34,6368.85,6380.0,-158.4019,0.0
15:27:34,6368.85,6385.0,-73.1164,0.0
15:27:34,6368.85,6390.0,-127.3634,0.0
15:27:34,6368.85,6395.0,-71.0396,0.0
15:27:34,6368.85,6400.0,-462.0278,0.0
15:27:34,6368.85,6405.0,-42.6741,0.0
15:27:34,6368.85,6410.0,-42.3609,0.0
15:27:34,6368.85,6415.0,-17.4323,0.0
15:27:34,6368.85,6420.0,-94.9783,0.0
15:27:34,6368.85,6425.0,-80.0641,0.0
15:27:34,6368.85,6430.0,39.4818,0.0
15:27:34,6368.85,6435.0,-15.8232,0.0
15:27:34,6368.85,6440.0,-188.1426,0.0
15:29:43,6368.85,6295.0,-35.3533,0.0
15:29:43,6368.85,6300.0,-464.5075,0.0
15:29:43,6368.85,6305.0,-22.9469,0.0
15:29:43,6368.85,6310.0,-315.7645,0.0
15:29:43,6368.85,6315.0,-44.1697,0.0
15:29:43,6368.85,6320.0,-55.1607,0.0
15:29:43,6368.85,6325.0,-199.6208,0.0
15:29:43,6368.85,6330.0,-36.5612,0.0
15:29:43,6368.85,6335.0,-21.0407,0.0
15:29:43,6368.85,6340.0,-184.8503,0.0
15:29:43,6368.85,6345.0,-44.5628,0.0
15:29:43,6368.85,6350.0,-329.5677,0.0
15:29:43,6368.85,6355.0,-37.4837,0.0
15:29:43,6368.85,6360.0,-133.2233,0.0
15:29:43,6368.85,6365.0,-30.9297,0.0
15:29:43,6368.85,6370.0,-398.7921,0.0
15:29:43,6368.85,6375.0,-170.3935,0.0
15:29:43,6368.85,6380.0,-158.4019,0.0
15:29:43,6368.85,6385.0,-73.1164,0.0
15:29:43,6368.85,6390.0,-127.3634,0.0
15:29:43,6368.85,6395.0,-71.0396,0.0
15:29:43,6368.85,6400.0,-462.0278,0.0
15:29:43,6368.85,6405.0,-42.6741,0.0
15:29:43,6368.85,6410.0,-42.3609,0.0
15:29:43,6368.85,6415.0,-17.4323,0.0
15:29:43,6368.85,6420.0,-94.9783,0.0
15:29:43,6368.85,6425.0,-80.0641,0.0
15:29:43,6368.85,6430.0,39.4818,0.0
15:29:43,6368.85,6435.0,-15.8232,0.0
15:29:43,6368.85,6440.0,-188.1426,0.0
15:31:53,6368.85,6295.0,-35.3533,0.0
15:31:53,6368.85,6300.0,-464.5075,0.0
15:31:53,6368.85,6305.0,-22.9469,0.0
15:31:53,6368.85,6310.0,-315.7645,0.0
15:31:53,6368.85,6315.0,-44.1697,0.0
15:31:53,6368.85,6320.0,-55.1607,0.0
15:31:53,6368.85,6325.0,-199.6208,0.0
15:31:53,6368.85,6330.0,-36.5612,0.0
15:31:53,6368.85,6335.0,-21.0407,0.0
15:31:53,6368.85,6340.0,-184.8503,0.0
15:31:53,6368.85,6345.0,-44.5628,0.0
15:31:53,6368.85,6350.0,-329.5677,0.0
15:31:53,6368.85,6355.0,-37.4837,0.0
15:31:53,6368.85,6360.0,-133.2233,0.0
15:31:53,6368.85,6365.0,-30.9297,0.0
15:31:53,6368.85,6370.0,-398.7921,0.0
15:31:53,6368.85,6375.0,-170.3935,0.0
15:31:53,6368.85,6380.0,-158.4019,0.0
15:31:53,6368.85,6385.0,-73.1164,0.0
15:31:53,6368.85,6390.0,-127.3634,0.0
15:31:53,6368.85,6395.0,-71.0396,0.0
15:31:53,6368.85,6400.0,-462.0278,0.0
15:31:53,6368.85,6405.0,-42.6741,0.0
15:31:53,6368.85,6410.0,-42.3609,0.0
15:31:53,6368.85,6415.0,-17.4323,0.0
15:31:53,6368.85,6420.0,-94.9783,0.0
15:31:53,6368.85,6425.0,-80.0641,0.0
15:31:53,6368.85,6430.0,39.4818,0.0
15:31:53,6368.85,6435.0,-15.8232,0.0
15:31:53,6368.85,6440.0,-188.1426,0.0
15:34:03,6368.85,6295.0,-35.3533,0.0
15:34:03,6368.85,6300.0,-464.5075,0.0
15:34:03,6368.85,6305.0,-22.9469,0.0
15:34:03,6368.85,6310.0,-315.7645,0.0
15:34:03,6368.85,6315.0,-44.1697,0.0
15:34:03,6368.85,6320.0,-55.1607,0.0
15:34:03,6368.85,6325.0,-199.6208,0.0
15:34:03,6368.85,6330.0,-36.5612,0.0
15:34:03,6368.85,6335.0,-21.0407,0.0
15:34:03,6368.85,6340.0,-184.8503,0.0
15:34:03,6368.85,6345.0,-44.5628,0.0
15:34:03,6368.85,6350.0,-329.5677,0.0
15:34:03,6368.85,6355.0,-37.4837,0.0
15:34:03,6368.85,6360.0,-133.2233,0.0
15:34:03,6368.85,6365.0,-30.9297,0.0
15:34:03,6368.85,6370.0,-398.7921,0.0
15:34:03,6368.85,6375.0,-170.3935,0.0
15:34:03,6368.85,6380.0,-158.4019,0.0
15:34:03,6368.85,6385.0,-73.1164,0.0
15:34:03,6368.85,6390.0,-127.3634,0.0
15:34:03,6368.85,6395.0,-71.0396,0.0
15:34:03,6368.85,6400.0,-462.0278,0.0
15:34:03,6368.85,6405.0,-42.6741,0.0
15:34:03,6368.85,6410.0,-42.3609,0.0
15:34:03,6368.85,6415.0,-17.4323,0.0
15:34:03,6368.85,6420.0,-94.9783,0.0
15:34:03,6368.85,6425.0,-80.0641,0.0
15:34:03,6368.85,6430.0,39.4818,0.0
15:34:03,6368.85,6435.0,-15.8232,0.0
15:34:03,6368.85,6440.0,-188.1426,0.0
15:36:13,6368.85,6295.0,-35.3533,0.0
15:36:13,6368.85,6300.0,-464.5075,0.0
15:36:13,6368.85,6305.0,-22.9469,0.0
15:36:13,6368.85,6310.0,-315.7645,0.0
15:36:13,6368.85,6315.0,-44.1697,0.0
15:36:13,6368.85,6320.0,-55.1607,0.0
15:36:13,6368.85,6325.0,-199.6208,0.0
15:36:13,6368.85,6330.0,-36.5612,0.0
15:36:13,6368.85,6335.0,-21.0407,0.0
15:36:13,6368.85,6340.0,-184.8503,0.0
15:36:13,6368.85,6345.0,-44.5628,0.0
15:36:13,6368.85,6350.0,-329.5677,0.0
15:36:13,6368.85,6355.0,-37.4837,0.0
15:36:13,6368.85,6360.0,-133.2233,0.0
15:36:13,6368.85,6365.0,-30.9297,0.0
15:36:13,6368.85,6370.0,-398.7921,0.0
15:36:13,6368.85,6375.0,-170.3935,0.0
15:36:13,6368.85,6380.0,-158.4019,0.0
15:36:13,6368.85,6385.0,-73.1164,0.0
15:36:13,6368.85,6390.0,-127.3634,0.0
15:36:13,6368.85,6395.0,-71.0396,0.0
15:36:13,6368.85,6400.0,-462.0278,0.0
15:36:13,6368.85,6405.0,-42.6741,0.0
15:36:13,6368.85,6410.0,-42.3609,0.0
15:36:13,6368.85,6415.0,-17.4323,0.0
15:36:13,6368.85,6420.0,-94.9783,0.0
15:36:13,6368.85,6425.0,-80.0641,0.0
15:36:13,6368.85,6430.0,39.4818,0.0
15:36:13,6368.85,6435.0,-15.8232,0.0
15:36:13,6368.85,6440.0,-188.1426,0.0
15:38:22,6368.85,6295.0,-35.3533,0.0
15:38:22,6368.85,6300.0,-464.5075,0.0
15:38:22,6368.85,6305.0,-22.9469,0.0
15:38:22,6368.85,6310.0,-315.7645,0.0
15:38:22,6368.85,6315.0,-44.1697,0.0
15:38:22,6368.85,6320.0,-55.1607,0.0
15:38:22,6368.85,6325.0,-199.6208,0.0
15:38:22,6368.85,6330.0,-36.5612,0.0
15:38:22,6368.85,6335.0,-21.0407,0.0
15:38:22,6368.85,6340.0,-184.8503,0.0
15:38:22,6368.85,6345.0,-44.5628,0.0
15:38:22,6368.85,6350.0,-329.5677,0.0
15:38:22,6368.85,6355.0,-37.4837,0.0
15:38:22,6368.85,6360.0,-133.2233,0.0
15:38:22,6368.85,6365.0,-30.9297,0.0
15:38:22,6368.85,6370.0,-398.7921,0.0
15:38:22,6368.85,6375.0,-170.3935,0.0
15:38:22,6368.85,6380.0,-158.4019,0.0
15:38:22,6368.85,6385.0,-73.1164,0.0
15:38:22,6368.85,6390.0,-127.3634,0.0
15:38:22,6368.85,6395.0,-71.0396,0.0
15:38:22,6368.85,6400.0,-462.0278,0.0
15:38:22,6368.85,6405.0,-42.6741,0.0
15:38:22,6368.85,6410.0,-42.3609,0.0
15:38:22,6368.85,6415.0,-17.4323,0.0
15:38:22,6368.85,6420.0,-94.9783,0.0
15:38:22,6368.85,6425.0,-80.0641,0.0
15:38:22,6368.85,6430.0,39.4818,0.0
15:38:22,6368.85,6435.0,-15.8232,0.0
15:38:22,6368.85,6440.0,-188.1426,0.0
15:40:32,6368.85,6295.0,-35.3533,0.0
15:40:32,6368.85,6300.0,-464.5075,0.0
15:40:32,6368.85,6305.0,-22.9469,0.0
15:40:32,6368.85,6310.0,-315.7645,0.0
15:40:32,6368.85,6315.0,-44.1697,0.0
15:40:32,6368.85,6320.0,-55.1607,0.0
15:40:32,6368.85,6325.0,-199.6208,0.0
15:40:32,6368.85,6330.0,-36.5612,0.0
15:40:32,6368.85,6335.0,-21.0407,0.0
15:40:32,6368.85,6340.0,-184.8503,0.0
15:40:32,6368.85,6345.0,-44.5628,0.0
15:40:32,6368.85,6350.0,-329.5677,0.0
15:40:32,6368.85,6355.0,-37.4837,0.0
15:40:32,6368.85,6360.0,-133.2233,0.0
15:40:32,6368.85,6365.0,-30.9297,0.0
15:40:32,6368.85,6370.0,-398.7921,0.0
15:40:32,6368.85,6375.0,-170.3935,0.0
15:40:32,6368.85,6380.0,-158.4019,0.0
15:40:32,6368.85,6385.0,-73.1164,0.0
15:40:32,6368.85,6390.0,-127.3634,0.0
15:40:32,6368.85,6395.0,-71.0396,0.0
15:40:32,6368.85,6400.0,-462.0278,0.0
15:40:32,6368.85,6405.0,-42.6741,0.0
15:40:32,6368.85,6410.0,-42.3609,0.0
15:40:32,6368.85,6415.0,-17.4323,0.0
15:40:32,6368.85,6420.0,-94.9783,0.0
15:40:32,6368.85,6425.0,-80.0641,0.0
15:40:32,6368.85,6430.0,39.4818,0.0
15:40:32,6368.85,6435.0,-15.8232,0.0
15:40:32,6368.85,6440.0,-188.1426,0.0
15:42:42,6368.85,6295.0,-35.3533,0.0
15:42:42,6368.85,6300.0,-464.5075,0.0
15:42:42,6368.85,6305.0,-22.9469,0.0
15:42:42,6368.85,6310.0,-315.7645,0.0
15:42:42,6368.85,6315.0,-44.1697,0.0
15:42:42,6368.85,6320.0,-55.1607,0.0
15:42:42,6368.85,6325.0,-199.6208,0.0
15:42:42,6368.85,6330.0,-36.5612,0.0
15:42:42,6368.85,6335.0,-21.0407,0.0
15:42:42,6368.85,6340.0,-184.8503,0.0
15:42:42,6368.85,6345.0,-44.5628,0.0
15:42:42,6368.85,6350.0,-329.5677,0.0
15:42:42,6368.85,6355.0,-37.4837,0.0
15:42:42,6368.85,6360.0,-133.2233,0.0
15:42:42,6368.85,6365.0,-30.9297,0.0
15:42:42,6368.85,6370.0,-398.7921,0.0
15:42:42,6368.85,6375.0,-170.3935,0.0
15:42:42,6368.85,6380.0,-158.4019,0.0
15:42:42,6368.85,6385.0,-73.1164,0.0
15:42:42,6368.85,6390.0,-127.3634,0.0
15:42:42,6368.85,6395.0,-71.0396,0.0
15:42:42,6368.85,6400.0,-462.0278,0.0
15:42:42,6368.85,6405.0,-42.6741,0.0
15:42:42,6368.85,6410.0,-42.3609,0.0
15:42:42,6368.85,6415.0,-17.4323,0.0
15:42:42,6368.85,6420.0,-94.9783,0.0
15:42:42,6368.85,6425.0,-80.0641,0.0
15:42:42,6368.85,6430.0,39.4818,0.0
15:42:42,6368.85,6435.0,-15.8232,0.0
15:42:42,6368.85,6440.0,-188.1426,0.0
15:44:51,6368.85,6295.0,-35.3533,0.0
15:44:51,6368.85,6300.0,-464.5075,0.0
15:44:51,6368.85,6305.0,-22.9469,0.0
15:44:51,6368.85,6310.0,-315.7645,0.0
15:44:51,6368.85,6315.0,-44.1697,0.0
15:44:51,6368.85,6320.0,-55.1607,0.0
15:44:51,6368.85,6325.0,-199.6208,0.0
15:44:51,6368.85,6330.0,-36.5612,0.0
15:44:51,6368.85,6335.0,-21.0407,0.0
15:44:51,6368.85,6340.0,-184.8503,0.0
15:44:51,6368.85,6345.0,-44.5628,0.0
15:44:51,6368.85,6350.0,-329.5677,0.0
15:44:51,6368.85,6355.0,-37.4837,0.0
15:44:51,6368.85,6360.0,-133.2233,0.0
15:44:51,6368.85,6365.0,-30.9297,0.0
15:44:51,6368.85,6370.0,-398.7921,0.0
15:44:51,6368.85,6375.0,-170.3935,0.0
15:44:51,6368.85,6380.0,-158.4019,0.0
15:44:51,6368.85,6385.0,-73.1164,0.0
15:44:51,6368.85,6390.0,-127.3634,0.0
15:44:51,6368.85,6395.0,-71.0396,0.0
15:44:51,6368.85,6400.0,-462.0278,0.0
15:44:51,6368.85,6405.0,-42.6741,0.0
15:44:51,6368.85,6410.0,-42.3609,0.0
15:44:51,6368.85,6415.0,-17.4323,0.0
15:44:51,6368.85,6420.0,-94.9783,0.0
15:44:51,6368.85,6425.0,-80.0641,0.0
15:44:51,6368.85,6430.0,39.4818,0.0
15:44:51,6368.85,6435.0,-15.8232,0.0
15:44:51,6368.85,6440.0,-188.1426,0.0
15:47:01,6368.85,6295.0,-35.3533,0.0
15:47:01,6368.85,6300.0,-464.5075,0.0
15:47:01,6368.85,6305.0,-22.9469,0.0
15:47:01,6368.85,6310.0,-315.7645,0.0
15:47:01,6368.85,6315.0,-44.1697,0.0
15:47:01,6368.85,6320.0,-55.1607,0.0
15:47:01,6368.85,6325.0,-199.6208,0.0
15:47:01,6368.85,6330.0,-36.5612,0.0
15:47:01,6368.85,6335.0,-21.0407,0.0
15:47:01,6368.85,6340.0,-184.8503,0.0
15:47:01,6368.85,6345.0,-44.5628,0.0
15:47:01,6368.85,6350.0,-329.5677,0.0
15:47:01,6368.85,6355.0,-37.4837,0.0
15:47:01,6368.85,6360.0,-133.2233,0.0
15:47:01,6368.85,6365.0,-30.9297,0.0
15:47:01,6368.85,6370.0,-398.7921,0.0
15:47:01,6368.85,6375.0,-170.3935,0.0
15:47:01,6368.85,6380.0,-158.4019,0.0
15:47:01,6368.85,6385.0,-73.1164,0.0
15:47:01,6368.85,6390.0,-127.3634,0.0
15:47:01,6368.85,6395.0,-71.0396,0.0
15:47:01,6368.85,6400.0,-462.0278,0.0
15:47:01,6368.85,6405.0,-42.6741,0.0
15:47:01,6368.85,6410.0,-42.3609,0.0
15:47:01,6368.85,6415.0,-17.4323,0.0
15:47:01,6368.85,6420.0,-94.9783,0.0
15:47:01,6368.85,6425.0,-80.0641,0.0
15:47:01,6368.85,6430.0,39.4818,0.0
15:47:01,6368.85,6435.0,-15.8232,0.0
15:47:01,6368.85,6440.0,-188.1426,0.0
15:49:11,6368.85,6295.0,-35.3533,0.0
15:49:11,6368.85,6300.0,-464.5075,0.0
15:49:11,6368.85,6305.0,-22.9469,0.0
15:49:11,6368.85,6310.0,-315.7645,0.0
15:49:11,6368.85,6315.0,-44.1697,0.0
15:49:11,6368.85,6320.0,-55.1607,0.0
15:49:11,6368.85,6325.0,-199.6208,0.0
15:49:11,6368.85,6330.0,-36.5612,0.0
15:49:11,6368.85,6335.0,-21.0407,0.0
15:49:11,6368.85,6340.0,-184.8503,0.0
15:49:11,6368.85,6345.0,-44.5628,0.0
15:49:11,6368.85,6350.0,-329.5677,0.0
15:49:11,6368.85,6355.0,-37.4837,0.0
15:49:11,6368.85,6360.0,-133.2233,0.0
15:49:11,6368.85,6365.0,-30.9297,0.0
15:49:11,6368.85,6370.0,-398.7921,0.0
15:49:11,6368.85,6375.0,-170.3935,0.0
15:49:11,6368.85,6380.0,-158.4019,0.0
15:49:11,6368.85,6385.0,-73.1164,0.0
15:49:11,6368.85,6390.0,-127.3634,0.0
15:49:11,6368.85,6395.0,-71.0396,0.0
15:49:11,6368.85,6400.0,-462.0278,0.0
15:49:11,6368.85,6405.0,-42.6741,0.0
15:49:11,6368.85,6410.0,-42.3609,0.0
15:49:11,6368.85,6415.0,-17.4323,0.0
15:49:11,6368.85,6420.0,-94.9783,0.0
15:49:11,6368.85,6425.0,-80.0641,0.0
15:49:11,6368.85,6430.0,39.4818,0.0
15:49:11,6368.85,6435.0,-15.8232,0.0
15:49:11,6368.85,6440.0,-188.1426,0.0
15:51:20,6368.85,6295.0,-35.3533,0.0
15:51:20,6368.85,6300.0,-464.5075,0.0
15:51:20,6368.85,6305.0,-22.9469,0.0
15:51:20,6368.85,6310.0,-315.7645,0.0
15:51:20,6368.85,6315.0,-44.1697,0.0
15:51:20,6368.85,6320.0,-55.1607,0.0
15:51:20,6368.85,6325.0,-199.6208,0.0
15:51:20,6368.85,6330.0,-36.5612,0.0
15:51:20,6368.85,6335.0,-21.0407,0.0
15:51:20,6368.85,6340.0,-184.8503,0.0
15:51:20,6368.85,6345.0,-44.5628,0.0
15:51:20,6368.85,6350.0,-329.5677,0.0
15:51:20,6368.85,6355.0,-37.4837,0.0
15:51:20,6368.85,6360.0,-133.2233,0.0
15:51:20,6368.85,6365.0,-30.9297,0.0
15:51:20,6368.85,6370.0,-398.7921,0.0
15:51:20,6368.85,6375.0,-170.3935,0.0
15:51:20,6368.85,6380.0,-158.4019,0.0
15:51:20,6368.85,6385.0,-73.1164,0.0
15:51:20,6368.85,6390.0,-127.3634,0.0
15:51:20,6368.85,6395.0,-71.0396,0.0
15:51:20,6368.85,6400.0,-462.0278,0.0
15:51:20,6368.85,6405.0,-42.6741,0.0
15:51:20,6368.85,6410.0,-42.3609,0.0
15:51:20,6368.85,6415.0,-17.4323,0.0
15:51:20,6368.85,6420.0,-94.9783,0.0
15:51:20,6368.85,6425.0,-80.0641,0.0
15:51:20,6368.85,6430.0,39.4818,0.0
15:51:20,6368.85,6435.0,-15.8232,0.0
15:51:20,6368.85,6440.0,-188.1426,0.0
15:53:30,6368.85,6295.0,-35.3533,0.0
15:53:30,6368.85,6300.0,-464.5075,0.0
15:53:30,6368.85,6305.0,-22.9469,0.0
15:53:30,6368.85,6310.0,-315.7645,0.0
15:53:30,6368.85,6315.0,-44.1697,0.0
15:53:30,6368.85,6320.0,-55.1607,0.0
15:53:30,6368.85,6325.0,-199.6208,0.0
15:53:30,6368.85,6330.0,-36.5612,0.0
15:53:30,6368.85,6335.0,-21.0407,0.0
15:53:30,6368.85,6340.0,-184.8503,0.0
15:53:30,6368.85,6345.0,-44.5628,0.0
15:53:30,6368.85,6350.0,-329.5677,0.0
15:53:30,6368.85,6355.0,-37.4837,0.0
15:53:30,6368.85,6360.0,-133.2233,0.0
15:53:30,6368.85,6365.0,-30.9297,0.0
15:53:30,6368.85,6370.0,-398.7921,0.0
15:53:30,6368.85,6375.0,-170.3935,0.0
15:53:30,6368.85,6380.0,-158.4019,0.0
15:53:30,6368.85,6385.0,-73.1164,0.0
15:53:30,6368.85,6390.0,-127.3634,0.0
15:53:30,6368.85,6395.0,-71.0396,0.0
15:53:30,6368.85,6400.0,-462.0278,0.0
15:53:30,6368.85,6405.0,-42.6741,0.0
15:53:30,6368.85,6410.0,-42.3609,0.0
15:53:30,6368.85,6415.0,-17.4323,0.0
15:53:30,6368.85,6420.0,-94.9783,0.0
15:53:30,6368.85,6425.0,-80.0641,0.0
15:53:30,6368.85,6430.0,39.4818,0.0
15:53:30,6368.85,6435.0,-15.8232,0.0
15:53:30,6368.85,6440.0,-188.1426,0.0
15:55:40,6368.85,6295.0,-35.3533,0.0
15:55:40,6368.85,6300.0,-464.5075,0.0
15:55:40,6368.85,6305.0,-22.9469,0.0
15:55:40,6368.85,6310.0,-315.7645,0.0
15:55:40,6368.85,6315.0,-44.1697,0.0
15:55:40,6368.85,6320.0,-55.1607,0.0
15:55:40,6368.85,6325.0,-199.6208,0.0
15:55:40,6368.85,6330.0,-36.5612,0.0
15:55:40,6368.85,6335.0,-21.0407,0.0
15:55:40,6368.85,6340.0,-184.8503,0.0
15:55:40,6368.85,6345.0,-44.5628,0.0
15:55:40,6368.85,6350.0,-329.5677,0.0
15:55:40,6368.85,6355.0,-37.4837,0.0
15:55:40,6368.85,6360.0,-133.2233,0.0
15:55:40,6368.85,6365.0,-30.9297,0.0
15:55:40,6368.85,6370.0,-398.7921,0.0
15:55:40,6368.85,6375.0,-170.3935,0.0
15:55:40,6368.85,6380.0,-158.4019,0.0
15:55:40,6368.85,6385.0,-73.1164,0.0
15:55:40,6368.85,6390.0,-127.3634,0.0
15:55:40,6368.85,6395.0,-71.0396,0.0
15:55:40,6368.85,6400.0,-462.0278,0.0
15:55:40,6368.85,6405.0,-42.6741,0.0
15:55:40,6368.85,6410.0,-42.3609,0.0
15:55:40,6368.85,6415.0,-17.4323,0.0
15:55:40,6368.85,6420.0,-94.9783,0.0
15:55:40,6368.85,6425.0,-80.0641,0.0
15:55:40,6368.85,6430.0,39.4818,0.0
15:55:40,6368.85,6435.0,-15.8232,0.0
15:55:40,6368.85,6440.0,-188.1426,0.0
15:57:49,6368.85,6295.0,-35.3533,0.0
15:57:49,6368.85,6300.0,-464.5075,0.0
15:57:49,6368.85,6305.0,-22.9469,0.0
15:57:49,6368.85,6310.0,-315.7645,0.0
15:57:49,6368.85,6315.0,-44.1697,0.0
15:57:49,6368.85,6320.0,-55.1607,0.0
15:57:49,6368.85,6325.0,-199.6208,0.0
15:57:49,6368.85,6330.0,-36.5612,0.0
15:57:49,6368.85,6335.0,-21.0407,0.0
15:57:49,6368.85,6340.0,-184.8503,0.0
15:57:49,6368.85,6345.0,-44.5628,0.0
15:57:49,6368.85,6350.0,-329.5677,0.0
15:57:49,6368.85,6355.0,-37.4837,0.0
15:57:49,6368.85,6360.0,-133.2233,0.0
15:57:49,6368.85,6365.0,-30.9297,0.0
15:57:49,6368.85,6370.0,-398.7921,0.0
15:57:49,6368.85,6375.0,-170.3935,0.0
15:57:49,6368.85,6380.0,-158.4019,0.0
15:57:49,6368.85,6385.0,-73.1164,0.0
15:57:49,6368.85,6390.0,-127.3634,0.0
15:57:49,6368.85,6395.0,-71.0396,0.0
15:57:49,6368.85,6400.0,-462.0278,0.0
15:57:49,6368.85,6405.0,-42.6741,0.0
15:57:49,6368.85,6410.0,-42.3609,0.0
15:57:49,6368.85,6415.0,-17.4323,0.0
15:57:49,6368.85,6420.0,-94.9783,0.0
15:57:49,6368.85,6425.0,-80.0641,0.0
15:57:49,6368.85,6430.0,39.4818,0.0
15:57:49,6368.85,6435.0,-15.8232,0.0
15:57:49,6368.85,6440.0,-188.1426,0.0
15:59:59,6368.85,6295.0,-35.3533,0.0
15:59:59,6368.85,6300.0,-464.5075,0.0
15:59:59,6368.85,6305.0,-22.9469,0.0
15:59:59,6368.85,6310.0,-315.7645,0.0
15:59:59,6368.85,6315.0,-44.1697,0.0
15:59:59,6368.85,6320.0,-55.1607,0.0
15:59:59,6368.85,6325.0,-199.6208,0.0
15:59:59,6368.85,6330.0,-36.5612,0.0
15:59:59,6368.85,6335.0,-21.0407,0.0
15:59:59,6368.85,6340.0,-184.8503,0.0
15:59:59,6368.85,6345.0,-44.5628,0.0
15:59:59,6368.85,6350.0,-329.5677,0.0
15:59:59,6368.85,6355.0,-37.4837,0.0
15:59:59,6368.85,6360.0,-133.2233,0.0
15:59:59,6368.85,6365.0,-30.9297,0.0
15:59:59,6368.85,6370.0,-398.7921,0.0
15:59:59,6368.85,6375.0,-170.3935,0.0
15:59:59,6368.85,6380.0,-158.4019,0.0
15:59:59,6368.85,6385.0,-73.1164,0.0
15:59:59,6368.85,6390.0,-127.3634,0.0
15:59:59,6368.85,6395.0,-71.0396,0.0
15:59:59,6368.85,6400.0,-462.0278,0.0
15:59:59,6368.85,6405.0,-42.6741,0.0
15:59:59,6368.85,6410.0,-42.3609,0.0
15:59:59,6368.85,6415.0,-17.4323,0.0
15:59:59,6368.85,6420.0,-94.9783,0.0
15:59:59,6368.85,6425.0,-80.0641,0.0
15:59:59,6368.85,6430.0,39.4818,0.0
15:59:59,6368.85,6435.0,-15.8232,0.0
15:59:59,6368.85,6440.0,-188.1426,0.0
16:02:09,6368.85,6295.0,-35.3533,0.0
16:02:09,6368.85,6300.0,-464.5075,0.0
16:02:09,6368.85,6305.0,-22.9469,0.0
16:02:09,6368.85,6310.0,-315.7645,0.0
16:02:09,6368.85,6315.0,-44.1697,0.0
16:02:09,6368.85,6320.0,-55.1607,0.0
16:02:09,6368.85,6325.0,-199.6208,0.0
16:02:09,6368.85,6330.0,-36.5612,0.0
16:02:09,6368.85,6335.0,-21.0407,0.0
16:02:09,6368.85,6340.0,-184.8503,0.0
16:02:09,6368.85,6345.0,-44.5628,0.0
16:02:09,6368.85,6350.0,-329.5677,0.0
16:02:09,6368.85,6355.0,-37.4837,0.0
16:02:09,6368.85,6360.0,-133.2233,0.0
16:02:09,6368.85,6365.0,-30.9297,0.0
16:02:09,6368.85,6370.0,-398.7921,0.0
16:02:09,6368.85,6375.0,-170.3935,0.0
16:02:09,6368.85,6380.0,-158.4019,0.0
16:02:09,6368.85,6385.0,-73.1164,0.0
16:02:09,6368.85,6390.0,-127.3634,0.0
16:02:09,6368.85,6395.0,-71.0396,0.0
16:02:09,6368.85,6400.0,-462.0278,0.0
16:02:09,6368.85,6405.0,-42.6741,0.0
16:02:09,6368.85,6410.0,-42.3609,0.0
16:02:09,6368.85,6415.0,-17.4323,0.0
16:02:09,6368.85,6420.0,-94.9783,0.0
16:02:09,6368.85,6425.0,-80.0641,0.0
16:02:09,6368.85,6430.0,39.4818,0.0
16:02:09,6368.85,6435.0,-15.8232,0.0
16:02:09,6368.85,6440.0,-188.1426,0.0
16:04:18,6368.85,6295.0,-35.3533,0.0
16:04:18,6368.85,6300.0,-464.5075,0.0
16:04:18,6368.85,6305.0,-22.9469,0.0
16:04:18,6368.85,6310.0,-315.7645,0.0
16:04:18,6368.85,6315.0,-44.1697,0.0
16:04:18,6368.85,6320.0,-55.1607,0.0
16:04:18,6368.85,6325.0,-199.6208,0.0
16:04:18,6368.85,6330.0,-36.5612,0.0
16:04:18,6368.85,6335.0,-21.0407,0.0
16:04:18,6368.85,6340.0,-184.8503,0.0
16:04:18,6368.85,6345.0,-44.5628,0.0
16:04:18,6368.85,6350.0,-329.5677,0.0
16:04:18,6368.85,6355.0,-37.4837,0.0
16:04:18,6368.85,6360.0,-133.2233,0.0
16:04:18,6368.85,6365.0,-30.9297,0.0
16:04:18,6368.85,6370.0,-398.7921,0.0
16:04:18,6368.85,6375.0,-170.3935,0.0
16:04:18,6368.85,6380.0,-158.4019,0.0
16:04:18,6368.85,6385.0,-73.1164,0.0
16:04:18,6368.85,6390.0,-127.3634,0.0
16:04:18,6368.85,6395.0,-71.0396,0.0
16:04:18,6368.85,6400.0,-462.0278,0.0
16:04:18,6368.85,6405.0,-42.6741,0.0
16:04:18,6368.85,6410.0,-42.3609,0.0
16:04:18,6368.85,6415.0,-17.4323,0.0
16:04:18,6368.85,6420.0,-94.9783,0.0
16:04:18,6368.85,6425.0,-80.0641,0.0
16:04:18,6368.85,6430.0,39.4818,0.0
16:04:18,6368.85,6435.0,-15.8232,0.0
16:04:18,6368.85,6440.0,-188.1426,0.0
16:06:28,6368.85,6295.0,-35.3533,0.0
16:06:28,6368.85,6300.0,-464.5075,0.0
16:06:28,6368.85,6305.0,-22.9469,0.0
16:06:28,6368.85,6310.0,-315.7645,0.0
16:06:28,6368.85,6315.0,-44.1697,0.0
16:06:28,6368.85,6320.0,-55.1607,0.0
16:06:28,6368.85,6325.0,-199.6208,0.0
16:06:28,6368.85,6330.0,-36.5612,0.0
16:06:28,6368.85,6335.0,-21.0407,0.0
16:06:28,6368.85,6340.0,-184.8503,0.0
16:06:28,6368.85,6345.0,-44.5628,0.0
16:06:28,6368.85,6350.0,-329.5677,0.0
16:06:28,6368.85,6355.0,-37.4837,0.0
16:06:28,6368.85,6360.0,-133.2233,0.0
16:06:28,6368.85,6365.0,-30.9297,0.0
16:06:28,6368.85,6370.0,-398.7921,0.0
16:06:28,6368.85,6375.0,-170.3935,0.0
16:06:28,6368.85,6380.0,-158.4019,0.0
16:06:28,6368.85,6385.0,-73.1164,0.0
16:06:28,6368.85,6390.0,-127.3634,0.0
16:06:28,6368.85,6395.0,-71.0396,0.0
16:06:28,6368.85,6400.0,-462.0278,0.0
16:06:28,6368.85,6405.0,-42.6741,0.0
16:06:28,6368.85,6410.0,-42.3609,0.0
16:06:28,6368.85,6415.0,-17.4323,0.0
16:06:28,6368.85,6420.0,-94.9783,0.0
16:06:28,6368.85,6425.0,-80.0641,0.0
16:06:28,6368.85,6430.0,39.4818,0.0
16:06:28,6368.85,6435.0,-15.8232,0.0
16:06:28,6368.85,6440.0,-188.1426,0.0
16:08:38,6368.85,6295.0,-35.3533,0.0
16:08:38,6368.85,6300.0,-464.5075,0.0
16:08:38,6368.85,6305.0,-22.9469,0.0
16:08:38,6368.85,6310.0,-315.7645,0.0
16:08:38,6368.85,6315.0,-44.1697,0.0
16:08:38,6368.85,6320.0,-55.1607,0.0
16:08:38,6368.85,6325.0,-199.6208,0.0
16:08:38,6368.85,6330.0,-36.5612,0.0
16:08:38,6368.85,6335.0,-21.0407,0.0
16:08:38,6368.85,6340.0,-184.8503,0.0
16:08:38,6368.85,6345.0,-44.5628,0.0
16:08:38,6368.85,6350.0,-329.5677,0.0
16:08:38,6368.85,6355.0,-37.4837,0.0
16:08:38,6368.85,6360.0,-133.2233,0.0
16:08:38,6368.85,6365.0,-30.9297,0.0
16:08:38,6368.85,6370.0,-398.7921,0.0
16:08:38,6368.85,6375.0,-170.3935,0.0
16:08:38,6368.85,6380.0,-158.4019,0.0
16:08:38,6368.85,6385.0,-73.1164,0.0
16:08:38,6368.85,6390.0,-127.3634,0.0
16:08:38,6368.85,6395.0,-71.0396,0.0
16:08:38,6368.85,6400.0,-462.0278,0.0
16:08:38,6368.85,6405.0,-42.6741,0.0
16:08:38,6368.85,6410.0,-42.3609,0.0
16:08:38,6368.85,6415.0,-17.4323,0.0
16:08:38,6368.85,6420.0,-94.9783,0.0
16:08:38,6368.85,6425.0,-80.0641,0.0
16:08:38,6368.85,6430.0,39.4818,0.0
16:08:38,6368.85,6435.0,-15.8232,0.0
16:08:38,6368.85,6440.0,-188.1426,0.0
16:10:47,6368.85,6295.0,-35.3533,0.0
16:10:47,6368.85,6300.0,-464.5075,0.0
16:10:47,6368.85,6305.0,-22.9469,0.0
16:10:47,6368.85,6310.0,-315.7645,0.0
16:10:47,6368.85,6315.0,-44.1697,0.0
16:10:47,6368.85,6320.0,-55.1607,0.0
16:10:47,6368.85,6325.0,-199.6208,0.0
16:10:47,6368.85,6330.0,-36.5612,0.0
16:10:47,6368.85,6335.0,-21.0407,0.0
16:10:47,6368.85,6340.0,-184.8503,0.0
16:10:47,6368.85,6345.0,-44.5628,0.0
16:10:47,6368.85,6350.0,-329.5677,0.0
16:10:47,6368.85,6355.0,-37.4837,0.0
16:10:47,6368.85,6360.0,-133.2233,0.0
16:10:47,6368.85,6365.0,-30.9297,0.0
16:10:47,6368.85,6370.0,-398.7921,0.0
16:10:47,6368.85,6375.0,-170.3935,0.0
16:10:47,6368.85,6380.0,-158.4019,0.0
16:10:47,6368.85,6385.0,-73.1164,0.0
16:10:47,6368.85,6390.0,-127.3634,0.0
16:10:47,6368.85,6395.0,-71.0396,0.0
16:10:47,6368.85,6400.0,-462.0278,0.0
16:10:47,6368.85,6405.0,-42.6741,0.0
16:10:47,6368.85,6410.0,-42.3609,0.0
16:10:47,6368.85,6415.0,-17.4323,0.0
16:10:47,6368.85,6420.0,-94.9783,0.0
16:10:47,6368.85,6425.0,-80.0641,0.0
16:10:47,6368.85,6430.0,39.4818,0.0
16:10:47,6368.85,6435.0,-15.8232,0.0
16:10:47,6368.85,6440.0,-188.1426,0.0
16:12:57,6368.85,6295.0,-35.3533,0.0
16:12:57,6368.85,6300.0,-464.5075,0.0
16:12:57,6368.85,6305.0,-22.9469,0.0
16:12:57,6368.85,6310.0,-315.7645,0.0
16:12:57,6368.85,6315.0,-44.1697,0.0
16:12:57,6368.85,6320.0,-55.1607,0.0
16:12:57,6368.85,6325.0,-199.6208,0.0
16:12:57,6368.85,6330.0,-36.5612,0.0
16:12:57,6368.85,6335.0,-21.0407,0.0
16:12:57,6368.85,6340.0,-184.8503,0.0
16:12:57,6368.85,6345.0,-44.5628,0.0
16:12:57,6368.85,6350.0,-329.5677,0.0
16:12:57,6368.85,6355.0,-37.4837,0.0
16:12:57,6368.85,6360.0,-133.2233,0.0
16:12:57,6368.85,6365.0,-30.9297,0.0
16:12:57,6368.85,6370.0,-398.7921,0.0
16:12:57,6368.85,6375.0,-170.3935,0.0
16:12:57,6368.85,6380.0,-158.4019,0.0
16:12:57,6368.85,6385.0,-73.1164,0.0
16:12:57,6368.85,6390.0,-127.3634,0.0
16:12:57,6368.85,6395.0,-71.0396,0.0
16:12:57,6368.85,6400.0,-462.0278,0.0
16:12:57,6368.85,6405.0,-42.6741,0.0
16:12:57,6368.85,6410.0,-42.3609,0.0
16:12:57,6368.85,6415.0,-17.4323,0.0
16:12:57,6368.85,6420.0,-94.9783,0.0
16:12:57,6368.85,6425.0,-80.0641,0.0
16:12:57,6368.85,6430.0,39.4818,0.0
16:12:57,6368.85,6435.0,-15.8232,0.0
16:12:57,6368.85,6440.0,-188.1426,0.0
16:15:07,6368.85,6295.0,-35.3533,0.0
16:15:07,6368.85,6300.0,-464.5075,0.0
16:15:07,6368.85,6305.0,-22.9469,0.0
16:15:07,6368.85,6310.0,-315.7645,0.0
16:15:07,6368.85,6315.0,-44.1697,0.0
16:15:07,6368.85,6320.0,-55.1607,0.0
16:15:07,6368.85,6325.0,-199.6208,0.0
16:15:07,6368.85,6330.0,-36.5612,0.0
16:15:07,6368.85,6335.0,-21.0407,0.0
16:15:07,6368.85,6340.0,-184.8503,0.0
16:15:07,6368.85,6345.0,-44.5628,0.0
16:15:07,6368.85,6350.0,-329.5677,0.0
16:15:07,6368.85,6355.0,-37.4837,0.0
16:15:07,6368.85,6360.0,-133.2233,0.0
16:15:07,6368.85,6365.0,-30.9297,0.0
16:15:07,6368.85,6370.0,-398.7921,0.0
16:15:07,6368.85,6375.0,-170.3935,0.0
16:15:07,6368.85,6380.0,-158.4019,0.0
16:15:07,6368.85,6385.0,-73.1164,0.0
16:15:07,6368.85,6390.0,-127.3634,0.0
16:15:07,6368.85,6395.0,-71.0396,0.0
16:15:07,6368.85,6400.0,-462.0278,0.0
16:15:07,6368.85,6405.0,-42.6741,0.0
16:15:07,6368.85,6410.0,-42.3609,0.0
16:15:07,6368.85,6415.0,-17.4323,0.0
16:15:07,6368.85,6420.0,-94.9783,0.0
16:15:07,6368.85,6425.0,-80.0641,0.0
16:15:07,6368.85,6430.0,39.4818,0.0
16:15:07,6368.85,6435.0,-15.8232,0.0
16:15:07,6368.85,6440.0,-188.1426,0.0
16:17:17,6368.85,6295.0,-35.3533,0.0
16:17:17,6368.85,6300.0,-464.5075,0.0
16:17:17,6368.85,6305.0,-22.9469,0.0
16:17:17,6368.85,6310.0,-315.7645,0.0
16:17:17,6368.85,6315.0,-44.1697,0.0
16:17:17,6368.85,6320.0,-55.1607,0.0
16:17:17,6368.85,6325.0,-199.6208,0.0
16:17:17,6368.85,6330.0,-36.5612,0.0
16:17:17,6368.85,6335.0,-21.0407,0.0
16:17:17,6368.85,6340.0,-184.8503,0.0
16:17:17,6368.85,6345.0,-44.5628,0.0
16:17:17,6368.85,6350.0,-329.5677,0.0
16:17:17,6368.85,6355.0,-37.4837,0.0
16:17:17,6368.85,6360.0,-133.2233,0.0
16:17:17,6368.85,6365.0,-30.9297,0.0
16:17:17,6368.85,6370.0,-398.7921,0.0
16:17:17,6368.85,6375.0,-170.3935,0.0
16:17:17,6368.85,6380.0,-158.4019,0.0
16:17:17,6368.85,6385.0,-73.1164,0.0
16:17:17,6368.85,6390.0,-127.3634,0.0
16:17:17,6368.85,6395.0,-71.0396,0.0
16:17:17,6368.85,6400.0,-462.0278,0.0
16:17:17,6368.85,6405.0,-42.6741,0.0
16:17:17,6368.85,6410.0,-42.3609,0.0
16:17:17,6368.85,6415.0,-17.4323,0.0
16:17:17,6368.85,6420.0,-94.9783,0.0
16:17:17,6368.85,6425.0,-80.0641,0.0
16:17:17,6368.85,6430.0,39.4818,0.0
16:17:17,6368.85,6435.0,-15.8232,0.0
16:17:17,6368.85,6440.0,-188.1426,0.0
16:19:26,6368.85,6295.0,-35.3533,0.0
16:19:26,6368.85,6300.0,-464.5075,0.0
16:19:26,6368.85,6305.0,-22.9469,0.0
16:19:26,6368.85,6310.0,-315.7645,0.0
16:19:26,6368.85,6315.0,-44.1697,0.0
16:19:26,6368.85,6320.0,-55.1607,0.0
16:19:26,6368.85,6325.0,-199.6208,0.0
16:19:26,6368.85,6330.0,-36.5612,0.0
16:19:26,6368.85,6335.0,-21.0407,0.0
16:19:26,6368.85,6340.0,-184.8503,0.0
16:19:26,6368.85,6345.0,-44.5628,0.0
16:19:26,6368.85,6350.0,-329.5677,0.0
16:19:26,6368.85,6355.0,-37.4837,0.0
16:19:26,6368.85,6360.0,-133.2233,0.0
16:19:26,6368.85,6365.0,-30.9297,0.0
16:19:26,6368.85,6370.0,-398.7921,0.0
16:19:26,6368.85,6375.0,-170.3935,0.0
16:19:26,6368.85,6380.0,-158.4019,0.0
16:19:26,6368.85,6385.0,-73.1164,0.0
16:19:26,6368.85,6390.0,-127.3634,0.0
16:19:26,6368.85,6395.0,-71.0396,0.0
16:19:26,6368.85,6400.0,-462.0278,0.0
16:19:26,6368.85,6405.0,-42.6741,0.0
16:19:26,6368.85,6410.0,-42.3609,0.0
16:19:26,6368.85,6415.0,-17.4323,0.0
16:19:26,6368.85,6420.0,-94.9783,0.0
16:19:26,6368.85,6425.0,-80.0641,0.0
16:19:26,6368.85,6430.0,39.4818,0.0
16:19:26,6368.85,6435.0,-15.8232,0.0
16:19:26,6368.85,6440.0,-188.1426,0.0
16:21:36,6368.85,6295.0,-35.3533,0.0
16:21:36,6368.85,6300.0,-464.5075,0.0
16:21:36,6368.85,6305.0,-22.9469,0.0
16:21:36,6368.85,6310.0,-315.7645,0.0
16:21:36,6368.85,6315.0,-44.1697,0.0
16:21:36,6368.85,6320.0,-55.1607,0.0
16:21:36,6368.85,6325.0,-199.6208,0.0
16:21:36,6368.85,6330.0,-36.5612,0.0
16:21:36,6368.85,6335.0,-21.0407,0.0
16:21:36,6368.85,6340.0,-184.8503,0.0
16:21:36,6368.85,6345.0,-44.5628,0.0
16:21:36,6368.85,6350.0,-329.5677,0.0
16:21:36,6368.85,6355.0,-37.4837,0.0
16:21:36,6368.85,6360.0,-133.2233,0.0
16:21:36,6368.85,6365.0,-30.9297,0.0
16:21:36,6368.85,6370.0,-398.7921,0.0
16:21:36,6368.85,6375.0,-170.3935,0.0
16:21:36,6368.85,6380.0,-158.4019,0.0
16:21:36,6368.85,6385.0,-73.1164,0.0
16:21:36,6368.85,6390.0,-127.3634,0.0
16:21:36,6368.85,6395.0,-71.0396,0.0
16:21:36,6368.85,6400.0,-462.0278,0.0
16:21:36,6368.85,6405.0,-42.6741,0.0
16:21:36,6368.85,6410.0,-42.3609,0.0
16:21:36,6368.85,6415.0,-17.4323,0.0
16:21:36,6368.85,6420.0,-94.9783,0.0
16:21:36,6368.85,6425.0,-80.0641,0.0
16:21:36,6368.85,6430.0,39.4818,0.0
16:21:36,6368.85,6435.0,-15.8232,0.0
16:21:36,6368.85,6440.0,-188.1426,0.0
16:23:46,6368.85,6295.0,-35.3533,0.0
16:23:46,6368.85,6300.0,-464.5075,0.0
16:23:46,6368.85,6305.0,-22.9469,0.0
16:23:46,6368.85,6310.0,-315.7645,0.0
16:23:46,6368.85,6315.0,-44.1697,0.0
16:23:46,6368.85,6320.0,-55.1607,0.0
16:23:46,6368.85,6325.0,-199.6208,0.0
16:23:46,6368.85,6330.0,-36.5612,0.0
16:23:46,6368.85,6335.0,-21.0407,0.0
16:23:46,6368.85,6340.0,-184.8503,0.0
16:23:46,6368.85,6345.0,-44.5628,0.0
16:23:46,6368.85,6350.0,-329.5677,0.0
16:23:46,6368.85,6355.0,-37.4837,0.0
16:23:46,6368.85,6360.0,-133.2233,0.0
16:23:46,6368.85,6365.0,-30.9297,0.0
16:23:46,6368.85,6370.0,-398.7921,0.0
16:23:46,6368.85,6375.0,-170.3935,0.0
16:23:46,6368.85,6380.0,-158.4019,0.0
16:23:46,6368.85,6385.0,-73.1164,0.0
16:23:46,6368.85,6390.0,-127.3634,0.0
16:23:46,6368.85,6395.0,-71.0396,0.0
16:23:46,6368.85,6400.0,-462.0278,0.0
16:23:46,6368.85,6405.0,-42.6741,0.0
16:23:46,6368.85,6410.0,-42.3609,0.0
16:23:46,6368.85,6415.0,-17.4323,0.0
16:23:46,6368.85,6420.0,-94.9783,0.0
16:23:46,6368.85,6425.0,-80.0641,0.0
16:23:46,6368.85,6430.0,39.4818,0.0
16:23:46,6368.85,6435.0,-15.8232,0.0
16:23:46,6368.85,6440.0,-188.1426,0.0
16:25:55,6368.85,6295.0,-35.3533,0.0
16:25:55,6368.85,6300.0,-464.5075,0.0
16:25:55,6368.85,6305.0,-22.9469,0.0
16:25:55,6368.85,6310.0,-315.7645,0.0
16:25:55,6368.85,6315.0,-44.1697,0.0
16:25:55,6368.85,6320.0,-55.1607,0.0
16:25:55,6368.85,6325.0,-199.6208,0.0
16:25:55,6368.85,6330.0,-36.5612,0.0
16:25:55,6368.85,6335.0,-21.0407,0.0
16:25:55,6368.85,6340.0,-184.8503,0.0
16:25:55,6368.85,6345.0,-44.5628,0.0
16:25:55,6368.85,6350.0,-329.5677,0.0
16:25:55,6368.85,6355.0,-37.4837,0.0
16:25:55,6368.85,6360.0,-133.2233,0.0
16:25:55,6368.85,6365.0,-30.9297,0.0
16:25:55,6368.85,6370.0,-398.7921,0.0
16:25:55,6368.85,6375.0,-170.3935,0.0
16:25:55,6368.85,6380.0,-158.4019,0.0
16:25:55,6368.85,6385.0,-73.1164,0.0
16:25:55,6368.85,6390.0,-127.3634,0.0
16:25:55,6368.85,6395.0,-71.0396,0.0
16:25:55,6368.85,6400.0,-462.0278,0.0
16:25:55,6368.85,6405.0,-42.6741,0.0
16:25:55,6368.85,6410.0,-42.3609,0.0
16:25:55,6368.85,6415.0,-17.4323,0.0
16:25:55,6368.85,6420.0,-94.9783,0.0
16:25:55,6368.85,6425.0,-80.0641,0.0
16:25:55,6368.85,6430.0,39.4818,0.0
16:25:55,6368.85,6435.0,-15.8232,0.0
16:25:55,6368.85,6440.0,-188.1426,0.0
16:28:05,6368.85,6295.0,-35.3533,0.0
16:28:05,6368.85,6300.0,-464.5075,0.0
16:28:05,6368.85,6305.0,-22.9469,0.0
16:28:05,6368.85,6310.0,-315.7645,0.0
16:28:05,6368.85,6315.0,-44.1697,0.0
16:28:05,6368.85,6320.0,-55.1607,0.0
16:28:05,6368.85,6325.0,-199.6208,0.0
16:28:05,6368.85,6330.0,-36.5612,0.0
16:28:05,6368.85,6335.0,-21.0407,0.0
16:28:05,6368.85,6340.0,-184.8503,0.0
16:28:05,6368.85,6345.0,-44.5628,0.0
16:28:05,6368.85,6350.0,-329.5677,0.0
16:28:05,6368.85,6355.0,-37.4837,0.0
16:28:05,6368.85,6360.0,-133.2233,0.0
16:28:05,6368.85,6365.0,-30.9297,0.0
16:28:05,6368.85,6370.0,-398.7921,0.0
16:28:05,6368.85,6375.0,-170.3935,0.0
16:28:05,6368.85,6380.0,-158.4019,0.0
16:28:05,6368.85,6385.0,-73.1164,0.0
16:28:05,6368.85,6390.0,-127.3634,0.0
16:28:05,6368.85,6395.0,-71.0396,0.0
16:28:05,6368.85,6400.0,-462.0278,0.0
16:28:05,6368.85,6405.0,-42.6741,0.0
16:28:05,6368.85,6410.0,-42.3609,0.0
16:28:05,6368.85,6415.0,-17.4323,0.0
16:28:05,6368.85,6420.0,-94.9783,0.0
16:28:05,6368.85,6425.0,-80.0641,0.0
16:28:05,6368.85,6430.0,39.4818,0.0
16:28:05,6368.85,6435.0,-15.8232,0.0
16:28:05,6368.85,6440.0,-188.1426,0.0
16:30:15,6368.85,6295.0,-35.3533,0.0
16:30:15,6368.85,6300.0,-464.5075,0.0
16:30:15,6368.85,6305.0,-22.9469,0.0
16:30:15,6368.85,6310.0,-315.7645,0.0
16:30:15,6368.85,6315.0,-44.1697,0.0
16:30:15,6368.85,6320.0,-55.1607,0.0
16:30:15,6368.85,6325.0,-199.6208,0.0
16:30:15,6368.85,6330.0,-36.5612,0.0
16:30:15,6368.85,6335.0,-21.0407,0.0
16:30:15,6368.85,6340.0,-184.8503,0.0
16:30:15,6368.85,6345.0,-44.5628,0.0
16:30:15,6368.85,6350.0,-329.5677,0.0
16:30:15,6368.85,6355.0,-37.4837,0.0
16:30:15,6368.85,6360.0,-133.2233,0.0
16:30:15,6368.85,6365.0,-30.9297,0.0
16:30:15,6368.85,6370.0,-398.7921,0.0
16:30:15,6368.85,6375.0,-170.3935,0.0
16:30:15,6368.85,6380.0,-158.4019,0.0
16:30:15,6368.85,6385.0,-73.1164,0.0
16:30:15,6368.85,6390.0,-127.3634,0.0
16:30:15,6368.85,6395.0,-71.0396,0.0
16:30:15,6368.85,6400.0,-462.0278,0.0
16:30:15,6368.85,6405.0,-42.6741,0.0
16:30:15,6368.85,6410.0,-42.3609,0.0
16:30:15,6368.85,6415.0,-17.4323,0.0
16:30:15,6368.85,6420.0,-94.9783,0.0
16:30:15,6368.85,6425.0,-80.0641,0.0
16:30:15,6368.85,6430.0,39.4818,0.0
16:30:15,6368.85,6435.0,-15.8232,0.0
16:30:15,6368.85,6440.0,-188.1426,0.0
16:32:24,6368.85,6295.0,-35.3533,0.0
16:32:24,6368.85,6300.0,-464.5075,0.0
16:32:24,6368.85,6305.0,-22.9469,0.0
16:32:24,6368.85,6310.0,-315.7645,0.0
16:32:24,6368.85,6315.0,-44.1697,0.0
16:32:24,6368.85,6320.0,-55.1607,0.0
16:32:24,6368.85,6325.0,-199.6208,0.0
16:32:24,6368.85,6330.0,-36.5612,0.0
16:32:24,6368.85,6335.0,-21.0407,0.0
16:32:24,6368.85,6340.0,-184.8503,0.0
16:32:24,6368.85,6345.0,-44.5628,0.0
16:32:24,6368.85,6350.0,-329.5677,0.0
16:32:24,6368.85,6355.0,-37.4837,0.0
16:32:24,6368.85,6360.0,-133.2233,0.0
16:32:24,6368.85,6365.0,-30.9297,0.0
16:32:24,6368.85,6370.0,-398.7921,0.0
16:32:24,6368.85,6375.0,-170.3935,0.0
16:32:24,6368.85,6380.0,-158.4019,0.0
16:32:24,6368.85,6385.0,-73.1164,0.0
16:32:24,6368.85,6390.0,-127.3634,0.0
16:32:24,6368.85,6395.0,-71.0396,0.0
16:32:24,6368.85,6400.0,-462.0278,0.0
16:32:24,6368.85,6405.0,-42.6741,0.0
16:32:24,6368.85,6410.0,-42.3609,0.0
16:32:24,6368.85,6415.0,-17.4323,0.0
16:32:24,6368.85,6420.0,-94.9783,0.0
16:32:24,6368.85,6425.0,-80.0641,0.0
16:32:24,6368.85,6430.0,39.4818,0.0
16:32:24,6368.85,6435.0,-15.8232,0.0
16:32:24,6368.85,6440.0,-188.1426,0.0
16:34:34,6368.85,6295.0,-35.3533,0.0
16:34:34,6368.85,6300.0,-464.5075,0.0
16:34:34,6368.85,6305.0,-22.9469,0.0
16:34:34,6368.85,6310.0,-315.7645,0.0
16:34:34,6368.85,6315.0,-44.1697,0.0
16:34:34,6368.85,6320.0,-55.1607,0.0
16:34:34,6368.85,6325.0,-199.6208,0.0
16:34:34,6368.85,6330.0,-36.5612,0.0
16:34:34,6368.85,6335.0,-21.0407,0.0
16:34:34,6368.85,6340.0,-184.8503,0.0
16:34:34,6368.85,6345.0,-44.5628,0.0
16:34:34,6368.85,6350.0,-329.5677,0.0
16:34:34,6368.85,6355.0,-37.4837,0.0
16:34:34,6368.85,6360.0,-133.2233,0.0
16:34:34,6368.85,6365.0,-30.9297,0.0
16:34:34,6368.85,6370.0,-398.7921,0.0
16:34:34,6368.85,6375.0,-170.3935,0.0
16:34:34,6368.85,6380.0,-158.4019,0.0
16:34:34,6368.85,6385.0,-73.1164,0.0
16:34:34,6368.85,6390.0,-127.3634,0.0
16:34:34,6368.85,6395.0,-71.0396,0.0
16:34:34,6368.85,6400.0,-462.0278,0.0
16:34:34,6368.85,6405.0,-42.6741,0.0
16:34:34,6368.85,6410.0,-42.3609,0.0
16:34:34,6368.85,6415.0,-17.4323,0.0
16:34:34,6368.85,6420.0,-94.9783,0.0
16:34:34,6368.85,6425.0,-80.0641,0.0
16:34:34,6368.85,6430.0,39.4818,0.0
16:34:34,6368.85,6435.0,-15.8232,0.0
16:34:34,6368.85,6440.0,-188.1426,0.0
16:36:44,6368.85,6295.0,-35.3533,0.0
16:36:44,6368.85,6300.0,-464.5075,0.0
16:36:44,6368.85,6305.0,-22.9469,0.0
16:36:44,6368.85,6310.0,-315.7645,0.0
16:36:44,6368.85,6315.0,-44.1697,0.0
16:36:44,6368.85,6320.0,-55.1607,0.0
16:36:44,6368.85,6325.0,-199.6208,0.0
16:36:44,6368.85,6330.0,-36.5612,0.0
16:36:44,6368.85,6335.0,-21.0407,0.0
16:36:44,6368.85,6340.0,-184.8503,0.0
16:36:44,6368.85,6345.0,-44.5628,0.0
16:36:44,6368.85,6350.0,-329.5677,0.0
16:36:44,6368.85,6355.0,-37.4837,0.0
16:36:44,6368.85,6360.0,-133.2233,0.0
16:36:44,6368.85,6365.0,-30.9297,0.0
16:36:44,6368.85,6370.0,-398.7921,0.0
16:36:44,6368.85,6375.0,-170.3935,0.0
16:36:44,6368.85,6380.0,-158.4019,0.0
16:36:44,6368.85,6385.0,-73.1164,0.0
16:36:44,6368.85,6390.0,-127.3634,0.0
16:36:44,6368.85,6395.0,-71.0396,0.0
16:36:44,6368.85,6400.0,-462.0278,0.0
16:36:44,6368.85,6405.0,-42.6741,0.0
16:36:44,6368.85,6410.0,-42.3609,0.0
16:36:44,6368.85,6415.0,-17.4323,0.0
16:36:44,6368.85,6420.0,-94.9783,0.0
16:36:44,6368.85,6425.0,-80.0641,0.0
16:36:44,6368.85,6430.0,39.4818,0.0
16:36:44,6368.85,6435.0,-15.8232,0.0
16:36:44,6368.85,6440.0,-188.1426,0.0
16:38:53,6368.85,6295.0,-35.3533,0.0
16:38:53,6368.85,6300.0,-464.5075,0.0
16:38:53,6368.85,6305.0,-22.9469,0.0
16:38:53,6368.85,6310.0,-315.7645,0.0
16:38:53,6368.85,6315.0,-44.1697,0.0
16:38:53,6368.85,6320.0,-55.1607,0.0
16:38:53,6368.85,6325.0,-199.6208,0.0
16:38:53,6368.85,6330.0,-36.5612,0.0
16:38:53,6368.85,6335.0,-21.0407,0.0
16:38:53,6368.85,6340.0,-184.8503,0.0
16:38:53,6368.85,6345.0,-44.5628,0.0
16:38:53,6368.85,6350.0,-329.5677,0.0
16:38:53,6368.85,6355.0,-37.4837,0.0
16:38:53,6368.85,6360.0,-133.2233,0.0
16:38:53,6368.85,6365.0,-30.9297,0.0
16:38:53,6368.85,6370.0,-398.7921,0.0
16:38:53,6368.85,6375.0,-170.3935,0.0
16:38:53,6368.85,6380.0,-158.4019,0.0
16:38:53,6368.85,6385.0,-73.1164,0.0
16:38:53,6368.85,6390.0,-127.3634,0.0
16:38:53,6368.85,6395.0,-71.0396,0.0
16:38:53,6368.85,6400.0,-462.0278,0.0
16:38:53,6368.85,6405.0,-42.6741,0.0
16:38:53,6368.85,6410.0,-42.3609,0.0
16:38:53,6368.85,6415.0,-17.4323,0.0
16:38:53,6368.85,6420.0,-94.9783,0.0
16:38:53,6368.85,6425.0,-80.0641,0.0
16:38:53,6368.85,6430.0,39.4818,0.0
16:38:53,6368.85,6435.0,-15.8232,0.0
16:38:53,6368.85,6440.0,-188.1426,0.0
16:41:03,6368.85,6295.0,-35.3533,0.0
16:41:03,6368.85,6300.0,-464.5075,0.0
16:41:03,6368.85,6305.0,-22.9469,0.0
16:41:03,6368.85,6310.0,-315.7645,0.0
16:41:03,6368.85,6315.0,-44.1697,0.0
16:41:03,6368.85,6320.0,-55.1607,0.0
16:41:03,6368.85,6325.0,-199.6208,0.0
16:41:03,6368.85,6330.0,-36.5612,0.0
16:41:03,6368.85,6335.0,-21.0407,0.0
16:41:03,6368.85,6340.0,-184.8503,0.0
16:41:03,6368.85,6345.0,-44.5628,0.0
16:41:03,6368.85,6350.0,-329.5677,0.0
16:41:03,6368.85,6355.0,-37.4837,0.0
16:41:03,6368.85,6360.0,-133.2233,0.0
16:41:03,6368.85,6365.0,-30.9297,0.0
16:41:03,6368.85,6370.0,-398.7921,0.0
16:41:03,6368.85,6375.0,-170.3935,0.0
16:41:03,6368.85,6380.0,-158.4019,0.0
16:41:03,6368.85,6385.0,-73.1164,0.0
16:41:03,6368.85,6390.0,-127.3634,0.0
16:41:03,6368.85,6395.0,-71.0396,0.0
16:41:03,6368.85,6400.0,-462.0278,0.0
16:41:03,6368.85,6405.0,-42.6741,0.0
16:41:03,6368.85,6410.0,-42.3609,0.0
16:41:03,6368.85,6415.0,-17.4323,0.0
16:41:03,6368.85,6420.0,-94.9783,0.0
16:41:03,6368.85,6425.0,-80.0641,0.0
16:41:03,6368.85,6430.0,39.4818,0.0
16:41:03,6368.85,6435.0,-15.8232,0.0
16:41:03,6368.85,6440.0,-188.1426,0.0
16:43:13,6368.85,6295.0,-35.3533,0.0
16:43:13,6368.85,6300.0,-464.5075,0.0
16:43:13,6368.85,6305.0,-22.9469,0.0
16:43:13,6368.85,6310.0,-315.7645,0.0
16:43:13,6368.85,6315.0,-44.1697,0.0
16:43:13,6368.85,6320.0,-55.1607,0.0
16:43:13,6368.85,6325.0,-199.6208,0.0
16:43:13,6368.85,6330.0,-36.5612,0.0
16:43:13,6368.85,6335.0,-21.0407,0.0
16:43:13,6368.85,6340.0,-184.8503,0.0
16:43:13,6368.85,6345.0,-44.5628,0.0
16:43:13,6368.85,6350.0,-329.5677,0.0
16:43:13,6368.85,6355.0,-37.4837,0.0
16:43:13,6368.85,6360.0,-133.2233,0.0
16:43:13,6368.85,6365.0,-30.9297,0.0
16:43:13,6368.85,6370.0,-398.7921,0.0
16:43:13,6368.85,6375.0,-170.3935,0.0
16:43:13,6368.85,6380.0,-158.4019,0.0
16:43:13,6368.85,6385.0,-73.1164,0.0
16:43:13,6368.85,6390.0,-127.3634,0.0
16:43:13,6368.85,6395.0,-71.0396,0.0
16:43:13,6368.85,6400.0,-462.0278,0.0
16:43:13,6368.85,6405.0,-42.6741,0.0
16:43:13,6368.85,6410.0,-42.3609,0.0
16:43:13,6368.85,6415.0,-17.4323,0.0
16:43:13,6368.85,6420.0,-94.9783,0.0
16:43:13,6368.85,6425.0,-80.0641,0.0
16:43:13,6368.85,6430.0,39.4818,0.0
16:43:13,6368.85,6435.0,-15.8232,0.0
16:43:13,6368.85,6440.0,-188.1426,0.0
16:45:22,6368.85,6295.0,-35.3533,0.0
16:45:22,6368.85,6300.0,-464.5075,0.0
16:45:22,6368.85,6305.0,-22.9469,0.0
16:45:22,6368.85,6310.0,-315.7645,0.0
16:45:22,6368.85,6315.0,-44.1697,0.0
16:45:22,6368.85,6320.0,-55.1607,0.0
16:45:22,6368.85,6325.0,-199.6208,0.0
16:45:22,6368.85,6330.0,-36.5612,0.0
16:45:22,6368.85,6335.0,-21.0407,0.0
16:45:22,6368.85,6340.0,-184.8503,0.0
16:45:22,6368.85,6345.0,-44.5628,0.0
16:45:22,6368.85,6350.0,-329.5677,0.0
16:45:22,6368.85,6355.0,-37.4837,0.0
16:45:22,6368.85,6360.0,-133.2233,0.0
16:45:22,6368.85,6365.0,-30.9297,0.0
16:45:22,6368.85,6370.0,-398.7921,0.0
16:45:22,6368.85,6375.0,-170.3935,0.0
16:45:22,6368.85,6380.0,-158.4019,0.0
16:45:22,6368.85,6385.0,-73.1164,0.0
16:45:22,6368.85,6390.0,-127.3634,0.0
16:45:22,6368.85,6395.0,-71.0396,0.0
16:45:22,6368.85,6400.0,-462.0278,0.0
16:45:22,6368.85,6405.0,-42.6741,0.0
16:45:22,6368.85,6410.0,-42.3609,0.0
16:45:22,6368.85,6415.0,-17.4323,0.0
16:45:22,6368.85,6420.0,-94.9783,0.0
16:45:22,6368.85,6425.0,-80.0641,0.0
16:45:22,6368.85,6430.0,39.4818,0.0
16:45:22,6368.85,6435.0,-15.8232,0.0
16:45:22,6368.85,6440.0,-188.1426,0.0
16:47:32,6368.85,6295.0,-35.3533,0.0
16:47:32,6368.85,6300.0,-464.5075,0.0
16:47:32,6368.85,6305.0,-22.9469,0.0
16:47:32,6368.85,6310.0,-315.7645,0.0
16:47:32,6368.85,6315.0,-44.1697,0.0
16:47:32,6368.85,6320.0,-55.1607,0.0
16:47:32,6368.85,6325.0,-199.6208,0.0
16:47:32,6368.85,6330.0,-36.5612,0.0
16:47:32,6368.85,6335.0,-21.0407,0.0
16:47:32,6368.85,6340.0,-184.8503,0.0
16:47:32,6368.85,6345.0,-44.5628,0.0
16:47:32,6368.85,6350.0,-329.5677,0.0
16:47:32,6368.85,6355.0,-37.4837,0.0
16:47:32,6368.85,6360.0,-133.2233,0.0
16:47:32,6368.85,6365.0,-30.9297,0.0
16:47:32,6368.85,6370.0,-398.7921,0.0
16:47:32,6368.85,6375.0,-170.3935,0.0
16:47:32,6368.85,6380.0,-158.4019,0.0
16:47:32,6368.85,6385.0,-73.1164,0.0
16:47:32,6368.85,6390.0,-127.3634,0.0
16:47:32,6368.85,6395.0,-71.0396,0.0
16:47:32,6368.85,6400.0,-462.0278,0.0
16:47:32,6368.85,6405.0,-42.6741,0.0
16:47:32,6368.85,6410.0,-42.3609,0.0
16:47:32,6368.85,6415.0,-17.4323,0.0
16:47:32,6368.85,6420.0,-94.9783,0.0
16:47:32,6368.85,6425.0,-80.0641,0.0
16:47:32,6368.85,6430.0,39.4818,0.0
16:47:32,6368.85,6435.0,-15.8232,0.0
16:47:32,6368.85,6440.0,-188.1426,0.0
16:49:42,6368.85,6295.0,-35.3533,0.0
16:49:42,6368.85,6300.0,-464.5075,0.0
16:49:42,6368.85,6305.0,-22.9469,0.0
16:49:42,6368.85,6310.0,-315.7645,0.0
16:49:42,6368.85,6315.0,-44.1697,0.0
16:49:42,6368.85,6320.0,-55.1607,0.0
16:49:42,6368.85,6325.0,-199.6208,0.0
16:49:42,6368.85,6330.0,-36.5612,0.0
16:49:42,6368.85,6335.0,-21.0407,0.0
16:49:42,6368.85,6340.0,-184.8503,0.0
16:49:42,6368.85,6345.0,-44.5628,0.0
16:49:42,6368.85,6350.0,-329.5677,0.0
16:49:42,6368.85,6355.0,-37.4837,0.0
16:49:42,6368.85,6360.0,-133.2233,0.0
16:49:42,6368.85,6365.0,-30.9297,0.0
16:49:42,6368.85,6370.0,-398.7921,0.0
16:49:42,6368.85,6375.0,-170.3935,0.0
16:49:42,6368.85,6380.0,-158.4019,0.0
16:49:42,6368.85,6385.0,-73.1164,0.0
16:49:42,6368.85,6390.0,-127.3634,0.0
16:49:42,6368.85,6395.0,-71.0396,0.0
16:49:42,6368.85,6400.0,-462.0278,0.0
16:49:42,6368.85,6405.0,-42.6741,0.0
16:49:42,6368.85,6410.0,-42.3609,0.0
16:49:42,6368.85,6415.0,-17.4323,0.0
16:49:42,6368.85,6420.0,-94.9783,0.0
16:49:42,6368.85,6425.0,-80.0641,0.0
16:49:42,6368.85,6430.0,39.4818,0.0
16:49:42,6368.85,6435.0,-15.8232,0.0
16:49:42,6368.85,6440.0,-188.1426,0.0
16:51:52,6368.85,6295.0,-35.3533,0.0
16:51:52,6368.85,6300.0,-464.5075,0.0
16:51:52,6368.85,6305.0,-22.9469,0.0
16:51:52,6368.85,6310.0,-315.7645,0.0
16:51:52,6368.85,6315.0,-44.1697,0.0
16:51:52,6368.85,6320.0,-55.1607,0.0
16:51:52,6368.85,6325.0,-199.6208,0.0
16:51:52,6368.85,6330.0,-36.5612,0.0
16:51:52,6368.85,6335.0,-21.0407,0.0
16:51:52,6368.85,6340.0,-184.8503,0.0
16:51:52,6368.85,6345.0,-44.5628,0.0
16:51:52,6368.85,6350.0,-329.5677,0.0
16:51:52,6368.85,6355.0,-37.4837,0.0
16:51:52,6368.85,6360.0,-133.2233,0.0
16:51:52,6368.85,6365.0,-30.9297,0.0
16:51:52,6368.85,6370.0,-398.7921,0.0
16:51:52,6368.85,6375.0,-170.3935,0.0
16:51:52,6368.85,6380.0,-158.4019,0.0
16:51:52,6368.85,6385.0,-73.1164,0.0
16:51:52,6368.85,6390.0,-127.3634,0.0
16:51:52,6368.85,6395.0,-71.0396,0.0
16:51:52,6368.85,6400.0,-462.0278,0.0
16:51:52,6368.85,6405.0,-42.6741,0.0
16:51:52,6368.85,6410.0,-42.3609,0.0
16:51:52,6368.85,6415.0,-17.4323,0.0
16:51:52,6368.85,6420.0,-94.9783,0.0
16:51:52,6368.85,6425.0,-80.0641,0.0
16:51:52,6368.85,6430.0,39.4818,0.0
16:51:52,6368.85,6435.0,-15.8232,0.0
16:51:52,6368.85,6440.0,-188.1426,0.0
16:54:01,6368.85,6295.0,-35.3533,0.0
16:54:01,6368.85,6300.0,-464.5075,0.0
16:54:01,6368.85,6305.0,-22.9469,0.0
16:54:01,6368.85,6310.0,-315.7645,0.0
16:54:01,6368.85,6315.0,-44.1697,0.0
16:54:01,6368.85,6320.0,-55.1607,0.0
16:54:01,6368.85,6325.0,-199.6208,0.0
16:54:01,6368.85,6330.0,-36.5612,0.0
16:54:01,6368.85,6335.0,-21.0407,0.0
16:54:01,6368.85,6340.0,-184.8503,0.0
16:54:01,6368.85,6345.0,-44.5628,0.0
16:54:01,6368.85,6350.0,-329.5677,0.0
16:54:01,6368.85,6355.0,-37.4837,0.0
16:54:01,6368.85,6360.0,-133.2233,0.0
16:54:01,6368.85,6365.0,-30.9297,0.0
16:54:01,6368.85,6370.0,-398.7921,0.0
16:54:01,6368.85,6375.0,-170.3935,0.0
16:54:01,6368.85,6380.0,-158.4019,0.0
16:54:01,6368.85,6385.0,-73.1164,0.0
16:54:01,6368.85,6390.0,-127.3634,0.0
16:54:01,6368.85,6395.0,-71.0396,0.0
16:54:01,6368.85,6400.0,-462.0278,0.0
16:54:01,6368.85,6405.0,-42.6741,0.0
16:54:01,6368.85,6410.0,-42.3609,0.0
16:54:01,6368.85,6415.0,-17.4323,0.0
16:54:01,6368.85,6420.0,-94.9783,0.0
16:54:01,6368.85,6425.0,-80.0641,0.0
16:54:01,6368.85,6430.0,39.4818,0.0
16:54:01,6368.85,6435.0,-15.8232,0.0
16:54:01,6368.85,6440.0,-188.1426,0.0
16:56:11,6368.85,6295.0,-35.3533,0.0
16:56:11,6368.85,6300.0,-464.5075,0.0
16:56:11,6368.85,6305.0,-22.9469,0.0
16:56:11,6368.85,6310.0,-315.7645,0.0
16:56:11,6368.85,6315.0,-44.1697,0.0
16:56:11,6368.85,6320.0,-55.1607,0.0
16:56:11,6368.85,6325.0,-199.6208,0.0
16:56:11,6368.85,6330.0,-36.5612,0.0
16:56:11,6368.85,6335.0,-21.0407,0.0
16:56:11,6368.85,6340.0,-184.8503,0.0
16:56:11,6368.85,6345.0,-44.5628,0.0
16:56:11,6368.85,6350.0,-329.5677,0.0
16:56:11,6368.85,6355.0,-37.4837,0.0
16:56:11,6368.85,6360.0,-133.2233,0.0
16:56:11,6368.85,6365.0,-30.9297,0.0
16:56:11,6368.85,6370.0,-398.7921,0.0
16:56:11,6368.85,6375.0,-170.3935,0.0
16:56:11,6368.85,6380.0,-158.4019,0.0
16:56:11,6368.85,6385.0,-73.1164,0.0
16:56:11,6368.85,6390.0,-127.3634,0.0
16:56:11,6368.85,6395.0,-71.0396,0.0
16:56:11,6368.85,6400.0,-462.0278,0.0
16:56:11,6368.85,6405.0,-42.6741,0.0
16:56:11,6368.85,6410.0,-42.3609,0.0
16:56:11,6368.85,6415.0,-17.4323,0.0
16:56:11,6368.85,6420.0,-94.9783,0.0
16:56:11,6368.85,6425.0,-80.0641,0.0
16:56:11,6368.85,6430.0,39.4818,0.0
16:56:11,6368.85,6435.0,-15.8232,0.0
16:56:11,6368.85,6440.0,-188.1426,0.0
16:58:21,6368.85,6295.0,-35.3533,0.0
16:58:21,6368.85,6300.0,-464.5075,0.0
16:58:21,6368.85,6305.0,-22.9469,0.0
16:58:21,6368.85,6310.0,-315.7645,0.0
16:58:21,6368.85,6315.0,-44.1697,0.0
16:58:21,6368.85,6320.0,-55.1607,0.0
16:58:21,6368.85,6325.0,-199.6208,0.0
16:58:21,6368.85,6330.0,-36.5612,0.0
16:58:21,6368.85,6335.0,-21.0407,0.0
16:58:21,6368.85,6340.0,-184.8503,0.0
16:58:21,6368.85,6345.0,-44.5628,0.0
16:58:21,6368.85,6350.0,-329.5677,0.0
16:58:21,6368.85,6355.0,-37.4837,0.0
16:58:21,6368.85,6360.0,-133.2233,0.0
16:58:21,6368.85,6365.0,-30.9297,0.0
16:58:21,6368.85,6370.0,-398.7921,0.0
16:58:21,6368.85,6375.0,-170.3935,0.0
16:58:21,6368.85,6380.0,-158.4019,0.0
16:58:21,6368.85,6385.0,-73.1164,0.0
16:58:21,6368.85,6390.0,-127.3634,0.0
16:58:21,6368.85,6395.0,-71.0396,0.0
16:58:21,6368.85,6400.0,-462.0278,0.0
16:58:21,6368.85,6405.0,-42.6741,0.0
16:58:21,6368.85,6410.0,-42.3609,0.0
16:58:21,6368.85,6415.0,-17.4323,0.0
16:58:21,6368.85,6420.0,-94.9783,0.0
16:58:21,6368.85,6425.0,-80.0641,0.0
16:58:21,6368.85,6430.0,39.4818,0.0
16:58:21,6368.85,6435.0,-15.8232,0.0
16:58:21,6368.85,6440.0,-188.1426,0.0
17:00:30,6368.85,6295.0,-35.3533,0.0
17:00:30,6368.85,6300.0,-464.5075,0.0
17:00:30,6368.85,6305.0,-22.9469,0.0
17:00:30,6368.85,6310.0,-315.7645,0.0
17:00:30,6368.85,6315.0,-44.1697,0.0
17:00:30,6368.85,6320.0,-55.1607,0.0
17:00:30,6368.85,6325.0,-199.6208,0.0
17:00:30,6368.85,6330.0,-36.5612,0.0
17:00:30,6368.85,6335.0,-21.0407,0.0
17:00:30,6368.85,6340.0,-184.8503,0.0
17:00:30,6368.85,6345.0,-44.5628,0.0
17:00:30,6368.85,6350.0,-329.5677,0.0
17:00:30,6368.85,6355.0,-37.4837,0.0
17:00:30,6368.85,6360.0,-133.2233,0.0
17:00:30,6368.85,6365.0,-30.9297,0.0
17:00:30,6368.85,6370.0,-398.7921,0.0
17:00:30,6368.85,6375.0,-170.3935,0.0
17:00:30,6368.85,6380.0,-158.4019,0.0
17:00:30,6368.85,6385.0,-73.1164,0.0
17:00:30,6368.85,6390.0,-127.3634,0.0
17:00:30,6368.85,6395.0,-71.0396,0.0
17:00:30,6368.85,6400.0,-462.0278,0.0
17:00:30,6368.85,6405.0,-42.6741,0.0
17:00:30,6368.85,6410.0,-42.3609,0.0
17:00:30,6368.85,6415.0,-17.4323,0.0
17:00:30,6368.85,6420.0,-94.9783,0.0
17:00:30,6368.85,6425.0,-80.0641,0.0
17:00:30,6368.85,6430.0,39.4818,0.0
17:00:30,6368.85,6435.0,-15.8232,0.0
17:00:30,6368.85,6440.0,-188.1426,0.0
17:02:40,6368.85,6295.0,-35.3533,0.0
17:02:40,6368.85,6300.0,-464.5075,0.0
17:02:40,6368.85,6305.0,-22.9469,0.0
17:02:40,6368.85,6310.0,-315.7645,0.0
17:02:40,6368.85,6315.0,-44.1697,0.0
17:02:40,6368.85,6320.0,-55.1607,0.0
17:02:40,6368.85,6325.0,-199.6208,0.0
17:02:40,6368.85,6330.0,-36.5612,0.0
17:02:40,6368.85,6335.0,-21.0407,0.0
17:02:40,6368.85,6340.0,-184.8503,0.0
17:02:40,6368.85,6345.0,-44.5628,0.0
17:02:40,6368.85,6350.0,-329.5677,0.0
17:02:40,6368.85,6355.0,-37.4837,0.0
17:02:40,6368.85,6360.0,-133.2233,0.0
17:02:40,6368.85,6365.0,-30.9297,0.0
17:02:40,6368.85,6370.0,-398.7921,0.0
17:02:40,6368.85,6375.0,-170.3935,0.0
17:02:40,6368.85,6380.0,-158.4019,0.0
17:02:40,6368.85,6385.0,-73.1164,0.0
17:02:40,6368.85,6390.0,-127.3634,0.0
17:02:40,6368.85,6395.0,-71.0396,0.0
17:02:40,6368.85,6400.0,-462.0278,0.0
17:02:40,6368.85,6405.0,-42.6741,0.0
17:02:40,6368.85,6410.0,-42.3609,0.0
17:02:40,6368.85,6415.0,-17.4323,0.0
17:02:40,6368.85,6420.0,-94.9783,0.0
17:02:40,6368.85,6425.0,-80.0641,0.0
17:02:40,6368.85,6430.0,39.4818,0.0
17:02:40,6368.85,6435.0,-15.8232,0.0
17:02:40,6368.85,6440.0,-188.1426,0.0
17:04:50,6368.85,6295.0,-35.3533,0.0
17:04:50,6368.85,6300.0,-464.5075,0.0
17:04:50,6368.85,6305.0,-22.9469,0.0
17:04:50,6368.85,6310.0,-315.7645,0.0
17:04:50,6368.85,6315.0,-44.1697,0.0
17:04:50,6368.85,6320.0,-55.1607,0.0
17:04:50,6368.85,6325.0,-199.6208,0.0
17:04:50,6368.85,6330.0,-36.5612,0.0
17:04:50,6368.85,6335.0,-21.0407,0.0
17:04:50,6368.85,6340.0,-184.8503,0.0
17:04:50,6368.85,6345.0,-44.5628,0.0
17:04:50,6368.85,6350.0,-329.5677,0.0
17:04:50,6368.85,6355.0,-37.4837,0.0
17:04:50,6368.85,6360.0,-133.2233,0.0
17:04:50,6368.85,6365.0,-30.9297,0.0
17:04:50,6368.85,6370.0,-398.7921,0.0
17:04:50,6368.85,6375.0,-170.3935,0.0
17:04:50,6368.85,6380.0,-158.4019,0.0
17:04:50,6368.85,6385.0,-73.1164,0.0
17:04:50,6368.85,6390.0,-127.3634,0.0
17:04:50,6368.85,6395.0,-71.0396,0.0
17:04:50,6368.85,6400.0,-462.0278,0.0
17:04:50,6368.85,6405.0,-42.6741,0.0
17:04:50,6368.85,6410.0,-42.3609,0.0
17:04:50,6368.85,6415.0,-17.4323,0.0
17:04:50,6368.85,6420.0,-94.9783,0.0
17:04:50,6368.85,6425.0,-80.0641,0.0
17:04:50,6368.85,6430.0,39.4818,0.0
17:04:50,6368.85,6435.0,-15.8232,0.0
17:04:50,6368.85,6440.0,-188.1426,0.0
17:06:59,6368.85,6295.0,-35.3533,0.0
17:06:59,6368.85,6300.0,-464.5075,0.0
17:06:59,6368.85,6305.0,-22.9469,0.0
17:06:59,6368.85,6310.0,-315.7645,0.0
17:06:59,6368.85,6315.0,-44.1697,0.0
17:06:59,6368.85,6320.0,-55.1607,0.0
17:06:59,6368.85,6325.0,-199.6208,0.0
17:06:59,6368.85,6330.0,-36.5612,0.0
17:06:59,6368.85,6335.0,-21.0407,0.0
17:06:59,6368.85,6340.0,-184.8503,0.0
17:06:59,6368.85,6345.0,-44.5628,0.0
17:06:59,6368.85,6350.0,-329.5677,0.0
17:06:59,6368.85,6355.0,-37.4837,0.0
17:06:59,6368.85,6360.0,-133.2233,0.0
17:06:59,6368.85,6365.0,-30.9297,0.0
17:06:59,6368.85,6370.0,-398.7921,0.0
17:06:59,6368.85,6375.0,-170.3935,0.0
17:06:59,6368.85,6380.0,-158.4019,0.0
17:06:59,6368.85,6385.0,-73.1164,0.0
17:06:59,6368.85,6390.0,-127.3634,0.0
17:06:59,6368.85,6395.0,-71.0396,0.0
17:06:59,6368.85,6400.0,-462.0278,0.0
17:06:59,6368.85,6405.0,-42.6741,0.0
17:06:59,6368.85,6410.0,-42.3609,0.0
17:06:59,6368.85,6415.0,-17.4323,0.0
17:06:59,6368.85,6420.0,-94.9783,0.0
17:06:59,6368.85,6425.0,-80.0641,0.0
17:06:59,6368.85,6430.0,39.4818,0.0
17:06:59,6368.85,6435.0,-15.8232,0.0
17:06:59,6368.85,6440.0,-188.1426,0.0
17:09:09,6368.85,6295.0,-35.3533,0.0
17:09:09,6368.85,6300.0,-464.5075,0.0
17:09:09,6368.85,6305.0,-22.9469,0.0
17:09:09,6368.85,6310.0,-315.7645,0.0
17:09:09,6368.85,6315.0,-44.1697,0.0
17:09:09,6368.85,6320.0,-55.1607,0.0
17:09:09,6368.85,6325.0,-199.6208,0.0
17:09:09,6368.85,6330.0,-36.5612,0.0
17:09:09,6368.85,6335.0,-21.0407,0.0
17:09:09,6368.85,6340.0,-184.8503,0.0
17:09:09,6368.85,6345.0,-44.5628,0.0
17:09:09,6368.85,6350.0,-329.5677,0.0
17:09:09,6368.85,6355.0,-37.4837,0.0
17:09:09,6368.85,6360.0,-133.2233,0.0
17:09:09,6368.85,6365.0,-30.9297,0.0
17:09:09,6368.85,6370.0,-398.7921,0.0
17:09:09,6368.85,6375.0,-170.3935,0.0
17:09:09,6368.85,6380.0,-158.4019,0.0
17:09:09,6368.85,6385.0,-73.1164,0.0
17:09:09,6368.85,6390.0,-127.3634,0.0
17:09:09,6368.85,6395.0,-71.0396,0.0
17:09:09,6368.85,6400.0,-462.0278,0.0
17:09:09,6368.85,6405.0,-42.6741,0.0
17:09:09,6368.85,6410.0,-42.3609,0.0
17:09:09,6368.85,6415.0,-17.4323,0.0
17:09:09,6368.85,6420.0,-94.9783,0.0
17:09:09,6368.85,6425.0,-80.0641,0.0
17:09:09,6368.85,6430.0,39.4818,0.0
17:09:09,6368.85,6435.0,-15.8232,0.0
17:09:09,6368.85,6440.0,-188.1426,0.0
17:11:19,6368.85,6295.0,-35.3533,0.0
17:11:19,6368.85,6300.0,-464.5075,0.0
17:11:19,6368.85,6305.0,-22.9469,0.0
17:11:19,6368.85,6310.0,-315.7645,0.0
17:11:19,6368.85,6315.0,-44.1697,0.0
17:11:19,6368.85,6320.0,-55.1607,0.0
17:11:19,6368.85,6325.0,-199.6208,0.0
17:11:19,6368.85,6330.0,-36.5612,0.0
17:11:19,6368.85,6335.0,-21.0407,0.0
17:11:19,6368.85,6340.0,-184.8503,0.0
17:11:19,6368.85,6345.0,-44.5628,0.0
17:11:19,6368.85,6350.0,-329.5677,0.0
17:11:19,6368.85,6355.0,-37.4837,0.0
17:11:19,6368.85,6360.0,-133.2233,0.0
17:11:19,6368.85,6365.0,-30.9297,0.0
17:11:19,6368.85,6370.0,-398.7921,0.0
17:11:19,6368.85,6375.0,-170.3935,0.0
17:11:19,6368.85,6380.0,-158.4019,0.0
17:11:19,6368.85,6385.0,-73.1164,0.0
17:11:19,6368.85,6390.0,-127.3634,0.0
17:11:19,6368.85,6395.0,-71.0396,0.0
17:11:19,6368.85,6400.0,-462.0278,0.0
17:11:19,6368.85,6405.0,-42.6741,0.0
17:11:19,6368.85,6410.0,-42.3609,0.0
17:11:19,6368.85,6415.0,-17.4323,0.0
17:11:19,6368.85,6420.0,-94.9783,0.0
17:11:19,6368.85,6425.0,-80.0641,0.0
17:11:19,6368.85,6430.0,39.4818,0.0
17:11:19,6368.85,6435.0,-15.8232,0.0
17:11:19,6368.85,6440.0,-188.1426,0.0
17:13:28,6368.85,6295.0,-35.3533,0.0
17:13:28,6368.85,6300.0,-464.5075,0.0
17:13:28,6368.85,6305.0,-22.9469,0.0
17:13:28,6368.85,6310.0,-315.7645,0.0
17:13:28,6368.85,6315.0,-44.1697,0.0
17:13:28,6368.85,6320.0,-55.1607,0.0
17:13:28,6368.85,6325.0,-199.6208,0.0
17:13:28,6368.85,6330.0,-36.5612,0.0
17:13:28,6368.85,6335.0,-21.0407,0.0
17:13:28,6368.85,6340.0,-184.8503,0.0
17:13:28,6368.85,6345.0,-44.5628,0.0
17:13:28,6368.85,6350.0,-329.5677,0.0
17:13:28,6368.85,6355.0,-37.4837,0.0
17:13:28,6368.85,6360.0,-133.2233,0.0
17:13:28,6368.85,6365.0,-30.9297,0.0
17:13:28,6368.85,6370.0,-398.7921,0.0
17:13:28,6368.85,6375.0,-170.3935,0.0
17:13:28,6368.85,6380.0,-158.4019,0.0
17:13:28,6368.85,6385.0,-73.1164,0.0
17:13:28,6368.85,6390.0,-127.3634,0.0
17:13:28,6368.85,6395.0,-71.0396,0.0
17:13:28,6368.85,6400.0,-462.0278,0.0
17:13:28,6368.85,6405.0,-42.6741,0.0
17:13:28,6368.85,6410.0,-42.3609,0.0
17:13:28,6368.85,6415.0,-17.4323,0.0
17:13:28,6368.85,6420.0,-94.9783,0.0
17:13:28,6368.85,6425.0,-80.0641,0.0
17:13:28,6368.85,6430.0,39.4818,0.0
17:13:28,6368.85,6435.0,-15.8232,0.0
17:13:28,6368.85,6440.0,-188.1426,0.0
17:15:38,6368.85,6295.0,-35.3533,0.0
17:15:38,6368.85,6300.0,-464.5075,0.0
17:15:38,6368.85,6305.0,-22.9469,0.0
17:15:38,6368.85,6310.0,-315.7645,0.0
17:15:38,6368.85,6315.0,-44.1697,0.0
17:15:38,6368.85,6320.0,-55.1607,0.0
17:15:38,6368.85,6325.0,-199.6208,0.0
17:15:38,6368.85,6330.0,-36.5612,0.0
17:15:38,6368.85,6335.0,-21.0407,0.0
17:15:38,6368.85,6340.0,-184.8503,0.0
17:15:38,6368.85,6345.0,-44.5628,0.0
17:15:38,6368.85,6350.0,-329.5677,0.0
17:15:38,6368.85,6355.0,-37.4837,0.0
17:15:38,6368.85,6360.0,-133.2233,0.0
17:15:38,6368.85,6365.0,-30.9297,0.0
17:15:38,6368.85,6370.0,-398.7921,0.0
17:15:38,6368.85,6375.0,-170.3935,0.0
17:15:38,6368.85,6380.0,-158.4019,0.0
17:15:38,6368.85,6385.0,-73.1164,0.0
17:15:38,6368.85,6390.0,-127.3634,0.0
17:15:38,6368.85,6395.0,-71.0396,0.0
17:15:38,6368.85,6400.0,-462.0278,0.0
17:15:38,6368.85,6405.0,-42.6741,0.0
17:15:38,6368.85,6410.0,-42.3609,0.0
17:15:38,6368.85,6415.0,-17.4323,0.0
17:15:38,6368.85,6420.0,-94.9783,0.0
17:15:38,6368.85,6425.0,-80.0641,0.0
17:15:38,6368.85,6430.0,39.4818,0.0
17:15:38,6368.85,6435.0,-15.8232,0.0
17:15:38,6368.85,6440.0,-188.1426,0.0
17:17:48,6368.85,6295.0,-35.3533,0.0
17:17:48,6368.85,6300.0,-464.5075,0.0
17:17:48,6368.85,6305.0,-22.9469,0.0
17:17:48,6368.85,6310.0,-315.7645,0.0
17:17:48,6368.85,6315.0,-44.1697,0.0
17:17:48,6368.85,6320.0,-55.1607,0.0
17:17:48,6368.85,6325.0,-199.6208,0.0
17:17:48,6368.85,6330.0,-36.5612,0.0
17:17:48,6368.85,6335.0,-21.0407,0.0
17:17:48,6368.85,6340.0,-184.8503,0.0
17:17:48,6368.85,6345.0,-44.5628,0.0
17:17:48,6368.85,6350.0,-329.5677,0.0
17:17:48,6368.85,6355.0,-37.4837,0.0
17:17:48,6368.85,6360.0,-133.2233,0.0
17:17:48,6368.85,6365.0,-30.9297,0.0
17:17:48,6368.85,6370.0,-398.7921,0.0
17:17:48,6368.85,6375.0,-170.3935,0.0
17:17:48,6368.85,6380.0,-158.4019,0.0
17:17:48,6368.85,6385.0,-73.1164,0.0
17:17:48,6368.85,6390.0,-127.3634,0.0
17:17:48,6368.85,6395.0,-71.0396,0.0
17:17:48,6368.85,6400.0,-462.0278,0.0
17:17:48,6368.85,6405.0,-42.6741,0.0
17:17:48,6368.85,6410.0,-42.3609,0.0
17:17:48,6368.85,6415.0,-17.4323,0.0
17:17:48,6368.85,6420.0,-94.9783,0.0
17:17:48,6368.85,6425.0,-80.0641,0.0
17:17:48,6368.85,6430.0,39.4818,0.0
17:17:48,6368.85,6435.0,-15.8232,0.0
17:17:48,6368.85,6440.0,-188.1426,0.0
17:19:57,6368.85,6295.0,-35.3533,0.0
17:19:57,6368.85,6300.0,-464.5075,0.0
17:19:57,6368.85,6305.0,-22.9469,0.0
17:19:57,6368.85,6310.0,-315.7645,0.0
17:19:57,6368.85,6315.0,-44.1697,0.0
17:19:57,6368.85,6320.0,-55.1607,0.0
17:19:57,6368.85,6325.0,-199.6208,0.0
17:19:57,6368.85,6330.0,-36.5612,0.0
17:19:57,6368.85,6335.0,-21.0407,0.0
17:19:57,6368.85,6340.0,-184.8503,0.0
17:19:57,6368.85,6345.0,-44.5628,0.0
17:19:57,6368.85,6350.0,-329.5677,0.0
17:19:57,6368.85,6355.0,-37.4837,0.0
17:19:57,6368.85,6360.0,-133.2233,0.0
17:19:57,6368.85,6365.0,-30.9297,0.0
17:19:57,6368.85,6370.0,-398.7921,0.0
17:19:57,6368.85,6375.0,-170.3935,0.0
17:19:57,6368.85,6380.0,-158.4019,0.0
17:19:57,6368.85,6385.0,-73.1164,0.0
17:19:57,6368.85,6390.0,-127.3634,0.0
17:19:57,6368.85,6395.0,-71.0396,0.0
17:19:57,6368.85,6400.0,-462.0278,0.0
17:19:57,6368.85,6405.0,-42.6741,0.0
17:19:57,6368.85,6410.0,-42.3609,0.0
17:19:57,6368.85,6415.0,-17.4323,0.0
17:19:57,6368.85,6420.0,-94.9783,0.0
17:19:57,6368.85,6425.0,-80.0641,0.0
17:19:57,6368.85,6430.0,39.4818,0.0
17:19:57,6368.85,6435.0,-15.8232,0.0
17:19:57,6368.85,6440.0,-188.1426,0.0
17:22:07,6368.85,6295.0,-35.3533,0.0
17:22:07,6368.85,6300.0,-464.5075,0.0
17:22:07,6368.85,6305.0,-22.9469,0.0
17:22:07,6368.85,6310.0,-315.7645,0.0
17:22:07,6368.85,6315.0,-44.1697,0.0
17:22:07,6368.85,6320.0,-55.1607,0.0
17:22:07,6368.85,6325.0,-199.6208,0.0
17:22:07,6368.85,6330.0,-36.5612,0.0
17:22:07,6368.85,6335.0,-21.0407,0.0
17:22:07,6368.85,6340.0,-184.8503,0.0
17:22:07,6368.85,6345.0,-44.5628,0.0
17:22:07,6368.85,6350.0,-329.5677,0.0
17:22:07,6368.85,6355.0,-37.4837,0.0
17:22:07,6368.85,6360.0,-133.2233,0.0
17:22:07,6368.85,6365.0,-30.9297,0.0
17:22:07,6368.85,6370.0,-398.7921,0.0
17:22:07,6368.85,6375.0,-170.3935,0.0
17:22:07,6368.85,6380.0,-158.4019,0.0
17:22:07,6368.85,6385.0,-73.1164,0.0
17:22:07,6368.85,6390.0,-127.3634,0.0
17:22:07,6368.85,6395.0,-71.0396,0.0
17:22:07,6368.85,6400.0,-462.0278,0.0
17:22:07,6368.85,6405.0,-42.6741,0.0
17:22:07,6368.85,6410.0,-42.3609,0.0
17:22:07,6368.85,6415.0,-17.4323,0.0
17:22:07,6368.85,6420.0,-94.9783,0.0
17:22:07,6368.85,6425.0,-80.0641,0.0
17:22:07,6368.85,6430.0,39.4818,0.0
17:22:07,6368.85,6435.0,-15.8232,0.0
17:22:07,6368.85,6440.0,-188.1426,0.0
17:24:17,6368.85,6295.0,-35.3533,0.0
17:24:17,6368.85,6300.0,-464.5075,0.0
17:24:17,6368.85,6305.0,-22.9469,0.0
17:24:17,6368.85,6310.0,-315.7645,0.0
17:24:17,6368.85,6315.0,-44.1697,0.0
17:24:17,6368.85,6320.0,-55.1607,0.0
17:24:17,6368.85,6325.0,-199.6208,0.0
17:24:17,6368.85,6330.0,-36.5612,0.0
17:24:17,6368.85,6335.0,-21.0407,0.0
17:24:17,6368.85,6340.0,-184.8503,0.0
17:24:17,6368.85,6345.0,-44.5628,0.0
17:24:17,6368.85,6350.0,-329.5677,0.0
17:24:17,6368.85,6355.0,-37.4837,0.0
17:24:17,6368.85,6360.0,-133.2233,0.0
17:24:17,6368.85,6365.0,-30.9297,0.0
17:24:17,6368.85,6370.0,-398.7921,0.0
17:24:17,6368.85,6375.0,-170.3935,0.0
17:24:17,6368.85,6380.0,-158.4019,0.0
17:24:17,6368.85,6385.0,-73.1164,0.0
17:24:17,6368.85,6390.0,-127.3634,0.0
17:24:17,6368.85,6395.0,-71.0396,0.0
17:24:17,6368.85,6400.0,-462.0278,0.0
17:24:17,6368.85,6405.0,-42.6741,0.0
17:24:17,6368.85,6410.0,-42.3609,0.0
17:24:17,6368.85,6415.0,-17.4323,0.0
17:24:17,6368.85,6420.0,-94.9783,0.0
17:24:17,6368.85,6425.0,-80.0641,0.0
17:24:17,6368.85,6430.0,39.4818,0.0
17:24:17,6368.85,6435.0,-15.8232,0.0
17:24:17,6368.85,6440.0,-188.1426,0.0
17:26:27,6368.85,6295.0,-35.3533,0.0
17:26:27,6368.85,6300.0,-464.5075,0.0
17:26:27,6368.85,6305.0,-22.9469,0.0
17:26:27,6368.85,6310.0,-315.7645,0.0
17:26:27,6368.85,6315.0,-44.1697,0.0
17:26:27,6368.85,6320.0,-55.1607,0.0
17:26:27,6368.85,6325.0,-199.6208,0.0
17:26:27,6368.85,6330.0,-36.5612,0.0
17:26:27,6368.85,6335.0,-21.0407,0.0
17:26:27,6368.85,6340.0,-184.8503,0.0
17:26:27,6368.85,6345.0,-44.5628,0.0
17:26:27,6368.85,6350.0,-329.5677,0.0
17:26:27,6368.85,6355.0,-37.4837,0.0
17:26:27,6368.85,6360.0,-133.2233,0.0
17:26:27,6368.85,6365.0,-30.9297,0.0
17:26:27,6368.85,6370.0,-398.7921,0.0
17:26:27,6368.85,6375.0,-170.3935,0.0
17:26:27,6368.85,6380.0,-158.4019,0.0
17:26:27,6368.85,6385.0,-73.1164,0.0
17:26:27,6368.85,6390.0,-127.3634,0.0
17:26:27,6368.85,6395.0,-71.0396,0.0
17:26:27,6368.85,6400.0,-462.0278,0.0
17:26:27,6368.85,6405.0,-42.6741,0.0
17:26:27,6368.85,6410.0,-42.3609,0.0
17:26:27,6368.85,6415.0,-17.4323,0.0
17:26:27,6368.85,6420.0,-94.9783,0.0
17:26:27,6368.85,6425.0,-80.0641,0.0
17:26:27,6368.85,6430.0,39.4818,0.0
17:26:27,6368.85,6435.0,-15.8232,0.0
17:26:27,6368.85,6440.0,-188.1426,0.0
17:28:36,6368.85,6295.0,-35.3533,0.0
17:28:36,6368.85,6300.0,-464.5075,0.0
17:28:36,6368.85,6305.0,-22.9469,0.0
17:28:36,6368.85,6310.0,-315.7645,0.0
17:28:36,6368.85,6315.0,-44.1697,0.0
17:28:36,6368.85,6320.0,-55.1607,0.0
17:28:36,6368.85,6325.0,-199.6208,0.0
17:28:36,6368.85,6330.0,-36.5612,0.0
17:28:36,6368.85,6335.0,-21.0407,0.0
17:28:36,6368.85,6340.0,-184.8503,0.0
17:28:36,6368.85,6345.0,-44.5628,0.0
17:28:36,6368.85,6350.0,-329.5677,0.0
17:28:36,6368.85,6355.0,-37.4837,0.0
17:28:36,6368.85,6360.0,-133.2233,0.0
17:28:36,6368.85,6365.0,-30.9297,0.0
17:28:36,6368.85,6370.0,-398.7921,0.0
17:28:36,6368.85,6375.0,-170.3935,0.0
17:28:36,6368.85,6380.0,-158.4019,0.0
17:28:36,6368.85,6385.0,-73.1164,0.0
17:28:36,6368.85,6390.0,-127.3634,0.0
17:28:36,6368.85,6395.0,-71.0396,0.0
17:28:36,6368.85,6400.0,-462.0278,0.0
17:28:36,6368.85,6405.0,-42.6741,0.0
17:28:36,6368.85,6410.0,-42.3609,0.0
17:28:36,6368.85,6415.0,-17.4323,0.0
17:28:36,6368.85,6420.0,-94.9783,0.0
17:28:36,6368.85,6425.0,-80.0641,0.0
17:28:36,6368.85,6430.0,39.4818,0.0
17:28:36,6368.85,6435.0,-15.8232,0.0
17:28:36,6368.85,6440.0,-188.1426,0.0
17:30:46,6368.85,6295.0,-35.3533,0.0
17:30:46,6368.85,6300.0,-464.5075,0.0
17:30:46,6368.85,6305.0,-22.9469,0.0
17:30:46,6368.85,6310.0,-315.7645,0.0
17:30:46,6368.85,6315.0,-44.1697,0.0
17:30:46,6368.85,6320.0,-55.1607,0.0
17:30:46,6368.85,6325.0,-199.6208,0.0
17:30:46,6368.85,6330.0,-36.5612,0.0
17:30:46,6368.85,6335.0,-21.0407,0.0
17:30:46,6368.85,6340.0,-184.8503,0.0
17:30:46,6368.85,6345.0,-44.5628,0.0
17:30:46,6368.85,6350.0,-329.5677,0.0
17:30:46,6368.85,6355.0,-37.4837,0.0
17:30:46,6368.85,6360.0,-133.2233,0.0
17:30:46,6368.85,6365.0,-30.9297,0.0
17:30:46,6368.85,6370.0,-398.7921,0.0
17:30:46,6368.85,6375.0,-170.3935,0.0
17:30:46,6368.85,6380.0,-158.4019,0.0
17:30:46,6368.85,6385.0,-73.1164,0.0
17:30:46,6368.85,6390.0,-127.3634,0.0
17:30:46,6368.85,6395.0,-71.0396,0.0
17:30:46,6368.85,6400.0,-462.0278,0.0
17:30:46,6368.85,6405.0,-42.6741,0.0
17:30:46,6368.85,6410.0,-42.3609,0.0
17:30:46,6368.85,6415.0,-17.4323,0.0
17:30:46,6368.85,6420.0,-94.9783,0.0
17:30:46,6368.85,6425.0,-80.0641,0.0
17:30:46,6368.85,6430.0,39.4818,0.0
17:30:46,6368.85,6435.0,-15.8232,0.0
17:30:46,6368.85,6440.0,-188.1426,0.0
17:32:56,6368.85,6295.0,-35.3533,0.0
17:32:56,6368.85,6300.0,-464.5075,0.0
17:32:56,6368.85,6305.0,-22.9469,0.0
17:32:56,6368.85,6310.0,-315.7645,0.0
17:32:56,6368.85,6315.0,-44.1697,0.0
17:32:56,6368.85,6320.0,-55.1607,0.0
17:32:56,6368.85,6325.0,-199.6208,0.0
17:32:56,6368.85,6330.0,-36.5612,0.0
17:32:56,6368.85,6335.0,-21.0407,0.0
17:32:56,6368.85,6340.0,-184.8503,0.0
17:32:56,6368.85,6345.0,-44.5628,0.0
17:32:56,6368.85,6350.0,-329.5677,0.0
17:32:56,6368.85,6355.0,-37.4837,0.0
17:32:56,6368.85,6360.0,-133.2233,0.0
17:32:56,6368.85,6365.0,-30.9297,0.0
17:32:56,6368.85,6370.0,-398.7921,0.0
17:32:56,6368.85,6375.0,-170.3935,0.0
17:32:56,6368.85,6380.0,-158.4019,0.0
17:32:56,6368.85,6385.0,-73.1164,0.0
17:32:56,6368.85,6390.0,-127.3634,0.0
17:32:56,6368.85,6395.0,-71.0396,0.0
17:32:56,6368.85,6400.0,-462.0278,0.0
17:32:56,6368.85,6405.0,-42.6741,0.0
17:32:56,6368.85,6410.0,-42.3609,0.0
17:32:56,6368.85,6415.0,-17.4323,0.0
17:32:56,6368.85,6420.0,-94.9783,0.0
17:32:56,6368.85,6425.0,-80.0641,0.0
17:32:56,6368.85,6430.0,39.4818,0.0
17:32:56,6368.85,6435.0,-15.8232,0.0
17:32:56,6368.85,6440.0,-188.1426,0.0
17:35:05,6368.85,6295.0,-35.3533,0.0
17:35:05,6368.85,6300.0,-464.5075,0.0
17:35:05,6368.85,6305.0,-22.9469,0.0
17:35:05,6368.85,6310.0,-315.7645,0.0
17:35:05,6368.85,6315.0,-44.1697,0.0
17:35:05,6368.85,6320.0,-55.1607,0.0
17:35:05,6368.85,6325.0,-199.6208,0.0
17:35:05,6368.85,6330.0,-36.5612,0.0
17:35:05,6368.85,6335.0,-21.0407,0.0
17:35:05,6368.85,6340.0,-184.8503,0.0
17:35:05,6368.85,6345.0,-44.5628,0.0
17:35:05,6368.85,6350.0,-329.5677,0.0
17:35:05,6368.85,6355.0,-37.4837,0.0
17:35:05,6368.85,6360.0,-133.2233,0.0
17:35:05,6368.85,6365.0,-30.9297,0.0
17:35:05,6368.85,6370.0,-398.7921,0.0
17:35:05,6368.85,6375.0,-170.3935,0.0
17:35:05,6368.85,6380.0,-158.4019,0.0
17:35:05,6368.85,6385.0,-73.1164,0.0
17:35:05,6368.85,6390.0,-127.3634,0.0
17:35:05,6368.85,6395.0,-71.0396,0.0
17:35:05,6368.85,6400.0,-462.0278,0.0
17:35:05,6368.85,6405.0,-42.6741,0.0
17:35:05,6368.85,6410.0,-42.3609,0.0
17:35:05,6368.85,6415.0,-17.4323,0.0
17:35:05,6368.85,6420.0,-94.9783,0.0
17:35:05,6368.85,6425.0,-80.0641,0.0
17:35:05,6368.85,6430.0,39.4818,0.0
17:35:05,6368.85,6435.0,-15.8232,0.0
17:35:05,6368.85,6440.0,-188.1426,0.0
17:37:15,6368.85,6295.0,-35.3533,0.0
17:37:15,6368.85,6300.0,-464.5075,0.0
17:37:15,6368.85,6305.0,-22.9469,0.0
17:37:15,6368.85,6310.0,-315.7645,0.0
17:37:15,6368.85,6315.0,-44.1697,0.0
17:37:15,6368.85,6320.0,-55.1607,0.0
17:37:15,6368.85,6325.0,-199.6208,0.0
17:37:15,6368.85,6330.0,-36.5612,0.0
17:37:15,6368.85,6335.0,-21.0407,0.0
17:37:15,6368.85,6340.0,-184.8503,0.0
17:37:15,6368.85,6345.0,-44.5628,0.0
17:37:15,6368.85,6350.0,-329.5677,0.0
17:37:15,6368.85,6355.0,-37.4837,0.0
17:37:15,6368.85,6360.0,-133.2233,0.0
17:37:15,6368.85,6365.0,-30.9297,0.0
17:37:15,6368.85,6370.0,-398.7921,0.0
17:37:15,6368.85,6375.0,-170.3935,0.0
17:37:15,6368.85,6380.0,-158.4019,0.0
17:37:15,6368.85,6385.0,-73.1164,0.0
17:37:15,6368.85,6390.0,-127.3634,0.0
17:37:15,6368.85,6395.0,-71.0396,0.0
17:37:15,6368.85,6400.0,-462.0278,0.0
17:37:15,6368.85,6405.0,-42.6741,0.0
17:37:15,6368.85,6410.0,-42.3609,0.0
17:37:15,6368.85,6415.0,-17.4323,0.0
17:37:15,6368.85,6420.0,-94.9783,0.0
17:37:15,6368.85,6425.0,-80.0641,0.0
17:37:15,6368.85,6430.0,39.4818,0.0
17:37:15,6368.85,6435.0,-15.8232,0.0
17:37:15,6368.85,6440.0,-188.1426,0.0
17:39:25,6368.85,6295.0,-35.3533,0.0
17:39:25,6368.85,6300.0,-464.5075,0.0
17:39:25,6368.85,6305.0,-22.9469,0.0
17:39:25,6368.85,6310.0,-315.7645,0.0
17:39:25,6368.85,6315.0,-44.1697,0.0
17:39:25,6368.85,6320.0,-55.1607,0.0
17:39:25,6368.85,6325.0,-199.6208,0.0
17:39:25,6368.85,6330.0,-36.5612,0.0
17:39:25,6368.85,6335.0,-21.0407,0.0
17:39:25,6368.85,6340.0,-184.8503,0.0
17:39:25,6368.85,6345.0,-44.5628,0.0
17:39:25,6368.85,6350.0,-329.5677,0.0
17:39:25,6368.85,6355.0,-37.4837,0.0
17:39:25,6368.85,6360.0,-133.2233,0.0
17:39:25,6368.85,6365.0,-30.9297,0.0
17:39:25,6368.85,6370.0,-398.7921,0.0
17:39:25,6368.85,6375.0,-170.3935,0.0
17:39:25,6368.85,6380.0,-158.4019,0.0
17:39:25,6368.85,6385.0,-73.1164,0.0
17:39:25,6368.85,6390.0,-127.3634,0.0
17:39:25,6368.85,6395.0,-71.0396,0.0
17:39:25,6368.85,6400.0,-462.0278,0.0
17:39:25,6368.85,6405.0,-42.6741,0.0
17:39:25,6368.85,6410.0,-42.3609,0.0
17:39:25,6368.85,6415.0,-17.4323,0.0
17:39:25,6368.85,6420.0,-94.9783,0.0
17:39:25,6368.85,6425.0,-80.0641,0.0
17:39:25,6368.85,6430.0,39.4818,0.0
17:39:25,6368.85,6435.0,-15.8232,0.0
17:39:25,6368.85,6440.0,-188.1426,0.0
17:41:34,6368.85,6295.0,-35.3533,0.0
17:41:34,6368.85,6300.0,-464.5075,0.0
17:41:34,6368.85,6305.0,-22.9469,0.0
17:41:34,6368.85,6310.0,-315.7645,0.0
17:41:34,6368.85,6315.0,-44.1697,0.0
17:41:34,6368.85,6320.0,-55.1607,0.0
17:41:34,6368.85,6325.0,-199.6208,0.0
17:41:34,6368.85,6330.0,-36.5612,0.0
17:41:34,6368.85,6335.0,-21.0407,0.0
17:41:34,6368.85,6340.0,-184.8503,0.0
17:41:34,6368.85,6345.0,-44.5628,0.0
17:41:34,6368.85,6350.0,-329.5677,0.0
17:41:34,6368.85,6355.0,-37.4837,0.0
17:41:34,6368.85,6360.0,-133.2233,0.0
17:41:34,6368.85,6365.0,-30.9297,0.0
17:41:34,6368.85,6370.0,-398.7921,0.0
17:41:34,6368.85,6375.0,-170.3935,0.0
17:41:34,6368.85,6380.0,-158.4019,0.0
17:41:34,6368.85,6385.0,-73.1164,0.0
17:41:34,6368.85,6390.0,-127.3634,0.0
17:41:34,6368.85,6395.0,-71.0396,0.0
17:41:34,6368.85,6400.0,-462.0278,0.0
17:41:34,6368.85,6405.0,-42.6741,0.0
17:41:34,6368.85,6410.0,-42.3609,0.0
17:41:34,6368.85,6415.0,-17.4323,0.0
17:41:34,6368.85,6420.0,-94.9783,0.0
17:41:34,6368.85,6425.0,-80.0641,0.0
17:41:34,6368.85,6430.0,39.4818,0.0
17:41:34,6368.85,6435.0,-15.8232,0.0
17:41:34,6368.85,6440.0,-188.1426,0.0
17:43:44,6368.85,6295.0,-35.3533,0.0
17:43:44,6368.85,6300.0,-464.5075,0.0
17:43:44,6368.85,6305.0,-22.9469,0.0
17:43:44,6368.85,6310.0,-315.7645,0.0
17:43:44,6368.85,6315.0,-44.1697,0.0
17:43:44,6368.85,6320.0,-55.1607,0.0
17:43:44,6368.85,6325.0,-199.6208,0.0
17:43:44,6368.85,6330.0,-36.5612,0.0
17:43:44,6368.85,6335.0,-21.0407,0.0
17:43:44,6368.85,6340.0,-184.8503,0.0
17:43:44,6368.85,6345.0,-44.5628,0.0
17:43:44,6368.85,6350.0,-329.5677,0.0
17:43:44,6368.85,6355.0,-37.4837,0.0
17:43:44,6368.85,6360.0,-133.2233,0.0
17:43:44,6368.85,6365.0,-30.9297,0.0
17:43:44,6368.85,6370.0,-398.7921,0.0
17:43:44,6368.85,6375.0,-170.3935,0.0
17:43:44,6368.85,6380.0,-158.4019,0.0
17:43:44,6368.85,6385.0,-73.1164,0.0
17:43:44,6368.85,6390.0,-127.3634,0.0
17:43:44,6368.85,6395.0,-71.0396,0.0
17:43:44,6368.85,6400.0,-462.0278,0.0
17:43:44,6368.85,6405.0,-42.6741,0.0
17:43:44,6368.85,6410.0,-42.3609,0.0
17:43:44,6368.85,6415.0,-17.4323,0.0
17:43:44,6368.85,6420.0,-94.9783,0.0
17:43:44,6368.85,6425.0,-80.0641,0.0
17:43:44,6368.85,6430.0,39.4818,0.0
17:43:44,6368.85,6435.0,-15.8232,0.0
17:43:44,6368.85,6440.0,-188.1426,0.0
17:45:54,6368.85,6295.0,-35.3533,0.0
17:45:54,6368.85,6300.0,-464.5075,0.0
17:45:54,6368.85,6305.0,-22.9469,0.0
17:45:54,6368.85,6310.0,-315.7645,0.0
17:45:54,6368.85,6315.0,-44.1697,0.0
17:45:54,6368.85,6320.0,-55.1607,0.0
17:45:54,6368.85,6325.0,-199.6208,0.0
17:45:54,6368.85,6330.0,-36.5612,0.0
17:45:54,6368.85,6335.0,-21.0407,0.0
17:45:54,6368.85,6340.0,-184.8503,0.0
17:45:54,6368.85,6345.0,-44.5628,0.0
17:45:54,6368.85,6350.0,-329.5677,0.0
17:45:54,6368.85,6355.0,-37.4837,0.0
17:45:54,6368.85,6360.0,-133.2233,0.0
17:45:54,6368.85,6365.0,-30.9297,0.0
17:45:54,6368.85,6370.0,-398.7921,0.0
17:45:54,6368.85,6375.0,-170.3935,0.0
17:45:54,6368.85,6380.0,-158.4019,0.0
17:45:54,6368.85,6385.0,-73.1164,0.0
17:45:54,6368.85,6390.0,-127.3634,0.0
17:45:54,6368.85,6395.0,-71.0396,0.0
17:45:54,6368.85,6400.0,-462.0278,0.0
17:45:54,6368.85,6405.0,-42.6741,0.0
17:45:54,6368.85,6410.0,-42.3609,0.0
17:45:54,6368.85,6415.0,-17.4323,0.0
17:45:54,6368.85,6420.0,-94.9783,0.0
17:45:54,6368.85,6425.0,-80.0641,0.0
17:45:54,6368.85,6430.0,39.4818,0.0
17:45:54,6368.85,6435.0,-15.8232,0.0
17:45:54,6368.85,6440.0,-188.1426,0.0
17:48:03,6368.85,6295.0,-35.3533,0.0
17:48:03,6368.85,6300.0,-464.5075,0.0
17:48:03,6368.85,6305.0,-22.9469,0.0
17:48:03,6368.85,6310.0,-315.7645,0.0
17:48:03,6368.85,6315.0,-44.1697,0.0
17:48:03,6368.85,6320.0,-55.1607,0.0
17:48:03,6368.85,6325.0,-199.6208,0.0
17:48:03,6368.85,6330.0,-36.5612,0.0
17:48:03,6368.85,6335.0,-21.0407,0.0
17:48:03,6368.85,6340.0,-184.8503,0.0
17:48:03,6368.85,6345.0,-44.5628,0.0
17:48:03,6368.85,6350.0,-329.5677,0.0
17:48:03,6368.85,6355.0,-37.4837,0.0
17:48:03,6368.85,6360.0,-133.2233,0.0
17:48:03,6368.85,6365.0,-30.9297,0.0
17:48:03,6368.85,6370.0,-398.7921,0.0
17:48:03,6368.85,6375.0,-170.3935,0.0
17:48:03,6368.85,6380.0,-158.4019,0.0
17:48:03,6368.85,6385.0,-73.1164,0.0
17:48:03,6368.85,6390.0,-127.3634,0.0
17:48:03,6368.85,6395.0,-71.0396,0.0
17:48:03,6368.85,6400.0,-462.0278,0.0
17:48:03,6368.85,6405.0,-42.6741,0.0
17:48:03,6368.85,6410.0,-42.3609,0.0
17:48:03,6368.85,6415.0,-17.4323,0.0
17:48:03,6368.85,6420.0,-94.9783,0.0
17:48:03,6368.85,6425.0,-80.0641,0.0
17:48:03,6368.85,6430.0,39.4818,0.0
17:48:03,6368.85,6435.0,-15.8232,0.0
17:48:03,6368.85,6440.0,-188.1426,0.0
17:50:13,6368.85,6295.0,-35.3533,0.0
17:50:13,6368.85,6300.0,-464.5075,0.0
17:50:13,6368.85,6305.0,-22.9469,0.0
17:50:13,6368.85,6310.0,-315.7645,0.0
17:50:13,6368.85,6315.0,-44.1697,0.0
17:50:13,6368.85,6320.0,-55.1607,0.0
17:50:13,6368.85,6325.0,-199.6208,0.0
17:50:13,6368.85,6330.0,-36.5612,0.0
17:50:13,6368.85,6335.0,-21.0407,0.0
17:50:13,6368.85,6340.0,-184.8503,0.0
17:50:13,6368.85,6345.0,-44.5628,0.0
17:50:13,6368.85,6350.0,-329.5677,0.0
17:50:13,6368.85,6355.0,-37.4837,0.0
17:50:13,6368.85,6360.0,-133.2233,0.0
17:50:13,6368.85,6365.0,-30.9297,0.0
17:50:13,6368.85,6370.0,-398.7921,0.0
17:50:13,6368.85,6375.0,-170.3935,0.0
17:50:13,6368.85,6380.0,-158.4019,0.0
17:50:13,6368.85,6385.0,-73.1164,0.0
17:50:13,6368.85,6390.0,-127.3634,0.0
17:50:13,6368.85,6395.0,-71.0396,0.0
17:50:13,6368.85,6400.0,-462.0278,0.0
17:50:13,6368.85,6405.0,-42.6741,0.0
17:50:13,6368.85,6410.0,-42.3609,0.0
17:50:13,6368.85,6415.0,-17.4323,0.0
17:50:13,6368.85,6420.0,-94.9783,0.0
17:50:13,6368.85,6425.0,-80.0641,0.0
17:50:13,6368.85,6430.0,39.4818,0.0
17:50:13,6368.85,6435.0,-15.8232,0.0
17:50:13,6368.85,6440.0,-188.1426,0.0
17:52:23,6368.85,6295.0,-35.3533,0.0
17:52:23,6368.85,6300.0,-464.5075,0.0
17:52:23,6368.85,6305.0,-22.9469,0.0
17:52:23,6368.85,6310.0,-315.7645,0.0
17:52:23,6368.85,6315.0,-44.1697,0.0
17:52:23,6368.85,6320.0,-55.1607,0.0
17:52:23,6368.85,6325.0,-199.6208,0.0
17:52:23,6368.85,6330.0,-36.5612,0.0
17:52:23,6368.85,6335.0,-21.0407,0.0
17:52:23,6368.85,6340.0,-184.8503,0.0
17:52:23,6368.85,6345.0,-44.5628,0.0
17:52:23,6368.85,6350.0,-329.5677,0.0
17:52:23,6368.85,6355.0,-37.4837,0.0
17:52:23,6368.85,6360.0,-133.2233,0.0
17:52:23,6368.85,6365.0,-30.9297,0.0
17:52:23,6368.85,6370.0,-398.7921,0.0
17:52:23,6368.85,6375.0,-170.3935,0.0
17:52:23,6368.85,6380.0,-158.4019,0.0
17:52:23,6368.85,6385.0,-73.1164,0.0
17:52:23,6368.85,6390.0,-127.3634,0.0
17:52:23,6368.85,6395.0,-71.0396,0.0
17:52:23,6368.85,6400.0,-462.0278,0.0
17:52:23,6368.85,6405.0,-42.6741,0.0
17:52:23,6368.85,6410.0,-42.3609,0.0
17:52:23,6368.85,6415.0,-17.4323,0.0
17:52:23,6368.85,6420.0,-94.9783,0.0
17:52:23,6368.85,6425.0,-80.0641,0.0
17:52:23,6368.85,6430.0,39.4818,0.0
17:52:23,6368.85,6435.0,-15.8232,0.0
17:52:23,6368.85,6440.0,-188.1426,0.0
17:54:32,6368.85,6295.0,-35.3533,0.0
17:54:32,6368.85,6300.0,-464.5075,0.0
17:54:32,6368.85,6305.0,-22.9469,0.0
17:54:32,6368.85,6310.0,-315.7645,0.0
17:54:32,6368.85,6315.0,-44.1697,0.0
17:54:32,6368.85,6320.0,-55.1607,0.0
17:54:32,6368.85,6325.0,-199.6208,0.0
17:54:32,6368.85,6330.0,-36.5612,0.0
17:54:32,6368.85,6335.0,-21.0407,0.0
17:54:32,6368.85,6340.0,-184.8503,0.0
17:54:32,6368.85,6345.0,-44.5628,0.0
17:54:32,6368.85,6350.0,-329.5677,0.0
17:54:32,6368.85,6355.0,-37.4837,0.0
17:54:32,6368.85,6360.0,-133.2233,0.0
17:54:32,6368.85,6365.0,-30.9297,0.0
17:54:32,6368.85,6370.0,-398.7921,0.0
17:54:32,6368.85,6375.0,-170.3935,0.0
17:54:32,6368.85,6380.0,-158.4019,0.0
17:54:32,6368.85,6385.0,-73.1164,0.0
17:54:32,6368.85,6390.0,-127.3634,0.0
17:54:32,6368.85,6395.0,-71.0396,0.0
17:54:32,6368.85,6400.0,-462.0278,0.0
17:54:32,6368.85,6405.0,-42.6741,0.0
17:54:32,6368.85,6410.0,-42.3609,0.0
17:54:32,6368.85,6415.0,-17.4323,0.0
17:54:32,6368.85,6420.0,-94.9783,0.0
17:54:32,6368.85,6425.0,-80.0641,0.0
17:54:32,6368.85,6430.0,39.4818,0.0
17:54:32,6368.85,6435.0,-15.8232,0.0
17:54:32,6368.85,6440.0,-188.1426,0.0
17:56:42,6368.85,6295.0,-35.3533,0.0
17:56:42,6368.85,6300.0,-464.5075,0.0
17:56:42,6368.85,6305.0,-22.9469,0.0
17:56:42,6368.85,6310.0,-315.7645,0.0
17:56:42,6368.85,6315.0,-44.1697,0.0
17:56:42,6368.85,6320.0,-55.1607,0.0
17:56:42,6368.85,6325.0,-199.6208,0.0
17:56:42,6368.85,6330.0,-36.5612,0.0
17:56:42,6368.85,6335.0,-21.0407,0.0
17:56:42,6368.85,6340.0,-184.8503,0.0
17:56:42,6368.85,6345.0,-44.5628,0.0
17:56:42,6368.85,6350.0,-329.5677,0.0
17:56:42,6368.85,6355.0,-37.4837,0.0
17:56:42,6368.85,6360.0,-133.2233,0.0
17:56:42,6368.85,6365.0,-30.9297,0.0
17:56:42,6368.85,6370.0,-398.7921,0.0
17:56:42,6368.85,6375.0,-170.3935,0.0
17:56:42,6368.85,6380.0,-158.4019,0.0
17:56:42,6368.85,6385.0,-73.1164,0.0
17:56:42,6368.85,6390.0,-127.3634,0.0
17:56:42,6368.85,6395.0,-71.0396,0.0
17:56:42,6368.85,6400.0,-462.0278,0.0
17:56:42,6368.85,6405.0,-42.6741,0.0
17:56:42,6368.85,6410.0,-42.3609,0.0
17:56:42,6368.85,6415.0,-17.4323,0.0
17:56:42,6368.85,6420.0,-94.9783,0.0
17:56:42,6368.85,6425.0,-80.0641,0.0
17:56:42,6368.85,6430.0,39.4818,0.0
17:56:42,6368.85,6435.0,-15.8232,0.0
17:56:42,6368.85,6440.0,-188.1426,0.0
17:58:52,6368.85,6295.0,-35.3533,0.0
17:58:52,6368.85,6300.0,-464.5075,0.0
17:58:52,6368.85,6305.0,-22.9469,0.0
17:58:52,6368.85,6310.0,-315.7645,0.0
17:58:52,6368.85,6315.0,-44.1697,0.0
17:58:52,6368.85,6320.0,-55.1607,0.0
17:58:52,6368.85,6325.0,-199.6208,0.0
17:58:52,6368.85,6330.0,-36.5612,0.0
17:58:52,6368.85,6335.0,-21.0407,0.0
17:58:52,6368.85,6340.0,-184.8503,0.0
17:58:52,6368.85,6345.0,-44.5628,0.0
17:58:52,6368.85,6350.0,-329.5677,0.0
17:58:52,6368.85,6355.0,-37.4837,0.0
17:58:52,6368.85,6360.0,-133.2233,0.0
17:58:52,6368.85,6365.0,-30.9297,0.0
17:58:52,6368.85,6370.0,-398.7921,0.0
17:58:52,6368.85,6375.0,-170.3935,0.0
17:58:52,6368.85,6380.0,-158.4019,0.0
17:58:52,6368.85,6385.0,-73.1164,0.0
17:58:52,6368.85,6390.0,-127.3634,0.0
17:58:52,6368.85,6395.0,-71.0396,0.0
17:58:52,6368.85,6400.0,-462.0278,0.0
17:58:52,6368.85,6405.0,-42.6741,0.0
17:58:52,6368.85,6410.0,-42.3609,0.0
17:58:52,6368.85,6415.0,-17.4323,0.0
17:58:52,6368.85,6420.0,-94.9783,0.0
17:58:52,6368.85,6425.0,-80.0641,0.0
17:58:52,6368.85,6430.0,39.4818,0.0
17:58:52,6368.85,6435.0,-15.8232,0.0
17:58:52,6368.85,6440.0,-188.1426,0.0
18:01:01,6368.85,6295.0,-35.3533,0.0
18:01:01,6368.85,6300.0,-464.5075,0.0
18:01:01,6368.85,6305.0,-22.9469,0.0
18:01:01,6368.85,6310.0,-315.7645,0.0
18:01:01,6368.85,6315.0,-44.1697,0.0
18:01:01,6368.85,6320.0,-55.1607,0.0
18:01:01,6368.85,6325.0,-199.6208,0.0
18:01:01,6368.85,6330.0,-36.5612,0.0
18:01:01,6368.85,6335.0,-21.0407,0.0
18:01:01,6368.85,6340.0,-184.8503,0.0
18:01:01,6368.85,6345.0,-44.5628,0.0
18:01:01,6368.85,6350.0,-329.5677,0.0
18:01:01,6368.85,6355.0,-37.4837,0.0
18:01:01,6368.85,6360.0,-133.2233,0.0
18:01:01,6368.85,6365.0,-30.9297,0.0
18:01:01,6368.85,6370.0,-398.7921,0.0
18:01:01,6368.85,6375.0,-170.3935,0.0
18:01:01,6368.85,6380.0,-158.4019,0.0
18:01:01,6368.85,6385.0,-73.1164,0.0
18:01:01,6368.85,6390.0,-127.3634,0.0
18:01:01,6368.85,6395.0,-71.0396,0.0
18:01:01,6368.85,6400.0,-462.0278,0.0
18:01:01,6368.85,6405.0,-42.6741,0.0
18:01:01,6368.85,6410.0,-42.3609,0.0
18:01:01,6368.85,6415.0,-17.4323,0.0
18:01:01,6368.85,6420.0,-94.9783,0.0
18:01:01,6368.85,6425.0,-80.0641,0.0
18:01:01,6368.85,6430.0,39.4818,0.0
18:01:01,6368.85,6435.0,-15.8232,0.0
18:01:01,6368.85,6440.0,-188.1426,0.0
18:03:11,6368.85,6295.0,-35.3533,0.0
18:03:11,6368.85,6300.0,-464.5075,0.0
18:03:11,6368.85,6305.0,-22.9469,0.0
18:03:11,6368.85,6310.0,-315.7645,0.0
18:03:11,6368.85,6315.0,-44.1697,0.0
18:03:11,6368.85,6320.0,-55.1607,0.0
18:03:11,6368.85,6325.0,-199.6208,0.0
18:03:11,6368.85,6330.0,-36.5612,0.0
18:03:11,6368.85,6335.0,-21.0407,0.0
18:03:11,6368.85,6340.0,-184.8503,0.0
18:03:11,6368.85,6345.0,-44.5628,0.0
18:03:11,6368.85,6350.0,-329.5677,0.0
18:03:11,6368.85,6355.0,-37.4837,0.0
18:03:11,6368.85,6360.0,-133.2233,0.0
18:03:11,6368.85,6365.0,-30.9297,0.0
18:03:11,6368.85,6370.0,-398.7921,0.0
18:03:11,6368.85,6375.0,-170.3935,0.0
18:03:11,6368.85,6380.0,-158.4019,0.0
18:03:11,6368.85,6385.0,-73.1164,0.0
18:03:11,6368.85,6390.0,-127.3634,0.0
18:03:11,6368.85,6395.0,-71.0396,0.0
18:03:11,6368.85,6400.0,-462.0278,0.0
18:03:11,6368.85,6405.0,-42.6741,0.0
18:03:11,6368.85,6410.0,-42.3609,0.0
18:03:11,6368.85,6415.0,-17.4323,0.0
18:03:11,6368.85,6420.0,-94.9783,0.0
18:03:11,6368.85,6425.0,-80.0641,0.0
18:03:11,6368.85,6430.0,39.4818,0.0
18:03:11,6368.85,6435.0,-15.8232,0.0
18:03:11,6368.85,6440.0,-188.1426,0.0
18:05:21,6368.85,6295.0,-35.3533,0.0
18:05:21,6368.85,6300.0,-464.5075,0.0
18:05:21,6368.85,6305.0,-22.9469,0.0
18:05:21,6368.85,6310.0,-315.7645,0.0
18:05:21,6368.85,6315.0,-44.1697,0.0
18:05:21,6368.85,6320.0,-55.1607,0.0
18:05:21,6368.85,6325.0,-199.6208,0.0
18:05:21,6368.85,6330.0,-36.5612,0.0
18:05:21,6368.85,6335.0,-21.0407,0.0
18:05:21,6368.85,6340.0,-184.8503,0.0
18:05:21,6368.85,6345.0,-44.5628,0.0
18:05:21,6368.85,6350.0,-329.5677,0.0
18:05:21,6368.85,6355.0,-37.4837,0.0
18:05:21,6368.85,6360.0,-133.2233,0.0
18:05:21,6368.85,6365.0,-30.9297,0.0
18:05:21,6368.85,6370.0,-398.7921,0.0
18:05:21,6368.85,6375.0,-170.3935,0.0
18:05:21,6368.85,6380.0,-158.4019,0.0
18:05:21,6368.85,6385.0,-73.1164,0.0
18:05:21,6368.85,6390.0,-127.3634,0.0
18:05:21,6368.85,6395.0,-71.0396,0.0
18:05:21,6368.85,6400.0,-462.0278,0.0
18:05:21,6368.85,6405.0,-42.6741,0.0
18:05:21,6368.85,6410.0,-42.3609,0.0
18:05:21,6368.85,6415.0,-17.4323,0.0
18:05:21,6368.85,6420.0,-94.9783,0.0
18:05:21,6368.85,6425.0,-80.0641,0.0
18:05:21,6368.85,6430.0,39.4818,0.0
18:05:21,6368.85,6435.0,-15.8232,0.0
18:05:21,6368.85,6440.0,-188.1426,0.0
18:07:31,6368.85,6295.0,-35.3533,0.0
18:07:31,6368.85,6300.0,-464.5075,0.0
18:07:31,6368.85,6305.0,-22.9469,0.0
18:07:31,6368.85,6310.0,-315.7645,0.0
18:07:31,6368.85,6315.0,-44.1697,0.0
18:07:31,6368.85,6320.0,-55.1607,0.0
18:07:31,6368.85,6325.0,-199.6208,0.0
18:07:31,6368.85,6330.0,-36.5612,0.0
18:07:31,6368.85,6335.0,-21.0407,0.0
18:07:31,6368.85,6340.0,-184.8503,0.0
18:07:31,6368.85,6345.0,-44.5628,0.0
18:07:31,6368.85,6350.0,-329.5677,0.0
18:07:31,6368.85,6355.0,-37.4837,0.0
18:07:31,6368.85,6360.0,-133.2233,0.0
18:07:31,6368.85,6365.0,-30.9297,0.0
18:07:31,6368.85,6370.0,-398.7921,0.0
18:07:31,6368.85,6375.0,-170.3935,0.0
18:07:31,6368.85,6380.0,-158.4019,0.0
18:07:31,6368.85,6385.0,-73.1164,0.0
18:07:31,6368.85,6390.0,-127.3634,0.0
18:07:31,6368.85,6395.0,-71.0396,0.0
18:07:31,6368.85,6400.0,-462.0278,0.0
18:07:31,6368.85,6405.0,-42.6741,0.0
18:07:31,6368.85,6410.0,-42.3609,0.0
18:07:31,6368.85,6415.0,-17.4323,0.0
18:07:31,6368.85,6420.0,-94.9783,0.0
18:07:31,6368.85,6425.0,-80.0641,0.0
18:07:31,6368.85,6430.0,39.4818,0.0
18:07:31,6368.85,6435.0,-15.8232,0.0
18:07:31,6368.85,6440.0,-188.1426,0.0
18:09:40,6368.85,6295.0,-35.3533,0.0
18:09:40,6368.85,6300.0,-464.5075,0.0
18:09:40,6368.85,6305.0,-22.9469,0.0
18:09:40,6368.85,6310.0,-315.7645,0.0
18:09:40,6368.85,6315.0,-44.1697,0.0
18:09:40,6368.85,6320.0,-55.1607,0.0
18:09:40,6368.85,6325.0,-199.6208,0.0
18:09:40,6368.85,6330.0,-36.5612,0.0
18:09:40,6368.85,6335.0,-21.0407,0.0
18:09:40,6368.85,6340.0,-184.8503,0.0
18:09:40,6368.85,6345.0,-44.5628,0.0
18:09:40,6368.85,6350.0,-329.5677,0.0
18:09:40,6368.85,6355.0,-37.4837,0.0
18:09:40,6368.85,6360.0,-133.2233,0.0
18:09:40,6368.85,6365.0,-30.9297,0.0
18:09:40,6368.85,6370.0,-398.7921,0.0
18:09:40,6368.85,6375.0,-170.3935,0.0
18:09:40,6368.85,6380.0,-158.4019,0.0
18:09:40,6368.85,6385.0,-73.1164,0.0
18:09:40,6368.85,6390.0,-127.3634,0.0
18:09:40,6368.85,6395.0,-71.0396,0.0
18:09:40,6368.85,6400.0,-462.0278,0.0
18:09:40,6368.85,6405.0,-42.6741,0.0
18:09:40,6368.85,6410.0,-42.3609,0.0
18:09:40,6368.85,6415.0,-17.4323,0.0
18:09:40,6368.85,6420.0,-94.9783,0.0
18:09:40,6368.85,6425.0,-80.0641,0.0
18:09:40,6368.85,6430.0,39.4818,0.0
18:09:40,6368.85,6435.0,-15.8232,0.0
18:09:40,6368.85,6440.0,-188.1426,0.0
18:11:50,6368.85,6295.0,-35.3533,0.0
18:11:50,6368.85,6300.0,-464.5075,0.0
18:11:50,6368.85,6305.0,-22.9469,0.0
18:11:50,6368.85,6310.0,-315.7645,0.0
18:11:50,6368.85,6315.0,-44.1697,0.0
18:11:50,6368.85,6320.0,-55.1607,0.0
18:11:50,6368.85,6325.0,-199.6208,0.0
18:11:50,6368.85,6330.0,-36.5612,0.0
18:11:50,6368.85,6335.0,-21.0407,0.0
18:11:50,6368.85,6340.0,-184.8503,0.0
18:11:50,6368.85,6345.0,-44.5628,0.0
18:11:50,6368.85,6350.0,-329.5677,0.0
18:11:50,6368.85,6355.0,-37.4837,0.0
18:11:50,6368.85,6360.0,-133.2233,0.0
18:11:50,6368.85,6365.0,-30.9297,0.0
18:11:50,6368.85,6370.0,-398.7921,0.0
18:11:50,6368.85,6375.0,-170.3935,0.0
18:11:50,6368.85,6380.0,-158.4019,0.0
18:11:50,6368.85,6385.0,-73.1164,0.0
18:11:50,6368.85,6390.0,-127.3634,0.0
18:11:50,6368.85,6395.0,-71.0396,0.0
18:11:50,6368.85,6400.0,-462.0278,0.0
18:11:50,6368.85,6405.0,-42.6741,0.0
18:11:50,6368.85,6410.0,-42.3609,0.0
18:11:50,6368.85,6415.0,-17.4323,0.0
18:11:50,6368.85,6420.0,-94.9783,0.0
18:11:50,6368.85,6425.0,-80.0641,0.0
18:11:50,6368.85,6430.0,39.4818,0.0
18:11:50,6368.85,6435.0,-15.8232,0.0
18:11:50,6368.85,6440.0,-188.1426,0.0
18:14:00,6368.85,6295.0,-35.3533,0.0
18:14:00,6368.85,6300.0,-464.5075,0.0
18:14:00,6368.85,6305.0,-22.9469,0.0
18:14:00,6368.85,6310.0,-315.7645,0.0
18:14:00,6368.85,6315.0,-44.1697,0.0
18:14:00,6368.85,6320.0,-55.1607,0.0
18:14:00,6368.85,6325.0,-199.6208,0.0
18:14:00,6368.85,6330.0,-36.5612,0.0
18:14:00,6368.85,6335.0,-21.0407,0.0
18:14:00,6368.85,6340.0,-184.8503,0.0
18:14:00,6368.85,6345.0,-44.5628,0.0
18:14:00,6368.85,6350.0,-329.5677,0.0
18:14:00,6368.85,6355.0,-37.4837,0.0
18:14:00,6368.85,6360.0,-133.2233,0.0
18:14:00,6368.85,6365.0,-30.9297,0.0
18:14:00,6368.85,6370.0,-398.7921,0.0
18:14:00,6368.85,6375.0,-170.3935,0.0
18:14:00,6368.85,6380.0,-158.4019,0.0
18:14:00,6368.85,6385.0,-73.1164,0.0
18:14:00,6368.85,6390.0,-127.3634,0.0
18:14:00,6368.85,6395.0,-71.0396,0.0
18:14:00,6368.85,6400.0,-462.0278,0.0
18:14:00,6368.85,6405.0,-42.6741,0.0
18:14:00,6368.85,6410.0,-42.3609,0.0
18:14:00,6368.85,6415.0,-17.4323,0.0
18:14:00,6368.85,6420.0,-94.9783,0.0
18:14:00,6368.85,6425.0,-80.0641,0.0
18:14:00,6368.85,6430.0,39.4818,0.0
18:14:00,6368.85,6435.0,-15.8232,0.0
18:14:00,6368.85,6440.0,-188.1426,0.0
18:16:09,6368.85,6295.0,-35.3533,0.0
18:16:09,6368.85,6300.0,-464.5075,0.0
18:16:09,6368.85,6305.0,-22.9469,0.0
18:16:09,6368.85,6310.0,-315.7645,0.0
18:16:09,6368.85,6315.0,-44.1697,0.0
18:16:09,6368.85,6320.0,-55.1607,0.0
18:16:09,6368.85,6325.0,-199.6208,0.0
18:16:09,6368.85,6330.0,-36.5612,0.0
18:16:09,6368.85,6335.0,-21.0407,0.0
18:16:09,6368.85,6340.0,-184.8503,0.0
18:16:09,6368.85,6345.0,-44.5628,0.0
18:16:09,6368.85,6350.0,-329.5677,0.0
18:16:09,6368.85,6355.0,-37.4837,0.0
18:16:09,6368.85,6360.0,-133.2233,0.0
18:16:09,6368.85,6365.0,-30.9297,0.0
18:16:09,6368.85,6370.0,-398.7921,0.0
18:16:09,6368.85,6375.0,-170.3935,0.0
18:16:09,6368.85,6380.0,-158.4019,0.0
18:16:09,6368.85,6385.0,-73.1164,0.0
18:16:09,6368.85,6390.0,-127.3634,0.0
18:16:09,6368.85,6395.0,-71.0396,0.0
18:16:09,6368.85,6400.0,-462.0278,0.0
18:16:09,6368.85,6405.0,-42.6741,0.0
18:16:09,6368.85,6410.0,-42.3609,0.0
18:16:09,6368.85,6415.0,-17.4323,0.0
18:16:09,6368.85,6420.0,-94.9783,0.0
18:16:09,6368.85,6425.0,-80.0641,0.0
18:16:09,6368.85,6430.0,39.4818,0.0
18:16:09,6368.85,6435.0,-15.8232,0.0
18:16:09,6368.85,6440.0,-188.1426,0.0
18:18:19,6368.85,6295.0,-35.3533,0.0
18:18:19,6368.85,6300.0,-464.5075,0.0
18:18:19,6368.85,6305.0,-22.9469,0.0
18:18:19,6368.85,6310.0,-315.7645,0.0
18:18:19,6368.85,6315.0,-44.1697,0.0
18:18:19,6368.85,6320.0,-55.1607,0.0
18:18:19,6368.85,6325.0,-199.6208,0.0
18:18:19,6368.85,6330.0,-36.5612,0.0
18:18:19,6368.85,6335.0,-21.0407,0.0
18:18:19,6368.85,6340.0,-184.8503,0.0
18:18:19,6368.85,6345.0,-44.5628,0.0
18:18:19,6368.85,6350.0,-329.5677,0.0
18:18:19,6368.85,6355.0,-37.4837,0.0
18:18:19,6368.85,6360.0,-133.2233,0.0
18:18:19,6368.85,6365.0,-30.9297,0.0
18:18:19,6368.85,6370.0,-398.7921,0.0
18:18:19,6368.85,6375.0,-170.3935,0.0
18:18:19,6368.85,6380.0,-158.4019,0.0
18:18:19,6368.85,6385.0,-73.1164,0.0
18:18:19,6368.85,6390.0,-127.3634,0.0
18:18:19,6368.85,6395.0,-71.0396,0.0
18:18:19,6368.85,6400.0,-462.0278,0.0
18:18:19,6368.85,6405.0,-42.6741,0.0
18:18:19,6368.85,6410.0,-42.3609,0.0
18:18:19,6368.85,6415.0,-17.4323,0.0
18:18:19,6368.85,6420.0,-94.9783,0.0
18:18:19,6368.85,6425.0,-80.0641,0.0
18:18:19,6368.85,6430.0,39.4818,0.0
18:18:19,6368.85,6435.0,-15.8232,0.0
18:18:19,6368.85,6440.0,-188.1426,0.0
18:20:29,6368.85,6295.0,-35.3533,0.0
18:20:29,6368.85,6300.0,-464.5075,0.0
18:20:29,6368.85,6305.0,-22.9469,0.0
18:20:29,6368.85,6310.0,-315.7645,0.0
18:20:29,6368.85,6315.0,-44.1697,0.0
18:20:29,6368.85,6320.0,-55.1607,0.0
18:20:29,6368.85,6325.0,-199.6208,0.0
18:20:29,6368.85,6330.0,-36.5612,0.0
18:20:29,6368.85,6335.0,-21.0407,0.0
18:20:29,6368.85,6340.0,-184.8503,0.0
18:20:29,6368.85,6345.0,-44.5628,0.0
18:20:29,6368.85,6350.0,-329.5677,0.0
18:20:29,6368.85,6355.0,-37.4837,0.0
18:20:29,6368.85,6360.0,-133.2233,0.0
18:20:29,6368.85,6365.0,-30.9297,0.0
18:20:29,6368.85,6370.0,-398.7921,0.0
18:20:29,6368.85,6375.0,-170.3935,0.0
18:20:29,6368.85,6380.0,-158.4019,0.0
18:20:29,6368.85,6385.0,-73.1164,0.0
18:20:29,6368.85,6390.0,-127.3634,0.0
18:20:29,6368.85,6395.0,-71.0396,0.0
18:20:29,6368.85,6400.0,-462.0278,0.0
18:20:29,6368.85,6405.0,-42.6741,0.0
18:20:29,6368.85,6410.0,-42.3609,0.0
18:20:29,6368.85,6415.0,-17.4323,0.0
18:20:29,6368.85,6420.0,-94.9783,0.0
18:20:29,6368.85,6425.0,-80.0641,0.0
18:20:29,6368.85,6430.0,39.4818,0.0
18:20:29,6368.85,6435.0,-15.8232,0.0
18:20:29,6368.85,6440.0,-188.1426,0.0
18:22:39,6368.85,6295.0,-35.3533,0.0
18:22:39,6368.85,6300.0,-464.5075,0.0
18:22:39,6368.85,6305.0,-22.9469,0.0
18:22:39,6368.85,6310.0,-315.7645,0.0
18:22:39,6368.85,6315.0,-44.1697,0.0
18:22:39,6368.85,6320.0,-55.1607,0.0
18:22:39,6368.85,6325.0,-199.6208,0.0
18:22:39,6368.85,6330.0,-36.5612,0.0
18:22:39,6368.85,6335.0,-21.0407,0.0
18:22:39,6368.85,6340.0,-184.8503,0.0
18:22:39,6368.85,6345.0,-44.5628,0.0
18:22:39,6368.85,6350.0,-329.5677,0.0
18:22:39,6368.85,6355.0,-37.4837,0.0
18:22:39,6368.85,6360.0,-133.2233,0.0
18:22:39,6368.85,6365.0,-30.9297,0.0
18:22:39,6368.85,6370.0,-398.7921,0.0
18:22:39,6368.85,6375.0,-170.3935,0.0
18:22:39,6368.85,6380.0,-158.4019,0.0
18:22:39,6368.85,6385.0,-73.1164,0.0
18:22:39,6368.85,6390.0,-127.3634,0.0
18:22:39,6368.85,6395.0,-71.0396,0.0
18:22:39,6368.85,6400.0,-462.0278,0.0
18:22:39,6368.85,6405.0,-42.6741,0.0
18:22:39,6368.85,6410.0,-42.3609,0.0
18:22:39,6368.85,6415.0,-17.4323,0.0
18:22:39,6368.85,6420.0,-94.9783,0.0
18:22:39,6368.85,6425.0,-80.0641,0.0
18:22:39,6368.85,6430.0,39.4818,0.0
18:22:39,6368.85,6435.0,-15.8232,0.0
18:22:39,6368.85,6440.0,-188.1426,0.0
18:24:48,6368.85,6295.0,-35.3533,0.0
18:24:48,6368.85,6300.0,-464.5075,0.0
18:24:48,6368.85,6305.0,-22.9469,0.0
18:24:48,6368.85,6310.0,-315.7645,0.0
18:24:48,6368.85,6315.0,-44.1697,0.0
18:24:48,6368.85,6320.0,-55.1607,0.0
18:24:48,6368.85,6325.0,-199.6208,0.0
18:24:48,6368.85,6330.0,-36.5612,0.0
18:24:48,6368.85,6335.0,-21.0407,0.0
18:24:48,6368.85,6340.0,-184.8503,0.0
18:24:48,6368.85,6345.0,-44.5628,0.0
18:24:48,6368.85,6350.0,-329.5677,0.0
18:24:48,6368.85,6355.0,-37.4837,0.0
18:24:48,6368.85,6360.0,-133.2233,0.0
18:24:48,6368.85,6365.0,-30.9297,0.0
18:24:48,6368.85,6370.0,-398.7921,0.0
18:24:48,6368.85,6375.0,-170.3935,0.0
18:24:48,6368.85,6380.0,-158.4019,0.0
18:24:48,6368.85,6385.0,-73.1164,0.0
18:24:48,6368.85,6390.0,-127.3634,0.0
18:24:48,6368.85,6395.0,-71.0396,0.0
18:24:48,6368.85,6400.0,-462.0278,0.0
18:24:48,6368.85,6405.0,-42.6741,0.0
18:24:48,6368.85,6410.0,-42.3609,0.0
18:24:48,6368.85,6415.0,-17.4323,0.0
18:24:48,6368.85,6420.0,-94.9783,0.0
18:24:48,6368.85,6425.0,-80.0641,0.0
18:24:48,6368.85,6430.0,39.4818,0.0
18:24:48,6368.85,6435.0,-15.8232,0.0
18:24:48,6368.85,6440.0,-188.1426,0.0
18:26:58,6368.85,6295.0,-35.3533,0.0
18:26:58,6368.85,6300.0,-464.5075,0.0
18:26:58,6368.85,6305.0,-22.9469,0.0
18:26:58,6368.85,6310.0,-315.7645,0.0
18:26:58,6368.85,6315.0,-44.1697,0.0
18:26:58,6368.85,6320.0,-55.1607,0.0
18:26:58,6368.85,6325.0,-199.6208,0.0
18:26:58,6368.85,6330.0,-36.5612,0.0
18:26:58,6368.85,6335.0,-21.0407,0.0
18:26:58,6368.85,6340.0,-184.8503,0.0
18:26:58,6368.85,6345.0,-44.5628,0.0
18:26:58,6368.85,6350.0,-329.5677,0.0
18:26:58,6368.85,6355.0,-37.4837,0.0
18:26:58,6368.85,6360.0,-133.2233,0.0
18:26:58,6368.85,6365.0,-30.9297,0.0
18:26:58,6368.85,6370.0,-398.7921,0.0
18:26:58,6368.85,6375.0,-170.3935,0.0
18:26:58,6368.85,6380.0,-158.4019,0.0
18:26:58,6368.85,6385.0,-73.1164,0.0
18:26:58,6368.85,6390.0,-127.3634,0.0
18:26:58,6368.85,6395.0,-71.0396,0.0
18:26:58,6368.85,6400.0,-462.0278,0.0
18:26:58,6368.85,6405.0,-42.6741,0.0
18:26:58,6368.85,6410.0,-42.3609,0.0
18:26:58,6368.85,6415.0,-17.4323,0.0
18:26:58,6368.85,6420.0,-94.9783,0.0
18:26:58,6368.85,6425.0,-80.0641,0.0
18:26:58,6368.85,6430.0,39.4818,0.0
18:26:58,6368.85,6435.0,-15.8232,0.0
18:26:58,6368.85,6440.0,-188.1426,0.0
18:29:08,6368.85,6295.0,-35.3533,0.0
18:29:08,6368.85,6300.0,-464.5075,0.0
18:29:08,6368.85,6305.0,-22.9469,0.0
18:29:08,6368.85,6310.0,-315.7645,0.0
18:29:08,6368.85,6315.0,-44.1697,0.0
18:29:08,6368.85,6320.0,-55.1607,0.0
18:29:08,6368.85,6325.0,-199.6208,0.0
18:29:08,6368.85,6330.0,-36.5612,0.0
18:29:08,6368.85,6335.0,-21.0407,0.0
18:29:08,6368.85,6340.0,-184.8503,0.0
18:29:08,6368.85,6345.0,-44.5628,0.0
18:29:08,6368.85,6350.0,-329.5677,0.0
18:29:08,6368.85,6355.0,-37.4837,0.0
18:29:08,6368.85,6360.0,-133.2233,0.0
18:29:08,6368.85,6365.0,-30.9297,0.0
18:29:08,6368.85,6370.0,-398.7921,0.0
18:29:08,6368.85,6375.0,-170.3935,0.0
18:29:08,6368.85,6380.0,-158.4019,0.0
18:29:08,6368.85,6385.0,-73.1164,0.0
18:29:08,6368.85,6390.0,-127.3634,0.0
18:29:08,6368.85,6395.0,-71.0396,0.0
18:29:08,6368.85,6400.0,-462.0278,0.0
18:29:08,6368.85,6405.0,-42.6741,0.0
18:29:08,6368.85,6410.0,-42.3609,0.0
18:29:08,6368.85,6415.0,-17.4323,0.0
18:29:08,6368.85,6420.0,-94.9783,0.0
18:29:08,6368.85,6425.0,-80.0641,0.0
18:29:08,6368.85,6430.0,39.4818,0.0
18:29:08,6368.85,6435.0,-15.8232,0.0
18:29:08,6368.85,6440.0,-188.1426,0.0
18:31:17,6368.85,6295.0,-35.3533,0.0
18:31:17,6368.85,6300.0,-464.5075,0.0
18:31:17,6368.85,6305.0,-22.9469,0.0
18:31:17,6368.85,6310.0,-315.7645,0.0
18:31:17,6368.85,6315.0,-44.1697,0.0
18:31:17,6368.85,6320.0,-55.1607,0.0
18:31:17,6368.85,6325.0,-199.6208,0.0
18:31:17,6368.85,6330.0,-36.5612,0.0
18:31:17,6368.85,6335.0,-21.0407,0.0
18:31:17,6368.85,6340.0,-184.8503,0.0
18:31:17,6368.85,6345.0,-44.5628,0.0
18:31:17,6368.85,6350.0,-329.5677,0.0
18:31:17,6368.85,6355.0,-37.4837,0.0
18:31:17,6368.85,6360.0,-133.2233,0.0
18:31:17,6368.85,6365.0,-30.9297,0.0
18:31:17,6368.85,6370.0,-398.7921,0.0
18:31:17,6368.85,6375.0,-170.3935,0.0
18:31:17,6368.85,6380.0,-158.4019,0.0
18:31:17,6368.85,6385.0,-73.1164,0.0
18:31:17,6368.85,6390.0,-127.3634,0.0
18:31:17,6368.85,6395.0,-71.0396,0.0
18:31:17,6368.85,6400.0,-462.0278,0.0
18:31:17,6368.85,6405.0,-42.6741,0.0
18:31:17,6368.85,6410.0,-42.3609,0.0
18:31:17,6368.85,6415.0,-17.4323,0.0
18:31:17,6368.85,6420.0,-94.9783,0.0
18:31:17,6368.85,6425.0,-80.0641,0.0
18:31:17,6368.85,6430.0,39.4818,0.0
18:31:17,6368.85,6435.0,-15.8232,0.0
18:31:17,6368.85,6440.0,-188.1426,0.0
18:33:27,6368.85,6295.0,-35.3533,0.0
18:33:27,6368.85,6300.0,-464.5075,0.0
18:33:27,6368.85,6305.0,-22.9469,0.0
18:33:27,6368.85,6310.0,-315.7645,0.0
18:33:27,6368.85,6315.0,-44.1697,0.0
18:33:27,6368.85,6320.0,-55.1607,0.0
18:33:27,6368.85,6325.0,-199.6208,0.0
18:33:27,6368.85,6330.0,-36.5612,0.0
18:33:27,6368.85,6335.0,-21.0407,0.0
18:33:27,6368.85,6340.0,-184.8503,0.0
18:33:27,6368.85,6345.0,-44.5628,0.0
18:33:27,6368.85,6350.0,-329.5677,0.0
18:33:27,6368.85,6355.0,-37.4837,0.0
18:33:27,6368.85,6360.0,-133.2233,0.0
18:33:27,6368.85,6365.0,-30.9297,0.0
18:33:27,6368.85,6370.0,-398.7921,0.0
18:33:27,6368.85,6375.0,-170.3935,0.0
18:33:27,6368.85,6380.0,-158.4019,0.0
18:33:27,6368.85,6385.0,-73.1164,0.0
18:33:27,6368.85,6390.0,-127.3634,0.0
18:33:27,6368.85,6395.0,-71.0396,0.0
18:33:27,6368.85,6400.0,-462.0278,0.0
18:33:27,6368.85,6405.0,-42.6741,0.0
18:33:27,6368.85,6410.0,-42.3609,0.0
18:33:27,6368.85,6415.0,-17.4323,0.0
18:33:27,6368.85,6420.0,-94.9783,0.0
18:33:27,6368.85,6425.0,-80.0641,0.0
18:33:27,6368.85,6430.0,39.4818,0.0
18:33:27,6368.85,6435.0,-15.8232,0.0
18:33:27,6368.85,6440.0,-188.1426,0.0
18:35:37,6368.85,6295.0,-35.3533,0.0
18:35:37,6368.85,6300.0,-464.5075,0.0
18:35:37,6368.85,6305.0,-22.9469,0.0
18:35:37,6368.85,6310.0,-315.7645,0.0
18:35:37,6368.85,6315.0,-44.1697,0.0
18:35:37,6368.85,6320.0,-55.1607,0.0
18:35:37,6368.85,6325.0,-199.6208,0.0
18:35:37,6368.85,6330.0,-36.5612,0.0
18:35:37,6368.85,6335.0,-21.0407,0.0
18:35:37,6368.85,6340.0,-184.8503,0.0
18:35:37,6368.85,6345.0,-44.5628,0.0
18:35:37,6368.85,6350.0,-329.5677,0.0
18:35:37,6368.85,6355.0,-37.4837,0.0
18:35:37,6368.85,6360.0,-133.2233,0.0
18:35:37,6368.85,6365.0,-30.9297,0.0
18:35:37,6368.85,6370.0,-398.7921,0.0
18:35:37,6368.85,6375.0,-170.3935,0.0
18:35:37,6368.85,6380.0,-158.4019,0.0
18:35:37,6368.85,6385.0,-73.1164,0.0
18:35:37,6368.85,6390.0,-127.3634,0.0
18:35:37,6368.85,6395.0,-71.0396,0.0
18:35:37,6368.85,6400.0,-462.0278,0.0
18:35:37,6368.85,6405.0,-42.6741,0.0
18:35:37,6368.85,6410.0,-42.3609,0.0
18:35:37,6368.85,6415.0,-17.4323,0.0
18:35:37,6368.85,6420.0,-94.9783,0.0
18:35:37,6368.85,6425.0,-80.0641,0.0
18:35:37,6368.85,6430.0,39.4818,0.0
18:35:37,6368.85,6435.0,-15.8232,0.0
18:35:37,6368.85,6440.0,-188.1426,0.0
18:37:46,6368.85,6295.0,-35.3533,0.0
18:37:46,6368.85,6300.0,-464.5075,0.0
18:37:46,6368.85,6305.0,-22.9469,0.0
18:37:46,6368.85,6310.0,-315.7645,0.0
18:37:46,6368.85,6315.0,-44.1697,0.0
18:37:46,6368.85,6320.0,-55.1607,0.0
18:37:46,6368.85,6325.0,-199.6208,0.0
18:37:46,6368.85,6330.0,-36.5612,0.0
18:37:46,6368.85,6335.0,-21.0407,0.0
18:37:46,6368.85,6340.0,-184.8503,0.0
18:37:46,6368.85,6345.0,-44.5628,0.0
18:37:46,6368.85,6350.0,-329.5677,0.0
18:37:46,6368.85,6355.0,-37.4837,0.0
18:37:46,6368.85,6360.0,-133.2233,0.0
18:37:46,6368.85,6365.0,-30.9297,0.0
18:37:46,6368.85,6370.0,-398.7921,0.0
18:37:46,6368.85,6375.0,-170.3935,0.0
18:37:46,6368.85,6380.0,-158.4019,0.0
18:37:46,6368.85,6385.0,-73.1164,0.0
18:37:46,6368.85,6390.0,-127.3634,0.0
18:37:46,6368.85,6395.0,-71.0396,0.0
18:37:46,6368.85,6400.0,-462.0278,0.0
18:37:46,6368.85,6405.0,-42.6741,0.0
18:37:46,6368.85,6410.0,-42.3609,0.0
18:37:46,6368.85,6415.0,-17.4323,0.0
18:37:46,6368.85,6420.0,-94.9783,0.0
18:37:46,6368.85,6425.0,-80.0641,0.0
18:37:46,6368.85,6430.0,39.4818,0.0
18:37:46,6368.85,6435.0,-15.8232,0.0
18:37:46,6368.85,6440.0,-188.1426,0.0
18:39:56,6368.85,6295.0,-35.3533,0.0
18:39:56,6368.85,6300.0,-464.5075,0.0
18:39:56,6368.85,6305.0,-22.9469,0.0
18:39:56,6368.85,6310.0,-315.7645,0.0
18:39:56,6368.85,6315.0,-44.1697,0.0
18:39:56,6368.85,6320.0,-55.1607,0.0
18:39:56,6368.85,6325.0,-199.6208,0.0
18:39:56,6368.85,6330.0,-36.5612,0.0
18:39:56,6368.85,6335.0,-21.0407,0.0
18:39:56,6368.85,6340.0,-184.8503,0.0
18:39:56,6368.85,6345.0,-44.5628,0.0
18:39:56,6368.85,6350.0,-329.5677,0.0
18:39:56,6368.85,6355.0,-37.4837,0.0
18:39:56,6368.85,6360.0,-133.2233,0.0
18:39:56,6368.85,6365.0,-30.9297,0.0
18:39:56,6368.85,6370.0,-398.7921,0.0
18:39:56,6368.85,6375.0,-170.3935,0.0
18:39:56,6368.85,6380.0,-158.4019,0.0
18:39:56,6368.85,6385.0,-73.1164,0.0
18:39:56,6368.85,6390.0,-127.3634,0.0
18:39:56,6368.85,6395.0,-71.0396,0.0
18:39:56,6368.85,6400.0,-462.0278,0.0
18:39:56,6368.85,6405.0,-42.6741,0.0
18:39:56,6368.85,6410.0,-42.3609,0.0
18:39:56,6368.85,6415.0,-17.4323,0.0
18:39:56,6368.85,6420.0,-94.9783,0.0
18:39:56,6368.85,6425.0,-80.0641,0.0
18:39:56,6368.85,6430.0,39.4818,0.0
18:39:56,6368.85,6435.0,-15.8232,0.0
18:39:56,6368.85,6440.0,-188.1426,0.0
18:42:06,6368.85,6295.0,-35.3533,0.0
18:42:06,6368.85,6300.0,-464.5075,0.0
18:42:06,6368.85,6305.0,-22.9469,0.0
18:42:06,6368.85,6310.0,-315.7645,0.0
18:42:06,6368.85,6315.0,-44.1697,0.0
18:42:06,6368.85,6320.0,-55.1607,0.0
18:42:06,6368.85,6325.0,-199.6208,0.0
18:42:06,6368.85,6330.0,-36.5612,0.0
18:42:06,6368.85,6335.0,-21.0407,0.0
18:42:06,6368.85,6340.0,-184.8503,0.0
18:42:06,6368.85,6345.0,-44.5628,0.0
18:42:06,6368.85,6350.0,-329.5677,0.0
18:42:06,6368.85,6355.0,-37.4837,0.0
18:42:06,6368.85,6360.0,-133.2233,0.0
18:42:06,6368.85,6365.0,-30.9297,0.0
18:42:06,6368.85,6370.0,-398.7921,0.0
18:42:06,6368.85,6375.0,-170.3935,0.0
18:42:06,6368.85,6380.0,-158.4019,0.0
18:42:06,6368.85,6385.0,-73.1164,0.0
18:42:06,6368.85,6390.0,-127.3634,0.0
18:42:06,6368.85,6395.0,-71.0396,0.0
18:42:06,6368.85,6400.0,-462.0278,0.0
18:42:06,6368.85,6405.0,-42.6741,0.0
18:42:06,6368.85,6410.0,-42.3609,0.0
18:42:06,6368.85,6415.0,-17.4323,0.0
18:42:06,6368.85,6420.0,-94.9783,0.0
18:42:06,6368.85,6425.0,-80.0641,0.0
18:42:06,6368.85,6430.0,39.4818,0.0
18:42:06,6368.85,6435.0,-15.8232,0.0
18:42:06,6368.85,6440.0,-188.1426,0.0
18:44:15,6368.85,6295.0,-35.3533,0.0
18:44:15,6368.85,6300.0,-464.5075,0.0
18:44:15,6368.85,6305.0,-22.9469,0.0
18:44:15,6368.85,6310.0,-315.7645,0.0
18:44:15,6368.85,6315.0,-44.1697,0.0
18:44:15,6368.85,6320.0,-55.1607,0.0
18:44:15,6368.85,6325.0,-199.6208,0.0
18:44:15,6368.85,6330.0,-36.5612,0.0
18:44:15,6368.85,6335.0,-21.0407,0.0
18:44:15,6368.85,6340.0,-184.8503,0.0
18:44:15,6368.85,6345.0,-44.5628,0.0
18:44:15,6368.85,6350.0,-329.5677,0.0
18:44:15,6368.85,6355.0,-37.4837,0.0
18:44:15,6368.85,6360.0,-133.2233,0.0
18:44:15,6368.85,6365.0,-30.9297,0.0
18:44:15,6368.85,6370.0,-398.7921,0.0
18:44:15,6368.85,6375.0,-170.3935,0.0
18:44:15,6368.85,6380.0,-158.4019,0.0
18:44:15,6368.85,6385.0,-73.1164,0.0
18:44:15,6368.85,6390.0,-127.3634,0.0
18:44:15,6368.85,6395.0,-71.0396,0.0
18:44:15,6368.85,6400.0,-462.0278,0.0
18:44:15,6368.85,6405.0,-42.6741,0.0
18:44:15,6368.85,6410.0,-42.3609,0.0
18:44:15,6368.85,6415.0,-17.4323,0.0
18:44:15,6368.85,6420.0,-94.9783,0.0
18:44:15,6368.85,6425.0,-80.0641,0.0
18:44:15,6368.85,6430.0,39.4818,0.0
18:44:15,6368.85,6435.0,-15.8232,0.0
18:44:15,6368.85,6440.0,-188.1426,0.0
18:46:25,6368.85,6295.0,-35.3533,0.0
18:46:25,6368.85,6300.0,-464.5075,0.0
18:46:25,6368.85,6305.0,-22.9469,0.0
18:46:25,6368.85,6310.0,-315.7645,0.0
18:46:25,6368.85,6315.0,-44.1697,0.0
18:46:25,6368.85,6320.0,-55.1607,0.0
18:46:25,6368.85,6325.0,-199.6208,0.0
18:46:25,6368.85,6330.0,-36.5612,0.0
18:46:25,6368.85,6335.0,-21.0407,0.0
18:46:25,6368.85,6340.0,-184.8503,0.0
18:46:25,6368.85,6345.0,-44.5628,0.0
18:46:25,6368.85,6350.0,-329.5677,0.0
18:46:25,6368.85,6355.0,-37.4837,0.0
18:46:25,6368.85,6360.0,-133.2233,0.0
18:46:25,6368.85,6365.0,-30.9297,0.0
18:46:25,6368.85,6370.0,-398.7921,0.0
18:46:25,6368.85,6375.0,-170.3935,0.0
18:46:25,6368.85,6380.0,-158.4019,0.0
18:46:25,6368.85,6385.0,-73.1164,0.0
18:46:25,6368.85,6390.0,-127.3634,0.0
18:46:25,6368.85,6395.0,-71.0396,0.0
18:46:25,6368.85,6400.0,-462.0278,0.0
18:46:25,6368.85,6405.0,-42.6741,0.0
18:46:25,6368.85,6410.0,-42.3609,0.0
18:46:25,6368.85,6415.0,-17.4323,0.0
18:46:25,6368.85,6420.0,-94.9783,0.0
18:46:25,6368.85,6425.0,-80.0641,0.0
18:46:25,6368.85,6430.0,39.4818,0.0
18:46:25,6368.85,6435.0,-15.8232,0.0
18:46:25,6368.85,6440.0,-188.1426,0.0
18:48:35,6368.85,6295.0,-35.3533,0.0
18:48:35,6368.85,6300.0,-464.5075,0.0
18:48:35,6368.85,6305.0,-22.9469,0.0
18:48:35,6368.85,6310.0,-315.7645,0.0
18:48:35,6368.85,6315.0,-44.1697,0.0
18:48:35,6368.85,6320.0,-55.1607,0.0
18:48:35,6368.85,6325.0,-199.6208,0.0
18:48:35,6368.85,6330.0,-36.5612,0.0
18:48:35,6368.85,6335.0,-21.0407,0.0
18:48:35,6368.85,6340.0,-184.8503,0.0
18:48:35,6368.85,6345.0,-44.5628,0.0
18:48:35,6368.85,6350.0,-329.5677,0.0
18:48:35,6368.85,6355.0,-37.4837,0.0
18:48:35,6368.85,6360.0,-133.2233,0.0
18:48:35,6368.85,6365.0,-30.9297,0.0
18:48:35,6368.85,6370.0,-398.7921,0.0
18:48:35,6368.85,6375.0,-170.3935,0.0
18:48:35,6368.85,6380.0,-158.4019,0.0
18:48:35,6368.85,6385.0,-73.1164,0.0
18:48:35,6368.85,6390.0,-127.3634,0.0
18:48:35,6368.85,6395.0,-71.0396,0.0
18:48:35,6368.85,6400.0,-462.0278,0.0
18:48:35,6368.85,6405.0,-42.6741,0.0
18:48:35,6368.85,6410.0,-42.3609,0.0
18:48:35,6368.85,6415.0,-17.4323,0.0
18:48:35,6368.85,6420.0,-94.9783,0.0
18:48:35,6368.85,6425.0,-80.0641,0.0
18:48:35,6368.85,6430.0,39.4818,0.0
18:48:35,6368.85,6435.0,-15.8232,0.0
18:48:35,6368.85,6440.0,-188.1426,0.0
18:50:44,6368.85,6295.0,-35.3533,0.0
18:50:44,6368.85,6300.0,-464.5075,0.0
18:50:44,6368.85,6305.0,-22.9469,0.0
18:50:44,6368.85,6310.0,-315.7645,0.0
18:50:44,6368.85,6315.0,-44.1697,0.0
18:50:44,6368.85,6320.0,-55.1607,0.0
18:50:44,6368.85,6325.0,-199.6208,0.0
18:50:44,6368.85,6330.0,-36.5612,0.0
18:50:44,6368.85,6335.0,-21.0407,0.0
18:50:44,6368.85,6340.0,-184.8503,0.0
18:50:44,6368.85,6345.0,-44.5628,0.0
18:50:44,6368.85,6350.0,-329.5677,0.0
18:50:44,6368.85,6355.0,-37.4837,0.0
18:50:44,6368.85,6360.0,-133.2233,0.0
18:50:44,6368.85,6365.0,-30.9297,0.0
18:50:44,6368.85,6370.0,-398.7921,0.0
18:50:44,6368.85,6375.0,-170.3935,0.0
18:50:44,6368.85,6380.0,-158.4019,0.0
18:50:44,6368.85,6385.0,-73.1164,0.0
18:50:44,6368.85,6390.0,-127.3634,0.0
18:50:44,6368.85,6395.0,-71.0396,0.0
18:50:44,6368.85,6400.0,-462.0278,0.0
18:50:44,6368.85,6405.0,-42.6741,0.0
18:50:44,6368.85,6410.0,-42.3609,0.0
18:50:44,6368.85,6415.0,-17.4323,0.0
18:50:44,6368.85,6420.0,-94.9783,0.0
18:50:44,6368.85,6425.0,-80.0641,0.0
18:50:44,6368.85,6430.0,39.4818,0.0
18:50:44,6368.85,6435.0,-15.8232,0.0
18:50:44,6368.85,6440.0,-188.1426,0.0
18:52:54,6368.85,6295.0,-35.3533,0.0
18:52:54,6368.85,6300.0,-464.5075,0.0
18:52:54,6368.85,6305.0,-22.9469,0.0
18:52:54,6368.85,6310.0,-315.7645,0.0
18:52:54,6368.85,6315.0,-44.1697,0.0
18:52:54,6368.85,6320.0,-55.1607,0.0
18:52:54,6368.85,6325.0,-199.6208,0.0
18:52:54,6368.85,6330.0,-36.5612,0.0
18:52:54,6368.85,6335.0,-21.0407,0.0
18:52:54,6368.85,6340.0,-184.8503,0.0
18:52:54,6368.85,6345.0,-44.5628,0.0
18:52:54,6368.85,6350.0,-329.5677,0.0
18:52:54,6368.85,6355.0,-37.4837,0.0
18:52:54,6368.85,6360.0,-133.2233,0.0
18:52:54,6368.85,6365.0,-30.9297,0.0
18:52:54,6368.85,6370.0,-398.7921,0.0
18:52:54,6368.85,6375.0,-170.3935,0.0
18:52:54,6368.85,6380.0,-158.4019,0.0
18:52:54,6368.85,6385.0,-73.1164,0.0
18:52:54,6368.85,6390.0,-127.3634,0.0
18:52:54,6368.85,6395.0,-71.0396,0.0
18:52:54,6368.85,6400.0,-462.0278,0.0
18:52:54,6368.85,6405.0,-42.6741,0.0
18:52:54,6368.85,6410.0,-42.3609,0.0
18:52:54,6368.85,6415.0,-17.4323,0.0
18:52:54,6368.85,6420.0,-94.9783,0.0
18:52:54,6368.85,6425.0,-80.0641,0.0
18:52:54,6368.85,6430.0,39.4818,0.0
18:52:54,6368.85,6435.0,-15.8232,0.0
18:52:54,6368.85,6440.0,-188.1426,0.0
18:55:04,6368.85,6295.0,-35.3533,0.0
18:55:04,6368.85,6300.0,-464.5075,0.0
18:55:04,6368.85,6305.0,-22.9469,0.0
18:55:04,6368.85,6310.0,-315.7645,0.0
18:55:04,6368.85,6315.0,-44.1697,0.0
18:55:04,6368.85,6320.0,-55.1607,0.0
18:55:04,6368.85,6325.0,-199.6208,0.0
18:55:04,6368.85,6330.0,-36.5612,0.0
18:55:04,6368.85,6335.0,-21.0407,0.0
18:55:04,6368.85,6340.0,-184.8503,0.0
18:55:04,6368.85,6345.0,-44.5628,0.0
18:55:04,6368.85,6350.0,-329.5677,0.0
18:55:04,6368.85,6355.0,-37.4837,0.0
18:55:04,6368.85,6360.0,-133.2233,0.0
18:55:04,6368.85,6365.0,-30.9297,0.0
18:55:04,6368.85,6370.0,-398.7921,0.0
18:55:04,6368.85,6375.0,-170.3935,0.0
18:55:04,6368.85,6380.0,-158.4019,0.0
18:55:04,6368.85,6385.0,-73.1164,0.0
18:55:04,6368.85,6390.0,-127.3634,0.0
18:55:04,6368.85,6395.0,-71.0396,0.0
18:55:04,6368.85,6400.0,-462.0278,0.0
18:55:04,6368.85,6405.0,-42.6741,0.0
18:55:04,6368.85,6410.0,-42.3609,0.0
18:55:04,6368.85,6415.0,-17.4323,0.0
18:55:04,6368.85,6420.0,-94.9783,0.0
18:55:04,6368.85,6425.0,-80.0641,0.0
18:55:04,6368.85,6430.0,39.4818,0.0
18:55:04,6368.85,6435.0,-15.8232,0.0
18:55:04,6368.85,6440.0,-188.1426,0.0
18:57:14,6368.85,6295.0,-35.3533,0.0
18:57:14,6368.85,6300.0,-464.5075,0.0
18:57:14,6368.85,6305.0,-22.9469,0.0
18:57:14,6368.85,6310.0,-315.7645,0.0
18:57:14,6368.85,6315.0,-44.1697,0.0
18:57:14,6368.85,6320.0,-55.1607,0.0
18:57:14,6368.85,6325.0,-199.6208,0.0
18:57:14,6368.85,6330.0,-36.5612,0.0
18:57:14,6368.85,6335.0,-21.0407,0.0
18:57:14,6368.85,6340.0,-184.8503,0.0
18:57:14,6368.85,6345.0,-44.5628,0.0
18:57:14,6368.85,6350.0,-329.5677,0.0
18:57:14,6368.85,6355.0,-37.4837,0.0
18:57:14,6368.85,6360.0,-133.2233,0.0
18:57:14,6368.85,6365.0,-30.9297,0.0
18:57:14,6368.85,6370.0,-398.7921,0.0
18:57:14,6368.85,6375.0,-170.3935,0.0
18:57:14,6368.85,6380.0,-158.4019,0.0
18:57:14,6368.85,6385.0,-73.1164,0.0
18:57:14,6368.85,6390.0,-127.3634,0.0
18:57:14,6368.85,6395.0,-71.0396,0.0
18:57:14,6368.85,6400.0,-462.0278,0.0
18:57:14,6368.85,6405.0,-42.6741,0.0
18:57:14,6368.85,6410.0,-42.3609,0.0
18:57:14,6368.85,6415.0,-17.4323,0.0
18:57:14,6368.85,6420.0,-94.9783,0.0
18:57:14,6368.85,6425.0,-80.0641,0.0
18:57:14,6368.85,6430.0,39.4818,0.0
18:57:14,6368.85,6435.0,-15.8232,0.0
18:57:14,6368.85,6440.0,-188.1426,0.0
18:59:23,6368.85,6295.0,-35.3533,0.0
18:59:23,6368.85,6300.0,-464.5075,0.0
18:59:23,6368.85,6305.0,-22.9469,0.0
18:59:23,6368.85,6310.0,-315.7645,0.0
18:59:23,6368.85,6315.0,-44.1697,0.0
18:59:23,6368.85,6320.0,-55.1607,0.0
18:59:23,6368.85,6325.0,-199.6208,0.0
18:59:23,6368.85,6330.0,-36.5612,0.0
18:59:23,6368.85,6335.0,-21.0407,0.0
18:59:23,6368.85,6340.0,-184.8503,0.0
18:59:23,6368.85,6345.0,-44.5628,0.0
18:59:23,6368.85,6350.0,-329.5677,0.0
18:59:23,6368.85,6355.0,-37.4837,0.0
18:59:23,6368.85,6360.0,-133.2233,0.0
18:59:23,6368.85,6365.0,-30.9297,0.0
18:59:23,6368.85,6370.0,-398.7921,0.0
18:59:23,6368.85,6375.0,-170.3935,0.0
18:59:23,6368.85,6380.0,-158.4019,0.0
18:59:23,6368.85,6385.0,-73.1164,0.0
18:59:23,6368.85,6390.0,-127.3634,0.0
18:59:23,6368.85,6395.0,-71.0396,0.0
18:59:23,6368.85,6400.0,-462.0278,0.0
18:59:23,6368.85,6405.0,-42.6741,0.0
18:59:23,6368.85,6410.0,-42.3609,0.0
18:59:23,6368.85,6415.0,-17.4323,0.0
18:59:23,6368.85,6420.0,-94.9783,0.0
18:59:23,6368.85,6425.0,-80.0641,0.0
18:59:23,6368.85,6430.0,39.4818,0.0
18:59:23,6368.85,6435.0,-15.8232,0.0
18:59:23,6368.85,6440.0,-188.1426,0.0
19:01:33,6368.85,6295.0,-35.3533,0.0
19:01:33,6368.85,6300.0,-464.5075,0.0
19:01:33,6368.85,6305.0,-22.9469,0.0
19:01:33,6368.85,6310.0,-315.7645,0.0
19:01:33,6368.85,6315.0,-44.1697,0.0
19:01:33,6368.85,6320.0,-55.1607,0.0
19:01:33,6368.85,6325.0,-199.6208,0.0
19:01:33,6368.85,6330.0,-36.5612,0.0
19:01:33,6368.85,6335.0,-21.0407,0.0
19:01:33,6368.85,6340.0,-184.8503,0.0
19:01:33,6368.85,6345.0,-44.5628,0.0
19:01:33,6368.85,6350.0,-329.5677,0.0
19:01:33,6368.85,6355.0,-37.4837,0.0
19:01:33,6368.85,6360.0,-133.2233,0.0
19:01:33,6368.85,6365.0,-30.9297,0.0
19:01:33,6368.85,6370.0,-398.7921,0.0
19:01:33,6368.85,6375.0,-170.3935,0.0
19:01:33,6368.85,6380.0,-158.4019,0.0
19:01:33,6368.85,6385.0,-73.1164,0.0
19:01:33,6368.85,6390.0,-127.3634,0.0
19:01:33,6368.85,6395.0,-71.0396,0.0
19:01:33,6368.85,6400.0,-462.0278,0.0
19:01:33,6368.85,6405.0,-42.6741,0.0
19:01:33,6368.85,6410.0,-42.3609,0.0
19:01:33,6368.85,6415.0,-17.4323,0.0
19:01:33,6368.85,6420.0,-94.9783,0.0
19:01:33,6368.85,6425.0,-80.0641,0.0
19:01:33,6368.85,6430.0,39.4818,0.0
19:01:33,6368.85,6435.0,-15.8232,0.0
19:01:33,6368.85,6440.0,-188.1426,0.0
19:03:43,6368.85,6295.0,-35.3533,0.0
19:03:43,6368.85,6300.0,-464.5075,0.0
19:03:43,6368.85,6305.0,-22.9469,0.0
19:03:43,6368.85,6310.0,-315.7645,0.0
19:03:43,6368.85,6315.0,-44.1697,0.0
19:03:43,6368.85,6320.0,-55.1607,0.0
19:03:43,6368.85,6325.0,-199.6208,0.0
19:03:43,6368.85,6330.0,-36.5612,0.0
19:03:43,6368.85,6335.0,-21.0407,0.0
19:03:43,6368.85,6340.0,-184.8503,0.0
19:03:43,6368.85,6345.0,-44.5628,0.0
19:03:43,6368.85,6350.0,-329.5677,0.0
19:03:43,6368.85,6355.0,-37.4837,0.0
19:03:43,6368.85,6360.0,-133.2233,0.0
19:03:43,6368.85,6365.0,-30.9297,0.0
19:03:43,6368.85,6370.0,-398.7921,0.0
19:03:43,6368.85,6375.0,-170.3935,0.0
19:03:43,6368.85,6380.0,-158.4019,0.0
19:03:43,6368.85,6385.0,-73.1164,0.0
19:03:43,6368.85,6390.0,-127.3634,0.0
19:03:43,6368.85,6395.0,-71.0396,0.0
19:03:43,6368.85,6400.0,-462.0278,0.0
19:03:43,6368.85,6405.0,-42.6741,0.0
19:03:43,6368.85,6410.0,-42.3609,0.0
19:03:43,6368.85,6415.0,-17.4323,0.0
19:03:43,6368.85,6420.0,-94.9783,0.0
19:03:43,6368.85,6425.0,-80.0641,0.0
19:03:43,6368.85,6430.0,39.4818,0.0
19:03:43,6368.85,6435.0,-15.8232,0.0
19:03:43,6368.85,6440.0,-188.1426,0.0
19:05:52,6368.85,6295.0,-35.3533,0.0
19:05:52,6368.85,6300.0,-464.5075,0.0
19:05:52,6368.85,6305.0,-22.9469,0.0
19:05:52,6368.85,6310.0,-315.7645,0.0
19:05:52,6368.85,6315.0,-44.1697,0.0
19:05:52,6368.85,6320.0,-55.1607,0.0
19:05:52,6368.85,6325.0,-199.6208,0.0
19:05:52,6368.85,6330.0,-36.5612,0.0
19:05:52,6368.85,6335.0,-21.0407,0.0
19:05:52,6368.85,6340.0,-184.8503,0.0
19:05:52,6368.85,6345.0,-44.5628,0.0
19:05:52,6368.85,6350.0,-329.5677,0.0
19:05:52,6368.85,6355.0,-37.4837,0.0
19:05:52,6368.85,6360.0,-133.2233,0.0
19:05:52,6368.85,6365.0,-30.9297,0.0
19:05:52,6368.85,6370.0,-398.7921,0.0
19:05:52,6368.85,6375.0,-170.3935,0.0
19:05:52,6368.85,6380.0,-158.4019,0.0
19:05:52,6368.85,6385.0,-73.1164,0.0
19:05:52,6368.85,6390.0,-127.3634,0.0
19:05:52,6368.85,6395.0,-71.0396,0.0
19:05:52,6368.85,6400.0,-462.0278,0.0
19:05:52,6368.85,6405.0,-42.6741,0.0
19:05:52,6368.85,6410.0,-42.3609,0.0
19:05:52,6368.85,6415.0,-17.4323,0.0
19:05:52,6368.85,6420.0,-94.9783,0.0
19:05:52,6368.85,6425.0,-80.0641,0.0
19:05:52,6368.85,6430.0,39.4818,0.0
19:05:52,6368.85,6435.0,-15.8232,0.0
19:05:52,6368.85,6440.0,-188.1426,0.0
19:08:02,6368.85,6295.0,-35.3533,0.0
19:08:02,6368.85,6300.0,-464.5075,0.0
19:08:02,6368.85,6305.0,-22.9469,0.0
19:08:02,6368.85,6310.0,-315.7645,0.0
19:08:02,6368.85,6315.0,-44.1697,0.0
19:08:02,6368.85,6320.0,-55.1607,0.0
19:08:02,6368.85,6325.0,-199.6208,0.0
19:08:02,6368.85,6330.0,-36.5612,0.0
19:08:02,6368.85,6335.0,-21.0407,0.0
19:08:02,6368.85,6340.0,-184.8503,0.0
19:08:02,6368.85,6345.0,-44.5628,0.0
19:08:02,6368.85,6350.0,-329.5677,0.0
19:08:02,6368.85,6355.0,-37.4837,0.0
19:08:02,6368.85,6360.0,-133.2233,0.0
19:08:02,6368.85,6365.0,-30.9297,0.0
19:08:02,6368.85,6370.0,-398.7921,0.0
19:08:02,6368.85,6375.0,-170.3935,0.0
19:08:02,6368.85,6380.0,-158.4019,0.0
19:08:02,6368.85,6385.0,-73.1164,0.0
19:08:02,6368.85,6390.0,-127.3634,0.0
19:08:02,6368.85,6395.0,-71.0396,0.0
19:08:02,6368.85,6400.0,-462.0278,0.0
19:08:02,6368.85,6405.0,-42.6741,0.0
19:08:02,6368.85,6410.0,-42.3609,0.0
19:08:02,6368.85,6415.0,-17.4323,0.0
19:08:02,6368.85,6420.0,-94.9783,0.0
19:08:02,6368.85,6425.0,-80.0641,0.0
19:08:02,6368.85,6430.0,39.4818,0.0
19:08:02,6368.85,6435.0,-15.8232,0.0
19:08:02,6368.85,6440.0,-188.1426,0.0
19:10:12,6368.85,6295.0,-35.3533,0.0
19:10:12,6368.85,6300.0,-464.5075,0.0
19:10:12,6368.85,6305.0,-22.9469,0.0
19:10:12,6368.85,6310.0,-315.7645,0.0
19:10:12,6368.85,6315.0,-44.1697,0.0
19:10:12,6368.85,6320.0,-55.1607,0.0
19:10:12,6368.85,6325.0,-199.6208,0.0
19:10:12,6368.85,6330.0,-36.5612,0.0
19:10:12,6368.85,6335.0,-21.0407,0.0
19:10:12,6368.85,6340.0,-184.8503,0.0
19:10:12,6368.85,6345.0,-44.5628,0.0
19:10:12,6368.85,6350.0,-329.5677,0.0
19:10:12,6368.85,6355.0,-37.4837,0.0
19:10:12,6368.85,6360.0,-133.2233,0.0
19:10:12,6368.85,6365.0,-30.9297,0.0
19:10:12,6368.85,6370.0,-398.7921,0.0
19:10:12,6368.85,6375.0,-170.3935,0.0
19:10:12,6368.85,6380.0,-158.4019,0.0
19:10:12,6368.85,6385.0,-73.1164,0.0
19:10:12,6368.85,6390.0,-127.3634,0.0
19:10:12,6368.85,6395.0,-71.0396,0.0
19:10:12,6368.85,6400.0,-462.0278,0.0
19:10:12,6368.85,6405.0,-42.6741,0.0
19:10:12,6368.85,6410.0,-42.3609,0.0
19:10:12,6368.85,6415.0,-17.4323,0.0
19:10:12,6368.85,6420.0,-94.9783,0.0
19:10:12,6368.85,6425.0,-80.0641,0.0
19:10:12,6368.85,6430.0,39.4818,0.0
19:10:12,6368.85,6435.0,-15.8232,0.0
19:10:12,6368.85,6440.0,-188.1426,0.0
19:12:21,6368.85,6295.0,-35.3533,0.0
19:12:21,6368.85,6300.0,-464.5075,0.0
19:12:21,6368.85,6305.0,-22.9469,0.0
19:12:21,6368.85,6310.0,-315.7645,0.0
19:12:21,6368.85,6315.0,-44.1697,0.0
19:12:21,6368.85,6320.0,-55.1607,0.0
19:12:21,6368.85,6325.0,-199.6208,0.0
19:12:21,6368.85,6330.0,-36.5612,0.0
19:12:21,6368.85,6335.0,-21.0407,0.0
19:12:21,6368.85,6340.0,-184.8503,0.0
19:12:21,6368.85,6345.0,-44.5628,0.0
19:12:21,6368.85,6350.0,-329.5677,0.0
19:12:21,6368.85,6355.0,-37.4837,0.0
19:12:21,6368.85,6360.0,-133.2233,0.0
19:12:21,6368.85,6365.0,-30.9297,0.0
19:12:21,6368.85,6370.0,-398.7921,0.0
19:12:21,6368.85,6375.0,-170.3935,0.0
19:12:21,6368.85,6380.0,-158.4019,0.0
19:12:21,6368.85,6385.0,-73.1164,0.0
19:12:21,6368.85,6390.0,-127.3634,0.0
19:12:21,6368.85,6395.0,-71.0396,0.0
19:12:21,6368.85,6400.0,-462.0278,0.0
19:12:21,6368.85,6405.0,-42.6741,0.0
19:12:21,6368.85,6410.0,-42.3609,0.0
19:12:21,6368.85,6415.0,-17.4323,0.0
19:12:21,6368.85,6420.0,-94.9783,0.0
19:12:21,6368.85,6425.0,-80.0641,0.0
19:12:21,6368.85,6430.0,39.4818,0.0
19:12:21,6368.85,6435.0,-15.8232,0.0
19:12:21,6368.85,6440.0,-188.1426,0.0
19:14:31,6368.85,6295.0,-35.3533,0.0
19:14:31,6368.85,6300.0,-464.5075,0.0
19:14:31,6368.85,6305.0,-22.9469,0.0
19:14:31,6368.85,6310.0,-315.7645,0.0
19:14:31,6368.85,6315.0,-44.1697,0.0
19:14:31,6368.85,6320.0,-55.1607,0.0
19:14:31,6368.85,6325.0,-199.6208,0.0
19:14:31,6368.85,6330.0,-36.5612,0.0
19:14:31,6368.85,6335.0,-21.0407,0.0
19:14:31,6368.85,6340.0,-184.8503,0.0
19:14:31,6368.85,6345.0,-44.5628,0.0
19:14:31,6368.85,6350.0,-329.5677,0.0
19:14:31,6368.85,6355.0,-37.4837,0.0
19:14:31,6368.85,6360.0,-133.2233,0.0
19:14:31,6368.85,6365.0,-30.9297,0.0
19:14:31,6368.85,6370.0,-398.7921,0.0
19:14:31,6368.85,6375.0,-170.3935,0.0
19:14:31,6368.85,6380.0,-158.4019,0.0
19:14:31,6368.85,6385.0,-73.1164,0.0
19:14:31,6368.85,6390.0,-127.3634,0.0
19:14:31,6368.85,6395.0,-71.0396,0.0
19:14:31,6368.85,6400.0,-462.0278,0.0
19:14:31,6368.85,6405.0,-42.6741,0.0
19:14:31,6368.85,6410.0,-42.3609,0.0
19:14:31,6368.85,6415.0,-17.4323,0.0
19:14:31,6368.85,6420.0,-94.9783,0.0
19:14:31,6368.85,6425.0,-80.0641,0.0
19:14:31,6368.85,6430.0,39.4818,0.0
19:14:31,6368.85,6435.0,-15.8232,0.0
19:14:31,6368.85,6440.0,-188.1426,0.0
19:16:41,6368.85,6295.0,-35.3533,0.0
19:16:41,6368.85,6300.0,-464.5075,0.0
19:16:41,6368.85,6305.0,-22.9469,0.0
19:16:41,6368.85,6310.0,-315.7645,0.0
19:16:41,6368.85,6315.0,-44.1697,0.0
19:16:41,6368.85,6320.0,-55.1607,0.0
19:16:41,6368.85,6325.0,-199.6208,0.0
19:16:41,6368.85,6330.0,-36.5612,0.0
19:16:41,6368.85,6335.0,-21.0407,0.0
19:16:41,6368.85,6340.0,-184.8503,0.0
19:16:41,6368.85,6345.0,-44.5628,0.0
19:16:41,6368.85,6350.0,-329.5677,0.0
19:16:41,6368.85,6355.0,-37.4837,0.0
19:16:41,6368.85,6360.0,-133.2233,0.0
19:16:41,6368.85,6365.0,-30.9297,0.0
19:16:41,6368.85,6370.0,-398.7921,0.0
19:16:41,6368.85,6375.0,-170.3935,0.0
19:16:41,6368.85,6380.0,-158.4019,0.0
19:16:41,6368.85,6385.0,-73.1164,0.0
19:16:41,6368.85,6390.0,-127.3634,0.0
19:16:41,6368.85,6395.0,-71.0396,0.0
19:16:41,6368.85,6400.0,-462.0278,0.0
19:16:41,6368.85,6405.0,-42.6741,0.0
19:16:41,6368.85,6410.0,-42.3609,0.0
19:16:41,6368.85,6415.0,-17.4323,0.0
19:16:41,6368.85,6420.0,-94.9783,0.0
19:16:41,6368.85,6425.0,-80.0641,0.0
19:16:41,6368.85,6430.0,39.4818,0.0
19:16:41,6368.85,6435.0,-15.8232,0.0
19:16:41,6368.85,6440.0,-188.1426,0.0
19:18:51,6368.85,6295.0,-35.3533,0.0
19:18:51,6368.85,6300.0,-464.5075,0.0
19:18:51,6368.85,6305.0,-22.9469,0.0
19:18:51,6368.85,6310.0,-315.7645,0.0
19:18:51,6368.85,6315.0,-44.1697,0.0
19:18:51,6368.85,6320.0,-55.1607,0.0
19:18:51,6368.85,6325.0,-199.6208,0.0
19:18:51,6368.85,6330.0,-36.5612,0.0
19:18:51,6368.85,6335.0,-21.0407,0.0
19:18:51,6368.85,6340.0,-184.8503,0.0
19:18:51,6368.85,6345.0,-44.5628,0.0
19:18:51,6368.85,6350.0,-329.5677,0.0
19:18:51,6368.85,6355.0,-37.4837,0.0
19:18:51,6368.85,6360.0,-133.2233,0.0
19:18:51,6368.85,6365.0,-30.9297,0.0
19:18:51,6368.85,6370.0,-398.7921,0.0
19:18:51,6368.85,6375.0,-170.3935,0.0
19:18:51,6368.85,6380.0,-158.4019,0.0
19:18:51,6368.85,6385.0,-73.1164,0.0
19:18:51,6368.85,6390.0,-127.3634,0.0
19:18:51,6368.85,6395.0,-71.0396,0.0
19:18:51,6368.85,6400.0,-462.0278,0.0
19:18:51,6368.85,6405.0,-42.6741,0.0
19:18:51,6368.85,6410.0,-42.3609,0.0
19:18:51,6368.85,6415.0,-17.4323,0.0
19:18:51,6368.85,6420.0,-94.9783,0.0
19:18:51,6368.85,6425.0,-80.0641,0.0
19:18:51,6368.85,6430.0,39.4818,0.0
19:18:51,6368.85,6435.0,-15.8232,0.0
19:18:51,6368.85,6440.0,-188.1426,0.0
19:21:00,6368.85,6295.0,-35.3533,0.0
19:21:00,6368.85,6300.0,-464.5075,0.0
19:21:00,6368.85,6305.0,-22.9469,0.0
19:21:00,6368.85,6310.0,-315.7645,0.0
19:21:00,6368.85,6315.0,-44.1697,0.0
19:21:00,6368.85,6320.0,-55.1607,0.0
19:21:00,6368.85,6325.0,-199.6208,0.0
19:21:00,6368.85,6330.0,-36.5612,0.0
19:21:00,6368.85,6335.0,-21.0407,0.0
19:21:00,6368.85,6340.0,-184.8503,0.0
19:21:00,6368.85,6345.0,-44.5628,0.0
19:21:00,6368.85,6350.0,-329.5677,0.0
19:21:00,6368.85,6355.0,-37.4837,0.0
19:21:00,6368.85,6360.0,-133.2233,0.0
19:21:00,6368.85,6365.0,-30.9297,0.0
19:21:00,6368.85,6370.0,-398.7921,0.0
19:21:00,6368.85,6375.0,-170.3935,0.0
19:21:00,6368.85,6380.0,-158.4019,0.0
19:21:00,6368.85,6385.0,-73.1164,0.0
19:21:00,6368.85,6390.0,-127.3634,0.0
19:21:00,6368.85,6395.0,-71.0396,0.0
19:21:00,6368.85,6400.0,-462.0278,0.0
19:21:00,6368.85,6405.0,-42.6741,0.0
19:21:00,6368.85,6410.0,-42.3609,0.0
19:21:00,6368.85,6415.0,-17.4323,0.0
19:21:00,6368.85,6420.0,-94.9783,0.0
19:21:00,6368.85,6425.0,-80.0641,0.0
19:21:00,6368.85,6430.0,39.4818,0.0
19:21:00,6368.85,6435.0,-15.8232,0.0
19:21:00,6368.85,6440.0,-188.1426,0.0
19:23:10,6368.85,6295.0,-35.3533,0.0
19:23:10,6368.85,6300.0,-464.5075,0.0
19:23:10,6368.85,6305.0,-22.9469,0.0
19:23:10,6368.85,6310.0,-315.7645,0.0
19:23:10,6368.85,6315.0,-44.1697,0.0
19:23:10,6368.85,6320.0,-55.1607,0.0
19:23:10,6368.85,6325.0,-199.6208,0.0
19:23:10,6368.85,6330.0,-36.5612,0.0
19:23:10,6368.85,6335.0,-21.0407,0.0
19:23:10,6368.85,6340.0,-184.8503,0.0
19:23:10,6368.85,6345.0,-44.5628,0.0
19:23:10,6368.85,6350.0,-329.5677,0.0
19:23:10,6368.85,6355.0,-37.4837,0.0
19:23:10,6368.85,6360.0,-133.2233,0.0
19:23:10,6368.85,6365.0,-30.9297,0.0
19:23:10,6368.85,6370.0,-398.7921,0.0
19:23:10,6368.85,6375.0,-170.3935,0.0
19:23:10,6368.85,6380.0,-158.4019,0.0
19:23:10,6368.85,6385.0,-73.1164,0.0
19:23:10,6368.85,6390.0,-127.3634,0.0
19:23:10,6368.85,6395.0,-71.0396,0.0
19:23:10,6368.85,6400.0,-462.0278,0.0
19:23:10,6368.85,6405.0,-42.6741,0.0
19:23:10,6368.85,6410.0,-42.3609,0.0
19:23:10,6368.85,6415.0,-17.4323,0.0
19:23:10,6368.85,6420.0,-94.9783,0.0
19:23:10,6368.85,6425.0,-80.0641,0.0
19:23:10,6368.85,6430.0,39.4818,0.0
19:23:10,6368.85,6435.0,-15.8232,0.0
19:23:10,6368.85,6440.0,-188.1426,0.0
19:25:20,6368.85,6295.0,-35.3533,0.0
19:25:20,6368.85,6300.0,-464.5075,0.0
19:25:20,6368.85,6305.0,-22.9469,0.0
19:25:20,6368.85,6310.0,-315.7645,0.0
19:25:20,6368.85,6315.0,-44.1697,0.0
19:25:20,6368.85,6320.0,-55.1607,0.0
19:25:20,6368.85,6325.0,-199.6208,0.0
19:25:20,6368.85,6330.0,-36.5612,0.0
19:25:20,6368.85,6335.0,-21.0407,0.0
19:25:20,6368.85,6340.0,-184.8503,0.0
19:25:20,6368.85,6345.0,-44.5628,0.0
19:25:20,6368.85,6350.0,-329.5677,0.0
19:25:20,6368.85,6355.0,-37.4837,0.0
19:25:20,6368.85,6360.0,-133.2233,0.0
19:25:20,6368.85,6365.0,-30.9297,0.0
19:25:20,6368.85,6370.0,-398.7921,0.0
19:25:20,6368.85,6375.0,-170.3935,0.0
19:25:20,6368.85,6380.0,-158.4019,0.0
19:25:20,6368.85,6385.0,-73.1164,0.0
19:25:20,6368.85,6390.0,-127.3634,0.0
19:25:20,6368.85,6395.0,-71.0396,0.0
19:25:20,6368.85,6400.0,-462.0278,0.0
19:25:20,6368.85,6405.0,-42.6741,0.0
19:25:20,6368.85,6410.0,-42.3609,0.0
19:25:20,6368.85,6415.0,-17.4323,0.0
19:25:20,6368.85,6420.0,-94.9783,0.0
19:25:20,6368.85,6425.0,-80.0641,0.0
19:25:20,6368.85,6430.0,39.4818,0.0
19:25:20,6368.85,6435.0,-15.8232,0.0
19:25:20,6368.85,6440.0,-188.1426,0.0
19:27:29,6368.85,6295.0,-35.3533,0.0
19:27:29,6368.85,6300.0,-464.5075,0.0
19:27:29,6368.85,6305.0,-22.9469,0.0
19:27:29,6368.85,6310.0,-315.7645,0.0
19:27:29,6368.85,6315.0,-44.1697,0.0
19:27:29,6368.85,6320.0,-55.1607,0.0
19:27:29,6368.85,6325.0,-199.6208,0.0
19:27:29,6368.85,6330.0,-36.5612,0.0
19:27:29,6368.85,6335.0,-21.0407,0.0
19:27:29,6368.85,6340.0,-184.8503,0.0
19:27:29,6368.85,6345.0,-44.5628,0.0
19:27:29,6368.85,6350.0,-329.5677,0.0
19:27:29,6368.85,6355.0,-37.4837,0.0
19:27:29,6368.85,6360.0,-133.2233,0.0
19:27:29,6368.85,6365.0,-30.9297,0.0
19:27:29,6368.85,6370.0,-398.7921,0.0
19:27:29,6368.85,6375.0,-170.3935,0.0
19:27:29,6368.85,6380.0,-158.4019,0.0
19:27:29,6368.85,6385.0,-73.1164,0.0
19:27:29,6368.85,6390.0,-127.3634,0.0
19:27:29,6368.85,6395.0,-71.0396,0.0
19:27:29,6368.85,6400.0,-462.0278,0.0
19:27:29,6368.85,6405.0,-42.6741,0.0
19:27:29,6368.85,6410.0,-42.3609,0.0
19:27:29,6368.85,6415.0,-17.4323,0.0
19:27:29,6368.85,6420.0,-94.9783,0.0
19:27:29,6368.85,6425.0,-80.0641,0.0
19:27:29,6368.85,6430.0,39.4818,0.0
19:27:29,6368.85,6435.0,-15.8232,0.0
19:27:29,6368.85,6440.0,-188.1426,0.0
19:29:39,6368.85,6295.0,-35.3533,0.0
19:29:39,6368.85,6300.0,-464.5075,0.0
19:29:39,6368.85,6305.0,-22.9469,0.0
19:29:39,6368.85,6310.0,-315.7645,0.0
19:29:39,6368.85,6315.0,-44.1697,0.0
19:29:39,6368.85,6320.0,-55.1607,0.0
19:29:39,6368.85,6325.0,-199.6208,0.0
19:29:39,6368.85,6330.0,-36.5612,0.0
19:29:39,6368.85,6335.0,-21.0407,0.0
19:29:39,6368.85,6340.0,-184.8503,0.0
19:29:39,6368.85,6345.0,-44.5628,0.0
19:29:39,6368.85,6350.0,-329.5677,0.0
19:29:39,6368.85,6355.0,-37.4837,0.0
19:29:39,6368.85,6360.0,-133.2233,0.0
19:29:39,6368.85,6365.0,-30.9297,0.0
19:29:39,6368.85,6370.0,-398.7921,0.0
19:29:39,6368.85,6375.0,-170.3935,0.0
19:29:39,6368.85,6380.0,-158.4019,0.0
19:29:39,6368.85,6385.0,-73.1164,0.0
19:29:39,6368.85,6390.0,-127.3634,0.0
19:29:39,6368.85,6395.0,-71.0396,0.0
19:29:39,6368.85,6400.0,-462.0278,0.0
19:29:39,6368.85,6405.0,-42.6741,0.0
19:29:39,6368.85,6410.0,-42.3609,0.0
19:29:39,6368.85,6415.0,-17.4323,0.0
19:29:39,6368.85,6420.0,-94.9783,0.0
19:29:39,6368.85,6425.0,-80.0641,0.0
19:29:39,6368.85,6430.0,39.4818,0.0
19:29:39,6368.85,6435.0,-15.8232,0.0
19:29:39,6368.85,6440.0,-188.1426,0.0
19:31:49,6368.85,6295.0,-35.3533,0.0
19:31:49,6368.85,6300.0,-464.5075,0.0
19:31:49,6368.85,6305.0,-22.9469,0.0
19:31:49,6368.85,6310.0,-315.7645,0.0
19:31:49,6368.85,6315.0,-44.1697,0.0
19:31:49,6368.85,6320.0,-55.1607,0.0
19:31:49,6368.85,6325.0,-199.6208,0.0
19:31:49,6368.85,6330.0,-36.5612,0.0
19:31:49,6368.85,6335.0,-21.0407,0.0
19:31:49,6368.85,6340.0,-184.8503,0.0
19:31:49,6368.85,6345.0,-44.5628,0.0
19:31:49,6368.85,6350.0,-329.5677,0.0
19:31:49,6368.85,6355.0,-37.4837,0.0
19:31:49,6368.85,6360.0,-133.2233,0.0
19:31:49,6368.85,6365.0,-30.9297,0.0
19:31:49,6368.85,6370.0,-398.7921,0.0
19:31:49,6368.85,6375.0,-170.3935,0.0
19:31:49,6368.85,6380.0,-158.4019,0.0
19:31:49,6368.85,6385.0,-73.1164,0.0
19:31:49,6368.85,6390.0,-127.3634,0.0
19:31:49,6368.85,6395.0,-71.0396,0.0
19:31:49,6368.85,6400.0,-462.0278,0.0
19:31:49,6368.85,6405.0,-42.6741,0.0
19:31:49,6368.85,6410.0,-42.3609,0.0
19:31:49,6368.85,6415.0,-17.4323,0.0
19:31:49,6368.85,6420.0,-94.9783,0.0
19:31:49,6368.85,6425.0,-80.0641,0.0
19:31:49,6368.85,6430.0,39.4818,0.0
19:31:49,6368.85,6435.0,-15.8232,0.0
19:31:49,6368.85,6440.0,-188.1426,0.0
19:33:58,6368.85,6295.0,-35.3533,0.0
19:33:58,6368.85,6300.0,-464.5075,0.0
19:33:58,6368.85,6305.0,-22.9469,0.0
19:33:58,6368.85,6310.0,-315.7645,0.0
19:33:58,6368.85,6315.0,-44.1697,0.0
19:33:58,6368.85,6320.0,-55.1607,0.0
19:33:58,6368.85,6325.0,-199.6208,0.0
19:33:58,6368.85,6330.0,-36.5612,0.0
19:33:58,6368.85,6335.0,-21.0407,0.0
19:33:58,6368.85,6340.0,-184.8503,0.0
19:33:58,6368.85,6345.0,-44.5628,0.0
19:33:58,6368.85,6350.0,-329.5677,0.0
19:33:58,6368.85,6355.0,-37.4837,0.0
19:33:58,6368.85,6360.0,-133.2233,0.0
19:33:58,6368.85,6365.0,-30.9297,0.0
19:33:58,6368.85,6370.0,-398.7921,0.0
19:33:58,6368.85,6375.0,-170.3935,0.0
19:33:58,6368.85,6380.0,-158.4019,0.0
19:33:58,6368.85,6385.0,-73.1164,0.0
19:33:58,6368.85,6390.0,-127.3634,0.0
19:33:58,6368.85,6395.0,-71.0396,0.0
19:33:58,6368.85,6400.0,-462.0278,0.0
19:33:58,6368.85,6405.0,-42.6741,0.0
19:33:58,6368.85,6410.0,-42.3609,0.0
19:33:58,6368.85,6415.0,-17.4323,0.0
19:33:58,6368.85,6420.0,-94.9783,0.0
19:33:58,6368.85,6425.0,-80.0641,0.0
19:33:58,6368.85,6430.0,39.4818,0.0
19:33:58,6368.85,6435.0,-15.8232,0.0
19:33:58,6368.85,6440.0,-188.1426,0.0
19:36:08,6368.85,6295.0,-35.3533,0.0
19:36:08,6368.85,6300.0,-464.5075,0.0
19:36:08,6368.85,6305.0,-22.9469,0.0
19:36:08,6368.85,6310.0,-315.7645,0.0
19:36:08,6368.85,6315.0,-44.1697,0.0
19:36:08,6368.85,6320.0,-55.1607,0.0
19:36:08,6368.85,6325.0,-199.6208,0.0
19:36:08,6368.85,6330.0,-36.5612,0.0
19:36:08,6368.85,6335.0,-21.0407,0.0
19:36:08,6368.85,6340.0,-184.8503,0.0
19:36:08,6368.85,6345.0,-44.5628,0.0
19:36:08,6368.85,6350.0,-329.5677,0.0
19:36:08,6368.85,6355.0,-37.4837,0.0
19:36:08,6368.85,6360.0,-133.2233,0.0
19:36:08,6368.85,6365.0,-30.9297,0.0
19:36:08,6368.85,6370.0,-398.7921,0.0
19:36:08,6368.85,6375.0,-170.3935,0.0
19:36:08,6368.85,6380.0,-158.4019,0.0
19:36:08,6368.85,6385.0,-73.1164,0.0
19:36:08,6368.85,6390.0,-127.3634,0.0
19:36:08,6368.85,6395.0,-71.0396,0.0
19:36:08,6368.85,6400.0,-462.0278,0.0
19:36:08,6368.85,6405.0,-42.6741,0.0
19:36:08,6368.85,6410.0,-42.3609,0.0
19:36:08,6368.85,6415.0,-17.4323,0.0
19:36:08,6368.85,6420.0,-94.9783,0.0
19:36:08,6368.85,6425.0,-80.0641,0.0
19:36:08,6368.85,6430.0,39.4818,0.0
19:36:08,6368.85,6435.0,-15.8232,0.0
19:36:08,6368.85,6440.0,-188.1426,0.0
19:38:18,6368.85,6295.0,-35.3533,0.0
19:38:18,6368.85,6300.0,-464.5075,0.0
19:38:18,6368.85,6305.0,-22.9469,0.0
19:38:18,6368.85,6310.0,-315.7645,0.0
19:38:18,6368.85,6315.0,-44.1697,0.0
19:38:18,6368.85,6320.0,-55.1607,0.0
19:38:18,6368.85,6325.0,-199.6208,0.0
19:38:18,6368.85,6330.0,-36.5612,0.0
19:38:18,6368.85,6335.0,-21.0407,0.0
19:38:18,6368.85,6340.0,-184.8503,0.0
19:38:18,6368.85,6345.0,-44.5628,0.0
19:38:18,6368.85,6350.0,-329.5677,0.0
19:38:18,6368.85,6355.0,-37.4837,0.0
19:38:18,6368.85,6360.0,-133.2233,0.0
19:38:18,6368.85,6365.0,-30.9297,0.0
19:38:18,6368.85,6370.0,-398.7921,0.0
19:38:18,6368.85,6375.0,-170.3935,0.0
19:38:18,6368.85,6380.0,-158.4019,0.0
19:38:18,6368.85,6385.0,-73.1164,0.0
19:38:18,6368.85,6390.0,-127.3634,0.0
19:38:18,6368.85,6395.0,-71.0396,0.0
19:38:18,6368.85,6400.0,-462.0278,0.0
19:38:18,6368.85,6405.0,-42.6741,0.0
19:38:18,6368.85,6410.0,-42.3609,0.0
19:38:18,6368.85,6415.0,-17.4323,0.0
19:38:18,6368.85,6420.0,-94.9783,0.0
19:38:18,6368.85,6425.0,-80.0641,0.0
19:38:18,6368.85,6430.0,39.4818,0.0
19:38:18,6368.85,6435.0,-15.8232,0.0
19:38:18,6368.85,6440.0,-188.1426,0.0
19:40:27,6368.85,6295.0,-35.3533,0.0
19:40:27,6368.85,6300.0,-464.5075,0.0
19:40:27,6368.85,6305.0,-22.9469,0.0
19:40:27,6368.85,6310.0,-315.7645,0.0
19:40:27,6368.85,6315.0,-44.1697,0.0
19:40:27,6368.85,6320.0,-55.1607,0.0
19:40:27,6368.85,6325.0,-199.6208,0.0
19:40:27,6368.85,6330.0,-36.5612,0.0
19:40:27,6368.85,6335.0,-21.0407,0.0
19:40:27,6368.85,6340.0,-184.8503,0.0
19:40:27,6368.85,6345.0,-44.5628,0.0
19:40:27,6368.85,6350.0,-329.5677,0.0
19:40:27,6368.85,6355.0,-37.4837,0.0
19:40:27,6368.85,6360.0,-133.2233,0.0
19:40:27,6368.85,6365.0,-30.9297,0.0
19:40:27,6368.85,6370.0,-398.7921,0.0
19:40:27,6368.85,6375.0,-170.3935,0.0
19:40:27,6368.85,6380.0,-158.4019,0.0
19:40:27,6368.85,6385.0,-73.1164,0.0
19:40:27,6368.85,6390.0,-127.3634,0.0
19:40:27,6368.85,6395.0,-71.0396,0.0
19:40:27,6368.85,6400.0,-462.0278,0.0
19:40:27,6368.85,6405.0,-42.6741,0.0
19:40:27,6368.85,6410.0,-42.3609,0.0
19:40:27,6368.85,6415.0,-17.4323,0.0
19:40:27,6368.85,6420.0,-94.9783,0.0
19:40:27,6368.85,6425.0,-80.0641,0.0
19:40:27,6368.85,6430.0,39.4818,0.0
19:40:27,6368.85,6435.0,-15.8232,0.0
19:40:27,6368.85,6440.0,-188.1426,0.0
19:42:37,6368.85,6295.0,-35.3533,0.0
19:42:37,6368.85,6300.0,-464.5075,0.0
19:42:37,6368.85,6305.0,-22.9469,0.0
19:42:37,6368.85,6310.0,-315.7645,0.0
19:42:37,6368.85,6315.0,-44.1697,0.0
19:42:37,6368.85,6320.0,-55.1607,0.0
19:42:37,6368.85,6325.0,-199.6208,0.0
19:42:37,6368.85,6330.0,-36.5612,0.0
19:42:37,6368.85,6335.0,-21.0407,0.0
19:42:37,6368.85,6340.0,-184.8503,0.0
19:42:37,6368.85,6345.0,-44.5628,0.0
19:42:37,6368.85,6350.0,-329.5677,0.0
19:42:37,6368.85,6355.0,-37.4837,0.0
19:42:37,6368.85,6360.0,-133.2233,0.0
19:42:37,6368.85,6365.0,-30.9297,0.0
19:42:37,6368.85,6370.0,-398.7921,0.0
19:42:37,6368.85,6375.0,-170.3935,0.0
19:42:37,6368.85,6380.0,-158.4019,0.0
19:42:37,6368.85,6385.0,-73.1164,0.0
19:42:37,6368.85,6390.0,-127.3634,0.0
19:42:37,6368.85,6395.0,-71.0396,0.0
19:42:37,6368.85,6400.0,-462.0278,0.0
19:42:37,6368.85,6405.0,-42.6741,0.0
19:42:37,6368.85,6410.0,-42.3609,0.0
19:42:37,6368.85,6415.0,-17.4323,0.0
19:42:37,6368.85,6420.0,-94.9783,0.0
19:42:37,6368.85,6425.0,-80.0641,0.0
19:42:37,6368.85,6430.0,39.4818,0.0
19:42:37,6368.85,6435.0,-15.8232,0.0
19:42:37,6368.85,6440.0,-188.1426,0.0
19:44:47,6368.85,6295.0,-35.3533,0.0
19:44:47,6368.85,6300.0,-464.5075,0.0
19:44:47,6368.85,6305.0,-22.9469,0.0
19:44:47,6368.85,6310.0,-315.7645,0.0
19:44:47,6368.85,6315.0,-44.1697,0.0
19:44:47,6368.85,6320.0,-55.1607,0.0
19:44:47,6368.85,6325.0,-199.6208,0.0
19:44:47,6368.85,6330.0,-36.5612,0.0
19:44:47,6368.85,6335.0,-21.0407,0.0
19:44:47,6368.85,6340.0,-184.8503,0.0
19:44:47,6368.85,6345.0,-44.5628,0.0
19:44:47,6368.85,6350.0,-329.5677,0.0
19:44:47,6368.85,6355.0,-37.4837,0.0
19:44:47,6368.85,6360.0,-133.2233,0.0
19:44:47,6368.85,6365.0,-30.9297,0.0
19:44:47,6368.85,6370.0,-398.7921,0.0
19:44:47,6368.85,6375.0,-170.3935,0.0
19:44:47,6368.85,6380.0,-158.4019,0.0
19:44:47,6368.85,6385.0,-73.1164,0.0
19:44:47,6368.85,6390.0,-127.3634,0.0
19:44:47,6368.85,6395.0,-71.0396,0.0
19:44:47,6368.85,6400.0,-462.0278,0.0
19:44:47,6368.85,6405.0,-42.6741,0.0
19:44:47,6368.85,6410.0,-42.3609,0.0
19:44:47,6368.85,6415.0,-17.4323,0.0
19:44:47,6368.85,6420.0,-94.9783,0.0
19:44:47,6368.85,6425.0,-80.0641,0.0
19:44:47,6368.85,6430.0,39.4818,0.0
19:44:47,6368.85,6435.0,-15.8232,0.0
19:44:47,6368.85,6440.0,-188.1426,0.0
19:46:56,6368.85,6295.0,-35.3533,0.0
19:46:56,6368.85,6300.0,-464.5075,0.0
19:46:56,6368.85,6305.0,-22.9469,0.0
19:46:56,6368.85,6310.0,-315.7645,0.0
19:46:56,6368.85,6315.0,-44.1697,0.0
19:46:56,6368.85,6320.0,-55.1607,0.0
19:46:56,6368.85,6325.0,-199.6208,0.0
19:46:56,6368.85,6330.0,-36.5612,0.0
19:46:56,6368.85,6335.0,-21.0407,0.0
19:46:56,6368.85,6340.0,-184.8503,0.0
19:46:56,6368.85,6345.0,-44.5628,0.0
19:46:56,6368.85,6350.0,-329.5677,0.0
19:46:56,6368.85,6355.0,-37.4837,0.0
19:46:56,6368.85,6360.0,-133.2233,0.0
19:46:56,6368.85,6365.0,-30.9297,0.0
19:46:56,6368.85,6370.0,-398.7921,0.0
19:46:56,6368.85,6375.0,-170.3935,0.0
19:46:56,6368.85,6380.0,-158.4019,0.0
19:46:56,6368.85,6385.0,-73.1164,0.0
19:46:56,6368.85,6390.0,-127.3634,0.0
19:46:56,6368.85,6395.0,-71.0396,0.0
19:46:56,6368.85,6400.0,-462.0278,0.0
19:46:56,6368.85,6405.0,-42.6741,0.0
19:46:56,6368.85,6410.0,-42.3609,0.0
19:46:56,6368.85,6415.0,-17.4323,0.0
19:46:56,6368.85,6420.0,-94.9783,0.0
19:46:56,6368.85,6425.0,-80.0641,0.0
19:46:56,6368.85,6430.0,39.4818,0.0
19:46:56,6368.85,6435.0,-15.8232,0.0
19:46:56,6368.85,6440.0,-188.1426,0.0
19:49:06,6368.85,6295.0,-35.3533,0.0
19:49:06,6368.85,6300.0,-464.5075,0.0
19:49:06,6368.85,6305.0,-22.9469,0.0
19:49:06,6368.85,6310.0,-315.7645,0.0
19:49:06,6368.85,6315.0,-44.1697,0.0
19:49:06,6368.85,6320.0,-55.1607,0.0
19:49:06,6368.85,6325.0,-199.6208,0.0
19:49:06,6368.85,6330.0,-36.5612,0.0
19:49:06,6368.85,6335.0,-21.0407,0.0
19:49:06,6368.85,6340.0,-184.8503,0.0
19:49:06,6368.85,6345.0,-44.5628,0.0
19:49:06,6368.85,6350.0,-329.5677,0.0
19:49:06,6368.85,6355.0,-37.4837,0.0
19:49:06,6368.85,6360.0,-133.2233,0.0
19:49:06,6368.85,6365.0,-30.9297,0.0
19:49:06,6368.85,6370.0,-398.7921,0.0
19:49:06,6368.85,6375.0,-170.3935,0.0
19:49:06,6368.85,6380.0,-158.4019,0.0
19:49:06,6368.85,6385.0,-73.1164,0.0
19:49:06,6368.85,6390.0,-127.3634,0.0
19:49:06,6368.85,6395.0,-71.0396,0.0
19:49:06,6368.85,6400.0,-462.0278,0.0
19:49:06,6368.85,6405.0,-42.6741,0.0
19:49:06,6368.85,6410.0,-42.3609,0.0
19:49:06,6368.85,6415.0,-17.4323,0.0
19:49:06,6368.85,6420.0,-94.9783,0.0
19:49:06,6368.85,6425.0,-80.0641,0.0
19:49:06,6368.85,6430.0,39.4818,0.0
19:49:06,6368.85,6435.0,-15.8232,0.0
19:49:06,6368.85,6440.0,-188.1426,0.0
19:51:16,6368.85,6295.0,-35.3533,0.0
19:51:16,6368.85,6300.0,-464.5075,0.0
19:51:16,6368.85,6305.0,-22.9469,0.0
19:51:16,6368.85,6310.0,-315.7645,0.0
19:51:16,6368.85,6315.0,-44.1697,0.0
19:51:16,6368.85,6320.0,-55.1607,0.0
19:51:16,6368.85,6325.0,-199.6208,0.0
19:51:16,6368.85,6330.0,-36.5612,0.0
19:51:16,6368.85,6335.0,-21.0407,0.0
19:51:16,6368.85,6340.0,-184.8503,0.0
19:51:16,6368.85,6345.0,-44.5628,0.0
19:51:16,6368.85,6350.0,-329.5677,0.0
19:51:16,6368.85,6355.0,-37.4837,0.0
19:51:16,6368.85,6360.0,-133.2233,0.0
19:51:16,6368.85,6365.0,-30.9297,0.0
19:51:16,6368.85,6370.0,-398.7921,0.0
19:51:16,6368.85,6375.0,-170.3935,0.0
19:51:16,6368.85,6380.0,-158.4019,0.0
19:51:16,6368.85,6385.0,-73.1164,0.0
19:51:16,6368.85,6390.0,-127.3634,0.0
19:51:16,6368.85,6395.0,-71.0396,0.0
19:51:16,6368.85,6400.0,-462.0278,0.0
19:51:16,6368.85,6405.0,-42.6741,0.0
19:51:16,6368.85,6410.0,-42.3609,0.0
19:51:16,6368.85,6415.0,-17.4323,0.0
19:51:16,6368.85,6420.0,-94.9783,0.0
19:51:16,6368.85,6425.0,-80.0641,0.0
19:51:16,6368.85,6430.0,39.4818,0.0
19:51:16,6368.85,6435.0,-15.8232,0.0
19:51:16,6368.85,6440.0,-188.1426,0.0
19:53:26,6368.85,6295.0,-35.3533,0.0
19:53:26,6368.85,6300.0,-464.5075,0.0
19:53:26,6368.85,6305.0,-22.9469,0.0
19:53:26,6368.85,6310.0,-315.7645,0.0
19:53:26,6368.85,6315.0,-44.1697,0.0
19:53:26,6368.85,6320.0,-55.1607,0.0
19:53:26,6368.85,6325.0,-199.6208,0.0
19:53:26,6368.85,6330.0,-36.5612,0.0
19:53:26,6368.85,6335.0,-21.0407,0.0
19:53:26,6368.85,6340.0,-184.8503,0.0
19:53:26,6368.85,6345.0,-44.5628,0.0
19:53:26,6368.85,6350.0,-329.5677,0.0
19:53:26,6368.85,6355.0,-37.4837,0.0
19:53:26,6368.85,6360.0,-133.2233,0.0
19:53:26,6368.85,6365.0,-30.9297,0.0
19:53:26,6368.85,6370.0,-398.7921,0.0
19:53:26,6368.85,6375.0,-170.3935,0.0
19:53:26,6368.85,6380.0,-158.4019,0.0
19:53:26,6368.85,6385.0,-73.1164,0.0
19:53:26,6368.85,6390.0,-127.3634,0.0
19:53:26,6368.85,6395.0,-71.0396,0.0
19:53:26,6368.85,6400.0,-462.0278,0.0
19:53:26,6368.85,6405.0,-42.6741,0.0
19:53:26,6368.85,6410.0,-42.3609,0.0
19:53:26,6368.85,6415.0,-17.4323,0.0
19:53:26,6368.85,6420.0,-94.9783,0.0
19:53:26,6368.85,6425.0,-80.0641,0.0
19:53:26,6368.85,6430.0,39.4818,0.0
19:53:26,6368.85,6435.0,-15.8232,0.0
19:53:26,6368.85,6440.0,-188.1426,0.0
19:55:35,6368.85,6295.0,-35.3533,0.0
19:55:35,6368.85,6300.0,-464.5075,0.0
19:55:35,6368.85,6305.0,-22.9469,0.0
19:55:35,6368.85,6310.0,-315.7645,0.0
19:55:35,6368.85,6315.0,-44.1697,0.0
19:55:35,6368.85,6320.0,-55.1607,0.0
19:55:35,6368.85,6325.0,-199.6208,0.0
19:55:35,6368.85,6330.0,-36.5612,0.0
19:55:35,6368.85,6335.0,-21.0407,0.0
19:55:35,6368.85,6340.0,-184.8503,0.0
19:55:35,6368.85,6345.0,-44.5628,0.0
19:55:35,6368.85,6350.0,-329.5677,0.0
19:55:35,6368.85,6355.0,-37.4837,0.0
19:55:35,6368.85,6360.0,-133.2233,0.0
19:55:35,6368.85,6365.0,-30.9297,0.0
19:55:35,6368.85,6370.0,-398.7921,0.0
19:55:35,6368.85,6375.0,-170.3935,0.0
19:55:35,6368.85,6380.0,-158.4019,0.0
19:55:35,6368.85,6385.0,-73.1164,0.0
19:55:35,6368.85,6390.0,-127.3634,0.0
19:55:35,6368.85,6395.0,-71.0396,0.0
19:55:35,6368.85,6400.0,-462.0278,0.0
19:55:35,6368.85,6405.0,-42.6741,0.0
19:55:35,6368.85,6410.0,-42.3609,0.0
19:55:35,6368.85,6415.0,-17.4323,0.0
19:55:35,6368.85,6420.0,-94.9783,0.0
19:55:35,6368.85,6425.0,-80.0641,0.0
19:55:35,6368.85,6430.0,39.4818,0.0
19:55:35,6368.85,6435.0,-15.8232,0.0
19:55:35,6368.85,6440.0,-188.1426,0.0
19:57:45,6368.85,6295.0,-35.3533,0.0
19:57:45,6368.85,6300.0,-464.5075,0.0
19:57:45,6368.85,6305.0,-22.9469,0.0
19:57:45,6368.85,6310.0,-315.7645,0.0
19:57:45,6368.85,6315.0,-44.1697,0.0
19:57:45,6368.85,6320.0,-55.1607,0.0
19:57:45,6368.85,6325.0,-199.6208,0.0
19:57:45,6368.85,6330.0,-36.5612,0.0
19:57:45,6368.85,6335.0,-21.0407,0.0
19:57:45,6368.85,6340.0,-184.8503,0.0
19:57:45,6368.85,6345.0,-44.5628,0.0
19:57:45,6368.85,6350.0,-329.5677,0.0
19:57:45,6368.85,6355.0,-37.4837,0.0
19:57:45,6368.85,6360.0,-133.2233,0.0
19:57:45,6368.85,6365.0,-30.9297,0.0
19:57:45,6368.85,6370.0,-398.7921,0.0
19:57:45,6368.85,6375.0,-170.3935,0.0
19:57:45,6368.85,6380.0,-158.4019,0.0
19:57:45,6368.85,6385.0,-73.1164,0.0
19:57:45,6368.85,6390.0,-127.3634,0.0
19:57:45,6368.85,6395.0,-71.0396,0.0
19:57:45,6368.85,6400.0,-462.0278,0.0
19:57:45,6368.85,6405.0,-42.6741,0.0
19:57:45,6368.85,6410.0,-42.3609,0.0
19:57:45,6368.85,6415.0,-17.4323,0.0
19:57:45,6368.85,6420.0,-94.9783,0.0
19:57:45,6368.85,6425.0,-80.0641,0.0
19:57:45,6368.85,6430.0,39.4818,0.0
19:57:45,6368.85,6435.0,-15.8232,0.0
19:57:45,6368.85,6440.0,-188.1426,0.0
19:59:55,6368.85,6295.0,-35.3533,0.0
19:59:55,6368.85,6300.0,-464.5075,0.0
19:59:55,6368.85,6305.0,-22.9469,0.0
19:59:55,6368.85,6310.0,-315.7645,0.0
19:59:55,6368.85,6315.0,-44.1697,0.0
19:59:55,6368.85,6320.0,-55.1607,0.0
19:59:55,6368.85,6325.0,-199.6208,0.0
19:59:55,6368.85,6330.0,-36.5612,0.0
19:59:55,6368.85,6335.0,-21.0407,0.0
19:59:55,6368.85,6340.0,-184.8503,0.0
19:59:55,6368.85,6345.0,-44.5628,0.0
19:59:55,6368.85,6350.0,-329.5677,0.0
19:59:55,6368.85,6355.0,-37.4837,0.0
19:59:55,6368.85,6360.0,-133.2233,0.0
19:59:55,6368.85,6365.0,-30.9297,0.0
19:59:55,6368.85,6370.0,-398.7921,0.0
19:59:55,6368.85,6375.0,-170.3935,0.0
19:59:55,6368.85,6380.0,-158.4019,0.0
19:59:55,6368.85,6385.0,-73.1164,0.0
19:59:55,6368.85,6390.0,-127.3634,0.0
19:59:55,6368.85,6395.0,-71.0396,0.0
19:59:55,6368.85,6400.0,-462.0278,0.0
19:59:55,6368.85,6405.0,-42.6741,0.0
19:59:55,6368.85,6410.0,-42.3609,0.0
19:59:55,6368.85,6415.0,-17.4323,0.0
19:59:55,6368.85,6420.0,-94.9783,0.0
19:59:55,6368.85,6425.0,-80.0641,0.0
19:59:55,6368.85,6430.0,39.4818,0.0
19:59:55,6368.85,6435.0,-15.8232,0.0
19:59:55,6368.85,6440.0,-188.1426,0.0
20:02:04,6368.85,6295.0,-35.3533,0.0
20:02:04,6368.85,6300.0,-464.5075,0.0
20:02:04,6368.85,6305.0,-22.9469,0.0
20:02:04,6368.85,6310.0,-315.7645,0.0
20:02:04,6368.85,6315.0,-44.1697,0.0
20:02:04,6368.85,6320.0,-55.1607,0.0
20:02:04,6368.85,6325.0,-199.6208,0.0
20:02:04,6368.85,6330.0,-36.5612,0.0
20:02:04,6368.85,6335.0,-21.0407,0.0
20:02:04,6368.85,6340.0,-184.8503,0.0
20:02:04,6368.85,6345.0,-44.5628,0.0
20:02:04,6368.85,6350.0,-329.5677,0.0
20:02:04,6368.85,6355.0,-37.4837,0.0
20:02:04,6368.85,6360.0,-133.2233,0.0
20:02:04,6368.85,6365.0,-30.9297,0.0
20:02:04,6368.85,6370.0,-398.7921,0.0
20:02:04,6368.85,6375.0,-170.3935,0.0
20:02:04,6368.85,6380.0,-158.4019,0.0
20:02:04,6368.85,6385.0,-73.1164,0.0
20:02:04,6368.85,6390.0,-127.3634,0.0
20:02:04,6368.85,6395.0,-71.0396,0.0
20:02:04,6368.85,6400.0,-462.0278,0.0
20:02:04,6368.85,6405.0,-42.6741,0.0
20:02:04,6368.85,6410.0,-42.3609,0.0
20:02:04,6368.85,6415.0,-17.4323,0.0
20:02:04,6368.85,6420.0,-94.9783,0.0
20:02:04,6368.85,6425.0,-80.0641,0.0
20:02:04,6368.85,6430.0,39.4818,0.0
20:02:04,6368.85,6435.0,-15.8232,0.0
20:02:04,6368.85,6440.0,-188.1426,0.0
20:04:14,6368.85,6295.0,-35.3533,0.0
20:04:14,6368.85,6300.0,-464.5075,0.0
20:04:14,6368.85,6305.0,-22.9469,0.0
20:04:14,6368.85,6310.0,-315.7645,0.0
20:04:14,6368.85,6315.0,-44.1697,0.0
20:04:14,6368.85,6320.0,-55.1607,0.0
20:04:14,6368.85,6325.0,-199.6208,0.0
20:04:14,6368.85,6330.0,-36.5612,0.0
20:04:14,6368.85,6335.0,-21.0407,0.0
20:04:14,6368.85,6340.0,-184.8503,0.0
20:04:14,6368.85,6345.0,-44.5628,0.0
20:04:14,6368.85,6350.0,-329.5677,0.0
20:04:14,6368.85,6355.0,-37.4837,0.0
20:04:14,6368.85,6360.0,-133.2233,0.0
20:04:14,6368.85,6365.0,-30.9297,0.0
20:04:14,6368.85,6370.0,-398.7921,0.0
20:04:14,6368.85,6375.0,-170.3935,0.0
20:04:14,6368.85,6380.0,-158.4019,0.0
20:04:14,6368.85,6385.0,-73.1164,0.0
20:04:14,6368.85,6390.0,-127.3634,0.0
20:04:14,6368.85,6395.0,-71.0396,0.0
20:04:14,6368.85,6400.0,-462.0278,0.0
20:04:14,6368.85,6405.0,-42.6741,0.0
20:04:14,6368.85,6410.0,-42.3609,0.0
20:04:14,6368.85,6415.0,-17.4323,0.0
20:04:14,6368.85,6420.0,-94.9783,0.0
20:04:14,6368.85,6425.0,-80.0641,0.0
20:04:14,6368.85,6430.0,39.4818,0.0
20:04:14,6368.85,6435.0,-15.8232,0.0
20:04:14,6368.85,6440.0,-188.1426,0.0
20:06:24,6368.85,6295.0,-35.3533,0.0
20:06:24,6368.85,6300.0,-464.5075,0.0
20:06:24,6368.85,6305.0,-22.9469,0.0
20:06:24,6368.85,6310.0,-315.7645,0.0
20:06:24,6368.85,6315.0,-44.1697,0.0
20:06:24,6368.85,6320.0,-55.1607,0.0
20:06:24,6368.85,6325.0,-199.6208,0.0
20:06:24,6368.85,6330.0,-36.5612,0.0
20:06:24,6368.85,6335.0,-21.0407,0.0
20:06:24,6368.85,6340.0,-184.8503,0.0
20:06:24,6368.85,6345.0,-44.5628,0.0
20:06:24,6368.85,6350.0,-329.5677,0.0
20:06:24,6368.85,6355.0,-37.4837,0.0
20:06:24,6368.85,6360.0,-133.2233,0.0
20:06:24,6368.85,6365.0,-30.9297,0.0
20:06:24,6368.85,6370.0,-398.7921,0.0
20:06:24,6368.85,6375.0,-170.3935,0.0
20:06:24,6368.85,6380.0,-158.4019,0.0
20:06:24,6368.85,6385.0,-73.1164,0.0
20:06:24,6368.85,6390.0,-127.3634,0.0
20:06:24,6368.85,6395.0,-71.0396,0.0
20:06:24,6368.85,6400.0,-462.0278,0.0
20:06:24,6368.85,6405.0,-42.6741,0.0
20:06:24,6368.85,6410.0,-42.3609,0.0
20:06:24,6368.85,6415.0,-17.4323,0.0
20:06:24,6368.85,6420.0,-94.9783,0.0
20:06:24,6368.85,6425.0,-80.0641,0.0
20:06:24,6368.85,6430.0,39.4818,0.0
20:06:24,6368.85,6435.0,-15.8232,0.0
20:06:24,6368.85,6440.0,-188.1426,0.0
20:08:33,6368.85,6295.0,-35.3533,0.0
20:08:33,6368.85,6300.0,-464.5075,0.0
20:08:33,6368.85,6305.0,-22.9469,0.0
20:08:33,6368.85,6310.0,-315.7645,0.0
20:08:33,6368.85,6315.0,-44.1697,0.0
20:08:33,6368.85,6320.0,-55.1607,0.0
20:08:33,6368.85,6325.0,-199.6208,0.0
20:08:33,6368.85,6330.0,-36.5612,0.0
20:08:33,6368.85,6335.0,-21.0407,0.0
20:08:33,6368.85,6340.0,-184.8503,0.0
20:08:33,6368.85,6345.0,-44.5628,0.0
20:08:33,6368.85,6350.0,-329.5677,0.0
20:08:33,6368.85,6355.0,-37.4837,0.0
20:08:33,6368.85,6360.0,-133.2233,0.0
20:08:33,6368.85,6365.0,-30.9297,0.0
20:08:33,6368.85,6370.0,-398.7921,0.0
20:08:33,6368.85,6375.0,-170.3935,0.0
20:08:33,6368.85,6380.0,-158.4019,0.0
20:08:33,6368.85,6385.0,-73.1164,0.0
20:08:33,6368.85,6390.0,-127.3634,0.0
20:08:33,6368.85,6395.0,-71.0396,0.0
20:08:33,6368.85,6400.0,-462.0278,0.0
20:08:33,6368.85,6405.0,-42.6741,0.0
20:08:33,6368.85,6410.0,-42.3609,0.0
20:08:33,6368.85,6415.0,-17.4323,0.0
20:08:33,6368.85,6420.0,-94.9783,0.0
20:08:33,6368.85,6425.0,-80.0641,0.0
20:08:33,6368.85,6430.0,39.4818,0.0
20:08:33,6368.85,6435.0,-15.8232,0.0
20:08:33,6368.85,6440.0,-188.1426,0.0
20:10:43,6368.85,6295.0,-35.3533,0.0
20:10:43,6368.85,6300.0,-464.5075,0.0
20:10:43,6368.85,6305.0,-22.9469,0.0
20:10:43,6368.85,6310.0,-315.7645,0.0
20:10:43,6368.85,6315.0,-44.1697,0.0
20:10:43,6368.85,6320.0,-55.1607,0.0
20:10:43,6368.85,6325.0,-199.6208,0.0
20:10:43,6368.85,6330.0,-36.5612,0.0
20:10:43,6368.85,6335.0,-21.0407,0.0
20:10:43,6368.85,6340.0,-184.8503,0.0
20:10:43,6368.85,6345.0,-44.5628,0.0
20:10:43,6368.85,6350.0,-329.5677,0.0
20:10:43,6368.85,6355.0,-37.4837,0.0
20:10:43,6368.85,6360.0,-133.2233,0.0
20:10:43,6368.85,6365.0,-30.9297,0.0
20:10:43,6368.85,6370.0,-398.7921,0.0
20:10:43,6368.85,6375.0,-170.3935,0.0
20:10:43,6368.85,6380.0,-158.4019,0.0
20:10:43,6368.85,6385.0,-73.1164,0.0
20:10:43,6368.85,6390.0,-127.3634,0.0
20:10:43,6368.85,6395.0,-71.0396,0.0
20:10:43,6368.85,6400.0,-462.0278,0.0
20:10:43,6368.85,6405.0,-42.6741,0.0
20:10:43,6368.85,6410.0,-42.3609,0.0
20:10:43,6368.85,6415.0,-17.4323,0.0
20:10:43,6368.85,6420.0,-94.9783,0.0
20:10:43,6368.85,6425.0,-80.0641,0.0
20:10:43,6368.85,6430.0,39.4818,0.0
20:10:43,6368.85,6435.0,-15.8232,0.0
20:10:43,6368.85,6440.0,-188.1426,0.0
20:12:53,6368.85,6295.0,-35.3533,0.0
20:12:53,6368.85,6300.0,-464.5075,0.0
20:12:53,6368.85,6305.0,-22.9469,0.0
20:12:53,6368.85,6310.0,-315.7645,0.0
20:12:53,6368.85,6315.0,-44.1697,0.0
20:12:53,6368.85,6320.0,-55.1607,0.0
20:12:53,6368.85,6325.0,-199.6208,0.0
20:12:53,6368.85,6330.0,-36.5612,0.0
20:12:53,6368.85,6335.0,-21.0407,0.0
20:12:53,6368.85,6340.0,-184.8503,0.0
20:12:53,6368.85,6345.0,-44.5628,0.0
20:12:53,6368.85,6350.0,-329.5677,0.0
20:12:53,6368.85,6355.0,-37.4837,0.0
20:12:53,6368.85,6360.0,-133.2233,0.0
20:12:53,6368.85,6365.0,-30.9297,0.0
20:12:53,6368.85,6370.0,-398.7921,0.0
20:12:53,6368.85,6375.0,-170.3935,0.0
20:12:53,6368.85,6380.0,-158.4019,0.0
20:12:53,6368.85,6385.0,-73.1164,0.0
20:12:53,6368.85,6390.0,-127.3634,0.0
20:12:53,6368.85,6395.0,-71.0396,0.0
20:12:53,6368.85,6400.0,-462.0278,0.0
20:12:53,6368.85,6405.0,-42.6741,0.0
20:12:53,6368.85,6410.0,-42.3609,0.0
20:12:53,6368.85,6415.0,-17.4323,0.0
20:12:53,6368.85,6420.0,-94.9783,0.0
20:12:53,6368.85,6425.0,-80.0641,0.0
20:12:53,6368.85,6430.0,39.4818,0.0
20:12:53,6368.85,6435.0,-15.8232,0.0
20:12:53,6368.85,6440.0,-188.1426,0.0
20:15:03,6368.85,6295.0,-35.3533,0.0
20:15:03,6368.85,6300.0,-464.5075,0.0
20:15:03,6368.85,6305.0,-22.9469,0.0
20:15:03,6368.85,6310.0,-315.7645,0.0
20:15:03,6368.85,6315.0,-44.1697,0.0
20:15:03,6368.85,6320.0,-55.1607,0.0
20:15:03,6368.85,6325.0,-199.6208,0.0
20:15:03,6368.85,6330.0,-36.5612,0.0
20:15:03,6368.85,6335.0,-21.0407,0.0
20:15:03,6368.85,6340.0,-184.8503,0.0
20:15:03,6368.85,6345.0,-44.5628,0.0
20:15:03,6368.85,6350.0,-329.5677,0.0
20:15:03,6368.85,6355.0,-37.4837,0.0
20:15:03,6368.85,6360.0,-133.2233,0.0
20:15:03,6368.85,6365.0,-30.9297,0.0
20:15:03,6368.85,6370.0,-398.7921,0.0
20:15:03,6368.85,6375.0,-170.3935,0.0
20:15:03,6368.85,6380.0,-158.4019,0.0
20:15:03,6368.85,6385.0,-73.1164,0.0
20:15:03,6368.85,6390.0,-127.3634,0.0
20:15:03,6368.85,6395.0,-71.0396,0.0
20:15:03,6368.85,6400.0,-462.0278,0.0
20:15:03,6368.85,6405.0,-42.6741,0.0
20:15:03,6368.85,6410.0,-42.3609,0.0
20:15:03,6368.85,6415.0,-17.4323,0.0
20:15:03,6368.85,6420.0,-94.9783,0.0
20:15:03,6368.85,6425.0,-80.0641,0.0
20:15:03,6368.85,6430.0,39.4818,0.0
20:15:03,6368.85,6435.0,-15.8232,0.0
20:15:03,6368.85,6440.0,-188.1426,0.0
20:17:12,6368.85,6295.0,-35.3533,0.0
20:17:12,6368.85,6300.0,-464.5075,0.0
20:17:12,6368.85,6305.0,-22.9469,0.0
20:17:12,6368.85,6310.0,-315.7645,0.0
20:17:12,6368.85,6315.0,-44.1697,0.0
20:17:12,6368.85,6320.0,-55.1607,0.0
20:17:12,6368.85,6325.0,-199.6208,0.0
20:17:12,6368.85,6330.0,-36.5612,0.0
20:17:12,6368.85,6335.0,-21.0407,0.0
20:17:12,6368.85,6340.0,-184.8503,0.0
20:17:12,6368.85,6345.0,-44.5628,0.0
20:17:12,6368.85,6350.0,-329.5677,0.0
20:17:12,6368.85,6355.0,-37.4837,0.0
20:17:12,6368.85,6360.0,-133.2233,0.0
20:17:12,6368.85,6365.0,-30.9297,0.0
20:17:12,6368.85,6370.0,-398.7921,0.0
20:17:12,6368.85,6375.0,-170.3935,0.0
20:17:12,6368.85,6380.0,-158.4019,0.0
20:17:12,6368.85,6385.0,-73.1164,0.0
20:17:12,6368.85,6390.0,-127.3634,0.0
20:17:12,6368.85,6395.0,-71.0396,0.0
20:17:12,6368.85,6400.0,-462.0278,0.0
20:17:12,6368.85,6405.0,-42.6741,0.0
20:17:12,6368.85,6410.0,-42.3609,0.0
20:17:12,6368.85,6415.0,-17.4323,0.0
20:17:12,6368.85,6420.0,-94.9783,0.0
20:17:12,6368.85,6425.0,-80.0641,0.0
20:17:12,6368.85,6430.0,39.4818,0.0
20:17:12,6368.85,6435.0,-15.8232,0.0
20:17:12,6368.85,6440.0,-188.1426,0.0
20:19:22,6368.85,6295.0,-35.3533,0.0
20:19:22,6368.85,6300.0,-464.5075,0.0
20:19:22,6368.85,6305.0,-22.9469,0.0
20:19:22,6368.85,6310.0,-315.7645,0.0
20:19:22,6368.85,6315.0,-44.1697,0.0
20:19:22,6368.85,6320.0,-55.1607,0.0
20:19:22,6368.85,6325.0,-199.6208,0.0
20:19:22,6368.85,6330.0,-36.5612,0.0
20:19:22,6368.85,6335.0,-21.0407,0.0
20:19:22,6368.85,6340.0,-184.8503,0.0
20:19:22,6368.85,6345.0,-44.5628,0.0
20:19:22,6368.85,6350.0,-329.5677,0.0
20:19:22,6368.85,6355.0,-37.4837,0.0
20:19:22,6368.85,6360.0,-133.2233,0.0
20:19:22,6368.85,6365.0,-30.9297,0.0
20:19:22,6368.85,6370.0,-398.7921,0.0
20:19:22,6368.85,6375.0,-170.3935,0.0
20:19:22,6368.85,6380.0,-158.4019,0.0
20:19:22,6368.85,6385.0,-73.1164,0.0
20:19:22,6368.85,6390.0,-127.3634,0.0
20:19:22,6368.85,6395.0,-71.0396,0.0
20:19:22,6368.85,6400.0,-462.0278,0.0
20:19:22,6368.85,6405.0,-42.6741,0.0
20:19:22,6368.85,6410.0,-42.3609,0.0
20:19:22,6368.85,6415.0,-17.4323,0.0
20:19:22,6368.85,6420.0,-94.9783,0.0
20:19:22,6368.85,6425.0,-80.0641,0.0
20:19:22,6368.85,6430.0,39.4818,0.0
20:19:22,6368.85,6435.0,-15.8232,0.0
20:19:22,6368.85,6440.0,-188.1426,0.0
20:21:32,6368.85,6295.0,-35.3533,0.0
20:21:32,6368.85,6300.0,-464.5075,0.0
20:21:32,6368.85,6305.0,-22.9469,0.0
20:21:32,6368.85,6310.0,-315.7645,0.0
20:21:32,6368.85,6315.0,-44.1697,0.0
20:21:32,6368.85,6320.0,-55.1607,0.0
20:21:32,6368.85,6325.0,-199.6208,0.0
20:21:32,6368.85,6330.0,-36.5612,0.0
20:21:32,6368.85,6335.0,-21.0407,0.0
20:21:32,6368.85,6340.0,-184.8503,0.0
20:21:32,6368.85,6345.0,-44.5628,0.0
20:21:32,6368.85,6350.0,-329.5677,0.0
20:21:32,6368.85,6355.0,-37.4837,0.0
20:21:32,6368.85,6360.0,-133.2233,0.0
20:21:32,6368.85,6365.0,-30.9297,0.0
20:21:32,6368.85,6370.0,-398.7921,0.0
20:21:32,6368.85,6375.0,-170.3935,0.0
20:21:32,6368.85,6380.0,-158.4019,0.0
20:21:32,6368.85,6385.0,-73.1164,0.0
20:21:32,6368.85,6390.0,-127.3634,0.0
20:21:32,6368.85,6395.0,-71.0396,0.0
20:21:32,6368.85,6400.0,-462.0278,0.0
20:21:32,6368.85,6405.0,-42.6741,0.0
20:21:32,6368.85,6410.0,-42.3609,0.0
20:21:32,6368.85,6415.0,-17.4323,0.0
20:21:32,6368.85,6420.0,-94.9783,0.0
20:21:32,6368.85,6425.0,-80.0641,0.0
20:21:32,6368.85,6430.0,39.4818,0.0
20:21:32,6368.85,6435.0,-15.8232,0.0
20:21:32,6368.85,6440.0,-188.1426,0.0
20:23:41,6368.85,6295.0,-35.3533,0.0
20:23:41,6368.85,6300.0,-464.5075,0.0
20:23:41,6368.85,6305.0,-22.9469,0.0
20:23:41,6368.85,6310.0,-315.7645,0.0
20:23:41,6368.85,6315.0,-44.1697,0.0
20:23:41,6368.85,6320.0,-55.1607,0.0
20:23:41,6368.85,6325.0,-199.6208,0.0
20:23:41,6368.85,6330.0,-36.5612,0.0
20:23:41,6368.85,6335.0,-21.0407,0.0
20:23:41,6368.85,6340.0,-184.8503,0.0
20:23:41,6368.85,6345.0,-44.5628,0.0
20:23:41,6368.85,6350.0,-329.5677,0.0
20:23:41,6368.85,6355.0,-37.4837,0.0
20:23:41,6368.85,6360.0,-133.2233,0.0
20:23:41,6368.85,6365.0,-30.9297,0.0
20:23:41,6368.85,6370.0,-398.7921,0.0
20:23:41,6368.85,6375.0,-170.3935,0.0
20:23:41,6368.85,6380.0,-158.4019,0.0
20:23:41,6368.85,6385.0,-73.1164,0.0
20:23:41,6368.85,6390.0,-127.3634,0.0
20:23:41,6368.85,6395.0,-71.0396,0.0
20:23:41,6368.85,6400.0,-462.0278,0.0
20:23:41,6368.85,6405.0,-42.6741,0.0
20:23:41,6368.85,6410.0,-42.3609,0.0
20:23:41,6368.85,6415.0,-17.4323,0.0
20:23:41,6368.85,6420.0,-94.9783,0.0
20:23:41,6368.85,6425.0,-80.0641,0.0
20:23:41,6368.85,6430.0,39.4818,0.0
20:23:41,6368.85,6435.0,-15.8232,0.0
20:23:41,6368.85,6440.0,-188.1426,0.0
20:25:51,6368.85,6295.0,-35.3533,0.0
20:25:51,6368.85,6300.0,-464.5075,0.0
20:25:51,6368.85,6305.0,-22.9469,0.0
20:25:51,6368.85,6310.0,-315.7645,0.0
20:25:51,6368.85,6315.0,-44.1697,0.0
20:25:51,6368.85,6320.0,-55.1607,0.0
20:25:51,6368.85,6325.0,-199.6208,0.0
20:25:51,6368.85,6330.0,-36.5612,0.0
20:25:51,6368.85,6335.0,-21.0407,0.0
20:25:51,6368.85,6340.0,-184.8503,0.0
20:25:51,6368.85,6345.0,-44.5628,0.0
20:25:51,6368.85,6350.0,-329.5677,0.0
20:25:51,6368.85,6355.0,-37.4837,0.0
20:25:51,6368.85,6360.0,-133.2233,0.0
20:25:51,6368.85,6365.0,-30.9297,0.0
20:25:51,6368.85,6370.0,-398.7921,0.0
20:25:51,6368.85,6375.0,-170.3935,0.0
20:25:51,6368.85,6380.0,-158.4019,0.0
20:25:51,6368.85,6385.0,-73.1164,0.0
20:25:51,6368.85,6390.0,-127.3634,0.0
20:25:51,6368.85,6395.0,-71.0396,0.0
20:25:51,6368.85,6400.0,-462.0278,0.0
20:25:51,6368.85,6405.0,-42.6741,0.0
20:25:51,6368.85,6410.0,-42.3609,0.0
20:25:51,6368.85,6415.0,-17.4323,0.0
20:25:51,6368.85,6420.0,-94.9783,0.0
20:25:51,6368.85,6425.0,-80.0641,0.0
20:25:51,6368.85,6430.0,39.4818,0.0
20:25:51,6368.85,6435.0,-15.8232,0.0
20:25:51,6368.85,6440.0,-188.1426,0.0
20:28:01,6368.85,6295.0,-35.3533,0.0
20:28:01,6368.85,6300.0,-464.5075,0.0
20:28:01,6368.85,6305.0,-22.9469,0.0
20:28:01,6368.85,6310.0,-315.7645,0.0
20:28:01,6368.85,6315.0,-44.1697,0.0
20:28:01,6368.85,6320.0,-55.1607,0.0
20:28:01,6368.85,6325.0,-199.6208,0.0
20:28:01,6368.85,6330.0,-36.5612,0.0
20:28:01,6368.85,6335.0,-21.0407,0.0
20:28:01,6368.85,6340.0,-184.8503,0.0
20:28:01,6368.85,6345.0,-44.5628,0.0
20:28:01,6368.85,6350.0,-329.5677,0.0
20:28:01,6368.85,6355.0,-37.4837,0.0
20:28:01,6368.85,6360.0,-133.2233,0.0
20:28:01,6368.85,6365.0,-30.9297,0.0
20:28:01,6368.85,6370.0,-398.7921,0.0
20:28:01,6368.85,6375.0,-170.3935,0.0
20:28:01,6368.85,6380.0,-158.4019,0.0
20:28:01,6368.85,6385.0,-73.1164,0.0
20:28:01,6368.85,6390.0,-127.3634,0.0
20:28:01,6368.85,6395.0,-71.0396,0.0
20:28:01,6368.85,6400.0,-462.0278,0.0
20:28:01,6368.85,6405.0,-42.6741,0.0
20:28:01,6368.85,6410.0,-42.3609,0.0
20:28:01,6368.85,6415.0,-17.4323,0.0
20:28:01,6368.85,6420.0,-94.9783,0.0
20:28:01,6368.85,6425.0,-80.0641,0.0
20:28:01,6368.85,6430.0,39.4818,0.0
20:28:01,6368.85,6435.0,-15.8232,0.0
20:28:01,6368.85,6440.0,-188.1426,0.0
20:30:10,6368.85,6295.0,-35.3533,0.0
20:30:10,6368.85,6300.0,-464.5075,0.0
20:30:10,6368.85,6305.0,-22.9469,0.0
20:30:10,6368.85,6310.0,-315.7645,0.0
20:30:10,6368.85,6315.0,-44.1697,0.0
20:30:10,6368.85,6320.0,-55.1607,0.0
20:30:10,6368.85,6325.0,-199.6208,0.0
20:30:10,6368.85,6330.0,-36.5612,0.0
20:30:10,6368.85,6335.0,-21.0407,0.0
20:30:10,6368.85,6340.0,-184.8503,0.0
20:30:10,6368.85,6345.0,-44.5628,0.0
20:30:10,6368.85,6350.0,-329.5677,0.0
20:30:10,6368.85,6355.0,-37.4837,0.0
20:30:10,6368.85,6360.0,-133.2233,0.0
20:30:10,6368.85,6365.0,-30.9297,0.0
20:30:10,6368.85,6370.0,-398.7921,0.0
20:30:10,6368.85,6375.0,-170.3935,0.0
20:30:10,6368.85,6380.0,-158.4019,0.0
20:30:10,6368.85,6385.0,-73.1164,0.0
20:30:10,6368.85,6390.0,-127.3634,0.0
20:30:10,6368.85,6395.0,-71.0396,0.0
20:30:10,6368.85,6400.0,-462.0278,0.0
20:30:10,6368.85,6405.0,-42.6741,0.0
20:30:10,6368.85,6410.0,-42.3609,0.0
20:30:10,6368.85,6415.0,-17.4323,0.0
20:30:10,6368.85,6420.0,-94.9783,0.0
20:30:10,6368.85,6425.0,-80.0641,0.0
20:30:10,6368.85,6430.0,39.4818,0.0
20:30:10,6368.85,6435.0,-15.8232,0.0
20:30:10,6368.85,6440.0,-188.1426,0.0
20:32:20,6368.85,6295.0,-35.3533,0.0
20:32:20,6368.85,6300.0,-464.5075,0.0
20:32:20,6368.85,6305.0,-22.9469,0.0
20:32:20,6368.85,6310.0,-315.7645,0.0
20:32:20,6368.85,6315.0,-44.1697,0.0
20:32:20,6368.85,6320.0,-55.1607,0.0
20:32:20,6368.85,6325.0,-199.6208,0.0
20:32:20,6368.85,6330.0,-36.5612,0.0
20:32:20,6368.85,6335.0,-21.0407,0.0
20:32:20,6368.85,6340.0,-184.8503,0.0
20:32:20,6368.85,6345.0,-44.5628,0.0
20:32:20,6368.85,6350.0,-329.5677,0.0
20:32:20,6368.85,6355.0,-37.4837,0.0
20:32:20,6368.85,6360.0,-133.2233,0.0
20:32:20,6368.85,6365.0,-30.9297,0.0
20:32:20,6368.85,6370.0,-398.7921,0.0
20:32:20,6368.85,6375.0,-170.3935,0.0
20:32:20,6368.85,6380.0,-158.4019,0.0
20:32:20,6368.85,6385.0,-73.1164,0.0
20:32:20,6368.85,6390.0,-127.3634,0.0
20:32:20,6368.85,6395.0,-71.0396,0.0
20:32:20,6368.85,6400.0,-462.0278,0.0
20:32:20,6368.85,6405.0,-42.6741,0.0
20:32:20,6368.85,6410.0,-42.3609,0.0
20:32:20,6368.85,6415.0,-17.4323,0.0
20:32:20,6368.85,6420.0,-94.9783,0.0
20:32:20,6368.85,6425.0,-80.0641,0.0
20:32:20,6368.85,6430.0,39.4818,0.0
20:32:20,6368.85,6435.0,-15.8232,0.0
20:32:20,6368.85,6440.0,-188.1426,0.0
20:34:30,6368.85,6295.0,-35.3533,0.0
20:34:30,6368.85,6300.0,-464.5075,0.0
20:34:30,6368.85,6305.0,-22.9469,0.0
20:34:30,6368.85,6310.0,-315.7645,0.0
20:34:30,6368.85,6315.0,-44.1697,0.0
20:34:30,6368.85,6320.0,-55.1607,0.0
20:34:30,6368.85,6325.0,-199.6208,0.0
20:34:30,6368.85,6330.0,-36.5612,0.0
20:34:30,6368.85,6335.0,-21.0407,0.0
20:34:30,6368.85,6340.0,-184.8503,0.0
20:34:30,6368.85,6345.0,-44.5628,0.0
20:34:30,6368.85,6350.0,-329.5677,0.0
20:34:30,6368.85,6355.0,-37.4837,0.0
20:34:30,6368.85,6360.0,-133.2233,0.0
20:34:30,6368.85,6365.0,-30.9297,0.0
20:34:30,6368.85,6370.0,-398.7921,0.0
20:34:30,6368.85,6375.0,-170.3935,0.0
20:34:30,6368.85,6380.0,-158.4019,0.0
20:34:30,6368.85,6385.0,-73.1164,0.0
20:34:30,6368.85,6390.0,-127.3634,0.0
20:34:30,6368.85,6395.0,-71.0396,0.0
20:34:30,6368.85,6400.0,-462.0278,0.0
20:34:30,6368.85,6405.0,-42.6741,0.0
20:34:30,6368.85,6410.0,-42.3609,0.0
20:34:30,6368.85,6415.0,-17.4323,0.0
20:34:30,6368.85,6420.0,-94.9783,0.0
20:34:30,6368.85,6425.0,-80.0641,0.0
20:34:30,6368.85,6430.0,39.4818,0.0
20:34:30,6368.85,6435.0,-15.8232,0.0
20:34:30,6368.85,6440.0,-188.1426,0.0
20:36:39,6368.85,6295.0,-35.3533,0.0
20:36:39,6368.85,6300.0,-464.5075,0.0
20:36:39,6368.85,6305.0,-22.9469,0.0
20:36:39,6368.85,6310.0,-315.7645,0.0
20:36:39,6368.85,6315.0,-44.1697,0.0
20:36:39,6368.85,6320.0,-55.1607,0.0
20:36:39,6368.85,6325.0,-199.6208,0.0
20:36:39,6368.85,6330.0,-36.5612,0.0
20:36:39,6368.85,6335.0,-21.0407,0.0
20:36:39,6368.85,6340.0,-184.8503,0.0
20:36:39,6368.85,6345.0,-44.5628,0.0
20:36:39,6368.85,6350.0,-329.5677,0.0
20:36:39,6368.85,6355.0,-37.4837,0.0
20:36:39,6368.85,6360.0,-133.2233,0.0
20:36:39,6368.85,6365.0,-30.9297,0.0
20:36:39,6368.85,6370.0,-398.7921,0.0
20:36:39,6368.85,6375.0,-170.3935,0.0
20:36:39,6368.85,6380.0,-158.4019,0.0
20:36:39,6368.85,6385.0,-73.1164,0.0
20:36:39,6368.85,6390.0,-127.3634,0.0
20:36:39,6368.85,6395.0,-71.0396,0.0
20:36:39,6368.85,6400.0,-462.0278,0.0
20:36:39,6368.85,6405.0,-42.6741,0.0
20:36:39,6368.85,6410.0,-42.3609,0.0
20:36:39,6368.85,6415.0,-17.4323,0.0
20:36:39,6368.85,6420.0,-94.9783,0.0
20:36:39,6368.85,6425.0,-80.0641,0.0
20:36:39,6368.85,6430.0,39.4818,0.0
20:36:39,6368.85,6435.0,-15.8232,0.0
20:36:39,6368.85,6440.0,-188.1426,0.0
20:38:49,6368.85,6295.0,-35.3533,0.0
20:38:49,6368.85,6300.0,-464.5075,0.0
20:38:49,6368.85,6305.0,-22.9469,0.0
20:38:49,6368.85,6310.0,-315.7645,0.0
20:38:49,6368.85,6315.0,-44.1697,0.0
20:38:49,6368.85,6320.0,-55.1607,0.0
20:38:49,6368.85,6325.0,-199.6208,0.0
20:38:49,6368.85,6330.0,-36.5612,0.0
20:38:49,6368.85,6335.0,-21.0407,0.0
20:38:49,6368.85,6340.0,-184.8503,0.0
20:38:49,6368.85,6345.0,-44.5628,0.0
20:38:49,6368.85,6350.0,-329.5677,0.0
20:38:49,6368.85,6355.0,-37.4837,0.0
20:38:49,6368.85,6360.0,-133.2233,0.0
20:38:49,6368.85,6365.0,-30.9297,0.0
20:38:49,6368.85,6370.0,-398.7921,0.0
20:38:49,6368.85,6375.0,-170.3935,0.0
20:38:49,6368.85,6380.0,-158.4019,0.0
20:38:49,6368.85,6385.0,-73.1164,0.0
20:38:49,6368.85,6390.0,-127.3634,0.0
20:38:49,6368.85,6395.0,-71.0396,0.0
20:38:49,6368.85,6400.0,-462.0278,0.0
20:38:49,6368.85,6405.0,-42.6741,0.0
20:38:49,6368.85,6410.0,-42.3609,0.0
20:38:49,6368.85,6415.0,-17.4323,0.0
20:38:49,6368.85,6420.0,-94.9783,0.0
20:38:49,6368.85,6425.0,-80.0641,0.0
20:38:49,6368.85,6430.0,39.4818,0.0
20:38:49,6368.85,6435.0,-15.8232,0.0
20:38:49,6368.85,6440.0,-188.1426,0.0
20:40:59,6368.85,6295.0,-35.3533,0.0
20:40:59,6368.85,6300.0,-464.5075,0.0
20:40:59,6368.85,6305.0,-22.9469,0.0
20:40:59,6368.85,6310.0,-315.7645,0.0
20:40:59,6368.85,6315.0,-44.1697,0.0
20:40:59,6368.85,6320.0,-55.1607,0.0
20:40:59,6368.85,6325.0,-199.6208,0.0
20:40:59,6368.85,6330.0,-36.5612,0.0
20:40:59,6368.85,6335.0,-21.0407,0.0
20:40:59,6368.85,6340.0,-184.8503,0.0
20:40:59,6368.85,6345.0,-44.5628,0.0
20:40:59,6368.85,6350.0,-329.5677,0.0
20:40:59,6368.85,6355.0,-37.4837,0.0
20:40:59,6368.85,6360.0,-133.2233,0.0
20:40:59,6368.85,6365.0,-30.9297,0.0
20:40:59,6368.85,6370.0,-398.7921,0.0
20:40:59,6368.85,6375.0,-170.3935,0.0
20:40:59,6368.85,6380.0,-158.4019,0.0
20:40:59,6368.85,6385.0,-73.1164,0.0
20:40:59,6368.85,6390.0,-127.3634,0.0
20:40:59,6368.85,6395.0,-71.0396,0.0
20:40:59,6368.85,6400.0,-462.0278,0.0
20:40:59,6368.85,6405.0,-42.6741,0.0
20:40:59,6368.85,6410.0,-42.3609,0.0
20:40:59,6368.85,6415.0,-17.4323,0.0
20:40:59,6368.85,6420.0,-94.9783,0.0
20:40:59,6368.85,6425.0,-80.0641,0.0
20:40:59,6368.85,6430.0,39.4818,0.0
20:40:59,6368.85,6435.0,-15.8232,0.0
20:40:59,6368.85,6440.0,-188.1426,0.0
20:43:08,6368.85,6295.0,-35.3533,0.0
20:43:08,6368.85,6300.0,-464.5075,0.0
20:43:08,6368.85,6305.0,-22.9469,0.0
20:43:08,6368.85,6310.0,-315.7645,0.0
20:43:08,6368.85,6315.0,-44.1697,0.0
20:43:08,6368.85,6320.0,-55.1607,0.0
20:43:08,6368.85,6325.0,-199.6208,0.0
20:43:08,6368.85,6330.0,-36.5612,0.0
20:43:08,6368.85,6335.0,-21.0407,0.0
20:43:08,6368.85,6340.0,-184.8503,0.0
20:43:08,6368.85,6345.0,-44.5628,0.0
20:43:08,6368.85,6350.0,-329.5677,0.0
20:43:08,6368.85,6355.0,-37.4837,0.0
20:43:08,6368.85,6360.0,-133.2233,0.0
20:43:08,6368.85,6365.0,-30.9297,0.0
20:43:08,6368.85,6370.0,-398.7921,0.0
20:43:08,6368.85,6375.0,-170.3935,0.0
20:43:08,6368.85,6380.0,-158.4019,0.0
20:43:08,6368.85,6385.0,-73.1164,0.0
20:43:08,6368.85,6390.0,-127.3634,0.0
20:43:08,6368.85,6395.0,-71.0396,0.0
20:43:08,6368.85,6400.0,-462.0278,0.0
20:43:08,6368.85,6405.0,-42.6741,0.0
20:43:08,6368.85,6410.0,-42.3609,0.0
20:43:08,6368.85,6415.0,-17.4323,0.0
20:43:08,6368.85,6420.0,-94.9783,0.0
20:43:08,6368.85,6425.0,-80.0641,0.0
20:43:08,6368.85,6430.0,39.4818,0.0
20:43:08,6368.85,6435.0,-15.8232,0.0
20:43:08,6368.85,6440.0,-188.1426,0.0
20:45:18,6368.85,6295.0,-35.3533,0.0
20:45:18,6368.85,6300.0,-464.5075,0.0
20:45:18,6368.85,6305.0,-22.9469,0.0
20:45:18,6368.85,6310.0,-315.7645,0.0
20:45:18,6368.85,6315.0,-44.1697,0.0
20:45:18,6368.85,6320.0,-55.1607,0.0
20:45:18,6368.85,6325.0,-199.6208,0.0
20:45:18,6368.85,6330.0,-36.5612,0.0
20:45:18,6368.85,6335.0,-21.0407,0.0
20:45:18,6368.85,6340.0,-184.8503,0.0
20:45:18,6368.85,6345.0,-44.5628,0.0
20:45:18,6368.85,6350.0,-329.5677,0.0
20:45:18,6368.85,6355.0,-37.4837,0.0
20:45:18,6368.85,6360.0,-133.2233,0.0
20:45:18,6368.85,6365.0,-30.9297,0.0
20:45:18,6368.85,6370.0,-398.7921,0.0
20:45:18,6368.85,6375.0,-170.3935,0.0
20:45:18,6368.85,6380.0,-158.4019,0.0
20:45:18,6368.85,6385.0,-73.1164,0.0
20:45:18,6368.85,6390.0,-127.3634,0.0
20:45:18,6368.85,6395.0,-71.0396,0.0
20:45:18,6368.85,6400.0,-462.0278,0.0
20:45:18,6368.85,6405.0,-42.6741,0.0
20:45:18,6368.85,6410.0,-42.3609,0.0
20:45:18,6368.85,6415.0,-17.4323,0.0
20:45:18,6368.85,6420.0,-94.9783,0.0
20:45:18,6368.85,6425.0,-80.0641,0.0
20:45:18,6368.85,6430.0,39.4818,0.0
20:45:18,6368.85,6435.0,-15.8232,0.0
20:45:18,6368.85,6440.0,-188.1426,0.0
20:47:28,6368.85,6295.0,-35.3533,0.0
20:47:28,6368.85,6300.0,-464.5075,0.0
20:47:28,6368.85,6305.0,-22.9469,0.0
20:47:28,6368.85,6310.0,-315.7645,0.0
20:47:28,6368.85,6315.0,-44.1697,0.0
20:47:28,6368.85,6320.0,-55.1607,0.0
20:47:28,6368.85,6325.0,-199.6208,0.0
20:47:28,6368.85,6330.0,-36.5612,0.0
20:47:28,6368.85,6335.0,-21.0407,0.0
20:47:28,6368.85,6340.0,-184.8503,0.0
20:47:28,6368.85,6345.0,-44.5628,0.0
20:47:28,6368.85,6350.0,-329.5677,0.0
20:47:28,6368.85,6355.0,-37.4837,0.0
20:47:28,6368.85,6360.0,-133.2233,0.0
20:47:28,6368.85,6365.0,-30.9297,0.0
20:47:28,6368.85,6370.0,-398.7921,0.0
20:47:28,6368.85,6375.0,-170.3935,0.0
20:47:28,6368.85,6380.0,-158.4019,0.0
20:47:28,6368.85,6385.0,-73.1164,0.0
20:47:28,6368.85,6390.0,-127.3634,0.0
20:47:28,6368.85,6395.0,-71.0396,0.0
20:47:28,6368.85,6400.0,-462.0278,0.0
20:47:28,6368.85,6405.0,-42.6741,0.0
20:47:28,6368.85,6410.0,-42.3609,0.0
20:47:28,6368.85,6415.0,-17.4323,0.0
20:47:28,6368.85,6420.0,-94.9783,0.0
20:47:28,6368.85,6425.0,-80.0641,0.0
20:47:28,6368.85,6430.0,39.4818,0.0
20:47:28,6368.85,6435.0,-15.8232,0.0
20:47:28,6368.85,6440.0,-188.1426,0.0
20:49:38,6368.85,6295.0,-35.3533,0.0
20:49:38,6368.85,6300.0,-464.5075,0.0
20:49:38,6368.85,6305.0,-22.9469,0.0
20:49:38,6368.85,6310.0,-315.7645,0.0
20:49:38,6368.85,6315.0,-44.1697,0.0
20:49:38,6368.85,6320.0,-55.1607,0.0
20:49:38,6368.85,6325.0,-199.6208,0.0
20:49:38,6368.85,6330.0,-36.5612,0.0
20:49:38,6368.85,6335.0,-21.0407,0.0
20:49:38,6368.85,6340.0,-184.8503,0.0
20:49:38,6368.85,6345.0,-44.5628,0.0
20:49:38,6368.85,6350.0,-329.5677,0.0
20:49:38,6368.85,6355.0,-37.4837,0.0
20:49:38,6368.85,6360.0,-133.2233,0.0
20:49:38,6368.85,6365.0,-30.9297,0.0
20:49:38,6368.85,6370.0,-398.7921,0.0
20:49:38,6368.85,6375.0,-170.3935,0.0
20:49:38,6368.85,6380.0,-158.4019,0.0
20:49:38,6368.85,6385.0,-73.1164,0.0
20:49:38,6368.85,6390.0,-127.3634,0.0
20:49:38,6368.85,6395.0,-71.0396,0.0
20:49:38,6368.85,6400.0,-462.0278,0.0
20:49:38,6368.85,6405.0,-42.6741,0.0
20:49:38,6368.85,6410.0,-42.3609,0.0
20:49:38,6368.85,6415.0,-17.4323,0.0
20:49:38,6368.85,6420.0,-94.9783,0.0
20:49:38,6368.85,6425.0,-80.0641,0.0
20:49:38,6368.85,6430.0,39.4818,0.0
20:49:38,6368.85,6435.0,-15.8232,0.0
20:49:38,6368.85,6440.0,-188.1426,0.0
20:51:47,6368.85,6295.0,-35.3533,0.0
20:51:47,6368.85,6300.0,-464.5075,0.0
20:51:47,6368.85,6305.0,-22.9469,0.0
20:51:47,6368.85,6310.0,-315.7645,0.0
20:51:47,6368.85,6315.0,-44.1697,0.0
20:51:47,6368.85,6320.0,-55.1607,0.0
20:51:47,6368.85,6325.0,-199.6208,0.0
20:51:47,6368.85,6330.0,-36.5612,0.0
20:51:47,6368.85,6335.0,-21.0407,0.0
20:51:47,6368.85,6340.0,-184.8503,0.0
20:51:47,6368.85,6345.0,-44.5628,0.0
20:51:47,6368.85,6350.0,-329.5677,0.0
20:51:47,6368.85,6355.0,-37.4837,0.0
20:51:47,6368.85,6360.0,-133.2233,0.0
20:51:47,6368.85,6365.0,-30.9297,0.0
20:51:47,6368.85,6370.0,-398.7921,0.0
20:51:47,6368.85,6375.0,-170.3935,0.0
20:51:47,6368.85,6380.0,-158.4019,0.0
20:51:47,6368.85,6385.0,-73.1164,0.0
20:51:47,6368.85,6390.0,-127.3634,0.0
20:51:47,6368.85,6395.0,-71.0396,0.0
20:51:47,6368.85,6400.0,-462.0278,0.0
20:51:47,6368.85,6405.0,-42.6741,0.0
20:51:47,6368.85,6410.0,-42.3609,0.0
20:51:47,6368.85,6415.0,-17.4323,0.0
20:51:47,6368.85,6420.0,-94.9783,0.0
20:51:47,6368.85,6425.0,-80.0641,0.0
20:51:47,6368.85,6430.0,39.4818,0.0
20:51:47,6368.85,6435.0,-15.8232,0.0
20:51:47,6368.85,6440.0,-188.1426,0.0
20:53:57,6368.85,6295.0,-35.3533,0.0
20:53:57,6368.85,6300.0,-464.5075,0.0
20:53:57,6368.85,6305.0,-22.9469,0.0
20:53:57,6368.85,6310.0,-315.7645,0.0
20:53:57,6368.85,6315.0,-44.1697,0.0
20:53:57,6368.85,6320.0,-55.1607,0.0
20:53:57,6368.85,6325.0,-199.6208,0.0
20:53:57,6368.85,6330.0,-36.5612,0.0
20:53:57,6368.85,6335.0,-21.0407,0.0
20:53:57,6368.85,6340.0,-184.8503,0.0
20:53:57,6368.85,6345.0,-44.5628,0.0
20:53:57,6368.85,6350.0,-329.5677,0.0
20:53:57,6368.85,6355.0,-37.4837,0.0
20:53:57,6368.85,6360.0,-133.2233,0.0
20:53:57,6368.85,6365.0,-30.9297,0.0
20:53:57,6368.85,6370.0,-398.7921,0.0
20:53:57,6368.85,6375.0,-170.3935,0.0
20:53:57,6368.85,6380.0,-158.4019,0.0
20:53:57,6368.85,6385.0,-73.1164,0.0
20:53:57,6368.85,6390.0,-127.3634,0.0
20:53:57,6368.85,6395.0,-71.0396,0.0
20:53:57,6368.85,6400.0,-462.0278,0.0
20:53:57,6368.85,6405.0,-42.6741,0.0
20:53:57,6368.85,6410.0,-42.3609,0.0
20:53:57,6368.85,6415.0,-17.4323,0.0
20:53:57,6368.85,6420.0,-94.9783,0.0
20:53:57,6368.85,6425.0,-80.0641,0.0
20:53:57,6368.85,6430.0,39.4818,0.0
20:53:57,6368.85,6435.0,-15.8232,0.0
20:53:57,6368.85,6440.0,-188.1426,0.0
20:56:07,6368.85,6295.0,-35.3533,0.0
20:56:07,6368.85,6300.0,-464.5075,0.0
20:56:07,6368.85,6305.0,-22.9469,0.0
20:56:07,6368.85,6310.0,-315.7645,0.0
20:56:07,6368.85,6315.0,-44.1697,0.0
20:56:07,6368.85,6320.0,-55.1607,0.0
20:56:07,6368.85,6325.0,-199.6208,0.0
20:56:07,6368.85,6330.0,-36.5612,0.0
20:56:07,6368.85,6335.0,-21.0407,0.0
20:56:07,6368.85,6340.0,-184.8503,0.0
20:56:07,6368.85,6345.0,-44.5628,0.0
20:56:07,6368.85,6350.0,-329.5677,0.0
20:56:07,6368.85,6355.0,-37.4837,0.0
20:56:07,6368.85,6360.0,-133.2233,0.0
20:56:07,6368.85,6365.0,-30.9297,0.0
20:56:07,6368.85,6370.0,-398.7921,0.0
20:56:07,6368.85,6375.0,-170.3935,0.0
20:56:07,6368.85,6380.0,-158.4019,0.0
20:56:07,6368.85,6385.0,-73.1164,0.0
20:56:07,6368.85,6390.0,-127.3634,0.0
20:56:07,6368.85,6395.0,-71.0396,0.0
20:56:07,6368.85,6400.0,-462.0278,0.0
20:56:07,6368.85,6405.0,-42.6741,0.0
20:56:07,6368.85,6410.0,-42.3609,0.0
20:56:07,6368.85,6415.0,-17.4323,0.0
20:56:07,6368.85,6420.0,-94.9783,0.0
20:56:07,6368.85,6425.0,-80.0641,0.0
20:56:07,6368.85,6430.0,39.4818,0.0
20:56:07,6368.85,6435.0,-15.8232,0.0
20:56:07,6368.85,6440.0,-188.1426,0.0
20:58:16,6368.85,6295.0,-35.3533,0.0
20:58:16,6368.85,6300.0,-464.5075,0.0
20:58:16,6368.85,6305.0,-22.9469,0.0
20:58:16,6368.85,6310.0,-315.7645,0.0
20:58:16,6368.85,6315.0,-44.1697,0.0
20:58:16,6368.85,6320.0,-55.1607,0.0
20:58:16,6368.85,6325.0,-199.6208,0.0
20:58:16,6368.85,6330.0,-36.5612,0.0
20:58:16,6368.85,6335.0,-21.0407,0.0
20:58:16,6368.85,6340.0,-184.8503,0.0
20:58:16,6368.85,6345.0,-44.5628,0.0
20:58:16,6368.85,6350.0,-329.5677,0.0
20:58:16,6368.85,6355.0,-37.4837,0.0
20:58:16,6368.85,6360.0,-133.2233,0.0
20:58:16,6368.85,6365.0,-30.9297,0.0
20:58:16,6368.85,6370.0,-398.7921,0.0
20:58:16,6368.85,6375.0,-170.3935,0.0
20:58:16,6368.85,6380.0,-158.4019,0.0
20:58:16,6368.85,6385.0,-73.1164,0.0
20:58:16,6368.85,6390.0,-127.3634,0.0
20:58:16,6368.85,6395.0,-71.0396,0.0
20:58:16,6368.85,6400.0,-462.0278,0.0
20:58:16,6368.85,6405.0,-42.6741,0.0
20:58:16,6368.85,6410.0,-42.3609,0.0
20:58:16,6368.85,6415.0,-17.4323,0.0
20:58:16,6368.85,6420.0,-94.9783,0.0
20:58:16,6368.85,6425.0,-80.0641,0.0
20:58:16,6368.85,6430.0,39.4818,0.0
20:58:16,6368.85,6435.0,-15.8232,0.0
20:58:16,6368.85,6440.0,-188.1426,0.0
21:00:26,6368.85,6295.0,-35.3533,0.0
21:00:26,6368.85,6300.0,-464.5075,0.0
21:00:26,6368.85,6305.0,-22.9469,0.0
21:00:26,6368.85,6310.0,-315.7645,0.0
21:00:26,6368.85,6315.0,-44.1697,0.0
21:00:26,6368.85,6320.0,-55.1607,0.0
21:00:26,6368.85,6325.0,-199.6208,0.0
21:00:26,6368.85,6330.0,-36.5612,0.0
21:00:26,6368.85,6335.0,-21.0407,0.0
21:00:26,6368.85,6340.0,-184.8503,0.0
21:00:26,6368.85,6345.0,-44.5628,0.0
21:00:26,6368.85,6350.0,-329.5677,0.0
21:00:26,6368.85,6355.0,-37.4837,0.0
21:00:26,6368.85,6360.0,-133.2233,0.0
21:00:26,6368.85,6365.0,-30.9297,0.0
21:00:26,6368.85,6370.0,-398.7921,0.0
21:00:26,6368.85,6375.0,-170.3935,0.0
21:00:26,6368.85,6380.0,-158.4019,0.0
21:00:26,6368.85,6385.0,-73.1164,0.0
21:00:26,6368.85,6390.0,-127.3634,0.0
21:00:26,6368.85,6395.0,-71.0396,0.0
21:00:26,6368.85,6400.0,-462.0278,0.0
21:00:26,6368.85,6405.0,-42.6741,0.0
21:00:26,6368.85,6410.0,-42.3609,0.0
21:00:26,6368.85,6415.0,-17.4323,0.0
21:00:26,6368.85,6420.0,-94.9783,0.0
21:00:26,6368.85,6425.0,-80.0641,0.0
21:00:26,6368.85,6430.0,39.4818,0.0
21:00:26,6368.85,6435.0,-15.8232,0.0
21:00:26,6368.85,6440.0,-188.1426,0.0
21:02:36,6368.85,6295.0,-35.3533,0.0
21:02:36,6368.85,6300.0,-464.5075,0.0
21:02:36,6368.85,6305.0,-22.9469,0.0
21:02:36,6368.85,6310.0,-315.7645,0.0
21:02:36,6368.85,6315.0,-44.1697,0.0
21:02:36,6368.85,6320.0,-55.1607,0.0
21:02:36,6368.85,6325.0,-199.6208,0.0
21:02:36,6368.85,6330.0,-36.5612,0.0
21:02:36,6368.85,6335.0,-21.0407,0.0
21:02:36,6368.85,6340.0,-184.8503,0.0
21:02:36,6368.85,6345.0,-44.5628,0.0
21:02:36,6368.85,6350.0,-329.5677,0.0
21:02:36,6368.85,6355.0,-37.4837,0.0
21:02:36,6368.85,6360.0,-133.2233,0.0
21:02:36,6368.85,6365.0,-30.9297,0.0
21:02:36,6368.85,6370.0,-398.7921,0.0
21:02:36,6368.85,6375.0,-170.3935,0.0
21:02:36,6368.85,6380.0,-158.4019,0.0
21:02:36,6368.85,6385.0,-73.1164,0.0
21:02:36,6368.85,6390.0,-127.3634,0.0
21:02:36,6368.85,6395.0,-71.0396,0.0
21:02:36,6368.85,6400.0,-462.0278,0.0
21:02:36,6368.85,6405.0,-42.6741,0.0
21:02:36,6368.85,6410.0,-42.3609,0.0
21:02:36,6368.85,6415.0,-17.4323,0.0
21:02:36,6368.85,6420.0,-94.9783,0.0
21:02:36,6368.85,6425.0,-80.0641,0.0
21:02:36,6368.85,6430.0,39.4818,0.0
21:02:36,6368.85,6435.0,-15.8232,0.0
21:02:36,6368.85,6440.0,-188.1426,0.0
21:04:45,6368.85,6295.0,-35.3533,0.0
21:04:45,6368.85,6300.0,-464.5075,0.0
21:04:45,6368.85,6305.0,-22.9469,0.0
21:04:45,6368.85,6310.0,-315.7645,0.0
21:04:45,6368.85,6315.0,-44.1697,0.0
21:04:45,6368.85,6320.0,-55.1607,0.0
21:04:45,6368.85,6325.0,-199.6208,0.0
21:04:45,6368.85,6330.0,-36.5612,0.0
21:04:45,6368.85,6335.0,-21.0407,0.0
21:04:45,6368.85,6340.0,-184.8503,0.0
21:04:45,6368.85,6345.0,-44.5628,0.0
21:04:45,6368.85,6350.0,-329.5677,0.0
21:04:45,6368.85,6355.0,-37.4837,0.0
21:04:45,6368.85,6360.0,-133.2233,0.0
21:04:45,6368.85,6365.0,-30.9297,0.0
21:04:45,6368.85,6370.0,-398.7921,0.0
21:04:45,6368.85,6375.0,-170.3935,0.0
21:04:45,6368.85,6380.0,-158.4019,0.0
21:04:45,6368.85,6385.0,-73.1164,0.0
21:04:45,6368.85,6390.0,-127.3634,0.0
21:04:45,6368.85,6395.0,-71.0396,0.0
21:04:45,6368.85,6400.0,-462.0278,0.0
21:04:45,6368.85,6405.0,-42.6741,0.0
21:04:45,6368.85,6410.0,-42.3609,0.0
21:04:45,6368.85,6415.0,-17.4323,0.0
21:04:45,6368.85,6420.0,-94.9783,0.0
21:04:45,6368.85,6425.0,-80.0641,0.0
21:04:45,6368.85,6430.0,39.4818,0.0
21:04:45,6368.85,6435.0,-15.8232,0.0
21:04:45,6368.85,6440.0,-188.1426,0.0
21:06:55,6368.85,6295.0,-35.3533,0.0
21:06:55,6368.85,6300.0,-464.5075,0.0
21:06:55,6368.85,6305.0,-22.9469,0.0
21:06:55,6368.85,6310.0,-315.7645,0.0
21:06:55,6368.85,6315.0,-44.1697,0.0
21:06:55,6368.85,6320.0,-55.1607,0.0
21:06:55,6368.85,6325.0,-199.6208,0.0
21:06:55,6368.85,6330.0,-36.5612,0.0
21:06:55,6368.85,6335.0,-21.0407,0.0
21:06:55,6368.85,6340.0,-184.8503,0.0
21:06:55,6368.85,6345.0,-44.5628,0.0
21:06:55,6368.85,6350.0,-329.5677,0.0
21:06:55,6368.85,6355.0,-37.4837,0.0
21:06:55,6368.85,6360.0,-133.2233,0.0
21:06:55,6368.85,6365.0,-30.9297,0.0
21:06:55,6368.85,6370.0,-398.7921,0.0
21:06:55,6368.85,6375.0,-170.3935,0.0
21:06:55,6368.85,6380.0,-158.4019,0.0
21:06:55,6368.85,6385.0,-73.1164,0.0
21:06:55,6368.85,6390.0,-127.3634,0.0
21:06:55,6368.85,6395.0,-71.0396,0.0
21:06:55,6368.85,6400.0,-462.0278,0.0
21:06:55,6368.85,6405.0,-42.6741,0.0
21:06:55,6368.85,6410.0,-42.3609,0.0
21:06:55,6368.85,6415.0,-17.4323,0.0
21:06:55,6368.85,6420.0,-94.9783,0.0
21:06:55,6368.85,6425.0,-80.0641,0.0
21:06:55,6368.85,6430.0,39.4818,0.0
21:06:55,6368.85,6435.0,-15.8232,0.0
21:06:55,6368.85,6440.0,-188.1426,0.0
21:09:05,6368.85,6295.0,-35.3533,0.0
21:09:05,6368.85,6300.0,-464.5075,0.0
21:09:05,6368.85,6305.0,-22.9469,0.0
21:09:05,6368.85,6310.0,-315.7645,0.0
21:09:05,6368.85,6315.0,-44.1697,0.0
21:09:05,6368.85,6320.0,-55.1607,0.0
21:09:05,6368.85,6325.0,-199.6208,0.0
21:09:05,6368.85,6330.0,-36.5612,0.0
21:09:05,6368.85,6335.0,-21.0407,0.0
21:09:05,6368.85,6340.0,-184.8503,0.0
21:09:05,6368.85,6345.0,-44.5628,0.0
21:09:05,6368.85,6350.0,-329.5677,0.0
21:09:05,6368.85,6355.0,-37.4837,0.0
21:09:05,6368.85,6360.0,-133.2233,0.0
21:09:05,6368.85,6365.0,-30.9297,0.0
21:09:05,6368.85,6370.0,-398.7921,0.0
21:09:05,6368.85,6375.0,-170.3935,0.0
21:09:05,6368.85,6380.0,-158.4019,0.0
21:09:05,6368.85,6385.0,-73.1164,0.0
21:09:05,6368.85,6390.0,-127.3634,0.0
21:09:05,6368.85,6395.0,-71.0396,0.0
21:09:05,6368.85,6400.0,-462.0278,0.0
21:09:05,6368.85,6405.0,-42.6741,0.0
21:09:05,6368.85,6410.0,-42.3609,0.0
21:09:05,6368.85,6415.0,-17.4323,0.0
21:09:05,6368.85,6420.0,-94.9783,0.0
21:09:05,6368.85,6425.0,-80.0641,0.0
21:09:05,6368.85,6430.0,39.4818,0.0
21:09:05,6368.85,6435.0,-15.8232,0.0
21:09:05,6368.85,6440.0,-188.1426,0.0
21:11:14,6368.85,6295.0,-35.3533,0.0
21:11:14,6368.85,6300.0,-464.5075,0.0
21:11:14,6368.85,6305.0,-22.9469,0.0
21:11:14,6368.85,6310.0,-315.7645,0.0
21:11:14,6368.85,6315.0,-44.1697,0.0
21:11:14,6368.85,6320.0,-55.1607,0.0
21:11:14,6368.85,6325.0,-199.6208,0.0
21:11:14,6368.85,6330.0,-36.5612,0.0
21:11:14,6368.85,6335.0,-21.0407,0.0
21:11:14,6368.85,6340.0,-184.8503,0.0
21:11:14,6368.85,6345.0,-44.5628,0.0
21:11:14,6368.85,6350.0,-329.5677,0.0
21:11:14,6368.85,6355.0,-37.4837,0.0
21:11:14,6368.85,6360.0,-133.2233,0.0
21:11:14,6368.85,6365.0,-30.9297,0.0
21:11:14,6368.85,6370.0,-398.7921,0.0
21:11:14,6368.85,6375.0,-170.3935,0.0
21:11:14,6368.85,6380.0,-158.4019,0.0
21:11:14,6368.85,6385.0,-73.1164,0.0
21:11:14,6368.85,6390.0,-127.3634,0.0
21:11:14,6368.85,6395.0,-71.0396,0.0
21:11:14,6368.85,6400.0,-462.0278,0.0
21:11:14,6368.85,6405.0,-42.6741,0.0
21:11:14,6368.85,6410.0,-42.3609,0.0
21:11:14,6368.85,6415.0,-17.4323,0.0
21:11:14,6368.85,6420.0,-94.9783,0.0
21:11:14,6368.85,6425.0,-80.0641,0.0
21:11:14,6368.85,6430.0,39.4818,0.0
21:11:14,6368.85,6435.0,-15.8232,0.0
21:11:14,6368.85,6440.0,-188.1426,0.0
21:13:24,6368.85,6295.0,-35.3533,0.0
21:13:24,6368.85,6300.0,-464.5075,0.0
21:13:24,6368.85,6305.0,-22.9469,0.0
21:13:24,6368.85,6310.0,-315.7645,0.0
21:13:24,6368.85,6315.0,-44.1697,0.0
21:13:24,6368.85,6320.0,-55.1607,0.0
21:13:24,6368.85,6325.0,-199.6208,0.0
21:13:24,6368.85,6330.0,-36.5612,0.0
21:13:24,6368.85,6335.0,-21.0407,0.0
21:13:24,6368.85,6340.0,-184.8503,0.0
21:13:24,6368.85,6345.0,-44.5628,0.0
21:13:24,6368.85,6350.0,-329.5677,0.0
21:13:24,6368.85,6355.0,-37.4837,0.0
21:13:24,6368.85,6360.0,-133.2233,0.0
21:13:24,6368.85,6365.0,-30.9297,0.0
21:13:24,6368.85,6370.0,-398.7921,0.0
21:13:24,6368.85,6375.0,-170.3935,0.0
21:13:24,6368.85,6380.0,-158.4019,0.0
21:13:24,6368.85,6385.0,-73.1164,0.0
21:13:24,6368.85,6390.0,-127.3634,0.0
21:13:24,6368.85,6395.0,-71.0396,0.0
21:13:24,6368.85,6400.0,-462.0278,0.0
21:13:24,6368.85,6405.0,-42.6741,0.0
21:13:24,6368.85,6410.0,-42.3609,0.0
21:13:24,6368.85,6415.0,-17.4323,0.0
21:13:24,6368.85,6420.0,-94.9783,0.0
21:13:24,6368.85,6425.0,-80.0641,0.0
21:13:24,6368.85,6430.0,39.4818,0.0
21:13:24,6368.85,6435.0,-15.8232,0.0
21:13:24,6368.85,6440.0,-188.1426,0.0
21:15:34,6368.85,6295.0,-35.3533,0.0
21:15:34,6368.85,6300.0,-464.5075,0.0
21:15:34,6368.85,6305.0,-22.9469,0.0
21:15:34,6368.85,6310.0,-315.7645,0.0
21:15:34,6368.85,6315.0,-44.1697,0.0
21:15:34,6368.85,6320.0,-55.1607,0.0
21:15:34,6368.85,6325.0,-199.6208,0.0
21:15:34,6368.85,6330.0,-36.5612,0.0
21:15:34,6368.85,6335.0,-21.0407,0.0
21:15:34,6368.85,6340.0,-184.8503,0.0
21:15:34,6368.85,6345.0,-44.5628,0.0
21:15:34,6368.85,6350.0,-329.5677,0.0
21:15:34,6368.85,6355.0,-37.4837,0.0
21:15:34,6368.85,6360.0,-133.2233,0.0
21:15:34,6368.85,6365.0,-30.9297,0.0
21:15:34,6368.85,6370.0,-398.7921,0.0
21:15:34,6368.85,6375.0,-170.3935,0.0
21:15:34,6368.85,6380.0,-158.4019,0.0
21:15:34,6368.85,6385.0,-73.1164,0.0
21:15:34,6368.85,6390.0,-127.3634,0.0
21:15:34,6368.85,6395.0,-71.0396,0.0
21:15:34,6368.85,6400.0,-462.0278,0.0
21:15:34,6368.85,6405.0,-42.6741,0.0
21:15:34,6368.85,6410.0,-42.3609,0.0
21:15:34,6368.85,6415.0,-17.4323,0.0
21:15:34,6368.85,6420.0,-94.9783,0.0
21:15:34,6368.85,6425.0,-80.0641,0.0
21:15:34,6368.85,6430.0,39.4818,0.0
21:15:34,6368.85,6435.0,-15.8232,0.0
21:15:34,6368.85,6440.0,-188.1426,0.0
21:17:43,6368.85,6295.0,-35.3533,0.0
21:17:43,6368.85,6300.0,-464.5075,0.0
21:17:43,6368.85,6305.0,-22.9469,0.0
21:17:43,6368.85,6310.0,-315.7645,0.0
21:17:43,6368.85,6315.0,-44.1697,0.0
21:17:43,6368.85,6320.0,-55.1607,0.0
21:17:43,6368.85,6325.0,-199.6208,0.0
21:17:43,6368.85,6330.0,-36.5612,0.0
21:17:43,6368.85,6335.0,-21.0407,0.0
21:17:43,6368.85,6340.0,-184.8503,0.0
21:17:43,6368.85,6345.0,-44.5628,0.0
21:17:43,6368.85,6350.0,-329.5677,0.0
21:17:43,6368.85,6355.0,-37.4837,0.0
21:17:43,6368.85,6360.0,-133.2233,0.0
21:17:43,6368.85,6365.0,-30.9297,0.0
21:17:43,6368.85,6370.0,-398.7921,0.0
21:17:43,6368.85,6375.0,-170.3935,0.0
21:17:43,6368.85,6380.0,-158.4019,0.0
21:17:43,6368.85,6385.0,-73.1164,0.0
21:17:43,6368.85,6390.0,-127.3634,0.0
21:17:43,6368.85,6395.0,-71.0396,0.0
21:17:43,6368.85,6400.0,-462.0278,0.0
21:17:43,6368.85,6405.0,-42.6741,0.0
21:17:43,6368.85,6410.0,-42.3609,0.0
21:17:43,6368.85,6415.0,-17.4323,0.0
21:17:43,6368.85,6420.0,-94.9783,0.0
21:17:43,6368.85,6425.0,-80.0641,0.0
21:17:43,6368.85,6430.0,39.4818,0.0
21:17:43,6368.85,6435.0,-15.8232,0.0
21:17:43,6368.85,6440.0,-188.1426,0.0
21:19:53,6368.85,6295.0,-35.3533,0.0
21:19:53,6368.85,6300.0,-464.5075,0.0
21:19:53,6368.85,6305.0,-22.9469,0.0
21:19:53,6368.85,6310.0,-315.7645,0.0
21:19:53,6368.85,6315.0,-44.1697,0.0
21:19:53,6368.85,6320.0,-55.1607,0.0
21:19:53,6368.85,6325.0,-199.6208,0.0
21:19:53,6368.85,6330.0,-36.5612,0.0
21:19:53,6368.85,6335.0,-21.0407,0.0
21:19:53,6368.85,6340.0,-184.8503,0.0
21:19:53,6368.85,6345.0,-44.5628,0.0
21:19:53,6368.85,6350.0,-329.5677,0.0
21:19:53,6368.85,6355.0,-37.4837,0.0
21:19:53,6368.85,6360.0,-133.2233,0.0
21:19:53,6368.85,6365.0,-30.9297,0.0
21:19:53,6368.85,6370.0,-398.7921,0.0
21:19:53,6368.85,6375.0,-170.3935,0.0
21:19:53,6368.85,6380.0,-158.4019,0.0
21:19:53,6368.85,6385.0,-73.1164,0.0
21:19:53,6368.85,6390.0,-127.3634,0.0
21:19:53,6368.85,6395.0,-71.0396,0.0
21:19:53,6368.85,6400.0,-462.0278,0.0
21:19:53,6368.85,6405.0,-42.6741,0.0
21:19:53,6368.85,6410.0,-42.3609,0.0
21:19:53,6368.85,6415.0,-17.4323,0.0
21:19:53,6368.85,6420.0,-94.9783,0.0
21:19:53,6368.85,6425.0,-80.0641,0.0
21:19:53,6368.85,6430.0,39.4818,0.0
21:19:53,6368.85,6435.0,-15.8232,0.0
21:19:53,6368.85,6440.0,-188.1426,0.0
21:22:03,6368.85,6295.0,-35.3533,0.0
21:22:03,6368.85,6300.0,-464.5075,0.0
21:22:03,6368.85,6305.0,-22.9469,0.0
21:22:03,6368.85,6310.0,-315.7645,0.0
21:22:03,6368.85,6315.0,-44.1697,0.0
21:22:03,6368.85,6320.0,-55.1607,0.0
21:22:03,6368.85,6325.0,-199.6208,0.0
21:22:03,6368.85,6330.0,-36.5612,0.0
21:22:03,6368.85,6335.0,-21.0407,0.0
21:22:03,6368.85,6340.0,-184.8503,0.0
21:22:03,6368.85,6345.0,-44.5628,0.0
21:22:03,6368.85,6350.0,-329.5677,0.0
21:22:03,6368.85,6355.0,-37.4837,0.0
21:22:03,6368.85,6360.0,-133.2233,0.0
21:22:03,6368.85,6365.0,-30.9297,0.0
21:22:03,6368.85,6370.0,-398.7921,0.0
21:22:03,6368.85,6375.0,-170.3935,0.0
21:22:03,6368.85,6380.0,-158.4019,0.0
21:22:03,6368.85,6385.0,-73.1164,0.0
21:22:03,6368.85,6390.0,-127.3634,0.0
21:22:03,6368.85,6395.0,-71.0396,0.0
21:22:03,6368.85,6400.0,-462.0278,0.0
21:22:03,6368.85,6405.0,-42.6741,0.0
21:22:03,6368.85,6410.0,-42.3609,0.0
21:22:03,6368.85,6415.0,-17.4323,0.0
21:22:03,6368.85,6420.0,-94.9783,0.0
21:22:03,6368.85,6425.0,-80.0641,0.0
21:22:03,6368.85,6430.0,39.4818,0.0
21:22:03,6368.85,6435.0,-15.8232,0.0
21:22:03,6368.85,6440.0,-188.1426,0.0
21:24:13,6368.85,6295.0,-35.3533,0.0
21:24:13,6368.85,6300.0,-464.5075,0.0
21:24:13,6368.85,6305.0,-22.9469,0.0
21:24:13,6368.85,6310.0,-315.7645,0.0
21:24:13,6368.85,6315.0,-44.1697,0.0
21:24:13,6368.85,6320.0,-55.1607,0.0
21:24:13,6368.85,6325.0,-199.6208,0.0
21:24:13,6368.85,6330.0,-36.5612,0.0
21:24:13,6368.85,6335.0,-21.0407,0.0
21:24:13,6368.85,6340.0,-184.8503,0.0
21:24:13,6368.85,6345.0,-44.5628,0.0
21:24:13,6368.85,6350.0,-329.5677,0.0
21:24:13,6368.85,6355.0,-37.4837,0.0
21:24:13,6368.85,6360.0,-133.2233,0.0
21:24:13,6368.85,6365.0,-30.9297,0.0
21:24:13,6368.85,6370.0,-398.7921,0.0
21:24:13,6368.85,6375.0,-170.3935,0.0
21:24:13,6368.85,6380.0,-158.4019,0.0
21:24:13,6368.85,6385.0,-73.1164,0.0
21:24:13,6368.85,6390.0,-127.3634,0.0
21:24:13,6368.85,6395.0,-71.0396,0.0
21:24:13,6368.85,6400.0,-462.0278,0.0
21:24:13,6368.85,6405.0,-42.6741,0.0
21:24:13,6368.85,6410.0,-42.3609,0.0
21:24:13,6368.85,6415.0,-17.4323,0.0
21:24:13,6368.85,6420.0,-94.9783,0.0
21:24:13,6368.85,6425.0,-80.0641,0.0
21:24:13,6368.85,6430.0,39.4818,0.0
21:24:13,6368.85,6435.0,-15.8232,0.0
21:24:13,6368.85,6440.0,-188.1426,0.0
21:26:22,6368.85,6295.0,-35.3533,0.0
21:26:22,6368.85,6300.0,-464.5075,0.0
21:26:22,6368.85,6305.0,-22.9469,0.0
21:26:22,6368.85,6310.0,-315.7645,0.0
21:26:22,6368.85,6315.0,-44.1697,0.0
21:26:22,6368.85,6320.0,-55.1607,0.0
21:26:22,6368.85,6325.0,-199.6208,0.0
21:26:22,6368.85,6330.0,-36.5612,0.0
21:26:22,6368.85,6335.0,-21.0407,0.0
21:26:22,6368.85,6340.0,-184.8503,0.0
21:26:22,6368.85,6345.0,-44.5628,0.0
21:26:22,6368.85,6350.0,-329.5677,0.0
21:26:22,6368.85,6355.0,-37.4837,0.0
21:26:22,6368.85,6360.0,-133.2233,0.0
21:26:22,6368.85,6365.0,-30.9297,0.0
21:26:22,6368.85,6370.0,-398.7921,0.0
21:26:22,6368.85,6375.0,-170.3935,0.0
21:26:22,6368.85,6380.0,-158.4019,0.0
21:26:22,6368.85,6385.0,-73.1164,0.0
21:26:22,6368.85,6390.0,-127.3634,0.0
21:26:22,6368.85,6395.0,-71.0396,0.0
21:26:22,6368.85,6400.0,-462.0278,0.0
21:26:22,6368.85,6405.0,-42.6741,0.0
21:26:22,6368.85,6410.0,-42.3609,0.0
21:26:22,6368.85,6415.0,-17.4323,0.0
21:26:22,6368.85,6420.0,-94.9783,0.0
21:26:22,6368.85,6425.0,-80.0641,0.0
21:26:22,6368.85,6430.0,39.4818,0.0
21:26:22,6368.85,6435.0,-15.8232,0.0
21:26:22,6368.85,6440.0,-188.1426,0.0
21:28:32,6368.85,6295.0,-35.3533,0.0
21:28:32,6368.85,6300.0,-464.5075,0.0
21:28:32,6368.85,6305.0,-22.9469,0.0
21:28:32,6368.85,6310.0,-315.7645,0.0
21:28:32,6368.85,6315.0,-44.1697,0.0
21:28:32,6368.85,6320.0,-55.1607,0.0
21:28:32,6368.85,6325.0,-199.6208,0.0
21:28:32,6368.85,6330.0,-36.5612,0.0
21:28:32,6368.85,6335.0,-21.0407,0.0
21:28:32,6368.85,6340.0,-184.8503,0.0
21:28:32,6368.85,6345.0,-44.5628,0.0
21:28:32,6368.85,6350.0,-329.5677,0.0
21:28:32,6368.85,6355.0,-37.4837,0.0
21:28:32,6368.85,6360.0,-133.2233,0.0
21:28:32,6368.85,6365.0,-30.9297,0.0
21:28:32,6368.85,6370.0,-398.7921,0.0
21:28:32,6368.85,6375.0,-170.3935,0.0
21:28:32,6368.85,6380.0,-158.4019,0.0
21:28:32,6368.85,6385.0,-73.1164,0.0
21:28:32,6368.85,6390.0,-127.3634,0.0
21:28:32,6368.85,6395.0,-71.0396,0.0
21:28:32,6368.85,6400.0,-462.0278,0.0
21:28:32,6368.85,6405.0,-42.6741,0.0
21:28:32,6368.85,6410.0,-42.3609,0.0
21:28:32,6368.85,6415.0,-17.4323,0.0
21:28:32,6368.85,6420.0,-94.9783,0.0
21:28:32,6368.85,6425.0,-80.0641,0.0
21:28:32,6368.85,6430.0,39.4818,0.0
21:28:32,6368.85,6435.0,-15.8232,0.0
21:28:32,6368.85,6440.0,-188.1426,0.0
21:30:42,6368.85,6295.0,-35.3533,0.0
21:30:42,6368.85,6300.0,-464.5075,0.0
21:30:42,6368.85,6305.0,-22.9469,0.0
21:30:42,6368.85,6310.0,-315.7645,0.0
21:30:42,6368.85,6315.0,-44.1697,0.0
21:30:42,6368.85,6320.0,-55.1607,0.0
21:30:42,6368.85,6325.0,-199.6208,0.0
21:30:42,6368.85,6330.0,-36.5612,0.0
21:30:42,6368.85,6335.0,-21.0407,0.0
21:30:42,6368.85,6340.0,-184.8503,0.0
21:30:42,6368.85,6345.0,-44.5628,0.0
21:30:42,6368.85,6350.0,-329.5677,0.0
21:30:42,6368.85,6355.0,-37.4837,0.0
21:30:42,6368.85,6360.0,-133.2233,0.0
21:30:42,6368.85,6365.0,-30.9297,0.0
21:30:42,6368.85,6370.0,-398.7921,0.0
21:30:42,6368.85,6375.0,-170.3935,0.0
21:30:42,6368.85,6380.0,-158.4019,0.0
21:30:42,6368.85,6385.0,-73.1164,0.0
21:30:42,6368.85,6390.0,-127.3634,0.0
21:30:42,6368.85,6395.0,-71.0396,0.0
21:30:42,6368.85,6400.0,-462.0278,0.0
21:30:42,6368.85,6405.0,-42.6741,0.0
21:30:42,6368.85,6410.0,-42.3609,0.0
21:30:42,6368.85,6415.0,-17.4323,0.0
21:30:42,6368.85,6420.0,-94.9783,0.0
21:30:42,6368.85,6425.0,-80.0641,0.0
21:30:42,6368.85,6430.0,39.4818,0.0
21:30:42,6368.85,6435.0,-15.8232,0.0
21:30:42,6368.85,6440.0,-188.1426,0.0
21:32:51,6368.85,6295.0,-35.3533,0.0
21:32:51,6368.85,6300.0,-464.5075,0.0
21:32:51,6368.85,6305.0,-22.9469,0.0
21:32:51,6368.85,6310.0,-315.7645,0.0
21:32:51,6368.85,6315.0,-44.1697,0.0
21:32:51,6368.85,6320.0,-55.1607,0.0
21:32:51,6368.85,6325.0,-199.6208,0.0
21:32:51,6368.85,6330.0,-36.5612,0.0
21:32:51,6368.85,6335.0,-21.0407,0.0
21:32:51,6368.85,6340.0,-184.8503,0.0
21:32:51,6368.85,6345.0,-44.5628,0.0
21:32:51,6368.85,6350.0,-329.5677,0.0
21:32:51,6368.85,6355.0,-37.4837,0.0
21:32:51,6368.85,6360.0,-133.2233,0.0
21:32:51,6368.85,6365.0,-30.9297,0.0
21:32:51,6368.85,6370.0,-398.7921,0.0
21:32:51,6368.85,6375.0,-170.3935,0.0
21:32:51,6368.85,6380.0,-158.4019,0.0
21:32:51,6368.85,6385.0,-73.1164,0.0
21:32:51,6368.85,6390.0,-127.3634,0.0
21:32:51,6368.85,6395.0,-71.0396,0.0
21:32:51,6368.85,6400.0,-462.0278,0.0
21:32:51,6368.85,6405.0,-42.6741,0.0
21:32:51,6368.85,6410.0,-42.3609,0.0
21:32:51,6368.85,6415.0,-17.4323,0.0
21:32:51,6368.85,6420.0,-94.9783,0.0
21:32:51,6368.85,6425.0,-80.0641,0.0
21:32:51,6368.85,6430.0,39.4818,0.0
21:32:51,6368.85,6435.0,-15.8232,0.0
21:32:51,6368.85,6440.0,-188.1426,0.0
21:35:01,6368.85,6295.0,-35.3533,0.0
21:35:01,6368.85,6300.0,-464.5075,0.0
21:35:01,6368.85,6305.0,-22.9469,0.0
21:35:01,6368.85,6310.0,-315.7645,0.0
21:35:01,6368.85,6315.0,-44.1697,0.0
21:35:01,6368.85,6320.0,-55.1607,0.0
21:35:01,6368.85,6325.0,-199.6208,0.0
21:35:01,6368.85,6330.0,-36.5612,0.0
21:35:01,6368.85,6335.0,-21.0407,0.0
21:35:01,6368.85,6340.0,-184.8503,0.0
21:35:01,6368.85,6345.0,-44.5628,0.0
21:35:01,6368.85,6350.0,-329.5677,0.0
21:35:01,6368.85,6355.0,-37.4837,0.0
21:35:01,6368.85,6360.0,-133.2233,0.0
21:35:01,6368.85,6365.0,-30.9297,0.0
21:35:01,6368.85,6370.0,-398.7921,0.0
21:35:01,6368.85,6375.0,-170.3935,0.0
21:35:01,6368.85,6380.0,-158.4019,0.0
21:35:01,6368.85,6385.0,-73.1164,0.0
21:35:01,6368.85,6390.0,-127.3634,0.0
21:35:01,6368.85,6395.0,-71.0396,0.0
21:35:01,6368.85,6400.0,-462.0278,0.0
21:35:01,6368.85,6405.0,-42.6741,0.0
21:35:01,6368.85,6410.0,-42.3609,0.0
21:35:01,6368.85,6415.0,-17.4323,0.0
21:35:01,6368.85,6420.0,-94.9783,0.0
21:35:01,6368.85,6425.0,-80.0641,0.0
21:35:01,6368.85,6430.0,39.4818,0.0
21:35:01,6368.85,6435.0,-15.8232,0.0
21:35:01,6368.85,6440.0,-188.1426,0.0
21:37:11,6368.85,6295.0,-35.3533,0.0
21:37:11,6368.85,6300.0,-464.5075,0.0
21:37:11,6368.85,6305.0,-22.9469,0.0
21:37:11,6368.85,6310.0,-315.7645,0.0
21:37:11,6368.85,6315.0,-44.1697,0.0
21:37:11,6368.85,6320.0,-55.1607,0.0
21:37:11,6368.85,6325.0,-199.6208,0.0
21:37:11,6368.85,6330.0,-36.5612,0.0
21:37:11,6368.85,6335.0,-21.0407,0.0
21:37:11,6368.85,6340.0,-184.8503,0.0
21:37:11,6368.85,6345.0,-44.5628,0.0
21:37:11,6368.85,6350.0,-329.5677,0.0
21:37:11,6368.85,6355.0,-37.4837,0.0
21:37:11,6368.85,6360.0,-133.2233,0.0
21:37:11,6368.85,6365.0,-30.9297,0.0
21:37:11,6368.85,6370.0,-398.7921,0.0
21:37:11,6368.85,6375.0,-170.3935,0.0
21:37:11,6368.85,6380.0,-158.4019,0.0
21:37:11,6368.85,6385.0,-73.1164,0.0
21:37:11,6368.85,6390.0,-127.3634,0.0
21:37:11,6368.85,6395.0,-71.0396,0.0
21:37:11,6368.85,6400.0,-462.0278,0.0
21:37:11,6368.85,6405.0,-42.6741,0.0
21:37:11,6368.85,6410.0,-42.3609,0.0
21:37:11,6368.85,6415.0,-17.4323,0.0
21:37:11,6368.85,6420.0,-94.9783,0.0
21:37:11,6368.85,6425.0,-80.0641,0.0
21:37:11,6368.85,6430.0,39.4818,0.0
21:37:11,6368.85,6435.0,-15.8232,0.0
21:37:11,6368.85,6440.0,-188.1426,0.0
21:39:20,6368.85,6295.0,-35.3533,0.0
21:39:20,6368.85,6300.0,-464.5075,0.0
21:39:20,6368.85,6305.0,-22.9469,0.0
21:39:20,6368.85,6310.0,-315.7645,0.0
21:39:20,6368.85,6315.0,-44.1697,0.0
21:39:20,6368.85,6320.0,-55.1607,0.0
21:39:20,6368.85,6325.0,-199.6208,0.0
21:39:20,6368.85,6330.0,-36.5612,0.0
21:39:20,6368.85,6335.0,-21.0407,0.0
21:39:20,6368.85,6340.0,-184.8503,0.0
21:39:20,6368.85,6345.0,-44.5628,0.0
21:39:20,6368.85,6350.0,-329.5677,0.0
21:39:20,6368.85,6355.0,-37.4837,0.0
21:39:20,6368.85,6360.0,-133.2233,0.0
21:39:20,6368.85,6365.0,-30.9297,0.0
21:39:20,6368.85,6370.0,-398.7921,0.0
21:39:20,6368.85,6375.0,-170.3935,0.0
21:39:20,6368.85,6380.0,-158.4019,0.0
21:39:20,6368.85,6385.0,-73.1164,0.0
21:39:20,6368.85,6390.0,-127.3634,0.0
21:39:20,6368.85,6395.0,-71.0396,0.0
21:39:20,6368.85,6400.0,-462.0278,0.0
21:39:20,6368.85,6405.0,-42.6741,0.0
21:39:20,6368.85,6410.0,-42.3609,0.0
21:39:20,6368.85,6415.0,-17.4323,0.0
21:39:20,6368.85,6420.0,-94.9783,0.0
21:39:20,6368.85,6425.0,-80.0641,0.0
21:39:20,6368.85,6430.0,39.4818,0.0
21:39:20,6368.85,6435.0,-15.8232,0.0
21:39:20,6368.85,6440.0,-188.1426,0.0
21:41:30,6368.85,6295.0,-35.3533,0.0
21:41:30,6368.85,6300.0,-464.5075,0.0
21:41:30,6368.85,6305.0,-22.9469,0.0
21:41:30,6368.85,6310.0,-315.7645,0.0
21:41:30,6368.85,6315.0,-44.1697,0.0
21:41:30,6368.85,6320.0,-55.1607,0.0
21:41:30,6368.85,6325.0,-199.6208,0.0
21:41:30,6368.85,6330.0,-36.5612,0.0
21:41:30,6368.85,6335.0,-21.0407,0.0
21:41:30,6368.85,6340.0,-184.8503,0.0
21:41:30,6368.85,6345.0,-44.5628,0.0
21:41:30,6368.85,6350.0,-329.5677,0.0
21:41:30,6368.85,6355.0,-37.4837,0.0
21:41:30,6368.85,6360.0,-133.2233,0.0
21:41:30,6368.85,6365.0,-30.9297,0.0
21:41:30,6368.85,6370.0,-398.7921,0.0
21:41:30,6368.85,6375.0,-170.3935,0.0
21:41:30,6368.85,6380.0,-158.4019,0.0
21:41:30,6368.85,6385.0,-73.1164,0.0
21:41:30,6368.85,6390.0,-127.3634,0.0
21:41:30,6368.85,6395.0,-71.0396,0.0
21:41:30,6368.85,6400.0,-462.0278,0.0
21:41:30,6368.85,6405.0,-42.6741,0.0
21:41:30,6368.85,6410.0,-42.3609,0.0
21:41:30,6368.85,6415.0,-17.4323,0.0
21:41:30,6368.85,6420.0,-94.9783,0.0
21:41:30,6368.85,6425.0,-80.0641,0.0
21:41:30,6368.85,6430.0,39.4818,0.0
21:41:30,6368.85,6435.0,-15.8232,0.0
21:41:30,6368.85,6440.0,-188.1426,0.0
21:43:40,6368.85,6295.0,-35.3533,0.0
21:43:40,6368.85,6300.0,-464.5075,0.0
21:43:40,6368.85,6305.0,-22.9469,0.0
21:43:40,6368.85,6310.0,-315.7645,0.0
21:43:40,6368.85,6315.0,-44.1697,0.0
21:43:40,6368.85,6320.0,-55.1607,0.0
21:43:40,6368.85,6325.0,-199.6208,0.0
21:43:40,6368.85,6330.0,-36.5612,0.0
21:43:40,6368.85,6335.0,-21.0407,0.0
21:43:40,6368.85,6340.0,-184.8503,0.0
21:43:40,6368.85,6345.0,-44.5628,0.0
21:43:40,6368.85,6350.0,-329.5677,0.0
21:43:40,6368.85,6355.0,-37.4837,0.0
21:43:40,6368.85,6360.0,-133.2233,0.0
21:43:40,6368.85,6365.0,-30.9297,0.0
21:43:40,6368.85,6370.0,-398.7921,0.0
21:43:40,6368.85,6375.0,-170.3935,0.0
21:43:40,6368.85,6380.0,-158.4019,0.0
21:43:40,6368.85,6385.0,-73.1164,0.0
21:43:40,6368.85,6390.0,-127.3634,0.0
21:43:40,6368.85,6395.0,-71.0396,0.0
21:43:40,6368.85,6400.0,-462.0278,0.0
21:43:40,6368.85,6405.0,-42.6741,0.0
21:43:40,6368.85,6410.0,-42.3609,0.0
21:43:40,6368.85,6415.0,-17.4323,0.0
21:43:40,6368.85,6420.0,-94.9783,0.0
21:43:40,6368.85,6425.0,-80.0641,0.0
21:43:40,6368.85,6430.0,39.4818,0.0
21:43:40,6368.85,6435.0,-15.8232,0.0
21:43:40,6368.85,6440.0,-188.1426,0.0
21:45:49,6368.85,6295.0,-35.3533,0.0
21:45:49,6368.85,6300.0,-464.5075,0.0
21:45:49,6368.85,6305.0,-22.9469,0.0
21:45:49,6368.85,6310.0,-315.7645,0.0
21:45:49,6368.85,6315.0,-44.1697,0.0
21:45:49,6368.85,6320.0,-55.1607,0.0
21:45:49,6368.85,6325.0,-199.6208,0.0
21:45:49,6368.85,6330.0,-36.5612,0.0
21:45:49,6368.85,6335.0,-21.0407,0.0
21:45:49,6368.85,6340.0,-184.8503,0.0
21:45:49,6368.85,6345.0,-44.5628,0.0
21:45:49,6368.85,6350.0,-329.5677,0.0
21:45:49,6368.85,6355.0,-37.4837,0.0
21:45:49,6368.85,6360.0,-133.2233,0.0
21:45:49,6368.85,6365.0,-30.9297,0.0
21:45:49,6368.85,6370.0,-398.7921,0.0
21:45:49,6368.85,6375.0,-170.3935,0.0
21:45:49,6368.85,6380.0,-158.4019,0.0
21:45:49,6368.85,6385.0,-73.1164,0.0
21:45:49,6368.85,6390.0,-127.3634,0.0
21:45:49,6368.85,6395.0,-71.0396,0.0
21:45:49,6368.85,6400.0,-462.0278,0.0
21:45:49,6368.85,6405.0,-42.6741,0.0
21:45:49,6368.85,6410.0,-42.3609,0.0
21:45:49,6368.85,6415.0,-17.4323,0.0
21:45:49,6368.85,6420.0,-94.9783,0.0
21:45:49,6368.85,6425.0,-80.0641,0.0
21:45:49,6368.85,6430.0,39.4818,0.0
21:45:49,6368.85,6435.0,-15.8232,0.0
21:45:49,6368.85,6440.0,-188.1426,0.0
21:47:59,6368.85,6295.0,-35.3533,0.0
21:47:59,6368.85,6300.0,-464.5075,0.0
21:47:59,6368.85,6305.0,-22.9469,0.0
21:47:59,6368.85,6310.0,-315.7645,0.0
21:47:59,6368.85,6315.0,-44.1697,0.0
21:47:59,6368.85,6320.0,-55.1607,0.0
21:47:59,6368.85,6325.0,-199.6208,0.0
21:47:59,6368.85,6330.0,-36.5612,0.0
21:47:59,6368.85,6335.0,-21.0407,0.0
21:47:59,6368.85,6340.0,-184.8503,0.0
21:47:59,6368.85,6345.0,-44.5628,0.0
21:47:59,6368.85,6350.0,-329.5677,0.0
21:47:59,6368.85,6355.0,-37.4837,0.0
21:47:59,6368.85,6360.0,-133.2233,0.0
21:47:59,6368.85,6365.0,-30.9297,0.0
21:47:59,6368.85,6370.0,-398.7921,0.0
21:47:59,6368.85,6375.0,-170.3935,0.0
21:47:59,6368.85,6380.0,-158.4019,0.0
21:47:59,6368.85,6385.0,-73.1164,0.0
21:47:59,6368.85,6390.0,-127.3634,0.0
21:47:59,6368.85,6395.0,-71.0396,0.0
21:47:59,6368.85,6400.0,-462.0278,0.0
21:47:59,6368.85,6405.0,-42.6741,0.0
21:47:59,6368.85,6410.0,-42.3609,0.0
21:47:59,6368.85,6415.0,-17.4323,0.0
21:47:59,6368.85,6420.0,-94.9783,0.0
21:47:59,6368.85,6425.0,-80.0641,0.0
21:47:59,6368.85,6430.0,39.4818,0.0
21:47:59,6368.85,6435.0,-15.8232,0.0
21:47:59,6368.85,6440.0,-188.1426,0.0
21:50:09,6368.85,6295.0,-35.3533,0.0
21:50:09,6368.85,6300.0,-464.5075,0.0
21:50:09,6368.85,6305.0,-22.9469,0.0
21:50:09,6368.85,6310.0,-315.7645,0.0
21:50:09,6368.85,6315.0,-44.1697,0.0
21:50:09,6368.85,6320.0,-55.1607,0.0
21:50:09,6368.85,6325.0,-199.6208,0.0
21:50:09,6368.85,6330.0,-36.5612,0.0
21:50:09,6368.85,6335.0,-21.0407,0.0
21:50:09,6368.85,6340.0,-184.8503,0.0
21:50:09,6368.85,6345.0,-44.5628,0.0
21:50:09,6368.85,6350.0,-329.5677,0.0
21:50:09,6368.85,6355.0,-37.4837,0.0
21:50:09,6368.85,6360.0,-133.2233,0.0
21:50:09,6368.85,6365.0,-30.9297,0.0
21:50:09,6368.85,6370.0,-398.7921,0.0
21:50:09,6368.85,6375.0,-170.3935,0.0
21:50:09,6368.85,6380.0,-158.4019,0.0
21:50:09,6368.85,6385.0,-73.1164,0.0
21:50:09,6368.85,6390.0,-127.3634,0.0
21:50:09,6368.85,6395.0,-71.0396,0.0
21:50:09,6368.85,6400.0,-462.0278,0.0
21:50:09,6368.85,6405.0,-42.6741,0.0
21:50:09,6368.85,6410.0,-42.3609,0.0
21:50:09,6368.85,6415.0,-17.4323,0.0
21:50:09,6368.85,6420.0,-94.9783,0.0
21:50:09,6368.85,6425.0,-80.0641,0.0
21:50:09,6368.85,6430.0,39.4818,0.0
21:50:09,6368.85,6435.0,-15.8232,0.0
21:50:09,6368.85,6440.0,-188.1426,0.0
21:52:18,6368.85,6295.0,-35.3533,0.0
21:52:18,6368.85,6300.0,-464.5075,0.0
21:52:18,6368.85,6305.0,-22.9469,0.0
21:52:18,6368.85,6310.0,-315.7645,0.0
21:52:18,6368.85,6315.0,-44.1697,0.0
21:52:18,6368.85,6320.0,-55.1607,0.0
21:52:18,6368.85,6325.0,-199.6208,0.0
21:52:18,6368.85,6330.0,-36.5612,0.0
21:52:18,6368.85,6335.0,-21.0407,0.0
21:52:18,6368.85,6340.0,-184.8503,0.0
21:52:18,6368.85,6345.0,-44.5628,0.0
21:52:18,6368.85,6350.0,-329.5677,0.0
21:52:18,6368.85,6355.0,-37.4837,0.0
21:52:18,6368.85,6360.0,-133.2233,0.0
21:52:18,6368.85,6365.0,-30.9297,0.0
21:52:18,6368.85,6370.0,-398.7921,0.0
21:52:18,6368.85,6375.0,-170.3935,0.0
21:52:18,6368.85,6380.0,-158.4019,0.0
21:52:18,6368.85,6385.0,-73.1164,0.0
21:52:18,6368.85,6390.0,-127.3634,0.0
21:52:18,6368.85,6395.0,-71.0396,0.0
21:52:18,6368.85,6400.0,-462.0278,0.0
21:52:18,6368.85,6405.0,-42.6741,0.0
21:52:18,6368.85,6410.0,-42.3609,0.0
21:52:18,6368.85,6415.0,-17.4323,0.0
21:52:18,6368.85,6420.0,-94.9783,0.0
21:52:18,6368.85,6425.0,-80.0641,0.0
21:52:18,6368.85,6430.0,39.4818,0.0
21:52:18,6368.85,6435.0,-15.8232,0.0
21:52:18,6368.85,6440.0,-188.1426,0.0
21:54:28,6368.85,6295.0,-35.3533,0.0
21:54:28,6368.85,6300.0,-464.5075,0.0
21:54:28,6368.85,6305.0,-22.9469,0.0
21:54:28,6368.85,6310.0,-315.7645,0.0
21:54:28,6368.85,6315.0,-44.1697,0.0
21:54:28,6368.85,6320.0,-55.1607,0.0
21:54:28,6368.85,6325.0,-199.6208,0.0
21:54:28,6368.85,6330.0,-36.5612,0.0
21:54:28,6368.85,6335.0,-21.0407,0.0
21:54:28,6368.85,6340.0,-184.8503,0.0
21:54:28,6368.85,6345.0,-44.5628,0.0
21:54:28,6368.85,6350.0,-329.5677,0.0
21:54:28,6368.85,6355.0,-37.4837,0.0
21:54:28,6368.85,6360.0,-133.2233,0.0
21:54:28,6368.85,6365.0,-30.9297,0.0
21:54:28,6368.85,6370.0,-398.7921,0.0
21:54:28,6368.85,6375.0,-170.3935,0.0
21:54:28,6368.85,6380.0,-158.4019,0.0
21:54:28,6368.85,6385.0,-73.1164,0.0
21:54:28,6368.85,6390.0,-127.3634,0.0
21:54:28,6368.85,6395.0,-71.0396,0.0
21:54:28,6368.85,6400.0,-462.0278,0.0
21:54:28,6368.85,6405.0,-42.6741,0.0
21:54:28,6368.85,6410.0,-42.3609,0.0
21:54:28,6368.85,6415.0,-17.4323,0.0
21:54:28,6368.85,6420.0,-94.9783,0.0
21:54:28,6368.85,6425.0,-80.0641,0.0
21:54:28,6368.85,6430.0,39.4818,0.0
21:54:28,6368.85,6435.0,-15.8232,0.0
21:54:28,6368.85,6440.0,-188.1426,0.0
21:56:38,6368.85,6295.0,-35.3533,0.0
21:56:38,6368.85,6300.0,-464.5075,0.0
21:56:38,6368.85,6305.0,-22.9469,0.0
21:56:38,6368.85,6310.0,-315.7645,0.0
21:56:38,6368.85,6315.0,-44.1697,0.0
21:56:38,6368.85,6320.0,-55.1607,0.0
21:56:38,6368.85,6325.0,-199.6208,0.0
21:56:38,6368.85,6330.0,-36.5612,0.0
21:56:38,6368.85,6335.0,-21.0407,0.0
21:56:38,6368.85,6340.0,-184.8503,0.0
21:56:38,6368.85,6345.0,-44.5628,0.0
21:56:38,6368.85,6350.0,-329.5677,0.0
21:56:38,6368.85,6355.0,-37.4837,0.0
21:56:38,6368.85,6360.0,-133.2233,0.0
21:56:38,6368.85,6365.0,-30.9297,0.0
21:56:38,6368.85,6370.0,-398.7921,0.0
21:56:38,6368.85,6375.0,-170.3935,0.0
21:56:38,6368.85,6380.0,-158.4019,0.0
21:56:38,6368.85,6385.0,-73.1164,0.0
21:56:38,6368.85,6390.0,-127.3634,0.0
21:56:38,6368.85,6395.0,-71.0396,0.0
21:56:38,6368.85,6400.0,-462.0278,0.0
21:56:38,6368.85,6405.0,-42.6741,0.0
21:56:38,6368.85,6410.0,-42.3609,0.0
21:56:38,6368.85,6415.0,-17.4323,0.0
21:56:38,6368.85,6420.0,-94.9783,0.0
21:56:38,6368.85,6425.0,-80.0641,0.0
21:56:38,6368.85,6430.0,39.4818,0.0
21:56:38,6368.85,6435.0,-15.8232,0.0
21:56:38,6368.85,6440.0,-188.1426,0.0
21:58:48,6368.85,6295.0,-35.3533,0.0
21:58:48,6368.85,6300.0,-464.5075,0.0
21:58:48,6368.85,6305.0,-22.9469,0.0
21:58:48,6368.85,6310.0,-315.7645,0.0
21:58:48,6368.85,6315.0,-44.1697,0.0
21:58:48,6368.85,6320.0,-55.1607,0.0
21:58:48,6368.85,6325.0,-199.6208,0.0
21:58:48,6368.85,6330.0,-36.5612,0.0
21:58:48,6368.85,6335.0,-21.0407,0.0
21:58:48,6368.85,6340.0,-184.8503,0.0
21:58:48,6368.85,6345.0,-44.5628,0.0
21:58:48,6368.85,6350.0,-329.5677,0.0
21:58:48,6368.85,6355.0,-37.4837,0.0
21:58:48,6368.85,6360.0,-133.2233,0.0
21:58:48,6368.85,6365.0,-30.9297,0.0
21:58:48,6368.85,6370.0,-398.7921,0.0
21:58:48,6368.85,6375.0,-170.3935,0.0
21:58:48,6368.85,6380.0,-158.4019,0.0
21:58:48,6368.85,6385.0,-73.1164,0.0
21:58:48,6368.85,6390.0,-127.3634,0.0
21:58:48,6368.85,6395.0,-71.0396,0.0
21:58:48,6368.85,6400.0,-462.0278,0.0
21:58:48,6368.85,6405.0,-42.6741,0.0
21:58:48,6368.85,6410.0,-42.3609,0.0
21:58:48,6368.85,6415.0,-17.4323,0.0
21:58:48,6368.85,6420.0,-94.9783,0.0
21:58:48,6368.85,6425.0,-80.0641,0.0
21:58:48,6368.85,6430.0,39.4818,0.0
21:58:48,6368.85,6435.0,-15.8232,0.0
21:58:48,6368.85,6440.0,-188.1426,0.0
22:00:57,6368.85,6295.0,-35.3533,0.0
22:00:57,6368.85,6300.0,-464.5075,0.0
22:00:57,6368.85,6305.0,-22.9469,0.0
22:00:57,6368.85,6310.0,-315.7645,0.0
22:00:57,6368.85,6315.0,-44.1697,0.0
22:00:57,6368.85,6320.0,-55.1607,0.0
22:00:57,6368.85,6325.0,-199.6208,0.0
22:00:57,6368.85,6330.0,-36.5612,0.0
22:00:57,6368.85,6335.0,-21.0407,0.0
22:00:57,6368.85,6340.0,-184.8503,0.0
22:00:57,6368.85,6345.0,-44.5628,0.0
22:00:57,6368.85,6350.0,-329.5677,0.0
22:00:57,6368.85,6355.0,-37.4837,0.0
22:00:57,6368.85,6360.0,-133.2233,0.0
22:00:57,6368.85,6365.0,-30.9297,0.0
22:00:57,6368.85,6370.0,-398.7921,0.0
22:00:57,6368.85,6375.0,-170.3935,0.0
22:00:57,6368.85,6380.0,-158.4019,0.0
22:00:57,6368.85,6385.0,-73.1164,0.0
22:00:57,6368.85,6390.0,-127.3634,0.0
22:00:57,6368.85,6395.0,-71.0396,0.0
22:00:57,6368.85,6400.0,-462.0278,0.0
22:00:57,6368.85,6405.0,-42.6741,0.0
22:00:57,6368.85,6410.0,-42.3609,0.0
22:00:57,6368.85,6415.0,-17.4323,0.0
22:00:57,6368.85,6420.0,-94.9783,0.0
22:00:57,6368.85,6425.0,-80.0641,0.0
22:00:57,6368.85,6430.0,39.4818,0.0
22:00:57,6368.85,6435.0,-15.8232,0.0
22:00:57,6368.85,6440.0,-188.1426,0.0
22:03:07,6368.85,6295.0,-35.3533,0.0
22:03:07,6368.85,6300.0,-464.5075,0.0
22:03:07,6368.85,6305.0,-22.9469,0.0
22:03:07,6368.85,6310.0,-315.7645,0.0
22:03:07,6368.85,6315.0,-44.1697,0.0
22:03:07,6368.85,6320.0,-55.1607,0.0
22:03:07,6368.85,6325.0,-199.6208,0.0
22:03:07,6368.85,6330.0,-36.5612,0.0
22:03:07,6368.85,6335.0,-21.0407,0.0
22:03:07,6368.85,6340.0,-184.8503,0.0
22:03:07,6368.85,6345.0,-44.5628,0.0
22:03:07,6368.85,6350.0,-329.5677,0.0
22:03:07,6368.85,6355.0,-37.4837,0.0
22:03:07,6368.85,6360.0,-133.2233,0.0
22:03:07,6368.85,6365.0,-30.9297,0.0
22:03:07,6368.85,6370.0,-398.7921,0.0
22:03:07,6368.85,6375.0,-170.3935,0.0
22:03:07,6368.85,6380.0,-158.4019,0.0
22:03:07,6368.85,6385.0,-73.1164,0.0
22:03:07,6368.85,6390.0,-127.3634,0.0
22:03:07,6368.85,6395.0,-71.0396,0.0
22:03:07,6368.85,6400.0,-462.0278,0.0
22:03:07,6368.85,6405.0,-42.6741,0.0
22:03:07,6368.85,6410.0,-42.3609,0.0
22:03:07,6368.85,6415.0,-17.4323,0.0
22:03:07,6368.85,6420.0,-94.9783,0.0
22:03:07,6368.85,6425.0,-80.0641,0.0
22:03:07,6368.85,6430.0,39.4818,0.0
22:03:07,6368.85,6435.0,-15.8232,0.0
22:03:07,6368.85,6440.0,-188.1426,0.0
22:05:17,6368.85,6295.0,-35.3533,0.0
22:05:17,6368.85,6300.0,-464.5075,0.0
22:05:17,6368.85,6305.0,-22.9469,0.0
22:05:17,6368.85,6310.0,-315.7645,0.0
22:05:17,6368.85,6315.0,-44.1697,0.0
22:05:17,6368.85,6320.0,-55.1607,0.0
22:05:17,6368.85,6325.0,-199.6208,0.0
22:05:17,6368.85,6330.0,-36.5612,0.0
22:05:17,6368.85,6335.0,-21.0407,0.0
22:05:17,6368.85,6340.0,-184.8503,0.0
22:05:17,6368.85,6345.0,-44.5628,0.0
22:05:17,6368.85,6350.0,-329.5677,0.0
22:05:17,6368.85,6355.0,-37.4837,0.0
22:05:17,6368.85,6360.0,-133.2233,0.0
22:05:17,6368.85,6365.0,-30.9297,0.0
22:05:17,6368.85,6370.0,-398.7921,0.0
22:05:17,6368.85,6375.0,-170.3935,0.0
22:05:17,6368.85,6380.0,-158.4019,0.0
22:05:17,6368.85,6385.0,-73.1164,0.0
22:05:17,6368.85,6390.0,-127.3634,0.0
22:05:17,6368.85,6395.0,-71.0396,0.0
22:05:17,6368.85,6400.0,-462.0278,0.0
22:05:17,6368.85,6405.0,-42.6741,0.0
22:05:17,6368.85,6410.0,-42.3609,0.0
22:05:17,6368.85,6415.0,-17.4323,0.0
22:05:17,6368.85,6420.0,-94.9783,0.0
22:05:17,6368.85,6425.0,-80.0641,0.0
22:05:17,6368.85,6430.0,39.4818,0.0
22:05:17,6368.85,6435.0,-15.8232,0.0
22:05:17,6368.85,6440.0,-188.1426,0.0
22:07:26,6368.85,6295.0,-35.3533,0.0
22:07:26,6368.85,6300.0,-464.5075,0.0
22:07:26,6368.85,6305.0,-22.9469,0.0
22:07:26,6368.85,6310.0,-315.7645,0.0
22:07:26,6368.85,6315.0,-44.1697,0.0
22:07:26,6368.85,6320.0,-55.1607,0.0
22:07:26,6368.85,6325.0,-199.6208,0.0
22:07:26,6368.85,6330.0,-36.5612,0.0
22:07:26,6368.85,6335.0,-21.0407,0.0
22:07:26,6368.85,6340.0,-184.8503,0.0
22:07:26,6368.85,6345.0,-44.5628,0.0
22:07:26,6368.85,6350.0,-329.5677,0.0
22:07:26,6368.85,6355.0,-37.4837,0.0
22:07:26,6368.85,6360.0,-133.2233,0.0
22:07:26,6368.85,6365.0,-30.9297,0.0
22:07:26,6368.85,6370.0,-398.7921,0.0
22:07:26,6368.85,6375.0,-170.3935,0.0
22:07:26,6368.85,6380.0,-158.4019,0.0
22:07:26,6368.85,6385.0,-73.1164,0.0
22:07:26,6368.85,6390.0,-127.3634,0.0
22:07:26,6368.85,6395.0,-71.0396,0.0
22:07:26,6368.85,6400.0,-462.0278,0.0
22:07:26,6368.85,6405.0,-42.6741,0.0
22:07:26,6368.85,6410.0,-42.3609,0.0
22:07:26,6368.85,6415.0,-17.4323,0.0
22:07:26,6368.85,6420.0,-94.9783,0.0
22:07:26,6368.85,6425.0,-80.0641,0.0
22:07:26,6368.85,6430.0,39.4818,0.0
22:07:26,6368.85,6435.0,-15.8232,0.0
22:07:26,6368.85,6440.0,-188.1426,0.0
22:09:36,6368.85,6295.0,-35.3533,0.0
22:09:36,6368.85,6300.0,-464.5075,0.0
22:09:36,6368.85,6305.0,-22.9469,0.0
22:09:36,6368.85,6310.0,-315.7645,0.0
22:09:36,6368.85,6315.0,-44.1697,0.0
22:09:36,6368.85,6320.0,-55.1607,0.0
22:09:36,6368.85,6325.0,-199.6208,0.0
22:09:36,6368.85,6330.0,-36.5612,0.0
22:09:36,6368.85,6335.0,-21.0407,0.0
22:09:36,6368.85,6340.0,-184.8503,0.0
22:09:36,6368.85,6345.0,-44.5628,0.0
22:09:36,6368.85,6350.0,-329.5677,0.0
22:09:36,6368.85,6355.0,-37.4837,0.0
22:09:36,6368.85,6360.0,-133.2233,0.0
22:09:36,6368.85,6365.0,-30.9297,0.0
22:09:36,6368.85,6370.0,-398.7921,0.0
22:09:36,6368.85,6375.0,-170.3935,0.0
22:09:36,6368.85,6380.0,-158.4019,0.0
22:09:36,6368.85,6385.0,-73.1164,0.0
22:09:36,6368.85,6390.0,-127.3634,0.0
22:09:36,6368.85,6395.0,-71.0396,0.0
22:09:36,6368.85,6400.0,-462.0278,0.0
22:09:36,6368.85,6405.0,-42.6741,0.0
22:09:36,6368.85,6410.0,-42.3609,0.0
22:09:36,6368.85,6415.0,-17.4323,0.0
22:09:36,6368.85,6420.0,-94.9783,0.0
22:09:36,6368.85,6425.0,-80.0641,0.0
22:09:36,6368.85,6430.0,39.4818,0.0
22:09:36,6368.85,6435.0,-15.8232,0.0
22:09:36,6368.85,6440.0,-188.1426,0.0
22:11:46,6368.85,6295.0,-35.3533,0.0
22:11:46,6368.85,6300.0,-464.5075,0.0
22:11:46,6368.85,6305.0,-22.9469,0.0
22:11:46,6368.85,6310.0,-315.7645,0.0
22:11:46,6368.85,6315.0,-44.1697,0.0
22:11:46,6368.85,6320.0,-55.1607,0.0
22:11:46,6368.85,6325.0,-199.6208,0.0
22:11:46,6368.85,6330.0,-36.5612,0.0
22:11:46,6368.85,6335.0,-21.0407,0.0
22:11:46,6368.85,6340.0,-184.8503,0.0
22:11:46,6368.85,6345.0,-44.5628,0.0
22:11:46,6368.85,6350.0,-329.5677,0.0
22:11:46,6368.85,6355.0,-37.4837,0.0
22:11:46,6368.85,6360.0,-133.2233,0.0
22:11:46,6368.85,6365.0,-30.9297,0.0
22:11:46,6368.85,6370.0,-398.7921,0.0
22:11:46,6368.85,6375.0,-170.3935,0.0
22:11:46,6368.85,6380.0,-158.4019,0.0
22:11:46,6368.85,6385.0,-73.1164,0.0
22:11:46,6368.85,6390.0,-127.3634,0.0
22:11:46,6368.85,6395.0,-71.0396,0.0
22:11:46,6368.85,6400.0,-462.0278,0.0
22:11:46,6368.85,6405.0,-42.6741,0.0
22:11:46,6368.85,6410.0,-42.3609,0.0
22:11:46,6368.85,6415.0,-17.4323,0.0
22:11:46,6368.85,6420.0,-94.9783,0.0
22:11:46,6368.85,6425.0,-80.0641,0.0
22:11:46,6368.85,6430.0,39.4818,0.0
22:11:46,6368.85,6435.0,-15.8232,0.0
22:11:46,6368.85,6440.0,-188.1426,0.0
22:13:55,6368.85,6295.0,-35.3533,0.0
22:13:55,6368.85,6300.0,-464.5075,0.0
22:13:55,6368.85,6305.0,-22.9469,0.0
22:13:55,6368.85,6310.0,-315.7645,0.0
22:13:55,6368.85,6315.0,-44.1697,0.0
22:13:55,6368.85,6320.0,-55.1607,0.0
22:13:55,6368.85,6325.0,-199.6208,0.0
22:13:55,6368.85,6330.0,-36.5612,0.0
22:13:55,6368.85,6335.0,-21.0407,0.0
22:13:55,6368.85,6340.0,-184.8503,0.0
22:13:55,6368.85,6345.0,-44.5628,0.0
22:13:55,6368.85,6350.0,-329.5677,0.0
22:13:55,6368.85,6355.0,-37.4837,0.0
22:13:55,6368.85,6360.0,-133.2233,0.0
22:13:55,6368.85,6365.0,-30.9297,0.0
22:13:55,6368.85,6370.0,-398.7921,0.0
22:13:55,6368.85,6375.0,-170.3935,0.0
22:13:55,6368.85,6380.0,-158.4019,0.0
22:13:55,6368.85,6385.0,-73.1164,0.0
22:13:55,6368.85,6390.0,-127.3634,0.0
22:13:55,6368.85,6395.0,-71.0396,0.0
22:13:55,6368.85,6400.0,-462.0278,0.0
22:13:55,6368.85,6405.0,-42.6741,0.0
22:13:55,6368.85,6410.0,-42.3609,0.0
22:13:55,6368.85,6415.0,-17.4323,0.0
22:13:55,6368.85,6420.0,-94.9783,0.0
22:13:55,6368.85,6425.0,-80.0641,0.0
22:13:55,6368.85,6430.0,39.4818,0.0
22:13:55,6368.85,6435.0,-15.8232,0.0
22:13:55,6368.85,6440.0,-188.1426,0.0
22:16:05,6368.85,6295.0,-35.3533,0.0
22:16:05,6368.85,6300.0,-464.5075,0.0
22:16:05,6368.85,6305.0,-22.9469,0.0
22:16:05,6368.85,6310.0,-315.7645,0.0
22:16:05,6368.85,6315.0,-44.1697,0.0
22:16:05,6368.85,6320.0,-55.1607,0.0
22:16:05,6368.85,6325.0,-199.6208,0.0
22:16:05,6368.85,6330.0,-36.5612,0.0
22:16:05,6368.85,6335.0,-21.0407,0.0
22:16:05,6368.85,6340.0,-184.8503,0.0
22:16:05,6368.85,6345.0,-44.5628,0.0
22:16:05,6368.85,6350.0,-329.5677,0.0
22:16:05,6368.85,6355.0,-37.4837,0.0
22:16:05,6368.85,6360.0,-133.2233,0.0
22:16:05,6368.85,6365.0,-30.9297,0.0
22:16:05,6368.85,6370.0,-398.7921,0.0
22:16:05,6368.85,6375.0,-170.3935,0.0
22:16:05,6368.85,6380.0,-158.4019,0.0
22:16:05,6368.85,6385.0,-73.1164,0.0
22:16:05,6368.85,6390.0,-127.3634,0.0
22:16:05,6368.85,6395.0,-71.0396,0.0
22:16:05,6368.85,6400.0,-462.0278,0.0
22:16:05,6368.85,6405.0,-42.6741,0.0
22:16:05,6368.85,6410.0,-42.3609,0.0
22:16:05,6368.85,6415.0,-17.4323,0.0
22:16:05,6368.85,6420.0,-94.9783,0.0
22:16:05,6368.85,6425.0,-80.0641,0.0
22:16:05,6368.85,6430.0,39.4818,0.0
22:16:05,6368.85,6435.0,-15.8232,0.0
22:16:05,6368.85,6440.0,-188.1426,0.0
22:18:15,6368.85,6295.0,-35.3533,0.0
22:18:15,6368.85,6300.0,-464.5075,0.0
22:18:15,6368.85,6305.0,-22.9469,0.0
22:18:15,6368.85,6310.0,-315.7645,0.0
22:18:15,6368.85,6315.0,-44.1697,0.0
22:18:15,6368.85,6320.0,-55.1607,0.0
22:18:15,6368.85,6325.0,-199.6208,0.0
22:18:15,6368.85,6330.0,-36.5612,0.0
22:18:15,6368.85,6335.0,-21.0407,0.0
22:18:15,6368.85,6340.0,-184.8503,0.0
22:18:15,6368.85,6345.0,-44.5628,0.0
22:18:15,6368.85,6350.0,-329.5677,0.0
22:18:15,6368.85,6355.0,-37.4837,0.0
22:18:15,6368.85,6360.0,-133.2233,0.0
22:18:15,6368.85,6365.0,-30.9297,0.0
22:18:15,6368.85,6370.0,-398.7921,0.0
22:18:15,6368.85,6375.0,-170.3935,0.0
22:18:15,6368.85,6380.0,-158.4019,0.0
22:18:15,6368.85,6385.0,-73.1164,0.0
22:18:15,6368.85,6390.0,-127.3634,0.0
22:18:15,6368.85,6395.0,-71.0396,0.0
22:18:15,6368.85,6400.0,-462.0278,0.0
22:18:15,6368.85,6405.0,-42.6741,0.0
22:18:15,6368.85,6410.0,-42.3609,0.0
22:18:15,6368.85,6415.0,-17.4323,0.0
22:18:15,6368.85,6420.0,-94.9783,0.0
22:18:15,6368.85,6425.0,-80.0641,0.0
22:18:15,6368.85,6430.0,39.4818,0.0
22:18:15,6368.85,6435.0,-15.8232,0.0
22:18:15,6368.85,6440.0,-188.1426,0.0
22:20:25,6368.85,6295.0,-35.3533,0.0
22:20:25,6368.85,6300.0,-464.5075,0.0
22:20:25,6368.85,6305.0,-22.9469,0.0
22:20:25,6368.85,6310.0,-315.7645,0.0
22:20:25,6368.85,6315.0,-44.1697,0.0
22:20:25,6368.85,6320.0,-55.1607,0.0
22:20:25,6368.85,6325.0,-199.6208,0.0
22:20:25,6368.85,6330.0,-36.5612,0.0
22:20:25,6368.85,6335.0,-21.0407,0.0
22:20:25,6368.85,6340.0,-184.8503,0.0
22:20:25,6368.85,6345.0,-44.5628,0.0
22:20:25,6368.85,6350.0,-329.5677,0.0
22:20:25,6368.85,6355.0,-37.4837,0.0
22:20:25,6368.85,6360.0,-133.2233,0.0
22:20:25,6368.85,6365.0,-30.9297,0.0
22:20:25,6368.85,6370.0,-398.7921,0.0
22:20:25,6368.85,6375.0,-170.3935,0.0
22:20:25,6368.85,6380.0,-158.4019,0.0
22:20:25,6368.85,6385.0,-73.1164,0.0
22:20:25,6368.85,6390.0,-127.3634,0.0
22:20:25,6368.85,6395.0,-71.0396,0.0
22:20:25,6368.85,6400.0,-462.0278,0.0
22:20:25,6368.85,6405.0,-42.6741,0.0
22:20:25,6368.85,6410.0,-42.3609,0.0
22:20:25,6368.85,6415.0,-17.4323,0.0
22:20:25,6368.85,6420.0,-94.9783,0.0
22:20:25,6368.85,6425.0,-80.0641,0.0
22:20:25,6368.85,6430.0,39.4818,0.0
22:20:25,6368.85,6435.0,-15.8232,0.0
22:20:25,6368.85,6440.0,-188.1426,0.0
22:26:35,6368.85,6295.0,-35.3533,0.0
22:26:35,6368.85,6300.0,-464.5075,0.0
22:26:35,6368.85,6305.0,-22.9469,0.0
22:26:35,6368.85,6310.0,-315.7645,0.0
22:26:35,6368.85,6315.0,-44.1697,0.0
22:26:35,6368.85,6320.0,-55.1607,0.0
22:26:35,6368.85,6325.0,-199.6208,0.0
22:26:35,6368.85,6330.0,-36.5612,0.0
22:26:35,6368.85,6335.0,-21.0407,0.0
22:26:35,6368.85,6340.0,-184.8503,0.0
22:26:35,6368.85,6345.0,-44.5628,0.0
22:26:35,6368.85,6350.0,-329.5677,0.0
22:26:35,6368.85,6355.0,-37.4837,0.0
22:26:35,6368.85,6360.0,-133.2233,0.0
22:26:35,6368.85,6365.0,-30.9297,0.0
22:26:35,6368.85,6370.0,-398.7921,0.0
22:26:35,6368.85,6375.0,-170.3935,0.0
22:26:35,6368.85,6380.0,-158.4019,0.0
22:26:35,6368.85,6385.0,-73.1164,0.0
22:26:35,6368.85,6390.0,-127.3634,0.0
22:26:35,6368.85,6395.0,-71.0396,0.0
22:26:35,6368.85,6400.0,-462.0278,0.0
22:26:35,6368.85,6405.0,-42.6741,0.0
22:26:35,6368.85,6410.0,-42.3609,0.0
22:26:35,6368.85,6415.0,-17.4323,0.0
22:26:35,6368.85,6420.0,-94.9783,0.0
22:26:35,6368.85,6425.0,-80.0641,0.0
22:26:35,6368.85,6430.0,39.4818,0.0
22:26:35,6368.85,6435.0,-15.8232,0.0
22:26:35,6368.85,6440.0,-188.1426,0.0
22:28:45,6368.85,6295.0,-35.3533,0.0
22:28:45,6368.85,6300.0,-464.5075,0.0
22:28:45,6368.85,6305.0,-22.9469,0.0
22:28:45,6368.85,6310.0,-315.7645,0.0
22:28:45,6368.85,6315.0,-44.1697,0.0
22:28:45,6368.85,6320.0,-55.1607,0.0
22:28:45,6368.85,6325.0,-199.6208,0.0
22:28:45,6368.85,6330.0,-36.5612,0.0
22:28:45,6368.85,6335.0,-21.0407,0.0
22:28:45,6368.85,6340.0,-184.8503,0.0
22:28:45,6368.85,6345.0,-44.5628,0.0
22:28:45,6368.85,6350.0,-329.5677,0.0
22:28:45,6368.85,6355.0,-37.4837,0.0
22:28:45,6368.85,6360.0,-133.2233,0.0
22:28:45,6368.85,6365.0,-30.9297,0.0
22:28:45,6368.85,6370.0,-398.7921,0.0
22:28:45,6368.85,6375.0,-170.3935,0.0
22:28:45,6368.85,6380.0,-158.4019,0.0
22:28:45,6368.85,6385.0,-73.1164,0.0
22:28:45,6368.85,6390.0,-127.3634,0.0
22:28:45,6368.85,6395.0,-71.0396,0.0
22:28:45,6368.85,6400.0,-462.0278,0.0
22:28:45,6368.85,6405.0,-42.6741,0.0
22:28:45,6368.85,6410.0,-42.3609,0.0
22:28:45,6368.85,6415.0,-17.4323,0.0
22:28:45,6368.85,6420.0,-94.9783,0.0
22:28:45,6368.85,6425.0,-80.0641,0.0
22:28:45,6368.85,6430.0,39.4818,0.0
22:28:45,6368.85,6435.0,-15.8232,0.0
22:28:45,6368.85,6440.0,-188.1426,0.0
22:30:54,6368.85,6295.0,-35.3533,0.0
22:30:54,6368.85,6300.0,-464.5075,0.0
22:30:54,6368.85,6305.0,-22.9469,0.0
22:30:54,6368.85,6310.0,-315.7645,0.0
22:30:54,6368.85,6315.0,-44.1697,0.0
22:30:54,6368.85,6320.0,-55.1607,0.0
22:30:54,6368.85,6325.0,-199.6208,0.0
22:30:54,6368.85,6330.0,-36.5612,0.0
22:30:54,6368.85,6335.0,-21.0407,0.0
22:30:54,6368.85,6340.0,-184.8503,0.0
22:30:54,6368.85,6345.0,-44.5628,0.0
22:30:54,6368.85,6350.0,-329.5677,0.0
22:30:54,6368.85,6355.0,-37.4837,0.0
22:30:54,6368.85,6360.0,-133.2233,0.0
22:30:54,6368.85,6365.0,-30.9297,0.0
22:30:54,6368.85,6370.0,-398.7921,0.0
22:30:54,6368.85,6375.0,-170.3935,0.0
22:30:54,6368.85,6380.0,-158.4019,0.0
22:30:54,6368.85,6385.0,-73.1164,0.0
22:30:54,6368.85,6390.0,-127.3634,0.0
22:30:54,6368.85,6395.0,-71.0396,0.0
22:30:54,6368.85,6400.0,-462.0278,0.0
22:30:54,6368.85,6405.0,-42.6741,0.0
22:30:54,6368.85,6410.0,-42.3609,0.0
22:30:54,6368.85,6415.0,-17.4323,0.0
22:30:54,6368.85,6420.0,-94.9783,0.0
22:30:54,6368.85,6425.0,-80.0641,0.0
22:30:54,6368.85,6430.0,39.4818,0.0
22:30:54,6368.85,6435.0,-15.8232,0.0
22:30:54,6368.85,6440.0,-188.1426,0.0
22:33:04,6368.85,6295.0,-35.3533,0.0
22:33:04,6368.85,6300.0,-464.5075,0.0
22:33:04,6368.85,6305.0,-22.9469,0.0
22:33:04,6368.85,6310.0,-315.7645,0.0
22:33:04,6368.85,6315.0,-44.1697,0.0
22:33:04,6368.85,6320.0,-55.1607,0.0
22:33:04,6368.85,6325.0,-199.6208,0.0
22:33:04,6368.85,6330.0,-36.5612,0.0
22:33:04,6368.85,6335.0,-21.0407,0.0
22:33:04,6368.85,6340.0,-184.8503,0.0
22:33:04,6368.85,6345.0,-44.5628,0.0
22:33:04,6368.85,6350.0,-329.5677,0.0
22:33:04,6368.85,6355.0,-37.4837,0.0
22:33:04,6368.85,6360.0,-133.2233,0.0
22:33:04,6368.85,6365.0,-30.9297,0.0
22:33:04,6368.85,6370.0,-398.7921,0.0
22:33:04,6368.85,6375.0,-170.3935,0.0
22:33:04,6368.85,6380.0,-158.4019,0.0
22:33:04,6368.85,6385.0,-73.1164,0.0
22:33:04,6368.85,6390.0,-127.3634,0.0
22:33:04,6368.85,6395.0,-71.0396,0.0
22:33:04,6368.85,6400.0,-462.0278,0.0
22:33:04,6368.85,6405.0,-42.6741,0.0
22:33:04,6368.85,6410.0,-42.3609,0.0
22:33:04,6368.85,6415.0,-17.4323,0.0
22:33:04,6368.85,6420.0,-94.9783,0.0
22:33:04,6368.85,6425.0,-80.0641,0.0
22:33:04,6368.85,6430.0,39.4818,0.0
22:33:04,6368.85,6435.0,-15.8232,0.0
22:33:04,6368.85,6440.0,-188.1426,0.0
22:35:14,6368.85,6295.0,-35.3533,0.0
22:35:14,6368.85,6300.0,-464.5075,0.0
22:35:14,6368.85,6305.0,-22.9469,0.0
22:35:14,6368.85,6310.0,-315.7645,0.0
22:35:14,6368.85,6315.0,-44.1697,0.0
22:35:14,6368.85,6320.0,-55.1607,0.0
22:35:14,6368.85,6325.0,-199.6208,0.0
22:35:14,6368.85,6330.0,-36.5612,0.0
22:35:14,6368.85,6335.0,-21.0407,0.0
22:35:14,6368.85,6340.0,-184.8503,0.0
22:35:14,6368.85,6345.0,-44.5628,0.0
22:35:14,6368.85,6350.0,-329.5677,0.0
22:35:14,6368.85,6355.0,-37.4837,0.0
22:35:14,6368.85,6360.0,-133.2233,0.0
22:35:14,6368.85,6365.0,-30.9297,0.0
22:35:14,6368.85,6370.0,-398.7921,0.0
22:35:14,6368.85,6375.0,-170.3935,0.0
22:35:14,6368.85,6380.0,-158.4019,0.0
22:35:14,6368.85,6385.0,-73.1164,0.0
22:35:14,6368.85,6390.0,-127.3634,0.0
22:35:14,6368.85,6395.0,-71.0396,0.0
22:35:14,6368.85,6400.0,-462.0278,0.0
22:35:14,6368.85,6405.0,-42.6741,0.0
22:35:14,6368.85,6410.0,-42.3609,0.0
22:35:14,6368.85,6415.0,-17.4323,0.0
22:35:14,6368.85,6420.0,-94.9783,0.0
22:35:14,6368.85,6425.0,-80.0641,0.0
22:35:14,6368.85,6430.0,39.4818,0.0
22:35:14,6368.85,6435.0,-15.8232,0.0
22:35:14,6368.85,6440.0,-188.1426,0.0
22:37:24,6368.85,6295.0,-35.3533,0.0
22:37:24,6368.85,6300.0,-464.5075,0.0
22:37:24,6368.85,6305.0,-22.9469,0.0
22:37:24,6368.85,6310.0,-315.7645,0.0
22:37:24,6368.85,6315.0,-44.1697,0.0
22:37:24,6368.85,6320.0,-55.1607,0.0
22:37:24,6368.85,6325.0,-199.6208,0.0
22:37:24,6368.85,6330.0,-36.5612,0.0
22:37:24,6368.85,6335.0,-21.0407,0.0
22:37:24,6368.85,6340.0,-184.8503,0.0
22:37:24,6368.85,6345.0,-44.5628,0.0
22:37:24,6368.85,6350.0,-329.5677,0.0
22:37:24,6368.85,6355.0,-37.4837,0.0
22:37:24,6368.85,6360.0,-133.2233,0.0
22:37:24,6368.85,6365.0,-30.9297,0.0
22:37:24,6368.85,6370.0,-398.7921,0.0
22:37:24,6368.85,6375.0,-170.3935,0.0
22:37:24,6368.85,6380.0,-158.4019,0.0
22:37:24,6368.85,6385.0,-73.1164,0.0
22:37:24,6368.85,6390.0,-127.3634,0.0
22:37:24,6368.85,6395.0,-71.0396,0.0
22:37:24,6368.85,6400.0,-462.0278,0.0
22:37:24,6368.85,6405.0,-42.6741,0.0
22:37:24,6368.85,6410.0,-42.3609,0.0
22:37:24,6368.85,6415.0,-17.4323,0.0
22:37:24,6368.85,6420.0,-94.9783,0.0
22:37:24,6368.85,6425.0,-80.0641,0.0
22:37:24,6368.85,6430.0,39.4818,0.0
22:37:24,6368.85,6435.0,-15.8232,0.0
22:37:24,6368.85,6440.0,-188.1426,0.0
22:39:33,6368.85,6295.0,-35.3533,0.0
22:39:33,6368.85,6300.0,-464.5075,0.0
22:39:33,6368.85,6305.0,-22.9469,0.0
22:39:33,6368.85,6310.0,-315.7645,0.0
22:39:33,6368.85,6315.0,-44.1697,0.0
22:39:33,6368.85,6320.0,-55.1607,0.0
22:39:33,6368.85,6325.0,-199.6208,0.0
22:39:33,6368.85,6330.0,-36.5612,0.0
22:39:33,6368.85,6335.0,-21.0407,0.0
22:39:33,6368.85,6340.0,-184.8503,0.0
22:39:33,6368.85,6345.0,-44.5628,0.0
22:39:33,6368.85,6350.0,-329.5677,0.0
22:39:33,6368.85,6355.0,-37.4837,0.0
22:39:33,6368.85,6360.0,-133.2233,0.0
22:39:33,6368.85,6365.0,-30.9297,0.0
22:39:33,6368.85,6370.0,-398.7921,0.0
22:39:33,6368.85,6375.0,-170.3935,0.0
22:39:33,6368.85,6380.0,-158.4019,0.0
22:39:33,6368.85,6385.0,-73.1164,0.0
22:39:33,6368.85,6390.0,-127.3634,0.0
22:39:33,6368.85,6395.0,-71.0396,0.0
22:39:33,6368.85,6400.0,-462.0278,0.0
22:39:33,6368.85,6405.0,-42.6741,0.0
22:39:33,6368.85,6410.0,-42.3609,0.0
22:39:33,6368.85,6415.0,-17.4323,0.0
22:39:33,6368.85,6420.0,-94.9783,0.0
22:39:33,6368.85,6425.0,-80.0641,0.0
22:39:33,6368.85,6430.0,39.4818,0.0
22:39:33,6368.85,6435.0,-15.8232,0.0
22:39:33,6368.85,6440.0,-188.1426,0.0
22:41:43,6368.85,6295.0,-35.3533,0.0
22:41:43,6368.85,6300.0,-464.5075,0.0
22:41:43,6368.85,6305.0,-22.9469,0.0
22:41:43,6368.85,6310.0,-315.7645,0.0
22:41:43,6368.85,6315.0,-44.1697,0.0
22:41:43,6368.85,6320.0,-55.1607,0.0
22:41:43,6368.85,6325.0,-199.6208,0.0
22:41:43,6368.85,6330.0,-36.5612,0.0
22:41:43,6368.85,6335.0,-21.0407,0.0
22:41:43,6368.85,6340.0,-184.8503,0.0
22:41:43,6368.85,6345.0,-44.5628,0.0
22:41:43,6368.85,6350.0,-329.5677,0.0
22:41:43,6368.85,6355.0,-37.4837,0.0
22:41:43,6368.85,6360.0,-133.2233,0.0
22:41:43,6368.85,6365.0,-30.9297,0.0
22:41:43,6368.85,6370.0,-398.7921,0.0
22:41:43,6368.85,6375.0,-170.3935,0.0
22:41:43,6368.85,6380.0,-158.4019,0.0
22:41:43,6368.85,6385.0,-73.1164,0.0
22:41:43,6368.85,6390.0,-127.3634,0.0
22:41:43,6368.85,6395.0,-71.0396,0.0
22:41:43,6368.85,6400.0,-462.0278,0.0
22:41:43,6368.85,6405.0,-42.6741,0.0
22:41:43,6368.85,6410.0,-42.3609,0.0
22:41:43,6368.85,6415.0,-17.4323,0.0
22:41:43,6368.85,6420.0,-94.9783,0.0
22:41:43,6368.85,6425.0,-80.0641,0.0
22:41:43,6368.85,6430.0,39.4818,0.0
22:41:43,6368.85,6435.0,-15.8232,0.0
22:41:43,6368.85,6440.0,-188.1426,0.0
22:43:53,6368.85,6295.0,-35.3533,0.0
22:43:53,6368.85,6300.0,-464.5075,0.0
22:43:53,6368.85,6305.0,-22.9469,0.0
22:43:53,6368.85,6310.0,-315.7645,0.0
22:43:53,6368.85,6315.0,-44.1697,0.0
22:43:53,6368.85,6320.0,-55.1607,0.0
22:43:53,6368.85,6325.0,-199.6208,0.0
22:43:53,6368.85,6330.0,-36.5612,0.0
22:43:53,6368.85,6335.0,-21.0407,0.0
22:43:53,6368.85,6340.0,-184.8503,0.0
22:43:53,6368.85,6345.0,-44.5628,0.0
22:43:53,6368.85,6350.0,-329.5677,0.0
22:43:53,6368.85,6355.0,-37.4837,0.0
22:43:53,6368.85,6360.0,-133.2233,0.0
22:43:53,6368.85,6365.0,-30.9297,0.0
22:43:53,6368.85,6370.0,-398.7921,0.0
22:43:53,6368.85,6375.0,-170.3935,0.0
22:43:53,6368.85,6380.0,-158.4019,0.0
22:43:53,6368.85,6385.0,-73.1164,0.0
22:43:53,6368.85,6390.0,-127.3634,0.0
22:43:53,6368.85,6395.0,-71.0396,0.0
22:43:53,6368.85,6400.0,-462.0278,0.0
22:43:53,6368.85,6405.0,-42.6741,0.0
22:43:53,6368.85,6410.0,-42.3609,0.0
22:43:53,6368.85,6415.0,-17.4323,0.0
22:43:53,6368.85,6420.0,-94.9783,0.0
22:43:53,6368.85,6425.0,-80.0641,0.0
22:43:53,6368.85,6430.0,39.4818,0.0
22:43:53,6368.85,6435.0,-15.8232,0.0
22:43:53,6368.85,6440.0,-188.1426,0.0
22:46:02,6368.85,6295.0,-35.3533,0.0
22:46:02,6368.85,6300.0,-464.5075,0.0
22:46:02,6368.85,6305.0,-22.9469,0.0
22:46:02,6368.85,6310.0,-315.7645,0.0
22:46:02,6368.85,6315.0,-44.1697,0.0
22:46:02,6368.85,6320.0,-55.1607,0.0
22:46:02,6368.85,6325.0,-199.6208,0.0
22:46:02,6368.85,6330.0,-36.5612,0.0
22:46:02,6368.85,6335.0,-21.0407,0.0
22:46:02,6368.85,6340.0,-184.8503,0.0
22:46:02,6368.85,6345.0,-44.5628,0.0
22:46:02,6368.85,6350.0,-329.5677,0.0
22:46:02,6368.85,6355.0,-37.4837,0.0
22:46:02,6368.85,6360.0,-133.2233,0.0
22:46:02,6368.85,6365.0,-30.9297,0.0
22:46:02,6368.85,6370.0,-398.7921,0.0
22:46:02,6368.85,6375.0,-170.3935,0.0
22:46:02,6368.85,6380.0,-158.4019,0.0
22:46:02,6368.85,6385.0,-73.1164,0.0
22:46:02,6368.85,6390.0,-127.3634,0.0
22:46:02,6368.85,6395.0,-71.0396,0.0
22:46:02,6368.85,6400.0,-462.0278,0.0
22:46:02,6368.85,6405.0,-42.6741,0.0
22:46:02,6368.85,6410.0,-42.3609,0.0
22:46:02,6368.85,6415.0,-17.4323,0.0
22:46:02,6368.85,6420.0,-94.9783,0.0
22:46:02,6368.85,6425.0,-80.0641,0.0
22:46:02,6368.85,6430.0,39.4818,0.0
22:46:02,6368.85,6435.0,-15.8232,0.0
22:46:02,6368.85,6440.0,-188.1426,0.0
22:48:12,6368.85,6295.0,-35.3533,0.0
22:48:12,6368.85,6300.0,-464.5075,0.0
22:48:12,6368.85,6305.0,-22.9469,0.0
22:48:12,6368.85,6310.0,-315.7645,0.0
22:48:12,6368.85,6315.0,-44.1697,0.0
22:48:12,6368.85,6320.0,-55.1607,0.0
22:48:12,6368.85,6325.0,-199.6208,0.0
22:48:12,6368.85,6330.0,-36.5612,0.0
22:48:12,6368.85,6335.0,-21.0407,0.0
22:48:12,6368.85,6340.0,-184.8503,0.0
22:48:12,6368.85,6345.0,-44.5628,0.0
22:48:12,6368.85,6350.0,-329.5677,0.0
22:48:12,6368.85,6355.0,-37.4837,0.0
22:48:12,6368.85,6360.0,-133.2233,0.0
22:48:12,6368.85,6365.0,-30.9297,0.0
22:48:12,6368.85,6370.0,-398.7921,0.0
22:48:12,6368.85,6375.0,-170.3935,0.0
22:48:12,6368.85,6380.0,-158.4019,0.0
22:48:12,6368.85,6385.0,-73.1164,0.0
22:48:12,6368.85,6390.0,-127.3634,0.0
22:48:12,6368.85,6395.0,-71.0396,0.0
22:48:12,6368.85,6400.0,-462.0278,0.0
22:48:12,6368.85,6405.0,-42.6741,0.0
22:48:12,6368.85,6410.0,-42.3609,0.0
22:48:12,6368.85,6415.0,-17.4323,0.0
22:48:12,6368.85,6420.0,-94.9783,0.0
22:48:12,6368.85,6425.0,-80.0641,0.0
22:48:12,6368.85,6430.0,39.4818,0.0
22:48:12,6368.85,6435.0,-15.8232,0.0
22:48:12,6368.85,6440.0,-188.1426,0.0
22:50:22,6368.85,6295.0,-35.3533,0.0
22:50:22,6368.85,6300.0,-464.5075,0.0
22:50:22,6368.85,6305.0,-22.9469,0.0
22:50:22,6368.85,6310.0,-315.7645,0.0
22:50:22,6368.85,6315.0,-44.1697,0.0
22:50:22,6368.85,6320.0,-55.1607,0.0
22:50:22,6368.85,6325.0,-199.6208,0.0
22:50:22,6368.85,6330.0,-36.5612,0.0
22:50:22,6368.85,6335.0,-21.0407,0.0
22:50:22,6368.85,6340.0,-184.8503,0.0
22:50:22,6368.85,6345.0,-44.5628,0.0
22:50:22,6368.85,6350.0,-329.5677,0.0
22:50:22,6368.85,6355.0,-37.4837,0.0
22:50:22,6368.85,6360.0,-133.2233,0.0
22:50:22,6368.85,6365.0,-30.9297,0.0
22:50:22,6368.85,6370.0,-398.7921,0.0
22:50:22,6368.85,6375.0,-170.3935,0.0
22:50:22,6368.85,6380.0,-158.4019,0.0
22:50:22,6368.85,6385.0,-73.1164,0.0
22:50:22,6368.85,6390.0,-127.3634,0.0
22:50:22,6368.85,6395.0,-71.0396,0.0
22:50:22,6368.85,6400.0,-462.0278,0.0
22:50:22,6368.85,6405.0,-42.6741,0.0
22:50:22,6368.85,6410.0,-42.3609,0.0
22:50:22,6368.85,6415.0,-17.4323,0.0
22:50:22,6368.85,6420.0,-94.9783,0.0
22:50:22,6368.85,6425.0,-80.0641,0.0
22:50:22,6368.85,6430.0,39.4818,0.0
22:50:22,6368.85,6435.0,-15.8232,0.0
22:50:22,6368.85,6440.0,-188.1426,0.0
22:52:31,6368.85,6295.0,-35.3533,0.0
22:52:31,6368.85,6300.0,-464.5075,0.0
22:52:31,6368.85,6305.0,-22.9469,0.0
22:52:31,6368.85,6310.0,-315.7645,0.0
22:52:31,6368.85,6315.0,-44.1697,0.0
22:52:31,6368.85,6320.0,-55.1607,0.0
22:52:31,6368.85,6325.0,-199.6208,0.0
22:52:31,6368.85,6330.0,-36.5612,0.0
22:52:31,6368.85,6335.0,-21.0407,0.0
22:52:31,6368.85,6340.0,-184.8503,0.0
22:52:31,6368.85,6345.0,-44.5628,0.0
22:52:31,6368.85,6350.0,-329.5677,0.0
22:52:31,6368.85,6355.0,-37.4837,0.0
22:52:31,6368.85,6360.0,-133.2233,0.0
22:52:31,6368.85,6365.0,-30.9297,0.0
22:52:31,6368.85,6370.0,-398.7921,0.0
22:52:31,6368.85,6375.0,-170.3935,0.0
22:52:31,6368.85,6380.0,-158.4019,0.0
22:52:31,6368.85,6385.0,-73.1164,0.0
22:52:31,6368.85,6390.0,-127.3634,0.0
22:52:31,6368.85,6395.0,-71.0396,0.0
22:52:31,6368.85,6400.0,-462.0278,0.0
22:52:31,6368.85,6405.0,-42.6741,0.0
22:52:31,6368.85,6410.0,-42.3609,0.0
22:52:31,6368.85,6415.0,-17.4323,0.0
22:52:31,6368.85,6420.0,-94.9783,0.0
22:52:31,6368.85,6425.0,-80.0641,0.0
22:52:31,6368.85,6430.0,39.4818,0.0
22:52:31,6368.85,6435.0,-15.8232,0.0
22:52:31,6368.85,6440.0,-188.1426,0.0
22:54:44,6368.85,6295.0,-35.3533,0.0
22:54:44,6368.85,6300.0,-464.5075,0.0
22:54:44,6368.85,6305.0,-22.9469,0.0
22:54:44,6368.85,6310.0,-315.7645,0.0
22:54:44,6368.85,6315.0,-44.1697,0.0
22:54:44,6368.85,6320.0,-55.1607,0.0
22:54:44,6368.85,6325.0,-199.6208,0.0
22:54:44,6368.85,6330.0,-36.5612,0.0
22:54:44,6368.85,6335.0,-21.0407,0.0
22:54:44,6368.85,6340.0,-184.8503,0.0
22:54:44,6368.85,6345.0,-44.5628,0.0
22:54:44,6368.85,6350.0,-329.5677,0.0
22:54:44,6368.85,6355.0,-37.4837,0.0
22:54:44,6368.85,6360.0,-133.2233,0.0
22:54:44,6368.85,6365.0,-30.9297,0.0
22:54:44,6368.85,6370.0,-398.7921,0.0
22:54:44,6368.85,6375.0,-170.3935,0.0
22:54:44,6368.85,6380.0,-158.4019,0.0
22:54:44,6368.85,6385.0,-73.1164,0.0
22:54:44,6368.85,6390.0,-127.3634,0.0
22:54:44,6368.85,6395.0,-71.0396,0.0
22:54:44,6368.85,6400.0,-462.0278,0.0
22:54:44,6368.85,6405.0,-42.6741,0.0
22:54:44,6368.85,6410.0,-42.3609,0.0
22:54:44,6368.85,6415.0,-17.4323,0.0
22:54:44,6368.85,6420.0,-94.9783,0.0
22:54:44,6368.85,6425.0,-80.0641,0.0
22:54:44,6368.85,6430.0,39.4818,0.0
22:54:44,6368.85,6435.0,-15.8232,0.0
22:54:44,6368.85,6440.0,-188.1426,0.0
